lap_Time,lap_Driver,lap_DriverNumber,lap_LapTime,lap_LapNumber,lap_Stint,lap_PitOutTime,lap_PitInTime,lap_Sector1Time,lap_Sector2Time,lap_Sector3Time,lap_Sector1SessionTime,lap_Sector2SessionTime,lap_Sector3SessionTime,lap_SpeedI1,lap_SpeedI2,lap_SpeedFL,lap_SpeedST,lap_IsPersonalBest,lap_Compound,lap_TyreLife,lap_FreshTyre,lap_Team,lap_LapStartTime,lap_LapStartDate,lap_TrackStatus,lap_Position,lap_Deleted,lap_DeletedReason,lap_FastF1Generated,lap_IsAccurate,weather_Time,weather_AirTemp,weather_Humidity,weather_Pressure,weather_Rainfall,weather_TrackTemp,weather_WindDirection,weather_WindSpeed,year,round_no,session_type,meeting_name,circuit_name,sched_laps,grid_position,finish_position,finish_status,min_dist,lap_length,quali_session
869.386,HAM,44,,1.0,1.0,753.659,,,33.565,41.018,,828.386,869.652,257.0,271.0,242.0,177.0,False,SOFT,1.0,True,Mercedes,753.659,2021-10-09 12:00:27.702,1,,False,,False,False,765.661,18.4,82.3,1004.4,False,22.9,102,0.7,2021,16,Q,Turkish Grand Prix,Istanbul,,,1.0,,10000,4887.768055555556,1
961.027,HAM,44,91.641,2.0,1.0,,,37.16,30.761,23.72,906.546,937.307,961.027,274.0,291.0,251.0,309.0,False,SOFT,2.0,True,Mercedes,869.386,2021-10-09 12:02:23.429,12,,True,TRACK LIMITS AT TURN 1,False,True,885.654,18.4,82.0,1004.3,False,23.0,93,0.7,2021,16,Q,Turkish Grand Prix,Istanbul,,,1.0,,10000,5266.383888888886,1
1048.112,HAM,44,87.085,3.0,1.0,,,33.55,30.158,23.377,994.577,1024.735,1048.112,272.0,293.0,251.0,315.0,True,SOFT,3.0,True,Mercedes,961.027,2021-10-09 12:03:55.070,1,,False,,False,True,1005.657,18.4,82.5,1004.5,False,22.8,116,0.7,2021,16,Q,Turkish Grand Prix,Istanbul,,,1.0,,10000,5237.504999999998,1
1134.632,HAM,44,86.52,4.0,1.0,,,32.774,30.207,23.539,1080.886,1111.093,1134.632,271.0,296.0,253.0,319.0,True,SOFT,4.0,True,Mercedes,1048.112,2021-10-09 12:05:22.155,1,,False,,False,True,1065.656,18.5,82.6,1004.5,False,22.7,198,0.3,2021,16,Q,Turkish Grand Prix,Istanbul,,,1.0,,10000,5236.779166666668,1
1244.459,HAM,44,109.827,5.0,1.0,,,37.301,44.169,28.357,1171.933,1216.102,1244.459,209.0,217.0,251.0,289.0,False,SOFT,5.0,True,Mercedes,1134.632,2021-10-09 12:06:48.675,12,,False,,False,True,1185.671,18.5,82.7,1004.5,True,22.5,0,0.1,2021,16,Q,Turkish Grand Prix,Istanbul,,,1.0,,10000,5231.417499999998,1
1342.535,HAM,44,98.076,6.0,1.0,,,38.339,34.138,25.599,1282.798,1316.936,1342.535,259.0,273.0,253.0,280.0,False,SOFT,6.0,True,Mercedes,1244.459,2021-10-09 12:08:38.502,12,,True,TRACK LIMITS AT TURN 1,False,True,1245.693,18.5,81.5,1004.6,True,22.5,188,0.2,2021,16,Q,Turkish Grand Prix,Istanbul,,,1.0,,10000,5242.922499999999,1
1439.09,HAM,44,96.555,7.0,1.0,,,36.173,34.185,26.197,1378.708,1412.893,1439.09,263.0,273.0,253.0,233.0,False,SOFT,7.0,True,Mercedes,1342.535,2021-10-09 12:10:16.578,21,,False,,False,True,1365.701,18.5,82.0,1004.7,True,22.6,0,0.2,2021,16,Q,Turkish Grand Prix,Istanbul,,,1.0,,10000,5243.196666666668,1
1524.14,HAM,44,85.05,8.0,1.0,,,32.342,29.683,23.025,1471.432,1501.115,1524.14,281.0,294.0,251.0,322.0,True,SOFT,8.0,True,Mercedes,1439.09,2021-10-09 12:11:53.133,1,,False,,False,True,1485.703,18.5,81.0,1004.6,True,22.7,30,0.2,2021,16,Q,Turkish Grand Prix,Istanbul,,,1.0,,10000,5249.23277777778,1
1630.156,HAM,44,106.016,9.0,1.0,,,38.993,40.116,26.907,1563.133,1603.249,1630.156,123.0,272.0,254.0,259.0,False,SOFT,9.0,True,Mercedes,1524.14,2021-10-09 12:13:18.183,1,,False,,False,True,1545.702,18.4,81.0,1004.7,True,22.5,111,0.2,2021,16,Q,Turkish Grand Prix,Istanbul,,,1.0,,10000,5239.8711111111115,1
1714.741,HAM,44,84.585,10.0,1.0,,,31.976,29.614,22.995,1662.132,1691.746,1714.741,280.0,294.0,252.0,324.0,True,SOFT,10.0,True,Mercedes,1630.156,2021-10-09 12:15:04.199,1,,False,,False,True,1665.704,18.4,80.9,1004.6,True,22.0,173,0.3,2021,16,Q,Turkish Grand Prix,Istanbul,,,1.0,,10000,5236.261111111111,1
1817.956,HAM,44,103.215,11.0,1.0,,1816.805,39.953,36.009,27.253,1754.694,1790.703,1817.956,232.0,276.0,,277.0,False,SOFT,11.0,True,Mercedes,1714.741,2021-10-09 12:16:28.784,1,,False,,False,False,1725.706,18.4,80.8,1004.7,True,21.9,103,0.3,2021,16,Q,Turkish Grand Prix,Istanbul,,,1.0,,10000,5204.538055555557,1
2333.434,HAM,44,,12.0,2.0,2238.913,,,33.3,26.575,,2306.859,2333.447,260.0,271.0,251.0,231.0,False,MEDIUM,1.0,True,Mercedes,1817.956,2021-10-09 12:18:11.999,1,,False,,False,False,1845.752,18.3,80.9,1004.6,True,22.0,135,0.2,2021,16,Q,Turkish Grand Prix,Istanbul,,,1.0,,10000,5220.1380555555525,2
2423.121,HAM,44,89.687,13.0,2.0,,,33.376,32.067,24.244,2366.81,2398.877,2423.121,259.0,272.0,247.0,301.0,True,MEDIUM,2.0,True,Mercedes,2333.434,2021-10-09 12:26:47.477,12,,False,,False,True,2385.78,18.3,80.7,1004.6,False,21.6,84,0.6,2021,16,Q,Turkish Grand Prix,Istanbul,,,1.0,,10000,5243.701944444446,2
2514.503,HAM,44,91.382,14.0,2.0,,,33.939,31.935,25.508,2457.06,2488.995,2514.503,267.0,274.0,255.0,282.0,False,MEDIUM,3.0,True,Mercedes,2423.121,2021-10-09 12:28:17.164,21,,False,,False,True,2445.781,18.3,80.7,1004.8,False,21.5,84,0.6,2021,16,Q,Turkish Grand Prix,Istanbul,,,1.0,,10000,5258.76305555555,2
2598.098,HAM,44,83.595,15.0,2.0,,,31.505,29.402,22.688,2546.008,2575.41,2598.098,281.0,295.0,252.0,322.0,True,MEDIUM,4.0,True,Mercedes,2514.503,2021-10-09 12:29:48.546,1,,False,,False,True,2565.798,18.2,81.2,1004.6,False,21.9,108,0.5,2021,16,Q,Turkish Grand Prix,Istanbul,,,1.0,,10000,5240.644999999995,2
2690.077,HAM,44,91.979,16.0,2.0,,2689.41,34.345,31.967,25.667,2632.443,2664.41,2690.077,255.0,274.0,,253.0,False,MEDIUM,5.0,True,Mercedes,2598.098,2021-10-09 12:31:12.141,1,,False,,False,False,2625.827,18.2,81.2,1004.6,False,21.9,108,0.5,2021,16,Q,Turkish Grand Prix,Istanbul,,,1.0,,10000,5193.974444444445,2
2900.015,HAM,44,,17.0,3.0,2808.38,,,33.566,25.674,,2874.373,2900.071,262.0,271.0,254.0,286.0,False,MEDIUM,1.0,True,Mercedes,2690.077,2021-10-09 12:32:44.120,12,,False,,False,False,2745.831,18.5,80.9,1004.6,False,22.6,0,0.1,2021,16,Q,Turkish Grand Prix,Istanbul,,,1.0,,10000,5256.876388888885,2
2989.773,HAM,44,89.758,18.0,3.0,,,33.122,31.617,25.019,2933.137,2964.754,2989.773,,274.0,254.0,289.0,False,MEDIUM,2.0,True,Mercedes,2900.015,2021-10-09 12:36:14.058,1,,False,,False,True,2925.852,18.5,79.8,1004.6,False,22.5,114,0.4,2021,16,Q,Turkish Grand Prix,Istanbul,,,1.0,,10000,5252.746944444448,2
3072.855,HAM,44,83.082,19.0,3.0,,,31.129,29.329,22.624,3020.902,3050.231,3072.855,281.0,296.0,251.0,327.0,True,MEDIUM,3.0,True,Mercedes,2989.773,2021-10-09 12:37:43.816,12,,False,,False,True,3045.844,18.4,80.6,1004.7,False,22.7,121,0.6,2021,16,Q,Turkish Grand Prix,Istanbul,,,1.0,,10000,5254.08361111111,2
3167.668,HAM,44,94.813,20.0,3.0,,3167.112,31.448,35.77,27.595,3104.303,3140.073,3167.668,272.0,264.0,,178.0,False,MEDIUM,4.0,True,Mercedes,3072.855,2021-10-09 12:39:06.898,1,,False,,False,False,3105.844,18.4,80.4,1004.6,False,22.7,109,0.5,2021,16,Q,Turkish Grand Prix,Istanbul,,,1.0,,10000,5200.089444444446,2
3702.412,HAM,44,,21.0,4.0,3610.483,,,32.57,26.684,,3675.757,3702.434,261.0,207.0,254.0,269.0,False,SOFT,1.0,True,Mercedes,3167.668,2021-10-09 12:40:41.711,1,,False,,False,False,3225.874,18.4,81.7,1004.7,False,22.8,130,0.3,2021,16,Q,Turkish Grand Prix,Istanbul,,,1.0,,10000,5264.993055555561,3
3785.505,HAM,44,83.093,22.0,4.0,,,31.011,29.288,22.794,3733.423,3762.711,3785.505,280.0,295.0,251.0,321.0,True,SOFT,2.0,True,Mercedes,3702.412,2021-10-09 12:49:36.455,1,,False,,False,True,3705.906,18.4,81.5,1004.7,False,23.3,92,0.6,2021,16,Q,Turkish Grand Prix,Istanbul,,,1.0,,10000,5243.086944444438,3
3879.964,HAM,44,94.459,23.0,4.0,,3879.265,34.862,33.769,25.828,3820.367,3854.136,3879.964,255.0,275.0,,261.0,False,SOFT,3.0,True,Mercedes,3785.505,2021-10-09 12:50:59.548,1,,False,,False,False,3825.907,18.4,81.8,1004.6,False,23.7,133,0.7,2021,16,Q,Turkish Grand Prix,Istanbul,,,1.0,,10000,5192.558333333332,3
4107.228,HAM,44,,24.0,5.0,4019.198,,,32.513,24.971,,4082.327,4107.302,265.0,272.0,253.0,275.0,False,SOFT,1.0,True,Mercedes,3879.964,2021-10-09 12:52:34.007,1,,False,,False,False,3885.899,18.3,81.9,1004.7,False,23.9,91,0.6,2021,16,Q,Turkish Grand Prix,Istanbul,,,1.0,,10000,5254.33,3
4190.096,HAM,44,82.868,25.0,5.0,,,30.738,29.262,22.868,4137.966,4167.228,4190.096,279.0,295.0,252.0,321.0,True,SOFT,2.0,True,Mercedes,4107.228,2021-10-09 12:56:21.271,1,,False,,False,True,4125.91,18.3,82.2,1004.7,False,23.5,119,0.7,2021,16,Q,Turkish Grand Prix,Istanbul,,,1.0,,10000,5253.130833333332,3
4294.506,HAM,44,104.41,26.0,5.0,,,39.216,36.998,28.196,4229.312,4266.31,4294.506,155.0,269.0,255.0,205.0,False,SOFT,3.0,True,Mercedes,4190.096,2021-10-09 12:57:44.139,1,,False,,False,True,4245.906,18.3,82.5,1004.7,False,23.8,95,0.8,2021,16,Q,Turkish Grand Prix,Istanbul,,,1.0,,10000,5231.543055555554,3
4377.671,HAM,44,83.165,27.0,5.0,,,30.683,29.516,22.966,4325.189,4354.705,4377.671,281.0,292.0,251.0,323.0,False,SOFT,4.0,True,Mercedes,4294.506,2021-10-09 12:59:28.549,1,,False,,False,True,4305.905,18.3,82.6,1004.7,False,23.8,320,0.4,2021,16,Q,Turkish Grand Prix,Istanbul,,,1.0,,10000,5245.919999999997,3
4494.581,HAM,44,116.91,28.0,5.0,,4493.343,42.928,37.771,36.211,4420.599,4458.37,4494.581,216.0,226.0,,213.0,False,SOFT,5.0,True,Mercedes,4377.671,2021-10-09 13:00:51.714,1,,False,,False,False,4425.906,18.4,82.5,1004.8,False,23.4,227,0.1,2021,16,Q,Turkish Grand Prix,Istanbul,,,1.0,,10000,5203.2625,3
887.909,BOT,77,,1.0,1.0,756.563,,,34.033,55.711,,832.215,888.178,257.0,278.0,247.0,200.0,False,SOFT,1.0,True,Mercedes,756.563,2021-10-09 12:00:30.606,1,,False,,False,False,765.661,18.4,82.3,1004.4,False,22.9,102,0.7,2021,16,Q,Turkish Grand Prix,Istanbul,,,2.0,,10000,4880.206666666647,1
990.139,BOT,77,102.23,2.0,1.0,,,41.937,33.648,26.645,929.846,963.494,990.139,261.0,228.0,253.0,249.0,True,SOFT,2.0,True,Mercedes,887.909,2021-10-09 12:02:41.952,12,,False,,False,True,945.656,18.4,82.0,1004.3,False,23.0,85,0.7,2021,16,Q,Turkish Grand Prix,Istanbul,,,2.0,,10000,5265.242222222221,1
1077.312,BOT,77,87.173,3.0,1.0,,,33.29,30.51,23.373,1023.429,1053.939,1077.312,281.0,293.0,252.0,321.0,True,SOFT,3.0,True,Mercedes,990.139,2021-10-09 12:04:24.182,1,,False,,False,True,1005.657,18.4,82.5,1004.5,False,22.8,116,0.7,2021,16,Q,Turkish Grand Prix,Istanbul,,,2.0,,10000,5247.6375,1
1163.225,BOT,77,85.913,4.0,1.0,,,32.232,30.2,23.481,1109.544,1139.744,1163.225,272.0,293.0,251.0,315.0,True,SOFT,4.0,True,Mercedes,1077.312,2021-10-09 12:05:51.355,1,,False,,False,True,1125.658,18.5,81.9,1004.5,False,22.7,0,0.2,2021,16,Q,Turkish Grand Prix,Istanbul,,,2.0,,10000,5251.118888888893,1
1248.958,BOT,77,85.733,5.0,1.0,,,32.18,30.185,23.368,1195.405,1225.59,1248.958,271.0,294.0,251.0,315.0,True,SOFT,5.0,True,Mercedes,1163.225,2021-10-09 12:07:17.268,12,,False,,False,True,1185.671,18.5,82.7,1004.5,True,22.5,0,0.1,2021,16,Q,Turkish Grand Prix,Istanbul,,,2.0,,10000,5244.9494444444435,1
1359.686,BOT,77,110.728,6.0,1.0,,,41.925,37.833,30.97,1290.883,1328.716,1359.686,120.0,272.0,247.0,218.0,False,SOFT,6.0,True,Mercedes,1248.958,2021-10-09 12:08:43.001,12,,False,,False,True,1305.703,18.6,81.3,1004.6,True,22.4,0,0.1,2021,16,Q,Turkish Grand Prix,Istanbul,,,2.0,,10000,5257.963055555554,1
1458.964,BOT,77,99.278,7.0,1.0,,,37.063,35.203,27.012,1396.749,1431.952,1458.964,263.0,261.0,252.0,250.0,False,SOFT,7.0,True,Mercedes,1359.686,2021-10-09 12:10:33.729,1,,False,,False,True,1365.701,18.5,82.0,1004.7,True,22.6,0,0.2,2021,16,Q,Turkish Grand Prix,Istanbul,,,2.0,,10000,5268.631666666672,1
1544.102,BOT,77,85.138,8.0,1.0,,,31.964,29.881,23.293,1490.928,1520.809,1544.102,280.0,294.0,256.0,325.0,True,SOFT,8.0,True,Mercedes,1458.964,2021-10-09 12:12:13.007,1,,False,,False,True,1485.703,18.5,81.0,1004.6,True,22.7,30,0.2,2021,16,Q,Turkish Grand Prix,Istanbul,,,2.0,,10000,5248.105833333338,1
1661.619,BOT,77,117.517,9.0,1.0,,,48.808,38.874,29.835,1592.91,1631.784,1661.619,56.0,276.0,253.0,214.0,False,SOFT,9.0,True,Mercedes,1544.102,2021-10-09 12:13:38.145,1,,False,,False,True,1545.702,18.4,81.0,1004.7,True,22.5,111,0.2,2021,16,Q,Turkish Grand Prix,Istanbul,,,2.0,,10000,5251.226666666663,1
1746.666,BOT,77,85.047,10.0,1.0,,,31.946,29.84,23.261,1693.565,1723.405,1746.666,283.0,295.0,250.0,326.0,True,SOFT,10.0,True,Mercedes,1661.619,2021-10-09 12:15:35.662,1,,False,,False,True,1665.704,18.4,80.9,1004.6,True,22.0,173,0.3,2021,16,Q,Turkish Grand Prix,Istanbul,,,2.0,,10000,5248.943055555557,1
1855.153,BOT,77,108.487,11.0,1.0,,1854.56,38.804,40.706,28.977,1785.47,1826.176,1855.153,90.0,276.0,,268.0,False,SOFT,11.0,True,Mercedes,1746.666,2021-10-09 12:17:00.709,1,,False,,False,False,1785.734,18.3,80.5,1004.6,True,22.0,203,0.4,2021,16,Q,Turkish Grand Prix,Istanbul,,,2.0,,10000,5194.49194444445,1
2340.201,BOT,77,,12.0,2.0,2240.345,,,32.724,32.252,,2307.999,2340.242,266.0,268.0,253.0,238.0,False,MEDIUM,1.0,True,Mercedes,1855.153,2021-10-09 12:18:49.196,1,,False,,False,False,1905.749,18.4,80.9,1004.6,True,22.0,264,0.3,2021,16,Q,Turkish Grand Prix,Istanbul,,,2.0,,10000,5257.803055555557,2
2424.343,BOT,77,84.142,13.0,2.0,,,31.638,29.576,22.928,2371.839,2401.415,2424.343,281.0,295.0,250.0,327.0,True,MEDIUM,2.0,True,Mercedes,2340.201,2021-10-09 12:26:54.244,12,,False,,False,True,2385.78,18.3,80.7,1004.6,False,21.6,84,0.6,2021,16,Q,Turkish Grand Prix,Istanbul,,,2.0,,10000,5241.48,2
2526.392,BOT,77,102.049,14.0,2.0,,,37.53,35.929,28.59,2461.873,2497.802,2526.392,255.0,253.0,254.0,262.0,False,MEDIUM,3.0,True,Mercedes,2424.343,2021-10-09 12:28:18.386,1,,False,,False,True,2445.781,18.3,80.7,1004.8,False,21.5,84,0.6,2021,16,Q,Turkish Grand Prix,Istanbul,,,2.0,,10000,5253.611666666664,2
2619.566,BOT,77,93.174,15.0,2.0,,,33.023,35.009,25.142,2559.415,2594.424,2619.566,,272.0,254.0,262.0,False,MEDIUM,4.0,True,Mercedes,2526.392,2021-10-09 12:30:00.435,1,,False,,False,True,2565.798,18.2,81.2,1004.6,False,21.9,108,0.5,2021,16,Q,Turkish Grand Prix,Istanbul,,,2.0,,10000,5254.157222222224,2
2703.358,BOT,77,83.792,16.0,2.0,,,31.457,29.468,22.867,2651.023,2680.491,2703.358,282.0,294.0,253.0,322.0,True,MEDIUM,5.0,True,Mercedes,2619.566,2021-10-09 12:31:33.609,1,,False,,False,True,2625.827,18.2,81.2,1004.6,False,21.9,108,0.5,2021,16,Q,Turkish Grand Prix,Istanbul,,,2.0,,10000,5250.155,2
2798.679,BOT,77,95.321,17.0,2.0,,2798.001,36.225,33.148,25.948,2739.583,2772.731,2798.679,256.0,276.0,,283.0,False,MEDIUM,6.0,True,Mercedes,2703.358,2021-10-09 12:32:57.401,12,,False,,False,False,2745.831,18.5,80.9,1004.6,False,22.6,0,0.1,2021,16,Q,Turkish Grand Prix,Istanbul,,,2.0,,10000,5202.740000000003,2
2981.451,BOT,77,,18.0,3.0,2883.318,,,37.944,26.452,,2955.024,2981.489,264.0,194.0,245.0,247.0,False,MEDIUM,1.0,True,Mercedes,2798.679,2021-10-09 12:34:32.722,1,,False,,False,False,2805.827,18.4,80.2,1004.6,False,22.6,110,0.2,2021,16,Q,Turkish Grand Prix,Istanbul,,,2.0,,10000,5276.034166666666,2
3083.377,BOT,77,101.926,19.0,3.0,,,34.76,32.233,34.933,3016.211,3048.444,3083.377,274.0,260.0,254.0,67.0,False,MEDIUM,2.0,True,Mercedes,2981.451,2021-10-09 12:37:35.494,12,,False,,False,True,2985.849,18.5,79.7,1004.7,False,22.5,109,0.5,2021,16,Q,Turkish Grand Prix,Istanbul,,,2.0,,10000,5247.54972222222,2
3166.956,BOT,77,83.579,20.0,3.0,,,31.309,29.491,22.779,3114.686,3144.177,3166.956,283.0,297.0,252.0,326.0,True,MEDIUM,3.0,True,Mercedes,3083.377,2021-10-09 12:39:17.420,1,,False,,False,True,3105.844,18.4,80.4,1004.6,False,22.7,109,0.5,2021,16,Q,Turkish Grand Prix,Istanbul,,,2.0,,10000,5246.493888888889,2
3266.25,BOT,77,99.294,21.0,3.0,,3265.54,36.98,34.098,28.216,3203.936,3238.034,3266.25,257.0,275.0,,261.0,False,MEDIUM,4.0,True,Mercedes,3166.956,2021-10-09 12:40:40.999,1,,False,,False,False,3225.874,18.4,81.7,1004.7,False,22.8,130,0.3,2021,16,Q,Turkish Grand Prix,Istanbul,,,2.0,,10000,5198.057777777779,2
3708.781,BOT,77,,22.0,4.0,3612.705,,,33.748,27.891,,3680.96,3708.807,274.0,272.0,255.0,233.0,False,SOFT,1.0,True,Mercedes,3266.25,2021-10-09 12:42:20.293,1,,False,,False,False,3285.863,18.4,80.6,1004.6,False,22.8,147,0.2,2021,16,Q,Turkish Grand Prix,Istanbul,,,2.0,,10000,5282.908055555549,3
3791.852,BOT,77,83.071,23.0,4.0,,,30.748,29.386,22.937,3739.529,3768.915,3791.852,281.0,295.0,252.0,322.0,True,SOFT,2.0,True,Mercedes,3708.781,2021-10-09 12:49:42.824,1,,False,,False,True,3765.905,18.4,81.8,1004.6,False,23.7,80,0.6,2021,16,Q,Turkish Grand Prix,Istanbul,,,2.0,,10000,5257.813333333339,3
3891.803,BOT,77,99.951,24.0,4.0,,3891.125,35.46,36.229,28.262,3827.312,3863.541,3891.803,257.0,277.0,,280.0,False,SOFT,3.0,True,Mercedes,3791.852,2021-10-09 12:51:05.895,1,,False,,False,False,3825.907,18.4,81.8,1004.6,False,23.7,133,0.7,2021,16,Q,Turkish Grand Prix,Istanbul,,,2.0,,10000,5204.707222222214,3
4275.457,BOT,77,,25.0,5.0,4175.801,,,33.955,30.815,,4244.67,4275.488,274.0,271.0,254.0,236.0,False,SOFT,1.0,True,Mercedes,3891.803,2021-10-09 12:52:45.846,1,,False,,False,False,3945.908,18.3,81.8,1004.7,False,23.9,121,0.6,2021,16,Q,Turkish Grand Prix,Istanbul,,,2.0,,10000,5261.731944444448,3
4358.455,BOT,77,82.998,26.0,5.0,,,30.73,29.265,23.003,4306.187,4335.452,4358.455,282.0,293.0,251.0,324.0,True,SOFT,2.0,True,Mercedes,4275.457,2021-10-09 12:59:09.500,1,,False,,False,True,4305.905,18.3,82.6,1004.7,False,23.8,320,0.4,2021,16,Q,Turkish Grand Prix,Istanbul,,,2.0,,10000,5249.919166666663,3
4473.557,BOT,77,115.102,27.0,5.0,,4472.231,38.87,38.852,37.38,4397.325,4436.177,4473.557,201.0,201.0,,196.0,False,SOFT,3.0,True,Mercedes,4358.455,2021-10-09 13:00:32.498,1,,False,,False,False,4365.906,18.3,82.8,1004.8,False,23.4,4,0.3,2021,16,Q,Turkish Grand Prix,Istanbul,,,2.0,,10000,5199.9988888888865,3
904.1,VER,33,,1.0,1.0,777.256,,,34.685,56.016,,848.153,904.354,259.0,194.0,244.0,194.0,False,SOFT,1.0,True,Red Bull Racing,777.256,2021-10-09 12:00:51.299,12,,False,,False,False,825.663,18.4,82.4,1004.4,False,23.0,92,0.6,2021,16,Q,Turkish Grand Prix,Istanbul,,,3.0,,10000,4855.920277777775,1
1008.63,VER,33,104.53,2.0,1.0,,,41.803,34.532,28.195,945.903,980.435,1008.63,269.0,212.0,252.0,250.0,True,SOFT,2.0,True,Red Bull Racing,904.1,2021-10-09 12:02:58.143,12,,False,,False,True,945.656,18.4,82.0,1004.3,False,23.0,85,0.7,2021,16,Q,Turkish Grand Prix,Istanbul,,,3.0,,10000,5247.478888888887,1
1095.322,VER,33,86.692,3.0,1.0,,,32.848,30.178,23.666,1041.478,1071.656,1095.322,278.0,292.0,252.0,318.0,True,SOFT,3.0,True,Red Bull Racing,1008.63,2021-10-09 12:04:42.673,1,,False,,False,True,1065.656,18.5,82.6,1004.5,False,22.7,198,0.3,2021,16,Q,Turkish Grand Prix,Istanbul,,,3.0,,10000,5241.333055555561,1
1181.371,VER,33,86.049,4.0,1.0,,,32.223,30.035,23.791,1127.545,1157.58,1181.371,276.0,282.0,252.0,311.0,True,SOFT,4.0,True,Red Bull Racing,1095.322,2021-10-09 12:06:09.365,1,,False,,False,True,1125.658,18.5,81.9,1004.5,False,22.7,0,0.2,2021,16,Q,Turkish Grand Prix,Istanbul,,,3.0,,10000,5246.650555555553,1
1277.755,VER,33,96.384,5.0,1.0,,1277.212,36.625,33.821,25.938,1217.996,1251.817,1277.755,245.0,261.0,,265.0,False,SOFT,5.0,True,Red Bull Racing,1181.371,2021-10-09 12:07:35.414,12,,False,,False,False,1185.671,18.5,82.7,1004.5,True,22.5,0,0.1,2021,16,Q,Turkish Grand Prix,Istanbul,,,3.0,,10000,5195.755833333332,1
1558.521,VER,33,,6.0,2.0,1450.077,,,40.251,35.727,,1522.921,1558.805,269.0,140.0,253.0,232.0,False,SOFT,6.0,False,Red Bull Racing,1277.755,2021-10-09 12:09:11.798,12,,False,,False,False,1305.703,18.6,81.3,1004.6,True,22.4,0,0.1,2021,16,Q,Turkish Grand Prix,Istanbul,,,3.0,,10000,5264.2344444444425,1
1643.554,VER,33,85.033,7.0,2.0,,,32.148,29.695,23.19,1590.669,1620.364,1643.554,280.0,291.0,252.0,319.0,False,SOFT,7.0,False,Red Bull Racing,1558.521,2021-10-09 12:13:52.564,1,,True,TRACK LIMITS AT TURN 1,False,True,1605.702,18.4,80.5,1004.7,True,22.3,120,0.2,2021,16,Q,Turkish Grand Prix,Istanbul,,,3.0,,10000,5257.099166666663,1
1762.251,VER,33,118.697,8.0,2.0,,,44.614,43.924,30.159,1688.168,1732.092,1762.251,138.0,166.0,253.0,243.0,False,SOFT,8.0,False,Red Bull Racing,1643.554,2021-10-09 12:15:17.597,1,,False,,False,True,1665.704,18.4,80.9,1004.6,True,22.0,173,0.3,2021,16,Q,Turkish Grand Prix,Istanbul,,,3.0,,10000,5241.475555555557,1
1846.843,VER,33,84.592,9.0,2.0,,,31.717,29.628,23.247,1793.968,1823.596,1846.843,281.0,292.0,252.0,319.0,True,SOFT,9.0,False,Red Bull Racing,1762.251,2021-10-09 12:17:16.294,1,,False,,False,True,1785.734,18.3,80.5,1004.6,True,22.0,203,0.4,2021,16,Q,Turkish Grand Prix,Istanbul,,,3.0,,10000,5245.010833333335,1
1947.905,VER,33,101.062,10.0,2.0,,1947.379,36.075,35.407,29.58,1882.918,1918.325,1947.905,229.0,243.0,,232.0,False,SOFT,10.0,False,Red Bull Racing,1846.843,2021-10-09 12:18:40.886,1,,False,,False,False,1905.749,18.4,80.9,1004.6,True,22.0,264,0.3,2021,16,Q,Turkish Grand Prix,Istanbul,,,3.0,,10000,5197.415277777781,1
2402.781,VER,33,,11.0,3.0,2300.724,,,33.905,37.087,,2365.718,2402.782,251.0,260.0,254.0,282.0,False,MEDIUM,1.0,True,Red Bull Racing,1947.905,2021-10-09 12:20:21.948,12,,False,,False,False,1965.75,18.4,80.1,1004.7,True,22.0,225,0.3,2021,16,Q,Turkish Grand Prix,Istanbul,,,3.0,,10000,5261.399166666658,2
2499.847,VER,33,97.066,12.0,3.0,,,35.144,34.465,27.457,2437.925,2472.39,2499.847,270.0,261.0,254.0,253.0,True,MEDIUM,2.0,True,Red Bull Racing,2402.781,2021-10-09 12:27:56.824,21,,False,,False,True,2445.781,18.3,80.7,1004.8,False,21.5,84,0.6,2021,16,Q,Turkish Grand Prix,Istanbul,,,3.0,,10000,5258.556944444448,2
2583.849,VER,33,84.002,13.0,3.0,,,31.484,29.558,22.96,2531.331,2560.889,2583.849,280.0,292.0,252.0,321.0,True,MEDIUM,3.0,True,Red Bull Racing,2499.847,2021-10-09 12:29:33.890,1,,False,,False,True,2505.78,18.3,81.5,1004.7,False,21.5,110,0.5,2021,16,Q,Turkish Grand Prix,Istanbul,,,3.0,,10000,5243.900277777774,2
2681.629,VER,33,97.78,14.0,3.0,,2681.029,35.395,35.424,26.961,2619.244,2654.668,2681.629,240.0,258.0,,231.0,False,MEDIUM,4.0,True,Red Bull Racing,2583.849,2021-10-09 12:30:57.892,1,,False,,False,False,2625.827,18.2,81.2,1004.6,False,21.9,108,0.5,2021,16,Q,Turkish Grand Prix,Istanbul,,,3.0,,10000,5200.8997222222215,2
2876.878,VER,33,,15.0,4.0,2786.287,,,32.958,25.636,,2851.308,2876.933,264.0,260.0,253.0,279.0,False,MEDIUM,1.0,True,Red Bull Racing,2681.629,2021-10-09 12:32:35.672,12,,False,,False,False,2685.835,18.2,81.3,1004.6,False,22.2,246,0.4,2021,16,Q,Turkish Grand Prix,Istanbul,,,3.0,,10000,5266.316666666672,2
2961.0,VER,33,84.122,16.0,4.0,,,31.258,29.476,23.388,2908.136,2937.612,2961.0,280.0,289.0,252.0,318.0,False,MEDIUM,2.0,True,Red Bull Racing,2876.878,2021-10-09 12:35:50.921,1,,False,,False,True,2925.852,18.5,79.8,1004.6,False,22.5,114,0.4,2021,16,Q,Turkish Grand Prix,Istanbul,,,3.0,,10000,5254.381944444446,2
3077.495,VER,33,116.495,17.0,4.0,,,42.317,41.103,33.075,3003.317,3044.42,3077.495,229.0,189.0,247.0,142.0,False,MEDIUM,3.0,True,Red Bull Racing,2961.0,2021-10-09 12:37:15.043,12,,False,,False,True,2985.849,18.5,79.7,1004.7,False,22.5,109,0.5,2021,16,Q,Turkish Grand Prix,Istanbul,,,3.0,,10000,5245.967222222223,2
3161.227,VER,33,83.732,18.0,4.0,,,31.178,29.536,23.018,3108.673,3138.209,3161.227,281.0,290.0,251.0,316.0,True,MEDIUM,4.0,True,Red Bull Racing,3077.495,2021-10-09 12:39:11.538,1,,False,,False,True,3105.844,18.4,80.4,1004.6,False,22.7,109,0.5,2021,16,Q,Turkish Grand Prix,Istanbul,,,3.0,,10000,5247.279166666665,2
3262.335,VER,33,101.108,19.0,4.0,,3261.705,36.547,36.379,28.182,3197.774,3234.153,3262.335,234.0,225.0,,232.0,False,MEDIUM,5.0,True,Red Bull Racing,3161.227,2021-10-09 12:40:35.270,1,,False,,False,False,3165.858,18.4,80.8,1004.6,False,22.7,97,0.6,2021,16,Q,Turkish Grand Prix,Istanbul,,,3.0,,10000,5205.228333333333,2
3765.64,VER,33,,20.0,5.0,3670.232,,,36.729,26.773,,3738.89,3765.658,270.0,247.0,255.0,277.0,False,SOFT,1.0,True,Red Bull Racing,3262.335,2021-10-09 12:42:16.378,1,,False,,False,False,3285.863,18.4,80.6,1004.6,False,22.8,147,0.2,2021,16,Q,Turkish Grand Prix,Istanbul,,,3.0,,10000,5257.342222222219,3
3848.938,VER,33,83.298,21.0,5.0,,,30.92,29.411,22.967,3796.56,3825.971,3848.938,281.0,292.0,251.0,322.0,True,SOFT,2.0,True,Red Bull Racing,3765.64,2021-10-09 12:50:39.683,1,,False,,False,True,3765.905,18.4,81.8,1004.6,False,23.7,80,0.6,2021,16,Q,Turkish Grand Prix,Istanbul,,,3.0,,10000,5244.506666666668,3
3945.789,VER,33,96.851,22.0,5.0,,3945.145,35.014,33.781,28.056,3883.952,3917.733,3945.789,239.0,262.0,,222.0,False,SOFT,3.0,True,Red Bull Racing,3848.938,2021-10-09 12:52:02.981,1,,False,,False,False,3885.899,18.3,81.9,1004.7,False,23.9,91,0.6,2021,16,Q,Turkish Grand Prix,Istanbul,,,3.0,,10000,5197.9077777777775,3
4257.997,VER,33,,23.0,6.0,4161.81,,,36.845,27.492,,4230.518,4258.006,269.0,255.0,254.0,250.0,False,SOFT,1.0,True,Red Bull Racing,3945.789,2021-10-09 12:53:39.832,1,,False,,False,False,3945.908,18.3,81.8,1004.7,False,23.9,121,0.6,2021,16,Q,Turkish Grand Prix,Istanbul,,,3.0,,10000,5256.550555555556,3
4341.193,VER,33,83.196,24.0,6.0,,,30.801,29.333,23.062,4288.798,4318.131,4341.193,280.0,290.0,252.0,314.0,True,SOFT,2.0,True,Red Bull Racing,4257.997,2021-10-09 12:58:52.040,1,,False,,False,True,4305.905,18.3,82.6,1004.7,False,23.8,320,0.4,2021,16,Q,Turkish Grand Prix,Istanbul,,,3.0,,10000,5260.788333333329,3
4449.805,VER,33,108.612,25.0,6.0,,4448.864,41.242,34.67,32.7,4382.435,4417.105,4449.805,213.0,261.0,,213.0,False,SOFT,3.0,True,Red Bull Racing,4341.193,2021-10-09 13:00:15.236,1,,False,,False,False,4365.906,18.3,82.8,1004.8,False,23.4,4,0.3,2021,16,Q,Turkish Grand Prix,Istanbul,,,3.0,,10000,5192.594722222224,3
875.825,LEC,16,,1.0,1.0,743.612,,,37.434,50.184,,825.674,876.083,252.0,232.0,249.0,210.0,False,SOFT,1.0,True,Ferrari,743.612,2021-10-09 12:00:17.655,1,,False,,False,False,765.661,18.4,82.3,1004.4,False,22.9,102,0.7,2021,16,Q,Turkish Grand Prix,Istanbul,,,4.0,,10000,4882.988055555558,1
977.242,LEC,16,101.417,2.0,1.0,,,36.053,36.916,28.448,911.878,948.794,977.242,254.0,265.0,250.0,226.0,False,SOFT,2.0,True,Ferrari,875.825,2021-10-09 12:02:29.868,12,,True,TRACK LIMITS AT TURN 1,False,True,885.654,18.4,82.0,1004.3,False,23.0,93,0.7,2021,16,Q,Turkish Grand Prix,Istanbul,,,4.0,,10000,5269.525277777777,1
1065.296,LEC,16,88.054,3.0,1.0,,,34.029,30.43,23.595,1011.271,1041.701,1065.296,281.0,294.0,251.0,322.0,False,SOFT,3.0,True,Ferrari,977.242,2021-10-09 12:04:11.285,1,,True,TRACK LIMITS AT TURN 1,False,True,1005.657,18.4,82.5,1004.5,False,22.8,116,0.7,2021,16,Q,Turkish Grand Prix,Istanbul,,,4.0,,10000,5241.7980555555505,1
1152.637,LEC,16,87.341,4.0,1.0,,,32.967,30.344,24.03,1098.263,1128.607,1152.637,280.0,294.0,249.0,319.0,True,SOFT,4.0,True,Ferrari,1065.296,2021-10-09 12:05:39.339,1,,False,,False,True,1065.656,18.5,82.6,1004.5,False,22.7,198,0.3,2021,16,Q,Turkish Grand Prix,Istanbul,,,4.0,,10000,5249.427777777778,1
1238.855,LEC,16,86.218,5.0,1.0,,,32.383,30.135,23.7,1185.02,1215.155,1238.855,277.0,293.0,249.0,319.0,True,SOFT,5.0,True,Ferrari,1152.637,2021-10-09 12:07:06.680,12,,False,,False,True,1185.671,18.5,82.7,1004.5,True,22.5,0,0.1,2021,16,Q,Turkish Grand Prix,Istanbul,,,4.0,,10000,5244.217500000005,1
1324.582,LEC,16,85.727,6.0,1.0,,,32.204,29.95,23.573,1271.059,1301.009,1324.582,278.0,295.0,250.0,324.0,True,SOFT,6.0,True,Ferrari,1238.855,2021-10-09 12:08:32.898,1,,False,,False,True,1245.693,18.5,81.5,1004.6,True,22.5,188,0.2,2021,16,Q,Turkish Grand Prix,Istanbul,,,4.0,,10000,5247.3025000000025,1
1411.02,LEC,16,86.438,7.0,1.0,,,32.371,29.965,24.102,1356.953,1386.918,1411.02,277.0,294.0,234.0,324.0,False,SOFT,7.0,True,Ferrari,1324.582,2021-10-09 12:09:58.625,12,,False,,False,True,1365.701,18.5,82.0,1004.7,True,22.6,0,0.2,2021,16,Q,Turkish Grand Prix,Istanbul,,,4.0,,10000,5238.214166666664,1
1520.4,LEC,16,109.38,8.0,1.0,,1519.802,42.935,38.76,27.685,1453.955,1492.715,1520.4,181.0,266.0,,275.0,False,SOFT,8.0,True,Ferrari,1411.02,2021-10-09 12:11:25.063,1,,False,,False,False,1425.691,18.5,80.8,1004.7,True,22.6,116,0.3,2021,16,Q,Turkish Grand Prix,Istanbul,,,4.0,,10000,5195.022222222218,1
1697.165,LEC,16,,9.0,2.0,1603.869,,,32.926,27.671,,1669.611,1697.387,202.0,290.0,251.0,296.0,False,SOFT,1.0,True,Ferrari,1520.4,2021-10-09 12:13:14.443,1,,False,,False,False,1545.702,18.4,81.0,1004.7,True,22.5,111,0.2,2021,16,Q,Turkish Grand Prix,Istanbul,,,4.0,,10000,5265.6969444444485,1
1790.353,LEC,16,93.188,10.0,2.0,,,32.514,29.92,30.754,1729.679,1759.599,1790.353,282.0,294.0,250.0,321.0,False,SOFT,2.0,True,Ferrari,1697.165,2021-10-09 12:16:11.208,1,,False,,False,True,1725.706,18.4,80.8,1004.7,True,21.9,103,0.3,2021,16,Q,Turkish Grand Prix,Istanbul,,,4.0,,10000,5263.577222222227,1
1875.222,LEC,16,84.869,11.0,2.0,,,31.883,29.652,23.334,1822.236,1851.888,1875.222,284.0,296.0,252.0,321.0,True,SOFT,3.0,True,Ferrari,1790.353,2021-10-09 12:17:44.396,1,,False,,False,True,1845.752,18.3,80.9,1004.6,True,22.0,135,0.2,2021,16,Q,Turkish Grand Prix,Istanbul,,,4.0,,10000,5244.685833333333,1
1980.988,LEC,16,105.766,12.0,2.0,,1980.397,37.766,37.324,30.676,1912.988,1950.312,1980.988,249.0,261.0,,229.0,False,SOFT,4.0,True,Ferrari,1875.222,2021-10-09 12:19:09.265,1,,False,,False,False,1905.749,18.4,80.9,1004.6,True,22.0,264,0.3,2021,16,Q,Turkish Grand Prix,Istanbul,,,4.0,,10000,5198.771388888886,1
2386.365,LEC,16,,13.0,3.0,2262.419,,,38.184,48.259,,2338.18,2386.407,254.0,249.0,249.0,78.0,False,MEDIUM,1.0,True,Ferrari,1980.988,2021-10-09 12:20:55.031,1,,False,,False,False,2025.749,18.4,80.6,1004.6,False,22.1,142,0.4,2021,16,Q,Turkish Grand Prix,Istanbul,,,4.0,,10000,5251.5541666666595,2
2475.789,LEC,16,89.424,14.0,3.0,,,32.626,30.418,26.38,2418.991,2449.409,2475.789,280.0,294.0,251.0,328.0,True,MEDIUM,2.0,True,Ferrari,2386.365,2021-10-09 12:27:40.408,12,,False,,False,True,2445.781,18.3,80.7,1004.8,False,21.5,84,0.6,2021,16,Q,Turkish Grand Prix,Istanbul,,,4.0,,10000,5253.542500000002,2
2560.778,LEC,16,84.989,15.0,3.0,,,31.894,29.886,23.209,2507.683,2537.569,2560.778,283.0,294.0,254.0,326.0,True,MEDIUM,3.0,True,Ferrari,2475.789,2021-10-09 12:29:09.832,1,,False,,False,True,2505.78,18.3,81.5,1004.7,False,21.5,110,0.5,2021,16,Q,Turkish Grand Prix,Istanbul,,,4.0,,10000,5251.968333333336,2
2675.86,LEC,16,115.082,16.0,3.0,,,44.877,41.638,28.567,2605.655,2647.293,2675.86,116.0,184.0,252.0,275.0,False,MEDIUM,4.0,True,Ferrari,2560.778,2021-10-09 12:30:34.821,1,,False,,False,True,2565.798,18.2,81.2,1004.6,False,21.9,108,0.5,2021,16,Q,Turkish Grand Prix,Istanbul,,,4.0,,10000,5246.991944444443,2
2774.171,LEC,16,98.311,17.0,3.0,,,31.766,29.818,36.727,2707.626,2737.444,2774.171,282.0,292.0,202.0,327.0,False,MEDIUM,5.0,True,Ferrari,2675.86,2021-10-09 12:32:29.903,12,,True,TRACK LIMITS AT TURN 14,False,True,2685.835,18.2,81.3,1004.6,False,22.2,246,0.4,2021,16,Q,Turkish Grand Prix,Istanbul,,,4.0,,10000,5269.620555555558,2
2871.338,LEC,16,97.167,18.0,3.0,,2870.679,37.8,32.924,26.443,2811.971,2844.895,2871.338,255.0,268.0,,296.0,False,MEDIUM,6.0,True,Ferrari,2774.171,2021-10-09 12:34:08.214,1,,False,,False,False,2805.827,18.4,80.2,1004.6,False,22.6,110,0.2,2021,16,Q,Turkish Grand Prix,Istanbul,,,4.0,,10000,5200.449166666667,2
2998.327,LEC,16,126.989,19.0,4.0,2894.071,,57.705,37.33,31.954,2929.043,2966.373,2998.327,258.0,230.0,248.0,262.0,False,MEDIUM,1.0,True,Ferrari,2871.338,2021-10-09 12:35:45.381,1,,False,,False,False,2925.852,18.5,79.8,1004.6,False,22.5,114,0.4,2021,16,Q,Turkish Grand Prix,Istanbul,,,4.0,,10000,5249.322499999997,2
3087.39,LEC,16,89.063,20.0,4.0,,,32.648,31.584,24.831,3030.975,3062.559,3087.39,276.0,286.0,252.0,278.0,False,MEDIUM,2.0,True,Ferrari,2998.327,2021-10-09 12:37:52.370,12,,False,,False,True,3045.844,18.4,80.6,1004.7,False,22.7,121,0.6,2021,16,Q,Turkish Grand Prix,Istanbul,,,4.0,,10000,5258.415000000009,2
3171.405,LEC,16,84.015,21.0,4.0,,,31.574,29.548000000000002,22.893,3118.964,3148.512,3171.405,283.0,302.0,252.0,333.0,True,MEDIUM,3.0,True,Ferrari,3087.39,2021-10-09 12:39:21.433,1,,False,,False,True,3105.844,18.4,80.4,1004.6,False,22.7,109,0.5,2021,16,Q,Turkish Grand Prix,Istanbul,,,4.0,,10000,5252.26611111111,2
3275.666,LEC,16,104.261,22.0,4.0,,3274.976,37.946,37.741,28.574,3209.351,3247.092,3275.666,247.0,260.0,,275.0,False,MEDIUM,4.0,True,Ferrari,3171.405,2021-10-09 12:40:45.448,1,,False,,False,False,3225.874,18.4,81.7,1004.7,False,22.8,130,0.3,2021,16,Q,Turkish Grand Prix,Istanbul,,,4.0,,10000,5194.960833333333,2
3716.434,LEC,16,,23.0,5.0,3615.14,,,38.043,30.671,,3685.826,3716.461,264.0,273.0,251.0,199.0,False,SOFT,5.0,False,Ferrari,3275.666,2021-10-09 12:42:29.709,1,,False,,False,False,3285.863,18.4,80.6,1004.6,False,22.8,147,0.2,2021,16,Q,Turkish Grand Prix,Istanbul,,,4.0,,10000,5240.957499999997,3
3800.579,LEC,16,84.145,24.0,5.0,,,31.384,29.597,23.164,3747.818,3777.415,3800.579,281.0,295.0,252.0,322.0,True,SOFT,6.0,False,Ferrari,3716.434,2021-10-09 12:49:50.477,1,,False,,False,True,3765.905,18.4,81.8,1004.6,False,23.7,80,0.6,2021,16,Q,Turkish Grand Prix,Istanbul,,,4.0,,10000,5261.786388888888,3
3884.968,LEC,16,84.389,25.0,5.0,,,31.444,29.599,23.346,3832.023,3861.622,3884.968,282.0,294.0,249.0,321.0,False,SOFT,7.0,False,Ferrari,3800.579,2021-10-09 12:51:14.622,1,,False,,False,True,3825.907,18.4,81.8,1004.6,False,23.7,133,0.7,2021,16,Q,Turkish Grand Prix,Istanbul,,,4.0,,10000,5252.937222222224,3
3978.63,LEC,16,93.662,26.0,5.0,,3977.96,35.615,32.117,25.93,3920.583,3952.7,3978.63,256.0,266.0,,295.0,False,SOFT,8.0,False,Ferrari,3884.968,2021-10-09 12:52:39.011,1,,False,,False,False,3885.899,18.3,81.9,1004.7,False,23.9,91,0.6,2021,16,Q,Turkish Grand Prix,Istanbul,,,4.0,,10000,5204.219166666667,3
4195.22,LEC,16,,27.0,6.0,4079.872,,,43.808,34.025,,4161.206,4195.255,214.0,188.0,247.0,212.0,False,SOFT,1.0,True,Ferrari,3978.63,2021-10-09 12:54:12.673,1,,False,,False,False,4005.908,18.3,81.7,1004.7,False,23.6,101,0.6,2021,16,Q,Turkish Grand Prix,Istanbul,,,4.0,,10000,5254.4791666666715,3
4302.379,LEC,16,107.159,28.0,6.0,,,34.16,40.637,32.362,4229.38,4270.017,4302.379,254.0,230.0,253.0,239.0,False,SOFT,2.0,True,Ferrari,4195.22,2021-10-09 12:57:49.263,1,,False,,False,True,4245.906,18.3,82.5,1004.7,False,23.8,95,0.8,2021,16,Q,Turkish Grand Prix,Istanbul,,,4.0,,10000,5261.748333333332,3
4385.644,LEC,16,83.265,29.0,6.0,,,30.99,29.319,22.956,4333.369,4362.688,4385.644,283.0,295.0,252.0,323.0,True,SOFT,3.0,True,Ferrari,4302.379,2021-10-09 12:59:36.422,1,,False,,False,True,4305.905,18.3,82.6,1004.7,False,23.8,320,0.4,2021,16,Q,Turkish Grand Prix,Istanbul,,,4.0,,10000,5260.315833333337,3
4509.046,LEC,16,,30.0,6.0,,4509.046,41.881,40.671,,4427.541,4468.209,,193.0,194.0,,194.0,False,SOFT,4.0,True,Ferrari,4385.644,2021-10-09 13:00:59.687,1,,False,,False,False,4425.906,18.4,82.5,1004.8,False,23.4,227,0.1,2021,16,Q,Turkish Grand Prix,Istanbul,,,4.0,,10000,5126.960000000002,3
864.113,GAS,10,,1.0,1.0,740.63,,,37.579,40.654,,823.604,864.397,265.0,247.0,251.0,269.0,False,SOFT,1.0,True,AlphaTauri,740.63,2021-10-09 12:00:14.673,1,,False,,False,False,765.661,18.4,82.3,1004.4,False,22.9,102,0.7,2021,16,Q,Turkish Grand Prix,Istanbul,,,5.0,,10000,4876.11861111111,1
953.612,GAS,10,89.499,2.0,1.0,,,34.549,30.975,23.975,898.662,929.637,953.612,277.0,290.0,252.0,325.0,True,SOFT,2.0,True,AlphaTauri,864.113,2021-10-09 12:02:18.156,12,,False,,False,True,885.654,18.4,82.0,1004.3,False,23.0,93,0.7,2021,16,Q,Turkish Grand Prix,Istanbul,,,5.0,,10000,5257.653611111109,1
1060.826,GAS,10,107.214,3.0,1.0,,,38.989,39.255,28.97,992.601,1031.856,1060.826,251.0,225.0,254.0,280.0,False,SOFT,3.0,True,AlphaTauri,953.612,2021-10-09 12:03:47.655,1,,False,,False,True,1005.657,18.4,82.5,1004.5,False,22.8,116,0.7,2021,16,Q,Turkish Grand Prix,Istanbul,,,5.0,,10000,5251.390555555562,1
1147.459,GAS,10,86.633,4.0,1.0,,,32.609,30.308,23.716,1093.435,1123.743,1147.459,279.0,290.0,252.0,319.0,True,SOFT,4.0,True,AlphaTauri,1060.826,2021-10-09 12:05:34.869,1,,False,,False,True,1065.656,18.5,82.6,1004.5,False,22.7,198,0.3,2021,16,Q,Turkish Grand Prix,Istanbul,,,5.0,,10000,5247.189999999999,1
1259.183,GAS,10,111.724,5.0,1.0,,,42.162,40.229,29.333,1189.621,1229.85,1259.183,254.0,263.0,254.0,281.0,False,SOFT,5.0,True,AlphaTauri,1147.459,2021-10-09 12:07:01.502,12,,False,,False,True,1185.671,18.5,82.7,1004.5,True,22.5,0,0.1,2021,16,Q,Turkish Grand Prix,Istanbul,,,5.0,,10000,5271.350555555556,1
1344.669,GAS,10,85.486,6.0,1.0,,,32.005,30.12,23.361,1291.188,1321.308,1344.669,281.0,291.0,253.0,324.0,True,SOFT,6.0,True,AlphaTauri,1259.183,2021-10-09 12:08:53.226,12,,False,,False,True,1305.703,18.6,81.3,1004.6,True,22.4,0,0.1,2021,16,Q,Turkish Grand Prix,Istanbul,,,5.0,,10000,5256.519166666665,1
1447.339,GAS,10,102.67,7.0,1.0,,1446.792,40.006,34.579,28.085,1384.675,1419.254,1447.339,255.0,267.0,,278.0,False,SOFT,7.0,True,AlphaTauri,1344.669,2021-10-09 12:10:18.712,21,,False,,False,False,1365.701,18.5,82.0,1004.7,True,22.6,0,0.2,2021,16,Q,Turkish Grand Prix,Istanbul,,,5.0,,10000,5202.908888888894,1
1702.59,GAS,10,,8.0,2.0,1599.496,,,33.232,33.303,,1669.292,1702.806,262.0,283.0,254.0,276.0,False,SOFT,1.0,True,AlphaTauri,1447.339,2021-10-09 12:12:01.382,1,,False,,False,False,1485.703,18.5,81.0,1004.6,True,22.7,30,0.2,2021,16,Q,Turkish Grand Prix,Istanbul,,,5.0,,10000,5275.628055555551,1
1787.294,GAS,10,84.704,9.0,2.0,,,31.576,29.705,23.423,1734.166,1763.871,1787.294,281.0,292.0,253.0,320.0,True,SOFT,2.0,True,AlphaTauri,1702.59,2021-10-09 12:16:16.633,1,,False,,False,True,1725.706,18.4,80.8,1004.7,True,21.9,103,0.3,2021,16,Q,Turkish Grand Prix,Istanbul,,,5.0,,10000,5251.618055555557,1
1901.703,GAS,10,114.409,10.0,2.0,,1901.37,40.704,41.979,31.726,1827.998,1869.977,1901.703,245.0,262.0,,231.0,False,SOFT,3.0,True,AlphaTauri,1787.294,2021-10-09 12:17:41.337,1,,False,,False,False,1845.752,18.3,80.9,1004.6,True,22.0,135,0.2,2021,16,Q,Turkish Grand Prix,Istanbul,,,5.0,,10000,5199.838055555557,1
2347.364,GAS,10,,11.0,3.0,2244.036,,,34.088,33.235,,2314.561,2347.415,265.0,276.0,254.0,273.0,False,MEDIUM,1.0,True,AlphaTauri,1901.703,2021-10-09 12:19:35.746,1,,False,,False,False,1905.749,18.4,80.9,1004.6,True,22.0,264,0.3,2021,16,Q,Turkish Grand Prix,Istanbul,,,5.0,,10000,5250.046666666661,2
2432.128,GAS,10,84.764,12.0,3.0,,,31.918,29.795,23.051,2379.282,2409.077,2432.128,279.0,290.0,253.0,321.0,True,MEDIUM,2.0,True,AlphaTauri,2347.364,2021-10-09 12:27:01.407,12,,False,,False,True,2385.78,18.3,80.7,1004.6,False,21.6,84,0.6,2021,16,Q,Turkish Grand Prix,Istanbul,,,5.0,,10000,5265.168611111115,2
2540.745,GAS,10,108.617,13.0,3.0,,,43.562,38.929,26.126,2475.69,2514.619,2540.745,250.0,260.0,255.0,293.0,False,MEDIUM,3.0,True,AlphaTauri,2432.128,2021-10-09 12:28:26.171,1,,False,,False,True,2445.781,18.3,80.7,1004.8,False,21.5,84,0.6,2021,16,Q,Turkish Grand Prix,Istanbul,,,5.0,,10000,5258.775833333336,2
2624.918,GAS,10,84.173,14.0,3.0,,,31.34,29.678,23.155,2572.085,2601.763,2624.918,281.0,289.0,252.0,317.0,True,MEDIUM,4.0,True,AlphaTauri,2540.745,2021-10-09 12:30:14.788,1,,False,,False,True,2565.798,18.2,81.2,1004.6,False,21.9,108,0.5,2021,16,Q,Turkish Grand Prix,Istanbul,,,5.0,,10000,5258.328888888895,2
2726.988,GAS,10,102.07,15.0,3.0,,2726.452,38.208,34.739,29.123,2663.126,2697.865,2726.988,255.0,263.0,,267.0,False,MEDIUM,5.0,True,AlphaTauri,2624.918,2021-10-09 12:31:38.961,1,,False,,False,False,2625.827,18.2,81.2,1004.6,False,21.9,108,0.5,2021,16,Q,Turkish Grand Prix,Istanbul,,,5.0,,10000,5203.967500000003,2
3004.607,GAS,10,,16.0,4.0,2901.504,,,36.942,32.24,,2972.398,3004.895,265.0,91.0,255.0,275.0,False,MEDIUM,1.0,True,AlphaTauri,2726.988,2021-10-09 12:33:21.031,12,,False,,False,False,2745.831,18.5,80.9,1004.6,False,22.6,0,0.1,2021,16,Q,Turkish Grand Prix,Istanbul,,,5.0,,10000,5253.834166666665,2
3088.424,GAS,10,83.817,17.0,4.0,,,31.169,29.513,23.135,3035.776,3065.289,3088.424,282.0,292.0,255.0,322.0,True,MEDIUM,2.0,True,AlphaTauri,3004.607,2021-10-09 12:37:58.650,12,,False,,False,True,3045.844,18.4,80.6,1004.7,False,22.7,121,0.6,2021,16,Q,Turkish Grand Prix,Istanbul,,,5.0,,10000,5258.99611111111,2
3196.894,GAS,10,108.47,18.0,4.0,,3196.253,42.212,35.675,30.583,3130.636,3166.311,3196.894,257.0,261.0,,244.0,False,MEDIUM,3.0,True,AlphaTauri,3088.424,2021-10-09 12:39:22.467,1,,False,,False,False,3105.844,18.4,80.4,1004.6,False,22.7,109,0.5,2021,16,Q,Turkish Grand Prix,Istanbul,,,5.0,,10000,5207.346666666669,2
3732.99,GAS,10,,19.0,5.0,3624.278,,,40.911,27.639,,3705.351,3733.01,262.0,224.0,254.0,289.0,False,SOFT,1.0,True,AlphaTauri,3196.894,2021-10-09 12:41:10.937,1,,False,,False,False,3225.874,18.4,81.7,1004.7,False,22.8,130,0.3,2021,16,Q,Turkish Grand Prix,Istanbul,,,5.0,,10000,5264.135833333336,3
3816.51,GAS,10,83.52,20.0,5.0,,,30.906,29.528,23.086,3763.896,3793.424,3816.51,280.0,291.0,252.0,323.0,True,SOFT,2.0,True,AlphaTauri,3732.99,2021-10-09 12:50:07.033,1,,False,,False,True,3765.905,18.4,81.8,1004.6,False,23.7,80,0.6,2021,16,Q,Turkish Grand Prix,Istanbul,,,5.0,,10000,5256.882222222219,3
3917.103,GAS,10,100.593,21.0,5.0,,3916.424,36.929,34.852,28.812,3853.439,3888.291,3917.103,254.0,264.0,,270.0,False,SOFT,3.0,True,AlphaTauri,3816.51,2021-10-09 12:51:30.553,1,,False,,False,False,3825.907,18.4,81.8,1004.6,False,23.7,133,0.7,2021,16,Q,Turkish Grand Prix,Istanbul,,,5.0,,10000,5209.934166666668,3
4224.865,GAS,10,,22.0,6.0,4117.35,,,41.567,27.571,,4197.317,4224.901,262.0,253.0,255.0,287.0,False,SOFT,1.0,True,AlphaTauri,3917.103,2021-10-09 12:53:11.146,1,,False,,False,False,3945.908,18.3,81.8,1004.7,False,23.9,121,0.6,2021,16,Q,Turkish Grand Prix,Istanbul,,,5.0,,10000,5258.400833333332,3
4308.191,GAS,10,83.326,23.0,6.0,,,30.711,29.361,23.254,4255.576,4284.937,4308.191,280.0,289.0,251.0,321.0,True,SOFT,2.0,True,AlphaTauri,4224.865,2021-10-09 12:58:18.908,1,,False,,False,True,4245.906,18.3,82.5,1004.7,False,23.8,95,0.8,2021,16,Q,Turkish Grand Prix,Istanbul,,,5.0,,10000,5262.618611111116,3
4411.08,GAS,10,,24.0,6.0,,4509.024,41.782,37.856,23.254,4349.97,4387.863,4509.024,249.0,258.0,,223.0,False,SOFT,3.0,True,AlphaTauri,4308.191,2021-10-09 12:59:42.234,1,,False,,False,False,4365.906,18.3,82.8,1004.8,False,23.4,4,0.3,2021,16,Q,Turkish Grand Prix,Istanbul,,,5.0,,10000,4998.001111111112,3
916.457,ALO,14,,1.0,1.0,780.914,,,34.827,63.025,,853.453,916.733,262.0,224.0,248.0,161.0,False,SOFT,1.0,True,Alpine,780.914,2021-10-09 12:00:54.957,12,,False,,False,False,825.663,18.4,82.4,1004.4,False,23.0,92,0.6,2021,16,Q,Turkish Grand Prix,Istanbul,,,6.0,,10000,4883.8644444444335,1
1006.046,ALO,14,89.589,2.0,1.0,,,34.846,31.117,23.626,951.303,982.42,1006.046,277.0,290.0,249.0,325.0,True,SOFT,2.0,True,Alpine,916.457,2021-10-09 12:03:10.500,21,,False,,False,True,945.656,18.4,82.0,1004.3,False,23.0,85,0.7,2021,16,Q,Turkish Grand Prix,Istanbul,,,6.0,,10000,5248.111944444443,1
1101.886,ALO,14,95.84,3.0,1.0,,,35.973,34.974,24.893,1042.019,1076.993,1101.886,244.0,264.0,252.0,298.0,False,SOFT,3.0,True,Alpine,1006.046,2021-10-09 12:04:40.089,1,,False,,False,True,1065.656,18.5,82.6,1004.5,False,22.7,198,0.3,2021,16,Q,Turkish Grand Prix,Istanbul,,,6.0,,10000,5240.588333333331,1
1188.033,ALO,14,86.147,4.0,1.0,,,32.337,30.249,23.561,1134.223,1164.472,1188.033,278.0,288.0,250.0,320.0,True,SOFT,4.0,True,Alpine,1101.886,2021-10-09 12:06:15.929,1,,False,,False,True,1125.658,18.5,81.9,1004.5,False,22.7,0,0.2,2021,16,Q,Turkish Grand Prix,Istanbul,,,6.0,,10000,5258.842777777786,1
1292.399,ALO,14,104.366,5.0,1.0,,,39.932,36.723,27.711,1227.965,1264.688,1292.399,252.0,260.0,253.0,225.0,False,SOFT,5.0,True,Alpine,1188.033,2021-10-09 12:07:42.076,12,,False,,False,True,1245.693,18.5,81.5,1004.6,True,22.5,188,0.2,2021,16,Q,Turkish Grand Prix,Istanbul,,,6.0,,10000,5250.580277777775,1
1378.094,ALO,14,85.695,6.0,1.0,,,32.285,30.067,23.343,1324.684,1354.751,1378.094,279.0,291.0,250.0,324.0,True,SOFT,6.0,True,Alpine,1292.399,2021-10-09 12:09:26.442,12,,False,,False,True,1305.703,18.6,81.3,1004.6,True,22.4,0,0.1,2021,16,Q,Turkish Grand Prix,Istanbul,,,6.0,,10000,5243.28888888889,1
1477.732,ALO,14,99.638,7.0,1.0,,1477.068,35.801,34.504,29.333,1413.895,1448.399,1477.732,254.0,261.0,,241.0,False,SOFT,7.0,True,Alpine,1378.094,2021-10-09 12:10:52.137,1,,False,,False,False,1425.691,18.5,80.8,1004.7,True,22.6,116,0.3,2021,16,Q,Turkish Grand Prix,Istanbul,,,6.0,,10000,5194.70916666667,1
1718.942,ALO,14,,8.0,2.0,1618.873,,,33.98,33.997,,1684.952,1719.166,267.0,199.0,252.0,287.0,False,SOFT,8.0,False,Alpine,1477.732,2021-10-09 12:12:31.775,1,,False,,False,False,1485.703,18.5,81.0,1004.6,True,22.7,30,0.2,2021,16,Q,Turkish Grand Prix,Istanbul,,,6.0,,10000,5240.331666666663,1
1804.116,ALO,14,85.174,9.0,2.0,,,31.815,29.971,23.388,1750.757,1780.728,1804.116,275.0,291.0,250.0,316.0,True,SOFT,9.0,False,Alpine,1718.942,2021-10-09 12:16:32.985,1,,False,,False,True,1725.706,18.4,80.8,1004.7,True,21.9,103,0.3,2021,16,Q,Turkish Grand Prix,Istanbul,,,6.0,,10000,5259.3080555555625,1
1897.743,ALO,14,93.627,10.0,2.0,,1897.044,32.008,32.301,29.318,1836.124,1868.425,1897.743,274.0,264.0,,229.0,False,SOFT,10.0,False,Alpine,1804.116,2021-10-09 12:17:58.159,1,,False,,False,False,1845.752,18.3,80.9,1004.6,True,22.0,135,0.2,2021,16,Q,Turkish Grand Prix,Istanbul,,,6.0,,10000,5203.566388888891,1
2379.326,ALO,14,,11.0,3.0,2263.364,,,37.886,43.525,,2335.815,2379.378,262.0,230.0,251.0,91.0,False,MEDIUM,1.0,True,Alpine,1897.743,2021-10-09 12:19:31.786,1,,False,,False,False,1905.749,18.4,80.9,1004.6,True,22.0,264,0.3,2021,16,Q,Turkish Grand Prix,Istanbul,,,6.0,,10000,5257.517222222221,2
2463.944,ALO,14,84.618,12.0,3.0,,,31.672,29.9,23.046,2410.998,2440.898,2463.944,280.0,291.0,255.0,325.0,True,MEDIUM,2.0,True,Alpine,2379.326,2021-10-09 12:27:33.369,12,,False,,False,True,2385.78,18.3,80.7,1004.6,False,21.6,84,0.6,2021,16,Q,Turkish Grand Prix,Istanbul,,,6.0,,10000,5264.916388888892,2
2567.511,ALO,14,103.567,13.0,3.0,,,38.423,38.937,26.207,2502.367,2541.304,2567.511,225.0,259.0,252.0,280.0,False,MEDIUM,3.0,True,Alpine,2463.944,2021-10-09 12:28:57.987,1,,False,,False,True,2505.78,18.3,81.5,1004.7,False,21.5,110,0.5,2021,16,Q,Turkish Grand Prix,Istanbul,,,6.0,,10000,5247.538333333332,2
2651.557,ALO,14,84.046,14.0,3.0,,,31.321,29.746,22.979,2598.832,2628.578,2651.557,280.0,290.0,252.0,326.0,True,MEDIUM,4.0,True,Alpine,2567.511,2021-10-09 12:30:41.554,1,,False,,False,True,2625.827,18.2,81.2,1004.6,False,21.9,108,0.5,2021,16,Q,Turkish Grand Prix,Istanbul,,,6.0,,10000,5254.6066666666675,2
2760.531,ALO,14,108.974,15.0,3.0,,2759.859,40.526,39.132,29.316,2692.083,2731.215,2760.531,236.0,262.0,,236.0,False,MEDIUM,5.0,True,Alpine,2651.557,2021-10-09 12:32:05.600,1,,False,,False,False,2685.835,18.2,81.3,1004.6,False,22.2,246,0.4,2021,16,Q,Turkish Grand Prix,Istanbul,,,6.0,,10000,5192.679444444446,2
2971.115,ALO,14,,16.0,4.0,2878.574,,,33.081,24.681,,2946.488,2971.148,266.0,264.0,253.0,302.0,False,MEDIUM,1.0,True,Alpine,2760.531,2021-10-09 12:33:54.574,12,,False,,False,False,2805.827,18.4,80.2,1004.6,False,22.6,110,0.2,2021,16,Q,Turkish Grand Prix,Istanbul,,,6.0,,10000,5261.551111111113,2
3055.029,ALO,14,83.914,17.0,4.0,,,31.12,29.67,23.124,3002.235,3031.905,3055.029,281.0,289.0,254.0,323.0,True,MEDIUM,2.0,True,Alpine,2971.115,2021-10-09 12:37:25.158,1,,False,,False,True,2985.849,18.5,79.7,1004.7,False,22.5,109,0.5,2021,16,Q,Turkish Grand Prix,Istanbul,,,6.0,,10000,5255.105833333331,2
3173.137,ALO,14,118.108,18.0,4.0,,3172.471,50.279,39.573,28.256,3105.308,3144.881,3173.137,191.0,251.0,,275.0,False,MEDIUM,3.0,True,Alpine,3055.029,2021-10-09 12:38:49.072,12,,False,,False,False,3105.844,18.4,80.4,1004.6,False,22.7,109,0.5,2021,16,Q,Turkish Grand Prix,Istanbul,,,6.0,,10000,5201.187777777773,2
3760.472,ALO,14,,19.0,5.0,3667.649,,,34.428,28.066,,3732.442,3760.498,267.0,265.0,254.0,135.0,False,SOFT,1.0,True,Alpine,3173.137,2021-10-09 12:40:47.180,1,,False,,False,False,3225.874,18.4,81.7,1004.7,False,22.8,130,0.3,2021,16,Q,Turkish Grand Prix,Istanbul,,,6.0,,10000,5258.894444444445,3
3844.214,ALO,14,83.742,20.0,5.0,,,31.067,29.677,22.998,3791.539,3821.216,3844.214,280.0,291.0,251.0,324.0,True,SOFT,2.0,True,Alpine,3760.472,2021-10-09 12:50:34.515,1,,False,,False,True,3765.905,18.4,81.8,1004.6,False,23.7,80,0.6,2021,16,Q,Turkish Grand Prix,Istanbul,,,6.0,,10000,5259.652222222221,3
3948.581,ALO,14,104.367,21.0,5.0,,3947.903,37.057,35.406,31.904,3881.271,3916.677,3948.581,201.0,257.0,,157.0,False,SOFT,3.0,True,Alpine,3844.214,2021-10-09 12:51:58.257,1,,False,,False,False,3885.899,18.3,81.9,1004.7,False,23.9,91,0.6,2021,16,Q,Turkish Grand Prix,Istanbul,,,6.0,,10000,5200.4844444444425,3
4269.493,ALO,14,,22.0,6.0,4173.348,,,34.9,26.301,,4243.232,4269.512,267.0,265.0,253.0,288.0,False,SOFT,1.0,True,Alpine,3948.581,2021-10-09 12:53:42.624,1,,False,,False,False,4005.908,18.3,81.7,1004.7,False,23.6,101,0.6,2021,16,Q,Turkish Grand Prix,Istanbul,,,6.0,,10000,5267.931388888889,3
4352.97,ALO,14,83.477,23.0,6.0,,,30.762,29.592,23.123,4300.255,4329.847,4352.97,280.0,289.0,251.0,319.0,True,SOFT,2.0,True,Alpine,4269.493,2021-10-09 12:59:03.536,1,,False,,False,True,4305.905,18.3,82.6,1004.7,False,23.8,320,0.4,2021,16,Q,Turkish Grand Prix,Istanbul,,,6.0,,10000,5266.079999999998,3
4509.043,ALO,14,,24.0,6.0,,4509.043,39.578,37.938,,4392.54,4430.473,,185.0,252.0,,171.0,False,SOFT,3.0,True,Alpine,4352.97,2021-10-09 13:00:27.013,1,,False,,False,False,4365.906,18.3,82.8,1004.8,False,23.4,4,0.3,2021,16,Q,Turkish Grand Prix,Istanbul,,,6.0,,10000,5144.396944444445,3
928.67,PER,11,,1.0,1.0,787.506,,,37.06,69.82,,858.891,928.914,266.0,159.0,246.0,100.0,False,SOFT,1.0,True,Red Bull Racing,787.506,2021-10-09 12:01:01.549,12,,False,,False,False,825.663,18.4,82.4,1004.4,False,23.0,92,0.6,2021,16,Q,Turkish Grand Prix,Istanbul,,,7.0,,10000,4884.360555555551,1
1017.72,PER,11,89.05,2.0,1.0,,,34.53,30.726,23.794,963.2,993.926,1017.72,276.0,289.0,252.0,317.0,True,SOFT,2.0,True,Red Bull Racing,928.67,2021-10-09 12:03:22.713,1,,False,,False,True,945.656,18.4,82.0,1004.3,False,23.0,85,0.7,2021,16,Q,Turkish Grand Prix,Istanbul,,,7.0,,10000,5250.717500000003,1
1120.193,PER,11,102.473,3.0,1.0,,,36.978,38.634,26.861,1054.698,1093.332,1120.193,252.0,264.0,250.0,269.0,False,SOFT,3.0,True,Red Bull Racing,1017.72,2021-10-09 12:04:51.763,1,,False,,False,True,1065.656,18.5,82.6,1004.5,False,22.7,198,0.3,2021,16,Q,Turkish Grand Prix,Istanbul,,,7.0,,10000,5236.024444444439,1
1207.062,PER,11,86.869,4.0,1.0,,,32.818,30.433,23.618,1153.011,1183.444,1207.062,279.0,290.0,249.0,321.0,True,SOFT,4.0,True,Red Bull Racing,1120.193,2021-10-09 12:06:34.236,12,,False,,False,True,1125.658,18.5,81.9,1004.5,False,22.7,0,0.2,2021,16,Q,Turkish Grand Prix,Istanbul,,,7.0,,10000,5251.651666666667,1
1315.416,PER,11,108.354,5.0,1.0,,1314.842,43.309,35.534,29.511,1250.371,1285.905,1315.416,247.0,247.0,,243.0,False,SOFT,5.0,True,Red Bull Racing,1207.062,2021-10-09 12:08:01.105,21,,False,,False,False,1245.693,18.5,81.5,1004.6,True,22.5,188,0.2,2021,16,Q,Turkish Grand Prix,Istanbul,,,7.0,,10000,5206.744999999999,1
1563.187,PER,11,,6.0,2.0,1459.528,,,32.872,35.418,,1527.769,1563.265,267.0,265.0,251.0,177.0,False,SOFT,1.0,True,Red Bull Racing,1315.416,2021-10-09 12:09:49.459,12,,False,,False,False,1365.701,18.5,82.0,1004.7,True,22.6,0,0.2,2021,16,Q,Turkish Grand Prix,Istanbul,,,7.0,,10000,5266.670000000003,1
1648.645,PER,11,85.458,7.0,2.0,,,32.54,29.831,23.087,1595.727,1625.558,1648.645,279.0,293.0,252.0,323.0,True,SOFT,2.0,True,Red Bull Racing,1563.187,2021-10-09 12:13:57.230,1,,False,,False,True,1605.702,18.4,80.5,1004.7,True,22.3,120,0.2,2021,16,Q,Turkish Grand Prix,Istanbul,,,7.0,,10000,5254.906388888893,1
1767.801,PER,11,119.156,8.0,2.0,,,46.044,40.756,32.356,1694.689,1735.445,1767.801,198.0,164.0,251.0,218.0,False,SOFT,3.0,True,Red Bull Racing,1648.645,2021-10-09 12:15:22.688,1,,False,,False,True,1665.704,18.4,80.9,1004.6,True,22.0,173,0.3,2021,16,Q,Turkish Grand Prix,Istanbul,,,7.0,,10000,5239.806111111109,1
1852.764,PER,11,84.963,9.0,2.0,,,31.958,29.755,23.25,1799.759,1829.514,1852.764,280.0,293.0,253.0,324.0,True,SOFT,4.0,True,Red Bull Racing,1767.801,2021-10-09 12:17:21.844,1,,False,,False,True,1785.734,18.3,80.5,1004.6,True,22.0,203,0.4,2021,16,Q,Turkish Grand Prix,Istanbul,,,7.0,,10000,5244.6094444444425,1
1956.777,PER,11,104.013,10.0,2.0,,1956.201,39.633,35.448,28.932,1892.397,1927.845,1956.777,247.0,257.0,,257.0,False,SOFT,5.0,True,Red Bull Racing,1852.764,2021-10-09 12:18:46.807,1,,False,,False,False,1905.749,18.4,80.9,1004.6,True,22.0,264,0.3,2021,16,Q,Turkish Grand Prix,Istanbul,,,7.0,,10000,5195.864722222221,1
2390.76,PER,11,,11.0,3.0,2267.163,,,37.403,48.799,,2342.004,2390.785,267.0,137.0,250.0,77.0,False,MEDIUM,1.0,True,Red Bull Racing,1956.777,2021-10-09 12:20:30.820,1,,False,,False,False,1965.75,18.4,80.1,1004.7,True,22.0,225,0.3,2021,16,Q,Turkish Grand Prix,Istanbul,,,7.0,,10000,5263.892499999998,2
2518.732,PER,11,127.972,12.0,3.0,,,64.381,35.939,27.652,2455.141,2491.08,2518.732,260.0,265.0,250.0,287.0,False,MEDIUM,2.0,True,Red Bull Racing,2390.76,2021-10-09 12:27:44.803,12,,True,TRACK LIMITS AT TURN 1,False,True,2445.781,18.3,80.7,1004.8,False,21.5,84,0.6,2021,16,Q,Turkish Grand Prix,Istanbul,,,7.0,,10000,5198.152499999994,2
2603.416,PER,11,84.684,13.0,3.0,,,31.799,29.69,23.195,2550.531,2580.221,2603.416,281.0,291.0,253.0,320.0,True,MEDIUM,3.0,True,Red Bull Racing,2518.732,2021-10-09 12:29:52.775,1,,False,,False,True,2565.798,18.2,81.2,1004.6,False,21.9,108,0.5,2021,16,Q,Turkish Grand Prix,Istanbul,,,7.0,,10000,5254.701388888892,2
2701.605,PER,11,98.189,14.0,3.0,,2700.967,36.99,34.096,27.103,2640.406,2674.502,2701.605,249.0,259.0,,274.0,False,MEDIUM,4.0,True,Red Bull Racing,2603.416,2021-10-09 12:31:17.459,1,,False,,False,False,2625.827,18.2,81.2,1004.6,False,21.9,108,0.5,2021,16,Q,Turkish Grand Prix,Istanbul,,,7.0,,10000,5199.066111111117,2
2893.259,PER,11,,15.0,4.0,2803.299,,,32.495,24.946,,2868.313,2893.311,267.0,263.0,253.0,294.0,False,MEDIUM,1.0,True,Red Bull Racing,2701.605,2021-10-09 12:32:55.648,12,,False,,False,False,2745.831,18.5,80.9,1004.6,False,22.6,0,0.1,2021,16,Q,Turkish Grand Prix,Istanbul,,,7.0,,10000,5237.504166666662,2
2977.22,PER,11,83.961,16.0,4.0,,,31.516,29.462,22.983,2924.775,2954.237,2977.22,281.0,291.0,253.0,322.0,True,MEDIUM,2.0,True,Red Bull Racing,2893.259,2021-10-09 12:36:07.302,1,,False,,False,True,2925.852,18.5,79.8,1004.6,False,22.5,114,0.4,2021,16,Q,Turkish Grand Prix,Istanbul,,,7.0,,10000,5256.788888888894,2
3095.593,PER,11,118.373,17.0,4.0,,,42.925,46.552,28.896,3020.145,3066.697,3095.593,154.0,205.0,253.0,262.0,False,MEDIUM,3.0,True,Red Bull Racing,2977.22,2021-10-09 12:37:31.263,12,,False,,False,True,2985.849,18.5,79.7,1004.7,False,22.5,109,0.5,2021,16,Q,Turkish Grand Prix,Istanbul,,,7.0,,10000,5243.716388888889,2
3189.365,PER,11,93.772,18.0,4.0,,3188.644,31.393,29.492,32.887,3126.986,3156.478,3189.365,282.0,281.0,,213.0,False,MEDIUM,4.0,True,Red Bull Racing,3095.593,2021-10-09 12:39:29.636,1,,False,,False,False,3105.844,18.4,80.4,1004.6,False,22.7,109,0.5,2021,16,Q,Turkish Grand Prix,Istanbul,,,7.0,,10000,5209.905277777775,2
3746.873,PER,11,,19.0,5.0,3632.118,,,39.44,37.523,,3709.426,3746.919,257.0,192.0,252.0,151.0,False,SOFT,6.0,False,Red Bull Racing,3189.365,2021-10-09 12:41:03.408,1,,False,,False,False,3225.874,18.4,81.7,1004.7,False,22.8,130,0.3,2021,16,Q,Turkish Grand Prix,Istanbul,,,7.0,,10000,5256.311388888894,3
3830.606,PER,11,83.733,20.0,5.0,,,31.34,29.372,23.021,3778.213,3807.585,3830.606,280.0,293.0,252.0,321.0,True,SOFT,7.0,False,Red Bull Racing,3746.873,2021-10-09 12:50:20.916,1,,False,,False,True,3765.905,18.4,81.8,1004.6,False,23.7,80,0.6,2021,16,Q,Turkish Grand Prix,Istanbul,,,7.0,,10000,5255.654166666666,3
3929.306,PER,11,98.7,21.0,5.0,,3928.669,37.902,34.11,26.688,3868.508,3902.618,3929.306,247.0,260.0,,277.0,False,SOFT,8.0,False,Red Bull Racing,3830.606,2021-10-09 12:51:44.649,1,,False,,False,False,3885.899,18.3,81.9,1004.7,False,23.9,91,0.6,2021,16,Q,Turkish Grand Prix,Istanbul,,,7.0,,10000,5197.507777777777,3
4253.06,PER,11,,22.0,6.0,4159.234,,,34.35,26.584,,4226.498,4253.065,267.0,262.0,253.0,279.0,False,SOFT,1.0,True,Red Bull Racing,3929.306,2021-10-09 12:53:23.349,1,,False,,False,False,3945.908,18.3,81.8,1004.7,False,23.9,121,0.6,2021,16,Q,Turkish Grand Prix,Istanbul,,,7.0,,10000,5262.442222222224,3
4336.766,PER,11,83.706,23.0,6.0,,,31.188,29.483,23.035,4284.248,4313.731,4336.766,280.0,290.0,252.0,318.0,True,SOFT,2.0,True,Red Bull Racing,4253.06,2021-10-09 12:58:47.103,1,,False,,False,True,4305.905,18.3,82.6,1004.7,False,23.8,320,0.4,2021,16,Q,Turkish Grand Prix,Istanbul,,,7.0,,10000,5263.168611111113,3
4438.486,PER,11,,24.0,6.0,,4509.028,44.613,34.098,23.035,4381.433,4415.451,4509.028,247.0,256.0,,260.0,False,SOFT,3.0,True,Red Bull Racing,4336.766,2021-10-09 13:00:10.809,1,,False,,False,False,4365.906,18.3,82.8,1004.8,False,23.4,4,0.3,2021,16,Q,Turkish Grand Prix,Istanbul,,,7.0,,10000,5049.479166666669,3
898.283,NOR,4,,1.0,1.0,771.234,,,36.064,55.125,,843.246,898.552,261.0,207.0,242.0,217.0,False,SOFT,1.0,True,McLaren,771.234,2021-10-09 12:00:45.277,12,,False,,False,False,825.663,18.4,82.4,1004.4,False,23.0,92,0.6,2021,16,Q,Turkish Grand Prix,Istanbul,,,8.0,,10000,4879.571388888885,1
986.362,NOR,4,88.079,2.0,1.0,,,34.214,30.376,23.489,932.497,962.873,986.362,277.0,291.0,252.0,319.0,True,SOFT,2.0,True,McLaren,898.283,2021-10-09 12:02:52.326,21,,False,,False,True,945.656,18.4,82.0,1004.3,False,23.0,85,0.7,2021,16,Q,Turkish Grand Prix,Istanbul,,,8.0,,10000,5266.341388888889,1
1088.125,NOR,4,101.763,3.0,1.0,,,38.527,34.517,28.719,1024.889,1059.406,1088.125,240.0,267.0,245.0,261.0,False,SOFT,3.0,True,McLaren,986.362,2021-10-09 12:04:20.405,1,,False,,False,True,1005.657,18.4,82.5,1004.5,False,22.8,116,0.7,2021,16,Q,Turkish Grand Prix,Istanbul,,,8.0,,10000,5243.86,1
1174.135,NOR,4,86.01,4.0,1.0,,,32.582,29.991,23.437,1120.707,1150.698,1174.135,277.0,292.0,252.0,318.0,True,SOFT,4.0,True,McLaren,1088.125,2021-10-09 12:06:02.168,1,,False,,False,True,1125.658,18.5,81.9,1004.5,False,22.7,0,0.2,2021,16,Q,Turkish Grand Prix,Istanbul,,,8.0,,10000,5265.087777777777,1
1283.933,NOR,4,109.798,5.0,1.0,,,44.513,37.54,27.745,1218.648,1256.188,1283.933,164.0,267.0,253.0,238.0,False,SOFT,5.0,True,McLaren,1174.135,2021-10-09 12:07:28.178,12,,False,,False,True,1185.671,18.5,82.7,1004.5,True,22.5,0,0.1,2021,16,Q,Turkish Grand Prix,Istanbul,,,8.0,,10000,5248.7630555555525,1
1378.136,NOR,4,94.203,6.0,1.0,,1377.621,33.08,34.903,26.22,1317.013,1351.916,1378.136,250.0,273.0,,275.0,False,SOFT,6.0,True,McLaren,1283.933,2021-10-09 12:09:17.976,12,,False,,False,False,1305.703,18.6,81.3,1004.6,True,22.4,0,0.1,2021,16,Q,Turkish Grand Prix,Istanbul,,,8.0,,10000,5215.972777777777,1
1581.646,NOR,4,,7.0,2.0,1483.175,,,38.059,27.166,,1554.48,1581.914,263.0,195.0,253.0,283.0,False,SOFT,1.0,True,McLaren,1378.136,2021-10-09 12:10:52.179,1,,False,,False,False,1425.691,18.5,80.8,1004.7,True,22.6,116,0.3,2021,16,Q,Turkish Grand Prix,Istanbul,,,8.0,,10000,5271.745833333339,1
1666.784,NOR,4,85.138,8.0,2.0,,,32.133,29.847,23.158,1613.779,1643.626,1666.784,278.0,294.0,252.0,319.0,True,SOFT,2.0,True,McLaren,1581.646,2021-10-09 12:14:15.689,1,,False,,False,True,1605.702,18.4,80.5,1004.7,True,22.3,120,0.2,2021,16,Q,Turkish Grand Prix,Istanbul,,,8.0,,10000,5266.538333333333,1
1795.172,NOR,4,128.388,9.0,2.0,,,42.707,42.345,43.336,1709.491,1751.836,1795.172,206.0,205.0,252.0,83.0,False,SOFT,3.0,True,McLaren,1666.784,2021-10-09 12:15:40.827,1,,False,,False,True,1725.706,18.4,80.8,1004.7,True,21.9,103,0.3,2021,16,Q,Turkish Grand Prix,Istanbul,,,8.0,,10000,5279.7013888888805,1
1884.611,NOR,4,89.439,10.0,2.0,,1884.079,32.258,29.922,27.259,1827.43,1857.352,1884.611,278.0,291.0,,287.0,False,SOFT,4.0,True,McLaren,1795.172,2021-10-09 12:17:49.215,1,,False,,False,False,1845.752,18.3,80.9,1004.6,True,22.0,135,0.2,2021,16,Q,Turkish Grand Prix,Istanbul,,,8.0,,10000,5219.804999999998,1
2397.311,NOR,4,,11.0,3.0,2273.048,,,38.803,49.331,,2348.042,2397.349,254.0,265.0,252.0,53.0,False,MEDIUM,1.0,True,McLaren,1884.611,2021-10-09 12:19:18.654,1,,False,,False,False,1905.749,18.4,80.9,1004.6,True,22.0,264,0.3,2021,16,Q,Turkish Grand Prix,Istanbul,,,8.0,,10000,5255.436388888882,2
2494.491,NOR,4,97.18,12.0,3.0,,,36.353,35.712,25.115,2433.664,2469.376,2494.491,264.0,268.0,254.0,272.0,True,MEDIUM,2.0,True,McLaren,2397.311,2021-10-09 12:27:51.354,12,,False,,False,True,2445.781,18.3,80.7,1004.8,False,21.5,84,0.6,2021,16,Q,Turkish Grand Prix,Istanbul,,,8.0,,10000,5256.280555555554,2
2579.133,NOR,4,84.642,13.0,3.0,,,31.754,29.668,23.22,2526.245,2555.913,2579.133,278.0,291.0,251.0,316.0,True,MEDIUM,3.0,True,McLaren,2494.491,2021-10-09 12:29:28.534,1,,False,,False,True,2505.78,18.3,81.5,1004.7,False,21.5,110,0.5,2021,16,Q,Turkish Grand Prix,Istanbul,,,8.0,,10000,5266.6666666666715,2
2678.533,NOR,4,99.4,14.0,3.0,,2677.889,36.083,36.129,27.188,2615.216,2651.345,2678.533,255.0,271.0,,209.0,False,MEDIUM,4.0,True,McLaren,2579.133,2021-10-09 12:30:53.176,1,,False,,False,False,2625.827,18.2,81.2,1004.6,False,21.9,108,0.5,2021,16,Q,Turkish Grand Prix,Istanbul,,,8.0,,10000,5202.840555555555,2
2926.725,NOR,4,,15.0,4.0,2829.111,,,40.453,25.024,,2901.743,2926.759,257.0,242.0,254.0,294.0,False,MEDIUM,1.0,True,McLaren,2678.533,2021-10-09 12:32:32.576,12,,False,,False,False,2685.835,18.2,81.3,1004.6,False,22.2,246,0.4,2021,16,Q,Turkish Grand Prix,Istanbul,,,8.0,,10000,5273.153611111107,2
3011.49,NOR,4,84.765,16.0,4.0,,,31.681,29.649,23.435,2958.406,2988.055,3011.49,277.0,290.0,252.0,315.0,False,MEDIUM,2.0,True,McLaren,2926.725,2021-10-09 12:36:40.768,1,,False,,False,True,2985.849,18.5,79.7,1004.7,False,22.5,109,0.5,2021,16,Q,Turkish Grand Prix,Istanbul,,,8.0,,10000,5255.240555555558,2
3113.408,NOR,4,101.918,17.0,4.0,,,35.998,39.627,26.293,3047.488,3087.115,3113.408,215.0,273.0,255.0,211.0,False,MEDIUM,3.0,True,McLaren,3011.49,2021-10-09 12:38:05.533,12,,False,,False,True,3045.844,18.4,80.6,1004.7,False,22.7,121,0.6,2021,16,Q,Turkish Grand Prix,Istanbul,,,8.0,,10000,5254.823055555558,2
3201.993,NOR,4,88.585,18.0,4.0,,,31.407,29.629,27.549,3144.815,3174.444,3201.993,279.0,292.0,104.0,317.0,False,MEDIUM,4.0,True,McLaren,3113.408,2021-10-09 12:39:47.451,1,,False,,False,True,3165.858,18.4,80.8,1004.6,False,22.7,97,0.6,2021,16,Q,Turkish Grand Prix,Istanbul,,,8.0,,10000,5248.87083333334,2
3308.871,NOR,4,106.878,19.0,4.0,,3308.245,41.091,36.355,29.432,3243.084,3279.439,3308.871,222.0,181.0,,208.0,False,MEDIUM,5.0,True,McLaren,3201.993,2021-10-09 12:41:16.036,1,,False,,False,False,3225.874,18.4,81.7,1004.7,False,22.8,130,0.3,2021,16,Q,Turkish Grand Prix,Istanbul,,,8.0,,10000,5214.06138888889,2
3740.762,NOR,4,,20.0,5.0,3627.658,,,43.128,32.158,,3708.66,3740.787,264.0,268.0,253.0,242.0,False,SOFT,1.0,True,McLaren,3308.871,2021-10-09 12:43:02.914,1,,False,,False,False,3345.875,18.5,81.0,1004.7,False,22.9,118,0.3,2021,16,Q,Turkish Grand Prix,Istanbul,,,8.0,,10000,5259.594444444443,3
3824.815,NOR,4,84.053,21.0,5.0,,,31.395,29.63,23.028,3772.157,3801.787,3824.815,276.0,293.0,253.0,316.0,True,SOFT,2.0,True,McLaren,3740.762,2021-10-09 12:50:14.805,1,,False,,False,True,3765.905,18.4,81.8,1004.6,False,23.7,80,0.6,2021,16,Q,Turkish Grand Prix,Istanbul,,,8.0,,10000,5264.124444444453,3
3923.926,NOR,4,99.111,22.0,5.0,,3923.29,36.298,36.128,26.685,3861.113,3897.241,3923.926,222.0,275.0,,232.0,False,SOFT,3.0,True,McLaren,3824.815,2021-10-09 12:51:38.858,1,,False,,False,False,3825.907,18.4,81.8,1004.6,False,23.7,133,0.7,2021,16,Q,Turkish Grand Prix,Istanbul,,,8.0,,10000,5207.879166666673,3
4262.87,NOR,4,,23.0,6.0,4164.413,,,36.532,28.21,,4234.697,4262.906,260.0,267.0,254.0,279.0,False,SOFT,1.0,True,McLaren,3923.926,2021-10-09 12:53:17.969,1,,False,,False,False,3945.908,18.3,81.8,1004.7,False,23.9,121,0.6,2021,16,Q,Turkish Grand Prix,Istanbul,,,8.0,,10000,5260.58361111111,3
4346.824,NOR,4,83.954,24.0,6.0,,,31.247,29.607,23.1,4294.117,4323.724,4346.824,277.0,291.0,252.0,318.0,True,SOFT,2.0,True,McLaren,4262.87,2021-10-09 12:58:56.913,1,,False,,False,True,4305.905,18.3,82.6,1004.7,False,23.8,320,0.4,2021,16,Q,Turkish Grand Prix,Istanbul,,,8.0,,10000,5259.731388888897,3
4443.884,NOR,4,,25.0,6.0,,4509.008,38.72,35.215,23.1,4385.62,4420.784,4509.008,207.0,274.0,,189.0,False,SOFT,3.0,True,McLaren,4346.824,2021-10-09 13:00:20.867,1,,False,,False,False,4365.906,18.3,82.8,1004.8,False,23.4,4,0.3,2021,16,Q,Turkish Grand Prix,Istanbul,,,8.0,,10000,5011.513333333328,3
911.194,STR,18,,1.0,1.0,774.862,,,33.066,64.802,,846.412,911.46,258.0,273.0,250.0,90.0,False,SOFT,1.0,True,Aston Martin,774.862,2021-10-09 12:00:48.905,12,,False,,False,False,825.663,18.4,82.4,1004.4,False,23.0,92,0.6,2021,16,Q,Turkish Grand Prix,Istanbul,,,9.0,,10000,4874.861944444436,1
1016.05,STR,18,104.856,2.0,1.0,,,38.403,35.626,30.826999999999998,949.597,985.223,1016.05,259.0,274.0,249.0,227.0,True,SOFT,2.0,True,Aston Martin,911.194,2021-10-09 12:03:05.237,12,,False,,False,True,945.656,18.4,82.0,1004.3,False,23.0,85,0.7,2021,16,Q,Turkish Grand Prix,Istanbul,,,9.0,,10000,5267.091111111112,1
1103.391,STR,18,87.341,3.0,1.0,,,33.52,30.261,23.56,1049.57,1079.831,1103.391,276.0,294.0,253.0,325.0,True,SOFT,3.0,True,Aston Martin,1016.05,2021-10-09 12:04:50.093,1,,False,,False,True,1065.656,18.5,82.6,1004.5,False,22.7,198,0.3,2021,16,Q,Turkish Grand Prix,Istanbul,,,9.0,,10000,5262.705277777777,1
1207.022,STR,18,103.631,4.0,1.0,,1206.42,36.375,38.559,28.697,1139.766,1178.325,1207.022,195.0,266.0,,244.0,False,SOFT,4.0,True,Aston Martin,1103.391,2021-10-09 12:06:17.434,12,,False,,False,False,1125.658,18.5,81.9,1004.5,False,22.7,0,0.2,2021,16,Q,Turkish Grand Prix,Istanbul,,,9.0,,10000,5203.872777777782,1
1532.89,STR,18,,5.0,2.0,1432.375,,,35.98,29.753,,1503.245,1533.12,263.0,273.0,250.0,297.0,False,SOFT,1.0,True,Aston Martin,1207.022,2021-10-09 12:08:01.065,21,,False,,False,False,1245.693,18.5,81.5,1004.6,True,22.5,188,0.2,2021,16,Q,Turkish Grand Prix,Istanbul,,,9.0,,10000,5253.015277777773,1
1619.461,STR,18,86.571,6.0,2.0,,,33.078,30.027,23.466,1565.968,1595.995,1619.461,279.0,291.0,251.0,318.0,True,SOFT,2.0,True,Aston Martin,1532.89,2021-10-09 12:13:26.933,1,,False,,False,True,1545.702,18.4,81.0,1004.7,True,22.5,111,0.2,2021,16,Q,Turkish Grand Prix,Istanbul,,,9.0,,10000,5261.099166666671,1
1736.175,STR,18,116.714,7.0,2.0,,,44.931,44.379,27.404,1664.392,1708.771,1736.175,188.0,257.0,251.0,218.0,False,SOFT,3.0,True,Aston Martin,1619.461,2021-10-09 12:14:53.504,1,,False,,False,True,1665.704,18.4,80.9,1004.6,True,22.0,173,0.3,2021,16,Q,Turkish Grand Prix,Istanbul,,,9.0,,10000,5252.182500000003,1
1821.686,STR,18,85.511,8.0,2.0,,,32.417,29.828,23.266,1768.592,1798.42,1821.686,279.0,293.0,251.0,319.0,True,SOFT,4.0,True,Aston Martin,1736.175,2021-10-09 12:16:50.218,1,,False,,False,True,1785.734,18.3,80.5,1004.6,True,22.0,203,0.4,2021,16,Q,Turkish Grand Prix,Istanbul,,,9.0,,10000,5265.315555555555,1
1923.714,STR,18,102.028,9.0,2.0,,1923.13,36.53,35.273,30.225,1858.216,1893.489,1923.714,250.0,239.0,,213.0,False,SOFT,5.0,True,Aston Martin,1821.686,2021-10-09 12:18:15.729,1,,False,,False,False,1845.752,18.3,80.9,1004.6,True,22.0,135,0.2,2021,16,Q,Turkish Grand Prix,Istanbul,,,9.0,,10000,5199.774722222222,1
2358.814,STR,18,,10.0,3.0,2254.543,,,33.932,35.263,,2323.598,2358.847,266.0,279.0,251.0,262.0,False,MEDIUM,1.0,True,Aston Martin,1923.714,2021-10-09 12:19:57.757,1,,False,,False,False,1965.75,18.4,80.1,1004.7,True,22.0,225,0.3,2021,16,Q,Turkish Grand Prix,Istanbul,,,9.0,,10000,5254.3200000000015,2
2463.281,STR,18,104.467,11.0,3.0,,,35.807,41.552,27.108,2394.621,2436.173,2463.281,232.0,274.0,250.0,283.0,True,MEDIUM,2.0,True,Aston Martin,2358.814,2021-10-09 12:27:12.857,12,,False,,False,True,2385.78,18.3,80.7,1004.6,False,21.6,84,0.6,2021,16,Q,Turkish Grand Prix,Istanbul,,,9.0,,10000,5264.778611111113,2
2548.565,STR,18,85.284,12.0,3.0,,,32.305,29.88,23.099,2495.586,2525.466,2548.565,279.0,293.0,252.0,320.0,True,MEDIUM,3.0,True,Aston Martin,2463.281,2021-10-09 12:28:57.324,1,,False,,False,True,2505.78,18.3,81.5,1004.7,False,21.5,110,0.5,2021,16,Q,Turkish Grand Prix,Istanbul,,,9.0,,10000,5251.100000000001,2
2642.056,STR,18,93.491,13.0,3.0,,2641.369,34.479,32.726,26.286,2583.044,2615.77,2642.056,256.0,275.0,,260.0,False,MEDIUM,4.0,True,Aston Martin,2548.565,2021-10-09 12:30:22.608,1,,False,,False,False,2565.798,18.2,81.2,1004.6,False,21.9,108,0.5,2021,16,Q,Turkish Grand Prix,Istanbul,,,9.0,,10000,5203.624444444445,2
2846.651,STR,18,,14.0,4.0,2746.803,,,32.511,34.903,,2811.808,2846.69,263.0,276.0,252.0,193.0,False,MEDIUM,1.0,True,Aston Martin,2642.056,2021-10-09 12:31:56.099,12,,False,,False,False,2685.835,18.2,81.3,1004.6,False,22.2,246,0.4,2021,16,Q,Turkish Grand Prix,Istanbul,,,9.0,,10000,5246.855833333337,2
2931.252,STR,18,84.601,15.0,4.0,,,31.846,29.592,23.163,2878.497,2908.089,2931.252,278.0,292.0,251.0,322.0,True,MEDIUM,2.0,True,Aston Martin,2846.651,2021-10-09 12:35:20.694,1,,False,,False,True,2865.852,18.5,80.0,1004.6,False,22.5,67,0.2,2021,16,Q,Turkish Grand Prix,Istanbul,,,9.0,,10000,5259.607222222225,2
3053.884,STR,18,122.632,16.0,4.0,,,41.156,49.301,32.175,2972.408,3021.709,3053.884,163.0,254.0,251.0,143.0,False,MEDIUM,3.0,True,Aston Martin,2931.252,2021-10-09 12:36:45.295,1,,False,,False,True,2985.849,18.5,79.7,1004.7,False,22.5,109,0.5,2021,16,Q,Turkish Grand Prix,Istanbul,,,9.0,,10000,5259.564166666663,2
3180.351,STR,18,126.467,17.0,4.0,,3179.66,55.143,41.957,29.367,3109.027,3150.984,3180.351,96.0,276.0,,263.0,False,MEDIUM,4.0,True,Aston Martin,3053.884,2021-10-09 12:38:47.927,12,,False,,False,False,3105.844,18.4,80.4,1004.6,False,22.7,109,0.5,2021,16,Q,Turkish Grand Prix,Istanbul,,,9.0,,10000,5196.592500000003,2
3754.989,STR,18,,18.0,5.0,3651.463,,,34.681,36.139,,3718.882,3755.013,261.0,272.0,251.0,189.0,False,SOFT,6.0,False,Aston Martin,3180.351,2021-10-09 12:40:54.394,1,,False,,False,False,3225.874,18.4,81.7,1004.7,False,22.8,130,0.3,2021,16,Q,Turkish Grand Prix,Istanbul,,,9.0,,10000,5265.829722222225,3
3840.101,STR,18,85.112,19.0,5.0,,,32.021,29.828,23.263,3787.01,3816.838,3840.101,277.0,292.0,250.0,319.0,True,SOFT,7.0,False,Aston Martin,3754.989,2021-10-09 12:50:29.032,1,,False,,False,True,3765.905,18.4,81.8,1004.6,False,23.7,80,0.6,2021,16,Q,Turkish Grand Prix,Istanbul,,,9.0,,10000,5272.339722222224,3
3944.812,STR,18,104.711,20.0,5.0,,3944.109,34.346,32.91,37.455,3874.447,3907.357,3944.812,254.0,276.0,,126.0,False,SOFT,8.0,False,Aston Martin,3840.101,2021-10-09 12:51:54.144,1,,False,,False,False,3885.899,18.3,81.9,1004.7,False,23.9,91,0.6,2021,16,Q,Turkish Grand Prix,Istanbul,,,9.0,,10000,5204.048888888886,3
4283.881,STR,18,,21.0,6.0,4177.227,,,34.42,37.097,,4246.792,4283.89,263.0,270.0,251.0,175.0,False,SOFT,1.0,True,Aston Martin,3944.812,2021-10-09 12:53:38.855,1,,False,,False,False,3945.908,18.3,81.8,1004.7,False,23.9,121,0.6,2021,16,Q,Turkish Grand Prix,Istanbul,,,9.0,,10000,5251.609722222228,3
4368.186,STR,18,84.305,22.0,6.0,,,31.433,29.65,23.222,4315.314,4344.964,4368.186,278.0,291.0,250.0,318.0,True,SOFT,2.0,True,Aston Martin,4283.881,2021-10-09 12:59:17.924,1,,False,,False,True,4305.905,18.3,82.6,1004.7,False,23.8,320,0.4,2021,16,Q,Turkish Grand Prix,Istanbul,,,9.0,,10000,5273.564166666669,3
4509.057,STR,18,,23.0,6.0,,4509.057,40.065,36.558,,4408.243,4444.8,,185.0,195.0,,168.0,False,SOFT,3.0,True,Aston Martin,4368.186,2021-10-09 13:00:42.229,1,,False,,False,False,4425.906,18.4,82.5,1004.8,False,23.4,227,0.1,2021,16,Q,Turkish Grand Prix,Istanbul,,,9.0,,10000,5141.060277777781,3
861.111,TSU,22,,1.0,1.0,738.472,,,35.437,45.1,,816.037,861.656,265.0,247.0,247.0,271.0,False,SOFT,1.0,True,AlphaTauri,738.472,2021-10-09 12:00:12.515,1,,False,,False,False,765.661,18.4,82.3,1004.4,False,22.9,102,0.7,2021,16,Q,Turkish Grand Prix,Istanbul,,,10.0,,10000,4870.143333333331,1
967.572,TSU,22,106.461,2.0,1.0,,,38.476,41.017,26.968,899.587,940.604,967.572,246.0,259.0,252.0,268.0,False,SOFT,2.0,True,AlphaTauri,861.111,2021-10-09 12:02:15.154,12,,True,TRACK LIMITS AT TURN 1,False,True,885.654,18.4,82.0,1004.3,False,23.0,93,0.7,2021,16,Q,Turkish Grand Prix,Istanbul,,,10.0,,10000,5249.634999999999,1
1055.015,TSU,22,87.443,3.0,1.0,,,33.607,30.262,23.574,1001.179,1031.441,1055.015,278.0,292.0,251.0,321.0,True,SOFT,3.0,True,AlphaTauri,967.572,2021-10-09 12:04:01.615,1,,False,,False,True,1005.657,18.4,82.5,1004.5,False,22.8,116,0.7,2021,16,Q,Turkish Grand Prix,Istanbul,,,10.0,,10000,5266.006111111114,1
1179.272,TSU,22,124.257,4.0,1.0,,,48.797,46.892,28.568,1103.812,1150.704,1179.272,222.0,151.0,253.0,273.0,False,SOFT,4.0,True,AlphaTauri,1055.015,2021-10-09 12:05:29.058,1,,False,,False,True,1065.656,18.5,82.6,1004.5,False,22.7,198,0.3,2021,16,Q,Turkish Grand Prix,Istanbul,,,10.0,,10000,5259.534444444444,1
1309.586,TSU,22,130.314,5.0,1.0,,1309.002,64.232,37.789,28.293,1243.504,1281.293,1309.586,232.0,263.0,,280.0,False,SOFT,5.0,True,AlphaTauri,1179.272,2021-10-09 12:07:33.315,12,,False,,False,False,1185.671,18.5,82.7,1004.5,True,22.5,0,0.1,2021,16,Q,Turkish Grand Prix,Istanbul,,,10.0,,10000,5153.552499999999,1
1537.959,TSU,22,,6.0,2.0,1430.24,,,39.064,33.263,,1504.737,1538.251,268.0,262.0,251.0,257.0,False,SOFT,1.0,True,AlphaTauri,1309.586,2021-10-09 12:09:43.629,12,,False,,False,False,1365.701,18.5,82.0,1004.7,True,22.6,0,0.2,2021,16,Q,Turkish Grand Prix,Istanbul,,,10.0,,10000,5253.87055555555,1
1624.072,TSU,22,86.113,7.0,2.0,,,32.913,29.831,23.369,1570.872,1600.703,1624.072,280.0,293.0,251.0,319.0,True,SOFT,2.0,True,AlphaTauri,1537.959,2021-10-09 12:13:32.002,1,,False,,False,True,1545.702,18.4,81.0,1004.7,True,22.5,111,0.2,2021,16,Q,Turkish Grand Prix,Istanbul,,,10.0,,10000,5259.049999999996,1
1755.354,TSU,22,131.282,8.0,2.0,,,48.478,54.55,28.254,1672.55,1727.1,1755.354,128.0,240.0,252.0,265.0,False,SOFT,3.0,True,AlphaTauri,1624.072,2021-10-09 12:14:58.115,1,,False,,False,True,1665.704,18.4,80.9,1004.6,True,22.0,173,0.3,2021,16,Q,Turkish Grand Prix,Istanbul,,,10.0,,10000,5250.373333333333,1
1840.763,TSU,22,85.409,9.0,2.0,,,32.351,29.73,23.328,1787.705,1817.435,1840.763,281.0,293.0,251.0,323.0,True,SOFT,4.0,True,AlphaTauri,1755.354,2021-10-09 12:17:09.397,1,,False,,False,True,1785.734,18.3,80.5,1004.6,True,22.0,203,0.4,2021,16,Q,Turkish Grand Prix,Istanbul,,,10.0,,10000,5257.788333333335,1
1946.788,TSU,22,106.025,10.0,2.0,,1946.228,41.475,35.156,29.394,1882.238,1917.394,1946.788,249.0,263.0,,225.0,False,SOFT,5.0,True,AlphaTauri,1840.763,2021-10-09 12:18:34.806,1,,False,,False,False,1845.752,18.3,80.9,1004.6,True,22.0,135,0.2,2021,16,Q,Turkish Grand Prix,Istanbul,,,10.0,,10000,5185.956666666668,1
2368.555,TSU,22,,11.0,3.0,2248.294,,,35.639,45.59,,2322.965,2368.592,267.0,263.0,249.0,223.0,False,SOFT,1.0,True,AlphaTauri,1946.788,2021-10-09 12:20:20.831,1,,False,,False,False,1965.75,18.4,80.1,1004.7,True,22.0,225,0.3,2021,16,Q,Turkish Grand Prix,Istanbul,,,10.0,,10000,5243.373888888877,2
2453.679,TSU,22,85.124,12.0,3.0,,,32.102,29.761,23.261,2400.657,2430.418,2453.679,280.0,291.0,251.0,319.0,True,SOFT,2.0,True,AlphaTauri,2368.555,2021-10-09 12:27:22.598,12,,False,,False,True,2385.78,18.3,80.7,1004.6,False,21.6,84,0.6,2021,16,Q,Turkish Grand Prix,Istanbul,,,10.0,,10000,5257.704166666668,2
2575.907,TSU,22,122.228,13.0,3.0,,,47.159,45.976,29.093,2500.838,2546.814,2575.907,187.0,249.0,253.0,216.0,False,SOFT,3.0,True,AlphaTauri,2453.679,2021-10-09 12:28:47.722,1,,False,,False,True,2505.78,18.3,81.5,1004.7,False,21.5,110,0.5,2021,16,Q,Turkish Grand Prix,Istanbul,,,10.0,,10000,5249.295555555554,2
2660.318,TSU,22,84.411,14.0,3.0,,,31.595,29.701999999999998,23.114,2607.502,2637.204,2660.318,282.0,291.0,252.0,324.0,True,SOFT,4.0,True,AlphaTauri,2575.907,2021-10-09 12:30:49.950,1,,False,,False,True,2625.827,18.2,81.2,1004.6,False,21.9,108,0.5,2021,16,Q,Turkish Grand Prix,Istanbul,,,10.0,,10000,5270.050833333334,2
2767.168,TSU,22,106.85,15.0,3.0,,2766.499,38.453,40.878,27.519,2698.771,2739.649,2767.168,253.0,265.0,,290.0,False,SOFT,5.0,True,AlphaTauri,2660.318,2021-10-09 12:32:14.361,12,,False,,False,False,2685.835,18.2,81.3,1004.6,False,22.2,246,0.4,2021,16,Q,Turkish Grand Prix,Istanbul,,,10.0,,10000,5192.616111111111,2
3020.129,TSU,22,,16.0,4.0,2915.444,,,41.259,28.557,,2991.593,3020.138,265.0,253.0,253.0,247.0,False,SOFT,1.0,True,AlphaTauri,2767.168,2021-10-09 12:34:01.211,21,,False,,False,False,2805.827,18.4,80.2,1004.6,False,22.6,110,0.2,2021,16,Q,Turkish Grand Prix,Istanbul,,,10.0,,10000,5236.58361111111,2
3104.183,TSU,22,84.054,17.0,4.0,,,31.356,29.544,23.154,3051.485,3081.029,3104.183,282.0,293.0,252.0,320.0,True,SOFT,2.0,True,AlphaTauri,3020.129,2021-10-09 12:38:14.172,12,,False,,False,True,3045.844,18.4,80.6,1004.7,False,22.7,121,0.6,2021,16,Q,Turkish Grand Prix,Istanbul,,,10.0,,10000,5250.155555555559,2
3211.636,TSU,22,107.453,18.0,4.0,,3210.993,44.685,34.949,27.819,3148.868,3183.817,3211.636,247.0,263.0,,249.0,False,SOFT,3.0,True,AlphaTauri,3104.183,2021-10-09 12:39:38.226,1,,False,,False,False,3105.844,18.4,80.4,1004.6,False,22.7,109,0.5,2021,16,Q,Turkish Grand Prix,Istanbul,,,10.0,,10000,5208.914444444443,2
3721.765,TSU,22,,19.0,5.0,3617.074,,,34.635,33.594,,3688.213,3721.782,270.0,263.0,254.0,260.0,False,MEDIUM,1.0,True,AlphaTauri,3211.636,2021-10-09 12:41:25.679,1,,False,,False,False,3225.874,18.4,81.7,1004.7,False,22.8,130,0.3,2021,16,Q,Turkish Grand Prix,Istanbul,,,10.0,,10000,5253.425833333333,3
3806.743,TSU,22,84.978,20.0,5.0,,,31.688,29.708,23.582,3753.453,3783.161,3806.743,280.0,292.0,250.0,325.0,True,MEDIUM,2.0,True,AlphaTauri,3721.765,2021-10-09 12:49:55.808,1,,False,,False,True,3765.905,18.4,81.8,1004.6,False,23.7,80,0.6,2021,16,Q,Turkish Grand Prix,Istanbul,,,10.0,,10000,5256.807777777785,3
3906.681,TSU,22,99.938,21.0,5.0,,3906.138,37.245,35.864,26.829,3843.988,3879.852,3906.681,254.0,264.0,,279.0,False,MEDIUM,3.0,True,AlphaTauri,3806.743,2021-10-09 12:51:20.786,1,,False,,False,False,3825.907,18.4,81.8,1004.6,False,23.7,133,0.7,2021,16,Q,Turkish Grand Prix,Istanbul,,,10.0,,10000,5196.354166666672,3
4203.555,TSU,22,,22.0,6.0,4088.575,,,42.989,34.869,,4168.725,4203.573,260.0,244.0,253.0,244.0,False,SOFT,1.0,True,AlphaTauri,3906.681,2021-10-09 12:53:00.724,1,,False,,False,False,3945.908,18.3,81.8,1004.7,False,23.9,121,0.6,2021,16,Q,Turkish Grand Prix,Istanbul,,,10.0,,10000,5251.990555555555,3
4287.923,TSU,22,84.368,23.0,6.0,,,31.375,29.61,23.383,4234.93,4264.54,4287.923,281.0,291.0,251.0,320.0,True,SOFT,2.0,True,AlphaTauri,4203.555,2021-10-09 12:57:57.598,1,,False,,False,True,4245.906,18.3,82.5,1004.7,False,23.8,95,0.8,2021,16,Q,Turkish Grand Prix,Istanbul,,,10.0,,10000,5256.231111111114,3
4398.856,TSU,22,,24.0,6.0,,4509.064,48.6,38.949,23.383,4336.588,4375.473,4509.064,222.0,262.0,,285.0,False,SOFT,3.0,True,AlphaTauri,4287.923,2021-10-09 12:59:21.966,1,,False,,False,False,4305.905,18.3,82.6,1004.7,False,23.8,320,0.4,2021,16,Q,Turkish Grand Prix,Istanbul,,,10.0,,10000,5107.998055555553,3
935.499,VET,5,,1.0,1.0,804.813,,,33.331,62.444,,873.056,935.761,260.0,271.0,247.0,166.0,False,SOFT,1.0,True,Aston Martin,804.813,2021-10-09 12:01:18.856,12,,False,,False,False,825.663,18.4,82.4,1004.4,False,23.0,92,0.6,2021,16,Q,Turkish Grand Prix,Istanbul,,,11.0,,10000,4874.030277777779,1
1024.241,VET,5,88.742,2.0,1.0,,,34.767,30.66,23.315,970.266,1000.926,1024.241,278.0,293.0,253.0,324.0,True,SOFT,2.0,True,Aston Martin,935.499,2021-10-09 12:03:29.542,1,,False,,False,True,945.656,18.4,82.0,1004.3,False,23.0,85,0.7,2021,16,Q,Turkish Grand Prix,Istanbul,,,11.0,,10000,5258.260277777778,1
1131.898,VET,5,107.657,3.0,1.0,,,38.491,38.154,31.012,1062.732,1100.886,1131.898,256.0,266.0,250.0,199.0,False,SOFT,3.0,True,Aston Martin,1024.241,2021-10-09 12:04:58.284,1,,False,,False,True,1065.656,18.5,82.6,1004.5,False,22.7,198,0.3,2021,16,Q,Turkish Grand Prix,Istanbul,,,11.0,,10000,5256.083055555553,1
1218.787,VET,5,86.889,4.0,1.0,,,33.226,30.286,23.377,1165.124,1195.41,1218.787,277.0,295.0,254.0,327.0,True,SOFT,4.0,True,Aston Martin,1131.898,2021-10-09 12:06:45.941,12,,False,,False,True,1185.671,18.5,82.7,1004.5,True,22.5,0,0.1,2021,16,Q,Turkish Grand Prix,Istanbul,,,11.0,,10000,5256.905555555554,1
1321.699,VET,5,102.912,5.0,1.0,,1321.115,39.712,35.066,28.134,1258.499,1293.565,1321.699,239.0,274.0,,247.0,False,SOFT,5.0,True,Aston Martin,1218.787,2021-10-09 12:08:12.830,1,,False,,False,False,1245.693,18.5,81.5,1004.6,True,22.5,188,0.2,2021,16,Q,Turkish Grand Prix,Istanbul,,,11.0,,10000,5207.696666666669,1
1568.399,VET,5,,6.0,2.0,1461.945,,,33.167,38.297,,1530.121,1568.647,263.0,276.0,253.0,251.0,False,SOFT,1.0,True,Aston Martin,1321.699,2021-10-09 12:09:55.742,12,,False,,False,False,1365.701,18.5,82.0,1004.7,True,22.6,0,0.2,2021,16,Q,Turkish Grand Prix,Istanbul,,,11.0,,10000,5265.765277777774,1
1669.187,VET,5,100.788,7.0,2.0,,,36.72,35.99,28.078,1605.119,1641.109,1669.187,262.0,274.0,241.0,154.0,False,SOFT,2.0,True,Aston Martin,1568.399,2021-10-09 12:14:02.442,1,,True,TRACK LIMITS AT TURN 1,False,True,1605.702,18.4,80.5,1004.7,True,22.3,120,0.2,2021,16,Q,Turkish Grand Prix,Istanbul,,,11.0,,10000,5251.2569444444425,1
1773.749,VET,5,104.562,8.0,2.0,,,36.91,36.334,31.318,1706.097,1742.431,1773.749,260.0,276.0,252.0,181.0,False,SOFT,3.0,True,Aston Martin,1669.187,2021-10-09 12:15:43.230,1,,False,,False,True,1725.706,18.4,80.8,1004.7,True,21.9,103,0.3,2021,16,Q,Turkish Grand Prix,Istanbul,,,11.0,,10000,5247.887777777779,1
1859.536,VET,5,85.787,9.0,2.0,,,32.645,29.98,23.162,1806.394,1836.374,1859.536,280.0,293.0,253.0,321.0,True,SOFT,4.0,True,Aston Martin,1773.749,2021-10-09 12:17:27.792,1,,False,,False,True,1785.734,18.3,80.5,1004.6,True,22.0,203,0.4,2021,16,Q,Turkish Grand Prix,Istanbul,,,11.0,,10000,5260.59861111111,1
1960.292,VET,5,100.756,10.0,2.0,,1959.7,37.615,33.84,29.301,1897.151,1930.991,1960.292,248.0,276.0,,217.0,False,SOFT,5.0,True,Aston Martin,1859.536,2021-10-09 12:18:53.579,1,,False,,False,False,1905.749,18.4,80.9,1004.6,True,22.0,264,0.3,2021,16,Q,Turkish Grand Prix,Istanbul,,,11.0,,10000,5204.4113888888905,1
2363.202,VET,5,,11.0,3.0,2251.284,,,35.374,40.24,,2323.021,2363.219,259.0,276.0,253.0,226.0,False,MEDIUM,1.0,True,Aston Martin,1960.292,2021-10-09 12:20:34.335,1,,False,,False,False,1965.75,18.4,80.1,1004.7,True,22.0,225,0.3,2021,16,Q,Turkish Grand Prix,Istanbul,,,11.0,,10000,5252.268333333336,2
2458.036,VET,5,94.834,12.0,3.0,,,33.401,33.91,27.523,2396.603,2430.513,2458.036,276.0,248.0,253.0,255.0,True,MEDIUM,2.0,True,Aston Martin,2363.202,2021-10-09 12:27:17.245,12,,False,,False,True,2385.78,18.3,80.7,1004.6,False,21.6,84,0.6,2021,16,Q,Turkish Grand Prix,Istanbul,,,11.0,,10000,5253.611666666664,2
2543.278,VET,5,85.242,13.0,3.0,,,32.375,29.793,23.074,2490.411,2520.204,2543.278,279.0,293.0,253.0,322.0,True,MEDIUM,3.0,True,Aston Martin,2458.036,2021-10-09 12:28:52.079,1,,False,,False,True,2505.78,18.3,81.5,1004.7,False,21.5,110,0.5,2021,16,Q,Turkish Grand Prix,Istanbul,,,11.0,,10000,5254.512499999996,2
2639.424,VET,5,96.146,14.0,3.0,,2638.726,34.464,34.132,27.55,2577.742,2611.874,2639.424,257.0,274.0,,237.0,False,MEDIUM,4.0,True,Aston Martin,2543.278,2021-10-09 12:30:17.321,1,,False,,False,False,2565.798,18.2,81.2,1004.6,False,21.9,108,0.5,2021,16,Q,Turkish Grand Prix,Istanbul,,,11.0,,10000,5205.06888888889,2
2838.775,VET,5,,15.0,4.0,2740.915,,,34.465,31.005,,2807.816,2838.776,265.0,276.0,252.0,162.0,False,MEDIUM,1.0,True,Aston Martin,2639.424,2021-10-09 12:31:53.467,12,,False,,False,False,2685.835,18.2,81.3,1004.6,False,22.2,246,0.4,2021,16,Q,Turkish Grand Prix,Istanbul,,,11.0,,10000,5267.342500000006,2
2923.843,VET,5,85.068,16.0,4.0,,,32.213,29.747,23.108,2870.988,2900.735,2923.843,278.0,291.0,252.0,322.0,True,MEDIUM,2.0,True,Aston Martin,2838.775,2021-10-09 12:35:12.818,1,,False,,False,True,2865.852,18.5,80.0,1004.6,False,22.5,67,0.2,2021,16,Q,Turkish Grand Prix,Istanbul,,,11.0,,10000,5272.548888888885,2
3046.905,VET,5,123.062,17.0,4.0,,,41.739,47.234,34.089,2965.582,3012.816,3046.905,217.0,148.0,252.0,250.0,False,MEDIUM,3.0,True,Aston Martin,2923.843,2021-10-09 12:36:37.886,1,,False,,False,True,2925.852,18.5,79.8,1004.6,False,22.5,114,0.4,2021,16,Q,Turkish Grand Prix,Istanbul,,,11.0,,10000,5261.602222222216,2
3131.7,VET,5,84.795,18.0,4.0,,,31.999,29.67,23.126,3078.904,3108.574,3131.7,279.0,291.0,252.0,320.0,True,MEDIUM,4.0,True,Aston Martin,3046.905,2021-10-09 12:38:40.948,12,,False,,False,True,3105.844,18.4,80.4,1004.6,False,22.7,109,0.5,2021,16,Q,Turkish Grand Prix,Istanbul,,,11.0,,10000,5271.996388888889,2
3241.423,VET,5,109.723,19.0,4.0,,3240.728,41.318,39.13,29.275,3173.018,3212.148,3241.423,209.0,267.0,,202.0,False,MEDIUM,5.0,True,Aston Martin,3131.7,2021-10-09 12:40:05.743,1,,False,,False,False,3165.858,18.4,80.8,1004.6,False,22.7,97,0.6,2021,16,Q,Turkish Grand Prix,Istanbul,,,11.0,,10000,5191.787222222219,2
922.881,OCO,31,,1.0,1.0,783.153,,,35.475,67.44,,855.449,923.115,253.0,263.0,242.0,118.0,False,SOFT,1.0,True,Alpine,783.153,2021-10-09 12:00:57.196,12,,False,,False,False,825.663,18.4,82.4,1004.4,False,23.0,92,0.6,2021,16,Q,Turkish Grand Prix,Istanbul,,,12.0,,10000,4873.335555555546,1
1011.909,OCO,31,89.028,2.0,1.0,,,35.052,30.262,23.714,957.933,988.195,1011.909,279.0,291.0,250.0,317.0,True,SOFT,2.0,True,Alpine,922.881,2021-10-09 12:03:16.924,1,,False,,False,True,945.656,18.4,82.0,1004.3,False,23.0,85,0.7,2021,16,Q,Turkish Grand Prix,Istanbul,,,12.0,,10000,5249.963611111115,1
1099.47,OCO,31,87.561,3.0,1.0,,,33.248,30.434,23.879,1045.157,1075.591,1099.47,280.0,281.0,248.0,311.0,True,SOFT,3.0,True,Alpine,1011.909,2021-10-09 12:04:45.952,1,,False,,False,True,1065.656,18.5,82.6,1004.5,False,22.7,198,0.3,2021,16,Q,Turkish Grand Prix,Istanbul,,,12.0,,10000,5234.9616666666625,1
1205.17,OCO,31,105.7,4.0,1.0,,,42.209,35.478,28.013,1141.679,1177.157,1205.17,252.0,259.0,243.0,229.0,False,SOFT,4.0,True,Alpine,1099.47,2021-10-09 12:06:13.513,12,,False,,False,True,1125.658,18.5,81.9,1004.5,False,22.7,0,0.2,2021,16,Q,Turkish Grand Prix,Istanbul,,,12.0,,10000,5237.415277777776,1
1330.058,OCO,31,124.888,5.0,1.0,,,55.93,34.785,34.173,1261.1,1295.885,1330.058,264.0,267.0,249.0,208.0,False,SOFT,5.0,True,Alpine,1205.17,2021-10-09 12:07:59.213,21,,False,,False,True,1245.693,18.5,81.5,1004.6,True,22.5,188,0.2,2021,16,Q,Turkish Grand Prix,Istanbul,,,12.0,,10000,5287.499722222223,1
1416.156,OCO,31,86.098,6.0,1.0,,,32.779,29.988,23.331,1362.837,1392.825,1416.156,280.0,291.0,251.0,326.0,True,SOFT,6.0,True,Alpine,1330.058,2021-10-09 12:10:04.101,12,,False,,False,True,1365.701,18.5,82.0,1004.7,True,22.6,0,0.2,2021,16,Q,Turkish Grand Prix,Istanbul,,,12.0,,10000,5256.559444444443,1
1514.738,OCO,31,98.582,7.0,1.0,,1514.137,36.89,33.815,27.877,1453.046,1486.861,1514.738,253.0,264.0,,265.0,False,SOFT,7.0,True,Alpine,1416.156,2021-10-09 12:11:30.199,1,,False,,False,False,1425.691,18.5,80.8,1004.7,True,22.6,116,0.3,2021,16,Q,Turkish Grand Prix,Istanbul,,,12.0,,10000,5188.696944444444,1
1724.825,OCO,31,,8.0,2.0,1630.393,,,34.083,24.318,,1700.559,1725.055,265.0,265.0,251.0,302.0,False,SOFT,1.0,True,Alpine,1514.738,2021-10-09 12:13:08.781,1,,False,,False,False,1545.702,18.4,81.0,1004.7,True,22.5,111,0.2,2021,16,Q,Turkish Grand Prix,Istanbul,,,12.0,,10000,5249.173055555552,1
1810.247,OCO,31,85.422,9.0,2.0,,,32.157,29.982,23.283,1756.982,1786.964,1810.247,283.0,292.0,250.0,325.0,True,SOFT,2.0,True,Alpine,1724.825,2021-10-09 12:16:38.868,1,,False,,False,True,1725.706,18.4,80.8,1004.7,True,21.9,103,0.3,2021,16,Q,Turkish Grand Prix,Istanbul,,,12.0,,10000,5252.857499999998,1
1915.92,OCO,31,105.673,10.0,2.0,,1915.347,39.657,37.986,28.03,1849.904,1887.89,1915.92,249.0,259.0,,241.0,False,SOFT,3.0,True,Alpine,1810.247,2021-10-09 12:18:04.290,1,,False,,False,False,1845.752,18.3,80.9,1004.6,True,22.0,135,0.2,2021,16,Q,Turkish Grand Prix,Istanbul,,,12.0,,10000,5194.481666666668,1
2353.05,OCO,31,,11.0,3.0,2246.693,,,35.881,34.231,,2318.847,2353.057,263.0,262.0,250.0,245.0,False,MEDIUM,1.0,True,Alpine,1915.92,2021-10-09 12:19:49.963,1,,False,,False,False,1965.75,18.4,80.1,1004.7,True,22.0,225,0.3,2021,16,Q,Turkish Grand Prix,Istanbul,,,12.0,,10000,5256.087777777786,2
2438.616,OCO,31,85.566,12.0,3.0,,,32.531,29.857,23.178,2385.581,2415.438,2438.616,280.0,292.0,250.0,325.0,True,MEDIUM,2.0,True,Alpine,2353.05,2021-10-09 12:27:07.093,12,,False,,False,True,2385.78,18.3,80.7,1004.6,False,21.6,84,0.6,2021,16,Q,Turkish Grand Prix,Istanbul,,,12.0,,10000,5261.049722222221,2
2559.458,OCO,31,120.842,13.0,3.0,,,45.194,46.239,29.409,2483.81,2530.049,2559.458,246.0,254.0,251.0,249.0,False,MEDIUM,3.0,True,Alpine,2438.616,2021-10-09 12:28:32.659,1,,False,,False,True,2445.781,18.3,80.7,1004.8,False,21.5,84,0.6,2021,16,Q,Turkish Grand Prix,Istanbul,,,12.0,,10000,5239.335000000005,2
2644.3,OCO,31,84.842,14.0,3.0,,,31.965,29.785,23.092,2591.423,2621.208,2644.3,283.0,291.0,251.0,326.0,True,MEDIUM,4.0,True,Alpine,2559.458,2021-10-09 12:30:33.501,1,,False,,False,True,2565.798,18.2,81.2,1004.6,False,21.9,108,0.5,2021,16,Q,Turkish Grand Prix,Istanbul,,,12.0,,10000,5258.63361111111,2
2748.948,OCO,31,104.648,15.0,3.0,,2748.268,38.48,36.494,29.674,2682.78,2719.274,2748.948,246.0,248.0,,234.0,False,MEDIUM,5.0,True,Alpine,2644.3,2021-10-09 12:31:58.343,1,,False,,False,False,2685.835,18.2,81.3,1004.6,False,22.2,246,0.4,2021,16,Q,Turkish Grand Prix,Istanbul,,,12.0,,10000,5190.0961111111155,2
2956.096,OCO,31,,16.0,4.0,2859.014,,,36.843,26.126,,2929.97,2956.104,264.0,262.0,233.0,286.0,False,MEDIUM,1.0,True,Alpine,2748.948,2021-10-09 12:33:42.991,12,,False,,False,False,2805.827,18.4,80.2,1004.6,False,22.6,110,0.2,2021,16,Q,Turkish Grand Prix,Istanbul,,,12.0,,10000,5245.66416666667,2
3066.788,OCO,31,110.692,17.0,4.0,,,37.097,38.958,34.637,2993.193,3032.151,3066.788,267.0,163.0,251.0,200.0,False,MEDIUM,2.0,True,Alpine,2956.096,2021-10-09 12:37:10.139,1,,False,,False,True,2985.849,18.5,79.7,1004.7,False,22.5,109,0.5,2021,16,Q,Turkish Grand Prix,Istanbul,,,12.0,,10000,5251.8616666666685,2
3183.238,OCO,31,116.45,18.0,4.0,,3182.317,33.935,44.131,38.384,3100.723,3144.854,3183.238,273.0,178.0,,158.0,False,MEDIUM,3.0,True,Alpine,3066.788,2021-10-09 12:39:00.831,12,,False,,False,False,3105.844,18.4,80.4,1004.6,False,22.7,109,0.5,2021,16,Q,Turkish Grand Prix,Istanbul,,,12.0,,10000,5213.1355555555565,2
847.727,RUS,63,,1.0,1.0,735.961,,,36.776,35.612,,812.162,848.004,230.0,273.0,245.0,168.0,False,SOFT,1.0,True,Williams,735.961,2021-10-09 12:00:10.004,1,,False,,False,False,765.661,18.4,82.3,1004.4,False,22.9,102,0.7,2021,16,Q,Turkish Grand Prix,Istanbul,,,13.0,,10000,4859.9549999999945,1
938.607,RUS,63,90.88,2.0,1.0,,,34.908,31.374,24.598,882.635,914.009,938.607,272.0,291.0,249.0,307.0,True,SOFT,2.0,True,Williams,847.727,2021-10-09 12:02:01.770,12,,False,,False,True,885.654,18.4,82.0,1004.3,False,23.0,93,0.7,2021,16,Q,Turkish Grand Prix,Istanbul,,,13.0,,10000,5246.305277777782,1
1026.654,RUS,63,88.047,3.0,1.0,,,33.666,30.582,23.799,972.273,1002.855,1026.654,,294.0,250.0,318.0,True,SOFT,3.0,True,Williams,938.607,2021-10-09 12:03:32.650,1,,False,,False,True,945.656,18.4,82.0,1004.3,False,23.0,85,0.7,2021,16,Q,Turkish Grand Prix,Istanbul,,,13.0,,10000,5239.147500000003,1
1114.159,RUS,63,87.505,4.0,1.0,,,33.065,30.496,23.944,1059.719,1090.215,1114.159,268.0,293.0,250.0,307.0,True,SOFT,4.0,True,Williams,1026.654,2021-10-09 12:05:00.697,1,,False,,False,True,1065.656,18.5,82.6,1004.5,False,22.7,198,0.3,2021,16,Q,Turkish Grand Prix,Istanbul,,,13.0,,10000,5249.391111111118,1
1222.677,RUS,63,108.518,5.0,1.0,,,36.835,40.587,31.096,1150.994,1191.581,1222.677,253.0,277.0,252.0,277.0,False,SOFT,5.0,True,Williams,1114.159,2021-10-09 12:06:28.202,12,,False,,False,True,1125.658,18.5,81.9,1004.5,False,22.7,0,0.2,2021,16,Q,Turkish Grand Prix,Istanbul,,,13.0,,10000,5229.16888888888,1
1309.056,RUS,63,86.379,6.0,1.0,,,32.381,30.358,23.64,1255.058,1285.416,1309.056,278.0,293.0,250.0,322.0,True,SOFT,6.0,True,Williams,1222.677,2021-10-09 12:08:16.720,1,,False,,False,True,1245.693,18.5,81.5,1004.6,True,22.5,188,0.2,2021,16,Q,Turkish Grand Prix,Istanbul,,,13.0,,10000,5242.023888888889,1
1402.608,RUS,63,93.552,7.0,1.0,,1402.064,34.858,32.457,26.237,1343.914,1376.371,1402.608,256.0,274.0,,291.0,False,SOFT,7.0,True,Williams,1309.056,2021-10-09 12:09:43.099,12,,False,,False,False,1365.701,18.5,82.0,1004.7,True,22.6,0,0.2,2021,16,Q,Turkish Grand Prix,Istanbul,,,13.0,,10000,5195.0180555555535,1
1587.029,RUS,63,,8.0,2.0,1491.97,,,34.565,29.123,,1558.06,1587.28,276.0,274.0,253.0,79.0,False,SOFT,1.0,True,Williams,1402.608,2021-10-09 12:11:16.651,1,,False,,False,False,1425.691,18.5,80.8,1004.7,True,22.6,116,0.3,2021,16,Q,Turkish Grand Prix,Istanbul,,,13.0,,10000,5254.120277777775,1
1672.944,RUS,63,85.915,9.0,2.0,,,32.337,30.116,23.462,1619.366,1649.482,1672.944,,293.0,247.0,319.0,True,SOFT,2.0,True,Williams,1587.029,2021-10-09 12:14:21.072,1,,False,,False,True,1605.702,18.4,80.5,1004.7,True,22.3,120,0.2,2021,16,Q,Turkish Grand Prix,Istanbul,,,13.0,,10000,5266.055000000005,1
1785.602,RUS,63,112.658,10.0,2.0,,,39.559,37.125,35.974,1712.503,1749.628,1785.602,189.0,275.0,250.0,107.0,False,SOFT,3.0,True,Williams,1672.944,2021-10-09 12:15:46.987,1,,False,,False,True,1725.706,18.4,80.8,1004.7,True,21.9,103,0.3,2021,16,Q,Turkish Grand Prix,Istanbul,,,13.0,,10000,5243.048888888886,1
1871.019,RUS,63,85.417,11.0,2.0,,,31.939,30.013,23.465,1817.541,1847.554,1871.019,277.0,292.0,250.0,318.0,True,SOFT,4.0,True,Williams,1785.602,2021-10-09 12:17:39.645,1,,False,,False,True,1785.734,18.3,80.5,1004.6,True,22.0,203,0.4,2021,16,Q,Turkish Grand Prix,Istanbul,,,13.0,,10000,5257.451944444449,1
1976.044,RUS,63,105.025,12.0,2.0,,1975.49,38.802,37.151,29.072,1909.821,1946.972,1976.044,188.0,273.0,,148.0,False,SOFT,5.0,True,Williams,1871.019,2021-10-09 12:19:05.062,1,,False,,False,False,1905.749,18.4,80.9,1004.6,True,22.0,264,0.3,2021,16,Q,Turkish Grand Prix,Istanbul,,,13.0,,10000,5199.8769444444415,1
2407.777,RUS,63,,13.0,3.0,2297.102,,,35.999,41.412,,2366.385,2407.834,259.0,273.0,248.0,257.0,False,SOFT,1.0,True,Williams,1976.044,2021-10-09 12:20:50.087,12,,False,,False,False,2025.749,18.4,80.6,1004.6,False,22.1,142,0.4,2021,16,Q,Turkish Grand Prix,Istanbul,,,13.0,,10000,5260.726666666668,2
2505.95,RUS,63,98.173,14.0,3.0,,,38.308,30.247,29.618,2446.085,2476.332,2505.95,272.0,292.0,253.0,308.0,True,SOFT,2.0,True,Williams,2407.777,2021-10-09 12:28:01.820,21,,False,,False,True,2445.781,18.3,80.7,1004.8,False,21.5,84,0.6,2021,16,Q,Turkish Grand Prix,Istanbul,,,13.0,,10000,5258.61583333334,2
2597.431,RUS,63,91.481,15.0,3.0,,2596.832,31.841,30.479,29.161,2537.791,2568.27,2597.431,269.0,268.0,,210.0,False,SOFT,3.0,True,Williams,2505.95,2021-10-09 12:29:39.993,1,,False,,False,False,2565.798,18.2,81.2,1004.6,False,21.9,108,0.5,2021,16,Q,Turkish Grand Prix,Istanbul,,,13.0,,10000,5215.357222222217,2
2832.391,RUS,63,,16.0,4.0,2740.034,,,34.763,25.932,,2806.512,2832.42,271.0,273.0,251.0,252.0,False,MEDIUM,1.0,True,Williams,2597.431,2021-10-09 12:31:11.474,12,,False,,False,False,2625.827,18.2,81.2,1004.6,False,21.9,108,0.5,2021,16,Q,Turkish Grand Prix,Istanbul,,,13.0,,10000,5257.846388888891,2
2917.398,RUS,63,85.007,17.0,4.0,,,31.784,29.95,23.273,2864.175,2894.125,2917.398,277.0,290.0,250.0,316.0,True,MEDIUM,2.0,True,Williams,2832.391,2021-10-09 12:35:06.434,1,,False,,False,True,2865.852,18.5,80.0,1004.6,False,22.5,67,0.2,2021,16,Q,Turkish Grand Prix,Istanbul,,,13.0,,10000,5262.4527777777885,2
3037.858,RUS,63,120.46,18.0,4.0,,,42.311,46.544,31.605,2959.709,3006.253,3037.858,193.0,150.0,252.0,162.0,False,MEDIUM,3.0,True,Williams,2917.398,2021-10-09 12:36:31.441,1,,False,,False,True,2925.852,18.5,79.8,1004.6,False,22.5,114,0.4,2021,16,Q,Turkish Grand Prix,Istanbul,,,13.0,,10000,5241.132222222222,2
3124.185,RUS,63,86.327,19.0,4.0,,,31.344,29.584,25.399,3069.202,3098.786,3124.185,277.0,292.0,121.0,315.0,False,MEDIUM,4.0,True,Williams,3037.858,2021-10-09 12:38:31.901,12,,True,TRACK LIMITS AT TURN 14,False,True,3045.844,18.4,80.6,1004.7,False,22.7,121,0.6,2021,16,Q,Turkish Grand Prix,Istanbul,,,13.0,,10000,5261.420277777778,2
3243.545,RUS,63,119.36,20.0,4.0,,3242.889,47.8,39.445,32.115,3171.985,3211.43,3243.545,166.0,269.0,,153.0,False,MEDIUM,5.0,True,Williams,3124.185,2021-10-09 12:39:58.228,1,,False,,False,False,3165.858,18.4,80.8,1004.6,False,22.7,97,0.6,2021,16,Q,Turkish Grand Prix,Istanbul,,,13.0,,10000,5222.376388888885,2
851.39,MSC,47,,1.0,1.0,736.536,,,37.382,36.831,,814.559,851.618,253.0,275.0,247.0,159.0,False,SOFT,1.0,True,Haas F1 Team,736.536,2021-10-09 12:00:10.579,1,,False,,False,False,765.661,18.4,82.3,1004.4,False,22.9,102,0.7,2021,16,Q,Turkish Grand Prix,Istanbul,,,14.0,,10000,4895.438055555558,1
950.161,MSC,47,98.771,2.0,1.0,,,37.42,34.266,27.085,888.81,923.076,950.161,252.0,265.0,250.0,248.0,False,SOFT,2.0,True,Haas F1 Team,851.39,2021-10-09 12:02:05.433,12,,True,TRACK LIMITS AT TURN 1,False,True,885.654,18.4,82.0,1004.3,False,23.0,93,0.7,2021,16,Q,Turkish Grand Prix,Istanbul,,,14.0,,10000,5271.68055555556,1
1039.293,MSC,47,89.132,3.0,1.0,,,34.916,30.617,23.599,985.077,1015.694,1039.293,278.0,291.0,248.0,324.0,True,SOFT,3.0,True,Haas F1 Team,950.161,2021-10-09 12:03:44.204,1,,False,,False,True,1005.657,18.4,82.5,1004.5,False,22.8,116,0.7,2021,16,Q,Turkish Grand Prix,Istanbul,,,14.0,,10000,5282.294722222216,1
1137.19,MSC,47,97.897,4.0,1.0,,1136.56,35.512,32.637,29.748,1074.805,1107.442,1137.19,254.0,266.0,,180.0,False,SOFT,4.0,True,Haas F1 Team,1039.293,2021-10-09 12:05:13.336,1,,False,,False,False,1065.656,18.5,82.6,1004.5,False,22.7,198,0.3,2021,16,Q,Turkish Grand Prix,Istanbul,,,14.0,,10000,5208.189444444448,1
1317.625,MSC,47,,5.0,2.0,1220.532,,,35.668,27.023,,1290.626,1317.886,154.0,280.0,249.0,262.0,False,SOFT,1.0,True,Haas F1 Team,1137.19,2021-10-09 12:06:51.233,12,,False,,False,False,1185.671,18.5,82.7,1004.5,True,22.5,0,0.1,2021,16,Q,Turkish Grand Prix,Istanbul,,,14.0,,10000,5276.432222222219,1
1404.399,MSC,47,86.774,6.0,2.0,,,33.203,30.116,23.455,1350.828,1380.944,1404.399,278.0,292.0,249.0,325.0,True,SOFT,2.0,True,Haas F1 Team,1317.625,2021-10-09 12:09:51.668,12,,False,,False,True,1365.701,18.5,82.0,1004.7,True,22.6,0,0.2,2021,16,Q,Turkish Grand Prix,Istanbul,,,14.0,,10000,5267.386111111113,1
1512.355,MSC,47,107.956,7.0,2.0,,,41.61,40.128,26.218,1446.009,1486.137,1512.355,230.0,259.0,251.0,287.0,False,SOFT,3.0,True,Haas F1 Team,1404.399,2021-10-09 12:11:18.442,1,,False,,False,True,1425.691,18.5,80.8,1004.7,True,22.6,116,0.3,2021,16,Q,Turkish Grand Prix,Istanbul,,,14.0,,10000,5269.176388888886,1
1600.101,MSC,47,87.746,8.0,2.0,,1599.496,32.846,30.493,24.407,1545.201,1575.694,1600.101,279.0,291.0,,319.0,False,SOFT,4.0,True,Haas F1 Team,1512.355,2021-10-09 12:13:06.398,1,,False,,False,False,1545.702,18.4,81.0,1004.7,True,22.5,111,0.2,2021,16,Q,Turkish Grand Prix,Istanbul,,,14.0,,10000,5220.487222222223,1
1778.37,MSC,47,,9.0,3.0,1669.044,,,40.044,37.014,,1741.356,1778.604,243.0,221.0,250.0,134.0,False,SOFT,1.0,True,Haas F1 Team,1600.101,2021-10-09 12:14:34.144,1,,False,,False,False,1605.702,18.4,80.5,1004.7,True,22.3,120,0.2,2021,16,Q,Turkish Grand Prix,Istanbul,,,14.0,,10000,5280.893611111112,1
1863.925,MSC,47,85.555,10.0,3.0,,,32.346,29.973,23.236,1810.716,1840.689,1863.925,281.0,294.0,249.0,324.0,True,SOFT,2.0,True,Haas F1 Team,1778.37,2021-10-09 12:17:32.413,1,,False,,False,True,1785.734,18.3,80.5,1004.6,True,22.0,203,0.4,2021,16,Q,Turkish Grand Prix,Istanbul,,,14.0,,10000,5267.845555555554,1
1964.165,MSC,47,100.24,11.0,3.0,,1963.566,36.655,36.06,27.525,1900.58,1936.64,1964.165,249.0,252.0,,231.0,False,SOFT,3.0,True,Haas F1 Team,1863.925,2021-10-09 12:18:57.968,1,,False,,False,False,1905.749,18.4,80.9,1004.6,True,22.0,264,0.3,2021,16,Q,Turkish Grand Prix,Istanbul,,,14.0,,10000,5222.518888888898,1
2372.201,MSC,47,,12.0,4.0,2252.951,,,36.801,46.786,,2325.439,2372.229,260.0,246.0,248.0,164.0,False,SOFT,5.0,False,Haas F1 Team,1964.165,2021-10-09 12:20:38.208,1,,False,,False,False,1965.75,18.4,80.1,1004.7,True,22.0,225,0.3,2021,16,Q,Turkish Grand Prix,Istanbul,,,14.0,,10000,5273.501666666658,2
2470.171,MSC,47,97.97,13.0,4.0,,,35.909,36.674,25.387,2408.11,2444.784,2470.171,254.0,265.0,250.0,285.0,True,SOFT,6.0,False,Haas F1 Team,2372.201,2021-10-09 12:27:26.244,12,,False,,False,True,2385.78,18.3,80.7,1004.6,False,21.6,84,0.6,2021,16,Q,Turkish Grand Prix,Istanbul,,,14.0,,10000,5270.933611111109,2
2555.521,MSC,47,85.35,14.0,4.0,,,31.98,30.021,23.349,2502.151,2532.172,2555.521,282.0,293.0,247.0,323.0,True,SOFT,7.0,False,Haas F1 Team,2470.171,2021-10-09 12:29:04.214,1,,False,,False,True,2505.78,18.3,81.5,1004.7,False,21.5,110,0.5,2021,16,Q,Turkish Grand Prix,Istanbul,,,14.0,,10000,5281.337222222222,2
2650.017,MSC,47,94.496,15.0,4.0,,2649.338,35.221,33.783,25.492,2590.742,2624.525,2650.017,173.0,266.0,,304.0,False,SOFT,8.0,False,Haas F1 Team,2555.521,2021-10-09 12:30:29.564,1,,False,,False,False,2565.798,18.2,81.2,1004.6,False,21.9,108,0.5,2021,16,Q,Turkish Grand Prix,Istanbul,,,14.0,,10000,5216.720555555559,2
2852.735,MSC,47,,16.0,5.0,2749.587,,,34.009,37.113,,2815.641,2852.742,262.0,283.0,250.0,96.0,False,SOFT,5.0,False,Haas F1 Team,2650.017,2021-10-09 12:32:04.060,12,,False,,False,False,2685.835,18.2,81.3,1004.6,False,22.2,246,0.4,2021,16,Q,Turkish Grand Prix,Istanbul,,,14.0,,10000,5278.945555555556,2
2937.935,MSC,47,85.2,17.0,5.0,,,31.967,29.933,23.3,2884.702,2914.635,2937.935,279.0,291.0,248.0,320.0,True,SOFT,6.0,False,Haas F1 Team,2852.735,2021-10-09 12:35:26.778,1,,False,,False,True,2865.852,18.5,80.0,1004.6,False,22.5,67,0.2,2021,16,Q,Turkish Grand Prix,Istanbul,,,14.0,,10000,5267.307222222222,2
3060.09,MSC,47,122.155,18.0,5.0,,,40.116,47.082,34.957,2978.051,3025.133,3060.09,224.0,205.0,250.0,186.0,False,SOFT,7.0,False,Haas F1 Team,2937.935,2021-10-09 12:36:51.978,1,,False,,False,True,2985.849,18.5,79.7,1004.7,False,22.5,109,0.5,2021,16,Q,Turkish Grand Prix,Istanbul,,,14.0,,10000,5291.3983333333335,2
3178.041,MSC,47,117.951,19.0,5.0,,3177.346,41.647,39.0,37.304,3101.737,3140.737,3178.041,200.0,270.0,,129.0,False,SOFT,8.0,False,Haas F1 Team,3060.09,2021-10-09 12:38:54.133,12,,False,,False,False,3105.844,18.4,80.4,1004.6,False,22.7,109,0.5,2021,16,Q,Turkish Grand Prix,Istanbul,,,14.0,,10000,5227.558888888892,2
881.996,SAI,55,,1.0,1.0,742.239,,,38.991,55.637,,826.432,882.259,250.0,231.0,248.0,156.0,False,SOFT,1.0,True,Ferrari,742.239,2021-10-09 12:00:16.282,1,,False,,False,False,765.661,18.4,82.3,1004.4,False,22.9,102,0.7,2021,16,Q,Turkish Grand Prix,Istanbul,,,15.0,,10000,4891.5572222222245,1
997.082,SAI,55,115.086,2.0,1.0,,,48.163,34.598,32.325,930.159,964.757,997.082,252.0,265.0,249.0,251.0,False,SOFT,2.0,True,Ferrari,881.996,2021-10-09 12:02:36.039,12,,True,TRACK LIMITS AT TURN 1,False,True,885.654,18.4,82.0,1004.3,False,23.0,93,0.7,2021,16,Q,Turkish Grand Prix,Istanbul,,,15.0,,10000,5262.156111111111,1
1086.446,SAI,55,89.364,3.0,1.0,,,33.514,30.243,25.607,1030.596,1060.839,1086.446,279.0,293.0,204.0,318.0,False,SOFT,3.0,True,Ferrari,997.082,2021-10-09 12:04:31.125,1,,True,TRACK LIMITS AT TURN 1,False,True,1005.657,18.4,82.5,1004.5,False,22.8,116,0.7,2021,16,Q,Turkish Grand Prix,Istanbul,,,15.0,,10000,5260.145277777779,1
1193.877,SAI,55,107.431,4.0,1.0,,,43.411,36.49,27.53,1129.857,1166.347,1193.877,219.0,264.0,249.0,264.0,True,SOFT,4.0,True,Ferrari,1086.446,2021-10-09 12:06:00.489,12,,False,,False,True,1125.658,18.5,81.9,1004.5,False,22.7,0,0.2,2021,16,Q,Turkish Grand Prix,Istanbul,,,15.0,,10000,5252.989999999998,1
1299.789,SAI,55,105.912,5.0,1.0,,,43.102,33.928,28.882,1236.979,1270.907,1299.789,249.0,263.0,250.0,267.0,True,SOFT,5.0,True,Ferrari,1193.877,2021-10-09 12:07:47.920,21,,False,,False,True,1245.693,18.5,81.5,1004.6,True,22.5,188,0.2,2021,16,Q,Turkish Grand Prix,Istanbul,,,15.0,,10000,5289.1069444444465,1
1386.548,SAI,55,86.759,6.0,1.0,,,33.097,30.042,23.62,1332.886,1362.928,1386.548,280.0,289.0,248.0,313.0,True,SOFT,6.0,True,Ferrari,1299.789,2021-10-09 12:09:33.832,12,,False,,False,True,1305.703,18.6,81.3,1004.6,True,22.4,0,0.1,2021,16,Q,Turkish Grand Prix,Istanbul,,,15.0,,10000,5265.577222222223,1
1488.308,SAI,55,101.76,7.0,1.0,,,38.734,35.855,27.171,1425.282,1461.137,1488.308,218.0,251.0,250.0,241.0,False,SOFT,7.0,True,Ferrari,1386.548,2021-10-09 12:11:00.591,1,,False,,False,True,1425.691,18.5,80.8,1004.7,True,22.6,116,0.3,2021,16,Q,Turkish Grand Prix,Istanbul,,,15.0,,10000,5267.64,1
1577.129,SAI,55,88.821,8.0,1.0,,1576.545,32.55,29.968,26.303,1520.858,1550.826,1577.129,281.0,290.0,,317.0,False,SOFT,8.0,True,Ferrari,1488.308,2021-10-09 12:12:42.351,1,,False,,False,False,1545.702,18.4,81.0,1004.7,True,22.5,111,0.2,2021,16,Q,Turkish Grand Prix,Istanbul,,,15.0,,10000,5210.235277777775,1
1712.177,SAI,55,135.048,9.0,2.0,1608.355,,65.272,37.455,32.321,1642.401,1679.856,1712.177,250.0,260.0,244.0,237.0,False,SOFT,1.0,True,Ferrari,1577.129,2021-10-09 12:14:11.172,1,,False,,False,False,1605.702,18.4,80.5,1004.7,True,22.3,120,0.2,2021,16,Q,Turkish Grand Prix,Istanbul,,,15.0,,10000,5262.766944444442,1
1800.731,SAI,55,88.554,10.0,2.0,,,33.431,30.717,24.406,1745.608,1776.325,1800.731,275.0,291.0,251.0,299.0,False,SOFT,2.0,True,Ferrari,1712.177,2021-10-09 12:16:26.220,1,,False,,False,True,1725.706,18.4,80.8,1004.7,True,21.9,103,0.3,2021,16,Q,Turkish Grand Prix,Istanbul,,,15.0,,10000,5266.594444444446,1
1885.908,SAI,55,85.177,11.0,2.0,,,32.008,29.698,23.471,1832.739,1862.437,1885.908,281.0,292.0,249.0,319.0,True,SOFT,3.0,True,Ferrari,1800.731,2021-10-09 12:17:54.774,1,,False,,False,True,1845.752,18.3,80.9,1004.6,True,22.0,135,0.2,2021,16,Q,Turkish Grand Prix,Istanbul,,,15.0,,10000,5251.736111111111,1
1992.234,SAI,55,106.326,12.0,2.0,,1991.654,40.38,36.462,29.484,1926.288,1962.75,1992.234,218.0,246.0,,216.0,False,SOFT,4.0,True,Ferrari,1885.908,2021-10-09 12:19:19.951,1,,False,,False,False,1905.749,18.4,80.9,1004.6,True,22.0,264,0.3,2021,16,Q,Turkish Grand Prix,Istanbul,,,15.0,,10000,5208.681944444443,1
3185.041,SAI,55,,13.0,3.0,3073.584,3184.383,,36.214,37.025,,3148.068,3185.041,256.0,282.0,,218.0,False,SOFT,5.0,False,Ferrari,1992.234,2021-10-09 12:21:06.277,12,,False,,False,False,2025.749,18.4,80.6,1004.6,False,22.1,142,0.4,2021,16,Q,Turkish Grand Prix,Istanbul,,,15.0,,10000,5247.79722222222,2
892.307,RIC,3,,1.0,1.0,763.108,,,34.717,55.234,,837.223,892.584,252.0,270.0,251.0,76.0,False,SOFT,1.0,True,McLaren,763.108,2021-10-09 12:00:37.151,12,,False,,False,False,765.661,18.4,82.3,1004.4,False,22.9,102,0.7,2021,16,Q,Turkish Grand Prix,Istanbul,,,16.0,,10000,4868.411111111106,1
1002.2,RIC,3,109.893,2.0,1.0,,,39.579,37.179,33.135,931.886,969.065,1002.2,101.0,270.0,251.0,266.0,True,SOFT,2.0,True,McLaren,892.307,2021-10-09 12:02:46.350,21,,False,,False,True,945.656,18.4,82.0,1004.3,False,23.0,85,0.7,2021,16,Q,Turkish Grand Prix,Istanbul,,,16.0,,10000,5251.688055555555,1
1089.54,RIC,3,87.34,3.0,1.0,,,33.395,30.309,23.636,1035.595,1065.904,1089.54,275.0,292.0,252.0,318.0,True,SOFT,3.0,True,McLaren,1002.2,2021-10-09 12:04:36.243,1,,False,,False,True,1005.657,18.4,82.5,1004.5,False,22.8,116,0.7,2021,16,Q,Turkish Grand Prix,Istanbul,,,16.0,,10000,5249.133333333334,1
1200.119,RIC,3,110.579,4.0,1.0,,,45.717,38.221,26.641,1135.257,1173.478,1200.119,132.0,264.0,234.0,298.0,False,SOFT,4.0,True,McLaren,1089.54,2021-10-09 12:06:03.583,12,,False,,False,True,1125.658,18.5,81.9,1004.5,False,22.7,0,0.2,2021,16,Q,Turkish Grand Prix,Istanbul,,,16.0,,10000,5238.076111111108,1
1304.142,RIC,3,104.023,5.0,1.0,,,38.362,36.722,28.939,1238.481,1275.203,1304.142,261.0,266.0,253.0,281.0,False,SOFT,5.0,True,McLaren,1200.119,2021-10-09 12:07:54.162,21,,False,,False,True,1245.693,18.5,81.5,1004.6,True,22.5,188,0.2,2021,16,Q,Turkish Grand Prix,Istanbul,,,16.0,,10000,5256.856666666674,1
1390.644,RIC,3,86.502,6.0,1.0,,,32.876,30.142,23.484,1337.018,1367.16,1390.644,277.0,289.0,253.0,318.0,True,SOFT,6.0,True,McLaren,1304.142,2021-10-09 12:09:38.185,12,,False,,False,True,1305.703,18.6,81.3,1004.6,True,22.4,0,0.1,2021,16,Q,Turkish Grand Prix,Istanbul,,,16.0,,10000,5251.682499999999,1
1490.412,RIC,3,99.768,7.0,1.0,,1489.871,36.532,35.647,27.589,1427.176,1462.823,1490.412,256.0,272.0,,283.0,False,SOFT,7.0,True,McLaren,1390.644,2021-10-09 12:11:04.687,1,,False,,False,False,1425.691,18.5,80.8,1004.7,True,22.6,116,0.3,2021,16,Q,Turkish Grand Prix,Istanbul,,,16.0,,10000,5197.126944444444,1
1707.373,RIC,3,,8.0,2.0,1609.959,,,34.552,28.451,,1678.996,1707.635,260.0,273.0,253.0,304.0,False,SOFT,1.0,True,McLaren,1490.412,2021-10-09 12:12:44.455,1,,False,,False,False,1545.702,18.4,81.0,1004.7,True,22.5,111,0.2,2021,16,Q,Turkish Grand Prix,Istanbul,,,16.0,,10000,5264.307499999999,1
1793.254,RIC,3,85.881,9.0,2.0,,,32.695,29.873,23.313,1740.068,1769.941,1793.254,278.0,292.0,253.0,319.0,True,SOFT,2.0,True,McLaren,1707.373,2021-10-09 12:16:21.416,1,,False,,False,True,1725.706,18.4,80.8,1004.7,True,21.9,103,0.3,2021,16,Q,Turkish Grand Prix,Istanbul,,,16.0,,10000,5256.1261111111135,1
1903.987,RIC,3,110.733,10.0,2.0,,1903.425,43.71,36.692,30.331,1836.964,1873.656,1903.987,205.0,273.0,,283.0,False,SOFT,3.0,True,McLaren,1793.254,2021-10-09 12:17:47.297,1,,False,,False,False,1845.752,18.3,80.9,1004.6,True,22.0,135,0.2,2021,16,Q,Turkish Grand Prix,Istanbul,,,16.0,,10000,5189.6397222222195,1
843.212,LAT,6,,1.0,1.0,734.529,,,37.032,31.836,,811.416,843.3,242.0,266.0,250.0,168.0,False,SOFT,1.0,True,Williams,734.529,2021-10-09 12:00:08.572,1,,False,,False,False,765.661,18.4,82.3,1004.4,False,22.9,102,0.7,2021,16,Q,Turkish Grand Prix,Istanbul,,,17.0,,10000,4854.936111111114,1
933.463,LAT,6,90.251,2.0,1.0,,,34.449,31.035,24.767,877.661,908.696,933.463,280.0,293.0,252.0,307.0,True,SOFT,2.0,True,Williams,843.212,2021-10-09 12:01:57.255,12,,False,,False,True,885.654,18.4,82.0,1004.3,False,23.0,93,0.7,2021,16,Q,Turkish Grand Prix,Istanbul,,,17.0,,10000,5259.763888888887,1
1021.56,LAT,6,88.097,3.0,1.0,,,33.679,30.554,23.864,967.142,997.696,1021.56,281.0,295.0,252.0,323.0,True,SOFT,3.0,True,Williams,933.463,2021-10-09 12:03:27.506,1,,False,,False,True,945.656,18.4,82.0,1004.3,False,23.0,85,0.7,2021,16,Q,Turkish Grand Prix,Istanbul,,,17.0,,10000,5247.229444444439,1
1127.163,LAT,6,105.603,4.0,1.0,,,38.891,37.74,28.972,1060.451,1098.191,1127.163,167.0,199.0,254.0,276.0,False,SOFT,4.0,True,Williams,1021.56,2021-10-09 12:04:55.603,1,,False,,False,True,1065.656,18.5,82.6,1004.5,False,22.7,198,0.3,2021,16,Q,Turkish Grand Prix,Istanbul,,,17.0,,10000,5241.304444444446,1
1213.686,LAT,6,86.523,5.0,1.0,,,32.679,30.142,23.701999999999998,1159.842,1189.984,1213.686,280.0,296.0,253.0,326.0,True,SOFT,5.0,True,Williams,1127.163,2021-10-09 12:06:41.206,12,,False,,False,True,1185.671,18.5,82.7,1004.5,True,22.5,0,0.1,2021,16,Q,Turkish Grand Prix,Istanbul,,,17.0,,10000,5245.8955555555585,1
1323.557,LAT,6,109.871,6.0,1.0,,1322.998,37.857,43.483,28.531,1251.543,1295.026,1323.557,212.0,275.0,,249.0,False,SOFT,6.0,True,Williams,1213.686,2021-10-09 12:08:07.729,1,,False,,False,False,1245.693,18.5,81.5,1004.6,True,22.5,188,0.2,2021,16,Q,Turkish Grand Prix,Istanbul,,,17.0,,10000,5190.035277777774,1
1543.491,LAT,6,,7.0,2.0,1436.432,,,34.391,35.205,,1508.394,1543.747,255.0,276.0,253.0,259.0,False,SOFT,1.0,True,Williams,1323.557,2021-10-09 12:09:57.600,12,,False,,False,False,1365.701,18.5,82.0,1004.7,True,22.6,0,0.2,2021,16,Q,Turkish Grand Prix,Istanbul,,,17.0,,10000,5248.4558333333325,1
1640.214,LAT,6,96.723,8.0,2.0,,,35.516,34.647,26.56,1579.007,1613.654,1640.214,265.0,274.0,252.0,298.0,False,SOFT,2.0,True,Williams,1543.491,2021-10-09 12:13:37.534,1,,True,TRACK LIMITS AT TURN 1,False,True,1545.702,18.4,81.0,1004.7,True,22.5,111,0.2,2021,16,Q,Turkish Grand Prix,Istanbul,,,17.0,,10000,5259.480555555554,1
1726.3,LAT,6,86.086,9.0,2.0,,,32.526,30.031,23.529,1672.74,1702.771,1726.3,281.0,297.0,255.0,330.0,True,SOFT,3.0,True,Williams,1640.214,2021-10-09 12:15:14.257,1,,False,,False,True,1665.704,18.4,80.9,1004.6,True,22.0,173,0.3,2021,16,Q,Turkish Grand Prix,Istanbul,,,17.0,,10000,5253.097500000001,1
1837.379,LAT,6,111.079,10.0,2.0,,1836.845,37.66,44.189,29.23,1763.96,1808.149,1837.379,257.0,279.0,,290.0,False,SOFT,4.0,True,Williams,1726.3,2021-10-09 12:16:40.343,1,,False,,False,False,1785.734,18.3,80.5,1004.6,True,22.0,203,0.4,2021,16,Q,Turkish Grand Prix,Istanbul,,,17.0,,10000,5196.787500000001,1
837.827,GIO,99,,1.0,1.0,731.44,,,38.715,29.423,,808.429,838.083,193.0,258.0,242.0,212.0,False,SOFT,1.0,True,Alfa Romeo Racing,731.44,2021-10-09 12:00:05.483,1,,False,,False,False,765.661,18.4,82.3,1004.4,False,22.9,102,0.7,2021,16,Q,Turkish Grand Prix,Istanbul,,,18.0,,10000,4873.061111111111,1
945.093,GIO,99,107.266,2.0,1.0,,,36.183,36.898,34.185,874.01,910.908,945.093,277.0,169.0,248.0,185.0,False,SOFT,2.0,True,Alfa Romeo Racing,837.827,2021-10-09 12:01:51.870,12,,True,TRACK LIMITS AT TURN 1,False,True,885.654,18.4,82.0,1004.3,False,23.0,93,0.7,2021,16,Q,Turkish Grand Prix,Istanbul,,,18.0,,10000,5264.938611111114,1
1033.93,GIO,99,88.837,3.0,1.0,,,34.186,30.703,23.948,979.279,1009.982,1033.93,279.0,291.0,249.0,323.0,True,SOFT,3.0,True,Alfa Romeo Racing,945.093,2021-10-09 12:03:39.136,1,,False,,False,True,945.656,18.4,82.0,1004.3,False,23.0,85,0.7,2021,16,Q,Turkish Grand Prix,Istanbul,,,18.0,,10000,5255.644722222224,1
1121.5,GIO,99,87.57,4.0,1.0,,,33.37,30.286,23.914,1067.3,1097.586,1121.5,278.0,291.0,252.0,322.0,True,SOFT,4.0,True,Alfa Romeo Racing,1033.93,2021-10-09 12:05:07.973,1,,False,,False,True,1065.656,18.5,82.6,1004.5,False,22.7,198,0.3,2021,16,Q,Turkish Grand Prix,Istanbul,,,18.0,,10000,5261.07916666667,1
1208.755,GIO,99,87.255,5.0,1.0,,,33.014,30.449,23.792,1154.514,1184.963,1208.755,,293.0,245.0,323.0,True,SOFT,5.0,True,Alfa Romeo Racing,1121.5,2021-10-09 12:06:35.543,12,,False,,False,True,1125.658,18.5,81.9,1004.5,False,22.7,0,0.2,2021,16,Q,Turkish Grand Prix,Istanbul,,,18.0,,10000,5250.724444444443,1
1328.567,GIO,99,119.812,6.0,1.0,,1327.97,42.794,44.644,32.374,1251.549,1296.193,1328.567,206.0,262.0,,217.0,False,SOFT,6.0,True,Alfa Romeo Racing,1208.755,2021-10-09 12:08:02.798,21,,False,,False,False,1245.693,18.5,81.5,1004.6,True,22.5,188,0.2,2021,16,Q,Turkish Grand Prix,Istanbul,,,18.0,,10000,5224.725555555552,1
1552.029,GIO,99,,7.0,2.0,1440.426,,,36.43,38.344,,1513.716,1552.287,250.0,261.0,232.0,206.0,False,SOFT,1.0,True,Alfa Romeo Racing,1328.567,2021-10-09 12:10:02.610,12,,False,,False,False,1365.701,18.5,82.0,1004.7,True,22.6,0,0.2,2021,16,Q,Turkish Grand Prix,Istanbul,,,18.0,,10000,5285.298611111107,1
1656.627,GIO,99,104.598,8.0,2.0,,,36.387,37.338,30.873,1588.416,1625.754,1656.627,252.0,236.0,250.0,184.0,False,SOFT,2.0,True,Alfa Romeo Racing,1552.029,2021-10-09 12:13:46.072,1,,False,,False,True,1605.702,18.4,80.5,1004.7,True,22.3,120,0.2,2021,16,Q,Turkish Grand Prix,Istanbul,,,18.0,,10000,5251.834444444445,1
1743.341,GIO,99,86.714,9.0,2.0,,,32.943,30.241,23.53,1689.57,1719.811,1743.341,281.0,293.0,250.0,327.0,True,SOFT,3.0,True,Alfa Romeo Racing,1656.627,2021-10-09 12:15:30.670,1,,False,,False,True,1665.704,18.4,80.9,1004.6,True,22.0,173,0.3,2021,16,Q,Turkish Grand Prix,Istanbul,,,18.0,,10000,5258.47111111111,1
1829.771,GIO,99,86.43,10.0,2.0,,,32.469,30.249,23.712,1775.81,1806.059,1829.771,277.0,293.0,250.0,328.0,True,SOFT,4.0,True,Alfa Romeo Racing,1743.341,2021-10-09 12:16:57.384,1,,False,,False,True,1785.734,18.3,80.5,1004.6,True,22.0,203,0.4,2021,16,Q,Turkish Grand Prix,Istanbul,,,18.0,,10000,5255.428611111106,1
1934.851,GIO,99,105.08,11.0,2.0,,1933.93,39.407,35.772,29.901,1869.178,1904.95,1934.851,216.0,262.0,,242.0,False,SOFT,5.0,True,Alfa Romeo Racing,1829.771,2021-10-09 12:18:23.814,1,,False,,False,False,1845.752,18.3,80.9,1004.6,True,22.0,135,0.2,2021,16,Q,Turkish Grand Prix,Istanbul,,,18.0,,10000,5191.637222222222,1
832.729,RAI,7,,1.0,1.0,729.286,,,38.218,29.011,,803.724,832.95,248.0,163.0,245.0,275.0,False,SOFT,1.0,True,Alfa Romeo Racing,729.286,2021-10-09 12:00:03.329,1,,False,,False,False,765.661,18.4,82.3,1004.4,False,22.9,102,0.7,2021,16,Q,Turkish Grand Prix,Istanbul,,,19.0,,10000,4884.723888888886,1
939.978,RAI,7,107.249,2.0,1.0,,,35.017,34.62,37.612,867.746,902.366,939.978,272.0,251.0,239.0,218.0,False,SOFT,2.0,True,Alfa Romeo Racing,832.729,2021-10-09 12:01:46.772,12,,True,TRACK LIMITS AT TURN 1,False,True,885.654,18.4,82.0,1004.3,False,23.0,93,0.7,2021,16,Q,Turkish Grand Prix,Istanbul,,,19.0,,10000,5280.061111111111,1
1046.049,RAI,7,106.071,3.0,1.0,,,40.119,36.235,29.717,980.097,1016.332,1046.049,199.0,229.0,250.0,237.0,False,SOFT,3.0,True,Alfa Romeo Racing,939.978,2021-10-09 12:03:34.021,1,,True,TRACK LIMITS AT TURN 1,False,True,945.656,18.4,82.0,1004.3,False,23.0,85,0.7,2021,16,Q,Turkish Grand Prix,Istanbul,,,19.0,,10000,5259.902499999997,1
1133.94,RAI,7,87.891,4.0,1.0,,,33.518,30.565,23.808,1079.567,1110.132,1133.94,282.0,292.0,251.0,325.0,True,SOFT,4.0,True,Alfa Romeo Racing,1046.049,2021-10-09 12:05:20.092,1,,False,,False,True,1065.656,18.5,82.6,1004.5,False,22.7,198,0.3,2021,16,Q,Turkish Grand Prix,Istanbul,,,19.0,,10000,5253.4480555555565,1
1251.245,RAI,7,117.305,5.0,1.0,,,40.477,43.175,33.653,1174.417,1217.592,1251.245,232.0,264.0,249.0,173.0,False,SOFT,5.0,True,Alfa Romeo Racing,1133.94,2021-10-09 12:06:47.983,12,,True,TRACK LIMITS AT TURN 1,False,True,1185.671,18.5,82.7,1004.5,True,22.5,0,0.1,2021,16,Q,Turkish Grand Prix,Istanbul,,,19.0,,10000,5253.235277777776,1
1351.569,RAI,7,100.324,6.0,1.0,,1350.962,36.923,37.271,26.13,1288.168,1325.439,1351.569,253.0,265.0,,304.0,False,SOFT,6.0,True,Alfa Romeo Racing,1251.245,2021-10-09 12:08:45.288,12,,False,,False,False,1305.703,18.6,81.3,1004.6,True,22.4,0,0.1,2021,16,Q,Turkish Grand Prix,Istanbul,,,19.0,,10000,5208.224444444449,1
1547.984,RAI,7,,7.0,2.0,1437.351,,,34.853,38.584,,1509.418,1548.231,257.0,268.0,250.0,269.0,False,SOFT,1.0,True,Alfa Romeo Racing,1351.569,2021-10-09 12:10:25.612,21,,False,,False,False,1365.701,18.5,82.0,1004.7,True,22.6,0,0.2,2021,16,Q,Turkish Grand Prix,Istanbul,,,19.0,,10000,5257.115833333332,1
1652.644,RAI,7,104.66,8.0,2.0,,,37.907,38.502,28.251,1585.891,1624.393,1652.644,247.0,267.0,252.0,194.0,False,SOFT,2.0,True,Alfa Romeo Racing,1547.984,2021-10-09 12:13:42.027,1,,False,,False,True,1605.702,18.4,80.5,1004.7,True,22.3,120,0.2,2021,16,Q,Turkish Grand Prix,Istanbul,,,19.0,,10000,5261.182222222221,1
1740.169,RAI,7,87.525,9.0,2.0,,,33.617,30.273,23.635,1686.261,1716.534,1740.169,279.0,291.0,251.0,329.0,True,SOFT,3.0,True,Alfa Romeo Racing,1652.644,2021-10-09 12:15:26.687,1,,False,,False,True,1665.704,18.4,80.9,1004.6,True,22.0,173,0.3,2021,16,Q,Turkish Grand Prix,Istanbul,,,19.0,,10000,5266.684444444442,1
1827.807,RAI,7,87.638,10.0,2.0,,,33.121,30.559,23.958,1773.29,1803.849,1827.807,,295.0,252.0,309.0,False,SOFT,4.0,True,Alfa Romeo Racing,1740.169,2021-10-09 12:16:54.212,1,,False,,False,True,1785.734,18.3,80.5,1004.6,True,22.0,203,0.4,2021,16,Q,Turkish Grand Prix,Istanbul,,,19.0,,10000,5250.920833333335,1
1929.358,RAI,7,101.551,11.0,2.0,,1928.737,40.551,33.273,27.727,1868.358,1901.631,1929.358,252.0,266.0,,284.0,False,SOFT,5.0,True,Alfa Romeo Racing,1827.807,2021-10-09 12:18:21.850,1,,False,,False,False,1845.752,18.3,80.9,1004.6,True,22.0,135,0.2,2021,16,Q,Turkish Grand Prix,Istanbul,,,19.0,,10000,5189.466388888885,1
854.698,MAZ,9,,1.0,1.0,735.166,,,38.673,38.826,,815.981,854.955,246.0,271.0,249.0,228.0,False,SOFT,1.0,True,Haas F1 Team,735.166,2021-10-09 12:00:09.209,1,,False,,False,False,765.661,18.4,82.3,1004.4,False,22.9,102,0.7,2021,16,Q,Turkish Grand Prix,Istanbul,,,20.0,,10000,4900.514166666674,1
952.81,MAZ,9,98.112,2.0,1.0,,,37.414,33.668,27.03,892.112,925.78,952.81,273.0,264.0,249.0,275.0,False,SOFT,2.0,True,Haas F1 Team,854.698,2021-10-09 12:02:08.741,12,,True,TRACK LIMITS AT TURN 1,False,True,885.654,18.4,82.0,1004.3,False,23.0,93,0.7,2021,16,Q,Turkish Grand Prix,Istanbul,,,20.0,,10000,5256.7038888888865,1
1042.269,MAZ,9,89.459,3.0,1.0,,,34.533,30.848,24.078,987.343,1018.191,1042.269,278.0,294.0,248.0,330.0,True,SOFT,3.0,True,Haas F1 Team,952.81,2021-10-09 12:03:46.853,1,,False,,False,True,1005.657,18.4,82.5,1004.5,False,22.8,116,0.7,2021,16,Q,Turkish Grand Prix,Istanbul,,,20.0,,10000,5263.463055555552,1
1141.167,MAZ,9,98.898,4.0,1.0,,1140.586,36.115,36.892,25.891,1078.384,1115.276,1141.167,255.0,266.0,,297.0,False,SOFT,4.0,True,Haas F1 Team,1042.269,2021-10-09 12:05:16.312,1,,False,,False,False,1065.656,18.5,82.6,1004.5,False,22.7,198,0.3,2021,16,Q,Turkish Grand Prix,Istanbul,,,20.0,,10000,5204.790555555556,1
1333.573,MAZ,9,,5.0,2.0,1231.061,,,34.612,31.801,,1301.815,1333.743,255.0,265.0,250.0,220.0,False,SOFT,1.0,True,Haas F1 Team,1141.167,2021-10-09 12:06:55.210,12,,False,,False,False,1185.671,18.5,82.7,1004.5,True,22.5,0,0.1,2021,16,Q,Turkish Grand Prix,Istanbul,,,20.0,,10000,5274.488888888888,1
1449.98,MAZ,9,116.407,6.0,2.0,,1449.313,53.248,35.384,27.775,1386.821,1422.205,1449.98,262.0,263.0,,271.0,False,SOFT,2.0,True,Haas F1 Team,1333.573,2021-10-09 12:10:07.616,12,,False,,False,False,1365.701,18.5,82.0,1004.7,True,22.6,0,0.2,2021,16,Q,Turkish Grand Prix,Istanbul,,,20.0,,10000,5229.084166666666,1
1632.881,MAZ,9,,7.0,3.0,1529.383,,,37.602,29.128,,1603.868,1633.127,139.0,244.0,250.0,209.0,False,SOFT,1.0,True,Haas F1 Team,1449.98,2021-10-09 12:12:04.023,1,,False,,False,False,1485.703,18.5,81.0,1004.6,True,22.7,30,0.2,2021,16,Q,Turkish Grand Prix,Istanbul,,,20.0,,10000,5281.96611111111,1
1738.727,MAZ,9,105.846,8.0,3.0,,,42.588,35.831,27.427,1675.469,1711.3,1738.727,255.0,257.0,249.0,246.0,False,SOFT,2.0,True,Haas F1 Team,1632.881,2021-10-09 12:15:06.924,1,,True,TRACK LIMITS AT TURN 1,False,True,1665.704,18.4,80.9,1004.6,True,22.0,173,0.3,2021,16,Q,Turkish Grand Prix,Istanbul,,,20.0,,10000,5270.7886111111075,1
1827.176,MAZ,9,88.449,9.0,3.0,,,34.131,30.438,23.88,1772.858,1803.296,1827.176,280.0,294.0,250.0,327.0,True,SOFT,3.0,True,Haas F1 Team,1738.727,2021-10-09 12:16:52.770,1,,False,,False,True,1785.734,18.3,80.5,1004.6,True,22.0,203,0.4,2021,16,Q,Turkish Grand Prix,Istanbul,,,20.0,,10000,5279.0708333333305,1
1928.285,MAZ,9,101.109,10.0,3.0,,1927.597,39.88,33.865,27.364,1867.056,1900.921,1928.285,252.0,265.0,,283.0,False,SOFT,4.0,True,Haas F1 Team,1827.176,2021-10-09 12:18:21.219,1,,False,,False,False,1845.752,18.3,80.9,1004.6,True,22.0,135,0.2,2021,16,Q,Turkish Grand Prix,Istanbul,,,20.0,,10000,5201.150833333331,1
