Time,Driver,Position,GapToLeader,IntervalToPositionAhead
12.598,63,1,LAP 1,LAP 1
42.68,63,1,LAP 0,LAP 0
3754.97,63,2,LAP 0,LAP 0
3755.544,63,2,+0.510,+0.510
3759.274,63,2,+0.414,+0.414
3763.314,63,2,+0.598,+0.598
3767.364,63,2,+0.916,+0.916
3772.507,63,2,+1.098,+1.098
3775.302,63,2,+1.194,+1.194
3777.429,63,2,+1.203,+1.203
3781.481,63,2,+1.295,+1.295
3784.736,63,2,+1.264,+1.264
3788.543,63,2,+1.221,+1.221
3792.464,63,2,+1.081,+1.081
3795.849,63,2,+0.908,+0.908
3800.915,63,2,+0.928,+0.928
3806.007,63,2,+0.801,+0.801
3809.994,63,2,+0.845,+0.845
3815.669,63,2,+0.802,+0.802
3819.109,63,2,+0.793,+0.793
3822.788,63,2,+0.840,+0.840
3824.803,63,2,+0.876,+0.876
3826.856,63,2,+0.900,+0.900
3832.017,63,2,+0.800,+0.800
3832.697,63,2,+0.765,+0.765
3835.54,63,2,+0.661,+0.661
3837.051,63,2,+0.743,+0.743
3841.869,63,2,+0.741,+0.741
3845.332,63,2,+0.607,+0.607
3848.768,63,2,+0.682,+0.682
3852.495,63,2,+0.722,+0.722
3857.328,63,2,+0.625,+0.625
3860.049,63,2,+0.566,+0.566
3862.243,63,2,+0.422,+0.422
3866.048,63,2,+0.472,+0.472
3869.3,63,2,+0.433,+0.433
3873.037,63,2,+0.359,+0.359
3876.744,63,2,+0.187,+0.187
3880.228,63,2,+0.040,+0.040
3885.416,63,2,+0.289,+0.289
3890.425,63,1,LAP 2,LAP 2
3917.794,63,1,LAP 3,LAP 3
3970.934,63,2,LAP 3,LAP 3
3971.385,63,2,+0.333,+0.333
3976.474,63,2,+0.104,+0.104
3980.645,63,2,+0.169,+0.169
3986.53,63,2,+0.279,+0.279
3990.125,63,2,+0.338,+0.338
3993.9,63,2,+0.510,+0.510
3996.096,63,2,+0.561,+0.561
3998.159,63,2,+0.546,+0.546
4003.457,63,2,+0.554,+0.554
4004.147,63,2,+0.551,+0.551
4006.982,63,2,+0.510,+0.510
4008.462,63,2,+0.571,+0.571
4013.402,63,2,+0.607,+0.607
4016.887,63,2,+0.484,+0.484
4020.458,63,2,+0.525,+0.525
4024.081,63,2,+0.622,+0.622
4029.017,63,2,+0.661,+0.661
4031.722,63,2,+0.649,+0.649
4033.768,63,2,+0.534,+0.534
4037.631,63,2,+0.593,+0.593
4040.849,63,2,+0.571,+0.571
4044.594,63,2,+0.512,+0.512
4048.304,63,2,+0.389,+0.389
4051.579,63,2,+0.263,+0.263
4056.83,63,2,+0.585,+0.585
4061.879,63,2,+0.428,+0.428
4066.047,63,2,+0.504,+0.504
4071.729,63,2,+0.461,+0.461
4075.19,63,2,+0.527,+0.527
4078.962,63,2,+0.740,+0.740
4081.043,63,2,+0.806,+0.806
4083.117,63,2,+0.859,+0.859
4088.292,63,2,+0.801,+0.801
4088.956,63,2,+0.787,+0.787
4091.622,63,2,+0.726,+0.726
4093.08,63,2,+0.792,+0.792
4097.912,63,2,+0.808,+0.808
4101.401,63,2,+0.646,+0.646
4104.866,63,2,+0.756,+0.756
4108.576,63,2,+0.863,+0.863
4113.387,63,2,+0.865,+0.865
4116.168,63,2,+0.922,+0.922
4118.241,63,2,+0.895,+0.895
4122.182,63,2,+0.962,+0.962
4125.318,63,2,+0.944,+0.944
4129.058,63,2,+0.908,+0.908
4132.845,63,2,+0.841,+0.841
4136.118,63,2,+0.741,+0.741
4141.008,63,2,+0.751,+0.751
4146.094,63,2,+0.664,+0.664
4150.133,63,2,+0.670,+0.670
4155.856,63,2,+0.646,+0.646
4159.513,63,2,+0.708,+0.708
4163.022,63,2,+0.898,+0.898
4165.054,63,2,+0.902,+0.902
4167.128,63,2,+0.888,+0.888
4172.304,63,2,+0.835,+0.835
4172.938,63,2,+0.823,+0.823
4175.668,63,2,+0.755,+0.755
4177.062,63,2,+0.756,+0.756
4181.856,63,2,+0.722,+0.722
4185.32,63,2,+0.486,+0.486
4188.732,63,2,+0.467,+0.467
4192.43,63,2,+0.584,+0.584
4197.351,63,2,+0.602,+0.602
4200.069,63,2,+0.615,+0.615
4202.168,63,2,+0.562,+0.562
4205.976,63,2,+0.596,+0.596
4209.17,63,2,+0.560,+0.560
4212.907,63,2,+0.493,+0.493
4216.637,63,2,+0.351,+0.351
4219.889,63,2,+0.183,+0.183
4225.039,63,2,+0.370,+0.370
4230.012,63,2,+0.159,+0.159
4234.095,63,2,+0.139,+0.139
4240.11,63,2,+0.244,+0.244
4243.687,63,2,+0.423,+0.423
4247.556,63,2,+0.676,+0.676
4249.722,63,2,+0.776,+0.776
4251.88,63,2,+0.803,+0.803
4256.966,63,2,+0.686,+0.686
4257.578,63,2,+0.640,+0.640
4260.161,63,2,+0.448,+0.448
4261.632,63,2,+0.537,+0.537
4266.484,63,2,+0.533,+0.533
4270.015,63,2,+0.410,+0.410
4273.508,63,2,+0.505,+0.505
4277.209,63,2,+0.608,+0.608
4282.165,63,2,+0.626,+0.626
4284.804,63,2,+0.609,+0.609
4286.886,63,2,+0.577,+0.577
4290.725,63,2,+0.604,+0.604
4293.92,63,2,+0.607,+0.607
4297.731,63,2,+0.630,+0.630
4301.601,63,2,+0.635,+0.635
4304.973,63,2,+0.614,+0.614
4309.888,63,2,+0.599,+0.599
4314.91,63,2,+0.453,+0.453
4319.121,63,2,+0.653,+0.653
4324.734,63,2,+0.648,+0.648
4328.117,63,2,+0.699,+0.699
4331.837,63,2,+0.852,+0.852
4333.841,63,2,+0.836,+0.836
4335.924,63,2,+0.787,+0.787
4341.051,63,2,+0.730,+0.730
4341.686,63,2,+0.705,+0.705
4344.279,63,2,+0.570,+0.570
4345.676,63,2,+0.617,+0.617
4350.401,63,2,+0.501,+0.501
4353.76,63,2,+0.122,+0.122
4357.177,63,2,+0.071,+0.071
4360.994,63,1,LAP 8,LAP 8
4389.102,63,2,LAP 8,LAP 8
4389.224,63,2,+0.023,+0.023
4394.55,63,2,+0.400,+0.400
4399.7,63,2,+0.313,+0.313
4403.916,63,2,+0.464,+0.464
4409.701,63,2,+0.506,+0.506
4413.149,63,2,+0.431,+0.431
4416.937,63,2,+0.590,+0.590
4419.087,63,2,+0.629,+0.629
4421.153,63,2,+0.673,+0.673
4426.263,63,2,+0.427,+0.427
4426.918,63,2,+0.332,+0.332
4429.564,63,1,LAP 9,LAP 9
4436.155,63,2,LAP 9,LAP 9
4436.425,63,2,+0.128,+0.128
4440.127,63,2,+0.076,+0.076
4443.373,63,2,+0.070,+0.070
4447.586,63,2,+0.254,+0.254
4452.923,63,2,+0.541,+0.541
4455.735,63,2,+0.701,+0.701
4457.859,63,2,+0.831,+0.831
4461.772,63,2,+1.077,+1.077
4465.03,63,2,+1.074,+1.074
4468.787,63,2,+1.012,+1.012
4472.629,63,2,+0.892,+0.892
4476.033,63,2,+0.771,+0.771
4481.111,63,2,+0.905,+0.905
4486.094,63,2,+0.762,+0.762
4490.208,63,2,+0.722,+0.722
4495.794,63,2,+0.700,+0.700
4499.195,63,2,+0.762,+0.762
4502.975,63,2,+0.959,+0.959
4504.987,63,2,+0.891,+0.891
4507.102,63,2,+0.850,+0.850
4512.195,63,2,+0.731,+0.731
4512.864,63,2,+0.708,+0.708
4515.589,63,2,+0.643,+0.643
4516.996,63,2,+0.730,+0.730
4521.742,63,2,+0.706,+0.706
4525.262,63,2,+0.493,+0.493
4528.784,63,2,+0.570,+0.570
4532.512,63,2,+0.659,+0.659
4537.443,63,2,+0.683,+0.683
4540.085,63,2,+0.634,+0.634
4542.221,63,2,+0.554,+0.554
4546.08,63,2,+0.672,+0.672
4549.31,63,2,+0.701,+0.701
4553.126,63,2,+0.745,+0.745
4557.012,63,2,+0.767,+0.767
4560.357,63,2,+0.749,+0.749
4565.277,63,2,+0.805,+0.805
4570.312,63,2,+0.719,+0.719
4574.316,63,2,+0.736,+0.736
4579.925,63,2,+0.641,+0.641
4583.356,63,2,+0.705,+0.705
4587.034,63,2,+0.887,+0.887
4589.099,63,2,+0.911,+0.911
4591.214,63,2,+0.923,+0.923
4596.325,63,2,+0.871,+0.871
4596.988,63,2,+0.843,+0.843
4599.562,63,2,+0.695,+0.695
4600.95,63,2,+0.718,+0.718
4605.746,63,2,+0.697,+0.697
4609.165,63,2,+0.388,+0.388
4612.633,63,2,+0.446,+0.446
4616.457,63,2,+0.634,+0.634
4621.38,63,2,+0.636,+0.636
4624.077,63,2,+0.643,+0.643
4626.07,63,2,+0.686,+0.686
4629.879,63,2,+0.846,+0.846
4633.117,63,2,+0.878,+0.878
4636.921,63,2,+0.880,+0.880
4640.846,63,2,+0.845,+0.845
4644.218,63,2,+0.750,+0.750
4649.118,63,2,+0.769,+0.769
4654.136,63,2,+0.685,+0.685
4658.177,63,2,+0.713,+0.713
4663.832,63,2,+0.741,+0.741
4667.302,63,2,+0.868,+0.868
4671.014,63,2,+1.028,+1.028
4673.076,63,2,+1.093,+1.093
4675.177,63,2,+1.143,+1.143
4680.284,63,2,+1.042,+1.042
4680.933,63,2,+1.012,+1.012
4683.576,63,2,+0.883,+0.883
4685.13,63,2,+1.037,+1.037
4693.956,63,2,+1.547,+1.547
4699.31,63,2,+1.288,+1.288
4703.466,63,2,+1.187,+1.187
4707.847,63,2,+1.221,+1.221
4714.725,63,2,+1.097,+1.097
4718.369,63,2,+1.238,+1.238
4720.696,63,2,+1.142,+1.142
4725.668,63,2,+1.680,+1.680
4729.496,63,2,+2.126,+2.126
4736.196,63,2,+1.573,+1.573
4742.31,63,2,+0.731,+0.731
4749.436,63,2,+1.758,+1.758
4757.132,63,2,+1.332,+1.332
4762.645,63,2,+1.165,+1.165
4767.031,63,2,+1.130,+1.130
4772.894,63,2,+0.722,+0.722
4776.852,63,2,+0.847,+0.847
4781.325,63,2,+0.795,+0.795
4784.029,63,2,+0.799,+0.799
4796.941,63,3,+0.799,+0.799
4813.285,63,3,+15.426,+12.150
4815.344,63,3,+15.538,+12.428
4823.919,63,3,+17.895,+15.000
4827.918,63,3,+16.165,+13.810
4832.056,63,3,+15.267,+13.454
4836.192,63,3,+15.144,+13.473
4843.099,63,3,+16.301,+13.259
4846.489,63,3,+15.092,+12.053
4848.918,63,3,+14.322,+11.275
4855.527,63,3,+14.805,+13.477
4859.304,63,3,+14.854,+12.590
4865.463,63,3,+16.971,+12.980
4870.876,63,3,+15.073,+12.703
4877.511,63,3,+15.828,+12.337
4884.22,63,3,+14.456,+12.527
4889.601,63,3,+14.172,+12.307
4894.519,63,3,+14.721,+12.823
4901.347,63,3,+15.129,+12.570
4905.802,63,3,+15.813,+12.903
4910.298,63,3,+15.356,+13.114
4913.338,63,3,+14.812,+11.891
4916.236,63,3,+15.376,+12.374
4923.628,63,3,+15.642,+11.868
4924.51,63,3,+15.425,+11.285
4928.431,63,3,+15.176,+11.044
4930.763,63,3,+15.592,+11.709
4936.389,63,3,+15.331,+11.837
4940.018,63,3,+13.730,+10.730
4943.534,63,3,+12.707,+10.297
4947.173,63,3,+12.103,+10.243
4952.041,63,3,+11.989,+10.206
4954.776,63,3,+12.010,+10.195
4956.819,63,3,+12.049,+10.097
4960.548,63,3,+12.052,+10.065
4963.755,63,3,+12.004,+10.022
4967.591,63,3,+12.009,+10.063
4971.509,63,3,+11.996,+10.167
4974.913,63,3,+11.940,+10.233
4979.762,63,3,+11.872,+10.162
4984.831,63,3,+11.846,+10.112
4989.197,63,3,+11.846,+10.025
4994.603,63,3,+11.941,+10.143
4997.94,63,3,+11.989,+10.079
5001.665,63,3,+12.089,+10.144
5003.675,63,3,+12.020,+10.025
5005.694,63,3,+11.978,+10.000
5010.942,63,3,+12.008,+10.026
5011.611,63,3,+12.030,+10.052
5014.494,63,3,+12.082,+10.141
5015.859,63,3,+12.105,+10.135
5020.522,63,3,+12.014,+9.972
5024.016,63,3,+11.941,+9.846
5027.349,63,3,+11.830,+9.845
5030.918,63,3,+11.809,+9.856
5035.668,63,3,+11.713,+9.724
5038.298,63,3,+11.648,+9.648
5040.373,63,3,+11.594,+9.594
5044.064,63,3,+11.517,+9.568
5047.224,63,3,+11.482,+9.510
5050.955,63,3,+11.471,+9.501
5054.797,63,3,+11.456,+9.538
5058.133,63,3,+11.433,+9.574
5062.959,63,3,+11.332,+9.479
5068.092,63,3,+11.280,+9.470
5071.979,63,3,+11.160,+9.232
5077.548,63,3,+11.120,+9.204
5080.888,63,3,+11.160,+9.116
5084.508,63,3,+11.244,+9.159
5086.517,63,3,+11.173,+9.132
5088.529,63,3,+11.121,+9.097
5093.758,63,3,+11.070,+9.142
5094.484,63,3,+11.090,+9.174
5097.279,63,3,+11.150,+9.286
5098.679,63,3,+11.167,+9.330
5103.432,63,3,+11.123,+9.282
5106.933,63,3,+11.059,+9.251
5110.204,63,3,+11.027,+9.274
5113.725,63,3,+11.005,+9.278
5118.481,63,3,+10.890,+9.106
5121.127,63,3,+10.860,+9.038
5123.214,63,3,+10.825,+8.993
5126.904,63,3,+10.755,+8.959
5130.131,63,3,+10.719,+8.917
5133.826,63,3,+10.702,+8.891
5137.633,63,3,+10.663,+8.883
5140.961,63,3,+10.618,+8.880
5145.664,63,3,+10.438,+8.764
5150.723,63,3,+10.308,+8.735
5154.689,63,3,+10.259,+8.719
5160.229,63,3,+10.179,+8.641
5163.568,63,3,+10.202,+8.567
5167.343,63,3,+10.383,+8.690
5169.394,63,3,+10.443,+8.702
5171.483,63,3,+10.457,+8.686
5176.704,63,3,+10.482,+8.666
5177.387,63,3,+10.502,+8.685
5180.195,63,3,+10.590,+8.773
5181.519,63,3,+10.632,+8.759
5186.195,63,3,+10.205,+8.559
5189.684,63,3,+10.000,+8.435
5193.008,63,3,+9.914,+8.356
5196.517,63,3,+9.760,+8.298
5201.319,63,3,+9.588,+8.116
5204.033,63,3,+9.635,+8.100
5206.12,63,3,+9.705,+8.046
5209.887,63,3,+9.797,+8.018
5213.087,63,3,+9.732,+7.947
5216.816,63,3,+9.663,+7.912
5220.596,63,3,+9.543,+7.910
5223.944,63,3,+9.419,+7.916
5228.652,63,3,+9.294,+7.749
5233.657,63,3,+9.165,+7.644
5237.569,63,3,+8.989,+7.548
5243.147,63,3,+8.915,+7.491
5246.492,63,3,+8.933,+7.447
5250.133,63,3,+8.945,+7.387
5252.207,63,3,+9.038,+7.434
5254.327,63,3,+9.014,+7.442
5259.456,63,3,+8.915,+7.394
5260.175,63,3,+8.911,+7.405
5262.902,63,3,+8.901,+7.466
5264.277,63,3,+8.873,+7.489
5269.264,63,3,+9.022,+7.629
5272.805,63,3,+8.986,+7.571
5276.066,63,3,+8.925,+7.488
5279.698,63,3,+8.971,+7.514
5284.527,63,3,+8.923,+7.431
5287.272,63,3,+8.986,+7.398
5289.335,63,3,+9.061,+7.315
5293.095,63,3,+9.146,+7.335
5296.298,63,3,+9.066,+7.292
5300.001,63,3,+9.015,+7.273
5303.801,63,3,+8.934,+7.283
5307.212,63,3,+8.857,+7.298
5311.933,63,3,+8.816,+7.176
5317.033,63,3,+8.784,+7.145
5320.905,63,3,+8.591,+6.981
5326.496,63,3,+8.574,+6.929
5329.935,63,3,+8.632,+6.893
5334.487,63,3,+9.454,+7.835
5338.469,63,3,+11.205,+9.659
5342.055,63,3,+12.501,+10.988
5348.403,63,3,+9.200,+5.541
5349.13,63,3,+8.288,+4.787
5353.646,63,3,+8.895,+4.866
5356.247,63,3,+9.558,+5.635
5362.145,63,3,+8.115,+5.856
5365.839,63,3,+7.266,+5.224
5371.391,63,3,+8.997,+6.817
5375.776,63,3,+8.852,+7.308
5382.358,63,3,+8.864,+7.504
5386.158,63,3,+9.572,+7.753
5388.54,63,3,+9.711,+7.528
5394.882,63,3,+11.270,+9.489
5399.126,63,3,+11.570,+9.305
5403.993,63,3,+11.332,+8.696
5410.222,63,3,+11.822,+9.557
5414.573,63,3,+11.259,+9.155
5422.112,63,3,+12.058,+9.861
5427.554,63,3,+10.640,+8.368
5434.281,63,3,+10.931,+9.032
5441.278,63,3,+10.898,+9.383
5445.944,63,3,+11.283,+9.617
5450.66,63,3,+11.019,+9.457
5453.266,63,3,+10.365,+8.399
5455.884,63,3,+9.508,+7.510
5462.565,63,3,+8.958,+6.023
5464.36,63,3,+9.892,+6.944
5468.65,63,3,+10.684,+7.968
5470.479,63,3,+10.761,+8.146
5476.475,63,3,+10.874,+8.872
5480.925,63,3,+10.904,+9.041
5485.828,63,3,+9.970,+8.076
5490.285,63,3,+10.004,+8.232
5496.301,63,3,+10.164,+7.863
5498.99,63,3,+9.340,+7.278
5501.135,63,3,+8.742,+6.939
5504.925,63,3,+8.093,+6.843
5508.119,63,3,+7.990,+6.711
5511.858,63,3,+7.964,+6.678
5515.658,63,3,+7.988,+6.702
5519.055,63,3,+7.975,+6.752
5523.848,63,3,+7.820,+6.639
5528.882,63,3,+7.648,+6.496
5532.724,63,3,+7.493,+6.313
5538.359,63,3,+7.419,+6.242
5541.667,63,3,+7.498,+6.195
5545.438,63,3,+7.677,+6.281
5547.53,63,3,+7.722,+6.277
5549.55,63,3,+7.683,+6.274
5554.637,63,3,+7.640,+6.234
5555.307,63,3,+7.645,+6.243
5558.042,63,3,+7.675,+6.283
5559.405,63,3,+7.698,+6.295
5564.064,63,3,+7.611,+6.215
5567.515,63,3,+7.487,+6.095
5570.805,63,3,+7.477,+6.028
5574.423,63,3,+7.507,+6.056
5579.192,63,3,+7.385,+5.969
5581.849,63,3,+7.367,+5.918
5583.947,63,3,+7.321,+5.849
5587.746,63,3,+7.310,+5.868
5590.952,63,3,+7.325,+5.848
5594.672,63,3,+7.302,+5.816
5598.43,63,3,+7.241,+5.788
5601.752,63,3,+7.163,+5.756
5606.526,63,3,+7.165,+5.660
5611.552,63,3,+7.046,+5.553
5615.417,63,3,+6.913,+5.405
5621.066,63,3,+6.806,+5.322
5624.409,63,3,+6.870,+5.255
5628.061,63,3,+6.959,+5.283
5630.143,63,3,+7.035,+5.350
5632.186,63,3,+7.016,+5.343
5637.326,63,3,+6.985,+5.291
5637.983,63,3,+6.993,+5.296
5640.741,63,3,+7.039,+5.325
5642.151,63,3,+7.101,+5.383
5646.817,63,3,+7.017,+5.322
5650.314,63,3,+6.933,+5.259
5653.593,63,3,+6.917,+5.235
5657.162,63,3,+6.929,+5.294
5661.966,63,3,+6.803,+5.181
5664.62,63,3,+6.799,+5.171
5666.722,63,3,+6.732,+5.110
5670.535,63,3,+6.745,+5.107
5673.654,63,3,+6.730,+5.028
5677.414,63,3,+6.728,+5.006
5681.192,63,3,+6.732,+5.027
5684.518,63,3,+6.733,+5.054
5689.288,63,3,+6.783,+5.011
5694.375,63,3,+6.701,+4.950
5698.308,63,3,+6.640,+4.835
5703.878,63,3,+6.496,+4.708
5707.244,63,3,+6.497,+4.673
5710.874,63,3,+6.535,+4.664
5712.996,63,3,+6.567,+4.697
5715.063,63,3,+6.533,+4.705
5720.208,63,3,+6.463,+4.668
5720.857,63,3,+6.469,+4.679
5723.604,63,3,+6.503,+4.745
5725.008,63,3,+6.533,+4.786
5729.714,63,3,+6.365,+4.707
5733.192,63,3,+6.295,+4.655
5736.459,63,3,+6.244,+4.577
5740.026,63,3,+6.226,+4.590
5744.822,63,3,+6.118,+4.457
5747.431,63,3,+6.053,+4.399
5749.475,63,3,+5.922,+4.300
5753.194,63,3,+5.854,+4.296
5756.382,63,3,+5.826,+4.238
5760.15,63,3,+5.822,+4.210
5763.867,63,3,+5.878,+4.223
5767.197,63,3,+5.932,+4.228
5771.957,63,3,+5.938,+4.195
5777.006,63,3,+5.798,+4.132
5780.96,63,3,+5.680,+4.056
5786.63,63,3,+5.682,+4.066
5789.985,63,3,+5.691,+4.037
5793.638,63,3,+5.803,+4.073
5795.728,63,3,+5.861,+4.105
5797.885,63,3,+5.874,+4.156
5803.041,63,3,+5.822,+4.118
5803.726,63,3,+5.821,+4.125
5806.483,63,3,+5.858,+4.194
5807.977,63,3,+6.035,+4.427
5813.003,63,3,+6.233,+4.262
5816.512,63,3,+6.154,+4.067
5819.811,63,3,+6.146,+4.028
5823.486,63,3,+6.194,+4.069
5828.362,63,3,+6.148,+3.971
5830.982,63,3,+6.038,+3.892
5833.015,63,3,+5.885,+3.782
5836.697,63,3,+5.788,+3.632
5839.887,63,3,+5.790,+3.600
5843.644,63,3,+5.798,+3.594
5847.474,63,3,+5.810,+3.624
5850.842,63,3,+5.813,+3.652
5855.637,63,3,+5.697,+3.524
5860.578,63,3,+5.516,+3.403
5864.592,63,3,+5.576,+3.392
5870.193,63,3,+5.507,+3.323
5873.461,63,3,+5.536,+3.304
5877.184,63,3,+5.686,+3.346
5879.273,63,3,+5.736,+3.370
5881.375,63,3,+5.674,+3.315
5886.509,63,3,+5.618,+3.253
5887.155,63,3,+5.627,+3.262
5889.908,63,3,+5.676,+3.312
5891.262,63,3,+5.701,+3.342
5895.96,63,3,+5.474,+3.198
5899.456,63,3,+5.331,+3.129
5902.75,63,3,+5.266,+3.069
5906.344,63,3,+5.256,+3.068
5911.168,63,3,+5.160,+2.986
5913.76,63,3,+5.074,+2.918
5915.789,63,3,+4.939,+2.803
5919.48,63,3,+4.870,+2.707
5922.656,63,3,+4.859,+2.648
5926.373,63,3,+4.848,+2.623
5930.213,63,3,+4.851,+2.643
5933.515,63,3,+4.840,+2.661
5938.266,63,3,+4.762,+2.590
5943.324,63,3,+4.663,+2.517
5947.283,63,3,+4.692,+2.421
5952.925,63,3,+4.538,+2.357
5956.275,63,3,+4.615,+2.405
5960.095,63,3,+4.789,+2.543
5962.199,63,3,+4.820,+2.524
5964.271,63,3,+4.820,+2.535
5969.397,63,3,+2.484,+2.535
5970.105,63,2,+2.484,+2.535
5970.105,63,2,+2.481,+2.481
5972.76,63,2,+2.474,+2.474
5974.115,63,2,+2.483,+2.483
5978.856,63,2,+2.302,+2.302
5982.366,63,2,+2.203,+2.203
5985.637,63,2,+2.165,+2.165
5989.372,63,2,+2.171,+2.171
5994.128,63,2,+2.120,+2.120
5996.749,63,2,+2.060,+2.060
5998.793,63,2,+1.956,+1.956
6002.483,63,2,+1.869,+1.869
6005.642,63,2,+1.843,+1.843
6009.408,63,2,+1.838,+1.838
6013.248,63,2,+1.868,+1.868
6016.598,63,2,+1.870,+1.870
6021.397,63,2,+1.751,+1.751
6026.471,63,2,+1.655,+1.655
6030.456,63,2,+1.473,+1.473
6036.098,63,2,+1.485,+1.485
6039.429,63,2,+1.509,+1.509
6043.093,63,2,+1.498,+1.498
6045.185,63,2,+1.510,+1.510
6047.293,63,2,+1.498,+1.498
6052.484,63,2,+1.484,+1.484
6053.153,63,2,+1.489,+1.489
6055.869,63,2,+1.515,+1.515
6057.247,63,2,+1.539,+1.539
6062.008,63,2,+1.428,+1.428
6065.49,63,2,+1.361,+1.361
6068.726,63,2,+1.333,+1.333
6072.368,63,2,+1.381,+1.381
6077.248,63,2,+1.292,+1.292
6079.893,63,2,+1.266,+1.266
6081.996,63,2,+1.178,+1.178
6085.685,63,2,+1.160,+1.160
6088.835,63,2,+1.091,+1.091
6092.598,63,2,+1.063,+1.063
6096.401,63,2,+1.058,+1.058
6099.73,63,2,+1.030,+1.030
6104.475,63,2,+1.013,+1.013
6109.525,63,2,+0.932,+0.932
6113.483,63,2,+0.852,+0.852
6119.148,63,2,+0.805,+0.805
6122.498,63,2,+0.836,+0.836
6126.261,63,2,+0.940,+0.940
6128.43,63,2,+0.980,+0.980
6130.494,63,2,+0.995,+0.995
6135.661,63,2,+0.917,+0.917
6140.428,63,2,+0.944,+0.944
6145.083,63,2,+0.781,+0.781
6148.519,63,2,+0.685,+0.685
6151.833,63,2,+0.744,+0.744
6155.48,63,2,+0.750,+0.750
6160.306,63,2,+0.682,+0.682
6162.947,63,2,+0.576,+0.576
6164.885,63,2,+0.370,+0.370
6168.73,63,2,+0.352,+0.352
6171.883,63,2,+0.327,+0.327
6175.593,63,2,+0.258,+0.258
6179.3,63,2,+0.144,+0.144
6182.625,63,2,+0.065,+0.065
6187.522,63,1,LAP 28,LAP 28
6219.74,63,1,LAP 29,LAP 29
6303.263,63,1,LAP 30,LAP 30
6386.485,63,1,LAP 31,LAP 31
6469.707,63,1,LAP 32,LAP 32
6553.198,63,1,LAP 33,LAP 33
6637.003,63,1,LAP 34,LAP 34
6734.613,63,1,LAP 35,LAP 35
6817.631,63,1,LAP 36,LAP 36
6900.343,63,1,LAP 37,LAP 37
6983.198,63,1,LAP 38,LAP 38
7066.059,63,1,LAP 39,LAP 39
7148.78,63,1,LAP 40,LAP 40
7231.715,63,1,LAP 41,LAP 41
7314.789,63,1,LAP 42,LAP 42
7397.837,63,1,LAP 43,LAP 43
7480.731,63,1,LAP 44,LAP 44
7563.593,63,1,LAP 45,LAP 45
7647.07,63,1,LAP 46,LAP 46
7730.817,63,1,LAP 47,LAP 47
7813.819,63,1,LAP 48,LAP 48
7896.883,63,1,LAP 49,LAP 49
7979.765,63,1,LAP 50,LAP 50
8062.865,63,1,LAP 51,LAP 51
8145.571,63,1,LAP 52,LAP 52
8228.68,63,1,LAP 53,LAP 53
8311.767,63,1,LAP 54,LAP 54
8394.872,63,1,LAP 55,LAP 55
8477.514,63,1,LAP 56,LAP 56
8560.27,63,1,LAP 57,LAP 57
8643.705,63,1,LAP 58,LAP 58
12.598,12,2,,
3748.187,12,2,+0.488,+0.488
3749.508,12,3,+0.488,+0.488
3749.847,12,4,+0.488,+0.488
3750.046,12,5,+0.488,+0.488
3750.279,12,6,+0.488,+0.488
3750.663,12,7,+0.488,+0.488
3750.985,12,6,+0.488,+0.488
3751.067,12,6,+0.581,+0.090
3757.174,12,7,+0.581,+0.090
3757.475,12,7,+1.570,+0.064
3760.482,12,8,+1.570,+0.064
3760.569,12,7,+1.570,+0.064
3760.647,12,7,+1.400,+0.118
3764.482,12,7,+1.585,+0.384
3764.869,12,8,+1.585,+0.384
3768.85,12,7,+1.585,+0.384
3768.934,12,7,+2.146,+0.275
3774.246,12,7,+2.708,+0.180
3777.452,12,7,+3.148,+0.299
3779.488,12,7,+3.268,+0.390
3783.896,12,7,+3.723,+0.469
3787.664,12,7,+3.772,+0.504
3791.083,12,7,+3.766,+0.626
3795.012,12,7,+3.609,+0.815
3798.335,12,7,+3.406,+0.977
3803.587,12,7,+3.605,+0.659
3808.801,12,7,+3.569,+0.652
3812.946,12,7,+3.634,+0.567
3818.778,12,7,+3.736,+0.294
3822.561,12,7,+4.123,+0.164
3826.916,12,7,+4.886,+0.343
3829.072,12,7,+4.896,+0.235
3831.156,12,7,+5.061,+0.277
3836.291,12,7,+5.075,+0.478
3836.95,12,7,+5.037,+0.508
3840.061,12,7,+4.915,+0.425
3841.457,12,7,+5.034,+0.400
3846.511,12,7,+5.312,+0.310
3849.906,12,7,+5.182,+0.240
3853.415,12,7,+5.289,+0.210
3857.578,12,7,+5.737,+0.406
3862.673,12,7,+5.777,+0.354
3865.342,12,7,+5.820,+0.306
3867.428,12,7,+5.751,+0.271
3871.519,12,7,+5.917,+0.305
3874.853,12,7,+5.914,+0.326
3878.536,12,7,+5.848,+0.306
3882.336,12,7,+5.693,+0.240
3885.534,12,7,+5.600,+0.179
3891.014,12,7,+5.513,+0.256
3896.069,12,7,+5.556,+0.236
3900.146,12,7,+5.510,+0.384
3906.134,12,7,+5.463,+0.123
3910.22,12,7,+6.031,+0.230
3914.12,12,7,+6.306,+0.317
3916.445,12,7,+6.335,+0.380
3918.431,12,7,+6.422,+0.285
3923.452,12,7,+6.424,+0.291
3924.091,12,7,+6.394,+0.293
3926.784,12,7,+6.204,+0.268
3928.429,12,7,+6.291,+0.309
3933.514,12,7,+6.638,+0.379
3936.991,12,7,+6.586,+0.327
3940.476,12,7,+6.618,+0.353
3944.493,12,7,+6.704,+0.283
3949.387,12,7,+6.859,+0.271
3952.2,12,7,+6.990,+0.320
3954.335,12,7,+7.115,+0.358
3958.375,12,7,+7.409,+0.401
3961.64,12,7,+7.388,+0.392
3965.484,12,7,+7.231,+0.292
3969.217,12,7,+6.901,+0.094
3972.46,12,7,+6.562,+0.119
3977.778,12,7,+6.726,+0.246
3982.853,12,7,+6.433,+0.058
3986.627,12,6,+6.433,+0.058
3986.705,12,6,+6.225,+1.204
3992.397,12,6,+6.157,+1.117
3995.883,12,6,+6.126,+0.979
3999.56,12,6,+6.083,+0.842
4001.631,12,6,+6.088,+0.748
4003.732,12,6,+6.019,+0.623
4008.906,12,6,+5.975,+0.732
4009.613,12,6,+5.964,+0.762
4012.627,12,6,+5.878,+0.884
4013.804,12,6,+5.914,+0.872
4018.743,12,6,+5.967,+0.797
4022.284,12,6,+5.875,+0.863
4025.663,12,6,+5.860,+0.851
4029.357,12,6,+5.896,+0.741
4034.15,12,6,+5.764,+0.506
4036.975,12,6,+5.863,+0.512
4039.095,12,6,+5.854,+0.519
4043.005,12,6,+5.919,+0.412
4046.208,12,6,+5.922,+0.417
4049.979,12,6,+5.895,+0.423
4053.714,12,6,+5.790,+0.422
4056.957,12,6,+5.622,+0.374
4062.197,12,6,+5.896,+0.227
4067.236,12,6,+5.721,+0.113
4071.314,12,6,+5.728,+0.218
4077.412,12,6,+6.070,+0.266
4081.055,12,6,+6.378,+0.226
4084.991,12,6,+6.759,+0.309
4087.217,12,6,+6.863,+0.245
4089.28,12,6,+6.971,+0.246
4094.318,12,6,+6.871,+0.150
4095.018,12,6,+6.822,+0.101
4097.451,12,5,+6.822,+0.101
4097.541,12,5,+6.614,+1.869
4098.999,12,5,+6.635,+1.898
4103.983,12,5,+6.871,+2.004
4107.553,12,5,+6.796,+2.027
4110.954,12,5,+6.836,+2.068
4114.587,12,5,+6.913,+1.988
4119.445,12,5,+6.871,+1.800
4122.293,12,5,+6.998,+1.810
4124.398,12,5,+7.044,+1.673
4128.291,12,5,+7.165,+1.554
4131.551,12,5,+7.184,+1.561
4135.376,12,5,+7.201,+1.455
4139.167,12,5,+7.190,+1.233
4142.54,12,5,+7.128,+1.004
4147.533,12,5,+7.270,+0.927
4152.645,12,5,+7.185,+0.921
4156.524,12,5,+7.025,+0.931
4162.169,12,5,+6.907,+0.865
4165.515,12,5,+6.974,+0.876
4169.151,12,5,+7.110,+0.865
4171.496,12,5,+7.317,+1.037
4173.541,12,5,+7.286,+1.056
4178.776,12,5,+7.331,+1.161
4179.535,12,5,+7.340,+1.182
4182.532,12,5,+7.341,+1.246
4183.656,12,5,+7.343,+1.276
4188.521,12,5,+7.379,+1.260
4191.991,12,5,+7.148,+1.181
4195.244,12,5,+6.977,+1.113
4198.886,12,5,+7.050,+1.063
4203.776,12,5,+7.025,+0.969
4206.568,12,5,+7.116,+0.997
4208.673,12,5,+7.116,+0.896
4212.554,12,5,+7.173,+0.804
4215.792,12,5,+7.157,+0.791
4219.529,12,5,+7.111,+0.623
4223.261,12,5,+6.985,+0.264
4226.484,12,4,+6.985,+0.264
4226.582,12,4,+6.899,+4.553
4231.519,12,4,+6.876,+4.525
4236.655,12,4,+6.830,+4.499
4240.723,12,4,+6.799,+4.451
4246.382,12,4,+6.500,+4.420
4249.782,12,4,+6.528,+4.401
4253.34,12,4,+6.571,+4.362
4255.476,12,4,+6.521,+4.338
4257.473,12,4,+6.407,+4.288
4262.785,12,4,+6.513,+4.427
4263.545,12,4,+6.542,+4.460
4266.597,12,4,+6.632,+4.569
4267.816,12,4,+6.696,+4.600
4272.604,12,4,+6.652,+4.501
4276.099,12,4,+6.493,+4.363
4279.373,12,4,+6.396,+4.265
4283.016,12,4,+6.416,+4.303
4287.836,12,4,+6.326,+4.162
4290.58,12,4,+6.409,+4.185
4292.698,12,4,+6.395,+4.120
4296.493,12,4,+6.385,+4.050
4299.739,12,4,+6.409,+4.017
4303.538,12,4,+6.430,+4.023
4307.39,12,4,+6.443,+4.072
4310.825,12,4,+6.444,+4.131
4315.61,12,4,+6.316,+3.981
4320.793,12,4,+6.299,+3.974
4324.69,12,4,+6.185,+3.828
4330.292,12,4,+6.194,+3.829
4333.665,12,4,+6.230,+3.774
4337.233,12,4,+6.282,+3.753
4339.318,12,4,+6.264,+3.786
4341.314,12,4,+6.177,+3.760
4346.62,12,4,+6.308,+3.888
4347.427,12,4,+6.343,+3.930
4350.171,12,4,+6.454,+4.080
4351.603,12,4,+6.525,+4.144
4356.543,12,4,+6.675,+4.215
4360.095,12,4,+6.451,+4.099
4363.329,12,4,+6.150,+3.890
4366.88,12,4,+5.882,+3.908
4371.742,12,4,+5.745,+3.854
4374.491,12,4,+5.813,+3.835
4376.591,12,4,+5.787,+3.742
4380.316,12,4,+5.748,+3.636
4383.567,12,4,+5.804,+3.591
4387.35,12,4,+5.726,+3.568
4391.185,12,4,+5.332,+3.578
4394.559,12,4,+5.368,+3.577
4399.358,12,4,+5.229,+3.408
4404.493,12,4,+5.122,+3.399
4408.425,12,4,+4.865,+3.206
4413.929,12,4,+4.739,+3.111
4417.305,12,4,+4.587,+3.061
4420.86,12,4,+4.546,+3.054
4423.083,12,4,+4.605,+3.137
4425.126,12,4,+4.592,+3.109
4430.325,12,4,+4.074,+3.181
4431.035,12,4,+4.463,+3.205
4433.789,12,4,+4.390,+3.309
4435.163,12,4,+4.372,+3.310
4439.995,12,4,+3.737,+3.245
4443.516,12,4,+3.542,+3.354
4446.804,12,4,+3.534,+3.200
4450.519,12,4,+3.242,+2.908
4455.331,12,4,+2.972,+2.224
4458.112,12,4,+3.122,+2.049
4460.303,12,4,+3.250,+1.878
4464.119,12,4,+3.397,+1.583
4467.35,12,4,+3.396,+1.514
4471.117,12,4,+3.326,+1.479
4474.918,12,4,+3.167,+1.473
4478.249,12,4,+2.970,+1.475
4483.156,12,4,+2.973,+1.439
4488.289,12,4,+2.947,+1.460
4492.218,12,4,+2.782,+1.368
4497.837,12,4,+2.752,+1.293
4501.286,12,4,+2.844,+1.287
4504.924,12,4,+2.980,+1.277
4507.084,12,4,+2.969,+1.304
4509.096,12,4,+2.844,+1.286
4514.264,12,4,+2.773,+1.262
4514.905,12,4,+2.769,+1.269
4517.659,12,4,+2.758,+1.308
4519.035,12,4,+2.801,+1.303
4523.946,12,4,+2.904,+1.321
4527.456,12,4,+2.697,+1.268
4530.88,12,4,+2.626,+1.282
4534.672,12,4,+2.782,+1.365
4539.448,12,4,+2.688,+1.196
4542.376,12,4,+2.738,+1.236
4544.327,12,4,+2.687,+1.189
4548.1,12,4,+2.705,+1.105
4551.35,12,4,+2.738,+1.078
4555.133,12,4,+2.734,+1.072
4558.929,12,4,+2.697,+1.124
4562.266,12,4,+2.608,+1.174
4567.07,12,4,+2.609,+1.065
4572.213,12,4,+2.617,+1.086
4576.163,12,4,+2.572,+1.037
4581.853,12,4,+2.573,+0.988
4585.331,12,4,+2.694,+1.047
4588.955,12,4,+2.863,+1.080
4591.104,12,4,+2.882,+1.092
4593.131,12,4,+2.832,+1.074
4598.29,12,4,+2.830,+1.048
4598.956,12,4,+2.829,+1.051
4601.677,12,4,+2.817,+1.057
4603.086,12,4,+2.858,+1.082
4607.958,12,4,+2.901,+1.060
4611.456,12,4,+2.673,+1.004
4614.8,12,4,+2.606,+1.028
4618.517,12,4,+2.707,+1.107
4623.432,12,4,+2.693,+1.072
4626.229,12,4,+2.823,+1.133
4628.328,12,4,+2.934,+1.097
4632.16,12,4,+3.112,+1.094
4635.372,12,4,+3.138,+1.048
4639.143,12,4,+3.089,+1.034
4642.892,12,4,+2.928,+1.060
4646.214,12,4,+2.730,+1.091
4651.07,12,4,+2.733,+0.966
4656.186,12,4,+2.695,+0.909
4660.001,12,4,+2.527,+0.694
4665.717,12,4,+2.603,+0.745
4669.191,12,4,+2.745,+0.769
4672.863,12,4,+2.919,+0.802
4674.966,12,4,+3.000,+0.859
4676.999,12,4,+2.951,+0.846
4682.265,12,4,+2.926,+0.861
4682.901,12,4,+2.921,+0.868
4686.15,12,4,+3.462,+1.349
4688.597,12,4,+4.530,+1.799
4697.422,12,4,+5.103,+1.012
4702.923,12,4,+4.893,+1.179
4707.172,12,4,+4.906,+1.759
4711.193,12,4,+4.592,+1.954
4717.391,12,4,+3.790,+1.249
4720.986,12,4,+3.844,+1.154
4723.41,12,4,+3.858,+1.007
4727.773,12,4,+3.773,+0.962
4732.121,12,4,+4.749,+0.955
4738.826,12,4,+4.248,+1.220
4745.202,12,4,+3.652,+2.055
4752.561,12,4,+4.828,+2.084
4759.726,12,4,+3.924,+1.738
4765.538,12,4,+4.087,+2.089
4769.575,12,4,+3.666,+1.809
4775.484,12,4,+3.310,+1.530
4779.446,12,4,+3.440,+1.455
4783.505,12,4,+2.917,+0.964
4786.321,12,4,+2.914,+0.197
4812.102,12,5,+2.914,+0.197
4818.93,12,5,+21.080,+2.977
4820.734,12,5,+20.971,+2.646
4828.207,12,5,+22.181,+2.687
4832.714,12,5,+20.965,+2.611
4837.522,12,5,+20.711,+3.219
4842.136,12,5,+21.033,+3.158
4849.093,12,5,+22.309,+3.163
4852.755,12,5,+21.335,+3.128
4855.362,12,5,+20.764,+3.166
4860.151,12,5,+19.376,+2.651
4864.9,12,5,+20.440,+3.111
4870.194,12,5,+21.736,+3.202
4875.942,12,5,+20.106,+3.206
4883.246,12,5,+21.574,+3.617
4890.545,12,5,+20.794,+3.230
4896.19,12,5,+20.757,+3.041
4900.473,12,5,+20.611,+2.652
4907.11,12,5,+20.905,+2.844
4911.72,12,5,+21.734,+3.349
4916.104,12,5,+21.083,+3.418
4919.325,12,5,+20.775,+3.370
4922.677,12,5,+21.714,+3.879
4929.264,12,5,+21.298,+3.423
4930.231,12,5,+21.108,+3.251
4934.118,12,5,+20.842,+2.976
4935.707,12,5,+20.537,+2.558
4941.638,12,5,+20.578,+3.189
4945.331,12,5,+19.042,+3.204
4948.728,12,5,+17.915,+3.032
4952.454,12,5,+17.422,+2.969
4957.249,12,5,+17.184,+2.625
4959.957,12,5,+17.215,+2.504
4962.136,12,5,+17.269,+2.424
4965.855,12,5,+17.339,+2.289
4969.108,12,5,+17.345,+2.305
4972.952,12,5,+17.385,+2.405
4976.887,12,5,+17.388,+2.556
4980.33,12,5,+17.323,+2.654
4985.137,12,5,+17.278,+2.432
4990.368,12,5,+17.367,+2.433
4994.325,12,5,+17.251,+2.442
4999.909,12,5,+17.231,+2.226
5003.29,12,5,+17.370,+2.081
5006.972,12,5,+17.392,+1.912
5009.025,12,5,+17.367,+1.839
5011.001,12,5,+17.278,+1.672
5016.2,12,5,+17.287,+1.748
5016.905,12,5,+17.298,+1.769
5019.708,12,5,+17.303,+1.814
5021.136,12,5,+17.335,+1.744
5025.938,12,5,+17.451,+1.731
5029.447,12,5,+17.371,+1.697
5032.702,12,5,+17.193,+1.644
5036.288,12,5,+17.207,+1.482
5041.066,12,5,+17.111,+1.222
5043.831,12,5,+17.183,+1.193
5045.921,12,5,+17.134,+1.143
5049.673,12,5,+17.145,+0.977
5052.897,12,5,+17.162,+0.969
5056.639,12,5,+17.153,+0.978
5060.407,12,5,+17.078,+0.981
5063.717,12,5,+16.963,+0.968
5068.582,12,5,+16.949,+0.812
5073.676,12,5,+16.859,+0.784
5077.573,12,5,+16.759,+0.723
5083.165,12,5,+16.729,+0.508
5086.566,12,5,+16.872,+0.407
5090.224,12,5,+16.977,+0.332
5092.433,12,5,+17.063,+0.303
5094.51,12,5,+17.080,+0.250
5099.57,12,5,+16.876,+0.219
5100.198,12,5,+16.820,+0.179
5102.876,12,4,+16.820,+0.179
5102.965,12,4,+16.590,+5.440
5104.152,12,4,+16.631,+5.464
5109.237,12,4,+16.952,+5.829
5112.8,12,4,+16.909,+5.850
5116.083,12,4,+16.918,+5.891
5119.693,12,4,+16.951,+5.946
5124.451,12,4,+16.838,+5.948
5127.099,12,4,+16.817,+5.957
5129.181,12,4,+16.785,+5.960
5132.923,12,4,+16.787,+6.032
5136.158,12,4,+16.782,+6.063
5139.954,12,4,+16.812,+6.110
5143.817,12,4,+16.848,+6.185
5147.237,12,4,+16.871,+6.253
5152.087,12,4,+16.859,+6.421
5157.223,12,4,+16.815,+6.507
5161.212,12,4,+16.813,+6.554
5166.748,12,4,+16.668,+6.489
5170.082,12,4,+16.749,+6.547
5173.662,12,4,+16.757,+6.374
5175.826,12,4,+16.866,+6.423
5177.884,12,4,+16.859,+6.402
5183.125,12,4,+16.907,+6.425
5183.808,12,4,+16.927,+6.425
5186.589,12,4,+17.016,+6.426
5187.975,12,4,+17.097,+6.465
5192.795,12,4,+16.826,+6.621
5196.304,12,4,+16.619,+6.619
5199.587,12,4,+16.525,+6.611
5203.211,12,4,+16.441,+6.681
5208.052,12,4,+16.303,+6.715
5210.847,12,4,+16.418,+6.783
5212.948,12,4,+16.508,+6.803
5216.66,12,4,+16.583,+6.786
5219.88,12,4,+16.567,+6.835
5223.676,12,4,+16.538,+6.875
5227.517,12,4,+16.471,+6.928
5230.921,12,4,+16.397,+6.978
5235.669,12,4,+16.310,+7.016
5240.771,12,4,+16.257,+7.092
5244.598,12,4,+15.998,+7.009
5250.158,12,4,+15.917,+7.002
5253.498,12,4,+15.957,+7.024
5257.048,12,4,+15.956,+7.011
5259.222,12,4,+16.007,+6.969
5261.237,12,4,+15.917,+6.903
5266.383,12,4,+15.837,+6.922
5267.109,12,4,+15.831,+6.920
5269.855,12,4,+15.812,+6.911
5271.183,12,4,+15.774,+6.901
5275.992,12,4,+15.734,+6.712
5279.478,12,4,+15.650,+6.664
5282.729,12,4,+15.586,+6.661
5286.302,12,4,+15.625,+6.654
5291.121,12,4,+15.519,+6.596
5293.761,12,4,+15.502,+6.516
5295.847,12,4,+15.581,+6.520
5299.615,12,4,+15.666,+6.520
5302.837,12,4,+15.613,+6.547
5306.589,12,4,+15.589,+6.574
5310.442,12,4,+15.548,+6.614
5313.824,12,4,+15.502,+6.645
5318.629,12,4,+15.515,+6.699
5323.736,12,4,+15.498,+6.714
5327.647,12,4,+15.335,+6.744
5335.197,12,4,+17.304,+8.730
5340.544,12,4,+19.303,+10.671
5345.283,12,4,+20.147,+10.693
5348.025,12,4,+20.723,+9.518
5350.805,12,4,+21.318,+8.817
5357.163,12,4,+17.980,+8.780
5358.048,12,4,+17.211,+8.923
5361.938,12,4,+17.106,+8.211
5363.928,12,4,+17.299,+7.741
5370.743,12,4,+16.734,+8.619
5375.583,12,4,+17.024,+9.758
5379.971,12,4,+17.560,+8.563
5384.212,12,4,+17.318,+8.466
5390.948,12,4,+17.439,+8.575
5395.18,12,4,+18.582,+9.010
5398.313,12,4,+19.415,+9.704
5403.419,12,4,+19.758,+8.488
5407.891,12,4,+20.407,+8.837
5413.017,12,4,+20.416,+9.084
5418.384,12,4,+19.995,+8.173
5423.174,12,4,+19.843,+8.584
5429.743,12,4,+19.783,+7.725
5436.98,12,4,+20.051,+9.411
5442.002,12,4,+18.608,+7.677
5449.99,12,4,+19.592,+8.694
5454.38,12,4,+19.730,+8.447
5458.945,12,4,+19.264,+8.245
5461.685,12,4,+18.774,+8.409
5464.819,12,4,+18.422,+8.914
5472.405,12,4,+18.800,+9.842
5473.35,12,4,+18.892,+9.000
5477.134,12,4,+19.157,+8.473
5478.919,12,4,+19.253,+8.492
5484.979,12,4,+19.360,+8.486
5489.637,12,4,+19.606,+8.702
5494.204,12,4,+18.333,+8.363
5498.019,12,4,+17.701,+7.697
5502.848,12,4,+16.723,+6.559
5505.736,12,4,+15.941,+6.601
5507.698,12,4,+15.319,+6.577
5511.497,12,4,+14.656,+6.563
5514.711,12,4,+14.591,+6.601
5518.469,12,4,+14.572,+6.608
5522.284,12,4,+14.584,+6.596
5525.636,12,4,+14.557,+6.582
5530.473,12,4,+14.419,+6.599
5535.575,12,4,+14.351,+6.703
5539.436,12,4,+14.187,+6.694
5545.039,12,4,+14.102,+6.683
5548.407,12,4,+14.194,+6.696
5552.018,12,4,+14.217,+6.540
5554.093,12,4,+14.293,+6.571
5556.107,12,4,+14.229,+6.546
5561.206,12,4,+14.188,+6.548
5561.874,12,4,+14.188,+6.543
5564.583,12,4,+14.209,+6.534
5565.922,12,4,+14.214,+6.516
5570.658,12,4,+14.216,+6.605
5574.174,12,4,+14.117,+6.630
5577.384,12,4,+14.030,+6.553
5580.867,12,4,+13.989,+6.482
5585.665,12,4,+13.857,+6.472
5588.404,12,4,+13.915,+6.548
5590.489,12,4,+13.850,+6.529
5594.211,12,4,+13.771,+6.461
5597.406,12,4,+13.796,+6.471
5601.188,12,4,+13.818,+6.516
5605.04,12,4,+13.860,+6.619
5608.454,12,4,+13.879,+6.716
5613.229,12,4,+13.862,+6.697
5618.317,12,4,+13.808,+6.762
5622.274,12,4,+13.672,+6.759
5627.754,12,4,+13.512,+6.706
5631.01,12,4,+13.496,+6.626
5634.517,12,4,+13.450,+6.491
5636.716,12,4,+13.571,+6.536
5638.701,12,4,+13.532,+6.516
5643.956,12,4,+13.616,+6.631
5644.647,12,4,+13.647,+6.654
5647.437,12,4,+13.759,+6.720
5648.811,12,4,+13.790,+6.689
5653.533,12,4,+13.732,+6.715
5657.034,12,4,+13.645,+6.712
5660.225,12,4,+13.562,+6.645
5663.809,12,4,+13.545,+6.616
5668.56,12,4,+13.390,+6.587
5671.187,12,4,+13.329,+6.530
5673.179,12,4,+13.190,+6.458
5676.869,12,4,+13.107,+6.362
5680.082,12,4,+13.162,+6.432
5683.876,12,4,+13.210,+6.482
5687.717,12,4,+13.252,+6.520
5691.075,12,4,+13.262,+6.529
5695.855,12,4,+13.338,+6.555
5700.93,12,4,+13.266,+6.565
5704.88,12,4,+13.206,+6.566
5710.492,12,4,+13.095,+6.599
5713.798,12,4,+13.073,+6.576
5717.45,12,4,+13.144,+6.609
5719.606,12,4,+13.171,+6.604
5721.661,12,4,+13.123,+6.590
5726.825,12,4,+13.082,+6.619
5727.51,12,4,+13.093,+6.624
5730.263,12,4,+13.153,+6.650
5731.617,12,4,+13.150,+6.617
5736.37,12,4,+12.998,+6.633
5739.758,12,4,+12.865,+6.570
5742.939,12,4,+12.740,+6.496
5746.528,12,4,+12.703,+6.477
5751.3,12,4,+12.585,+6.467
5754.054,12,4,+12.645,+6.592
5756.132,12,4,+12.584,+6.662
5759.833,12,4,+12.497,+6.643
5763.007,12,4,+12.469,+6.643
5766.732,12,4,+12.471,+6.649
5770.54,12,4,+12.540,+6.662
5773.935,12,4,+12.647,+6.715
5778.702,12,4,+12.679,+6.741
5783.825,12,4,+12.629,+6.831
5787.718,12,4,+12.417,+6.737
5793.25,12,4,+12.301,+6.619
5796.54,12,4,+12.246,+6.555
5800.138,12,4,+12.302,+6.499
5802.256,12,4,+12.334,+6.473
5804.263,12,4,+12.244,+6.370
5809.403,12,4,+12.194,+6.372
5810.145,12,4,+12.199,+6.378
5812.815,12,4,+12.249,+6.391
5814.209,12,4,+12.256,+6.221
5819.089,12,4,+12.342,+6.109
5822.641,12,4,+12.269,+6.115
5825.903,12,4,+12.192,+6.046
5829.476,12,4,+12.171,+5.977
5834.244,12,4,+12.020,+5.872
5837.019,12,4,+12.046,+6.008
5839.076,12,4,+11.954,+6.069
5842.817,12,4,+11.890,+6.102
5846.006,12,4,+11.889,+6.099
5849.79,12,4,+11.902,+6.104
5853.566,12,4,+11.913,+6.103
5856.952,12,4,+11.919,+6.106
5861.732,12,4,+11.861,+6.164
5866.847,12,4,+11.773,+6.257
5870.788,12,4,+11.804,+6.228
5876.354,12,4,+11.669,+6.162
5879.671,12,4,+11.686,+6.150
5883.192,12,4,+11.709,+6.023
5885.392,12,4,+11.808,+6.072
5887.442,12,4,+11.742,+6.068
5892.641,12,4,+11.747,+6.129
5893.313,12,4,+11.761,+6.134
5896.039,12,4,+11.824,+6.148
5897.421,12,4,+11.848,+6.147
5902.175,12,4,+11.699,+6.225
5905.653,12,4,+11.535,+6.204
5908.934,12,4,+11.487,+6.221
5912.609,12,4,+11.492,+6.236
5917.384,12,4,+11.386,+6.226
5920.185,12,4,+11.456,+6.382
5922.313,12,4,+11.444,+6.505
5926.097,12,4,+11.497,+6.627
5929.274,12,4,+11.503,+6.644
5933.048,12,4,+11.511,+6.663
5936.849,12,4,+11.504,+6.653
5940.194,12,4,+11.495,+6.655
5946.163,12,4,+12.692,+7.930
5951.536,12,4,+12.882,+8.219
5955.461,12,4,+12.861,+8.169
5961.028,12,4,+12.647,+8.109
5964.261,12,4,+12.612,+7.997
5967.779,12,4,+10.313,+7.770
5970.016,12,4,+10.342,+7.818
5972.015,12,4,+10.298,+7.818
5977.183,12,4,+10.272,+7.818
5977.849,12,3,+10.272,+7.818
5977.877,12,3,+10.281,+7.800
5980.591,12,3,+10.328,+7.854
5982.069,12,3,+10.379,+7.896
5986.869,12,3,+10.306,+8.004
5990.355,12,3,+10.204,+8.001
5993.623,12,3,+10.156,+7.991
5997.238,12,3,+10.138,+7.967
6002.035,12,3,+9.998,+7.878
6004.763,12,3,+10.037,+7.977
6006.853,12,3,+9.996,+8.040
6010.556,12,3,+9.945,+8.076
6013.774,12,3,+9.943,+8.100
6017.534,12,3,+9.955,+8.117
6021.386,12,3,+10.006,+8.138
6024.8,12,3,+10.034,+8.164
6029.525,12,3,+9.877,+8.126
6034.644,12,3,+9.839,+8.184
6038.57,12,3,+9.583,+8.110
6044.073,12,3,+9.473,+7.988
6047.378,12,3,+9.465,+7.956
6050.916,12,3,+9.369,+7.871
6053.132,12,3,+9.417,+7.907
6055.195,12,3,+9.371,+7.873
6060.33,12,3,+9.331,+7.847
6061.013,12,3,+9.334,+7.845
6063.714,12,3,+9.360,+7.845
6065.086,12,3,+9.361,+7.822
6069.861,12,3,+9.323,+7.895
6073.34,12,3,+9.231,+7.870
6076.496,12,3,+9.098,+7.765
6080.124,12,3,+9.123,+7.742
6084.952,12,3,+8.999,+7.707
6087.761,12,3,+9.075,+7.809
6089.835,12,3,+9.069,+7.891
6093.61,12,3,+9.096,+7.936
6096.798,12,3,+9.035,+7.944
6100.578,12,3,+9.032,+7.969
6104.415,12,3,+9.087,+8.029
6107.827,12,3,+9.128,+8.098
6112.528,12,3,+9.066,+8.053
6117.615,12,3,+9.034,+8.102
6121.476,12,3,+8.842,+7.990
6127.055,12,3,+8.727,+7.922
6130.392,12,3,+8.686,+7.850
6133.934,12,3,+8.660,+7.720
6136.151,12,3,+8.716,+7.736
6138.225,12,3,+8.697,+7.702
6143.425,12,3,+8.666,+7.749
6144.103,12,3,+8.677,+7.760
6146.842,12,3,+8.731,+7.814
6148.177,12,3,+8.751,+7.807
6152.999,12,3,+8.700,+7.919
6156.443,12,3,+8.618,+7.933
6159.67,12,3,+8.581,+7.837
6163.272,12,3,+8.553,+7.803
6168.064,12,3,+8.428,+7.746
6170.822,12,3,+8.462,+7.886
6172.943,12,3,+8.425,+8.055
6176.649,12,3,+8.305,+7.953
6179.835,12,3,+8.264,+7.937
6183.612,12,3,+8.266,+8.008
6187.486,12,3,+8.319,+8.175
6190.86,12,3,+8.302,+8.367
6195.576,12,3,+7.984,+7.673
6200.732,12,3,+7.896,+7.591
6204.522,12,3,+7.668,+7.281
6210.125,12,3,+7.506,+6.908
6213.485,12,3,+7.511,+6.750
6217.034,12,3,+7.390,+6.692
6219.263,12,3,+7.361,+6.716
6221.294,12,3,+7.291,+6.716
6226.465,12,3,+7.365,+6.716
6227.101,12,2,+7.365,+6.716
6227.134,12,2,+7.400,+7.400
6229.853,12,2,+7.583,+7.583
6231.217,12,2,+7.651,+7.651
6235.963,12,2,+7.679,+7.679
6239.472,12,2,+7.628,+7.628
6242.735,12,2,+7.581,+7.581
6246.314,12,2,+7.506,+7.506
6251.124,12,2,+7.404,+7.404
6253.87,12,2,+7.442,+7.442
6255.932,12,2,+7.471,+7.471
6259.638,12,2,+7.488,+7.488
6262.829,12,2,+7.474,+7.474
6266.621,12,2,+7.403,+7.403
6270.468,12,2,+7.347,+7.347
6273.871,12,2,+7.334,+7.334
6278.649,12,2,+7.331,+7.331
6283.732,12,2,+7.417,+7.417
6287.822,12,2,+7.359,+7.359
6293.173,12,2,+7.254,+7.254
6296.526,12,2,+7.174,+7.174
6300.123,12,2,+7.054,+7.054
6302.232,12,2,+6.997,+6.997
6304.266,12,2,+6.929,+6.929
6309.419,12,2,+6.888,+6.888
6310.102,12,2,+6.882,+6.882
6312.826,12,2,+6.859,+6.859
6314.189,12,2,+6.787,+6.787
6318.905,12,2,+6.786,+6.786
6322.439,12,2,+6.772,+6.772
6325.638,12,2,+6.717,+6.717
6329.262,12,2,+6.710,+6.710
6334.091,12,2,+6.673,+6.673
6336.853,12,2,+6.776,+6.776
6338.894,12,2,+6.818,+6.818
6342.629,12,2,+6.819,+6.819
6345.792,12,2,+6.840,+6.840
6349.555,12,2,+6.842,+6.842
6353.418,12,2,+6.836,+6.836
6356.766,12,2,+6.837,+6.837
6361.465,12,2,+6.810,+6.810
6366.537,12,2,+6.833,+6.833
6370.371,12,2,+6.829,+6.829
6376.04,12,2,+6.813,+6.813
6379.377,12,2,+6.780,+6.780
6382.985,12,2,+6.625,+6.625
6385.11,12,2,+6.660,+6.660
6387.185,12,2,+6.578,+6.578
6392.325,12,2,+6.512,+6.512
6392.993,12,2,+6.499,+6.499
6395.68,12,2,+6.455,+6.455
6397.095,12,2,+6.443,+6.443
6401.79,12,2,+6.447,+6.447
6405.273,12,2,+6.413,+6.413
6408.53,12,2,+6.401,+6.401
6412.208,12,2,+6.397,+6.397
6416.988,12,2,+6.374,+6.374
6419.754,12,2,+6.475,+6.475
6421.818,12,2,+6.533,+6.533
6425.556,12,2,+6.550,+6.550
6428.727,12,2,+6.567,+6.567
6432.49,12,2,+6.579,+6.579
6436.33,12,2,+6.594,+6.594
6439.658,12,2,+6.612,+6.612
6444.373,12,2,+6.522,+6.522
6449.407,12,2,+6.540,+6.540
6453.495,12,2,+6.410,+6.410
6458.806,12,2,+6.345,+6.345
6462.234,12,2,+6.288,+6.288
6465.777,12,2,+6.273,+6.273
6467.98,12,2,+6.281,+6.281
6470.052,12,2,+6.219,+6.219
6475.463,12,2,+6.230,+6.230
6475.952,12,2,+6.232,+6.232
6478.574,12,2,+6.226,+6.226
6479.978,12,2,+6.268,+6.268
6485.009,12,2,+6.527,+6.527
6488.489,12,2,+6.518,+6.518
6491.689,12,2,+6.407,+6.407
6495.359,12,2,+6.411,+6.411
6500.204,12,2,+6.384,+6.384
6503.0,12,2,+6.488,+6.488
6505.034,12,2,+6.555,+6.555
6508.747,12,2,+6.529,+6.529
6511.967,12,2,+6.510,+6.510
6515.697,12,2,+6.516,+6.516
6519.505,12,2,+6.548,+6.548
6522.9,12,2,+6.613,+6.613
6527.607,12,2,+6.168,+6.168
6532.658,12,2,+6.167,+6.167
6536.411,12,2,+6.063,+6.063
6542.088,12,2,+6.037,+6.037
6545.445,12,2,+6.045,+6.045
6549.159,12,2,+5.992,+5.992
6551.281,12,2,+6.024,+6.024
6553.355,12,2,+6.007,+6.007
6558.448,12,2,+5.950,+5.950
6559.097,12,2,+5.931,+5.931
6561.78,12,2,+5.845,+5.845
6563.124,12,2,+5.857,+5.857
6568.066,12,2,+6.076,+6.076
6571.516,12,2,+6.031,+6.031
6574.726,12,2,+5.915,+5.915
6578.386,12,2,+5.851,+5.851
6583.303,12,2,+5.822,+5.822
6586.066,12,2,+5.953,+5.953
6588.113,12,2,+6.035,+6.035
6591.844,12,2,+6.088,+6.088
6595.004,12,2,+6.108,+6.108
6598.775,12,2,+6.104,+6.104
6602.644,12,2,+6.082,+6.082
6605.959,12,2,+6.049,+6.049
6610.662,12,2,+5.943,+5.943
6615.714,12,2,+5.904,+5.904
6619.534,12,2,+5.676,+5.676
6625.076,12,2,+5.513,+5.513
6628.378,12,2,+5.543,+5.543
6632.158,12,2,+5.305,+5.305
6634.305,12,2,+5.231,+5.231
6636.378,12,2,+5.180,+5.180
6641.469,12,2,+5.129,+5.129
6642.158,12,2,+5.110,+5.110
6644.806,12,2,+5.023,+5.023
6646.188,12,2,+5.016,+5.016
6651.089,12,2,+5.183,+5.183
6654.591,12,2,+5.169,+5.169
6657.895,12,2,+5.140,+5.140
6661.526,12,2,+5.152,+5.152
6666.38,12,2,+5.104,+5.104
6669.116,12,2,+5.208,+5.208
6671.189,12,2,+5.220,+5.220
6674.923,12,2,+5.173,+5.173
6679.907,12,2,+6.965,+6.965
6687.639,12,2,+10.897,+10.897
6693.653,12,2,+8.751,+8.751
6700.526,12,2,+9.589,+9.589
6707.212,12,2,+8.910,+8.910
6712.69,12,2,+9.138,+9.138
6716.805,12,2,+8.953,+8.953
6722.805,12,2,+7.275,+7.275
6726.8,12,2,+7.252,+7.252
6730.51,12,2,+6.897,+6.897
6732.718,12,2,+6.107,+6.107
6734.81,12,2,+5.928,+5.928
6739.871,12,2,+5.918,+5.918
6740.492,12,2,+5.905,+5.905
6743.123,12,2,+5.839,+5.839
6744.488,12,2,+5.809,+5.809
6749.665,12,2,+6.214,+6.214
6753.163,12,2,+6.229,+6.229
6756.458,12,2,+6.120,+6.120
6760.138,12,2,+6.157,+6.157
6764.945,12,2,+6.082,+6.082
6767.714,12,2,+6.190,+6.190
6769.778,12,2,+6.202,+6.202
6773.512,12,2,+6.186,+6.186
6776.688,12,2,+6.179,+6.179
6780.438,12,2,+6.190,+6.190
6784.294,12,2,+6.221,+6.221
6787.694,12,2,+6.242,+6.242
6792.437,12,2,+6.296,+6.296
6797.487,12,2,+6.323,+6.323
6801.346,12,2,+6.244,+6.244
6806.864,12,2,+6.216,+6.216
6810.241,12,2,+6.276,+6.276
6813.842,12,2,+6.168,+6.168
6816.012,12,2,+6.204,+6.204
6818.072,12,2,+6.168,+6.168
6823.123,12,2,+6.182,+6.182
6823.815,12,2,+6.180,+6.180
6826.505,12,2,+6.166,+6.166
6827.858,12,2,+6.162,+6.162
6832.682,12,2,+6.293,+6.293
6836.17,12,2,+6.295,+6.295
6839.469,12,2,+6.315,+6.315
6843.128,12,2,+6.358,+6.358
6847.924,12,2,+6.280,+6.280
6850.689,12,2,+6.390,+6.390
6852.737,12,2,+6.382,+6.382
6856.391,12,2,+6.279,+6.279
6859.576,12,2,+6.306,+6.306
6863.319,12,2,+6.325,+6.325
6867.135,12,2,+6.369,+6.369
6870.569,12,2,+6.401,+6.401
6875.255,12,2,+6.374,+6.374
6880.353,12,2,+6.453,+6.453
6884.219,12,2,+6.406,+6.406
6889.733,12,2,+6.394,+6.394
6893.089,12,2,+6.496,+6.496
6896.778,12,2,+6.422,+6.422
6898.827,12,2,+6.432,+6.432
6900.856,12,2,+6.353,+6.353
6905.988,12,2,+6.323,+6.323
6906.69,12,2,+6.316,+6.316
6909.385,12,2,+6.282,+6.282
6910.75,12,2,+6.284,+6.284
6915.541,12,2,+6.366,+6.366
6919.041,12,2,+6.367,+6.367
6922.355,12,2,+6.378,+6.378
6925.987,12,2,+6.390,+6.390
6930.767,12,2,+6.295,+6.295
6933.518,12,2,+6.400,+6.400
6935.612,12,2,+6.405,+6.405
6939.29,12,2,+6.370,+6.370
6942.487,12,2,+6.409,+6.409
6946.23,12,2,+6.429,+6.429
6950.117,12,2,+6.467,+6.467
6953.493,12,2,+6.492,+6.492
6958.199,12,2,+6.499,+6.499
6963.276,12,2,+6.520,+6.520
6967.155,12,2,+6.472,+6.472
6972.655,12,2,+6.460,+6.460
6975.993,12,2,+6.497,+6.497
6979.648,12,2,+6.368,+6.368
6981.739,12,2,+6.390,+6.390
6983.79,12,2,+6.357,+6.357
6988.97,12,2,+6.437,+6.437
6989.65,12,2,+6.443,+6.443
6992.378,12,2,+6.459,+6.459
6993.731,12,2,+6.446,+6.446
6998.534,12,2,+6.514,+6.514
7002.036,12,2,+6.493,+6.493
7005.235,12,2,+6.425,+6.425
7008.886,12,2,+6.394,+6.394
7013.689,12,2,+6.358,+6.358
7016.452,12,2,+6.457,+6.457
7018.453,12,2,+6.414,+6.414
7022.127,12,2,+6.307,+6.307
7025.33,12,2,+6.341,+6.341
7029.095,12,2,+6.381,+6.381
7032.959,12,2,+6.432,+6.432
7036.381,12,2,+6.469,+6.469
7041.073,12,2,+6.497,+6.497
7046.108,12,2,+6.570,+6.570
7050.041,12,2,+6.532,+6.532
7055.585,12,2,+6.503,+6.503
7058.87,12,2,+6.562,+6.562
7062.531,12,2,+6.479,+6.479
7064.722,12,2,+6.487,+6.487
7066.749,12,2,+6.412,+6.412
7071.933,12,2,+6.543,+6.543
7072.607,12,2,+6.569,+6.569
7075.405,12,2,+6.664,+6.664
7076.742,12,2,+6.654,+6.654
7081.51,12,2,+6.749,+6.749
7085.03,12,2,+6.734,+6.734
7088.166,12,2,+6.644,+6.644
7091.796,12,2,+6.602,+6.602
7096.632,12,2,+6.529,+6.529
7099.375,12,2,+6.649,+6.649
7101.475,12,2,+6.671,+6.671
7105.211,12,2,+6.668,+6.668
7108.369,12,2,+6.696,+6.696
7112.135,12,2,+6.737,+6.737
7115.972,12,2,+6.797,+6.797
7119.384,12,2,+6.842,+6.842
7124.102,12,2,+6.864,+6.864
7129.156,12,2,+6.906,+6.906
7133.018,12,2,+6.873,+6.873
7138.584,12,2,+6.856,+6.856
7141.896,12,2,+6.931,+6.931
7145.44,12,2,+6.763,+6.763
7147.656,12,2,+6.775,+6.775
7149.701,12,2,+6.683,+6.683
7154.884,12,2,+6.739,+6.739
7155.524,12,2,+6.752,+6.752
7158.29,12,2,+6.803,+6.803
7159.639,12,2,+6.786,+6.786
7164.421,12,2,+6.875,+6.875
7167.899,12,2,+6.870,+6.870
7171.122,12,2,+6.756,+6.756
7174.763,12,2,+6.710,+6.710
7179.589,12,2,+6.670,+6.670
7182.266,12,2,+6.683,+6.683
7184.298,12,2,+6.679,+6.679
7188.08,12,2,+6.746,+6.746
7191.258,12,2,+6.747,+6.747
7194.994,12,2,+6.780,+6.780
7198.837,12,2,+6.841,+6.841
7202.215,12,2,+6.892,+6.892
7206.918,12,2,+6.907,+6.907
7212.004,12,2,+6.921,+6.921
7215.814,12,2,+6.876,+6.876
7221.376,12,2,+6.790,+6.790
7224.702,12,2,+6.775,+6.775
7228.253,12,2,+6.594,+6.594
7230.399,12,2,+6.599,+6.599
7232.439,12,2,+6.504,+6.504
7238.203,12,2,+6.509,+6.509
7240.897,12,2,+6.534,+6.534
7242.263,12,2,+6.532,+6.532
7246.999,12,2,+6.535,+6.535
7250.479,12,2,+6.510,+6.510
7253.687,12,2,+6.422,+6.422
7257.345,12,2,+6.387,+6.387
7262.221,12,2,+6.335,+6.335
7264.924,12,2,+6.447,+6.447
7267.064,12,2,+6.497,+6.497
7270.764,12,2,+6.536,+6.536
7273.955,12,2,+6.539,+6.539
7277.683,12,2,+6.568,+6.568
7281.506,12,2,+6.630,+6.630
7284.894,12,2,+6.688,+6.688
7289.574,12,2,+6.617,+6.617
7294.618,12,2,+6.693,+6.693
7298.437,12,2,+6.591,+6.591
7304.082,12,2,+6.491,+6.491
7307.497,12,2,+6.484,+6.484
7311.0,12,2,+6.344,+6.344
7315.319,12,2,+6.296,+6.296
7320.47,12,2,+6.353,+6.353
7321.185,12,2,+6.364,+6.364
7323.821,12,2,+6.407,+6.407
7325.178,12,2,+6.377,+6.377
7329.933,12,2,+6.362,+6.362
7333.418,12,2,+6.325,+6.325
7336.557,12,2,+6.153,+6.153
7340.284,12,2,+6.082,+6.082
7345.071,12,2,+5.991,+5.991
7347.804,12,2,+6.108,+6.108
7349.891,12,2,+6.119,+6.119
7353.598,12,2,+6.116,+6.116
7357.02,12,2,+6.125,+6.125
7360.528,12,2,+6.163,+6.163
7364.393,12,2,+6.220,+6.220
7367.742,12,2,+6.263,+6.263
7372.43,12,2,+6.237,+6.237
7377.534,12,2,+6.349,+6.349
7381.351,12,2,+6.260,+6.260
7387.037,12,2,+6.270,+6.270
7390.481,12,2,+6.361,+6.361
7394.147,12,2,+6.325,+6.325
7396.256,12,2,+6.329,+6.329
7398.35,12,2,+6.263,+6.263
7403.42,12,2,+6.261,+6.261
7404.13,12,2,+6.252,+6.252
7406.746,12,2,+6.205,+6.205
7408.099,12,2,+6.213,+6.213
7412.927,12,2,+6.345,+6.345
7416.388,12,2,+6.326,+6.326
7419.612,12,2,+6.299,+6.299
7423.329,12,2,+6.347,+6.347
7428.148,12,2,+6.271,+6.271
7430.93,12,2,+6.379,+6.379
7432.992,12,2,+6.393,+6.393
7436.719,12,2,+6.389,+6.389
7439.888,12,2,+6.429,+6.429
7443.631,12,2,+6.481,+6.481
7447.473,12,2,+6.561,+6.561
7450.855,12,2,+6.625,+6.625
7455.572,12,2,+6.644,+6.644
7460.63,12,2,+6.731,+6.731
7464.51,12,2,+6.619,+6.619
7470.176,12,2,+6.560,+6.560
7473.551,12,2,+6.584,+6.584
7477.025,12,2,+6.454,+6.454
7479.24,12,2,+6.462,+6.462
7481.326,12,2,+6.354,+6.354
7486.438,12,2,+6.366,+6.366
7487.114,12,2,+6.374,+6.374
7489.839,12,2,+6.413,+6.413
7491.143,12,2,+6.414,+6.414
7495.87,12,2,+6.466,+6.466
7499.372,12,2,+6.459,+6.459
7502.664,12,2,+6.405,+6.405
7506.395,12,2,+6.424,+6.424
7511.163,12,2,+6.327,+6.327
7513.919,12,2,+6.446,+6.446
7516.017,12,2,+6.463,+6.463
7519.71,12,2,+6.431,+6.431
7522.9,12,2,+6.453,+6.453
7526.604,12,2,+6.481,+6.481
7530.426,12,2,+6.546,+6.546
7533.812,12,2,+6.609,+6.609
7538.512,12,2,+6.576,+6.576
7543.585,12,2,+6.613,+6.613
7547.497,12,2,+6.609,+6.609
7553.149,12,2,+6.648,+6.648
7556.502,12,2,+6.671,+6.671
7560.076,12,2,+6.543,+6.543
7562.247,12,2,+6.530,+6.530
7569.509,12,2,+6.591,+6.591
7570.19,12,2,+6.597,+6.597
7572.865,12,2,+6.624,+6.624
7574.208,12,2,+6.576,+6.576
7579.098,12,2,+6.645,+6.645
7582.574,12,2,+6.661,+6.661
7585.792,12,2,+6.601,+6.601
7589.495,12,2,+6.544,+6.544
7594.255,12,2,+6.399,+6.399
7597.025,12,2,+6.533,+6.533
7599.14,12,2,+6.597,+6.597
7602.91,12,2,+6.632,+6.632
7606.335,12,2,+6.643,+6.643
7609.803,12,2,+6.659,+6.659
7613.605,12,2,+6.748,+6.748
7616.956,12,2,+6.843,+6.843
7621.725,12,2,+6.713,+6.713
7626.706,12,2,+6.777,+6.777
7630.575,12,2,+6.663,+6.663
7636.18,12,2,+6.588,+6.588
7639.512,12,2,+6.614,+6.614
7643.157,12,2,+6.189,+6.189
7645.361,12,2,+6.197,+6.197
7647.471,12,2,+6.131,+6.131
7652.631,12,2,+6.224,+6.224
7653.334,12,2,+6.243,+6.243
7656.006,12,2,+6.323,+6.323
7657.324,12,2,+6.296,+6.296
7662.235,12,2,+6.378,+6.378
7665.693,12,2,+6.375,+6.375
7668.943,12,2,+6.254,+6.254
7672.666,12,2,+6.229,+6.229
7677.435,12,2,+6.082,+6.082
7680.183,12,2,+6.162,+6.162
7682.325,12,2,+6.233,+6.233
7686.038,12,2,+5.958,+5.958
7689.203,12,2,+5.868,+5.868
7696.714,12,2,+5.896,+5.896
7700.061,12,2,+5.893,+5.893
7704.765,12,2,+5.736,+5.736
7709.773,12,2,+5.754,+5.754
7713.667,12,2,+5.718,+5.718
7719.351,12,2,+5.681,+5.681
7722.696,12,2,+5.727,+5.727
7726.303,12,2,+5.585,+5.585
7728.48,12,2,+5.578,+5.578
7730.566,12,2,+5.525,+5.525
7735.668,12,2,+5.534,+5.534
7736.336,12,2,+5.530,+5.530
7739.021,12,2,+5.507,+5.507
7740.392,12,2,+5.506,+5.506
7745.235,12,2,+5.605,+5.605
7748.671,12,2,+5.559,+5.559
7751.908,12,2,+5.457,+5.457
7755.625,12,2,+5.433,+5.433
7760.447,12,2,+5.385,+5.385
7763.21,12,2,+5.509,+5.509
7765.273,12,2,+5.523,+5.523
7769.019,12,2,+5.556,+5.556
7772.184,12,2,+5.578,+5.578
7775.901,12,2,+5.591,+5.591
7779.669,12,2,+5.606,+5.606
7783.055,12,2,+5.593,+5.593
7787.722,12,2,+5.574,+5.574
7792.736,12,2,+5.602,+5.602
7796.621,12,2,+5.513,+5.513
7802.261,12,2,+5.519,+5.519
7805.597,12,2,+5.612,+5.612
7809.269,12,2,+5.526,+5.526
7811.491,12,2,+5.646,+5.646
7813.593,12,2,+5.586,+5.586
7818.76,12,2,+5.568,+5.568
7819.532,12,2,+5.563,+5.563
7822.177,12,2,+5.550,+5.550
7823.515,12,2,+5.592,+5.592
7828.427,12,2,+5.842,+5.842
7831.922,12,2,+5.789,+5.789
7835.137,12,2,+5.706,+5.706
7838.813,12,2,+5.687,+5.687
7843.644,12,2,+5.659,+5.659
7846.418,12,2,+5.791,+5.791
7848.483,12,2,+5.807,+5.807
7852.232,12,2,+5.824,+5.824
7855.405,12,2,+5.852,+5.852
7859.106,12,2,+5.850,+5.850
7862.768,12,2,+5.773,+5.773
7866.017,12,2,+5.672,+5.672
7870.647,12,2,+5.547,+5.547
7875.679,12,2,+5.533,+5.533
7879.523,12,2,+5.463,+5.463
7885.125,12,2,+5.439,+5.439
7888.442,12,2,+5.450,+5.450
7892.19,12,2,+5.356,+5.356
7894.477,12,2,+5.439,+5.439
7896.555,12,2,+5.393,+5.393
7901.702,12,2,+5.501,+5.501
7902.404,12,2,+5.521,+5.521
7905.176,12,2,+5.605,+5.605
7906.548,12,2,+5.628,+5.628
7911.397,12,2,+5.790,+5.790
7914.893,12,2,+5.810,+5.810
7918.119,12,2,+5.760,+5.760
7926.61,12,2,+5.661,+5.661
7929.361,12,2,+5.789,+5.789
7931.449,12,2,+5.824,+5.824
7935.179,12,2,+5.832,+5.832
7938.341,12,2,+5.833,+5.833
7942.138,12,2,+5.862,+5.862
7945.872,12,2,+5.933,+5.933
7949.233,12,2,+6.004,+6.004
7953.874,12,2,+5.906,+5.906
7958.939,12,2,+5.991,+5.991
7962.871,12,2,+5.976,+5.976
7968.516,12,2,+5.947,+5.947
7971.924,12,2,+5.976,+5.976
7975.482,12,2,+5.776,+5.776
7977.688,12,2,+5.843,+5.843
7979.834,12,2,+5.794,+5.794
7984.957,12,2,+5.895,+5.895
7985.641,12,2,+5.922,+5.922
7988.398,12,2,+6.032,+6.032
7989.782,12,2,+6.072,+6.072
7994.553,12,2,+6.147,+6.147
7998.073,12,2,+6.151,+6.151
8001.3,12,2,+6.065,+6.065
8004.975,12,2,+6.023,+6.023
8009.764,12,2,+5.901,+5.901
8012.408,12,2,+5.897,+5.897
8014.456,12,2,+5.889,+5.889
8018.135,12,2,+5.843,+5.843
8021.29,12,2,+5.826,+5.826
8025.016,12,2,+5.844,+5.844
8028.824,12,2,+5.898,+5.898
8032.222,12,2,+5.957,+5.957
8036.888,12,2,+5.854,+5.854
8042.036,12,2,+5.875,+5.875
8045.879,12,2,+5.854,+5.854
8051.46,12,2,+5.783,+5.783
8055.064,12,2,+5.798,+5.798
8058.449,12,2,+5.601,+5.601
8060.577,12,2,+5.660,+5.660
8062.691,12,2,+5.634,+5.634
8067.87,12,2,+5.723,+5.723
8068.596,12,2,+5.738,+5.738
8071.289,12,2,+5.805,+5.805
8072.612,12,2,+5.789,+5.789
8077.431,12,2,+5.806,+5.806
8080.895,12,2,+5.811,+5.811
8084.149,12,2,+5.775,+5.775
8087.822,12,2,+5.758,+5.758
8092.627,12,2,+5.632,+5.632
8095.253,12,2,+5.634,+5.634
8097.324,12,2,+5.639,+5.639
8101.011,12,2,+5.643,+5.643
8104.173,12,2,+5.654,+5.654
8107.907,12,2,+5.686,+5.686
8111.713,12,2,+5.766,+5.766
8115.089,12,2,+5.848,+5.848
8119.766,12,2,+5.814,+5.814
8124.788,12,2,+5.850,+5.850
8128.642,12,2,+5.840,+5.840
8134.222,12,2,+5.733,+5.733
8137.551,12,2,+5.722,+5.722
8141.146,12,2,+5.538,+5.538
8143.325,12,2,+5.564,+5.564
8145.383,12,2,+5.528,+5.528
8150.514,12,2,+5.580,+5.580
8151.182,12,2,+5.601,+5.601
8153.878,12,2,+5.693,+5.693
8155.225,12,2,+5.654,+5.654
8159.977,12,2,+5.691,+5.691
8163.527,12,2,+5.697,+5.697
8166.697,12,2,+5.572,+5.572
8170.39,12,2,+5.492,+5.492
8175.188,12,2,+5.341,+5.341
8177.782,12,2,+5.303,+5.303
8179.753,12,2,+5.216,+5.216
8183.385,12,2,+4.998,+4.998
8186.561,12,2,+4.982,+4.982
8190.303,12,2,+5.029,+5.029
8194.096,12,2,+5.137,+5.137
8197.456,12,2,+5.241,+5.241
8202.165,12,2,+5.137,+5.137
8207.157,12,2,+5.155,+5.155
8211.078,12,2,+5.129,+5.129
8216.68,12,2,+5.084,+5.084
8220.007,12,2,+5.062,+5.062
8223.643,12,2,+4.941,+4.941
8225.842,12,2,+4.976,+4.976
8227.917,12,2,+4.927,+4.927
8233.042,12,2,+5.028,+5.028
8233.727,12,2,+5.053,+5.053
8236.443,12,2,+5.148,+5.148
8242.679,12,2,+5.208,+5.208
8246.117,12,2,+5.195,+5.195
8249.324,12,2,+5.122,+5.122
8253.013,12,2,+5.143,+5.143
8257.809,12,2,+5.011,+5.011
8260.476,12,2,+5.004,+5.004
8262.498,12,2,+4.999,+4.999
8266.22,12,2,+5.038,+5.038
8269.369,12,2,+5.077,+5.077
8273.101,12,2,+5.104,+5.104
8276.852,12,2,+5.148,+5.148
8280.174,12,2,+5.185,+5.185
8284.848,12,2,+5.057,+5.057
8289.834,12,2,+5.047,+5.047
8293.645,12,2,+4.943,+4.943
8299.278,12,2,+4.817,+4.817
8302.615,12,2,+4.792,+4.792
8306.261,12,2,+4.637,+4.637
8308.483,12,2,+4.632,+4.632
8310.667,12,2,+4.565,+4.565
8315.724,12,2,+4.585,+4.585
8316.417,12,2,+4.597,+4.597
8319.019,12,2,+4.639,+4.639
8320.379,12,2,+4.564,+4.564
8325.182,12,2,+4.567,+4.567
8328.661,12,2,+4.552,+4.552
8331.856,12,2,+4.502,+4.502
8335.568,12,2,+4.461,+4.461
8340.386,12,2,+4.379,+4.379
8342.998,12,2,+4.375,+4.375
8345.054,12,2,+4.370,+4.370
8348.822,12,2,+4.351,+4.351
8355.689,12,2,+4.362,+4.362
8359.416,12,2,+4.396,+4.396
8362.681,12,2,+4.402,+4.402
8367.368,12,2,+4.248,+4.248
8372.359,12,2,+4.250,+4.250
8376.172,12,2,+4.091,+4.091
8382.008,12,2,+4.279,+4.279
8385.406,12,2,+4.395,+4.395
8389.21,12,2,+4.375,+4.375
8391.31,12,2,+4.384,+4.384
8393.367,12,2,+4.307,+4.307
8398.51,12,2,+4.329,+4.329
8399.189,12,2,+4.339,+4.339
8401.948,12,2,+4.373,+4.373
8403.258,12,2,+4.378,+4.378
8408.073,12,2,+4.480,+4.480
8411.437,12,2,+4.415,+4.415
8414.659,12,2,+4.382,+4.382
8418.432,12,2,+4.443,+4.443
8423.33,12,2,+4.398,+4.398
8426.131,12,2,+4.548,+4.548
8428.178,12,2,+4.563,+4.563
8431.881,12,2,+4.540,+4.540
8435.038,12,2,+4.573,+4.573
8438.752,12,2,+4.596,+4.596
8442.577,12,2,+4.632,+4.632
8445.905,12,2,+4.673,+4.673
8450.629,12,2,+4.674,+4.674
8455.677,12,2,+4.726,+4.726
8459.557,12,2,+4.720,+4.720
8465.145,12,2,+4.650,+4.650
8468.429,12,2,+4.661,+4.661
8472.057,12,2,+4.494,+4.494
8474.245,12,2,+4.514,+4.514
8476.26,12,2,+4.476,+4.476
8481.417,12,2,+4.578,+4.578
8482.094,12,2,+4.597,+4.597
8484.853,12,2,+4.663,+4.663
8486.257,12,2,+4.657,+4.657
8490.936,12,2,+4.727,+4.727
8494.415,12,2,+4.697,+4.697
8497.615,12,2,+4.643,+4.643
8501.341,12,2,+4.627,+4.627
8506.127,12,2,+4.504,+4.504
8508.718,12,2,+4.497,+4.497
8510.802,12,2,+4.491,+4.491
8514.487,12,2,+4.455,+4.455
8517.665,12,2,+4.482,+4.482
8521.379,12,2,+4.518,+4.518
8525.207,12,2,+4.595,+4.595
8528.55,12,2,+4.663,+4.663
8533.221,12,2,+4.583,+4.583
8538.188,12,2,+4.599,+4.599
8542.13,12,2,+4.520,+4.520
8547.672,12,2,+4.473,+4.473
8551.033,12,2,+4.493,+4.493
8554.67,12,2,+4.298,+4.298
8556.826,12,2,+4.321,+4.321
8558.893,12,2,+4.295,+4.295
8564.034,12,2,+4.415,+4.415
8564.707,12,2,+4.443,+4.443
8567.469,12,2,+4.552,+4.552
8568.823,12,2,+4.539,+4.539
8573.574,12,2,+4.475,+4.475
8576.981,12,2,+4.436,+4.436
8580.152,12,2,+4.352,+4.352
8583.879,12,2,+4.297,+4.297
8588.622,12,2,+4.166,+4.166
8591.27,12,2,+4.154,+4.154
8593.291,12,2,+4.144,+4.144
8596.968,12,2,+4.110,+4.110
8600.126,12,2,+4.103,+4.103
8603.862,12,2,+4.127,+4.127
8607.636,12,2,+4.227,+4.227
8611.0,12,2,+4.336,+4.336
8615.647,12,2,+4.135,+4.135
8620.619,12,2,+4.177,+4.177
8630.259,12,2,+3.988,+3.988
8633.542,12,2,+3.825,+3.825
8637.185,12,2,+3.632,+3.632
8639.314,12,2,+3.638,+3.638
8641.321,12,2,+3.607,+3.607
8646.475,12,2,+3.663,+3.663
8647.122,12,2,+3.672,+3.672
8649.819,12,2,+3.692,+3.692
8651.225,12,2,+3.686,+3.686
8656.076,12,2,+3.789,+3.789
8659.54,12,2,+3.776,+3.776
8663.0,12,2,+3.737,+3.737
8666.631,12,2,+3.779,+3.779
8671.447,12,2,+3.685,+3.685
8676.078,12,2,+3.658,+3.658
8679.755,12,2,+3.608,+3.608
8682.918,12,2,+3.627,+3.627
8686.611,12,2,+3.620,+3.620
8690.356,12,2,+3.591,+3.591
8693.667,12,2,+3.552,+3.552
8698.343,12,2,+3.406,+3.406
8703.346,12,2,+3.415,+3.415
8707.195,12,2,+3.258,+3.258
8712.814,12,2,+3.177,+3.177
8716.155,12,2,+3.160,+3.160
8719.771,12,2,+3.005,+3.005
8722.12,12,2,+3.087,+3.087
8724.111,12,2,+3.062,+3.062
8729.156,12,2,+3.004,+3.004
8729.758,12,2,+2.974,+2.974
12.598,6,3,,
3747.947,6,3,+0.214,
3749.508,6,4,+0.214,
3749.847,6,3,+0.214,
3749.928,6,3,+0.344,+0.312
3750.279,6,4,+0.344,+0.312
3755.973,6,3,+0.344,+0.312
3756.061,6,3,+0.854,+0.344
3759.766,6,3,+0.789,+0.375
3763.561,6,3,+0.747,+0.149
3767.966,6,3,+1.211,+0.295
3773.123,6,3,+1.596,+0.498
3775.941,6,3,+1.754,+0.560
3777.99,6,3,+1.765,+0.562
3782.146,6,3,+1.911,+0.616
3785.376,6,3,+1.906,+0.642
3789.237,6,3,+1.884,+0.663
3793.119,6,3,+1.758,+0.677
3796.552,6,3,+1.603,+0.695
3801.971,6,4,+1.603,+0.695
3802.291,6,4,+2.197,+0.186
3807.761,6,4,+2.369,+0.080
3811.524,6,5,+2.369,+0.080
3811.932,6,5,+2.545,+0.250
3818.41,6,5,+3.261,+0.292
3822.22,6,5,+3.671,+0.266
3826.274,6,5,+4.144,+0.436
3828.45,6,5,+4.276,+0.405
3830.449,6,5,+4.349,+0.328
3835.412,6,5,+4.176,+0.024
3836.043,6,4,+4.176,+0.024
3836.047,6,4,+4.117,+0.785
3838.72,6,4,+3.852,+0.678
3840.127,6,4,+3.805,+0.605
3845.121,6,4,+3.955,+0.689
3848.689,6,4,+3.980,+0.699
3852.16,6,4,+4.087,+0.764
3855.962,6,4,+4.100,+0.872
3860.845,6,4,+4.156,+0.973
3863.709,6,4,+4.183,+0.978
3865.867,6,4,+4.175,+0.969
3869.802,6,4,+4.209,+0.990
3873.048,6,4,+4.179,+0.973
3876.968,6,4,+4.284,+1.088
3881.05,6,4,+4.486,+1.319
3884.616,6,4,+4.674,+1.527
3889.811,6,5,+4.674,+1.527
3890.166,6,5,+4.994,+0.276
3895.368,6,5,+4.787,+0.097
3899.017,6,4,+4.787,+0.097
3899.101,6,4,+4.489,+1.830
3905.056,6,4,+4.620,+2.132
3908.432,6,4,+4.543,+2.112
3912.248,6,4,+4.514,+2.309
3914.463,6,4,+4.519,+2.349
3916.421,6,4,+4.514,+2.347
3921.392,6,4,+4.371,+2.184
3922.075,6,4,+4.332,+2.146
3924.658,6,4,+4.095,+1.966
3926.044,6,4,+3.970,+1.875
3931.051,6,4,+4.199,+1.985
3934.617,6,4,+4.206,+1.965
3938.014,6,4,+4.131,+1.916
3941.767,6,4,+4.209,+2.068
3946.766,6,4,+4.308,+2.088
3949.604,6,4,+4.373,+2.028
3951.786,6,4,+4.530,+1.992
3955.719,6,4,+4.738,+2.019
3959.024,6,4,+4.724,+2.041
3962.889,6,4,+4.673,+2.132
3966.883,6,4,+4.615,+2.314
3970.412,6,4,+4.631,+2.503
3975.544,6,4,+4.511,+2.640
3980.8,6,4,+4.389,+2.677
3984.764,6,4,+4.278,+2.580
3990.472,6,4,+4.240,+2.697
3993.887,6,4,+4.176,+2.713
3997.628,6,4,+4.241,+2.805
3999.842,6,4,+4.244,+2.808
4001.867,6,4,+4.184,+2.814
4006.92,6,4,+4.022,+2.809
4007.586,6,4,+3.995,+2.828
4010.317,6,4,+3.854,+2.900
4011.748,6,4,+3.812,+2.819
4016.627,6,4,+3.838,+2.730
4020.149,6,4,+3.732,+2.668
4023.549,6,4,+3.728,+2.628
4027.296,6,4,+3.815,+2.674
4032.269,6,4,+3.904,+2.655
4035.082,6,4,+3.953,+2.541
4037.19,6,4,+3.950,+2.459
4041.094,6,4,+4.054,+2.417
4044.365,6,4,+4.062,+2.400
4048.293,6,4,+4.218,+2.553
4052.42,6,4,+4.481,+2.890
4055.993,6,4,+4.691,+3.196
4061.154,6,4,+4.884,+3.294
4066.276,6,4,+4.816,+3.251
4070.219,6,4,+4.643,+3.169
4075.913,6,4,+4.601,+3.183
4079.298,6,4,+4.644,+3.159
4082.982,6,4,+4.844,+3.196
4085.172,6,4,+4.909,+3.208
4087.177,6,4,+4.883,+3.159
4092.264,6,4,+4.793,+3.095
4092.938,6,4,+4.784,+3.104
4095.641,6,4,+4.745,+3.123
4097.04,6,4,+4.737,+3.063
4101.999,6,4,+4.867,+3.080
4105.513,6,4,+4.769,+3.031
4108.886,6,4,+4.768,+2.996
4112.585,6,4,+4.925,+3.070
4117.613,6,4,+5.071,+3.166
4120.423,6,4,+5.188,+3.162
4122.759,6,4,+5.371,+3.269
4126.734,6,4,+5.611,+3.441
4129.997,6,4,+5.623,+3.411
4133.9,6,4,+5.746,+3.517
4137.97,6,4,+5.957,+3.755
4141.543,6,4,+6.124,+3.989
4146.614,6,4,+6.343,+4.132
4151.702,6,4,+6.264,+4.050
4155.599,6,4,+6.094,+3.848
4161.209,6,4,+6.042,+3.862
4164.623,6,4,+6.098,+3.851
4168.295,6,4,+6.245,+3.948
4170.395,6,4,+6.280,+3.976
4172.5,6,4,+6.230,+3.959
4177.618,6,4,+6.170,+3.951
4178.301,6,4,+6.158,+3.957
4180.998,6,4,+6.095,+3.979
4182.404,6,4,+6.067,+3.957
4187.283,6,4,+6.119,+3.879
4190.811,6,4,+5.967,+3.800
4194.128,6,4,+5.864,+3.717
4197.83,6,4,+5.987,+3.824
4202.817,6,4,+6.056,+3.846
4205.549,6,4,+6.119,+3.802
4207.827,6,4,+6.220,+3.826
4211.751,6,4,+6.369,+3.964
4214.995,6,4,+6.366,+3.956
4218.938,6,4,+6.488,+4.075
4222.99,6,4,+6.721,+4.334
4226.484,6,5,+6.721,+4.334
4226.623,6,5,+6.923,+0.024
4231.994,6,5,+7.344,+0.468
4237.132,6,5,+7.317,+0.487
4241.185,6,5,+7.255,+0.456
4246.969,6,5,+7.093,+0.593
4250.383,6,5,+7.146,+0.618
4254.177,6,5,+7.402,+0.831
4256.332,6,5,+7.353,+0.832
4258.368,6,5,+7.293,+0.886
4263.505,6,5,+7.230,+0.717
4264.169,6,5,+7.215,+0.673
4266.856,6,5,+7.155,+0.523
4268.289,6,5,+7.185,+0.489
4273.421,6,5,+7.458,+0.806
4276.899,6,5,+7.305,+0.812
4280.267,6,5,+7.264,+0.868
4284.02,6,5,+7.410,+0.994
4288.982,6,5,+7.481,+1.155
4291.742,6,5,+7.602,+1.193
4294.092,6,5,+7.797,+1.402
4298.194,6,5,+8.092,+1.707
4301.451,6,5,+8.135,+1.726
4305.329,6,5,+8.204,+1.774
4309.272,6,5,+8.311,+1.868
4312.754,6,5,+8.404,+1.960
4317.82,6,5,+8.539,+2.223
4322.938,6,5,+8.474,+2.175
4326.867,6,5,+8.390,+2.205
4332.591,6,5,+8.466,+2.272
4335.913,6,5,+8.535,+2.305
4339.607,6,5,+8.691,+2.409
4341.832,6,5,+8.722,+2.458
4343.824,6,5,+8.690,+2.513
4348.943,6,5,+8.635,+2.327
4349.614,6,5,+8.626,+2.283
4352.298,6,5,+8.590,+2.136
4353.687,6,5,+8.626,+2.101
4358.541,6,5,+8.645,+1.970
4362.217,6,5,+8.313,+1.984
4365.487,6,5,+8.293,+2.143
4369.223,6,5,+8.176,+2.294
4374.164,6,5,+8.162,+2.417
4376.96,6,5,+8.265,+2.452
4379.236,6,5,+8.446,+2.659
4383.251,6,5,+8.684,+2.936
4386.515,6,5,+8.739,+2.935
4390.474,6,5,+8.364,+3.077
4394.542,6,5,+8.683,+3.351
4398.144,6,5,+8.953,+3.585
4403.271,6,5,+9.148,+3.919
4408.425,6,5,+8.987,+3.865
4412.223,6,5,+8.770,+3.905
4417.92,6,5,+8.720,+3.981
4421.259,6,5,+8.575,+3.988
4424.919,6,5,+8.620,+4.074
4427.1,6,5,+8.629,+4.024
4429.145,6,5,+8.622,+4.030
4434.265,6,5,+8.005,+3.931
4434.961,6,5,+8.376,+3.913
4437.628,6,5,+8.168,+3.845
4439.008,6,5,+8.103,+3.848
4443.928,6,5,+7.664,+3.927
4447.456,6,5,+7.500,+3.958
4450.837,6,5,+7.507,+3.973
4454.518,6,5,+7.224,+3.982
4459.466,6,5,+7.117,+4.145
4462.294,6,5,+7.213,+4.091
4464.407,6,5,+7.391,+4.141
4468.373,6,5,+7.661,+4.264
4471.698,6,5,+7.666,+4.270
4475.539,6,5,+7.750,+4.424
4479.634,6,5,+7.894,+4.727
4483.258,6,5,+7.984,+5.014
4488.384,6,5,+8.199,+5.226
4493.513,6,5,+8.183,+5.236
4497.394,6,5,+7.942,+5.160
4502.998,6,5,+7.932,+5.180
4506.381,6,5,+7.941,+5.097
4510.003,6,5,+8.075,+5.095
4512.176,6,5,+8.082,+5.113
4514.331,6,5,+8.070,+5.226
4519.502,6,5,+8.020,+5.247
4520.186,6,5,+8.013,+5.244
4522.903,6,5,+7.999,+5.241
4524.235,6,5,+8.020,+5.219
4529.129,6,5,+8.138,+5.234
4532.683,6,5,+7.930,+5.233
4535.985,6,5,+7.767,+5.141
4539.737,6,5,+7.902,+5.120
4544.724,6,5,+7.972,+5.284
4547.513,6,5,+8.029,+5.291
4549.693,6,5,+8.079,+5.392
4553.625,6,5,+8.232,+5.527
4556.875,6,5,+8.262,+5.524
4560.829,6,5,+8.424,+5.690
4564.938,6,5,+8.720,+6.023
4568.598,6,5,+8.956,+6.348
4573.724,6,5,+9.271,+6.662
4578.86,6,5,+9.261,+6.644
4582.747,6,5,+9.134,+6.562
4588.465,6,5,+9.168,+6.595
4591.885,6,5,+9.213,+6.519
4595.464,6,5,+9.359,+6.496
4597.625,6,5,+9.437,+6.555
4599.725,6,5,+9.421,+6.589
4604.895,6,5,+9.398,+6.568
4605.548,6,5,+9.399,+6.570
4608.265,6,5,+9.413,+6.596
4609.686,6,5,+9.445,+6.587
4614.549,6,5,+9.517,+6.616
4618.037,6,5,+9.239,+6.566
4621.45,6,5,+9.212,+6.606
4625.127,6,5,+9.310,+6.603
4630.13,6,5,+9.417,+6.724
4632.959,6,5,+9.542,+6.719
4635.159,6,5,+9.761,+6.827
4639.259,6,5,+10.217,+7.105
4642.675,6,5,+10.418,+7.280
4647.292,6,5,+11.264,+8.175
4652.255,6,6,+11.264,+8.175
4652.799,6,7,+11.264,+8.175
4654.282,6,7,+14.294,+1.409
4659.045,6,8,+14.294,+1.409
4659.423,6,9,+14.294,+1.409
4660.199,6,10,+14.294,+1.409
4661.341,6,11,+14.294,+1.409
4662.118,6,12,+14.294,+1.409
4664.07,6,12,+20.590,+1.880
4672.364,6,13,+20.590,+1.880
4673.876,6,14,+20.590,+1.880
4677.457,6,15,+20.590,+1.880
4683.891,6,16,+20.590,+1.880
4686.338,6,17,+20.590,+1.880
4691.588,6,18,+20.590,+1.880
4695.73,6,19,+20.590,+1.880
4718.888,6,20,+20.590,+1.880
8850.684,6,20,48L,5L
12.598,16,4,,
3747.784,16,4,+0.116,
3749.508,16,2,+0.116,
3749.588,16,2,+0.032,+0.032
3754.97,16,1,LAP 0,LAP 0
3831.913,16,1,LAP 2,LAP 2
3890.425,16,2,LAP 2,LAP 2
3890.543,16,2,+0.012,+0.012
3894.822,16,2,+0.244,+0.244
3900.724,16,2,+0.250,+0.250
3904.275,16,2,+0.397,+0.397
3908.07,16,2,+0.353,+0.353
3910.23,16,2,+0.332,+0.332
3912.294,16,2,+0.456,+0.456
3917.49,16,2,+0.464,+0.464
3918.136,16,2,+0.440,+0.440
3920.828,16,2,+0.259,+0.259
3922.503,16,2,+0.302,+0.302
3927.292,16,2,+0.481,+0.481
3930.946,16,2,+0.447,+0.447
3934.228,16,2,+0.369,+0.369
3937.989,16,2,+0.442,+0.442
3942.983,16,2,+0.554,+0.554
3945.777,16,2,+0.578,+0.578
3947.928,16,2,+0.705,+0.705
3951.878,16,2,+0.924,+0.924
3955.156,16,2,+0.885,+0.885
3958.906,16,2,+0.710,+0.710
3962.657,16,2,+0.390,+0.390
3965.899,16,2,+0.099,+0.099
3970.934,16,1,LAP 3,LAP 3
4003.647,16,1,LAP 4,LAP 4
4088.263,16,1,LAP 5,LAP 5
4172.159,16,1,LAP 6,LAP 6
4256.954,16,1,LAP 7,LAP 7
4341.003,16,1,LAP 8,LAP 8
4360.994,16,2,LAP 8,LAP 8
4361.371,16,2,+0.280,+0.280
4366.427,16,2,+0.425,+0.425
4369.157,16,2,+0.457,+0.457
4371.152,16,2,+0.362,+0.362
4374.947,16,2,+0.430,+0.430
4378.264,16,2,+0.515,+0.515
4382.193,16,2,+0.439,+0.439
4385.871,16,2,+0.196,+0.196
4389.102,16,1,LAP 8,LAP 8
4426.546,16,1,LAP 9,LAP 9
4429.564,16,2,LAP 9,LAP 9
4430.955,16,2,+0.117,+0.117
4436.155,16,1,LAP 9,LAP 9
4512.169,16,1,LAP 10,LAP 10
4596.166,16,1,LAP 11,LAP 11
4679.936,16,1,LAP 12,LAP 12
4793.936,16,1,LAP 13,LAP 13
4909.092,16,1,LAP 14,LAP 14
4999.613,16,1,LAP 15,LAP 15
5083.375,16,1,LAP 16,LAP 16
5166.923,16,1,LAP 17,LAP 17
5251.22,16,1,LAP 18,LAP 18
5340.822,16,1,LAP 19,LAP 19
5454.511,16,1,LAP 20,LAP 20
5547.677,16,1,LAP 21,LAP 21
5630.988,16,1,LAP 22,LAP 22
5714.428,16,1,LAP 23,LAP 23
5797.928,16,1,LAP 24,LAP 24
5881.539,16,1,LAP 25,LAP 25
5967.572,16,2,LAP 25,LAP 25
5970.105,16,3,LAP 25,LAP 25
5977.849,16,4,LAP 25,LAP 25
5985.803,16,4,+15.526,+5.198
5987.648,16,4,+16.008,+5.629
5993.819,16,4,+17.268,+6.962
5997.505,16,4,+17.364,+7.160
6000.99,16,4,+17.529,+7.373
6004.709,16,4,+17.627,+7.489
6009.704,16,4,+17.691,+7.693
6012.437,16,4,+17.698,+7.661
6014.435,16,4,+17.597,+7.601
6018.145,16,4,+17.586,+7.641
6021.428,16,4,+17.599,+7.656
6025.186,16,4,+17.607,+7.652
6029.024,16,4,+17.632,+7.626
6032.423,16,4,+17.650,+7.616
6037.197,16,4,+17.547,+7.670
6042.408,16,4,+17.544,+7.705
6046.368,16,4,+17.394,+7.811
6051.98,16,4,+17.375,+7.902
6055.297,16,4,+17.358,+7.893
6058.771,16,4,+17.248,+7.879
6060.946,16,4,+17.198,+7.781
6062.914,16,4,+17.110,+7.739
6068.027,16,4,+17.040,+7.709
6068.746,16,4,+17.041,+7.707
6071.427,16,4,+17.051,+7.691
6072.73,16,4,+17.049,+7.688
6077.686,16,4,+17.167,+7.844
6081.292,16,4,+17.203,+7.972
6084.571,16,4,+17.169,+8.071
6088.146,16,4,+17.103,+7.980
6092.96,16,4,+17.015,+8.016
6095.652,16,4,+17.007,+7.932
6097.786,16,4,+17.008,+7.939
6101.474,16,4,+17.004,+7.908
6104.747,16,4,+16.974,+7.939
6108.483,16,4,+16.961,+7.929
6112.302,16,4,+16.969,+7.882
6115.634,16,4,+16.981,+7.853
6120.384,16,4,+16.936,+7.870
6125.545,16,4,+16.924,+7.890
6129.533,16,4,+16.889,+8.047
6135.172,16,4,+16.831,+8.104
6138.488,16,4,+16.747,+8.061
6142.028,16,4,+16.631,+7.971
6144.089,16,4,+16.592,+7.876
6146.045,16,4,+16.534,+7.837
6151.143,16,4,+16.395,+7.729
6151.816,16,4,+16.387,+7.710
6154.477,16,4,+16.358,+7.627
6155.762,16,4,+16.319,+7.568
6160.524,16,4,+16.241,+7.541
6164.118,16,4,+16.284,+7.666
6167.491,16,4,+16.371,+7.790
6171.01,16,4,+16.272,+7.719
6176.138,16,4,+16.236,+7.808
6178.561,16,4,+16.205,+7.743
6180.684,16,4,+16.182,+7.757
6184.459,16,4,+16.101,+7.796
6187.856,16,4,+15.732,+7.795
6191.369,16,4,+15.786,+7.778
6195.173,16,4,+15.913,+7.738
6198.562,16,4,+16.017,+7.715
6203.368,16,4,+15.801,+7.817
6208.549,16,4,+15.723,+7.827
6212.595,16,4,+15.679,+8.011
6218.217,16,4,+15.616,+8.110
6221.467,16,4,+15.529,+8.018
6225.013,16,4,+15.288,+7.898
6227.133,16,4,+15.187,+14.542
6229.084,16,4,+15.110,+14.542
6234.221,16,4,+15.143,+14.542
6234.884,16,3,+15.143,+14.542
6234.892,16,3,+15.169,+7.769
6237.56,16,3,+15.309,+7.726
6238.857,16,3,+15.320,+7.669
6243.629,16,3,+15.352,+7.673
6247.183,16,3,+15.345,+7.717
6250.484,16,3,+15.290,+7.709
6254.044,16,3,+15.194,+7.688
6258.856,16,3,+15.147,+7.743
6261.559,16,3,+15.136,+7.694
6263.674,16,3,+15.207,+7.736
6267.333,16,3,+15.204,+7.716
6270.529,16,3,+15.176,+7.702
6274.26,16,3,+15.084,+7.681
6278.119,16,3,+14.987,+7.640
6281.436,16,3,+14.943,+7.609
6286.247,16,3,+14.986,+7.655
6291.42,16,3,+15.099,+7.682
6295.453,16,3,+15.238,+7.879
6301.118,16,3,+15.192,+7.938
6304.411,16,3,+15.087,+7.913
6307.9,16,3,+14.897,+7.843
6310.04,16,3,+14.806,+7.809
6312.071,16,3,+14.738,+7.809
6317.225,16,3,+14.681,+7.793
6317.88,16,3,+14.670,+7.788
6320.582,16,3,+14.618,+7.759
6321.877,16,3,+14.529,+7.742
6326.624,16,3,+14.502,+7.716
6330.192,16,3,+14.547,+7.775
6333.468,16,3,+14.549,+7.832
6337.03,16,3,+14.440,+7.730
6341.861,16,3,+14.448,+7.775
6344.557,16,3,+14.509,+7.733
6346.699,16,3,+14.609,+7.791
6350.418,16,3,+14.651,+7.832
6353.626,16,3,+14.653,+7.813
6357.328,16,3,+14.638,+7.796
6361.164,16,3,+14.607,+7.771
6364.476,16,3,+14.602,+7.765
6369.251,16,3,+14.621,+7.811
6374.411,16,3,+14.708,+7.875
6378.334,16,3,+14.793,+7.964
6384.037,16,3,+14.815,+8.002
6387.34,16,3,+14.778,+7.998
6390.918,16,3,+14.604,+7.979
6393.08,16,3,+14.591,+7.931
6395.086,16,3,+14.524,+7.946
6400.241,16,3,+14.444,+7.932
6400.895,16,3,+14.424,+7.925
6403.568,16,3,+14.339,+7.884
6404.859,16,3,+14.280,+7.837
6409.645,16,3,+14.277,+7.830
6413.188,16,3,+14.331,+7.918
6416.543,16,3,+14.408,+8.007
6420.124,16,3,+14.324,+7.927
6424.976,16,3,+14.342,+7.968
6427.612,16,3,+14.350,+7.875
6429.732,16,3,+14.407,+7.874
6433.38,16,3,+14.420,+7.870
6436.657,16,3,+14.430,+7.863
6440.347,16,3,+14.417,+7.838
6444.138,16,3,+14.416,+7.822
6447.498,16,3,+14.457,+7.845
6452.256,16,3,+14.403,+7.881
6457.396,16,3,+14.511,+7.971
6461.433,16,3,+14.590,+8.180
6467.01,16,3,+14.572,+8.227
6470.277,16,3,+14.458,+8.170
6473.87,16,3,+14.293,+8.020
6475.908,16,3,+14.234,+7.953
6478.012,16,3,+14.195,+7.976
6483.191,16,3,+14.213,+7.983
6483.957,16,3,+14.211,+7.979
6486.501,16,3,+14.198,+7.972
6487.783,16,3,+14.153,+7.885
6492.654,16,3,+14.216,+7.689
6496.227,16,3,+14.271,+7.753
6499.467,16,3,+14.195,+7.788
6503.043,16,3,+14.044,+7.633
6507.88,16,3,+14.074,+7.690
6510.606,16,3,+14.112,+7.624
6512.705,16,3,+14.219,+7.664
6516.443,16,3,+14.229,+7.700
6519.671,16,3,+14.238,+7.728
6523.374,16,3,+14.235,+7.719
6527.216,16,3,+14.240,+7.692
6530.564,16,3,+14.300,+7.687
6535.329,16,3,+13.909,+7.741
6540.474,16,3,+13.967,+7.800
6544.327,16,3,+13.937,+7.874
6550.043,16,3,+13.997,+7.960
6553.271,16,3,+13.874,+7.829
6556.816,16,3,+13.711,+7.719
6558.958,16,3,+13.663,+7.639
6560.969,16,3,+13.670,+7.663
6566.146,16,3,+13.641,+7.691
6566.782,16,3,+13.618,+7.687
6569.427,16,3,+13.509,+7.664
6570.762,16,3,+13.501,+7.644
6575.53,16,3,+13.576,+7.500
6579.115,16,3,+13.632,+7.601
6582.457,16,3,+13.637,+7.722
6586.027,16,3,+13.433,+7.582
6590.931,16,3,+13.455,+7.633
6593.609,16,3,+13.526,+7.573
6595.735,16,3,+13.644,+7.609
6599.481,16,3,+13.739,+7.651
6602.671,16,3,+13.760,+7.652
6606.394,16,3,+13.738,+7.634
6610.184,16,3,+13.688,+7.606
6613.522,16,3,+13.649,+7.600
6618.312,16,3,+13.596,+7.653
6623.437,16,3,+13.622,+7.718
6627.434,16,3,+13.590,+7.914
6632.996,16,3,+13.473,+7.960
6636.329,16,3,+13.490,+7.947
6639.919,16,3,+13.094,+7.789
6642.143,16,3,+12.965,+7.734
6644.096,16,3,+12.961,+7.781
6649.362,16,3,+12.977,+7.848
6649.971,16,3,+12.954,+7.844
6652.651,16,3,+12.850,+7.827
6654.041,16,3,+12.841,+7.825
6658.817,16,3,+12.911,+7.728
6662.388,16,3,+12.940,+7.771
6665.618,16,3,+12.916,+7.776
6669.223,16,3,+12.835,+7.683
6674.174,16,3,+12.890,+7.786
6676.968,16,3,+13.085,+7.877
6681.563,16,3,+15.599,+10.379
6688.11,16,3,+18.333,+13.160
6691.792,16,3,+18.893,+11.928
6697.501,16,3,+20.761,+9.864
6705.181,16,3,+20.242,+11.491
6710.609,16,3,+19.687,+10.098
6716.217,16,3,+17.919,+9.009
6721.46,16,3,+17.875,+8.737
6725.712,16,3,+17.862,+8.909
6731.419,16,3,+15.878,+8.603
6734.722,16,3,+15.188,+7.936
6738.329,16,3,+14.648,+7.751
6740.439,16,3,+13.793,+7.686
6742.543,16,3,+13.668,+7.740
6747.792,16,3,+13.849,+7.931
6748.546,16,3,+13.878,+7.973
6751.302,16,3,+14.021,+8.182
6752.695,16,3,+14.044,+8.235
6757.592,16,3,+14.172,+7.958
6761.16,16,3,+14.196,+7.967
6764.362,16,3,+14.021,+7.901
6767.98,16,3,+13.969,+7.812
6772.888,16,3,+14.024,+7.942
6775.608,16,3,+14.109,+7.919
6777.77,16,3,+14.186,+7.984
6781.59,16,3,+14.238,+8.052
6784.772,16,3,+14.263,+8.084
6788.467,16,3,+14.261,+8.071
6792.287,16,3,+14.228,+8.007
6795.624,16,3,+14.197,+7.955
6800.432,16,3,+14.326,+8.030
6805.603,16,3,+14.435,+8.112
6809.572,16,3,+14.468,+8.224
6815.216,16,3,+14.553,+8.337
6818.524,16,3,+14.558,+8.282
6822.113,16,3,+14.328,+8.160
6824.172,16,3,+14.332,+8.128
6826.204,16,3,+14.379,+8.211
6831.356,16,3,+14.421,+8.239
6831.989,16,3,+14.403,+8.223
6834.654,16,3,+14.323,+8.157
6835.971,16,3,+14.336,+8.174
6840.921,16,3,+14.543,+8.250
6844.49,16,3,+14.612,+8.317
6847.805,16,3,+14.633,+8.318
6851.413,16,3,+14.605,+8.247
6856.272,16,3,+14.635,+8.355
6858.997,16,3,+14.717,+8.327
6861.132,16,3,+14.791,+8.409
6864.99,16,3,+14.865,+8.586
6868.181,16,3,+14.916,+8.610
6871.874,16,3,+14.937,+8.612
6875.768,16,3,+14.993,+8.624
6879.073,16,3,+14.951,+8.550
6884.159,16,3,+15.300,+8.926
6889.522,16,3,+15.607,+9.154
6893.671,16,3,+15.888,+9.482
6899.402,16,3,+16.048,+9.654
6902.843,16,3,+16.230,+9.734
6906.409,16,3,+16.145,+9.723
6908.572,16,3,+16.122,+9.690
6910.613,16,3,+16.121,+9.768
6915.741,16,3,+16.069,+9.746
6916.411,16,3,+16.050,+9.734
6919.067,16,3,+15.959,+9.677
6920.423,16,3,+15.990,+9.706
6925.285,16,3,+16.114,+9.748
6928.876,16,3,+16.175,+9.808
6932.135,16,3,+16.177,+9.799
6935.798,16,3,+16.146,+9.756
6940.668,16,3,+16.184,+9.889
6943.349,16,3,+16.234,+9.834
6945.472,16,3,+16.275,+9.870
6949.237,16,3,+16.341,+9.971
6952.447,16,3,+16.382,+9.973
6956.151,16,3,+16.399,+9.970
6960.007,16,3,+16.394,+9.927
6963.356,16,3,+16.386,+9.894
6968.201,16,3,+16.501,+10.002
6973.351,16,3,+16.606,+10.086
6977.321,16,3,+16.648,+10.176
6982.908,16,3,+16.707,+10.247
6986.159,16,3,+16.700,+10.203
6989.725,16,3,+16.455,+10.087
6991.811,16,3,+16.434,+10.044
6993.825,16,3,+16.436,+10.079
6998.978,16,3,+16.457,+10.020
6999.617,16,3,+16.447,+10.004
7002.305,16,3,+16.388,+9.929
7003.683,16,3,+16.356,+9.910
7008.361,16,3,+16.361,+9.847
7011.89,16,3,+16.378,+9.885
7015.135,16,3,+16.337,+9.912
7018.696,16,3,+16.184,+9.790
7023.556,16,3,+16.186,+9.828
7026.141,16,3,+16.209,+9.752
7028.27,16,3,+16.236,+9.822
7031.976,16,3,+16.170,+9.863
7035.156,16,3,+16.175,+9.834
7038.835,16,3,+16.167,+9.786
7042.682,16,3,+16.146,+9.714
7046.037,16,3,+16.130,+9.661
7050.804,16,3,+16.258,+9.761
7055.941,16,3,+16.399,+9.829
7059.898,16,3,+16.420,+9.888
7065.511,16,3,+16.456,+9.953
7068.751,16,3,+16.426,+9.864
7072.25,16,3,+16.167,+9.688
7074.312,16,3,+16.114,+9.627
7076.385,16,3,+16.086,+9.674
7081.563,16,3,+16.165,+9.622
7082.235,16,3,+16.163,+9.594
7084.894,16,3,+16.153,+9.489
7086.215,16,3,+16.164,+9.510
7091.034,16,3,+16.256,+9.507
7094.554,16,3,+16.295,+9.561
7097.8,16,3,+16.259,+9.615
7101.395,16,3,+16.156,+9.554
7106.21,16,3,+16.116,+9.587
7108.913,16,3,+16.158,+9.509
7111.001,16,3,+16.199,+9.528
7114.702,16,3,+16.185,+9.517
7117.908,16,3,+16.210,+9.514
7121.601,16,3,+16.214,+9.477
7125.366,16,3,+16.190,+9.393
7128.66,16,3,+16.150,+9.308
7133.423,16,3,+16.230,+9.366
7138.501,16,3,+16.244,+9.338
7142.356,16,3,+16.252,+9.379
7148.035,16,3,+16.322,+9.466
7151.379,16,3,+16.436,+9.505
7154.919,16,3,+16.209,+9.446
7157.09,16,3,+16.154,+9.379
7159.108,16,3,+16.102,+9.419
7164.318,16,3,+16.154,+9.415
7164.98,16,3,+16.153,+9.401
7167.605,16,3,+16.133,+9.330
7168.878,16,3,+16.105,+9.319
7173.744,16,3,+16.192,+9.317
7177.291,16,3,+16.253,+9.383
7180.524,16,3,+16.198,+9.442
7184.144,16,3,+16.061,+9.351
7189.01,16,3,+16.080,+9.410
7191.702,16,3,+16.129,+9.446
7193.773,16,3,+16.174,+9.495
7197.495,16,3,+16.198,+9.452
7200.726,16,3,+16.195,+9.448
7204.373,16,3,+16.207,+9.427
7208.204,16,3,+16.231,+9.390
7211.581,16,3,+16.256,+9.364
7216.321,16,3,+16.338,+9.431
7221.413,16,3,+16.358,+9.437
7225.42,16,3,+16.505,+9.629
7231.11,16,3,+16.541,+9.751
7234.34,16,3,+16.447,+9.672
7237.83,16,3,+16.195,+9.601
7239.994,16,3,+16.167,+9.568
7242.142,16,3,+16.135,+9.631
7247.202,16,3,+16.167,+9.663
7247.857,16,3,+16.168,+9.659
7250.542,16,3,+16.160,+9.626
7251.808,16,3,+16.147,+9.615
7256.614,16,3,+16.132,+9.597
7260.155,16,3,+16.167,+9.657
7263.373,16,3,+16.121,+9.699
7267.007,16,3,+15.978,+9.591
7271.842,16,3,+15.983,+9.648
7274.51,16,3,+16.035,+9.588
7276.623,16,3,+16.086,+9.589
7280.308,16,3,+16.087,+9.551
7283.496,16,3,+16.086,+9.547
7287.196,16,3,+16.108,+9.540
7291.032,16,3,+16.151,+9.521
7294.403,16,3,+16.202,+9.514
7299.17,16,3,+16.214,+9.597
7304.295,16,3,+16.359,+9.666
7308.298,16,3,+16.426,+9.835
7313.991,16,3,+16.368,+9.877
7317.287,16,3,+16.298,+9.814
7320.791,16,3,+16.060,+9.716
7322.937,16,3,+16.024,+9.680
7324.98,16,3,+15.977,+9.681
7330.19,16,3,+16.071,+9.718
7330.871,16,3,+16.090,+9.726
7333.578,16,3,+16.174,+9.767
7334.931,16,3,+16.160,+9.783
7339.673,16,3,+16.107,+9.745
7343.211,16,3,+16.153,+9.828
7346.428,16,3,+16.033,+9.880
7350.075,16,3,+15.847,+9.765
7354.884,16,3,+15.828,+9.837
7357.568,16,3,+15.882,+9.774
7359.703,16,3,+15.926,+9.807
7363.354,16,3,+15.895,+9.779
7366.535,16,3,+15.886,+9.761
7370.246,16,3,+15.902,+9.739
7374.072,16,3,+15.927,+9.707
7377.444,16,3,+15.969,+9.706
7382.193,16,3,+16.025,+9.788
7387.317,16,3,+16.147,+9.798
7391.246,16,3,+16.151,+9.891
7396.961,16,3,+16.199,+9.929
7400.218,16,3,+16.168,+9.807
7403.805,16,3,+16.034,+9.709
7405.892,16,3,+15.942,+9.613
7407.878,16,3,+15.855,+9.592
7413.05,16,3,+15.888,+9.627
7413.688,16,3,+15.882,+9.630
7416.385,16,3,+15.845,+9.640
7417.678,16,3,+15.825,+9.612
7422.463,16,3,+15.884,+9.539
7425.993,16,3,+15.953,+9.627
7429.241,16,3,+15.928,+9.629
7432.806,16,3,+15.789,+9.442
7437.691,16,3,+15.803,+9.532
7440.383,16,3,+15.852,+9.473
7442.498,16,3,+15.903,+9.510
7446.155,16,3,+15.866,+9.477
7449.338,16,3,+15.881,+9.452
7453.023,16,3,+15.894,+9.413
7456.854,16,3,+15.927,+9.366
7460.243,16,3,+15.973,+9.348
7464.98,16,3,+16.062,+9.418
7470.066,16,3,+16.140,+9.409
7473.972,16,3,+16.110,+9.491
7479.677,16,3,+16.079,+9.519
7482.957,16,3,+16.053,+9.469
7486.505,16,3,+15.915,+9.461
7488.644,16,3,+15.829,+9.367
7490.636,16,3,+15.697,+9.343
7495.798,16,3,+15.737,+9.371
7496.469,16,3,+15.739,+9.365
7499.13,16,3,+15.739,+9.326
7500.392,16,3,+15.699,+9.285
7505.308,16,3,+15.855,+9.389
7508.897,16,3,+15.967,+9.508
7512.142,16,3,+15.891,+9.486
7515.811,16,3,+15.785,+9.361
7520.659,16,3,+15.799,+9.472
7523.318,16,3,+15.843,+9.397
7525.44,16,3,+15.886,+9.423
7529.148,16,3,+15.891,+9.460
7532.31,16,3,+15.889,+9.436
7535.995,16,3,+15.899,+9.418
7539.786,16,3,+15.914,+9.368
7543.1,16,3,+15.940,+9.331
7547.883,16,3,+15.956,+9.380
7552.954,16,3,+15.988,+9.375
7556.889,16,3,+15.995,+9.386
7562.652,16,3,+16.142,+9.494
7566.04,16,3,+16.161,+9.490
7569.531,16,3,+16.015,+9.472
7571.741,16,3,+15.976,+9.446
7573.795,16,3,+15.965,+9.435
7578.899,16,3,+15.984,+9.393
7579.592,16,3,+15.977,+9.380
7582.239,16,3,+15.961,+9.337
7583.652,16,3,+15.967,+9.391
7588.38,16,3,+15.984,+9.339
7591.929,16,3,+16.057,+9.396
7595.258,16,3,+16.059,+9.458
7598.892,16,3,+15.922,+9.378
7603.795,16,3,+15.950,+9.551
7606.42,16,3,+15.983,+9.450
7608.573,16,3,+16.030,+9.433
7612.334,16,3,+16.075,+9.443
7615.497,16,3,+16.082,+9.439
7619.19,16,3,+16.083,+9.424
7622.965,16,3,+16.122,+9.374
7626.27,16,3,+16.167,+9.324
7631.093,16,3,+16.150,+9.437
7636.197,16,3,+16.263,+9.486
7640.185,16,3,+16.243,+9.580
7645.818,16,3,+16.208,+9.620
7649.128,16,3,+16.208,+9.594
7652.724,16,3,+15.766,+9.577
7654.839,16,3,+15.639,+9.442
7656.873,16,3,+15.549,+9.418
7662.139,16,3,+15.647,+9.423
7662.707,16,3,+15.660,+9.417
7665.413,16,3,+15.718,+9.395
7666.753,16,3,+15.720,+9.424
7671.505,16,3,+15.693,+9.315
7675.031,16,3,+15.716,+9.341
7678.273,16,3,+15.605,+9.351
7681.954,16,3,+15.486,+9.257
7686.811,16,3,+15.459,+9.377
7689.508,16,3,+15.470,+9.308
7691.613,16,3,+15.545,+9.312
7695.297,16,3,+15.249,+9.291
7698.47,16,3,+15.145,+9.277
7702.173,16,3,+15.140,+9.272
7705.981,16,3,+15.169,+9.273
7709.32,16,3,+15.186,+9.293
7714.145,16,3,+15.150,+9.414
7719.255,16,3,+15.222,+9.468
7723.271,16,3,+15.232,+9.514
7728.875,16,3,+15.243,+9.562
7732.131,16,3,+15.167,+9.440
7735.647,16,3,+14.902,+9.317
7737.783,16,3,+14.845,+9.267
7739.783,16,3,+14.795,+9.270
7744.942,16,3,+14.815,+9.281
7745.596,16,3,+14.803,+9.273
7748.26,16,3,+14.751,+9.244
7749.599,16,3,+14.733,+9.227
7754.318,16,3,+14.725,+9.120
7757.873,16,3,+14.755,+9.196
7761.111,16,3,+14.646,+9.189
7764.729,16,3,+14.504,+9.071
7769.542,16,3,+14.497,+9.112
7772.235,16,3,+14.549,+9.040
7774.361,16,3,+14.601,+9.078
7778.052,16,3,+14.624,+9.068
7781.255,16,3,+14.653,+9.075
7784.942,16,3,+14.670,+9.079
7788.77,16,3,+14.692,+9.086
7792.156,16,3,+14.710,+9.117
7796.887,16,3,+14.772,+9.198
7802.0,16,3,+14.856,+9.254
7805.931,16,3,+14.832,+9.319
7811.616,16,3,+14.887,+9.368
7814.928,16,3,+14.857,+9.245
7818.442,16,3,+14.722,+9.196
7820.609,16,3,+14.740,+9.094
7822.716,16,3,+14.703,+9.117
7827.915,16,3,+14.733,+9.165
7828.56,16,3,+14.722,+9.159
7831.213,16,3,+14.659,+9.109
7832.541,16,3,+14.645,+9.053
7837.366,16,3,+14.761,+8.919
7840.904,16,3,+14.802,+9.013
7844.157,16,3,+14.753,+9.047
7847.833,16,3,+14.682,+8.995
7852.705,16,3,+14.712,+9.053
7855.387,16,3,+14.770,+8.979
7857.49,16,3,+14.824,+9.017
7861.187,16,3,+14.842,+9.018
7864.388,16,3,+14.862,+9.010
7868.083,16,3,+14.879,+9.029
7871.898,16,3,+14.897,+9.124
7875.197,16,3,+14.910,+9.238
7879.961,16,3,+14.869,+9.322
7885.035,16,3,+14.897,+9.364
7889.004,16,3,+14.934,+9.471
7894.64,16,3,+14.951,+9.512
7897.924,16,3,+14.871,+9.421
7901.457,16,3,+14.644,+9.288
7903.647,16,3,+14.591,+9.152
7905.641,16,3,+14.553,+9.160
7910.797,16,3,+14.593,+9.092
7911.464,16,3,+14.587,+9.066
7914.109,16,3,+14.555,+8.950
7915.388,16,3,+14.511,+8.883
7920.218,16,3,+14.619,+8.829
7923.796,16,3,+14.692,+8.882
7927.028,16,3,+14.663,+8.903
7930.689,16,3,+14.596,+8.836
7935.641,16,3,+14.684,+9.023
7938.365,16,3,+14.772,+8.983
7940.466,16,3,+14.840,+9.016
7944.235,16,3,+14.881,+9.049
7947.375,16,3,+14.880,+9.047
7951.058,16,3,+14.888,+9.026
7954.859,16,3,+14.919,+8.986
7958.227,16,3,+14.968,+8.964
7962.924,16,3,+15.005,+9.099
7968.009,16,3,+15.073,+9.082
7971.924,16,3,+15.015,+9.039
7977.756,16,3,+15.178,+9.231
7981.15,16,3,+15.260,+9.284
7984.683,16,3,+15.031,+9.255
7986.905,16,3,+15.044,+9.201
7989.013,16,3,+15.065,+9.271
7994.168,16,3,+15.107,+9.212
7994.829,16,3,+15.107,+9.185
7997.467,16,3,+15.094,+9.062
7998.792,16,3,+15.088,+9.016
8003.525,16,3,+15.085,+8.938
8007.056,16,3,+15.131,+8.980
8010.312,16,3,+15.085,+9.020
8014.01,16,3,+15.019,+8.996
8018.942,16,3,+15.065,+9.164
8021.602,16,3,+15.101,+9.204
8023.71,16,3,+15.154,+9.265
8027.45,16,3,+15.183,+9.340
8030.719,16,3,+15.224,+9.398
8034.399,16,3,+15.248,+9.404
8038.194,16,3,+15.263,+9.365
8041.472,16,3,+15.275,+9.318
8046.187,16,3,+15.188,+9.334
8051.312,16,3,+15.243,+9.368
8055.234,16,3,+15.215,+9.361
8061.023,16,3,+15.347,+9.564
8064.385,16,3,+15.330,+9.532
8067.953,16,3,+15.125,+9.524
8070.14,16,3,+15.146,+9.486
8072.19,16,3,+15.158,+9.524
8077.367,16,3,+15.223,+9.500
8078.026,16,3,+15.220,+9.482
8080.733,16,3,+15.209,+9.404
8082.16,16,3,+15.191,+9.402
8086.828,16,3,+15.227,+9.421
8090.345,16,3,+15.258,+9.447
8093.577,16,3,+15.203,+9.428
8097.304,16,3,+15.182,+9.424
8102.225,16,3,+15.198,+9.566
8104.923,16,3,+15.288,+9.654
8107.031,16,3,+15.368,+9.729
8110.74,16,3,+15.378,+9.735
8113.936,16,3,+15.416,+9.762
8117.615,16,3,+15.429,+9.743
8121.382,16,3,+15.437,+9.671
8124.698,16,3,+15.471,+9.623
8129.396,16,3,+15.455,+9.641
8134.477,16,3,+15.561,+9.711
8138.425,16,3,+15.632,+9.792
8144.137,16,3,+15.653,+9.920
8147.42,16,3,+15.577,+9.855
8151.017,16,3,+15.396,+9.858
8153.184,16,3,+15.371,+9.807
8155.205,16,3,+15.391,+9.863
8160.365,16,3,+15.446,+9.866
8161.029,16,3,+15.447,+9.846
8163.627,16,3,+15.446,+9.753
8165.006,16,3,+15.409,+9.755
8169.783,16,3,+15.469,+9.778
8173.308,16,3,+15.513,+9.816
8176.549,16,3,+15.444,+9.872
8180.336,16,3,+15.394,+9.902
8185.293,16,3,+15.424,+10.083
8188.011,16,3,+15.492,+10.189
8190.15,16,3,+15.554,+10.338
8193.848,16,3,+15.489,+10.491
8197.088,16,3,+15.515,+10.533
8200.804,16,3,+15.544,+10.515
8204.526,16,3,+15.550,+10.413
8207.774,16,3,+15.544,+10.303
8212.408,16,3,+15.420,+10.283
8217.438,16,3,+15.432,+10.277
8221.323,16,3,+15.385,+10.256
8227.119,16,3,+15.519,+10.435
8230.394,16,3,+15.482,+10.420
8233.972,16,3,+15.275,+10.334
8236.166,16,3,+15.271,+10.295
8238.246,16,3,+15.292,+10.365
8243.411,16,3,+15.384,+10.356
8244.062,16,3,+15.390,+10.337
8246.706,16,3,+15.403,+10.255
8247.972,16,3,+15.352,+10.204
8252.916,16,3,+15.442,+10.234
8256.429,16,3,+15.513,+10.318
8259.672,16,3,+15.478,+10.356
8263.325,16,3,+15.422,+10.279
8268.22,16,3,+15.407,+10.396
8270.883,16,3,+15.444,+10.440
8272.958,16,3,+15.487,+10.488
8276.633,16,3,+15.475,+10.437
8279.792,16,3,+15.486,+10.409
8283.473,16,3,+15.517,+10.413
8287.291,16,3,+15.584,+10.436
8290.607,16,3,+15.655,+10.470
8295.376,16,3,+15.608,+10.551
8300.451,16,3,+15.654,+10.607
8304.475,16,3,+15.724,+10.781
8310.16,16,3,+15.702,+10.885
8313.422,16,3,+15.634,+10.842
8317.006,16,3,+15.392,+10.755
8319.129,16,3,+15.298,+10.666
8321.236,16,3,+15.266,+10.701
8326.405,16,3,+15.320,+10.735
8327.059,16,3,+15.335,+10.738
8329.762,16,3,+15.389,+10.750
8331.081,16,3,+15.299,+10.735
8335.868,16,3,+15.252,+10.685
8339.345,16,3,+15.246,+10.694
8342.485,16,3,+15.106,+10.604
8346.129,16,3,+14.989,+10.528
8350.99,16,3,+14.993,+10.614
8353.694,16,3,+15.054,+10.679
8355.79,16,3,+15.127,+10.757
8359.457,16,3,+15.022,+10.671
8362.671,16,3,+15.015,+10.664
8366.293,16,3,+15.034,+10.672
8370.149,16,3,+15.132,+10.736
8373.534,16,3,+15.233,+10.831
8378.299,16,3,+15.197,+10.949
8383.433,16,3,+15.318,+11.068
8387.509,16,3,+15.438,+11.347
8393.22,16,3,+15.513,+11.234
8396.569,16,3,+15.490,+11.095
8400.052,16,3,+15.316,+10.941
8402.292,16,3,+15.291,+10.907
8404.259,16,3,+15.234,+10.927
8409.459,16,3,+15.270,+10.941
8410.121,16,3,+15.280,+10.941
8412.829,16,3,+15.325,+10.952
8414.245,16,3,+15.346,+10.968
8418.935,16,3,+15.389,+10.909
8422.418,16,3,+15.390,+10.975
8425.574,16,3,+15.285,+10.903
8429.274,16,3,+15.243,+10.800
8434.139,16,3,+15.210,+10.812
8436.836,16,3,+15.257,+10.709
8438.918,16,3,+15.304,+10.741
8442.644,16,3,+15.268,+10.728
8445.743,16,3,+15.276,+10.703
8449.41,16,3,+15.285,+10.689
8453.236,16,3,+15.324,+10.692
8456.594,16,3,+15.371,+10.698
8461.365,16,3,+15.410,+10.736
8466.438,16,3,+15.478,+10.752
8470.408,16,3,+15.598,+10.878
8476.136,16,3,+15.649,+10.999
8479.385,16,3,+15.601,+10.940
8482.958,16,3,+15.339,+10.845
8485.015,16,3,+15.270,+10.756
8487.084,16,3,+15.324,+10.848
8492.282,16,3,+15.430,+10.852
8493.013,16,3,+15.435,+10.838
8495.656,16,3,+15.453,+10.790
8496.948,16,3,+15.433,+10.776
8501.686,16,3,+15.443,+10.716
8505.17,16,3,+15.457,+10.760
8508.439,16,3,+15.460,+10.817
8512.14,16,3,+15.393,+10.766
8516.998,16,3,+15.365,+10.861
8519.666,16,3,+15.407,+10.910
8521.753,16,3,+15.452,+10.961
8525.462,16,3,+15.444,+10.989
8528.629,16,3,+15.466,+10.984
8532.315,16,3,+15.486,+10.968
8536.141,16,3,+15.531,+10.936
8539.464,16,3,+15.584,+10.921
8544.269,16,3,+15.662,+11.079
8549.274,16,3,+15.707,+11.108
8553.236,16,3,+15.715,+11.195
8559.102,16,3,+15.882,+11.409
8562.37,16,3,+15.809,+11.316
8565.893,16,3,+15.561,+11.263
8568.053,16,3,+15.505,+11.184
8570.113,16,3,+15.545,+11.250
8575.249,16,3,+15.634,+11.219
8575.888,16,3,+15.643,+11.200
8578.604,16,3,+15.691,+11.139
8579.905,16,3,+15.698,+11.159
8584.8,16,3,+15.734,+11.259
8588.283,16,3,+15.743,+11.307
8591.493,16,3,+15.696,+11.344
8595.169,16,3,+15.572,+11.275
8600.051,16,3,+15.557,+11.391
8602.713,16,3,+15.604,+11.450
8604.824,16,3,+15.655,+11.511
8608.474,16,3,+15.619,+11.509
8611.606,16,3,+15.615,+11.512
8615.303,16,3,+15.629,+11.502
8619.105,16,3,+15.702,+11.475
8622.482,16,3,+15.802,+11.466
8627.233,16,3,+15.749,+11.614
8632.358,16,3,+15.904,+11.727
8636.252,16,3,+15.852,+11.675
8642.04,16,3,+15.780,+11.792
8645.327,16,3,+15.634,+11.809
8648.861,16,3,+15.362,+11.730
8651.002,16,3,+15.295,+11.657
8653.081,16,3,+15.386,+11.779
8658.336,16,3,+15.532,+11.869
8659.02,16,3,+15.553,+11.881
8661.788,16,3,+15.661,+11.969
8663.357,16,3,+15.680,+11.994
8668.096,16,3,+15.809,+12.020
8671.554,16,3,+15.803,+12.027
8674.711,16,3,+15.598,+11.861
8678.395,16,3,+15.510,+11.731
8683.268,16,3,+15.514,+11.829
8685.919,16,3,+15.561,+11.876
8688.04,16,3,+15.604,+11.946
8691.738,16,3,+15.624,+12.016
8694.992,16,3,+15.681,+12.054
8698.643,16,3,+15.684,+12.064
8702.445,16,3,+15.674,+12.083
8705.815,16,3,+15.673,+12.121
8710.547,16,3,+15.611,+12.205
8715.581,16,3,+15.644,+12.229
8719.578,16,3,+15.642,+12.384
8725.28,16,3,+15.639,+12.462
8728.61,16,3,+15.644,+12.484
8732.209,16,3,+15.425,+12.420
8734.381,16,3,+15.429,+12.342
8736.446,16,3,+15.431,+12.369
8741.689,16,3,+15.546,+12.542
8742.379,16,3,+15.519,+12.545
12.598,1,6,,
3748.091,1,6,+0.378,
3750.046,1,4,+0.378,
3750.124,1,4,+0.491,+0.147
3750.279,1,5,+0.491,+0.147
3757.1,1,5,+1.458,+0.195
3760.164,1,4,+1.458,+0.195
3760.245,1,4,+1.277,+0.488
3763.87,1,5,+1.277,+0.488
3764.101,1,5,+1.201,+0.219
3764.193,1,6,+1.201,+0.219
3768.415,1,6,+1.871,+0.253
3774.08,1,6,+2.528,+0.244
3777.201,1,6,+2.849,+0.334
3779.096,1,6,+2.878,+0.306
3783.499,1,6,+3.254,+0.413
3787.151,1,6,+3.268,+0.405
3790.478,1,6,+3.140,+0.334
3794.278,1,6,+2.794,+0.199
3797.365,1,6,+2.429,+0.097
3802.913,1,6,+2.946,+0.483
3808.216,1,6,+2.917,+0.511
3812.387,1,6,+3.067,+0.522
3818.534,1,6,+3.442,+0.181
3822.42,1,6,+3.959,+0.288
3826.669,1,6,+4.543,+0.399
3828.837,1,6,+4.661,+0.385
3830.923,1,6,+4.784,+0.435
3835.817,1,6,+4.597,+0.421
3836.514,1,6,+4.529,+0.377
3839.362,1,6,+4.490,+0.432
3841.004,1,6,+4.634,+0.388
3846.168,1,6,+5.002,+0.501
3849.628,1,6,+4.942,+0.533
3853.174,1,6,+5.079,+0.545
3857.173,1,6,+5.331,+0.620
3862.29,1,6,+5.423,+0.616
3865.01,1,6,+5.514,+0.615
3867.18,1,6,+5.480,+0.633
3871.211,1,6,+5.612,+0.661
3874.478,1,6,+5.588,+0.629
3878.219,1,6,+5.542,+0.657
3882.037,1,6,+5.453,+0.757
3885.318,1,6,+5.421,+0.713
3890.735,1,6,+5.257,+0.552
3895.845,1,6,+5.320,+0.533
3899.937,1,6,+5.126,+0.399
3905.899,1,6,+5.340,+0.276
3909.793,1,6,+5.801,+0.401
3913.749,1,6,+5.989,+0.491
3915.924,1,6,+5.955,+0.406
3918.157,1,6,+6.137,+0.462
3923.166,1,6,+6.133,+0.510
3923.8,1,6,+6.101,+0.503
3926.5,1,6,+5.936,+0.526
3928.101,1,6,+5.982,+0.588
3933.088,1,6,+6.259,+0.681
3936.68,1,6,+6.259,+0.759
3940.141,1,6,+6.265,+0.895
3944.004,1,6,+6.421,+0.916
3949.024,1,6,+6.588,+0.853
3951.867,1,6,+6.670,+0.860
3953.979,1,6,+6.757,+0.855
3957.981,1,6,+7.008,+0.839
3961.237,1,6,+6.996,+0.860
3965.143,1,6,+6.939,+0.973
3969.081,1,6,+6.807,+1.162
3972.338,1,6,+6.443,+1.167
3977.522,1,6,+6.480,+1.110
3982.777,1,6,+6.375,+1.243
3986.627,1,7,+6.375,+1.243
3987.066,1,7,+6.525,+0.300
3992.923,1,7,+6.679,+0.522
3996.553,1,7,+6.816,+0.690
4000.476,1,7,+7.076,+0.993
4002.662,1,7,+7.077,+0.989
4004.78,1,7,+7.090,+1.071
4009.99,1,7,+7.075,+1.100
4010.679,1,7,+7.071,+1.107
4013.5,1,7,+7.002,+1.124
4015.039,1,7,+7.102,+1.188
4019.996,1,7,+7.226,+1.259
4023.564,1,7,+7.147,+1.272
4026.985,1,7,+7.195,+1.335
4030.765,1,7,+7.318,+1.422
4035.64,1,7,+7.252,+1.488
4038.428,1,7,+7.307,+1.444
4040.501,1,7,+7.263,+1.409
4044.407,1,7,+7.370,+1.451
4047.673,1,7,+7.398,+1.476
4051.538,1,7,+7.459,+1.564
4055.411,1,7,+7.483,+1.693
4058.74,1,7,+7.436,+1.814
4063.956,1,7,+7.663,+1.767
4069.133,1,7,+7.666,+1.945
4073.12,1,7,+7.594,+1.866
4078.924,1,7,+7.619,+1.549
4082.455,1,7,+7.774,+1.396
4086.264,1,7,+8.095,+1.336
4088.404,1,7,+8.151,+1.288
4090.5,1,7,+8.244,+1.273
4095.817,1,7,+8.350,+1.479
4096.525,1,7,+8.375,+1.553
4099.366,1,7,+8.453,+1.722
4100.839,1,7,+8.545,+1.585
4105.73,1,7,+8.614,+1.225
4109.263,1,7,+8.497,+1.236
4112.619,1,7,+8.524,+1.216
4116.402,1,7,+8.682,+1.063
4121.283,1,7,+8.736,+0.818
4124.056,1,7,+8.817,+0.707
4126.115,1,7,+8.772,+0.624
4130.007,1,7,+8.895,+0.551
4133.311,1,7,+8.950,+0.577
4137.048,1,7,+8.923,+0.575
4140.81,1,7,+8.797,+0.562
4144.022,1,7,+8.633,+0.553
4149.333,1,7,+9.090,+0.687
4154.675,1,7,+9.215,+0.901
4158.814,1,7,+9.310,+1.072
4164.472,1,7,+9.262,+0.907
4167.945,1,7,+9.394,+0.784
4171.745,1,7,+9.657,+0.807
4173.815,1,7,+9.687,+0.724
4176.074,1,7,+9.780,+0.770
4181.401,1,7,+9.937,+0.952
4182.136,1,7,+9.967,+0.992
4184.968,1,7,+10.047,+1.122
4186.399,1,7,+10.081,+1.100
4191.367,1,7,+10.227,+1.121
4194.85,1,7,+10.015,+1.061
4198.179,1,7,+9.899,+1.011
4202.013,1,7,+9.995,+0.928
4206.888,1,7,+10.123,+0.898
4209.68,1,7,+10.233,+0.890
4211.775,1,7,+10.223,+0.859
4215.654,1,7,+10.284,+0.817
4218.926,1,7,+10.268,+0.817
4222.691,1,7,+10.231,+0.816
4226.395,1,7,+10.141,+0.811
4229.721,1,7,+10.000,+0.778
4234.773,1,7,+10.127,+0.711
4239.913,1,7,+10.092,+0.720
4243.901,1,7,+9.997,+0.759
4249.578,1,7,+9.707,+0.584
4253.137,1,7,+9.907,+0.566
4257.03,1,7,+10.211,+0.672
4259.135,1,7,+10.163,+0.587
4261.27,1,7,+10.187,+0.604
4266.47,1,7,+10.182,+0.633
4267.105,1,7,+10.181,+0.636
4269.886,1,7,+10.173,+0.643
4271.322,1,7,+10.230,+0.647
4276.292,1,7,+10.329,+0.700
4279.793,1,7,+10.199,+0.680
4283.128,1,7,+10.141,+0.687
4286.902,1,7,+10.262,+0.652
4291.878,1,7,+10.382,+0.653
4294.741,1,7,+10.532,+0.677
4296.853,1,7,+10.552,+0.679
4300.75,1,7,+10.666,+0.653
4304.025,1,7,+10.698,+0.678
4307.751,1,7,+10.653,+0.669
4311.475,1,7,+10.522,+0.627
4314.698,1,7,+10.343,+0.559
4319.787,1,7,+10.494,+0.509
4324.87,1,7,+10.387,+0.440
4328.802,1,7,+10.325,+0.445
4334.625,1,7,+10.501,+0.392
4338.188,1,7,+10.787,+0.409
4342.031,1,7,+11.066,+0.503
4344.114,1,7,+11.042,+0.391
4346.247,1,7,+11.100,+0.406
4351.444,1,7,+11.128,+0.425
4352.106,1,7,+11.125,+0.420
4354.839,1,7,+11.140,+0.419
4356.347,1,7,+11.285,+0.477
4361.284,1,7,+10.885,+0.472
4364.741,1,7,+10.979,+0.395
4368.067,1,7,+10.886,+0.354
4371.908,1,7,+10.841,+0.363
4376.989,1,7,+10.977,+0.424
4379.846,1,7,+11.137,+0.455
4382.0,1,7,+11.168,+0.452
4385.947,1,7,+11.378,+0.509
4389.213,1,7,+10.946,+0.566
4392.973,1,7,+10.915,+0.572
4396.728,1,7,+10.875,+0.549
4399.977,1,7,+10.807,+0.505
4405.064,1,7,+10.935,+0.525
4410.158,1,7,+10.778,+0.494
4414.128,1,7,+10.629,+0.570
4419.943,1,7,+10.734,+0.513
4423.508,1,7,+10.772,+0.479
4427.231,1,7,+10.902,+0.515
4429.401,1,7,+10.928,+0.445
4431.577,1,7,+10.388,+0.487
4436.734,1,7,+10.916,+0.468
4437.407,1,7,+10.861,+0.459
4440.134,1,7,+10.670,+0.432
4441.633,1,7,+10.740,+0.493
4446.669,1,7,+10.392,+0.572
4450.137,1,7,+10.166,+0.476
4453.443,1,7,+10.173,+0.453
4457.303,1,7,+10.037,+0.479
4462.379,1,7,+10.003,+0.483
4465.155,1,7,+10.140,+0.453
4467.213,1,7,+10.186,+0.372
4471.207,1,7,+10.496,+0.426
4474.473,1,7,+10.520,+0.470
4478.194,1,7,+10.411,+0.453
4481.872,1,7,+10.120,+0.354
4485.019,1,7,+9.772,+0.225
4490.302,1,7,+10.143,+0.390
4495.559,1,7,+10.227,+0.524
4499.585,1,7,+10.131,+0.600
4505.399,1,7,+10.299,+0.650
4508.962,1,7,+10.494,+0.634
4512.68,1,7,+10.746,+0.672
4514.852,1,7,+10.714,+0.577
4517.017,1,7,+10.768,+0.578
4522.343,1,7,+10.871,+0.732
4523.029,1,7,+10.898,+0.761
4525.88,1,7,+11.008,+0.859
4527.299,1,7,+11.080,+0.834
4532.32,1,7,+11.292,+0.906
4535.817,1,7,+11.046,+0.880
4539.155,1,7,+10.911,+0.928
4542.957,1,7,+11.124,+0.881
4547.967,1,7,+11.208,+0.843
4550.78,1,7,+11.284,+0.806
4552.838,1,7,+11.206,+0.728
4556.724,1,7,+11.317,+0.672
4559.985,1,7,+11.369,+0.724
4563.727,1,7,+11.360,+0.735
4567.534,1,7,+11.294,+0.725
4570.804,1,7,+11.178,+0.696
4575.876,1,7,+11.406,+0.655
4580.978,1,7,+11.374,+0.573
4584.949,1,7,+11.371,+0.625
4590.761,1,7,+11.422,+0.475
4594.25,1,7,+11.646,+0.420
4598.221,1,7,+12.002,+0.464
4600.224,1,7,+12.057,+0.395
4602.473,1,7,+12.153,+0.445
4607.687,1,7,+12.215,+0.494
4608.347,1,7,+12.216,+0.491
4611.076,1,7,+12.206,+0.460
4612.496,1,7,+12.293,+0.467
4617.513,1,7,+12.447,+0.558
4620.894,1,7,+12.093,+0.394
4624.217,1,7,+12.015,+0.390
4628.089,1,7,+12.269,+0.453
4633.17,1,7,+12.467,+0.473
4636.041,1,7,+12.620,+0.500
4638.11,1,7,+12.711,+0.467
4642.121,1,7,+13.035,+0.522
4645.34,1,7,+13.088,+0.548
4649.087,1,7,+13.045,+0.555
4652.799,1,6,+13.045,+0.555
4652.872,1,6,+12.885,+0.540
4656.185,1,6,+12.688,+0.500
4661.239,1,6,+12.900,+0.409
4666.47,1,6,+13.022,+0.526
4670.503,1,6,+13.046,+0.595
4676.317,1,6,+13.198,+0.599
4679.807,1,6,+13.404,+0.540
4683.699,1,6,+13.754,+0.651
4686.667,1,6,+14.673,+0.636
4703.005,1,7,+14.673,+0.636
4705.116,1,8,+14.673,+0.636
4706.347,1,9,+14.673,+0.636
4716.459,1,10,+14.673,+0.636
4718.051,1,10,+35.353,+1.489
4719.921,1,10,+35.815,+1.411
4729.11,1,10,+36.825,+3.998
4733.972,1,10,+35.952,+3.710
4737.707,1,10,+35.430,+2.873
4741.776,1,10,+35.216,+2.595
4748.941,1,10,+35.323,+2.541
4753.72,1,10,+36.588,+3.173
4756.259,1,10,+36.693,+3.020
4760.569,1,10,+36.580,+2.606
4764.266,1,10,+36.920,+2.291
4770.377,1,10,+35.791,+3.117
4776.142,1,10,+34.613,+2.615
4783.64,1,10,+35.896,+3.417
4790.829,1,10,+35.023,+4.074
4796.106,1,10,+34.647,+4.053
4800.144,1,10,+34.259,+3.171
4806.751,1,10,+34.582,+2.461
4811.372,1,10,+35.407,+2.647
4815.42,1,10,+34.905,+2.238
4818.585,1,10,+35.320,+2.555
4821.616,1,10,+35.789,+2.555
4828.8,1,10,+35.864,+2.555
4829.776,1,9,+35.864,+2.555
4829.783,1,9,+35.876,+9.103
4833.765,1,9,+35.909,+9.376
4835.573,1,9,+35.852,+9.112
4842.563,1,9,+36.528,+9.494
4847.247,1,9,+35.508,+9.524
4847.248,1,9,+36.528,+9.494
4847.249,1,9,+35.508,+9.524
4851.387,1,9,+34.603,+9.080
4855.892,1,9,+34.882,+9.221
4863.55,1,9,+36.773,+8.956
4868.144,1,9,+36.753,+10.013
4870.94,1,9,+36.352,+10.388
4875.077,1,9,+34.303,+9.428
4878.547,1,9,+34.095,+8.502
4885.777,1,9,+37.273,+10.099
4891.574,1,9,+35.771,+10.405
4898.302,1,9,+36.541,+9.678
4906.565,1,9,+36.826,+10.991
4911.916,1,9,+36.498,+10.458
4916.146,1,9,+36.327,+9.351
4922.176,1,9,+35.833,+8.927
4925.631,1,9,+35.661,+8.546
4929.846,1,9,+34.887,+8.539
4933.283,1,9,+34.746,+8.914
4935.799,1,9,+34.873,+8.319
4941.061,1,9,+33.082,+6.815
4941.732,1,9,+32.630,+6.590
4944.55,1,9,+31.290,+6.195
4945.988,1,9,+30.848,+6.197
4950.922,1,9,+29.845,+6.015
4954.46,1,9,+28.171,+5.959
4957.756,1,9,+26.925,+5.872
4961.387,1,9,+26.330,+5.609
4966.303,1,9,+26.254,+5.462
4969.15,1,9,+26.376,+5.462
4971.293,1,9,+26.495,+5.445
4975.17,1,9,+26.656,+5.481
4978.365,1,9,+26.606,+5.430
4982.153,1,9,+26.528,+5.420
4985.891,1,9,+26.396,+5.465
4989.211,1,9,+26.238,+5.501
4994.172,1,9,+26.294,+5.435
4999.303,1,9,+26.298,+5.340
5003.16,1,9,+26.075,+5.146
5008.761,1,9,+26.072,+4.848
5012.167,1,9,+26.243,+4.861
5015.886,1,9,+26.325,+4.970
5017.938,1,9,+26.265,+4.863
5020.089,1,9,+26.360,+4.914
5025.285,1,9,+26.368,+4.847
5025.992,1,9,+26.374,+4.865
5028.797,1,9,+26.391,+4.957
5030.221,1,9,+26.447,+4.971
5035.071,1,9,+26.546,+4.898
5038.558,1,9,+26.475,+4.830
5041.767,1,9,+26.259,+4.746
5045.399,1,9,+26.278,+4.587
5050.239,1,9,+26.288,+4.514
5052.963,1,9,+26.344,+4.504
5055.053,1,9,+26.268,+4.427
5058.817,1,9,+26.254,+4.341
5062.053,1,9,+26.279,+4.250
5065.781,1,9,+26.285,+4.252
5069.609,1,9,+26.288,+4.332
5072.963,1,9,+26.253,+4.399
5077.877,1,9,+26.250,+4.281
5083.074,1,9,+26.239,+4.233
5086.939,1,9,+26.129,+4.057
5092.516,1,9,+26.067,+3.765
5095.968,1,9,+26.289,+3.804
5099.638,1,9,+26.383,+3.781
5101.687,1,9,+26.318,+3.725
5103.852,1,9,+26.422,+3.798
5109.07,1,9,+26.384,+3.808
5109.792,1,9,+26.393,+3.830
5112.541,1,9,+26.418,+3.905
5113.939,1,9,+26.437,+3.905
5118.75,1,9,+26.442,+3.767
5122.28,1,9,+26.380,+3.714
5125.594,1,9,+26.438,+3.675
5129.232,1,9,+26.470,+3.591
5134.128,1,9,+26.483,+3.615
5136.892,1,9,+26.572,+3.603
5138.936,1,9,+26.537,+3.535
5142.823,1,9,+26.577,+3.515
5145.932,1,9,+26.556,+3.492
5149.722,1,9,+26.569,+3.486
5153.576,1,9,+26.572,+3.498
5156.903,1,9,+26.558,+3.500
5161.772,1,9,+26.548,+3.374
5166.947,1,9,+26.521,+3.255
5170.866,1,9,+26.429,+3.043
5176.422,1,9,+26.360,+2.859
5179.813,1,9,+26.484,+2.822
5183.51,1,9,+26.540,+2.795
5185.607,1,9,+26.620,+2.763
5187.794,1,9,+26.735,+2.790
5192.986,1,9,+26.778,+2.754
5193.646,1,9,+26.794,+2.762
5196.456,1,9,+26.867,+2.793
5197.845,1,9,+26.968,+2.794
5202.669,1,9,+26.659,+2.635
5206.12,1,9,+26.424,+2.538
5209.351,1,9,+26.288,+2.404
5213.005,1,9,+26.218,+2.355
5217.902,1,9,+26.167,+2.423
5220.73,1,9,+26.306,+2.458
5222.804,1,9,+26.359,+2.386
5226.569,1,9,+26.486,+2.386
5229.819,1,9,+26.489,+2.344
5233.613,1,9,+26.474,+2.333
5237.487,1,9,+26.421,+2.322
5240.826,1,9,+26.334,+2.308
5245.672,1,9,+26.342,+2.179
5250.857,1,9,+26.366,+2.094
5254.746,1,9,+26.143,+1.913
5260.34,1,9,+26.086,+1.739
5263.869,1,9,+26.246,+1.730
5267.525,1,9,+26.399,+1.776
5269.646,1,9,+26.453,+1.761
5271.811,1,9,+26.521,+1.800
5277.046,1,9,+26.490,+1.748
5277.803,1,9,+26.491,+1.754
5280.497,1,9,+26.477,+1.749
5281.855,1,9,+26.439,+1.750
5286.803,1,9,+26.548,+1.275
5290.268,1,9,+26.456,+1.070
5293.505,1,9,+26.389,+0.964
5297.308,1,9,+26.581,+0.938
5302.253,1,9,+26.635,+0.929
5305.076,1,9,+26.779,+0.912
5307.211,1,9,+26.871,+0.839
5310.993,1,9,+27.040,+0.809
5314.213,1,9,+27.011,+0.774
5317.956,1,9,+26.955,+0.727
5321.712,1,9,+26.840,+0.637
5324.984,1,9,+26.688,+0.518
5329.999,1,9,+26.908,+0.520
5338.82,1,9,+30.599,+3.686
5345.236,1,9,+32.953,+1.800
5351.42,1,9,+33.477,+1.455
5355.316,1,9,+34.068,+0.894
5359.413,1,9,+34.339,+0.768
5362.735,1,9,+35.330,+0.585
5366.159,1,9,+36.610,+0.585
5372.255,1,9,+33.062,+0.585
5373.15,1,5,+33.062,+0.585
5373.154,1,5,+32.293,+15.082
5377.898,1,5,+33.064,+15.958
5379.704,1,5,+33.099,+15.800
5385.733,1,5,+31.768,+15.034
5390.816,1,5,+32.253,+15.229
5395.764,1,5,+33.355,+15.795
5400.123,1,5,+33.172,+15.854
5407.263,1,5,+33.751,+16.312
5412.012,1,5,+35.387,+16.805
5415.078,1,5,+36.252,+16.837
5420.159,1,5,+36.501,+16.743
5424.432,1,5,+36.945,+16.538
5428.937,1,5,+36.333,+15.917
5434.018,1,5,+35.622,+15.627
5437.959,1,5,+34.617,+14.774
5446.286,1,5,+36.351,+16.568
5453.256,1,5,+36.339,+16.288
5457.613,1,5,+34.266,+15.658
5465.5,1,5,+35.111,+15.519
5471.051,1,5,+36.378,+16.648
5475.685,1,5,+36.010,+16.746
5478.507,1,5,+35.576,+16.802
5481.847,1,5,+35.385,+16.963
5488.483,1,5,+34.870,+16.070
5489.17,1,5,+34.710,+15.818
5492.285,1,5,+34.305,+15.148
5493.96,1,5,+34.310,+15.057
5499.007,1,5,+33.365,+14.005
5502.576,1,5,+32.553,+12.947
5506.029,1,5,+30.121,+11.788
5509.747,1,5,+29.403,+11.702
5514.585,1,5,+28.446,+11.723
5517.388,1,5,+27.687,+11.746
5519.478,1,5,+27.085,+11.766
5523.323,1,5,+26.510,+11.854
5526.606,1,5,+26.491,+11.900
5530.513,1,5,+26.642,+12.070
5534.612,1,5,+26.916,+12.332
5538.104,1,5,+27.069,+12.512
5543.037,1,5,+27.014,+12.595
5548.3,1,5,+27.071,+12.720
5552.256,1,5,+27.006,+12.819
5557.801,1,5,+26.868,+12.766
5561.143,1,5,+27.004,+12.810
5564.83,1,5,+27.069,+12.852
5566.878,1,5,+27.069,+12.776
5568.965,1,5,+27.122,+12.893
5574.266,1,5,+27.261,+13.073
5574.994,1,5,+27.301,+13.113
5577.82,1,5,+27.454,+13.245
5579.234,1,5,+27.509,+13.295
5583.993,1,5,+27.546,+13.330
5587.477,1,5,+27.436,+13.319
5590.701,1,5,+27.353,+13.323
5594.343,1,5,+27.405,+13.416
5599.183,1,5,+27.388,+13.531
5602.014,1,5,+27.460,+13.545
5604.1,1,5,+27.468,+13.618
5608.009,1,5,+27.602,+13.831
5611.212,1,5,+27.599,+13.803
5614.992,1,5,+27.619,+13.801
5618.901,1,5,+27.687,+13.827
5622.349,1,5,+27.735,+13.856
5627.146,1,5,+27.793,+13.931
5632.296,1,5,+27.798,+13.990
5636.23,1,5,+27.708,+14.036
5641.776,1,5,+27.537,+14.025
5645.165,1,5,+27.657,+14.161
5648.851,1,5,+27.737,+14.287
5650.876,1,5,+27.739,+14.168
5652.954,1,5,+27.788,+14.256
5658.24,1,5,+27.915,+14.299
5658.941,1,5,+27.951,+14.304
5661.759,1,5,+28.089,+14.330
5663.133,1,5,+28.127,+14.337
5667.935,1,5,+28.114,+14.382
5671.421,1,5,+28.035,+14.390
5674.674,1,5,+27.996,+14.434
5678.247,1,5,+27.964,+14.419
5683.142,1,5,+27.967,+14.577
5685.882,1,5,+28.007,+14.678
5687.922,1,5,+27.932,+14.742
5691.686,1,5,+27.952,+14.845
5694.878,1,5,+27.955,+14.793
5698.645,1,5,+27.992,+14.782
5702.593,1,5,+28.087,+14.835
5705.946,1,5,+28.158,+14.896
5710.78,1,5,+28.295,+14.957
5715.994,1,5,+28.319,+15.053
5719.928,1,5,+28.259,+15.053
5725.448,1,5,+28.055,+14.960
5728.805,1,5,+28.091,+15.018
5732.468,1,5,+28.129,+14.985
5734.574,1,5,+28.104,+14.933
5736.707,1,5,+28.158,+15.035
5741.946,1,5,+28.192,+15.110
5742.619,1,5,+28.222,+15.129
5745.445,1,5,+28.340,+15.187
5746.82,1,5,+28.358,+15.208
5751.648,1,5,+28.313,+15.315
5755.137,1,5,+28.233,+15.368
5758.318,1,5,+28.110,+15.370
5761.954,1,5,+28.098,+15.395
5766.786,1,5,+28.093,+15.508
5769.531,1,5,+28.106,+15.461
5771.555,1,5,+28.008,+15.424
5775.327,1,5,+27.973,+15.476
5778.489,1,5,+27.961,+15.492
5782.295,1,5,+28.008,+15.537
5786.183,1,5,+28.163,+15.623
5789.55,1,5,+28.309,+15.662
5794.395,1,5,+28.379,+15.700
5799.527,1,5,+28.337,+15.708
5803.492,1,5,+28.198,+15.781
5809.029,1,5,+28.061,+15.760
5812.349,1,5,+28.119,+15.873
5816.04,1,5,+28.211,+15.909
5818.135,1,5,+28.219,+15.885
5820.226,1,5,+28.209,+15.965
5825.465,1,5,+28.250,+16.056
5826.155,1,5,+28.280,+16.081
5828.978,1,5,+28.400,+16.151
5830.359,1,5,+28.421,+16.165
5835.194,1,5,+28.432,+16.090
5838.714,1,5,+28.353,+16.084
5841.971,1,5,+28.248,+16.056
5845.539,1,5,+28.200,+16.029
5850.376,1,5,+28.146,+16.126
5853.111,1,5,+28.119,+16.073
5855.182,1,5,+27.999,+16.045
5858.86,1,5,+27.960,+16.070
5862.009,1,5,+27.917,+16.028
5865.785,1,5,+27.931,+16.029
5869.69,1,5,+28.008,+16.095
5873.086,1,5,+28.067,+16.148
5877.907,1,5,+28.026,+16.165
5883.031,1,5,+27.954,+16.181
5886.96,1,5,+27.945,+16.141
5892.456,1,5,+27.780,+16.111
5895.814,1,5,+27.866,+16.180
5899.392,1,5,+27.891,+16.182
5901.511,1,5,+27.913,+16.105
5903.594,1,5,+27.898,+16.156
5908.86,1,5,+27.979,+16.232
5909.576,1,5,+28.014,+16.253
5912.448,1,5,+28.150,+16.326
5913.728,1,5,+28.179,+16.331
5918.601,1,5,+28.135,+16.436
5922.16,1,5,+28.018,+16.483
5925.339,1,5,+27.869,+16.382
5928.975,1,5,+27.858,+16.366
5933.813,1,5,+27.831,+16.445
5936.557,1,5,+27.830,+16.374
5938.587,1,5,+27.745,+16.301
5942.357,1,5,+27.750,+16.253
5945.538,1,5,+27.758,+16.255
5949.333,1,5,+27.775,+16.264
5953.174,1,5,+27.827,+16.323
5956.533,1,5,+27.867,+16.372
5961.332,1,5,+27.834,+15.142
5966.46,1,5,+27.800,+14.918
5970.434,1,5,+25.531,+14.941
5975.972,1,5,+25.422,+14.956
5979.309,1,5,+25.458,+27.668
5982.929,1,5,+25.394,+27.640
5985.013,1,5,+25.417,+27.713
5987.173,1,5,+25.465,+27.713
5992.381,1,5,+25.481,+27.713
5993.038,1,5,+25.489,+13.680
5995.787,1,5,+25.524,+9.998
5997.165,1,5,+25.538,+9.530
6002.024,1,5,+25.432,+8.164
6005.503,1,5,+25.342,+7.978
6008.724,1,5,+25.250,+7.721
6012.349,1,5,+25.239,+7.612
6017.219,1,5,+25.211,+7.520
6019.96,1,5,+25.263,+7.565
6022.09,1,5,+25.235,+7.638
6025.895,1,5,+25.294,+7.708
6029.119,1,5,+25.300,+7.701
6032.889,1,5,+25.300,+7.693
6036.666,1,5,+25.299,+7.667
6040.057,1,5,+25.270,+7.620
6044.865,1,5,+25.228,+7.681
6050.011,1,5,+25.218,+7.674
6053.92,1,5,+24.945,+7.551
6059.467,1,5,+24.851,+7.476
6062.767,1,5,+24.888,+7.530
6066.435,1,5,+24.851,+7.603
6068.501,1,5,+24.807,+7.609
6070.64,1,5,+24.802,+7.692
6075.783,1,5,+24.798,+7.758
6076.466,1,5,+24.807,+7.766
6079.23,1,5,+24.847,+7.796
6080.551,1,5,+24.830,+7.781
6085.426,1,5,+24.888,+7.721
6088.95,1,5,+24.862,+7.659
6092.216,1,5,+24.810,+7.641
6095.848,1,5,+24.810,+7.707
6100.779,1,5,+24.813,+7.798
6103.525,1,5,+24.859,+7.852
6105.564,1,5,+24.789,+7.781
6109.344,1,5,+24.818,+7.814
6112.54,1,5,+24.787,+7.813
6116.315,1,5,+24.788,+7.827
6120.201,1,5,+24.866,+7.897
6123.58,1,5,+24.934,+7.953
6128.401,1,5,+24.932,+7.996
6133.544,1,5,+24.935,+8.011
6137.465,1,5,+24.812,+7.923
6143.087,1,5,+24.754,+7.923
6146.459,1,5,+24.802,+8.055
6150.175,1,5,+24.831,+8.200
6152.236,1,5,+24.823,+8.231
6154.422,1,5,+24.905,+8.371
6159.685,1,5,+24.921,+8.526
6160.337,1,5,+24.943,+8.556
6163.145,1,5,+25.034,+8.676
6164.56,1,5,+25.072,+8.753
6169.4,1,5,+25.089,+8.848
6172.896,1,5,+25.067,+8.783
6176.154,1,5,+25.055,+8.684
6179.793,1,5,+25.047,+8.775
6184.708,1,5,+25.067,+8.831
6187.496,1,5,+25.098,+8.893
6189.553,1,5,+24.680,+8.868
6193.378,1,5,+24.686,+8.937
6196.579,1,5,+24.696,+8.964
6200.38,1,5,+24.767,+8.981
6204.217,1,5,+24.927,+9.014
6207.571,1,5,+25.048,+9.031
6212.392,1,5,+24.796,+8.995
6217.498,1,5,+24.677,+8.954
6221.284,1,5,+24.394,+8.715
6227.083,1,5,+24.460,+8.844
6230.508,1,5,+24.566,+9.037
6234.126,1,5,+24.435,+9.147
6236.337,1,5,+24.418,+23.773
6238.529,1,5,+24.511,+23.773
6243.747,1,5,+24.634,+23.773
6244.482,1,5,+24.676,+9.405
6247.166,1,5,+24.899,+5.735
6248.579,1,5,+24.987,+5.380
6253.458,1,5,+25.165,+4.079
6256.977,1,5,+25.141,+3.875
6260.253,1,5,+25.097,+3.728
6263.907,1,5,+25.102,+3.696
6268.865,1,5,+25.143,+3.754
6271.65,1,5,+25.206,+3.852
6273.737,1,5,+25.277,+3.949
6277.644,1,5,+25.476,+4.199
6280.837,1,5,+25.473,+4.162
6284.591,1,5,+25.386,+4.127
6288.414,1,5,+25.298,+4.104
6291.794,1,5,+25.263,+4.078
6296.597,1,5,+25.300,+3.933
6301.725,1,5,+25.402,+3.956
6305.564,1,5,+25.359,+3.743
6311.217,1,5,+25.290,+3.857
6314.607,1,5,+25.301,+3.918
6318.267,1,5,+25.190,+3.955
6320.412,1,5,+25.203,+4.096
6322.591,1,5,+25.252,+4.258
6327.773,1,5,+25.256,+4.337
6328.452,1,5,+25.270,+4.350
6331.277,1,5,+25.315,+4.384
6332.692,1,5,+25.299,+4.438
6337.606,1,5,+25.443,+4.606
6341.087,1,5,+25.445,+4.533
6344.37,1,5,+25.444,+4.434
6348.071,1,5,+25.475,+4.616
6352.889,1,5,+25.470,+4.661
6355.63,1,5,+25.563,+4.606
6357.65,1,5,+25.577,+4.455
6361.456,1,5,+25.652,+4.506
6364.652,1,5,+25.699,+4.529
6368.425,1,5,+25.707,+4.515
6372.293,1,5,+25.729,+4.514
6375.679,1,5,+25.757,+4.492
6380.455,1,5,+25.799,+4.373
6385.615,1,5,+25.887,+4.365
6389.488,1,5,+25.942,+4.234
6395.133,1,5,+25.905,+4.344
6398.523,1,5,+25.967,+4.414
6402.248,1,5,+25.855,+4.469
6404.344,1,5,+25.868,+4.541
6406.518,1,5,+25.899,+4.698
6411.765,1,5,+25.949,+4.825
6412.454,1,5,+25.959,+4.837
6415.223,1,5,+25.998,+4.866
6416.648,1,5,+26.048,+4.928
6421.608,1,5,+26.230,+5.117
6425.109,1,5,+26.237,+5.068
6428.353,1,5,+26.221,+5.018
6432.068,1,5,+26.276,+5.224
6436.939,1,5,+26.323,+5.317
6439.669,1,5,+26.387,+5.271
6441.725,1,5,+26.418,+5.136
6445.487,1,5,+26.507,+5.112
6448.738,1,5,+26.540,+5.121
6452.476,1,5,+26.551,+5.128
6456.323,1,5,+26.611,+5.185
6459.698,1,5,+26.681,+5.218
6464.494,1,5,+26.636,+5.174
6469.646,1,5,+26.747,+5.208
6473.559,1,5,+26.717,+5.137
6479.201,1,5,+26.745,+5.199
6482.688,1,5,+26.868,+5.401
6486.368,1,5,+26.820,+5.489
6488.487,1,5,+26.791,+5.542
6490.681,1,5,+26.833,+5.668
6495.856,1,5,+26.890,+5.782
6496.541,1,5,+26.906,+5.802
6499.293,1,5,+26.970,+5.881
6500.722,1,5,+26.976,+5.939
6505.561,1,5,+27.109,+6.105
6509.051,1,5,+27.109,+6.042
6512.29,1,5,+27.003,+5.922
6515.997,1,5,+27.000,+6.087
6520.882,1,5,+27.058,+6.180
6523.595,1,5,+27.147,+6.119
6525.682,1,5,+27.191,+5.982
6529.499,1,5,+27.259,+5.998
6532.703,1,5,+27.262,+6.006
6536.494,1,5,+27.281,+6.016
6540.312,1,5,+27.347,+6.072
6543.716,1,5,+27.455,+6.109
6548.519,1,5,+27.087,+6.114
6553.669,1,5,+27.174,+6.136
6557.678,1,5,+27.293,+6.177
6563.349,1,5,+27.272,+6.269
6566.723,1,5,+27.341,+6.394
6570.417,1,5,+27.270,+6.440
6572.561,1,5,+27.261,+6.429
6574.71,1,5,+27.369,+6.543
6579.931,1,5,+27.430,+6.665
6580.601,1,5,+27.441,+6.692
6583.388,1,5,+27.475,+6.800
6584.791,1,5,+27.510,+6.842
6589.894,1,5,+27.921,+7.172
6593.461,1,5,+27.974,+7.155
6596.783,1,5,+27.973,+7.130
6600.506,1,5,+27.924,+7.322
6605.444,1,5,+27.977,+7.352
6608.212,1,5,+28.091,+7.356
6610.3,1,5,+28.206,+7.320
6614.192,1,5,+28.436,+7.432
6617.415,1,5,+28.501,+7.457
6621.181,1,5,+28.500,+7.460
6624.997,1,5,+28.494,+7.497
6628.362,1,5,+28.488,+7.423
6633.3,1,5,+28.592,+7.548
6638.438,1,5,+28.628,+7.526
6642.388,1,5,+28.523,+7.402
6648.01,1,5,+28.470,+7.499
6651.418,1,5,+28.595,+7.640
6655.118,1,5,+28.304,+7.646
6657.307,1,5,+28.191,+7.652
6659.477,1,5,+28.302,+7.788
6664.708,1,5,+28.380,+7.723
6665.412,1,5,+28.393,+7.707
6668.204,1,5,+28.427,+7.626
6669.631,1,5,+28.460,+7.650
6674.555,1,5,+28.632,+7.811
6678.535,1,5,+29.123,+8.224
6684.809,1,5,+32.145,+11.190
6689.622,1,5,+33.240,+11.661
6697.149,1,5,+35.885,+10.700
6701.661,1,5,+37.753,+11.169
6704.73,1,5,+38.711,+11.397
6709.231,1,5,+39.494,+11.146
6712.807,1,5,+39.906,+10.321
6717.588,1,5,+40.836,+9.770
6723.173,1,5,+38.277,+9.996
6727.173,1,5,+36.252,+9.590
6732.087,1,5,+33.813,+8.533
6737.265,1,5,+33.671,+7.557
6741.184,1,5,+33.319,+7.527
6746.914,1,5,+31.384,+7.654
6750.313,1,5,+30.796,+7.767
6753.985,1,5,+30.337,+7.855
6756.014,1,5,+29.401,+7.782
6764.34,1,6,+29.401,+7.782
6781.656,1,7,+29.401,+7.782
6782.57,1,8,+29.401,+7.782
6784.322,1,8,+47.029,+1.695
6785.979,1,8,+47.334,+1.971
6792.15,1,8,+48.666,+3.118
6795.643,1,8,+48.715,+3.086
6798.969,1,8,+48.648,+2.989
6802.818,1,8,+48.811,+3.086
6807.845,1,8,+48.994,+3.195
6810.732,1,8,+49.187,+3.302
6812.773,1,8,+49.207,+3.362
6816.595,1,8,+49.273,+3.408
6819.789,1,8,+49.288,+3.399
6823.51,1,8,+49.258,+3.350
6827.27,1,8,+49.208,+3.299
6830.576,1,8,+49.162,+3.263
6835.612,1,8,+49.473,+3.264
6840.804,1,8,+49.643,+3.257
6844.769,1,8,+49.679,+3.133
6850.422,1,8,+49.737,+2.931
6853.952,1,8,+49.983,+3.123
6857.587,1,8,+49.847,+2.982
6859.64,1,8,+49.870,+2.983
6861.808,1,8,+49.949,+2.912
6866.903,1,8,+49.955,+2.732
6867.556,1,8,+49.950,+2.718
6870.267,1,8,+49.921,+2.663
6871.617,1,8,+49.964,+2.645
6876.512,1,8,+50.098,+2.460
6879.975,1,8,+50.095,+2.373
6883.166,1,8,+50.017,+2.240
6886.854,1,8,+50.079,+2.162
6891.632,1,8,+50.001,+1.989
6894.416,1,8,+50.108,+2.018
6896.505,1,8,+50.146,+2.075
6900.331,1,8,+50.226,+2.110
6903.517,1,8,+50.248,+2.056
6907.228,1,8,+50.249,+2.030
6911.033,1,8,+50.244,+2.052
6914.353,1,8,+50.225,+2.063
6919.198,1,8,+50.334,+2.023
6924.33,1,8,+50.397,+1.911
6928.137,1,8,+50.332,+1.781
6933.737,1,8,+50.383,+1.579
6937.218,1,8,+50.640,+1.677
6940.847,1,8,+50.571,+1.557
6942.978,1,8,+50.589,+1.571
6945.156,1,8,+50.639,+1.558
6950.227,1,8,+50.560,+1.449
6950.876,1,8,+50.545,+1.444
6953.569,1,8,+50.479,+1.427
6954.963,1,8,+50.526,+1.412
6959.778,1,8,+50.590,+1.240
6963.265,1,8,+50.572,+1.127
6966.55,1,8,+50.558,+1.068
6970.203,1,8,+50.582,+0.996
6975.122,1,8,+50.614,+0.918
6977.904,1,8,+50.744,+0.961
6979.953,1,8,+50.757,+0.992
6983.779,1,8,+50.850,+1.008
6986.946,1,8,+50.877,+0.951
6990.657,1,8,+50.861,+0.910
6994.391,1,8,+50.781,+0.877
6997.658,1,8,+50.668,+0.824
7002.442,1,8,+50.710,+0.693
7007.472,1,8,+50.749,+0.617
7011.365,1,8,+50.718,+0.462
7017.102,1,8,+50.923,+0.397
7020.618,1,8,+51.154,+0.562
7024.393,1,8,+51.157,+0.532
7026.47,1,8,+51.123,+0.509
7028.58,1,8,+51.156,+0.485
7033.685,1,8,+51.163,+0.402
7034.349,1,8,+51.154,+0.392
7037.008,1,8,+51.092,+0.343
7038.438,1,8,+51.152,+0.369
7043.295,1,8,+51.260,+0.219
7046.583,1,7,+51.260,+0.219
7046.644,1,7,+51.101,+1.286
7049.761,1,7,+50.978,+1.193
7053.451,1,7,+50.939,+1.097
7058.346,1,7,+51.018,+0.962
7061.136,1,7,+51.128,+0.924
7063.191,1,7,+51.141,+0.890
7067.06,1,7,+51.235,+0.848
7070.213,1,7,+51.242,+0.834
7073.952,1,7,+51.246,+0.843
7077.788,1,7,+51.251,+0.872
7081.088,1,7,+51.227,+0.856
7085.983,1,7,+51.428,+0.739
7091.098,1,7,+51.523,+0.711
7094.919,1,7,+51.439,+0.596
7100.649,1,7,+51.574,+0.543
7104.08,1,7,+51.753,+0.454
7107.892,1,7,+51.795,+0.523
7109.92,1,7,+51.727,+0.365
7112.052,1,7,+51.730,+0.257
7117.237,1,7,+51.752,+0.163
7117.863,1,7,+51.714,+0.109
7120.268,1,6,+51.714,+0.109
7120.354,1,6,+51.609,+17.309
7121.744,1,6,+51.644,+17.341
7126.726,1,6,+51.923,+17.513
7130.227,1,6,+51.974,+17.619
7133.628,1,6,+52.072,+17.740
7137.278,1,6,+52.034,+17.665
7142.175,1,6,+52.025,+17.597
7144.863,1,6,+52.117,+17.595
7146.898,1,6,+52.095,+17.523
7150.687,1,6,+52.157,+17.480
7153.914,1,6,+52.232,+17.523
7157.719,1,6,+52.314,+17.540
7161.634,1,6,+52.452,+17.568
7165.066,1,6,+52.564,+17.619
7169.911,1,6,+52.692,+17.570
7175.02,1,6,+52.773,+17.571
7178.884,1,6,+52.777,+17.510
7184.534,1,6,+52.825,+17.506
7187.955,1,6,+53.026,+17.514
7191.572,1,6,+52.819,+17.416
7193.702,1,6,+52.783,+17.365
7195.836,1,6,+52.831,+17.450
7201.063,1,6,+52.943,+17.586
7201.775,1,6,+52.977,+17.632
7204.592,1,6,+53.104,+17.808
7205.98,1,6,+53.153,+17.825
7210.727,1,6,+53.159,+17.623
7214.209,1,6,+53.158,+17.696
7217.411,1,6,+53.072,+17.741
7221.09,1,6,+52.973,+17.576
7225.861,1,6,+52.956,+17.379
7228.608,1,6,+53.038,+17.329
7230.63,1,6,+53.004,+17.257
7234.329,1,6,+53.004,+17.021
7237.498,1,6,+52.991,+16.986
7241.226,1,6,+53.023,+17.003
7245.134,1,6,+53.118,+17.105
7248.48,1,6,+53.195,+17.215
7253.37,1,6,+53.362,+17.063
7258.439,1,6,+53.399,+17.056
7262.372,1,6,+53.420,+17.022
7267.953,1,6,+53.402,+16.786
7271.335,1,6,+53.448,+16.603
7274.992,1,6,+53.297,+16.425
7277.131,1,6,+53.353,+16.369
7279.261,1,6,+53.337,+16.351
7284.462,1,6,+53.429,+16.417
7285.143,1,6,+53.459,+16.434
7287.967,1,6,+53.575,+16.486
7289.381,1,6,+53.636,+16.453
7294.103,1,6,+53.634,+16.342
7297.615,1,6,+53.647,+16.395
7300.899,1,6,+53.652,+16.381
7304.61,1,6,+53.606,+16.363
7309.464,1,6,+53.599,+16.261
7312.203,1,6,+53.725,+16.302
7314.298,1,6,+53.755,+16.283
7318.151,1,6,+53.917,+16.296
7321.352,1,6,+53.955,+16.328
7325.114,1,6,+53.993,+16.332
7328.953,1,6,+54.071,+16.363
7332.329,1,6,+54.150,+16.385
7337.147,1,6,+54.201,+16.289
7342.275,1,6,+54.320,+16.281
7346.131,1,6,+54.272,+16.217
7351.736,1,6,+54.152,+15.897
7355.082,1,6,+54.172,+15.827
7358.77,1,6,+54.048,+15.769
7360.858,1,6,+53.961,+15.789
7363.045,1,6,+54.017,+15.789
7368.244,1,6,+54.122,+15.789
7368.919,1,6,+54.148,+1.330
7371.605,1,5,+54.148,+1.330
7371.693,1,5,+54.267,+32.854
7373.084,1,5,+54.273,+32.861
7377.846,1,5,+54.251,+32.864
7381.325,1,5,+54.274,+32.849
7384.552,1,5,+54.155,+32.860
7388.266,1,5,+54.050,+32.991
7393.122,1,5,+54.046,+32.957
7395.868,1,5,+54.148,+33.015
7397.918,1,5,+54.149,+32.977
7401.714,1,5,+54.238,+33.082
7404.928,1,5,+54.250,+33.086
7408.661,1,5,+54.277,+33.096
7412.509,1,5,+54.362,+33.170
7415.896,1,5,+54.452,+33.241
7420.71,1,5,+54.523,+33.256
7425.757,1,5,+54.584,+33.286
7429.574,1,5,+54.491,+33.255
7435.168,1,5,+54.398,+33.129
7438.536,1,5,+54.491,+33.244
7442.206,1,5,+54.385,+33.296
7444.234,1,5,+54.322,+33.257
7446.352,1,5,+54.294,+33.333
7451.592,1,5,+54.414,+33.429
7452.362,1,5,+54.441,+33.461
7455.067,1,5,+54.527,+33.573
7456.44,1,5,+54.550,+33.624
7461.185,1,5,+54.596,+33.654
7464.692,1,5,+54.648,+33.666
7467.945,1,5,+54.635,+33.735
7471.622,1,5,+54.596,+33.856
7476.463,1,5,+54.575,+33.824
7479.197,1,5,+54.659,+33.865
7481.298,1,5,+54.698,+33.849
7485.137,1,5,+54.799,+33.964
7488.275,1,5,+54.824,+33.958
7492.004,1,5,+54.840,+33.953
7495.841,1,5,+54.909,+34.007
7499.218,1,5,+54.990,+34.053
7503.991,1,5,+55.064,+34.024
7509.082,1,5,+55.170,+34.062
7512.945,1,5,+55.050,+34.043
7518.515,1,5,+54.923,+33.998
7521.907,1,5,+54.999,+34.105
7525.532,1,5,+54.910,+34.145
7527.62,1,5,+54.827,+34.095
7529.687,1,5,+54.748,+34.136
7534.862,1,5,+54.806,+34.161
7535.561,1,5,+54.834,+34.188
7538.344,1,5,+54.950,+34.304
7539.731,1,5,+54.983,+34.357
7544.483,1,5,+55.034,+34.391
7547.972,1,5,+55.057,+34.374
7551.225,1,5,+54.983,+34.395
7554.851,1,5,+54.860,+34.402
7559.768,1,5,+54.922,+34.432
7562.499,1,5,+54.990,+34.471
7564.52,1,5,+54.965,+34.414
7568.294,1,5,+55.029,+34.470
7571.438,1,5,+55.025,+34.443
7575.156,1,5,+55.034,+34.435
7579.012,1,5,+55.105,+34.493
7582.377,1,5,+55.187,+34.537
7587.191,1,5,+55.259,+34.510
7592.269,1,5,+55.299,+34.515
7596.105,1,5,+55.190,+34.445
7601.686,1,5,+55.167,+34.299
7605.025,1,5,+55.243,+34.368
7608.696,1,5,+55.123,+34.412
7610.821,1,5,+55.055,+34.408
7612.931,1,5,+55.104,+34.517
7618.084,1,5,+55.157,+34.525
7618.735,1,5,+55.170,+34.543
7621.49,1,5,+55.223,+34.621
7622.834,1,5,+55.202,+34.652
7627.619,1,5,+55.211,+34.748
7631.101,1,5,+55.222,+34.741
7634.322,1,5,+55.127,+34.790
7638.0,1,5,+55.003,+34.884
7642.837,1,5,+54.983,+34.880
7645.515,1,5,+55.049,+34.913
7647.664,1,5,+55.086,+34.912
7651.432,1,5,+55.169,+35.012
7654.602,1,5,+55.169,+34.999
7658.319,1,5,+55.172,+34.993
7662.162,1,5,+55.268,+35.064
7665.46,1,5,+55.375,+35.142
7670.235,1,5,+55.298,+35.084
7675.257,1,5,+55.320,+35.068
7679.178,1,5,+55.250,+35.071
7684.731,1,5,+55.124,+34.904
7688.064,1,5,+55.164,+34.957
7691.634,1,5,+54.659,+34.906
7693.717,1,5,+54.544,+34.869
7695.874,1,5,+54.495,+34.907
7700.97,1,5,+54.551,+34.883
7701.62,1,5,+54.579,+34.900
7704.369,1,5,+54.689,+34.969
7705.796,1,5,+54.746,+35.053
7710.557,1,5,+54.699,+35.028
7713.988,1,5,+54.674,+34.977
7717.141,1,5,+54.485,+34.926
7720.859,1,5,+54.368,+34.998
7725.63,1,5,+54.283,+34.905
7728.329,1,5,+54.284,+34.921
7730.364,1,5,+54.273,+34.823
7734.07,1,5,+54.000,+34.738
7737.232,1,5,+53.908,+34.725
7740.935,1,5,+53.895,+34.714
7744.727,1,5,+53.902,+34.704
7748.021,1,5,+53.876,+34.678
7752.873,1,5,+53.845,+34.706
7757.923,1,5,+53.870,+34.719
7761.784,1,5,+53.853,+34.730
7767.432,1,5,+53.786,+34.660
7770.824,1,5,+53.901,+34.768
7774.67,1,5,+53.833,+34.895
7776.674,1,5,+53.795,+34.860
7778.762,1,5,+53.730,+34.850
7783.879,1,5,+53.737,+34.849
7784.561,1,5,+53.736,+34.863
7787.251,1,5,+53.729,+34.924
7788.614,1,5,+53.719,+34.937
7793.36,1,5,+53.723,+34.897
7796.796,1,5,+53.670,+34.817
7799.921,1,5,+53.460,+34.747
7803.593,1,5,+53.354,+34.821
7808.45,1,5,+53.394,+34.799
7811.222,1,5,+53.495,+34.857
7813.279,1,5,+53.517,+34.842
7817.13,1,5,+53.663,+34.978
7820.313,1,5,+53.703,+34.956
7824.018,1,5,+53.706,+34.934
7827.767,1,5,+53.705,+34.929
7831.142,1,5,+53.705,+34.931
7835.926,1,5,+53.779,+34.918
7840.955,1,5,+53.819,+34.877
7844.916,1,5,+53.804,+34.977
7850.456,1,5,+53.731,+34.959
7853.788,1,5,+53.810,+35.065
7857.408,1,5,+53.599,+35.014
7859.489,1,5,+53.612,+34.979
7861.589,1,5,+53.571,+35.016
7866.68,1,5,+53.487,+34.954
7867.321,1,5,+53.481,+34.964
7870.024,1,5,+53.458,+35.019
7871.388,1,5,+53.451,+35.048
7876.186,1,5,+53.544,+35.046
7879.679,1,5,+53.553,+35.016
7882.84,1,5,+53.434,+34.921
7886.538,1,5,+53.374,+35.012
7891.333,1,5,+53.344,+34.919
7894.021,1,5,+53.391,+34.923
7896.083,1,5,+53.401,+34.889
7899.849,1,5,+53.468,+34.939
7902.992,1,5,+53.462,+34.905
7906.717,1,5,+53.473,+34.888
7910.521,1,5,+53.513,+34.929
7913.877,1,5,+53.552,+34.966
7918.588,1,5,+53.490,+34.937
7923.604,1,5,+53.467,+34.907
7927.525,1,5,+53.468,+34.994
7933.175,1,5,+53.489,+34.953
7936.647,1,5,+53.635,+35.127
7940.27,1,5,+53.403,+35.135
7942.329,1,5,+53.381,+35.128
7944.449,1,5,+53.315,+35.111
7949.599,1,5,+53.374,+35.126
7950.259,1,5,+53.400,+35.153
7953.063,1,5,+53.501,+35.270
7954.446,1,5,+53.514,+35.307
7959.12,1,5,+53.508,+35.246
7962.599,1,5,+53.489,+35.182
7965.738,1,5,+53.375,+35.132
7969.355,1,5,+53.270,+35.201
7974.261,1,5,+53.291,+35.170
7976.924,1,5,+53.333,+35.161
7978.991,1,5,+53.337,+35.120
7982.773,1,5,+53.383,+35.161
7985.864,1,5,+53.384,+35.127
7989.623,1,5,+53.422,+35.143
7993.479,1,5,+53.539,+35.242
7996.882,1,5,+53.666,+35.338
8001.678,1,5,+53.706,+35.333
8006.702,1,5,+53.750,+35.362
8010.579,1,5,+53.702,+35.434
8016.189,1,5,+53.602,+35.307
8019.529,1,5,+53.681,+35.320
8023.124,1,5,+53.408,+35.266
8025.165,1,5,+53.356,+35.185
8027.258,1,5,+53.272,+35.081
8032.432,1,5,+53.330,+35.090
8033.063,1,5,+53.360,+35.122
8035.844,1,5,+53.478,+35.268
8037.179,1,5,+53.480,+35.277
8041.983,1,5,+53.424,+35.214
8045.348,1,5,+53.407,+35.155
8048.556,1,5,+53.326,+35.160
8052.191,1,5,+53.205,+35.223
8057.074,1,5,+53.196,+35.188
8059.763,1,5,+53.226,+35.178
8061.797,1,5,+53.229,+35.089
8065.544,1,5,+53.244,+35.024
8068.713,1,5,+53.218,+34.970
8072.414,1,5,+53.249,+34.976
8076.275,1,5,+53.337,+35.055
8079.648,1,5,+53.436,+35.128
8084.422,1,5,+53.411,+35.088
8089.514,1,5,+53.453,+35.079
8093.486,1,5,+53.456,+35.167
8098.957,1,5,+53.289,+34.965
8102.285,1,5,+53.319,+34.951
8105.859,1,5,+53.005,+34.874
8107.921,1,5,+52.971,+34.721
8110.007,1,5,+52.941,+34.615
8115.16,1,5,+53.010,+34.549
8115.861,1,5,+53.036,+34.575
8118.657,1,5,+53.150,+34.685
8120.013,1,5,+53.155,+34.718
8124.716,1,5,+53.082,+34.646
8128.129,1,5,+53.048,+34.567
8131.293,1,5,+52.934,+34.507
8134.951,1,5,+52.840,+34.558
8139.797,1,5,+52.806,+34.450
8142.508,1,5,+52.842,+34.436
8144.502,1,5,+52.854,+34.385
8148.315,1,5,+52.927,+34.397
8151.486,1,5,+52.947,+34.382
8155.188,1,5,+52.972,+34.387
8159.035,1,5,+53.077,+34.471
8162.428,1,5,+53.203,+34.560
8167.173,1,5,+53.225,+34.552
8172.18,1,5,+53.264,+34.545
8176.057,1,5,+53.219,+34.574
8181.603,1,5,+53.113,+34.488
8184.911,1,5,+53.074,+34.507
8188.565,1,5,+52.881,+34.516
8190.587,1,5,+52.844,+34.474
8192.71,1,5,+52.853,+34.489
8197.767,1,5,+52.853,+34.464
8198.416,1,5,+52.872,+34.490
8201.137,1,5,+52.966,+34.633
8202.525,1,5,+52.921,+34.628
8207.28,1,5,+52.953,+34.651
8210.77,1,5,+52.973,+34.649
8213.901,1,5,+52.824,+34.616
8217.56,1,5,+52.608,+34.584
8222.479,1,5,+52.589,+34.515
8225.118,1,5,+52.622,+34.510
8227.171,1,5,+52.630,+34.440
8230.929,1,5,+52.528,+34.412
8234.081,1,5,+52.516,+34.392
8237.813,1,5,+52.537,+34.378
8241.61,1,5,+52.648,+34.437
8244.98,1,5,+52.777,+34.514
8249.781,1,5,+52.742,+34.467
8254.818,1,5,+52.801,+34.540
8258.802,1,5,+52.873,+34.671
8264.38,1,5,+52.790,+34.518
8267.717,1,5,+52.803,+34.531
8271.34,1,5,+52.600,+34.424
8273.399,1,5,+52.550,+34.358
8275.49,1,5,+52.501,+34.312
8280.548,1,5,+52.530,+34.244
8281.196,1,5,+52.550,+34.266
8283.937,1,5,+52.647,+34.388
8285.295,1,5,+52.648,+34.353
8290.087,1,5,+52.617,+34.254
8293.533,1,5,+52.612,+34.199
8296.738,1,5,+52.536,+33.951
8300.299,1,5,+52.407,+33.844
8305.125,1,5,+52.329,+33.745
8307.811,1,5,+52.358,+33.748
8309.859,1,5,+52.369,+33.724
8313.618,1,5,+52.441,+33.768
8316.746,1,5,+52.452,+33.722
8320.491,1,5,+52.481,+33.710
8324.275,1,5,+52.583,+33.767
8327.701,1,5,+52.687,+33.825
8332.363,1,5,+52.566,+33.767
8337.335,1,5,+52.546,+33.718
8341.214,1,5,+52.496,+33.803
8346.767,1,5,+52.306,+33.653
8350.102,1,5,+52.299,+33.671
8353.678,1,5,+51.986,+33.597
8355.733,1,5,+51.882,+33.548
8357.79,1,5,+51.805,+33.480
8362.902,1,5,+51.818,+33.440
8363.569,1,5,+51.839,+33.459
8366.316,1,5,+51.937,+33.561
8367.658,1,5,+51.843,+33.602
8372.441,1,5,+51.795,+33.684
8375.895,1,5,+51.792,+33.667
8379.07,1,5,+51.711,+33.656
8382.693,1,5,+51.532,+33.645
8387.526,1,5,+51.515,+33.502
8390.183,1,5,+51.547,+33.488
8392.227,1,5,+51.562,+33.441
8396.004,1,5,+51.544,+33.490
8399.151,1,5,+51.531,+33.455
8402.856,1,5,+51.549,+33.450
8406.645,1,5,+51.661,+33.495
8410.076,1,5,+51.777,+33.547
8414.79,1,5,+51.666,+33.499
8419.786,1,5,+51.681,+33.470
8423.661,1,5,+51.575,+33.461
8429.182,1,5,+51.465,+33.342
8432.46,1,5,+51.489,+33.376
8436.116,1,5,+51.368,+33.407
8438.434,1,5,+51.532,+33.568
8440.596,1,5,+51.534,+33.660
8445.705,1,5,+51.526,+33.685
8446.355,1,5,+51.535,+33.701
8449.078,1,5,+51.580,+33.791
8450.474,1,5,+51.607,+33.893
8455.239,1,5,+51.676,+33.905
8458.677,1,5,+51.675,+33.847
8461.897,1,5,+51.601,+33.817
8465.549,1,5,+51.519,+33.821
8470.495,1,5,+51.512,+33.803
8473.125,1,5,+51.552,+33.798
8475.15,1,5,+51.503,+33.706
8478.882,1,5,+51.541,+33.738
8482.035,1,5,+51.570,+33.742
8485.749,1,5,+51.596,+33.754
8489.601,1,5,+51.679,+33.828
8492.965,1,5,+51.760,+33.894
8497.725,1,5,+51.774,+33.915
8502.764,1,5,+51.793,+33.943
8506.59,1,5,+51.798,+34.011
8512.241,1,5,+51.741,+33.969
8515.523,1,5,+51.777,+34.030
8519.305,1,5,+51.678,+34.186
8521.338,1,5,+51.643,+34.174
8523.425,1,5,+51.651,+34.153
8528.583,1,5,+51.722,+34.131
8529.23,1,5,+51.732,+34.145
8531.967,1,5,+51.777,+34.228
8533.389,1,5,+51.821,+34.314
8538.144,1,5,+51.861,+34.313
8541.544,1,5,+51.814,+34.236
8544.743,1,5,+51.786,+34.250
8548.433,1,5,+51.695,+34.268
8553.293,1,5,+51.663,+34.284
8555.964,1,5,+51.700,+34.291
8557.999,1,5,+51.690,+34.251
8561.793,1,5,+51.750,+34.355
8564.961,1,5,+51.779,+34.352
8568.689,1,5,+51.814,+34.369
8572.496,1,5,+51.898,+34.438
8575.887,1,5,+51.981,+34.501
8580.625,1,5,+52.005,+34.509
8585.601,1,5,+52.023,+34.476
8589.497,1,5,+51.996,+34.491
8595.143,1,5,+51.909,+34.363
8598.469,1,5,+51.926,+34.403
8602.242,1,5,+51.778,+34.521
8604.232,1,5,+51.744,+34.483
8606.363,1,5,+51.777,+34.515
8611.46,1,5,+51.811,+34.483
8612.087,1,5,+51.818,+34.488
8614.755,1,5,+51.859,+34.527
8616.17,1,5,+51.888,+34.606
8621.124,1,5,+52.021,+34.827
8624.558,1,5,+52.007,+34.784
8627.814,1,5,+52.019,+34.884
8631.515,1,5,+51.916,+34.954
8636.445,1,5,+51.969,+34.964
8639.202,1,5,+52.085,+35.039
8641.296,1,5,+52.140,+35.046
8645.137,1,5,+52.258,+35.180
8648.276,1,5,+52.271,+35.123
8651.986,1,5,+52.285,+35.115
8655.772,1,5,+52.364,+35.150
8659.146,1,5,+52.450,+35.182
8663.896,1,5,+52.394,+35.224
8668.92,1,5,+52.476,+35.198
8672.847,1,5,+52.464,+35.228
8678.521,1,5,+52.256,+35.116
8682.069,1,5,+52.270,+35.266
8685.669,1,5,+52.103,+35.330
8687.681,1,5,+52.032,+35.295
8689.757,1,5,+52.029,+35.242
8694.842,1,5,+52.034,+35.169
8695.482,1,5,+52.046,+35.188
8698.22,1,5,+52.101,+35.290
8699.612,1,5,+52.081,+35.330
8704.466,1,5,+52.154,+35.339
8707.962,1,5,+52.173,+35.337
8711.236,1,5,+52.091,+35.437
8714.874,1,5,+51.982,+35.436
8719.671,1,5,+51.922,+35.359
8722.326,1,5,+51.932,+35.332
8724.328,1,5,+51.910,+35.278
8728.081,1,5,+51.926,+35.312
8731.235,1,5,+51.939,+35.279
8734.926,1,5,+51.957,+35.309
8738.798,1,5,+52.031,+35.449
8742.212,1,5,+52.111,+35.596
8746.966,1,5,+52.021,+35.584
8752.036,1,5,+52.113,+35.831
8755.952,1,5,+52.036,+35.986
8761.565,1,5,+51.914,+35.626
8764.882,1,5,+51.949,+35.537
8768.536,1,5,+51.726,+35.475
8770.636,1,5,+51.703,+35.433
8772.723,1,5,+51.672,+35.464
8777.868,1,5,+51.716,+35.556
8778.537,1,5,+51.741,+35.597
12.598,44,7,,
3747.81,44,7,+0.169,
3750.279,44,3,+0.169,
3750.363,44,3,+0.156,+0.124
3755.973,44,4,+0.156,+0.124
3756.678,44,4,+1.263,+0.409
3760.164,44,5,+1.263,+0.409
3760.224,44,6,+1.263,+0.409
3760.363,44,6,+1.282,+0.001
3764.193,44,5,+1.282,+0.001
3764.276,44,5,+1.143,+0.161
3768.212,44,5,+1.618,+0.168
3773.825,44,5,+2.284,+0.369
3776.828,44,5,+2.515,+0.284
3778.824,44,5,+2.572,+0.302
3783.022,44,5,+2.841,+0.343
3786.512,44,5,+2.863,+0.379
3790.093,44,5,+2.806,+0.453
3793.969,44,5,+2.595,+0.587
3797.294,44,5,+2.332,+0.672
3802.507,44,5,+2.463,+0.266
3807.835,44,5,+2.406,+0.037
3811.524,44,4,+2.406,+0.037
3811.608,44,4,+2.295,+0.046
3817.69,44,3,+2.295,+0.046
3817.776,44,3,+2.822,+2.020
3821.442,44,3,+3.122,+2.329
3825.261,44,3,+3.339,+2.499
3827.476,44,3,+3.416,+2.540
3829.382,44,3,+3.442,+2.542
3834.573,44,3,+3.363,+2.563
3835.259,44,3,+3.332,+2.567
3838.033,44,3,+3.174,+2.513
3839.576,44,3,+3.200,+2.457
3844.404,44,3,+3.266,+2.525
3847.973,44,3,+3.281,+2.674
3851.39,44,3,+3.323,+2.641
3855.02,44,3,+3.228,+2.506
3859.892,44,3,+3.183,+2.558
3862.662,44,3,+3.205,+2.639
3864.895,44,3,+3.206,+2.784
3868.777,44,3,+3.219,+2.747
3872.078,44,3,+3.206,+2.773
3875.856,44,3,+3.196,+2.837
3879.755,44,3,+3.167,+2.980
3883.026,44,3,+3.147,+3.107
3888.003,44,3,+2.849,+2.560
3893.162,44,3,+2.647,+2.635
3897.207,44,3,+2.659,+2.415
3902.935,44,3,+2.488,+2.238
3906.311,44,3,+2.431,+2.034
3909.887,44,3,+2.205,+1.852
3912.099,44,3,+2.170,+1.838
3914.006,44,3,+2.167,+1.711
3919.211,44,3,+2.187,+1.723
3919.896,44,3,+2.186,+1.746
3922.769,44,3,+2.129,+1.870
3924.193,44,3,+2.095,+1.793
3929.029,44,3,+2.214,+1.733
3932.687,44,3,+2.241,+1.794
3936.07,44,3,+2.215,+1.846
3939.708,44,3,+2.141,+1.699
3944.641,44,3,+2.220,+1.666
3947.545,44,3,+2.345,+1.767
3949.782,44,3,+2.538,+1.833
3953.648,44,3,+2.719,+1.795
3956.958,44,3,+2.683,+1.798
3960.722,44,3,+2.541,+1.831
3964.565,44,3,+2.301,+1.911
3967.874,44,3,+2.128,+2.029
3972.874,44,3,+1.871,+1.538
3978.099,44,3,+1.712,+1.608
3982.134,44,3,+1.698,+1.529
3987.822,44,3,+1.543,+1.264
3991.191,44,3,+1.463,+1.125
3994.814,44,3,+1.436,+0.926
3996.969,44,3,+1.436,+0.875
3999.009,44,3,+1.370,+0.824
4004.13,44,3,+1.213,+0.659
4004.746,44,3,+1.167,+0.616
4007.428,44,3,+0.954,+0.444
4008.945,44,3,+0.993,+0.422
4013.901,44,3,+1.108,+0.501
4017.469,44,3,+1.064,+0.580
4020.943,44,3,+1.100,+0.575
4024.59,44,3,+1.141,+0.519
4029.618,44,3,+1.249,+0.588
4032.49,44,3,+1.412,+0.763
4034.736,44,3,+1.491,+0.957
4038.639,44,3,+1.637,+1.044
4042.012,44,3,+1.662,+1.091
4045.734,44,3,+1.665,+1.153
4049.508,44,3,+1.591,+1.202
4052.808,44,3,+1.495,+1.232
4057.843,44,3,+1.590,+1.005
4063.014,44,3,+1.565,+1.137
4067.023,44,3,+1.474,+0.970
4072.718,44,3,+1.418,+0.957
4076.134,44,3,+1.485,+0.958
4079.865,44,3,+1.648,+0.908
4081.99,44,3,+1.701,+0.895
4084.0,44,3,+1.724,+0.865
4089.175,44,3,+1.698,+0.897
4089.862,44,3,+1.680,+0.893
4092.526,44,3,+1.622,+0.896
4093.986,44,3,+1.674,+0.882
4098.884,44,3,+1.787,+0.979
4102.543,44,3,+1.738,+1.092
4105.886,44,3,+1.772,+1.016
4109.56,44,3,+1.855,+0.992
4114.429,44,3,+1.905,+1.040
4117.248,44,3,+2.026,+1.104
4119.439,44,3,+2.102,+1.207
4123.248,44,3,+2.170,+1.208
4126.565,44,3,+2.212,+1.268
4130.313,44,3,+2.229,+1.321
4134.199,44,3,+2.202,+1.361
4137.536,44,3,+2.135,+1.394
4142.434,44,3,+2.211,+1.460
4147.657,44,3,+2.214,+1.550
4151.776,44,3,+2.246,+1.576
4157.371,44,3,+2.180,+1.534
4160.776,44,3,+2.247,+1.539
4164.358,44,3,+2.297,+1.399
4166.503,44,3,+2.304,+1.402
4168.49,44,3,+2.271,+1.383
4173.658,44,3,+2.219,+1.384
4174.303,44,3,+2.201,+1.378
4177.028,44,3,+2.116,+1.361
4178.376,44,3,+2.110,+1.354
4183.358,44,3,+2.240,+1.518
4186.989,44,3,+2.167,+1.681
4190.419,44,3,+2.147,+1.680
4194.082,44,3,+2.163,+1.579
4198.968,44,3,+2.210,+1.608
4201.758,44,3,+2.317,+1.702
4203.959,44,3,+2.394,+1.832
4207.797,44,3,+2.405,+1.809
4211.027,44,3,+2.410,+1.850
4214.806,44,3,+2.413,+1.920
4218.65,44,3,+2.387,+2.036
4221.996,44,3,+2.346,+2.163
4226.972,44,3,+2.351,+1.981
4232.164,44,3,+2.331,+2.172
4236.236,44,3,+2.348,+2.209
4241.973,44,3,+2.080,+1.836
4245.353,44,3,+2.127,+1.704
4248.963,44,3,+2.209,+1.533
4251.158,44,3,+2.183,+1.407
4253.156,44,3,+2.119,+1.316
4258.382,44,3,+2.086,+1.400
4259.03,44,3,+2.082,+1.442
4261.764,44,3,+2.063,+1.615
4263.213,44,3,+2.096,+1.559
4268.087,44,3,+2.151,+1.618
4271.741,44,3,+2.130,+1.720
4275.141,44,3,+2.131,+1.626
4278.712,44,3,+2.113,+1.505
4283.664,44,3,+2.164,+1.538
4286.394,44,3,+2.224,+1.615
4288.57,44,3,+2.275,+1.698
4292.397,44,3,+2.335,+1.731
4295.735,44,3,+2.392,+1.785
4299.477,44,3,+2.407,+1.777
4303.337,44,3,+2.371,+1.736
4306.642,44,3,+2.313,+1.699
4311.599,44,3,+2.335,+1.736
4316.78,44,3,+2.325,+1.872
4320.829,44,3,+2.357,+1.704
4326.475,44,3,+2.365,+1.717
4329.862,44,3,+2.456,+1.757
4333.409,44,3,+2.529,+1.677
4335.552,44,3,+2.478,+1.642
4337.571,44,3,+2.417,+1.630
4342.744,44,3,+2.420,+1.690
4343.4,44,3,+2.413,+1.708
4346.088,44,3,+2.374,+1.804
4347.43,44,3,+2.381,+1.764
4352.343,44,3,+2.460,+1.959
4355.996,44,3,+2.352,+2.230
4359.429,44,3,+2.331,+2.260
4363.017,44,3,+1.974,+1.694
4367.883,44,3,+1.891,+1.466
4370.672,44,3,+1.978,+1.521
4372.87,44,3,+2.045,+1.683
4376.64,44,3,+2.112,+1.682
4379.978,44,3,+2.213,+1.698
4383.734,44,3,+2.158,+1.719
4387.609,44,3,+1.950,+1.754
4390.991,44,3,+1.791,+1.768
4395.911,44,3,+1.821,+1.421
4401.096,44,3,+1.723,+1.410
4405.189,44,3,+1.659,+1.195
4410.818,44,3,+1.628,+1.122
4414.201,44,3,+1.526,+1.095
4417.78,44,3,+1.492,+0.902
4419.972,44,3,+1.468,+0.839
4422.021,44,3,+1.483,+0.810
4427.138,44,3,+1.320,+0.893
4427.788,44,3,+1.258,+0.926
4430.471,44,3,+1.081,+1.014
4431.878,44,3,+1.062,+0.945
4436.748,44,3,+0.492,+0.364
4440.25,44,3,+0.188,+0.112
4443.627,44,3,+0.334,+0.264
4447.664,44,3,+0.334,+0.080
4453.102,44,3,+0.748,+0.207
4456.089,44,3,+1.073,+0.372
4458.398,44,3,+1.372,+0.541
4462.532,44,3,+1.814,+0.737
4465.835,44,3,+1.882,+0.808
4469.59,44,3,+1.847,+0.835
4473.475,44,3,+1.694,+0.802
4476.768,44,3,+1.495,+0.724
4481.695,44,3,+1.534,+0.629
4486.823,44,3,+1.487,+0.725
4490.892,44,3,+1.414,+0.692
4496.549,44,3,+1.459,+0.759
4499.998,44,3,+1.557,+0.795
4503.596,44,3,+1.703,+0.744
4505.813,44,3,+1.665,+0.774
4507.782,44,3,+1.558,+0.708
4513.031,44,3,+1.511,+0.780
4513.637,44,3,+1.500,+0.792
4516.321,44,3,+1.450,+0.807
4517.702,44,3,+1.498,+0.768
4522.631,44,3,+1.583,+0.877
4526.216,44,3,+1.429,+0.936
4529.577,44,3,+1.344,+0.774
4533.405,44,3,+1.417,+0.758
4538.263,44,3,+1.492,+0.809
4540.933,44,3,+1.502,+0.868
4543.123,44,3,+1.498,+0.944
4546.966,44,3,+1.600,+0.928
4550.263,44,3,+1.660,+0.959
4554.021,44,3,+1.662,+0.917
4557.812,44,3,+1.573,+0.806
4561.035,44,3,+1.434,+0.685
4565.97,44,3,+1.544,+0.739
4571.161,44,3,+1.531,+0.812
4575.168,44,3,+1.535,+0.799
4580.885,44,3,+1.585,+0.944
4584.24,44,3,+1.647,+0.942
4587.871,44,3,+1.783,+0.896
4590.041,44,3,+1.790,+0.879
4592.031,44,3,+1.758,+0.835
4597.234,44,3,+1.782,+0.911
4597.947,44,3,+1.778,+0.935
4600.629,44,3,+1.760,+1.065
4601.987,44,3,+1.776,+1.058
4606.888,44,3,+1.841,+1.144
4610.459,44,3,+1.669,+1.281
4613.763,44,3,+1.578,+1.132
4617.419,44,3,+1.600,+0.966
4622.353,44,3,+1.621,+0.985
4625.019,44,3,+1.690,+1.047
4627.237,44,3,+1.837,+1.151
4631.061,44,3,+2.018,+1.172
4634.298,44,3,+2.090,+1.212
4638.043,44,3,+2.055,+1.175
4641.851,44,3,+1.868,+1.023
4645.088,44,3,+1.639,+0.889
4650.066,44,3,+1.767,+0.998
4655.245,44,3,+1.786,+1.101
4659.3,44,3,+1.833,+1.120
4664.981,44,3,+1.858,+1.117
4668.404,44,3,+1.976,+1.108
4672.002,44,3,+2.117,+1.089
4674.172,44,3,+2.141,+1.048
4676.132,44,3,+2.105,+0.962
4681.322,44,3,+2.065,+1.023
4682.164,44,3,+2.053,+1.041
4684.808,44,3,+2.113,+1.230
4686.875,44,3,+2.731,+1.694
4696.456,44,3,+4.091,+2.544
4701.725,44,3,+3.714,+2.426
4705.415,44,3,+3.147,+1.960
4709.225,44,3,+2.638,+1.417
4716.137,44,3,+2.541,+1.444
4719.785,44,3,+2.690,+1.452
4722.441,44,3,+2.851,+1.709
4726.783,44,3,+2.811,+1.131
4731.154,44,3,+3.794,+1.668
4737.661,44,3,+3.028,+1.455
4743.15,44,3,+1.597,+0.866
4750.503,44,3,+2.744,+0.986
4757.992,44,3,+2.186,+0.854
4763.46,44,3,+1.998,+0.833
4767.744,44,3,+1.857,+0.727
4773.935,44,3,+1.780,+1.058
4777.972,44,3,+1.985,+1.138
4782.607,44,3,+1.953,+1.158
4786.009,44,3,+2.717,+1.918
4788.553,44,3,+2.673,+1.918
4795.559,44,3,+2.634,+1.918
4796.941,44,2,+2.634,+1.918
4796.942,44,2,+3.003,+3.003
4796.942,44,2,+2.634,+3.003
4796.943,44,2,+3.003,+3.003
4801.136,44,2,+3.276,+3.276
4802.893,44,2,+3.110,+3.110
4808.885,44,2,+2.895,+2.895
4814.104,44,2,+2.355,+2.355
4818.604,44,2,+1.813,+1.813
4822.688,44,2,+1.671,+1.671
4829.821,44,2,+3.042,+3.042
4834.598,44,2,+3.039,+3.039
4837.637,44,2,+3.047,+3.047
4842.261,44,2,+1.328,+1.328
4846.707,44,2,+2.264,+2.264
4852.521,44,2,+3.991,+3.991
4858.177,44,2,+2.370,+2.370
4865.178,44,2,+3.491,+3.491
4871.664,44,2,+1.929,+1.929
4877.273,44,2,+1.865,+1.865
4881.705,44,2,+1.898,+1.898
4888.768,44,2,+2.559,+2.559
4892.87,44,2,+2.910,+2.910
4897.277,44,2,+2.242,+2.242
4901.412,44,2,+2.921,+2.921
4903.89,44,2,+3.002,+3.002
4911.698,44,2,+3.774,+3.774
4913.235,44,2,+4.140,+4.140
4917.389,44,2,+4.132,+4.132
4919.07,44,2,+3.883,+3.883
4924.523,44,2,+3.494,+3.494
4929.279,44,2,+3.000,+3.000
4933.221,44,2,+2.410,+2.410
4936.932,44,2,+1.860,+1.860
4941.839,44,2,+1.783,+1.783
4944.578,44,2,+1.815,+1.815
4946.751,44,2,+1.952,+1.952
4950.478,44,2,+1.987,+1.987
4953.732,44,2,+1.982,+1.982
4957.5,44,2,+1.946,+1.946
4961.333,44,2,+1.829,+1.829
4964.728,44,2,+1.707,+1.707
4969.563,44,2,+1.710,+1.710
4974.74,44,2,+1.734,+1.734
4978.901,44,2,+1.821,+1.821
4984.481,44,2,+1.798,+1.798
4987.854,44,2,+1.910,+1.910
4991.464,44,2,+1.945,+1.945
4993.684,44,2,+1.995,+1.995
4995.677,44,2,+1.978,+1.978
5000.904,44,2,+1.982,+1.982
5001.574,44,2,+1.978,+1.978
5004.358,44,2,+1.941,+1.941
5005.681,44,2,+1.970,+1.970
5010.53,44,2,+2.042,+2.042
5014.168,44,2,+2.095,+2.095
5017.513,44,2,+1.985,+1.985
5021.065,44,2,+1.953,+1.953
5025.95,44,2,+1.989,+1.989
5028.612,44,2,+2.000,+2.000
5034.485,44,2,+1.949,+1.949
5037.7,44,2,+1.972,+1.972
5041.407,44,2,+1.970,+1.970
5045.257,44,2,+1.918,+1.918
5048.598,44,2,+1.859,+1.859
5053.443,44,2,+1.853,+1.853
5058.645,44,2,+1.810,+1.810
5062.787,44,2,+1.928,+1.928
5068.367,44,2,+1.916,+1.916
5071.73,44,2,+2.044,+2.044
5075.297,44,2,+2.085,+2.085
5077.439,44,2,+2.041,+2.041
5079.397,44,2,+2.024,+2.024
5084.622,44,2,+1.928,+1.928
5085.296,44,2,+1.916,+1.916
5088.006,44,2,+1.864,+1.864
5089.292,44,2,+1.837,+1.837
5094.101,44,2,+1.841,+1.841
5097.679,44,2,+1.808,+1.808
5100.904,44,2,+1.753,+1.753
5104.49,44,2,+1.727,+1.727
5109.431,44,2,+1.784,+1.784
5112.064,44,2,+1.822,+1.822
5114.236,44,2,+1.832,+1.832
5117.918,44,2,+1.796,+1.796
5121.186,44,2,+1.802,+1.802
5124.906,44,2,+1.811,+1.811
5128.747,44,2,+1.780,+1.780
5132.096,44,2,+1.738,+1.738
5136.88,44,2,+1.674,+1.674
5142.104,44,2,+1.573,+1.573
5145.945,44,2,+1.540,+1.540
5151.602,44,2,+1.538,+1.538
5154.99,44,2,+1.635,+1.635
5158.578,44,2,+1.693,+1.693
5160.755,44,2,+1.741,+1.741
5162.823,44,2,+1.771,+1.771
5168.015,44,2,+1.816,+1.816
5168.671,44,2,+1.817,+1.817
5172.718,44,2,+1.873,+1.873
5177.618,44,2,+1.646,+1.646
5181.263,44,2,+1.565,+1.565
5184.63,44,2,+1.558,+1.558
5188.259,44,2,+1.462,+1.462
5193.231,44,2,+1.472,+1.472
5195.901,44,2,+1.535,+1.535
5198.081,44,2,+1.659,+1.659
5202.044,44,2,+1.779,+1.779
5205.139,44,2,+1.785,+1.785
5208.846,44,2,+1.751,+1.751
5212.684,44,2,+1.633,+1.633
5216.019,44,2,+1.503,+1.503
5220.873,44,2,+1.545,+1.545
5226.011,44,2,+1.521,+1.521
5230.043,44,2,+1.441,+1.441
5235.657,44,2,+1.424,+1.424
5239.008,44,2,+1.486,+1.486
5242.676,44,2,+1.558,+1.558
5244.829,44,2,+1.604,+1.604
5246.852,44,2,+1.572,+1.572
5252.084,44,2,+1.521,+1.521
5252.723,44,2,+1.506,+1.506
5255.444,44,2,+1.435,+1.435
5256.769,44,2,+1.384,+1.384
5261.622,44,2,+1.393,+1.393
5265.228,44,2,+1.415,+1.415
5268.575,44,2,+1.437,+1.437
5272.173,44,2,+1.457,+1.457
5277.087,44,2,+1.492,+1.492
5279.84,44,2,+1.588,+1.588
5282.037,44,2,+1.746,+1.746
5285.735,44,2,+1.811,+1.811
5288.973,44,2,+1.774,+1.774
5292.702,44,2,+1.742,+1.742
5296.559,44,2,+1.651,+1.651
5299.891,44,2,+1.559,+1.559
5304.749,44,2,+1.640,+1.640
5309.884,44,2,+1.639,+1.639
5313.902,44,2,+1.610,+1.610
5319.583,44,2,+1.645,+1.645
5322.989,44,2,+1.739,+1.739
5326.689,44,2,+1.619,+1.619
5328.905,44,2,+1.546,+1.546
5330.956,44,2,+1.513,+1.513
5342.828,44,2,+3.659,+3.659
5344.291,44,2,+3.501,+3.501
5348.809,44,2,+4.029,+4.029
5350.619,44,2,+3.923,+3.923
5356.218,44,2,+2.259,+2.259
5360.587,44,2,+2.042,+2.042
5364.607,44,2,+2.180,+2.180
5368.442,44,2,+1.544,+1.544
5374.865,44,2,+1.360,+1.360
5378.402,44,2,+1.819,+1.819
5380.991,44,2,+2.183,+2.183
5385.382,44,2,+1.781,+1.781
5389.747,44,2,+2.265,+2.265
5395.214,44,2,+2.636,+2.636
5400.674,44,2,+2.265,+2.265
5405.494,44,2,+2.104,+2.104
5412.135,44,2,+2.197,+2.197
5419.207,44,2,+2.272,+2.272
5425.231,44,2,+1.899,+1.899
5431.909,44,2,+1.515,+1.515
5436.374,44,2,+1.666,+1.666
5441.358,44,2,+1.562,+1.562
5444.823,44,2,+1.966,+1.966
5448.436,44,2,+1.998,+1.998
5456.533,44,2,+2.935,+2.935
5457.472,44,2,+2.948,+2.948
5460.69,44,2,+2.716,+2.716
5462.361,44,2,+2.615,+2.615
5467.595,44,2,+2.002,+2.002
5471.872,44,2,+1.863,+1.863
5477.766,44,2,+1.894,+1.894
5482.173,44,2,+1.772,+1.772
5488.432,44,2,+2.301,+2.301
5491.729,44,2,+2.062,+2.062
5494.18,44,2,+1.803,+1.803
5498.031,44,2,+1.250,+1.250
5501.385,44,2,+1.279,+1.279
5505.133,44,2,+1.286,+1.286
5512.26,44,2,+1.223,+1.223
5517.212,44,2,+1.181,+1.181
5522.381,44,2,+1.152,+1.152
5526.455,44,2,+1.180,+1.180
5532.13,44,2,+1.177,+1.177
5535.502,44,2,+1.303,+1.303
5539.099,44,2,+1.396,+1.396
5541.289,44,2,+1.445,+1.445
5543.251,44,2,+1.409,+1.409
5548.418,44,2,+1.406,+1.406
5549.055,44,2,+1.402,+1.402
5551.761,44,2,+1.392,+1.392
5553.058,44,2,+1.403,+1.403
5557.824,44,2,+1.396,+1.396
5561.405,44,2,+1.392,+1.392
5564.808,44,2,+1.449,+1.449
5568.39,44,2,+1.451,+1.451
5573.24,44,2,+1.416,+1.416
5575.967,44,2,+1.449,+1.449
5578.112,44,2,+1.472,+1.472
5581.864,44,2,+1.442,+1.442
5585.101,44,2,+1.477,+1.477
5588.837,44,2,+1.486,+1.486
5592.647,44,2,+1.453,+1.453
5596.001,44,2,+1.407,+1.407
5600.855,44,2,+1.505,+1.505
5605.999,44,2,+1.493,+1.493
5610.04,44,2,+1.508,+1.508
5615.731,44,2,+1.484,+1.484
5619.125,44,2,+1.615,+1.615
5622.714,44,2,+1.676,+1.676
5624.843,44,2,+1.685,+1.685
5626.825,44,2,+1.673,+1.673
5632.032,44,2,+1.694,+1.694
5632.669,44,2,+1.697,+1.697
5635.39,44,2,+1.714,+1.714
5636.676,44,2,+1.718,+1.718
5641.512,44,2,+1.695,+1.695
5645.074,44,2,+1.674,+1.674
5648.355,44,2,+1.682,+1.682
5651.925,44,2,+1.635,+1.635
5656.781,44,2,+1.622,+1.622
5659.46,44,2,+1.628,+1.628
5661.616,44,2,+1.622,+1.622
5665.341,44,2,+1.638,+1.638
5668.599,44,2,+1.702,+1.702
5672.356,44,2,+1.722,+1.722
5676.173,44,2,+1.705,+1.705
5679.477,44,2,+1.679,+1.679
5684.242,44,2,+1.772,+1.772
5689.42,44,2,+1.751,+1.751
5693.467,44,2,+1.805,+1.805
5699.19,44,2,+1.788,+1.788
5702.605,44,2,+1.824,+1.824
5706.171,44,2,+1.871,+1.871
5708.335,44,2,+1.870,+1.870
5710.356,44,2,+1.828,+1.828
5715.538,44,2,+1.795,+1.795
5716.191,44,2,+1.790,+1.790
5718.877,44,2,+1.758,+1.758
5720.194,44,2,+1.747,+1.747
5724.982,44,2,+1.658,+1.658
5728.538,44,2,+1.640,+1.640
5731.868,44,2,+1.667,+1.667
5735.45,44,2,+1.636,+1.636
5740.367,44,2,+1.661,+1.661
5743.007,44,2,+1.654,+1.654
5745.169,44,2,+1.622,+1.622
5748.845,44,2,+1.558,+1.558
5752.134,44,2,+1.588,+1.588
5755.853,44,2,+1.612,+1.612
5759.665,44,2,+1.655,+1.655
5763.004,44,2,+1.704,+1.704
5767.725,44,2,+1.743,+1.743
5772.867,44,2,+1.666,+1.666
5776.916,44,2,+1.624,+1.624
5782.588,44,2,+1.616,+1.616
5785.904,44,2,+1.654,+1.654
5789.523,44,2,+1.730,+1.730
5791.725,44,2,+1.756,+1.756
5793.694,44,2,+1.718,+1.718
5798.919,44,2,+1.704,+1.704
5799.568,44,2,+1.696,+1.696
5802.248,44,2,+1.664,+1.664
5803.516,44,2,+1.608,+1.608
5808.7,44,2,+1.971,+1.971
5812.436,44,2,+2.087,+2.087
5815.801,44,2,+2.118,+2.118
5819.451,44,2,+2.125,+2.125
5824.416,44,2,+2.177,+2.177
5827.081,44,2,+2.146,+2.146
5829.225,44,2,+2.103,+2.103
5833.026,44,2,+2.156,+2.156
5836.298,44,2,+2.190,+2.190
5840.019,44,2,+2.204,+2.204
5843.843,44,2,+2.186,+2.186
5847.173,44,2,+2.161,+2.161
5852.062,44,2,+2.173,+2.173
5857.186,44,2,+2.113,+2.113
5861.195,44,2,+2.184,+2.184
5870.182,44,2,+2.232,+2.232
5873.803,44,2,+2.340,+2.340
5875.985,44,2,+2.366,+2.366
5878.032,44,2,+2.359,+2.359
5883.238,44,2,+2.365,+2.365
5886.575,44,2,+2.364,+2.364
5887.899,44,2,+2.359,+2.359
5892.733,44,2,+2.276,+2.276
5896.32,44,2,+2.202,+2.202
5899.653,44,2,+2.197,+2.197
5903.285,44,2,+2.188,+2.188
5908.159,44,2,+2.174,+2.174
5910.882,44,2,+2.156,+2.156
5912.979,44,2,+2.136,+2.136
5916.725,44,2,+2.163,+2.163
5920.004,44,2,+2.211,+2.211
5923.723,44,2,+2.225,+2.225
5927.55,44,2,+2.208,+2.208
5930.894,44,2,+2.179,+2.179
5935.649,44,2,+2.172,+2.172
5940.799,44,2,+2.146,+2.146
5944.851,44,2,+2.271,+2.271
5950.565,44,2,+2.181,+2.181
5953.906,44,2,+2.210,+2.210
5957.478,44,2,+2.246,+2.246
5959.683,44,2,+2.296,+2.296
5967.572,44,1,LAP 25,LAP 25
5967.574,44,1,LAP 26,LAP 26
6051.659,44,1,LAP 27,LAP 27
6135.423,44,1,LAP 28,LAP 28
6187.522,44,2,LAP 28,LAP 28
6187.894,44,2,+0.311,+0.311
6193.126,44,2,+0.305,+0.305
6197.323,44,2,+0.387,+0.387
6203.205,44,2,+0.598,+0.598
6206.709,44,2,+0.761,+0.761
6210.377,44,2,+0.698,+0.698
6212.575,44,2,+0.645,+0.645
6227.101,44,3,+0.645,+0.645
6234.884,44,4,+0.645,+0.645
6241.434,44,4,+19.164,+3.855
6243.221,44,4,+19.607,+4.287
6249.406,44,4,+21.086,+5.734
6253.107,44,4,+21.266,+5.921
6256.53,44,4,+21.369,+6.079
6260.264,44,4,+21.406,+6.212
6265.104,44,4,+21.389,+6.242
6267.808,44,4,+21.354,+6.218
6269.793,44,4,+21.328,+6.121
6273.394,44,4,+21.277,+6.073
6276.671,44,4,+21.311,+6.135
6280.471,44,4,+21.259,+6.175
6284.312,44,4,+21.194,+6.207
6287.699,44,4,+21.185,+6.242
6292.642,44,4,+21.367,+6.381
6297.761,44,4,+21.446,+6.347
6301.82,44,4,+21.616,+6.378
6307.358,44,4,+21.433,+6.241
6310.69,44,4,+21.383,+6.296
6314.256,44,4,+21.235,+6.338
6316.333,44,4,+21.107,+6.301
6318.318,44,4,+20.994,+6.256
6323.477,44,4,+20.919,+6.238
6324.122,44,4,+20.920,+6.250
6326.9,44,4,+20.931,+6.313
6328.225,44,4,+20.861,+6.332
6332.974,44,4,+20.837,+6.335
6336.558,44,4,+20.912,+6.365
6339.936,44,4,+21.010,+6.461
6343.459,44,4,+20.859,+6.419
6348.225,44,4,+20.809,+6.361
6351.017,44,4,+20.957,+6.448
6353.2,44,4,+21.122,+6.513
6356.932,44,4,+21.146,+6.495
6360.131,44,4,+21.170,+6.517
6363.885,44,4,+21.192,+6.554
6367.799,44,4,+21.215,+6.608
6371.209,44,4,+21.265,+6.663
6376.048,44,4,+21.426,+6.805
6381.264,44,4,+21.522,+6.814
6385.233,44,4,+21.708,+6.915
6390.77,44,4,+21.561,+6.746
6394.116,44,4,+21.553,+6.775
6397.67,44,4,+21.386,+6.782
6399.856,44,4,+21.327,+6.736
6401.778,44,4,+21.201,+6.677
6406.927,44,4,+21.124,+6.680
6407.6,44,4,+21.122,+6.698
6410.394,44,4,+21.132,+6.793
6411.678,44,4,+21.120,+6.840
6416.471,44,4,+21.113,+6.836
6420.038,44,4,+21.169,+6.838
6423.329,44,4,+21.203,+6.795
6426.843,44,4,+21.052,+6.728
6431.634,44,4,+21.006,+6.664
6434.372,44,4,+21.116,+6.766
6436.655,44,4,+21.282,+6.875
6440.39,44,4,+21.395,+6.975
6443.599,44,4,+21.419,+6.989
6447.305,44,4,+21.423,+7.006
6451.135,44,4,+21.426,+7.010
6454.508,44,4,+21.463,+7.006
6459.284,44,4,+21.462,+7.059
6464.417,44,4,+21.539,+7.028
6468.401,44,4,+21.580,+6.990
6474.0,44,4,+21.546,+6.974
6477.27,44,4,+21.467,+7.009
6480.843,44,4,+21.331,+7.038
6482.993,44,4,+21.249,+7.015
6485.012,44,4,+21.165,+6.970
6490.088,44,4,+21.108,+6.895
6490.747,44,4,+21.104,+6.893
6493.402,44,4,+21.089,+6.891
6494.699,44,4,+21.037,+6.884
6499.432,44,4,+21.004,+6.788
6503.023,44,4,+21.067,+6.796
6506.39,44,4,+21.081,+6.886
6509.894,44,4,+20.913,+6.869
6514.684,44,4,+20.878,+6.804
6517.464,44,4,+21.028,+6.916
6519.703,44,4,+21.209,+6.990
6523.471,44,4,+21.261,+7.032
6526.695,44,4,+21.256,+7.018
6530.383,44,4,+21.265,+7.030
6534.235,44,4,+21.275,+7.035
6537.623,44,4,+21.346,+7.046
6542.434,44,4,+20.973,+7.064
6547.519,44,4,+21.038,+7.071
6551.49,44,4,+21.116,+7.179
6557.039,44,4,+21.003,+7.006
6560.368,44,4,+20.947,+7.073
6563.919,44,4,+20.830,+7.119
6566.107,44,4,+20.832,+7.169
6568.135,44,4,+20.826,+7.156
6573.254,44,4,+20.765,+7.124
6573.922,44,4,+20.749,+7.131
6576.58,44,4,+20.675,+7.166
6577.901,44,4,+20.668,+7.167
6582.697,44,4,+20.749,+7.173
6586.308,44,4,+20.819,+7.187
6589.623,44,4,+20.843,+7.206
6593.188,44,4,+20.602,+7.169
6598.091,44,4,+20.625,+7.170
6600.825,44,4,+20.735,+7.209
6602.978,44,4,+20.886,+7.242
6606.726,44,4,+21.004,+7.265
6609.958,44,4,+21.044,+7.284
6613.672,44,4,+21.040,+7.302
6617.496,44,4,+20.997,+7.309
6620.975,44,4,+21.065,+7.416
6625.741,44,4,+21.044,+7.448
6630.95,44,4,+21.102,+7.480
6634.967,44,4,+21.121,+7.531
6640.494,44,4,+20.971,+7.498
6643.786,44,4,+20.955,+7.465
6647.414,44,4,+20.658,+7.564
6649.624,44,4,+20.539,+7.574
6651.658,44,4,+20.514,+7.553
6656.985,44,4,+20.657,+7.680
6657.891,44,4,+20.686,+7.732
6660.566,44,4,+20.801,+7.951
6662.156,44,4,+20.810,+7.969
6666.732,44,4,+20.821,+7.910
6670.311,44,4,+20.899,+7.959
6673.632,44,4,+20.955,+8.039
6678.005,44,4,+21.579,+8.744
6686.442,44,4,+25.185,+12.295
6690.505,44,4,+26.584,+13.499
6693.304,44,4,+27.314,+11.715
6698.078,44,4,+28.348,+10.015
6702.501,44,4,+29.585,+10.692
6707.746,44,4,+31.066,+10.305
6713.174,44,4,+28.281,+8.039
6717.575,44,4,+26.662,+6.975
6723.538,44,4,+25.280,+7.361
6729.705,44,4,+26.114,+8.239
6733.589,44,4,+25.792,+7.930
6739.258,44,4,+23.730,+7.852
6742.572,44,4,+23.029,+7.841
6746.119,44,4,+22.482,+7.834
6748.249,44,4,+21.619,+7.826
6750.273,44,4,+21.423,+7.755
6755.364,44,4,+21.426,+7.577
6756.006,44,4,+21.409,+7.531
6758.604,44,4,+21.307,+7.286
6759.865,44,4,+21.230,+7.186
6764.658,44,4,+21.238,+7.066
6768.256,44,4,+21.309,+7.113
6771.689,44,4,+21.354,+7.333
6775.293,44,4,+21.290,+7.321
6780.168,44,4,+21.309,+7.285
6782.897,44,4,+21.388,+7.279
6785.044,44,4,+21.462,+7.276
6788.814,44,4,+21.519,+7.281
6792.037,44,4,+21.532,+7.269
6795.718,44,4,+21.508,+7.247
6799.514,44,4,+21.428,+7.200
6802.806,44,4,+21.352,+7.155
6807.632,44,4,+21.520,+7.194
6812.775,44,4,+21.598,+7.163
6816.668,44,4,+21.586,+7.118
6822.384,44,4,+21.706,+7.153
6825.782,44,4,+21.800,+7.242
6829.368,44,4,+21.658,+7.330
6831.545,44,4,+21.680,+7.348
6833.538,44,4,+21.705,+7.326
6838.672,44,4,+21.723,+7.302
6839.317,44,4,+21.709,+7.306
6842.017,44,4,+21.627,+7.304
6843.278,44,4,+21.632,+7.296
6848.124,44,4,+21.765,+7.222
6851.714,44,4,+21.831,+7.219
6854.991,44,4,+21.863,+7.230
6858.603,44,4,+21.812,+7.207
6863.483,44,4,+21.846,+7.211
6866.251,44,4,+21.939,+7.222
6868.383,44,4,+22.032,+7.241
6872.155,44,4,+22.068,+7.203
6875.378,44,4,+22.105,+7.189
6879.053,44,4,+22.103,+7.166
6882.849,44,4,+22.058,+7.065
6886.185,44,4,+22.008,+7.057
6890.996,44,4,+22.145,+6.845
6896.16,44,4,+22.277,+6.670
6900.123,44,4,+22.315,+6.427
6905.742,44,4,+22.379,+6.331
6909.065,44,4,+22.502,+6.272
6912.667,44,4,+22.436,+6.291
6914.831,44,4,+22.422,+6.300
6916.838,44,4,+22.373,+6.252
6922.008,44,4,+22.344,+6.275
6922.629,44,4,+22.318,+6.268
6925.313,44,4,+22.194,+6.235
6926.584,44,4,+22.172,+6.182
6931.456,44,4,+22.304,+6.190
6935.029,44,4,+22.353,+6.178
6938.344,44,4,+22.377,+6.200
6941.922,44,4,+22.276,+6.130
6946.805,44,4,+22.325,+6.141
6949.474,44,4,+22.395,+6.161
6951.648,44,4,+22.465,+6.190
6955.377,44,4,+22.482,+6.141
6958.623,44,4,+22.530,+6.148
6962.326,44,4,+22.531,+6.132
6966.07,44,4,+22.462,+6.068
6969.357,44,4,+22.390,+6.004
6974.307,44,4,+22.624,+6.123
6979.467,44,4,+22.717,+6.111
6983.345,44,4,+22.688,+6.040
6988.91,44,4,+22.735,+6.028
6992.246,44,4,+22.774,+6.074
6995.804,44,4,+22.579,+6.124
6997.937,44,4,+22.553,+6.119
6999.982,44,4,+22.561,+6.125
7005.119,44,4,+22.576,+6.119
7005.736,44,4,+22.565,+6.118
7008.414,44,4,+22.501,+6.113
7009.69,44,4,+22.452,+6.096
7014.444,44,4,+22.423,+6.062
7017.956,44,4,+22.432,+6.054
7021.213,44,4,+22.414,+6.077
7024.785,44,4,+22.269,+6.085
7029.648,44,4,+22.308,+6.122
7032.323,44,4,+22.342,+6.133
7034.466,44,4,+22.405,+6.169
7038.193,44,4,+22.408,+6.238
7041.406,44,4,+22.416,+6.241
7045.099,44,4,+22.409,+6.242
7048.914,44,4,+22.381,+6.235
7052.291,44,4,+22.376,+6.246
7057.066,44,4,+22.522,+6.264
7062.154,44,4,+22.580,+6.181
7065.968,44,4,+22.478,+6.058
7071.559,44,4,+22.498,+6.042
7074.926,44,4,+22.579,+6.153
7078.507,44,4,+22.416,+6.249
7080.656,44,4,+22.378,+6.264
7082.666,44,4,+22.357,+6.271
7087.774,44,4,+22.396,+6.231
7088.45,44,4,+22.390,+6.227
7091.088,44,4,+22.359,+6.206
7092.365,44,4,+22.328,+6.164
7097.131,44,4,+22.352,+6.096
7100.659,44,4,+22.400,+6.105
7103.9,44,4,+22.344,+6.085
7107.41,44,4,+22.167,+6.011
7112.251,44,4,+22.142,+6.026
7114.868,44,4,+22.164,+6.006
7116.99,44,4,+22.199,+6.000
7120.679,44,4,+22.163,+5.978
7123.873,44,4,+22.190,+5.980
7127.577,44,4,+22.210,+5.996
7131.398,44,4,+22.211,+6.021
7134.755,44,4,+22.222,+6.072
7139.51,44,4,+22.322,+6.092
7144.637,44,4,+22.388,+6.144
7148.545,44,4,+22.429,+6.177
7154.129,44,4,+22.430,+6.108
7157.421,44,4,+22.459,+6.023
7160.961,44,4,+22.231,+6.022
7163.155,44,4,+22.213,+6.059
7165.165,44,4,+22.153,+6.051
7170.324,44,4,+22.189,+6.035
7171.011,44,4,+22.188,+6.035
7173.646,44,4,+22.169,+6.036
7174.993,44,4,+22.141,+6.036
7179.686,44,4,+22.162,+5.970
7183.237,44,4,+22.206,+5.953
7186.504,44,4,+22.150,+5.952
7190.052,44,4,+21.965,+5.904
7194.949,44,4,+22.035,+5.955
7197.634,44,4,+22.067,+5.938
7199.712,44,4,+22.099,+5.925
7203.393,44,4,+22.109,+5.911
7206.63,44,4,+22.117,+5.922
7210.29,44,4,+22.124,+5.917
7214.122,44,4,+22.124,+5.893
7217.451,44,4,+22.126,+5.870
7222.24,44,4,+22.227,+5.889
7227.262,44,4,+22.216,+5.858
7231.086,44,4,+22.166,+5.661
7236.705,44,4,+22.133,+5.592
7239.963,44,4,+22.087,+5.640
7243.526,44,4,+21.863,+5.668
7245.7,44,4,+21.883,+5.716
7247.747,44,4,+21.837,+5.702
7252.871,44,4,+21.832,+5.665
7253.538,44,4,+21.823,+5.655
7256.15,44,4,+21.773,+5.613
7257.439,44,4,+21.756,+5.609
7262.317,44,4,+21.825,+5.693
7265.832,44,4,+21.872,+5.705
7269.054,44,4,+21.802,+5.681
7272.58,44,4,+21.585,+5.607
7277.441,44,4,+21.617,+5.634
7280.12,44,4,+21.658,+5.623
7282.244,44,4,+21.703,+5.617
7285.941,44,4,+21.714,+5.627
7289.112,44,4,+21.719,+5.633
7292.795,44,4,+21.732,+5.624
7296.589,44,4,+21.703,+5.552
7299.855,44,4,+21.666,+5.464
7304.619,44,4,+21.701,+5.487
7309.657,44,4,+21.736,+5.377
7313.534,44,4,+21.696,+5.270
7319.29,44,4,+21.694,+5.326
7322.643,44,4,+21.676,+5.378
7326.197,44,4,+21.460,+5.400
7328.335,44,4,+21.432,+5.408
7330.355,44,4,+21.367,+5.390
7335.517,44,4,+21.395,+5.324
7336.164,44,4,+21.398,+5.308
7338.85,44,4,+21.413,+5.239
7340.169,44,4,+21.412,+5.252
7344.951,44,4,+21.387,+5.280
7348.473,44,4,+21.425,+5.272
7351.716,44,4,+21.295,+5.262
7355.268,44,4,+21.059,+5.212
7360.178,44,4,+21.089,+5.261
7362.818,44,4,+21.133,+5.251
7364.944,44,4,+21.172,+5.246
7368.623,44,4,+21.156,+5.261
7371.811,44,4,+21.164,+5.278
7375.548,44,4,+21.181,+5.279
7379.351,44,4,+21.192,+5.265
7382.693,44,4,+21.211,+5.242
7387.438,44,4,+21.267,+5.242
7392.474,44,4,+21.298,+5.151
7396.364,44,4,+21.236,+5.085
7402.116,44,4,+21.269,+5.070
7405.304,44,4,+21.247,+5.079
7408.842,44,4,+21.089,+5.055
7410.991,44,4,+21.065,+5.123
7412.995,44,4,+20.961,+5.106
7418.148,44,4,+20.985,+5.097
7418.798,44,4,+20.980,+5.098
7421.472,44,4,+20.954,+5.109
7422.833,44,4,+20.926,+5.101
7427.528,44,4,+20.942,+5.058
7431.008,44,4,+20.982,+5.029
7434.206,44,4,+20.900,+4.972
7437.769,44,4,+20.740,+4.951
7442.702,44,4,+20.751,+4.948
7445.321,44,4,+20.794,+4.942
7447.442,44,4,+20.849,+4.946
7451.111,44,4,+20.835,+4.969
7454.307,44,4,+20.866,+4.985
7458.026,44,4,+20.887,+4.993
7461.814,44,4,+20.902,+4.975
7465.185,44,4,+20.937,+4.964
7469.955,44,4,+21.040,+4.978
7475.022,44,4,+21.108,+4.968
7478.887,44,4,+21.007,+4.897
7484.534,44,4,+20.925,+4.846
7487.786,44,4,+20.894,+4.841
7491.37,44,4,+20.765,+4.850
7493.514,44,4,+20.732,+4.903
7495.522,44,4,+20.612,+4.915
7500.733,44,4,+20.645,+4.908
7501.363,44,4,+20.646,+4.907
7505.321,44,4,+20.626,+4.927
7510.082,44,4,+20.643,+4.788
7513.611,44,4,+20.683,+4.716
7516.835,44,4,+20.588,+4.697
7520.456,44,4,+20.458,+4.673
7525.325,44,4,+20.490,+4.691
7528.023,44,4,+20.519,+4.676
7530.152,44,4,+20.551,+4.665
7533.814,44,4,+20.559,+4.668
7537.001,44,4,+20.582,+4.693
7540.695,44,4,+20.599,+4.700
7544.494,44,4,+20.612,+4.698
7547.881,44,4,+20.650,+4.710
7552.68,44,4,+20.749,+4.793
7557.777,44,4,+20.784,+4.796
7561.613,44,4,+20.745,+4.750
7567.374,44,4,+20.868,+4.726
7570.677,44,4,+20.875,+4.714
7574.228,44,4,+20.711,+4.696
7576.41,44,4,+20.647,+4.671
7578.382,44,4,+20.587,+4.622
7583.547,44,4,+20.632,+4.648
7584.258,44,4,+20.627,+4.650
7586.843,44,4,+20.602,+4.641
7588.125,44,4,+20.550,+4.583
7592.84,44,4,+20.463,+4.479
7596.357,44,4,+20.481,+4.424
7599.53,44,4,+20.337,+4.278
7603.081,44,4,+20.119,+4.197
7607.959,44,4,+20.103,+4.153
7610.665,44,4,+20.136,+4.153
7612.715,44,4,+20.174,+4.144
7616.408,44,4,+20.157,+4.082
7619.584,44,4,+20.170,+4.088
7623.273,44,4,+20.179,+4.096
7627.044,44,4,+20.204,+4.082
7630.36,44,4,+20.233,+4.066
7635.182,44,4,+20.214,+4.064
7640.174,44,4,+20.252,+3.989
7644.145,44,4,+20.179,+3.936
7649.833,44,4,+20.220,+4.012
7653.103,44,4,+20.207,+3.999
7656.711,44,4,+19.753,+3.987
7658.872,44,4,+19.675,+4.036
7660.916,44,4,+19.588,+4.039
7666.086,44,4,+19.668,+4.021
7666.801,44,4,+19.679,+4.019
7669.404,44,4,+19.720,+4.002
7670.774,44,4,+19.693,+3.973
7675.497,44,4,+19.671,+3.978
7679.003,44,4,+19.697,+3.981
7682.266,44,4,+19.559,+3.954
7685.809,44,4,+19.370,+3.884
7690.718,44,4,+19.378,+3.919
7693.369,44,4,+19.363,+3.893
7695.545,44,4,+19.450,+3.905
7699.286,44,4,+19.262,+4.013
7702.515,44,4,+19.183,+4.038
7706.175,44,4,+19.181,+4.041
7710.027,44,4,+19.198,+4.029
7713.319,44,4,+19.198,+4.012
7718.147,44,4,+19.139,+3.989
7723.272,44,4,+19.151,+3.929
7727.063,44,4,+19.123,+3.891
7732.8,44,4,+19.126,+3.883
7736.105,44,4,+19.133,+3.966
7739.664,44,4,+18.938,+4.036
7741.908,44,4,+18.935,+4.090
7743.877,44,4,+18.880,+4.085
7749.047,44,4,+18.888,+4.073
7749.67,44,4,+18.873,+4.070
7752.349,44,4,+18.805,+4.054
7753.603,44,4,+18.782,+4.049
7758.43,44,4,+18.826,+4.101
7762.011,44,4,+18.853,+4.098
7765.178,44,4,+18.713,+4.067
7768.752,44,4,+18.533,+4.029
7773.654,44,4,+18.595,+4.098
7776.282,44,4,+18.638,+4.089
7778.433,44,4,+18.675,+4.074
7782.129,44,4,+18.685,+4.061
7785.332,44,4,+18.747,+4.094
7789.01,44,4,+18.772,+4.102
7792.847,44,4,+18.776,+4.084
7796.201,44,4,+18.774,+4.064
7800.984,44,4,+18.861,+4.089
7806.098,44,4,+18.942,+4.086
7809.924,44,4,+18.827,+3.995
7815.501,44,4,+18.772,+3.885
7818.769,44,4,+18.745,+3.888
7822.411,44,4,+18.585,+3.863
7824.508,44,4,+18.633,+3.893
7826.549,44,4,+18.555,+3.852
7831.704,44,4,+18.533,+3.800
7832.345,44,4,+18.517,+3.795
7835.002,44,4,+18.439,+3.780
7836.365,44,4,+18.403,+3.758
7841.11,44,4,+18.498,+3.737
7844.65,44,4,+18.537,+3.735
7847.925,44,4,+18.513,+3.760
7851.506,44,4,+18.362,+3.680
7856.397,44,4,+18.425,+3.713
7859.099,44,4,+18.468,+3.698
7861.171,44,4,+18.512,+3.688
7864.884,44,4,+18.529,+3.687
7868.094,44,4,+18.557,+3.695
7871.783,44,4,+18.585,+3.706
7875.596,44,4,+18.584,+3.687
7878.919,44,4,+18.586,+3.676
7883.622,44,4,+18.553,+3.684
7888.7,44,4,+18.560,+3.663
7892.561,44,4,+18.474,+3.540
7898.222,44,4,+18.536,+3.585
7901.505,44,4,+18.508,+3.637
7905.078,44,4,+18.268,+3.624
7907.281,44,4,+18.253,+3.662
7909.282,44,4,+18.204,+3.651
7914.484,44,4,+18.248,+3.655
7915.115,44,4,+18.247,+3.660
7917.789,44,4,+18.231,+3.676
7919.072,44,4,+18.207,+3.696
7923.849,44,4,+18.262,+3.643
7927.371,44,4,+18.307,+3.615
7930.636,44,4,+18.243,+3.580
7934.148,44,4,+18.069,+3.473
7939.065,44,4,+18.121,+3.437
7941.763,44,4,+18.172,+3.400
7943.864,44,4,+18.217,+3.377
7947.53,44,4,+18.222,+3.341
7950.749,44,4,+18.257,+3.377
7954.436,44,4,+18.279,+3.391
7958.232,44,4,+18.297,+3.378
7961.541,44,4,+18.328,+3.360
7966.304,44,4,+18.373,+3.368
7971.403,44,4,+18.388,+3.315
7975.153,44,4,+18.268,+3.253
7980.883,44,4,+18.295,+3.117
7984.208,44,4,+18.361,+3.101
7987.824,44,4,+18.142,+3.111
7990.047,44,4,+18.171,+3.127
7992.162,44,4,+18.191,+3.126
7997.322,44,4,+18.240,+3.133
7997.958,44,4,+18.238,+3.131
8000.584,44,4,+18.210,+3.116
8001.879,44,4,+18.203,+3.115
8006.664,44,4,+18.210,+3.125
8010.166,44,4,+18.252,+3.121
8013.395,44,4,+18.166,+3.081
8016.984,44,4,+17.982,+2.963
8021.878,44,4,+18.008,+2.943
8024.566,44,4,+18.048,+2.947
8026.688,44,4,+18.140,+2.986
8030.472,44,4,+18.220,+3.037
8033.707,44,4,+18.248,+3.024
8037.411,44,4,+18.273,+3.025
8041.212,44,4,+18.282,+3.019
8044.562,44,4,+18.308,+3.033
8049.327,44,4,+18.323,+3.135
8054.416,44,4,+18.374,+3.131
8058.275,44,4,+18.289,+3.074
8063.997,44,4,+18.324,+2.977
8067.329,44,4,+18.368,+3.038
8070.92,44,4,+18.131,+3.006
8073.203,44,4,+18.250,+3.104
8075.344,44,4,+18.326,+3.168
8080.602,44,4,+18.461,+3.238
8081.324,44,4,+18.461,+3.241
8083.96,44,4,+18.465,+3.256
8085.227,44,4,+18.437,+3.246
8090.035,44,4,+18.436,+3.209
8093.563,44,4,+18.481,+3.223
8096.779,44,4,+18.427,+3.224
8100.386,44,4,+18.282,+3.100
8105.366,44,4,+18.356,+3.158
8107.99,44,4,+18.406,+3.118
8110.213,44,4,+18.469,+3.101
8113.883,44,4,+18.530,+3.152
8117.071,44,4,+18.565,+3.149
8120.734,44,4,+18.585,+3.156
8124.577,44,4,+18.606,+3.169
8127.874,44,4,+18.643,+3.172
8132.616,44,4,+18.673,+3.218
8137.64,44,4,+18.719,+3.158
8141.448,44,4,+18.645,+3.013
8147.113,44,4,+18.625,+2.972
8150.406,44,4,+18.567,+2.990
8153.97,44,4,+18.365,+2.969
8156.18,44,4,+18.370,+2.999
8158.178,44,4,+18.364,+2.973
8163.308,44,4,+18.389,+2.943
8163.946,44,4,+18.382,+2.935
8166.53,44,4,+18.333,+2.887
8167.832,44,4,+18.293,+2.884
8172.649,44,4,+18.302,+2.833
8176.106,44,4,+18.324,+2.811
8179.333,44,4,+18.208,+2.764
8182.965,44,4,+18.024,+2.630
8187.924,44,4,+18.074,+2.650
8190.617,44,4,+18.112,+2.620
8192.731,44,4,+18.190,+2.636
8196.507,44,4,+18.116,+2.627
8199.693,44,4,+18.124,+2.609
8203.381,44,4,+18.159,+2.615
8207.176,44,4,+18.211,+2.661
8210.471,44,4,+18.263,+2.719
8215.257,44,4,+18.275,+2.855
8220.28,44,4,+18.261,+2.829
8224.148,44,4,+18.202,+2.817
8229.864,44,4,+18.272,+2.753
8233.14,44,4,+18.272,+2.790
8236.889,44,4,+18.176,+2.901
8239.102,44,4,+18.192,+2.921
8241.121,44,4,+18.189,+2.897
8246.314,44,4,+18.286,+2.902
8246.938,44,4,+18.284,+2.894
8249.561,44,4,+18.259,+2.856
8250.978,44,4,+18.295,+2.943
8255.823,44,4,+18.363,+2.921
8259.373,44,4,+18.413,+2.900
8262.776,44,4,+18.585,+3.107
8266.48,44,4,+18.563,+3.141
8271.391,44,4,+18.584,+3.177
8273.992,44,4,+18.610,+3.166
8276.12,44,4,+18.645,+3.158
8279.814,44,4,+18.673,+3.198
8283.04,44,4,+18.730,+3.244
8286.722,44,4,+18.771,+3.254
8290.542,44,4,+18.816,+3.232
8293.874,44,4,+18.862,+3.207
8298.568,44,4,+18.799,+3.191
8303.618,44,4,+18.828,+3.174
8307.42,44,4,+18.693,+2.969
8313.1,44,4,+18.653,+2.951
8316.416,44,4,+18.628,+2.994
8319.994,44,4,+18.389,+2.997
8322.241,44,4,+18.334,+3.036
8324.296,44,4,+18.325,+3.059
8329.464,44,4,+18.378,+3.058
8330.102,44,4,+18.380,+3.045
8332.737,44,4,+18.376,+2.987
8334.053,44,4,+18.241,+2.942
8338.719,44,4,+18.111,+2.859
8342.246,44,4,+18.125,+2.879
8345.425,44,4,+18.055,+2.949
8349.013,44,4,+17.887,+2.898
8354.006,44,4,+18.013,+3.020
8356.679,44,4,+18.059,+3.005
8358.796,44,4,+18.121,+2.994
8362.536,44,4,+18.054,+3.032
8365.706,44,4,+18.076,+3.061
8369.377,44,4,+18.099,+3.065
8373.174,44,4,+18.166,+3.034
8376.519,44,4,+18.230,+2.997
8381.269,44,4,+18.167,+2.970
8386.337,44,4,+18.211,+2.893
8390.192,44,4,+18.114,+2.676
8395.852,44,4,+18.123,+2.610
8399.162,44,4,+18.113,+2.623
8402.689,44,4,+17.961,+2.645
8404.901,44,4,+17.964,+2.673
8406.916,44,4,+17.874,+2.640
8412.016,44,4,+17.841,+2.571
8412.7,44,4,+17.834,+2.554
8415.358,44,4,+17.789,+2.464
8416.607,44,4,+17.714,+2.368
8421.314,44,4,+17.771,+2.382
8424.831,44,4,+17.828,+2.438
8428.072,44,4,+17.784,+2.499
8431.738,44,4,+17.698,+2.455
8436.657,44,4,+17.709,+2.499
8439.266,44,4,+17.754,+2.497
8441.433,44,4,+17.797,+2.493
8445.128,44,4,+17.803,+2.535
8448.287,44,4,+17.828,+2.552
8451.962,44,4,+17.842,+2.557
8455.761,44,4,+17.851,+2.527
8459.094,44,4,+17.866,+2.495
8463.781,44,4,+17.859,+2.449
8468.77,44,4,+17.850,+2.372
8472.61,44,4,+17.787,+2.189
8478.26,44,4,+17.772,+2.123
8481.527,44,4,+17.747,+2.146
8485.071,44,4,+17.492,+2.153
8487.23,44,4,+17.469,+2.199
8489.241,44,4,+17.498,+2.174
8494.446,44,4,+17.591,+2.161
8495.074,44,4,+17.587,+2.152
8497.748,44,4,+17.549,+2.096
8499.1,44,4,+17.507,+2.074
8503.81,44,4,+17.548,+2.105
8507.292,44,4,+17.578,+2.121
8510.516,44,4,+17.536,+2.076
8514.167,44,4,+17.427,+2.034
8518.988,44,4,+17.379,+2.014
8521.649,44,4,+17.409,+2.002
8523.728,44,4,+17.439,+1.987
8527.416,44,4,+17.395,+1.951
8530.619,44,4,+17.427,+1.961
8534.275,44,4,+17.445,+1.959
8538.059,44,4,+17.460,+1.929
8541.411,44,4,+17.480,+1.896
8546.105,44,4,+17.496,+1.834
8551.115,44,4,+17.547,+1.840
8554.992,44,4,+17.505,+1.790
8560.768,44,4,+17.546,+1.664
8564.065,44,4,+17.523,+1.714
8567.598,44,4,+17.257,+1.696
8569.783,44,4,+17.261,+1.756
8571.831,44,4,+17.262,+1.717
8576.937,44,4,+17.328,+1.694
8577.572,44,4,+17.330,+1.687
8580.236,44,4,+17.332,+1.641
8581.583,44,4,+17.282,+1.584
8586.287,44,4,+17.194,+1.460
8589.757,44,4,+17.223,+1.480
8592.931,44,4,+17.135,+1.439
8596.577,44,4,+16.962,+1.390
8601.484,44,4,+17.005,+1.448
8604.12,44,4,+17.046,+1.442
8606.258,44,4,+17.094,+1.439
8609.93,44,4,+17.078,+1.459
8613.15,44,4,+17.148,+1.533
8616.813,44,4,+17.170,+1.541
8620.63,44,4,+17.214,+1.512
8624.018,44,4,+17.268,+1.466
8628.656,44,4,+17.170,+1.421
8633.714,44,4,+17.278,+1.374
8637.607,44,4,+17.236,+1.384
8643.382,44,4,+17.140,+1.360
8646.723,44,4,+17.004,+1.370
8650.27,44,4,+16.773,+1.411
8652.443,44,4,+16.737,+1.442
8654.486,44,4,+16.787,+1.401
8659.673,44,4,+16.865,+1.333
8660.309,44,4,+16.858,+1.305
8663.071,44,4,+16.811,+1.150
8664.301,44,4,+16.751,+1.071
8669.103,44,4,+16.815,+1.006
8672.584,44,4,+16.836,+1.033
8675.775,44,4,+16.654,+1.056
8679.424,44,4,+16.546,+1.036
8684.321,44,4,+16.563,+1.049
8686.943,44,4,+16.600,+1.039
8689.059,44,4,+16.632,+1.028
8692.748,44,4,+16.614,+0.990
8695.952,44,4,+16.660,+0.979
8699.59,44,4,+16.648,+0.964
8703.355,44,4,+16.582,+0.908
8706.644,44,4,+16.515,+0.842
8711.395,44,4,+16.437,+0.826
8716.221,44,4,+16.282,+0.638
8719.94,44,4,+16.050,+0.408
8725.933,44,4,+16.288,+0.649
8729.382,44,4,+16.412,+0.768
8733.019,44,4,+16.251,+0.826
8735.21,44,4,+16.270,+0.841
8737.221,44,4,+16.208,+0.777
8742.337,44,4,+16.160,+0.614
8742.968,44,4,+16.144,+0.625
12.598,30,8,,
3750.663,30,9,,
3751.207,30,9,+3.647,
3751.3,30,11,+3.647,
3751.628,30,12,+3.647,
3751.834,30,13,+3.647,
3751.883,30,14,+3.647,
3752.304,30,15,+3.647,
3752.524,30,16,+3.647,
3752.599,30,18,+3.647,
3752.891,30,19,+3.647,
3753.459,30,20,+3.647,
3753.898,30,21,+3.647,
3755.276,30,20,+3.647,
3755.348,30,20,+4.168,+0.723
3760.638,30,20,+4.813,+0.285
3763.803,30,20,+4.581,+0.240
3769.794,30,20,+4.743,+0.288
3771.954,30,20,+5.325,+0.311
3777.89,30,20,+6.167,+0.276
3783.08,30,20,+6.846,+0.155
3783.625,30,20,+9.007,+2.472
3788.214,30,20,+7.968,+0.360
3793.422,30,20,+8.118,+0.268
3795.457,30,20,+8.043,+0.181
3799.223,30,20,+7.783,+0.064
3802.42,30,19,+7.783,+0.064
3802.507,30,19,+7.537,+0.663
3808.23,30,19,+8.151,+0.540
3813.349,30,19,+8.032,+0.180
3817.63,30,18,+8.032,+0.180
3817.716,30,18,+8.281,+0.143
3824.409,30,19,+8.281,+0.143
3825.053,30,18,+8.281,+0.143
3825.138,30,18,+9.121,+0.366
3829.061,30,18,+9.433,+0.471
3832.001,30,18,+9.981,+0.565
3834.696,30,19,+9.981,+0.565
3835.204,30,20,+9.981,+0.565
3836.102,30,18,+9.981,+0.565
3836.179,30,18,+10.158,+0.471
3836.488,30,18,+12.174,+2.636
3841.513,30,18,+10.283,+0.558
3842.305,30,18,+10.259,+0.575
3845.086,30,18,+10.149,+0.573
3846.794,30,18,+10.407,+0.589
3851.984,30,18,+10.873,+0.477
3855.468,30,18,+10.783,+0.393
3859.188,30,18,+11.135,+0.597
3863.269,30,18,+11.340,+0.409
3868.815,30,18,+11.537,+0.351
3871.233,30,18,+11.710,+0.397
3873.376,30,18,+11.692,+0.429
3877.538,30,18,+11.941,+0.517
3880.851,30,18,+11.971,+0.517
3884.639,30,18,+11.931,+0.520
3888.357,30,18,+11.792,+0.498
3891.551,30,18,+11.580,+0.408
3896.948,30,18,+11.476,+0.423
3902.123,30,18,+11.564,+0.414
3908.413,30,18,+11.727,+0.654
3912.259,30,18,+11.756,+0.409
3916.611,30,18,+12.205,+0.141
3920.145,30,17,+12.205,+0.141
3920.227,30,17,+12.512,+0.688
3922.721,30,17,+12.704,+0.911
3924.7,30,17,+12.824,+0.942
3930.043,30,17,+13.014,+0.948
3930.805,30,17,+13.024,+0.946
3933.541,30,17,+12.968,+0.878
3935.412,30,17,+13.096,+0.988
3940.301,30,17,+13.462,+1.109
3943.856,30,17,+13.412,+1.093
3947.398,30,17,+13.521,+1.359
3951.233,30,17,+13.678,+1.370
3956.199,30,17,+13.782,+1.216
3959.094,30,17,+13.878,+1.170
3961.214,30,17,+13.988,+1.164
3965.284,30,17,+14.296,+1.170
3968.569,30,17,+14.302,+1.135
3972.385,30,17,+13.472,+1.143
3976.214,30,17,+13.562,+1.156
3979.816,30,17,+13.675,+1.154
3984.808,30,17,+13.777,+1.207
3989.977,30,17,+13.595,+1.135
3994.784,30,17,+13.610,+1.082
3999.919,30,17,+13.672,+1.101
4003.502,30,17,+13.730,+1.010
4007.356,30,17,+13.959,+0.906
4009.693,30,17,+14.059,+0.957
4011.758,30,17,+14.089,+0.886
4016.927,30,17,+14.029,+0.868
4017.621,30,17,+14.000,+0.880
4020.425,30,17,+13.851,+0.946
4021.896,30,17,+13.979,+0.990
4026.974,30,17,+14.181,+0.859
4030.479,30,17,+14.062,+0.843
4034.017,30,17,+14.190,+0.931
4037.8,30,17,+14.275,+0.796
4042.845,30,17,+14.378,+0.712
4045.704,30,17,+14.604,+0.753
4047.87,30,17,+14.645,+0.791
4051.95,30,17,+14.905,+0.843
4055.213,30,17,+14.923,+0.826
4058.989,30,17,+14.894,+0.846
4062.704,30,17,+14.778,+0.881
4065.968,30,17,+14.626,+0.912
4071.137,30,17,+14.852,+0.755
4076.283,30,17,+14.822,+0.707
4080.564,30,17,+14.951,+0.683
4086.379,30,17,+15.092,+0.715
4090.087,30,17,+15.404,+0.661
4094.123,30,17,+15.911,+0.697
4096.286,30,17,+16.008,+0.695
4098.396,30,17,+16.094,+0.645
4103.589,30,17,+16.113,+0.702
4104.267,30,17,+16.108,+0.729
4107.024,30,17,+16.104,+0.846
4108.592,30,17,+16.302,+0.777
4113.695,30,17,+16.580,+0.614
4117.194,30,17,+16.433,+0.591
4120.66,30,17,+16.537,+0.639
4124.58,30,17,+16.829,+0.652
4129.64,30,17,+17.092,+0.677
4132.542,30,17,+17.275,+0.721
4134.707,30,17,+17.329,+0.780
4138.672,30,17,+17.554,+0.790
4141.962,30,17,+17.589,+0.759
4145.743,30,17,+17.582,+0.786
4149.472,30,17,+17.478,+0.815
4152.736,30,17,+17.327,+0.847
4157.989,30,17,+17.734,+0.701
4163.138,30,17,+17.699,+0.663
4167.366,30,17,+17.836,+0.632
4173.243,30,17,+18.034,+0.497
4177.072,30,17,+18.469,+0.485
4181.297,30,17,+19.135,+0.402
4183.473,30,17,+19.200,+0.390
4185.555,30,17,+19.293,+0.373
4190.767,30,17,+19.298,+0.335
4191.411,30,17,+19.269,+0.359
4194.054,30,17,+19.134,+0.444
4195.62,30,17,+19.298,+0.400
4200.921,30,17,+19.730,+0.372
4204.374,30,17,+19.545,+0.350
4207.881,30,17,+19.593,+0.480
4211.783,30,17,+19.866,+0.387
4217.0,30,17,+20.245,+0.385
4219.982,30,17,+20.530,+0.454
4222.267,30,17,+20.653,+0.523
4226.366,30,17,+20.991,+0.610
4229.727,30,17,+21.043,+0.623
4233.482,30,17,+21.049,+0.674
4237.247,30,17,+20.961,+0.723
4240.504,30,17,+20.815,+0.751
4245.788,30,17,+21.134,+0.528
4250.875,30,17,+21.052,+0.458
4255.166,30,17,+21.210,+0.339
4261.28,30,17,+21.343,+0.290
4265.076,30,17,+21.804,+0.375
4269.103,30,17,+22.320,+0.489
4271.289,30,17,+22.306,+0.452
4273.432,30,17,+22.336,+0.455
4278.695,30,17,+22.403,+0.424
4279.377,30,17,+22.407,+0.431
4282.178,30,17,+22.457,+0.493
4283.832,30,17,+22.713,+0.560
4288.944,30,17,+22.978,+0.599
4292.437,30,17,+22.839,+0.489
4295.932,30,17,+22.956,+0.506
4299.773,30,17,+23.144,+0.572
4304.877,30,17,+23.387,+0.583
4307.824,30,17,+23.605,+0.610
4309.971,30,17,+23.677,+0.604
4314.027,30,17,+23.944,+0.670
4317.321,30,17,+24.001,+0.620
4321.094,30,17,+23.991,+0.525
4324.859,30,17,+23.900,+0.414
4328.098,30,17,+23.743,+0.389
4333.346,30,17,+24.056,+0.477
4338.414,30,17,+23.965,+0.195
4342.373,30,16,+23.965,+0.195
4342.457,30,16,+23.945,+1.232
4348.441,30,16,+24.306,+1.448
4351.947,30,16,+24.516,+1.407
4355.833,30,16,+24.909,+1.401
4358.015,30,16,+24.932,+1.431
4360.075,30,16,+24.925,+1.344
4365.373,30,16,+24.274,+1.360
4366.028,30,16,+25.017,+1.382
4368.804,30,16,+24.518,+1.468
4370.308,30,16,+24.605,+1.432
4375.363,30,16,+24.970,+1.421
4378.933,30,16,+25.169,+1.466
4382.285,30,16,+25.068,+1.478
4386.1,30,16,+25.035,+1.531
4391.061,30,16,+24.642,+1.426
4393.931,30,16,+24.769,+1.408
4396.07,30,16,+24.929,+1.414
4400.055,30,16,+25.057,+1.438
4403.439,30,16,+25.063,+1.442
4407.121,30,16,+25.046,+1.451
4410.912,30,16,+25.055,+1.476
4414.241,30,16,+25.043,+1.500
4419.367,30,16,+25.246,+1.530
4424.512,30,16,+25.120,+1.476
4428.513,30,16,+24.997,+1.496
4434.316,30,16,+24.604,+1.488
4437.868,30,16,+25.152,+1.511
4441.743,30,16,+25.424,+1.512
4443.94,30,16,+25.450,+1.567
4446.011,30,16,+25.481,+1.483
4451.221,30,16,+25.384,+1.439
4451.891,30,16,+25.342,+1.452
4454.67,30,16,+25.205,+1.523
4456.162,30,16,+25.257,+1.589
4461.203,30,16,+24.911,+1.447
4464.706,30,16,+24.743,+1.403
4468.084,30,16,+24.800,+1.423
4471.836,30,16,+24.561,+1.373
4476.784,30,16,+24.449,+1.257
4479.62,30,16,+24.605,+1.254
4481.794,30,16,+24.740,+1.264
4485.753,30,16,+25.040,+1.265
4489.0,30,16,+25.065,+1.283
4492.805,30,16,+25.015,+1.319
4496.612,30,16,+24.852,+1.336
4499.92,30,16,+24.637,+1.334
4505.028,30,16,+24.838,+1.441
4510.222,30,16,+24.850,+1.392
4514.141,30,16,+24.703,+1.382
4520.146,30,16,+25.059,+1.577
4523.739,30,16,+25.275,+1.597
4527.583,30,16,+25.656,+1.766
4529.687,30,16,+25.598,+1.812
4531.906,30,16,+25.633,+1.812
4537.244,30,16,+25.740,+1.812
4537.966,30,15,+25.740,+1.812
4537.988,30,15,+25.765,+3.470
4540.783,30,15,+25.886,+3.568
4542.387,30,15,+26.024,+3.636
4547.256,30,15,+26.234,+3.238
4550.815,30,15,+26.051,+3.143
4554.22,30,15,+25.993,+3.194
4558.04,30,15,+26.204,+3.220
4563.062,30,15,+26.287,+3.221
4565.903,30,15,+26.407,+3.251
4568.042,30,15,+26.419,+3.293
4572.022,30,15,+26.602,+3.303
4575.267,30,15,+26.631,+3.247
4579.047,30,15,+26.647,+3.202
4582.865,30,15,+26.635,+3.130
4586.251,30,15,+26.606,+3.111
4591.335,30,15,+26.876,+3.046
4596.497,30,15,+26.872,+3.002
4600.533,30,15,+26.935,+3.146
4606.288,30,15,+27.007,+3.120
4609.847,30,15,+27.202,+3.110
4613.543,30,15,+27.457,+3.127
4615.671,30,15,+27.470,+3.076
4617.852,30,15,+27.530,+3.095
4623.005,30,15,+27.542,+3.026
4623.677,30,15,+27.539,+3.019
4626.401,30,15,+27.510,+2.972
4627.767,30,15,+27.531,+2.913
4633.005,30,15,+27.944,+3.145
4636.63,30,15,+27.829,+3.209
4640.041,30,15,+27.840,+3.305
4643.856,30,15,+28.023,+3.366
4648.867,30,15,+28.164,+3.283
4651.746,30,15,+28.350,+3.354
4653.908,30,15,+28.513,+3.415
4657.92,30,15,+28.875,+3.473
4661.158,30,15,+28.927,+3.412
4665.189,30,15,+28.899,+3.361
4668.725,30,15,+28.758,+3.316
4672.138,30,15,+28.632,+3.323
4677.457,30,14,+28.632,+3.323
4677.538,30,14,+29.199,+3.556
4682.852,30,14,+29.373,+3.760
4689.866,30,14,+32.413,+6.885
4697.679,30,14,+34.570,+5.470
4702.12,30,14,+35.617,+5.351
4706.122,30,14,+36.213,+5.619
4708.425,30,14,+36.381,+5.541
4729.577,30,15,+36.381,+5.541
4733.004,30,16,+36.381,+5.541
4739.962,30,16,+57.263,+2.880
4742.189,30,16,+57.958,+2.965
4749.293,30,16,+56.978,+3.094
4754.287,30,16,+56.262,+3.052
4759.209,30,16,+56.920,+3.630
4763.448,30,16,+56.854,+3.881
4769.614,30,16,+56.013,+3.106
4774.682,30,16,+57.510,+2.213
4779.898,30,16,+60.357,+1.469
4791.094,30,16,+67.100,+0.891
4802.462,30,16,+75.097,+0.678
4809.658,30,16,+75.025,+0.082
4814.691,30,15,+75.025,+0.082
4814.774,30,15,+73.232,+22.399
4821.02,30,15,+73.328,+24.096
4828.906,30,15,+73.094,+24.517
4834.733,30,15,+73.256,+24.476
4839.344,30,15,+73.445,+23.960
4845.423,30,15,+73.246,+22.430
4849.122,30,15,+73.101,+21.460
4853.077,30,15,+72.532,+20.725
4855.276,30,15,+72.009,+20.146
4857.57,30,15,+71.688,+19.246
4863.292,30,15,+70.345,+17.951
4864.103,30,15,+70.143,+17.953
4867.29,30,15,+69.425,+17.432
4869.123,30,15,+69.365,+17.009
4874.44,30,15,+68.419,+14.662
4878.17,30,15,+66.417,+12.557
4882.151,30,15,+65.294,+12.332
4885.972,30,15,+64.944,+12.126
4891.391,30,15,+64.596,+11.044
4894.44,30,15,+63.036,+9.787
4896.805,30,15,+62.164,+9.503
4901.062,30,15,+60.279,+9.061
4904.638,30,15,+60.161,+8.737
4909.095,30,15,+60.591,+8.408
4913.783,30,15,+57.971,+7.471
4920.14,30,15,+58.422,+6.893
4926.471,30,15,+56.713,+4.554
4932.028,30,15,+56.595,+3.919
4936.545,30,15,+56.720,+4.196
4942.25,30,15,+56.010,+3.933
4945.737,30,15,+55.763,+3.755
4949.571,30,15,+54.589,+3.744
4951.707,30,15,+53.207,+3.657
4953.845,30,15,+52.934,+3.631
4958.882,30,15,+50.911,+3.421
4959.596,30,15,+50.415,+3.402
4962.179,30,15,+48.898,+3.363
4963.61,30,15,+48.477,+3.374
4968.623,30,15,+47.544,+3.263
4971.948,30,15,+45.677,+3.083
4975.269,30,15,+44.449,+2.991
4979.01,30,15,+43.948,+3.014
4983.982,30,15,+43.933,+2.890
4986.803,30,15,+44.042,+2.840
4988.913,30,15,+44.144,+2.797
4992.797,30,15,+44.329,+2.669
4996.065,30,15,+44.313,+2.561
4999.854,30,15,+44.270,+2.461
5003.699,30,15,+44.197,+2.352
5007.109,30,15,+44.114,+2.266
5012.254,30,15,+44.364,+2.268
5017.458,30,15,+44.447,+2.014
5021.613,30,15,+44.545,+2.012
5027.398,30,15,+44.714,+1.935
5030.929,30,15,+44.956,+1.837
5034.65,30,15,+45.148,+1.797
5036.804,30,15,+45.124,+1.686
5038.858,30,15,+45.131,+1.624
5044.083,30,15,+45.153,+1.541
5044.776,30,15,+45.159,+1.551
5047.584,30,15,+45.183,+1.613
5049.103,30,15,+45.331,+1.612
5054.061,30,15,+45.540,+1.439
5057.565,30,15,+45.471,+1.289
5060.933,30,15,+45.417,+1.092
5064.714,30,15,+45.577,+1.056
5069.671,30,15,+45.719,+0.903
5072.498,30,15,+45.830,+0.835
5074.638,30,15,+45.845,+0.809
5078.63,30,15,+46.074,+0.783
5081.825,30,15,+46.112,+0.682
5085.571,30,15,+46.093,+0.602
5089.383,30,15,+46.006,+0.516
5092.624,30,15,+45.866,+0.403
5097.782,30,15,+46.162,+0.482
5102.859,30,15,+46.017,+0.139
5106.919,30,15,+46.113,+0.251
5113.257,30,15,+46.826,+0.190
5117.325,30,15,+47.601,+0.378
5121.406,30,15,+48.183,+0.576
5123.619,30,15,+48.237,+0.531
5125.749,30,15,+48.301,+0.488
5130.924,30,15,+48.221,+0.236
5131.552,30,15,+48.185,+0.205
5134.212,30,15,+48.061,+0.131
5135.908,30,15,+48.390,+0.264
5141.317,30,15,+49.009,+0.115
5144.93,30,15,+49.013,+0.114
5148.331,30,15,+49.154,+0.027
5152.418,30,15,+49.657,+0.101
5158.548,30,15,+50.925,+0.745
5161.739,30,15,+51.433,+1.008
5164.048,30,15,+51.631,+1.111
5168.306,30,15,+52.156,+1.255
5171.649,30,15,+52.267,+1.207
5175.494,30,15,+52.325,+1.093
5179.247,30,15,+52.284,+0.834
5182.615,30,15,+52.205,+0.578
5187.815,30,15,+52.571,+0.492
5192.901,30,15,+52.469,+0.092
5196.911,30,14,+52.469,+0.092
5196.994,30,14,+52.569,+10.641
5203.634,30,14,+53.572,+11.515
5207.244,30,14,+53.866,+11.459
5211.168,30,14,+54.236,+11.581
5213.342,30,14,+54.366,+11.572
5215.509,30,14,+54.453,+11.542
5220.785,30,14,+54.572,+11.516
5221.512,30,14,+54.593,+11.519
5224.296,30,14,+54.703,+11.551
5225.793,30,14,+54.904,+11.582
5230.826,30,14,+54.836,+11.676
5234.38,30,14,+54.693,+11.789
5237.782,30,14,+54.708,+11.856
5241.509,30,14,+54.702,+11.880
5246.47,30,14,+54.720,+11.815
5249.283,30,14,+54.854,+11.804
5251.383,30,14,+54.967,+11.817
5255.317,30,14,+55.227,+11.849
5258.552,30,14,+55.230,+11.797
5262.344,30,14,+55.208,+11.701
5266.209,30,14,+55.161,+11.660
5269.636,30,14,+55.112,+11.660
5274.668,30,14,+55.317,+11.727
5279.85,30,14,+55.333,+11.670
5283.945,30,14,+55.351,+11.780
5289.76,30,14,+55.531,+11.825
5293.301,30,14,+55.751,+11.774
5297.066,30,14,+55.947,+11.801
5299.199,30,14,+55.994,+11.766
5301.355,30,14,+56.035,+11.738
5306.633,30,14,+56.059,+11.688
5307.351,30,14,+56.076,+11.696
5310.185,30,14,+56.159,+11.751
5311.718,30,14,+56.276,+11.825
5316.625,30,14,+56.372,+11.852
5320.134,30,14,+56.302,+11.929
5323.54,30,14,+56.405,+12.121
5327.245,30,14,+56.511,+12.117
5334.301,30,14,+58.736,+14.163
5339.993,30,14,+61.703,+16.962
5343.021,30,14,+62.745,+17.891
5347.86,30,14,+63.877,+18.804
5351.79,30,14,+64.562,+19.237
5356.673,30,14,+65.652,+16.078
5361.971,30,14,+67.073,+15.086
5367.075,30,14,+68.775,+15.702
5373.847,30,14,+70.747,+15.608
5380.405,30,14,+72.147,+15.642
5385.514,30,14,+73.219,+16.014
5392.418,30,14,+74.484,+15.656
5396.965,30,14,+75.689,+15.682
5401.507,30,14,+76.427,+15.846
5404.192,30,14,+76.804,+15.670
5406.671,30,14,+77.143,+15.146
5415.17,30,14,+75.954,+16.498
5416.292,30,14,+75.439,+16.633
5420.578,30,14,+75.799,+17.318
5422.8,30,14,+76.138,+17.456
5429.677,30,14,+75.690,+16.754
5434.393,30,14,+75.843,+17.401
5438.445,30,14,+75.995,+16.650
5442.434,30,14,+75.491,+15.993
5448.729,30,14,+75.228,+15.819
5454.244,30,14,+77.628,+17.221
5457.038,30,14,+78.206,+17.485
5461.868,30,14,+78.216,+17.497
5465.65,30,14,+78.156,+16.981
5470.414,30,14,+77.814,+15.680
5475.805,30,14,+77.400,+16.282
5481.157,30,14,+77.826,+16.519
5488.495,30,14,+78.504,+17.075
5494.34,30,14,+77.402,+15.772
5498.808,30,14,+75.468,+14.954
5504.718,30,14,+74.310,+13.861
5508.232,30,14,+73.571,+13.148
5512.145,30,14,+72.417,+13.158
5514.214,30,14,+71.304,+13.063
5516.382,30,14,+69.938,+13.076
5521.457,30,14,+67.828,+12.984
5522.369,30,14,+67.594,+12.965
5524.725,30,14,+66.747,+12.892
5526.214,30,14,+66.532,+12.920
5531.142,30,14,+65.505,+12.940
5534.494,30,14,+64.460,+12.854
5537.809,30,14,+61.918,+12.922
5541.554,30,14,+61.196,+12.959
5546.404,30,14,+60.281,+12.855
5549.213,30,14,+59.506,+12.843
5551.322,30,14,+58.925,+12.877
5555.247,30,14,+58.435,+12.967
5558.493,30,14,+58.381,+12.911
5562.33,30,14,+58.423,+12.852
5566.291,30,14,+58.602,+12.893
5569.769,30,14,+58.707,+12.963
5574.866,30,14,+58.838,+13.121
5580.062,30,14,+58.830,+13.079
5584.22,30,14,+58.955,+13.308
5589.918,30,14,+58.974,+13.205
5593.4,30,14,+59.170,+13.123
5597.085,30,14,+59.374,+13.064
5599.207,30,14,+59.385,+13.017
5601.278,30,14,+59.393,+12.992
5606.463,30,14,+59.456,+12.971
5607.161,30,14,+59.479,+12.992
5609.968,30,14,+59.605,+13.090
5611.459,30,14,+59.752,+13.132
5616.376,30,14,+59.931,+13.135
5619.949,30,14,+59.917,+13.261
5623.373,30,14,+60.031,+13.417
5627.137,30,14,+60.167,+13.514
5631.956,30,14,+60.151,+13.341
5634.705,30,14,+60.195,+13.307
5636.799,30,14,+60.166,+13.293
5640.741,30,14,+60.276,+13.298
5643.924,30,14,+60.323,+13.261
5647.695,30,14,+60.311,+13.176
5651.502,30,14,+60.291,+13.122
5654.894,30,14,+60.278,+13.112
5659.907,30,14,+60.555,+13.155
5665.013,30,14,+60.514,+13.074
5669.054,30,14,+60.522,+13.110
5674.811,30,14,+60.542,+13.065
5678.263,30,14,+60.703,+12.901
5681.965,30,14,+60.871,+12.867
5684.053,30,14,+60.920,+12.857
5686.204,30,14,+61.020,+12.895
5691.386,30,14,+61.057,+12.836
5692.093,30,14,+61.067,+12.837
5694.78,30,14,+61.114,+12.836
5696.206,30,14,+61.169,+12.780
5701.086,30,14,+61.268,+12.772
5704.619,30,14,+61.227,+12.844
5707.973,30,14,+61.262,+12.872
5711.707,30,14,+61.422,+12.949
5716.653,30,14,+61.471,+12.837
5719.441,30,14,+61.568,+12.857
5721.579,30,14,+61.589,+12.920
5725.5,30,14,+61.748,+12.906
5728.714,30,14,+61.788,+12.843
5732.483,30,14,+61.804,+12.746
5736.317,30,14,+61.834,+12.687
5739.678,30,14,+61.861,+12.673
5744.743,30,14,+62.191,+12.642
5749.878,30,14,+62.206,+12.655
5753.879,30,14,+62.225,+12.690
5759.686,30,14,+62.257,+12.705
5763.174,30,14,+62.399,+12.676
5766.892,30,14,+62.557,+12.648
5768.99,30,14,+62.510,+12.546
5771.12,30,14,+62.568,+12.532
5776.411,30,14,+62.667,+12.562
5777.107,30,14,+62.692,+12.581
5779.943,30,14,+62.823,+12.680
5781.404,30,14,+62.938,+12.679
5786.376,30,14,+63.036,+12.780
5789.911,30,14,+63.001,+12.849
5793.226,30,14,+63.015,+12.878
5796.973,30,14,+63.147,+12.934
5801.972,30,14,+63.272,+12.917
5804.793,30,14,+63.364,+12.919
5806.895,30,14,+63.350,+12.920
5810.806,30,14,+63.472,+12.903
5814.011,30,14,+63.474,+12.852
5817.748,30,14,+63.494,+12.786
5821.574,30,14,+63.579,+12.756
5824.967,30,14,+63.676,+12.748
5829.979,30,14,+63.944,+12.686
5835.102,30,14,+63.891,+12.622
5839.114,30,14,+63.816,+12.624
5844.929,30,14,+63.984,+12.648
5848.462,30,14,+64.152,+12.613
5852.173,30,14,+64.376,+12.661
5854.259,30,14,+64.358,+12.560
5856.323,30,14,+64.307,+12.437
5861.505,30,14,+64.289,+12.396
5862.244,30,14,+64.290,+12.397
5864.885,30,14,+64.308,+12.405
5866.319,30,14,+64.360,+12.337
5871.275,30,14,+64.493,+12.370
5874.869,30,14,+64.510,+12.497
5878.305,30,14,+64.631,+12.602
5882.107,30,14,+64.731,+12.649
5886.97,30,14,+64.743,+12.508
5889.785,30,14,+64.810,+12.561
5891.915,30,14,+64.785,+12.624
5895.856,30,14,+64.952,+12.697
5899.076,30,14,+64.976,+12.649
5902.894,30,14,+64.992,+12.551
5906.671,30,14,+65.008,+12.491
5910.064,30,14,+65.022,+12.480
5915.11,30,14,+65.236,+12.493
5920.242,30,14,+65.166,+12.486
5924.291,30,14,+65.309,+12.492
5930.06,30,14,+65.375,+12.464
5933.516,30,14,+65.524,+12.350
5940.425,30,14,+66.824,+13.352
5942.734,30,14,+67.026,+13.530
5948.033,30,14,+67.140,+13.588
5948.731,30,14,+67.156,+13.589
5951.451,30,14,+67.225,+13.581
5952.973,30,14,+67.375,+13.606
5957.986,30,14,+67.485,+13.670
5961.508,30,14,+67.395,+13.756
5964.941,30,14,+67.488,+13.880
5968.743,30,14,+65.461,+13.970
5973.689,30,14,+65.511,+13.819
5976.447,30,14,+65.560,+13.759
5978.545,30,14,+65.558,+13.778
5982.463,30,14,+65.704,+13.770
5985.698,30,14,+65.706,+13.721
5989.742,30,14,+65.708,+13.626
5993.291,30,14,+65.748,+13.581
5996.702,30,14,+65.809,+13.582
6001.687,30,14,+66.006,+13.582
6006.809,30,14,+66.014,+13.539
6010.888,30,14,+66.022,+13.659
6016.608,30,14,+66.038,+13.591
6020.066,30,14,+66.122,+13.440
6023.841,30,14,+66.287,+13.452
6025.915,30,14,+66.257,+13.286
6028.045,30,14,+66.321,+13.275
6033.294,30,14,+66.372,+13.267
6033.973,30,14,+66.386,+13.275
6036.722,30,14,+66.450,+13.301
6038.158,30,14,+66.520,+13.261
6043.104,30,14,+66.542,+13.292
6046.609,30,14,+66.464,+13.339
6049.929,30,14,+66.466,+13.339
6053.672,30,14,+66.561,+13.371
6058.601,30,14,+66.584,+13.220
6061.318,30,14,+66.598,+13.162
6063.395,30,14,+66.563,+13.174
6067.268,30,14,+66.632,+13.083
6070.481,30,14,+66.651,+13.012
6074.254,30,14,+66.662,+12.903
6078.085,30,14,+66.692,+12.851
6081.5,30,14,+66.736,+12.880
6086.499,30,14,+66.861,+12.855
6091.631,30,14,+66.814,+12.826
6095.727,30,14,+66.744,+12.857
6101.522,30,14,+66.918,+12.880
6104.92,30,14,+66.989,+12.661
6108.73,30,14,+67.184,+12.690
6110.871,30,14,+67.160,+12.600
6113.031,30,14,+67.196,+12.501
6118.244,30,14,+67.258,+12.462
6118.944,30,14,+67.273,+12.465
6121.708,30,14,+67.345,+12.490
6123.155,30,14,+67.446,+12.492
6128.12,30,14,+67.590,+12.542
6131.657,30,14,+67.552,+12.590
6134.979,30,14,+67.568,+12.613
6138.713,30,14,+67.679,+12.621
6143.729,30,14,+67.755,+12.527
6146.481,30,14,+67.818,+12.505
6148.594,30,14,+67.810,+12.541
6152.495,30,14,+67.982,+12.557
6155.735,30,14,+67.938,+12.489
6159.462,30,14,+67.921,+12.403
6163.31,30,14,+67.981,+12.375
6166.716,30,14,+68.035,+12.402
6171.729,30,14,+68.255,+12.325
6176.856,30,14,+68.267,+12.336
6180.914,30,14,+68.239,+12.359
6186.717,30,14,+68.349,+12.297
6190.15,30,14,+67.596,+12.084
6193.95,30,14,+67.716,+12.042
6196.096,30,14,+67.648,+11.921
6198.201,30,14,+67.679,+11.895
6203.428,30,14,+67.756,+11.892
6204.12,30,14,+68.686,+11.904
6206.846,30,14,+67.829,+11.951
6208.34,30,14,+67.927,+11.927
6213.352,30,14,+68.218,+11.860
6216.837,30,14,+68.321,+11.921
6220.493,30,14,+68.358,+11.879
6223.997,30,14,+68.504,+11.865
6228.981,30,14,+68.664,+11.656
6231.752,30,14,+68.801,+11.601
6233.839,30,14,+68.964,+11.608
6237.745,30,14,+69.036,+11.511
6240.951,30,14,+69.051,+11.428
6244.708,30,14,+69.114,+11.264
6248.528,30,14,+69.256,+11.179
6252.243,30,14,+69.405,+11.224
6257.021,30,14,+69.402,+11.154
6262.119,30,14,+69.268,+11.078
6266.13,30,14,+69.254,+11.124
6271.897,30,14,+69.288,+11.011
6275.362,30,14,+69.406,+10.815
6279.207,30,14,+69.496,+10.729
6281.337,30,14,+69.419,+10.634
6283.477,30,14,+69.473,+10.604
6288.788,30,14,+69.694,+10.612
6289.489,30,14,+69.756,+10.639
6292.342,30,14,+70.082,+10.784
6293.843,30,14,+70.266,+10.759
6298.799,30,14,+70.500,+10.664
6302.338,30,14,+70.474,+10.763
6305.638,30,14,+70.479,+10.805
6309.433,30,14,+70.601,+10.696
6314.393,30,14,+70.677,+10.466
6317.171,30,14,+70.721,+10.376
6319.228,30,14,+70.774,+10.371
6323.173,30,14,+71.010,+10.282
6326.398,30,14,+71.026,+10.227
6330.139,30,14,+70.950,+10.181
6333.987,30,14,+70.848,+10.183
6337.38,30,14,+70.820,+10.251
6342.343,30,14,+71.038,+10.340
6347.398,30,14,+71.088,+10.185
6351.392,30,14,+71.193,+9.560
6357.153,30,14,+71.234,+9.142
6360.607,30,14,+71.260,+8.769
6364.442,30,14,+71.401,+8.614
6366.571,30,14,+71.355,+8.549
6368.776,30,14,+71.437,+8.519
6374.067,30,14,+71.518,+8.522
6374.745,30,14,+71.523,+8.533
6377.442,30,14,+71.516,+8.582
6378.945,30,14,+71.523,+8.510
6383.901,30,14,+71.757,+8.352
6387.434,30,14,+71.789,+8.376
6390.793,30,14,+71.849,+8.398
6394.543,30,14,+71.959,+8.307
6399.674,30,14,+72.212,+8.291
6402.504,30,14,+72.371,+8.085
6404.559,30,14,+72.465,+7.958
6408.469,30,14,+72.675,+7.735
6411.695,30,14,+72.759,+7.640
6415.491,30,14,+72.780,+7.621
6419.33,30,14,+72.778,+7.680
6422.733,30,14,+72.806,+7.747
6427.809,30,14,+73.144,+7.569
6432.985,30,14,+73.289,+7.568
6437.051,30,14,+73.506,+7.696
6442.831,30,14,+73.597,+7.622
6446.301,30,14,+73.712,+7.384
6450.065,30,14,+73.767,+7.291
6452.274,30,14,+73.813,+7.191
6454.465,30,14,+73.835,+7.072
6459.709,30,14,+73.897,+7.080
6460.671,30,14,+73.901,+7.088
6463.155,30,14,+73.905,+7.118
6464.64,30,14,+74.010,+7.102
6469.737,30,14,+74.319,+7.014
6473.259,30,14,+74.373,+7.037
6476.632,30,14,+74.475,+7.177
6480.447,30,14,+74.639,+7.149
6485.49,30,14,+74.871,+7.100
6488.282,30,14,+75.008,+6.957
6490.399,30,14,+75.105,+6.868
6494.294,30,14,+75.302,+6.739
6497.559,30,14,+75.385,+6.684
6501.437,30,14,+75.412,+6.672
6505.16,30,14,+75.440,+6.695
6508.564,30,14,+75.509,+6.748
6513.663,30,14,+75.812,+6.721
6518.82,30,14,+75.921,+6.645
6522.961,30,14,+76.062,+6.776
6528.707,30,14,+76.247,+6.736
6532.2,30,14,+76.371,+6.524
6535.958,30,14,+76.450,+6.370
6538.11,30,14,+76.387,+6.307
6540.255,30,14,+76.416,+6.221
6545.498,30,14,+76.525,+6.227
6546.169,30,14,+76.546,+6.241
6548.945,30,14,+76.627,+6.301
6550.394,30,14,+76.702,+6.311
6555.341,30,14,+76.901,+6.088
6558.864,30,14,+76.902,+6.108
6562.466,30,14,+76.895,+6.130
6566.005,30,14,+77.011,+6.076
6571.027,30,14,+77.211,+5.977
6573.853,30,14,+77.357,+5.848
6575.962,30,14,+77.475,+5.751
6579.859,30,14,+77.622,+5.591
6583.145,30,14,+77.634,+5.441
6586.849,30,14,+77.650,+5.387
6590.63,30,14,+77.676,+5.376
6594.073,30,14,+77.823,+5.441
6599.165,30,14,+77.719,+5.210
6604.384,30,14,+77.893,+5.083
6608.546,30,14,+78.139,+5.250
6614.281,30,14,+78.236,+5.158
6617.771,30,14,+78.333,+4.922
6621.625,30,14,+78.513,+4.772
6623.859,30,14,+78.600,+4.742
6626.082,30,14,+78.741,+4.720
6631.361,30,14,+78.866,+4.715
6632.06,30,14,+78.873,+4.722
6634.826,30,14,+78.919,+4.776
6636.394,30,14,+79.106,+4.825
6641.458,30,14,+79.467,+4.751
6644.968,30,14,+79.482,+4.756
6648.308,30,14,+79.499,+4.838
6652.087,30,14,+79.499,+4.740
6657.097,30,14,+79.649,+4.642
6659.928,30,14,+79.816,+4.522
6662.18,30,14,+79.936,+4.451
6665.979,30,14,+80.221,+4.339
6669.211,30,14,+80.307,+4.223
6672.992,30,14,+80.330,+4.176
6677.234,30,14,+80.742,+4.564
6685.591,30,14,+85.721,+9.505
6692.757,30,14,+88.026,+9.109
6699.357,30,14,+89.545,+7.262
6703.749,30,14,+89.922,+6.656
6710.015,30,14,+90.480,+6.570
6714.124,30,14,+91.240,+6.396
6718.254,30,14,+91.403,+5.994
6721.896,30,14,+92.822,+6.866
6746.397,30,13,+92.822,+6.866
6751.396,30,14,+92.822,+6.866
6752.342,30,14,1 L,+0.825
6754.428,30,14,1 L,+1.253
6760.743,30,14,1 L,+2.331
6764.253,30,14,1 L,+2.404
6767.703,30,14,1 L,+2.595
6771.49,30,14,1 L,+2.534
6776.496,30,14,1 L,+2.382
6779.318,30,14,1 L,+2.359
6781.459,30,14,1 L,+2.340
6785.371,30,14,1 L,+2.337
6788.575,30,14,1 L,+2.284
6792.327,30,14,1 L,+2.277
6796.113,30,14,1 L,+2.294
6799.512,30,14,1 L,+2.325
6804.552,30,14,1 L,+2.457
6809.699,30,14,1 L,+2.419
6813.785,30,14,1 L,+2.649
6819.511,30,14,1 L,+2.519
6823.068,30,14,1 L,+2.500
6826.868,30,14,1 L,+2.333
6828.932,30,14,1 L,+2.295
6831.018,30,14,1 L,+2.193
6836.376,30,14,1 L,+2.341
6837.076,30,14,1 L,+2.394
6839.968,30,14,1 L,+2.595
6841.48,30,14,1 L,+2.708
6846.362,30,14,1 L,+2.413
6849.774,30,14,1 L,+2.305
6853.078,30,14,1 L,+2.345
6856.736,30,14,1 L,+2.137
6861.583,30,14,1 L,+1.922
6864.312,30,14,1 L,+1.831
6866.416,30,14,1 L,+1.824
6870.277,30,14,1 L,+1.815
6873.435,30,14,1 L,+1.762
6877.155,30,14,1 L,+1.741
6880.924,30,14,1 L,+1.685
6884.229,30,14,1 L,+1.643
6889.227,30,14,1 L,+1.596
6894.312,30,14,1 L,+1.452
6898.254,30,14,1 L,+1.460
6903.94,30,14,1 L,+1.389
6907.419,30,14,1 L,+1.275
6911.159,30,14,1 L,+1.097
6913.307,30,14,1 L,+1.079
6915.468,30,14,1 L,+1.046
6920.63,30,14,1 L,+0.971
6924.067,30,14,1 L,+1.005
6925.545,30,14,1 L,+1.041
6930.459,30,14,1 L,+0.970
6934.43,30,14,1 L,+1.424
6938.884,30,14,1 L,+2.586
6942.81,30,14,1 L,+2.653
6947.827,30,14,1 L,+2.606
6950.635,30,14,1 L,+2.553
6952.74,30,14,1 L,+2.536
6956.669,30,14,1 L,+2.534
6959.855,30,14,1 L,+2.494
6963.573,30,14,1 L,+2.468
6967.326,30,14,1 L,+2.395
6970.598,30,14,1 L,+2.221
6975.604,30,14,1 L,+1.731
6980.617,30,14,1 L,+0.921
6984.652,30,14,1 L,+0.721
6990.378,30,14,1 L,+0.515
6993.934,30,14,1 L,+0.455
6997.969,30,14,1 L,+0.445
7000.166,30,14,1 L,+0.409
7002.295,30,14,1 L,+0.318
7007.358,30,14,1 L,+0.253
7008.022,30,14,1 L,+0.265
7010.641,30,14,1 L,+0.337
7012.253,30,14,1 L,+0.413
7017.33,30,14,1 L,+0.338
7020.774,30,14,1 L,+0.335
7024.188,30,14,1 L,+0.520
7028.077,30,14,1 L,+0.498
7033.223,30,14,1 L,+0.582
7036.023,30,14,1 L,+0.535
7038.165,30,14,1 L,+0.497
7042.124,30,14,1 L,+0.523
7045.346,30,14,1 L,+0.448
7049.059,30,14,1 L,+0.272
7052.823,30,14,1 L,+0.012
7056.111,30,13,1 L,+0.012
7056.204,30,13,1 L,+13.692
7061.269,30,13,1 L,+13.748
7066.4,30,13,1 L,+13.711
7070.471,30,13,1 L,+13.854
7076.331,30,13,1 L,+14.067
7079.86,30,13,1 L,+13.906
7083.601,30,13,1 L,+14.057
7085.731,30,13,1 L,+14.026
7087.871,30,13,1 L,+14.001
7093.066,30,13,1 L,+14.009
7093.778,30,13,1 L,+14.024
7096.59,30,13,1 L,+14.108
7098.063,30,13,1 L,+14.168
7103.018,30,13,1 L,+14.267
7106.499,30,13,1 L,+14.278
7109.811,30,13,1 L,+14.270
7113.524,30,13,1 L,+14.322
7118.406,30,13,1 L,+14.273
7121.169,30,13,1 L,+14.214
7123.261,30,13,1 L,+14.223
7127.175,30,13,1 L,+14.177
7130.332,30,13,1 L,+14.098
7134.321,30,13,1 L,+14.002
7137.904,30,13,1 L,+13.923
7141.281,30,13,1 L,+13.881
7146.235,30,13,1 L,+13.785
7151.276,30,13,1 L,+13.668
7155.326,30,13,1 L,+13.789
7161.028,30,13,1 L,+13.801
7164.397,30,13,1 L,+13.352
7168.103,30,13,1 L,+12.480
7170.217,30,13,1 L,+12.343
7172.317,30,13,1 L,+12.227
7177.51,30,13,1 L,+12.100
7178.209,30,13,1 L,+12.109
7180.972,30,13,1 L,+12.184
7182.467,30,13,1 L,+12.160
7187.277,30,13,1 L,+12.101
7190.774,30,13,1 L,+12.103
7194.114,30,13,1 L,+12.044
7197.82,30,13,1 L,+12.043
7202.708,30,13,1 L,+11.916
7205.403,30,13,1 L,+11.811
7207.476,30,13,1 L,+11.788
7211.293,30,13,1 L,+11.670
7214.469,30,13,1 L,+11.594
7218.204,30,13,1 L,+11.562
7222.043,30,13,1 L,+11.564
7225.379,30,13,1 L,+11.592
7230.432,30,13,1 L,+11.646
7235.521,30,13,1 L,+11.641
7239.531,30,13,1 L,+11.742
7245.231,30,13,1 L,+11.758
7248.617,30,13,1 L,+11.515
7252.265,30,13,1 L,+11.514
7254.467,30,13,1 L,+11.564
7256.512,30,13,1 L,+11.482
7261.642,30,13,1 L,+11.383
7262.351,30,13,1 L,+11.375
7265.038,30,13,1 L,+11.342
7266.419,30,13,1 L,+11.305
7271.264,30,13,1 L,+11.227
7274.767,30,13,1 L,+11.202
7278.049,30,13,1 L,+11.224
7281.743,30,13,1 L,+11.291
7286.643,30,13,1 L,+11.185
7289.389,30,13,1 L,+11.047
7291.466,30,13,1 L,+10.966
7295.292,30,13,1 L,+10.771
7298.46,30,13,1 L,+10.715
7302.471,30,13,1 L,+10.677
7306.048,30,13,1 L,+10.669
7309.454,30,13,1 L,+10.680
7314.454,30,13,1 L,+10.711
7319.47,30,13,1 L,+10.626
7323.463,30,13,1 L,+10.691
7329.141,30,13,1 L,+9.517
7332.571,30,13,1 L,+9.046
7336.347,30,13,1 L,+9.002
7338.456,30,13,1 L,+8.886
7340.519,30,13,1 L,+8.799
7345.705,30,13,1 L,+8.770
7346.439,30,13,1 L,+8.780
7349.122,30,13,1 L,+8.822
7350.524,30,13,1 L,+8.739
7355.32,30,13,1 L,+8.590
7358.908,30,13,1 L,+8.672
7362.235,30,13,1 L,+8.743
7365.878,30,13,1 L,+8.719
7370.747,30,13,1 L,+8.621
7373.457,30,13,1 L,+8.476
7375.56,30,13,1 L,+8.436
7379.34,30,13,1 L,+8.314
7382.554,30,13,1 L,+8.261
7386.507,30,13,1 L,+8.225
7390.067,30,13,1 L,+8.220
7393.487,30,13,1 L,+8.259
7398.388,30,13,1 L,+8.155
7403.399,30,13,1 L,+7.992
7407.269,30,13,1 L,+7.973
7413.021,30,13,1 L,+8.027
7416.429,30,13,1 L,+7.807
7420.2,30,13,1 L,+7.877
7422.36,30,13,1 L,+7.821
7424.431,30,13,1 L,+7.815
7429.625,30,13,1 L,+7.814
7430.334,30,13,1 L,+7.824
7433.106,30,13,1 L,+7.879
7434.536,30,13,1 L,+7.860
7439.364,30,13,1 L,+7.748
7442.873,30,13,1 L,+7.758
7446.176,30,13,1 L,+7.805
7449.87,30,13,1 L,+7.864
7454.73,30,13,1 L,+7.806
7457.444,30,13,1 L,+7.710
7459.502,30,13,1 L,+7.690
7463.336,30,13,1 L,+7.515
7466.517,30,13,1 L,+7.470
7470.244,30,13,1 L,+7.403
7474.091,30,13,1 L,+7.380
7477.533,30,13,1 L,+7.390
7482.474,30,13,1 L,+7.351
7487.526,30,13,1 L,+7.244
7491.547,30,13,1 L,+7.340
7497.207,30,13,1 L,+7.294
7500.579,30,13,1 L,+7.126
7504.382,30,13,1 L,+7.172
7506.48,30,13,1 L,+7.149
7508.524,30,13,1 L,+7.124
7513.687,30,13,1 L,+7.027
7514.355,30,13,1 L,+7.014
7517.068,30,13,1 L,+6.960
7518.457,30,13,1 L,+6.880
7523.308,30,13,1 L,+6.819
7526.795,30,13,1 L,+6.839
7530.154,30,13,1 L,+6.853
7533.75,30,13,1 L,+6.866
7538.666,30,13,1 L,+6.798
7541.36,30,13,1 L,+6.710
7543.545,30,13,1 L,+6.793
7547.549,30,13,1 L,+6.864
7550.737,30,13,1 L,+6.823
7554.479,30,13,1 L,+6.735
7558.269,30,13,1 L,+6.643
7561.662,30,13,1 L,+6.603
7566.594,30,13,1 L,+6.561
7571.615,30,13,1 L,+6.461
7575.676,30,13,1 L,+6.630
7581.339,30,13,1 L,+6.551
7584.768,30,13,1 L,+6.390
7588.525,30,13,1 L,+6.405
7590.639,30,13,1 L,+6.374
7592.737,30,13,1 L,+6.367
7597.901,30,13,1 L,+6.302
7598.596,30,13,1 L,+6.290
7601.305,30,13,1 L,+6.247
7602.777,30,13,1 L,+6.232
7607.608,30,13,1 L,+6.186
7611.108,30,13,1 L,+6.243
7614.466,30,13,1 L,+6.315
7618.156,30,13,1 L,+6.393
7622.984,30,13,1 L,+6.315
7625.697,30,13,1 L,+6.244
7627.84,30,13,1 L,+6.355
7631.853,30,13,1 L,+6.475
7635.029,30,13,1 L,+6.430
7638.746,30,13,1 L,+6.345
7642.555,30,13,1 L,+6.232
7645.882,30,13,1 L,+6.162
7650.796,30,13,1 L,+6.120
7655.799,30,13,1 L,+5.971
7659.74,30,13,1 L,+5.939
7665.451,30,13,1 L,+5.885
7668.881,30,13,1 L,+5.685
7672.677,30,13,1 L,+5.753
7674.719,30,13,1 L,+5.589
7676.848,30,13,1 L,+5.591
7682.006,30,13,1 L,+5.529
7682.902,30,13,1 L,+5.520
7685.359,30,13,1 L,+5.487
7686.801,30,13,1 L,+5.457
7691.647,30,13,1 L,+5.417
7695.175,30,13,1 L,+5.518
7698.495,30,13,1 L,+5.598
7702.265,30,13,1 L,+5.677
7707.105,30,13,1 L,+5.616
7709.866,30,13,1 L,+5.592
7712.092,30,13,1 L,+5.769
7716.156,30,13,1 L,+5.927
7719.335,30,13,1 L,+5.904
7723.089,30,13,1 L,+5.811
7726.845,30,13,1 L,+5.698
7730.235,30,13,1 L,+5.635
7735.172,30,13,1 L,+5.608
7740.235,30,13,1 L,+5.542
7744.21,30,13,1 L,+5.563
7749.893,30,13,1 L,+5.554
7753.327,30,13,1 L,+5.383
7757.024,30,13,1 L,+5.343
7759.132,30,13,1 L,+5.290
7761.194,30,13,1 L,+5.216
7766.317,30,13,1 L,+5.138
7766.984,30,13,1 L,+5.128
7769.668,30,13,1 L,+5.074
7771.045,30,13,1 L,+4.993
7775.891,30,13,1 L,+4.981
7779.422,30,13,1 L,+5.066
7782.814,30,13,1 L,+5.135
7786.491,30,13,1 L,+5.229
7791.356,30,13,1 L,+5.162
7794.058,30,13,1 L,+5.087
7796.212,30,13,1 L,+5.152
7800.143,30,13,1 L,+5.147
7803.298,30,13,1 L,+5.100
7807.031,30,13,1 L,+4.992
7810.793,30,13,1 L,+4.850
7814.165,30,13,1 L,+4.756
7819.103,30,13,1 L,+4.727
7824.157,30,13,1 L,+4.699
7828.147,30,13,1 L,+4.816
7833.773,30,13,1 L,+4.696
7837.186,30,13,1 L,+4.544
7840.987,30,13,1 L,+4.607
7843.13,30,13,1 L,+4.570
7845.19,30,13,1 L,+4.481
7850.332,30,13,1 L,+4.394
7851.029,30,13,1 L,+4.374
7853.695,30,13,1 L,+4.288
7855.096,30,13,1 L,+4.255
7859.926,30,13,1 L,+4.186
7863.37,30,13,1 L,+4.200
7866.59,30,13,1 L,+4.205
7870.304,30,13,1 L,+4.275
7875.198,30,13,1 L,+4.218
7877.885,30,13,1 L,+4.100
7880.028,30,13,1 L,+4.156
7883.936,30,13,1 L,+4.182
7887.128,30,13,1 L,+4.144
7890.839,30,13,1 L,+4.048
7894.609,30,13,1 L,+3.937
7897.956,30,13,1 L,+3.859
7902.86,30,13,1 L,+3.767
7907.857,30,13,1 L,+3.664
7911.821,30,13,1 L,+3.689
7917.548,30,13,1 L,+3.695
7920.963,30,13,1 L,+3.418
7924.713,30,13,1 L,+3.401
7926.866,30,13,1 L,+3.394
7928.893,30,13,1 L,+3.329
7934.091,30,13,1 L,+3.333
7934.787,30,13,1 L,+3.342
7937.578,30,13,1 L,+3.392
7939.04,30,13,1 L,+3.368
7943.842,30,13,1 L,+3.332
7947.291,30,13,1 L,+3.336
7950.53,30,13,1 L,+3.344
7954.19,30,13,1 L,+3.366
7959.06,30,13,1 L,+3.297
7961.861,30,13,1 L,+3.224
7964.05,30,13,1 L,+3.348
7967.971,30,13,1 L,+3.405
7971.194,30,13,1 L,+3.416
7974.974,30,13,1 L,+3.333
7978.697,30,13,1 L,+3.213
7982.026,30,13,1 L,+3.122
7986.969,30,13,1 L,+3.101
7992.079,30,13,1 L,+3.092
7996.078,30,13,1 L,+3.147
8001.779,30,13,1 L,+3.125
8005.175,30,13,1 L,+2.877
8008.969,30,13,1 L,+2.940
8011.024,30,13,1 L,+2.909
8013.14,30,13,1 L,+2.833
8018.321,30,13,1 L,+2.793
8019.068,30,13,1 L,+2.791
8021.748,30,13,1 L,+2.798
8023.175,30,13,1 L,+2.810
8027.999,30,13,1 L,+2.790
8031.462,30,13,1 L,+2.804
8034.739,30,13,1 L,+2.843
8038.411,30,13,1 L,+2.868
8043.295,30,13,1 L,+2.802
8045.994,30,13,1 L,+2.702
8048.061,30,13,1 L,+2.711
8051.914,30,13,1 L,+2.714
8055.135,30,13,1 L,+2.651
8058.869,30,13,1 L,+2.533
8062.684,30,13,1 L,+2.397
8066.032,30,13,1 L,+2.315
8070.961,30,13,1 L,+2.259
8076.016,30,13,1 L,+2.166
8080.11,30,13,1 L,+2.254
8085.778,30,13,1 L,+2.247
8089.199,30,13,1 L,+2.072
8093.032,30,13,1 L,+2.147
8095.092,30,13,1 L,+2.122
8097.188,30,13,1 L,+2.069
8102.297,30,13,1 L,+1.952
8103.009,30,13,1 L,+1.938
8105.6,30,13,1 L,+1.877
8107.033,30,13,1 L,+1.862
8111.847,30,13,1 L,+1.801
8115.328,30,13,1 L,+1.829
8118.691,30,13,1 L,+1.949
8122.335,30,13,1 L,+1.986
8127.227,30,13,1 L,+1.933
8129.948,30,13,1 L,+1.756
8132.005,30,13,1 L,+1.598
8135.871,30,13,1 L,+1.436
8139.054,30,13,1 L,+1.390
8142.778,30,13,1 L,+1.313
8146.536,30,13,1 L,+1.208
8149.859,30,13,1 L,+1.145
8154.809,30,13,1 L,+1.125
8159.861,30,13,1 L,+1.082
8163.862,30,13,1 L,+1.118
8169.556,30,13,1 L,+1.145
8172.987,30,13,1 L,+0.998
8176.791,30,13,1 L,+1.061
8178.97,30,13,1 L,+1.088
8181.075,30,13,1 L,+1.039
8186.166,30,13,1 L,+1.002
8186.835,30,13,1 L,+0.994
8189.504,30,13,1 L,+0.953
8190.939,30,13,1 L,+0.931
8195.849,30,13,1 L,+0.968
8199.313,30,13,1 L,+0.999
8202.62,30,13,1 L,+0.996
8206.282,30,13,1 L,+1.075
8211.186,30,13,1 L,+1.056
8213.964,30,13,1 L,+1.051
8216.174,30,13,1 L,+1.191
8220.162,30,13,1 L,+1.250
8223.355,30,13,1 L,+1.235
8227.088,30,13,1 L,+1.153
8230.836,30,13,1 L,+1.022
8234.14,30,13,1 L,+0.907
8239.143,30,13,1 L,+0.955
8244.159,30,13,1 L,+0.839
8248.145,30,13,1 L,+0.844
8253.916,30,13,1 L,+0.899
8257.422,30,13,1 L,+0.828
8261.266,30,13,1 L,+0.879
8263.338,30,13,1 L,+0.835
8265.509,30,13,1 L,+0.787
8270.642,30,13,1 L,+0.720
8271.341,30,13,1 L,+0.705
8273.97,30,13,1 L,+0.627
8275.415,30,13,1 L,+0.637
8280.423,30,13,1 L,+0.747
8283.853,30,13,1 L,+0.726
8287.125,30,13,1 L,+0.723
8290.929,30,13,1 L,+0.871
8295.869,30,13,1 L,+0.835
8298.592,30,13,1 L,+0.809
8300.758,30,13,1 L,+0.903
8304.723,30,13,1 L,+0.990
8307.907,30,13,1 L,+0.941
8311.616,30,13,1 L,+0.826
8315.267,30,13,1 L,+0.652
8318.538,30,13,1 L,+0.491
8323.578,30,13,1 L,+0.613
8328.56,30,13,1 L,+0.520
8332.611,30,13,1 L,+0.599
8338.454,30,13,1 L,+0.709
8342.094,30,13,1 L,+0.677
8345.944,30,13,1 L,+0.781
8348.057,30,13,1 L,+0.753
8350.147,30,13,1 L,+0.742
8355.292,30,13,1 L,+0.634
8355.951,30,13,1 L,+0.606
8358.629,30,13,1 L,+0.479
8360.125,30,13,1 L,+0.538
8365.147,30,13,1 L,+0.648
8368.579,30,13,1 L,+0.622
8371.916,30,13,1 L,+0.725
8375.737,30,13,1 L,+0.749
8380.687,30,13,1 L,+0.752
8383.431,30,13,1 L,+0.712
8385.578,30,13,1 L,+0.800
8389.582,30,13,1 L,+0.853
8392.767,30,13,1 L,+0.814
8396.484,30,13,1 L,+0.715
8400.192,30,13,1 L,+0.564
8403.461,30,13,1 L,+0.424
8408.629,30,13,1 L,+0.602
8413.664,30,13,1 L,+0.543
8417.784,30,13,1 L,+0.662
8423.667,30,13,1 L,+0.795
8427.137,30,13,1 L,+0.746
8431.099,30,13,1 L,+0.854
8433.188,30,13,1 L,+0.846
8435.262,30,13,1 L,+0.780
8440.481,30,13,1 L,+0.754
8441.401,30,13,1 L,+0.749
8443.867,30,13,1 L,+0.742
8445.338,30,13,1 L,+0.792
8450.291,30,13,1 L,+0.847
8453.739,30,13,1 L,+0.784
8457.015,30,13,1 L,+0.716
8460.807,30,13,1 L,+0.825
8465.855,30,13,1 L,+0.945
8468.6,30,13,1 L,+0.915
8470.638,30,13,1 L,+0.935
8474.592,30,13,1 L,+0.925
8477.773,30,13,1 L,+0.900
8481.503,30,13,1 L,+0.797
8485.221,30,13,1 L,+0.617
8488.478,30,13,1 L,+0.432
8493.521,30,13,1 L,+0.578
8498.512,30,13,1 L,+0.469
8502.586,30,13,1 L,+0.556
8508.334,30,13,1 L,+0.634
8511.784,30,13,1 L,+0.534
8515.645,30,13,1 L,+0.654
8517.835,30,13,1 L,+0.665
8519.903,30,13,1 L,+0.613
8525.017,30,13,1 L,+0.452
8525.651,30,13,1 L,+0.413
8528.325,30,13,1 L,+0.313
8529.92,30,13,1 L,+0.458
8534.887,30,13,1 L,+0.542
8538.312,30,13,1 L,+0.460
8541.69,30,13,1 L,+0.507
8545.487,30,13,1 L,+0.563
8550.482,30,13,1 L,+0.609
8553.223,30,13,1 L,+0.622
8555.372,30,13,1 L,+0.741
8559.433,30,13,1 L,+0.880
8562.69,30,13,1 L,+0.946
8566.439,30,13,1 L,+0.876
8570.174,30,13,1 L,+0.713
8573.46,30,13,1 L,+0.566
8578.472,30,13,1 L,+0.686
8583.444,30,13,1 L,+0.524
8587.459,30,13,1 L,+0.571
8593.281,30,13,1 L,+0.603
8596.759,30,13,1 L,+0.522
8600.577,30,13,1 L,+0.563
8602.823,30,13,1 L,+0.586
8604.933,30,13,1 L,+0.575
8610.125,30,13,1 L,+0.557
8610.784,30,13,1 L,+0.541
8613.486,30,13,1 L,+0.488
8614.955,30,13,1 L,+0.541
8619.98,30,13,1 L,+0.474
8623.385,30,13,1 L,+0.360
8626.903,30,13,1 L,+0.562
8630.754,30,13,1 L,+0.705
8635.798,30,13,1 L,+0.824
8638.944,30,13,1 L,+1.279
8641.534,30,13,1 L,+1.780
8645.75,30,13,1 L,+2.094
8648.972,30,13,1 L,+2.101
8652.7,30,13,1 L,+1.989
8656.402,30,13,1 L,+1.763
8659.653,30,13,1 L,+1.583
8664.744,30,13,1 L,+1.764
8669.773,30,13,1 L,+1.665
8673.723,30,13,1 L,+1.508
8679.555,30,13,1 L,+1.572
8683.057,30,13,1 L,+1.390
8686.953,30,13,1 L,+0.736
8689.191,30,13,1 L,+0.781
8691.274,30,13,1 L,+0.719
8696.879,30,13,1 L,+0.957
8697.696,30,13,1 L,+1.049
8700.617,30,13,1 L,+1.211
8702.243,30,13,1 L,+1.309
8707.433,30,13,1 L,+1.448
8710.846,30,13,1 L,+1.364
8714.312,30,13,1 L,+0.594
8718.221,30,13,1 L,+0.559
8723.281,30,13,1 L,+0.476
8726.113,30,13,1 L,+0.543
8728.215,30,13,1 L,+0.609
8732.194,30,13,1 L,+0.605
8735.435,30,13,1 L,+0.632
8739.171,30,13,1 L,+0.619
8742.916,30,13,1 L,+0.565
8746.18,30,13,1 L,+0.508
8751.172,30,13,1 L,+0.580
8756.238,30,13,1 L,+0.573
8760.318,30,13,1 L,+0.709
8766.228,30,13,1 L,+0.765
8769.691,30,13,1 L,+0.703
8773.628,30,13,1 L,+0.882
8775.922,30,13,1 L,+1.018
8778.106,30,13,1 L,+1.040
8783.311,30,13,1 L,+1.077
8783.986,30,13,1 L,+1.098
8850.684,30,13,1L,+1.098
12.598,41,9,,
3748.347,41,9,+0.786,
3750.663,41,10,+0.786,
3751.3,41,7,+0.786,
3751.403,41,7,+0.783,+0.202
3757.174,41,6,+0.783,+0.202
3757.257,41,6,+1.506,+0.048
3760.224,41,5,+1.506,+0.048
3760.31,41,5,+1.281,+0.004
3763.87,41,4,+1.281,+0.004
3763.962,41,4,+0.982,+0.235
3768.104,41,4,+1.450,+0.239
3773.598,41,4,+1.915,+0.319
3776.646,41,4,+2.231,+0.477
3778.505,41,4,+2.270,+0.505
3782.66,41,4,+2.498,+0.587
3786.015,41,4,+2.484,+0.578
3789.699,41,4,+2.353,+0.469
3793.432,41,4,+2.008,+0.250
3796.634,41,4,+1.660,+0.057
3801.971,41,3,+1.660,+0.057
3802.042,41,3,+2.011,+1.083
3807.614,41,3,+2.289,+1.488
3811.524,41,3,+2.249,+1.404
3817.69,41,4,+2.249,+1.404
3817.952,41,4,+2.969,+0.147
3821.833,41,4,+3.405,+0.283
3825.691,41,4,+3.708,+0.369
3828.101,41,4,+3.871,+0.455
3830.13,41,4,+4.021,+0.579
3835.359,41,4,+4.152,+0.789
3836.043,41,5,+4.152,+0.789
3836.127,41,5,+4.152,+0.035
3838.923,41,5,+4.058,+0.206
3840.632,41,5,+4.246,+0.441
3845.664,41,5,+4.501,+0.546
3849.117,41,5,+4.409,+0.429
3852.617,41,5,+4.534,+0.447
3856.573,41,5,+4.711,+0.611
3861.568,41,5,+4.807,+0.651
3864.422,41,5,+4.899,+0.716
3866.553,41,5,+4.847,+0.672
3870.553,41,5,+4.951,+0.742
3873.865,41,5,+4.959,+0.780
3877.599,41,5,+4.885,+0.601
3881.302,41,5,+4.696,+0.210
3884.659,41,5,+4.708,+0.034
3889.811,41,4,+4.708,+0.034
3889.902,41,4,+4.718,+1.869
3895.215,41,4,+4.690,+2.043
3899.017,41,5,+4.690,+2.043
3899.432,41,5,+4.727,+0.238
3905.528,41,5,+5.064,+0.444
3909.379,41,5,+5.400,+0.857
3913.204,41,5,+5.498,+0.984
3915.564,41,5,+5.549,+1.030
3917.63,41,5,+5.675,+1.161
3922.731,41,5,+5.623,+1.252
3923.323,41,5,+5.598,+1.266
3925.999,41,5,+5.410,+1.315
3927.453,41,5,+5.394,+1.424
3932.535,41,5,+5.578,+1.379
3935.912,41,5,+5.500,+1.294
3939.231,41,5,+5.370,+1.239
3943.097,41,5,+5.505,+1.296
3948.168,41,5,+5.735,+1.427
3951.014,41,5,+5.810,+1.437
3953.133,41,5,+5.902,+1.372
3957.134,41,5,+6.169,+1.431
3960.413,41,5,+6.136,+1.412
3964.174,41,5,+5.966,+1.293
3967.905,41,5,+5.645,+1.030
3971.162,41,5,+5.276,+0.744
3976.413,41,5,+5.370,+0.859
3981.499,41,5,+5.132,+0.743
3985.508,41,5,+5.021,+0.743
3991.284,41,5,+5.040,+0.800
3994.936,41,5,+5.147,+0.971
3998.676,41,5,+5.241,+1.000
4000.883,41,5,+5.340,+1.096
4003.094,41,5,+5.396,+1.212
4008.144,41,5,+5.243,+1.221
4008.842,41,5,+5.202,+1.207
4011.469,41,5,+4.994,+1.140
4012.944,41,5,+5.042,+1.230
4017.933,41,5,+5.170,+1.332
4021.432,41,5,+5.012,+1.280
4024.839,41,5,+5.009,+1.281
4028.621,41,5,+5.155,+1.340
4033.634,41,5,+5.258,+1.354
4036.451,41,5,+5.351,+1.398
4038.569,41,5,+5.335,+1.385
4042.614,41,5,+5.507,+1.453
4045.815,41,5,+5.505,+1.443
4049.55,41,5,+5.472,+1.254
4053.311,41,5,+5.368,+0.887
4056.597,41,5,+5.248,+0.557
4061.922,41,5,+5.669,+0.785
4067.112,41,5,+5.608,+0.792
4071.062,41,5,+5.510,+0.867
4077.114,41,5,+5.804,+1.203
4080.811,41,5,+6.152,+1.508
4084.627,41,5,+6.450,+1.606
4086.868,41,5,+6.618,+1.709
4089.007,41,5,+6.725,+1.842
4094.23,41,5,+6.721,+1.928
4094.888,41,5,+6.721,+1.937
4097.451,41,6,+6.721,+1.937
4097.672,41,6,+6.731,+0.117
4099.292,41,6,+6.960,+0.325
4104.491,41,6,+7.389,+0.518
4108.011,41,6,+7.261,+0.465
4111.454,41,6,+7.308,+0.472
4115.317,41,6,+7.619,+0.706
4120.476,41,6,+7.918,+1.047
4123.361,41,6,+8.110,+1.112
4125.497,41,6,+8.148,+1.104
4129.481,41,6,+8.344,+1.179
4132.731,41,6,+8.373,+1.189
4136.487,41,6,+8.348,+1.147
4140.245,41,6,+8.235,+1.045
4143.491,41,6,+8.080,+0.952
4148.67,41,6,+8.403,+1.133
4153.769,41,6,+8.314,+1.129
4157.745,41,6,+8.238,+1.213
4163.551,41,6,+8.355,+1.448
4167.177,41,6,+8.610,+1.636
4170.901,41,6,+8.850,+1.740
4173.164,41,6,+8.963,+1.646
4175.313,41,6,+9.010,+1.724
4180.483,41,6,+8.985,+1.654
4181.119,41,6,+8.975,+1.635
4183.882,41,6,+8.925,+1.584
4185.306,41,6,+8.981,+1.638
4190.268,41,6,+9.106,+1.727
4193.808,41,6,+8.954,+1.806
4197.187,41,6,+8.888,+1.911
4200.98,41,6,+9.067,+2.017
4205.963,41,6,+9.225,+2.200
4208.797,41,6,+9.343,+2.227
4210.922,41,6,+9.364,+2.248
4214.861,41,6,+9.467,+2.294
4218.068,41,6,+9.451,+2.294
4221.811,41,6,+9.415,+2.304
4225.619,41,6,+9.330,+2.345
4228.927,41,6,+9.222,+2.299
4234.046,41,6,+9.416,+2.072
4239.2,41,6,+9.372,+2.055
4243.141,41,6,+9.238,+1.983
4248.994,41,6,+9.123,+2.030
4252.621,41,6,+9.341,+2.195
4256.323,41,6,+9.539,+2.137
4258.525,41,6,+9.576,+2.223
4260.654,41,6,+9.583,+2.290
4265.85,41,6,+9.549,+2.319
4266.544,41,6,+9.545,+2.330
4269.243,41,6,+9.530,+2.375
4270.679,41,6,+9.583,+2.398
4275.554,41,6,+9.629,+2.171
4279.133,41,6,+9.519,+2.214
4282.491,41,6,+9.454,+2.190
4286.257,41,6,+9.610,+2.200
4291.242,41,6,+9.729,+2.248
4294.08,41,6,+9.855,+2.253
4296.175,41,6,+9.873,+2.076
4300.125,41,6,+10.013,+1.921
4303.322,41,6,+10.020,+1.885
4307.107,41,6,+9.984,+1.780
4310.866,41,6,+9.895,+1.584
4314.129,41,6,+9.784,+1.380
4319.223,41,6,+9.985,+1.446
4324.416,41,6,+9.947,+1.473
4328.335,41,6,+9.880,+1.490
4334.213,41,6,+10.109,+1.643
4337.811,41,6,+10.378,+1.843
4341.459,41,6,+10.563,+1.872
4343.704,41,6,+10.651,+1.929
4345.859,41,6,+10.694,+2.004
4350.991,41,6,+10.703,+2.068
4351.695,41,6,+10.705,+2.079
4354.445,41,6,+10.721,+2.131
4355.885,41,6,+10.808,+2.182
4360.825,41,6,+10.914,+2.269
4364.367,41,6,+10.584,+2.271
4367.739,41,6,+10.532,+2.239
4371.556,41,6,+10.478,+2.302
4376.557,41,6,+10.553,+2.391
4379.381,41,6,+10.682,+2.417
4381.505,41,6,+10.716,+2.270
4385.428,41,6,+10.869,+2.185
4388.672,41,6,+10.895,+2.156
4392.433,41,6,+10.343,+1.979
4396.176,41,6,+10.326,+1.643
4399.476,41,6,+10.302,+1.349
4404.536,41,6,+10.410,+1.262
4409.685,41,6,+10.284,+1.297
4413.571,41,6,+10.059,+1.289
4419.418,41,6,+10.221,+1.501
4423.016,41,6,+10.293,+1.718
4426.722,41,6,+10.387,+1.767
4428.945,41,6,+10.483,+1.854
4431.111,41,6,+9.901,+1.952
4436.269,41,6,+10.448,+2.016
4436.954,41,6,+10.402,+2.026
4439.695,41,6,+10.238,+2.070
4441.164,41,6,+10.247,+2.144
4446.086,41,6,+9.820,+2.156
4449.653,41,6,+9.690,+2.190
4453.025,41,6,+9.720,+2.213
4456.844,41,6,+9.558,+2.334
4461.861,41,6,+9.520,+2.403
4464.716,41,6,+9.687,+2.474
4466.828,41,6,+9.814,+2.423
4470.806,41,6,+10.070,+2.409
4473.991,41,6,+10.050,+2.384
4477.758,41,6,+9.958,+2.208
4481.514,41,6,+9.766,+1.872
4484.842,41,6,+9.547,+1.563
4489.943,41,6,+9.753,+1.554
4495.029,41,6,+9.703,+1.520
4499.003,41,6,+9.531,+1.589
4504.758,41,6,+9.649,+1.717
4508.324,41,6,+9.860,+1.919
4512.015,41,6,+10.074,+1.999
4514.253,41,6,+10.137,+2.055
4516.462,41,6,+10.190,+2.120
4521.639,41,6,+10.139,+2.119
4522.331,41,6,+10.137,+2.124
4525.015,41,6,+10.149,+2.150
4526.512,41,6,+10.246,+2.226
4531.431,41,6,+10.386,+2.248
4534.948,41,6,+10.166,+2.236
4538.24,41,6,+9.983,+2.216
4542.173,41,6,+10.243,+2.341
4547.134,41,6,+10.365,+2.393
4549.971,41,6,+10.478,+2.449
4552.097,41,6,+10.478,+2.399
4556.051,41,6,+10.645,+2.413
4559.303,41,6,+10.645,+2.383
4563.026,41,6,+10.625,+2.201
4566.808,41,6,+10.569,+1.849
4570.135,41,6,+10.482,+1.526
4575.258,41,6,+10.751,+1.480
4580.398,41,6,+10.801,+1.540
4584.354,41,6,+10.746,+1.612
4590.233,41,6,+10.947,+1.779
4593.865,41,6,+11.226,+2.013
4597.657,41,6,+11.538,+2.179
4599.882,41,6,+11.662,+2.225
4602.143,41,6,+11.708,+2.287
4607.181,41,6,+11.721,+2.323
4607.852,41,6,+11.725,+2.326
4610.607,41,6,+11.746,+2.333
4612.088,41,6,+11.826,+2.381
4616.946,41,6,+11.889,+2.372
4620.503,41,6,+11.699,+2.460
4623.878,41,6,+11.625,+2.413
4627.682,41,6,+11.816,+2.506
4632.694,41,6,+11.994,+2.577
4635.528,41,6,+12.120,+2.578
4637.635,41,6,+12.244,+2.483
4641.554,41,6,+12.513,+2.296
4644.775,41,6,+12.540,+2.122
4648.536,41,6,+12.490,+1.226
4652.255,41,5,+12.490,+1.226
4652.339,41,5,+12.345,+9.417
4655.669,41,5,+12.188,+9.458
4660.827,41,5,+12.491,+9.758
4665.951,41,5,+12.496,+9.801
4669.915,41,5,+12.451,+9.924
4675.729,41,5,+12.599,+9.996
4679.313,41,5,+12.864,+10.119
4682.989,41,5,+13.103,+10.184
4686.065,41,5,+14.037,+11.037
4690.821,41,5,+16.756,+13.805
4699.249,41,5,+19.990,+17.064
4700.134,41,5,+20.165,+17.244
4703.382,41,5,+20.704,+17.242
4705.206,41,5,+21.170,+16.640
4711.131,41,5,+18.789,+13.686
4715.002,41,5,+16.952,+12.059
4719.116,41,5,+16.846,+11.940
4723.433,41,5,+16.852,+12.260
4730.846,41,5,+17.234,+13.444
4734.522,41,5,+17.430,+13.586
4737.31,41,5,+17.762,+13.904
4742.341,41,5,+18.319,+14.546
4746.612,41,5,+19.251,+14.502
4752.078,41,5,+17.541,+13.293
4758.003,41,5,+16.455,+12.803
4763.607,41,5,+15.925,+11.097
4771.318,41,5,+15.494,+11.570
4777.783,41,5,+16.326,+12.239
4782.54,41,5,+16.625,+12.959
4789.256,41,5,+17.100,+13.790
4793.797,41,5,+17.758,+14.318
4798.075,41,5,+17.548,+14.631
4801.015,41,5,+17.798,+14.884
4804.324,41,5,+18.443,+14.884
4811.167,41,5,+18.216,+14.884
4812.102,41,4,+18.216,+14.884
4812.103,41,4,+18.157,+5.213
4815.945,41,4,+18.103,+2.677
4818.099,41,4,+18.325,+2.787
4825.529,41,4,+19.494,+1.599
4830.143,41,4,+18.354,+2.189
4834.321,41,4,+17.492,+2.225
4838.867,41,4,+17.875,+2.731
4845.924,41,4,+19.146,+2.845
4849.612,41,4,+18.207,+3.115
4852.199,41,4,+17.598,+3.276
4857.496,41,4,+16.725,+1.920
4861.805,41,4,+17.329,+2.475
4866.958,41,4,+18.534,+1.563
4872.718,41,4,+16.900,+1.827
4879.666,41,4,+17.957,+2.129
4887.313,41,4,+17.564,+3.108
4893.138,41,4,+17.716,+3.544
4897.754,41,4,+17.959,+3.238
4904.281,41,4,+18.061,+2.932
4908.331,41,4,+18.385,+2.572
4912.646,41,4,+17.665,+2.309
4915.922,41,4,+17.405,+2.593
4918.763,41,4,+17.835,+2.459
4925.851,41,4,+17.875,+2.233
4926.979,41,4,+17.857,+2.432
4931.121,41,4,+17.866,+2.690
4933.075,41,4,+17.979,+2.387
4938.478,41,4,+17.389,+2.058
4942.146,41,4,+15.838,+2.108
4945.725,41,4,+14.883,+2.176
4949.558,41,4,+14.453,+2.350
4954.634,41,4,+14.559,+2.570
4957.49,41,4,+14.711,+2.701
4959.613,41,4,+14.845,+2.796
4963.552,41,4,+15.050,+2.998
4966.81,41,4,+15.040,+3.036
4970.559,41,4,+14.980,+2.971
4974.328,41,4,+14.832,+2.836
4977.672,41,4,+14.669,+2.729
4982.785,41,4,+14.846,+2.974
4987.938,41,4,+14.934,+3.088
4991.862,41,4,+14.809,+2.963
4997.683,41,4,+15.005,+3.064
5001.243,41,4,+15.289,+3.300
5005.047,41,4,+15.480,+3.391
5007.188,41,4,+15.528,+3.508
5009.343,41,4,+15.606,+3.628
5014.467,41,4,+15.539,+3.531
5015.135,41,4,+15.529,+3.499
5017.886,41,4,+15.489,+3.407
5019.362,41,4,+15.591,+3.486
5024.246,41,4,+15.720,+3.706
5027.753,41,4,+15.674,+3.733
5031.089,41,4,+15.549,+3.719
5034.854,41,4,+15.725,+3.916
5039.834,41,4,+15.889,+4.176
5042.681,41,4,+15.990,+4.342
5044.782,41,4,+15.991,+4.397
5048.687,41,4,+16.168,+4.651
5051.919,41,4,+16.193,+4.711
5055.662,41,4,+16.175,+4.704
5059.427,41,4,+16.097,+4.641
5062.779,41,4,+15.995,+4.562
5067.709,41,4,+16.137,+4.805
5072.899,41,4,+16.075,+4.795
5076.868,41,4,+16.036,+4.876
5082.684,41,4,+16.221,+5.101
5086.182,41,4,+16.465,+5.305
5089.901,41,4,+16.645,+5.401
5092.155,41,4,+16.760,+5.587
5094.274,41,4,+16.830,+5.709
5099.339,41,4,+16.657,+5.587
5100.101,41,4,+16.641,+5.551
5102.795,41,4,+16.620,+5.470
5102.876,41,5,+16.620,+5.470
5104.386,41,5,+16.875,+0.244
5109.656,41,5,+17.345,+0.393
5113.139,41,5,+17.249,+0.340
5116.55,41,5,+17.400,+0.482
5120.421,41,5,+17.649,+0.698
5125.522,41,5,+17.906,+1.068
5128.355,41,5,+18.066,+1.249
5130.477,41,5,+18.082,+1.297
5134.439,41,5,+18.285,+1.498
5137.68,41,5,+18.299,+1.517
5141.432,41,5,+18.291,+1.479
5145.19,41,5,+18.198,+1.350
5148.444,41,5,+18.086,+1.215
5153.528,41,5,+18.295,+1.436
5158.644,41,5,+18.221,+1.406
5162.64,41,5,+18.209,+1.396
5168.411,41,5,+18.325,+1.657
5171.948,41,5,+18.586,+1.837
5175.65,41,5,+18.772,+2.015
5177.924,41,5,+18.947,+2.081
5180.096,41,5,+19.047,+2.188
5185.246,41,5,+19.030,+2.123
5185.92,41,5,+19.028,+2.101
5188.654,41,5,+19.030,+2.014
5190.059,41,5,+19.151,+2.054
5194.946,41,5,+18.966,+2.140
5198.469,41,5,+18.759,+2.140
5202.028,41,5,+18.681,+2.156
5205.535,41,5,+18.733,+2.292
5210.484,41,5,+18.728,+2.425
5213.257,41,5,+18.833,+2.415
5215.379,41,5,+18.955,+2.447
5219.324,41,5,+19.242,+2.659
5222.568,41,5,+19.227,+2.660
5226.311,41,5,+19.166,+2.628
5230.073,41,5,+19.026,+2.555
5233.389,41,5,+18.880,+2.483
5238.464,41,5,+19.120,+2.810
5243.593,41,5,+19.099,+2.842
5247.532,41,5,+18.947,+2.949
5253.398,41,5,+19.152,+3.235
5256.95,41,5,+19.377,+3.420
5260.652,41,5,+19.519,+3.563
5262.871,41,5,+19.681,+3.674
5265.132,41,5,+19.802,+3.885
5270.319,41,5,+19.769,+3.932
5271.013,41,5,+19.768,+3.937
5273.794,41,5,+19.771,+3.959
5275.203,41,5,+19.790,+4.016
5280.186,41,5,+19.941,+4.207
5283.741,41,5,+19.911,+4.261
5287.129,41,5,+19.980,+4.394
5290.925,41,5,+20.184,+4.559
5295.925,41,5,+20.330,+4.811
5298.762,41,5,+20.476,+4.974
5300.88,41,5,+20.603,+5.022
5304.843,41,5,+20.873,+5.207
5308.035,41,5,+20.833,+5.220
5311.813,41,5,+20.791,+5.202
5315.572,41,5,+20.692,+5.144
5318.883,41,5,+20.587,+5.085
5323.924,41,5,+20.860,+5.345
5329.083,41,5,+20.837,+5.339
5333.91,41,5,+21.639,+6.304
5342.862,41,5,+24.914,+7.610
5347.417,41,5,+26.177,+6.874
5351.689,41,5,+26.597,+6.450
5354.609,41,5,+27.286,+6.563
5373.113,41,21,+27.286,+6.563
5373.15,41,6,+27.286,+6.563
5385.779,41,6,+40.983,+7.919
5387.703,41,6,+41.059,+7.960
5394.781,41,6,+40.757,+8.989
5398.943,41,6,+40.216,+7.963
5402.813,41,6,+40.396,+7.041
5408.417,41,6,+41.503,+8.331
5414.84,41,6,+41.340,+7.589
5418.447,41,6,+41.855,+6.468
5421.212,41,6,+42.398,+6.146
5426.297,41,6,+42.653,+6.152
5430.85,41,6,+43.351,+6.406
5436.396,41,6,+43.857,+7.524
5442.237,41,6,+43.787,+8.165
5446.974,41,6,+43.665,+9.048
5453.711,41,6,+43.727,+7.376
5460.201,41,6,+43.278,+6.939
5466.386,41,6,+43.015,+8.749
5473.62,41,6,+43.219,+8.108
5478.281,41,6,+43.680,+7.302
5482.507,41,6,+42.791,+6.781
5485.135,41,6,+42.158,+6.582
5488.915,41,6,+42.495,+7.110
5495.732,41,6,+42.114,+7.244
5496.445,41,6,+41.962,+7.252
5499.204,41,6,+41.213,+6.908
5500.62,41,6,+40.929,+6.619
5505.734,41,6,+39.981,+6.616
5508.976,41,6,+38.949,+6.396
5512.133,41,6,+36.224,+6.103
5515.791,41,6,+35.467,+6.064
5520.739,41,6,+34.611,+6.165
5523.52,41,6,+33.832,+6.145
5525.612,41,6,+33.235,+6.150
5529.508,41,6,+32.687,+6.177
5532.736,41,6,+32.600,+6.109
5536.501,41,6,+32.606,+5.964
5540.394,41,6,+32.708,+5.792
5543.842,41,6,+32.761,+5.692
5548.535,41,7,+32.761,+5.692
5549.339,41,7,+33.296,+0.716
5554.557,41,7,+33.343,+0.721
5558.632,41,7,+33.387,+0.829
5564.458,41,7,+33.517,+1.015
5568.0,41,7,+33.774,+1.158
5571.654,41,7,+33.914,+1.317
5573.881,41,7,+34.083,+1.467
5576.039,41,7,+34.160,+1.597
5581.184,41,7,+34.194,+1.723
5581.885,41,7,+34.203,+1.745
5584.621,41,7,+34.252,+1.829
5586.043,41,7,+34.333,+1.894
5590.815,41,7,+34.406,+1.970
5594.332,41,7,+34.305,+1.980
5597.636,41,7,+34.296,+2.004
5601.348,41,7,+34.418,+2.126
5606.311,41,7,+34.494,+2.274
5609.024,41,7,+34.512,+2.274
5611.113,41,7,+34.472,+2.200
5614.976,41,7,+34.546,+2.209
5618.184,41,7,+34.578,+2.262
5621.929,41,7,+34.553,+2.196
5625.674,41,7,+34.473,+2.022
5628.935,41,7,+34.352,+1.841
5633.947,41,7,+34.621,+1.961
5639.04,41,7,+34.545,+1.897
5642.92,41,7,+34.389,+1.791
5648.726,41,7,+34.465,+1.970
5652.284,41,7,+34.736,+2.133
5655.972,41,7,+34.883,+2.270
5658.179,41,7,+35.034,+2.348
5660.287,41,7,+35.103,+2.382
5665.398,41,7,+35.060,+2.388
5666.083,41,7,+35.063,+2.391
5668.771,41,7,+35.094,+2.413
5670.179,41,7,+35.158,+2.437
5675.012,41,7,+35.194,+2.533
5678.521,41,7,+35.127,+2.564
5681.843,41,7,+35.137,+2.625
5685.522,41,7,+35.245,+2.728
5690.492,41,7,+35.318,+2.877
5693.247,41,7,+35.362,+2.893
5695.31,41,7,+35.334,+2.862
5699.151,41,7,+35.440,+2.870
5702.391,41,7,+35.453,+2.898
5706.122,41,7,+35.442,+2.861
5709.851,41,7,+35.388,+2.740
5713.14,41,7,+35.322,+2.625
5718.129,41,7,+35.610,+2.711
5723.267,41,7,+35.587,+2.687
5727.177,41,7,+35.523,+2.597
5732.974,41,7,+35.573,+2.770
5736.538,41,7,+35.765,+2.902
5740.293,41,7,+35.967,+3.108
5742.556,41,7,+36.038,+3.162
5744.595,41,7,+36.046,+3.216
5749.675,41,7,+35.940,+3.228
5750.349,41,7,+35.937,+3.223
5753.042,41,7,+35.942,+3.198
5754.461,41,7,+35.995,+3.247
5759.242,41,7,+35.947,+3.310
5762.792,41,7,+35.874,+3.371
5766.023,41,7,+35.841,+3.453
5769.837,41,7,+35.994,+3.568
5774.768,41,7,+36.070,+3.672
5777.563,41,7,+36.150,+3.719
5779.681,41,7,+36.136,+3.719
5783.596,41,7,+36.254,+3.780
5786.771,41,7,+36.228,+3.811
5790.495,41,7,+36.223,+3.756
5794.251,41,7,+36.253,+3.626
5797.589,41,7,+36.298,+3.532
5802.736,41,7,+36.602,+3.645
5807.737,41,7,+36.538,+3.666
5811.735,41,7,+36.465,+3.734
5817.785,41,7,+36.828,+4.187
5821.383,41,7,+37.084,+4.365
5825.106,41,7,+37.266,+4.537
5827.28,41,7,+37.393,+4.610
5829.442,41,7,+37.426,+4.636
5834.587,41,7,+37.364,+4.620
5835.508,41,7,+37.370,+4.616
5838.004,41,7,+37.413,+4.606
5839.439,41,7,+37.484,+4.668
5844.289,41,7,+37.529,+4.771
5847.83,41,7,+37.469,+4.824
5851.115,41,7,+37.432,+4.888
5854.883,41,7,+37.548,+4.960
5859.847,41,7,+37.623,+5.107
5862.625,41,7,+37.651,+5.131
5864.737,41,7,+37.608,+5.123
5868.656,41,7,+37.742,+5.181
5871.83,41,7,+37.724,+5.205
5875.575,41,7,+37.710,+5.173
5879.364,41,7,+37.674,+5.082
5882.693,41,7,+37.635,+5.011
5887.58,41,7,+37.753,+5.090
5892.765,41,7,+37.682,+5.102
5896.712,41,7,+37.704,+5.094
5902.499,41,7,+37.803,+5.311
5905.972,41,7,+37.987,+5.394
5909.695,41,7,+38.190,+5.528
5911.921,41,7,+38.318,+5.630
5914.04,41,7,+38.337,+5.713
5919.129,41,7,+38.258,+5.699
5919.832,41,7,+38.264,+5.698
5922.559,41,7,+38.311,+5.696
5923.973,41,7,+38.392,+5.732
5928.751,41,7,+38.299,+5.811
5932.269,41,7,+38.164,+5.847
5935.553,41,7,+38.085,+5.830
5939.268,41,7,+38.147,+5.880
5944.122,41,7,+38.138,+5.884
5946.902,41,7,+38.177,+5.888
5949.005,41,7,+38.155,+5.886
5952.898,41,7,+38.288,+5.952
5956.095,41,7,+38.292,+5.963
5959.817,41,7,+38.277,+5.932
5963.609,41,7,+38.241,+5.861
5966.912,41,7,+38.212,+5.801
5971.871,41,7,+36.190,+5.874
5976.977,41,7,+36.182,+5.849
5980.943,41,7,+36.070,+5.819
5986.698,41,7,+36.137,+5.978
5990.198,41,7,+36.282,+6.101
5993.911,41,7,+36.420,+6.239
5996.118,41,7,+36.482,+6.283
5998.296,41,7,+36.550,+6.391
6003.438,41,7,+36.497,+6.401
6004.061,41,7,+36.502,+6.407
6007.051,41,7,+36.535,+6.436
6008.2,41,7,+36.568,+6.481
6012.937,41,7,+36.424,+6.514
6016.483,41,7,+36.310,+6.529
6019.734,41,7,+36.254,+6.512
6023.563,41,7,+36.378,+6.646
6028.433,41,7,+36.417,+6.692
6031.185,41,7,+36.459,+6.693
6033.282,41,7,+36.442,+6.669
6037.165,41,7,+36.550,+6.722
6040.365,41,7,+36.530,+6.744
6044.091,41,7,+36.506,+6.727
6047.902,41,7,+36.486,+6.690
6051.23,41,7,+36.460,+6.655
6056.184,41,7,+36.528,+6.758
6061.295,41,7,+36.494,+6.778
6065.241,41,7,+36.275,+6.765
6070.997,41,7,+36.390,+6.960
6074.482,41,7,+36.536,+7.057
6078.185,41,7,+36.637,+7.192
6080.384,41,7,+36.666,+7.193
6082.502,41,7,+36.667,+7.195
6087.643,41,7,+36.621,+7.244
6088.321,41,7,+36.622,+7.249
6090.987,41,7,+36.635,+7.273
6092.387,41,7,+36.675,+7.306
6097.196,41,7,+36.690,+7.332
6100.697,41,7,+36.600,+7.353
6103.949,41,7,+36.535,+7.364
6107.674,41,7,+36.619,+7.376
6112.558,41,7,+36.621,+7.362
6115.356,41,7,+36.678,+7.391
6117.449,41,7,+36.667,+7.400
6121.311,41,7,+36.796,+7.361
6124.512,41,7,+36.737,+7.356
6128.233,41,7,+36.700,+7.360
6132.026,41,7,+36.698,+7.378
6135.395,41,7,+36.704,+7.371
6140.309,41,7,+36.849,+7.452
6145.437,41,7,+36.854,+7.495
6149.372,41,7,+36.731,+7.420
6155.176,41,7,+36.839,+7.599
6158.669,41,7,+36.954,+7.671
6162.398,41,7,+37.066,+7.778
6164.603,41,7,+37.155,+7.761
6166.78,41,7,+37.238,+7.805
6171.964,41,7,+37.205,+7.855
6172.659,41,7,+37.223,+7.870
6175.43,41,7,+37.312,+7.933
6176.865,41,7,+37.391,+8.000
6181.734,41,7,+37.416,+8.080
6185.235,41,7,+37.409,+8.144
6188.592,41,7,+36.747,+8.227
6192.342,41,7,+36.850,+8.298
6197.303,41,7,+36.983,+8.376
6200.12,41,7,+37.140,+8.417
6202.215,41,7,+37.315,+8.420
6206.053,41,7,+37.355,+8.446
6209.233,41,7,+37.336,+8.460
6213.203,41,7,+37.383,+8.437
6216.775,41,7,+37.489,+8.374
6220.093,41,7,+37.574,+8.339
6225.368,41,7,+37.446,+8.446
6230.122,41,7,+37.299,+8.433
6233.99,41,7,+37.102,+8.437
6239.817,41,7,+37.208,+8.620
6243.271,41,7,+37.302,+8.649
6246.992,41,7,+37.304,+8.808
6249.189,41,7,+37.301,+8.846
6251.343,41,7,+37.310,+8.861
6256.446,41,7,+37.353,+8.875
6257.119,41,7,+37.391,+8.882
6259.854,41,7,+37.589,+8.914
6261.295,41,7,+37.702,+8.991
6266.028,41,7,+37.764,+8.991
6269.593,41,7,+37.720,+9.073
6272.774,41,7,+37.619,+9.111
6276.845,41,7,+38.002,+9.502
6281.837,41,7,+38.133,+9.562
6284.656,41,7,+38.206,+9.610
6286.729,41,7,+38.273,+9.617
6290.721,41,7,+38.550,+9.736
6293.919,41,7,+38.546,+9.769
6297.679,41,7,+38.457,+9.760
6301.487,41,7,+38.340,+9.743
6304.834,41,7,+38.290,+9.752
6309.784,41,7,+38.478,+9.780
6314.912,41,7,+38.574,+9.779
6318.828,41,7,+38.607,+9.827
6324.597,41,7,+38.673,+9.952
6328.096,41,7,+38.732,+10.031
6331.781,41,7,+38.759,+10.152
6334.019,41,7,+38.807,+10.240
6336.224,41,7,+38.851,+10.301
6341.37,41,7,+38.819,+10.348
6342.14,41,7,+38.821,+10.359
6344.792,41,7,+38.826,+10.408
6346.22,41,7,+38.826,+10.476
6351.121,41,7,+38.973,+10.571
6354.613,41,7,+38.959,+10.654
6357.876,41,7,+38.954,+10.717
6361.609,41,7,+39.027,+10.780
6366.588,41,7,+39.161,+10.849
6369.348,41,7,+39.279,+10.871
6371.458,41,7,+39.361,+10.872
6375.324,41,7,+39.532,+10.954
6378.515,41,7,+39.541,+10.966
6382.266,41,7,+39.513,+10.937
6386.032,41,7,+39.459,+10.876
6389.361,41,7,+39.434,+10.842
6394.286,41,7,+39.626,+10.903
6399.378,41,7,+39.679,+10.893
6403.258,41,7,+39.734,+10.877
6409.01,41,7,+39.787,+10.982
6412.533,41,7,+39.911,+11.072
6416.214,41,7,+39.879,+11.146
6418.441,41,7,+39.952,+11.193
6420.53,41,7,+39.917,+11.221
6425.644,41,7,+39.842,+11.244
6426.348,41,7,+39.831,+11.251
6429.016,41,7,+39.787,+11.273
6430.47,41,7,+39.817,+11.323
6435.392,41,7,+40.004,+11.489
6438.858,41,7,+39.983,+11.528
6442.153,41,7,+39.940,+11.501
6445.857,41,7,+40.057,+11.587
6450.849,41,7,+40.232,+11.642
6453.655,41,7,+40.358,+11.695
6455.739,41,7,+40.453,+11.709
6459.655,41,7,+40.672,+11.815
6462.89,41,7,+40.696,+11.836
6466.627,41,7,+40.708,+11.847
6470.512,41,7,+40.804,+11.927
6473.908,41,7,+40.865,+11.958
6478.87,41,7,+41.021,+12.010
6484.033,41,7,+41.132,+12.018
6488.006,41,7,+41.165,+12.063
6493.77,41,7,+41.321,+12.213
6497.273,41,7,+41.411,+12.247
6500.95,41,7,+41.422,+12.310
6503.207,41,7,+41.487,+12.411
6505.381,41,7,+41.545,+12.532
6510.53,41,7,+41.555,+12.602
6511.18,41,7,+41.560,+12.617
6513.881,41,7,+41.578,+12.677
6515.316,41,7,+41.619,+12.718
6520.183,41,7,+41.727,+12.778
6523.654,41,7,+41.701,+12.887
6526.943,41,7,+41.651,+12.988
6530.726,41,7,+41.702,+13.042
6535.657,41,7,+41.854,+13.077
6538.443,41,7,+41.958,+13.101
6540.532,41,7,+42.049,+13.118
6544.411,41,7,+42.183,+13.189
6547.602,41,7,+42.171,+13.190
6551.36,41,7,+42.152,+13.158
6555.14,41,7,+42.121,+13.088
6558.403,41,7,+42.131,+13.030
6563.36,41,7,+41.884,+13.065
6568.415,41,7,+41.936,+13.057
6572.575,41,7,+42.149,+13.219
6578.422,41,7,+42.368,+13.436
6581.931,41,7,+42.471,+13.478
6585.702,41,7,+42.560,+13.681
6587.893,41,7,+42.622,+13.702
6590.051,41,7,+42.699,+13.742
6595.179,41,7,+42.691,+13.703
6595.873,41,7,+42.691,+13.701
6598.602,41,7,+42.696,+13.705
6600.051,41,7,+42.780,+13.781
6604.807,41,7,+42.900,+13.810
6608.36,41,7,+42.873,+13.878
6611.621,41,7,+42.819,+13.906
6615.394,41,7,+42.800,+13.964
6620.402,41,7,+42.921,+13.967
6623.175,41,7,+43.065,+13.978
6625.273,41,7,+43.185,+13.948
6629.207,41,7,+43.457,+13.995
6632.401,41,7,+43.494,+14.013
6636.158,41,7,+43.489,+14.025
6639.942,41,7,+43.449,+14.030
6643.317,41,7,+43.420,+14.065
6648.324,41,7,+43.577,+14.099
6653.435,41,7,+43.633,+14.139
6657.396,41,7,+43.566,+14.183
6663.161,41,7,+43.631,+14.294
6666.633,41,7,+43.757,+14.295
6670.322,41,7,+43.529,+14.351
6672.557,41,7,+43.491,+14.391
6674.723,41,7,+43.551,+14.404
6684.297,41,7,+47.961,+18.856
6685.304,41,7,+48.279,+19.197
6688.634,41,7,+48.860,+19.890
6690.493,41,7,+49.309,+20.345
6697.09,41,7,+51.154,+22.061
6701.176,41,7,+51.764,+20.339
6705.18,41,7,+52.449,+19.026
6709.415,41,7,+53.007,+18.924
6716.598,41,7,+55.329,+18.468
6720.135,41,7,+56.206,+17.743
6722.939,41,7,+56.967,+17.856
6727.636,41,7,+57.886,+17.840
6730.892,41,7,+57.993,+17.487
6734.701,41,7,+57.930,+16.428
6738.453,41,7,+53.563,+14.944
6741.794,41,7,+50.864,+14.163
6746.76,41,7,+48.497,+14.233
6751.998,41,7,+48.413,+14.440
6756.15,41,7,+48.305,+14.701
6761.882,41,7,+46.356,+14.583
6765.368,41,7,+45.757,+14.961
6769.041,41,7,+45.418,+15.081
6771.259,41,7,+44.661,+15.260
6773.427,41,7,+44.578,+15.260
6778.456,41,7,+44.516,+15.260
6779.11,41,7,+44.499,+0.966
6781.656,41,6,+44.499,+0.966
6781.722,41,6,+44.425,+14.861
6783.143,41,6,+44.423,+14.912
6788.035,41,6,+44.578,+14.993
6791.527,41,6,+44.558,+14.921
6794.846,41,6,+44.497,+14.884
6798.597,41,6,+44.586,+14.937
6803.55,41,6,+44.687,+14.985
6806.319,41,6,+44.800,+15.014
6808.413,41,6,+44.836,+15.003
6812.331,41,6,+45.003,+15.118
6815.509,41,6,+45.004,+15.140
6819.222,41,6,+44.992,+15.071
6823.027,41,6,+44.960,+14.929
6826.427,41,6,+44.944,+14.841
6831.305,41,6,+45.160,+14.858
6836.435,41,6,+45.233,+14.798
6840.36,41,6,+45.284,+14.791
6846.147,41,6,+45.467,+14.962
6849.67,41,6,+45.681,+15.114
6853.398,41,6,+45.687,+14.760
6855.668,41,6,+45.825,+14.616
6857.82,41,6,+45.957,+14.636
6862.968,41,6,+46.014,+14.731
6863.659,41,6,+46.018,+14.773
6866.392,41,6,+46.032,+14.963
6867.852,41,6,+46.123,+15.054
6872.649,41,6,+46.267,+14.993
6876.129,41,6,+46.256,+14.947
6879.42,41,6,+46.276,+14.904
6883.176,41,6,+46.367,+14.897
6888.145,41,6,+46.515,+14.961
6890.956,41,6,+46.654,+15.023
6893.038,41,6,+46.695,+15.026
6896.943,41,6,+46.831,+15.051
6900.16,41,6,+46.870,+15.074
6903.868,41,6,+46.890,+15.013
6907.67,41,6,+46.881,+14.873
6911.026,41,6,+46.877,+14.786
6915.994,41,6,+47.117,+14.847
6921.112,41,6,+47.233,+14.802
6925.055,41,6,+47.259,+14.760
6930.851,41,6,+47.494,+14.982
6934.345,41,6,+47.808,+15.132
6938.159,41,6,+47.848,+15.242
6940.388,41,6,+47.952,+15.296
6942.554,41,6,+48.015,+15.354
6947.638,41,6,+47.990,+15.465
6948.349,41,6,+47.987,+15.504
6951.082,41,6,+47.978,+15.673
6952.513,41,6,+48.050,+15.746
6957.366,41,6,+48.180,+15.763
6960.83,41,6,+48.167,+15.740
6964.159,41,6,+48.207,+15.762
6967.975,41,6,+48.314,+15.839
6972.943,41,6,+48.464,+15.926
6975.738,41,6,+48.609,+16.015
6977.885,41,6,+48.654,+16.033
6981.728,41,6,+48.801,+16.072
6984.91,41,6,+48.829,+16.078
6988.657,41,6,+48.843,+16.005
6992.42,41,6,+48.815,+15.844
6995.794,41,6,+48.792,+15.741
7000.772,41,6,+49.053,+15.779
7005.853,41,6,+49.122,+15.753
7009.786,41,6,+49.098,+15.704
7015.519,41,6,+49.336,+15.909
7019.065,41,6,+49.558,+16.030
7022.763,41,6,+49.523,+16.135
7024.945,41,6,+49.586,+16.179
7027.077,41,6,+49.646,+16.211
7032.189,41,6,+49.668,+16.316
7032.868,41,6,+49.671,+16.352
7035.622,41,6,+49.685,+16.513
7037.023,41,6,+49.736,+16.573
7041.818,41,6,+49.839,+16.572
7045.338,41,6,+49.815,+16.603
7048.597,41,6,+49.785,+16.593
7052.368,41,6,+49.842,+16.668
7057.398,41,6,+50.056,+16.805
7060.195,41,6,+50.204,+16.890
7062.321,41,6,+50.251,+16.906
7066.199,41,6,+50.387,+16.984
7069.39,41,6,+50.408,+17.001
7073.119,41,6,+50.403,+16.903
7076.914,41,6,+50.379,+16.713
7080.285,41,6,+50.371,+16.610
7085.267,41,6,+50.689,+16.710
7090.402,41,6,+50.812,+16.723
7094.315,41,6,+50.843,+16.704
7100.076,41,6,+51.031,+16.835
7103.632,41,6,+51.299,+16.952
7107.339,41,6,+51.272,+16.968
7109.613,41,6,+51.362,+17.037
7111.835,41,6,+51.473,+17.070
7117.0,41,6,+51.589,+17.205
7117.66,41,6,+51.605,+17.237
7120.268,41,7,+51.605,+17.237
7120.494,41,7,+51.707,+0.098
7122.12,41,7,+51.971,+0.327
7127.186,41,7,+52.393,+0.470
7130.629,41,7,+52.383,+0.409
7134.091,41,7,+52.530,+0.458
7137.966,41,7,+52.718,+0.684
7143.122,41,7,+52.979,+0.954
7145.904,41,7,+53.158,+1.041
7148.015,41,7,+53.215,+1.120
7151.956,41,7,+53.415,+1.258
7155.181,41,7,+53.484,+1.252
7158.887,41,7,+53.489,+1.175
7162.654,41,7,+53.446,+0.994
7165.919,41,7,+53.377,+0.813
7170.903,41,7,+53.688,+0.996
7176.049,41,7,+53.794,+1.021
7180.057,41,7,+53.944,+1.167
7186.031,41,7,+54.323,+1.498
7189.589,41,7,+54.605,+1.579
7193.486,41,7,+54.722,+1.903
7195.76,41,7,+54.760,+1.977
7197.839,41,7,+54.763,+1.932
7202.959,41,7,+54.816,+1.873
7203.671,41,7,+54.822,+1.845
7206.218,41,8,+54.822,+1.845
7206.316,41,8,+54.853,+0.041
7207.919,41,8,+55.063,+0.158
7213.47,41,8,+55.916,+0.187
7216.868,41,7,+55.916,+0.187
7216.946,41,7,+55.921,+2.763
7220.124,41,7,+55.773,+2.701
7224.205,41,8,+55.773,+2.701
7224.44,41,8,+56.316,+0.158
7229.769,41,8,+56.847,+0.332
7232.678,41,8,+57.112,+0.425
7234.792,41,8,+57.192,+0.400
7239.007,41,8,+57.686,+0.443
7242.317,41,8,+57.782,+0.481
7246.002,41,8,+57.787,+0.413
7249.677,41,8,+57.686,+0.175
7252.828,41,7,+57.686,+0.175
7252.86,41,8,+57.686,+0.175
7252.917,41,8,+57.608,+0.175
7258.502,41,8,+58.500,+0.700
7264.021,41,8,+58.967,+0.863
7268.032,41,8,+59.130,+0.544
7274.058,41,8,+59.492,+0.632
7277.672,41,8,+59.733,+0.815
7281.465,41,8,+59.796,+0.882
7283.776,41,8,+59.946,+1.013
7285.994,41,8,+60.052,+1.087
7291.156,41,8,+60.141,+1.080
7291.879,41,8,+60.149,+1.066
7294.548,41,8,+60.171,+0.980
7295.991,41,8,+60.275,+0.997
7300.992,41,8,+60.551,+1.011
7304.501,41,8,+60.529,+0.759
7307.812,41,8,+60.579,+0.667
7311.717,41,8,+60.712,+0.703
7316.799,41,8,+60.944,+0.866
7319.573,41,8,+61.074,+0.923
7321.643,41,8,+61.110,+0.964
7325.58,41,8,+61.324,+1.095
7328.78,41,8,+61.360,+1.083
7332.49,41,8,+61.378,+1.058
7336.27,41,8,+61.386,+1.028
7339.559,41,8,+61.387,+0.980
7344.668,41,8,+61.714,+1.258
7349.763,41,8,+61.834,+1.208
7353.719,41,8,+61.836,+1.080
7359.529,41,8,+61.927,+0.973
7363.069,41,8,+62.076,+1.145
7366.872,41,8,+62.158,+1.246
7369.117,41,8,+62.230,+1.370
7371.412,41,8,+62.374,+1.481
7376.582,41,8,+62.470,+1.437
7377.249,41,8,+62.482,+1.423
7379.968,41,8,+62.531,+1.359
7381.417,41,8,+62.617,+1.399
7386.494,41,8,+62.916,+1.568
7389.97,41,8,+62.896,+1.425
7393.26,41,8,+62.831,+1.340
7397.135,41,8,+62.884,+1.402
7402.194,41,8,+63.097,+1.545
7405.013,41,8,+63.294,+1.663
7407.116,41,8,+63.362,+1.742
7411.058,41,8,+63.572,+1.935
7414.249,41,8,+63.598,+1.935
7417.989,41,8,+63.593,+1.911
7421.691,41,8,+63.548,+1.846
7424.973,41,8,+63.495,+1.753
7429.946,41,8,+63.755,+1.861
7435.082,41,8,+63.893,+1.856
7438.961,41,8,+63.871,+1.768
7444.931,41,8,+64.175,+1.836
7448.512,41,8,+64.427,+2.034
7452.322,41,8,+64.560,+2.179
7454.574,41,8,+64.679,+2.308
7456.864,41,8,+64.780,+2.401
7462.1,41,8,+64.833,+2.333
7462.687,41,8,+64.837,+2.329
7465.384,41,8,+64.841,+2.324
7466.803,41,8,+64.910,+2.340
7471.749,41,8,+65.168,+2.332
7475.213,41,8,+65.173,+2.197
7478.496,41,8,+65.182,+2.119
7482.404,41,8,+65.320,+2.148
7487.376,41,8,+65.478,+2.217
7490.185,41,8,+65.641,+2.297
7492.301,41,8,+65.693,+2.354
7496.213,41,8,+65.897,+2.540
7499.414,41,8,+65.956,+2.522
7503.128,41,8,+65.970,+2.492
7506.9,41,8,+65.970,+2.454
7510.196,41,8,+65.957,+2.393
7515.125,41,8,+66.201,+2.468
7520.226,41,8,+66.326,+2.430
7524.175,41,8,+66.277,+2.317
7530.009,41,8,+66.414,+2.321
7533.549,41,8,+66.618,+2.423
7537.339,41,8,+66.721,+2.583
7539.541,41,8,+66.767,+2.643
7541.724,41,8,+66.754,+2.715
7546.856,41,8,+66.793,+2.648
7547.797,41,8,+66.806,+2.642
7550.249,41,8,+66.866,+2.616
7551.685,41,8,+66.946,+2.640
7556.74,41,8,+67.176,+2.631
7560.089,41,8,+67.153,+2.481
7563.343,41,8,+67.075,+2.450
7567.153,41,8,+67.139,+2.470
7572.112,41,8,+67.268,+2.548
7574.954,41,8,+67.454,+2.669
7577.054,41,8,+67.512,+2.742
7580.929,41,8,+67.664,+2.804
7584.149,41,8,+67.704,+2.759
7587.856,41,8,+67.715,+2.734
7591.586,41,8,+67.704,+2.679
7594.903,41,8,+67.695,+2.612
7599.788,41,8,+67.856,+2.678
7604.901,41,8,+67.929,+2.616
7608.842,41,8,+67.959,+2.473
7614.697,41,8,+68.179,+2.471
7618.282,41,8,+68.456,+2.666
7622.085,41,8,+68.453,+2.656
7624.262,41,8,+68.501,+2.736
7626.46,41,8,+68.613,+2.829
7631.62,41,8,+68.691,+2.785
7632.346,41,8,+68.697,+2.777
7634.956,41,8,+68.720,+2.741
7636.448,41,8,+68.748,+2.746
7641.289,41,8,+68.861,+2.723
7644.738,41,8,+68.850,+2.615
7647.988,41,8,+68.798,+2.551
7651.835,41,8,+68.845,+2.610
7656.83,41,8,+68.985,+2.700
7659.654,41,8,+69.144,+2.797
7661.739,41,8,+69.202,+2.861
7665.672,41,8,+69.408,+3.033
7668.869,41,8,+69.456,+3.028
7672.654,41,8,+69.457,+3.000
7676.336,41,8,+69.490,+2.952
7679.632,41,8,+69.534,+2.896
7684.574,41,8,+69.617,+2.995
7689.662,41,8,+69.733,+2.978
7693.602,41,8,+69.680,+2.855
7699.461,41,8,+69.866,+2.933
7702.99,41,8,+70.059,+3.073
7706.747,41,8,+69.766,+3.199
7708.927,41,8,+69.750,+3.292
7711.08,41,8,+69.737,+3.325
7716.246,41,8,+69.839,+3.294
7716.939,41,8,+69.865,+3.292
7719.645,41,8,+69.971,+3.278
7721.058,41,8,+70.007,+3.296
7725.987,41,8,+70.158,+3.297
7729.453,41,8,+70.142,+3.162
7732.742,41,8,+70.053,+3.059
7736.558,41,8,+70.092,+3.094
7741.542,41,8,+70.199,+3.183
7744.344,41,8,+70.307,+3.226
7746.456,41,8,+70.381,+3.279
7750.336,41,8,+70.299,+3.471
7753.563,41,8,+70.220,+3.441
7757.254,41,8,+70.211,+3.413
7761.04,41,8,+70.216,+3.366
7764.363,41,8,+70.185,+3.300
7769.242,41,8,+70.230,+3.362
7774.395,41,8,+70.355,+3.288
7778.28,41,8,+70.345,+3.090
7784.105,41,8,+70.448,+3.127
7787.626,41,8,+70.646,+3.238
7791.32,41,8,+70.571,+3.291
7793.525,41,8,+70.618,+3.324
7795.769,41,8,+70.717,+3.451
7800.945,41,8,+70.797,+3.432
7801.62,41,8,+70.802,+3.430
7804.351,41,8,+70.822,+3.421
7805.767,41,8,+70.873,+3.465
7810.738,41,8,+71.107,+3.406
7814.194,41,8,+71.080,+3.260
7817.455,41,8,+70.991,+3.186
7821.257,41,8,+71.025,+3.151
7826.252,41,8,+71.183,+3.201
7829.035,41,8,+71.346,+3.271
7831.168,41,8,+71.382,+3.294
7835.054,41,8,+71.570,+3.417
7838.225,41,8,+71.628,+3.405
7841.963,41,8,+71.648,+3.377
7845.726,41,8,+71.646,+3.340
7849.085,41,8,+71.645,+3.308
7853.942,41,8,+71.798,+3.361
7859.082,41,8,+71.940,+3.352
7863.04,41,8,+71.943,+3.233
7868.792,41,8,+72.060,+3.202
7872.251,41,8,+72.213,+3.235
7876.087,41,8,+72.304,+3.309
7878.39,41,8,+72.523,+3.474
7880.571,41,8,+72.550,+3.540
7885.744,41,8,+72.545,+3.454
7886.374,41,8,+72.542,+3.443
7889.102,41,8,+72.529,+3.394
7890.519,41,8,+72.583,+3.374
7895.465,41,8,+72.818,+3.441
7898.928,41,8,+72.810,+3.374
7902.237,41,8,+72.827,+3.366
7906.027,41,8,+72.880,+3.395
7911.074,41,8,+73.074,+3.548
7913.887,41,8,+73.256,+3.654
7915.966,41,8,+73.308,+3.732
7919.866,41,8,+73.504,+3.898
7923.067,41,8,+73.540,+3.873
7926.795,41,8,+73.557,+3.846
7930.574,41,8,+73.554,+3.800
7933.88,41,8,+73.551,+3.739
7938.793,41,8,+73.678,+3.821
7943.92,41,8,+73.767,+3.766
7947.873,41,8,+73.812,+3.563
7953.65,41,8,+73.969,+3.570
7957.192,41,8,+74.147,+3.716
7960.991,41,8,+74.148,+3.813
7963.217,41,8,+74.214,+3.890
7965.441,41,8,+74.316,+3.969
7970.579,41,8,+74.364,+3.911
7971.344,41,8,+74.371,+3.902
7973.965,41,8,+74.404,+3.868
7975.412,41,8,+74.459,+3.879
7980.311,41,8,+74.654,+3.879
7983.748,41,8,+74.656,+3.791
7987.02,41,8,+74.653,+3.778
7990.845,41,8,+74.740,+3.762
7995.85,41,8,+74.903,+3.848
7998.653,41,8,+75.065,+3.940
8000.778,41,8,+75.115,+4.006
8004.648,41,8,+75.323,+4.237
8007.872,41,8,+75.374,+4.218
8011.611,41,8,+75.406,+4.191
8015.38,41,8,+75.429,+4.152
8018.713,41,8,+75.460,+4.097
8023.547,41,8,+75.616,+4.146
8028.709,41,8,+75.753,+4.117
8032.665,41,8,+75.782,+4.021
8038.452,41,8,+75.880,+4.044
8042.061,41,8,+76.105,+4.167
8045.756,41,8,+76.040,+4.238
8047.982,41,8,+76.124,+4.343
8050.189,41,8,+76.208,+4.439
8055.322,41,8,+76.282,+4.400
8056.026,41,8,+76.301,+4.395
8058.753,41,8,+76.380,+4.374
8060.16,41,8,+76.455,+4.394
8065.047,41,8,+76.608,+4.387
8068.614,41,8,+76.615,+4.286
8071.784,41,8,+76.541,+4.152
8075.606,41,8,+76.579,+4.164
8080.584,41,8,+76.727,+4.263
8083.377,41,8,+76.881,+4.328
8085.498,41,8,+76.934,+4.390
8089.472,41,8,+77.135,+4.595
8092.616,41,8,+77.158,+4.589
8096.376,41,8,+77.182,+4.569
8100.153,41,8,+77.191,+4.533
8103.459,41,8,+77.211,+4.494
8108.362,41,8,+77.326,+4.587
8113.496,41,8,+77.427,+4.532
8117.463,41,8,+77.462,+4.388
8123.239,41,8,+77.560,+4.425
8126.733,41,8,+77.729,+4.532
8130.488,41,8,+77.677,+4.592
8132.745,41,8,+77.793,+4.694
8134.924,41,8,+77.859,+4.688
8140.062,41,8,+77.923,+4.650
8140.753,41,8,+77.929,+4.643
8143.448,41,8,+77.963,+4.607
8144.839,41,8,+77.989,+4.616
8149.777,41,8,+78.161,+4.572
8153.255,41,8,+78.177,+4.467
8156.517,41,8,+78.169,+4.383
8160.314,41,8,+78.190,+4.352
8165.334,41,8,+78.334,+4.493
8168.09,41,8,+78.456,+4.539
8170.177,41,8,+78.510,+4.585
8174.093,41,8,+78.708,+4.738
8177.267,41,8,+78.745,+4.713
8180.971,41,8,+78.759,+4.692
8184.743,41,8,+78.791,+4.656
8188.078,41,8,+78.846,+4.609
8192.943,41,8,+79.011,+4.713
8198.047,41,8,+79.128,+4.676
8201.993,41,8,+79.141,+4.504
8207.708,41,8,+79.209,+4.485
8211.175,41,8,+79.289,+4.605
8214.892,41,8,+79.249,+4.683
8217.191,41,8,+79.373,+4.785
8219.334,41,8,+79.466,+4.828
8224.449,41,8,+79.526,+4.794
8225.124,41,8,+79.541,+4.784
8227.803,41,8,+79.610,+4.740
8229.184,41,8,+79.608,+4.722
8234.141,41,8,+79.787,+4.712
8237.62,41,8,+79.810,+4.610
8240.915,41,8,+79.770,+4.558
8244.759,41,8,+79.759,+4.583
8249.747,41,8,+79.895,+4.715
8252.549,41,8,+80.032,+4.783
8254.639,41,8,+80.079,+4.842
8258.57,41,8,+80.168,+5.073
8261.763,41,8,+80.185,+5.070
8265.46,41,8,+80.202,+5.042
8269.236,41,8,+80.255,+5.001
8272.549,41,8,+80.314,+4.942
8277.714,41,8,+80.696,+5.316
8282.813,41,8,+80.816,+5.319
8286.861,41,8,+80.921,+5.320
8292.739,41,8,+81.144,+5.408
8296.293,41,8,+81.338,+5.554
8300.021,41,8,+81.325,+5.652
8302.265,41,8,+81.381,+5.709
8304.536,41,8,+81.517,+5.797
8309.643,41,8,+81.625,+5.736
8310.362,41,8,+81.645,+5.730
8313.028,41,8,+81.726,+5.699
8314.51,41,8,+81.795,+5.706
8319.342,41,8,+81.921,+5.665
8322.846,41,8,+81.919,+5.602
8326.118,41,8,+81.926,+5.585
8329.907,41,8,+81.982,+5.559
8334.899,41,8,+82.115,+5.672
8337.709,41,8,+82.270,+5.756
8339.79,41,8,+82.325,+5.841
8343.739,41,8,+82.566,+6.001
8346.966,41,8,+82.641,+5.983
8350.695,41,8,+82.683,+5.954
8354.435,41,8,+82.736,+5.916
8358.208,41,8,+83.201,+6.278
8363.811,41,8,1 L,+7.017
8368.959,41,8,1 L,+6.943
8372.937,41,8,1 L,+6.840
8378.837,41,8,1 L,+6.899
8382.403,41,8,1 L,+7.064
8386.177,41,8,1 L,+7.169
8388.394,41,8,1 L,+7.233
8390.626,41,8,1 L,+7.308
8395.801,41,8,1 L,+7.272
8396.487,41,8,1 L,+7.263
8399.214,41,8,1 L,+7.222
8400.798,41,8,1 L,+7.411
8406.535,41,8,1 L,+8.132
8410.139,41,8,1 L,+8.188
8413.626,41,8,1 L,+8.344
8417.65,41,8,1 L,+8.524
8422.794,41,8,1 L,+8.710
8425.788,41,8,1 L,+8.960
8428.003,41,8,1 L,+9.156
8432.502,41,8,1 L,+9.882
8435.876,41,8,1 L,+10.059
8439.72,41,8,1 L,+10.151
8443.43,41,8,1 L,+10.066
8446.579,41,8,1 L,+9.836
8451.92,41,8,1 L,+10.327
8457.025,41,8,1 L,+10.304
8460.992,41,8,1 L,+10.228
8466.951,41,8,1 L,+10.314
8470.585,41,8,1 L,+10.527
8474.413,41,8,1 L,+10.651
8476.664,41,8,1 L,+10.743
8478.908,41,8,1 L,+10.888
8483.98,41,8,1 L,+10.841
8484.684,41,8,1 L,+10.820
8487.254,41,8,1 L,+10.724
8488.724,41,8,1 L,+10.808
8493.735,41,8,1 L,+10.891
8497.175,41,8,1 L,+10.752
8500.482,41,8,1 L,+10.689
8504.319,41,8,1 L,+10.722
8509.38,41,8,1 L,+10.883
8512.185,41,8,1 L,+11.005
8514.298,41,8,1 L,+11.084
8518.206,41,8,1 L,+11.180
8521.399,41,8,1 L,+11.131
8525.076,41,8,1 L,+11.067
8528.75,41,8,1 L,+10.959
8531.995,41,8,1 L,+10.850
8536.954,41,8,1 L,+10.913
8542.122,41,8,1 L,+10.757
8545.888,41,8,1 L,+10.607
8551.762,41,8,1 L,+10.587
8555.313,41,8,1 L,+10.770
8559.083,41,8,1 L,+10.879
8561.306,41,8,1 L,+10.949
8563.513,41,8,1 L,+11.021
8568.611,41,8,1 L,+10.950
8569.258,41,8,1 L,+10.934
8571.886,41,8,1 L,+10.872
8573.322,41,8,1 L,+10.908
8578.393,41,8,1 L,+10.981
8581.828,41,8,1 L,+10.885
8585.124,41,8,1 L,+10.878
8588.963,41,8,1 L,+10.838
8593.943,41,8,1 L,+10.939
8596.768,41,8,1 L,+11.035
8598.866,41,8,1 L,+11.104
8602.806,41,8,1 L,+11.252
8605.935,41,8,1 L,+11.202
8609.636,41,8,1 L,+11.165
8613.399,41,8,1 L,+11.122
8616.693,41,8,1 L,+11.061
8621.67,41,8,1 L,+11.132
8626.778,41,8,1 L,+11.081
8630.62,41,8,1 L,+10.002
8636.457,41,8,1 L,+9.543
8639.981,41,8,1 L,+9.182
8643.76,41,8,1 L,+9.132
8645.946,41,8,1 L,+9.166
8648.164,41,8,1 L,+9.233
8653.265,41,8,1 L,+9.183
8658.044,41,8,1 L,+9.151
8663.319,41,8,1 L,+9.171
8666.522,41,8,1 L,+9.080
8669.795,41,8,1 L,+8.968
8673.614,41,8,1 L,+8.930
8678.631,41,8,1 L,+8.945
8681.365,41,8,1 L,+8.974
8683.452,41,8,1 L,+9.028
8687.352,41,8,1 L,+9.126
8690.524,41,8,1 L,+9.071
8694.219,41,8,1 L,+9.034
8697.953,41,8,1 L,+8.969
8701.258,41,8,1 L,+8.886
8706.202,41,8,1 L,+8.937
8711.323,41,8,1 L,+8.825
8715.287,41,8,1 L,+7.626
8721.142,41,8,1 L,+7.396
8724.674,41,8,1 L,+7.345
8728.424,41,8,1 L,+7.300
8730.68,41,8,1 L,+7.290
8732.855,41,8,1 L,+7.301
8737.963,41,8,1 L,+7.228
8738.649,41,8,1 L,+7.223
8850.684,41,8,1L,+7.223
12.598,5,10,,
3742.694,5,10,,+0.805
3749.208,5,10,+1.629,+0.843
3750.663,5,11,+1.629,+0.843
3751.3,5,9,+1.629,+0.843
3751.363,5,9,+1.779,+0.642
3751.883,5,10,+1.779,+0.642
3752.304,5,11,+1.779,+0.642
3757.699,5,12,+1.779,+0.642
3758.032,5,13,+1.779,+0.642
3758.352,5,14,+1.779,+0.642
3758.611,5,11,+1.779,+0.642
3758.697,5,11,+2.382,+0.006
3761.107,5,10,+2.382,+0.006
3761.196,5,10,+2.094,+0.327
3765.07,5,10,+2.170,+0.287
3766.073,5,11,+2.170,+0.287
3769.473,5,11,+2.886,+0.092
3775.052,5,9,+2.886,+0.092
3775.137,5,9,+3.598,+0.675
3775.987,5,10,+3.598,+0.675
3776.2,5,11,+3.598,+0.675
3778.644,5,11,+4.270,+0.139
3780.656,5,11,+4.434,+0.116
3785.551,5,11,+5.149,+0.314
3789.439,5,12,+5.149,+0.314
3789.715,5,11,+5.149,+0.314
3789.8,5,11,+5.261,+0.345
3792.627,5,11,+5.229,+0.343
3796.461,5,11,+5.035,+0.387
3799.704,5,11,+4.788,+0.434
3805.255,5,11,+5.172,+0.398
3810.532,5,11,+5.238,+0.389
3814.881,5,11,+5.494,+0.338
3821.067,5,11,+5.944,+0.423
3825.208,5,11,+6.127,+0.300
3828.866,5,11,+6.729,+0.441
3831.02,5,11,+6.843,+0.486
3832.963,5,11,+6.917,+0.488
3838.088,5,11,+6.869,+0.480
3838.744,5,11,+6.826,+0.484
3841.448,5,11,+6.597,+0.452
3843.627,5,11,+6.716,+0.328
3848.561,5,11,+7.178,+0.423
3851.932,5,11,+7.243,+0.481
3855.581,5,11,+7.450,+0.449
3859.509,5,11,+7.639,+0.440
3864.7,5,11,+7.736,+0.318
3867.494,5,11,+7.887,+0.308
3869.515,5,11,+7.825,+0.220
3873.657,5,11,+8.027,+0.284
3876.961,5,11,+8.048,+0.235
3880.812,5,11,+8.056,+0.192
3884.639,5,11,+8.026,+0.154
3887.96,5,11,+8.043,+0.166
3893.473,5,11,+7.965,+0.332
3898.763,5,11,+8.203,+0.382
3903.483,5,11,+8.374,+0.535
3908.93,5,11,+8.302,+0.460
3912.356,5,11,+8.352,+0.413
3916.33,5,11,+8.457,+0.439
3918.556,5,11,+8.452,+0.477
3920.655,5,11,+8.530,+0.452
3925.632,5,11,+8.602,+0.426
3926.307,5,11,+8.592,+0.424
3929.016,5,11,+8.440,+0.391
3930.838,5,11,+8.466,+0.368
3935.807,5,11,+8.816,+0.478
3939.293,5,11,+8.874,+0.512
3942.85,5,11,+8.923,+0.448
3946.775,5,11,+9.035,+0.541
3951.666,5,11,+9.145,+0.484
3954.533,5,11,+9.211,+0.430
3956.521,5,11,+9.284,+0.353
3960.494,5,11,+9.537,+0.370
3963.842,5,11,+9.517,+0.340
3967.541,5,11,+9.357,+0.246
3971.354,5,11,+8.641,+0.090
3974.686,5,11,+8.789,+0.066
3979.873,5,10,+8.789,+0.066
3979.947,5,10,+8.952,+1.212
3985.284,5,10,+8.902,+1.349
3989.524,5,10,+8.991,+1.292
3995.277,5,10,+8.977,+1.171
3998.779,5,10,+8.984,+1.064
4002.624,5,10,+9.070,+1.010
4004.867,5,10,+9.062,+0.975
4006.667,5,10,+9.027,+0.908
4011.935,5,10,+9.033,+0.961
4012.63,5,10,+9.023,+0.985
4015.45,5,10,+8.922,+1.060
4016.896,5,10,+8.939,+0.968
4021.888,5,10,+9.114,+0.882
4025.55,5,10,+9.142,+1.000
4028.994,5,10,+9.189,+1.021
4032.788,5,10,+9.273,+0.994
4037.703,5,10,+9.339,+0.909
4040.501,5,10,+9.427,+0.923
4042.7,5,10,+9.445,+0.969
4046.683,5,10,+9.630,+1.003
4050.023,5,10,+9.740,+1.108
4053.884,5,10,+9.809,+1.228
4057.778,5,10,+9.851,+1.421
4061.139,5,10,+9.825,+1.595
4066.292,5,10,+10.008,+1.494
4071.55,5,10,+10.094,+1.633
4075.62,5,10,+10.061,+1.651
4081.421,5,10,+10.128,+1.568
4084.905,5,10,+10.234,+1.410
4088.573,5,10,+10.413,+1.222
4090.75,5,10,+10.483,+1.167
4092.802,5,10,+10.490,+1.065
4097.986,5,10,+10.506,+1.092
4098.654,5,10,+10.502,+1.123
4101.392,5,10,+10.485,+1.232
4102.863,5,10,+10.547,+0.984
4107.874,5,10,+10.739,+0.827
4111.48,5,10,+10.713,+0.950
4114.925,5,10,+10.792,+0.818
4118.712,5,10,+11.002,+0.699
4123.727,5,10,+11.202,+0.576
4126.63,5,10,+11.385,+0.548
4128.818,5,10,+11.464,+0.626
4132.764,5,10,+11.604,+0.648
4135.983,5,10,+11.614,+0.617
4139.727,5,10,+11.603,+0.657
4143.511,5,10,+11.492,+0.724
4146.696,5,10,+11.321,+0.820
4151.857,5,10,+11.610,+0.718
4157.181,5,10,+11.736,+0.507
4161.424,5,10,+11.832,+0.423
4167.273,5,10,+12.079,+0.386
4170.889,5,10,+12.356,+0.396
4174.872,5,10,+12.712,+0.443
4177.007,5,10,+12.786,+0.427
4179.046,5,10,+12.821,+0.354
4184.317,5,10,+12.866,+0.404
4184.982,5,10,+12.848,+0.410
4187.684,5,10,+12.770,+0.422
4189.23,5,10,+12.876,+0.329
4194.38,5,10,+13.246,+0.396
4197.999,5,10,+13.157,+0.538
4201.465,5,10,+13.201,+0.516
4205.445,5,11,+13.201,+0.516
4205.613,5,11,+13.680,+0.057
4211.147,5,11,+14.405,+0.584
4214.095,5,11,+14.622,+0.649
4216.223,5,11,+14.653,+0.693
4220.135,5,11,+14.741,+0.673
4223.41,5,11,+14.790,+0.697
4227.228,5,11,+14.801,+0.725
4231.005,5,11,+14.728,+0.767
4234.276,5,11,+14.611,+0.799
4239.186,5,12,+14.611,+0.799
4239.664,5,12,+15.001,+0.367
4244.891,5,12,+15.078,+0.426
4248.957,5,12,+15.037,+0.479
4254.949,5,12,+15.077,+0.640
4258.504,5,12,+15.246,+0.651
4262.354,5,12,+15.489,+0.628
4264.47,5,12,+15.512,+0.614
4266.574,5,12,+15.507,+0.643
4271.805,5,12,+15.503,+0.743
4272.415,5,12,+15.489,+0.764
4275.14,5,12,+15.408,+0.831
4276.492,5,12,+15.383,+0.667
4281.824,5,12,+15.872,+0.903
4285.476,5,12,+15.886,+1.104
4288.885,5,12,+15.891,+1.023
4292.636,5,12,+16.026,+0.857
4297.648,5,12,+16.148,+0.877
4300.499,5,12,+16.261,+0.901
4302.608,5,12,+16.274,+0.909
4306.397,5,12,+16.284,+0.767
4309.664,5,12,+16.338,+0.813
4313.431,5,12,+16.333,+0.751
4317.226,5,12,+16.286,+0.649
4320.534,5,12,+16.209,+0.609
4325.738,5,12,+16.452,+0.821
4330.992,5,12,+16.537,+0.909
4335.136,5,12,+16.640,+1.026
4340.979,5,12,+16.855,+1.130
4344.456,5,12,+17.030,+1.101
4348.105,5,12,+17.178,+0.997
4350.206,5,12,+17.209,+0.978
4352.355,5,12,+17.208,+0.994
4357.572,5,12,+17.244,+1.131
4358.178,5,12,+17.240,+1.165
4360.917,5,12,+17.215,+1.308
4362.372,5,12,+16.678,+1.327
4367.348,5,12,+16.956,+1.296
4370.971,5,12,+17.187,+1.502
4374.378,5,12,+17.202,+1.379
4378.141,5,12,+17.101,+1.247
4383.137,5,12,+17.121,+1.093
4385.935,5,12,+17.219,+1.087
4388.012,5,12,+17.227,+1.123
4391.829,5,12,+16.847,+1.005
4395.149,5,12,+16.860,+1.029
4398.918,5,12,+16.842,+1.059
4402.786,5,12,+16.831,+1.111
4405.957,5,12,+16.786,+1.164
4411.16,5,12,+17.057,+1.135
4416.454,5,12,+17.063,+1.178
4420.531,5,12,+17.005,+1.179
4426.377,5,12,+17.169,+1.152
4429.862,5,12,+16.733,+1.146
4433.62,5,12,+16.658,+1.051
4435.696,5,12,+16.645,+1.046
4437.814,5,12,+17.314,+1.015
4443.027,5,12,+17.202,+1.075
4443.717,5,12,+17.147,+1.091
4446.396,5,12,+16.949,+1.173
4447.863,5,12,+16.950,+1.177
4452.86,5,12,+16.597,+0.948
4456.454,5,12,+16.497,+0.882
4459.831,5,12,+16.563,+0.843
4463.59,5,12,+16.343,+0.847
4468.542,5,12,+16.200,+0.788
4471.333,5,12,+16.333,+0.854
4473.499,5,12,+16.475,+0.942
4477.369,5,12,+16.639,+0.916
4480.608,5,12,+16.650,+0.903
4484.341,5,12,+16.567,+0.903
4488.114,5,12,+16.364,+0.935
4491.385,5,12,+16.122,+0.974
4496.527,5,12,+16.352,+1.089
4501.762,5,12,+16.420,+1.086
4505.77,5,12,+16.320,+0.994
4511.607,5,12,+16.526,+1.012
4515.111,5,12,+16.645,+1.042
4518.831,5,12,+16.837,+0.941
4520.895,5,12,+16.831,+0.924
4523.053,5,12,+16.803,+0.918
4528.273,5,12,+16.779,+0.919
4528.919,5,12,+16.769,+0.918
4531.61,5,12,+16.721,+0.904
4533.045,5,12,+16.764,+0.835
4538.234,5,12,+17.145,+0.933
4541.812,5,12,+17.056,+0.928
4545.269,5,12,+17.022,+0.931
4549.103,5,12,+17.282,+1.040
4554.141,5,12,+17.401,+1.075
4556.973,5,12,+17.473,+1.078
4559.056,5,12,+17.443,+1.101
4562.863,5,12,+17.433,+0.941
4566.149,5,12,+17.535,+0.970
4569.919,5,12,+17.542,+0.971
4573.698,5,12,+17.445,+0.954
4576.937,5,12,+17.307,+0.920
4582.098,5,12,+17.587,+1.015
4587.263,5,12,+17.653,+0.957
4591.301,5,12,+17.679,+0.934
4597.154,5,12,+17.830,+0.863
4600.658,5,12,+18.019,+0.977
4604.443,5,12,+18.272,+0.884
4606.482,5,12,+18.306,+0.830
4608.617,5,12,+18.331,+0.829
4613.823,5,12,+18.361,+0.817
4614.509,5,12,+18.353,+0.811
4617.163,5,12,+18.302,+0.775
4618.585,5,12,+18.345,+0.753
4623.62,5,12,+18.534,+0.717
4627.199,5,12,+18.404,+0.752
4630.625,5,12,+18.442,+0.769
4634.374,5,12,+18.552,+0.774
4639.364,5,12,+18.647,+0.705
4642.197,5,12,+18.766,+0.711
4644.257,5,12,+18.854,+0.707
4648.058,5,12,+19.019,+0.617
4651.345,5,12,+19.121,+0.656
4655.137,5,12,+19.103,+0.671
4658.864,5,12,+18.882,+0.680
4662.118,5,11,+18.882,+0.680
4662.213,5,11,+18.710,+0.764
4667.255,5,11,+18.945,+0.814
4672.528,5,11,+19.092,+0.869
4676.738,5,11,+19.248,+0.945
4682.684,5,11,+19.532,+0.971
4686.566,5,11,+20.112,+1.110
4692.76,5,11,+22.875,+0.797
4695.719,5,11,+23.742,+0.691
4698.315,5,11,+24.256,+0.580
4705.505,5,11,+26.257,+0.580
4706.347,5,8,+26.257,+0.580
4706.378,5,8,+26.417,+1.270
4709.534,5,8,+26.862,+1.184
4711.398,5,8,+27.377,+1.206
4718.519,5,8,+26.175,+1.258
4723.018,5,8,+24.988,+1.207
4727.475,5,8,+25.207,+1.111
4731.782,5,8,+25.224,+1.167
4739.463,5,8,+25.836,+0.870
4743.113,5,8,+25.973,+0.862
4745.658,5,8,+26.108,+0.750
4750.816,5,8,+26.812,+0.815
4754.912,5,8,+27.553,+0.799
4760.609,5,8,+25.978,+1.259
4766.537,5,8,+24.993,+1.081
4773.223,5,8,+25.553,+1.103
4780.776,5,8,+24.997,+1.007
4786.791,5,8,+25.352,+0.636
4791.465,5,8,+25.596,+0.803
4798.064,5,8,+25.882,+0.866
4802.303,5,8,+26.237,+0.866
4806.596,5,8,+26.096,+0.666
4809.919,5,8,+26.668,+1.029
4813.004,5,8,+27.104,+0.995
4819.945,5,8,+27.010,+0.705
4820.733,5,8,+26.773,+0.595
4824.387,5,8,+26.533,+0.711
4826.52,5,8,+26.740,+0.801
4833.043,5,8,+27.034,+1.023
4837.736,5,8,+25.984,+0.902
4842.339,5,8,+25.523,+1.206
4846.731,5,8,+25.661,+1.337
4854.597,5,8,+27.817,+0.813
4858.168,5,8,+26.740,+0.946
4860.55,5,8,+25.964,+0.733
4865.656,5,8,+24.875,+1.202
4870.057,5,8,+25.593,+0.865
4875.637,5,8,+27.174,+0.550
4881.177,5,8,+25.366,+0.463
4888.56,5,8,+26.863,+0.749
4895.582,5,8,+25.835,+0.544
4901.493,5,8,+26.040,+0.322
4906.797,5,8,+26.976,+0.516
4913.109,5,8,+26.906,+0.459
4917.07,5,8,+27.115,+0.444
4921.264,5,8,+26.348,+0.657
4924.351,5,8,+25.832,+1.002
4927.496,5,8,+26.554,+0.991
4934.246,5,8,+26.267,+1.141
4935.132,5,8,+26.040,+1.257
4938.357,5,8,+25.095,+1.344
4939.783,5,8,+24.651,+1.272
4944.929,5,8,+23.830,+1.247
4948.505,5,8,+22.212,+1.202
4951.863,5,8,+21.053,+1.084
4955.811,5,8,+20.721,+1.225
4960.847,5,8,+20.792,+1.252
4963.652,5,8,+20.914,+1.355
4965.817,5,8,+21.050,+1.460
4969.678,5,8,+21.175,+1.452
4972.938,5,8,+21.176,+1.454
4976.667,5,8,+21.108,+1.445
4980.43,5,8,+20.931,+1.430
4983.692,5,8,+20.737,+1.419
4988.736,5,8,+20.859,+1.455
4993.957,5,8,+20.958,+1.445
4997.992,5,8,+20.929,+1.374
5003.894,5,8,+21.224,+1.550
5007.37,5,8,+21.382,+1.622
5010.932,5,8,+21.355,+1.420
5013.012,5,8,+21.402,+1.477
5015.161,5,8,+21.446,+1.504
5020.482,5,8,+21.521,+1.588
5021.106,5,8,+21.509,+1.587
5023.84,5,8,+21.434,+1.581
5025.255,5,8,+21.476,+1.563
5030.145,5,8,+21.648,+1.516
5033.719,5,8,+21.645,+1.461
5037.047,5,8,+21.513,+1.408
5040.833,5,8,+21.691,+1.505
5045.74,5,8,+21.774,+1.469
5048.527,5,8,+21.840,+1.481
5050.608,5,8,+21.841,+1.533
5054.454,5,8,+21.913,+1.546
5057.752,5,8,+22.029,+1.598
5061.51,5,8,+22.033,+1.600
5065.295,5,8,+21.956,+1.581
5068.582,5,8,+21.854,+1.556
5073.582,5,8,+21.969,+1.699
5078.818,5,8,+22.006,+1.706
5082.876,5,8,+22.072,+1.745
5088.734,5,8,+22.302,+1.815
5092.196,5,8,+22.485,+1.869
5095.879,5,8,+22.602,+1.840
5097.94,5,8,+22.593,+1.820
5100.037,5,8,+22.624,+1.823
5105.271,5,8,+22.576,+1.851
5105.917,5,8,+22.563,+1.844
5108.647,5,8,+22.513,+1.822
5110.028,5,8,+22.532,+1.764
5114.959,5,8,+22.675,+1.740
5118.524,5,8,+22.666,+1.605
5121.949,5,8,+22.763,+1.598
5125.65,5,8,+22.879,+1.683
5130.486,5,8,+22.868,+1.575
5133.225,5,8,+22.969,+1.594
5135.39,5,8,+23.002,+1.659
5139.221,5,8,+23.062,+1.711
5142.505,5,8,+23.064,+1.677
5146.221,5,8,+23.083,+1.679
5150.051,5,8,+23.074,+1.729
5153.392,5,8,+23.058,+1.771
5158.407,5,8,+23.174,+1.909
5163.676,5,8,+23.266,+1.998
5167.82,5,8,+23.386,+2.009
5173.552,5,8,+23.501,+2.072
5177.017,5,8,+23.662,+2.125
5180.725,5,8,+23.745,+2.067
5182.844,5,8,+23.857,+2.145
5184.978,5,8,+23.945,+2.200
5190.261,5,8,+24.024,+2.255
5190.912,5,8,+24.032,+2.261
5193.674,5,8,+24.074,+2.290
5195.053,5,8,+24.174,+2.305
5200.008,5,8,+24.024,+2.298
5203.572,5,8,+23.886,+2.231
5206.968,5,8,+23.884,+2.220
5210.651,5,8,+23.863,+2.188
5215.488,5,8,+23.744,+2.104
5218.236,5,8,+23.848,+2.112
5220.401,5,8,+23.973,+2.171
5224.214,5,8,+24.100,+2.168
5227.466,5,8,+24.145,+2.200
5231.287,5,8,+24.141,+2.237
5235.163,5,8,+24.099,+2.333
5238.506,5,8,+24.026,+2.410
5243.514,5,8,+24.163,+2.561
5248.771,5,8,+24.272,+2.615
5252.819,5,8,+24.230,+2.523
5258.575,5,8,+24.347,+2.472
5262.062,5,8,+24.516,+2.508
5265.775,5,8,+24.623,+2.441
5267.87,5,8,+24.692,+2.465
5270.057,5,8,+24.721,+2.459
5275.297,5,8,+24.742,+2.505
5275.987,5,8,+24.737,+2.515
5278.721,5,8,+24.728,+2.577
5280.127,5,8,+24.689,+2.567
5285.531,5,8,+25.273,+3.003
5289.211,5,8,+25.386,+3.063
5292.551,5,8,+25.425,+3.048
5296.444,5,8,+25.643,+3.113
5301.316,5,8,+25.706,+3.070
5304.1,5,8,+25.867,+3.139
5306.289,5,8,+26.032,+3.236
5310.185,5,8,+26.231,+3.287
5313.428,5,8,+26.237,+3.289
5317.214,5,8,+26.228,+3.312
5321.081,5,8,+26.203,+3.396
5324.459,5,8,+26.170,+3.472
5329.503,5,8,+26.388,+3.584
5335.142,5,8,+26.913,+3.806
5343.438,5,8,+31.153,+3.561
5349.959,5,8,+32.022,+3.251
5354.458,5,8,+33.174,+3.952
5358.628,5,8,+33.571,+4.224
5362.137,5,8,+34.745,+5.086
5373.15,5,9,+34.745,+5.086
5392.478,5,10,+34.745,+5.086
5392.93,5,11,+34.745,+5.086
5393.102,5,11,+48.287,+0.094
5395.027,5,11,+48.312,+0.248
5403.891,5,11,+49.788,+0.526
5408.571,5,11,+50.017,+0.773
5412.792,5,11,+50.376,+0.769
5417.188,5,11,+50.262,+0.954
5424.09,5,11,+50.596,+0.583
5428.121,5,11,+51.494,+0.731
5430.844,5,11,+52.011,+0.892
5435.533,5,11,+51.872,+0.643
5439.736,5,11,+52.250,+0.648
5445.128,5,11,+52.548,+0.457
5451.143,5,11,+52.713,+0.774
5456.173,5,11,+52.858,+0.546
5463.164,5,11,+53.216,+0.468
5469.922,5,11,+52.970,+0.571
5475.538,5,11,+52.197,+0.789
5482.442,5,11,+52.050,+1.102
5486.569,5,11,+51.947,+0.728
5490.844,5,11,+51.103,+0.517
5493.825,5,11,+50.735,+0.455
5496.303,5,11,+49.849,+0.334
5501.403,5,11,+47.782,+0.174
5502.15,5,11,+47.520,+0.132
5504.606,5,11,+46.600,+0.022
5505.926,5,10,+46.600,+0.022
5506.001,5,10,+46.353,+0.368
5511.414,5,10,+45.741,+0.746
5514.793,5,10,+44.776,+0.400
5517.982,5,9,+44.776,+0.400
5518.047,5,9,+42.176,+3.945
5521.85,5,9,+41.513,+4.017
5526.726,5,9,+40.589,+3.916
5529.458,5,9,+39.787,+3.858
5531.616,5,9,+39.227,+3.888
5535.408,5,9,+38.576,+3.738
5538.65,5,9,+38.530,+3.721
5542.563,5,9,+38.670,+3.864
5546.661,5,9,+38.959,+4.134
5550.049,5,10,+38.959,+4.134
5550.199,5,10,+39.082,+0.051
5555.414,5,10,+39.385,+0.279
5560.502,5,10,+39.269,+0.143
5564.246,5,9,+39.269,+0.143
5564.328,5,9,+39.074,+4.360
5570.323,5,9,+39.384,+4.512
5573.747,5,9,+39.550,+4.550
5577.325,5,9,+39.568,+4.426
5579.339,5,9,+39.532,+4.307
5581.338,5,9,+39.469,+4.221
5586.528,5,9,+39.515,+4.268
5587.232,5,9,+39.538,+4.287
5590.044,5,9,+39.648,+4.374
5591.415,5,9,+39.722,+4.369
5596.287,5,9,+39.859,+4.395
5599.917,5,9,+39.892,+4.431
5603.364,5,9,+40.011,+4.441
5607.064,5,9,+40.121,+4.497
5611.87,5,9,+40.058,+4.440
5614.634,5,9,+40.140,+4.463
5616.8,5,9,+40.159,+4.543
5620.632,5,9,+40.219,+4.598
5623.85,5,9,+40.240,+4.564
5627.699,5,9,+40.314,+4.649
5631.675,5,9,+40.473,+4.878
5635.132,5,9,+40.576,+5.060
5640.172,5,9,+40.800,+5.089
5645.318,5,9,+40.815,+5.084
5649.418,5,9,+40.876,+5.120
5655.227,5,9,+40.970,+5.175
5658.621,5,9,+41.083,+5.187
5662.218,5,9,+41.098,+5.082
5664.283,5,9,+41.149,+5.056
5666.348,5,9,+41.182,+5.053
5671.573,5,9,+41.238,+5.109
5672.239,5,9,+41.260,+5.128
5675.05,5,9,+41.364,+5.231
5676.439,5,9,+41.441,+5.292
5681.373,5,9,+41.550,+5.233
5684.934,5,9,+41.542,+5.207
5688.278,5,9,+41.592,+5.223
5692.006,5,9,+41.713,+5.294
5696.834,5,9,+41.654,+5.243
5699.558,5,9,+41.682,+5.206
5701.653,5,9,+41.670,+5.247
5705.468,5,9,+41.726,+5.268
5708.687,5,9,+41.778,+5.272
5712.475,5,9,+41.822,+5.323
5716.356,5,9,+41.899,+5.458
5719.751,5,9,+41.967,+5.586
5724.711,5,9,+42.188,+5.609
5729.908,5,9,+42.232,+5.687
5733.937,5,9,+42.262,+5.718
5739.678,5,9,+42.269,+5.681
5743.075,5,9,+42.329,+5.689
5746.708,5,9,+42.313,+5.537
5748.795,5,9,+42.303,+5.527
5750.82,5,9,+42.287,+5.494
5756.007,5,9,+42.260,+5.516
5756.683,5,9,+42.272,+5.536
5759.442,5,9,+42.342,+5.644
5760.846,5,9,+42.379,+5.630
5765.826,5,9,+42.450,+5.648
5769.439,5,9,+42.500,+5.715
5772.791,5,9,+42.601,+5.764
5776.479,5,9,+42.664,+5.814
5781.297,5,9,+42.596,+5.730
5784.055,5,9,+42.638,+5.734
5786.172,5,9,+42.624,+5.787
5789.933,5,9,+42.611,+5.707
5793.147,5,9,+42.604,+5.673
5796.871,5,9,+42.639,+5.716
5800.766,5,9,+42.762,+5.898
5804.165,5,9,+42.889,+6.097
5809.125,5,9,+43.106,+6.129
5814.243,5,9,+43.049,+6.216
5818.203,5,9,+42.910,+6.337
5823.963,5,9,+43.006,+5.766
5827.331,5,9,+43.061,+5.618
5830.994,5,9,+43.125,+5.422
5833.046,5,9,+43.171,+5.328
5835.181,5,9,+43.143,+5.188
5840.348,5,9,+43.122,+4.947
5841.01,5,9,+43.131,+4.903
5843.78,5,9,+43.195,+4.748
5845.185,5,9,+43.241,+4.699
5850.13,5,9,+43.325,+4.613
5853.738,5,9,+43.369,+4.696
5857.088,5,9,+43.406,+4.743
5860.764,5,9,+43.437,+4.667
5865.631,5,9,+43.394,+4.607
5868.326,5,9,+43.394,+4.586
5870.477,5,9,+43.354,+4.630
5874.274,5,9,+43.372,+4.607
5877.531,5,9,+43.394,+4.576
5881.276,5,9,+43.419,+4.608
5885.13,5,9,+43.459,+4.759
5888.535,5,9,+43.494,+4.937
5893.472,5,9,+43.570,+4.934
5898.612,5,9,+43.553,+4.940
5902.629,5,9,+43.643,+4.791
5908.385,5,9,+43.697,+4.749
5911.811,5,9,+43.819,+4.773
5915.38,5,9,+43.851,+4.648
5917.415,5,9,+43.874,+4.625
5919.523,5,9,+43.821,+4.557
5924.661,5,9,+43.789,+4.534
5925.342,5,9,+43.798,+4.538
5928.08,5,9,+43.862,+4.575
5929.482,5,9,+43.916,+4.545
5934.355,5,9,+43.858,+4.498
5937.907,5,9,+43.779,+4.455
5941.219,5,9,+43.766,+4.492
5944.902,5,9,+43.796,+4.500
5949.77,5,9,+43.764,+4.397
5952.56,5,9,+43.815,+4.460
5954.677,5,9,+43.836,+4.573
5958.456,5,9,+43.866,+4.533
5961.725,5,9,+43.921,+4.541
5965.466,5,9,+43.954,+4.574
5969.342,5,9,+41.796,+4.681
5972.724,5,9,+41.868,+4.781
5977.667,5,9,+41.998,+4.793
5982.868,5,9,+42.045,+4.825
5986.879,5,9,+42.006,+4.826
5992.659,5,9,+42.108,+4.882
5996.082,5,9,+42.177,+4.921
5999.673,5,9,+42.148,+4.817
6001.729,5,9,+42.124,+4.809
6003.827,5,9,+42.109,+4.774
6009.035,5,9,+42.133,+4.835
6009.71,5,9,+42.143,+4.850
6012.465,5,9,+42.199,+4.911
6013.872,5,9,+42.244,+4.902
6018.817,5,9,+42.265,+4.928
6022.44,5,9,+42.242,+4.920
6025.73,5,9,+42.263,+4.880
6029.433,5,9,+42.340,+4.938
6034.281,5,9,+42.277,+4.888
6037.068,5,9,+42.326,+4.900
6039.17,5,9,+42.343,+4.974
6042.991,5,9,+42.323,+4.927
6046.135,5,9,+42.317,+4.915
6049.947,5,9,+42.340,+4.968
6053.817,5,9,+42.424,+5.155
6057.203,5,9,+42.480,+5.355
6062.263,5,9,+42.555,+5.425
6067.373,5,9,+42.562,+5.423
6071.429,5,9,+42.437,+5.360
6077.081,5,9,+42.471,+5.306
6080.538,5,9,+42.598,+5.372
6084.123,5,9,+42.531,+5.235
6086.244,5,9,+42.523,+5.177
6088.344,5,9,+42.512,+5.150
6093.559,5,9,+42.571,+5.211
6094.248,5,9,+42.591,+5.228
6097.056,5,9,+42.705,+5.313
6098.471,5,9,+42.766,+5.324
6103.369,5,9,+42.834,+5.280
6106.995,5,9,+42.898,+5.357
6110.375,5,9,+42.974,+5.414
6114.066,5,9,+43.018,+5.373
6118.969,5,9,+43.012,+5.360
6121.71,5,9,+43.069,+5.373
6123.857,5,9,+43.085,+5.439
6127.573,5,9,+43.077,+5.378
6130.829,5,9,+43.077,+5.398
6134.605,5,9,+43.080,+5.447
6138.458,5,9,+43.128,+5.596
6141.835,5,9,+43.182,+5.783
6146.786,5,9,+43.312,+5.826
6151.923,5,9,+43.327,+5.782
6155.911,5,9,+43.240,+5.653
6161.632,5,9,+43.298,+5.595
6165.056,5,9,+43.344,+5.656
6168.701,5,9,+43.357,+5.547
6170.866,5,9,+43.380,+5.541
6172.911,5,9,+43.375,+5.456
6178.104,5,9,+43.353,+5.472
6178.779,5,9,+43.366,+5.479
6181.548,5,9,+43.445,+5.513
6182.912,5,9,+43.441,+5.450
6187.986,5,9,+42.901,+5.590
6191.594,5,9,+43.076,+5.676
6194.969,5,9,+43.110,+5.703
6198.65,5,9,+43.145,+5.606
6203.508,5,9,+43.194,+5.506
6206.21,5,9,+43.300,+5.483
6208.351,5,9,+43.475,+5.536
6212.125,5,9,+43.446,+5.478
6215.359,5,9,+43.456,+5.469
6219.176,5,9,+43.546,+5.526
6223.016,5,9,+43.735,+5.720
6226.429,5,9,+43.892,+5.942
6231.321,5,9,+43.719,+5.882
6236.441,5,9,+43.619,+5.811
6240.355,5,9,+43.460,+5.662
6246.132,5,9,+43.525,+5.606
6249.576,5,9,+43.628,+5.718
6253.169,5,9,+43.466,+5.532
6255.261,5,9,+43.364,+5.561
6257.312,5,9,+43.315,+5.483
6262.582,5,9,+43.453,+5.643
6263.222,5,9,+43.499,+5.703
6266.027,5,9,+43.733,+5.970
6267.378,5,9,+43.807,+5.866
6272.315,5,9,+44.017,+5.704
6275.889,5,9,+44.048,+5.519
6279.263,5,9,+44.096,+5.251
6282.958,5,9,+44.118,+5.210
6287.816,5,9,+44.083,+5.136
6290.529,5,9,+44.147,+5.146
6292.737,5,9,+44.265,+5.226
6296.58,5,9,+44.418,+5.128
6299.841,5,9,+44.475,+5.137
6303.626,5,9,+44.417,+5.176
6307.451,5,9,+44.334,+5.313
6310.819,5,9,+44.308,+5.489
6315.744,5,9,+44.464,+5.460
6320.909,5,9,+44.590,+5.336
6324.934,5,9,+44.700,+5.300
6330.678,5,9,+44.761,+5.230
6334.228,5,9,+44.849,+5.320
6337.825,5,9,+44.771,+5.154
6339.965,5,9,+44.724,+5.140
6342.189,5,9,+44.679,+5.062
6347.254,5,9,+44.701,+5.077
6347.903,5,9,+44.707,+5.082
6350.69,5,9,+44.732,+5.101
6352.13,5,9,+44.728,+5.066
6357.052,5,9,+44.891,+5.024
6360.633,5,9,+44.993,+5.057
6364.011,5,9,+45.098,+5.039
6367.721,5,9,+45.140,+4.992
6372.585,5,9,+45.173,+4.907
6375.346,5,9,+45.269,+4.881
6377.441,5,9,+45.352,+4.923
6381.223,5,9,+45.429,+4.921
6384.428,5,9,+45.477,+4.907
6388.206,5,9,+45.489,+4.949
6392.028,5,9,+45.481,+5.083
6395.439,5,9,+45.503,+5.248
6400.308,5,9,+45.650,+5.251
6405.419,5,9,+45.693,+5.180
6409.377,5,9,+45.856,+5.104
6415.174,5,9,+45.921,+5.082
6418.55,5,9,+45.977,+5.122
6422.218,5,9,+45.866,+4.966
6424.3,5,9,+45.856,+4.938
6426.431,5,9,+45.810,+4.936
6431.62,5,9,+45.802,+4.929
6432.253,5,9,+45.799,+4.937
6435.042,5,9,+45.795,+4.975
6436.396,5,9,+45.812,+4.946
6441.338,5,9,+45.952,+4.892
6444.913,5,9,+46.038,+4.886
6448.283,5,9,+46.139,+4.892
6451.944,5,9,+46.154,+4.821
6456.807,5,9,+46.198,+4.715
6459.605,5,9,+46.311,+4.762
6461.732,5,9,+46.438,+4.859
6465.48,5,9,+46.473,+4.757
6468.718,5,9,+46.542,+4.759
6472.452,5,9,+46.554,+4.778
6476.267,5,9,+46.563,+4.815
6479.697,5,9,+46.599,+4.871
6484.488,5,9,+46.653,+4.815
6489.635,5,9,+46.761,+4.822
6493.727,5,9,+46.821,+4.767
6499.352,5,9,+46.897,+4.619
6502.848,5,9,+46.942,+4.678
6506.372,5,9,+46.829,+4.537
6508.421,5,9,+46.726,+4.454
6510.563,5,9,+46.727,+4.421
6515.793,5,9,+46.794,+4.452
6516.428,5,9,+46.805,+4.463
6519.161,5,9,+46.859,+4.528
6520.53,5,9,+46.865,+4.498
6525.388,5,9,+46.960,+4.356
6528.959,5,9,+46.999,+4.326
6532.266,5,9,+46.969,+4.293
6535.906,5,9,+46.949,+4.172
6540.789,5,9,+46.969,+4.026
6543.53,5,9,+47.050,+4.009
6545.657,5,9,+47.171,+4.076
6549.456,5,9,+47.228,+4.093
6552.659,5,9,+47.223,+4.064
6556.384,5,9,+47.232,+4.096
6560.228,5,9,+47.261,+4.228
6563.571,5,9,+47.348,+4.391
6568.472,5,9,+47.040,+4.373
6573.62,5,9,+47.133,+4.325
6577.599,5,9,+47.207,+4.055
6583.273,5,9,+47.244,+3.743
6586.672,5,9,+47.287,+3.741
6590.283,5,9,+47.178,+3.513
6592.424,5,9,+47.185,+3.491
6594.519,5,9,+47.199,+3.432
6599.747,5,9,+47.246,+3.430
6600.425,5,9,+47.243,+3.435
6603.134,5,9,+47.234,+3.463
6604.518,5,9,+47.275,+3.447
6609.468,5,9,+47.491,+3.434
6613.006,5,9,+47.536,+3.370
6616.359,5,9,+47.559,+3.357
6620.162,5,9,+47.589,+3.420
6625.152,5,9,+47.689,+3.390
6627.88,5,9,+47.808,+3.402
6630.009,5,9,+47.920,+3.463
6633.857,5,9,+48.137,+3.569
6637.119,5,9,+48.212,+3.568
6640.855,5,9,+48.204,+3.560
6644.72,5,9,+48.171,+3.595
6648.03,5,9,+48.148,+3.634
6653.014,5,9,+48.282,+3.646
6658.158,5,9,+48.344,+3.595
6662.234,5,9,+48.324,+3.555
6667.972,5,9,+48.437,+3.553
6671.461,5,9,+48.592,+3.658
6675.122,5,9,+48.276,+3.482
6677.362,5,9,+48.254,+3.570
6699.904,5,10,+48.254,+3.570
6701.486,5,11,+48.254,+3.570
6711.573,5,11,+71.804,+6.739
6713.421,5,11,+72.190,+6.694
6721.311,5,11,+75.405,+6.594
6725.657,5,11,+76.228,+6.664
6729.368,5,11,+76.662,+6.775
6733.227,5,11,+76.797,+6.751
6738.252,5,11,+76.982,+6.798
6741.091,5,11,+77.164,+6.809
6743.237,5,11,+77.258,+6.878
6747.096,5,11,+77.363,+6.940
6750.366,5,11,+77.457,+6.971
6754.119,5,11,+77.397,+6.994
6757.975,5,11,+73.080,+7.087
6761.36,5,11,+70.434,+7.183
6766.311,5,11,+68.032,+7.109
6771.476,5,11,+67.886,+7.082
6775.432,5,11,+67.591,+6.898
6781.151,5,11,+65.636,+6.783
6784.55,5,11,+64.991,+6.676
6788.064,5,11,+64.431,+6.461
6790.081,5,11,+63.502,+6.357
6792.16,5,11,+63.284,+6.258
6797.283,5,11,+63.321,+6.205
6797.931,5,11,+63.334,+6.217
6800.688,5,11,+63.397,+6.281
6802.069,5,11,+63.363,+6.177
6806.89,5,11,+63.442,+6.033
6810.45,5,11,+63.511,+6.051
6813.821,5,11,+63.482,+6.044
6817.4,5,11,+63.420,+5.876
6822.215,5,11,+63.330,+5.625
6824.868,5,11,+63.392,+5.494
6826.992,5,11,+63.421,+5.500
6830.725,5,11,+63.380,+5.408
6833.889,5,11,+63.380,+5.374
6837.716,5,11,+63.492,+5.497
6841.769,5,11,+63.697,+5.813
6845.266,5,11,+63.824,+6.033
6850.218,5,11,+64.052,+5.800
6855.346,5,11,+64.177,+5.770
6859.305,5,11,+64.220,+5.666
6865.068,5,11,+64.323,+5.489
6868.385,5,11,+64.387,+5.346
6871.967,5,11,+64.198,+5.225
6873.951,5,11,+64.164,+5.109
6875.974,5,11,+64.138,+4.953
6881.205,5,11,+64.254,+4.950
6881.962,5,11,+64.271,+4.972
6884.654,5,11,+64.330,+5.069
6886.042,5,11,+64.355,+5.022
6890.857,5,11,+64.453,+4.830
6894.463,5,11,+64.574,+4.847
6897.841,5,11,+64.685,+4.826
6901.405,5,11,+64.646,+4.667
6906.203,5,11,+64.553,+4.470
6908.899,5,11,+64.614,+4.379
6911.024,5,11,+64.669,+4.417
6914.733,5,11,+64.617,+4.293
6917.911,5,11,+64.643,+4.221
6921.673,5,11,+64.696,+4.264
6925.598,5,11,+64.798,+4.477
6929.004,5,11,+64.868,+4.704
6933.893,5,11,+65.019,+4.556
6939.023,5,11,+65.129,+4.496
6942.936,5,11,+65.159,+4.248
6948.62,5,11,+65.265,+4.025
6951.942,5,11,+65.401,+3.927
6955.633,5,11,+65.316,+3.828
6957.63,5,11,+65.263,+3.728
6959.775,5,11,+65.213,+3.630
6964.864,5,11,+65.203,+3.594
6965.578,5,11,+65.197,+3.609
6968.284,5,11,+65.182,+3.683
6969.67,5,11,+65.210,+3.644
6974.505,5,11,+65.322,+3.439
6978.05,5,11,+65.354,+3.390
6981.324,5,11,+65.368,+3.290
6984.991,5,11,+65.362,+3.120
6989.872,5,11,+65.363,+2.966
6992.588,5,11,+65.458,+2.896
6994.692,5,11,+65.507,+2.925
6998.481,5,11,+65.563,+2.895
7001.717,5,11,+65.612,+2.869
7005.412,5,11,+65.639,+2.893
7009.255,5,11,+65.631,+3.065
7012.601,5,11,+65.603,+3.281
7017.423,5,11,+65.731,+2.712
7022.611,5,11,+65.842,+2.786
7026.532,5,11,+65.897,+2.817
7032.27,5,11,+66.088,+2.440
7035.651,5,11,+66.188,+2.128
7039.358,5,11,+66.105,+1.879
7041.384,5,11,+66.057,+1.801
7043.438,5,11,+66.030,+1.645
7048.613,5,11,+66.091,+1.559
7049.287,5,11,+66.090,+1.566
7051.994,5,11,+66.077,+1.599
7053.365,5,11,+66.095,+1.419
7058.23,5,11,+66.193,+1.154
7061.762,5,11,+66.229,+1.258
7065.122,5,11,+66.240,+1.178
7068.684,5,11,+66.186,+0.866
7073.574,5,11,+66.214,+0.586
7076.28,5,11,+66.290,+0.469
7078.357,5,11,+66.312,+0.441
7082.295,5,11,+66.441,+0.360
7085.506,5,11,+66.542,+0.403
7089.272,5,11,+66.555,+0.456
7092.999,5,11,+66.490,+0.547
7096.26,5,11,+66.397,+0.550
7101.428,5,11,+66.850,+0.243
7106.439,5,11,+66.873,+0.093
7110.648,5,11,+67.073,+0.313
7116.713,5,11,+67.662,+0.286
7120.504,5,11,+68.050,+0.246
7124.605,5,11,+68.368,+0.388
7126.707,5,11,+68.361,+0.360
7128.71,5,11,+68.379,+0.245
7133.804,5,11,+68.387,+0.059
7134.573,5,11,+68.346,+0.026
7136.834,5,10,+68.346,+0.026
7136.924,5,10,+68.186,+0.373
7138.342,5,10,+68.288,+0.391
7143.6,5,10,+68.772,+0.455
7147.203,5,10,+68.931,+0.542
7150.636,5,10,+69.088,+0.654
7154.355,5,10,+69.126,+0.586
7159.314,5,10,+69.204,+0.512
7162.067,5,10,+69.297,+0.508
7164.197,5,10,+69.340,+0.566
7167.934,5,10,+69.396,+0.469
7171.177,5,10,+69.491,+0.496
7175.01,5,10,+69.622,+0.601
7178.956,5,10,+69.777,+0.723
7182.35,5,10,+69.848,+0.759
7187.325,5,10,+70.111,+0.747
7192.416,5,10,+70.175,+0.692
7196.448,5,10,+70.284,+0.765
7202.181,5,10,+70.438,+0.691
7205.527,5,10,+70.579,+0.568
7209.308,5,10,+70.597,+0.596
7211.51,5,10,+70.546,+0.606
7213.516,5,10,+70.498,+0.449
7218.606,5,10,+70.480,+0.221
7219.304,5,10,+70.438,+0.156
7221.682,5,9,+70.438,+0.156
7221.794,5,9,+70.254,+15.442
7223.086,5,9,+70.255,+15.350
7228.08,5,9,+70.503,+14.587
7231.69,5,9,+70.666,+14.745
7235.102,5,9,+70.771,+14.998
7238.78,5,9,+70.689,+14.373
7243.595,5,9,+70.677,+13.830
7246.288,5,9,+70.754,+13.642
7248.395,5,9,+70.784,+13.592
7252.141,5,9,+70.812,+13.126
7255.355,5,9,+70.862,+13.080
7259.274,5,9,+71.070,+13.283
7263.389,5,9,+71.403,+13.717
7266.918,5,9,+71.620,+14.012
7271.872,5,9,+71.877,+13.377
7276.976,5,9,+71.928,+12.961
7280.923,5,9,+72.049,+12.919
7286.695,5,9,+72.131,+12.639
7290.02,5,9,+72.135,+12.402
7293.755,5,9,+72.058,+12.262
7295.897,5,9,+72.036,+12.090
7297.943,5,9,+72.012,+11.960
7303.222,5,9,+72.179,+12.038
7303.919,5,9,+72.219,+12.070
7306.766,5,9,+72.386,+12.215
7308.162,5,9,+72.443,+12.168
7313.02,5,9,+72.545,+11.994
7316.694,5,9,+72.702,+12.173
7320.05,5,9,+72.813,+12.234
7323.748,5,9,+72.776,+12.064
7328.624,5,9,+72.789,+11.845
7331.367,5,9,+72.891,+11.817
7333.497,5,9,+72.974,+11.864
7337.317,5,9,+73.045,+11.721
7340.475,5,9,+73.072,+11.712
7344.296,5,9,+73.155,+11.777
7348.197,5,9,+73.317,+11.931
7351.634,5,9,+73.465,+12.078
7356.567,5,9,+73.623,+11.909
7361.704,5,9,+73.760,+11.926
7365.597,5,9,+73.795,+11.959
7371.343,5,9,+73.757,+11.830
7374.628,5,9,+73.729,+11.653
7378.28,5,9,+73.536,+11.378
7380.358,5,9,+73.510,+11.280
7382.543,5,9,+73.460,+11.086
7387.696,5,9,+73.589,+11.119
7388.37,5,9,+73.616,+11.134
7391.198,5,9,+73.748,+11.217
7392.547,5,9,+73.750,+11.133
7397.344,5,9,+73.749,+10.833
7400.911,5,9,+73.867,+10.971
7404.31,5,9,+73.880,+11.049
7407.963,5,9,+73.735,+10.851
7412.75,5,9,+73.678,+10.581
7415.413,5,9,+73.747,+10.453
7417.564,5,9,+73.791,+10.429
7421.277,5,9,+73.783,+10.211
7424.45,5,9,+73.806,+10.208
7428.239,5,9,+73.858,+10.265
7432.111,5,9,+73.965,+10.417
7435.521,5,9,+74.073,+10.578
7440.325,5,9,+74.143,+10.388
7445.478,5,9,+74.299,+10.406
7449.439,5,9,+74.352,+10.481
7455.189,5,9,+74.427,+10.252
7458.485,5,9,+74.476,+10.049
7462.195,5,9,+74.393,+9.833
7464.229,5,9,+74.344,+9.665
7466.348,5,9,+74.265,+9.485
7471.5,5,9,+74.348,+9.515
7472.187,5,9,+74.365,+9.528
7474.97,5,9,+74.433,+9.592
7476.321,5,9,+74.444,+9.534
7481.1,5,9,+74.518,+9.350
7484.681,5,9,+74.637,+9.464
7488.026,5,9,+74.692,+9.510
7491.67,5,9,+74.645,+9.325
7496.492,5,9,+74.599,+9.121
7499.172,5,9,+74.675,+9.034
7501.323,5,9,+74.725,+9.032
7505.014,5,9,+74.697,+8.800
7508.185,5,9,+74.731,+8.775
7511.951,5,9,+74.792,+8.822
7515.82,5,9,+74.901,+8.931
7519.225,5,9,+75.013,+9.056
7524.065,5,9,+75.135,+8.934
7529.224,5,9,+75.312,+8.986
7533.2,5,9,+75.299,+9.022
7538.826,5,9,+75.245,+8.831
7542.292,5,9,+75.279,+8.661
7545.778,5,9,+75.146,+8.425
7547.924,5,9,+75.128,+8.361
7549.987,5,9,+75.026,+8.272
7555.184,5,9,+75.095,+8.302
7556.034,5,9,+75.115,+8.309
7558.626,5,9,+75.222,+8.356
7559.998,5,9,+75.264,+8.318
7564.829,5,9,+75.372,+8.196
7568.395,5,9,+75.478,+8.325
7571.756,5,9,+75.501,+8.426
7575.446,5,9,+75.432,+8.293
7580.249,5,9,+75.400,+8.132
7582.912,5,9,+75.475,+8.021
7585.082,5,9,+75.520,+8.008
7588.806,5,9,+75.522,+7.858
7591.995,5,9,+75.575,+7.871
7595.762,5,9,+75.619,+7.904
7599.578,5,9,+75.687,+7.983
7602.949,5,9,+75.775,+8.080
7607.824,5,9,+75.891,+8.035
7612.941,5,9,+75.976,+8.047
7616.864,5,9,+75.990,+8.031
7622.614,5,9,+76.079,+7.900
7625.94,5,9,+76.145,+7.689
7629.525,5,9,+75.974,+7.521
7631.694,5,9,+75.933,+7.432
7633.744,5,9,+75.910,+7.297
7638.901,5,9,+75.981,+7.290
7639.658,5,9,+75.995,+7.298
7642.413,5,9,+76.067,+7.347
7643.708,5,9,+76.051,+7.303
7648.515,5,9,+76.104,+7.243
7652.053,5,9,+76.178,+7.328
7655.351,5,9,+76.158,+7.360
7658.988,5,9,+76.019,+7.174
7663.813,5,9,+75.969,+6.984
7666.546,5,9,+76.037,+6.893
7668.612,5,9,+76.077,+6.875
7672.333,5,9,+76.077,+6.669
7675.528,5,9,+76.118,+6.662
7679.291,5,9,+76.140,+6.683
7683.074,5,9,+76.228,+6.738
7686.44,5,9,+76.350,+6.816
7691.295,5,9,+76.328,+6.711
7696.32,5,9,+76.383,+6.650
7700.159,5,9,+76.281,+6.601
7705.938,5,9,+76.333,+6.467
7709.269,5,9,+76.362,+6.303
7712.872,5,9,+75.919,+6.153
7714.95,5,9,+75.783,+6.033
7716.971,5,9,+75.647,+5.910
7722.167,5,9,+75.746,+5.907
7722.845,5,9,+75.775,+5.910
7725.594,5,9,+75.911,+5.940
7726.902,5,9,+75.908,+5.901
7731.772,5,9,+75.927,+5.769
7735.324,5,9,+76.022,+5.880
7738.693,5,9,+75.997,+5.944
7742.379,5,9,+75.893,+5.801
7747.169,5,9,+75.814,+5.615
7749.835,5,9,+75.817,+5.510
7751.941,5,9,+75.860,+5.479
7755.597,5,9,+75.530,+5.231
7758.8,5,9,+75.471,+5.251
7762.522,5,9,+75.492,+5.281
7766.372,5,9,+75.546,+5.330
7769.715,5,9,+75.584,+5.399
7774.575,5,9,+75.535,+5.305
7779.704,5,9,+75.660,+5.305
7783.591,5,9,+75.637,+5.292
7789.255,5,9,+75.612,+5.164
7792.56,5,9,+75.640,+4.994
7796.176,5,9,+75.429,+4.858
7798.28,5,9,+75.338,+4.720
7800.304,5,9,+75.284,+4.567
7805.504,5,9,+75.367,+4.570
7806.148,5,9,+75.370,+4.568
7808.914,5,9,+75.385,+4.563
7810.277,5,9,+75.384,+4.511
7815.167,5,9,+75.536,+4.429
7818.746,5,9,+75.611,+4.531
7822.088,5,9,+75.581,+4.590
7825.714,5,9,+75.483,+4.458
7830.518,5,9,+75.451,+4.268
7833.172,5,9,+75.519,+4.173
7835.319,5,9,+75.557,+4.175
7839.071,5,9,+75.600,+4.030
7842.237,5,9,+75.648,+4.020
7845.974,5,9,+75.687,+4.039
7849.794,5,9,+75.727,+4.081
7853.167,5,9,+75.773,+4.128
7858.079,5,9,+75.926,+4.128
7863.154,5,9,+76.024,+4.084
7867.109,5,9,+76.009,+4.066
7872.843,5,9,+76.105,+4.045
7876.166,5,9,+76.182,+3.969
7879.962,5,9,+76.195,+3.891
7882.176,5,9,+76.342,+3.819
7884.292,5,9,+76.281,+3.731
7889.478,5,9,+76.312,+3.767
7890.14,5,9,+76.313,+3.771
7892.882,5,9,+76.329,+3.800
7894.315,5,9,+76.374,+3.791
7899.842,5,9,+77.206,+4.388
7903.469,5,9,+77.353,+4.543
7906.82,5,9,+77.414,+4.587
7910.467,5,9,+77.321,+4.441
7915.355,5,9,+77.354,+4.280
7918.03,5,9,+77.461,+4.205
7920.166,5,9,+77.508,+4.200
7923.964,5,9,+77.560,+4.056
7927.153,5,9,+77.629,+4.089
7930.904,5,9,+77.692,+4.135
7934.746,5,9,+77.744,+4.190
7938.11,5,9,+77.792,+4.241
7942.991,5,9,+77.900,+4.222
7948.213,5,9,+78.077,+4.310
7952.294,5,9,+78.222,+4.410
7957.99,5,9,+78.303,+4.334
7961.385,5,9,+78.348,+4.201
7964.99,5,9,+78.153,+4.005
7967.185,5,9,+78.170,+3.956
7969.291,5,9,+78.187,+3.871
7974.481,5,9,+78.275,+3.911
7975.197,5,9,+78.287,+3.916
7977.906,5,9,+78.351,+3.947
7979.28,5,9,+78.353,+3.894
7984.084,5,9,+78.469,+3.815
7987.607,5,9,+78.543,+3.887
7990.933,5,9,+78.554,+3.901
7994.682,5,9,+78.552,+3.812
7999.529,5,9,+78.586,+3.683
8002.304,5,9,+78.686,+3.621
8004.37,5,9,+78.737,+3.622
8008.117,5,9,+78.780,+3.457
8011.315,5,9,+78.826,+3.452
8015.055,5,9,+78.877,+3.471
8018.902,5,9,+78.956,+3.527
8022.376,5,9,+79.048,+3.588
8027.465,5,9,+79.519,+3.903
8032.627,5,9,+79.675,+3.922
8036.722,5,9,+79.815,+4.033
8042.537,5,9,+79.945,+4.065
8046.063,5,9,+80.213,+4.108
8049.789,5,9,+80.123,+4.083
8051.982,5,9,+80.173,+4.049
8054.178,5,9,+80.207,+3.999
8059.386,5,9,+80.322,+4.040
8060.075,5,9,+80.332,+4.031
8062.731,5,9,+80.354,+3.974
8064.074,5,9,+80.378,+3.923
8069.014,5,9,+80.560,+3.952
8072.558,5,9,+80.630,+4.015
8075.874,5,9,+80.650,+4.109
8079.642,5,9,+80.651,+4.072
8084.588,5,9,+80.731,+4.004
8087.323,5,9,+80.855,+3.974
8089.458,5,9,+80.880,+3.946
8093.132,5,9,+80.836,+3.701
8096.358,5,9,+80.905,+3.747
8100.142,5,9,+80.963,+3.781
8103.941,5,9,+81.011,+3.820
8107.316,5,9,+81.057,+3.846
8112.186,5,9,+81.166,+3.840
8117.414,5,9,+81.347,+3.920
8121.401,5,9,+81.392,+3.930
8127.153,5,9,+81.476,+3.916
8130.581,5,9,+81.601,+3.872
8134.398,5,9,+81.491,+3.814
8136.399,5,9,+81.466,+3.673
8138.505,5,9,+81.452,+3.593
8143.704,5,9,+81.559,+3.636
8144.361,5,9,+81.569,+3.640
8147.102,5,9,+81.623,+3.660
8148.422,5,9,+81.604,+3.615
8153.462,5,9,+81.832,+3.671
8157.014,5,9,+81.934,+3.757
8160.293,5,9,+81.952,+3.783
8164.075,5,9,+81.976,+3.786
8168.926,5,9,+81.948,+3.614
8171.669,5,9,+82.055,+3.599
8173.819,5,9,+82.147,+3.637
8177.622,5,9,+82.268,+3.560
8180.93,5,9,+82.418,+3.673
8184.753,5,9,+82.558,+3.799
8188.671,5,9,+82.729,+3.938
8192.16,5,9,+82.950,+4.104
8197.559,5,9,1 L,+4.601
8202.758,5,9,1 L,+4.672
8206.775,5,9,1 L,+4.785
8212.615,5,9,1 L,+4.929
8216.067,5,9,1 L,+4.883
8219.818,5,9,1 L,+4.880
8221.998,5,9,1 L,+4.789
8224.117,5,9,1 L,+4.821
8229.347,5,9,1 L,+4.897
8230.048,5,9,1 L,+4.901
8232.726,5,9,1 L,+4.915
8234.067,5,9,1 L,+4.910
8239.033,5,9,1 L,+4.884
8242.554,5,9,1 L,+4.946
8245.924,5,9,1 L,+5.000
8249.61,5,9,1 L,+4.891
8254.462,5,9,1 L,+4.727
8257.281,5,9,1 L,+4.714
8259.404,5,9,1 L,+4.740
8263.211,5,9,1 L,+4.625
8266.425,5,9,1 L,+4.681
8270.162,5,9,1 L,+4.718
8273.983,5,9,1 L,+4.762
8277.323,5,9,1 L,+4.811
8282.319,5,9,1 L,+4.574
8287.41,5,9,1 L,+4.584
8291.279,5,9,1 L,+4.466
8297.082,5,9,1 L,+4.338
8300.538,5,9,1 L,+4.219
8304.112,5,9,1 L,+4.094
8306.296,5,9,1 L,+4.061
8308.462,5,9,1 L,+3.976
8313.679,5,9,1 L,+4.044
8314.366,5,9,1 L,+4.050
8317.119,5,9,1 L,+4.082
8318.466,5,9,1 L,+4.060
8323.41,5,9,1 L,+4.045
8326.971,5,9,1 L,+4.144
8330.28,5,9,1 L,+4.153
8334.02,5,9,1 L,+4.118
8338.908,5,9,1 L,+4.003
8341.622,5,9,1 L,+3.961
8343.781,5,9,1 L,+3.970
8347.591,5,9,1 L,+3.844
8350.815,5,9,1 L,+3.865
8354.564,5,9,1 L,+3.880
8358.333,5,9,1 L,+3.897
8361.7,5,9,1 L,+3.511
8366.637,5,9,1 L,+2.833
8371.827,5,9,1 L,+2.863
8376.685,5,9,1 L,+3.733
8382.713,5,9,1 L,+3.857
8386.305,5,9,1 L,+3.908
8390.07,5,9,1 L,+3.916
8392.367,5,9,1 L,+3.950
8394.562,5,9,1 L,+3.937
8399.757,5,9,1 L,+3.969
8400.461,5,9,1 L,+3.965
8403.092,5,9,1 L,+3.929
8404.42,5,9,1 L,+3.685
8409.491,5,9,1 L,+2.985
8413.054,5,9,1 L,+2.909
8416.376,5,9,1 L,+2.743
8420.127,5,9,1 L,+2.482
8425.067,5,9,1 L,+2.286
8427.817,5,9,1 L,+2.095
8429.955,5,9,1 L,+1.956
8433.75,5,9,1 L,+1.242
8436.95,5,9,1 L,+1.084
8440.641,5,9,1 L,+0.962
8444.426,5,9,1 L,+0.985
8447.676,5,9,1 L,+1.135
8452.711,5,9,1 L,+0.803
8457.926,5,9,1 L,+0.882
8461.91,5,9,1 L,+0.890
8467.813,5,9,1 L,+0.860
8471.283,5,9,1 L,+0.721
8475.122,5,9,1 L,+0.685
8477.191,5,9,1 L,+0.542
8479.305,5,9,1 L,+0.419
8484.373,5,9,1 L,+0.379
8485.066,5,9,1 L,+0.346
8487.488,5,9,1 L,+0.229
8488.941,5,9,1 L,+0.258
8494.276,5,9,1 L,+0.515
8497.876,5,9,1 L,+0.671
8501.147,5,9,1 L,+0.704
8504.997,5,9,1 L,+0.683
8509.972,5,9,1 L,+0.602
8512.706,5,9,1 L,+0.558
8514.79,5,9,1 L,+0.508
8518.624,5,9,1 L,+0.408
8521.869,5,9,1 L,+0.462
8525.594,5,9,1 L,+0.560
8529.475,5,9,1 L,+0.711
8532.805,5,9,1 L,+0.804
8537.768,5,9,1 L,+0.830
8542.96,5,9,1 L,+0.990
8546.99,5,9,1 L,+1.101
8552.85,5,9,1 L,+1.097
8556.322,5,9,1 L,+1.017
8560.098,5,9,1 L,+0.989
8562.236,5,9,1 L,+0.935
8564.362,5,9,1 L,+0.886
8569.585,5,9,1 L,+0.987
8570.252,5,9,1 L,+1.000
8572.938,5,9,1 L,+1.048
8574.315,5,9,1 L,+1.008
8579.32,5,9,1 L,+0.959
8582.917,5,9,1 L,+1.084
8586.266,5,9,1 L,+1.162
8590.003,5,9,1 L,+1.069
8594.914,5,9,1 L,+0.956
8597.625,5,9,1 L,+0.921
8599.729,5,9,1 L,+0.886
8603.447,5,9,1 L,+0.704
8606.69,5,9,1 L,+0.764
8610.452,5,9,1 L,+0.819
8614.301,5,9,1 L,+0.902
8617.627,5,9,1 L,+0.949
8622.531,5,9,1 L,+0.872
8627.746,5,9,1 L,+0.969
8631.681,5,9,1 L,+1.049
8637.586,5,9,1 L,+1.099
8640.989,5,9,1 L,+1.024
8644.734,5,9,1 L,+0.974
8646.807,5,9,1 L,+0.887
8648.964,5,9,1 L,+0.804
8654.097,5,9,1 L,+0.830
8654.74,5,9,1 L,+0.827
8657.424,5,9,1 L,+0.803
8658.776,5,9,1 L,+0.777
8663.742,5,9,1 L,+0.704
8667.053,5,9,1 L,+0.535
8670.28,5,9,1 L,+0.498
8674.084,5,9,1 L,+0.492
8679.134,5,9,1 L,+0.521
8681.913,5,9,1 L,+0.506
8683.946,5,9,1 L,+0.493
8687.778,5,9,1 L,+0.413
8691.018,5,9,1 L,+0.489
8694.833,5,9,1 L,+0.615
8698.756,5,9,1 L,+0.796
8702.151,5,9,1 L,+0.900
8707.062,5,9,1 L,+0.872
8712.247,5,9,1 L,+0.920
8716.286,5,9,1 L,+0.971
8722.13,5,9,1 L,+0.928
8725.509,5,9,1 L,+0.891
8729.337,5,9,1 L,+0.897
8731.562,5,9,1 L,+0.883
8733.671,5,9,1 L,+0.821
8738.903,5,9,1 L,+0.941
8739.571,5,9,1 L,+0.959
8850.684,5,9,1L,+0.959
12.598,87,12,,
3749.698,87,12,+2.053,
3750.663,87,13,+2.053,
3751.628,87,14,+2.053,
3751.834,87,11,+2.053,
3751.883,87,12,+2.053,
3751.914,87,12,+2.329,+0.227
3752.304,87,13,+2.329,+0.227
3752.524,87,14,+2.329,+0.227
3753.898,87,15,+2.329,+0.227
3758.83,87,16,+2.329,+0.227
3759.234,87,15,+2.329,+0.227
3759.318,87,15,+3.246,+0.045
3762.024,87,13,+3.246,+0.045
3762.106,87,13,+2.974,+0.742
3762.254,87,14,+2.974,+0.742
3766.3,87,15,+2.974,+0.742
3767.027,87,16,+2.974,+0.742
3767.284,87,17,+2.974,+0.742
3767.397,87,14,+2.974,+0.742
3767.483,87,14,+3.028,+0.329
3770.517,87,14,+3.700,+0.323
3775.889,87,11,+3.700,+0.323
3775.97,87,11,+4.436,+0.203
3775.987,87,12,+4.436,+0.203
3776.2,87,13,+4.436,+0.203
3776.444,87,14,+4.436,+0.203
3779.766,87,14,+4.974,+0.238
3781.399,87,14,+5.181,+0.311
3786.286,87,14,+6.001,+0.333
3791.013,87,14,+6.070,+0.269
3793.506,87,14,+6.072,+0.281
3797.481,87,14,+5.921,+0.290
3800.635,87,14,+5.678,+0.236
3806.462,87,14,+6.356,+0.309
3811.777,87,14,+6.501,+0.383
3816.228,87,14,+6.845,+0.417
3822.23,87,14,+7.071,+0.398
3826.815,87,14,+7.309,+0.299
3830.16,87,14,+7.923,+0.382
3832.198,87,14,+8.021,+0.348
3834.163,87,14,+8.126,+0.297
3839.166,87,14,+7.925,+0.013
3839.769,87,13,+7.925,+0.013
3839.795,87,13,+7.836,+0.389
3842.508,87,13,+7.621,+0.296
3844.691,87,13,+7.867,+0.379
3849.597,87,13,+8.333,+0.484
3853.107,87,13,+8.396,+0.586
3856.621,87,13,+8.556,+0.573
3860.542,87,13,+8.679,+0.501
3865.953,87,13,+8.979,+0.572
3868.674,87,13,+9.087,+0.544
3870.736,87,13,+9.031,+0.526
3874.843,87,13,+9.227,+0.582
3878.115,87,13,+9.210,+0.533
3881.805,87,13,+9.139,+0.482
3885.523,87,13,+8.968,+0.420
3888.748,87,13,+8.827,+0.366
3894.264,87,13,+8.780,+0.387
3899.569,87,13,+8.990,+0.453
3904.748,87,13,+9.130,+0.441
3909.665,87,13,+9.149,+0.401
3913.45,87,13,+9.326,+0.409
3917.459,87,13,+9.502,+0.389
3919.656,87,13,+9.533,+0.408
3921.705,87,13,+9.616,+0.389
3926.49,87,13,+9.451,+0.020
3927.16,87,12,+9.451,+0.020
3927.166,87,12,+9.385,+0.793
3929.78,87,12,+9.211,+0.771
3931.599,87,12,+9.300,+0.834
3936.506,87,12,+9.659,+0.843
3940.125,87,12,+9.710,+0.836
3943.872,87,12,+9.974,+1.051
3947.553,87,12,+9.999,+0.964
3952.669,87,12,+10.197,+1.052
3955.491,87,12,+10.285,+1.074
3957.547,87,12,+10.334,+1.050
3961.468,87,12,+10.501,+0.964
3964.763,87,12,+10.461,+0.944
3968.526,87,12,+10.293,+0.936
3972.199,87,12,+9.549,+0.908
3975.419,87,12,+9.559,+0.770
3980.811,87,12,+9.712,+0.388
3985.851,87,12,+9.409,+0.151
3989.922,87,11,+9.409,+0.151
3990.006,87,11,+9.414,+0.423
3995.91,87,11,+9.633,+0.656
3999.459,87,11,+9.688,+0.704
4003.328,87,11,+9.821,+0.751
4005.581,87,11,+9.871,+0.809
4007.571,87,11,+9.899,+0.872
4012.78,87,11,+9.879,+0.846
4013.468,87,11,+9.876,+0.853
4016.4,87,11,+9.922,+1.000
4017.943,87,11,+10.057,+1.118
4023.028,87,11,+10.272,+1.158
4026.667,87,11,+10.262,+1.120
4030.232,87,11,+10.434,+1.245
4034.055,87,11,+10.568,+1.295
4039.098,87,11,+10.724,+1.385
4041.977,87,11,+10.797,+1.370
4043.991,87,11,+10.757,+1.312
4047.974,87,11,+10.957,+1.327
4051.307,87,11,+11.021,+1.281
4055.091,87,11,+11.012,+1.203
4058.813,87,11,+10.881,+1.030
4062.032,87,11,+10.694,+0.869
4067.066,87,11,+10.808,+0.800
4072.278,87,11,+10.831,+0.737
4076.394,87,11,+10.824,+0.763
4082.127,87,11,+10.832,+0.704
4085.589,87,11,+10.944,+0.710
4089.366,87,11,+11.159,+0.746
4091.484,87,11,+11.250,+0.767
4093.57,87,11,+11.293,+0.803
4098.742,87,11,+11.266,+0.760
4099.395,87,11,+11.243,+0.741
4102.141,87,11,+11.145,+0.660
4103.529,87,11,+11.252,+0.705
4108.602,87,11,+11.485,+0.746
4112.195,87,11,+11.447,+0.734
4115.726,87,11,+11.593,+0.801
4119.528,87,11,+11.778,+0.776
4124.478,87,11,+11.943,+0.741
4127.31,87,11,+12.036,+0.651
4129.327,87,11,+12.000,+0.536
4133.27,87,11,+12.152,+0.548
4136.571,87,11,+12.192,+0.578
4140.288,87,11,+12.167,+0.564
4143.988,87,11,+12.005,+0.513
4147.174,87,11,+11.786,+0.465
4152.372,87,11,+12.121,+0.511
4157.672,87,11,+12.249,+0.513
4161.893,87,11,+12.373,+0.541
4167.773,87,11,+12.541,+0.462
4171.258,87,11,+12.717,+0.361
4175.281,87,11,+13.105,+0.393
4177.505,87,11,+13.259,+0.473
4179.622,87,11,+13.334,+0.513
4184.744,87,11,+13.293,+0.427
4185.38,87,11,+13.265,+0.417
4188.052,87,11,+13.147,+0.377
4189.616,87,11,+13.248,+0.372
4194.728,87,11,+13.570,+0.324
4198.22,87,11,+13.376,+0.219
4201.564,87,11,+13.253,+0.052
4205.445,87,10,+13.253,+0.052
4205.53,87,10,+13.623,+0.691
4210.563,87,10,+13.821,+0.603
4213.448,87,10,+13.973,+0.607
4215.524,87,10,+13.960,+0.585
4219.478,87,10,+14.068,+0.576
4222.737,87,10,+14.093,+0.580
4226.495,87,10,+14.076,+0.604
4230.231,87,10,+13.961,+0.643
4233.471,87,10,+13.812,+0.699
4238.651,87,10,+13.986,+0.653
4243.911,87,10,+14.098,+0.851
4247.989,87,10,+14.062,+0.805
4253.882,87,10,+14.007,+0.820
4257.393,87,10,+14.128,+0.788
4261.213,87,10,+14.369,+0.819
4263.304,87,10,+14.390,+0.842
4265.463,87,10,+14.401,+0.826
4270.701,87,10,+14.416,+0.803
4271.4,87,10,+14.412,+0.807
4274.121,87,10,+14.399,+0.835
4275.571,87,10,+14.485,+0.870
4280.638,87,10,+14.676,+0.989
4284.175,87,10,+14.582,+1.090
4287.565,87,10,+14.598,+1.196
4291.381,87,10,+14.714,+1.077
4296.244,87,10,+14.750,+0.989
4299.036,87,10,+14.826,+0.969
4301.101,87,10,+14.793,+0.987
4304.99,87,10,+14.899,+0.997
4308.248,87,10,+14.939,+0.990
4312.028,87,10,+14.918,+1.003
4315.735,87,10,+14.788,+1.007
4318.961,87,10,+14.616,+1.008
4324.023,87,10,+14.736,+0.881
4329.25,87,10,+14.785,+0.978
4333.361,87,10,+14.886,+0.975
4339.195,87,10,+15.076,+0.952
4342.735,87,10,+15.279,+0.942
4346.492,87,10,+15.563,+1.026
4348.58,87,10,+15.583,+1.053
4350.727,87,10,+15.604,+1.019
4355.906,87,10,+15.584,+0.933
4356.589,87,10,+15.573,+0.923
4359.243,87,10,+15.532,+0.896
4360.732,87,10,+15.646,+0.931
4365.755,87,10,+15.348,+1.002
4369.405,87,10,+15.661,+1.176
4372.793,87,11,+15.661,+1.176
4373.016,87,11,+15.823,+0.169
4376.899,87,11,+15.854,+0.270
4382.025,87,11,+16.028,+0.402
4384.841,87,11,+16.132,+0.455
4386.89,87,11,+16.104,+0.392
4390.847,87,11,+15.842,+0.429
4394.086,87,11,+15.831,+0.459
4397.821,87,11,+15.783,+0.406
4401.572,87,11,+15.720,+0.302
4404.804,87,11,+15.622,+0.197
4410.025,87,11,+15.922,+0.399
4415.283,87,11,+15.885,+0.462
4419.347,87,11,+15.826,+0.532
4425.216,87,11,+16.017,+0.586
4428.716,87,11,+16.018,+0.613
4432.506,87,11,+15.607,+0.716
4434.68,87,11,+15.599,+0.722
4436.827,87,11,+16.299,+0.792
4441.987,87,11,+16.127,+0.844
4442.642,87,11,+16.056,+0.837
4445.243,87,11,+15.776,+0.804
4446.688,87,11,+15.773,+0.832
4451.924,87,11,+15.649,+1.108
4455.571,87,11,+15.615,+1.275
4459.007,87,11,+15.720,+1.349
4462.802,87,11,+15.496,+1.381
4467.748,87,11,+15.412,+1.350
4470.443,87,11,+15.479,+1.340
4472.554,87,11,+15.533,+1.265
4476.454,87,11,+15.723,+1.218
4479.696,87,11,+15.747,+1.271
4483.462,87,11,+15.664,+1.253
4487.165,87,11,+15.429,+1.172
4490.419,87,11,+15.148,+1.091
4495.441,87,11,+15.263,+1.099
4500.678,87,11,+15.334,+1.080
4504.767,87,11,+15.326,+1.161
4510.596,87,11,+15.514,+1.227
4514.047,87,11,+15.603,+1.153
4517.863,87,11,+15.896,+1.167
4519.98,87,11,+15.907,+1.093
4522.227,87,11,+15.885,+1.092
4527.34,87,11,+15.860,+1.154
4528.076,87,11,+15.851,+1.163
4530.742,87,11,+15.817,+1.203
4532.124,87,11,+15.929,+1.232
4537.244,87,11,+16.212,+1.355
4540.89,87,11,+16.128,+1.607
4544.327,87,11,+16.091,+1.596
4548.07,87,11,+16.242,+1.505
4553.085,87,11,+16.326,+1.443
4555.85,87,11,+16.395,+1.458
4557.985,87,11,+16.342,+1.440
4561.894,87,11,+16.492,+1.408
4565.17,87,11,+16.565,+1.460
4568.971,87,11,+16.571,+1.513
4572.729,87,11,+16.491,+1.636
4575.996,87,11,+16.387,+1.801
4581.017,87,11,+16.572,+1.568
4586.297,87,11,+16.696,+1.682
4590.327,87,11,+16.745,+1.879
4596.267,87,11,+16.967,+1.268
4599.657,87,11,+17.042,+0.978
4603.507,87,11,+17.388,+0.998
4605.653,87,11,+17.476,+1.044
4607.769,87,11,+17.502,+0.975
4613.004,87,11,+17.544,+0.952
4613.666,87,11,+17.542,+0.960
4616.379,87,11,+17.527,+1.003
4617.835,87,11,+17.592,+1.029
4622.851,87,11,+17.817,+0.953
4626.437,87,11,+17.652,+1.007
4629.858,87,11,+17.673,+1.132
4633.606,87,11,+17.778,+1.060
4638.638,87,11,+17.942,+1.034
4641.466,87,11,+18.055,+1.046
4643.534,87,11,+18.147,+1.079
4647.452,87,11,+18.402,+1.102
4650.73,87,11,+18.465,+1.106
4654.449,87,11,+18.432,+1.133
4658.189,87,11,+18.202,+1.143
4661.341,87,10,+18.202,+1.143
4661.439,87,10,+17.946,+1.113
4666.459,87,10,+18.131,+1.016
4671.689,87,10,+18.223,+1.015
4675.76,87,10,+18.303,+1.044
4681.67,87,10,+18.561,+0.888
4685.467,87,10,+19.002,+0.836
4691.999,87,10,+22.078,+1.544
4695.121,87,10,+23.051,+1.470
4697.741,87,10,+23.676,+1.470
4704.246,87,10,+25.003,+1.470
4705.116,87,7,+25.003,+1.470
4705.117,87,7,+25.147,+2.072
4705.117,87,7,+25.003,+2.072
4705.124,87,7,+25.147,+2.072
4708.366,87,7,+25.678,+1.855
4710.305,87,7,+26.171,+1.551
4717.225,87,7,+24.917,+2.307
4721.811,87,7,+23.781,+2.359
4726.35,87,7,+24.096,+2.153
4730.633,87,7,+24.057,+2.176
4738.558,87,7,+24.966,+2.622
4742.279,87,7,+25.111,+2.658
4744.918,87,7,+25.358,+2.635
4749.948,87,7,+25.997,+2.356
4754.116,87,7,+26.754,+2.248
4759.365,87,7,+24.719,+1.810
4765.455,87,7,+23.912,+1.616
4772.109,87,7,+24.450,+2.215
4779.816,87,7,+23.990,+2.260
4786.197,87,7,+24.716,+2.957
4790.721,87,7,+24.793,+2.986
4797.177,87,7,+25.016,+2.631
4801.359,87,7,+25.371,+2.373
4805.951,87,7,+25.430,+2.637
4808.949,87,7,+25.639,+2.832
4811.971,87,7,+26.109,+2.665
4819.253,87,7,+26.305,+3.063
4820.125,87,7,+26.178,+2.897
4823.662,87,7,+25.822,+2.477
4825.767,87,7,+25.939,+2.381
4832.005,87,7,+26.011,+1.703
4836.828,87,7,+25.082,+2.254
4841.108,87,7,+24.317,+2.183
4845.387,87,7,+24.324,+1.802
4853.785,87,7,+27.004,+3.071
4857.198,87,7,+25.794,+2.668
4859.813,87,7,+25.231,+2.543
4864.438,87,7,+23.673,+1.965
4869.192,87,7,+24.728,+2.460
4875.118,87,7,+26.624,+2.845
4880.718,87,7,+24.903,+2.704
4887.814,87,7,+26.114,+2.185
4895.027,87,7,+25.291,+2.513
4901.138,87,7,+25.718,+2.644
4906.237,87,7,+26.460,+3.520
4912.656,87,7,+26.447,+3.630
4916.639,87,7,+26.671,+2.783
4920.645,87,7,+25.691,+2.537
4923.358,87,7,+24.830,+2.635
4926.469,87,7,+25.563,+1.975
4933.096,87,7,+25.126,+2.050
4933.884,87,7,+24.783,+1.819
4937.018,87,7,+23.751,+1.300
4938.503,87,7,+23.379,+1.285
4943.652,87,7,+22.583,+1.288
4947.298,87,7,+21.010,+1.351
4950.81,87,7,+19.969,+1.359
4954.589,87,7,+19.496,+1.345
4959.599,87,7,+19.540,+1.445
4962.451,87,7,+19.559,+1.385
4964.374,87,7,+19.590,+1.315
4968.277,87,7,+19.723,+1.268
4971.468,87,7,+19.722,+1.296
4975.212,87,7,+19.663,+1.242
4978.995,87,7,+19.501,+1.134
4982.328,87,7,+19.318,+1.073
4987.289,87,7,+19.404,+1.088
4992.5,87,7,+19.513,+1.117
4996.611,87,7,+19.555,+1.231
5002.355,87,7,+19.674,+1.302
5005.727,87,7,+19.760,+1.194
5009.444,87,7,+19.935,+1.342
5011.519,87,7,+19.925,+1.335
5013.64,87,7,+19.942,+1.286
5018.84,87,7,+19.933,+1.315
5019.542,87,7,+19.922,+1.317
5022.281,87,7,+19.853,+1.322
5023.66,87,7,+19.913,+1.361
5028.65,87,7,+20.132,+1.482
5032.264,87,7,+20.184,+1.615
5035.609,87,7,+20.105,+1.730
5039.328,87,7,+20.186,+1.691
5044.265,87,7,+20.305,+1.724
5046.983,87,7,+20.359,+1.723
5049.093,87,7,+20.308,+1.627
5052.911,87,7,+20.367,+1.531
5056.157,87,7,+20.431,+1.584
5059.893,87,7,+20.433,+1.584
5063.719,87,7,+20.375,+1.561
5067.017,87,7,+20.298,+1.557
5071.9,87,7,+20.270,+1.504
5077.121,87,7,+20.300,+1.510
5081.138,87,7,+20.327,+1.597
5086.949,87,7,+20.487,+1.678
5090.362,87,7,+20.616,+1.633
5094.005,87,7,+20.762,+1.670
5096.095,87,7,+20.773,+1.657
5098.196,87,7,+20.801,+1.672
5103.42,87,7,+20.725,+1.765
5104.09,87,7,+20.719,+1.781
5106.833,87,7,+20.691,+1.844
5108.226,87,7,+20.768,+1.941
5113.244,87,7,+20.935,+2.018
5116.926,87,7,+21.061,+2.241
5120.34,87,7,+21.165,+2.343
5123.956,87,7,+21.196,+2.246
5128.902,87,7,+21.293,+2.252
5131.647,87,7,+21.375,+2.261
5133.732,87,7,+21.343,+2.246
5137.528,87,7,+21.351,+2.140
5140.769,87,7,+21.387,+2.183
5144.532,87,7,+21.404,+2.158
5148.319,87,7,+21.345,+2.085
5151.612,87,7,+21.287,+2.065
5156.482,87,7,+21.265,+1.874
5161.683,87,7,+21.268,+1.879
5165.779,87,7,+21.377,+1.987
5171.494,87,7,+21.429,+2.004
5174.906,87,7,+21.537,+1.845
5178.583,87,7,+21.678,+1.832
5180.629,87,7,+21.712,+1.775
5182.749,87,7,+21.745,+1.721
5187.988,87,7,+21.769,+1.738
5188.642,87,7,+21.771,+1.738
5191.37,87,7,+21.784,+1.738
5192.709,87,7,+21.869,+1.707
5197.708,87,7,+21.726,+1.825
5201.363,87,7,+21.655,+1.999
5204.728,87,7,+21.664,+2.105
5208.47,87,7,+21.675,+2.096
5213.384,87,7,+21.640,+2.024
5216.111,87,7,+21.736,+1.989
5218.21,87,7,+21.802,+1.928
5222.035,87,7,+21.932,+1.790
5225.276,87,7,+21.945,+1.818
5229.042,87,7,+21.904,+1.819
5232.81,87,7,+21.766,+1.795
5236.11,87,7,+21.616,+1.794
5240.951,87,7,+21.602,+1.592
5246.168,87,7,+21.657,+1.605
5250.297,87,7,+21.707,+1.745
5256.121,87,7,+21.875,+1.817
5259.561,87,7,+22.008,+1.720
5263.307,87,7,+22.182,+1.804
5265.403,87,7,+22.227,+1.731
5267.538,87,7,+22.262,+1.678
5272.782,87,7,+22.237,+1.774
5273.462,87,7,+22.222,+1.788
5276.165,87,7,+22.151,+1.841
5277.499,87,7,+22.122,+1.772
5282.559,87,7,+22.270,+1.807
5286.158,87,7,+22.323,+1.992
5289.511,87,7,+22.377,+2.007
5293.251,87,7,+22.530,+1.874
5298.246,87,7,+22.636,+1.820
5300.967,87,7,+22.728,+1.732
5303.08,87,7,+22.796,+1.646
5306.889,87,7,+22.944,+1.461
5310.185,87,7,+22.948,+1.473
5313.88,87,7,+22.916,+1.514
5317.694,87,7,+22.807,+1.628
5320.99,87,7,+22.698,+1.773
5325.916,87,7,+22.804,+1.551
5331.339,87,7,+23.107,+1.795
5339.859,87,7,+27.592,+4.376
5346.72,87,7,+28.771,+3.437
5350.478,87,7,+29.222,+2.679
5354.466,87,7,+29.347,+2.277
5356.992,87,7,+29.659,+2.003
5373.15,87,8,+29.659,+2.003
5387.547,87,8,+42.742,+0.871
5389.714,87,8,+43.024,+1.182
5397.24,87,8,+43.276,+2.030
5401.946,87,8,+43.380,+1.997
5406.373,87,8,+43.953,+1.664
5410.744,87,8,+43.815,+1.291
5417.607,87,8,+44.109,+1.643
5421.238,87,8,+44.609,+1.400
5423.916,87,8,+45.104,+1.617
5428.771,87,8,+45.135,+0.991
5433.214,87,8,+45.729,+1.074
5439.28,87,8,+46.598,+1.395
5445.169,87,8,+46.733,+1.495
5449.98,87,8,+46.656,+1.503
5455.958,87,8,+45.986,+0.894
5463.354,87,8,+46.417,+1.755
5469.216,87,8,+45.876,+1.782
5476.456,87,8,+46.073,+2.015
5480.889,87,8,+46.275,+2.018
5485.289,87,8,+45.597,+2.082
5487.938,87,8,+44.939,+1.836
5491.207,87,8,+44.806,+1.528
5497.064,87,8,+43.458,+1.213
5497.753,87,8,+43.248,+1.173
5500.404,87,8,+42.420,+1.066
5501.85,87,8,+42.210,+1.024
5507.024,87,8,+41.405,+1.146
5510.638,87,8,+40.615,+1.394
5514.11,87,8,+38.231,+1.585
5517.828,87,8,+37.496,+1.568
5522.813,87,8,+36.673,+1.671
5525.625,87,8,+35.929,+1.734
5527.709,87,8,+35.339,+1.732
5531.67,87,8,+34.838,+1.752
5534.936,87,8,+34.809,+1.811
5538.725,87,8,+34.806,+1.858
5542.529,87,8,+34.825,+1.940
5545.838,87,8,+34.796,+2.031
5550.808,87,8,+34.759,+1.463
5555.981,87,8,+34.759,+1.416
5559.972,87,8,+34.714,+1.327
5565.801,87,8,+34.872,+1.355
5569.18,87,8,+35.000,+1.226
5572.905,87,8,+35.142,+1.228
5575.02,87,8,+35.225,+1.142
5577.127,87,8,+35.248,+1.088
5582.273,87,8,+35.247,+1.053
5583.213,87,8,+35.251,+1.048
5585.655,87,8,+35.274,+1.022
5587.023,87,8,+35.353,+1.020
5591.89,87,8,+35.464,+1.058
5595.499,87,8,+35.461,+1.156
5598.915,87,8,+35.570,+1.274
5602.59,87,8,+35.624,+1.206
5607.425,87,8,+35.618,+1.124
5610.195,87,8,+35.677,+1.165
5612.258,87,8,+35.616,+1.144
5616.043,87,8,+35.621,+1.075
5619.289,87,8,+35.676,+1.098
5623.07,87,8,+35.665,+1.112
5626.797,87,8,+35.595,+1.122
5630.115,87,8,+35.516,+1.164
5635.054,87,8,+35.711,+1.090
5640.237,87,8,+35.731,+1.186
5644.295,87,8,+35.756,+1.367
5650.041,87,8,+35.795,+1.330
5653.452,87,8,+35.896,+1.160
5657.113,87,8,+36.016,+1.133
5659.293,87,8,+36.093,+1.059
5661.28,87,8,+36.129,+1.026
5666.478,87,8,+36.129,+1.069
5667.107,87,8,+36.132,+1.069
5669.808,87,8,+36.133,+1.039
5671.132,87,8,+36.149,+0.991
5676.117,87,8,+36.317,+1.123
5679.716,87,8,+36.335,+1.208
5683.057,87,8,+36.369,+1.232
5686.731,87,8,+36.419,+1.174
5691.595,87,8,+36.411,+1.093
5694.307,87,8,+36.476,+1.114
5696.409,87,8,+36.423,+1.089
5700.191,87,8,+36.458,+1.018
5703.431,87,8,+36.506,+1.053
5707.155,87,8,+36.499,+1.057
5710.912,87,8,+36.441,+1.053
5714.176,87,8,+36.381,+1.059
5719.087,87,8,+36.579,+0.969
5724.211,87,8,+36.545,+0.958
5728.196,87,8,+36.544,+1.021
5733.995,87,8,+36.588,+1.015
5737.391,87,8,+36.640,+0.875
5741.171,87,8,+36.776,+0.809
5743.202,87,8,+36.776,+0.738
5745.312,87,8,+36.793,+0.747
5750.479,87,8,+36.744,+0.804
5751.13,87,8,+36.736,+0.799
5753.796,87,8,+36.698,+0.756
5755.178,87,8,+36.749,+0.754
5760.186,87,8,+36.802,+0.855
5763.673,87,8,+36.785,+0.911
5767.035,87,8,+36.837,+0.996
5770.681,87,8,+36.850,+0.856
5775.569,87,8,+36.866,+0.796
5778.324,87,8,+36.904,+0.754
5780.38,87,8,+36.837,+0.701
5784.234,87,8,+36.904,+0.650
5787.467,87,8,+36.931,+0.703
5791.194,87,8,+36.923,+0.700
5794.88,87,8,+36.864,+0.611
5798.051,87,8,+36.792,+0.494
5803.003,87,8,+36.977,+0.375
5808.024,87,8,+36.833,+0.295
5811.859,87,8,+36.573,+0.108
5818.241,87,8,+37.240,+0.412
5821.699,87,8,+37.443,+0.359
5825.568,87,8,+37.703,+0.437
5827.702,87,8,+37.843,+0.450
5829.943,87,8,+37.955,+0.529
5835.43,87,8,+38.175,+0.811
5836.095,87,8,+38.228,+0.858
5839.024,87,8,+38.447,+1.034
5840.466,87,8,+38.542,+1.058
5845.489,87,8,+38.712,+1.183
5849.032,87,8,+38.673,+1.204
5852.326,87,8,+38.663,+1.231
5856.096,87,8,+38.770,+1.222
5861.011,87,8,+38.787,+1.164
5863.786,87,8,+38.808,+1.157
5865.85,87,8,+38.724,+1.116
5869.68,87,8,+38.765,+1.023
5872.923,87,8,+38.818,+1.094
5876.675,87,8,+38.811,+1.101
5880.365,87,8,+38.700,+1.026
5883.576,87,8,+38.557,+0.922
5888.548,87,8,+38.636,+0.883
5893.669,87,8,+38.613,+0.931
5897.906,87,8,+38.852,+1.148
5903.636,87,8,+38.948,+1.145
5907.004,87,8,+39.046,+1.059
5910.744,87,8,+39.203,+1.013
5912.882,87,8,+39.249,+0.931
5914.943,87,8,+39.264,+0.927
5920.134,87,8,+39.255,+0.997
5920.79,87,8,+39.260,+0.996
5923.534,87,8,+39.287,+0.976
5924.901,87,8,+39.371,+0.979
5929.814,87,8,+39.360,+1.061
5933.459,87,8,+39.324,+1.160
5936.744,87,8,+39.274,+1.189
5940.393,87,8,+39.296,+1.149
5945.371,87,8,+39.367,+1.229
5948.022,87,8,+39.355,+1.178
5950.12,87,8,+39.263,+1.108
5953.936,87,8,+39.333,+1.045
5957.156,87,8,+39.380,+1.088
5960.914,87,8,+39.380,+1.103
5964.671,87,8,+39.323,+1.082
5967.931,87,8,+37.087,+1.054
5972.875,87,8,+37.205,+1.015
5978.022,87,8,+37.220,+1.038
5982.078,87,8,+37.180,+1.110
5987.785,87,8,+37.226,+1.089
5991.148,87,8,+37.256,+0.974
5994.831,87,8,+37.331,+0.911
5996.922,87,8,+37.315,+0.833
5999.074,87,8,+37.335,+0.785
6004.229,87,8,+37.298,+0.801
6004.858,87,8,+37.293,+0.791
6007.553,87,8,+37.288,+0.753
6008.93,87,8,+37.342,+0.774
6013.913,87,8,+37.337,+0.913
6017.469,87,8,+37.322,+1.012
6020.839,87,8,+37.383,+1.129
6024.527,87,8,+37.402,+1.024
6029.398,87,8,+37.389,+0.972
6032.142,87,8,+37.426,+0.967
6034.209,87,8,+37.369,+0.927
6038.006,87,8,+37.396,+0.846
6041.213,87,8,+37.402,+0.872
6044.959,87,8,+37.372,+0.866
6048.67,87,8,+37.269,+0.783
6051.856,87,8,+37.125,+0.665
6056.804,87,8,+37.130,+0.602
6061.981,87,8,+37.139,+0.645
6066.048,87,8,+37.077,+0.802
6071.761,87,8,+37.165,+0.775
6075.16,87,8,+37.226,+0.690
6078.879,87,8,+37.296,+0.659
6081.015,87,8,+37.346,+0.680
6083.157,87,8,+37.362,+0.695
6088.355,87,8,+37.360,+0.739
6088.992,87,8,+37.363,+0.741
6091.749,87,8,+37.392,+0.757
6093.154,87,8,+37.442,+0.767
6098.086,87,8,+37.554,+0.864
6101.634,87,8,+37.541,+0.941
6104.985,87,8,+37.560,+1.025
6108.691,87,8,+37.645,+1.026
6113.611,87,8,+37.652,+1.031
6116.366,87,8,+37.696,+1.018
6118.423,87,8,+37.646,+0.979
6122.219,87,8,+37.699,+0.903
6125.436,87,8,+37.679,+0.942
6129.16,87,8,+37.633,+0.933
6132.848,87,8,+37.532,+0.834
6136.058,87,8,+37.399,+0.695
6140.947,87,8,+37.486,+0.637
6146.15,87,8,+37.545,+0.691
6150.236,87,8,+37.587,+0.856
6156.042,87,8,+37.703,+0.864
6159.389,87,8,+37.688,+0.734
6163.147,87,8,+37.810,+0.744
6165.301,87,8,+37.839,+0.684
6167.423,87,8,+37.919,+0.681
6172.637,87,8,+37.881,+0.676
6173.328,87,8,+37.887,+0.664
6176.057,87,8,+37.932,+0.620
6177.453,87,8,+37.991,+0.600
6182.433,87,8,+38.092,+0.676
6185.918,87,8,+38.085,+0.676
6189.252,87,8,+37.407,+0.660
6193.031,87,8,+37.539,+0.689
6198.004,87,8,+37.688,+0.705
6200.74,87,8,+37.817,+0.677
6202.829,87,8,+37.939,+0.624
6206.662,87,8,+37.968,+0.613
6209.887,87,8,+37.987,+0.651
6213.592,87,8,+38.020,+0.637
6217.296,87,8,+38.015,+0.526
6220.492,87,8,+37.950,+0.376
6225.511,87,8,+37.837,+0.391
6230.617,87,8,+37.808,+0.509
6234.681,87,8,+37.798,+0.696
6240.797,87,8,+37.919,+0.711
6243.879,87,8,+37.910,+0.608
6247.641,87,8,+37.934,+0.630
6249.64,87,8,+37.803,+0.502
6251.83,87,8,+37.832,+0.522
6256.916,87,8,+37.810,+0.457
6257.542,87,8,+37.796,+0.405
6260.061,87,8,+37.763,+0.174
6261.503,87,8,+37.941,+0.239
6266.609,87,8,+38.313,+0.549
6270.376,87,8,+38.529,+0.809
6273.986,87,8,+38.845,+1.226
6277.733,87,8,+38.908,+0.906
6282.697,87,8,+38.947,+0.814
6285.445,87,8,+39.001,+0.795
6287.518,87,8,+39.039,+0.766
6291.438,87,8,+39.290,+0.740
6294.698,87,8,+39.338,+0.792
6298.408,87,8,+39.241,+0.784
6302.177,87,8,+39.021,+0.681
6305.334,87,8,+38.819,+0.529
6310.281,87,8,+39.004,+0.526
6315.571,87,8,+39.254,+0.680
6319.616,87,8,+39.400,+0.793
6325.451,87,8,+39.531,+0.858
6328.84,87,8,+39.529,+0.797
6332.637,87,8,+39.617,+0.858
6334.734,87,8,+39.584,+0.777
6336.991,87,8,+39.617,+0.766
6342.236,87,8,+39.624,+0.805
6342.826,87,8,+39.625,+0.804
6345.591,87,8,+39.631,+0.805
6347.045,87,8,+39.662,+0.836
6352.022,87,8,+39.867,+0.894
6355.579,87,8,+39.936,+0.977
6358.969,87,8,+40.059,+1.105
6362.725,87,8,+40.148,+1.121
6367.705,87,8,+40.266,+1.105
6370.4,87,8,+40.388,+1.109
6372.52,87,8,+40.429,+1.068
6376.295,87,8,+40.508,+0.976
6379.531,87,8,+40.570,+1.029
6383.256,87,8,+40.540,+1.027
6386.964,87,8,+40.398,+0.939
6390.156,87,8,+40.255,+0.821
6395.068,87,8,+40.399,+0.773
6400.211,87,8,+40.513,+0.834
6404.271,87,8,+40.752,+1.018
6410.058,87,8,+40.839,+1.052
6413.416,87,8,+40.855,+0.944
6417.216,87,8,+40.900,+1.021
6419.34,87,8,+40.918,+0.966
6421.504,87,8,+40.874,+0.957
6426.678,87,8,+40.873,+1.031
6427.363,87,8,+40.862,+1.031
6430.064,87,8,+40.820,+1.033
6431.471,87,8,+40.866,+1.049
6436.461,87,8,+41.060,+1.056
6440.014,87,8,+41.152,+1.169
6443.37,87,8,+41.247,+1.307
6447.13,87,8,+41.333,+1.276
6452.12,87,8,+41.483,+1.251
6454.845,87,8,+41.549,+1.191
6456.88,87,8,+41.579,+1.126
6460.721,87,8,+41.716,+1.044
6463.946,87,8,+41.783,+1.087
6467.689,87,8,+41.776,+1.068
6471.538,87,8,+41.748,+0.944
6474.734,87,8,+41.728,+0.863
6479.698,87,8,+41.838,+0.817
6484.834,87,8,+41.939,+0.807
6488.874,87,8,+42.054,+0.889
6494.724,87,8,+42.278,+0.957
6498.078,87,8,+42.264,+0.853
6501.791,87,8,+42.292,+0.870
6503.936,87,8,+42.272,+0.785
6506.122,87,8,+42.306,+0.761
6511.317,87,8,+42.342,+0.787
6512.012,87,8,+42.342,+0.782
6514.643,87,8,+42.331,+0.753
6516.059,87,8,+42.367,+0.748
6521.058,87,8,+42.604,+0.877
6524.635,87,8,+42.673,+0.972
6527.952,87,8,+42.676,+1.025
6531.76,87,8,+42.777,+1.075
6536.756,87,8,+42.943,+1.089
6539.505,87,8,+43.041,+1.083
6541.575,87,8,+43.095,+1.046
6545.378,87,8,+43.135,+0.952
6548.593,87,8,+43.159,+0.988
6552.317,87,8,+43.136,+0.984
6555.999,87,8,+43.033,+0.912
6559.204,87,8,+42.957,+0.826
6564.109,87,8,+42.667,+0.783
6569.305,87,8,+42.808,+0.872
6573.532,87,8,+43.152,+1.003
6579.539,87,8,+43.501,+1.133
6582.969,87,8,+43.546,+1.075
6586.855,87,8,+43.665,+1.105
6588.899,87,8,+43.694,+1.072
6591.104,87,8,+43.767,+1.068
6596.312,87,8,+43.816,+1.125
6596.975,87,8,+43.808,+1.117
6599.682,87,8,+43.771,+1.075
6601.044,87,8,+43.828,+1.048
6606.029,87,8,+44.057,+1.157
6609.648,87,8,+44.166,+1.293
6612.985,87,8,+44.202,+1.383
6616.764,87,8,+44.169,+1.369
6621.771,87,8,+44.299,+1.378
6624.496,87,8,+44.406,+1.341
6626.552,87,8,+44.457,+1.272
6630.317,87,8,+44.568,+1.111
6633.558,87,8,+44.644,+1.150
6637.329,87,8,+44.644,+1.155
6641.073,87,8,+44.576,+1.127
6644.423,87,8,+44.514,+1.094
6649.394,87,8,+44.636,+1.059
6654.558,87,8,+44.749,+1.116
6658.61,87,8,+44.769,+1.203
6664.416,87,8,+44.884,+1.253
6667.777,87,8,+44.934,+1.177
6671.643,87,8,+44.794,+1.265
6673.728,87,8,+44.684,+1.193
6675.903,87,8,+44.761,+1.210
6686.617,87,8,+50.315,+2.354
6687.6,87,8,+50.617,+2.338
6691.03,87,8,+51.266,+2.406
6692.768,87,8,+51.634,+2.325
6698.696,87,8,+52.805,+1.651
6703.008,87,8,+53.578,+1.814
6706.747,87,8,+54.057,+1.608
6710.721,87,8,+54.307,+1.300
6718.38,87,8,+57.109,+1.780
6721.502,87,8,+57.566,+1.360
6723.962,87,8,+57.978,+1.011
6728.453,87,8,+58.679,+0.793
6731.669,87,8,+58.763,+0.770
6735.392,87,8,+58.673,+0.743
6739.171,87,8,+54.275,+0.712
6742.484,87,8,+51.550,+0.686
6747.487,87,8,+49.198,+0.701
6752.656,87,8,+49.074,+0.661
6756.662,87,8,+48.813,+0.508
6762.573,87,8,+47.033,+0.677
6766.014,87,8,+46.443,+0.686
6769.753,87,8,+46.122,+0.704
6771.818,87,8,+45.262,+0.601
6774.055,87,8,+45.200,+0.622
6779.274,87,8,+45.331,+0.815
6779.908,87,8,+45.335,+0.836
6782.57,87,7,+45.335,+0.836
6782.656,87,7,+45.334,+0.909
6784.023,87,7,+45.363,+0.940
6788.998,87,7,+45.548,+0.970
6792.575,87,7,+45.629,+1.071
6796.001,87,7,+45.659,+1.162
6799.726,87,7,+45.725,+1.139
6804.671,87,7,+45.799,+1.112
6807.379,87,7,+45.885,+1.085
6809.408,87,7,+45.845,+1.009
6813.194,87,7,+45.865,+0.862
6816.393,87,7,+45.889,+0.885
6820.152,87,7,+45.908,+0.916
6823.971,87,7,+45.909,+0.949
6827.331,87,7,+45.899,+0.955
6832.353,87,7,+46.209,+1.049
6837.543,87,7,+46.386,+1.153
6841.626,87,7,+46.546,+1.262
6847.483,87,7,+46.806,+1.339
6850.868,87,7,+46.860,+1.179
6854.592,87,7,+46.865,+1.178
6856.698,87,7,+46.887,+1.062
6858.885,87,7,+47.037,+1.080
6864.167,87,7,+47.223,+1.209
6864.983,87,7,+47.232,+1.214
6867.592,87,7,+47.258,+1.226
6868.972,87,7,+47.319,+1.196
6874.024,87,7,+47.638,+1.371
6877.588,87,7,+47.722,+1.466
6880.915,87,7,+47.777,+1.501
6884.694,87,7,+47.917,+1.550
6889.646,87,7,+48.012,+1.497
6892.383,87,7,+48.090,+1.436
6894.415,87,7,+48.071,+1.376
6898.234,87,7,+48.116,+1.285
6901.448,87,7,+48.192,+1.322
6905.198,87,7,+48.219,+1.329
6908.98,87,7,+48.192,+1.311
6912.296,87,7,+48.162,+1.285
6917.182,87,7,+48.311,+1.194
6922.401,87,7,+48.486,+1.253
6926.347,87,7,+48.551,+1.292
6932.156,87,7,+48.804,+1.310
6935.527,87,7,+48.963,+1.155
6939.303,87,7,+49.014,+1.166
6941.391,87,7,+49.018,+1.066
6943.576,87,7,+49.081,+1.066
6948.782,87,7,+49.111,+1.121
6949.457,87,7,+49.101,+1.114
6952.149,87,7,+49.052,+1.074
6953.527,87,7,+49.114,+1.064
6958.521,87,7,+49.350,+1.170
6962.136,87,7,+49.445,+1.278
6965.434,87,7,+49.490,+1.283
6969.215,87,7,+49.586,+1.272
6974.162,87,7,+49.696,+1.232
6976.92,87,7,+49.783,+1.174
6978.965,87,7,+49.765,+1.111
6982.872,87,7,+49.842,+1.041
6986.012,87,7,+49.926,+1.097
6989.767,87,7,+49.951,+1.108
6993.539,87,7,+49.904,+1.089
6996.856,87,7,+49.844,+1.052
7001.733,87,7,+50.017,+0.964
7006.895,87,7,+50.132,+1.010
7010.901,87,7,+50.256,+1.158
7016.713,87,7,+50.526,+1.190
7020.062,87,7,+50.592,+1.034
7023.845,87,7,+50.625,+1.102
7025.945,87,7,+50.614,+1.028
7028.065,87,7,+50.671,+1.025
7033.294,87,7,+50.761,+1.093
7033.963,87,7,+50.762,+1.091
7036.65,87,7,+50.749,+1.064
7038.043,87,7,+50.783,+1.047
7043.08,87,7,+51.041,+1.202
7046.583,87,8,+51.041,+1.202
7046.698,87,8,+51.135,+0.034
7050.164,87,8,+51.342,+0.364
7054.022,87,8,+51.535,+0.596
7059.045,87,8,+51.704,+0.686
7061.825,87,8,+51.846,+0.718
7063.888,87,8,+51.842,+0.701
7067.787,87,8,+51.959,+0.724
7071.034,87,8,+52.050,+0.808
7074.772,87,8,+52.045,+0.799
7078.494,87,8,+51.956,+0.705
7081.718,87,8,+51.859,+0.632
7086.745,87,8,+52.164,+0.736
7091.844,87,8,+52.289,+0.766
7095.804,87,8,+52.318,+0.879
7101.639,87,8,+52.573,+0.999
7104.989,87,8,+52.653,+0.900
7108.804,87,8,+52.696,+0.901
7110.903,87,8,+52.708,+0.981
7113.157,87,8,+52.821,+1.091
7118.384,87,8,+52.988,+1.236
7119.023,87,8,+52.992,+1.278
7121.733,87,8,+52.988,+1.281
7123.128,87,8,+53.078,+1.107
7128.165,87,8,+53.370,+0.977
7131.672,87,8,+53.424,+1.041
7135.009,87,8,+53.467,+0.937
7138.793,87,8,+53.575,+0.857
7143.812,87,8,+53.677,+0.698
7146.513,87,8,+53.777,+0.619
7148.569,87,8,+53.766,+0.551
7152.463,87,8,+53.918,+0.503
7155.692,87,8,+54.008,+0.524
7159.398,87,8,+54.001,+0.512
7163.059,87,8,+53.883,+0.437
7166.317,87,8,+53.727,+0.350
7171.188,87,8,+53.953,+0.265
7176.366,87,8,+54.101,+0.307
7180.419,87,8,+54.316,+0.372
7186.371,87,8,+54.667,+0.344
7189.856,87,8,+54.884,+0.279
7193.83,87,8,+55.080,+0.358
7195.929,87,8,+55.050,+0.290
7198.18,87,8,+55.142,+0.379
7203.197,87,8,+55.058,+0.242
7203.84,87,8,+55.010,+0.188
7206.218,87,7,+55.010,+0.188
7206.309,87,7,+54.812,+1.708
7207.714,87,7,+54.905,+1.752
7213.302,87,7,+55.729,+2.570
7216.868,87,8,+55.729,+2.570
7216.999,87,8,+55.953,+0.032
7220.161,87,8,+55.798,+0.025
7224.205,87,7,+55.798,+0.025
7224.285,87,7,+56.158,+3.185
7229.417,87,7,+56.515,+3.559
7232.264,87,7,+56.687,+3.649
7234.392,87,7,+56.792,+3.788
7238.572,87,7,+57.243,+4.239
7241.793,87,7,+57.301,+4.310
7245.547,87,7,+57.374,+4.351
7249.491,87,7,+57.511,+4.393
7252.828,87,8,+57.511,+4.393
7252.86,87,7,+57.511,+4.393
7252.953,87,7,+57.603,+4.408
7257.853,87,7,+57.800,+4.438
7263.135,87,7,+58.104,+4.705
7267.504,87,7,+58.586,+5.166
7273.412,87,7,+58.860,+5.458
7276.823,87,7,+58.918,+5.470
7280.59,87,7,+58.914,+5.617
7282.707,87,7,+58.933,+5.580
7284.917,87,7,+58.965,+5.628
7290.125,87,7,+59.061,+5.632
7290.802,87,7,+59.083,+5.624
7293.564,87,7,+59.191,+5.616
7294.966,87,7,+59.278,+5.642
7299.988,87,7,+59.540,+5.906
7303.728,87,7,+59.770,+6.123
7307.148,87,7,+59.912,+6.260
7311.019,87,7,+60.009,+6.403
7315.912,87,7,+60.078,+6.479
7318.616,87,7,+60.151,+6.426
7320.689,87,7,+60.146,+6.391
7324.474,87,7,+60.229,+6.312
7327.682,87,7,+60.277,+6.322
7331.433,87,7,+60.320,+6.327
7335.229,87,7,+60.358,+6.287
7338.568,87,7,+60.407,+6.257
7343.413,87,7,+60.456,+6.255
7348.581,87,7,+60.626,+6.306
7352.586,87,7,+60.756,+6.484
7358.535,87,7,+60.954,+6.802
7361.913,87,7,+60.931,+6.759
7365.659,87,7,+60.912,+6.864
7367.716,87,7,+60.860,+6.899
7369.879,87,7,+60.893,+6.876
7375.143,87,7,+61.033,+6.876
7375.822,87,7,+61.059,+6.911
7378.62,87,7,+61.172,+4.703
7380.011,87,7,+61.218,+4.418
7384.929,87,7,+61.348,+3.522
7388.531,87,7,+61.471,+3.649
7391.907,87,7,+61.491,+3.664
7395.685,87,7,+61.482,+3.746
7400.624,87,7,+61.552,+3.855
7403.368,87,7,+61.631,+3.871
7405.377,87,7,+61.620,+3.832
7409.12,87,7,+61.637,+3.729
7412.327,87,7,+61.663,+3.766
7416.055,87,7,+61.682,+3.740
7419.847,87,7,+61.702,+3.674
7423.204,87,7,+61.742,+3.659
7428.107,87,7,+61.894,+3.715
7433.232,87,7,+62.037,+3.829
7437.16,87,7,+62.103,+3.884
7443.099,87,7,+62.339,+4.184
7446.464,87,7,+62.393,+4.225
7450.161,87,7,+62.381,+4.384
7452.246,87,7,+62.371,+4.437
7454.405,87,7,+62.379,+4.585
7459.661,87,7,+62.500,+4.757
7460.358,87,7,+62.508,+4.753
7463.048,87,7,+62.517,+4.720
7464.429,87,7,+62.570,+4.776
7469.423,87,7,+62.836,+5.040
7473.016,87,7,+62.976,+5.225
7476.399,87,7,+63.063,+5.405
7480.182,87,7,+63.172,+5.657
7485.155,87,7,+63.261,+5.850
7487.936,87,7,+63.344,+5.900
7489.935,87,7,+63.339,+5.877
7493.686,87,7,+63.357,+5.872
7496.887,87,7,+63.434,+5.961
7500.63,87,7,+63.478,+6.005
7504.435,87,7,+63.516,+6.030
7507.786,87,7,+63.564,+6.062
7512.645,87,7,+63.733,+6.099
7517.804,87,7,+63.896,+6.256
7521.859,87,7,+63.960,+6.409
7527.698,87,7,+64.093,+6.719
7531.104,87,7,+64.195,+6.797
7534.772,87,7,+64.138,+6.817
7536.871,87,7,+64.124,+6.849
7538.975,87,7,+64.039,+6.942
7544.208,87,7,+64.145,+7.184
7544.886,87,7,+64.164,+7.211
7547.644,87,7,+64.250,+7.319
7549.001,87,7,+64.306,+7.379
7553.994,87,7,+64.545,+7.610
7557.679,87,7,+64.672,+7.790
7560.874,87,7,+64.625,+7.838
7564.689,87,7,+64.669,+8.036
7569.561,87,7,+64.720,+8.111
7572.288,87,7,+64.785,+8.123
7574.312,87,7,+64.770,+8.079
7578.112,87,7,+64.860,+8.105
7581.366,87,7,+64.945,+8.207
7585.11,87,7,+64.981,+8.207
7588.909,87,7,+65.025,+8.188
7592.268,87,7,+65.083,+8.207
7597.144,87,7,+65.178,+8.252
7602.275,87,7,+65.313,+8.405
7606.368,87,7,+65.486,+8.631
7612.22,87,7,+65.708,+8.879
7615.614,87,7,+65.790,+8.908
7619.375,87,7,+65.797,+9.000
7621.573,87,7,+65.765,+9.033
7623.627,87,7,+65.784,+9.129
7628.822,87,7,+65.906,+9.285
7629.507,87,7,+65.920,+9.303
7632.331,87,7,+65.979,+9.378
7633.586,87,7,+66.002,+9.435
7638.527,87,7,+66.138,+9.644
7642.137,87,7,+66.235,+9.812
7645.503,87,7,+66.247,+9.926
7649.208,87,7,+66.235,+10.068
7654.133,87,7,+66.285,+10.148
7656.809,87,7,+66.347,+10.164
7658.888,87,7,+66.341,+10.161
7662.655,87,7,+66.375,+10.162
7665.866,87,7,+66.428,+10.227
7669.601,87,7,+66.457,+10.248
7673.395,87,7,+66.538,+10.256
7676.717,87,7,+66.638,+10.308
7681.565,87,7,+66.622,+10.299
7686.705,87,7,+66.755,+10.445
7690.771,87,7,+66.825,+10.620
7696.541,87,7,+66.933,+10.795
7699.916,87,7,+66.986,+10.727
7703.545,87,7,+66.567,+10.772
7705.703,87,7,+66.458,+10.749
7707.723,87,7,+66.412,+10.852
7712.946,87,7,+66.545,+10.966
7713.66,87,7,+66.573,+10.980
7716.369,87,7,+66.693,+11.046
7717.714,87,7,+66.711,+11.060
7722.706,87,7,+66.861,+11.181
7726.286,87,7,+66.980,+11.358
7729.671,87,7,+66.994,+11.487
7733.455,87,7,+66.998,+11.633
7738.37,87,7,+67.016,+11.713
7741.12,87,7,+67.081,+11.742
7743.18,87,7,+67.102,+11.666
7746.908,87,7,+66.828,+11.564
7750.119,87,7,+66.779,+11.635
7753.869,87,7,+66.798,+11.671
7757.645,87,7,+66.850,+11.721
7761.038,87,7,+66.885,+11.803
7765.92,87,7,+66.868,+11.826
7771.092,87,7,+67.067,+11.973
7775.181,87,7,+67.255,+12.201
7780.946,87,7,+67.321,+12.439
7784.365,87,7,+67.408,+12.480
7788.048,87,7,+67.280,+12.545
7790.278,87,7,+67.294,+12.557
7792.264,87,7,+67.266,+12.516
7797.504,87,7,+67.365,+12.688
7798.204,87,7,+67.372,+12.720
7800.922,87,7,+67.401,+12.859
7802.238,87,7,+67.408,+12.877
7807.332,87,7,+67.701,+13.165
7810.935,87,7,+67.820,+13.402
7814.282,87,7,+67.805,+13.571
7818.095,87,7,+67.874,+13.720
7823.051,87,7,+67.982,+13.797
7825.802,87,7,+68.075,+13.839
7827.835,87,7,+68.088,+13.855
7831.63,87,7,+68.153,+13.797
7834.805,87,7,+68.223,+13.846
7838.577,87,7,+68.271,+13.905
7842.386,87,7,+68.306,+13.997
7845.747,87,7,+68.337,+14.107
7850.557,87,7,+68.437,+14.027
7855.746,87,7,+68.588,+14.178
7859.802,87,7,+68.710,+14.382
7865.604,87,7,+68.858,+14.542
7869.001,87,7,+68.978,+14.544
7872.773,87,7,+68.995,+14.635
7874.852,87,7,+69.049,+14.678
7876.988,87,7,+69.010,+14.755
7882.269,87,7,+69.091,+14.961
7882.945,87,7,+69.099,+14.991
7885.744,87,7,+69.135,+15.127
7887.105,87,7,+69.209,+15.189
7892.024,87,7,+69.377,+15.294
7895.546,87,7,+69.436,+15.444
7898.846,87,7,+69.461,+15.512
7902.674,87,7,+69.485,+15.598
7907.515,87,7,+69.526,+15.596
7910.244,87,7,+69.602,+15.593
7912.256,87,7,+69.576,+15.558
7916.004,87,7,+69.606,+15.489
7919.205,87,7,+69.667,+15.556
7922.941,87,7,+69.711,+15.615
7926.748,87,7,+69.754,+15.704
7930.149,87,7,+69.812,+15.842
7934.954,87,7,+69.857,+15.777
7940.136,87,7,+70.001,+15.969
7944.296,87,7,+70.249,+16.230
7950.151,87,7,+70.399,+16.347
7953.486,87,7,+70.431,+16.068
7957.198,87,7,+70.335,+16.167
7959.264,87,7,+70.324,+16.153
7961.451,87,7,+70.347,+16.277
7966.673,87,7,+70.453,+16.457
7967.349,87,7,+70.469,+16.489
7970.113,87,7,+70.536,+16.627
7971.464,87,7,+70.580,+16.647
7976.39,87,7,+70.775,+16.709
7979.937,87,7,+70.865,+16.843
7983.251,87,7,+70.875,+16.903
7987.072,87,7,+70.978,+17.037
7992.01,87,7,+71.055,+17.080
7994.691,87,7,+71.125,+17.094
7996.727,87,7,+71.109,+17.084
8000.438,87,7,+71.086,+17.003
8003.648,87,7,+71.156,+17.083
8007.413,87,7,+71.215,+17.140
8011.213,87,7,+71.277,+17.192
8014.583,87,7,+71.363,+17.292
8019.415,87,7,+71.470,+17.212
8024.588,87,7,+71.636,+17.365
8028.645,87,7,+71.761,+17.538
8034.411,87,7,+71.836,+17.609
8037.75,87,7,+71.938,+17.626
8041.515,87,7,+71.802,+17.669
8043.581,87,7,+71.781,+17.657
8045.78,87,7,+71.769,+17.716
8050.94,87,7,+71.882,+17.807
8051.614,87,7,+71.906,+17.831
8054.374,87,7,+72.006,+17.944
8055.766,87,7,+72.061,+17.972
8060.662,87,7,+72.221,+18.135
8064.253,87,7,+72.329,+18.301
8067.627,87,7,+72.389,+18.414
8071.391,87,7,+72.415,+18.512
8076.317,87,7,+72.464,+18.507
8079.084,87,7,+72.553,+18.567
8081.103,87,7,+72.544,+18.535
8084.843,87,7,+72.540,+18.463
8088.039,87,7,+72.569,+18.519
8091.784,87,7,+72.613,+18.561
8095.596,87,7,+72.658,+18.605
8098.927,87,7,+72.717,+18.676
8103.77,87,7,+72.739,+18.645
8108.938,87,7,+72.895,+18.870
8113.058,87,7,+73.074,+19.152
8118.812,87,7,+73.135,+19.233
8122.233,87,7,+73.197,+19.177
8125.922,87,7,+73.085,+19.253
8128.019,87,7,+73.099,+19.268
8130.2,87,7,+73.171,+19.379
8135.425,87,7,+73.273,+19.531
8136.095,87,7,+73.286,+19.560
8138.835,87,7,+73.356,+19.685
8140.196,87,7,+73.373,+19.725
8145.209,87,7,+73.589,+19.953
8148.791,87,7,+73.710,+20.147
8152.132,87,7,+73.786,+20.291
8155.975,87,7,+73.838,+20.384
8160.823,87,7,+73.841,+20.360
8163.54,87,7,+73.917,+20.397
8165.591,87,7,+73.925,+20.371
8169.348,87,7,+73.970,+20.282
8172.576,87,7,+74.032,+20.332
8176.294,87,7,+74.067,+20.365
8180.08,87,7,+74.135,+20.411
8183.471,87,7,+74.237,+20.499
8188.256,87,7,+74.298,+20.474
8193.363,87,7,+74.452,+20.596
8197.425,87,7,+74.637,+20.810
8203.205,87,7,+74.724,+20.893
8206.551,87,7,+74.684,+20.824
8210.186,87,7,+74.566,+20.833
8212.306,87,7,+74.588,+20.858
8214.489,87,7,+74.638,+20.947
8219.632,87,7,+74.732,+21.073
8220.329,87,7,+74.757,+21.103
8223.072,87,7,+74.870,+21.237
8224.415,87,7,+74.886,+21.281
8229.401,87,7,+75.075,+21.482
8232.994,87,7,+75.200,+21.692
8236.339,87,7,+75.212,+21.833
8240.118,87,7,+75.176,+21.909
8245.036,87,7,+75.180,+21.949
8247.788,87,7,+75.249,+22.005
8249.779,87,7,+75.237,+21.955
8253.492,87,7,+75.095,+21.828
8256.668,87,7,+75.115,+21.853
8260.413,87,7,+75.160,+21.902
8264.211,87,7,+75.254,+21.974
8267.558,87,7,+75.372,+22.081
8272.393,87,7,+75.380,+22.006
8277.504,87,7,+75.497,+22.111
8281.538,87,7,+75.601,+22.267
8287.339,87,7,+75.736,+22.378
8290.712,87,7,+75.784,+22.354
8294.413,87,7,+75.673,+22.344
8296.49,87,7,+75.672,+22.373
8298.703,87,7,+75.720,+22.460
8303.908,87,7,+75.889,+22.650
8304.579,87,7,+75.915,+22.684
8307.329,87,7,+76.027,+22.835
8308.717,87,7,+76.089,+22.905
8313.724,87,7,+76.256,+23.072
8317.233,87,7,+76.317,+23.244
8320.544,87,7,+76.341,+23.318
8324.335,87,7,+76.423,+23.412
8329.227,87,7,+76.443,+23.449
8331.907,87,7,+76.514,+23.445
8333.959,87,7,+76.484,+23.317
8337.731,87,7,+76.565,+23.205
8340.959,87,7,+76.658,+23.277
8344.699,87,7,+76.729,+23.288
8348.537,87,7,+76.820,+23.259
8351.889,87,7,+76.923,+23.302
8356.783,87,7,+77.004,+23.317
8362.02,87,7,+77.229,+23.458
8366.123,87,7,+77.381,+23.657
8371.938,87,7,+77.497,+23.911
8375.316,87,7,+77.494,+23.838
8379.01,87,7,+77.349,+23.889
8381.159,87,7,+77.299,+23.914
8383.33,87,7,+77.322,+23.998
8388.53,87,7,+77.437,+24.166
8389.214,87,7,+77.461,+24.190
8391.937,87,7,+77.568,+24.301
8393.325,87,7,+77.525,+24.320
8398.378,87,7,+77.729,+24.602
8401.998,87,7,+77.854,+24.768
8405.293,87,7,+77.937,+24.889
8409.112,87,7,+77.982,+25.052
8414.069,87,7,+78.070,+25.116
8416.761,87,7,+78.153,+25.152
8418.843,87,7,+78.158,+25.147
8422.651,87,7,+78.156,+25.122
8425.822,87,7,+78.198,+25.178
8429.54,87,7,+78.249,+25.188
8433.348,87,7,+78.347,+25.176
8436.743,87,7,+78.451,+25.198
8441.585,87,7,+78.470,+25.162
8446.721,87,7,+78.605,+25.155
8450.805,87,7,+78.721,+25.288
8456.645,87,7,+78.939,+25.532
8460.062,87,7,+79.023,+25.537
8463.738,87,7,+78.984,+25.545
8465.861,87,7,+78.994,+25.578
8468.021,87,7,+78.945,+25.602
8473.148,87,7,+78.961,+25.696
8473.814,87,7,+78.971,+25.710
8476.517,87,7,+79.019,+25.778
8477.878,87,7,+79.057,+25.820
8482.846,87,7,+79.292,+25.988
8486.418,87,7,+79.410,+26.184
8489.781,87,7,+79.504,+26.397
8493.587,87,7,+79.560,+26.494
8498.491,87,7,+79.545,+26.469
8501.178,87,7,+79.604,+26.442
8503.195,87,7,+79.590,+26.322
8507.024,87,7,+79.714,+26.274
8510.255,87,7,+79.804,+26.342
8513.972,87,7,+79.846,+26.352
8517.791,87,7,+79.893,+26.350
8521.152,87,7,+79.945,+26.363
8526.025,87,7,+80.092,+26.382
8531.218,87,7,+80.278,+26.509
8535.261,87,7,+80.459,+26.611
8541.179,87,7,+80.679,+26.897
8544.578,87,7,+80.734,+26.892
8548.248,87,7,+80.624,+26.865
8550.315,87,7,+80.632,+26.839
8552.461,87,7,+80.698,+26.902
8557.65,87,7,+80.794,+26.985
8558.308,87,7,+80.801,+26.999
8561.006,87,7,+80.815,+27.051
8562.382,87,7,+80.836,+27.090
8567.405,87,7,+81.122,+27.340
8570.958,87,7,+81.233,+27.484
8574.222,87,7,+81.271,+27.560
8578.118,87,7,+81.388,+27.728
8583.009,87,7,+81.401,+27.736
8585.703,87,7,+81.463,+27.728
8587.788,87,7,+81.448,+27.714
8591.525,87,7,+81.470,+27.730
8594.728,87,7,+81.559,+27.802
8598.459,87,7,+81.613,+27.827
8602.296,87,7,+81.666,+27.823
8605.628,87,7,+81.739,+27.837
8610.522,87,7,+81.909,+27.871
8615.661,87,7,+82.077,+27.925
8620.653,87,7,1 L,+29.003
8626.916,87,7,1 L,+29.511
8630.808,87,7,1 L,+29.982
8634.707,87,7,1 L,+30.211
8636.737,87,7,1 L,+30.222
8638.862,87,7,1 L,+30.239
8644.091,87,7,1 L,+30.322
8644.759,87,7,1 L,+30.329
8647.448,87,7,1 L,+30.360
8648.915,87,7,1 L,+30.474
8653.869,87,7,1 L,+30.601
8657.437,87,7,1 L,+30.768
8660.816,87,7,1 L,+30.989
8664.673,87,7,1 L,+31.118
8669.679,87,7,1 L,+31.239
8672.367,87,7,1 L,+31.251
8674.416,87,7,1 L,+31.207
8678.239,87,7,1 L,+31.129
8681.463,87,7,1 L,+31.192
8685.179,87,7,1 L,+31.201
8688.982,87,7,1 L,+31.215
8692.355,87,7,1 L,+31.252
8702.479,87,7,1 L,+31.380
8707.659,87,7,1 L,+32.580
8713.744,87,7,1 L,+32.946
8717.283,87,7,1 L,+33.103
8721.131,87,7,1 L,+33.214
8723.292,87,7,1 L,+33.254
8725.565,87,7,1 L,+33.361
8730.756,87,7,1 L,+33.489
8731.404,87,7,1 L,+33.509
8850.684,87,7,1L,+33.509
12.598,31,13,,
3748.463,31,13,+0.890,
3750.663,31,6,+0.890,
3750.74,31,6,+1.137,+0.646
3750.985,31,7,+1.137,+0.646
3751.3,31,8,+1.137,+0.646
3757.535,31,9,+1.137,+0.646
3757.688,31,8,+1.137,+0.646
3757.772,31,8,+1.743,+0.173
3760.482,31,7,+1.743,+0.173
3760.569,31,8,+1.743,+0.173
3760.571,31,8,+1.471,+0.173
3764.696,31,9,+1.471,+0.173
3764.869,31,7,+1.471,+0.173
3764.955,31,7,+1.509,+0.308
3768.85,31,8,+1.509,+0.308
3768.944,31,8,+2.167,+0.021
3774.46,31,8,+2.923,+0.215
3777.785,31,8,+3.455,+0.307
3779.836,31,8,+3.610,+0.342
3784.32,31,8,+4.116,+0.393
3788.385,31,8,+4.206,+0.434
3791.663,31,8,+4.249,+0.483
3795.551,31,8,+4.044,+0.435
3798.638,31,8,+3.715,+0.309
3804.054,31,8,+4.096,+0.491
3809.446,31,8,+4.189,+0.620
3813.709,31,8,+4.455,+0.821
3819.642,31,8,+4.650,+0.914
3823.207,31,8,+4.863,+0.740
3827.346,31,8,+5.277,+0.391
3829.618,31,8,+5.434,+0.538
3831.523,31,8,+5.492,+0.431
3836.782,31,8,+5.575,+0.500
3837.491,31,8,+5.571,+0.534
3840.357,31,8,+5.490,+0.575
3842.165,31,8,+5.617,+0.583
3847.101,31,8,+5.896,+0.584
3850.655,31,8,+5.955,+0.773
3854.233,31,8,+6.168,+0.879
3858.075,31,8,+6.210,+0.473
3863.325,31,8,+6.444,+0.667
3866.149,31,8,+6.565,+0.745
3868.171,31,8,+6.491,+0.740
3872.182,31,8,+6.594,+0.677
3875.526,31,8,+6.610,+0.696
3879.229,31,8,+6.580,+0.732
3882.993,31,8,+6.436,+0.743
3886.172,31,8,+6.275,+0.675
3891.553,31,8,+6.078,+0.565
3896.769,31,8,+6.257,+0.701
3900.951,31,8,+6.364,+0.854
3906.848,31,8,+6.391,+0.928
3910.573,31,8,+6.673,+0.642
3914.606,31,8,+6.834,+0.528
3916.962,31,8,+6.854,+0.519
3918.84,31,8,+6.931,+0.509
3923.894,31,8,+6.864,+0.440
3924.538,31,8,+6.834,+0.440
3927.255,31,8,+6.656,+0.452
3928.985,31,8,+6.741,+0.450
3933.92,31,8,+7.045,+0.407
3937.51,31,8,+7.093,+0.507
3941.138,31,8,+7.255,+0.637
3945.123,31,8,+7.352,+0.648
3950.061,31,8,+7.637,+0.778
3952.971,31,8,+7.775,+0.785
3955.062,31,8,+7.841,+0.726
3959.051,31,8,+8.095,+0.686
3962.37,31,8,+8.100,+0.712
3966.155,31,8,+7.950,+0.719
3969.915,31,8,+7.618,+0.717
3973.068,31,8,+7.222,+0.660
3978.355,31,8,+7.319,+0.593
3983.589,31,8,+7.198,+0.765
3987.857,31,8,+7.266,+0.741
3993.539,31,8,+7.303,+0.624
3997.103,31,8,+7.356,+0.540
4000.935,31,8,+7.496,+0.420
4003.117,31,8,+7.500,+0.423
4005.213,31,8,+7.512,+0.422
4010.425,31,8,+7.519,+0.444
4011.094,31,8,+7.508,+0.437
4013.898,31,8,+7.427,+0.425
4015.513,31,8,+7.535,+0.433
4020.49,31,8,+7.635,+0.409
4023.917,31,8,+7.477,+0.330
4027.369,31,8,+7.571,+0.376
4031.182,31,8,+7.662,+0.344
4036.27,31,8,+7.895,+0.643
4039.14,31,8,+8.013,+0.706
4041.193,31,8,+7.964,+0.701
4045.072,31,8,+8.046,+0.676
4048.314,31,8,+8.031,+0.633
4052.051,31,8,+7.983,+0.524
4055.754,31,8,+7.808,+0.325
4058.872,31,8,+7.553,+0.117
4064.241,31,8,+7.970,+0.307
4069.368,31,8,+7.903,+0.237
4073.543,31,8,+7.973,+0.379
4079.435,31,8,+8.143,+0.524
4083.049,31,8,+8.399,+0.625
4086.937,31,8,+8.746,+0.651
4089.02,31,8,+8.826,+0.675
4091.14,31,8,+8.887,+0.643
4096.571,31,8,+9.097,+0.747
4097.269,31,8,+9.141,+0.766
4100.051,31,8,+9.136,+0.683
4101.562,31,8,+9.281,+0.736
4106.611,31,8,+9.518,+0.904
4110.297,31,8,+9.531,+1.034
4113.85,31,8,+9.733,+1.209
4117.644,31,8,+9.935,+1.253
4122.852,31,8,+10.315,+1.579
4125.714,31,8,+10.471,+1.654
4127.808,31,8,+10.450,+1.678
4131.658,31,8,+10.533,+1.638
4134.912,31,8,+10.549,+1.599
4138.681,31,8,+10.556,+1.633
4142.521,31,8,+10.513,+1.716
4145.778,31,8,+10.407,+1.774
4150.991,31,8,+10.745,+1.655
4156.509,31,8,+11.049,+1.834
4160.56,31,8,+11.014,+1.704
4166.418,31,8,+11.222,+1.960
4169.941,31,8,+11.421,+2.027
4173.749,31,8,+11.679,+2.022
4175.847,31,8,+11.707,+2.020
4177.949,31,8,+11.706,+1.926
4183.367,31,8,+11.916,+1.979
4184.097,31,8,+11.968,+2.001
4187.054,31,8,+12.126,+2.079
4188.469,31,8,+12.200,+2.119
4193.541,31,8,+12.405,+2.178
4197.239,31,8,+12.399,+2.384
4200.619,31,8,+12.336,+2.437
4204.347,31,8,+12.458,+2.463
4209.469,31,8,+12.720,+2.597
4212.373,31,8,+12.905,+2.672
4214.476,31,8,+12.912,+2.689
4218.286,31,8,+12.904,+2.620
4221.51,31,8,+12.895,+2.627
4225.293,31,8,+12.896,+2.665
4229.114,31,8,+12.849,+2.708
4232.449,31,8,+12.788,+2.788
4237.447,31,8,+12.801,+2.674
4242.677,31,8,+12.800,+2.708
4246.793,31,8,+12.857,+2.860
4252.534,31,8,+12.660,+2.953
4256.01,31,8,+12.767,+2.860
4259.684,31,8,+12.885,+2.674
4261.743,31,8,+12.814,+2.651
4263.802,31,8,+12.744,+2.557
4269.022,31,8,+12.718,+2.536
4269.664,31,8,+12.715,+2.534
4272.437,31,8,+12.709,+2.536
4273.837,31,8,+12.747,+2.517
4278.763,31,8,+12.811,+2.482
4282.477,31,8,+12.842,+2.643
4285.915,31,8,+12.932,+2.791
4289.62,31,8,+12.989,+2.727
4294.687,31,8,+13.194,+2.812
4297.547,31,8,+13.323,+2.791
4299.615,31,8,+13.304,+2.752
4303.375,31,8,+13.281,+2.615
4306.623,31,8,+13.289,+2.591
4310.396,31,8,+13.293,+2.640
4314.215,31,8,+13.252,+2.730
4317.527,31,8,+13.197,+2.854
4322.64,31,8,+13.310,+2.816
4327.802,31,8,+13.320,+2.933
4331.868,31,8,+13.410,+3.085
4337.622,31,8,+13.499,+2.998
4341.013,31,8,+13.600,+2.813
4344.738,31,8,+13.775,+2.709
4346.769,31,8,+13.733,+2.691
4348.843,31,8,+13.685,+2.585
4354.06,31,8,+13.746,+2.618
4354.735,31,8,+13.768,+2.643
4357.571,31,8,+13.854,+2.714
4358.989,31,8,+13.923,+2.638
4363.938,31,8,+13.535,+2.650
4367.637,31,8,+13.848,+2.869
4371.021,31,8,+13.828,+2.942
4374.691,31,8,+13.642,+2.801
4379.76,31,8,+13.778,+2.801
4382.633,31,8,+13.916,+2.779
4384.703,31,8,+13.920,+2.752
4388.487,31,8,+13.939,+2.561
4391.749,31,8,+13.475,+2.529
4395.515,31,8,+13.475,+2.560
4399.341,31,8,+13.469,+2.594
4402.781,31,8,+13.465,+2.658
4407.64,31,8,+13.522,+2.587
4412.829,31,8,+13.440,+2.662
4416.905,31,8,+13.444,+2.815
4422.703,31,8,+13.484,+2.750
4426.118,31,8,+13.377,+2.605
4429.811,31,8,+12.868,+2.556
4431.858,31,8,+12.805,+2.506
4433.956,31,8,+12.751,+2.363
4439.127,31,8,+13.283,+2.367
4439.772,31,8,+13.234,+2.373
4442.578,31,8,+13.083,+2.413
4443.953,31,8,+13.069,+2.329
4448.913,31,8,+12.669,+2.277
4452.569,31,8,+12.618,+2.452
4455.974,31,8,+12.692,+2.519
4459.735,31,8,+12.434,+2.397
4464.743,31,8,+12.398,+2.395
4467.638,31,8,+12.615,+2.475
4469.786,31,8,+12.727,+2.541
4473.591,31,8,+12.877,+2.381
4476.826,31,8,+12.878,+2.358
4480.561,31,8,+12.818,+2.407
4484.393,31,8,+12.644,+2.524
4487.731,31,8,+12.454,+2.682
4492.769,31,8,+12.593,+2.450
4498.002,31,8,+12.669,+2.442
4502.145,31,8,+12.700,+2.569
4507.928,31,8,+12.826,+2.527
4511.441,31,8,+13.003,+2.509
4515.216,31,8,+13.252,+2.506
4517.41,31,8,+13.245,+2.531
4519.461,31,8,+13.204,+2.436
4524.661,31,8,+13.186,+2.315
4525.338,31,8,+13.184,+2.286
4528.11,31,8,+13.187,+2.179
4529.457,31,8,+13.259,+2.179
4534.484,31,8,+13.445,+2.153
4538.209,31,8,+13.349,+2.303
4541.571,31,8,+13.357,+2.446
4545.378,31,8,+13.537,+2.413
4550.52,31,8,+13.764,+2.556
4553.399,31,8,+13.883,+2.599
4555.477,31,8,+13.841,+2.635
4559.245,31,8,+13.838,+2.521
4562.511,31,8,+13.864,+2.495
4566.226,31,8,+13.882,+2.522
4570.06,31,8,+13.838,+2.544
4573.41,31,8,+13.773,+2.595
4578.469,31,8,+14.032,+2.626
4583.786,31,8,+14.182,+2.808
4588.003,31,8,+14.340,+2.969
4593.693,31,8,+14.420,+2.998
4597.166,31,8,+14.527,+2.881
4600.911,31,8,+14.779,+2.777
4602.969,31,8,+14.808,+2.751
4605.123,31,8,+14.825,+2.672
4610.303,31,8,+14.841,+2.626
4610.959,31,8,+14.839,+2.623
4613.661,31,8,+14.831,+2.625
4615.034,31,8,+14.837,+2.544
4620.135,31,8,+15.054,+2.607
4623.772,31,8,+14.976,+2.883
4627.211,31,8,+14.992,+2.977
4630.957,31,8,+15.093,+2.824
4636.028,31,8,+15.323,+2.856
4638.909,31,8,+15.499,+2.879
4641.003,31,8,+15.595,+2.884
4644.91,31,8,+15.860,+2.825
4648.174,31,8,+15.934,+2.846
4651.953,31,8,+15.930,+2.885
4655.785,31,8,+15.786,+1.492
4659.045,31,7,+15.786,+1.492
4659.135,31,7,+15.649,+2.961
4664.336,31,7,+16.008,+3.108
4669.645,31,7,+16.174,+3.152
4673.7,31,8,+16.174,+3.152
4674.069,31,8,+16.553,+0.197
4680.149,31,8,+17.015,+0.280
4683.789,31,8,+17.395,+0.481
4689.649,31,8,+19.750,+1.963
4693.045,31,8,+21.037,+1.135
4705.116,31,9,+21.037,+1.135
4706.347,31,10,+21.037,+1.135
4713.149,31,11,+21.037,+1.135
4723.367,31,11,+40.655,+5.302
4725.192,31,11,+41.139,+5.324
4731.736,31,11,+39.406,+2.581
4736.866,31,11,+38.840,+2.888
4740.973,31,11,+38.708,+3.278
4744.969,31,11,+38.396,+3.180
4752.032,31,11,+38.421,+3.098
4755.924,31,11,+38.811,+2.223
4758.559,31,11,+39.008,+2.315
4763.635,31,11,+39.664,+3.084
4767.969,31,11,+40.617,+3.697
4773.644,31,11,+39.062,+3.271
4780.195,31,11,+38.623,+4.010
4787.022,31,11,+39.357,+3.461
4794.035,31,11,+38.213,+3.190
4799.759,31,11,+38.322,+3.675
4804.729,31,11,+38.807,+4.548
4810.973,31,11,+38.811,+4.229
4815.153,31,11,+39.118,+3.711
4819.956,31,11,+39.445,+4.540
4822.532,31,11,+39.220,+3.900
4825.005,31,11,+39.164,+3.375
4832.302,31,11,+39.362,+3.375
4833.299,31,10,+39.362,+3.375
4833.302,31,10,+39.387,+3.511
4837.327,31,10,+39.503,+3.594
4839.23,31,10,+39.436,+3.584
4844.972,31,10,+38.998,+2.470
4850.996,31,10,+39.259,+3.751
4855.233,31,10,+38.441,+3.838
4859.211,31,10,+38.216,+3.334
4867.06,31,10,+40.271,+3.498
4871.449,31,10,+40.041,+3.288
4874.208,31,10,+39.619,+3.267
4880.126,31,10,+39.377,+5.074
4884.169,31,10,+39.712,+5.617
4888.932,31,10,+40.456,+3.183
4895.089,31,10,+39.287,+3.516
4902.731,31,10,+41.030,+4.489
4910.225,31,10,+40.478,+3.652
4915.89,31,10,+40.461,+3.963
4921.216,31,10,+41.358,+5.031
4927.939,31,10,+41.706,+5.873
4931.51,31,10,+41.538,+5.877
4935.386,31,10,+40.410,+5.523
4937.419,31,10,+38.987,+4.241
4939.606,31,10,+38.708,+3.835
4944.866,31,10,+36.891,+3.809
4945.524,31,10,+36.427,+3.797
4948.302,31,10,+35.027,+3.737
4949.708,31,10,+34.604,+3.756
4954.684,31,10,+33.627,+3.782
4958.396,31,10,+32.108,+3.937
4962.026,31,10,+31.112,+4.187
4965.614,31,10,+30.542,+4.212
4970.647,31,10,+30.601,+4.347
4973.522,31,10,+30.743,+4.367
4975.59,31,10,+30.829,+4.334
4979.448,31,10,+30.940,+4.284
4982.756,31,10,+30.945,+4.339
4986.454,31,10,+30.907,+4.379
4990.265,31,10,+30.785,+4.389
4993.635,31,10,+30.652,+4.414
4998.65,31,10,+30.764,+4.470
5003.879,31,10,+30.873,+4.575
5007.953,31,10,+30.918,+4.843
5013.704,31,10,+31.014,+4.942
5017.161,31,10,+31.221,+4.978
5020.798,31,10,+31.244,+4.919
5022.975,31,10,+31.279,+5.014
5025.037,31,10,+31.322,+4.962
5030.188,31,10,+31.259,+4.891
5030.806,31,10,+31.241,+4.867
5033.591,31,10,+31.178,+4.787
5035.025,31,10,+31.239,+4.792
5039.88,31,10,+31.379,+4.833
5043.485,31,10,+31.404,+4.929
5046.955,31,10,+31.425,+5.166
5050.644,31,10,+31.531,+5.253
5055.868,31,10,+31.918,+5.630
5058.75,31,10,+32.080,+5.736
5060.832,31,10,+32.054,+5.786
5064.637,31,10,+32.109,+5.855
5067.894,31,10,+32.159,+5.880
5071.621,31,10,+32.182,+5.897
5075.474,31,10,+32.148,+5.860
5078.811,31,10,+32.110,+5.857
5084.001,31,10,+32.388,+6.138
5089.277,31,10,+32.459,+6.220
5093.37,31,10,+32.554,+6.425
5099.088,31,10,+32.656,+6.589
5102.57,31,10,+32.840,+6.551
5106.229,31,10,+32.933,+6.550
5108.277,31,10,+32.939,+6.621
5110.37,31,10,+32.961,+6.539
5115.545,31,10,+32.848,+6.464
5116.219,31,10,+32.836,+6.443
5118.95,31,10,+32.810,+6.392
5120.325,31,10,+32.840,+6.403
5125.316,31,10,+33.024,+6.582
5128.988,31,10,+33.119,+6.739
5132.445,31,10,+33.288,+6.850
5136.168,31,10,+33.410,+6.940
5141.269,31,10,+33.649,+7.166
5144.101,31,10,+33.803,+7.231
5146.199,31,10,+33.798,+7.261
5150.018,31,10,+33.863,+7.286
5153.266,31,10,+33.879,+7.323
5157.044,31,10,+33.914,+7.345
5160.883,31,10,+33.896,+7.324
5164.192,31,10,+33.873,+7.315
5169.244,31,10,+34.008,+7.460
5174.441,31,10,+34.035,+7.514
5178.683,31,10,+34.273,+7.844
5184.439,31,10,+34.381,+8.021
5187.902,31,10,+34.558,+8.074
5191.584,31,10,+34.658,+8.118
5193.631,31,10,+34.703,+8.083
5195.814,31,10,+34.755,+8.020
5200.974,31,10,+34.750,+7.972
5201.649,31,10,+34.755,+7.961
5204.369,31,10,+34.792,+7.925
5205.796,31,10,+34.858,+7.890
5210.73,31,10,+34.718,+8.059
5214.34,31,10,+34.673,+8.249
5217.795,31,10,+34.718,+8.430
5221.453,31,10,+34.663,+8.445
5226.548,31,10,+34.796,+8.629
5229.363,31,10,+34.946,+8.640
5231.459,31,10,+35.030,+8.671
5235.266,31,10,+35.174,+8.688
5238.508,31,10,+35.162,+8.673
5242.307,31,10,+35.150,+8.676
5246.107,31,10,+35.059,+8.638
5249.431,31,10,+34.963,+8.629
5254.509,31,10,+35.155,+8.813
5259.737,31,10,+35.229,+8.863
5263.836,31,10,+35.128,+8.985
5269.749,31,10,+35.530,+9.444
5273.218,31,10,+35.685,+9.439
5276.951,31,10,+35.788,+9.389
5279.041,31,10,+35.886,+9.433
5281.224,31,10,+35.922,+9.401
5286.632,31,10,+36.066,+9.576
5287.342,31,10,+36.115,+9.624
5290.182,31,10,+36.180,+9.703
5291.588,31,10,+36.215,+9.776
5296.568,31,10,+36.313,+9.765
5300.297,31,10,+36.471,+10.015
5303.709,31,10,+36.580,+10.191
5307.541,31,10,+36.785,+10.204
5312.716,31,10,+37.112,+10.477
5315.632,31,10,+37.345,+10.566
5317.736,31,10,+37.469,+10.598
5321.598,31,10,+37.650,+10.610
5324.828,31,10,+37.636,+10.625
5328.918,31,10,+37.657,+10.702
5334.014,31,10,+39.145,+12.305
5342.652,31,10,+44.330,+17.642
5350.072,31,10,+46.971,+20.063
5358.507,31,10,+50.268,+19.669
5363.379,31,10,+51.093,+18.140
5369.592,31,10,+51.645,+18.168
5373.159,31,10,+51.881,+18.707
5377.045,31,10,+51.907,+18.336
5379.374,31,10,+51.964,+17.219
5381.837,31,10,+52.356,+17.219
5387.838,31,10,+48.647,+17.219
5388.72,31,10,+47.894,+2.400
5392.478,31,9,+47.894,+2.400
5392.57,31,9,+47.768,+5.026
5394.35,31,9,+47.745,+4.721
5402.565,31,9,+48.356,+5.080
5406.975,31,9,+48.407,+5.027
5411.076,31,9,+48.621,+4.668
5415.136,31,9,+48.193,+4.378
5422.476,31,9,+48.947,+4.838
5426.132,31,9,+49.508,+4.899
5428.88,31,9,+50.065,+4.961
5433.764,31,9,+50.162,+5.027
5438.227,31,9,+50.756,+5.027
5443.607,31,9,+51.008,+4.410
5449.571,31,9,+51.156,+4.423
5454.745,31,9,+51.427,+4.771
5461.094,31,9,+51.126,+5.140
5467.861,31,9,+50.941,+4.524
5473.698,31,9,+50.297,+4.421
5480.603,31,9,+50.217,+4.144
5485.232,31,9,+50.516,+4.241
5489.584,31,9,+49.919,+4.322
5492.797,31,9,+49.839,+4.900
5495.402,31,9,+49.012,+4.206
5500.791,31,9,+47.179,+3.721
5501.441,31,9,+46.952,+3.704
5504.163,31,9,+46.183,+3.763
5505.713,31,9,+45.985,+3.775
5510.618,31,9,+44.995,+3.590
5514.39,31,9,+44.376,+3.761
5517.982,31,10,+44.376,+3.761
5518.151,31,10,+42.245,+0.069
5522.039,31,10,+41.668,+0.155
5527.153,31,10,+41.022,+0.433
5530.057,31,10,+40.359,+0.572
5532.152,31,10,+39.777,+0.550
5536.081,31,10,+39.261,+0.685
5539.334,31,10,+39.222,+0.692
5543.091,31,10,+39.224,+0.554
5546.856,31,10,+39.166,+0.207
5550.049,31,9,+39.166,+0.207
5550.141,31,9,+39.031,+4.235
5555.135,31,9,+39.106,+4.347
5560.334,31,9,+39.126,+4.367
5564.246,31,10,+39.126,+4.367
5564.409,31,10,+39.110,+0.036
5570.567,31,10,+39.607,+0.223
5574.186,31,10,+39.926,+0.376
5577.924,31,10,+40.163,+0.595
5580.047,31,10,+40.270,+0.738
5582.16,31,10,+40.293,+0.824
5587.436,31,10,+40.440,+0.925
5588.157,31,10,+40.482,+0.944
5590.979,31,10,+40.603,+0.955
5592.372,31,10,+40.702,+0.980
5597.262,31,10,+40.823,+0.964
5600.968,31,10,+40.947,+1.055
5604.473,31,10,+41.119,+1.108
5608.569,31,11,+41.119,+1.108
5608.939,31,11,+41.962,+0.194
5614.261,31,11,+42.447,+0.401
5617.189,31,11,+42.674,+0.531
5619.313,31,11,+42.678,+0.596
5623.273,31,11,+42.834,+0.628
5626.534,31,11,+42.899,+0.626
5630.271,31,11,+42.912,+0.641
5634.009,31,11,+42.819,+0.587
5637.241,31,11,+42.684,+0.496
5642.392,31,11,+42.977,+0.588
5647.56,31,11,+43.059,+0.636
5651.832,31,11,+43.227,+0.830
5657.608,31,11,+43.356,+0.875
5661.077,31,11,+43.560,+0.869
5664.875,31,11,+43.696,+0.811
5666.844,31,11,+43.746,+0.851
5668.92,31,11,+43.747,+0.800
5674.073,31,11,+43.734,+0.620
5674.724,31,11,+43.731,+0.592
5677.4,31,11,+43.739,+0.505
5678.809,31,11,+43.812,+0.530
5683.826,31,11,+44.012,+0.648
5687.415,31,11,+44.037,+0.711
5690.814,31,11,+44.128,+0.843
5694.494,31,11,+44.194,+0.842
5699.489,31,11,+44.326,+0.888
5702.336,31,11,+44.419,+0.898
5704.35,31,11,+44.374,+0.843
5708.199,31,11,+44.464,+0.745
5711.459,31,11,+44.523,+0.755
5715.145,31,11,+44.522,+0.754
5718.89,31,11,+44.406,+0.670
5722.032,31,11,+44.252,+0.557
5727.093,31,11,+44.570,+0.596
5732.28,31,11,+44.611,+0.678
5736.448,31,11,+44.753,+0.899
5742.243,31,11,+44.833,+0.911
5745.775,31,11,+45.014,+0.949
5749.493,31,11,+45.118,+1.000
5751.523,31,11,+45.118,+0.987
5753.692,31,11,+45.160,+0.927
5758.894,31,11,+45.136,+0.829
5759.555,31,11,+45.136,+0.827
5762.274,31,11,+45.155,+0.840
5763.657,31,11,+45.237,+0.885
5768.623,31,11,+45.282,+0.849
5772.135,31,11,+45.242,+0.906
5775.492,31,11,+45.304,+1.019
5779.19,31,11,+45.365,+1.001
5784.274,31,11,+45.575,+1.141
5787.07,31,11,+45.643,+1.157
5789.093,31,11,+45.562,+1.096
5792.888,31,11,+45.539,+1.005
5796.098,31,11,+45.564,+1.018
5799.818,31,11,+45.579,+1.025
5803.551,31,11,+45.553,+0.968
5806.766,31,11,+45.509,+0.891
5811.722,31,11,+45.711,+0.856
5816.925,31,11,+45.736,+0.923
5821.143,31,11,+45.820,+1.172
5826.917,31,11,+45.943,+1.180
5830.423,31,11,+46.135,+1.223
5834.126,31,11,+46.319,+1.160
5836.247,31,11,+46.389,+1.214
5838.373,31,11,+46.369,+1.131
5843.519,31,11,+46.314,+0.997
5844.186,31,11,+46.310,+0.978
5846.907,31,11,+46.317,+0.918
5848.278,31,11,+46.367,+0.901
5853.287,31,11,+46.527,+0.938
5856.911,31,11,+46.566,+1.018
5860.352,31,11,+46.678,+1.132
5864.05,31,11,+46.721,+1.107
5869.086,31,11,+46.858,+1.074
5871.897,31,11,+46.925,+1.082
5873.975,31,11,+46.849,+1.047
5877.835,31,11,+46.939,+1.055
5881.131,31,11,+47.004,+1.106
5885.077,31,11,+47.258,+1.364
5889.251,31,11,+47.574,+1.718
5892.797,31,11,+47.752,+1.948
5897.795,31,11,+47.919,+2.003
5902.905,31,11,+47.793,+1.907
5906.724,31,11,+47.765,+1.848
5912.51,31,11,+47.803,+1.752
5915.93,31,11,+47.973,+1.722
5919.542,31,11,+48.057,+1.650
5921.625,31,11,+48.075,+1.622
5923.709,31,11,+48.026,+1.505
5928.807,31,11,+47.925,+1.400
5929.459,31,11,+47.905,+1.381
5932.045,31,11,+47.827,+1.295
5933.391,31,11,+47.835,+1.232
5938.299,31,11,+47.796,+1.118
5941.941,31,11,+47.788,+1.214
5945.385,31,11,+47.934,+1.369
5949.09,31,11,+47.993,+1.367
5954.131,31,11,+48.138,+1.429
5956.975,31,11,+48.233,+1.480
5959.036,31,11,+48.191,+1.489
5962.808,31,11,+48.219,+1.456
5966.038,31,11,+48.250,+1.453
5969.775,31,11,+46.036,+1.452
5973.558,31,11,+45.995,+1.404
5976.846,31,11,+45.958,+1.350
5981.699,31,11,+46.007,+1.274
5986.844,31,11,+46.037,+1.249
5990.94,31,11,+46.065,+1.443
5996.704,31,11,+46.117,+1.390
6000.184,31,11,+46.287,+1.416
6003.891,31,11,+46.356,+1.383
6005.962,31,11,+46.344,+1.411
6008.1,31,11,+46.373,+1.372
6013.216,31,11,+46.312,+1.273
6013.872,31,11,+46.304,+1.265
6016.549,31,11,+46.285,+1.242
6017.906,31,11,+46.304,+1.211
6022.882,31,11,+46.297,+1.202
6026.452,31,11,+46.309,+1.310
6029.834,31,11,+46.373,+1.366
6033.586,31,11,+46.442,+1.287
6038.642,31,11,+46.637,+1.401
6041.471,31,11,+46.748,+1.414
6043.552,31,11,+46.710,+1.348
6047.352,31,11,+46.756,+1.227
6050.59,31,11,+46.766,+1.237
6054.365,31,11,+46.764,+1.243
6058.121,31,11,+46.708,+1.205
6061.378,31,11,+46.621,+1.148
6066.283,31,11,+46.626,+1.138
6071.465,31,11,+46.648,+1.142
6075.496,31,11,+46.537,+1.279
6081.261,31,11,+46.644,+1.269
6084.697,31,11,+46.771,+1.268
6088.377,31,11,+46.785,+1.274
6090.461,31,11,+46.797,+1.281
6092.693,31,11,+46.889,+1.284
6097.906,31,11,+46.916,+1.202
6098.555,31,11,+46.915,+1.190
6101.276,31,11,+46.909,+1.136
6102.612,31,11,+46.925,+1.050
6107.568,31,11,+47.025,+1.023
6111.12,31,11,+47.024,+1.096
6114.51,31,11,+47.112,+1.243
6118.193,31,11,+47.128,+1.171
6123.171,31,11,+47.217,+1.181
6125.995,31,11,+47.323,+1.265
6128.087,31,11,+47.298,+1.330
6131.854,31,11,+47.345,+1.343
6135.127,31,11,+47.332,+1.348
6138.855,31,11,+47.322,+1.351
6142.628,31,11,+47.285,+1.297
6145.877,31,11,+47.234,+1.237
6150.843,31,11,+47.381,+1.256
6156.069,31,11,+47.464,+1.291
6160.179,31,11,+47.528,+1.477
6166.021,31,11,+47.672,+1.506
6169.472,31,11,+47.786,+1.481
6173.213,31,11,+47.904,+1.439
6175.357,31,11,+47.943,+1.479
6177.549,31,11,+48.006,+1.409
6182.703,31,11,+47.959,+1.337
6183.364,31,11,+47.956,+1.330
6186.08,31,11,+47.954,+1.309
6187.436,31,11,+47.962,+1.275
6192.332,31,11,+47.241,+1.171
6195.94,31,11,+47.409,+1.246
6199.31,31,11,+47.474,+1.382
6203.026,31,11,+47.542,+1.356
6208.018,31,11,+47.692,+1.332
6210.811,31,11,+47.860,+1.369
6212.973,31,11,+47.998,+1.385
6216.658,31,11,+47.963,+1.296
6219.896,31,11,+47.992,+1.317
6223.656,31,11,+48.067,+1.329
6227.433,31,11,+48.154,+1.290
6230.735,31,11,+48.194,+1.234
6235.658,31,11,+48.078,+1.216
6240.858,31,11,+48.045,+1.254
6244.853,31,11,+47.991,+1.424
6250.77,31,11,+48.175,+1.501
6254.24,31,11,+48.292,+1.435
6257.992,31,11,+48.277,+1.411
6260.076,31,11,+48.227,+1.438
6262.247,31,11,+48.217,+1.344
6267.451,31,11,+48.345,+1.268
6268.082,31,11,+48.386,+1.272
6270.847,31,11,+48.586,+1.283
6272.237,31,11,+48.692,+1.296
6277.157,31,11,+48.863,+1.177
6280.763,31,11,+48.911,+1.273
6284.134,31,11,+48.983,+1.340
6287.873,31,11,+49.043,+1.335
6292.842,31,11,+49.124,+1.318
6295.581,31,11,+49.205,+1.362
6297.712,31,11,+49.245,+1.367
6301.476,31,11,+49.323,+1.262
6304.715,31,11,+49.344,+1.272
6308.419,31,11,+49.272,+1.268
6312.238,31,11,+49.109,+1.192
6315.514,31,11,+48.986,+1.119
6320.443,31,11,+49.157,+1.113
6325.649,31,11,+49.321,+1.140
6329.707,31,11,+49.495,+1.260
6335.523,31,11,+49.588,+1.264
6339.006,31,11,+49.682,+1.212
6342.742,31,11,+49.704,+1.176
6344.868,31,11,+49.688,+1.228
6347.015,31,11,+49.667,+1.089
6352.205,31,11,+49.678,+0.958
6352.874,31,11,+49.669,+0.945
6355.577,31,11,+49.617,+0.894
6357.004,31,11,+49.645,+0.871
6362.088,31,11,+49.908,+0.817
6365.668,31,11,+50.018,+0.886
6369.011,31,11,+50.085,+0.842
6372.833,31,11,+50.244,+0.894
6377.823,31,11,+50.418,+0.917
6380.64,31,11,+50.576,+0.928
6382.712,31,11,+50.642,+0.883
6386.584,31,11,+50.780,+0.812
6389.791,31,11,+50.823,+0.809
6393.495,31,11,+50.813,+0.812
6397.281,31,11,+50.707,+0.765
6400.509,31,11,+50.601,+0.689
6405.479,31,11,+50.826,+0.734
6410.723,31,11,+50.985,+0.813
6414.743,31,11,+51.208,+0.934
6420.471,31,11,+51.270,+0.928
6423.981,31,11,+51.424,+0.941
6427.806,31,11,+51.401,+0.900
6429.921,31,11,+51.401,+0.871
6432.019,31,11,+51.397,+0.792
6437.192,31,11,+51.381,+0.685
6437.825,31,11,+51.363,+0.669
6440.522,31,11,+51.289,+0.604
6442.105,31,11,+51.386,+0.626
6447.006,31,11,+51.621,+0.617
6450.528,31,11,+51.664,+0.623
6453.846,31,11,+51.728,+0.610
6457.614,31,11,+51.815,+0.562
6462.726,31,11,+52.046,+0.525
6465.527,31,11,+52.209,+0.554
6467.57,31,11,+52.287,+0.531
6471.447,31,11,+52.440,+0.530
6474.658,31,11,+52.491,+0.530
6478.567,31,11,+52.476,+0.515
6482.097,31,11,+52.339,+0.401
6485.193,31,11,+52.187,+0.241
6490.484,31,11,+52.565,+0.428
6495.564,31,11,+52.667,+0.426
6499.542,31,11,+52.742,+0.473
6505.479,31,11,+53.026,+0.595
6508.975,31,11,+53.156,+0.613
6512.753,31,11,+53.216,+0.627
6514.861,31,11,+53.201,+0.689
6516.977,31,11,+53.184,+0.596
6522.467,31,11,+53.467,+0.679
6523.14,31,11,+53.523,+0.705
6526.064,31,11,+53.758,+0.829
6527.504,31,11,+53.840,+0.861
6532.483,31,11,+54.042,+0.724
6536.053,31,11,+54.095,+0.729
6539.41,31,11,+54.120,+0.771
6543.145,31,11,+54.168,+0.768
6548.16,31,11,+54.359,+0.761
6551.015,31,11,+54.524,+0.803
6553.107,31,11,+54.626,+0.806
6556.97,31,11,+54.730,+0.782
6560.199,31,11,+54.758,+0.783
6563.929,31,11,+54.759,+0.771
6567.616,31,11,+54.652,+0.657
6570.79,31,11,+54.557,+0.501
6575.818,31,11,+54.401,+0.605
6581.012,31,11,+54.545,+0.622
6585.17,31,11,+54.734,+0.731
6590.918,31,11,+54.876,+0.726
6594.381,31,11,+54.959,+0.676
6598.101,31,11,+54.958,+0.651
6600.209,31,11,+54.981,+0.679
6602.395,31,11,+55.032,+0.640
6607.541,31,11,+55.047,+0.562
6608.178,31,11,+55.028,+0.548
6610.884,31,11,+54.959,+0.497
6612.275,31,11,+55.049,+0.514
6617.349,31,11,+55.363,+0.508
6620.943,31,11,+55.443,+0.577
6624.223,31,11,+55.410,+0.569
6628.06,31,11,+55.464,+0.586
6633.159,31,11,+55.704,+0.599
6636.045,31,11,+55.920,+0.627
6638.12,31,11,+56.017,+0.586
6642.001,31,11,+56.193,+0.527
6645.186,31,11,+56.281,+0.524
6648.94,31,11,+56.291,+0.514
6652.688,31,11,+56.192,+0.420
6655.972,31,11,+56.072,+0.306
6661.197,31,11,+56.488,+0.492
6666.468,31,11,+56.626,+0.570
6670.609,31,11,+56.779,+0.784
6676.789,31,11,+57.264,+1.140
6683.714,31,11,+60.831,+2.360
6688.603,31,11,+61.819,+2.651
6690.958,31,11,+61.842,+2.563
6693.492,31,11,+62.348,+2.369
6700.582,31,11,+64.251,+2.369
6701.486,31,10,+64.251,+2.369
6701.488,31,10,+64.474,+1.556
6704.834,31,10,+65.065,+1.894
6706.71,31,10,+65.496,+2.028
6714.71,31,10,+68.811,+0.989
6718.967,31,10,+69.564,+1.046
6722.587,31,10,+69.887,+0.962
6726.45,31,10,+70.046,+0.974
6731.448,31,10,+70.184,+0.975
6734.296,31,10,+70.355,+0.994
6736.358,31,10,+70.380,+1.013
6740.17,31,10,+70.423,+0.938
6743.396,31,10,+70.486,+0.927
6747.143,31,10,+70.403,+0.888
6750.901,31,10,+65.993,+0.762
6754.183,31,10,+63.251,+0.649
6759.207,31,10,+60.923,+0.635
6764.407,31,10,+60.804,+0.642
6768.55,31,10,+60.693,+0.798
6774.369,31,10,+58.853,+0.831
6777.843,31,10,+58.315,+0.745
6781.688,31,10,+57.970,+0.704
6783.704,31,10,+57.145,+0.759
6785.867,31,10,+57.026,+0.675
6791.053,31,10,+57.116,+0.565
6791.716,31,10,+57.117,+0.547
6794.406,31,10,+57.116,+0.479
6795.858,31,10,+57.186,+0.518
6800.842,31,10,+57.409,+0.507
6804.418,31,10,+57.460,+0.569
6807.805,31,10,+57.438,+0.573
6811.528,31,10,+57.544,+0.542
6816.565,31,10,+57.705,+0.510
6819.371,31,10,+57.898,+0.560
6821.511,31,10,+57.921,+0.591
6825.301,31,10,+57.972,+0.590
6828.519,31,10,+58.006,+0.604
6832.207,31,10,+57.995,+0.580
6835.953,31,10,+57.884,+0.459
6839.225,31,10,+57.791,+0.375
6844.36,31,10,+58.252,+0.570
6849.559,31,10,+58.407,+0.626
6853.613,31,10,+58.554,+0.813
6859.498,31,10,+58.834,+0.842
6862.989,31,10,+59.041,+0.820
6866.685,31,10,+58.973,+0.756
6868.848,31,10,+59.055,+0.769
6871.048,31,10,+59.185,+0.739
6876.239,31,10,+59.304,+0.717
6876.907,31,10,+59.299,+0.717
6879.593,31,10,+59.261,+0.720
6881.002,31,10,+59.333,+0.738
6886.005,31,10,+59.623,+0.742
6889.62,31,10,+59.727,+0.836
6893.002,31,10,+59.859,+0.922
6896.756,31,10,+59.979,+0.894
6901.707,31,10,+60.083,+0.824
6904.521,31,10,+60.235,+0.846
6906.599,31,10,+60.252,+0.846
6910.483,31,10,+60.324,+0.815
6913.705,31,10,+60.422,+0.821
6917.397,31,10,+60.432,+0.824
6921.162,31,10,+60.321,+0.748
6924.364,31,10,+60.164,+0.640
6929.354,31,10,+60.463,+0.526
6934.523,31,10,+60.633,+0.589
6938.755,31,10,+60.911,+0.748
6944.595,31,10,+61.240,+0.819
6948.046,31,10,+61.474,+0.742
6951.781,31,10,+61.488,+0.697
6953.964,31,10,+61.535,+0.745
6956.065,31,10,+61.583,+0.686
6961.287,31,10,+61.609,+0.585
6961.926,31,10,+61.588,+0.558
6964.608,31,10,+61.499,+0.454
6966.035,31,10,+61.566,+0.428
6971.057,31,10,+61.883,+0.482
6974.636,31,10,+61.964,+0.518
6978.058,31,10,+62.078,+0.506
6981.861,31,10,+62.242,+0.497
6986.886,31,10,+62.397,+0.476
6989.758,31,10,+62.562,+0.534
6991.783,31,10,+62.582,+0.582
6995.61,31,10,+62.668,+0.592
6998.853,31,10,+62.743,+0.530
7002.567,31,10,+62.746,+0.475
7006.194,31,10,+62.566,+0.296
7009.36,31,10,+62.322,+0.065
7014.682,31,10,+63.019,+0.243
7019.835,31,10,+63.056,+0.118
7023.56,31,9,+63.056,+0.118
7023.631,31,9,+62.972,+12.254
7029.562,31,9,+63.381,+12.458
7033.148,31,9,+63.680,+12.526
7037.035,31,9,+63.772,+12.615
7039.122,31,9,+63.794,+12.671
7041.261,31,9,+63.837,+12.681
7046.676,31,9,+64.155,+13.394
7047.394,31,9,+64.211,+13.057
7050.166,31,9,+64.256,+13.507
7051.54,31,9,+64.260,+13.477
7056.651,31,9,+64.598,+13.557
7060.29,31,9,+64.768,+13.633
7063.602,31,9,+64.785,+13.443
7067.352,31,9,+64.850,+13.315
7072.313,31,9,+64.973,+13.269
7075.147,31,9,+65.162,+13.316
7077.334,31,9,+65.291,+13.449
7081.374,31,9,+65.562,+13.603
7084.595,31,9,+65.617,+13.567
7088.399,31,9,+65.711,+13.666
7092.379,31,9,+65.818,+13.862
7095.632,31,10,+65.818,+13.862
7095.686,31,9,+65.818,+13.862
7095.773,31,9,+65.845,+13.986
7100.711,31,10,+65.845,+13.986
7101.166,31,10,+66.607,+0.417
7106.361,31,10,+66.780,+0.278
7110.273,31,10,+66.760,+0.123
7116.444,31,10,+67.376,+0.241
7120.146,31,10,+67.804,+0.409
7124.069,31,10,+67.980,+0.536
7126.273,31,10,+68.001,+0.565
7128.432,31,10,+68.134,+0.593
7133.728,31,10,+68.328,+0.588
7134.369,31,10,+68.320,+0.565
7136.834,31,11,+68.320,+0.565
7137.057,31,11,+68.311,+0.125
7138.625,31,11,+68.564,+0.276
7144.09,31,11,+69.121,+0.349
7147.492,31,11,+69.240,+0.309
7151.032,31,11,+69.495,+0.407
7154.978,31,11,+69.746,+0.620
7159.984,31,11,+69.883,+0.679
7162.851,31,11,+70.078,+0.781
7164.955,31,11,+70.162,+0.822
7168.816,31,11,+70.274,+0.878
7172.06,31,11,+70.378,+0.887
7175.828,31,11,+70.468,+0.846
7179.73,31,11,+70.526,+0.749
7183.07,31,11,+70.537,+0.689
7188.089,31,11,+70.858,+0.747
7193.195,31,11,+70.946,+0.771
7197.138,31,11,+71.041,+0.757
7203.037,31,11,+71.324,+0.886
7206.523,31,11,+71.528,+0.949
7210.28,31,11,+71.464,+0.867
7212.355,31,11,+71.442,+0.896
7214.502,31,11,+71.461,+0.963
7219.635,31,11,+71.523,+1.043
7220.307,31,11,+71.495,+1.057
7222.843,31,11,+71.370,+1.002
7224.203,31,11,+71.437,+0.859
7229.266,31,11,+71.714,+0.648
7232.853,31,11,+71.821,+0.728
7236.357,31,11,+71.991,+0.748
7240.154,31,11,+72.072,+0.650
7245.185,31,11,+72.272,+0.573
7248.05,31,11,+72.488,+0.642
7250.172,31,11,+72.568,+0.708
7254.11,31,11,+72.783,+0.768
7257.386,31,11,+72.850,+0.789
7261.058,31,11,+72.874,+0.793
7264.788,31,11,+72.813,+0.763
7268.01,31,11,+72.724,+0.751
7273.025,31,11,+73.039,+0.558
7278.163,31,11,+73.110,+0.550
7282.278,31,11,+73.306,+0.670
7288.168,31,11,+73.614,+0.675
7291.712,31,11,+73.807,+0.635
7295.506,31,11,+73.815,+0.560
7297.589,31,11,+73.860,+0.606
7299.857,31,11,+73.931,+0.589
7305.081,31,11,+74.019,+0.526
7305.731,31,11,+74.013,+0.514
7308.375,31,11,+73.981,+0.463
7309.763,31,11,+74.086,+0.483
7314.873,31,11,+74.403,+0.529
7318.473,31,11,+74.520,+0.637
7321.908,31,11,+74.678,+0.775
7325.758,31,11,+74.769,+0.784
7330.709,31,11,+74.876,+0.722
7333.513,31,11,+75.070,+0.771
7335.654,31,11,+75.125,+0.765
7339.507,31,11,+75.274,+0.733
7342.778,31,11,+75.350,+0.754
7346.454,31,11,+75.375,+0.741
7350.199,31,11,+75.278,+0.641
7353.364,31,11,+75.148,+0.516
7358.311,31,11,+75.347,+0.471
7363.461,31,11,+75.524,+0.451
7367.477,31,11,+75.632,+0.602
7373.395,31,11,+75.802,+0.513
7376.958,31,11,+75.994,+0.502
7380.747,31,11,+76.054,+0.501
7382.907,31,11,+76.035,+0.547
7385.154,31,11,+76.140,+0.554
7390.255,31,11,+76.144,+0.411
7390.871,31,11,+76.104,+0.359
7393.353,31,11,+75.916,+0.119
7394.855,31,11,+76.066,+0.305
7400.067,31,11,+76.485,+0.442
7403.632,31,11,+76.578,+0.526
7407.039,31,11,+76.636,+0.707
7410.857,31,11,+76.650,+0.729
7415.844,31,11,+76.786,+0.701
7418.724,31,11,+77.009,+0.793
7420.847,31,11,+77.081,+0.872
7424.769,31,11,+77.284,+0.980
7428.011,31,11,+77.333,+0.987
7431.688,31,11,+77.355,+0.978
7435.445,31,11,+77.303,+0.888
7438.688,31,11,+77.220,+0.778
7443.611,31,11,+77.418,+0.762
7448.802,31,11,+77.624,+0.802
7452.806,31,11,+77.715,+0.918
7458.684,31,11,+77.922,+0.873
7462.156,31,11,+78.079,+0.788
7466.009,31,11,+78.161,+0.792
7468.039,31,11,+78.167,+0.872
7470.202,31,11,+78.160,+0.799
7475.47,31,11,+78.295,+0.738
7476.15,31,11,+78.299,+0.729
7478.846,31,11,+78.305,+0.697
7480.266,31,11,+78.375,+0.678
7485.269,31,11,+78.686,+0.669
7488.832,31,11,+78.794,+0.712
7492.229,31,11,+78.909,+0.812
7496.047,31,11,+79.024,+0.818
7500.98,31,11,+79.108,+0.774
7503.795,31,11,+79.235,+0.790
7505.829,31,11,+79.248,+0.771
7509.714,31,11,+79.387,+0.711
7512.935,31,11,+79.484,+0.731
7516.636,31,11,+79.507,+0.722
7520.318,31,11,+79.420,+0.620
7523.496,31,11,+79.286,+0.485
7528.453,31,11,+79.524,+0.518
7533.44,31,11,+79.527,+0.355
7537.43,31,11,+79.495,+0.376
7543.469,31,11,+79.861,+0.610
7546.984,31,11,+80.075,+0.648
7550.805,31,11,+80.137,+0.693
7552.915,31,11,+80.152,+0.765
7555.088,31,11,+80.157,+0.762
7560.514,31,11,+80.453,+0.833
7561.218,31,11,+80.512,+0.858
7564.123,31,11,+80.748,+0.968
7565.529,31,11,+80.859,+0.991
7570.585,31,11,+81.126,+0.971
7574.065,31,11,+81.145,+0.928
7577.393,31,11,+81.151,+0.951
7581.247,31,11,+81.248,+0.999
7586.191,31,11,+81.349,+0.999
7588.928,31,11,+81.480,+1.032
7591.03,31,11,+81.496,+1.017
7594.904,31,11,+81.599,+0.985
7598.129,31,11,+81.703,+1.017
7601.898,31,11,+81.733,+1.018
7605.551,31,11,+81.654,+0.915
7608.715,31,11,+81.555,+0.771
7613.726,31,11,+81.775,+0.753
7619.064,31,11,+82.091,+0.987
7624.363,31,11,1 L,+2.268
7630.316,31,11,1 L,+2.420
7633.862,31,11,1 L,+2.457
7637.661,31,11,1 L,+2.501
7639.764,31,11,1 L,+2.531
7642.001,31,11,1 L,+2.492
7647.219,31,11,1 L,+2.440
7647.834,31,11,1 L,+2.427
7650.51,31,11,1 L,+2.373
7651.965,31,11,1 L,+2.413
7656.948,31,11,1 L,+2.396
7660.493,31,11,1 L,+2.413
7663.89,31,11,1 L,+2.466
7667.714,31,11,1 L,+2.312
7672.708,31,11,1 L,+1.964
7675.465,31,11,1 L,+1.915
7677.61,31,11,1 L,+1.896
7681.47,31,11,1 L,+1.803
7684.739,31,11,1 L,+1.810
7688.483,31,11,1 L,+1.776
7692.155,31,11,1 L,+1.435
7695.358,31,11,1 L,+1.041
7700.402,31,11,1 L,+0.760
7705.57,31,11,1 L,+0.663
7709.733,31,11,1 L,+0.657
7715.601,31,11,1 L,+0.687
7719.185,31,11,1 L,+0.721
7722.994,31,11,1 L,+0.724
7725.123,31,11,1 L,+0.748
7727.218,31,11,1 L,+0.682
7732.402,31,11,1 L,+0.508
7733.051,31,11,1 L,+0.480
7735.748,31,11,1 L,+0.389
7737.199,31,11,1 L,+0.419
7742.334,31,11,1 L,+0.476
7745.861,31,11,1 L,+0.489
7749.272,31,11,1 L,+0.573
7753.134,31,11,1 L,+0.598
7758.069,31,11,1 L,+0.548
7760.894,31,11,1 L,+0.619
7766.774,31,11,1 L,+0.621
7769.965,31,11,1 L,+0.595
7773.71,31,11,1 L,+0.533
7777.331,31,11,1 L,+0.363
7780.4,31,11,1 L,+0.115
7785.685,31,11,1 L,+0.295
7790.778,31,11,1 L,+0.266
7794.795,31,11,1 L,+0.439
7800.829,31,11,1 L,+0.554
7804.429,31,11,1 L,+0.564
7808.291,31,11,1 L,+0.683
7810.523,31,11,1 L,+0.752
7812.675,31,11,1 L,+0.792
7818.454,31,11,1 L,+1.195
7819.311,31,11,1 L,+1.348
7822.327,31,11,1 L,+1.604
7823.868,31,11,1 L,+1.663
7829.19,31,11,1 L,+2.021
7832.812,31,11,1 L,+2.130
7836.249,31,11,1 L,+2.235
7840.118,31,11,1 L,+2.282
7845.135,31,11,1 L,+2.316
7847.89,31,11,1 L,+2.381
7850.011,31,11,1 L,+2.444
7853.829,31,11,1 L,+2.435
7860.816,31,11,1 L,+2.423
7864.615,31,11,1 L,+2.355
7867.954,31,11,1 L,+2.062
7872.99,31,11,1 L,+1.405
7878.216,31,11,1 L,+1.391
7882.324,31,11,1 L,+1.534
7888.122,31,11,1 L,+1.452
7891.601,31,11,1 L,+1.380
7895.398,31,11,1 L,+1.221
7897.503,31,11,1 L,+1.264
7899.703,31,11,1 L,+1.218
7904.949,31,11,1 L,+1.186
7905.593,31,11,1 L,+1.185
7908.311,31,11,1 L,+1.180
7909.675,31,11,1 L,+1.158
7914.718,31,11,1 L,+1.131
7918.286,31,11,1 L,+1.211
7921.641,31,11,1 L,+1.298
7925.485,31,11,1 L,+1.311
7930.415,31,11,1 L,+1.244
7933.206,31,11,1 L,+1.292
7935.273,31,11,1 L,+1.271
7939.096,31,11,1 L,+1.233
7942.311,31,11,1 L,+1.228
7946.027,31,11,1 L,+1.247
7949.766,31,11,1 L,+1.235
7953.041,31,11,1 L,+1.217
7958.04,31,11,1 L,+1.253
7963.234,31,11,1 L,+1.320
7967.343,31,11,1 L,+1.540
7973.257,31,11,1 L,+1.536
7976.747,31,11,1 L,+1.482
7980.469,31,11,1 L,+1.446
7982.629,31,11,1 L,+1.500
7984.847,31,11,1 L,+1.371
7989.99,31,11,1 L,+1.242
7990.62,31,11,1 L,+1.222
7993.285,31,11,1 L,+1.138
7994.665,31,11,1 L,+1.145
7999.653,31,11,1 L,+1.027
8003.215,31,11,1 L,+1.042
8006.562,31,11,1 L,+1.114
8010.42,31,11,1 L,+1.101
8015.336,31,11,1 L,+1.009
8018.148,31,11,1 L,+1.037
8020.178,31,11,1 L,+1.004
8023.97,31,11,1 L,+0.908
8027.212,31,11,1 L,+0.964
8030.948,31,11,1 L,+1.001
8034.831,31,11,1 L,+1.008
8038.184,31,11,1 L,+0.991
8043.101,31,11,1 L,+1.003
8048.313,31,11,1 L,+0.981
8052.324,31,11,1 L,+1.085
8058.265,31,11,1 L,+1.174
8061.799,31,11,1 L,+1.189
8065.556,31,11,1 L,+1.175
8067.861,31,11,1 L,+1.192
8069.815,31,11,1 L,+1.119
8075.089,31,11,1 L,+1.065
8075.742,31,11,1 L,+1.056
8078.504,31,11,1 L,+1.026
8079.87,31,11,1 L,+0.989
8084.989,31,11,1 L,+1.033
8088.615,31,11,1 L,+1.122
8091.933,31,11,1 L,+1.158
8095.804,31,11,1 L,+1.180
8100.747,31,11,1 L,+1.132
8103.521,31,11,1 L,+1.165
8105.535,31,11,1 L,+1.170
8109.321,31,11,1 L,+1.131
8112.542,31,11,1 L,+1.127
8116.305,31,11,1 L,+1.142
8120.197,31,11,1 L,+1.228
8124.511,31,11,1 L,+2.199
8130.118,31,11,1 L,+2.835
8135.355,31,11,1 L,+2.954
8139.357,31,11,1 L,+2.977
8145.22,31,11,1 L,+3.026
8148.745,31,11,1 L,+3.057
8152.436,31,11,1 L,+3.014
8154.536,31,11,1 L,+3.049
8156.624,31,11,1 L,+2.995
8161.885,31,11,1 L,+2.952
8162.551,31,11,1 L,+2.944
8165.279,31,11,1 L,+2.908
8171.641,31,11,1 L,+2.842
8175.241,31,11,1 L,+2.916
8179.767,31,11,1 L,+4.132
8183.735,31,11,1 L,+4.253
8188.791,31,11,1 L,+4.269
8193.686,31,11,1 L,+4.220
8197.545,31,11,1 L,+4.165
8200.756,31,11,1 L,+4.185
8204.452,31,11,1 L,+4.169
8208.25,31,11,1 L,+4.113
8211.535,31,11,1 L,+3.853
8216.418,31,11,1 L,+3.101
8221.568,31,11,1 L,+3.083
8225.471,31,11,1 L,+2.986
8231.353,31,11,1 L,+2.971
8234.907,31,11,1 L,+2.960
8238.646,31,11,1 L,+2.826
8240.768,31,11,1 L,+2.822
8242.958,31,11,1 L,+2.798
8248.213,31,11,1 L,+2.785
8248.868,31,11,1 L,+2.781
8251.53,31,11,1 L,+2.764
8252.883,31,11,1 L,+2.700
8257.938,31,11,1 L,+2.543
8261.556,31,11,1 L,+2.433
8264.905,31,11,1 L,+1.854
8268.769,31,11,1 L,+1.711
8273.669,31,11,1 L,+1.529
8276.451,31,11,1 L,+1.391
8278.472,31,11,1 L,+1.294
8282.328,31,11,1 L,+1.134
8285.506,31,11,1 L,+1.126
8289.195,31,11,1 L,+1.144
8292.964,31,11,1 L,+1.137
8296.214,31,11,1 L,+1.124
8301.16,31,11,1 L,+1.034
8306.233,31,11,1 L,+0.934
8310.293,31,11,1 L,+1.012
8316.097,31,11,1 L,+1.045
8319.529,31,11,1 L,+0.983
8323.244,31,11,1 L,+0.940
8325.383,31,11,1 L,+0.978
8327.593,31,11,1 L,+0.917
8332.78,31,11,1 L,+0.853
8333.426,31,11,1 L,+0.838
8336.079,31,11,1 L,+0.768
8337.473,31,11,1 L,+0.756
8342.496,31,11,1 L,+0.737
8345.984,31,11,1 L,+0.736
8349.324,31,11,1 L,+0.725
8353.183,31,11,1 L,+0.773
8358.143,31,11,1 L,+0.788
8360.852,31,11,1 L,+0.808
8362.934,31,11,1 L,+0.785
8366.782,31,11,1 L,+0.752
8370.046,31,11,1 L,+0.808
8373.749,31,11,1 L,+0.796
8377.436,31,11,1 L,+0.663
8380.597,31,11,1 L,+0.495
8385.582,31,11,1 L,+0.528
8390.641,31,11,1 L,+0.502
8394.665,31,11,1 L,+0.582
8400.582,31,11,1 L,+0.673
8404.127,31,11,1 L,+0.701
8407.84,31,11,1 L,+0.649
8409.964,31,11,1 L,+0.724
8412.098,31,11,1 L,+0.700
8417.401,31,11,1 L,+0.695
8418.057,31,11,1 L,+0.670
8420.753,31,11,1 L,+0.568
8422.089,31,11,1 L,+0.571
8427.149,31,11,1 L,+0.621
8430.724,31,11,1 L,+0.727
8433.945,31,11,1 L,+0.795
8442.822,31,11,1 L,+0.779
8445.62,31,11,1 L,+0.818
8447.699,31,11,1 L,+0.840
8451.518,31,11,1 L,+0.816
8454.734,31,11,1 L,+0.847
8458.416,31,11,1 L,+0.811
8462.126,31,11,1 L,+0.648
8465.289,31,11,1 L,+0.457
8470.203,31,11,1 L,+0.494
8475.151,31,11,1 L,+0.359
8478.982,31,11,1 L,+0.272
8485.155,31,11,1 L,+0.652
8488.763,31,11,1 L,+0.810
8492.539,31,11,1 L,+0.876
8494.644,31,11,1 L,+0.930
8496.857,31,11,1 L,+0.892
8502.3,31,11,1 L,+1.025
8502.964,31,11,1 L,+1.058
8505.863,31,11,1 L,+1.195
8507.275,31,11,1 L,+1.243
8512.332,31,11,1 L,+1.302
8515.822,31,11,1 L,+1.293
8519.112,31,11,1 L,+1.319
8522.932,31,11,1 L,+1.318
8527.891,31,11,1 L,+1.346
8530.677,31,11,1 L,+1.416
8532.737,31,11,1 L,+1.484
8536.535,31,11,1 L,+1.467
8539.733,31,11,1 L,+1.473
8543.453,31,11,1 L,+1.471
8547.167,31,11,1 L,+1.394
8550.419,31,11,1 L,+1.299
8555.325,31,11,1 L,+1.245
8560.425,31,11,1 L,+1.205
8564.406,31,11,1 L,+1.312
8570.363,31,11,1 L,+1.296
8573.825,31,11,1 L,+1.238
8577.492,31,11,1 L,+1.203
8579.523,31,11,1 L,+1.184
8581.71,31,11,1 L,+1.107
8586.906,31,11,1 L,+1.059
8587.553,31,11,1 L,+1.040
8590.18,31,11,1 L,+0.957
8596.602,31,11,1 L,+0.920
8600.189,31,11,1 L,+1.001
8603.529,31,11,1 L,+1.115
8607.421,31,11,1 L,+1.181
8612.346,31,11,1 L,+1.184
8615.047,31,11,1 L,+1.153
8617.115,31,11,1 L,+1.098
8620.897,31,11,1 L,+1.040
8624.145,31,11,1 L,+1.066
8627.913,31,11,1 L,+1.069
8631.606,31,11,1 L,+1.016
8634.934,31,11,1 L,+0.951
8639.752,31,11,1 L,+0.945
8645.0,31,11,1 L,+1.044
8648.966,31,11,1 L,+1.176
8654.883,31,11,1 L,+1.208
8658.326,31,11,1 L,+1.234
8662.07,31,11,1 L,+1.200
8664.095,31,11,1 L,+1.177
8666.208,31,11,1 L,+1.092
8672.051,31,11,1 L,+1.087
8674.764,31,11,1 L,+1.060
8676.13,31,11,1 L,+1.055
8681.189,31,11,1 L,+1.004
8684.759,31,11,1 L,+1.046
8688.088,31,11,1 L,+1.069
8691.944,31,11,1 L,+1.089
8696.867,31,11,1 L,+1.083
8699.625,31,11,1 L,+1.136
8701.681,31,11,1 L,+1.188
8705.489,31,11,1 L,+1.187
8708.694,31,11,1 L,+1.206
8712.393,31,11,1 L,+1.208
8716.167,31,11,1 L,+1.155
8719.443,31,11,1 L,+1.094
8724.379,31,11,1 L,+1.113
8729.542,31,11,1 L,+1.132
8733.483,31,11,1 L,+1.095
8739.466,31,11,1 L,+1.110
8742.876,31,11,1 L,+1.012
8746.618,31,11,1 L,+0.920
8748.641,31,11,1 L,+0.938
8750.823,31,11,1 L,+0.889
8756.01,31,11,1 L,+0.839
8756.649,31,11,1 L,+0.823
8850.684,31,11,1L,+0.823
12.598,10,14,,
3743.717,10,14,,+0.260
3748.787,10,14,+1.196,+0.306
3751.628,10,15,+1.196,+0.306
3751.883,10,9,+1.196,+0.306
3751.968,10,9,+1.307,+0.170
3757.535,10,10,+1.307,+0.170
3757.699,10,11,+1.307,+0.170
3758.032,10,12,+1.307,+0.170
3758.27,10,9,+1.307,+0.170
3758.354,10,9,+1.962,+0.219
3761.186,10,9,+1.767,+0.296
3764.696,10,8,+1.767,+0.296
3764.783,10,8,+1.883,+0.298
3764.869,10,9,+1.883,+0.298
3769.164,10,9,+2.662,+0.495
3775.052,10,10,+2.662,+0.495
3775.698,10,11,+2.662,+0.495
3775.889,10,12,+2.662,+0.495
3775.987,10,9,+2.662,+0.495
3776.068,10,9,+3.286,+0.363
3778.046,10,9,+3.740,+0.285
3780.0,10,9,+3.770,+0.160
3784.736,10,9,+4.424,+0.308
3788.7,10,9,+4.435,+0.229
3791.827,10,9,+4.340,+0.091
3795.808,10,9,+4.189,+0.145
3798.803,10,9,+3.854,+0.139
3804.528,10,9,+4.507,+0.411
3809.953,10,9,+4.641,+0.452
3814.286,10,9,+4.880,+0.425
3820.172,10,9,+5.172,+0.522
3823.961,10,9,+5.442,+0.579
3827.841,10,9,+5.764,+0.487
3830.101,10,9,+5.875,+0.441
3832.076,10,9,+6.020,+0.528
3837.306,10,9,+6.077,+0.502
3838.023,10,9,+6.051,+0.480
3840.813,10,9,+5.937,+0.447
3842.711,10,9,+6.114,+0.497
3847.719,10,9,+6.481,+0.585
3851.118,10,9,+6.416,+0.461
3854.658,10,9,+6.592,+0.424
3858.655,10,9,+6.798,+0.588
3863.964,10,9,+7.015,+0.571
3866.704,10,9,+7.142,+0.577
3868.776,10,9,+7.092,+0.601
3872.828,10,9,+7.233,+0.639
3876.116,10,9,+7.226,+0.616
3879.849,10,9,+7.182,+0.602
3883.575,10,9,+7.015,+0.579
3886.792,10,9,+6.895,+0.620
3892.181,10,9,+6.722,+0.644
3897.406,10,9,+6.868,+0.611
3901.665,10,9,+6.967,+0.603
3907.514,10,9,+7.031,+0.640
3911.155,10,9,+7.210,+0.537
3915.16,10,9,+7.262,+0.428
3917.438,10,9,+7.332,+0.478
3919.421,10,9,+7.477,+0.546
3924.581,10,9,+7.570,+0.706
3925.306,10,9,+7.560,+0.726
3928.073,10,9,+7.490,+0.834
3929.701,10,9,+7.598,+0.857
3934.724,10,9,+7.856,+0.811
3938.175,10,9,+7.755,+0.662
3941.649,10,9,+7.798,+0.543
3945.671,10,9,+7.911,+0.559
3950.568,10,9,+8.117,+0.480
3953.434,10,9,+8.214,+0.439
3955.532,10,9,+8.308,+0.467
3959.548,10,9,+8.575,+0.480
3962.831,10,9,+8.530,+0.430
3966.524,10,9,+8.339,+0.389
3970.267,10,9,+7.967,+0.349
3973.388,10,9,+7.536,+0.314
3978.775,10,9,+7.740,+0.421
3983.931,10,9,+7.553,+0.355
3988.222,10,9,+7.699,+0.433
3994.042,10,9,+7.806,+0.503
3997.669,10,9,+7.920,+0.564
4001.521,10,9,+8.060,+0.564
4003.868,10,9,+8.087,+0.587
4005.795,10,9,+8.119,+0.607
4010.967,10,9,+8.072,+0.553
4011.654,10,9,+8.038,+0.530
4014.346,10,9,+7.862,+0.435
4015.874,10,9,+7.971,+0.436
4020.982,10,9,+8.232,+0.597
4024.564,10,9,+8.142,+0.665
4027.969,10,9,+8.168,+0.597
4031.849,10,9,+8.279,+0.617
4036.804,10,9,+8.430,+0.535
4039.592,10,9,+8.504,+0.491
4041.719,10,9,+8.476,+0.512
4045.638,10,9,+8.627,+0.581
4048.929,10,9,+8.632,+0.601
4052.629,10,9,+8.581,+0.598
4056.377,10,9,+8.430,+0.622
4059.535,10,9,+8.230,+0.677
4064.782,10,9,+8.514,+0.544
4069.919,10,9,+8.461,+0.558
4073.982,10,9,+8.410,+0.437
4079.854,10,9,+8.560,+0.417
4083.491,10,9,+8.824,+0.425
4087.417,10,9,+9.191,+0.445
4089.547,10,9,+9.316,+0.490
4091.722,10,9,+9.425,+0.538
4096.894,10,9,+9.414,+0.317
4097.519,10,9,+9.379,+0.238
4100.16,10,9,+9.253,+0.117
4101.935,10,9,+9.563,+0.282
4107.004,10,9,+9.912,+0.394
4110.557,10,9,+9.763,+0.232
4114.089,10,9,+9.974,+0.241
4118.046,10,9,+10.303,+0.368
4123.182,10,9,+10.626,+0.311
4126.085,10,9,+10.837,+0.366
4128.166,10,9,+10.838,+0.388
4132.072,10,9,+10.956,+0.423
4135.382,10,9,+10.997,+0.448
4139.063,10,9,+10.946,+0.390
4142.766,10,9,+10.768,+0.255
4145.897,10,9,+10.501,+0.094
4151.172,10,9,+10.892,+0.147
4156.681,10,9,+11.229,+0.180
4160.9,10,9,+11.409,+0.395
4166.901,10,9,+11.693,+0.471
4170.517,10,9,+11.960,+0.539
4174.289,10,9,+12.269,+0.590
4176.476,10,9,+12.359,+0.652
4178.7,10,9,+12.467,+0.761
4183.949,10,9,+12.462,+0.546
4184.579,10,9,+12.438,+0.470
4187.261,10,9,+12.348,+0.222
4188.896,10,9,+12.547,+0.347
4193.979,10,9,+12.850,+0.445
4197.477,10,9,+12.619,+0.220
4200.95,10,9,+12.685,+0.349
4204.829,10,9,+12.932,+0.474
4209.977,10,9,+13.218,+0.498
4212.784,10,9,+13.366,+0.461
4214.947,10,9,+13.375,+0.463
4218.915,10,9,+13.492,+0.588
4222.246,10,9,+13.513,+0.618
4225.871,10,9,+13.472,+0.576
4229.61,10,9,+13.318,+0.469
4232.79,10,9,+13.113,+0.325
4237.972,10,9,+13.333,+0.532
4243.079,10,9,+13.247,+0.447
4247.142,10,9,+13.257,+0.400
4253.051,10,9,+13.187,+0.527
4256.598,10,9,+13.340,+0.573
4260.367,10,9,+13.550,+0.665
4262.593,10,9,+13.548,+0.734
4264.675,10,9,+13.575,+0.831
4269.887,10,9,+13.613,+0.895
4270.551,10,9,+13.605,+0.890
4273.259,10,9,+13.564,+0.855
4274.722,10,9,+13.615,+0.868
4279.627,10,9,+13.687,+0.876
4283.092,10,9,+13.492,+0.650
4286.381,10,9,+13.402,+0.470
4290.249,10,9,+13.637,+0.648
4295.258,10,9,+13.761,+0.567
4298.011,10,9,+13.857,+0.534
4300.118,10,9,+13.806,+0.502
4303.997,10,9,+13.902,+0.621
4307.256,10,9,+13.949,+0.660
4311.04,10,9,+13.915,+0.622
4314.734,10,9,+13.781,+0.529
4317.956,10,9,+13.608,+0.411
4323.144,10,9,+13.855,+0.545
4328.309,10,9,+13.807,+0.487
4332.394,10,9,+13.911,+0.501
4338.247,10,9,+14.124,+0.625
4341.812,10,9,+14.337,+0.737
4345.438,10,9,+14.537,+0.762
4347.607,10,9,+14.530,+0.797
4349.708,10,9,+14.585,+0.900
4354.976,10,9,+14.651,+0.905
4355.646,10,9,+14.650,+0.882
4358.351,10,9,+14.636,+0.782
4359.854,10,9,+14.715,+0.792
4364.735,10,9,+14.346,+0.811
4368.256,10,9,+14.485,+0.637
4371.601,10,9,+14.410,+0.582
4375.434,10,9,+14.393,+0.751
4380.415,10,9,+14.438,+0.660
4383.194,10,9,+14.514,+0.598
4385.272,10,9,+14.488,+0.568
4389.158,10,9,+14.160,+0.651
4392.423,10,9,+14.134,+0.659
4396.122,10,9,+14.071,+0.596
4399.808,10,9,+13.963,+0.494
4403.147,10,9,+13.834,+0.369
4408.412,10,9,+14.103,+0.581
4413.38,10,9,+13.998,+0.558
4417.352,10,9,+13.865,+0.421
4423.231,10,9,+14.031,+0.547
4426.742,10,9,+14.037,+0.660
4430.479,10,9,+13.566,+0.698
4432.629,10,9,+13.543,+0.738
4434.748,10,9,+13.572,+0.821
4439.942,10,9,+14.118,+0.835
4440.591,10,9,+14.051,+0.817
4443.271,10,9,+13.779,+0.696
4444.654,10,9,+13.745,+0.676
4449.689,10,9,+13.444,+0.775
4453.223,10,9,+13.275,+0.657
4456.597,10,9,+13.325,+0.633
4460.435,10,9,+13.165,+0.731
4465.443,10,9,+13.094,+0.696
4468.156,10,9,+13.194,+0.579
4470.313,10,9,+13.291,+0.564
4474.215,10,9,+13.513,+0.636
4477.469,10,9,+13.517,+0.639
4481.188,10,9,+13.400,+0.582
4484.858,10,9,+13.107,+0.463
4488.014,10,9,+12.763,+0.309
4493.211,10,9,+13.054,+0.461
4498.405,10,9,+13.058,+0.389
4502.579,10,9,+13.062,+0.362
4508.458,10,9,+13.357,+0.531
4512.003,10,9,+13.564,+0.561
4515.817,10,9,+13.875,+0.623
4517.966,10,9,+13.865,+0.620
4520.119,10,9,+13.847,+0.643
4525.394,10,9,+13.896,+0.710
4526.039,10,9,+13.890,+0.706
4528.762,10,9,+13.859,+0.672
4530.195,10,9,+13.963,+0.704
4535.341,10,9,+14.328,+0.883
4538.915,10,9,+14.150,+0.801
4542.398,10,9,+14.038,+0.681
4546.129,10,9,+14.296,+0.759
4551.204,10,9,+14.444,+0.680
4554.011,10,9,+14.546,+0.663
4556.171,10,9,+14.550,+0.709
4560.121,10,9,+14.678,+0.840
4563.313,10,9,+14.705,+0.841
4567.061,10,9,+14.678,+0.796
4570.805,10,9,+14.564,+0.726
4574.023,10,9,+14.405,+0.632
4579.17,10,9,+14.728,+0.696
4584.412,10,9,+14.795,+0.613
4588.402,10,9,+14.795,+0.455
4594.545,10,10,+14.795,+0.455
4594.969,10,10,+15.699,+0.371
4598.716,10,10,+16.064,+0.540
4602.505,10,10,+16.390,+0.614
4604.634,10,10,+16.432,+0.575
4606.809,10,10,+16.527,+0.654
4612.071,10,10,+16.592,+0.736
4612.739,10,10,+16.582,+0.738
4615.39,10,10,+16.524,+0.738
4616.791,10,10,+16.563,+0.739
4621.924,10,10,+16.864,+0.978
4625.434,10,10,+16.645,+1.096
4628.743,10,10,+16.541,+1.114
4632.555,10,10,+16.718,+1.066
4637.603,10,10,+16.908,+1.100
4640.391,10,10,+17.009,+1.080
4642.494,10,10,+17.068,+1.037
4646.339,10,10,+17.300,+0.899
4649.591,10,10,+17.359,+0.933
4653.319,10,10,+17.299,+0.909
4657.029,10,10,+17.059,+0.836
4660.199,10,9,+17.059,+0.836
4660.293,10,9,+16.833,+0.813
4665.421,10,9,+17.115,+0.754
4670.665,10,9,+17.208,+0.807
4674.78,10,9,+17.259,+0.706
4680.792,10,9,+17.673,+0.658
4684.562,10,9,+18.166,+0.771
4690.478,10,9,+20.534,+0.784
4693.603,10,9,+21.581,+0.544
4705.116,10,10,+21.581,+0.544
4706.347,10,11,+21.581,+0.544
4713.149,10,12,+21.581,+0.544
4724.033,10,12,+41.304,+0.649
4725.813,10,12,+41.809,+0.670
4732.819,10,12,+40.504,+1.098
4738.299,10,12,+40.265,+1.425
4742.487,10,12,+40.217,+1.509
4746.591,10,12,+40.007,+1.611
4753.155,10,12,+39.536,+1.115
4756.851,10,12,+39.707,+0.896
4759.395,10,12,+39.841,+0.833
4764.678,10,12,+40.631,+0.967
4769.11,10,12,+41.764,+1.147
4775.101,10,12,+40.438,+1.376
4781.394,10,12,+39.848,+1.225
4788.553,10,12,+40.822,+1.465
4795.768,10,12,+39.970,+1.757
4801.687,10,12,+40.238,+1.916
4806.782,10,12,+40.886,+2.079
4813.436,10,12,+41.267,+2.456
4817.278,10,12,+41.286,+2.168
4822.52,10,12,+42.052,+2.607
4825.328,10,12,+42.005,+2.785
4827.715,10,12,+41.876,+2.712
4834.752,10,12,+41.807,+2.712
4835.607,10,11,+41.807,+2.712
4835.628,10,11,+41.669,+2.282
4838.805,10,11,+40.938,+1.435
4840.59,10,11,+40.857,+1.421
4846.935,10,11,+40.926,+1.928
4852.674,10,11,+40.935,+1.676
4856.676,10,11,+39.872,+1.431
4860.819,10,11,+39.807,+1.591
4868.339,10,11,+41.566,+1.295
4872.626,10,11,+41.262,+1.221
4875.806,10,11,+41.203,+1.584
4881.446,10,11,+40.717,+1.340
4885.573,10,11,+41.120,+1.408
4890.516,10,11,+42.050,+1.594
4896.823,10,11,+41.012,+1.725
4906.049,10,11,+44.283,+3.253
4912.851,10,11,+43.116,+2.638
4918.888,10,11,+43.473,+3.012
4923.244,10,11,+43.432,+2.074
4929.201,10,11,+42.984,+1.278
4932.809,10,11,+42.885,+1.347
4936.657,10,11,+41.660,+1.250
4938.719,10,11,+40.266,+1.279
4940.919,10,11,+40.041,+1.333
4946.503,10,11,+38.520,+1.629
4947.258,10,11,+38.125,+1.698
4950.232,10,11,+36.963,+1.936
4951.674,10,11,+36.549,+1.945
4956.71,10,11,+35.655,+2.028
4960.331,10,11,+34.049,+1.941
4963.797,10,11,+32.982,+1.870
4967.574,10,11,+32.503,+1.961
4972.585,10,11,+32.541,+1.940
4975.44,10,11,+32.701,+1.958
4977.646,10,11,+32.861,+2.032
4981.588,10,11,+33.088,+2.148
4984.876,10,11,+33.107,+2.162
4988.611,10,11,+33.044,+2.137
4992.386,10,11,+32.887,+2.102
4995.677,10,11,+32.715,+2.063
5000.772,10,11,+32.878,+2.114
5005.949,10,11,+32.949,+2.076
5009.938,10,11,+32.860,+1.942
5015.693,10,11,+33.023,+2.009
5019.237,10,11,+33.230,+2.009
5022.879,10,11,+33.354,+2.110
5024.974,10,11,+33.326,+2.047
5027.091,10,11,+33.373,+2.051
5032.332,10,11,+33.392,+2.133
5032.977,10,11,+33.384,+2.143
5035.723,10,11,+33.333,+2.155
5037.211,10,11,+33.433,+2.194
5042.189,10,11,+33.668,+2.289
5045.669,10,11,+33.600,+2.196
5049.0,10,11,+33.477,+2.052
5052.67,10,11,+33.566,+2.035
5057.647,10,11,+33.687,+1.769
5060.419,10,11,+33.781,+1.701
5062.587,10,11,+33.776,+1.722
5066.597,10,11,+34.065,+1.956
5069.847,10,11,+34.125,+1.966
5073.551,10,11,+34.094,+1.912
5077.305,10,11,+33.970,+1.822
5080.57,10,11,+33.853,+1.743
5085.628,10,11,+34.017,+1.629
5090.802,10,11,+33.994,+1.535
5094.785,10,11,+33.918,+1.364
5100.502,10,11,+34.061,+1.405
5103.958,10,11,+34.280,+1.440
5107.719,10,11,+34.449,+1.516
5109.759,10,11,+34.435,+1.496
5111.922,10,11,+34.532,+1.571
5117.14,10,11,+34.459,+1.611
5117.83,10,11,+34.442,+1.606
5120.541,10,11,+34.379,+1.569
5121.939,10,11,+34.439,+1.599
5126.858,10,11,+34.584,+1.560
5130.445,10,11,+34.557,+1.438
5133.741,10,11,+34.601,+1.313
5137.448,10,11,+34.692,+1.282
5142.495,10,11,+34.804,+1.155
5145.171,10,11,+34.899,+1.096
5147.29,10,11,+34.890,+1.092
5151.133,10,11,+34.987,+1.124
5154.412,10,11,+35.032,+1.153
5158.149,10,11,+35.020,+1.106
5161.901,10,11,+34.922,+1.026
5165.171,10,11,+34.801,+0.928
5170.17,10,11,+34.944,+0.936
5175.342,10,11,+34.926,+0.891
5179.331,10,11,+34.925,+0.652
5185.163,10,11,+35.106,+0.725
5188.654,10,11,+35.291,+0.733
5192.419,10,11,+35.450,+0.792
5194.487,10,11,+35.507,+0.804
5196.629,10,11,+35.624,+0.869
5202.054,10,11,+35.629,+0.879
5202.501,10,11,+35.621,+0.866
5205.171,10,11,+35.586,+0.794
5206.597,10,11,+35.703,+0.845
5211.529,10,11,+35.544,+0.826
5214.991,10,11,+35.315,+0.642
5218.293,10,11,+35.227,+0.509
5222.059,10,11,+35.259,+0.596
5227.116,10,11,+35.363,+0.567
5229.884,10,11,+35.498,+0.552
5232.039,10,11,+35.597,+0.567
5235.934,10,11,+35.847,+0.673
5239.172,10,11,+35.843,+0.681
5242.875,10,11,+35.764,+0.614
5246.6,10,11,+35.540,+0.481
5249.784,10,11,+35.281,+0.318
5254.922,10,11,+35.568,+0.413
5259.995,10,11,+35.497,+0.268
5263.918,10,11,+35.306,+0.178
5269.999,10,11,+35.758,+0.228
5273.732,10,11,+36.148,+0.463
5277.489,10,11,+36.370,+0.582
5279.556,10,11,+36.409,+0.523
5281.762,10,11,+36.486,+0.564
5287.057,10,11,+36.483,+0.417
5287.716,10,11,+36.468,+0.353
5290.409,10,11,+36.404,+0.224
5291.959,10,11,+36.546,+0.331
5297.056,10,11,+36.806,+0.493
5300.493,10,11,+36.673,+0.202
5303.833,10,11,+36.711,+0.131
5307.726,10,11,+36.992,+0.207
5312.975,10,11,+37.373,+0.261
5315.94,10,11,+37.673,+0.328
5318.059,10,11,+37.788,+0.319
5322.094,10,11,+38.103,+0.453
5325.311,10,11,+38.106,+0.470
5329.028,10,11,+38.023,+0.366
5334.448,10,11,+39.574,+0.429
5343.574,10,11,+45.266,+0.936
5350.402,10,11,+47.325,+0.354
5358.896,10,11,+50.665,+0.397
5363.939,10,11,+51.596,+0.503
5370.22,10,11,+52.272,+0.627
5373.951,10,11,+52.681,+0.800
5377.812,10,11,+52.703,+0.796
5379.869,10,11,+52.571,+0.607
5382.32,10,11,+52.812,+0.456
5388.072,10,11,+48.865,+0.218
5388.918,10,11,+48.091,+0.197
5392.93,10,10,+48.091,+0.197
5393.02,10,10,+48.193,+0.425
5394.764,10,10,+48.064,+0.319
5403.315,10,10,+49.262,+0.906
5407.81,10,10,+49.244,+0.837
5412.031,10,10,+49.607,+0.986
5416.23,10,10,+49.308,+1.115
5423.514,10,10,+50.013,+1.066
5427.4,10,10,+50.763,+1.255
5429.927,10,10,+51.119,+1.054
5434.843,10,10,+51.229,+1.067
5439.092,10,10,+51.602,+0.846
5444.689,10,10,+52.091,+1.083
5450.389,10,10,+51.939,+0.783
5455.666,10,10,+52.312,+0.885
5462.715,10,10,+52.748,+1.622
5469.325,10,10,+52.399,+1.458
5474.751,10,10,+51.408,+1.111
5481.331,10,10,+50.948,+0.731
5485.9,10,10,+51.219,+0.703
5490.268,10,10,+50.586,+0.667
5493.264,10,10,+50.280,+0.441
5495.941,10,10,+49.515,+0.503
5501.244,10,10,+47.608,+0.429
5501.894,10,10,+47.388,+0.436
5504.574,10,10,+46.578,+0.395
5505.926,10,11,+46.578,+0.395
5506.117,10,11,+46.397,+0.044
5511.613,10,11,+45.908,+0.167
5515.094,10,11,+45.078,+0.302
5518.551,10,11,+42.678,+0.433
5522.516,10,11,+42.123,+0.455
5527.605,10,11,+41.474,+0.452
5530.484,10,11,+40.799,+0.440
5532.6,10,11,+40.211,+0.434
5536.545,10,11,+39.735,+0.474
5539.798,10,11,+39.683,+0.461
5543.521,10,11,+39.619,+0.395
5547.188,10,11,+39.502,+0.336
5550.36,10,11,+39.306,+0.224
5555.803,10,11,+39.783,+0.398
5560.959,10,11,+39.744,+0.475
5565.06,10,11,+39.794,+0.684
5571.004,10,11,+40.059,+0.452
5574.631,10,11,+40.421,+0.495
5578.429,10,11,+40.692,+0.529
5580.443,10,11,+40.696,+0.426
5582.956,10,11,+40.777,+0.484
5587.816,10,11,+40.796,+0.356
5588.455,10,11,+40.783,+0.301
5591.125,10,11,+40.750,+0.147
5592.703,10,11,+41.025,+0.323
5597.757,10,11,+41.335,+0.512
5601.254,10,11,+41.183,+0.236
5604.564,10,11,+41.215,+0.096
5608.569,10,10,+41.215,+0.096
5608.651,10,10,+41.768,+1.647
5613.853,10,10,+42.046,+1.988
5616.631,10,10,+42.143,+2.003
5618.713,10,10,+42.082,+1.923
5622.671,10,10,+42.206,+1.987
5625.87,10,10,+42.273,+2.033
5629.658,10,10,+42.271,+1.957
5633.437,10,10,+42.232,+1.759
5636.743,10,10,+42.188,+1.612
5641.749,10,10,+42.389,+1.589
5646.922,10,10,+42.423,+1.608
5650.979,10,10,+42.397,+1.521
5656.728,10,10,+42.481,+1.511
5660.19,10,10,+42.691,+1.608
5663.95,10,10,+42.885,+1.787
5666.023,10,10,+42.895,+1.746
5668.128,10,10,+42.947,+1.765
5673.445,10,10,+43.114,+1.876
5674.143,10,10,+43.139,+1.879
5676.904,10,10,+43.234,+1.870
5678.326,10,10,+43.282,+1.841
5683.156,10,10,+43.364,+1.814
5686.72,10,10,+43.326,+1.784
5689.966,10,10,+43.285,+1.693
5693.671,10,10,+43.352,+1.639
5698.624,10,10,+43.438,+1.784
5701.352,10,10,+43.521,+1.839
5703.551,10,10,+43.531,+1.861
5707.45,10,10,+43.719,+1.993
5710.687,10,10,+43.768,+1.990
5714.425,10,10,+43.768,+1.946
5718.194,10,10,+43.736,+1.837
5721.474,10,10,+43.695,+1.728
5726.467,10,10,+43.974,+1.786
5731.599,10,10,+43.933,+1.701
5735.455,10,10,+43.854,+1.592
5741.338,10,10,+43.922,+1.653
5744.835,10,10,+44.065,+1.736
5748.459,10,10,+44.118,+1.805
5750.551,10,10,+44.131,+1.828
5752.751,10,10,+44.233,+1.946
5758.056,10,10,+44.307,+2.047
5758.718,10,10,+44.309,+2.037
5761.423,10,10,+44.315,+1.973
5762.87,10,10,+44.352,+1.973
5767.769,10,10,+44.433,+1.983
5771.223,10,10,+44.336,+1.836
5774.471,10,10,+44.285,+1.684
5778.184,10,10,+44.364,+1.700
5783.126,10,10,+44.434,+1.838
5785.86,10,10,+44.486,+1.848
5788.015,10,10,+44.466,+1.842
5791.882,10,10,+44.534,+1.923
5795.089,10,10,+44.546,+1.942
5798.819,10,10,+44.554,+1.915
5802.726,10,10,+44.585,+1.823
5805.878,10,10,+44.618,+1.729
5810.844,10,10,+44.855,+1.749
5816.0,10,10,+44.813,+1.764
5819.913,10,10,+44.648,+1.738
5825.723,10,10,+44.763,+1.757
5829.132,10,10,+44.912,+1.851
5832.943,10,10,+45.159,+2.034
5835.082,10,10,+45.175,+2.004
5837.236,10,10,+45.238,+2.095
5842.582,10,10,+45.317,+2.195
5843.236,10,10,+45.332,+2.201
5845.988,10,10,+45.399,+2.204
5847.43,10,10,+45.466,+2.225
5852.357,10,10,+45.589,+2.264
5855.923,10,10,+45.548,+2.179
5859.226,10,10,+45.546,+2.140
5862.958,10,10,+45.614,+2.177
5868.007,10,10,+45.784,+2.390
5870.817,10,10,+45.843,+2.449
5872.943,10,10,+45.802,+2.448
5876.799,10,10,+45.884,+2.512
5879.999,10,10,+45.898,+2.504
5883.723,10,10,+45.894,+2.475
5887.535,10,10,+45.856,+2.397
5890.815,10,10,+45.804,+2.310
5895.777,10,10,+45.916,+2.346
5900.953,10,10,+45.886,+2.333
5904.91,10,10,+45.917,+2.274
5910.755,10,10,+46.051,+2.354
5914.175,10,10,+46.251,+2.432
5917.924,10,10,+46.407,+2.556
5920.067,10,10,+46.453,+2.579
5922.228,10,10,+46.521,+2.700
5927.397,10,10,+46.525,+2.736
5928.071,10,10,+46.524,+2.726
5930.81,10,10,+46.532,+2.670
5932.177,10,10,+46.603,+2.687
5937.151,10,10,+46.678,+2.820
5940.729,10,10,+46.574,+2.795
5944.019,10,10,+46.565,+2.799
5947.726,10,10,+46.626,+2.830
5952.744,10,10,+46.709,+2.945
5955.451,10,10,+46.753,+2.938
5957.544,10,10,+46.702,+2.866
5961.369,10,10,+46.763,+2.897
5964.579,10,10,+46.797,+2.876
5968.334,10,10,+44.584,+2.855
5972.132,10,10,+44.591,+2.795
5975.471,10,10,+44.608,+2.740
5980.414,10,10,+44.733,+2.735
5985.586,10,10,+44.788,+2.743
5989.49,10,10,+44.622,+2.616
5995.27,10,10,+44.727,+2.619
5998.743,10,10,+44.871,+2.694
6002.474,10,10,+44.973,+2.825
6004.58,10,10,+44.933,+2.809
6006.768,10,10,+45.001,+2.892
6011.933,10,10,+45.039,+2.906
6012.588,10,10,+45.039,+2.896
6015.296,10,10,+45.043,+2.844
6016.726,10,10,+45.093,+2.849
6021.643,10,10,+45.095,+2.830
6025.163,10,10,+44.999,+2.757
6028.47,10,10,+45.007,+2.744
6032.256,10,10,+45.155,+2.815
6037.259,10,10,+45.236,+2.959
6040.092,10,10,+45.334,+3.008
6042.221,10,10,+45.362,+3.019
6046.158,10,10,+45.529,+3.206
6049.352,10,10,+45.529,+3.212
6053.122,10,10,+45.521,+3.181
6056.9,10,10,+45.503,+3.079
6060.214,10,10,+45.473,+2.993
6065.132,10,10,+45.488,+2.933
6070.326,10,10,+45.506,+2.944
6074.214,10,10,+45.258,+2.821
6079.975,10,10,+45.375,+2.904
6083.389,10,10,+45.503,+2.905
6087.117,10,10,+45.511,+2.980
6089.218,10,10,+45.516,+2.993
6091.427,10,10,+45.605,+3.093
6096.709,10,10,+45.714,+3.143
6097.393,10,10,+45.725,+3.134
6100.126,10,10,+45.773,+3.068
6101.551,10,10,+45.875,+3.109
6106.532,10,10,+46.002,+3.168
6110.007,10,10,+45.928,+3.030
6113.272,10,10,+45.869,+2.895
6116.998,10,10,+45.957,+2.939
6122.012,10,10,+46.036,+3.024
6124.7,10,10,+46.058,+2.989
6126.733,10,10,+45.968,+2.883
6130.508,10,10,+46.002,+2.925
6133.74,10,10,+45.984,+2.907
6137.493,10,10,+45.971,+2.891
6141.319,10,10,+45.988,+2.860
6144.663,10,10,+45.997,+2.815
6149.568,10,10,+46.125,+2.813
6154.768,10,10,+46.173,+2.846
6158.709,10,10,+46.051,+2.811
6164.505,10,10,+46.166,+2.868
6168.055,10,10,+46.305,+2.961
6171.792,10,10,+46.465,+3.108
6174.134,10,10,+46.464,+3.084
6176.122,10,10,+46.597,+3.222
6181.388,10,10,+46.622,+3.269
6182.116,10,10,+46.626,+3.260
6184.749,10,10,+46.645,+3.200
6186.187,10,10,+46.687,+3.246
6191.147,10,10,+46.070,+3.169
6194.672,10,10,+46.163,+3.087
6197.925,10,10,+46.092,+2.982
6201.676,10,10,+46.186,+3.041
6206.694,10,10,+46.360,+3.166
6209.423,10,10,+46.491,+3.191
6211.476,10,10,+46.613,+3.138
6215.352,10,10,+46.667,+3.221
6218.571,10,10,+46.675,+3.219
6222.344,10,10,+46.738,+3.192
6226.152,10,10,+46.864,+3.129
6229.504,10,10,+46.960,+3.068
6234.485,10,10,+46.862,+3.143
6239.6,10,10,+46.791,+3.172
6243.477,10,10,+46.567,+3.107
6249.288,10,10,+46.674,+3.149
6252.831,10,10,+46.857,+3.229
6256.551,10,10,+46.866,+3.400
6258.661,10,10,+46.789,+3.425
6260.859,10,10,+46.873,+3.558
6266.166,10,10,+47.077,+3.624
6266.854,10,10,+47.114,+3.615
6269.571,10,10,+47.303,+3.570
6270.938,10,10,+47.396,+3.589
6275.961,10,10,+47.686,+3.669
6279.476,10,10,+47.638,+3.590
6282.806,10,10,+47.643,+3.547
6286.555,10,10,+47.708,+3.590
6291.536,10,10,+47.806,+3.723
6294.258,10,10,+47.843,+3.696
6296.346,10,10,+47.878,+3.613
6300.204,10,10,+48.061,+3.643
6303.431,10,10,+48.072,+3.597
6307.192,10,10,+48.004,+3.587
6311.034,10,10,+47.917,+3.583
6314.369,10,10,+47.867,+3.559
6319.337,10,10,+48.044,+3.580
6324.5,10,10,+48.181,+3.591
6328.464,10,10,+48.235,+3.535
6334.258,10,10,+48.324,+3.563
6337.84,10,10,+48.470,+3.621
6341.6,10,10,+48.528,+3.757
6343.64,10,10,+48.460,+3.736
6345.912,10,10,+48.578,+3.899
6351.255,10,10,+48.720,+4.019
6351.941,10,10,+48.724,+4.017
6354.687,10,10,+48.723,+3.991
6356.167,10,10,+48.774,+4.046
6361.218,10,10,+49.091,+4.200
6364.833,10,10,+49.132,+4.139
6368.169,10,10,+49.243,+4.145
6371.929,10,10,+49.350,+4.210
6376.927,10,10,+49.501,+4.328
6379.661,10,10,+49.648,+4.379
6381.839,10,10,+49.759,+4.407
6385.771,10,10,+49.968,+4.539
6388.971,10,10,+50.014,+4.537
6392.711,10,10,+50.001,+4.512
6396.502,10,10,+49.942,+4.461
6399.798,10,10,+49.912,+4.409
6404.738,10,10,+50.092,+4.442
6409.865,10,10,+50.172,+4.479
6413.805,10,10,+50.274,+4.418
6419.556,10,10,+50.342,+4.421
6423.032,10,10,+50.483,+4.506
6426.881,10,10,+50.501,+4.635
6428.953,10,10,+50.530,+4.674
6431.223,10,10,+50.605,+4.795
6436.51,10,10,+50.696,+4.894
6437.183,10,10,+50.694,+4.895
6439.934,10,10,+50.685,+4.890
6441.358,10,10,+50.760,+4.948
6446.367,10,10,+51.004,+5.052
6449.928,10,10,+51.041,+5.003
6453.232,10,10,+51.118,+4.979
6457.059,10,10,+51.253,+5.099
6462.224,10,10,+51.521,+5.323
6464.906,10,10,+51.655,+5.344
6467.035,10,10,+51.756,+5.318
6470.931,10,10,+51.910,+5.437
6474.134,10,10,+51.961,+5.419
6477.856,10,10,+51.961,+5.407
6481.663,10,10,+51.938,+5.375
6485.0,10,10,+51.946,+5.347
6489.975,10,10,+52.137,+5.484
6495.121,10,10,+52.241,+5.480
6499.104,10,10,+52.269,+5.448
6504.876,10,10,+52.431,+5.534
6508.364,10,10,+52.543,+5.601
6512.135,10,10,+52.589,+5.760
6514.182,10,10,+52.512,+5.786
6516.415,10,10,+52.588,+5.861
6521.771,10,10,+52.788,+5.994
6522.459,10,10,+52.818,+6.013
6525.245,10,10,+52.929,+6.070
6526.681,10,10,+52.979,+6.114
6531.745,10,10,+53.318,+6.358
6535.317,10,10,+53.366,+6.367
6538.629,10,10,+53.349,+6.380
6542.416,10,10,+53.400,+6.451
6547.402,10,10,+53.598,+6.629
6550.175,10,10,+53.721,+6.671
6552.301,10,10,+53.820,+6.649
6556.176,10,10,+53.948,+6.720
6559.403,10,10,+53.975,+6.752
6563.136,10,10,+53.988,+6.756
6566.964,10,10,+53.995,+6.734
6570.302,10,10,+54.056,+6.708
6575.221,10,10,+53.796,+6.756
6580.41,10,10,+53.923,+6.790
6584.359,10,10,+54.003,+6.796
6590.193,10,10,+54.150,+6.906
6593.744,10,10,+54.283,+6.996
6597.389,10,10,+54.307,+7.129
6599.521,10,10,+54.302,+7.117
6601.708,10,10,+54.392,+7.193
6606.983,10,10,+54.485,+7.239
6607.73,10,10,+54.480,+7.237
6610.39,10,10,+54.462,+7.228
6611.776,10,10,+54.535,+7.260
6616.822,10,10,+54.855,+7.364
6620.358,10,10,+54.866,+7.330
6623.657,10,10,+54.841,+7.282
6627.459,10,10,+54.878,+7.289
6632.558,10,10,+55.105,+7.416
6635.361,10,10,+55.293,+7.485
6637.518,10,10,+55.431,+7.511
6641.425,10,10,+55.666,+7.529
6644.677,10,10,+55.757,+7.545
6648.448,10,10,+55.777,+7.573
6652.277,10,10,+55.772,+7.601
6655.643,10,10,+55.766,+7.618
6660.728,10,10,+55.996,+7.714
6665.87,10,10,+56.056,+7.712
6669.84,10,10,+55.995,+7.671
6675.657,10,10,+56.124,+7.687
6681.305,10,10,+58.471,+9.879
6685.959,10,10,+59.168,+10.892
6688.372,10,10,+59.279,+11.025
6691.132,10,10,+59.979,+11.025
6699.142,10,10,+62.791,+11.025
6699.904,10,9,+62.791,+11.025
6699.963,10,9,+62.918,+12.301
6702.938,10,9,+63.171,+11.905
6704.697,10,9,+63.468,+11.834
6713.743,10,9,+67.822,+15.017
6717.937,10,9,+68.518,+14.940
6721.604,10,9,+68.925,+14.868
6725.469,10,9,+69.072,+14.765
6730.499,10,9,+69.209,+12.100
6733.257,10,9,+69.361,+11.795
6735.361,10,9,+69.367,+11.389
6739.235,10,9,+69.485,+10.806
6742.471,10,9,+69.559,+10.796
6746.211,10,9,+69.515,+10.842
6750.162,10,9,+65.231,+10.956
6753.513,10,9,+62.602,+11.052
6758.582,10,9,+60.288,+11.090
6763.749,10,9,+60.162,+11.088
6767.73,10,9,+59.895,+11.082
6773.553,10,9,+58.022,+10.989
6777.07,10,9,+57.570,+11.127
6780.9,10,9,+57.266,+11.144
6782.965,10,9,+56.386,+26.985
6785.24,10,9,+56.351,+26.985
6790.484,10,9,+56.551,+26.985
6791.168,10,9,+56.570,+11.235
6793.919,10,9,+56.637,+9.608
6795.311,10,9,+56.668,+9.334
6800.319,10,9,+56.902,+8.236
6803.833,10,9,+56.891,+8.176
6807.186,10,9,+56.865,+8.217
6810.993,10,9,+57.002,+8.191
6816.089,10,9,+57.195,+8.201
6818.801,10,9,+57.338,+8.151
6820.891,10,9,+57.330,+8.123
6824.72,10,9,+57.382,+8.109
6827.914,10,9,+57.402,+8.114
6831.625,10,9,+57.415,+8.157
6835.499,10,9,+57.425,+8.217
6838.832,10,9,+57.416,+8.254
6843.788,10,9,+57.682,+8.209
6848.939,10,9,+57.781,+8.138
6852.819,10,9,+57.741,+8.062
6858.659,10,9,+57.992,+8.255
6862.191,10,9,+58.221,+8.238
6865.912,10,9,+58.217,+8.370
6868.051,10,9,+58.286,+8.416
6870.29,10,9,+58.446,+8.497
6875.541,10,9,+58.587,+8.632
6876.271,10,9,+58.582,+8.632
6878.89,10,9,+58.541,+8.620
6880.3,10,9,+58.595,+8.631
6885.255,10,9,+58.881,+8.783
6888.774,10,9,+58.891,+8.796
6892.072,10,9,+58.937,+8.920
6895.883,10,9,+59.085,+9.006
6900.886,10,9,+59.259,+9.258
6903.641,10,9,+59.389,+9.281
6905.777,10,9,+59.406,+9.260
6909.615,10,9,+59.509,+9.283
6912.879,10,9,+59.601,+9.353
6916.573,10,9,+59.608,+9.359
6920.353,10,9,+59.573,+9.329
6923.657,10,9,+59.524,+9.299
6928.806,10,9,+59.937,+9.603
6933.922,10,9,+60.044,+9.647
6937.936,10,9,+60.163,+9.831
6943.775,10,9,+60.421,+10.038
6947.35,10,9,+60.732,+10.092
6951.038,10,9,+60.791,+10.220
6953.235,10,9,+60.790,+10.201
6955.416,10,9,+60.897,+10.258
6960.724,10,9,+61.024,+10.464
6961.38,10,9,+61.030,+10.485
6964.14,10,9,+61.045,+10.566
6965.609,10,9,+61.138,+10.612
6970.587,10,9,+61.401,+10.811
6974.111,10,9,+61.446,+10.874
6977.511,10,9,+61.572,+11.014
6981.365,10,9,+61.745,+11.163
6986.4,10,9,+61.921,+11.307
6989.165,10,9,+62.028,+11.284
6991.196,10,9,+62.000,+11.243
6995.011,10,9,+62.076,+11.226
6998.304,10,9,+62.213,+11.336
7002.102,10,9,+62.271,+11.410
7005.899,10,9,+62.270,+11.489
7009.235,10,9,+62.257,+11.589
7014.464,10,9,+62.776,+12.066
7019.679,10,9,+62.938,+12.189
7023.56,10,10,+62.938,+12.189
7023.764,10,10,+63.080,+0.108
7029.84,10,10,+63.648,+0.267
7033.549,10,10,+64.060,+0.380
7037.468,10,10,+64.226,+0.454
7039.696,10,10,+64.256,+0.462
7041.792,10,10,+64.385,+0.548
7047.065,10,10,+64.532,+0.377
7047.71,10,10,+64.524,+0.313
7050.38,10,10,+64.478,+0.222
7051.96,10,10,+64.676,+0.416
7057.043,10,10,+65.039,+0.441
7060.485,10,10,+64.971,+0.203
7063.846,10,10,+65.062,+0.277
7067.833,10,10,+65.320,+0.470
7072.963,10,10,+65.628,+0.655
7075.786,10,10,+65.821,+0.659
7077.914,10,10,+65.871,+0.580
7081.938,10,10,+66.081,+0.519
7085.127,10,10,+66.139,+0.522
7088.778,10,10,+66.099,+0.388
7092.479,10,10,+65.943,+0.125
7095.632,10,9,+65.943,+0.125
7095.686,10,10,+65.943,+0.125
7095.721,10,10,+65.847,+0.125
7100.711,10,9,+65.847,+0.125
7100.752,10,9,+66.190,+14.026
7106.056,10,9,+66.502,+14.213
7110.136,10,9,+66.637,+14.319
7116.204,10,9,+67.135,+14.562
7119.72,10,9,+67.395,+14.742
7123.496,10,9,+67.444,+14.748
7125.699,10,9,+67.436,+14.728
7127.864,10,9,+67.541,+14.720
7133.13,10,9,+67.740,+14.752
7133.804,10,9,+67.755,+14.763
7136.558,10,9,+67.813,+14.825
7137.947,10,9,+67.897,+14.819
7143.122,10,9,+68.317,+14.947
7146.655,10,9,+68.389,+14.965
7149.968,10,9,+68.434,+14.967
7153.771,10,9,+68.540,+14.965
7158.79,10,9,+68.692,+15.015
7161.518,10,9,+68.789,+15.012
7163.579,10,9,+68.774,+15.008
7167.481,10,9,+68.927,+15.009
7170.726,10,9,+68.995,+14.987
7174.392,10,9,+69.021,+15.020
7178.234,10,9,+69.054,+15.171
7181.598,10,9,+69.089,+15.362
7186.555,10,9,+69.364,+15.411
7191.743,10,9,+69.483,+15.382
7195.642,10,9,+69.519,+15.203
7201.46,10,9,+69.747,+15.080
7205.02,10,9,+70.011,+15.127
7208.722,10,9,+70.001,+15.279
7210.838,10,9,+69.940,+15.180
7213.062,10,9,+70.049,+15.286
7218.387,10,9,+70.259,+15.201
7219.114,10,9,+70.282,+15.272
7221.682,10,10,+70.282,+15.272
7221.856,10,10,+70.368,+0.114
7223.381,10,10,+70.578,+0.323
7228.593,10,10,+71.066,+0.563
7232.129,10,10,+71.093,+0.427
7235.582,10,10,+71.243,+0.472
7239.5,10,10,+71.422,+0.733
7244.611,10,10,+71.699,+1.022
7247.4,10,10,+71.846,+1.092
7249.474,10,10,+71.860,+1.076
7253.337,10,10,+72.015,+1.203
7256.559,10,10,+72.061,+1.199
7260.267,10,10,+72.081,+1.011
7264.033,10,10,+72.050,+0.647
7267.309,10,10,+71.973,+0.353
7272.46,10,10,+72.481,+0.604
7277.599,10,10,+72.560,+0.632
7281.539,10,10,+72.636,+0.587
7287.492,10,10,+72.939,+0.808
7291.113,10,10,+73.172,+1.037
7294.919,10,10,+73.255,+1.197
7297.059,10,10,+73.254,+1.218
7299.258,10,10,+73.342,+1.330
7304.519,10,10,+73.493,+1.314
7305.205,10,10,+73.499,+1.280
7307.915,10,10,+73.518,+1.132
7309.285,10,10,+73.603,+1.160
7314.338,10,10,+73.874,+1.329
7317.831,10,10,+73.883,+1.181
7321.188,10,10,+73.903,+1.090
7324.991,10,10,+73.985,+1.209
7329.986,10,10,+74.154,+1.365
7332.756,10,10,+74.299,+1.408
7334.9,10,10,+74.360,+1.386
7338.783,10,10,+74.541,+1.496
7342.007,10,10,+74.596,+1.524
7345.72,10,10,+74.634,+1.479
7349.53,10,10,+74.637,+1.320
7352.791,10,10,+74.632,+1.167
7357.816,10,10,+74.876,+1.253
7362.992,10,10,+75.073,+1.313
7366.887,10,10,+75.030,+1.235
7372.908,10,10,+75.289,+1.532
7376.406,10,10,+75.492,+1.763
7380.236,10,10,+75.553,+2.017
7382.368,10,10,+75.488,+1.978
7384.586,10,10,+75.586,+2.126
7389.85,10,10,+75.733,+2.144
7390.575,10,10,+75.745,+2.129
7393.236,10,10,+75.797,+2.049
7394.559,10,10,+75.761,+2.011
7399.602,10,10,+76.043,+2.294
7403.122,10,10,+76.052,+2.185
7406.33,10,10,+75.929,+2.049
7410.135,10,10,+75.921,+2.186
7415.157,10,10,+76.085,+2.407
7417.88,10,10,+76.216,+2.469
7419.97,10,10,+76.209,+2.418
7423.775,10,10,+76.304,+2.521
7426.997,10,10,+76.346,+2.540
7430.743,10,10,+76.377,+2.519
7434.551,10,10,+76.415,+2.450
7437.873,10,10,+76.442,+2.369
7442.863,10,10,+76.656,+2.513
7448.0,10,10,+76.822,+2.523
7451.905,10,10,+76.797,+2.445
7457.812,10,10,+77.049,+2.622
7461.402,10,10,+77.291,+2.815
7465.163,10,10,+77.369,+2.976
7467.221,10,10,+77.295,+2.951
7469.408,10,10,+77.361,+3.096
7474.727,10,10,+77.557,+3.209
7475.404,10,10,+77.570,+3.205
7478.154,10,10,+77.608,+3.175
7479.592,10,10,+77.697,+3.253
7484.575,10,10,+78.017,+3.499
7488.119,10,10,+78.082,+3.445
7491.426,10,10,+78.097,+3.405
7495.232,10,10,+78.206,+3.561
7500.217,10,10,+78.334,+3.735
7502.942,10,10,+78.445,+3.770
7505.072,10,10,+78.477,+3.752
7509.013,10,10,+78.676,+3.979
7512.212,10,10,+78.753,+4.022
7515.926,10,10,+78.785,+3.993
7519.721,10,10,+78.800,+3.899
7523.022,10,10,+78.801,+3.788
7527.944,10,10,+79.006,+3.871
7533.085,10,10,+79.172,+3.860
7537.052,10,10,+79.119,+3.820
7542.852,10,10,+79.251,+4.006
7546.401,10,10,+79.427,+4.148
7550.061,10,10,+79.444,+4.298
7552.17,10,10,+79.387,+4.259
7554.338,10,10,+79.395,+4.369
7559.691,10,10,+79.620,+4.525
7560.384,10,10,+79.654,+4.539
7563.166,10,10,+79.780,+4.558
7564.584,10,10,+79.868,+4.604
7569.586,10,10,+80.155,+4.783
7573.123,10,10,+80.217,+4.739
7576.447,10,10,+80.200,+4.699
7580.26,10,10,+80.249,+4.817
7585.199,10,10,+80.350,+4.950
7587.923,10,10,+80.448,+4.973
7590.008,10,10,+80.479,+4.959
7593.872,10,10,+80.614,+5.092
7597.089,10,10,+80.686,+5.111
7600.815,10,10,+80.715,+5.096
7604.625,10,10,+80.739,+5.052
7607.944,10,10,+80.784,+5.009
7612.953,10,10,+81.022,+5.131
7618.063,10,10,+81.104,+5.128
7622.088,10,10,+81.166,+5.176
7627.91,10,10,+81.386,+5.307
7631.427,10,10,+81.587,+5.442
7635.156,10,10,+81.581,+5.607
7637.337,10,10,+81.540,+5.607
7639.501,10,10,+81.638,+5.728
7644.737,10,10,+81.814,+5.833
7645.425,10,10,+81.826,+5.831
7648.145,10,10,+81.879,+5.812
7649.54,10,10,+81.917,+5.866
7654.529,10,10,+82.149,+6.045
7658.111,10,10,+82.209,+6.031
7661.424,10,10,+82.237,+6.079
7665.47,10,10,+82.421,+6.402
7670.728,10,10,+82.862,+6.893
7673.558,10,10,+83.098,+7.061
7675.732,10,10,+83.148,+7.071
7679.672,10,10,+83.417,+7.340
7682.908,10,10,+83.503,+7.385
7686.687,10,10,+83.558,+7.418
7690.77,10,10,+83.869,+7.641
7694.365,10,10,1 L,+7.880
7699.602,10,10,1 L,+8.370
7704.875,10,10,1 L,+8.566
7709.002,10,10,1 L,+8.816
7714.916,10,10,1 L,+8.990
7718.467,10,10,1 L,+9.215
7722.221,10,10,1 L,+9.354
7724.407,10,10,1 L,+9.403
7726.545,10,10,1 L,+9.580
7731.886,10,10,1 L,+9.741
7732.63,10,10,1 L,+9.749
7735.347,10,10,1 L,+9.757
7736.754,10,10,1 L,+9.841
7741.821,10,10,1 L,+10.075
7745.375,10,10,1 L,+10.042
7748.703,10,10,1 L,+10.040
7752.541,10,10,1 L,+10.183
7757.559,10,10,1 L,+10.364
7760.238,10,10,1 L,+10.409
7762.337,10,10,1 L,+10.406
7766.14,10,10,1 L,+10.536
7769.41,10,10,1 L,+10.587
7773.115,10,10,1 L,+10.627
7776.962,10,10,1 L,+10.607
7780.29,10,10,1 L,+10.552
7785.363,10,10,1 L,+10.839
7790.521,10,10,1 L,+10.827
7794.331,10,10,1 L,+10.770
7800.283,10,10,1 L,+11.028
7803.905,10,10,1 L,+11.253
7807.564,10,10,1 L,+11.423
7809.647,10,10,1 L,+11.451
7811.883,10,10,1 L,+11.590
7817.246,10,10,1 L,+11.738
7817.947,10,10,1 L,+11.756
7820.739,10,10,1 L,+11.804
7822.187,10,10,1 L,+11.878
7827.156,10,10,1 L,+12.010
7830.675,10,10,1 L,+11.953
7834.015,10,10,1 L,+11.966
7837.812,10,10,1 L,+12.112
7842.816,10,10,1 L,+12.302
7845.526,10,10,1 L,+12.330
7847.579,10,10,1 L,+12.266
7851.366,10,10,1 L,+12.341
7854.632,10,10,1 L,+12.395
7858.397,10,10,1 L,+12.430
7862.303,10,10,1 L,+12.463
7865.865,10,10,1 L,+12.687
7871.547,10,10,1 L,+13.518
7876.816,10,10,1 L,+13.655
7880.783,10,10,1 L,+13.675
7886.67,10,10,1 L,+13.840
7890.266,10,10,1 L,+14.025
7894.097,10,10,1 L,+14.160
7896.319,10,10,1 L,+14.091
7898.483,10,10,1 L,+14.221
7903.764,10,10,1 L,+14.286
7904.443,10,10,1 L,+14.277
7907.122,10,10,1 L,+14.229
7908.52,10,10,1 L,+14.240
7913.578,10,10,1 L,+13.742
7917.098,10,10,1 L,+13.617
7920.372,10,10,1 L,+13.550
7924.162,10,10,1 L,+13.679
7929.172,10,10,1 L,+13.828
7931.914,10,10,1 L,+13.836
7933.991,10,10,1 L,+13.819
7937.85,10,10,1 L,+13.905
7941.073,10,10,1 L,+13.914
7944.752,10,10,1 L,+13.862
7948.553,10,10,1 L,+13.800
7951.838,10,10,1 L,+13.731
7956.742,10,10,1 L,+13.771
7961.963,10,10,1 L,+13.709
7965.802,10,10,1 L,+13.523
7971.727,10,10,1 L,+13.719
7975.217,10,10,1 L,+13.867
7979.039,10,10,1 L,+14.024
7981.13,10,10,1 L,+13.985
7983.405,10,10,1 L,+14.122
7988.718,10,10,1 L,+14.247
7989.425,10,10,1 L,+14.251
7992.172,10,10,1 L,+14.243
7993.524,10,10,1 L,+14.293
7998.595,10,10,1 L,+14.544
8002.227,10,10,1 L,+14.549
8005.425,10,10,1 L,+14.525
8009.321,10,10,1 L,+14.663
8014.332,10,10,1 L,+14.787
8017.066,10,10,1 L,+14.822
8019.179,10,10,1 L,+14.802
8023.065,10,10,1 L,+14.932
8029.966,10,10,1 L,+14.930
8033.811,10,10,1 L,+14.920
8037.166,10,10,1 L,+14.891
8042.108,10,10,1 L,+14.630
8047.324,10,10,1 L,+14.711
8051.192,10,10,1 L,+14.533
8057.095,10,10,1 L,+14.576
8060.64,10,10,1 L,+14.530
8064.359,10,10,1 L,+14.543
8066.533,10,10,1 L,+14.507
8068.724,10,10,1 L,+14.544
8074.006,10,10,1 L,+14.622
8074.708,10,10,1 L,+14.643
8077.462,10,10,1 L,+14.739
8078.847,10,10,1 L,+14.798
8083.97,10,10,1 L,+14.925
8087.48,10,10,1 L,+14.923
8090.83,10,10,1 L,+14.908
8094.618,10,10,1 L,+14.984
8099.589,10,10,1 L,+15.005
8102.322,10,10,1 L,+14.980
8104.405,10,10,1 L,+14.931
8108.173,10,10,1 L,+15.051
8111.433,10,10,1 L,+15.042
8115.155,10,10,1 L,+15.027
8118.974,10,10,1 L,+15.026
8122.326,10,10,1 L,+15.030
8127.257,10,10,1 L,+15.078
8132.425,10,10,1 L,+15.004
8136.363,10,10,1 L,+15.000
8142.191,10,10,1 L,+15.025
8145.731,10,10,1 L,+15.104
8149.393,10,10,1 L,+15.102
8151.471,10,10,1 L,+15.072
8153.629,10,10,1 L,+15.149
8158.941,10,10,1 L,+15.236
8159.617,10,10,1 L,+15.246
8162.419,10,10,1 L,+15.273
8163.747,10,10,1 L,+15.320
8168.78,10,10,1 L,+15.354
8172.313,10,10,1 L,+15.306
8175.632,10,10,1 L,+15.338
8179.496,10,10,1 L,+15.402
8184.549,10,10,1 L,+15.582
8187.304,10,10,1 L,+15.642
8189.464,10,10,1 L,+15.628
8193.353,10,10,1 L,+15.716
8196.579,10,10,1 L,+15.636
8200.301,10,10,1 L,+15.543
8204.115,10,10,1 L,+15.438
8207.683,10,10,1 L,+15.495
8213.316,10,10,1 L,+15.756
8218.46,10,10,1 L,+15.754
8222.509,10,10,1 L,+15.764
8228.38,10,10,1 L,+15.762
8232.013,10,10,1 L,+15.928
8235.771,10,10,1 L,+16.041
8237.975,10,10,1 L,+16.037
8240.181,10,10,1 L,+16.067
8245.429,10,10,1 L,+16.077
8246.095,10,10,1 L,+16.071
8248.77,10,10,1 L,+16.048
8250.188,10,10,1 L,+16.135
8255.436,10,10,1 L,+16.379
8259.115,10,10,1 L,+16.559
8263.066,10,10,1 L,+17.177
8267.071,10,10,1 L,+17.473
8272.153,10,10,1 L,+17.670
8275.002,10,10,1 L,+17.791
8277.17,10,10,1 L,+17.813
8281.162,10,10,1 L,+17.961
8284.377,10,10,1 L,+17.938
8288.059,10,10,1 L,+17.907
8291.814,10,10,1 L,+17.839
8295.079,10,10,1 L,+17.757
8300.147,10,10,1 L,+17.833
8305.27,10,10,1 L,+17.876
8315.036,10,10,1 L,+17.959
8318.61,10,10,1 L,+18.077
8322.326,10,10,1 L,+18.175
8324.419,10,10,1 L,+18.155
8326.664,10,10,1 L,+18.230
8331.939,10,10,1 L,+18.246
8332.615,10,10,1 L,+18.239
8335.306,10,10,1 L,+18.205
8336.739,10,10,1 L,+18.233
8341.728,10,10,1 L,+18.318
8345.262,10,10,1 L,+18.279
8348.591,10,10,1 L,+18.318
8352.416,10,10,1 L,+18.407
8357.334,10,10,1 L,+18.423
8360.048,10,10,1 L,+18.420
8362.153,10,10,1 L,+18.388
8366.041,10,10,1 L,+18.445
8369.243,10,10,1 L,+18.437
8372.965,10,10,1 L,+18.429
8376.776,10,10,1 L,+18.431
8380.124,10,10,1 L,+18.415
8385.035,10,10,1 L,+18.390
8390.147,10,10,1 L,+18.311
8394.081,10,10,1 L,+17.397
8399.892,10,10,1 L,+17.198
8403.425,10,10,1 L,+17.154
8407.202,10,10,1 L,+17.103
8409.283,10,10,1 L,+16.933
8411.429,10,10,1 L,+16.885
8416.71,10,10,1 L,+16.945
8417.389,10,10,1 L,+16.966
8420.151,10,10,1 L,+17.057
8421.558,10,10,1 L,+17.105
8426.526,10,10,1 L,+17.043
8429.973,10,10,1 L,+16.920
8433.178,10,10,1 L,+16.781
8437.052,10,10,1 L,+16.912
8442.059,10,10,1 L,+16.969
8444.8,10,10,1 L,+16.951
8446.862,10,10,1 L,+16.907
8450.74,10,10,1 L,+16.964
8453.882,10,10,1 L,+16.935
8457.611,10,10,1 L,+16.968
8461.482,10,10,1 L,+17.056
8464.827,10,10,1 L,+17.138
8469.761,10,10,1 L,+17.002
8474.773,10,10,1 L,+16.881
8478.647,10,10,1 L,+16.745
8484.474,10,10,1 L,+16.663
8487.948,10,10,1 L,+16.699
8491.608,10,10,1 L,+16.570
8493.765,10,10,1 L,+16.569
8495.93,10,10,1 L,+16.638
8501.242,10,10,1 L,+16.870
8501.965,10,10,1 L,+16.938
8504.66,10,10,1 L,+17.192
8506.064,10,10,1 L,+17.085
8511.031,10,10,1 L,+16.759
8514.528,10,10,1 L,+16.697
8517.812,10,10,1 L,+16.641
8521.626,10,10,1 L,+16.633
8526.537,10,10,1 L,+16.581
8529.216,10,10,1 L,+16.512
8531.251,10,10,1 L,+16.454
8535.062,10,10,1 L,+16.436
8538.245,10,10,1 L,+16.404
8542.113,10,10,1 L,+16.356
8545.774,10,10,1 L,+16.311
8549.124,10,10,1 L,+16.319
8554.051,10,10,1 L,+16.291
8559.2,10,10,1 L,+16.237
8563.138,10,10,1 L,+16.125
8569.046,10,10,1 L,+16.181
8572.512,10,10,1 L,+16.230
8576.261,10,10,1 L,+16.194
8578.366,10,10,1 L,+16.135
8580.592,10,10,1 L,+16.212
8585.852,10,10,1 L,+16.256
8586.525,10,10,1 L,+16.265
8589.229,10,10,1 L,+16.310
8590.573,10,10,1 L,+16.314
8595.652,10,10,1 L,+16.325
8599.172,10,10,1 L,+16.249
8602.417,10,10,1 L,+16.143
8606.214,10,10,1 L,+16.197
8611.161,10,10,1 L,+16.253
8613.886,10,10,1 L,+16.250
8616.022,10,10,1 L,+16.273
8619.853,10,10,1 L,+16.398
8623.054,10,10,1 L,+16.358
8626.783,10,10,1 L,+16.326
8630.6,10,10,1 L,+16.297
8633.943,10,10,1 L,+16.313
8638.817,10,10,1 L,+16.296
8643.926,10,10,1 L,+16.216
8647.779,10,10,1 L,+16.108
8653.648,10,10,1 L,+16.076
8657.125,10,10,1 L,+16.129
8660.801,10,10,1 L,+16.096
8663.082,10,10,1 L,+16.110
8665.147,10,10,1 L,+16.193
8670.326,10,10,1 L,+16.228
8671.005,10,10,1 L,+16.236
8673.702,10,10,1 L,+16.281
8675.07,10,10,1 L,+16.318
8680.157,10,10,1 L,+16.422
8683.721,10,10,1 L,+16.669
8687.035,10,10,1 L,+16.743
8690.882,10,10,1 L,+16.785
8695.786,10,10,1 L,+16.659
8698.466,10,10,1 L,+16.617
8700.49,10,10,1 L,+16.542
8704.293,10,10,1 L,+16.515
8707.478,10,10,1 L,+16.477
8711.214,10,10,1 L,+16.378
8714.988,10,10,1 L,+16.256
8718.354,10,10,1 L,+16.223
8723.259,10,10,1 L,+16.207
8728.396,10,10,1 L,+16.169
8732.401,10,10,1 L,+16.161
8738.366,10,10,1 L,+16.268
8741.917,10,10,1 L,+16.329
8745.625,10,10,1 L,+16.318
8747.733,10,10,1 L,+16.216
8749.89,10,10,1 L,+16.252
8755.173,10,10,1 L,+16.254
8755.846,10,10,1 L,+16.252
8850.684,10,10,1L,+16.252
12.598,23,15,,
3744.256,23,15,,+0.487
3749.007,23,15,+1.423,+0.227
3751.628,23,16,+1.423,+0.227
3752.304,23,10,+1.423,+0.227
3752.392,23,10,+1.589,+0.282
3757.535,23,8,+1.589,+0.282
3757.614,23,8,+2.376,+0.806
3757.688,23,9,+2.376,+0.806
3758.27,23,10,+2.376,+0.806
3761.107,23,11,+2.376,+0.806
3761.184,23,12,+2.376,+0.806
3761.769,23,12,+2.232,+0.052
3765.159,23,11,+2.232,+0.052
3765.244,23,11,+2.350,+0.180
3766.073,23,12,+2.350,+0.180
3769.916,23,12,+3.198,+0.312
3775.698,23,13,+3.198,+0.312
3775.889,23,14,+3.198,+0.312
3776.189,23,15,+3.198,+0.312
3776.444,23,12,+3.198,+0.312
3776.53,23,12,+3.873,+0.275
3778.813,23,12,+4.440,+0.170
3780.844,23,12,+4.620,+0.186
3785.892,23,12,+5.377,+0.228
3789.439,23,13,+5.377,+0.228
3790.206,23,12,+5.377,+0.228
3790.292,23,12,+5.520,+0.259
3792.945,23,12,+5.511,+0.282
3796.708,23,12,+5.292,+0.257
3799.948,23,12,+5.033,+0.245
3805.629,23,12,+5.568,+0.396
3810.902,23,12,+5.601,+0.363
3815.225,23,12,+5.893,+0.399
3821.456,23,12,+6.334,+0.390
3825.861,23,12,+6.640,+0.513
3829.259,23,12,+7.103,+0.374
3831.452,23,12,+7.256,+0.413
3833.441,23,12,+7.411,+0.494
3838.709,23,12,+7.481,+0.612
3839.359,23,12,+7.447,+0.621
3842.205,23,12,+7.325,+0.728
3844.043,23,12,+7.488,+0.772
3849.133,23,12,+7.849,+0.671
3852.524,23,12,+7.810,+0.567
3856.082,23,12,+7.983,+0.533
3860.038,23,12,+8.178,+0.539
3865.364,23,12,+8.407,+0.671
3868.108,23,12,+8.543,+0.656
3870.203,23,12,+8.505,+0.680
3874.232,23,12,+8.645,+0.618
3877.692,23,12,+8.677,+0.629
3881.311,23,12,+8.657,+0.601
3885.125,23,12,+8.548,+0.522
3888.388,23,12,+8.461,+0.418
3893.873,23,12,+8.393,+0.428
3899.112,23,12,+8.537,+0.334
3904.106,23,12,+8.689,+0.315
3909.416,23,12,+8.748,+0.446
3912.977,23,12,+8.917,+0.565
3916.944,23,12,+9.113,+0.656
3919.228,23,12,+9.125,+0.673
3921.359,23,12,+9.227,+0.697
3926.447,23,12,+9.431,+0.829
3927.16,23,13,+9.431,+0.829
3927.267,23,13,+9.455,+0.070
3930.074,23,13,+9.507,+0.296
3931.977,23,13,+9.673,+0.373
3937.022,23,13,+10.130,+0.471
3940.49,23,13,+10.091,+0.381
3944.145,23,13,+10.262,+0.288
3948.133,23,13,+10.519,+0.520
3953.204,23,13,+10.745,+0.548
3956.124,23,13,+10.912,+0.627
3958.198,23,13,+10.977,+0.643
3962.266,23,13,+11.246,+0.745
3965.603,23,13,+11.307,+0.846
3969.378,23,13,+11.190,+0.897
3973.18,23,13,+10.535,+0.986
3976.495,23,13,+10.604,+1.045
3981.83,23,13,+10.809,+1.097
3987.098,23,13,+10.729,+1.320
3991.375,23,13,+10.659,+1.050
3996.889,23,13,+10.661,+0.762
4000.612,23,13,+10.830,+0.702
4004.572,23,13,+11.054,+0.654
4006.846,23,13,+11.117,+0.750
4008.885,23,13,+11.183,+0.803
4014.024,23,13,+11.114,+0.776
4014.709,23,13,+11.074,+0.764
4017.356,23,13,+10.865,+0.630
4018.964,23,13,+10.960,+0.571
4024.006,23,13,+11.254,+0.653
4027.514,23,13,+11.109,+0.537
4031.051,23,13,+11.262,+0.401
4035.02,23,13,+11.515,+0.531
4040.127,23,13,+11.688,+0.530
4043.015,23,13,+11.887,+0.492
4045.168,23,13,+11.923,+0.446
4049.232,23,13,+12.206,+0.480
4052.564,23,13,+12.275,+0.464
4056.331,23,13,+12.286,+0.406
4060.121,23,13,+12.189,+0.297
4063.377,23,13,+12.032,+0.150
4068.917,23,14,+12.032,+0.150
4069.236,23,14,+12.956,+0.195
4074.708,23,14,+13.161,+0.213
4078.89,23,14,+13.332,+0.313
4084.914,23,14,+13.620,+0.400
4088.655,23,14,+13.975,+0.589
4092.463,23,14,+14.273,+0.688
4094.596,23,14,+14.355,+0.644
4096.766,23,14,+14.460,+0.686
4101.943,23,14,+14.451,+0.745
4102.607,23,14,+14.432,+0.751
4105.265,23,14,+14.360,+0.796
4106.794,23,14,+14.521,+0.828
4111.883,23,14,+14.783,+0.977
4115.343,23,14,+14.574,+0.907
4118.744,23,14,+14.614,+0.507
4122.603,23,14,+14.869,+0.514
4127.701,23,14,+15.179,+0.528
4130.54,23,14,+15.308,+0.464
4132.63,23,14,+15.284,+0.348
4136.747,23,14,+15.634,+0.468
4140.144,23,14,+15.753,+0.505
4143.936,23,14,+15.816,+0.481
4147.733,23,14,+15.748,+0.327
4150.966,23,14,+15.576,+0.106
4156.157,23,13,+15.576,+0.106
4156.241,23,13,+15.987,+1.418
4161.662,23,13,+16.218,+1.680
4165.845,23,13,+16.308,+1.862
4171.9,23,13,+16.698,+2.287
4175.567,23,13,+17.007,+2.442
4179.399,23,13,+17.286,+2.541
4181.582,23,13,+17.405,+2.598
4183.733,23,13,+17.492,+2.700
4189.091,23,13,+17.626,+3.010
4189.777,23,13,+17.627,+3.048
4192.504,23,13,+17.596,+3.190
4194.028,23,13,+17.705,+3.279
4199.116,23,13,+17.982,+3.434
4202.688,23,13,+17.814,+3.486
4206.007,23,13,+17.713,+3.470
4209.759,23,13,+17.855,+3.508
4214.869,23,13,+18.114,+3.484
4217.692,23,13,+18.226,+3.398
4219.79,23,13,+18.218,+3.350
4223.727,23,13,+18.353,+3.220
4227.054,23,13,+18.411,+3.276
4230.934,23,13,+18.530,+3.451
4234.916,23,13,+18.640,+3.745
4238.331,23,13,+18.679,+4.039
4243.462,23,13,+18.808,+3.807
4248.68,23,13,+18.852,+3.774
4252.699,23,13,+18.783,+3.746
4258.515,23,13,+18.624,+3.547
4262.193,23,13,+18.881,+3.635
4265.882,23,13,+19.100,+3.611
4268.073,23,13,+19.093,+3.581
4270.226,23,13,+19.170,+3.663
4275.522,23,13,+19.243,+3.740
4276.19,23,13,+19.241,+3.752
4278.929,23,13,+19.229,+3.821
4280.449,23,13,+19.354,+3.971
4285.525,23,13,+19.566,+3.694
4288.993,23,13,+19.398,+3.512
4292.27,23,13,+19.266,+3.375
4295.946,23,13,+19.333,+3.307
4300.978,23,13,+19.489,+3.341
4303.821,23,13,+19.613,+3.352
4305.899,23,13,+19.603,+3.329
4309.857,23,13,+19.753,+3.469
4313.171,23,13,+19.829,+3.491
4317.029,23,13,+19.933,+3.600
4320.972,23,13,+20.013,+3.727
4324.396,23,13,+20.037,+3.828
4329.318,23,13,+20.057,+3.605
4334.594,23,13,+20.138,+3.601
4338.622,23,13,+20.098,+3.458
4344.317,23,13,+20.209,+3.354
4347.909,23,13,+20.482,+3.452
4351.673,23,13,+20.766,+3.588
4353.747,23,13,+20.736,+3.527
4355.936,23,13,+20.785,+3.577
4361.198,23,13,+20.154,+3.640
4361.93,23,13,+20.895,+3.655
4364.646,23,13,+20.364,+3.719
4366.168,23,13,+20.450,+3.772
4371.096,23,13,+20.706,+3.750
4374.572,23,13,+20.816,+3.629
4377.887,23,13,+20.687,+3.485
4381.587,23,13,+20.534,+3.433
4386.576,23,13,+20.595,+3.474
4389.435,23,13,+20.265,+3.503
4391.51,23,13,+20.375,+3.510
4395.435,23,13,+20.453,+3.606
4398.722,23,13,+20.459,+3.599
4402.569,23,13,+20.530,+3.688
4406.493,23,13,+20.635,+3.804
4409.898,23,13,+20.701,+3.915
4414.943,23,13,+20.820,+3.763
4420.181,23,13,+20.794,+3.731
4424.174,23,13,+20.655,+3.650
4429.895,23,13,+20.195,+3.532
4433.475,23,13,+20.339,+3.606
4437.134,23,13,+20.838,+3.590
4439.279,23,13,+20.820,+3.546
4441.409,23,13,+20.880,+3.566
4446.756,23,13,+20.919,+3.717
4447.433,23,13,+20.890,+3.743
4450.251,23,13,+20.768,+3.819
4451.686,23,13,+20.777,+3.827
4456.724,23,13,+20.459,+3.862
4460.241,23,13,+20.298,+3.801
4463.571,23,13,+20.274,+3.711
4467.291,23,13,+20.015,+3.672
4472.33,23,13,+19.977,+3.777
4475.102,23,13,+20.090,+3.757
4477.193,23,13,+20.172,+3.697
4481.079,23,13,+20.367,+3.728
4484.351,23,13,+20.413,+3.763
4488.17,23,13,+20.433,+3.866
4492.149,23,13,+20.357,+3.993
4495.488,23,13,+20.223,+4.101
4500.517,23,13,+20.343,+3.991
4505.812,23,13,+20.454,+4.034
4509.773,23,13,+20.322,+4.002
4515.615,23,13,+20.464,+3.938
4519.165,23,13,+20.689,+4.044
4522.877,23,13,+20.912,+4.075
4524.995,23,13,+20.913,+4.082
4527.143,23,13,+20.909,+4.106
4532.514,23,13,+21.008,+4.229
4533.405,23,13,+21.016,+4.247
4535.934,23,13,+21.050,+4.329
4537.392,23,13,+21.199,+4.435
4542.426,23,13,+21.401,+4.256
4545.934,23,13,+21.167,+4.111
4549.257,23,13,+21.020,+3.998
4553.005,23,13,+21.167,+3.885
4558.085,23,13,+21.332,+3.931
4560.923,23,13,+21.409,+3.936
4563.012,23,13,+21.389,+3.946
4566.906,23,13,+21.518,+4.085
4570.203,23,13,+21.602,+4.067
4574.134,23,13,+21.729,+4.187
4578.068,23,13,+21.828,+4.383
4581.498,23,13,+21.855,+4.548
4586.562,23,13,+22.123,+4.536
4591.78,23,13,+22.187,+4.534
4595.736,23,13,+22.134,+4.455
4601.584,23,13,+22.244,+4.414
4605.142,23,13,+22.499,+4.480
4608.859,23,13,+22.755,+4.483
4610.999,23,13,+22.810,+4.504
4613.156,23,13,+22.889,+4.558
4618.499,23,13,+23.052,+4.691
4619.168,23,13,+23.069,+4.716
4622.022,23,13,+23.124,+4.822
4623.428,23,13,+23.229,+4.884
4628.467,23,13,+23.433,+4.899
4631.999,23,13,+23.203,+4.799
4635.218,23,13,+23.006,+4.564
4638.999,23,13,+23.177,+4.625
4644.085,23,13,+23.376,+4.729
4646.844,23,13,+23.462,+4.696
4648.911,23,13,+23.530,+4.676
4652.852,23,13,+23.810,+4.791
4656.11,23,13,+23.888,+4.767
4659.971,23,13,+23.969,+4.866
4663.923,23,13,+23.948,+9.654
4667.368,23,13,+23.873,+3.283
4672.364,23,12,+23.873,+3.283
4672.447,23,12,+24.134,+5.189
4677.768,23,12,+24.330,+5.238
4681.865,23,12,+24.382,+5.134
4690.517,23,12,+27.376,+7.844
4694.474,23,12,+28.042,+7.930
4698.623,23,12,+28.715,+5.840
4701.644,23,12,+29.590,+5.848
4705.111,23,12,+31.062,+6.806
4712.257,23,12,+33.031,+6.806
4713.149,23,10,+33.031,+6.806
4713.179,23,10,+33.251,+1.442
4716.459,23,9,+33.251,+1.442
4716.551,23,9,+33.864,+7.002
4718.515,23,9,+34.404,+7.027
4725.159,23,9,+32.827,+6.652
4730.268,23,9,+32.242,+7.254
4734.829,23,9,+32.557,+7.350
4739.188,23,9,+32.621,+7.397
4746.447,23,9,+32.782,+6.946
4750.554,23,9,+33.415,+7.442
4753.233,23,9,+33.673,+7.565
4757.982,23,9,+33.974,+7.162
4762.034,23,9,+34.629,+7.076
4767.229,23,9,+32.674,+6.696
4773.521,23,9,+31.998,+7.005
4780.194,23,9,+32.479,+6.926
4786.761,23,9,+30.949,+5.952
4792.038,23,9,+30.594,+5.242
4796.972,23,9,+31.088,+5.492
4804.306,23,9,+32.121,+6.239
4808.795,23,9,+32.760,+6.523
4813.258,23,9,+32.667,+6.571
4816.009,23,9,+32.765,+6.097
4829.776,23,10,+32.765,+6.097
4833.299,23,11,+32.765,+6.097
4835.607,23,12,+32.765,+6.097
4845.185,23,12,+47.285,+6.347
4846.848,23,12,+47.051,+6.194
4854.669,23,12,+48.694,+7.768
4859.273,23,12,+47.524,+6.589
4863.653,23,12,+46.846,+6.974
4868.359,23,12,+47.336,+7.529
4874.997,23,12,+48.178,+6.612
4878.833,23,12,+47.428,+6.166
4882.752,23,12,+48.135,+6.932
4887.578,23,12,+46.783,+6.066
4891.196,23,12,+46.730,+5.610
4896.215,23,12,+47.755,+5.705
4901.986,23,12,+46.155,+5.143
4909.282,23,12,+47.566,+3.283
4916.156,23,12,+46.392,+3.276
4921.941,23,12,+46.512,+3.039
4926.797,23,12,+46.992,+3.560
4933.119,23,12,+46.893,+3.909
4936.827,23,12,+46.849,+3.964
4940.761,23,12,+45.776,+4.116
4942.972,23,12,+44.462,+4.196
4945.155,23,12,+44.221,+4.180
4950.415,23,12,+42.440,+3.920
4951.093,23,12,+41.991,+3.866
4953.896,23,12,+40.657,+3.694
4955.465,23,12,+40.335,+3.786
4960.486,23,12,+39.449,+3.794
4963.972,23,12,+37.696,+3.647
4967.26,23,12,+36.455,+3.473
4970.956,23,12,+35.885,+3.382
4975.945,23,12,+35.893,+3.352
4978.774,23,12,+35.999,+3.298
4980.853,23,12,+36.085,+3.224
4984.749,23,12,+36.258,+3.170
4988.096,23,12,+36.323,+3.216
4991.902,23,12,+36.381,+3.337
4995.85,23,12,+36.351,+3.464
4999.252,23,12,+36.269,+3.554
5004.245,23,12,+36.386,+3.508
5009.437,23,12,+36.449,+3.500
5013.425,23,12,+36.354,+3.494
5019.091,23,12,+36.388,+3.365
5022.615,23,12,+36.617,+3.387
5026.27,23,12,+36.743,+3.389
5028.351,23,12,+36.738,+3.412
5030.529,23,12,+36.818,+3.445
5035.794,23,12,+36.882,+3.490
5036.478,23,12,+36.881,+3.497
5039.26,23,12,+36.859,+3.526
5040.749,23,12,+36.963,+3.530
5045.619,23,12,+37.097,+3.429
5049.031,23,12,+36.957,+3.357
5052.257,23,12,+36.731,+3.254
5055.925,23,12,+36.792,+3.226
5060.902,23,12,+36.953,+3.266
5063.763,23,12,+37.095,+3.314
5065.911,23,12,+37.133,+3.357
5069.859,23,12,+37.313,+3.248
5073.131,23,12,+37.402,+3.277
5076.941,23,12,+37.498,+3.404
5080.878,23,12,+37.541,+3.571
5084.224,23,12,+37.532,+3.679
5089.255,23,12,+37.643,+3.626
5094.444,23,12,+37.619,+3.625
5098.32,23,12,+37.514,+3.596
5104.03,23,12,+37.603,+3.542
5107.615,23,12,+37.885,+3.605
5111.342,23,12,+38.091,+3.642
5113.425,23,12,+38.091,+3.656
5115.628,23,12,+38.205,+3.673
5120.859,23,12,+38.162,+3.703
5121.509,23,12,+38.151,+3.709
5124.22,23,12,+38.098,+3.719
5125.672,23,12,+38.214,+3.775
5130.677,23,12,+38.383,+3.799
5134.147,23,12,+38.252,+3.695
5137.353,23,12,+38.181,+3.580
5142.047,23,13,+38.181,+3.580
5142.21,23,13,+39.332,+0.018
5148.63,23,13,+41.012,+1.589
5151.658,23,13,+41.364,+1.803
5153.835,23,13,+41.446,+1.898
5157.884,23,13,+41.717,+2.028
5161.191,23,13,+41.821,+2.040
5165.056,23,13,+41.908,+2.083
5168.89,23,13,+41.929,+2.117
5172.279,23,13,+41.914,+2.132
5177.345,23,13,+42.130,+2.113
5182.477,23,13,+42.026,+2.072
5186.331,23,13,+41.928,+2.014
5192.151,23,13,+42.057,+2.110
5195.776,23,13,+42.407,+2.207
5199.555,23,13,+42.655,+2.344
5202.036,23,13,+42.794,+2.345
5203.895,23,13,+42.911,+2.381
5209.258,23,13,+43.056,+2.496
5209.935,23,13,+43.074,+2.513
5212.716,23,13,+43.152,+2.560
5214.204,23,13,+43.322,+2.614
5219.128,23,13,+43.160,+2.588
5222.601,23,13,+42.904,+2.482
5225.917,23,13,+42.852,+2.500
5229.62,23,13,+42.822,+2.510
5234.637,23,13,+42.905,+2.526
5237.475,23,13,+43.050,+2.573
5239.568,23,13,+43.150,+2.601
5243.478,23,13,+43.378,+2.646
5246.778,23,13,+43.433,+2.649
5250.662,23,13,+43.507,+2.703
5254.54,23,13,+43.501,+2.722
5257.978,23,13,+43.452,+2.717
5262.925,23,13,+43.590,+2.648
5268.159,23,13,+43.663,+2.721
5272.183,23,13,+43.571,+2.748
5277.946,23,13,+43.706,+2.830
5281.547,23,13,+43.977,+2.887
5285.269,23,13,+44.146,+2.986
5287.427,23,13,+44.228,+2.975
5289.608,23,13,+44.297,+2.967
5294.93,23,13,+44.371,+3.017
5295.603,23,13,+44.380,+3.024
5298.407,23,13,+44.408,+3.050
5299.831,23,13,+44.451,+3.100
5304.762,23,13,+44.520,+3.051
5308.197,23,13,+44.373,+2.950
5311.467,23,13,+44.284,+2.885
5315.104,23,13,+44.394,+2.888
5320.188,23,13,+44.573,+2.952
5323.031,23,13,+44.741,+2.975
5325.141,23,13,+44.854,+2.984
5329.005,23,13,+45.073,+2.948
5332.514,23,13,+45.325,+3.168
5340.639,23,13,+49.574,+5.766
5346.877,23,13,+51.987,+3.080
5351.401,23,13,+53.073,+2.291
5358.227,23,13,+55.139,+3.262
5364.732,23,13,+56.505,+3.420
5369.514,23,13,+57.205,+3.247
5376.766,23,13,+58.828,+4.489
5381.291,23,13,+60.007,+5.025
5385.723,23,13,+60.581,+4.446
5388.465,23,13,+61.134,+4.356
5391.476,23,13,+61.997,+4.132
5398.655,23,13,+59.456,+4.217
5399.82,23,13,+58.806,+4.232
5403.413,23,13,+58.481,+4.126
5405.367,23,13,+58.682,+4.376
5412.914,23,13,+58.936,+3.158
5416.996,23,13,+58.442,+2.122
5421.746,23,13,+59.345,+2.487
5426.372,23,13,+59.498,+2.772
5432.922,23,13,+59.409,+2.513
5437.028,23,13,+60.407,+2.596
5439.535,23,13,+60.721,+2.319
5444.376,23,13,+60.719,+2.784
5448.668,23,13,+61.175,+3.237
5454.747,23,13,+62.134,+4.256
5459.539,23,13,+61.118,+3.344
5464.638,23,13,+61.307,+3.698
5471.38,23,13,+61.429,+4.125
5478.562,23,13,+61.630,+2.523
5483.845,23,13,+60.514,+2.933
5490.832,23,13,+60.449,+3.569
5495.054,23,13,+60.423,+3.886
5498.968,23,13,+59.259,+3.702
5501.148,23,13,+58.241,+3.689
5503.28,23,13,+56.862,+3.639
5508.437,23,13,+54.844,+3.616
5509.109,23,13,+54.629,+3.628
5511.819,23,13,+53.855,+3.688
5513.267,23,13,+53.612,+3.713
5518.192,23,13,+52.565,+3.559
5521.634,23,13,+51.606,+3.492
5524.87,23,13,+48.996,+3.408
5528.564,23,13,+48.237,+3.337
5533.567,23,13,+47.426,+3.375
5536.368,23,13,+46.663,+3.342
5538.441,23,13,+46.048,+3.329
5542.326,23,13,+45.468,+3.292
5545.6,23,13,+45.470,+3.311
5549.481,23,13,+45.571,+3.387
5553.389,23,13,+45.709,+3.429
5556.809,23,13,+45.744,+3.427
5561.745,23,13,+45.717,+3.159
5566.95,23,13,+45.751,+3.200
5570.896,23,13,+45.647,+3.147
5576.694,23,13,+45.769,+3.220
5580.312,23,13,+46.047,+3.262
5584.052,23,13,+46.310,+3.363
5586.145,23,13,+46.368,+3.306
5588.271,23,13,+46.401,+3.292
5593.502,23,13,+46.485,+3.280
5594.168,23,13,+46.487,+3.275
5596.886,23,13,+46.515,+3.262
5598.328,23,13,+46.620,+3.259
5603.227,23,13,+46.796,+3.234
5606.718,23,13,+46.656,+3.209
5610.031,23,13,+46.614,+3.167
5613.58,23,13,+46.653,+3.062
5618.61,23,13,+46.810,+3.065
5621.407,23,13,+46.888,+3.049
5623.53,23,13,+46.873,+3.070
5627.39,23,13,+46.978,+3.009
5630.722,23,13,+47.062,+2.984
5634.505,23,13,+47.135,+2.995
5638.377,23,13,+47.169,+3.011
5641.746,23,13,+47.166,+3.037
5646.757,23,13,+47.400,+2.900
5651.945,23,13,+47.440,+2.981
5655.944,23,13,+47.412,+3.059
5661.724,23,13,+47.477,+3.019
5665.352,23,13,+47.802,+3.047
5669.096,23,13,+48.004,+3.060
5671.189,23,13,+48.063,+2.992
5673.282,23,13,+48.125,+2.987
5678.551,23,13,+48.221,+2.943
5679.214,23,13,+48.230,+2.931
5681.947,23,13,+48.278,+2.907
5683.395,23,13,+48.389,+2.950
5688.288,23,13,+48.496,+2.914
5691.782,23,13,+48.383,+2.829
5695.081,23,13,+48.390,+2.768
5698.756,23,13,+48.473,+2.765
5703.845,23,13,+48.634,+2.784
5706.583,23,13,+48.711,+2.729
5708.652,23,13,+48.669,+2.696
5712.57,23,13,+48.842,+2.709
5715.863,23,13,+48.945,+2.710
5719.695,23,13,+49.058,+2.766
5723.613,23,13,+49.147,+2.811
5726.976,23,13,+49.188,+2.845
5732.092,23,13,+49.549,+2.817
5737.227,23,13,+49.551,+2.831
5741.22,23,13,+49.535,+2.811
5746.958,23,13,+49.552,+2.800
5750.503,23,13,+49.723,+2.732
5754.268,23,13,+49.909,+2.726
5756.414,23,13,+49.964,+2.753
5758.581,23,13,+50.036,+2.796
5763.845,23,13,+50.105,+2.853
5764.518,23,13,+50.111,+2.858
5767.239,23,13,+50.143,+2.883
5768.749,23,13,+50.259,+2.923
5773.564,23,13,+50.256,+2.814
5777.061,23,13,+50.152,+2.786
5780.342,23,13,+50.137,+2.760
5784.045,23,13,+50.213,+2.690
5789.052,23,13,+50.355,+2.707
5791.873,23,13,+50.445,+2.696
5793.984,23,13,+50.430,+2.720
5797.9,23,13,+50.569,+2.765
5801.141,23,13,+50.622,+2.722
5804.935,23,13,+50.708,+2.721
5808.844,23,13,+50.823,+2.688
5812.177,23,13,+50.928,+2.672
5817.274,23,13,+51.258,+2.696
5822.463,23,13,+51.269,+2.667
5826.462,23,13,+51.192,+2.643
5832.283,23,13,+51.336,+2.652
5835.835,23,13,+51.539,+2.557
5839.528,23,13,+51.715,+2.484
5841.703,23,13,+51.798,+2.479
5843.873,23,13,+51.870,+2.522
5849.1,23,13,+51.893,+2.521
5849.781,23,13,+51.893,+2.516
5852.492,23,13,+51.903,+2.498
5854.042,23,13,+52.023,+2.577
5858.892,23,13,+52.123,+2.452
5862.376,23,13,+52.013,+2.358
5865.699,23,13,+52.029,+2.377
5869.385,23,13,+52.082,+2.346
5874.461,23,13,+52.235,+2.368
5877.224,23,13,+52.249,+2.317
5879.296,23,13,+52.161,+2.264
5883.162,23,13,+52.255,+2.152
5886.438,23,13,+52.327,+2.147
5890.266,23,13,+52.441,+2.202
5894.2,23,13,+52.517,+2.236
5897.575,23,13,+52.542,+2.260
5902.656,23,13,+52.743,+2.173
5907.737,23,13,+52.680,+2.131
5911.836,23,13,+52.817,+2.256
5917.604,23,13,+52.911,+2.259
5921.155,23,13,+53.174,+2.202
5924.879,23,13,+53.399,+2.183
5927.057,23,13,+53.472,+2.171
5929.189,23,13,+53.496,+2.154
5934.451,23,13,+53.552,+2.145
5935.118,23,13,+53.567,+2.146
5937.906,23,13,+53.644,+2.160
5939.342,23,13,+53.769,+2.182
5944.285,23,13,+53.815,+2.056
5947.746,23,13,+53.639,+1.942
5951.044,23,13,+53.608,+1.922
5954.788,23,13,+53.679,+1.863
5959.868,23,13,+53.866,+1.879
5962.709,23,13,+53.957,+1.905
5964.765,23,13,+53.916,+1.904
5968.692,23,13,+51.934,+1.893
5972.008,23,13,+51.985,+1.884
5975.828,23,13,+52.082,+1.932
5979.714,23,13,+52.167,+1.932
5983.12,23,13,+52.227,+1.915
5988.092,23,13,+52.424,+1.796
5993.281,23,13,+52.475,+1.750
5997.228,23,13,+52.363,+1.663
6003.001,23,13,+52.447,+1.620
6006.609,23,13,+52.682,+1.593
6010.351,23,13,+52.835,+1.577
6012.598,23,13,+52.971,+1.617
6014.767,23,13,+53.046,+1.607
6020.005,23,13,+53.105,+1.593
6020.707,23,13,+53.111,+1.593
6023.553,23,13,+53.149,+1.603
6024.882,23,13,+53.259,+1.652
6029.802,23,13,+53.250,+1.536
6033.285,23,13,+53.125,+1.444
6036.605,23,13,+53.127,+1.446
6040.285,23,13,+53.190,+1.397
6045.359,23,13,+53.364,+1.449
6048.168,23,13,+53.436,+1.402
6050.225,23,13,+53.389,+1.367
6054.16,23,13,+53.549,+1.355
6057.45,23,13,+53.639,+1.334
6061.358,23,13,+53.759,+1.367
6065.232,23,13,+53.841,+1.325
6068.588,23,13,+53.856,+1.241
6073.651,23,13,+54.006,+1.115
6078.802,23,13,+53.988,+1.016
6082.837,23,13,+53.887,+1.047
6088.647,23,13,+54.038,+1.133
6092.265,23,13,+54.328,+1.130
6096.065,23,13,+54.494,+1.197
6098.259,23,13,+54.560,+1.175
6100.503,23,13,+54.695,+1.195
6105.781,23,13,+54.796,+1.230
6106.428,23,13,+54.808,+1.234
6109.195,23,13,+54.855,+1.243
6110.688,23,13,+54.954,+1.294
6115.561,23,13,+55.048,+1.176
6119.055,23,13,+54.962,+1.152
6122.498,23,13,+54.955,+1.213
6126.096,23,13,+55.058,+1.176
6131.183,23,13,+55.228,+1.212
6133.986,23,13,+55.313,+1.153
6136.031,23,13,+55.269,+1.114
6139.928,23,13,+55.425,+1.068
6143.2,23,13,+55.449,+0.985
6147.061,23,13,+55.518,+1.012
6150.958,23,13,+55.606,+1.017
6154.281,23,13,+55.633,+0.993
6159.399,23,13,+55.930,+1.007
6164.527,23,13,+55.931,+0.889
6168.518,23,13,+55.880,+0.945
6174.372,23,13,+56.052,+1.000
6178.072,23,13,+56.348,+0.988
6181.991,23,13,+56.614,+1.011
6184.164,23,13,+56.707,+0.956
6186.332,23,13,+56.779,+0.890
6191.529,23,13,+55.864,+0.852
6192.203,23,13,+56.782,+0.844
6194.896,23,13,+55.878,+0.809
6196.384,23,13,+56.000,+0.925
6201.426,23,13,+56.358,+0.794
6204.909,23,13,+56.400,+0.669
6208.315,23,13,+56.479,+0.719
6212.203,23,13,+56.639,+0.721
6217.321,23,13,+57.008,+0.891
6220.375,23,13,+57.200,+0.841
6222.249,23,13,+57.356,+0.781
6226.227,23,13,+57.525,+0.762
6229.513,23,13,+57.623,+0.750
6233.455,23,13,+57.850,+0.847
6237.353,23,13,+58.077,+0.870
6240.746,23,13,+58.181,+0.793
6245.834,23,13,+58.248,+0.671
6250.991,23,13,+58.190,+0.638
6255.028,23,13,+58.130,+0.624
6260.87,23,13,+58.277,+0.611
6264.582,23,13,+58.591,+0.603
6268.472,23,13,+58.767,+0.676
6270.677,23,13,+58.785,+0.711
6272.872,23,13,+58.869,+0.675
6278.161,23,13,+59.082,+0.699
6278.839,23,13,+59.117,+0.690
6281.569,23,13,+59.298,+0.651
6283.082,23,13,+59.507,+0.720
6288.116,23,13,+59.836,+0.678
6291.575,23,13,+59.711,+0.528
6294.843,23,13,+59.674,+0.464
6298.748,23,13,+59.905,+0.526
6303.919,23,13,+60.211,+0.693
6306.776,23,13,+60.345,+0.661
6308.859,23,13,+60.403,+0.584
6312.896,23,13,+60.728,+0.587
6316.147,23,13,+60.799,+0.535
6319.97,23,13,+60.769,+0.508
6323.801,23,13,+60.665,+0.426
6327.12,23,13,+60.569,+0.315
6332.337,23,13,+61.060,+0.362
6337.539,23,13,+61.218,+0.315
6341.548,23,12,+61.218,+0.315
6341.612,23,12,+61.385,+11.890
6347.573,23,12,+61.630,+12.042
6351.246,23,12,+61.909,+12.227
6355.058,23,12,+62.046,+12.342
6357.266,23,12,+62.068,+12.380
6359.431,23,12,+62.107,+12.440
6364.811,23,12,+62.234,+12.556
6365.464,23,12,+62.245,+12.576
6368.253,23,12,+62.277,+12.660
6369.718,23,12,+62.342,+12.697
6374.733,23,12,+62.569,+12.661
6378.193,23,12,+62.537,+12.519
6381.503,23,12,+62.577,+12.492
6385.267,23,12,+62.677,+12.433
6390.336,23,12,+62.900,+12.482
6393.226,23,12,+63.155,+12.579
6395.443,23,12,+63.338,+12.696
6399.407,23,12,+63.634,+12.854
6402.72,23,12,+63.726,+12.903
6406.527,23,12,+63.818,+13.005
6410.432,23,12,+63.887,+13.180
6413.835,23,12,+63.954,+13.353
6419.066,23,12,+64.394,+13.568
6424.272,23,12,+64.576,+13.591
6428.308,23,12,+64.767,+13.559
6434.05,23,12,+64.852,+13.582
6437.707,23,12,+65.119,+13.695
6441.532,23,12,+65.195,+13.794
6443.732,23,12,+65.281,+13.880
6445.962,23,12,+65.375,+13.978
6451.238,23,12,+65.447,+14.066
6451.913,23,12,+65.445,+14.082
6454.669,23,12,+65.434,+14.145
6456.14,23,12,+65.546,+14.160
6461.19,23,12,+65.822,+14.201
6464.669,23,12,+65.807,+14.143
6468.022,23,12,+65.880,+14.152
6471.762,23,12,+65.965,+14.150
6476.827,23,12,+66.220,+14.174
6479.697,23,12,+66.364,+14.155
6481.71,23,12,+66.437,+14.150
6485.696,23,12,+66.702,+14.262
6488.977,23,12,+66.808,+14.317
6492.83,23,12,+66.936,+14.460
6496.801,23,12,+67.072,+14.733
6500.199,23,12,+67.195,+15.008
6505.324,23,12,+67.446,+14.881
6510.545,23,12,+67.649,+14.982
6514.561,23,12,+67.745,+15.003
6520.345,23,12,+67.894,+14.868
6523.964,23,12,+68.130,+14.974
6527.872,23,12,+68.334,+15.118
6530.28,23,12,+68.607,+15.406
6532.502,23,12,+68.677,+15.493
6537.77,23,12,+68.801,+15.334
6538.432,23,12,+68.821,+15.298
6541.201,23,12,+68.900,+15.142
6542.721,23,12,+69.046,+15.206
6547.746,23,12,+69.329,+15.287
6551.346,23,12,+69.394,+15.299
6554.75,23,12,+69.478,+15.358
6558.501,23,12,+69.528,+15.360
6563.561,23,12,+69.765,+15.406
6566.364,23,12,+69.909,+15.385
6568.472,23,12,+69.990,+15.364
6572.454,23,12,+70.155,+15.425
6575.637,23,12,+70.198,+15.440
6579.49,23,12,+70.314,+15.555
6583.419,23,12,+70.452,+15.800
6586.845,23,12,+70.614,+16.057
6591.936,23,12,+70.492,+16.091
6597.091,23,12,+70.622,+16.077
6601.124,23,12,+70.727,+15.993
6606.967,23,12,+70.910,+16.034
6610.85,23,12,+71.168,+16.209
6614.47,23,12,+71.364,+16.406
6616.7,23,12,+71.416,+16.435
6618.87,23,12,+71.559,+16.527
6624.209,23,12,+71.721,+16.674
6624.898,23,12,+71.740,+16.712
6627.733,23,12,+71.814,+16.855
6629.237,23,12,+71.976,+16.927
6634.25,23,12,+72.272,+16.909
6637.732,23,12,+72.257,+16.814
6640.998,23,12,+72.194,+16.784
6644.877,23,12,+72.235,+16.771
6649.884,23,12,+72.418,+16.714
6652.72,23,12,+72.614,+16.694
6654.807,23,12,+72.733,+16.716
6658.764,23,12,+73.004,+16.811
6662.19,23,12,+73.143,+16.862
6665.912,23,12,+73.265,+16.974
6669.855,23,12,+73.353,+17.161
6673.342,23,12,+73.417,+17.345
6679.611,23,12,+74.837,+18.349
6687.324,23,12,+77.523,+20.897
6692.756,23,12,+78.910,+22.131
6699.819,23,12,+80.294,+23.030
6704.386,23,12,+81.523,+32.931
6708.489,23,12,+81.702,+33.426
6711.743,23,12,+82.646,+34.392
6741.353,23,12,1 L,+29.783
6743.248,23,12,1 L,+29.821
6749.324,23,12,1 L,+28.008
6753.052,23,12,1 L,+27.391
6756.831,23,12,1 L,+27.516
6760.628,23,12,1 L,+27.447
6765.768,23,12,1 L,+27.516
6768.566,23,12,1 L,+27.482
6770.64,23,12,1 L,+27.405
6774.593,23,12,1 L,+27.478
6777.861,23,12,1 L,+27.491
6781.674,23,12,1 L,+27.519
6785.495,23,12,1 L,+27.518
6788.791,23,12,1 L,+27.470
6793.805,23,12,1 L,+27.497
6798.897,23,12,1 L,+27.436
6802.808,23,12,1 L,+27.357
6808.474,23,12,1 L,+27.313
6812.056,23,12,1 L,+27.507
6815.747,23,12,1 L,+27.670
6817.87,23,12,1 L,+27.772
6819.922,23,12,1 L,+27.817
6825.183,23,12,1 L,+27.916
6825.862,23,12,1 L,+27.924
6828.601,23,12,1 L,+27.935
6830.081,23,12,1 L,+27.989
6834.943,23,12,1 L,+28.052
6838.365,23,12,1 L,+27.914
6841.649,23,12,1 L,+27.815
6845.254,23,12,1 L,+27.831
6850.159,23,12,1 L,+27.942
6852.934,23,12,1 L,+28.021
6855.019,23,12,1 L,+28.015
6858.876,23,12,1 L,+28.154
6862.125,23,12,1 L,+28.204
6865.899,23,12,1 L,+28.168
6869.791,23,12,1 L,+28.018
6873.155,23,12,1 L,+27.916
6878.196,23,12,1 L,+28.022
6883.375,23,12,1 L,+28.035
6887.27,23,12,1 L,+27.961
6892.931,23,12,1 L,+27.945
6896.505,23,12,1 L,+28.118
6900.228,23,12,1 L,+28.253
6902.376,23,12,1 L,+28.341
6904.376,23,12,1 L,+28.384
6909.599,23,12,1 L,+28.409
6910.297,23,12,1 L,+28.416
6913.101,23,12,1 L,+28.429
6914.54,23,12,1 L,+28.490
6919.316,23,12,1 L,+28.482
6922.798,23,12,1 L,+28.328
6926.068,23,12,1 L,+28.256
6929.668,23,12,1 L,+28.242
6934.545,23,12,1 L,+28.357
6937.321,23,12,1 L,+28.419
6939.374,23,12,1 L,+28.368
6943.255,23,12,1 L,+28.517
6946.477,23,12,1 L,+28.565
6950.287,23,12,1 L,+28.611
6954.2,23,12,1 L,+28.603
6957.618,23,12,1 L,+28.570
6962.59,23,12,1 L,+28.667
6967.755,23,12,1 L,+28.734
6971.717,23,12,1 L,+28.767
6977.337,23,12,1 L,+28.717
6980.902,23,12,1 L,+28.920
6984.611,23,12,1 L,+28.994
6986.769,23,12,1 L,+29.074
6988.819,23,12,1 L,+29.123
6994.014,23,12,1 L,+29.139
6994.681,23,12,1 L,+29.136
6997.443,23,12,1 L,+29.134
6998.889,23,12,1 L,+29.249
7003.811,23,12,1 L,+29.307
7007.277,23,12,1 L,+29.248
7010.688,23,12,1 L,+29.337
7014.29,23,12,1 L,+29.287
7019.271,23,12,1 L,+29.431
7022.17,23,12,1 L,+29.527
7024.257,23,12,1 L,+29.533
7028.145,23,12,1 L,+29.638
7031.371,23,12,1 L,+29.690
7035.204,23,12,1 L,+29.761
7039.091,23,12,1 L,+29.835
7042.475,23,12,1 L,+29.889
7047.554,23,12,1 L,+30.087
7052.681,23,12,1 L,+30.110
7056.621,23,12,1 L,+30.074
7062.31,23,12,1 L,+29.994
7065.894,23,12,1 L,+30.214
7069.555,23,12,1 L,+30.226
7071.699,23,12,1 L,+30.305
7073.841,23,12,1 L,+30.402
7079.079,23,12,1 L,+30.448
7079.724,23,12,1 L,+30.456
7082.483,23,12,1 L,+30.487
7083.875,23,12,1 L,+30.516
7092.212,23,12,1 L,+30.471
7095.554,23,12,1 L,+30.508
7099.201,23,12,1 L,+30.492
7104.139,23,12,1 L,+30.592
7106.948,23,12,1 L,+30.677
7112.943,23,12,1 L,+30.710
7116.226,23,12,1 L,+30.709
7120.071,23,12,1 L,+30.804
7123.975,23,12,1 L,+30.944
7127.359,23,12,1 L,+31.096
7132.429,23,12,1 L,+31.025
7137.614,23,12,1 L,+31.288
7141.517,23,12,1 L,+31.282
7147.179,23,12,1 L,+30.738
7151.007,23,12,1 L,+30.854
7155.654,23,12,1 L,+31.578
7157.872,23,12,1 L,+31.642
7160.128,23,12,1 L,+31.618
7165.403,23,12,1 L,+31.680
7166.056,23,12,1 L,+31.675
7168.786,23,12,1 L,+31.737
7170.247,23,12,1 L,+31.597
7175.18,23,12,1 L,+31.271
7178.678,23,12,1 L,+31.180
7182.084,23,12,1 L,+31.040
7185.786,23,12,1 L,+30.793
7190.796,23,12,1 L,+30.800
7193.577,23,12,1 L,+30.771
7195.758,23,12,1 L,+30.730
7199.621,23,12,1 L,+30.809
7202.882,23,12,1 L,+30.815
7206.643,23,12,1 L,+30.766
7210.481,23,12,1 L,+30.729
7213.749,23,12,1 L,+30.717
7218.763,23,12,1 L,+30.698
7223.885,23,12,1 L,+30.687
7227.805,23,12,1 L,+30.629
7233.463,23,12,1 L,+30.430
7237.085,23,12,1 L,+30.579
7240.774,23,12,1 L,+30.565
7242.894,23,12,1 L,+30.536
7245.0,23,12,1 L,+30.529
7250.247,23,12,1 L,+30.601
7250.933,23,12,1 L,+30.646
7253.671,23,12,1 L,+30.833
7255.11,23,12,1 L,+30.848
7260.025,23,12,1 L,+30.769
7263.55,23,12,1 L,+30.697
7266.847,23,12,1 L,+30.503
7270.472,23,12,1 L,+30.294
7275.444,23,12,1 L,+30.267
7278.329,23,12,1 L,+30.278
7280.48,23,12,1 L,+30.305
7284.494,23,12,1 L,+30.392
7287.782,23,12,1 L,+30.389
7291.517,23,12,1 L,+30.443
7295.373,23,12,1 L,+30.579
7298.762,23,12,1 L,+30.723
7303.716,23,12,1 L,+30.687
7308.839,23,12,1 L,+30.694
7312.761,23,12,1 L,+30.543
7319.63,23,12,1 L,+31.441
7323.553,23,12,1 L,+31.792
7327.339,23,12,1 L,+31.858
7329.577,23,12,1 L,+31.907
7331.739,23,12,1 L,+31.864
7336.923,23,12,1 L,+31.872
7337.623,23,12,1 L,+31.885
7340.321,23,12,1 L,+31.941
7341.789,23,12,1 L,+31.983
7346.708,23,12,1 L,+31.852
7350.276,23,12,1 L,+31.720
7353.479,23,12,1 L,+31.555
7357.139,23,12,1 L,+31.394
7362.157,23,12,1 L,+31.419
7365.012,23,12,1 L,+31.440
7367.093,23,12,1 L,+31.439
7371.017,23,12,1 L,+31.501
7374.247,23,12,1 L,+31.503
7378.032,23,12,1 L,+31.551
7381.854,23,12,1 L,+31.697
7385.174,23,12,1 L,+31.868
7390.213,23,12,1 L,+31.927
7395.372,23,12,1 L,+31.926
7399.288,23,12,1 L,+31.790
7405.001,23,12,1 L,+31.612
7408.627,23,12,1 L,+31.657
7412.347,23,12,1 L,+31.571
7414.472,23,12,1 L,+31.574
7416.581,23,12,1 L,+31.441
7421.809,23,12,1 L,+31.539
7422.486,23,12,1 L,+31.597
7425.211,23,12,1 L,+31.875
7426.644,23,12,1 L,+31.801
7431.605,23,12,1 L,+31.548
7435.158,23,12,1 L,+31.471
7438.342,23,12,1 L,+31.318
7442.076,23,12,1 L,+31.138
7446.925,23,12,1 L,+31.061
7449.733,23,12,1 L,+30.998
7451.834,23,12,1 L,+30.972
7455.815,23,12,1 L,+31.057
7459.054,23,12,1 L,+31.061
7462.834,23,12,1 L,+31.129
7466.728,23,12,1 L,+31.275
7470.144,23,12,1 L,+31.444
7475.124,23,12,1 L,+31.508
7480.286,23,12,1 L,+31.471
7484.185,23,12,1 L,+31.380
7489.892,23,12,1 L,+31.219
7493.464,23,12,1 L,+31.308
7497.219,23,12,1 L,+31.271
7499.316,23,12,1 L,+31.247
7501.363,23,12,1 L,+31.184
7506.644,23,12,1 L,+31.191
7507.329,23,12,1 L,+31.206
7510.108,23,12,1 L,+31.263
7511.504,23,12,1 L,+31.298
7516.471,23,12,1 L,+31.214
7519.959,23,12,1 L,+31.127
7523.24,23,12,1 L,+30.998
7526.88,23,12,1 L,+30.843
7531.869,23,12,1 L,+30.869
7534.654,23,12,1 L,+30.875
7536.738,23,12,1 L,+30.894
7540.683,23,12,1 L,+30.974
7543.903,23,12,1 L,+30.976
7547.706,23,12,1 L,+31.078
7551.632,23,12,1 L,+31.294
7555.02,23,12,1 L,+31.527
7560.041,23,12,1 L,+31.565
7565.157,23,12,1 L,+31.715
7569.016,23,12,1 L,+31.662
7574.798,23,12,1 L,+31.347
7578.361,23,12,1 L,+31.367
7582.124,23,12,1 L,+31.335
7584.251,23,12,1 L,+31.331
7586.349,23,12,1 L,+31.260
7591.616,23,12,1 L,+31.087
7592.265,23,12,1 L,+31.056
7595.067,23,12,1 L,+30.935
7596.518,23,12,1 L,+30.940
7601.387,23,12,1 L,+30.827
7604.882,23,12,1 L,+30.803
7608.125,23,12,1 L,+30.741
7611.766,23,12,1 L,+30.515
7616.666,23,12,1 L,+30.479
7619.457,23,12,1 L,+30.464
7621.646,23,12,1 L,+30.446
7625.373,23,12,1 L,+30.507
7628.607,23,12,1 L,+30.480
7632.455,23,12,1 L,+30.557
7636.292,23,12,1 L,+30.759
7639.734,23,12,1 L,+30.963
7644.666,23,12,1 L,+30.960
7649.833,23,12,1 L,+30.777
7653.779,23,12,1 L,+29.475
7659.533,23,12,1 L,+29.226
7663.167,23,12,1 L,+29.306
7666.919,23,12,1 L,+29.263
7669.106,23,12,1 L,+29.326
7671.252,23,12,1 L,+29.282
7676.446,23,12,1 L,+29.283
7677.12,23,12,1 L,+29.300
7679.858,23,12,1 L,+29.371
7681.373,23,12,1 L,+29.387
7686.222,23,12,1 L,+29.275
7689.649,23,12,1 L,+29.160
7692.899,23,12,1 L,+28.996
7696.51,23,12,1 L,+28.803
7701.481,23,12,1 L,+28.811
7704.256,23,12,1 L,+28.759
7706.333,23,12,1 L,+28.746
7710.207,23,12,1 L,+28.733
7713.44,23,12,1 L,+28.704
7717.261,23,12,1 L,+28.797
7721.15,23,12,1 L,+29.008
7724.562,23,12,1 L,+29.200
7729.552,23,12,1 L,+29.163
7734.712,23,12,1 L,+29.152
7738.616,23,12,1 L,+28.958
7744.354,23,12,1 L,+28.732
7747.95,23,12,1 L,+28.722
7751.67,23,12,1 L,+28.725
7753.781,23,12,1 L,+28.727
7755.968,23,12,1 L,+28.707
7761.168,23,12,1 L,+28.757
7761.816,23,12,1 L,+28.774
7764.593,23,12,1 L,+28.843
7766.054,23,12,1 L,+28.821
7770.875,23,12,1 L,+28.585
7774.38,23,12,1 L,+28.488
7777.672,23,12,1 L,+28.367
7781.268,23,12,1 L,+28.124
7786.209,23,12,1 L,+28.127
7788.986,23,12,1 L,+28.095
7791.102,23,12,1 L,+28.101
7794.973,23,12,1 L,+28.217
7798.175,23,12,1 L,+28.219
7802.039,23,12,1 L,+28.333
7805.95,23,12,1 L,+28.626
7809.401,23,12,1 L,+28.969
7814.339,23,12,1 L,+28.662
7819.475,23,12,1 L,+28.669
7823.33,23,12,1 L,+28.534
7829.092,23,12,1 L,+28.244
7832.649,23,12,1 L,+28.206
7836.437,23,12,1 L,+28.118
7840.673,23,12,1 L,+27.985
7845.918,23,12,1 L,+27.483
7846.599,23,12,1 L,+27.330
7849.413,23,12,1 L,+27.089
7850.847,23,12,1 L,+27.037
7855.738,23,12,1 L,+26.540
7859.174,23,12,1 L,+26.364
7862.381,23,12,1 L,+26.135
7866.036,23,12,1 L,+25.927
7870.973,23,12,1 L,+25.843
7873.785,23,12,1 L,+25.854
7875.856,23,12,1 L,+25.841
7879.754,23,12,1 L,+25.912
7882.952,23,12,1 L,+25.891
7886.763,23,12,1 L,+25.944
7890.726,23,12,1 L,+26.050
7894.07,23,12,1 L,+26.144
7899.063,23,12,1 L,+26.082
7904.197,23,12,1 L,+25.981
7908.119,23,12,1 L,+25.811
7913.848,23,12,1 L,+25.717
7917.533,23,12,1 L,+25.902
7921.339,23,12,1 L,+25.978
7923.452,23,12,1 L,+25.902
7925.55,23,12,1 L,+25.830
7930.749,23,12,1 L,+25.796
7931.414,23,12,1 L,+25.811
7934.19,23,12,1 L,+25.874
7935.635,23,12,1 L,+25.947
7940.488,23,12,1 L,+25.783
7943.947,23,12,1 L,+25.649
7947.198,23,12,1 L,+25.530
7950.823,23,12,1 L,+25.354
7955.763,23,12,1 L,+25.357
7958.613,23,12,1 L,+25.389
7960.677,23,12,1 L,+25.407
7964.547,23,12,1 L,+25.474
7967.768,23,12,1 L,+25.465
7971.579,23,12,1 L,+25.550
7975.482,23,12,1 L,+25.691
7978.864,23,12,1 L,+25.824
7983.879,23,12,1 L,+25.837
7988.968,23,12,1 L,+25.745
7992.956,23,12,1 L,+25.603
7998.662,23,12,1 L,+25.395
8002.289,23,12,1 L,+25.543
8006.056,23,12,1 L,+25.559
8008.104,23,12,1 L,+25.494
8010.282,23,12,1 L,+25.521
8015.519,23,12,1 L,+25.547
8016.199,23,12,1 L,+25.565
8018.949,23,12,1 L,+25.650
8020.354,23,12,1 L,+25.660
8025.218,23,12,1 L,+25.555
8028.655,23,12,1 L,+25.437
8031.874,23,12,1 L,+25.326
8035.535,23,12,1 L,+25.132
8040.462,23,12,1 L,+25.144
8043.278,23,12,1 L,+25.151
8045.337,23,12,1 L,+25.159
8049.214,23,12,1 L,+25.245
8052.451,23,12,1 L,+25.251
8056.338,23,12,1 L,+25.339
8060.277,23,12,1 L,+25.458
8063.718,23,12,1 L,+25.554
8068.714,23,12,1 L,+25.586
8073.859,23,12,1 L,+25.546
8077.818,23,12,1 L,+25.481
8083.522,23,12,1 L,+25.259
8087.138,23,12,1 L,+25.320
8090.861,23,12,1 L,+25.326
8092.935,23,12,1 L,+25.285
8095.113,23,12,1 L,+25.270
8100.304,23,12,1 L,+25.237
8101.019,23,12,1 L,+25.235
8103.718,23,12,1 L,+25.233
8105.163,23,12,1 L,+25.280
8110.023,23,12,1 L,+25.045
8113.451,23,12,1 L,+24.849
8116.711,23,12,1 L,+24.748
8120.344,23,12,1 L,+24.534
8125.289,23,12,1 L,+24.566
8128.218,23,12,1 L,+24.668
8130.396,23,12,1 L,+24.867
8134.438,23,12,1 L,+25.120
8137.652,23,12,1 L,+25.124
8141.458,23,12,1 L,+25.157
8145.334,23,12,1 L,+25.116
8148.679,23,12,1 L,+24.174
8153.68,23,12,1 L,+23.569
8158.772,23,12,1 L,+23.434
8162.763,23,12,1 L,+23.333
8168.388,23,12,1 L,+23.192
8171.982,23,12,1 L,+23.223
8175.757,23,12,1 L,+23.339
8177.892,23,12,1 L,+23.401
8180.045,23,12,1 L,+23.389
8185.162,23,12,1 L,+23.281
8185.852,23,12,1 L,+23.276
8188.563,23,12,1 L,+23.279
8189.997,23,12,1 L,+23.342
8194.876,23,12,1 L,+23.221
8198.308,23,12,1 L,+23.070
8201.564,23,12,1 L,+21.780
8205.203,23,12,1 L,+21.458
8210.134,23,12,1 L,+21.347
8212.936,23,12,1 L,+21.308
8214.963,23,12,1 L,+21.294
8218.899,23,12,1 L,+21.372
8222.13,23,12,1 L,+21.366
8225.947,23,12,1 L,+21.452
8229.817,23,12,1 L,+21.586
8233.246,23,12,1 L,+21.707
8238.194,23,12,1 L,+21.767
8243.322,23,12,1 L,+21.772
8247.316,23,12,1 L,+21.827
8253.11,23,12,1 L,+21.668
8256.583,23,12,1 L,+21.652
8260.354,23,12,1 L,+21.717
8262.551,23,12,1 L,+21.752
8264.685,23,12,1 L,+21.709
8269.92,23,12,1 L,+21.710
8270.615,23,12,1 L,+21.728
8273.329,23,12,1 L,+21.803
8274.815,23,12,1 L,+21.874
8279.678,23,12,1 L,+21.738
8283.124,23,12,1 L,+21.581
8286.405,23,12,1 L,+21.479
8290.042,23,12,1 L,+21.266
8295.025,23,12,1 L,+21.357
8297.78,23,12,1 L,+21.345
8299.836,23,12,1 L,+21.353
8303.72,23,12,1 L,+21.420
8306.957,23,12,1 L,+21.452
8310.791,23,12,1 L,+21.534
8314.642,23,12,1 L,+21.674
8317.968,23,12,1 L,+21.788
8322.931,23,12,1 L,+21.794
8328.043,23,12,1 L,+21.822
8331.987,23,12,1 L,+21.773
8337.743,23,12,1 L,+21.668
8341.324,23,12,1 L,+21.745
8345.105,23,12,1 L,+21.861
8347.259,23,12,1 L,+21.851
8349.384,23,12,1 L,+21.791
8354.666,23,12,1 L,+21.873
8355.33,23,12,1 L,+21.908
8358.124,23,12,1 L,+22.050
8359.559,23,12,1 L,+22.067
8364.462,23,12,1 L,+22.001
8367.956,23,12,1 L,+21.961
8371.211,23,12,1 L,+21.886
8374.965,23,12,1 L,+21.774
8379.932,23,12,1 L,+21.806
8382.703,23,12,1 L,+21.803
8384.756,23,12,1 L,+21.822
8388.722,23,12,1 L,+21.939
8391.948,23,12,1 L,+21.892
8395.724,23,12,1 L,+21.991
8399.638,23,12,1 L,+22.201
8403.041,23,12,1 L,+22.413
8408.05,23,12,1 L,+22.463
8413.142,23,12,1 L,+22.484
8417.136,23,12,1 L,+22.463
8422.862,23,12,1 L,+22.286
8426.39,23,12,1 L,+22.249
8430.15,23,12,1 L,+22.296
8432.327,23,12,1 L,+22.336
8434.47,23,12,1 L,+22.341
8439.69,23,12,1 L,+22.286
8440.362,23,12,1 L,+22.305
8443.101,23,12,1 L,+22.393
8444.539,23,12,1 L,+22.437
8449.469,23,12,1 L,+22.299
8452.945,23,12,1 L,+22.252
8456.283,23,12,1 L,+22.314
8459.982,23,12,1 L,+22.132
8464.944,23,12,1 L,+22.082
8467.661,23,12,1 L,+22.036
8469.706,23,12,1 L,+22.014
8473.658,23,12,1 L,+22.137
8476.861,23,12,1 L,+22.132
8480.726,23,12,1 L,+22.250
8484.59,23,12,1 L,+22.483
8487.997,23,12,1 L,+22.724
8492.966,23,12,1 L,+22.735
8498.047,23,12,1 L,+22.910
8502.047,23,12,1 L,+23.089
8507.696,23,12,1 L,+22.576
8511.248,23,12,1 L,+22.448
8515.001,23,12,1 L,+22.467
8517.162,23,12,1 L,+22.471
8519.287,23,12,1 L,+22.440
8524.541,23,12,1 L,+22.284
8525.214,23,12,1 L,+22.258
8528.026,23,12,1 L,+22.154
8529.443,23,12,1 L,+22.148
8534.316,23,12,1 L,+22.016
8537.857,23,12,1 L,+22.022
8541.151,23,12,1 L,+22.037
8544.896,23,12,1 L,+21.952
8549.864,23,12,1 L,+21.961
8552.53,23,12,1 L,+21.918
8554.644,23,12,1 L,+21.892
8558.539,23,12,1 L,+22.016
8565.531,23,12,1 L,+22.109
8569.47,23,12,1 L,+22.282
8572.862,23,12,1 L,+22.454
8577.77,23,12,1 L,+22.453
8582.942,23,12,1 L,+22.512
8586.873,23,12,1 L,+22.475
8592.653,23,12,1 L,+22.332
8596.224,23,12,1 L,+22.432
8600.063,23,12,1 L,+22.549
8602.256,23,12,1 L,+22.656
8604.357,23,12,1 L,+22.632
8609.542,23,12,1 L,+22.648
8610.214,23,12,1 L,+22.676
8612.986,23,12,1 L,+22.799
8614.42,23,12,1 L,+22.844
8619.491,23,12,1 L,+22.919
8623.007,23,12,1 L,+22.852
8626.348,23,12,1 L,+22.790
8630.05,23,12,1 L,+22.641
8634.934,23,12,1 L,+22.590
8637.675,23,12,1 L,+22.584
8639.706,23,12,1 L,+22.598
8643.754,23,12,1 L,+22.754
8646.892,23,12,1 L,+22.753
8650.693,23,12,1 L,+22.841
8654.627,23,12,1 L,+23.015
8658.04,23,12,1 L,+23.164
8663.096,23,12,1 L,+23.199
8668.106,23,12,1 L,+23.133
8672.212,23,12,1 L,+23.263
8677.965,23,12,1 L,+23.111
8681.683,23,12,1 L,+23.302
8686.21,23,12,1 L,+24.190
8688.448,23,12,1 L,+24.286
8690.579,23,12,1 L,+24.337
8695.918,23,12,1 L,+24.498
8696.618,23,12,1 L,+24.530
8699.415,23,12,1 L,+24.637
8700.893,23,12,1 L,+24.746
8705.963,23,12,1 L,+24.779
8709.492,23,12,1 L,+24.729
8713.763,23,12,1 L,+25.635
8717.676,23,12,1 L,+25.695
8722.785,23,12,1 L,+25.923
8725.576,23,12,1 L,+25.933
8727.629,23,12,1 L,+25.922
8731.568,23,12,1 L,+26.113
8734.804,23,12,1 L,+26.112
8738.537,23,12,1 L,+26.140
8742.391,23,12,1 L,+26.191
8745.67,23,12,1 L,+26.204
8750.585,23,12,1 L,+26.190
8755.724,23,12,1 L,+26.137
8759.598,23,12,1 L,+26.105
8765.428,23,12,1 L,+26.003
8768.993,23,12,1 L,+26.099
8772.827,23,12,1 L,+26.209
8774.85,23,12,1 L,+26.223
8777.054,23,12,1 L,+26.251
8782.226,23,12,1 L,+26.223
8782.89,23,12,1 L,+26.225
8850.684,23,12,1L,+26.225
12.598,43,16,,
3744.324,43,16,,+0.024
3750.147,43,16,+2.539,+1.116
3751.628,43,17,+2.539,+1.116
3752.524,43,18,+2.539,+1.116
3752.599,43,20,+2.539,+1.116
3752.891,43,15,+2.539,+1.116
3752.973,43,15,+2.701,+0.372
3753.898,43,16,+2.701,+0.372
3758.83,43,15,+2.701,+0.372
3758.916,43,15,+3.669,+0.468
3759.234,43,16,+3.669,+0.468
3763.271,43,16,+3.562,+0.429
3766.3,43,14,+3.562,+0.429
3766.384,43,14,+3.487,+0.788
3767.397,43,15,+3.487,+0.788
3767.535,43,16,+3.487,+0.788
3770.751,43,16,+4.079,+0.271
3776.603,43,17,+4.079,+0.271
3776.608,43,16,+4.079,+0.271
3776.699,43,16,+4.961,+0.237
3780.058,43,17,+4.961,+0.237
3780.35,43,18,+4.961,+0.237
3780.667,43,16,+4.961,+0.237
3780.756,43,16,+5.560,+0.268
3782.011,43,16,+5.722,+0.315
3786.833,43,16,+6.578,+0.219
3791.964,43,16,+6.765,+0.288
3794.256,43,16,+6.724,+0.313
3798.14,43,16,+6.474,+0.361
3801.103,43,16,+6.167,+0.290
3807.313,43,17,+6.167,+0.290
3807.492,43,17,+7.270,+0.197
3812.951,43,17,+7.642,+0.217
3817.508,43,17,+8.138,+0.251
3823.885,43,17,+8.755,+0.437
3827.428,43,16,+8.755,+0.437
3827.513,43,16,+8.962,+1.001
3828.036,43,17,+8.962,+1.001
3831.467,43,17,+9.416,+0.521
3833.713,43,17,+9.538,+0.463
3835.678,43,17,+9.687,+0.502
3840.945,43,17,+9.725,+0.324
3841.592,43,17,+9.684,+0.280
3844.455,43,17,+9.576,+0.270
3846.128,43,17,+9.818,+0.354
3851.507,43,17,+10.396,+0.567
3855.12,43,17,+10.390,+0.513
3858.622,43,17,+10.538,+0.428
3862.79,43,17,+10.931,+0.637
3868.134,43,17,+11.186,+0.798
3870.804,43,17,+11.313,+0.801
3872.954,43,17,+11.263,+0.780
3876.982,43,17,+11.424,+0.652
3880.316,43,17,+11.454,+0.699
3884.077,43,17,+11.411,+0.738
3887.847,43,17,+11.294,+0.799
3891.113,43,17,+11.172,+0.762
3896.514,43,17,+11.053,+0.364
3901.678,43,17,+11.150,+0.150
3907.32,43,16,+11.150,+0.150
3907.401,43,16,+11.058,+0.758
3911.803,43,16,+11.300,+1.067
3916.023,43,16,+11.790,+1.366
3919.485,43,16,+11.824,+1.344
3921.688,43,16,+11.793,+1.290
3923.734,43,16,+11.882,+1.329
3929.09,43,16,+12.066,+1.569
3929.815,43,16,+12.078,+1.618
3932.686,43,16,+12.090,+1.797
3934.423,43,16,+12.108,+1.696
3939.168,43,16,+12.353,+1.547
3942.736,43,16,+12.319,+1.651
3946.047,43,16,+12.162,+1.430
3949.863,43,16,+12.308,+1.073
3954.99,43,16,+12.566,+1.060
3957.888,43,16,+12.708,+1.059
3960.035,43,16,+12.824,+1.033
3964.091,43,16,+13.126,+0.966
3967.442,43,16,+13.167,+1.060
3971.215,43,16,+12.329,+1.094
3975.056,43,16,+12.406,+1.166
3978.379,43,16,+12.521,+1.274
3983.609,43,16,+12.570,+1.161
3988.828,43,16,+12.460,+1.178
3993.693,43,16,+12.528,+1.123
3998.818,43,16,+12.571,+1.122
4002.516,43,16,+12.720,+1.150
4006.486,43,16,+13.053,+0.990
4008.696,43,16,+13.102,+0.885
4010.818,43,16,+13.203,+0.851
4016.056,43,16,+13.161,+0.825
4016.728,43,16,+13.120,+0.826
4019.379,43,16,+12.905,+0.826
4020.924,43,16,+12.989,+0.797
4026.056,43,16,+13.322,+0.888
4029.631,43,16,+13.219,+0.937
4033.065,43,16,+13.259,+0.921
4036.917,43,16,+13.479,+0.964
4042.048,43,16,+13.666,+1.002
4044.95,43,16,+13.851,+1.040
4047.095,43,16,+13.854,+1.032
4051.09,43,16,+14.062,+0.869
4054.395,43,16,+14.097,+0.832
4058.092,43,16,+14.048,+0.750
4061.833,43,16,+13.897,+0.638
4065.031,43,16,+13.714,+0.547
4070.373,43,16,+14.097,+0.489
4075.612,43,16,+14.115,+0.519
4079.911,43,16,+14.268,+0.537
4085.673,43,16,+14.377,+0.435
4089.404,43,16,+14.743,+0.418
4093.396,43,16,+15.214,+0.457
4095.58,43,16,+15.313,+0.501
4097.722,43,16,+15.449,+0.526
4102.898,43,16,+15.411,+0.441
4103.512,43,16,+15.379,+0.422
4106.159,43,16,+15.258,+0.363
4107.852,43,16,+15.525,+0.491
4113.046,43,16,+15.966,+0.650
4116.594,43,16,+15.842,+0.734
4120.01,43,16,+15.898,+0.769
4123.894,43,16,+16.177,+0.789
4128.957,43,16,+16.415,+0.763
4131.748,43,16,+16.554,+0.745
4133.899,43,16,+16.549,+0.706
4137.904,43,16,+16.764,+0.646
4141.184,43,16,+16.830,+0.642
4144.954,43,16,+16.796,+0.595
4148.664,43,16,+16.663,+0.591
4151.856,43,16,+16.480,+0.579
4157.301,43,16,+17.033,+0.376
4162.525,43,16,+17.036,+0.397
4166.795,43,16,+17.204,+0.382
4172.794,43,16,+17.537,+0.244
4176.67,43,16,+17.984,+0.187
4180.903,43,16,+18.733,+0.372
4183.037,43,16,+18.810,+0.382
4185.217,43,16,+18.920,+0.453
4190.429,43,16,+18.963,+0.453
4191.068,43,16,+18.910,+0.423
4193.607,43,16,+18.690,+0.308
4195.212,43,16,+18.898,+0.345
4200.544,43,16,+19.358,+0.435
4204.03,43,16,+19.195,+0.511
4207.404,43,16,+19.113,+0.410
4211.404,43,16,+19.479,+0.398
4216.623,43,16,+19.860,+0.513
4219.508,43,16,+20.076,+0.585
4221.677,43,16,+20.130,+0.624
4225.764,43,16,+20.381,+0.555
4229.057,43,16,+20.420,+0.536
4232.792,43,16,+20.375,+0.469
4236.505,43,16,+20.238,+0.403
4239.725,43,16,+20.064,+0.402
4245.266,43,16,+20.606,+0.260
4250.443,43,16,+20.594,+0.033
4254.354,43,15,+20.594,+0.033
4254.434,43,15,+20.546,+0.420
4260.644,43,15,+20.765,+0.760
4264.263,43,15,+21.029,+0.843
4268.216,43,15,+21.418,+1.035
4270.374,43,15,+21.396,+1.013
4272.474,43,15,+21.428,+1.067
4277.851,43,15,+21.589,+1.070
4278.54,43,15,+21.601,+1.064
4281.323,43,15,+21.624,+1.045
4282.877,43,15,+21.767,+1.108
4287.919,43,15,+21.996,+1.224
4291.518,43,15,+21.922,+1.226
4294.896,43,15,+21.903,+1.278
4298.679,43,15,+22.055,+1.354
4303.751,43,15,+22.254,+1.472
4306.586,43,15,+22.389,+1.511
4308.688,43,15,+22.406,+1.527
4312.661,43,15,+22.564,+1.524
4315.93,43,15,+22.600,+1.491
4319.643,43,15,+22.589,+1.413
4323.498,43,15,+22.532,+1.293
4326.789,43,15,+22.439,+1.215
4331.954,43,15,+22.688,+1.294
4337.117,43,15,+22.664,+1.171
4341.184,43,15,+22.713,+1.247
4346.966,43,15,+22.858,+1.302
4350.516,43,15,+23.109,+1.360
4354.39,43,15,+23.508,+1.473
4356.606,43,15,+23.501,+1.469
4358.702,43,15,+23.581,+1.566
4363.958,43,15,+22.914,+1.467
4364.624,43,15,+23.635,+1.434
4367.324,43,15,+23.050,+1.347
4368.865,43,15,+23.173,+1.398
4373.933,43,15,+23.549,+1.502
4377.471,43,15,+23.703,+1.435
4380.77,43,15,+23.590,+1.380
4384.552,43,15,+23.504,+1.449
4389.655,43,15,+23.216,+1.578
4392.48,43,15,+23.361,+1.692
4394.649,43,15,+23.515,+1.756
4398.619,43,15,+23.619,+1.779
4401.893,43,15,+23.621,+1.776
4405.655,43,15,+23.595,+1.716
4409.431,43,15,+23.579,+1.616
4412.718,43,15,+23.543,+1.549
4417.821,43,15,+23.716,+1.603
4423.074,43,15,+23.644,+1.590
4427.008,43,15,+23.501,+1.614
4432.847,43,15,+23.116,+1.694
4436.339,43,15,+23.641,+1.676
4440.226,43,15,+23.912,+1.751
4442.38,43,15,+23.883,+1.763
4444.477,43,15,+23.998,+1.856
4449.79,43,15,+23.945,+1.829
4450.485,43,15,+23.890,+1.819
4453.153,43,15,+23.682,+1.788
4454.573,43,15,+23.668,+1.802
4459.716,43,15,+23.464,+1.959
4463.314,43,15,+23.340,+2.033
4466.654,43,15,+23.377,+2.105
4470.47,43,15,+23.188,+2.117
4475.559,43,15,+23.192,+2.173
4478.327,43,15,+23.351,+2.191
4480.508,43,15,+23.476,+2.215
4484.471,43,15,+23.775,+2.241
4487.735,43,15,+23.782,+2.202
4491.482,43,15,+23.696,+2.109
4495.3,43,15,+23.516,+1.979
4498.572,43,15,+23.303,+1.895
4503.584,43,15,+23.397,+1.758
4508.825,43,15,+23.458,+1.757
4512.763,43,15,+23.321,+1.630
4518.569,43,15,+23.482,+1.643
4522.106,43,15,+23.678,+1.655
4525.839,43,15,+23.890,+1.627
4527.904,43,15,+23.786,+1.579
4537.966,43,16,+23.786,+1.579
4540.659,43,17,+23.786,+1.579
4544.122,43,18,+23.786,+1.579
4546.323,43,19,+23.786,+1.579
4548.9,43,20,+23.786,+1.579
4566.834,43,20,+51.946,+15.087
4568.61,43,20,+52.349,+15.309
4575.261,43,20,+54.203,+16.856
4578.965,43,20,+54.204,+16.906
4582.437,43,20,+54.184,+16.854
4586.286,43,20,+54.451,+16.940
4591.501,43,20,+54.745,+17.030
4594.415,43,20,+54.913,+17.049
4596.587,43,20,+54.954,+17.014
4600.567,43,20,+55.176,+17.048
4603.886,43,20,+55.270,+16.990
4607.7,43,20,+55.301,+16.881
4611.582,43,20,+55.348,+16.778
4614.997,43,20,+55.375,+16.683
4620.204,43,20,+55.765,+16.787
4625.465,43,20,+55.864,+16.756
4629.539,43,20,+55.950,+16.825
4635.351,43,20,+56.067,+16.665
4638.952,43,20,+56.323,+16.659
4642.789,43,20,+56.651,+16.753
4644.892,43,20,+56.691,+16.743
4647.19,43,20,+56.868,+16.812
4652.449,43,20,+56.992,+16.640
4653.12,43,20,+57.004,+16.624
4655.965,43,20,+57.057,+16.568
4657.359,43,20,+57.123,+16.509
4662.517,43,20,+57.456,+16.548
4666.108,43,20,+57.324,+16.482
4669.406,43,20,+57.207,+16.341
4673.199,43,20,+57.345,+16.358
4678.291,43,20,+57.575,+16.315
4681.16,43,20,+57.784,+16.348
4683.34,43,20,+57.948,+16.316
4689.039,43,20,+59.968,+17.998
4694.011,43,20,+61.795,+19.685
4699.651,43,20,+63.589,+52.325
4705.205,43,20,+65.208,+50.914
4710.743,43,20,+67.290,+46.700
4718.888,43,19,+67.290,+46.700
4718.971,43,19,+70.680,+23.227
4724.827,43,19,+71.374,+21.896
4729.862,43,19,+72.425,+21.615
4736.348,43,19,+73.251,+21.496
4740.73,43,19,+74.313,+21.925
4745.217,43,19,+75.307,+22.203
4747.948,43,19,+75.948,+22.472
4750.791,43,19,+76.783,+22.472
4757.95,43,19,+78.702,+22.472
4758.905,43,18,+78.702,+22.472
4758.922,43,18,+79.013,+10.838
4762.931,43,18,+80.237,+8.254
4765.062,43,18,+80.954,+8.420
4771.782,43,18,+79.479,+7.208
4776.79,43,18,+78.764,+7.948
4781.483,43,18,+79.233,+8.681
4786.085,43,18,+79.481,+8.430
4792.599,43,18,+79.006,+7.414
4796.569,43,18,+79.456,+7.474
4799.558,43,18,+80.008,+7.802
4804.296,43,18,+80.333,+7.296
4808.636,43,18,+81.246,+4.198
4813.972,43,18,+79.430,+2.486
4820.049,43,18,+78.506,+1.950
4827.145,43,18,+79.411,+1.145
4836.519,43,18,+80.733,+0.668
4847.355,43,18,+85.937,+0.314
4856.217,43,18,+90.286,+0.566
4863.657,43,17,+90.286,+0.566
4863.737,43,17,+91.570,+11.310
4867.576,43,17,+91.614,+11.588
4871.657,43,17,+91.101,+11.830
4873.954,43,17,+90.664,+11.874
4876.257,43,17,+90.433,+12.014
4881.978,43,17,+88.960,+12.177
4882.629,43,17,+88.675,+12.168
4885.489,43,17,+87.624,+12.112
4887.077,43,17,+87.309,+12.041
4892.636,43,17,+86.616,+12.356
4896.39,43,17,+84.642,+12.469
4899.903,43,17,+83.122,+12.408
4903.858,43,17,+82.852,+12.048
4909.282,43,17,+82.483,+10.403
4912.474,43,17,+81.033,+9.412
4914.701,43,17,+80.097,+8.819
4919.119,43,17,+78.377,+7.672
4923.115,43,17,+78.645,+7.031
4928.555,43,17,+80.117,+7.647
4933.899,43,17,+78.061,+7.189
4937.875,43,17,+76.183,+6.593
4943.135,43,17,+73.405,+5.773
4948.48,43,17,+73.051,+5.676
4952.701,43,17,+72.896,+5.758
4958.573,43,17,+72.347,+5.707
4962.183,43,17,+72.239,+5.808
4966.103,43,17,+71.091,+5.839
4968.221,43,17,+69.735,+5.833
4970.472,43,17,+69.571,+5.833
4975.815,43,17,+67.818,+5.833
4976.503,43,16,+67.818,+5.833
4976.505,43,16,+67.369,+16.954
4979.286,43,16,+66.026,+17.128
4980.76,43,16,+65.622,+17.145
4985.863,43,16,+64.818,+17.274
4989.448,43,16,+63.179,+17.502
4992.776,43,16,+61.954,+17.505
4996.508,43,16,+61.446,+17.498
5001.572,43,16,+61.521,+17.588
5004.415,43,16,+61.656,+17.614
5006.572,43,16,+61.773,+17.629
5010.518,43,16,+62.036,+17.707
5013.836,43,16,+62.064,+17.751
5017.584,43,16,+62.038,+17.768
5021.45,43,16,+61.956,+17.759
5024.84,43,16,+61.881,+17.767
5029.973,43,16,+62.085,+17.721
5035.191,43,16,+62.184,+17.737
5039.272,43,16,+62.221,+17.676
5045.104,43,16,+62.411,+17.697
5048.62,43,16,+62.632,+17.676
5052.404,43,16,+62.902,+17.754
5054.991,43,16,+63.310,+18.186
5057.218,43,16,+63.490,+18.359
5062.475,43,16,+63.546,+18.393
5063.135,43,16,+63.543,+18.384
5065.934,43,16,+63.518,+18.335
5067.385,43,16,+63.603,+18.272
5072.315,43,16,+63.834,+18.294
5075.916,43,16,+63.830,+18.359
5079.276,43,16,+63.751,+18.334
5082.98,43,16,+63.885,+18.308
5087.982,43,16,+64.026,+18.307
5090.732,43,16,+64.107,+18.277
5092.889,43,16,+64.106,+18.261
5096.773,43,16,+64.238,+18.164
5100.026,43,16,+64.300,+18.188
5103.782,43,16,+64.313,+18.220
5107.639,43,16,+64.308,+18.302
5111.018,43,16,+64.299,+18.433
5116.032,43,16,+64.443,+18.281
5121.253,43,16,+64.434,+18.417
5125.338,43,16,+64.524,+18.411
5131.059,43,16,+64.619,+17.793
5134.519,43,16,+64.854,+17.253
5138.435,43,16,+65.160,+16.977
5140.494,43,16,+65.194,+16.957
5142.842,43,16,+65.350,+17.049
5148.08,43,16,+65.373,+17.152
5148.721,43,16,+65.378,+17.193
5151.527,43,16,+65.397,+17.336
5152.939,43,16,+65.432,+17.042
5157.873,43,16,+65.585,+16.576
5161.442,43,16,+65.570,+16.557
5164.822,43,16,+65.685,+16.531
5168.545,43,16,+65.795,+16.138
5173.593,43,16,+65.981,+15.056
5176.384,43,16,+66.124,+14.691
5178.552,43,16,+66.157,+14.526
5182.535,43,16,+66.349,+14.193
5185.773,43,16,+66.392,+14.125
5189.555,43,16,+66.431,+14.106
5193.453,43,16,+66.474,+14.190
5196.86,43,16,+66.521,+14.316
5202.058,43,16,+66.736,+14.657
5207.173,43,16,+66.766,+14.389
5211.183,43,16,+66.796,+14.195
5216.91,43,16,+66.855,+12.906
5220.461,43,16,+67.131,+12.560
5224.39,43,16,+67.479,+12.553
5226.468,43,16,+67.533,+12.459
5228.642,43,16,+67.645,+12.348
5233.967,43,16,+67.760,+12.076
5234.655,43,16,+67.778,+12.032
5237.426,43,16,+67.860,+11.881
5238.834,43,16,+67.966,+11.662
5243.925,43,16,+67.974,+11.471
5247.553,43,16,+67.874,+11.423
5250.835,43,16,+67.762,+11.070
5254.55,43,16,+67.757,+10.955
5259.605,43,16,+67.855,+10.863
5262.357,43,16,+67.992,+10.778
5264.536,43,16,+68.115,+10.762
5268.456,43,16,+68.363,+10.598
5271.717,43,16,+68.386,+10.485
5275.502,43,16,+68.350,+10.431
5279.307,43,16,+68.268,+10.427
5282.698,43,16,+68.197,+10.464
5287.727,43,16,+68.406,+10.212
5292.962,43,16,+68.466,+9.909
5296.978,43,16,+68.366,+9.609
5302.678,43,16,+68.399,+9.276
5306.172,43,16,+68.636,+9.100
5310.055,43,16,+68.889,+9.087
5312.161,43,16,+68.968,+9.010
5314.348,43,16,+69.073,+9.058
5319.691,43,16,+69.131,+9.112
5320.362,43,16,+69.130,+9.125
5323.124,43,16,+69.121,+9.197
5324.56,43,16,+69.138,+9.136
5329.525,43,16,+69.292,+8.889
5335.77,43,16,+71.986,+11.475
5342.574,43,16,+75.441,+14.684
5347.201,43,16,+76.481,+15.488
5353.902,43,16,+78.313,+15.029
5357.362,43,16,+79.085,+14.023
5359.64,43,16,+79.374,+13.671
5364.072,43,16,+80.163,+13.526
5367.847,43,16,+80.655,+13.169
5372.236,43,16,+81.221,+12.888
5378.011,43,16,+83.147,+13.949
5382.702,43,16,+84.358,+12.449
5389.63,43,16,+86.572,+11.759
5396.755,43,16,+88.526,+11.754
5402.175,43,16,+89.746,+11.678
5409.659,43,16,+91.731,+11.983
5414.692,43,16,+93.409,+12.137
5419.218,43,16,+94.079,+12.313
5422.029,43,16,+94.612,+12.515
5425.093,43,16,+95.642,+12.515
5432.371,43,16,+93.183,+12.515
5433.303,43,15,+93.183,+12.515
5433.327,43,15,+92.489,+17.050
5437.087,43,15,+92.291,+16.492
5439.013,43,15,+92.371,+16.233
5445.596,43,15,+91.590,+15.900
5450.401,43,15,+91.836,+15.993
5454.754,43,15,+92.332,+16.337
5459.591,43,15,+92.698,+17.207
5466.371,43,15,+92.855,+17.627
5470.15,43,15,+93.525,+15.897
5472.621,43,15,+93.802,+15.596
5477.346,43,15,+93.734,+15.518
5481.918,43,15,+94.408,+16.252
5486.816,43,15,+94.206,+16.392
5492.738,43,15,+94.324,+16.924
5496.9,43,15,+93.569,+15.743
5501.923,43,15,+91.944,+13.440
5507.2,43,15,+90.276,+12.874
5511.433,43,15,+88.052,+12.584
5517.244,43,15,+86.837,+12.527
5520.782,43,15,+86.195,+12.624
5524.696,43,15,+84.972,+12.555
5526.901,43,15,+83.951,+12.647
5529.066,43,15,+82.675,+12.737
5534.357,43,15,+80.725,+12.897
5535.038,43,15,+80.512,+12.918
5537.719,43,15,+79.741,+12.994
5539.188,43,15,+79.497,+12.965
5544.108,43,15,+78.488,+12.983
5547.673,43,15,+77.647,+13.187
5550.944,43,15,+75.067,+13.149
5554.655,43,15,+74.320,+13.124
5559.622,43,15,+73.500,+13.219
5562.408,43,15,+72.714,+13.208
5564.522,43,15,+72.117,+13.192
5568.337,43,15,+71.510,+13.075
5571.633,43,15,+71.470,+13.089
5575.361,43,15,+71.485,+13.062
5579.25,43,15,+71.568,+12.966
5582.967,43,15,+71.614,+12.907
5587.653,43,15,+71.630,+12.792
5592.879,43,15,+71.668,+12.838
5597.129,43,15,+71.848,+12.893
5602.801,43,15,+71.864,+12.890
5606.321,43,15,+72.081,+12.911
5610.137,43,15,+72.353,+12.979
5612.221,43,15,+72.370,+12.985
5614.304,43,15,+72.463,+13.070
5619.64,43,15,+72.632,+13.176
5620.332,43,15,+72.660,+13.181
5623.158,43,15,+72.775,+13.170
5624.538,43,15,+72.837,+13.085
5629.44,43,15,+73.014,+13.083
5633.016,43,15,+72.989,+13.072
5636.316,43,15,+72.971,+12.940
5639.975,43,15,+73.037,+12.870
5644.928,43,15,+73.124,+12.973
5647.654,43,15,+73.170,+12.975
5649.758,43,15,+73.125,+12.959
5653.615,43,15,+73.192,+12.916
5656.854,43,15,+73.248,+12.925
5660.609,43,15,+73.259,+12.948
5664.492,43,15,+73.298,+13.007
5667.902,43,15,+73.329,+13.051
5672.747,43,15,+73.417,+12.862
5677.981,43,15,+73.466,+12.952
5681.922,43,15,+73.378,+12.856
5687.664,43,15,+73.411,+12.869
5691.105,43,15,+73.605,+12.902
5695.02,43,15,+73.909,+13.038
5697.071,43,15,+74.016,+13.096
5699.313,43,15,+74.159,+13.139
5704.573,43,15,+74.252,+13.195
5705.299,43,15,+74.270,+13.203
5708.022,43,15,+74.351,+13.237
5709.459,43,15,+74.449,+13.280
5714.381,43,15,+74.539,+13.271
5717.894,43,15,+74.500,+13.273
5721.174,43,15,+74.493,+13.231
5724.884,43,15,+74.574,+13.152
5729.882,43,15,+74.722,+13.251
5732.603,43,15,+74.784,+13.216
5734.724,43,15,+74.736,+13.147
5738.497,43,15,+74.752,+13.004
5741.722,43,15,+74.797,+13.009
5745.465,43,15,+74.825,+13.021
5749.362,43,15,+74.892,+13.058
5752.738,43,15,+74.950,+13.089
5757.669,43,15,+75.157,+12.966
5762.88,43,15,+75.171,+12.965
5766.881,43,15,+75.229,+13.004
5772.664,43,15,+75.249,+12.992
5776.15,43,15,+75.437,+13.038
5780.067,43,15,+75.736,+13.179
5782.174,43,15,+75.704,+13.194
5784.312,43,15,+75.789,+13.221
5789.607,43,15,+75.852,+13.185
5790.29,43,15,+75.865,+13.173
5793.059,43,15,+75.933,+13.110
5794.462,43,15,+75.996,+13.058
5799.363,43,15,+76.036,+13.000
5802.958,43,15,+76.012,+13.011
5806.147,43,15,+75.963,+12.948
5809.838,43,15,+76.020,+12.873
5814.888,43,15,+76.186,+12.914
5817.666,43,15,+76.293,+12.929
5819.801,43,15,+76.261,+12.911
5823.675,43,15,+76.336,+12.864
5826.907,43,15,+76.358,+12.884
5830.625,43,15,+76.393,+12.899
5834.512,43,15,+76.504,+12.925
5837.882,43,15,+76.626,+12.950
5842.838,43,15,+76.825,+12.881
5848.028,43,15,+76.853,+12.962
5852.162,43,15,+76.890,+13.074
5857.901,43,15,+76.942,+12.958
5861.36,43,15,+77.108,+12.956
5865.184,43,15,+77.398,+13.022
5867.368,43,15,+77.433,+13.075
5869.532,43,15,+77.507,+13.200
5874.747,43,15,+77.518,+13.229
5875.404,43,15,+77.525,+13.235
5878.163,43,15,+77.571,+13.263
5879.618,43,15,+77.652,+13.292
5884.518,43,15,+77.763,+13.270
5888.078,43,15,+77.714,+13.204
5891.389,43,15,+77.720,+13.089
5895.178,43,15,+77.827,+13.096
5900.233,43,15,+77.996,+13.253
5902.992,43,15,+78.059,+13.249
5905.168,43,15,+78.033,+13.248
5909.095,43,15,+78.190,+13.238
5912.352,43,15,+78.245,+13.269
5916.138,43,15,+78.266,+13.274
5919.945,43,15,+78.285,+13.277
5923.32,43,15,+78.308,+13.286
5928.302,43,15,+78.424,+13.188
5933.531,43,15,+78.480,+13.314
5937.64,43,15,+78.651,+13.342
5943.367,43,15,+78.691,+13.316
5946.849,43,15,+78.921,+13.397
5950.715,43,15,+79.223,+13.397
5952.834,43,15,+79.229,+12.405
5954.984,43,15,+79.266,+12.240
5960.187,43,15,+79.306,+12.166
5960.872,43,15,+79.314,+12.158
5963.581,43,15,+79.362,+12.137
5965.01,43,15,+79.439,+12.064
5969.902,43,15,+77.161,+11.952
5973.473,43,15,+77.150,+11.957
5976.815,43,15,+77.172,+11.881
5980.487,43,15,+77.248,+11.787
5985.574,43,15,+77.391,+11.880
5988.307,43,15,+77.470,+11.910
5990.456,43,15,+77.478,+11.920
5994.377,43,15,+77.611,+11.907
5997.608,43,15,+77.621,+11.915
6001.369,43,15,+77.631,+11.923
6005.23,43,15,+77.681,+11.933
6008.61,43,15,+77.739,+11.930
6013.505,43,15,+77.848,+11.842
6018.732,43,15,+77.940,+11.926
6022.734,43,15,+77.882,+11.860
6028.455,43,15,+77.909,+11.871
6032.03,43,15,+78.081,+11.959
6035.826,43,15,+78.320,+12.033
6037.997,43,15,+78.293,+12.036
6040.135,43,15,+78.412,+12.091
6045.412,43,15,+78.501,+12.129
6046.103,43,15,+78.514,+12.128
6048.838,43,15,+78.573,+12.123
6050.279,43,15,+78.642,+12.122
6055.285,43,15,+78.687,+12.145
6058.805,43,15,+78.634,+12.170
6062.125,43,15,+78.584,+12.118
6065.773,43,15,+78.667,+12.106
6070.78,43,15,+78.788,+12.204
6073.543,43,15,+78.867,+12.269
6075.672,43,15,+78.845,+12.282
6079.562,43,15,+78.952,+12.320
6082.796,43,15,+78.978,+12.327
6086.549,43,15,+78.999,+12.337
6090.438,43,15,+79.031,+12.339
6093.798,43,15,+79.054,+12.318
6098.729,43,15,+79.097,+12.236
6103.968,43,15,+79.144,+12.330
6107.914,43,15,+78.967,+12.223
6113.656,43,15,+79.050,+12.132
6117.109,43,15,+79.204,+12.215
6120.988,43,15,+79.383,+12.199
6123.147,43,15,+79.372,+12.212
6125.254,43,15,+79.466,+12.270
6130.588,43,15,+79.589,+12.331
6131.238,43,15,+79.603,+12.330
6134.03,43,15,+79.665,+12.320
6135.429,43,15,+79.719,+12.273
6140.355,43,15,+79.834,+12.244
6143.89,43,15,+79.797,+12.245
6147.167,43,15,+79.764,+12.196
6150.944,43,15,+79.887,+12.208
6155.999,43,15,+80.066,+12.311
6158.817,43,15,+80.176,+12.358
6160.964,43,15,+80.186,+12.376
6164.855,43,15,+80.343,+12.361
6168.11,43,15,+80.348,+12.410
6171.893,43,15,+80.366,+12.445
6175.758,43,15,+80.423,+12.442
6179.125,43,15,+80.470,+12.435
6184.133,43,15,+80.655,+12.400
6189.335,43,15,+79.810,+12.475
6193.323,43,15,+79.819,+12.432
6199.187,43,15,+80.050,+12.506
6202.733,43,15,+80.217,+12.621
6206.615,43,15,+80.399,+12.683
6208.783,43,15,+80.347,+12.699
6210.943,43,15,+80.453,+12.774
6216.233,43,15,+80.546,+12.790
6216.869,43,15,+81.469,+12.783
6219.608,43,15,+80.585,+12.756
6221.02,43,15,+80.616,+12.689
6225.916,43,15,+80.849,+12.631
6229.468,43,15,+80.954,+12.633
6232.733,43,15,+80.900,+12.542
6236.479,43,15,+80.974,+12.470
6241.582,43,15,+81.275,+12.611
6244.401,43,15,+81.483,+12.682
6246.543,43,15,+81.674,+12.710
6250.473,43,15,+81.735,+12.699
6253.662,43,15,+81.767,+12.716
6257.407,43,15,+81.835,+12.721
6261.273,43,15,+81.996,+12.740
6264.644,43,15,+82.118,+12.713
6269.594,43,15,+82.003,+12.601
6274.755,43,15,+81.950,+12.682
6278.777,43,15,+81.880,+12.626
6284.539,43,15,+81.936,+12.648
6288.035,43,15,+82.104,+12.698
6291.946,43,15,+82.269,+12.773
6294.143,43,15,+82.211,+12.792
6296.282,43,15,+82.308,+12.835
6302.224,43,15,+83.095,+13.401
6303.082,43,15,+83.334,+13.578
6306.181,43,15,1 L,+13.791
6307.716,43,15,1 L,+13.913
6312.939,43,15,1 L,+14.170
6316.516,43,15,1 L,+14.209
6319.865,43,15,1 L,+14.188
6323.621,43,15,1 L,+14.196
6328.746,43,15,1 L,+14.360
6331.552,43,15,1 L,+14.442
6333.708,43,15,1 L,+14.473
6337.66,43,15,1 L,+14.492
6340.932,43,15,1 L,+14.539
6344.672,43,15,1 L,+14.534
6348.475,43,15,1 L,+14.502
6351.784,43,15,1 L,+14.434
6356.725,43,15,1 L,+14.397
6361.923,43,15,1 L,+14.519
6365.788,43,15,1 L,+14.387
6371.657,43,15,1 L,+14.490
6375.179,43,15,1 L,+14.618
6379.034,43,15,1 L,+14.655
6381.284,43,15,1 L,+14.699
6383.477,43,15,1 L,+14.736
6388.865,43,15,1 L,+14.801
6389.557,43,15,1 L,+14.808
6392.323,43,15,1 L,+14.851
6393.783,43,15,1 L,+14.862
6398.732,43,15,1 L,+14.856
6402.312,43,15,1 L,+14.842
6405.525,43,15,1 L,+14.759
6409.284,43,15,1 L,+14.751
6414.364,43,15,1 L,+14.745
6417.206,43,15,1 L,+14.763
6419.318,43,15,1 L,+14.762
6423.163,43,15,1 L,+14.714
6426.446,43,15,1 L,+14.711
6430.196,43,15,1 L,+14.700
6434.04,43,15,1 L,+14.701
6437.372,43,15,1 L,+14.678
6442.264,43,15,1 L,+14.457
6447.511,43,15,1 L,+14.542
6451.407,43,15,1 L,+14.364
6457.212,43,15,1 L,+14.409
6460.702,43,15,1 L,+14.453
6464.583,43,15,1 L,+14.504
6466.775,43,15,1 L,+14.492
6469.006,43,15,1 L,+14.595
6474.424,43,15,1 L,+14.713
6475.187,43,15,1 L,+14.724
6477.915,43,15,1 L,+14.755
6479.429,43,15,1 L,+14.728
6484.669,43,15,1 L,+15.009
6488.625,43,15,1 L,+15.352
6492.174,43,15,1 L,+15.556
6496.078,43,15,1 L,+15.636
6501.397,43,15,1 L,+15.758
6504.107,43,15,1 L,+15.859
6506.253,43,15,1 L,+15.871
6510.21,43,15,1 L,+15.919
6513.489,43,15,1 L,+15.948
6517.24,43,15,1 L,+15.908
6520.985,43,15,1 L,+15.846
6524.279,43,15,1 L,+15.758
6529.312,43,15,1 L,+15.680
6534.525,43,15,1 L,+15.703
6538.385,43,15,1 L,+15.491
6544.274,43,15,1 L,+15.576
6547.787,43,15,1 L,+15.622
6551.801,43,15,1 L,+15.855
6554.052,43,15,1 L,+15.975
6556.417,43,15,1 L,+16.182
6561.699,43,15,1 L,+16.205
6562.435,43,15,1 L,+16.192
6565.082,43,15,1 L,+16.134
6566.487,43,15,1 L,+16.081
6571.503,43,15,1 L,+16.181
6575.046,43,15,1 L,+16.173
6578.252,43,15,1 L,+16.046
6582.149,43,15,1 L,+16.041
6587.21,43,15,1 L,+16.167
6590.039,43,15,1 L,+16.225
6592.18,43,15,1 L,+16.226
6596.107,43,15,1 L,+16.239
6599.357,43,15,1 L,+16.276
6603.071,43,15,1 L,+16.273
6606.892,43,15,1 L,+16.258
6610.216,43,15,1 L,+16.168
6615.284,43,15,1 L,+16.150
6620.523,43,15,1 L,+16.143
6624.481,43,15,1 L,+15.954
6630.286,43,15,1 L,+15.997
6633.816,43,15,1 L,+16.096
6637.73,43,15,1 L,+16.116
6639.934,43,15,1 L,+16.065
6642.17,43,15,1 L,+16.100
6647.394,43,15,1 L,+16.052
6648.097,43,15,1 L,+16.032
6650.778,43,15,1 L,+15.934
6652.232,43,15,1 L,+15.857
6657.286,43,15,1 L,+15.824
6660.815,43,15,1 L,+15.826
6664.065,43,15,1 L,+15.773
6667.944,43,15,1 L,+15.835
6673.054,43,15,1 L,+15.922
6675.979,43,15,1 L,+16.083
6679.868,43,15,1 L,+17.861
6685.874,43,15,1 L,+19.920
6690.439,43,15,1 L,+21.226
6695.775,43,15,1 L,+22.790
6701.419,43,15,1 L,+24.181
6707.991,43,15,1 L,+22.368
6714.204,43,15,1 L,+21.473
6719.403,43,15,1 L,+20.040
6723.665,43,15,1 L,+19.896
6729.876,43,15,1 L,+19.855
6733.42,43,15,1 L,+19.325
6737.294,43,15,1 L,+19.114
6739.522,43,15,1 L,+17.589
6748.686,43,15,1 L,+1.434
6751.396,43,13,1 L,+1.434
6751.489,43,13,1 L,+10.136
6753.207,43,13,1 L,+9.968
6758.391,43,13,1 L,+9.057
6761.864,43,13,1 L,+8.815
6765.137,43,13,1 L,+8.234
6768.956,43,13,1 L,+8.294
6774.129,43,13,1 L,+8.331
6776.905,43,13,1 L,+8.376
6779.074,43,13,1 L,+8.436
6783.034,43,13,1 L,+8.445
6786.302,43,13,1 L,+8.437
6790.043,43,13,1 L,+8.378
6793.83,43,13,1 L,+8.327
6797.131,43,13,1 L,+8.324
6802.09,43,13,1 L,+8.280
6807.277,43,13,1 L,+8.361
6811.125,43,13,1 L,+8.342
6817.011,43,13,1 L,+8.534
6820.522,43,13,1 L,+8.514
6824.453,43,13,1 L,+8.739
6826.663,43,13,1 L,+8.742
6828.788,43,13,1 L,+8.859
6834.022,43,13,1 L,+8.840
6834.662,43,13,1 L,+8.825
6837.373,43,13,1 L,+8.757
6838.765,43,13,1 L,+8.711
6843.903,43,13,1 L,+8.975
6847.458,43,13,1 L,+9.088
6850.711,43,13,1 L,+9.095
6854.608,43,13,1 L,+9.331
6859.652,43,13,1 L,+9.513
6862.46,43,13,1 L,+9.548
6864.593,43,13,1 L,+9.575
6868.453,43,13,1 L,+9.587
6871.704,43,13,1 L,+9.582
6875.397,43,13,1 L,+9.506
6879.219,43,13,1 L,+9.438
6882.587,43,13,1 L,+9.407
6887.619,43,13,1 L,+9.413
6892.794,43,13,1 L,+9.431
6896.79,43,13,1 L,+9.516
6902.602,43,13,1 L,+9.617
6906.105,43,13,1 L,+9.638
6910.088,43,13,1 L,+9.904
6912.256,43,13,1 L,+9.893
6914.396,43,13,1 L,+10.024
6919.651,43,13,1 L,+10.031
6920.32,43,13,1 L,+10.012
6923.052,43,13,1 L,+9.946
6924.484,43,13,1 L,+9.936
6929.473,43,13,1 L,+10.151
6932.996,43,13,1 L,+10.220
6936.295,43,13,1 L,+10.217
6940.162,43,13,1 L,+10.486
6945.223,43,13,1 L,+10.677
6948.045,43,13,1 L,+10.753
6950.196,43,13,1 L,+10.806
6954.133,43,13,1 L,+10.885
6957.372,43,13,1 L,+10.895
6961.119,43,13,1 L,+10.818
6964.912,43,13,1 L,+10.729
6968.355,43,13,1 L,+10.774
6973.83,43,13,1 L,+11.307
6979.705,43,13,1 L,+11.946
6983.944,43,13,1 L,+12.236
6989.875,43,13,1 L,+12.533
6993.488,43,13,1 L,+12.568
6997.513,43,13,1 L,+12.960
6999.728,43,13,1 L,+12.974
7001.999,43,13,1 L,+13.098
7007.125,43,13,1 L,+13.107
7007.759,43,13,1 L,+13.071
7010.305,43,13,1 L,+12.886
7011.767,43,13,1 L,+12.907
7017.019,43,13,1 L,+13.176
7020.457,43,13,1 L,+13.164
7023.669,43,13,1 L,+13.026
7027.553,43,13,1 L,+13.266
7032.662,43,13,1 L,+13.369
7035.462,43,13,1 L,+13.368
7037.632,43,13,1 L,+13.401
7041.611,43,13,1 L,+13.465
7044.893,43,13,1 L,+13.511
7048.752,43,13,1 L,+13.584
7052.8,43,13,1 L,+13.704
7056.111,43,14,1 L,+13.704
7056.294,43,14,1 L,+0.098
7061.669,43,14,1 L,+0.421
7066.954,43,14,1 L,+0.561
7071.116,43,14,1 L,+0.643
7077.013,43,14,1 L,+0.684
7080.646,43,14,1 L,+0.858
7084.646,43,14,1 L,+0.923
7086.711,43,14,1 L,+0.972
7088.892,43,14,1 L,+1.057
7094.163,43,14,1 L,+1.095
7094.795,43,14,1 L,+1.042
7097.308,43,14,1 L,+0.725
7098.774,43,14,1 L,+0.713
7103.892,43,14,1 L,+0.882
7107.462,43,14,1 L,+0.945
7110.738,43,14,1 L,+0.917
7114.565,43,14,1 L,+1.064
7119.649,43,14,1 L,+1.232
7122.473,43,14,1 L,+1.347
7124.75,43,14,1 L,+1.500
7129.033,43,14,1 L,+1.888
7132.254,43,14,1 L,+1.934
7136.058,43,14,1 L,+2.008
7140.005,43,14,1 L,+2.119
7143.597,43,14,1 L,+2.147
7148.615,43,14,1 L,+2.417
7153.951,43,14,1 L,+2.652
7158.069,43,14,1 L,+2.768
7164.049,43,14,1 L,+3.051
7167.615,43,14,1 L,+3.258
7171.517,43,14,1 L,+3.409
7173.691,43,14,1 L,+3.456
7175.859,43,14,1 L,+3.541
7181.132,43,14,1 L,+3.634
7181.821,43,14,1 L,+3.631
7184.587,43,14,1 L,+3.595
7186.044,43,14,1 L,+3.638
7191.128,43,14,1 L,+3.862
7194.713,43,14,1 L,+3.928
7197.841,43,14,1 L,+3.737
7201.708,43,14,1 L,+3.892
7206.823,43,14,1 L,+4.120
7209.584,43,14,1 L,+4.225
7211.715,43,14,1 L,+4.238
7215.727,43,14,1 L,+4.401
7218.923,43,14,1 L,+4.468
7222.688,43,14,1 L,+4.534
7226.593,43,14,1 L,+4.599
7229.983,43,14,1 L,+4.601
7235.132,43,14,1 L,+4.736
7240.505,43,14,1 L,+4.972
7244.543,43,14,1 L,+5.016
7250.643,43,14,1 L,+5.447
7254.276,43,14,1 L,+5.667
7258.049,43,14,1 L,+5.830
7260.316,43,14,1 L,+5.822
7262.487,43,14,1 L,+5.981
7268.084,43,14,1 L,+6.422
7268.915,43,14,1 L,+6.471
7271.683,43,14,1 L,+6.677
7273.256,43,14,1 L,+6.874
7278.451,43,14,1 L,+7.202
7281.99,43,14,1 L,+7.237
7285.332,43,14,1 L,+7.275
7289.204,43,14,1 L,+7.456
7294.286,43,14,1 L,+7.646
7297.102,43,14,1 L,+7.749
7299.257,43,14,1 L,+7.800
7303.327,43,14,1 L,+8.037
7306.55,43,14,1 L,+8.101
7310.297,43,14,1 L,+8.124
7314.103,43,14,1 L,+8.040
7317.31,43,14,1 L,+7.871
7322.459,43,14,1 L,+7.981
7327.672,43,14,1 L,+8.186
7331.671,43,14,1 L,+8.213
7337.639,43,14,1 L,+8.507
7341.208,43,14,1 L,+8.635
7345.145,43,14,1 L,+8.800
7347.254,43,14,1 L,+8.813
7349.471,43,14,1 L,+8.965
7354.78,43,14,1 L,+9.079
7355.484,43,14,1 L,+9.059
7358.071,43,14,1 L,+8.947
7359.578,43,14,1 L,+9.051
7364.602,43,14,1 L,+9.290
7368.172,43,14,1 L,+9.311
7371.614,43,14,1 L,+9.397
7375.568,43,14,1 L,+9.672
7380.586,43,14,1 L,+9.836
7383.344,43,14,1 L,+9.928
7385.497,43,14,1 L,+9.974
7389.52,43,14,1 L,+10.188
7392.765,43,14,1 L,+10.244
7396.59,43,14,1 L,+10.335
7400.525,43,14,1 L,+10.432
7403.881,43,14,1 L,+10.435
7408.919,43,14,1 L,+10.569
7414.14,43,14,1 L,+10.777
7418.18,43,14,1 L,+10.928
7424.235,43,14,1 L,+11.228
7427.766,43,14,1 L,+11.392
7431.63,43,14,1 L,+11.436
7433.816,43,14,1 L,+11.461
7435.941,43,14,1 L,+11.550
7441.229,43,14,1 L,+11.605
7441.976,43,14,1 L,+11.608
7444.685,43,14,1 L,+11.591
7446.139,43,14,1 L,+11.583
7451.087,43,14,1 L,+11.748
7454.666,43,14,1 L,+11.808
7457.915,43,14,1 L,+11.749
7461.701,43,14,1 L,+11.844
7466.793,43,14,1 L,+12.068
7469.558,43,14,1 L,+12.147
7471.618,43,14,1 L,+12.107
7475.49,43,14,1 L,+12.137
7478.69,43,14,1 L,+12.173
7482.451,43,14,1 L,+12.207
7486.344,43,14,1 L,+12.240
7489.837,43,14,1 L,+12.248
7494.744,43,14,1 L,+12.278
7499.835,43,14,1 L,+12.326
7503.817,43,14,1 L,+12.263
7509.629,43,14,1 L,+12.434
7513.138,43,14,1 L,+12.551
7516.938,43,14,1 L,+12.573
7519.112,43,14,1 L,+12.596
7521.203,43,14,1 L,+12.712
7526.511,43,14,1 L,+12.824
7527.191,43,14,1 L,+12.835
7529.972,43,14,1 L,+12.882
7531.384,43,14,1 L,+12.946
7536.356,43,14,1 L,+13.087
7539.922,43,14,1 L,+13.126
7543.236,43,14,1 L,+13.149
7547.075,43,14,1 L,+13.317
7552.101,43,14,1 L,+13.437
7554.866,43,14,1 L,+13.512
7556.912,43,14,1 L,+13.391
7560.844,43,14,1 L,+13.295
7564.061,43,14,1 L,+13.321
7567.809,43,14,1 L,+13.341
7571.68,43,14,1 L,+13.394
7575.055,43,14,1 L,+13.416
7580.014,43,14,1 L,+13.451
7585.095,43,14,1 L,+13.475
7589.015,43,14,1 L,+13.380
7594.807,43,14,1 L,+13.480
7598.266,43,14,1 L,+13.560
7602.25,43,14,1 L,+13.693
7604.472,43,14,1 L,+13.809
7606.631,43,14,1 L,+13.925
7611.886,43,14,1 L,+13.983
7612.604,43,14,1 L,+13.984
7615.303,43,14,1 L,+13.987
7616.774,43,14,1 L,+13.962
7621.729,43,14,1 L,+14.127
7625.27,43,14,1 L,+14.151
7628.606,43,14,1 L,+14.143
7632.421,43,14,1 L,+14.246
7637.359,43,14,1 L,+14.387
7640.164,43,14,1 L,+14.493
7642.269,43,14,1 L,+14.428
7646.113,43,14,1 L,+14.267
7649.333,43,14,1 L,+14.313
7653.085,43,14,1 L,+14.324
7656.935,43,14,1 L,+14.397
7660.307,43,14,1 L,+14.456
7665.254,43,14,1 L,+14.477
7670.402,43,14,1 L,+14.588
7674.443,43,14,1 L,+14.717
7680.2,43,14,1 L,+14.773
7683.643,43,14,1 L,+14.823
7687.511,43,14,1 L,+14.881
7689.673,43,14,1 L,+14.937
7691.884,43,14,1 L,+15.056
7697.122,43,14,1 L,+15.144
7697.84,43,14,1 L,+15.153
7700.541,43,14,1 L,+15.187
7702.012,43,14,1 L,+15.172
7706.964,43,14,1 L,+15.321
7710.498,43,14,1 L,+15.324
7713.812,43,14,1 L,+15.313
7717.633,43,14,1 L,+15.442
7722.669,43,14,1 L,+15.522
7725.394,43,14,1 L,+15.523
7727.446,43,14,1 L,+15.325
7731.255,43,14,1 L,+15.127
7734.523,43,14,1 L,+15.181
7738.266,43,14,1 L,+15.198
7742.131,43,14,1 L,+15.226
7745.457,43,14,1 L,+15.248
7750.347,43,14,1 L,+15.174
7755.483,43,14,1 L,+15.239
7759.394,43,14,1 L,+15.210
7768.597,43,14,1 L,+15.305
7772.527,43,14,1 L,+15.506
7774.631,43,14,1 L,+15.532
7776.827,43,14,1 L,+15.681
7782.119,43,14,1 L,+15.779
7782.786,43,14,1 L,+15.782
7785.446,43,14,1 L,+15.800
7786.817,43,14,1 L,+15.833
7791.864,43,14,1 L,+15.994
7795.385,43,14,1 L,+15.981
7798.743,43,14,1 L,+15.974
7802.61,43,14,1 L,+16.101
7807.624,43,14,1 L,+16.244
7810.369,43,14,1 L,+16.335
7812.514,43,14,1 L,+16.301
7816.403,43,14,1 L,+16.299
7820.209,43,14,1 L,+16.912
7824.735,43,14,1 L,+17.669
7828.797,43,14,1 L,+18.001
7832.108,43,14,1 L,+17.969
7837.281,43,14,1 L,+18.225
7842.455,43,14,1 L,+18.272
7846.379,43,14,1 L,+18.229
7852.325,43,14,1 L,+18.559
7856.066,43,14,1 L,+18.845
7860.173,43,14,1 L,+19.141
7862.313,43,14,1 L,+19.163
7892.178,43,14,1 L,+38.487
7893.926,43,14,1 L,+38.795
7900.258,43,14,1 L,+40.357
7903.889,43,14,1 L,+40.526
7907.328,43,14,1 L,+40.741
7911.213,43,14,1 L,+40.905
7916.273,43,14,1 L,+41.088
7919.112,43,14,1 L,+41.243
7921.269,43,14,1 L,+41.260
7925.192,43,14,1 L,+41.266
7928.388,43,14,1 L,+41.293
7932.099,43,14,1 L,+41.292
7935.913,43,14,1 L,+41.295
7939.187,43,14,1 L,+41.245
7943.993,43,14,1 L,+41.183
7949.098,43,14,1 L,+41.235
7953.02,43,14,1 L,+41.189
7958.634,43,14,1 L,+41.091
7962.157,43,14,1 L,+41.229
7965.94,43,14,1 L,+41.227
7967.989,43,14,1 L,+41.188
7970.209,43,14,1 L,+41.300
7975.307,43,14,1 L,+41.232
7976.092,43,14,1 L,+41.196
7978.607,43,14,1 L,+41.033
7980.019,43,14,1 L,+40.998
7984.851,43,14,1 L,+41.025
7988.309,43,14,1 L,+41.023
7991.524,43,14,1 L,+40.971
7995.149,43,14,1 L,+40.960
8000.076,43,14,1 L,+41.009
8002.791,43,14,1 L,+40.966
8004.834,43,14,1 L,+40.799
8008.652,43,14,1 L,+40.687
8011.841,43,14,1 L,+40.656
8015.49,43,14,1 L,+40.594
8019.128,43,14,1 L,+40.406
8022.308,43,14,1 L,+40.250
8026.975,43,14,1 L,+40.015
8032.133,43,14,1 L,+40.052
8036.135,43,14,1 L,+40.058
8041.73,43,14,1 L,+39.939
8045.11,43,14,1 L,+39.960
8048.799,43,14,1 L,+39.870
8050.984,43,14,1 L,+39.877
8058.209,43,14,1 L,+39.891
8058.892,43,14,1 L,+39.900
8061.64,43,14,1 L,+39.909
8063.003,43,14,1 L,+39.802
8067.775,43,14,1 L,+39.778
8071.268,43,14,1 L,+39.818
8074.421,43,14,1 L,+39.687
8078.007,43,14,1 L,+39.590
8082.905,43,14,1 L,+39.625
8085.58,43,14,1 L,+39.622
8087.608,43,14,1 L,+39.562
8091.355,43,14,1 L,+39.434
8094.554,43,14,1 L,+39.428
8098.259,43,14,1 L,+39.427
8102.172,43,14,1 L,+39.436
8105.451,43,14,1 L,+39.428
8110.219,43,14,1 L,+39.220
8115.298,43,14,1 L,+39.257
8119.221,43,14,1 L,+39.171
8124.966,43,14,1 L,+39.174
8128.362,43,14,1 L,+39.186
8132.087,43,14,1 L,+39.112
8134.206,43,14,1 L,+39.072
8136.256,43,14,1 L,+39.093
8141.468,43,14,1 L,+39.206
8142.217,43,14,1 L,+39.227
8144.915,43,14,1 L,+39.299
8146.21,43,14,1 L,+39.232
8151.212,43,14,1 L,+39.391
8154.716,43,14,1 L,+39.431
8157.914,43,14,1 L,+39.267
8161.572,43,14,1 L,+39.241
8166.51,43,14,1 L,+39.280
8169.202,43,14,1 L,+39.304
8171.269,43,14,1 L,+39.277
8175.129,43,14,1 L,+39.243
8178.302,43,14,1 L,+39.253
8181.974,43,14,1 L,+39.222
8185.75,43,14,1 L,+39.188
8188.962,43,14,1 L,+39.132
8193.713,43,14,1 L,+38.939
8198.801,43,14,1 L,+38.931
8202.764,43,14,1 L,+38.958
8208.495,43,14,1 L,+38.952
8211.977,43,14,1 L,+39.033
8215.824,43,14,1 L,+39.019
8217.992,43,14,1 L,+38.963
8220.089,43,14,1 L,+39.019
8225.226,43,14,1 L,+39.043
8225.869,43,14,1 L,+39.036
8228.505,43,14,1 L,+38.993
8229.937,43,14,1 L,+38.966
8234.71,43,14,1 L,+38.891
8238.118,43,14,1 L,+38.813
8241.285,43,14,1 L,+38.744
8245.052,43,14,1 L,+38.764
8250.123,43,14,1 L,+38.915
8252.863,43,14,1 L,+38.910
8254.931,43,14,1 L,+38.777
8258.921,43,14,1 L,+38.761
8262.139,43,14,1 L,+38.759
8265.752,43,14,1 L,+38.683
8269.401,43,14,1 L,+38.553
8272.628,43,14,1 L,+38.461
8277.862,43,14,1 L,+38.770
8283.062,43,14,1 L,+38.886
8287.207,43,14,1 L,+39.066
8293.058,43,14,1 L,+39.141
8296.602,43,14,1 L,+39.232
8300.527,43,14,1 L,+39.319
8302.835,43,14,1 L,+39.431
8305.02,43,14,1 L,+39.565
8310.816,43,14,1 L,+40.134
8311.513,43,14,1 L,+40.209
8314.52,43,14,2 L,+40.543
8316.053,43,14,2 L,+40.590
8321.101,43,14,2 L,+40.704
8324.555,43,14,2 L,+40.710
8327.839,43,14,2 L,+40.714
8331.613,43,14,2 L,+40.701
8336.719,43,14,2 L,+40.846
8339.439,43,14,2 L,+40.896
8341.555,43,14,2 L,+40.827
8345.488,43,14,2 L,+40.775
8348.684,43,14,2 L,+40.784
8352.335,43,14,2 L,+40.769
8356.046,43,14,2 L,+40.760
8359.267,43,14,2 L,+40.793
8364.341,43,14,2 L,+40.801
8369.419,43,14,2 L,+40.858
8373.37,43,14,2 L,+40.787
8379.174,43,14,2 L,+40.705
8382.682,43,14,2 L,+40.759
8386.599,43,14,2 L,+40.693
8388.78,43,14,2 L,+40.719
8390.949,43,14,2 L,+40.815
8396.048,43,14,2 L,+40.736
8396.712,43,14,2 L,+40.695
8399.114,43,14,2 L,+40.494
8400.456,43,14,2 L,+40.363
8406.295,43,14,2 L,+41.163
8409.98,43,14,2 L,+41.393
8413.132,43,14,2 L,+41.200
8417.105,43,14,2 L,+41.348
8422.212,43,14,2 L,+41.470
8425.006,43,14,2 L,+41.632
8427.218,43,14,2 L,+41.652
8431.203,43,14,2 L,+41.623
8434.428,43,14,2 L,+41.669
8438.237,43,14,2 L,+41.802
8442.716,43,14,2 L,+42.455
8446.261,43,14,2 L,+42.825
8451.267,43,14,2 L,+42.652
8456.459,43,14,2 L,+42.789
8460.535,43,14,2 L,+42.728
8466.292,43,14,2 L,+42.654
8469.797,43,14,2 L,+42.657
8473.591,43,14,2 L,+42.606
8475.727,43,14,2 L,+42.569
8477.896,43,14,2 L,+42.625
8483.1,43,14,2 L,+42.656
8483.8,43,14,2 L,+42.653
8486.459,43,14,2 L,+42.616
8487.867,43,14,2 L,+42.524
8492.834,43,14,2 L,+42.503
8496.234,43,14,2 L,+42.501
8499.304,43,14,2 L,+42.324
8502.945,43,14,2 L,+42.142
8507.934,43,14,2 L,+42.080
8510.589,43,14,2 L,+42.078
8512.676,43,14,2 L,+42.040
8516.449,43,14,2 L,+41.868
8519.67,43,14,2 L,+41.876
8523.391,43,14,2 L,+41.923
8527.27,43,14,2 L,+42.053
8530.63,43,14,2 L,+42.182
8535.407,43,14,2 L,+41.889
8540.583,43,14,2 L,+42.052
8544.556,43,14,2 L,+41.995
8550.305,43,14,2 L,+41.932
8553.691,43,14,2 L,+41.961
8557.522,43,14,2 L,+41.878
8559.575,43,14,2 L,+41.804
8561.816,43,14,2 L,+41.885
8567.07,43,14,2 L,+42.072
8567.755,43,14,2 L,+42.116
8570.554,43,14,2 L,+42.214
8571.937,43,14,2 L,+42.026
8576.808,43,14,2 L,+41.946
8580.35,43,14,2 L,+42.028
8583.598,43,14,2 L,+41.923
8587.225,43,14,2 L,+41.766
8592.185,43,14,2 L,+41.719
8594.843,43,14,2 L,+41.696
8596.959,43,14,2 L,+41.579
8600.734,43,14,2 L,+41.286
8603.881,43,14,2 L,+41.181
8607.558,43,14,2 L,+41.147
8611.378,43,14,2 L,+41.211
8614.723,43,14,2 L,+41.284
8619.47,43,14,2 L,+41.020
8624.526,43,14,2 L,+41.097
8628.571,43,14,2 L,+41.103
8634.258,43,14,2 L,+40.998
8637.694,43,14,2 L,+40.969
8641.529,43,14,2 L,+40.890
8643.741,43,14,2 L,+40.763
8645.782,43,14,2 L,+40.819
8650.986,43,14,2 L,+40.890
8651.658,43,14,2 L,+40.905
8654.43,43,14,2 L,+40.941
8655.834,43,14,2 L,+40.866
8660.73,43,14,2 L,+40.734
8664.186,43,14,2 L,+40.809
8667.447,43,14,2 L,+40.559
8671.096,43,14,2 L,+40.323
8675.973,43,14,2 L,+40.203
8678.705,43,14,2 L,+39.771
8680.793,43,14,2 L,+39.307
8684.626,43,14,2 L,+38.840
8687.757,43,14,2 L,+38.784
8691.436,43,14,2 L,+38.785
8695.262,43,14,2 L,+38.821
8698.445,43,14,2 L,+38.803
8703.207,43,14,2 L,+38.505
8708.301,43,14,2 L,+38.545
8712.211,43,14,2 L,+38.496
8718.078,43,14,2 L,+38.542
8721.511,43,14,2 L,+38.505
8725.366,43,14,2 L,+38.427
8727.472,43,14,2 L,+38.287
8729.594,43,14,2 L,+38.308
8734.684,43,14,2 L,+37.798
8735.292,43,14,2 L,+37.631
8850.684,43,14,2L,+37.631
12.598,14,17,,
3744.464,14,17,,+0.223
3749.311,14,17,+1.699,+0.223
3751.628,14,18,+1.699,+0.223
3752.524,14,12,+1.699,+0.223
3752.607,14,12,+1.937,+0.158
3757.699,14,10,+1.937,+0.158
3757.782,14,10,+2.521,+0.145
3758.27,14,11,+2.521,+0.145
3758.611,14,12,+2.521,+0.145
3761.184,14,11,+2.521,+0.145
3761.265,14,11,+2.180,+0.086
3765.159,14,12,+2.180,+0.086
3765.518,14,13,+2.180,+0.086
3766.073,14,10,+2.180,+0.086
3766.158,14,10,+2.162,+0.279
3769.313,14,10,+2.794,+0.132
3775.052,14,11,+2.794,+0.132
3775.698,14,12,+2.794,+0.132
3775.889,14,13,+2.794,+0.132
3776.189,14,14,+2.794,+0.132
3776.2,14,10,+2.794,+0.132
3776.294,14,10,+3.528,+0.242
3778.436,14,10,+4.131,+0.391
3780.552,14,10,+4.318,+0.548
3785.184,14,10,+4.835,+0.411
3789.314,14,10,+4.916,+0.481
3792.211,14,10,+4.886,+0.546
3796.121,14,10,+4.648,+0.459
3799.269,14,10,+4.354,+0.500
3804.968,14,10,+4.774,+0.267
3810.252,14,10,+4.849,+0.208
3814.51,14,10,+5.156,+0.276
3820.647,14,10,+5.521,+0.349
3824.548,14,10,+5.827,+0.385
3828.288,14,10,+6.288,+0.524
3830.526,14,10,+6.357,+0.482
3832.454,14,10,+6.429,+0.409
3837.596,14,10,+6.389,+0.312
3838.267,14,10,+6.342,+0.291
3841.042,14,10,+6.145,+0.208
3842.94,14,10,+6.388,+0.274
3848.158,14,10,+6.755,+0.274
3851.516,14,10,+6.762,+0.346
3855.071,14,10,+7.001,+0.409
3859.044,14,10,+7.199,+0.401
3864.371,14,10,+7.418,+0.403
3867.16,14,10,+7.579,+0.437
3869.299,14,10,+7.605,+0.513
3873.353,14,10,+7.743,+0.510
3876.682,14,10,+7.813,+0.587
3880.561,14,10,+7.864,+0.682
3884.42,14,10,+7.872,+0.857
3887.8,14,10,+7.877,+0.982
3893.122,14,10,+7.633,+0.911
3898.348,14,10,+7.821,+0.953
3902.71,14,10,+7.839,+0.872
3908.338,14,10,+7.842,+0.811
3911.915,14,10,+7.939,+0.729
3915.74,14,10,+8.018,+0.756
3918.077,14,10,+7.975,+0.643
3920.174,14,10,+8.078,+0.601
3925.207,14,10,+8.176,+0.606
3925.874,14,10,+8.168,+0.608
3928.614,14,10,+8.049,+0.559
3930.274,14,10,+8.098,+0.500
3935.198,14,10,+8.338,+0.482
3938.796,14,10,+8.362,+0.607
3942.358,14,10,+8.475,+0.677
3946.169,14,10,+8.494,+0.583
3951.119,14,10,+8.661,+0.544
3954.076,14,10,+8.781,+0.567
3956.156,14,10,+8.931,+0.623
3960.144,14,10,+9.167,+0.592
3963.46,14,10,+9.177,+0.647
3967.316,14,10,+9.111,+0.772
3971.231,14,10,+8.551,+0.974
3974.624,14,10,+8.723,+1.187
3979.873,14,11,+8.723,+1.187
3980.37,14,11,+9.324,+0.372
3985.708,14,11,+9.258,+0.356
3989.922,14,12,+9.258,+0.356
3990.255,14,12,+9.609,+0.195
3996.23,14,12,+9.899,+0.266
3999.961,14,12,+10.128,+0.440
4003.769,14,12,+10.400,+0.579
4006.126,14,12,+10.367,+0.496
4008.068,14,12,+10.380,+0.481
4013.245,14,12,+10.338,+0.459
4013.907,14,12,+10.310,+0.434
4016.717,14,12,+10.235,+0.313
4018.44,14,12,+10.389,+0.332
4023.527,14,12,+10.601,+0.329
4026.995,14,12,+10.572,+0.310
4030.692,14,12,+10.861,+0.427
4034.477,14,12,+10.984,+0.416
4039.54,14,12,+11.158,+0.434
4042.533,14,12,+11.395,+0.598
4044.727,14,12,+11.477,+0.720
4048.761,14,12,+11.726,+0.769
4052.089,14,12,+11.811,+0.790
4055.983,14,12,+11.880,+0.868
4059.811,14,12,+11.892,+1.011
4063.221,14,12,+11.882,+1.188
4068.524,14,12,+12.260,+1.452
4073.902,14,12,+12.443,+1.612
4077.874,14,12,+12.355,+1.531
4083.727,14,12,+12.437,+1.605
4087.337,14,12,+12.641,+1.697
4091.001,14,12,+12.832,+1.673
4093.172,14,12,+12.926,+1.676
4095.302,14,12,+13.013,+1.720
4100.662,14,12,+13.171,+1.905
4101.369,14,12,+13.181,+1.938
4104.103,14,12,+13.207,+2.062
4105.586,14,12,+13.258,+2.006
4110.766,14,12,+13.638,+2.153
4114.315,14,13,+13.638,+2.153
4114.462,14,13,+13.667,+0.052
4118.218,14,13,+14.107,+0.523
4122.17,14,13,+14.355,+0.587
4127.189,14,13,+14.651,+0.758
4130.074,14,13,+14.844,+0.878
4132.274,14,13,+14.936,+0.909
4136.297,14,13,+15.166,+0.932
4139.61,14,13,+15.248,+1.032
4143.502,14,13,+15.335,+1.057
4147.426,14,13,+15.421,+1.040
4150.9,14,13,+15.470,+1.068
4156.157,14,14,+15.470,+1.068
4156.543,14,14,+16.267,+0.280
4161.923,14,14,+16.420,+0.202
4166.119,14,14,+16.535,+0.227
4172.236,14,14,+17.021,+0.323
4176.064,14,14,+17.496,+0.489
4179.956,14,14,+17.876,+0.590
4182.164,14,14,+17.876,+0.471
4184.191,14,14,+17.945,+0.453
4189.48,14,14,+18.035,+0.409
4190.184,14,14,+18.035,+0.408
4192.955,14,14,+18.055,+0.459
4194.547,14,14,+18.214,+0.509
4199.601,14,14,+18.470,+0.488
4203.25,14,14,+18.411,+0.597
4206.673,14,14,+18.407,+0.694
4210.525,14,14,+18.628,+0.773
4215.613,14,14,+18.860,+0.746
4218.485,14,14,+19.037,+0.811
4220.677,14,14,+19.121,+0.903
4224.64,14,14,+19.260,+0.907
4227.953,14,14,+19.341,+0.930
4231.849,14,14,+19.437,+0.907
4235.792,14,14,+19.518,+0.878
4239.261,14,14,+19.563,+0.884
4244.646,14,15,+19.563,+0.884
4245.052,14,15,+20.346,+0.280
4250.413,14,15,+20.561,+0.452
4254.354,14,16,+20.561,+0.452
4254.763,14,16,+20.871,+0.325
4260.982,14,16,+21.053,+0.288
4264.695,14,16,+21.429,+0.400
4268.673,14,16,+21.831,+0.413
4270.848,14,16,+21.854,+0.458
4272.938,14,16,+21.881,+0.453
4278.267,14,16,+21.979,+0.390
4278.931,14,16,+21.976,+0.375
4281.668,14,16,+21.964,+0.340
4283.269,14,16,+22.153,+0.386
4288.342,14,16,+22.379,+0.383
4291.954,14,16,+22.350,+0.428
4295.441,14,16,+22.450,+0.547
4299.198,14,16,+22.572,+0.517
4304.287,14,16,+22.804,+0.550
4307.181,14,16,+22.995,+0.606
4309.377,14,16,+23.073,+0.667
4313.392,14,16,+23.274,+0.710
4316.688,14,16,+23.381,+0.781
4320.565,14,16,+23.466,+0.877
4324.436,14,16,+23.486,+0.954
4327.695,14,16,+23.354,+0.915
4332.885,14,16,+23.579,+0.891
4338.229,14,16,+23.770,+1.106
4342.373,14,17,+23.770,+1.106
4342.504,14,17,+24.015,+0.070
4348.83,14,17,+24.705,+0.399
4352.62,14,17,+25.182,+0.666
4356.553,14,17,+25.576,+0.667
4358.631,14,17,+25.594,+0.662
4360.787,14,17,+25.615,+0.690
4366.163,14,17,+25.078,+0.804
4366.833,14,17,+25.818,+0.801
4369.567,14,17,+25.280,+0.762
4371.046,14,17,+25.359,+0.754
4376.142,14,17,+25.743,+0.773
4379.735,14,17,+25.981,+0.812
4383.102,14,17,+25.921,+0.853
4386.909,14,17,+25.846,+0.811
4391.963,14,17,+25.541,+0.899
4394.869,14,17,+25.724,+0.955
4397.079,14,17,+25.922,+0.993
4401.066,14,17,+26.085,+1.028
4404.423,14,17,+26.140,+1.077
4408.414,14,17,+26.216,+1.170
4412.186,14,17,+26.313,+1.258
4415.603,14,17,+26.395,+1.352
4420.901,14,17,+26.766,+1.520
4426.285,14,17,+26.883,+1.763
4430.223,14,17,+26.302,+1.769
4436.11,14,17,+26.418,+1.814
4439.685,14,17,+26.968,+1.816
4443.478,14,17,+27.101,+1.677
4445.512,14,17,+27.052,+1.602
4447.609,14,17,+27.088,+1.607
4452.924,14,17,+27.076,+1.692
4453.587,14,17,+27.047,+1.705
4456.448,14,17,+26.938,+1.733
4457.86,14,17,+26.939,+1.682
4462.874,14,17,+26.599,+1.688
4466.467,14,17,+26.501,+1.758
4469.813,14,17,+26.543,+1.743
4473.584,14,17,+26.297,+1.736
4478.6,14,17,+26.262,+1.813
4481.485,14,17,+26.474,+1.869
4483.721,14,17,+26.671,+1.931
4487.671,14,17,+26.962,+1.922
4491.007,14,17,+27.052,+1.987
4494.891,14,17,+27.124,+2.109
4498.921,14,17,+27.156,+2.304
4502.388,14,17,+27.129,+2.492
4507.603,14,17,+27.417,+2.579
4513.042,14,17,+27.680,+2.830
4517.161,14,17,+27.696,+2.993
4523.035,14,17,+27.940,+2.881
4526.564,14,17,+28.147,+2.872
4530.267,14,17,+28.384,+2.728
4532.434,14,17,+28.319,+2.721
4534.546,14,17,+28.296,+2.663
4539.943,14,17,+28.455,+2.663
4540.659,14,16,+28.455,+2.663
4540.661,14,16,+28.485,+2.720
4540.661,14,16,+28.455,+2.720
4540.662,14,16,+28.485,+2.720
4543.487,14,16,+28.610,+2.724
4544.918,14,16,+28.697,+2.673
4549.959,14,16,+28.920,+2.686
4553.585,14,16,+28.835,+2.784
4556.955,14,16,+28.707,+2.714
4560.747,14,16,+28.868,+2.664
4565.799,14,16,+29.054,+2.767
4568.672,14,16,+29.187,+2.780
4570.873,14,16,+29.245,+2.826
4574.793,14,16,+29.400,+2.798
4578.157,14,16,+29.542,+2.911
4582.223,14,16,+29.735,+3.088
4586.215,14,16,+29.993,+3.358
4589.801,14,16,+30.161,+3.555
4595.073,14,16,+30.617,+3.741
4600.513,14,16,+30.910,+4.038
4604.571,14,16,+31.019,+4.084
4610.498,14,16,+31.210,+4.203
4614.063,14,16,+31.440,+4.238
4617.868,14,16,+31.690,+4.233
4619.915,14,16,+31.698,+4.228
4622.182,14,16,+31.747,+4.217
4627.404,14,16,+31.947,+4.405
4628.103,14,16,+31.983,+4.444
4630.978,14,16,+32.133,+4.623
4632.471,14,16,+32.250,+4.719
4637.521,14,16,+32.466,+4.522
4641.159,14,16,+32.375,+4.546
4644.585,14,16,+32.372,+4.532
4648.342,14,16,+32.510,+4.487
4653.44,14,16,+32.748,+4.584
4656.314,14,16,+32.936,+4.586
4658.536,14,16,+33.135,+4.622
4662.535,14,16,+33.475,+4.600
4665.871,14,16,+33.638,+4.711
4669.841,14,16,+33.786,+4.887
4673.925,14,16,+33.931,+5.173
4678.038,14,16,+34.567,+13.977
4683.891,14,15,+34.567,+13.977
4683.974,14,15,+35.637,+6.438
4693.693,14,15,+40.240,+10.867
4698.74,14,15,+41.287,+8.874
4705.067,14,15,+41.973,+7.403
4708.944,14,15,+42.501,+6.884
4713.092,14,15,+43.223,+7.010
4716.302,14,15,+44.359,+7.978
4729.577,14,16,+44.359,+7.978
4733.004,14,17,+44.359,+7.978
4754.668,14,17,+71.983,+14.720
4756.618,14,17,+72.534,+14.576
4764.628,14,17,+72.271,+15.293
4768.853,14,17,+70.816,+14.554
4772.873,14,17,+70.552,+13.632
4777.614,14,17,+71.051,+14.197
4785.204,14,17,+71.592,+15.579
4789.12,14,17,+71.982,+14.472
4791.755,14,17,+72.206,+11.849
4797.05,14,17,+73.037,+5.937
4804.416,14,17,+77.048,+1.951
4811.538,14,17,+76.944,+1.919
4818.109,14,17,+76.556,+1.185
4825.932,14,17,+78.266,+1.087
4835.886,14,17,+80.065,+0.668
4842.02,14,16,+80.065,+0.668
4842.104,14,16,+80.569,+7.313
4846.322,14,16,+80.491,+7.046
4852.437,14,16,+80.260,+7.014
4856.057,14,16,+80.026,+6.925
4859.872,14,16,+79.271,+6.739
4862.08,14,16,+78.790,+6.781
4864.273,14,16,+78.419,+6.731
4869.736,14,16,+76.783,+6.438
4870.455,14,16,+76.507,+6.364
4873.366,14,16,+75.512,+6.087
4875.03,14,16,+75.268,+5.903
4880.295,14,16,+74.260,+5.841
4883.892,14,16,+72.173,+5.756
4887.545,14,16,+70.714,+5.420
4891.801,14,16,+70.804,+5.860
4898.871,14,16,+72.080,+7.484
4903.038,14,16,+71.621,+8.585
4905.884,14,16,+71.278,+9.114
4911.484,14,16,+70.705,+10.426
4916.076,14,16,+71.614,+11.453
4920.947,14,16,+72.470,+11.879
4926.668,14,16,+70.872,+12.901
4931.318,14,16,+69.590,+11.168
4937.387,14,16,+67.632,+10.919
4942.804,14,16,+67.375,+10.780
4946.947,14,16,+67.138,+10.418
4952.868,14,16,+66.640,+10.630
4956.368,14,16,+66.431,+10.668
4960.229,14,16,+65.252,+10.663
4962.482,14,16,+63.902,+10.695
4976.503,14,17,+63.902,+10.695
4985.929,14,18,+63.902,+10.695
5029.192,14,19,+63.902,+10.695
5939.91,14,19,+63.902,+10.695
5946.795,14,19,11 L,2 L
6030.845,14,19,11 L,1 L
6116.511,14,19,11 L,+912.901
6118.536,14,19,11 L,+912.669
6123.825,14,19,11 L,+912.589
6124.512,14,19,11 L,+912.600
6127.373,14,19,11 L,+912.678
6128.802,14,19,11 L,+912.615
6133.688,14,19,11 L,+912.217
6137.337,14,19,11 L,+912.231
6140.772,14,19,11 L,+912.284
6144.371,14,19,11 L,+912.049
6149.249,14,19,11 L,+911.727
6152.041,14,19,11 L,+911.523
6154.484,14,19,11 L,+911.493
6158.152,14,19,11 L,+911.361
6161.467,14,19,11 L,+911.258
6165.391,14,19,11 L,+911.368
6169.531,14,19,11 L,+911.669
6173.129,14,19,11 L,+911.943
6178.362,14,19,11 L,+911.368
6183.623,14,19,11 L,+910.905
6187.631,14,19,11 L,+907.023
6193.342,14,19,11 L,+899.323
6196.806,14,19,11 L,+896.964
6200.495,14,19,11 L,+896.017
6202.479,14,18,11 L,+896.017
6202.562,14,18,11 L,10 L
6204.621,14,18,11 L,9 L
6210.742,14,18,11 L,10 L
6447.24,14,18,12 L,10 L
8850.684,14,18,37L,22L
12.598,11,18,,
3744.606,11,18,,+0.142
3750.388,11,18,+2.765,+1.066
3751.628,11,19,+2.765,+1.066
3752.599,11,15,+2.765,+1.066
3752.683,11,15,+3.078,+0.749
3752.891,11,16,+3.078,+0.749
3753.898,11,17,+3.078,+0.749
3759.982,11,18,+3.078,+0.749
3760.3,11,18,+4.109,+0.346
3763.618,11,18,+4.006,+0.427
3767.027,11,15,+4.006,+0.427
3767.107,11,15,+4.203,+0.716
3767.397,11,16,+4.203,+0.716
3767.535,11,17,+4.203,+0.716
3768.291,11,18,+4.203,+0.716
3771.194,11,18,+4.748,+0.556
3777.112,11,18,+5.574,+0.432
3780.35,11,17,+5.574,+0.432
3780.435,11,17,+6.129,+0.296
3780.667,11,18,+6.129,+0.296
3782.497,11,18,+6.262,+0.265
3787.385,11,18,+7.156,+0.370
3792.573,11,18,+7.359,+0.484
3794.888,11,18,+7.408,+0.580
3798.782,11,18,+7.159,+0.597
3801.811,11,18,+6.874,+0.527
3808.019,11,18,+7.611,+0.341
3813.144,11,18,+7.852,+0.210
3817.63,11,19,+7.852,+0.210
3817.728,11,19,+8.411,+0.130
3824.409,11,18,+8.411,+0.130
3824.495,11,18,+9.365,+0.610
3825.053,11,19,+9.365,+0.610
3829.318,11,19,+9.864,+0.431
3832.508,11,19,+10.459,+0.478
3834.696,11,18,+10.459,+0.478
3834.793,11,18,+10.606,+1.068
3836.102,11,19,+10.606,+1.068
3836.704,11,19,+10.750,+0.592
3841.899,11,19,+10.691,+0.408
3842.598,11,19,+10.628,+0.369
3845.321,11,19,+10.427,+0.278
3847.131,11,19,+10.750,+0.343
3852.484,11,19,+11.387,+0.514
3856.108,11,19,+11.407,+0.624
3859.786,11,19,+11.733,+0.598
3863.698,11,19,+11.875,+0.535
3869.097,11,19,+12.141,+0.604
3871.802,11,19,+12.298,+0.588
3873.948,11,19,+12.271,+0.579
3878.156,11,19,+12.554,+0.613
3881.539,11,19,+12.642,+0.671
3885.319,11,19,+12.657,+0.726
3889.047,11,19,+12.509,+0.717
3892.207,11,19,+12.260,+0.680
3897.586,11,19,+12.160,+0.684
3903.09,11,19,+12.589,+1.025
3909.322,11,19,+12.802,+1.075
3913.327,11,19,+12.896,+1.140
3917.129,11,19,+13.182,+0.977
3921.0,11,19,+13.311,+0.494
3923.251,11,19,+13.369,+0.418
3925.385,11,19,+13.515,+0.303
3930.708,11,19,+13.653,+0.319
3931.36,11,19,+13.619,+0.318
3933.991,11,19,+13.414,+0.321
3935.872,11,19,+13.567,+0.247
3941.081,11,19,+14.273,+0.324
3944.665,11,19,+14.265,+0.241
3948.204,11,19,+14.353,+0.264
3952.29,11,19,+14.740,+0.421
3957.537,11,19,+15.096,+0.581
3960.469,11,19,+15.285,+0.526
3962.65,11,19,+15.421,+0.503
3966.773,11,19,+15.766,+0.503
3970.067,11,19,+15.800,+0.518
3973.802,11,19,+14.928,+0.361
3977.55,11,19,+14.880,+0.026
3980.711,11,18,+14.880,+0.026
3980.8,11,18,+14.876,+1.201
3986.091,11,18,+15.051,+1.274
3991.458,11,18,+15.096,+1.501
3996.086,11,18,+15.325,+1.715
4001.767,11,18,+15.515,+1.843
4005.388,11,18,+15.666,+1.936
4009.269,11,18,+15.862,+1.903
4011.471,11,18,+15.920,+1.861
4013.531,11,18,+15.924,+1.835
4018.769,11,18,+15.854,+1.825
4019.447,11,18,+15.820,+1.820
4022.107,11,18,+15.626,+1.775
4023.654,11,18,+15.721,+1.742
4028.718,11,18,+15.964,+1.783
4032.426,11,18,+16.015,+1.953
4036.043,11,18,+16.226,+2.036
4039.769,11,18,+16.309,+2.034
4044.856,11,18,+16.469,+2.091
4047.759,11,18,+16.642,+2.038
4049.899,11,18,+16.659,+2.014
4053.89,11,18,+16.873,+1.968
4057.279,11,18,+16.991,+2.068
4061.068,11,18,+17.016,+2.122
4064.867,11,18,+16.946,+2.168
4068.154,11,18,+16.828,+2.202
4073.315,11,18,+17.068,+2.216
4078.829,11,18,+17.369,+2.547
4083.069,11,18,+17.517,+2.566
4088.98,11,18,+17.683,+2.591
4092.608,11,18,+17.960,+2.556
4096.467,11,18,+18.259,+2.348
4098.587,11,18,+18.387,+2.379
4100.764,11,18,+18.476,+2.382
4105.981,11,18,+18.502,+2.389
4106.634,11,18,+18.489,+2.381
4109.33,11,18,+18.423,+2.319
4110.8,11,18,+18.502,+2.200
4116.189,11,18,+19.078,+2.498
4119.96,11,18,+19.203,+2.770
4123.612,11,18,+19.501,+2.964
4127.423,11,18,+19.740,+2.911
4132.532,11,18,+19.998,+2.906
4135.444,11,18,+20.205,+2.930
4137.595,11,18,+20.243,+2.914
4141.676,11,18,+20.555,+3.001
4145.092,11,18,+20.725,+3.136
4148.896,11,18,+20.790,+3.208
4152.784,11,18,+20.791,+3.313
4156.115,11,18,+20.755,+3.428
4161.345,11,18,+21.121,+3.387
4166.836,11,18,+21.408,+3.709
4170.937,11,18,+21.455,+3.619
4176.861,11,18,+21.665,+3.631
4180.494,11,18,+21.920,+3.451
4184.297,11,18,+22.247,+3.112
4186.584,11,18,+22.380,+3.180
4188.678,11,18,+22.455,+3.162
4194.007,11,18,+22.534,+3.236
4194.691,11,18,+22.533,+3.264
4197.426,11,18,+22.509,+3.375
4198.998,11,18,+22.632,+3.334
4204.143,11,18,+23.026,+3.296
4207.913,11,18,+23.075,+3.530
4211.535,11,18,+23.255,+3.662
4215.347,11,18,+23.464,+3.598
4220.479,11,18,+23.745,+3.500
4223.345,11,18,+23.916,+3.386
4225.496,11,18,+23.947,+3.294
4229.525,11,18,+24.099,+3.108
4232.827,11,18,+24.198,+3.155
4236.628,11,18,+24.236,+3.187
4240.506,11,18,+24.213,+3.252
4243.828,11,18,+24.165,+3.350
4248.984,11,18,+24.326,+3.192
4254.354,11,18,+24.536,+3.484
4258.431,11,18,+24.539,+3.329
4264.416,11,18,+24.545,+3.202
4268.06,11,18,+24.810,+3.006
4271.95,11,18,+25.130,+2.810
4274.092,11,18,+25.170,+2.864
4276.243,11,18,+25.196,+2.860
4281.605,11,18,+25.297,+2.894
4282.287,11,18,+25.306,+2.899
4285.026,11,18,+25.326,+2.869
4286.581,11,18,+25.455,+2.742
4291.671,11,18,+25.727,+2.749
4295.415,11,18,+25.812,+2.973
4299.053,11,18,+26.061,+3.105
4302.86,11,18,+26.212,+3.068
4307.898,11,18,+26.420,+3.033
4310.826,11,18,+26.591,+2.986
4312.92,11,18,+26.620,+2.943
4316.892,11,18,+26.799,+2.855
4320.232,11,18,+26.915,+2.914
4324.036,11,18,+26.964,+2.973
4327.916,11,18,+26.961,+3.061
4331.263,11,18,+26.922,+3.179
4336.449,11,18,+27.187,+3.131
4341.94,11,18,+27.466,+3.501
4346.164,11,18,+27.705,+3.690
4352.079,11,18,+27.960,+3.255
4355.676,11,18,+28.276,+3.094
4359.511,11,18,+28.619,+3.043
4361.8,11,18,+27.885,+3.127
4363.897,11,18,+28.004,+3.176
4369.235,11,18,+28.169,+3.091
4369.885,11,18,+28.897,+3.079
4372.578,11,18,+28.300,+3.020
4373.981,11,18,+28.354,+2.995
4379.194,11,18,+28.813,+3.070
4382.965,11,18,+29.204,+3.223
4386.555,11,18,+29.381,+3.460
4390.369,11,18,+29.048,+3.482
4395.447,11,18,+29.032,+3.491
4398.348,11,18,+29.193,+3.469
4400.477,11,18,+29.338,+3.416
4404.432,11,18,+29.447,+3.362
4407.883,11,18,+29.492,+3.352
4411.532,11,18,+29.520,+3.304
4415.398,11,18,+29.546,+3.233
4418.718,11,18,+29.547,+3.152
4423.847,11,18,+29.759,+2.993
4429.288,11,18,+29.906,+3.023
4433.388,11,18,+29.447,+3.145
4439.338,11,18,+30.132,+3.208
4442.935,11,18,+30.237,+3.269
4446.705,11,18,+30.421,+3.320
4448.958,11,18,+30.468,+3.416
4451.05,11,18,+30.570,+3.482
4456.453,11,18,+30.568,+3.492
4457.077,11,18,+30.518,+3.471
4459.761,11,18,+30.305,+3.367
4461.145,11,18,+30.283,+3.344
4466.33,11,18,+30.075,+3.476
4470.122,11,18,+30.112,+3.611
4473.602,11,18,+30.328,+3.785
4477.386,11,18,+30.131,+3.834
4482.561,11,18,+30.180,+3.918
4485.361,11,18,+30.368,+3.894
4487.537,11,18,+30.507,+3.836
4491.471,11,18,+30.774,+3.812
4494.834,11,18,+30.887,+3.835
4498.628,11,18,+30.881,+3.757
4502.523,11,18,+30.735,+3.579
4505.811,11,18,+30.546,+3.417
4510.948,11,18,+30.783,+3.366
4516.414,11,18,+31.072,+3.392
4520.521,11,18,+31.085,+3.389
4526.498,11,18,+31.356,+3.416
4529.978,11,18,+31.579,+3.432
4533.766,11,18,+31.869,+3.485
4536.006,11,18,+31.880,+3.561
4538.238,11,18,+31.904,+3.608
4543.443,11,18,+31.969,+3.608
4544.122,11,17,+31.969,+3.608
4544.148,11,17,+31.966,+3.481
4546.828,11,17,+31.944,+3.334
4548.223,11,17,+32.048,+3.351
4553.542,11,17,+32.514,+3.594
4557.332,11,17,+32.565,+3.730
4560.841,11,17,+32.612,+3.905
4564.624,11,17,+32.803,+3.935
4569.741,11,17,+32.982,+3.928
4572.573,11,17,+33.119,+3.932
4574.75,11,17,+33.130,+3.885
4578.732,11,17,+33.323,+3.923
4582.108,11,17,+33.466,+3.924
4585.891,11,17,+33.542,+3.807
4589.813,11,17,+33.579,+3.586
4593.211,11,17,+33.564,+3.403
4598.328,11,17,+33.883,+3.266
4603.804,11,17,+34.190,+3.280
4607.949,11,17,+34.341,+3.322
4613.845,11,17,+34.542,+3.332
4617.537,11,17,+34.918,+3.478
4621.327,11,17,+35.239,+3.549
4623.634,11,17,+35.355,+3.657
4625.85,11,17,+35.476,+3.729
4631.051,11,17,+35.586,+3.639
4631.71,11,17,+35.584,+3.601
4634.418,11,17,+35.553,+3.420
4635.829,11,17,+35.620,+3.370
4641.075,11,17,+36.027,+3.561
4644.834,11,17,+36.040,+3.665
4648.416,11,17,+36.208,+3.836
4652.272,11,17,+36.442,+3.932
4657.469,11,17,+36.767,+4.019
4660.314,11,17,+36.946,+4.010
4662.477,11,17,+37.075,+3.940
4666.449,11,17,+37.441,+3.966
4669.83,11,17,+37.612,+3.974
4673.664,11,17,+37.654,+3.868
4677.554,11,17,+37.561,+3.630
4680.954,11,17,+37.457,+2.890
4686.338,11,16,+37.457,+2.890
4686.417,11,16,+38.128,+2.491
4696.754,11,16,+43.302,+3.062
4702.035,11,16,+44.476,+3.189
4708.729,11,16,+45.631,+3.658
4713.366,11,16,+46.950,+4.449
4717.602,11,16,+47.731,+4.508
4720.148,11,16,+48.131,+3.772
4722.564,11,16,+48.528,+3.772
4728.684,11,16,+49.439,+3.772
4729.577,11,14,+49.439,+3.772
4729.599,11,14,+49.661,+2.027
4733.886,11,14,+51.198,+0.052
4736.175,11,14,+52.088,+0.537
4744.378,11,14,+52.004,+0.487
4748.968,11,14,+50.920,+0.775
4752.939,11,14,+50.675,+0.940
4757.251,11,14,+50.670,+1.269
4764.949,11,14,+51.347,+0.865
4769.575,11,14,+52.459,+1.401
4772.448,11,14,+52.892,+1.895
4777.675,11,14,+53.651,+2.728
4783.035,11,14,+55.669,+2.398
4788.293,11,14,+53.699,+2.126
4792.374,11,14,+50.833,+1.329
4796.884,11,14,+49.232,+1.544
4804.377,11,14,+48.577,+1.702
4810.211,11,14,+48.780,+1.398
4815.373,11,14,+49.485,+1.171
4822.986,11,14,+50.816,+1.861
4827.724,11,14,+51.641,+1.561
4832.353,11,14,+51.807,+1.825
4835.118,11,14,+51.863,+1.552
4838.282,11,14,+52.442,+1.573
4845.349,11,14,+52.394,+1.735
4846.122,11,14,+52.190,+1.718
4849.843,11,14,+51.993,+1.353
4852.146,11,14,+52.356,+1.458
4859.816,11,14,+53.757,+1.277
4865.614,11,14,+53.860,+1.524
4869.767,11,14,+52.962,+1.864
4873.807,11,14,+52.818,+2.026
4880.322,11,14,+53.552,+1.768
4884.625,11,14,+53.249,+1.605
4887.257,11,14,+52.661,+1.554
4891.988,11,14,+51.218,+2.060
4895.904,11,14,+51.424,+2.104
4900.573,11,14,+52.183,+1.740
4906.307,11,14,+50.500,+1.571
4913.274,11,14,+51.529,+1.132
4921.874,11,14,+52.159,+2.005
4928.1,11,14,+52.676,+2.906
4932.351,11,14,+52.524,+3.011
4938.3,11,14,+52.077,+2.878
4942.118,11,14,+52.008,+3.030
4945.822,11,14,+50.845,+3.120
4948.053,11,14,+49.550,+3.173
4950.175,11,14,+49.303,+3.251
4955.478,11,14,+47.490,+3.368
4956.123,11,14,+47.013,+3.378
4958.79,11,14,+45.535,+3.378
4960.189,11,14,+45.103,+3.415
4965.323,11,14,+44.281,+3.412
4968.87,11,14,+42.594,+3.395
4972.282,11,14,+41.458,+3.455
4975.997,11,14,+40.934,+3.459
4981.1,11,14,+41.043,+3.600
4983.962,11,14,+41.202,+3.649
4986.12,11,14,+41.347,+3.710
4990.173,11,14,+41.660,+3.830
4993.505,11,14,+41.752,+3.915
4997.351,11,14,+41.809,+3.994
5001.336,11,14,+41.845,+4.124
5004.791,11,14,+41.848,+4.272
5009.99,11,14,+42.096,+4.342
5015.415,11,14,+42.433,+4.641
5019.616,11,14,+42.533,+4.865
5025.449,11,14,+42.779,+5.045
5029.061,11,14,+43.119,+5.125
5032.85,11,14,+43.351,+5.257
5035.061,11,14,+43.438,+5.347
5037.2,11,14,+43.507,+5.385
5042.533,11,14,+43.612,+5.520
5043.224,11,14,+43.608,+5.535
5045.97,11,14,+43.570,+5.583
5047.416,11,14,+43.719,+5.656
5052.605,11,14,+44.101,+5.810
5056.259,11,14,+44.182,+5.929
5059.844,11,14,+44.325,+6.177
5063.627,11,14,+44.521,+6.288
5068.765,11,14,+44.816,+6.484
5071.667,11,14,+44.995,+6.610
5073.82,11,14,+45.036,+6.707
5077.826,11,14,+45.291,+6.770
5081.158,11,14,+45.430,+6.793
5084.91,11,14,+45.491,+6.810
5088.811,11,14,+45.490,+6.832
5092.187,11,14,+45.463,+6.884
5097.298,11,14,+45.680,+6.939
5102.76,11,14,+45.878,+7.151
5106.651,11,14,+45.862,+7.253
5113.075,11,14,+46.636,+7.962
5116.948,11,14,+47.223,+8.291
5120.888,11,14,+47.607,+8.554
5123.102,11,14,+47.706,+8.535
5125.238,11,14,+47.813,+8.599
5130.664,11,14,+47.985,+8.835
5131.372,11,14,+47.980,+8.848
5134.088,11,14,+47.930,+8.883
5135.671,11,14,+48.126,+9.001
5141.187,11,14,+48.894,+9.581
5144.784,11,14,+48.899,+10.647
5148.297,11,14,+49.127,+10.946
5152.311,11,14,+49.556,+10.224
5157.789,11,14,+50.180,+9.168
5160.745,11,14,+50.425,+9.061
5162.927,11,14,+50.520,+9.074
5167.059,11,14,+50.901,+9.184
5170.42,11,14,+51.060,+9.239
5174.328,11,14,+51.232,+9.324
5178.411,11,14,+51.450,+9.521
5182.004,11,14,+51.627,+9.713
5187.294,11,14,+52.079,+9.949
5192.807,11,14,+52.377,+10.351
5196.911,11,15,+52.377,+10.351
5197.032,11,15,+52.601,+0.032
5204.017,11,15,+53.949,+0.377
5207.91,11,15,+54.571,+0.705
5211.821,11,15,+54.926,+0.690
5214.018,11,15,+55.074,+0.708
5216.308,11,15,+55.297,+0.844
5221.911,11,15,+55.684,+1.112
5222.645,11,15,+55.746,+1.153
5225.565,11,15,+55.979,+1.276
5227.135,11,15,+56.304,+1.400
5232.482,11,15,+56.503,+1.667
5236.141,11,15,+56.451,+1.758
5239.754,11,15,+56.692,+1.984
5243.581,11,15,+56.802,+2.100
5248.751,11,15,+56.992,+2.272
5251.653,11,15,+57.214,+2.360
5253.776,11,15,+57.353,+2.386
5257.891,11,15,+57.765,+2.538
5261.224,11,15,+57.901,+2.671
5265.028,11,15,+57.919,+2.711
5268.892,11,15,+57.841,+2.680
5272.223,11,15,+57.733,+2.621
5277.509,11,15,+58.194,+2.877
5283.06,11,15,+58.557,+3.224
5287.352,11,15,+58.757,+3.406
5293.361,11,15,+59.123,+3.592
5297.08,11,15,+59.536,+3.785
5300.914,11,15,+59.802,+3.855
5303.206,11,15,+59.958,+3.964
5305.285,11,15,+60.015,+3.980
5310.569,11,15,+60.019,+3.960
5311.25,11,15,+60.005,+3.929
5313.909,11,15,+59.924,+3.765
5315.369,11,15,+60.002,+3.726
5320.639,11,15,+60.403,+4.031
5324.338,11,15,+60.511,+4.209
5327.894,11,15,+60.757,+4.352
5331.705,11,15,+60.993,+4.482
5338.896,11,15,+63.284,+4.548
5343.34,11,15,+65.062,+3.359
5345.972,11,15,+65.703,+2.958
5350.567,11,15,+66.637,+2.760
5354.689,11,15,+67.486,+2.924
5359.327,11,15,+68.333,+2.681
5364.082,11,15,+69.198,+2.125
5370.201,11,15,+71.909,+3.134
5377.899,11,15,+74.813,+4.066
5385.047,11,15,+76.772,+4.625
5390.353,11,15,+78.068,+4.849
5397.919,11,15,+79.748,+5.264
5402.568,11,15,+81.272,+5.583
5406.841,11,15,+81.766,+5.339
5409.434,11,15,+82.097,+5.293
5433.303,11,16,+82.097,+5.293
5444.008,11,16,+99.219,+6.928
5446.109,11,16,+99.404,+7.033
5453.163,11,16,+99.190,+7.600
5457.064,11,16,+98.470,+6.634
5461.762,11,16,+99.314,+6.982
5466.091,11,16,+99.187,+6.489
5474.042,11,16,+100.549,+7.694
5479.073,11,16,+102.463,+8.938
5482.402,11,16,+103.584,+9.782
5487.205,11,16,+103.594,+9.860
5490.908,11,16,+103.410,+9.002
5494.929,11,16,+102.364,+8.158
5498.852,11,16,+100.422,+6.098
5502.237,11,16,+98.855,+5.286
5507.402,11,16,+97.451,+5.507
5512.914,11,16,+95.978,+5.702
5517.202,11,16,+93.861,+5.809
5523.078,11,16,+92.683,+5.846
5526.585,11,16,+91.972,+5.777
5530.381,11,16,+90.616,+5.644
5532.546,11,16,+89.622,+5.671
5534.712,11,16,+88.264,+5.589
5539.983,11,16,+86.379,+5.654
5540.675,11,16,+86.193,+5.681
5543.511,11,16,+85.522,+5.781
5544.939,11,16,+85.319,+5.822
5550.063,11,16,+84.424,+5.936
5553.614,11,16,+83.580,+5.933
5557.063,11,16,+81.163,+6.096
5560.73,11,16,+80.370,+6.050
5565.678,11,16,+79.552,+6.052
5568.542,11,16,+78.855,+6.141
5570.737,11,16,+78.304,+6.187
5574.619,11,16,+77.787,+6.277
5577.935,11,16,+77.811,+6.341
5581.716,11,16,+77.866,+6.381
5585.656,11,16,+77.949,+6.381
5589.051,11,16,+77.986,+6.372
5594.164,11,16,+78.166,+6.536
5599.618,11,16,+78.393,+6.725
5603.801,11,16,+78.548,+6.700
5609.663,11,16,+78.727,+6.863
5613.177,11,16,+78.998,+6.917
5616.904,11,16,+79.211,+6.858
5619.195,11,16,+79.336,+6.966
5621.228,11,16,+79.379,+6.916
5626.492,11,16,+79.480,+6.848
5627.179,11,16,+79.500,+6.840
5629.967,11,16,+79.589,+6.814
5631.334,11,16,+79.692,+6.855
5636.443,11,16,+80.024,+7.010
5640.133,11,16,+80.078,+7.089
5643.632,11,16,+80.294,+7.323
5647.342,11,16,+80.387,+7.350
5652.325,11,16,+80.524,+7.400
5655.224,11,16,+80.685,+7.515
5657.362,11,16,+80.710,+7.585
5661.31,11,16,+80.890,+7.698
5664.635,11,16,+81.020,+7.772
5668.436,11,16,+81.081,+7.822
5672.336,11,16,+81.128,+7.830
5675.732,11,16,+81.161,+7.832
5680.862,11,16,+81.518,+8.101
5686.276,11,16,+81.777,+8.311
5690.439,11,16,+81.907,+8.529
5696.259,11,16,+82.015,+8.604
5699.769,11,16,+82.255,+8.650
5703.56,11,16,+82.477,+8.568
5705.798,11,16,+82.620,+8.604
5707.881,11,16,+82.715,+8.556
5713.616,11,16,+83.271,+9.019
5714.619,11,16,1 L,+9.170
5717.476,11,16,1 L,+9.434
5718.975,11,16,1 L,+9.571
5724.224,11,16,1 L,+9.889
5727.909,11,16,1 L,+10.031
5732.232,11,16,1 L,+11.073
5736.174,11,16,1 L,+11.281
5741.314,11,16,1 L,+11.459
5744.267,11,16,1 L,+11.601
5746.406,11,16,1 L,+11.677
5750.385,11,16,1 L,+11.880
5753.683,11,16,1 L,+11.958
5757.401,11,16,1 L,+11.953
5761.223,11,16,1 L,+11.850
5764.479,11,16,1 L,+11.742
5769.677,11,16,1 L,+12.033
5775.119,11,16,1 L,+12.260
5779.304,11,16,1 L,+12.407
5785.19,11,16,1 L,+12.538
5788.798,11,16,1 L,+12.612
5792.547,11,16,1 L,+12.522
5794.831,11,16,1 L,+12.632
5797.016,11,16,1 L,+12.681
5802.802,11,16,1 L,+13.128
5803.511,11,16,1 L,+13.242
5806.604,11,16,1 L,+13.550
5808.34,11,16,1 L,+13.863
5813.769,11,16,1 L,+14.393
5817.358,11,16,1 L,+14.435
5820.804,11,16,1 L,+14.645
5824.581,11,16,1 L,+14.726
5829.69,11,16,1 L,+14.797
5832.563,11,16,1 L,+14.866
5834.695,11,16,1 L,+14.892
5838.65,11,16,1 L,+14.989
5842.003,11,16,1 L,+15.102
5845.751,11,16,1 L,+15.131
5849.569,11,16,1 L,+15.078
5852.877,11,16,1 L,+14.998
5858.027,11,16,1 L,+15.206
5863.517,11,16,1 L,+15.469
5867.659,11,16,1 L,+15.494
5873.487,11,16,1 L,+15.598
5877.047,11,16,1 L,+15.645
5880.735,11,16,1 L,+15.528
5882.972,11,16,1 L,+15.629
5885.091,11,16,1 L,+15.586
5890.322,11,16,1 L,+15.575
5890.977,11,16,1 L,+15.563
5893.646,11,16,1 L,+15.486
5895.023,11,16,1 L,+15.469
5900.148,11,16,1 L,+15.621
5903.841,11,16,1 L,+15.763
5907.334,11,16,1 L,+15.933
5911.086,11,16,1 L,+15.932
5916.115,11,16,1 L,+15.911
5919.003,11,16,1 L,+15.958
5921.135,11,16,1 L,+15.971
5925.121,11,16,1 L,+15.990
5928.387,11,16,1 L,+16.038
5932.17,11,16,1 L,+16.061
5935.991,11,16,1 L,+16.037
5939.652,11,16,1 L,+16.352
5945.945,11,16,1 L,+17.652
5951.682,11,16,1 L,+18.127
5956.05,11,16,1 L,+18.451
5962.188,11,16,1 L,+18.773
5965.806,11,16,1 L,+18.938
5969.648,11,16,1 L,+18.939
5971.941,11,16,1 L,+19.091
5974.126,11,16,1 L,+19.186
5979.574,11,16,1 L,+19.371
5980.235,11,16,1 L,+19.398
5983.071,11,16,1 L,+19.483
5984.605,11,16,1 L,+19.551
5989.703,11,16,1 L,+19.815
5993.397,11,16,1 L,+19.923
5996.889,11,16,1 L,+20.083
6000.655,11,16,1 L,+20.101
6005.725,11,16,1 L,+20.168
6008.611,11,16,1 L,+20.236
6010.703,11,16,1 L,+20.238
6014.622,11,16,1 L,+20.242
6017.94,11,16,1 L,+20.320
6021.694,11,16,1 L,+20.341
6025.533,11,16,1 L,+20.304
6028.85,11,16,1 L,+20.250
6033.977,11,16,1 L,+20.471
6039.451,11,16,1 L,+20.709
6043.778,11,16,1 L,+21.004
6049.641,11,16,1 L,+21.176
6053.252,11,16,1 L,+21.287
6057.005,11,16,1 L,+21.209
6059.268,11,16,1 L,+21.312
6061.394,11,16,1 L,+21.277
6066.683,11,16,1 L,+21.276
6067.339,11,16,1 L,+21.266
6070.067,11,16,1 L,+21.206
6071.428,11,16,1 L,+21.181
6076.564,11,16,1 L,+21.298
6080.194,11,16,1 L,+21.406
6083.708,11,16,1 L,+21.639
6087.626,11,16,1 L,+21.791
6094.191,11,16,1 L,+23.384
6097.14,11,16,1 L,+23.565
6099.325,11,16,1 L,+23.632
6103.355,11,16,1 L,+23.755
6106.636,11,16,1 L,+23.840
6110.383,11,16,1 L,+23.852
6114.21,11,16,1 L,+23.796
6117.522,11,16,1 L,+23.723
6122.67,11,16,1 L,+23.908
6128.065,11,16,1 L,+24.108
6132.193,11,16,1 L,+24.273
6138.176,11,16,1 L,+24.525
6141.774,11,16,1 L,+24.645
6145.631,11,16,1 L,+24.709
6147.878,11,16,1 L,+24.771
6150.021,11,16,1 L,+24.752
6155.291,11,16,1 L,+24.693
6155.926,11,16,1 L,+24.680
6158.626,11,16,1 L,+24.613
6159.99,11,16,1 L,+24.603
6165.162,11,16,1 L,+24.766
6168.821,11,16,1 L,+24.885
6172.245,11,16,1 L,+25.091
6176.059,11,16,1 L,+25.109
6181.079,11,16,1 L,+25.057
6183.92,11,16,1 L,+25.092
6186.08,11,16,1 L,+25.098
6190.04,11,16,1 L,+25.163
6193.385,11,16,1 L,+25.285
6197.22,11,16,1 L,+25.342
6201.155,11,16,1 L,+25.400
6204.621,11,16,1 L,+25.460
6209.786,11,16,1 L,+25.631
6215.136,11,16,1 L,+25.793
6219.205,11,16,1 L,+25.887
6225.125,11,16,1 L,+25.907
6228.687,11,16,1 L,+25.937
6232.504,11,16,1 L,+25.864
6234.774,11,16,1 L,+25.968
6236.953,11,16,1 L,+25.958
6243.369,11,16,1 L,+27.150
6244.301,11,16,1 L,+27.406
6247.543,11,16,1 L,+27.932
6249.097,11,16,1 L,+28.121
6254.408,11,16,1 L,+28.462
6257.953,11,16,1 L,+28.479
6261.4,11,16,1 L,+28.652
6265.126,11,16,1 L,+28.673
6270.276,11,16,1 L,+28.682
6273.166,11,16,1 L,+28.730
6275.282,11,16,1 L,+28.735
6279.235,11,16,1 L,+28.801
6282.584,11,16,1 L,+28.879
6286.291,11,16,1 L,+28.900
6290.105,11,16,1 L,+28.835
6293.402,11,16,1 L,+28.747
6298.54,11,16,1 L,+28.958
6303.979,11,16,1 L,+29.207
6309.336,11,16,1 L,+30.548
6315.708,11,16,1 L,+31.148
6319.364,11,16,1 L,+31.293
6323.127,11,16,1 L,+31.221
6325.351,11,16,1 L,+31.291
6332.893,11,16,1 L,+30.694
6333.55,11,16,1 L,+30.483
6336.223,11,16,1 L,+30.069
6337.592,11,16,1 L,+29.866
6342.818,11,16,1 L,+29.854
6346.524,11,16,1 L,+30.005
6350.049,11,16,1 L,+30.237
6353.786,11,16,1 L,+30.173
6358.856,11,16,1 L,+30.120
6361.724,11,16,1 L,+30.145
6363.884,11,16,1 L,+30.155
6367.784,11,16,1 L,+30.109
6371.092,11,16,1 L,+30.163
6374.866,11,16,1 L,+30.199
6378.676,11,16,1 L,+30.198
6382.037,11,16,1 L,+30.197
6387.174,11,16,1 L,+30.464
6392.622,11,16,1 L,+30.690
6396.68,11,16,1 L,+30.895
6402.597,11,16,1 L,+30.909
6406.225,11,16,1 L,+31.016
6410.047,11,16,1 L,+30.979
6412.377,11,16,1 L,+31.010
6414.451,11,16,1 L,+30.976
6419.787,11,16,1 L,+30.952
6420.455,11,16,1 L,+30.934
6423.184,11,16,1 L,+30.850
6424.622,11,16,1 L,+30.904
6429.899,11,16,1 L,+31.130
6433.524,11,16,1 L,+31.253
6437.058,11,16,1 L,+31.523
6440.872,11,16,1 L,+31.569
6445.983,11,16,1 L,+31.611
6448.85,11,16,1 L,+31.686
6451.049,11,16,1 L,+31.727
6454.989,11,16,1 L,+31.819
6458.315,11,16,1 L,+31.884
6462.198,11,16,1 L,+31.905
6465.935,11,16,1 L,+31.904
6469.302,11,16,1 L,+31.919
6474.534,11,16,1 L,+32.281
6480.001,11,16,1 L,+32.476
6484.144,11,16,1 L,+32.732
6490.02,11,16,1 L,+32.807
6493.68,11,16,1 L,+32.931
6497.426,11,16,1 L,+32.850
6499.727,11,16,1 L,+32.912
6501.902,11,16,1 L,+32.876
6507.239,11,16,1 L,+32.811
6507.905,11,16,1 L,+32.787
6510.596,11,16,1 L,+32.693
6512.019,11,16,1 L,+32.671
6517.166,11,16,1 L,+32.473
6520.829,11,16,1 L,+32.239
6524.367,11,16,1 L,+32.206
6528.167,11,16,1 L,+32.090
6533.347,11,16,1 L,+32.104
6536.288,11,16,1 L,+32.128
6538.437,11,16,1 L,+32.168
6542.486,11,16,1 L,+32.237
6545.768,11,16,1 L,+32.274
6549.553,11,16,1 L,+32.347
6553.436,11,16,1 L,+32.431
6556.796,11,16,1 L,+32.516
6562.202,11,16,1 L,+32.760
6567.644,11,16,1 L,+33.120
6572.992,11,16,1 L,+34.561
6579.917,11,16,1 L,+35.658
6583.802,11,16,1 L,+35.982
6587.854,11,16,1 L,+36.077
6590.245,11,16,1 L,+36.129
6592.437,11,16,1 L,+36.024
6597.749,11,16,1 L,+36.037
6598.412,11,16,1 L,+36.033
6601.069,11,16,1 L,+35.997
6602.521,11,16,1 L,+36.094
6607.817,11,16,1 L,+36.273
6611.432,11,16,1 L,+36.417
6614.93,11,16,1 L,+36.710
6618.764,11,16,1 L,+36.742
6624.006,11,16,1 L,+36.810
6626.905,11,16,1 L,+36.868
6629.086,11,16,1 L,+36.896
6633.182,11,16,1 L,+37.102
6636.559,11,16,1 L,+37.213
6640.473,11,16,1 L,+37.399
6644.983,11,16,1 L,+38.078
6648.481,11,16,1 L,+38.272
6653.948,11,16,1 L,+38.668
6659.455,11,16,1 L,+38.944
6663.561,11,16,1 L,+39.081
6669.528,11,16,1 L,+39.243
6673.167,11,16,1 L,+39.334
6677.114,11,16,1 L,+39.402
6679.825,11,16,1 L,+39.900
6683.105,11,16,1 L,+40.908
6692.092,11,16,1 L,+44.691
6693.334,11,16,1 L,+45.298
6697.738,11,16,1 L,+46.985
6700.046,11,16,1 L,+47.792
6706.914,11,16,1 L,+49.688
6711.162,11,16,1 L,+50.360
6714.989,11,16,1 L,+50.961
6719.265,11,16,1 L,+51.351
6724.885,11,16,1 L,+51.843
6727.998,11,16,1 L,+51.995
6730.213,11,16,1 L,+50.286
6734.201,11,16,1 L,+48.300
6737.627,11,16,1 L,+47.152
6741.359,11,16,1 L,+45.615
6745.211,11,16,1 L,+43.781
6748.588,11,16,1 L,+40.564
6753.713,11,16,1 L,+70.064
6759.118,11,16,1 L,+67.024
6763.187,11,16,1 L,+66.078
6769.09,11,16,1 L,+65.645
6772.664,11,16,1 L,+64.965
6776.408,11,16,1 L,+64.255
6778.712,11,16,1 L,+63.676
6786.826,11,16,1 L,+38.235
6789.518,11,16,1 L,+35.817
6790.945,11,16,1 L,+35.272
6796.186,11,16,1 L,+34.238
6799.834,11,16,1 L,+34.222
6803.386,11,16,1 L,+34.164
6807.197,11,16,1 L,+34.186
6812.364,11,16,1 L,+34.235
6815.303,11,16,1 L,+34.277
6817.451,11,16,1 L,+34.245
6821.416,11,16,1 L,+34.133
6824.803,11,16,1 L,+34.168
6828.477,11,16,1 L,+34.190
6832.342,11,16,1 L,+34.202
6835.656,11,16,1 L,+34.208
6840.844,11,16,1 L,+34.193
6846.359,11,16,1 L,+34.465
6850.379,11,16,1 L,+34.619
6856.297,11,16,1 L,+33.702
6859.822,11,16,1 L,+33.513
6863.605,11,16,1 L,+33.493
6865.963,11,16,1 L,+33.593
6868.123,11,16,1 L,+33.679
6873.341,11,16,1 L,+33.787
6874.003,11,16,1 L,+33.799
6876.65,11,16,1 L,+33.835
6878.073,11,16,1 L,+33.829
6883.228,11,16,1 L,+33.941
6886.896,11,16,1 L,+34.158
6890.374,11,16,1 L,+34.295
6894.102,11,16,1 L,+34.339
6899.217,11,16,1 L,+34.518
6902.133,11,16,1 L,+34.575
6904.222,11,16,1 L,+34.624
6908.174,11,16,1 L,+34.628
6911.524,11,16,1 L,+34.719
6915.295,11,16,1 L,+34.750
6922.532,11,16,1 L,+34.767
6927.817,11,16,1 L,+34.966
6933.404,11,16,1 L,+35.281
6939.002,11,16,1 L,+36.955
6945.209,11,16,1 L,+37.480
6948.939,11,16,1 L,+37.717
6952.832,11,16,1 L,+37.912
6955.127,11,16,1 L,+37.902
6957.343,11,16,1 L,+38.040
6962.6,11,16,1 L,+38.156
6963.282,11,16,1 L,+38.144
6965.856,11,16,1 L,+38.069
6967.252,11,16,1 L,+38.088
6972.478,11,16,1 L,+38.358
6976.119,11,16,1 L,+38.542
6979.56,11,16,1 L,+38.734
6983.359,11,16,1 L,+38.621
6988.51,11,16,1 L,+38.796
6991.422,11,16,1 L,+38.859
6993.538,11,16,1 L,+38.879
6997.503,11,16,1 L,+38.951
7000.854,11,16,1 L,+39.018
7004.617,11,16,1 L,+39.026
7008.39,11,16,1 L,+38.963
7012.232,11,16,1 L,+39.446
7018.738,11,16,1 L,+40.939
7024.262,11,16,1 L,+41.314
7028.342,11,16,1 L,+41.456
7034.302,11,16,1 L,+41.772
7038.033,11,16,1 L,+41.917
7041.778,11,16,1 L,+41.987
7044.06,11,16,1 L,+42.039
7046.183,11,16,1 L,+42.127
7051.468,11,16,1 L,+42.234
7052.146,11,16,1 L,+42.231
7054.774,11,16,1 L,+42.201
7056.134,11,16,1 L,+42.176
7061.549,11,16,1 L,+42.560
7065.265,11,16,1 L,+42.831
7068.655,11,16,1 L,+43.058
7072.458,11,16,1 L,+43.050
7077.645,11,16,1 L,+43.283
7080.515,11,16,1 L,+43.357
7082.693,11,16,1 L,+43.416
7086.615,11,16,1 L,+43.405
7089.957,11,16,1 L,+43.461
7093.721,11,16,1 L,+43.489
7097.576,11,16,1 L,+43.478
7100.859,11,16,1 L,+43.487
7106.025,11,16,1 L,+43.442
7111.434,11,16,1 L,+43.666
7115.397,11,16,1 L,+43.671
7121.298,11,16,1 L,+43.775
7124.963,11,16,1 L,+43.780
7128.749,11,16,1 L,+43.824
7131.084,11,16,1 L,+43.841
7133.245,11,16,1 L,+43.933
7138.55,11,16,1 L,+44.068
7139.191,11,16,1 L,+44.102
7141.862,11,16,1 L,+44.162
7143.219,11,16,1 L,+44.101
7148.466,11,16,1 L,+44.211
7152.134,11,16,1 L,+44.405
7155.551,11,16,1 L,+44.413
7159.345,11,16,1 L,+44.418
7164.503,11,16,1 L,+44.444
7167.326,11,16,1 L,+44.359
7169.439,11,16,1 L,+44.318
7173.358,11,16,1 L,+43.920
7176.681,11,16,1 L,+43.942
7180.486,11,16,1 L,+44.016
7184.411,11,16,1 L,+44.176
7187.862,11,16,1 L,+44.352
7193.019,11,16,1 L,+44.142
7198.399,11,16,1 L,+44.384
7202.466,11,16,1 L,+44.258
7208.389,11,16,1 L,+43.993
7212.022,11,16,1 L,+43.878
7215.79,11,16,1 L,+43.841
7218.059,11,16,1 L,+43.811
7220.204,11,16,1 L,+43.855
7225.469,11,16,1 L,+43.832
7226.135,11,16,1 L,+43.827
7228.793,11,16,1 L,+43.783
7230.135,11,16,1 L,+43.737
7235.289,11,16,1 L,+43.753
7238.892,11,16,1 L,+43.914
7242.328,11,16,1 L,+43.973
7246.122,11,16,1 L,+44.044
7251.31,11,16,1 L,+44.094
7254.163,11,16,1 L,+44.070
7256.321,11,16,1 L,+44.106
7260.217,11,16,1 L,+43.989
7263.581,11,16,1 L,+44.082
7267.393,11,16,1 L,+44.207
7271.364,11,16,1 L,+44.448
7274.838,11,16,1 L,+44.764
7280.0,11,16,1 L,+44.597
7285.395,11,16,1 L,+44.781
7289.446,11,16,1 L,+44.867
7295.386,11,16,1 L,+43.780
7298.963,11,16,1 L,+43.671
7302.784,11,16,1 L,+43.621
7305.125,11,16,1 L,+43.663
7307.24,11,16,1 L,+43.709
7312.562,11,16,1 L,+43.676
7313.218,11,16,1 L,+43.660
7315.91,11,16,1 L,+43.570
7317.312,11,16,1 L,+43.520
7322.529,11,16,1 L,+43.586
7326.147,11,16,1 L,+43.842
7329.663,11,16,1 L,+43.963
7333.707,11,16,1 L,+44.047
7340.363,11,16,2 L,+45.620
7343.345,11,16,2 L,+45.692
7345.538,11,16,2 L,+45.765
7349.518,11,16,2 L,+45.740
7352.854,11,16,2 L,+45.830
7356.62,11,16,2 L,+45.880
7360.481,11,16,2 L,+45.927
7363.735,11,16,2 L,+46.002
7368.928,11,16,2 L,+45.958
7374.37,11,16,2 L,+46.246
7378.551,11,16,2 L,+46.422
7384.533,11,16,2 L,+46.503
7388.162,11,16,2 L,+46.445
7391.999,11,16,2 L,+46.390
7394.244,11,16,2 L,+46.465
7396.451,11,16,2 L,+46.530
7401.766,11,16,2 L,+46.612
7402.445,11,16,2 L,+46.636
7405.106,11,16,2 L,+46.728
7406.491,11,16,2 L,+46.685
7411.735,11,16,2 L,+46.669
7415.393,11,16,2 L,+46.830
7418.882,11,16,2 L,+46.961
7422.848,11,16,2 L,+46.915
7429.364,11,16,2 L,+48.362
7432.362,11,16,2 L,+48.477
7434.574,11,16,2 L,+48.512
7438.69,11,16,2 L,+48.562
7442.078,11,16,2 L,+48.675
7445.815,11,16,2 L,+48.733
7449.688,11,16,2 L,+48.812
7453.043,11,16,2 L,+48.917
7458.111,11,16,2 L,+48.804
7463.569,11,16,2 L,+49.158
7467.629,11,16,2 L,+49.247
7473.622,11,16,2 L,+48.940
7477.278,11,16,2 L,+48.883
7481.121,11,16,2 L,+48.945
7483.4,11,16,2 L,+48.986
7485.601,11,16,2 L,+49.108
7490.969,11,16,2 L,+49.143
7491.646,11,16,2 L,+49.138
7494.366,11,16,2 L,+49.126
7495.883,11,16,2 L,+49.195
7501.179,11,16,2 L,+49.477
7504.843,11,16,2 L,+49.723
7508.36,11,16,2 L,+50.037
7512.181,11,16,2 L,+50.068
7517.296,11,16,2 L,+50.040
7520.166,11,16,2 L,+50.075
7522.32,11,16,2 L,+50.081
7526.236,11,16,2 L,+50.079
7529.605,11,16,2 L,+50.177
7533.369,11,16,2 L,+50.222
7537.21,11,16,2 L,+50.255
7540.598,11,16,2 L,+50.298
7545.674,11,16,2 L,+50.260
7551.145,11,16,2 L,+50.638
7555.289,11,16,2 L,+50.925
7561.286,11,16,2 L,+51.079
7564.892,11,16,2 L,+51.093
7568.737,11,16,2 L,+51.161
7570.924,11,16,2 L,+51.248
7573.164,11,16,2 L,+51.302
7578.809,11,16,2 L,+51.593
7579.85,11,16,2 L,+51.733
7582.58,11,16,2 L,+51.996
7584.148,11,16,2 L,+52.142
7589.446,11,16,2 L,+52.441
7593.066,11,16,2 L,+52.588
7596.555,11,16,2 L,+52.802
7600.37,11,16,2 L,+52.796
7605.49,11,16,2 L,+52.831
7608.395,11,16,2 L,+52.868
7610.524,11,16,2 L,+52.872
7614.553,11,16,2 L,+52.935
7617.846,11,16,2 L,+53.015
7621.727,11,16,2 L,+53.105
7625.59,11,16,2 L,+53.267
7629.063,11,16,2 L,+53.433
7634.188,11,16,2 L,+53.512
7639.676,11,16,2 L,+53.839
7644.616,11,16,2 L,+54.890
7650.6,11,16,2 L,+55.117
7654.293,11,16,2 L,+55.246
7658.183,11,16,2 L,+55.361
7660.4,11,16,2 L,+55.275
7691.329,11,16,2 L,+75.559
7693.305,11,16,2 L,+76.098
7700.135,11,16,2 L,+77.777
7703.885,11,16,2 L,+78.003
7707.51,11,16,2 L,+78.321
7711.34,11,16,2 L,+78.335
7716.484,11,16,2 L,+78.447
7719.356,11,16,2 L,+78.465
7721.509,11,16,2 L,+78.482
7725.482,11,16,2 L,+78.483
7728.799,11,16,2 L,+78.513
7732.639,11,16,2 L,+78.562
7736.464,11,16,2 L,+78.653
7739.816,11,16,2 L,+78.752
7745.055,11,16,2 L,+78.872
7750.532,11,16,2 L,+79.256
7754.637,11,16,2 L,+79.416
7760.513,11,16,2 L,+79.433
7764.087,11,16,2 L,+79.431
7767.771,11,16,2 L,+79.326
7769.965,11,16,2 L,+79.319
7772.131,11,16,2 L,+79.306
7777.389,11,16,2 L,+79.373
7778.059,11,16,2 L,+79.388
7780.823,11,16,2 L,+79.455
7782.239,11,16,2 L,+79.505
7787.282,11,16,2 L,+79.493
7790.875,11,16,2 L,+79.602
7794.183,11,16,2 L,+79.687
7797.824,11,16,2 L,+79.492
7802.789,11,16,2 L,+79.399
7805.587,11,16,2 L,+79.342
7807.679,11,16,2 L,+79.321
7811.554,11,16,2 L,+79.232
7814.832,11,16,2 L,+79.210
7818.587,11,16,2 L,+79.225
7822.464,11,16,2 L,+79.274
7825.801,11,16,2 L,+79.345
7830.963,11,16,2 L,+79.513
7836.387,11,16,2 L,+79.708
7840.795,11,16,2 L,+80.206
7846.572,11,16,2 L,+80.227
7850.297,11,16,2 L,+80.301
7854.055,11,16,2 L,+80.195
7856.253,11,16,2 L,+80.259
7864.372,11,16,2 L,+49.311
7867.208,11,16,2 L,+45.493
7868.628,11,16,2 L,+44.854
7873.718,11,16,2 L,+43.051
7877.205,11,16,2 L,+42.872
7880.479,11,16,2 L,+42.715
7884.158,11,16,2 L,+42.390
7889.126,11,16,2 L,+42.229
7891.965,11,16,2 L,+42.222
7894.068,11,16,2 L,+42.277
7897.957,11,16,2 L,+42.276
7901.206,11,16,2 L,+42.278
7904.98,11,16,2 L,+42.254
7908.807,11,16,2 L,+42.224
7912.151,11,16,2 L,+42.257
7917.242,11,16,2 L,+42.379
7922.668,11,16,2 L,+42.681
7926.938,11,16,2 L,+43.096
7933.811,11,16,2 L,+44.345
7938.292,11,16,2 L,+45.325
7942.164,11,16,2 L,+45.571
7944.349,11,16,2 L,+45.477
7946.446,11,16,2 L,+45.580
7951.786,11,16,2 L,+45.783
7952.474,11,16,2 L,+45.817
7955.29,11,16,2 L,+45.934
7956.711,11,16,2 L,+46.010
7961.784,11,16,2 L,+46.219
7965.347,11,16,2 L,+46.407
7968.751,11,16,2 L,+46.641
7972.465,11,16,2 L,+46.645
7977.53,11,16,2 L,+46.701
7980.345,11,16,2 L,+46.767
7982.474,11,16,2 L,+46.816
7986.327,11,16,2 L,+46.820
7989.613,11,16,2 L,+46.883
7993.369,11,16,2 L,+46.915
7997.22,11,16,2 L,+46.970
8000.511,11,16,2 L,+47.076
8005.552,11,16,2 L,+47.070
8010.975,11,16,2 L,+47.472
8015.155,11,16,2 L,+47.558
8021.044,11,16,2 L,+46.235
8024.579,11,16,2 L,+44.404
8028.261,11,16,2 L,+41.473
8030.513,11,16,2 L,+38.178
8032.625,11,16,2 L,+36.370
8037.869,11,16,2 L,+35.732
8038.535,11,16,2 L,+35.678
8041.318,11,16,2 L,+35.505
8042.71,11,16,2 L,+35.576
8047.88,11,16,2 L,+35.608
8051.531,11,16,2 L,+35.682
8054.922,11,16,2 L,+35.817
8058.654,11,16,2 L,+35.837
8063.683,11,16,2 L,+35.934
8066.464,11,16,2 L,+35.983
8068.686,11,16,2 L,+35.989
8072.497,11,16,2 L,+36.014
8075.748,11,16,2 L,+36.031
8079.524,11,16,2 L,+36.029
8083.355,11,16,2 L,+35.949
8086.743,11,16,2 L,+35.883
8091.769,11,16,2 L,+35.963
8097.154,11,16,2 L,+36.267
8101.299,11,16,2 L,+36.512
8107.205,11,16,2 L,+36.662
8110.727,11,16,2 L,+36.749
8114.449,11,16,2 L,+36.846
8116.743,11,16,2 L,+36.821
8118.798,11,16,2 L,+36.892
8124.02,11,16,2 L,+36.877
8124.704,11,16,2 L,+36.852
8127.423,11,16,2 L,+36.759
8128.83,11,16,2 L,+36.834
8133.897,11,16,2 L,+37.007
8137.538,11,16,2 L,+37.167
8140.963,11,16,2 L,+37.366
8144.666,11,16,2 L,+37.421
8149.695,11,16,2 L,+37.587
8152.483,11,16,2 L,+37.699
8154.623,11,16,2 L,+37.760
8158.539,11,16,2 L,+37.881
8161.836,11,16,2 L,+37.941
8165.605,11,16,2 L,+37.948
8169.451,11,16,2 L,+37.894
8172.797,11,16,2 L,+37.866
8177.862,11,16,2 L,+37.971
8183.307,11,16,2 L,+38.293
8187.461,11,16,2 L,+38.470
8193.342,11,16,2 L,+38.641
8196.898,11,16,2 L,+38.809
8200.679,11,16,2 L,+38.926
8202.86,11,16,2 L,+38.978
8204.94,11,16,2 L,+39.066
8210.235,11,16,2 L,+39.139
8210.899,11,16,2 L,+39.140
8213.688,11,16,2 L,+39.148
8215.106,11,16,2 L,+39.187
8220.145,11,16,2 L,+39.349
8223.672,11,16,2 L,+39.440
8227.039,11,16,2 L,+39.575
8230.791,11,16,2 L,+39.701
8235.842,11,16,2 L,+39.917
8238.656,11,16,2 L,+40.065
8240.792,11,16,2 L,+40.154
8244.683,11,16,2 L,+40.268
8247.93,11,16,2 L,+40.302
8251.671,11,16,2 L,+40.317
8255.527,11,16,2 L,+40.271
8258.835,11,16,2 L,+40.248
8263.931,11,16,2 L,+40.435
8269.358,11,16,2 L,+40.727
8273.563,11,16,2 L,+41.082
8279.438,11,16,2 L,+41.259
8282.989,11,16,2 L,+41.393
8286.663,11,16,2 L,+41.430
8288.917,11,16,2 L,+41.453
8291.041,11,16,2 L,+41.546
8296.323,11,16,2 L,+41.624
8296.983,11,16,2 L,+41.625
8299.744,11,16,2 L,+41.626
8301.121,11,16,2 L,+41.668
8306.165,11,16,2 L,+41.751
8309.747,11,16,2 L,+41.809
8313.121,11,16,2 L,+41.909
8316.849,11,16,2 L,+41.985
8321.933,11,16,2 L,+42.157
8324.762,11,16,2 L,+42.318
8326.882,11,16,2 L,+42.401
8330.774,11,16,2 L,+42.475
8334.073,11,16,2 L,+42.510
8337.794,11,16,2 L,+42.538
8341.636,11,16,2 L,+42.501
8344.97,11,16,2 L,+42.476
8350.145,11,16,2 L,+42.706
8355.603,11,16,2 L,+43.117
8359.771,11,16,2 L,+43.377
8365.603,11,16,2 L,+43.512
8369.108,11,16,2 L,+43.607
8372.862,11,16,2 L,+43.711
8377.219,11,16,2 L,+43.820
8382.564,11,16,2 L,+43.947
8383.19,11,16,2 L,+43.955
8385.93,11,16,2 L,+43.960
8387.297,11,16,2 L,+44.001
8392.356,11,16,2 L,+44.156
8395.892,11,16,2 L,+44.236
8399.266,11,16,2 L,+44.360
8402.947,11,16,2 L,+44.433
8407.946,11,16,2 L,+44.556
8410.778,11,16,2 L,+44.691
8412.9,11,16,2 L,+44.774
8416.846,11,16,2 L,+44.912
8420.161,11,16,2 L,+45.009
8423.913,11,16,2 L,+45.050
8427.83,11,16,2 L,+45.053
8431.247,11,16,2 L,+45.066
8436.358,11,16,2 L,+45.267
8441.804,11,16,2 L,+45.639
8445.993,11,16,2 L,+45.902
8451.912,11,16,2 L,+46.169
8455.445,11,16,2 L,+46.269
8459.237,11,16,2 L,+46.387
8461.436,11,16,2 L,+46.409
8463.538,11,16,2 L,+46.539
8468.906,11,16,2 L,+46.741
8469.595,11,16,2 L,+46.777
8472.525,11,16,2 L,+46.959
8473.949,11,16,2 L,+47.061
8479.004,11,16,2 L,+47.227
8482.543,11,16,2 L,+47.250
8485.809,11,16,2 L,+47.374
8489.562,11,16,2 L,+45.902
8494.596,11,16,2 L,+44.195
8497.446,11,16,2 L,+43.979
8499.546,11,16,2 L,+43.922
8503.417,11,16,2 L,+43.745
8506.717,11,16,2 L,+43.707
8510.43,11,16,2 L,+43.718
8514.252,11,16,2 L,+43.698
8517.625,11,16,2 L,+43.666
8522.652,11,16,2 L,+43.789
8528.038,11,16,2 L,+44.078
8532.221,11,16,2 L,+44.312
8538.071,11,16,2 L,+44.464
8541.608,11,16,2 L,+44.574
8545.413,11,16,2 L,+44.740
8547.65,11,16,2 L,+44.704
8549.758,11,16,2 L,+44.755
8555.065,11,16,2 L,+44.929
8555.808,11,16,2 L,+44.946
8558.53,11,16,2 L,+45.018
8559.918,11,16,2 L,+45.046
8565.018,11,16,2 L,+45.208
8568.545,11,16,2 L,+45.266
8571.819,11,16,2 L,+45.244
8575.513,11,16,2 L,+45.275
8580.522,11,16,2 L,+45.402
8583.355,11,16,2 L,+45.533
8585.439,11,16,2 L,+45.617
8589.316,11,16,2 L,+45.712
8592.599,11,16,2 L,+45.745
8596.334,11,16,2 L,+45.721
8600.256,11,16,2 L,+45.620
8603.652,11,16,2 L,+45.555
8608.776,11,16,2 L,+45.765
8614.197,11,16,2 L,+46.095
8618.342,11,16,2 L,+46.247
8627.07,11,16,3 L,+49.167
8631.33,11,16,3 L,+50.059
8635.372,11,16,3 L,+50.443
8637.662,11,16,3 L,+50.432
8639.726,11,16,3 L,+50.538
8645.055,11,16,3 L,+50.641
8645.746,11,16,3 L,+50.639
8648.453,11,16,3 L,+50.629
8649.912,11,16,3 L,+50.697
8655.069,11,16,3 L,+51.009
8658.703,11,16,3 L,+51.199
8662.305,11,16,3 L,+51.535
8666.133,11,16,3 L,+51.778
8673.032,11,16,3 L,+53.721
8676.044,11,16,3 L,+54.041
8678.222,11,16,3 L,+54.173
8682.294,11,16,3 L,+54.430
8685.566,11,16,3 L,+54.490
8689.279,11,16,3 L,+54.436
8693.039,11,16,3 L,+54.269
8696.252,11,16,3 L,+54.098
8701.381,11,16,3 L,+54.335
8706.855,11,16,3 L,+54.703
8711.025,11,16,3 L,+54.937
8716.924,11,16,3 L,+55.179
8720.495,11,16,3 L,+55.383
8724.288,11,16,3 L,+55.569
8726.631,11,16,3 L,+55.613
8728.762,11,16,3 L,+55.740
8733.988,11,16,3 L,+55.793
8734.673,11,16,3 L,+55.787
8850.684,11,16,3L,+55.787
12.598,77,19,,
3744.99,77,19,,+0.439
3749.753,77,19,+2.058,+0.439
3751.628,77,20,+2.058,+0.439
3752.599,77,21,+2.058,+0.439
3753.459,77,22,+2.058,+0.439
3753.898,77,14,+2.058,+0.439
3753.984,77,14,+2.269,+0.167
3758.352,77,13,+2.269,+0.167
3758.437,77,13,+3.201,+0.315
3758.611,77,14,+3.201,+0.315
3762.024,77,15,+3.201,+0.315
3762.151,77,14,+3.201,+0.315
3762.236,77,14,+3.133,+0.159
3762.254,77,15,+3.133,+0.159
3766.3,77,16,+3.133,+0.159
3767.027,77,17,+3.133,+0.159
3767.284,77,18,+3.133,+0.159
3767.535,77,15,+3.133,+0.159
3767.62,77,15,+3.143,+0.115
3770.525,77,15,+3.808,+0.108
3776.189,77,13,+3.808,+0.108
3776.2,77,14,+3.808,+0.108
3776.273,77,14,+4.724,+0.288
3776.444,77,15,+4.724,+0.288
3780.058,77,16,+4.724,+0.288
3780.228,77,15,+4.724,+0.288
3780.313,77,15,+5.292,+0.318
3781.661,77,15,+5.407,+0.226
3786.622,77,15,+6.359,+0.358
3791.519,77,15,+6.477,+0.407
3793.855,77,15,+6.411,+0.339
3797.708,77,15,+6.113,+0.192
3800.851,77,15,+5.877,+0.199
3806.892,77,15,+6.747,+0.391
3812.241,77,15,+6.975,+0.474
3816.71,77,15,+7.364,+0.519
3822.826,77,15,+7.694,+0.623
3827.489,77,15,+7.961,+0.652
3830.579,77,15,+8.447,+0.524
3832.745,77,15,+8.547,+0.526
3834.719,77,15,+8.748,+0.622
3840.147,77,15,+8.927,+1.015
3840.838,77,15,+8.921,+1.035
3843.579,77,15,+8.693,+0.872
3845.3,77,15,+8.885,+0.764
3850.59,77,15,+9.426,+0.733
3854.163,77,15,+9.447,+0.801
3857.722,77,15,+9.663,+0.851
3861.684,77,15,+9.854,+0.791
3867.017,77,15,+10.067,+0.774
3869.827,77,15,+10.309,+0.793
3871.934,77,15,+10.250,+0.755
3876.041,77,15,+10.445,+0.665
3879.355,77,15,+10.484,+0.652
3883.173,77,15,+10.502,+0.719
3887.05,77,15,+10.483,+0.848
3890.188,77,16,+10.483,+0.848
3890.385,77,16,+10.450,+0.109
3896.155,77,16,+10.689,+0.594
3901.536,77,16,+11.000,+0.754
3907.32,77,17,+11.000,+0.754
3907.465,77,17,+11.073,+0.015
3911.833,77,17,+11.347,+0.047
3916.298,77,17,+12.064,+0.274
3920.145,77,18,+12.064,+0.274
3920.589,77,18,+12.817,+0.305
3922.895,77,18,+12.951,+0.247
3925.062,77,18,+13.212,+0.388
3930.342,77,18,+13.334,+0.320
3931.012,77,18,+13.301,+0.277
3933.67,77,18,+13.093,+0.125
3935.624,77,18,+13.320,+0.224
3940.778,77,18,+13.949,+0.487
3944.452,77,18,+14.024,+0.612
3947.978,77,18,+14.089,+0.568
3951.856,77,18,+14.319,+0.641
3956.936,77,18,+14.515,+0.733
3959.988,77,18,+14.759,+0.881
3962.169,77,18,+14.918,+0.930
3966.236,77,18,+15.263,+0.967
3969.558,77,18,+15.282,+0.980
3973.459,77,18,+14.567,+1.095
3977.513,77,18,+14.854,+1.292
3980.711,77,19,+14.854,+1.292
3980.897,77,19,+15.041,+0.165
3986.511,77,19,+15.479,+0.428
3991.79,77,19,+15.429,+0.333
3996.537,77,19,+15.692,+0.367
4002.197,77,19,+15.934,+0.419
4005.932,77,19,+16.205,+0.539
4009.859,77,19,+16.453,+0.591
4012.012,77,19,+16.524,+0.604
4014.297,77,19,+16.656,+0.732
4019.572,77,19,+16.661,+0.807
4020.319,77,19,+16.627,+0.807
4022.904,77,19,+16.422,+0.796
4024.474,77,19,+16.555,+0.834
4029.587,77,19,+16.830,+0.866
4033.277,77,19,+16.854,+0.839
4036.794,77,19,+16.974,+0.748
4040.582,77,19,+17.130,+0.821
4045.736,77,19,+17.361,+0.892
4048.751,77,19,+17.671,+1.029
4050.997,77,19,+17.756,+1.097
4055.15,77,19,+18.127,+1.254
4058.471,77,19,+18.189,+1.198
4062.357,77,19,+18.304,+1.288
4066.383,77,19,+18.444,+1.498
4069.838,77,19,+18.496,+1.668
4075.096,77,19,+18.819,+1.751
4080.411,77,19,+18.964,+1.595
4084.491,77,19,+18.984,+1.467
4090.492,77,19,+19.194,+1.511
4094.165,77,19,+19.484,+1.524
4097.998,77,19,+19.812,+1.553
4100.214,77,19,+19.956,+1.569
4102.417,77,19,+20.124,+1.648
4107.628,77,19,+20.151,+1.649
4108.289,77,19,+20.131,+1.642
4110.943,77,19,+20.028,+1.605
4112.371,77,19,+20.135,+1.633
4117.634,77,19,+20.546,+1.468
4121.366,77,19,+20.596,+1.393
4124.793,77,19,+20.676,+1.175
4128.65,77,19,+20.973,+1.233
4133.784,77,19,+21.258,+1.260
4136.78,77,19,+21.530,+1.325
4138.981,77,19,+21.627,+1.384
4142.927,77,19,+21.836,+1.281
4146.25,77,19,+21.890,+1.165
4150.048,77,19,+21.942,+1.152
4153.976,77,19,+21.971,+1.180
4157.342,77,19,+21.959,+1.204
4162.568,77,19,+22.327,+1.206
4168.018,77,19,+22.576,+1.168
4172.173,77,19,+22.701,+1.246
4178.108,77,19,+22.902,+1.237
4181.746,77,19,+23.212,+1.292
4185.632,77,19,+23.567,+1.320
4187.73,77,19,+23.627,+1.247
4190.003,77,19,+23.761,+1.306
4195.354,77,19,+23.887,+1.353
4196.022,77,19,+23.888,+1.355
4198.763,77,19,+23.860,+1.351
4200.278,77,19,+23.928,+1.296
4205.478,77,19,+24.361,+1.335
4209.147,77,19,+24.315,+1.240
4212.617,77,19,+24.335,+1.080
4216.441,77,19,+24.552,+1.088
4221.564,77,19,+24.830,+1.085
4224.543,77,19,+25.100,+1.184
4226.739,77,19,+25.182,+1.235
4230.721,77,19,+25.322,+1.223
4234.007,77,19,+25.394,+1.196
4237.832,77,19,+25.446,+1.210
4241.753,77,19,+25.471,+1.258
4245.168,77,19,+25.474,+1.309
4250.312,77,19,+25.692,+1.366
4255.754,77,19,+25.936,+1.400
4259.915,77,19,+26.028,+1.489
4265.862,77,19,+25.991,+1.446
4269.501,77,19,+26.273,+1.463
4273.349,77,19,+26.568,+1.438
4275.535,77,19,+26.592,+1.422
4277.779,77,19,+26.701,+1.505
4283.113,77,19,+26.846,+1.549
4283.811,77,19,+26.870,+1.564
4286.657,77,19,+26.941,+1.615
4288.097,77,19,+27.043,+1.588
4293.29,77,19,+27.354,+1.627
4296.895,77,19,+27.286,+1.474
4300.163,77,19,+27.178,+1.117
4304.096,77,19,+27.456,+1.244
4309.201,77,19,+27.723,+1.303
4312.137,77,19,+27.937,+1.346
4314.266,77,19,+27.964,+1.344
4318.19,77,19,+28.125,+1.326
4321.588,77,19,+28.262,+1.347
4325.393,77,19,+28.308,+1.344
4329.241,77,19,+28.285,+1.324
4332.529,77,19,+28.204,+1.282
4337.688,77,19,+28.432,+1.245
4343.081,77,19,+28.624,+1.158
4347.257,77,19,+28.825,+1.120
4353.168,77,19,+29.069,+1.109
4356.877,77,19,+29.437,+1.161
4360.676,77,19,+29.780,+1.161
4362.872,77,19,+28.994,+1.109
4365.13,77,19,+29.170,+1.166
4370.561,77,19,+29.530,+1.361
4371.302,77,19,+30.293,+1.396
4374.1,77,19,+29.826,+1.526
4375.563,77,19,+29.922,+1.568
4380.81,77,19,+30.428,+1.615
4384.449,77,19,+30.691,+1.487
4387.825,77,19,+30.643,+1.262
4391.614,77,19,+30.316,+1.268
4396.758,77,19,+30.340,+1.308
4399.743,77,19,+30.596,+1.403
4401.925,77,19,+30.777,+1.439
4405.863,77,19,+30.881,+1.434
4409.172,77,19,+30.894,+1.402
4412.933,77,19,+30.893,+1.373
4416.728,77,19,+30.879,+1.333
4420.001,77,19,+30.830,+1.283
4425.193,77,19,+31.101,+1.342
4430.755,77,19,+31.033,+1.440
4434.891,77,19,+30.970,+1.523
4440.818,77,19,+31.614,+1.482
4444.441,77,19,+31.743,+1.506
4448.284,77,19,+31.989,+1.568
4450.497,77,19,+31.998,+1.530
4452.678,77,19,+32.160,+1.590
4457.961,77,19,+32.146,+1.578
4458.629,77,19,+32.094,+1.576
4461.364,77,19,+31.876,+1.571
4462.832,77,19,+31.887,+1.604
4468.064,77,19,+31.797,+1.722
4471.82,77,19,+31.843,+1.731
4475.329,77,19,+32.051,+1.723
4479.158,77,19,+31.909,+1.778
4484.325,77,19,+31.972,+1.792
4487.279,77,19,+32.257,+1.889
4489.452,77,19,+32.433,+1.926
4493.469,77,19,+32.775,+2.001
4496.795,77,19,+32.852,+1.965
4500.545,77,19,+32.829,+1.948
4504.408,77,19,+32.656,+1.921
4507.68,77,19,+32.437,+1.891
4512.945,77,19,+32.795,+2.012
4518.339,77,19,+33.003,+1.931
4522.533,77,19,+33.096,+2.011
4528.474,77,19,+33.375,+2.019
4532.084,77,19,+33.662,+2.083
4535.946,77,19,+34.007,+2.138
4538.197,77,19,+33.967,+2.087
4540.331,77,19,+34.059,+2.155
4545.647,77,19,+34.170,+2.155
4546.323,77,18,+34.170,+2.155
4546.331,77,18,+34.171,+2.205
4549.06,77,18,+34.159,+2.215
4550.417,77,18,+34.242,+2.194
4555.725,77,18,+34.668,+2.154
4559.406,77,18,+34.642,+2.077
4562.903,77,18,+34.689,+2.077
4566.748,77,18,+34.924,+2.121
4571.903,77,18,+35.146,+2.164
4574.866,77,18,+35.362,+2.243
4577.018,77,18,+35.396,+2.266
4580.989,77,18,+35.586,+2.263
4584.341,77,18,+35.711,+2.245
4588.108,77,18,+35.753,+2.211
4591.965,77,18,+35.713,+2.134
4595.248,77,18,+35.629,+2.065
4600.436,77,18,+35.972,+2.089
4605.855,77,18,+36.268,+2.078
4609.889,77,18,+36.341,+2.000
4615.973,77,18,+36.682,+2.140
4619.629,77,18,+37.002,+2.084
4623.516,77,18,+37.395,+2.156
4625.646,77,18,+37.435,+2.080
4627.883,77,18,+37.581,+2.105
4633.269,77,18,+37.823,+2.237
4633.966,77,18,+37.855,+2.271
4636.822,77,18,+37.966,+2.413
4638.278,77,18,+38.093,+2.473
4643.515,77,18,+38.459,+2.432
4647.209,77,18,+38.413,+2.373
4650.744,77,18,+38.520,+2.312
4654.54,77,18,+38.737,+2.295
4659.76,77,18,+39.055,+2.288
4662.738,77,18,+39.313,+2.367
4664.877,77,18,+39.476,+2.401
4668.841,77,18,+39.801,+2.360
4672.172,77,18,+39.942,+2.330
4675.976,77,18,+39.956,+2.302
4679.777,77,18,+39.795,+2.234
4683.075,77,18,+39.606,+2.149
4691.588,77,17,+39.606,+2.149
4691.671,77,17,+43.303,+5.175
4699.669,77,17,+46.229,+2.927
4704.405,77,17,+46.971,+2.495
4711.268,77,17,+48.144,+2.513
4715.439,77,17,+49.052,+2.102
4719.677,77,17,+49.824,+2.093
4722.317,77,17,+50.285,+2.154
4724.94,77,17,+50.896,+2.368
4732.103,77,17,+52.847,+2.368
4733.004,77,15,+52.847,+2.368
4733.028,77,15,+53.115,+3.454
4737.077,77,15,+54.383,+3.185
4739.094,77,15,+54.993,+2.905
4746.181,77,15,+53.884,+1.880
4751.24,77,15,+53.210,+2.290
4755.574,77,15,+53.290,+2.615
4759.532,77,15,+52.973,+2.303
4766.508,77,15,+52.907,+1.560
4772.458,77,15,+55.297,+2.838
4778.437,77,15,+58.888,+5.996
4790.181,77,15,+66.209,+12.558
4801.837,77,15,+74.419,+18.750
4809.517,77,15,+74.943,+21.244
4814.691,77,16,+74.943,+21.244
4816.883,77,16,+75.371,+2.139
4824.902,77,16,+77.179,+3.851
4835.192,77,16,+79.397,+6.303
4842.02,77,17,+79.397,+6.303
4847.09,77,17,+85.623,+5.054
4855.64,77,17,+89.720,+9.229
4863.657,77,18,+89.720,+9.229
4865.222,77,18,+93.051,+1.481
4871.689,77,19,+93.051,+1.481
4871.841,77,19,+95.831,+0.054
4877.791,77,19,+97.245,+1.947
4881.673,77,19,+98.484,+3.545
4932.34,77,19,1 L,+41.300
4934.752,77,19,1 L,+41.179
4943.368,77,19,1 L,+44.033
4947.628,77,19,1 L,+44.249
4951.294,77,19,1 L,+41.490
4955.519,77,19,1 L,+40.776
4962.441,77,19,1 L,+41.340
4965.874,77,19,1 L,+41.412
4968.278,77,19,1 L,+41.317
4972.826,77,19,1 L,+41.094
4976.696,77,19,1 L,+41.158
4980.737,77,19,1 L,+41.042
4984.616,77,19,1 L,+40.715
4987.879,77,19,1 L,+56.582
4993.582,77,19,1 L,+56.196
4999.172,77,19,1 L,+56.352
5004.489,77,19,1 L,+57.465
5010.973,77,19,1 L,+58.086
5014.723,77,19,1 L,+58.339
5018.594,77,19,1 L,+58.387
5020.827,77,19,1 L,+58.436
5029.192,77,18,1 L,+58.436
5029.211,77,18,1 L,+43.284
5032.031,77,18,1 L,+43.236
5033.545,77,18,1 L,+43.223
5038.98,77,18,1 L,+43.567
5042.733,77,18,1 L,+43.639
5046.164,77,18,1 L,+43.646
5050.044,77,18,1 L,+43.873
5056.085,77,18,1 L,+44.968
5059.654,77,18,1 L,+45.680
5061.985,77,18,1 L,+45.786
5066.027,77,18,1 L,+45.995
5069.411,77,18,1 L,+46.044
5073.191,77,18,1 L,+45.964
5077.427,77,18,1 L,+46.112
5080.923,77,18,1 L,+46.082
5086.45,77,18,1 L,+46.353
5092.074,77,18,1 L,+46.635
5096.392,77,18,1 L,+46.880
5102.465,77,18,1 L,+47.097
5106.144,77,18,1 L,+47.254
5109.995,77,18,1 L,+47.416
5112.127,77,18,1 L,+47.475
5114.448,77,18,1 L,+47.642
5119.854,77,18,1 L,+47.653
5120.58,77,18,1 L,+47.665
5123.451,77,18,1 L,+47.674
5124.939,77,18,1 L,+47.703
5130.302,77,18,1 L,+48.024
5134.221,77,18,1 L,+48.242
5138.904,77,18,1 L,+49.522
5142.978,77,18,1 L,+49.962
5148.949,77,18,1 L,+50.949
5152.193,77,18,1 L,+51.350
5154.411,77,18,1 L,+51.410
5158.591,77,18,1 L,+51.654
5161.975,77,18,1 L,+51.695
5165.737,77,18,1 L,+51.589
5169.494,77,18,1 L,+51.273
5172.693,77,18,1 L,+50.881
5178.201,77,18,1 L,+51.261
5183.641,77,18,1 L,+51.471
5187.922,77,18,1 L,+51.658
5193.896,77,18,1 L,+51.764
5197.502,77,18,1 L,+51.830
5201.3,77,18,1 L,+51.933
5203.609,77,18,1 L,+52.112
5205.878,77,18,1 L,+52.224
5211.231,77,18,1 L,+52.141
5211.93,77,18,1 L,+52.123
5214.683,77,18,1 L,+52.034
5216.205,77,18,1 L,+52.037
5221.443,77,18,1 L,+52.343
5225.111,77,18,1 L,+52.322
5228.474,77,18,1 L,+52.270
5232.314,77,18,1 L,+52.409
5237.524,77,18,1 L,+52.581
5240.555,77,18,1 L,+52.765
5242.738,77,18,1 L,+52.770
5246.788,77,18,1 L,+52.897
5250.207,77,18,1 L,+52.973
5254.027,77,18,1 L,+52.873
5257.842,77,18,1 L,+52.600
5261.156,77,18,1 L,+52.328
5266.989,77,18,1 L,+53.023
5272.719,77,18,1 L,+53.500
5280.626,77,18,1 L,+57.316
5294.039,77,18,1 L,+64.963
5299.892,77,18,1 L,+67.263
5304.36,77,18,1 L,+67.970
6202.479,77,19,1 L,+67.970
8850.684,77,19,43L,6L
12.598,3,20,,
3745.259,3,20,,+0.317
3750.488,3,20,+2.917,+0.859
3751.628,3,21,+2.917,+0.859
3752.599,3,16,+2.917,+0.859
3752.69,3,16,+3.090,+0.012
3752.891,3,17,+3.090,+0.012
3753.898,3,18,+3.090,+0.012
3759.982,3,17,+3.090,+0.012
3760.06,3,17,+3.763,+0.094
3763.282,3,17,+3.579,+0.017
3767.027,3,18,+3.579,+0.017
3767.284,3,19,+3.579,+0.017
3768.291,3,17,+3.579,+0.017
3768.378,3,17,+3.564,+0.077
3770.811,3,17,+4.192,+0.113
3776.603,3,16,+4.192,+0.113
3776.608,3,17,+4.192,+0.113
3776.683,3,17,+5.142,+0.113
3780.058,3,15,+5.142,+0.113
3780.143,3,15,+5.833,+0.859
3780.228,3,16,+5.833,+0.859
3780.667,3,17,+5.833,+0.859
3782.222,3,17,+5.997,+0.275
3787.155,3,17,+6.786,+0.208
3792.166,3,17,+6.875,+0.110
3794.402,3,17,+6.828,+0.104
3798.178,3,17,+6.562,+0.088
3801.295,3,17,+6.347,+0.180
3807.313,3,16,+6.347,+0.180
3807.396,3,16,+7.073,+0.326
3812.697,3,16,+7.425,+0.450
3817.19,3,16,+7.887,+0.523
3823.444,3,16,+8.318,+0.624
3827.428,3,17,+8.318,+0.624
3828.036,3,16,+8.318,+0.624
3828.121,3,16,+8.521,+0.560
3830.963,3,16,+8.895,+0.448
3833.293,3,16,+9.075,+0.528
3835.255,3,16,+9.185,+0.437
3840.619,3,16,+9.401,+0.474
3841.317,3,16,+9.404,+0.483
3844.189,3,16,+9.306,+0.613
3845.802,3,16,+9.464,+0.579
3850.984,3,16,+9.829,+0.403
3854.607,3,16,+9.877,+0.430
3858.188,3,16,+10.110,+0.447
3862.29,3,16,+10.294,+0.440
3867.336,3,16,+10.388,+0.321
3870.124,3,16,+10.512,+0.203
3872.173,3,16,+10.483,+0.233
3876.362,3,16,+10.772,+0.327
3879.683,3,16,+10.755,+0.271
3883.42,3,16,+10.673,+0.171
3887.093,3,16,+10.495,+0.012
3890.188,3,15,+10.495,+0.012
3890.281,3,15,+10.341,+0.817
3895.588,3,15,+10.095,+0.755
3900.785,3,15,+10.246,+0.797
3906.342,3,15,+10.300,+0.786
3910.703,3,15,+10.233,+0.733
3914.708,3,15,+10.424,+0.702
3918.357,3,15,+10.480,+0.553
3920.591,3,15,+10.503,+0.596
3922.755,3,15,+10.553,+0.522
3927.524,3,15,+10.497,+0.384
3928.207,3,15,+10.460,+0.366
3930.928,3,15,+10.293,+0.322
3932.734,3,15,+10.412,+0.292
3937.796,3,15,+10.806,+0.287
3941.125,3,15,+10.668,+0.233
3944.674,3,15,+10.732,+0.170
3948.939,3,15,+11.235,+0.333
3953.99,3,15,+11.506,+0.350
3956.862,3,15,+11.649,+0.346
3959.024,3,15,+11.791,+0.373
3963.127,3,15,+12.160,+0.417
3966.373,3,15,+12.107,+0.361
3970.176,3,15,+11.945,+0.344
3973.891,3,15,+11.240,+0.351
3977.116,3,15,+11.247,+0.365
3982.455,3,15,+11.409,+0.274
3987.689,3,15,+11.282,+0.210
3992.467,3,15,+11.405,+0.335
3997.729,3,15,+11.449,+0.287
4001.415,3,15,+11.570,+0.229
4005.12,3,14,+11.570,+0.229
4005.195,3,14,+11.752,+0.698
4007.49,3,14,+11.919,+0.802
4009.531,3,14,+11.916,+0.733
4014.63,3,14,+11.714,+0.600
4015.45,3,14,+11.663,+0.589
4017.913,3,14,+11.434,+0.569
4019.474,3,14,+11.521,+0.561
4024.442,3,14,+11.644,+0.390
4027.886,3,14,+11.476,+0.367
4031.6,3,14,+11.776,+0.514
4035.462,3,14,+11.947,+0.432
4040.428,3,14,+12.049,+0.361
4043.357,3,14,+12.202,+0.315
4045.479,3,14,+12.215,+0.292
4049.588,3,14,+12.533,+0.327
4052.862,3,14,+12.543,+0.268
4056.601,3,14,+12.506,+0.220
4060.244,3,14,+12.335,+0.146
4063.45,3,14,+12.106,+0.074
4068.917,3,13,+12.106,+0.074
4069.0,3,13,+12.761,+0.501
4074.413,3,13,+12.948,+0.505
4078.488,3,13,+13.019,+0.664
4084.522,3,13,+13.220,+0.783
4088.058,3,13,+13.386,+0.745
4091.754,3,13,+13.585,+0.753
4093.9,3,13,+13.711,+0.785
4096.09,3,13,+13.774,+0.761
4101.181,3,13,+13.706,+0.535
4101.837,3,13,+13.681,+0.500
4104.459,3,13,+13.564,+0.357
4106.032,3,13,+13.693,+0.435
4110.964,3,13,+13.806,+0.168
4114.315,3,12,+13.806,+0.168
4114.387,3,12,+13.615,+2.168
4117.716,3,12,+13.584,+1.991
4121.485,3,12,+13.768,+1.990
4126.431,3,12,+13.893,+1.950
4129.179,3,12,+13.966,+1.930
4131.377,3,12,+14.027,+2.027
4135.395,3,12,+14.234,+2.082
4138.567,3,12,+14.216,+2.024
4142.472,3,12,+14.278,+2.111
4146.38,3,12,+14.381,+2.376
4149.813,3,12,+14.402,+2.616
4154.812,3,12,+14.569,+2.448
4159.975,3,12,+14.538,+2.289
4163.944,3,12,+14.446,+2.073
4169.621,3,12,+14.411,+1.870
4173.157,3,12,+14.565,+1.848
4176.794,3,12,+14.745,+1.640
4178.938,3,12,+14.807,+1.548
4181.021,3,12,+14.792,+1.458
4186.057,3,12,+14.616,+1.323
4186.735,3,12,+14.579,+1.314
4189.333,3,12,+14.406,+1.259
4190.776,3,12,+14.426,+1.178
4195.681,3,12,+14.548,+0.978
4199.165,3,12,+14.328,+0.952
4202.546,3,12,+14.243,+0.990
4206.29,3,12,+14.347,+0.667
4211.414,3,12,+14.630,+0.225
4214.29,3,12,+14.828,+0.206
4216.432,3,12,+14.868,+0.215
4220.511,3,12,+15.133,+0.392
4223.75,3,12,+15.135,+0.345
4227.488,3,12,+15.079,+0.278
4231.157,3,12,+14.895,+0.167
4234.339,3,12,+14.640,+0.029
4239.186,3,11,+14.640,+0.029
4239.273,3,11,+14.634,+0.648
4244.488,3,11,+14.652,+0.554
4248.493,3,11,+14.558,+0.496
4254.322,3,11,+14.437,+0.430
4257.841,3,11,+14.595,+0.467
4261.608,3,11,+14.861,+0.492
4263.789,3,11,+14.898,+0.508
4265.945,3,11,+14.864,+0.463
4271.044,3,11,+14.760,+0.344
4271.723,3,11,+14.725,+0.313
4274.292,3,11,+14.577,+0.178
4275.908,3,11,+14.716,+0.231
4280.925,3,11,+14.969,+0.293
4284.414,3,11,+14.782,+0.200
4287.891,3,11,+14.868,+0.270
4291.798,3,11,+15.169,+0.455
4296.758,3,11,+15.271,+0.521
4299.557,3,11,+15.360,+0.534
4301.661,3,11,+15.365,+0.572
4305.613,3,11,+15.517,+0.618
4308.857,3,11,+15.525,+0.586
4312.681,3,11,+15.582,+0.664
4316.591,3,11,+15.637,+0.849
4319.952,3,11,+15.600,+0.984
4324.911,3,11,+15.631,+0.895
4330.065,3,11,+15.628,+0.843
4334.089,3,11,+15.614,+0.728
4339.833,3,11,+15.725,+0.649
4343.36,3,11,+15.929,+0.650
4347.091,3,11,+16.181,+0.618
4349.293,3,11,+16.231,+0.648
4351.33,3,11,+16.214,+0.610
4356.439,3,11,+16.113,+0.529
4357.087,3,11,+16.075,+0.502
4359.624,3,11,+15.907,+0.375
4361.049,3,11,+15.351,+0.322
4366.062,3,11,+15.660,+0.312
4369.482,3,11,+15.685,+0.024
4372.793,3,10,+15.685,+0.024
4372.871,3,10,+15.654,+1.244
4376.663,3,10,+15.584,+1.191
4381.632,3,10,+15.626,+1.188
4384.355,3,10,+15.677,+1.163
4386.513,3,10,+15.712,+1.224
4390.421,3,10,+15.413,+1.253
4393.623,3,10,+15.372,+1.238
4397.431,3,10,+15.377,+1.306
4401.272,3,10,+15.418,+1.455
4404.617,3,10,+15.425,+1.591
4409.648,3,10,+15.523,+1.420
4414.798,3,10,+15.423,+1.425
4418.758,3,10,+15.294,+1.429
4424.644,3,10,+15.431,+1.400
4428.09,3,10,+15.405,+1.368
4431.847,3,10,+14.891,+1.325
4433.911,3,10,+14.877,+1.334
4436.042,3,10,+14.834,+1.262
4441.116,3,10,+15.283,+1.165
4441.787,3,10,+15.219,+1.168
4444.414,3,10,+14.972,+1.193
4445.898,3,10,+14.941,+1.196
4450.848,3,10,+14.541,+1.097
4454.313,3,10,+14.340,+1.065
4457.67,3,10,+14.371,+1.046
4461.403,3,10,+14.115,+0.950
4466.409,3,10,+14.062,+0.968
4469.159,3,10,+14.139,+0.945
4471.294,3,10,+14.268,+0.977
4475.206,3,10,+14.505,+0.992
4478.429,3,10,+14.476,+0.959
4482.271,3,10,+14.411,+1.011
4486.014,3,10,+14.257,+1.150
4489.335,3,10,+14.057,+1.294
4494.347,3,10,+14.164,+1.110
4499.626,3,10,+14.254,+1.196
4503.607,3,10,+14.165,+1.103
4509.384,3,10,+14.287,+0.930
4512.909,3,10,+14.450,+0.886
4516.71,3,10,+14.729,+0.854
4518.878,3,10,+14.814,+0.949
4521.078,3,10,+14.793,+0.946
4526.209,3,10,+14.706,+0.810
4526.85,3,10,+14.688,+0.798
4529.495,3,10,+14.614,+0.755
4530.911,3,10,+14.697,+0.734
4535.894,3,10,+14.857,+0.529
4539.297,3,10,+14.521,+0.371
4542.757,3,10,+14.495,+0.457
4546.582,3,10,+14.737,+0.441
4551.649,3,10,+14.883,+0.439
4554.433,3,10,+14.937,+0.391
4556.52,3,10,+14.902,+0.352
4560.48,3,10,+15.084,+0.406
4563.715,3,10,+15.105,+0.400
4567.462,3,10,+15.058,+0.380
4571.086,3,10,+14.855,+0.291
4574.278,3,10,+14.586,+0.181
4579.45,3,10,+15.004,+0.276
4584.649,3,10,+15.014,+0.219
4588.49,3,10,+14.866,+0.071
4594.545,3,9,+14.866,+0.071
4594.619,3,9,+15.328,+0.908
4598.233,3,9,+15.524,+0.997
4601.974,3,9,+15.776,+0.997
4604.043,3,9,+15.857,+1.049
4606.184,3,9,+15.873,+1.048
4611.324,3,9,+15.856,+1.015
4611.997,3,9,+15.844,+1.005
4614.687,3,9,+15.786,+0.955
4616.04,3,9,+15.824,+0.987
4620.946,3,9,+15.886,+0.832
4624.331,3,9,+15.549,+0.573
4627.609,3,9,+15.427,+0.435
4631.495,3,9,+15.652,+0.559
4636.497,3,9,+15.808,+0.485
4639.323,3,9,+15.929,+0.430
4641.449,3,9,+16.031,+0.436
4645.451,3,9,+16.401,+0.541
4648.652,3,9,+16.426,+0.492
4652.431,3,9,+16.390,+0.460
4656.207,3,9,+16.223,+0.437
4659.423,3,8,+16.223,+0.437
4659.514,3,8,+16.020,+0.371
4664.696,3,8,+16.361,+0.353
4669.849,3,8,+16.401,+0.227
4673.7,3,7,+16.401,+0.227
4673.783,3,7,+16.356,+3.310
4679.858,3,7,+16.735,+3.537
4683.306,3,7,+16.914,+3.510
4687.646,3,7,+17.787,+4.033
4691.895,3,7,+19.902,+5.229
4695.215,3,7,+21.139,+5.229
4702.128,3,7,+22.845,+5.229
4703.005,3,6,+22.845,+5.229
4703.021,3,6,+23.075,+2.910
4706.516,3,6,+23.823,+3.119
4708.667,3,6,+24.620,+3.450
4714.933,3,6,+22.610,+3.821
4719.447,3,6,+21.422,+4.470
4724.215,3,6,+21.943,+5.097
4728.506,3,6,+21.881,+5.029
4735.96,3,6,+22.344,+5.110
4739.528,3,6,+22.453,+5.023
4742.29,3,6,+22.723,+4.961
4747.635,3,6,+23.641,+5.322
4751.886,3,6,+24.506,+5.255
4757.496,3,6,+22.909,+5.368
4763.832,3,6,+22.296,+5.841
4769.901,3,6,+22.235,+6.310
4777.538,3,6,+21.730,+6.236
4783.211,3,6,+21.759,+5.433
4787.739,3,6,+21.807,+5.182
4794.554,3,6,+22.385,+5.285
4798.986,3,6,+22.998,+5.240
4803.325,3,6,+22.793,+5.245
4806.032,3,6,+22.807,+5.009
4809.329,3,6,+23.444,+5.001
4816.179,3,6,+23.242,+5.001
4817.232,3,6,+23.281,+4.686
4821.166,3,6,+23.345,+2.265
4823.354,3,6,+23.558,+2.587
4830.319,3,6,+24.308,+2.127
4834.685,3,6,+22.828,+1.863
4838.911,3,6,+22.134,+1.423
4843.508,3,6,+22.522,+1.489
4850.733,3,6,+23.933,+1.624
4854.506,3,6,+23.126,+1.791
4857.276,3,6,+22.688,+1.924
4862.516,3,6,+21.708,+2.332
4866.729,3,6,+22.268,+1.828
4872.196,3,6,+23.779,+2.043
4878.003,3,6,+22.199,+2.093
4885.596,3,6,+23.929,+2.355
4892.531,3,6,+22.778,+1.984
4898.493,3,6,+23.074,+2.317
4902.769,3,6,+22.940,+2.329
4909.032,3,6,+22.817,+1.912
4913.906,3,6,+23.888,+2.154
4918.09,3,6,+23.154,+2.071
4920.677,3,6,+22.195,+1.420
4924.504,3,6,+23.588,+1.874
4931.038,3,6,+23.076,+1.778
4932.051,3,6,+22.964,+1.856
4935.706,3,6,+22.451,+1.609
4937.251,3,6,+22.094,+1.557
4942.362,3,6,+21.295,+0.717
4945.937,3,6,+19.659,+0.617
4949.426,3,6,+18.610,+0.695
4953.217,3,6,+18.151,+0.729
4958.147,3,6,+18.095,+0.911
4960.954,3,6,+18.174,+0.959
4963.053,3,6,+18.275,+1.006
4966.974,3,6,+18.455,+1.116
4970.193,3,6,+18.426,+1.081
4974.0,3,6,+18.421,+1.036
4977.849,3,6,+18.367,+0.979
4981.234,3,6,+18.245,+0.922
4986.184,3,6,+18.316,+1.038
4991.397,3,6,+18.396,+1.029
4995.392,3,6,+18.324,+1.073
5001.071,3,6,+18.372,+1.141
5004.504,3,6,+18.566,+1.196
5008.091,3,6,+18.593,+1.201
5010.238,3,6,+18.590,+1.223
5012.349,3,6,+18.656,+1.378
5017.552,3,6,+18.618,+1.331
5018.23,3,6,+18.605,+1.307
5020.925,3,6,+18.531,+1.228
5022.334,3,6,+18.552,+1.217
5027.188,3,6,+18.650,+1.199
5030.654,3,6,+18.569,+1.198
5033.896,3,6,+18.375,+1.182
5037.564,3,6,+18.495,+1.288
5042.558,3,6,+18.581,+1.470
5045.295,3,6,+18.636,+1.453
5047.46,3,6,+18.681,+1.547
5051.368,3,6,+18.836,+1.691
5054.596,3,6,+18.847,+1.685
5058.328,3,6,+18.849,+1.696
5062.172,3,6,+18.814,+1.736
5065.476,3,6,+18.741,+1.778
5070.388,3,6,+18.766,+1.817
5075.634,3,6,+18.790,+1.931
5079.481,3,6,+18.730,+1.971
5085.261,3,6,+18.809,+2.080
5088.671,3,6,+18.983,+2.111
5092.344,3,6,+19.092,+2.115
5094.519,3,6,+19.116,+2.053
5096.547,3,6,+19.129,+2.049
5101.642,3,6,+18.960,+2.084
5102.325,3,6,+18.938,+2.118
5104.923,3,6,+18.847,+2.227
5106.32,3,6,+18.827,+1.952
5111.226,3,6,+18.917,+1.572
5114.702,3,6,+18.820,+1.571
5117.965,3,6,+18.822,+1.422
5121.676,3,6,+18.950,+1.301
5126.644,3,6,+19.041,+1.135
5129.433,3,6,+19.114,+1.048
5131.56,3,6,+19.097,+1.015
5135.379,3,6,+19.211,+0.926
5138.573,3,6,+19.204,+0.905
5142.433,3,6,+19.246,+0.955
5146.242,3,6,+19.260,+1.062
5149.588,3,6,+19.222,+1.136
5154.607,3,6,+19.391,+1.096
5159.787,3,6,+19.389,+1.168
5163.829,3,6,+19.390,+1.181
5169.505,3,6,+19.425,+1.100
5173.004,3,6,+19.692,+1.106
5176.735,3,6,+19.846,+1.074
5178.918,3,6,+19.937,+0.990
5181.072,3,6,+20.024,+0.977
5186.248,3,6,+20.031,+1.001
5186.922,3,6,+20.033,+1.005
5189.619,3,6,+20.046,+1.016
5190.997,3,6,+20.162,+1.011
5195.88,3,6,+19.901,+0.935
5199.338,3,6,+19.656,+0.897
5202.677,3,6,+19.559,+0.878
5206.391,3,6,+19.579,+0.846
5211.379,3,6,+19.616,+0.888
5214.169,3,6,+19.747,+0.914
5216.298,3,6,+19.874,+0.919
5220.232,3,6,+20.142,+0.900
5223.45,3,6,+20.127,+0.900
5227.227,3,6,+20.085,+0.919
5231.008,3,6,+19.971,+0.945
5234.327,3,6,+19.822,+0.942
5239.354,3,6,+20.010,+0.890
5244.562,3,6,+20.052,+0.953
5248.531,3,6,+19.962,+1.015
5254.291,3,6,+20.058,+0.906
5257.891,3,6,+20.288,+0.911
5261.497,3,6,+20.378,+0.859
5263.741,3,6,+20.496,+0.815
5265.883,3,6,+20.584,+0.782
5271.022,3,6,+20.463,+0.694
5271.678,3,6,+20.434,+0.666
5274.32,3,6,+20.310,+0.539
5275.741,3,6,+20.350,+0.560
5280.743,3,6,+20.463,+0.522
5284.154,3,6,+20.331,+0.420
5287.507,3,6,+20.370,+0.390
5291.403,3,6,+20.656,+0.472
5296.505,3,6,+20.816,+0.486
5299.268,3,6,+20.996,+0.520
5301.435,3,6,+21.150,+0.547
5305.434,3,6,+21.483,+0.610
5308.667,3,6,+21.475,+0.642
5312.406,3,6,+21.402,+0.611
5316.044,3,6,+21.179,+0.487
5319.227,3,6,+20.925,+0.338
5324.351,3,6,+21.253,+0.393
5329.553,3,6,+21.312,+0.475
5335.555,3,6,+23.216,+1.577
5343.285,3,6,+25.334,+0.420
5347.822,3,6,+26.543,+0.366
5352.144,3,6,+27.070,+0.473
5355.019,3,6,+27.656,+0.370
5373.15,3,7,+27.656,+0.370
5386.655,3,7,+41.871,+0.888
5388.479,3,7,+41.842,+0.783
5395.239,3,7,+41.246,+0.489
5399.934,3,7,+41.383,+1.167
5404.711,3,7,+42.289,+1.893
5409.445,3,7,+42.524,+1.021
5415.964,3,7,+42.466,+1.126
5419.818,3,7,+43.209,+1.354
5422.36,3,7,+43.487,+1.089
5427.82,3,7,+44.144,+1.491
5432.133,3,7,+44.655,+1.304
5437.817,3,7,+45.203,+1.346
5443.647,3,7,+45.238,+1.451
5448.447,3,7,+45.153,+1.488
5455.073,3,7,+45.092,+1.365
5461.61,3,7,+44.662,+1.384
5467.418,3,7,+44.094,+1.079
5474.463,3,7,+44.058,+0.839
5478.887,3,7,+44.257,+0.577
5483.225,3,7,+43.515,+0.724
5486.058,3,7,+43.103,+0.945
5489.703,3,7,+43.278,+0.783
5495.856,3,7,+42.245,+0.131
5496.598,3,7,+42.075,+0.113
5499.321,3,7,+41.354,+0.141
5500.843,3,7,+41.186,+0.257
5505.938,3,7,+40.259,+0.278
5509.247,3,7,+39.221,+0.272
5512.544,3,7,+36.646,+0.422
5516.291,3,7,+35.928,+0.461
5521.118,3,7,+35.002,+0.391
5523.89,3,7,+34.195,+0.363
5525.995,3,7,+33.607,+0.372
5529.941,3,7,+33.086,+0.399
5533.104,3,7,+32.998,+0.398
5536.855,3,7,+32.948,+0.342
5540.552,3,7,+32.885,+0.177
5543.885,3,7,+32.765,+0.004
5548.535,3,6,+32.765,+0.004
5548.609,3,6,+32.580,+5.566
5553.835,3,6,+32.622,+5.551
5557.783,3,6,+32.558,+5.552
5563.429,3,6,+32.502,+5.634
5566.825,3,6,+32.616,+5.612
5570.334,3,6,+32.597,+5.528
5572.377,3,6,+32.616,+5.547
5574.434,3,6,+32.563,+5.441
5579.502,3,6,+32.471,+5.210
5580.217,3,6,+32.458,+5.157
5583.08,3,6,+32.423,+4.969
5584.139,3,6,+32.439,+4.930
5588.875,3,6,+32.436,+4.890
5592.358,3,6,+32.325,+4.889
5595.645,3,6,+32.292,+4.939
5599.224,3,6,+32.292,+4.887
5604.017,3,6,+32.220,+4.832
5606.749,3,6,+32.238,+4.778
5608.932,3,6,+32.272,+4.804
5612.745,3,6,+32.337,+4.735
5615.934,3,6,+32.316,+4.717
5619.724,3,6,+32.357,+4.738
5623.649,3,6,+32.451,+4.764
5627.08,3,6,+32.511,+4.776
5632.006,3,6,+32.660,+4.867
5637.161,3,6,+32.648,+4.850
5641.103,3,6,+32.598,+4.890
5646.745,3,6,+32.495,+4.958
5650.112,3,6,+32.603,+4.946
5653.67,3,6,+32.613,+4.876
5655.781,3,6,+32.686,+4.947
5657.913,3,6,+32.721,+4.933
5662.998,3,6,+32.672,+4.757
5663.687,3,6,+32.672,+4.721
5666.371,3,6,+32.681,+4.592
5667.73,3,6,+32.721,+4.594
5672.482,3,6,+32.661,+4.547
5675.949,3,6,+32.563,+4.528
5679.198,3,6,+32.512,+4.516
5682.812,3,6,+32.517,+4.553
5687.602,3,6,+32.441,+4.474
5690.351,3,6,+32.469,+4.462
5692.464,3,6,+32.472,+4.540
5696.316,3,6,+32.570,+4.618
5699.471,3,6,+32.555,+4.600
5703.229,3,6,+32.581,+4.589
5707.112,3,6,+32.648,+4.561
5710.521,3,6,+32.697,+4.539
5715.404,3,6,+32.899,+4.604
5720.585,3,6,+32.900,+4.581
5724.588,3,6,+32.926,+4.667
5730.199,3,6,+32.803,+4.748
5733.595,3,6,+32.863,+4.772
5737.203,3,6,+32.859,+4.730
5739.293,3,6,+32.876,+4.772
5741.416,3,6,+32.830,+4.672
5746.464,3,6,+32.712,+4.520
5747.189,3,6,+32.714,+4.492
5749.843,3,6,+32.744,+4.404
5751.236,3,6,+32.748,+4.390
5755.956,3,6,+32.637,+4.324
5759.386,3,6,+32.503,+4.270
5762.643,3,6,+32.388,+4.278
5766.239,3,6,+32.426,+4.328
5771.099,3,6,+32.398,+4.305
5773.852,3,6,+32.431,+4.325
5775.955,3,6,+32.417,+4.409
5779.814,3,6,+32.474,+4.501
5782.95,3,6,+32.417,+4.456
5786.688,3,6,+32.467,+4.459
5790.625,3,6,+32.627,+4.464
5794.053,3,6,+32.766,+4.457
5798.976,3,6,+32.957,+4.578
5804.058,3,6,+32.872,+4.535
5807.999,3,6,+32.731,+4.533
5813.59,3,6,+32.641,+4.580
5817.01,3,6,+32.719,+4.600
5820.576,3,6,+32.729,+4.518
5822.652,3,6,+32.783,+4.564
5824.829,3,6,+32.790,+4.581
5829.966,3,6,+32.744,+4.494
5830.652,3,6,+32.754,+4.474
5833.387,3,6,+32.807,+4.407
5834.764,3,6,+32.816,+4.395
5839.55,3,6,+32.758,+4.326
5842.992,3,6,+32.645,+4.292
5846.222,3,6,+32.544,+4.296
5849.931,3,6,+32.588,+4.388
5854.742,3,6,+32.516,+4.370
5857.51,3,6,+32.520,+4.401
5859.621,3,6,+32.485,+4.486
5863.44,3,6,+32.561,+4.601
5866.608,3,6,+32.519,+4.602
5870.387,3,6,+32.537,+4.606
5874.284,3,6,+32.592,+4.584
5877.683,3,6,+32.624,+4.557
5882.526,3,6,+32.663,+4.637
5887.649,3,6,+32.580,+4.626
5891.599,3,6,+32.610,+4.665
5897.176,3,6,+32.492,+4.712
5900.57,3,6,+32.593,+4.727
5904.14,3,6,+32.662,+4.771
5906.252,3,6,+32.688,+4.775
5908.313,3,6,+32.624,+4.726
5913.454,3,6,+32.559,+4.580
5914.146,3,6,+32.566,+4.552
5916.843,3,6,+32.615,+4.465
5918.209,3,6,+32.660,+4.481
5922.974,3,6,+32.488,+4.353
5926.437,3,6,+32.317,+4.299
5929.687,3,6,+32.255,+4.386
5933.405,3,6,+32.267,+4.409
5938.247,3,6,+32.254,+4.423
5941.031,3,6,+32.289,+4.459
5943.112,3,6,+32.269,+4.524
5946.932,3,6,+32.336,+4.586
5950.121,3,6,+32.329,+4.571
5953.843,3,6,+32.345,+4.570
5957.702,3,6,+32.380,+4.553
5961.127,3,6,+32.411,+4.544
5965.991,3,6,+32.488,+4.654
5971.141,3,6,+30.333,+4.679
5975.122,3,6,+30.251,+4.720
5980.715,3,6,+30.159,+4.737
5984.077,3,6,+30.181,+4.723
5987.688,3,6,+30.181,+4.787
5989.787,3,6,+30.199,+4.782
5991.9,3,6,+30.159,+4.694
5997.025,3,6,+30.096,+4.615
5997.68,3,6,+30.095,+4.606
6000.385,3,6,+30.099,+4.575
6001.723,3,6,+30.087,+4.549
6006.528,3,6,+29.910,+4.478
6009.932,3,6,+29.781,+4.439
6013.187,3,6,+29.742,+4.492
6016.847,3,6,+29.732,+4.493
6021.728,3,6,+29.725,+4.514
6024.481,3,6,+29.766,+4.503
6026.609,3,6,+29.773,+4.538
6030.444,3,6,+29.828,+4.534
6033.622,3,6,+29.786,+4.486
6037.372,3,6,+29.779,+4.479
6041.182,3,6,+29.796,+4.497
6044.558,3,6,+29.805,+4.535
6049.425,3,6,+29.770,+4.542
6054.522,3,6,+29.716,+4.498
6058.503,3,6,+29.510,+4.565
6064.025,3,6,+29.430,+4.579
6067.44,3,6,+29.479,+4.591
6070.973,3,6,+29.445,+4.594
6073.131,3,6,+29.473,+4.666
6075.264,3,6,+29.472,+4.670
6080.364,3,6,+29.377,+4.579
6081.057,3,6,+29.373,+4.566
6083.703,3,6,+29.362,+4.515
6085.076,3,6,+29.369,+4.539
6089.892,3,6,+29.358,+4.470
6093.331,3,6,+29.247,+4.385
6096.579,3,6,+29.171,+4.361
6100.309,3,6,+29.243,+4.433
6105.202,3,6,+29.259,+4.446
6107.941,3,6,+29.287,+4.428
6110.054,3,6,+29.267,+4.478
6113.94,3,6,+29.435,+4.617
6117.127,3,6,+29.381,+4.594
6120.875,3,6,+29.340,+4.552
6124.68,3,6,+29.320,+4.454
6128.017,3,6,+29.333,+4.399
6132.858,3,6,+29.397,+4.465
6137.968,3,6,+29.359,+4.424
6142.044,3,6,+29.311,+4.499
6147.569,3,6,+29.240,+4.486
6151.008,3,6,+29.283,+4.481
6154.63,3,6,+29.288,+4.457
6156.867,3,6,+29.394,+4.571
6158.968,3,6,+29.433,+4.528
6164.104,3,6,+29.350,+4.429
6164.78,3,6,+29.353,+4.410
6167.487,3,6,+29.379,+4.345
6168.855,3,6,+29.391,+4.319
6173.651,3,6,+29.336,+4.247
6177.092,3,6,+29.265,+4.198
6180.348,3,6,+29.264,+4.209
6184.057,3,6,+29.302,+4.255
6188.929,3,6,+28.607,+4.222
6191.659,3,6,+28.723,+4.201
6193.772,3,6,+28.895,+4.215
6197.592,3,6,+28.909,+4.223
6200.802,3,6,+28.876,+4.180
6204.555,3,6,+28.946,+4.179
6208.392,3,6,+29.115,+4.188
6211.796,3,6,+29.235,+4.187
6216.645,3,6,+29.000,+4.204
6221.675,3,6,+28.866,+4.189
6225.577,3,6,+28.665,+4.271
6231.195,3,6,+28.588,+4.128
6234.624,3,6,+28.653,+4.087
6238.179,3,6,+28.496,+4.061
6240.376,3,6,+28.455,+4.037
6242.498,3,6,+28.449,+3.938
6247.555,3,6,+28.478,+3.844
6248.238,3,6,+28.509,+3.833
6250.95,3,6,+28.675,+3.776
6252.284,3,6,+28.711,+3.724
6257.094,3,6,+28.773,+3.608
6260.491,3,6,+28.647,+3.506
6263.683,3,6,+28.508,+3.411
6267.344,3,6,+28.500,+3.398
6272.298,3,6,+28.571,+3.428
6275.023,3,6,+28.596,+3.390
6277.115,3,6,+28.656,+3.379
6280.98,3,6,+28.814,+3.338
6284.147,3,6,+28.777,+3.304
6287.9,3,6,+28.697,+3.311
6291.708,3,6,+28.597,+3.299
6295.103,3,6,+28.538,+3.275
6299.982,3,6,+28.698,+3.398
6305.114,3,6,+28.795,+3.393
6308.946,3,6,+28.780,+3.421
6314.639,3,6,+28.721,+3.431
6318.039,3,6,+28.701,+3.400
6321.64,3,6,+28.607,+3.417
6323.75,3,6,+28.567,+3.364
6325.889,3,6,+28.550,+3.298
6330.996,3,6,+28.471,+3.215
6331.684,3,6,+28.462,+3.192
6334.382,3,6,+28.418,+3.103
6335.739,3,6,+28.350,+3.051
6340.54,3,6,+28.402,+2.959
6343.953,3,6,+28.305,+2.860
6347.156,3,6,+28.237,+2.793
6350.842,3,6,+28.247,+2.772
6355.73,3,6,+28.312,+2.842
6358.482,3,6,+28.408,+2.845
6360.57,3,6,+28.489,+2.912
6364.373,3,6,+28.578,+2.926
6367.547,3,6,+28.575,+2.876
6371.3,3,6,+28.576,+2.869
6375.16,3,6,+28.583,+2.854
6378.514,3,6,+28.592,+2.835
6383.377,3,6,+28.723,+2.924
6388.489,3,6,+28.786,+2.899
6392.418,3,6,+28.857,+2.915
6398.015,3,6,+28.805,+2.900
6401.42,3,6,+28.839,+2.872
6405.048,3,6,+28.733,+2.878
6407.187,3,6,+28.759,+2.891
6409.306,3,6,+28.696,+2.797
6414.402,3,6,+28.598,+2.649
6415.088,3,6,+28.580,+2.621
6417.746,3,6,+28.514,+2.516
6419.129,3,6,+28.494,+2.446
6423.917,3,6,+28.515,+2.285
6427.321,3,6,+28.455,+2.218
6430.58,3,6,+28.439,+2.218
6434.294,3,6,+28.470,+2.194
6439.203,3,6,+28.590,+2.267
6442.071,3,6,+28.663,+2.276
6444.032,3,6,+28.744,+2.326
6447.849,3,6,+28.857,+2.350
6451.056,3,6,+28.860,+2.320
6454.778,3,6,+28.861,+2.310
6458.598,3,6,+28.877,+2.266
6462.018,3,6,+28.907,+2.226
6466.872,3,6,+29.011,+2.375
6472.004,3,6,+29.114,+2.367
6475.942,3,6,+29.102,+2.385
6481.56,3,6,+29.108,+2.363
6485.011,3,6,+29.164,+2.296
6488.715,3,6,+29.112,+2.292
6490.742,3,6,+29.076,+2.285
6492.853,3,6,+29.013,+2.180
6497.93,3,6,+28.953,+2.063
6498.587,3,6,+28.943,+2.037
6501.209,3,6,+28.901,+1.931
6502.6,3,6,+28.901,+1.925
6507.404,3,6,+28.949,+1.840
6510.764,3,6,+28.814,+1.705
6513.956,3,6,+28.663,+1.660
6517.628,3,6,+28.660,+1.660
6522.684,3,6,+28.777,+1.719
6525.348,3,6,+28.857,+1.710
6527.419,3,6,+28.931,+1.740
6531.22,3,6,+28.994,+1.735
6534.41,3,6,+28.981,+1.719
6538.174,3,6,+28.994,+1.713
6541.999,3,6,+29.033,+1.686
6545.359,3,6,+29.101,+1.646
6550.276,3,6,+28.819,+1.732
6555.368,3,6,+28.879,+1.705
6559.315,3,6,+28.930,+1.637
6564.98,3,6,+28.932,+1.660
6568.376,3,6,+28.993,+1.652
6572.004,3,6,+28.879,+1.609
6574.197,3,6,+28.920,+1.659
6576.282,3,6,+28.957,+1.588
6581.496,3,6,+28.988,+1.558
6582.188,3,6,+28.990,+1.549
6584.917,3,6,+28.991,+1.516
6586.261,3,6,+28.999,+1.489
6591.081,3,6,+29.090,+1.169
6594.475,3,6,+28.995,+1.021
6597.719,3,6,+28.913,+0.940
6601.445,3,6,+28.836,+0.912
6606.425,3,6,+28.954,+0.977
6609.184,3,6,+29.087,+0.996
6611.313,3,6,+29.237,+1.031
6615.221,3,6,+29.462,+1.026
6618.39,3,6,+29.481,+0.980
6622.163,3,6,+29.464,+0.964
6625.914,3,6,+29.419,+0.925
6629.265,3,6,+29.355,+0.867
6634.209,3,6,+29.478,+0.886
6639.3,3,6,+29.494,+0.866
6643.228,3,6,+29.383,+0.860
6648.875,3,6,+29.337,+0.867
6652.326,3,6,+29.462,+0.867
6655.967,3,6,+29.178,+0.874
6658.148,3,6,+29.100,+0.909
6660.31,3,6,+29.147,+0.845
6665.452,3,6,+29.105,+0.725
6666.125,3,6,+29.082,+0.689
6668.753,3,6,+28.970,+0.543
6670.123,3,6,+28.964,+0.504
6675.043,3,6,+29.093,+0.461
6680.873,3,6,+31.425,+2.302
6686.107,3,6,+33.423,+1.278
6690.517,3,6,+34.083,+0.843
6698.149,3,6,+36.861,+0.976
6702.357,3,6,+38.463,+0.710
6705.128,3,6,+39.111,+0.400
6709.801,3,6,+40.046,+0.552
6713.383,3,6,+40.506,+0.600
6718.233,3,6,+41.502,+0.666
6723.501,3,6,+38.619,+0.342
6727.615,3,6,+36.701,+0.449
6732.55,3,6,+34.264,+0.451
6737.563,3,6,+33.973,+0.302
6741.432,3,6,+33.604,+0.285
6747.304,3,6,+31.773,+0.389
6750.798,3,6,+31.257,+0.461
6754.523,3,6,+30.906,+0.569
6756.597,3,6,+30.036,+0.635
6758.68,3,6,+29.863,+0.635
6763.682,3,6,+29.738,+0.635
6764.34,3,5,+29.738,+0.635
6764.341,3,5,+29.706,+8.297
6766.852,3,5,+29.564,+8.257
6768.201,3,5,+29.511,+8.281
6773.044,3,5,+29.585,+8.347
6776.583,3,5,+29.637,+8.328
6779.929,3,5,+29.613,+8.259
6783.612,3,5,+29.649,+8.359
6788.562,3,5,+29.702,+8.393
6791.321,3,5,+29.786,+8.398
6793.392,3,5,+29.833,+8.371
6797.215,3,5,+29.885,+8.366
6800.371,3,5,+29.864,+8.332
6804.172,3,5,+29.921,+8.413
6808.093,3,5,+30.031,+8.603
6811.562,3,5,+30.103,+8.751
6816.455,3,5,+30.302,+8.782
6821.592,3,5,+30.435,+8.837
6825.575,3,5,+30.493,+8.907
6831.175,3,5,+30.505,+8.799
6834.547,3,5,+30.567,+8.767
6838.667,3,5,+30.927,+9.269
6840.98,3,5,+31.209,+9.529
6843.186,3,5,+31.321,+9.616
6848.249,3,5,+31.283,+9.560
6848.906,3,5,+31.245,+9.536
6851.411,3,5,+31.069,+9.442
6852.769,3,5,+31.069,+9.437
6857.701,3,5,+31.274,+9.509
6861.189,3,5,+31.309,+9.478
6864.52,3,5,+31.372,+9.509
6868.229,3,5,+31.470,+9.658
6873.185,3,5,+31.554,+9.708
6875.937,3,5,+31.631,+9.692
6878.033,3,5,+31.669,+9.637
6881.956,3,5,+31.780,+9.712
6885.053,3,5,+31.796,+9.691
6888.847,3,5,+31.877,+9.774
6892.822,3,5,+32.008,+9.950
6896.254,3,5,+32.091,+10.083
6901.146,3,5,+32.270,+10.125
6906.319,3,5,+32.431,+10.154
6910.241,3,5,+32.499,+10.184
6915.857,3,5,+32.512,+10.133
6919.275,3,5,+32.676,+10.174
6922.869,3,5,+32.606,+10.170
6925.094,3,5,+32.656,+10.234
6927.151,3,5,+32.661,+10.288
6932.207,3,5,+32.525,+10.181
6932.841,3,5,+32.483,+10.165
6935.439,3,5,+32.305,+10.111
6936.758,3,5,+32.304,+10.132
6941.608,3,5,+32.417,+10.113
6945.123,3,5,+32.427,+10.074
6948.417,3,5,+32.445,+10.068
6952.126,3,5,+32.475,+10.199
6957.009,3,5,+32.538,+10.213
6959.747,3,5,+32.594,+10.199
6961.821,3,5,+32.621,+10.156
6965.657,3,5,+32.729,+10.247
6968.837,3,5,+32.751,+10.221
6972.643,3,5,+32.838,+10.307
6976.569,3,5,+32.971,+10.509
6980.059,3,5,+33.051,+10.661
6984.98,3,5,+33.274,+10.650
6990.12,3,5,+33.369,+10.652
6994.058,3,5,+33.394,+10.706
6999.622,3,5,+33.427,+10.692
7003.007,3,5,+33.528,+10.754
7006.607,3,5,+33.388,+10.809
7008.729,3,5,+33.407,+10.854
7010.87,3,5,+33.435,+10.874
7015.866,3,5,+33.352,+10.776
7016.524,3,5,+33.319,+10.754
7019.075,3,5,+33.172,+10.671
7020.445,3,5,+33.163,+10.711
7025.296,3,5,+33.267,+10.844
7028.75,3,5,+33.212,+10.780
7031.994,3,5,+33.192,+10.778
7035.713,3,5,+33.174,+10.905
7040.581,3,5,+33.251,+10.943
7043.309,3,5,+33.314,+10.972
7045.399,3,5,+33.345,+10.940
7049.216,3,5,+33.403,+10.995
7052.385,3,5,+33.407,+10.991
7056.212,3,5,+33.500,+11.091
7060.204,3,5,+33.666,+11.285
7063.663,3,5,+33.761,+11.385
7068.562,3,5,+33.979,+11.457
7073.651,3,5,+34.089,+11.509
7077.632,3,5,+34.139,+11.661
7083.246,3,5,+34.196,+11.698
7086.689,3,5,+34.347,+11.768
7090.413,3,5,+34.304,+11.888
7092.503,3,5,+34.325,+11.947
7094.698,3,5,+34.403,+12.046
7099.761,3,5,+34.384,+11.988
7100.467,3,5,+34.368,+11.978
7103.054,3,5,+34.300,+11.941
7104.368,3,5,+34.303,+11.975
7109.189,3,5,+34.410,+12.058
7112.606,3,5,+34.355,+11.955
7115.874,3,5,+34.332,+11.988
7119.626,3,5,+34.369,+12.202
7124.52,3,5,+34.428,+12.286
7127.266,3,5,+34.522,+12.358
7129.373,3,5,+34.572,+12.373
7133.213,3,5,+34.677,+12.514
7136.384,3,5,+34.709,+12.519
7140.18,3,5,+34.774,+12.564
7144.092,3,5,+34.884,+12.673
7147.482,3,5,+34.945,+12.723
7152.348,3,5,+35.122,+12.800
7157.439,3,5,+35.202,+12.814
7161.395,3,5,+35.267,+12.838
7167.028,3,5,+35.319,+12.889
7170.485,3,5,+35.512,+13.053
7174.122,3,5,+35.403,+13.172
7176.29,3,5,+35.418,+13.205
7178.379,3,5,+35.381,+13.228
7183.486,3,5,+35.357,+13.168
7184.13,3,5,+35.345,+13.157
7186.769,3,5,+35.296,+13.127
7188.154,3,5,+35.328,+13.187
7193.081,3,5,+35.536,+13.374
7196.488,3,5,+35.462,+13.256
7199.68,3,5,+35.331,+13.181
7203.497,3,5,+35.397,+13.432
7208.484,3,5,+35.577,+13.542
7211.272,3,5,+35.709,+13.642
7213.358,3,5,+35.747,+13.648
7217.316,3,5,+35.983,+13.874
7220.51,3,5,+36.005,+13.888
7224.249,3,5,+36.020,+13.896
7227.996,3,5,+36.013,+13.889
7231.324,3,5,+35.980,+13.854
7236.31,3,5,+36.299,+14.072
7241.374,3,5,+36.343,+14.127
7245.323,3,5,+36.398,+14.232
7251.174,3,5,+36.616,+14.483
7254.728,3,5,+36.845,+14.758
7258.546,3,5,+36.872,+15.009
7260.741,3,5,+36.984,+15.101
7262.929,3,5,+36.986,+15.149
7268.044,3,5,+37.012,+15.180
7268.747,3,5,+37.025,+15.202
7271.474,3,5,+37.089,+15.316
7272.917,3,5,+37.183,+15.427
7277.761,3,5,+37.292,+15.467
7281.209,3,5,+37.252,+15.380
7284.525,3,5,+37.271,+15.469
7288.26,3,5,+37.243,+15.658
7293.164,3,5,+37.338,+15.721
7295.917,3,5,+37.423,+15.765
7297.996,3,5,+37.472,+15.769
7301.854,3,5,+37.621,+15.907
7305.052,3,5,+37.627,+15.908
7308.782,3,5,+37.661,+15.929
7312.598,3,5,+37.708,+16.005
7315.979,3,5,+37.765,+16.099
7320.863,3,5,+37.912,+16.211
7325.962,3,5,+38.039,+16.303
7329.902,3,5,+38.055,+16.359
7335.834,3,5,+38.255,+16.561
7339.313,3,5,+38.345,+16.669
7343.049,3,5,+38.279,+16.819
7345.049,3,5,+38.172,+16.740
7371.605,3,6,+38.172,+16.740
7373.914,3,6,+56.469,+2.202
7375.593,3,6,+56.800,+2.527
7381.405,3,6,+57.826,+3.575
7384.874,3,6,+57.822,+3.548
7388.232,3,6,+57.827,+3.672
7391.955,3,6,+57.736,+3.686
7396.771,3,6,+57.697,+3.651
7399.46,3,6,+57.760,+3.612
7401.553,3,6,+57.788,+3.639
7405.391,3,6,+57.908,+3.670
7408.591,3,6,+57.897,+3.647
7412.316,3,6,+57.942,+3.665
7416.151,3,6,+58.028,+3.666
7419.584,3,6,+58.083,+3.631
7424.373,3,6,+58.179,+3.656
7429.374,3,6,+58.208,+3.624
7433.269,3,6,+58.219,+3.728
7438.915,3,6,+58.155,+3.757
7442.269,3,6,+58.168,+3.677
7445.782,3,6,+57.997,+3.612
7447.801,3,6,+57.934,+3.612
7449.843,3,6,+57.794,+3.500
7454.914,3,6,+57.743,+3.329
7455.578,3,6,+57.755,+3.314
7458.332,3,6,+57.797,+3.270
7459.683,3,6,+57.794,+3.244
7464.382,3,6,+57.796,+3.200
7467.79,3,6,+57.751,+3.103
7470.986,3,6,+57.658,+3.023
7474.56,3,6,+57.515,+2.919
7479.304,3,6,+57.411,+2.836
7482.021,3,6,+57.444,+2.785
7484.052,3,6,+57.462,+2.764
7487.802,3,6,+57.485,+2.686
7490.945,3,6,+57.473,+2.649
7494.632,3,6,+57.473,+2.633
7498.391,3,6,+57.486,+2.577
7501.751,3,6,+57.502,+2.512
7506.574,3,6,+57.634,+2.570
7511.556,3,6,+57.640,+2.470
7515.377,3,6,+57.551,+2.501
7520.957,3,6,+57.374,+2.451
7524.319,3,6,+57.398,+2.399
7528.011,3,6,+57.321,+2.411
7530.016,3,6,+57.275,+2.448
7532.057,3,6,+57.097,+2.349
7537.041,3,6,+56.961,+2.155
7537.723,3,6,+56.953,+2.119
7540.349,3,6,+56.931,+1.981
7541.635,3,6,+56.927,+1.944
7546.384,3,6,+56.935,+1.901
7549.82,3,6,+56.882,+1.825
7553.044,3,6,+56.787,+1.804
7556.63,3,6,+56.633,+1.773
7561.46,3,6,+56.609,+1.687
7564.18,3,6,+56.662,+1.672
7566.231,3,6,+56.691,+1.726
7570.02,3,6,+56.755,+1.726
7573.154,3,6,+56.738,+1.713
7576.901,3,6,+56.774,+1.740
7580.739,3,6,+56.837,+1.732
7584.146,3,6,+56.876,+1.689
7588.869,3,6,+56.926,+1.667
7593.862,3,6,+56.908,+1.609
7597.706,3,6,+56.855,+1.665
7603.33,3,6,+56.829,+1.662
7606.724,3,6,+56.882,+1.639
7610.33,3,6,+56.797,+1.674
7612.423,3,6,+56.732,+1.677
7614.487,3,6,+56.655,+1.551
7619.553,3,6,+56.621,+1.464
7620.214,3,6,+56.617,+1.447
7622.849,3,6,+56.601,+1.378
7624.201,3,6,+56.567,+1.365
7628.924,3,6,+56.494,+1.283
7632.335,3,6,+56.423,+1.201
7635.523,3,6,+56.321,+1.194
7639.155,3,6,+56.167,+1.164
7643.99,3,6,+56.137,+1.154
7646.689,3,6,+56.183,+1.134
7648.712,3,6,+56.180,+1.094
7652.479,3,6,+56.213,+1.044
7655.614,3,6,+56.201,+1.032
7659.353,3,6,+56.209,+1.037
7663.131,3,6,+56.282,+1.014
7666.466,3,6,+56.330,+0.955
7671.317,3,6,+56.323,+1.025
7676.261,3,6,+56.310,+0.990
7680.143,3,6,+56.205,+0.955
7685.736,3,6,+56.138,+1.014
7689.185,3,6,+56.259,+1.095
7692.763,3,6,+55.795,+1.136
7694.826,3,6,+55.709,+1.165
7696.916,3,6,+55.560,+1.065
7702.029,3,6,+55.579,+1.028
7702.701,3,6,+55.593,+1.014
7705.32,3,6,+55.647,+0.958
7706.701,3,6,+55.651,+0.905
7711.518,3,6,+55.680,+0.981
7714.938,3,6,+55.622,+0.948
7718.178,3,6,+55.507,+1.022
7721.817,3,6,+55.365,+0.997
7726.651,3,6,+55.303,+1.020
7729.394,3,6,+55.339,+1.055
7731.516,3,6,+55.436,+1.163
7735.357,3,6,+55.264,+1.264
7738.468,3,6,+55.144,+1.236
7742.167,3,6,+55.127,+1.232
7745.931,3,6,+55.129,+1.227
7749.231,3,6,+55.082,+1.206
7754.06,3,6,+55.042,+1.197
7759.121,3,6,+55.094,+1.224
7763.015,3,6,+55.054,+1.201
7768.524,3,6,+54.882,+1.096
7771.902,3,6,+54.928,+1.027
7775.5,3,6,+54.735,+0.902
7777.619,3,6,+54.737,+0.942
7779.785,3,6,+54.750,+1.020
7784.829,3,6,+54.677,+0.940
7785.471,3,6,+54.652,+0.916
7788.07,3,6,+54.542,+0.813
7789.444,3,6,+54.531,+0.812
7794.165,3,6,+54.536,+0.813
7797.535,3,6,+54.418,+0.748
7800.738,3,6,+54.234,+0.774
7804.38,3,6,+54.154,+0.800
7809.242,3,6,+54.185,+0.791
7811.946,3,6,+54.236,+0.741
7813.983,3,6,+54.233,+0.716
7817.819,3,6,+54.356,+0.693
7820.969,3,6,+54.377,+0.674
7824.674,3,6,+54.366,+0.660
7828.399,3,6,+54.309,+0.604
7831.658,3,6,+54.230,+0.525
7836.553,3,6,+54.410,+0.631
7841.554,3,6,+54.410,+0.591
7845.412,3,6,+54.328,+0.524
7851.057,3,6,+54.316,+0.585
7854.466,3,6,+54.434,+0.624
7858.108,3,6,+54.360,+0.761
7860.195,3,6,+54.371,+0.759
7862.292,3,6,+54.255,+0.684
7867.308,3,6,+54.130,+0.643
7867.963,3,6,+54.108,+0.627
7870.575,3,6,+54.008,+0.550
7871.948,3,6,+54.020,+0.569
7876.732,3,6,+54.083,+0.539
7880.071,3,6,+53.992,+0.439
7883.354,3,6,+53.949,+0.515
7887.013,3,6,+53.887,+0.513
7891.952,3,6,+53.930,+0.586
7894.635,3,6,+54.009,+0.618
7896.692,3,6,+54.018,+0.617
7900.508,3,6,+54.117,+0.649
7903.68,3,6,+54.111,+0.649
7907.339,3,6,+54.096,+0.623
7911.058,3,6,+54.050,+0.537
7914.32,3,6,+53.970,+0.418
7919.189,3,6,+54.080,+0.590
7924.176,3,6,+54.032,+0.565
7928.06,3,6,+54.019,+0.551
7933.744,3,6,+54.052,+0.563
7937.325,3,6,+54.363,+0.728
7940.99,3,6,+54.168,+0.765
7943.114,3,6,+54.171,+0.790
7945.182,3,6,+54.070,+0.755
7950.214,3,6,+53.996,+0.622
7950.859,3,6,+53.980,+0.580
7953.462,3,6,+53.909,+0.408
7954.837,3,6,+53.933,+0.419
7959.703,3,6,+54.066,+0.558
7963.09,3,6,+54.022,+0.533
7966.36,3,6,+53.972,+0.597
7970.112,3,6,+53.941,+0.671
7974.986,3,6,+53.975,+0.684
7977.64,3,6,+54.031,+0.698
7979.669,3,6,+54.025,+0.688
7983.438,3,6,+54.083,+0.700
7986.574,3,6,+54.073,+0.689
7990.284,3,6,+54.075,+0.653
7994.03,3,6,+54.085,+0.546
7997.321,3,6,+54.071,+0.405
8002.245,3,6,+54.258,+0.552
8007.215,3,6,+54.271,+0.521
8011.097,3,6,+54.223,+0.521
8016.796,3,6,+54.227,+0.625
8020.208,3,6,+54.312,+0.631
8023.807,3,6,+54.133,+0.725
8025.958,3,6,+54.124,+0.768
8028.01,3,6,+54.053,+0.781
8033.142,3,6,+54.075,+0.745
8033.81,3,6,+54.075,+0.715
8036.427,3,6,+54.062,+0.584
8037.781,3,6,+54.089,+0.609
8042.587,3,6,+54.086,+0.662
8045.961,3,6,+54.028,+0.621
8049.194,3,6,+53.975,+0.649
8052.903,3,6,+53.903,+0.698
8057.816,3,6,+53.957,+0.761
8060.507,3,6,+53.986,+0.760
8062.607,3,6,+54.009,+0.780
8066.383,3,6,+54.077,+0.833
8069.519,3,6,+54.050,+0.832
8073.213,3,6,+54.052,+0.803
8076.995,3,6,+54.053,+0.716
8080.297,3,6,+54.041,+0.605
8085.129,3,6,+54.094,+0.683
8090.067,3,6,+54.025,+0.572
8093.946,3,6,+53.922,+0.466
8099.576,3,6,+53.902,+0.613
8102.985,3,6,+54.020,+0.701
8106.733,3,6,+53.832,+0.827
8108.733,3,6,+53.831,+0.860
8110.854,3,6,+53.792,+0.851
8115.933,3,6,+53.742,+0.732
8116.545,3,6,+53.726,+0.690
8119.159,3,6,+53.671,+0.521
8120.503,3,6,+53.648,+0.493
8125.263,3,6,+53.636,+0.554
8128.666,3,6,+53.563,+0.515
8131.828,3,6,+53.495,+0.561
8135.569,3,6,+53.454,+0.614
8140.475,3,6,+53.481,+0.675
8143.149,3,6,+53.520,+0.678
8145.208,3,6,+53.554,+0.700
8149.073,3,6,+53.688,+0.761
8152.215,3,6,+53.700,+0.753
8155.912,3,6,+53.702,+0.730
8159.644,3,6,+53.724,+0.647
8162.96,3,6,+53.738,+0.535
8167.781,3,6,+53.824,+0.599
8172.8,3,6,+53.856,+0.592
8176.575,3,6,+53.827,+0.608
8182.334,3,6,+53.831,+0.718
8185.75,3,6,+53.860,+0.786
8189.394,3,6,+53.733,+0.852
8191.466,3,6,+53.730,+0.886
8193.528,3,6,+53.691,+0.838
8198.574,3,6,+53.659,+0.806
8199.223,3,6,+53.654,+0.782
8201.801,3,6,+53.633,+0.667
8203.168,3,6,+53.605,+0.684
8207.949,3,6,+53.593,+0.640
8211.342,3,6,+53.508,+0.535
8214.499,3,6,+53.379,+0.555
8218.227,3,6,+53.267,+0.659
8223.087,3,6,+53.231,+0.642
8225.732,3,6,+53.244,+0.622
8227.89,3,6,+53.282,+0.652
8231.672,3,6,+53.267,+0.739
8234.843,3,6,+53.262,+0.746
8238.531,3,6,+53.258,+0.721
8242.263,3,6,+53.280,+0.632
8245.499,3,6,+53.291,+0.514
8250.379,3,6,+53.374,+0.632
8255.469,3,6,+53.386,+0.585
8259.257,3,6,+53.334,+0.461
8264.957,3,6,+53.358,+0.568
8268.378,3,6,+53.430,+0.627
8272.016,3,6,+53.329,+0.729
8274.116,3,6,+53.299,+0.749
8276.229,3,6,+53.260,+0.759
8281.272,3,6,+53.239,+0.709
8281.934,3,6,+53.231,+0.681
8284.505,3,6,+53.192,+0.545
8285.848,3,6,+53.184,+0.536
8290.639,3,6,+53.184,+0.567
8293.993,3,6,+53.073,+0.461
8297.212,3,6,+53.023,+0.487
8300.942,3,6,+53.011,+0.604
8305.798,3,6,+52.994,+0.665
8308.503,3,6,+53.069,+0.711
8310.73,3,6,+53.167,+0.798
8314.532,3,6,+53.360,+0.919
8317.697,3,6,+53.381,+0.929
8321.439,3,6,+53.441,+0.960
8325.254,3,6,+53.561,+0.978
8328.62,3,6,+53.621,+0.934
8333.516,3,6,+53.687,+1.121
8338.549,3,6,+53.771,+1.225
8342.506,3,6,+53.724,+1.228
8348.046,3,6,+53.586,+1.280
8351.471,3,6,+53.656,+1.357
8355.184,3,6,+53.460,+1.474
8357.227,3,6,+53.385,+1.503
8359.329,3,6,+53.324,+1.519
8364.358,3,6,+53.271,+1.453
8365.019,3,6,+53.271,+1.432
8367.653,3,6,+53.267,+1.330
8369.025,3,6,+53.205,+1.362
8373.765,3,6,+53.127,+1.332
8377.178,3,6,+53.086,+1.294
8380.423,3,6,+53.048,+1.337
8384.089,3,6,+52.930,+1.398
8388.974,3,6,+52.954,+1.439
8391.638,3,6,+53.001,+1.454
8393.698,3,6,+53.011,+1.449
8397.511,3,6,+53.034,+1.490
8400.632,3,6,+53.020,+1.489
8404.38,3,6,+53.061,+1.512
8408.183,3,6,+53.171,+1.510
8411.553,3,6,+53.253,+1.476
8416.428,3,6,+53.308,+1.642
8421.568,3,6,+53.450,+1.769
8425.488,3,6,+53.433,+1.858
8431.11,3,6,+53.407,+1.942
8434.499,3,6,+53.486,+1.997
8438.195,3,6,+53.439,+2.071
8440.283,3,6,+53.416,+1.884
8442.463,3,6,+53.343,+1.809
8447.446,3,6,+53.265,+1.739
8448.162,3,6,+53.261,+1.726
8450.793,3,6,+53.241,+1.661
8452.087,3,6,+53.237,+1.630
8456.86,3,6,+53.304,+1.628
8460.241,3,6,+53.226,+1.551
8463.376,3,6,+53.107,+1.506
8467.085,3,6,+53.066,+1.547
8472.014,3,6,+53.076,+1.564
8474.761,3,6,+53.162,+1.610
8476.872,3,6,+53.268,+1.765
8480.778,3,6,+53.440,+1.899
8483.908,3,6,+53.462,+1.892
8487.65,3,6,+53.494,+1.898
8491.454,3,6,+53.543,+1.864
8494.808,3,6,+53.582,+1.822
8499.681,3,6,+53.710,+1.936
8504.713,3,6,+53.769,+1.976
8508.675,3,6,+53.848,+2.050
8514.305,3,6,+53.782,+2.041
8517.674,3,6,+53.842,+2.065
8521.392,3,6,+53.759,+2.081
8523.476,3,6,+53.793,+2.150
8525.609,3,6,+53.796,+2.145
8530.664,3,6,+53.809,+2.087
8531.379,3,6,+53.802,+2.070
8533.945,3,6,+53.764,+1.987
8535.291,3,6,+53.746,+1.925
8540.076,3,6,+53.782,+1.921
8543.476,3,6,+53.749,+1.935
8546.67,3,6,+53.711,+1.925
8550.421,3,6,+53.660,+1.965
8555.293,3,6,+53.665,+2.002
8558.0,3,6,+53.735,+2.035
8560.057,3,6,+53.734,+2.044
8563.806,3,6,+53.740,+1.990
8566.933,3,6,+53.757,+1.978
8570.66,3,6,+53.786,+1.972
8574.465,3,6,+53.843,+1.945
8577.845,3,6,+53.902,+1.921
8582.677,3,6,+54.038,+2.033
8587.715,3,6,+54.152,+2.129
8591.617,3,6,+54.126,+2.130
8597.422,3,6,+54.202,+2.293
8600.813,3,6,+54.252,+2.326
8604.419,3,6,+54.032,+2.254
8606.494,3,6,+54.042,+2.298
8608.659,3,6,+54.089,+2.312
8613.764,3,6,+54.150,+2.339
8614.445,3,6,+54.154,+2.336
8617.043,3,6,+54.169,+2.310
8618.355,3,6,+54.128,+2.240
8623.28,3,6,+54.185,+2.164
8626.626,3,6,+54.121,+2.114
8629.849,3,6,+54.036,+2.017
8633.521,3,6,+53.945,+2.029
8638.427,3,6,+53.938,+1.969
8641.144,3,6,+54.022,+1.937
8643.236,3,6,+54.063,+1.923
8647.098,3,6,+54.228,+1.970
8650.256,3,6,+54.247,+1.976
8653.981,3,6,+54.277,+1.992
8657.776,3,6,+54.351,+1.987
8661.12,3,6,+54.436,+1.986
8666.027,3,6,+54.496,+2.102
8671.133,3,6,+54.659,+2.183
8675.046,3,6,+54.708,+2.244
8680.815,3,6,+54.557,+2.301
8684.208,3,6,+54.506,+2.236
8687.905,3,6,+54.385,+2.282
8690.06,3,6,+54.420,+2.388
8692.194,3,6,+54.459,+2.430
8697.253,3,6,+54.450,+2.416
8697.971,3,6,+54.435,+2.389
8700.48,3,6,+54.361,+2.260
8702.051,3,6,+54.370,+2.289
8706.823,3,6,+54.510,+2.356
8710.156,3,6,+54.401,+2.228
8713.404,3,6,+54.275,+2.184
8717.139,3,6,+54.234,+2.252
8722.116,3,6,+54.254,+2.332
8724.741,3,6,+54.330,+2.398
8726.786,3,6,+54.358,+2.448
8730.651,3,6,+54.495,+2.569
8733.813,3,6,+54.533,+2.594
8737.539,3,6,+54.551,+2.594
8741.307,3,6,+54.556,+2.525
8744.669,3,6,+54.561,+2.450
8749.581,3,6,+54.647,+2.626
8754.614,3,6,+54.683,+2.570
8758.531,3,6,+54.639,+2.603
8764.246,3,6,+54.618,+2.704
8767.686,3,6,+54.710,+2.761
8771.388,3,6,+54.613,+2.887
8773.506,3,6,+54.614,+2.911
8775.68,3,6,+54.640,+2.968
8780.775,3,6,+54.610,+2.894
8781.467,3,6,+54.617,+2.876
12.598,55,21,,
3749.472,55,21,+1.837,
3751.628,55,10,+1.837,
3751.709,55,10,+2.102,+0.323
3751.883,55,11,+2.102,+0.323
3752.304,55,12,+2.102,+0.323
3752.524,55,13,+2.102,+0.323
3758.032,55,11,+2.102,+0.323
3758.119,55,11,+2.886,+0.365
3758.27,55,12,+2.886,+0.365
3758.611,55,13,+2.886,+0.365
3762.024,55,14,+2.886,+0.365
3762.151,55,15,+2.886,+0.365
3762.254,55,13,+2.886,+0.365
3762.337,55,13,+2.689,+0.457
3765.518,55,12,+2.689,+0.457
3765.603,55,12,+2.699,+0.349
3766.073,55,13,+2.699,+0.349
3770.22,55,13,+3.377,+0.179
3775.698,55,10,+3.377,+0.179
3775.79,55,10,+4.233,+0.635
3775.987,55,11,+4.233,+0.635
3776.2,55,12,+4.233,+0.635
3776.444,55,13,+4.233,+0.635
3779.045,55,13,+4.736,+0.296
3781.169,55,13,+4.870,+0.250
3786.082,55,13,+5.668,+0.291
3789.439,55,11,+5.668,+0.291
3789.506,55,11,+5.801,+0.885
3789.715,55,12,+5.801,+0.885
3790.206,55,13,+5.801,+0.885
3793.235,55,13,+5.791,+0.280
3797.097,55,13,+5.631,+0.339
3800.349,55,13,+5.442,+0.409
3806.101,55,13,+6.047,+0.479
3811.408,55,13,+6.118,+0.517
3815.824,55,13,+6.428,+0.535
3821.811,55,13,+6.673,+0.339
3826.367,55,13,+7.010,+0.370
3829.708,55,13,+7.541,+0.438
3831.889,55,13,+7.673,+0.417
3833.832,55,13,+7.829,+0.418
3839.128,55,13,+7.912,+0.431
3839.769,55,14,+7.912,+0.431
3840.071,55,14,+7.886,+0.050
3842.699,55,14,+7.821,+0.200
3844.712,55,14,+8.121,+0.254
3849.958,55,14,+8.693,+0.360
3853.394,55,14,+8.646,+0.250
3856.947,55,14,+8.812,+0.256
3860.919,55,14,+9.063,+0.384
3866.246,55,14,+9.293,+0.314
3869.042,55,14,+9.516,+0.429
3871.17,55,14,+9.495,+0.464
3875.4,55,14,+9.780,+0.553
3878.705,55,14,+9.832,+0.622
3882.442,55,14,+9.783,+0.644
3886.181,55,14,+9.635,+0.667
3889.431,55,14,+9.524,+0.697
3894.783,55,14,+9.340,+0.560
3900.061,55,14,+9.449,+0.459
3905.344,55,14,+9.514,+0.384
3910.004,55,14,+9.500,+0.351
3913.974,55,14,+9.722,+0.396
3917.867,55,14,+9.927,+0.425
3920.021,55,14,+9.907,+0.374
3922.187,55,14,+10.031,+0.415
3927.178,55,14,+10.113,+0.682
3927.791,55,14,+10.094,+0.639
3930.548,55,14,+9.971,+0.464
3932.43,55,14,+10.120,+0.447
3937.439,55,14,+10.519,+0.389
3940.863,55,14,+10.435,+0.344
3944.493,55,14,+10.562,+0.300
3948.508,55,14,+10.902,+0.383
3953.669,55,14,+11.156,+0.411
3956.502,55,14,+11.303,+0.391
3958.634,55,14,+11.418,+0.441
3962.707,55,14,+11.743,+0.497
3966.023,55,14,+11.746,+0.439
3969.774,55,14,+11.601,+0.411
3973.551,55,14,+10.889,+0.354
3976.814,55,14,+10.882,+0.278
3982.261,55,14,+11.135,+0.326
3987.438,55,14,+11.072,+0.343
3992.008,55,14,+11.070,+0.411
3997.391,55,14,+11.162,+0.501
4001.12,55,14,+11.341,+0.511
4005.12,55,15,+11.341,+0.511
4005.658,55,15,+12.063,+0.311
4007.996,55,15,+12.217,+0.298
4009.967,55,15,+12.352,+0.436
4015.242,55,15,+12.336,+0.622
4015.875,55,15,+12.294,+0.631
4018.574,55,15,+12.079,+0.645
4020.049,55,15,+12.192,+0.671
4025.183,55,15,+12.434,+0.790
4028.696,55,15,+12.282,+0.806
4032.126,55,15,+12.338,+0.562
4035.988,55,15,+12.515,+0.568
4041.017,55,15,+12.664,+0.615
4043.932,55,15,+12.811,+0.609
4046.051,55,15,+12.822,+0.607
4050.232,55,15,+13.193,+0.660
4053.557,55,15,+13.265,+0.722
4057.351,55,15,+13.298,+0.792
4061.191,55,15,+13.259,+0.924
4064.491,55,15,+13.167,+1.061
4069.859,55,15,+13.608,+0.652
4075.062,55,15,+13.596,+0.435
4079.457,55,15,+13.731,+0.399
4085.276,55,15,+13.942,+0.322
4088.989,55,15,+14.325,+0.350
4092.929,55,15,+14.757,+0.484
4095.002,55,15,+14.812,+0.457
4097.167,55,15,+14.923,+0.463
4102.476,55,15,+14.970,+0.519
4103.095,55,15,+14.957,+0.525
4105.822,55,15,+14.895,+0.535
4107.313,55,15,+15.034,+0.513
4112.432,55,15,+15.316,+0.533
4115.856,55,15,+15.108,+0.534
4119.24,55,15,+15.129,+0.515
4123.077,55,15,+15.388,+0.519
4128.202,55,15,+15.652,+0.473
4131.007,55,15,+15.809,+0.501
4133.196,55,15,+15.843,+0.559
4137.233,55,15,+16.118,+0.484
4140.549,55,15,+16.188,+0.435
4144.298,55,15,+16.201,+0.385
4148.06,55,15,+16.072,+0.324
4151.322,55,15,+15.901,+0.325
4156.886,55,15,+16.657,+0.390
4162.162,55,15,+16.639,+0.219
4166.445,55,15,+16.822,+0.287
4172.492,55,15,+17.293,+0.272
4176.4,55,15,+17.797,+0.301
4180.525,55,15,+18.361,+0.485
4182.647,55,15,+18.428,+0.552
4184.702,55,15,+18.467,+0.522
4189.962,55,15,+18.510,+0.475
4190.6,55,15,+18.487,+0.452
4193.281,55,15,+18.382,+0.327
4194.882,55,15,+18.553,+0.339
4200.038,55,15,+18.923,+0.453
4203.534,55,15,+18.684,+0.273
4206.972,55,15,+18.703,+0.296
4210.974,55,15,+19.081,+0.453
4216.11,55,15,+19.347,+0.487
4218.937,55,15,+19.491,+0.454
4221.058,55,15,+19.506,+0.385
4225.186,55,15,+19.826,+0.566
4228.52,55,15,+19.884,+0.543
4232.296,55,15,+19.906,+0.469
4236.111,55,15,+19.835,+0.317
4239.348,55,15,+19.662,+0.099
4244.646,55,14,+19.662,+0.099
4244.727,55,14,+20.066,+1.258
4249.948,55,14,+20.109,+1.257
4254.02,55,14,+20.126,+1.343
4259.878,55,14,+20.005,+1.381
4263.446,55,14,+20.186,+1.305
4267.143,55,14,+20.383,+1.283
4269.37,55,14,+20.383,+1.290
4271.469,55,14,+20.361,+1.191
4276.823,55,14,+20.519,+1.276
4277.483,55,14,+20.537,+1.296
4280.275,55,14,+20.579,+1.350
4281.802,55,14,+20.659,+1.305
4286.707,55,14,+20.772,+1.206
4290.293,55,14,+20.696,+1.298
4293.622,55,14,+20.625,+1.359
4297.326,55,14,+20.701,+1.368
4302.316,55,14,+20.782,+1.293
4305.045,55,14,+20.878,+1.265
4307.171,55,14,+20.879,+1.276
4311.132,55,14,+21.040,+1.287
4314.423,55,14,+21.109,+1.280
4318.25,55,14,+21.176,+1.243
4322.196,55,14,+21.239,+1.226
4325.543,55,14,+21.224,+1.187
4330.675,55,14,+21.394,+1.337
4335.953,55,14,+21.493,+1.355
4340.016,55,14,+21.466,+1.368
4345.686,55,14,+21.556,+1.347
4349.15,55,14,+21.749,+1.267
4352.89,55,14,+22.035,+1.269
4355.105,55,14,+22.032,+1.296
4357.125,55,14,+22.015,+1.230
4362.515,55,14,+21.447,+1.293
4363.17,55,14,+22.201,+1.306
4365.981,55,14,+21.703,+1.339
4367.396,55,14,+21.775,+1.325
4372.45,55,14,+22.047,+1.341
4376.039,55,14,+22.268,+1.452
4379.403,55,14,+22.210,+1.523
4383.125,55,14,+22.055,+1.521
4388.064,55,14,+22.063,+1.468
4390.799,55,14,+21.669,+1.404
4392.902,55,14,+21.759,+1.384
4396.834,55,14,+21.840,+1.387
4400.123,55,14,+21.845,+1.386
4403.906,55,14,+21.879,+1.349
4407.884,55,14,+21.963,+1.328
4411.149,55,14,+21.994,+1.293
4416.217,55,14,+22.113,+1.293
4421.429,55,14,+22.054,+1.260
4425.36,55,14,+21.887,+1.232
4431.151,55,14,+21.422,+1.227
4434.704,55,14,+21.534,+1.195
4438.482,55,14,+22.161,+1.323
4440.62,55,14,+22.120,+1.300
4442.658,55,14,+22.142,+1.262
4447.944,55,14,+22.116,+1.197
4448.621,55,14,+22.071,+1.181
4451.344,55,14,+21.894,+1.126
4452.732,55,14,+21.866,+1.089
4457.791,55,14,+21.505,+1.046
4461.278,55,14,+21.307,+1.009
4464.571,55,14,+21.272,+0.998
4468.333,55,14,+21.071,+1.056
4473.372,55,14,+21.019,+1.042
4476.168,55,14,+21.160,+1.070
4478.264,55,14,+21.261,+1.089
4482.294,55,14,+21.534,+1.167
4485.529,55,14,+21.580,+1.167
4489.352,55,14,+21.587,+1.154
4493.29,55,14,+21.537,+1.180
4496.662,55,14,+21.408,+1.185
4501.799,55,14,+21.639,+1.296
4507.038,55,14,+21.701,+1.247
4511.113,55,14,+21.691,+1.369
4516.936,55,14,+21.839,+1.375
4520.477,55,14,+22.023,+1.334
4524.208,55,14,+22.263,+1.351
4526.394,55,14,+22.207,+1.294
4528.417,55,14,+22.198,+1.289
4533.778,55,14,+22.289,+1.281
4534.429,55,14,+22.295,+1.279
4537.225,55,14,+22.318,+1.268
4538.553,55,14,+22.388,+1.189
4543.996,55,14,+22.996,+1.595
4547.669,55,14,+22.908,+1.741
4551.05,55,14,+22.799,+1.779
4554.824,55,14,+22.984,+1.817
4559.848,55,14,+23.066,+1.734
4562.647,55,14,+23.156,+1.747
4564.762,55,14,+23.126,+1.737
4568.698,55,14,+23.299,+1.781
4571.986,55,14,+23.384,+1.782
4575.808,55,14,+23.445,+1.716
4579.739,55,14,+23.505,+1.677
4583.134,55,14,+23.495,+1.640
4588.281,55,14,+23.830,+1.707
4593.461,55,14,+23.870,+1.683
4597.348,55,14,+23.789,+1.655
4603.19,55,14,+23.887,+1.643
4606.753,55,14,+24.092,+1.593
4610.429,55,14,+24.330,+1.575
4612.65,55,14,+24.394,+1.584
4614.704,55,14,+24.435,+1.546
4620.001,55,14,+24.516,+1.464
4620.668,55,14,+24.520,+1.451
4623.423,55,14,+24.538,+1.414
4624.88,55,14,+24.618,+1.389
4629.831,55,14,+24.799,+1.366
4633.419,55,14,+24.620,+1.417
4636.757,55,14,+24.535,+1.529
4640.485,55,14,+24.657,+1.480
4645.583,55,14,+24.881,+1.505
4648.355,55,14,+24.996,+1.534
4650.506,55,14,+25.098,+1.568
4654.426,55,14,+25.402,+1.592
4657.753,55,14,+25.515,+1.627
4661.53,55,14,+25.538,+1.569
4665.443,55,14,+25.442,+1.494
4668.779,55,14,+25.309,+1.436
4673.876,55,13,+25.309,+1.436
4673.957,55,13,+25.643,+1.509
4679.085,55,13,+25.613,+1.283
4683.03,55,13,+25.528,+1.146
4692.199,55,13,+29.100,+1.724
4696.723,55,13,+30.266,+2.224
4700.45,55,13,+30.594,+1.879
4702.89,55,13,+30.840,+1.250
4733.838,55,13,+51.146,+9.842
4735.64,55,13,+51.551,+9.742
4743.783,55,13,+51.517,+11.013
4748.172,55,13,+50.145,+9.880
4752.022,55,13,+49.735,+9.518
4755.967,55,13,+49.401,+9.394
4764.081,55,13,+50.482,+10.946
4768.202,55,13,+51.058,+11.351
4770.559,55,13,+50.997,+11.156
4774.972,55,13,+50.923,+10.292
4780.642,55,13,+53.271,+11.507
4786.148,55,13,+51.573,+11.135
4791.062,55,13,+49.504,+9.656
4795.365,55,13,+47.688,+6.866
4802.658,55,13,+46.875,+6.905
4808.812,55,13,+47.382,+7.144
4814.201,55,13,+48.314,+7.428
4821.115,55,13,+48.955,+7.688
4826.115,55,13,+50.080,+8.794
4830.492,55,13,+49.982,+7.930
4833.533,55,13,+50.311,+8.306
4836.767,55,13,+50.869,+8.306
4843.602,55,13,+50.659,+8.306
4844.396,55,13,+50.472,+5.651
4848.49,55,13,+50.640,+3.355
4850.72,55,13,+50.898,+3.847
4858.524,55,13,+52.480,+3.786
4864.07,55,13,+52.336,+4.812
4867.884,55,13,+51.098,+4.252
4871.802,55,13,+50.792,+3.456
4878.594,55,13,+51.784,+3.606
4883.039,55,13,+51.644,+4.216
4885.719,55,13,+51.107,+2.972
4889.906,55,13,+49.158,+2.375
4893.767,55,13,+49.320,+2.590
4898.938,55,13,+50.443,+2.688
4904.731,55,13,+48.929,+2.774
4912.141,55,13,+50.397,+2.831
4919.882,55,13,+50.154,+3.762
4925.192,55,13,+49.770,+3.258
4929.361,55,13,+49.513,+2.521
4935.418,55,13,+49.199,+2.306
4938.915,55,13,+48.978,+2.129
4942.679,55,13,+47.725,+1.949
4944.941,55,13,+46.377,+1.915
4946.969,55,13,+46.052,+1.831
4952.104,55,13,+44.122,+1.682
4952.732,55,13,+43.635,+1.644
4955.436,55,13,+42.157,+1.500
4956.785,55,13,+41.688,+1.353
4962.006,55,13,+40.869,+1.420
4965.47,55,13,+39.199,+1.503
4968.827,55,13,+38.003,+1.548
4972.553,55,13,+37.475,+1.590
4977.535,55,13,+37.443,+1.550
4980.332,55,13,+37.553,+1.554
4982.432,55,13,+37.637,+1.552
4986.341,55,13,+37.830,+1.572
4989.597,55,13,+37.837,+1.514
4993.359,55,13,+37.815,+1.434
4997.207,55,13,+37.721,+1.370
5000.532,55,13,+37.576,+1.307
5005.636,55,13,+37.754,+1.368
5010.865,55,13,+37.792,+1.343
5014.777,55,13,+37.668,+1.314
5020.408,55,13,+37.734,+1.346
5023.962,55,13,+37.994,+1.377
5027.586,55,13,+38.094,+1.351
5029.721,55,13,+38.091,+1.353
5031.814,55,13,+38.122,+1.304
5037.006,55,13,+38.092,+1.210
5037.676,55,13,+38.073,+1.192
5040.382,55,13,+37.987,+1.128
5041.781,55,13,+38.063,+1.100
5046.778,55,13,+38.291,+1.194
5050.332,55,13,+38.253,+1.296
5053.681,55,13,+38.148,+1.417
5057.35,55,13,+38.233,+1.441
5062.332,55,13,+38.332,+1.379
5065.073,55,13,+38.385,+1.290
5067.115,55,13,+38.329,+1.196
5071.056,55,13,+38.521,+1.208
5074.36,55,13,+38.637,+1.235
5078.132,55,13,+38.681,+1.183
5082.006,55,13,+38.658,+1.117
5085.3,55,13,+38.579,+1.047
5090.349,55,13,+38.741,+1.098
5095.54,55,13,+38.727,+1.108
5099.463,55,13,+38.609,+1.095
5105.122,55,13,+38.674,+1.071
5108.649,55,13,+38.932,+1.047
5112.321,55,13,+39.053,+0.962
5114.575,55,13,+39.171,+1.080
5116.624,55,13,+39.214,+1.009
5121.843,55,13,+39.150,+0.988
5122.487,55,13,+39.132,+0.981
5125.191,55,13,+39.047,+0.949
5126.571,55,13,+39.125,+0.911
5131.592,55,13,+39.313,+0.930
5135.087,55,13,+39.228,+0.976
5138.427,55,13,+39.256,+1.075
5142.047,55,12,+39.256,+1.075
5142.13,55,12,+39.314,+4.622
5147.051,55,12,+39.423,+4.619
5149.869,55,12,+39.561,+4.662
5151.972,55,12,+39.548,+4.658
5155.833,55,12,+39.689,+4.702
5159.151,55,12,+39.781,+4.749
5162.951,55,12,+39.825,+4.805
5166.791,55,12,+39.812,+4.890
5170.113,55,12,+39.782,+4.981
5175.224,55,12,+40.017,+5.073
5180.362,55,12,+39.954,+5.028
5184.343,55,12,+39.914,+4.989
5190.024,55,12,+39.947,+4.841
5193.603,55,12,+40.200,+4.909
5197.239,55,12,+40.311,+4.861
5199.45,55,12,+40.449,+4.942
5201.551,55,12,+40.530,+4.906
5206.76,55,12,+40.560,+4.931
5207.451,55,12,+40.561,+4.940
5210.185,55,12,+40.592,+5.006
5211.542,55,12,+40.708,+5.005
5216.549,55,12,+40.572,+5.028
5220.143,55,12,+40.422,+5.107
5223.408,55,12,+40.352,+5.125
5227.125,55,12,+40.312,+5.053
5232.117,55,12,+40.379,+5.016
5234.848,55,12,+40.477,+4.979
5236.97,55,12,+40.549,+4.952
5240.827,55,12,+40.732,+4.885
5244.109,55,12,+40.784,+4.941
5247.913,55,12,+40.804,+5.040
5251.834,55,12,+40.779,+5.239
5255.225,55,12,+40.735,+5.454
5260.282,55,12,+40.942,+5.374
5265.443,55,12,+40.942,+5.445
5269.463,55,12,+40.823,+5.517
5275.128,55,12,+40.876,+5.118
5278.626,55,12,+41.090,+4.942
5282.265,55,12,+41.160,+4.790
5284.487,55,12,+41.253,+4.844
5286.61,55,12,+41.330,+4.844
5291.906,55,12,+41.354,+4.871
5292.576,55,12,+41.356,+4.888
5295.37,55,12,+41.358,+4.954
5296.714,55,12,+41.351,+4.805
5301.708,55,12,+41.469,+4.663
5305.256,55,12,+41.423,+4.750
5308.547,55,12,+41.399,+4.688
5312.251,55,12,+41.506,+4.514
5317.225,55,12,+41.621,+4.248
5320.044,55,12,+41.766,+4.093
5322.153,55,12,+41.870,+4.082
5326.069,55,12,+42.125,+4.022
5329.391,55,12,+42.157,+4.051
5334.808,55,12,+43.808,+5.785
5343.77,55,12,+48.907,+9.333
5349.084,55,12,+50.782,+5.516
5354.969,55,12,+51.877,+4.552
5361.321,55,12,+53.085,+2.420
5366.231,55,12,+53.958,+2.362
5372.305,55,12,+54.339,+2.067
5376.232,55,12,+54.982,+2.301
5381.236,55,12,+56.135,+3.432
5384.119,55,12,+56.778,+4.207
5387.334,55,12,+57.865,+5.053
5394.43,55,12,+55.239,+5.053
5395.405,55,12,+54.574,+6.483
5399.318,55,12,+54.355,+6.068
5400.994,55,12,+54.306,+5.994
5409.811,55,12,+55.778,+5.990
5414.891,55,12,+56.320,+6.303
5419.265,55,12,+56.858,+6.482
5423.609,55,12,+56.726,+6.464
5430.387,55,12,+56.896,+6.300
5434.405,55,12,+57.811,+6.317
5437.218,55,12,+58.402,+6.391
5441.562,55,12,+57.935,+6.063
5445.427,55,12,+57.938,+5.688
5450.521,55,12,+57.878,+5.330
5456.193,55,12,+57.774,+5.061
5460.923,55,12,+57.609,+4.751
5467.231,55,12,+57.304,+4.088
5476.042,55,12,+59.107,+6.137
5480.91,55,12,+57.581,+5.384
5487.268,55,12,+56.880,+4.830
5491.124,55,12,+56.537,+4.590
5495.246,55,12,+55.557,+4.454
5497.5,55,12,+54.552,+3.817
5499.599,55,12,+53.223,+3.374
5504.855,55,12,+51.228,+3.446
5505.615,55,12,+51.001,+3.481
5508.154,55,12,+50.167,+3.589
5509.515,55,12,+49.899,+3.502
5514.627,55,12,+49.006,+3.098
5518.141,55,12,+48.114,+3.036
5521.493,55,12,+45.588,+2.910
5525.243,55,12,+44.900,+2.777
5530.187,55,12,+44.051,+2.577
5533.007,55,12,+43.321,+2.522
5535.137,55,12,+42.719,+2.508
5539.01,55,12,+42.176,+2.441
5542.267,55,12,+42.159,+2.476
5546.032,55,12,+42.184,+2.565
5549.979,55,12,+42.280,+2.778
5553.373,55,12,+42.317,+3.011
5558.571,55,12,+42.558,+2.775
5563.787,55,12,+42.551,+2.807
5567.782,55,12,+42.500,+2.706
5573.479,55,12,+42.549,+2.490
5576.989,55,12,+42.785,+2.364
5580.65,55,12,+42.947,+2.255
5583.215,55,12,+43.062,+2.366
5584.962,55,12,+43.109,+2.332
5590.212,55,12,+43.205,+2.409
5590.903,55,12,+43.212,+2.429
5593.624,55,12,+43.253,+2.503
5595.026,55,12,+43.361,+2.336
5599.982,55,12,+43.562,+2.227
5603.47,55,12,+43.447,+2.264
5606.769,55,12,+43.447,+2.232
5610.528,55,12,+43.591,+1.629
5615.559,55,12,+43.745,+1.298
5618.341,55,12,+43.839,+1.165
5620.44,55,12,+43.803,+1.125
5624.384,55,12,+43.969,+1.135
5627.687,55,12,+44.078,+1.179
5631.503,55,12,+44.140,+1.228
5635.352,55,12,+44.158,+1.339
5638.696,55,12,+44.129,+1.445
5643.859,55,12,+44.500,+1.523
5648.958,55,12,+44.459,+1.400
5652.885,55,12,+44.353,+1.126
5658.694,55,12,+44.458,+1.102
5662.308,55,12,+44.755,+1.195
5665.987,55,12,+44.944,+1.248
5668.253,55,12,+45.071,+1.325
5670.306,55,12,+45.138,+1.391
5675.598,55,12,+45.278,+1.544
5676.304,55,12,+45.299,+1.568
5679.055,55,12,+45.371,+1.632
5680.47,55,12,+45.439,+1.627
5685.387,55,12,+45.582,+1.570
5688.925,55,12,+45.554,+1.517
5692.301,55,12,+45.622,+1.494
5695.988,55,12,+45.708,+1.514
5701.02,55,12,+45.850,+1.524
5703.839,55,12,+45.982,+1.563
5705.946,55,12,+45.973,+1.599
5709.875,55,12,+46.133,+1.669
5713.159,55,12,+46.235,+1.712
5716.901,55,12,+46.292,+1.770
5720.791,55,12,+46.336,+1.930
5724.126,55,12,+46.343,+2.091
5729.235,55,12,+46.732,+2.162
5734.398,55,12,+46.720,+2.109
5738.368,55,12,+46.724,+1.971
5744.161,55,12,+46.752,+1.919
5747.738,55,12,+46.991,+1.977
5751.488,55,12,+47.183,+2.065
5753.71,55,12,+47.211,+2.093
5755.749,55,12,+47.240,+2.080
5761.017,55,12,+47.252,+2.116
5761.671,55,12,+47.253,+2.117
5764.365,55,12,+47.260,+2.105
5765.75,55,12,+47.336,+2.099
5770.738,55,12,+47.442,+2.160
5774.263,55,12,+47.366,+2.124
5777.574,55,12,+47.377,+2.073
5781.346,55,12,+47.523,+2.158
5786.346,55,12,+47.648,+2.073
5789.156,55,12,+47.749,+2.106
5791.256,55,12,+47.710,+2.148
5795.13,55,12,+47.804,+2.265
5798.421,55,12,+47.900,+2.336
5802.256,55,12,+47.987,+2.408
5806.125,55,12,+48.135,+2.582
5809.53,55,12,+48.256,+2.747
5814.569,55,12,+48.562,+2.851
5819.802,55,12,+48.602,+2.866
5823.868,55,12,+48.549,+2.729
5829.659,55,12,+48.684,+2.741
5833.304,55,12,+48.982,+2.847
5837.045,55,12,+49.231,+2.912
5839.229,55,12,+49.319,+2.930
5841.32,55,12,+49.348,+2.979
5846.583,55,12,+49.372,+3.058
5847.256,55,12,+49.377,+3.067
5849.995,55,12,+49.405,+3.088
5851.356,55,12,+49.446,+3.079
5856.432,55,12,+49.671,+3.144
5860.013,55,12,+49.655,+3.089
5863.339,55,12,+49.652,+2.974
5867.081,55,12,+49.736,+3.015
5872.094,55,12,+49.867,+3.009
5874.882,55,12,+49.932,+3.007
5877.038,55,12,+49.897,+3.048
5880.997,55,12,+50.103,+3.164
5884.265,55,12,+50.180,+3.176
5888.091,55,12,+50.239,+2.981
5891.96,55,12,+50.281,+2.707
5895.297,55,12,+50.282,+2.530
5900.438,55,12,+50.570,+2.651
5905.622,55,12,+50.549,+2.756
5909.581,55,12,+50.561,+2.796
5915.334,55,12,+50.652,+2.849
5918.941,55,12,+50.972,+2.999
5922.731,55,12,+51.216,+3.159
5924.924,55,12,+51.301,+3.226
5927.002,55,12,+51.342,+3.316
5932.291,55,12,+51.407,+3.482
5932.956,55,12,+51.421,+3.516
5935.729,55,12,+51.484,+3.657
5937.118,55,12,+51.587,+3.752
5942.225,55,12,+51.759,+3.963
5945.817,55,12,+51.697,+3.909
5949.131,55,12,+51.686,+3.752
5952.931,55,12,+51.816,+3.823
5958.0,55,12,+51.987,+3.849
5960.75,55,12,+52.052,+3.819
5962.889,55,12,+52.012,+3.821
5966.797,55,12,+52.204,+3.985
5970.127,55,12,+50.101,+4.062
5973.864,55,12,+50.150,+4.114
5977.791,55,12,+50.235,+4.240
5981.205,55,12,+50.312,+4.354
5986.286,55,12,+50.628,+4.621
5991.515,55,12,+50.725,+4.688
5995.576,55,12,+50.700,+4.635
6001.388,55,12,+50.827,+4.710
6004.988,55,12,+51.089,+4.802
6008.791,55,12,+51.258,+4.902
6011.029,55,12,+51.354,+5.010
6013.153,55,12,+51.439,+5.066
6018.435,55,12,+51.512,+5.200
6019.062,55,12,+51.518,+5.214
6021.8,55,12,+51.546,+5.261
6023.291,55,12,+51.607,+5.303
6028.266,55,12,+51.714,+5.417
6031.832,55,12,+51.681,+5.372
6035.156,55,12,+51.681,+5.308
6038.898,55,12,+51.793,+5.351
6043.938,55,12,+51.915,+5.278
6046.722,55,12,+52.034,+5.286
6048.845,55,12,+52.022,+5.312
6052.783,55,12,+52.194,+5.438
6056.141,55,12,+52.305,+5.539
6059.927,55,12,+52.392,+5.628
6063.91,55,12,+52.516,+5.808
6067.339,55,12,+52.615,+5.994
6072.543,55,12,+52.891,+6.265
6077.796,55,12,+52.972,+6.324
6081.843,55,12,+52.840,+6.303
6087.508,55,12,+52.905,+6.261
6091.128,55,12,+53.198,+6.427
6094.827,55,12,+53.297,+6.512
6097.15,55,12,+53.385,+6.588
6099.28,55,12,+53.500,+6.611
6104.559,55,12,+53.566,+6.650
6105.212,55,12,+53.574,+6.659
6107.966,55,12,+53.612,+6.703
6109.316,55,12,+53.660,+6.735
6114.386,55,12,+53.872,+6.847
6117.918,55,12,+53.810,+6.786
6121.163,55,12,+53.742,+6.630
6124.92,55,12,+53.882,+6.754
6129.964,55,12,+54.016,+6.799
6132.828,55,12,+54.160,+6.837
6134.917,55,12,+54.155,+6.857
6138.877,55,12,+54.357,+7.012
6142.214,55,12,+54.464,+7.132
6146.029,55,12,+54.506,+7.184
6149.907,55,12,+54.589,+7.304
6153.286,55,12,+54.640,+7.406
6158.379,55,12,+54.923,+7.542
6163.638,55,12,+55.042,+7.578
6167.538,55,12,+54.935,+7.407
6173.382,55,12,+55.052,+7.380
6177.056,55,12,+55.360,+7.574
6180.879,55,12,+55.603,+7.699
6183.225,55,12,+55.751,+7.808
6185.39,55,12,+55.889,+7.883
6190.695,55,12,+55.012,+7.970
6191.371,55,12,+55.938,+7.982
6194.086,55,12,+55.069,+8.032
6195.449,55,12,+55.075,+8.057
6200.638,55,12,+55.564,+8.323
6204.244,55,12,+55.731,+8.322
6207.591,55,12,+55.760,+8.286
6211.405,55,12,+55.918,+8.376
6216.428,55,12,+56.117,+8.425
6219.283,55,12,+56.359,+8.499
6221.459,55,12,+56.575,+8.577
6225.45,55,12,+56.763,+8.800
6228.771,55,12,+56.873,+8.881
6232.579,55,12,+57.003,+8.936
6236.498,55,12,+57.207,+9.053
6239.911,55,12,+57.388,+9.194
6245.153,55,12,+57.577,+9.499
6250.357,55,12,+57.552,+9.507
6254.417,55,12,+57.506,+9.515
6260.275,55,12,+57.666,+9.491
6263.935,55,12,+57.988,+9.696
6267.781,55,12,+58.091,+9.814
6270.002,55,12,+58.074,+9.847
6272.209,55,12,+58.194,+9.977
6277.466,55,12,+58.383,+10.038
6278.149,55,12,+58.427,+10.041
6280.91,55,12,+58.647,+10.061
6282.327,55,12,+58.787,+10.095
6287.433,55,12,+59.158,+10.295
6291.003,55,12,+59.183,+10.272
6294.381,55,12,+59.210,+10.227
6298.23,55,12,+59.379,+10.336
6303.223,55,12,+59.518,+10.394
6306.121,55,12,+59.684,+10.479
6308.295,55,12,+59.819,+10.574
6312.304,55,12,+60.141,+10.818
6315.627,55,12,+60.264,+10.920
6319.427,55,12,+60.261,+10.989
6323.369,55,12,+60.239,+11.130
6326.753,55,12,+60.254,+11.268
6331.971,55,12,+60.698,+11.541
6337.241,55,12,+60.903,+11.582
6341.548,55,13,+60.903,+11.582
6341.915,55,13,+61.633,+0.248
6348.018,55,13,+62.092,+0.462
6351.804,55,13,+62.491,+0.582
6355.764,55,13,+62.787,+0.741
6358.054,55,13,+62.806,+0.738
6360.224,55,13,+62.918,+0.811
6365.546,55,13,+62.996,+0.762
6366.166,55,13,+62.990,+0.745
6368.915,55,13,+62.934,+0.657
6370.473,55,13,+63.013,+0.671
6375.527,55,13,+63.405,+0.836
6379.053,55,13,+63.413,+0.876
6382.383,55,13,+63.451,+0.874
6386.219,55,13,+63.652,+0.975
6391.34,55,13,+63.921,+1.021
6394.333,55,13,+64.286,+1.131
6396.614,55,13,+64.507,+1.169
6400.727,55,13,+64.940,+1.306
6404.078,55,13,+65.119,+1.393
6407.871,55,13,+65.159,+1.341
6411.658,55,13,+65.098,+1.211
6414.977,55,13,+65.059,+1.105
6420.214,55,13,+65.575,+1.181
6425.418,55,13,+65.721,+1.145
6429.334,55,13,+65.810,+1.043
6435.192,55,13,+65.975,+1.123
6438.907,55,13,+66.328,+1.209
6442.813,55,13,+66.476,+1.281
6445.115,55,13,+66.622,+1.341
6447.349,55,13,+66.763,+1.388
6452.627,55,13,+66.817,+1.370
6453.336,55,13,+66.813,+1.368
6456.026,55,13,+66.787,+1.353
6457.567,55,13,+66.908,+1.362
6462.726,55,13,+67.305,+1.483
6466.215,55,13,+67.336,+1.529
6469.448,55,13,+67.298,+1.418
6473.33,55,13,+67.490,+1.525
6478.571,55,13,+67.771,+1.551
6481.306,55,13,+68.051,+1.687
6483.511,55,13,+68.237,+1.800
6487.549,55,13,+68.563,+1.861
6490.874,55,13,+68.701,+1.893
6494.634,55,13,+68.740,+1.804
6498.457,55,13,+68.745,+1.673
6501.778,55,13,+68.761,+1.566
6506.931,55,13,+69.091,+1.645
6512.164,55,13,+69.276,+1.627
6516.111,55,13,+69.286,+1.541
6522.021,55,13,+69.511,+1.617
6525.683,55,13,+69.847,+1.717
6529.569,55,13,+70.080,+1.746
6531.819,55,13,+70.080,+1.473
6533.971,55,13,+70.195,+1.518
6539.269,55,13,+70.298,+1.497
6539.912,55,13,+70.305,+1.484
6542.677,55,13,+70.326,+1.426
6544.046,55,13,+70.391,+1.345
6549.22,55,13,+70.813,+1.484
6552.75,55,13,+70.794,+1.400
6556.064,55,13,+70.765,+1.287
6559.9,55,13,+70.935,+1.407
6565.059,55,13,+71.234,+1.469
6567.937,55,13,+71.509,+1.600
6570.205,55,13,+71.724,+1.734
6574.268,55,13,+72.031,+1.876
6577.634,55,13,+72.193,+1.995
6581.414,55,13,+72.263,+1.949
6585.272,55,13,+72.300,+1.848
6588.598,55,13,+72.382,+1.768
6593.928,55,13,+72.509,+2.017
6599.289,55,13,+72.810,+2.188
6603.321,55,13,+72.889,+2.162
6609.112,55,13,+73.078,+2.168
6612.812,55,13,+73.411,+2.243
6616.833,55,13,+73.741,+2.377
6619.136,55,13,+73.858,+2.442
6621.297,55,13,+74.021,+2.462
6626.636,55,13,+74.151,+2.430
6627.305,55,13,+74.151,+2.411
6630.067,55,13,+74.143,+2.329
6631.495,55,13,+74.281,+2.305
6636.702,55,13,+74.716,+2.444
6640.221,55,13,+74.726,+2.469
6643.458,55,13,+74.661,+2.467
6647.352,55,13,+74.759,+2.524
6652.46,55,13,+75.007,+2.589
6655.346,55,13,+75.294,+2.680
6657.574,55,13,+75.485,+2.752
6661.633,55,13,+75.882,+2.878
6664.994,55,13,+76.084,+2.941
6668.799,55,13,+76.154,+2.889
6672.691,55,13,+76.178,+2.825
6676.071,55,13,+76.216,+2.799
6683.644,55,13,+78.917,+4.080
6692.081,55,13,+82.283,+4.760
6697.143,55,13,+83.266,+4.356
6703.445,55,13,+83.910,+3.616
6707.758,55,13,+84.844,+3.321
6712.146,55,13,+85.409,+3.707
6715.005,55,13,+85.956,+3.310
6746.397,55,14,+85.956,+3.310
6751.396,55,15,+85.956,+3.310
6753.699,55,15,1 L,+1.388
6755.724,55,15,1 L,+1.316
6761.971,55,15,1 L,+1.220
6765.593,55,15,1 L,+1.346
6769.193,55,15,1 L,+1.512
6773.006,55,15,1 L,+1.521
6778.124,55,15,1 L,+1.651
6781.014,55,15,1 L,+1.718
6783.245,55,15,1 L,+1.797
6787.27,55,15,1 L,+1.914
6790.567,55,15,1 L,+2.011
6794.313,55,15,1 L,+2.034
6798.133,55,15,1 L,+2.022
6801.449,55,15,1 L,+1.999
6806.692,55,15,1 L,+2.117
6811.84,55,15,1 L,+2.141
6815.77,55,15,1 L,+1.992
6822.645,55,15,1 L,+3.066
6826.368,55,15,1 L,+3.308
6830.165,55,15,1 L,+3.352
6832.361,55,15,1 L,+3.408
6834.405,55,15,1 L,+3.428
6839.556,55,15,1 L,+3.193
6840.198,55,15,1 L,+3.126
6842.857,55,15,1 L,+2.866
6844.24,55,15,1 L,+2.807
6849.289,55,15,1 L,+2.961
6852.747,55,15,1 L,+2.971
6856.069,55,15,1 L,+3.020
6859.774,55,15,1 L,+3.050
6864.692,55,15,1 L,+3.116
6867.502,55,15,1 L,+3.207
6869.607,55,15,1 L,+3.188
6873.552,55,15,1 L,+3.290
6876.809,55,15,1 L,+3.370
6880.555,55,15,1 L,+3.414
6884.392,55,15,1 L,+3.492
6887.742,55,15,1 L,+3.525
6892.87,55,15,1 L,+3.654
6898.109,55,15,1 L,+3.852
6902.147,55,15,1 L,+3.828
6907.714,55,15,1 L,+3.787
6911.25,55,15,1 L,+3.849
6914.958,55,15,1 L,+3.773
6917.17,55,15,1 L,+3.901
6919.253,55,15,1 L,+3.829
6924.418,55,15,1 L,+3.803
6925.087,55,15,1 L,+3.797
6927.786,55,15,1 L,+3.742
6929.218,55,15,1 L,+3.719
6934.127,55,15,1 L,+3.678
6937.57,55,15,1 L,+3.157
6940.817,55,15,1 L,+1.927
6944.738,55,15,1 L,+1.940
6949.731,55,15,1 L,+1.891
6952.525,55,15,1 L,+1.927
6954.66,55,15,1 L,+1.933
6958.533,55,15,1 L,+1.886
6961.823,55,15,1 L,+1.954
6965.571,55,15,1 L,+2.014
6969.441,55,15,1 L,+2.114
6972.805,55,15,1 L,+2.193
6977.785,55,15,1 L,+2.203
6982.96,55,15,1 L,+2.314
6986.865,55,15,1 L,+2.175
6992.528,55,15,1 L,+2.143
6996.072,55,15,1 L,+2.152
6999.74,55,15,1 L,+1.802
7001.978,55,15,1 L,+1.835
7004.023,55,15,1 L,+1.805
7009.24,55,15,1 L,+1.857
7009.875,55,15,1 L,+1.873
7012.578,55,15,1 L,+1.921
7014.053,55,15,1 L,+1.762
7018.967,55,15,1 L,+1.657
7022.451,55,15,1 L,+1.642
7025.584,55,15,1 L,+1.403
7029.415,55,15,1 L,+1.376
7034.374,55,15,1 L,+1.148
7037.157,55,15,1 L,+1.162
7039.278,55,15,1 L,+1.122
7043.22,55,15,1 L,+1.096
7046.485,55,15,1 L,+1.148
7050.224,55,15,1 L,+1.200
7054.065,55,15,1 L,+1.267
7057.389,55,15,1 L,+1.124
7062.595,55,15,1 L,+0.913
7067.763,55,15,1 L,+0.788
7071.808,55,15,1 L,+0.610
7077.537,55,15,1 L,+0.513
7081.172,55,15,1 L,+0.518
7085.076,55,15,1 L,+0.433
7087.228,55,15,1 L,+0.475
7089.283,55,15,1 L,+0.408
7094.46,55,15,1 L,+0.310
7095.097,55,15,1 L,+0.301
7097.693,55,15,1 L,+0.387
7099.097,55,15,1 L,+0.396
7104.224,55,15,1 L,+0.361
7107.77,55,15,1 L,+0.282
7111.129,55,15,1 L,+0.393
7114.959,55,15,1 L,+0.371
7120.049,55,15,1 L,+0.402
7122.915,55,15,1 L,+0.449
7125.156,55,15,1 L,+0.351
7129.437,55,15,1 L,+0.414
7132.739,55,15,1 L,+0.481
7136.47,55,15,1 L,+0.417
7140.231,55,15,1 L,+0.233
7143.599,55,15,1 L,+0.079
7148.885,55,15,1 L,+0.259
7154.038,55,15,1 L,+0.085
7158.409,55,15,1 L,+0.073
7164.404,55,15,1 L,+0.376
7168.092,55,15,1 L,+0.520
7171.98,55,15,1 L,+0.447
7174.238,55,15,1 L,+0.536
7176.361,55,15,1 L,+0.534
7181.647,55,15,1 L,+0.509
7182.307,55,15,1 L,+0.494
7184.994,55,15,1 L,+0.432
7186.429,55,15,1 L,+0.406
7191.529,55,15,1 L,+0.384
7194.971,55,15,1 L,+0.263
7198.325,55,15,1 L,+0.479
7202.113,55,15,1 L,+0.383
7207.203,55,15,1 L,+0.389
7210.057,55,15,1 L,+0.460
7212.179,55,15,1 L,+0.459
7216.236,55,15,1 L,+0.539
7219.473,55,15,1 L,+0.550
7223.172,55,15,1 L,+0.481
7226.911,55,15,1 L,+0.310
7230.094,55,15,1 L,+0.094
7235.424,55,15,1 L,+0.280
7240.639,55,15,1 L,+0.123
7244.62,55,15,1 L,+0.039
7251.595,55,15,1 L,+0.927
7255.313,55,15,1 L,+1.058
7259.135,55,15,1 L,+1.051
7261.453,55,15,1 L,+1.142
7263.53,55,15,1 L,+1.081
7268.902,55,15,1 L,+0.833
7269.56,55,15,1 L,+0.796
7272.324,55,15,1 L,+0.638
7273.812,55,15,1 L,+0.529
7278.881,55,15,1 L,+0.446
7282.333,55,15,1 L,+0.325
7285.701,55,15,1 L,+0.365
7289.608,55,15,1 L,+0.409
7294.749,55,15,1 L,+0.469
7297.626,55,15,1 L,+0.532
7299.724,55,15,1 L,+0.476
7303.747,55,15,1 L,+0.457
7307.009,55,15,1 L,+0.473
7310.757,55,15,1 L,+0.447
7314.516,55,15,1 L,+0.434
7317.738,55,15,1 L,+0.449
7322.99,55,15,1 L,+0.570
7328.13,55,15,1 L,+0.477
7332.16,55,15,1 L,+0.456
7338.044,55,15,1 L,+0.394
7341.706,55,15,1 L,+0.526
7345.589,55,15,1 L,+0.456
7347.847,55,15,1 L,+0.532
7349.939,55,15,1 L,+0.457
7355.145,55,15,1 L,+0.369
7355.775,55,15,1 L,+0.353
7358.37,55,15,1 L,+0.302
7359.795,55,15,1 L,+0.282
7365.057,55,15,1 L,+0.459
7368.561,55,15,1 L,+0.381
7371.915,55,15,1 L,+0.293
7375.896,55,15,1 L,+0.340
7380.989,55,15,1 L,+0.407
7383.914,55,15,1 L,+0.525
7386.071,55,15,1 L,+0.565
7390.122,55,15,1 L,+0.576
7393.371,55,15,1 L,+0.605
7397.077,55,15,1 L,+0.525
7400.869,55,15,1 L,+0.353
7404.124,55,15,1 L,+0.203
7409.32,55,15,1 L,+0.366
7414.403,55,15,1 L,+0.244
7418.386,55,15,1 L,+0.197
7424.69,55,15,1 L,+0.427
7428.347,55,15,1 L,+0.574
7432.172,55,15,1 L,+0.527
7434.343,55,15,1 L,+0.615
7436.503,55,15,1 L,+0.561
7441.832,55,15,1 L,+0.606
7442.517,55,15,1 L,+0.601
7445.268,55,15,1 L,+0.562
7446.627,55,15,1 L,+0.581
7451.686,55,15,1 L,+0.583
7455.141,55,15,1 L,+0.438
7458.333,55,15,1 L,+0.403
7462.152,55,15,1 L,+0.411
7467.243,55,15,1 L,+0.459
7470.029,55,15,1 L,+0.525
7472.214,55,15,1 L,+0.608
7476.154,55,15,1 L,+0.691
7479.411,55,15,1 L,+0.733
7483.153,55,15,1 L,+0.714
7486.947,55,15,1 L,+0.606
7490.216,55,15,1 L,+0.472
7495.425,55,15,1 L,+0.670
7500.519,55,15,1 L,+0.648
7504.322,55,15,1 L,+0.563
7510.205,55,15,1 L,+0.564
7513.765,55,15,1 L,+0.662
7517.6,55,15,1 L,+0.617
7519.673,55,15,1 L,+0.637
7521.834,55,15,1 L,+0.640
7527.175,55,15,1 L,+0.691
7527.871,55,15,1 L,+0.687
7530.579,55,15,1 L,+0.629
7531.953,55,15,1 L,+0.614
7536.988,55,15,1 L,+0.617
7540.528,55,15,1 L,+0.552
7543.758,55,15,1 L,+0.516
7547.561,55,15,1 L,+0.503
7552.669,55,15,1 L,+0.563
7555.66,55,15,1 L,+0.646
7557.764,55,15,1 L,+0.723
7561.601,55,15,1 L,+0.758
7564.857,55,15,1 L,+0.783
7568.562,55,15,1 L,+0.768
7572.335,55,15,1 L,+0.661
7575.559,55,15,1 L,+0.530
7580.722,55,15,1 L,+0.659
7585.782,55,15,1 L,+0.692
7589.641,55,15,1 L,+0.640
7595.482,55,15,1 L,+0.656
7599.067,55,15,1 L,+0.752
7602.833,55,15,1 L,+0.663
7605.119,55,15,1 L,+0.657
7607.257,55,15,1 L,+0.622
7612.49,55,15,1 L,+0.600
7613.224,55,15,1 L,+0.593
7615.764,55,15,1 L,+0.461
7617.133,55,15,1 L,+0.450
7622.339,55,15,1 L,+0.635
7625.888,55,15,1 L,+0.633
7629.174,55,15,1 L,+0.572
7632.991,55,15,1 L,+0.599
7638.019,55,15,1 L,+0.648
7640.833,55,15,1 L,+0.718
7643.068,55,15,1 L,+0.756
7647.041,55,15,1 L,+0.874
7650.295,55,15,1 L,+0.937
7654.004,55,15,1 L,+0.944
7657.787,55,15,1 L,+0.863
7661.083,55,15,1 L,+0.770
7666.179,55,15,1 L,+0.918
7671.321,55,15,1 L,+0.896
7675.184,55,15,1 L,+0.777
7681.057,55,15,1 L,+0.862
7684.696,55,15,1 L,+0.978
7688.427,55,15,1 L,+0.923
7690.615,55,15,1 L,+1.004
7692.841,55,15,1 L,+0.950
7698.02,55,15,1 L,+0.892
7698.684,55,15,1 L,+0.882
7701.368,55,15,1 L,+0.825
7702.814,55,15,1 L,+0.805
7707.786,55,15,1 L,+0.835
7711.275,55,15,1 L,+0.764
7714.496,55,15,1 L,+0.693
7718.342,55,15,1 L,+0.712
7723.408,55,15,1 L,+0.776
7726.228,55,15,1 L,+0.862
7728.352,55,15,1 L,+0.935
7732.317,55,15,1 L,+1.048
7735.641,55,15,1 L,+1.109
7739.361,55,15,1 L,+1.124
7743.166,55,15,1 L,+1.077
7746.445,55,15,1 L,+0.999
7751.454,55,15,1 L,+1.128
7756.666,55,15,1 L,+1.189
7760.543,55,15,1 L,+1.167
7766.37,55,15,1 L,+1.241
7770.048,55,15,1 L,+1.398
7773.833,55,15,1 L,+1.349
7776.055,55,15,1 L,+1.379
7821.714,55,15,2 L,+36.254
7823.923,55,15,2 L,+36.964
7830.644,55,15,2 L,+38.773
7834.353,55,15,2 L,+38.948
7837.753,55,15,2 L,+39.003
7841.78,55,15,2 L,+39.196
7846.915,55,15,2 L,+39.292
7849.723,55,15,2 L,+39.311
7851.767,55,15,2 L,+39.259
7855.654,55,15,2 L,+39.237
7858.943,55,15,2 L,+38.728
7862.757,55,15,2 L,+38.052
7866.607,55,15,2 L,+37.786
7869.901,55,15,2 L,+37.819
7874.89,55,15,2 L,+37.574
7879.978,55,15,2 L,+37.552
7883.781,55,15,2 L,+37.449
7889.437,55,15,2 L,+37.105
7892.936,55,15,2 L,+36.889
7896.583,55,15,2 L,+36.438
7898.826,55,15,2 L,+36.535
7906.703,55,15,2 L,+21.012
7909.349,55,15,2 L,+17.164
7910.735,55,15,2 L,+16.839
7915.564,55,15,2 L,+15.299
7918.951,55,15,2 L,+15.047
7922.168,55,15,2 L,+14.775
7925.833,55,15,2 L,+14.617
7930.82,55,15,2 L,+14.551
7933.526,55,15,2 L,+14.449
7935.626,55,15,2 L,+14.336
7939.519,55,15,2 L,+14.313
7942.767,55,15,2 L,+14.337
7946.457,55,15,2 L,+14.370
7950.233,55,15,2 L,+14.336
7953.442,55,15,2 L,+14.280
7958.492,55,15,2 L,+14.488
7963.521,55,15,2 L,+14.423
7967.73,55,15,2 L,+14.599
7974.816,55,15,2 L,+16.166
7980.255,55,15,2 L,+18.025
7986.823,55,15,2 L,+20.876
7992.289,55,15,2 L,+24.285
7996.221,55,15,2 L,+26.074
8002.192,55,15,2 L,+26.829
8002.858,55,15,2 L,+26.912
8005.785,55,15,2 L,+27.189
8007.142,55,15,2 L,+27.183
8012.265,55,15,2 L,+27.425
8015.853,55,15,2 L,+27.541
8019.118,55,15,2 L,+27.616
8022.845,55,15,2 L,+27.667
8027.749,55,15,2 L,+27.675
8030.486,55,15,2 L,+27.736
8032.623,55,15,2 L,+27.794
8036.474,55,15,2 L,+27.821
8039.74,55,15,2 L,+27.887
8043.493,55,15,2 L,+28.010
8047.419,55,15,2 L,+28.314
8050.775,55,15,2 L,+28.551
8055.798,55,15,2 L,+28.811
8060.896,55,15,2 L,+28.765
8064.748,55,15,2 L,+28.648
8070.533,55,15,2 L,+28.822
8073.975,55,15,2 L,+28.876
8077.631,55,15,2 L,+28.803
8079.84,55,15,2 L,+28.951
8081.916,55,15,2 L,+28.903
8087.149,55,15,2 L,+28.947
8087.9,55,15,2 L,+28.963
8090.668,55,15,2 L,+29.019
8091.997,55,15,2 L,+29.066
8096.906,55,15,2 L,+29.127
8100.373,55,15,2 L,+29.104
8103.571,55,15,2 L,+29.169
8107.228,55,15,2 L,+29.235
8112.106,55,15,2 L,+29.192
8114.77,55,15,2 L,+29.205
8116.86,55,15,2 L,+29.254
8120.667,55,15,2 L,+29.298
8123.896,55,15,2 L,+29.343
8127.66,55,15,2 L,+29.381
8131.55,55,15,2 L,+29.431
8134.923,55,15,2 L,+29.485
8139.909,55,15,2 L,+29.728
8145.036,55,15,2 L,+29.735
8148.964,55,15,2 L,+29.778
8154.681,55,15,2 L,+29.742
8158.079,55,15,2 L,+29.726
8161.717,55,15,2 L,+29.588
8163.809,55,15,2 L,+29.669
8165.864,55,15,2 L,+29.619
8171.093,55,15,2 L,+29.623
8171.793,55,15,2 L,+29.626
8174.536,55,15,2 L,+29.646
8175.881,55,15,2 L,+29.680
8180.745,55,15,2 L,+29.532
8184.209,55,15,2 L,+29.509
8187.472,55,15,2 L,+29.561
8191.095,55,15,2 L,+29.532
8195.931,55,15,2 L,+29.421
8198.626,55,15,2 L,+29.384
8200.715,55,15,2 L,+29.366
8204.411,55,15,2 L,+29.298
8207.641,55,15,2 L,+29.342
8211.369,55,15,2 L,+29.407
8215.234,55,15,2 L,+29.525
8218.618,55,15,2 L,+29.638
8223.486,55,15,2 L,+29.765
8228.617,55,15,2 L,+29.830
8232.417,55,15,2 L,+29.704
8238.182,55,15,2 L,+29.686
8241.565,55,15,2 L,+29.601
8245.228,55,15,2 L,+29.397
8247.412,55,15,2 L,+29.459
8249.476,55,15,2 L,+29.419
8254.707,55,15,2 L,+29.482
8255.542,55,15,2 L,+29.505
8258.134,55,15,2 L,+29.615
8259.454,55,15,2 L,+29.587
8264.407,55,15,2 L,+29.687
8267.936,55,15,2 L,+29.823
8271.237,55,15,2 L,+29.939
8274.898,55,15,2 L,+29.828
8279.767,55,15,2 L,+29.661
8282.422,55,15,2 L,+29.584
8284.473,55,15,2 L,+29.558
8288.317,55,15,2 L,+29.393
8291.536,55,15,2 L,+29.424
8295.253,55,15,2 L,+29.518
8299.124,55,15,2 L,+29.754
8302.545,55,15,2 L,+29.935
8307.433,55,15,2 L,+29.532
8312.474,55,15,2 L,+29.440
8316.367,55,15,2 L,+29.189
8322.115,55,15,2 L,+29.021
8325.476,55,15,2 L,+28.875
8329.21,55,15,2 L,+28.642
8331.423,55,15,2 L,+28.578
8333.412,55,15,2 L,+28.370
8338.591,55,15,2 L,+27.808
8339.248,55,15,2 L,+27.742
8342.092,55,15,2 L,+27.471
8343.334,55,15,2 L,+27.339
8348.177,55,15,2 L,+27.069
8351.682,55,15,2 L,+27.104
8354.863,55,15,2 L,+27.051
8358.515,55,15,2 L,+26.906
8363.389,55,15,2 L,+26.682
8366.056,55,15,2 L,+26.606
8368.116,55,15,2 L,+26.556
8371.924,55,15,2 L,+26.451
8375.151,55,15,2 L,+26.478
8378.875,55,15,2 L,+26.557
8382.771,55,15,2 L,+26.727
8386.187,55,15,2 L,+26.874
8391.128,55,15,2 L,+26.768
8396.161,55,15,2 L,+26.748
8400.068,55,15,2 L,+26.742
8405.736,55,15,2 L,+26.574
8409.163,55,15,2 L,+26.457
8412.861,55,15,2 L,+26.288
8414.953,55,15,2 L,+26.242
8416.99,55,15,2 L,+26.056
8422.225,55,15,2 L,+26.129
8422.855,55,15,2 L,+26.181
8425.574,55,15,2 L,+26.452
8426.921,55,15,2 L,+26.463
8431.774,55,15,2 L,+25.504
8435.275,55,15,2 L,+25.305
8438.46,55,15,2 L,+25.326
8443.903,55,15,2 L,+26.580
8450.384,55,15,2 L,+28.233
8453.451,55,15,2 L,+28.405
8455.628,55,15,2 L,+28.400
8459.67,55,15,2 L,+28.472
8462.965,55,15,2 L,+28.553
8466.734,55,15,2 L,+28.471
8470.574,55,15,2 L,+27.912
8473.939,55,15,2 L,+27.656
8478.892,55,15,2 L,+27.604
8483.964,55,15,2 L,+27.515
8487.895,55,15,2 L,+27.373
8493.597,55,15,2 L,+27.278
8497.056,55,15,2 L,+27.259
8500.684,55,15,2 L,+27.093
8502.874,55,15,2 L,+27.166
8505.008,55,15,2 L,+27.114
8510.125,55,15,2 L,+27.023
8510.794,55,15,2 L,+27.022
8513.497,55,15,2 L,+27.038
8514.904,55,15,2 L,+27.066
8519.794,55,15,2 L,+27.008
8523.25,55,15,2 L,+27.031
8526.58,55,15,2 L,+27.265
8530.237,55,15,2 L,+27.297
8535.131,55,15,2 L,+27.189
8537.78,55,15,2 L,+27.158
8539.817,55,15,2 L,+27.142
8543.606,55,15,2 L,+27.156
8546.839,55,15,2 L,+27.190
8550.623,55,15,2 L,+27.231
8554.593,55,15,2 L,+27.329
8558.045,55,15,2 L,+27.427
8563.011,55,15,2 L,+27.603
8568.097,55,15,2 L,+27.529
8572.043,55,15,2 L,+27.535
8577.881,55,15,2 L,+27.611
8581.276,55,15,2 L,+27.571
8584.914,55,15,2 L,+27.405
8587.118,55,15,2 L,+27.519
8589.181,55,15,2 L,+27.416
8594.39,55,15,2 L,+27.312
8595.134,55,15,2 L,+27.300
8597.816,55,15,2 L,+27.279
8599.191,55,15,2 L,+27.307
8604.047,55,15,2 L,+27.240
8607.495,55,15,2 L,+27.144
8610.762,55,15,2 L,+27.157
8614.406,55,15,2 L,+27.177
8619.303,55,15,2 L,+27.123
8621.985,55,15,2 L,+27.101
8624.042,55,15,2 L,+27.087
8627.859,55,15,2 L,+27.124
8631.075,55,15,2 L,+27.204
8634.84,55,15,2 L,+27.289
8638.763,55,15,2 L,+27.377
8642.277,55,15,2 L,+27.447
8647.077,55,15,2 L,+27.590
8652.14,55,15,2 L,+27.610
8656.043,55,15,2 L,+27.520
8661.734,55,15,2 L,+27.464
8665.128,55,15,2 L,+27.409
8668.747,55,15,2 L,+27.262
8670.984,55,15,2 L,+27.388
8672.989,55,15,2 L,+27.277
8678.224,55,15,2 L,+27.202
8678.872,55,15,2 L,+27.197
8681.609,55,15,2 L,+27.190
8683.042,55,15,2 L,+27.168
8687.857,55,15,2 L,+27.143
8691.301,55,15,2 L,+27.102
8694.561,55,15,2 L,+27.097
8698.167,55,15,2 L,+27.092
8703.043,55,15,2 L,+27.079
8705.696,55,15,2 L,+26.985
8707.755,55,15,2 L,+26.919
8711.717,55,15,2 L,+27.119
8715.46,55,15,2 L,+27.699
8719.321,55,15,2 L,+27.873
8723.207,55,15,2 L,+28.003
8726.629,55,15,2 L,+28.149
8731.615,55,15,2 L,+28.388
8736.717,55,15,2 L,+28.424
8740.688,55,15,2 L,+28.520
8746.492,55,15,2 L,+28.423
8749.96,55,15,2 L,+28.396
8753.582,55,15,2 L,+28.225
8755.773,55,15,2 L,+28.336
8757.81,55,15,2 L,+28.236
8763.026,55,15,2 L,+28.345
8763.691,55,15,2 L,+28.399
8850.684,55,15,2L,+28.399
12.598,18,22,,
3745.667,18,22,,+0.661
3750.66,18,22,+3.060,+1.223
3753.387,18,22,+3.477,+1.223
3753.459,18,18,+3.477,+1.223
3753.898,18,19,+3.477,+1.223
3760.502,18,19,+4.528,+0.419
3763.748,18,19,+4.341,+0.335
3767.284,18,16,+4.341,+0.335
3767.378,18,16,+4.455,+0.252
3767.397,18,17,+4.455,+0.252
3767.535,18,18,+4.455,+0.252
3768.291,18,19,+4.455,+0.252
3771.509,18,19,+5.014,+0.266
3777.804,18,19,+5.891,+0.317
3782.448,18,19,+6.535,+0.406
3782.979,18,19,+6.691,+0.429
3787.848,18,19,+7.608,+0.452
3793.099,18,19,+7.850,+0.491
3795.218,18,19,+7.862,+0.454
3799.164,18,19,+7.719,+0.560
3802.42,18,20,+7.719,+0.560
3802.518,18,20,+7.553,+0.016
3808.59,18,20,+8.564,+0.413
3814.014,18,20,+8.797,+0.765
3818.688,18,20,+9.310,+0.899
3825.728,18,20,+9.895,+0.530
3829.611,18,20,+10.310,+0.446
3832.938,18,20,+10.936,+0.477
3835.204,18,19,+10.936,+0.477
3835.286,18,19,+11.111,+0.505
3836.102,18,20,+11.111,+0.505
3837.337,18,20,+11.358,+0.608
3842.722,18,20,+11.478,+0.787
3843.402,18,20,+11.441,+0.813
3846.148,18,20,+11.281,+0.854
3847.837,18,20,+11.578,+0.828
3853.17,18,20,+12.048,+0.661
3856.79,18,20,+12.096,+0.689
3860.501,18,20,+12.436,+0.703
3864.389,18,20,+12.558,+0.683
3869.628,18,20,+12.729,+0.588
3872.382,18,20,+12.951,+0.653
3874.697,18,20,+13.006,+0.735
3878.805,18,20,+13.236,+0.682
3882.197,18,20,+13.313,+0.671
3886.046,18,20,+13.388,+0.731
3889.979,18,20,+13.428,+0.919
3893.331,18,20,+13.388,+1.128
3898.591,18,20,+13.135,+0.975
3903.856,18,20,+13.350,+0.761
3909.991,18,20,+13.500,+0.698
3914.101,18,20,+13.651,+0.755
3917.882,18,20,+13.979,+0.797
3921.769,18,20,+14.059,+0.748
3923.849,18,20,+14.053,+0.684
3926.036,18,20,+14.209,+0.694
3931.473,18,20,+14.450,+0.797
3932.157,18,20,+14.442,+0.823
3934.884,18,20,+14.305,+0.891
3936.626,18,20,+14.431,+0.864
3941.639,18,20,+14.835,+0.562
3945.273,18,20,+14.855,+0.590
3948.77,18,20,+14.891,+0.538
3952.679,18,20,+15.153,+0.413
3957.927,18,20,+15.503,+0.407
3960.984,18,20,+15.814,+0.529
3963.294,18,20,+16.065,+0.644
3967.399,18,20,+16.443,+0.677
3970.764,18,20,+16.491,+0.691
3974.624,18,20,+15.711,+0.783
3978.469,18,20,+15.823,+0.943
3981.821,18,20,+15.948,+0.907
3987.182,18,20,+16.157,+0.678
3992.462,18,20,+16.091,+0.662
3997.014,18,20,+16.319,+0.627
4002.819,18,20,+16.552,+0.618
4006.448,18,20,+16.705,+0.500
4010.351,18,20,+16.902,+0.449
4012.519,18,20,+16.987,+0.463
4014.692,18,20,+17.097,+0.441
4020.082,18,20,+17.170,+0.509
4020.809,18,20,+17.129,+0.502
4023.344,18,20,+16.866,+0.444
4024.907,18,20,+16.967,+0.412
4030.037,18,20,+17.264,+0.434
4033.651,18,20,+17.230,+0.376
4037.269,18,20,+17.479,+0.505
4041.132,18,20,+17.665,+0.535
4046.329,18,20,+17.958,+0.597
4049.271,18,20,+18.212,+0.541
4051.538,18,20,+18.307,+0.551
4055.741,18,20,+18.712,+0.585
4059.171,18,20,+18.893,+0.704
4063.049,18,20,+18.997,+0.693
4066.936,18,20,+19.006,+0.562
4070.243,18,20,+18.927,+0.431
4075.567,18,20,+19.303,+0.484
4080.907,18,20,+19.439,+0.475
4085.096,18,20,+19.530,+0.546
4091.079,18,20,+19.791,+0.597
4094.753,18,20,+20.091,+0.607
4098.49,18,20,+20.336,+0.524
4100.669,18,20,+20.485,+0.529
4102.897,18,20,+20.606,+0.482
4108.157,18,20,+20.681,+0.530
4108.829,18,20,+20.655,+0.524
4111.424,18,20,+20.511,+0.483
4112.886,18,20,+20.652,+0.517
4118.296,18,20,+21.193,+0.647
4121.986,18,20,+21.206,+0.610
4125.488,18,20,+21.356,+0.680
4129.302,18,20,+21.605,+0.632
4134.474,18,20,+21.910,+0.652
4137.422,18,20,+22.206,+0.676
4139.697,18,20,+22.353,+0.726
4143.779,18,20,+22.641,+0.805
4147.175,18,20,+22.764,+0.874
4150.979,18,20,+22.861,+0.919
4154.888,18,20,+22.907,+0.936
4158.278,18,20,+22.902,+0.943
4163.47,18,20,+23.214,+0.887
4168.779,18,20,+23.339,+0.763
4172.854,18,20,+23.416,+0.715
4178.869,18,20,+23.672,+0.770
4182.756,18,20,+24.135,+0.923
4186.525,18,20,+24.449,+0.882
4188.663,18,20,+24.546,+0.919
4190.834,18,20,+24.630,+0.869
4196.298,18,20,+24.858,+0.971
4196.99,18,20,+24.859,+0.971
4199.731,18,20,+24.823,+0.963
4201.283,18,20,+25.010,+1.082
4206.537,18,20,+25.418,+1.057
4210.191,18,20,+25.364,+1.049
4213.663,18,20,+25.373,+1.038
4217.484,18,20,+25.611,+1.059
4222.658,18,20,+25.912,+1.082
4225.602,18,20,+26.174,+1.074
4227.902,18,20,+26.314,+1.132
4231.914,18,20,+26.531,+1.209
4235.268,18,20,+26.659,+1.265
4239.146,18,20,+26.765,+1.319
4243.118,18,20,+26.840,+1.369
4246.558,18,20,+26.888,+1.414
4251.772,18,20,+27.117,+1.425
4257.084,18,20,+27.246,+1.310
4261.187,18,20,+27.301,+1.273
4267.276,18,20,+27.386,+1.395
4270.979,18,20,+27.777,+1.504
4274.754,18,20,+27.943,+1.375
4276.888,18,20,+27.999,+1.407
4279.121,18,20,+28.048,+1.347
4284.508,18,20,+28.234,+1.388
4285.188,18,20,+28.239,+1.369
4287.941,18,20,+28.236,+1.295
4289.445,18,20,+28.398,+1.355
4294.734,18,20,+28.797,+1.443
4298.392,18,20,+28.798,+1.512
4301.794,18,20,+28.810,+1.632
4305.601,18,20,+28.973,+1.517
4310.766,18,20,+29.263,+1.540
4313.688,18,20,+29.536,+1.599
4315.973,18,20,+29.682,+1.718
4319.995,18,20,+29.898,+1.773
4323.39,18,20,+30.024,+1.762
4327.252,18,20,+30.139,+1.831
4331.201,18,20,+30.241,+1.956
4334.623,18,20,+30.284,+2.080
4339.669,18,20,+30.386,+1.954
4345.017,18,20,+30.568,+1.944
4349.233,18,20,+30.796,+1.971
4355.249,18,20,+31.138,+2.069
4358.912,18,20,+31.533,+2.096
4362.794,18,20,+30.981,+2.053
4364.877,18,20,+31.049,+2.055
4367.083,18,20,+31.147,+1.977
4372.488,18,20,+31.443,+1.913
4373.184,18,20,+32.192,+1.899
4375.966,18,20,+31.682,+1.856
4377.492,18,20,+31.835,+1.913
4382.696,18,20,+32.291,+1.863
4386.337,18,20,+32.571,+1.880
4389.711,18,20,+32.635,+1.921
4393.536,18,20,+32.211,+1.895
4398.638,18,20,+32.218,+1.878
4401.52,18,20,+32.397,+1.801
4403.752,18,20,+32.615,+1.838
4407.88,18,20,+32.754,+1.873
4411.059,18,20,+32.812,+1.918
4414.953,18,20,+32.929,+2.036
4418.996,18,20,+33.138,+2.259
4422.487,18,20,+33.293,+2.463
4427.522,18,20,+33.386,+2.285
4432.918,18,20,+33.227,+2.194
4436.994,18,20,+33.534,+2.100
4442.976,18,20,+33.778,+2.164
4446.667,18,20,+33.976,+2.233
4450.508,18,20,+34.107,+2.118
4452.54,18,20,+34.108,+2.110
4454.697,18,20,+34.185,+2.025
4460.131,18,20,+34.296,+2.150
4460.81,18,20,+34.273,+2.179
4463.64,18,20,+34.191,+2.315
4465.191,18,20,+34.297,+2.410
4470.291,18,20,+34.036,+2.239
4473.959,18,20,+33.995,+2.152
4477.454,18,20,+34.147,+2.096
4481.19,18,20,+33.932,+2.023
4486.33,18,20,+33.990,+2.018
4489.206,18,20,+34.196,+1.939
4491.43,18,20,+34.401,+1.968
4495.383,18,20,+34.698,+1.923
4498.783,18,20,+34.812,+1.960
4502.684,18,20,+34.910,+2.081
4506.696,18,20,+34.946,+2.290
4510.219,18,20,+34.950,+2.513
4515.301,18,20,+35.116,+2.321
4520.639,18,20,+35.302,+2.299
4524.681,18,20,+35.278,+2.182
4530.758,18,20,+35.610,+2.235
4534.286,18,20,+35.896,+2.234
4538.183,18,20,+36.161,+2.154
4540.493,18,20,+36.405,+2.438
4542.728,18,20,+36.475,+2.416
4548.206,18,20,+36.716,+2.416
4548.9,18,19,+36.716,+2.416
4548.902,18,19,+36.743,+2.572
4551.723,18,19,+36.859,+2.700
4553.204,18,19,+37.040,+2.798
4558.365,18,19,+37.347,+2.679
4562.145,18,19,+37.298,+2.656
4565.554,18,19,+37.330,+2.641
4569.361,18,19,+37.511,+2.587
4574.47,18,19,+37.715,+2.569
4577.357,18,19,+37.864,+2.502
4579.563,18,19,+37.940,+2.544
4583.523,18,19,+38.128,+2.542
4586.89,18,19,+38.280,+2.569
4590.816,18,19,+38.420,+2.667
4594.804,18,19,+38.570,+2.857
4598.323,18,19,+38.692,+3.063
4603.43,18,19,+38.978,+3.006
4608.702,18,19,+39.108,+2.840
4612.672,18,19,+39.125,+2.784
4618.665,18,19,+39.402,+2.720
4622.242,18,19,+39.664,+2.662
4626.047,18,19,+39.898,+2.503
4628.118,18,19,+39.948,+2.513
4630.348,18,19,+40.056,+2.475
4635.812,18,19,+40.352,+2.529
4636.52,18,19,+40.380,+2.525
4639.343,18,19,+40.489,+2.523
4640.875,18,19,+40.614,+2.521
4645.945,18,19,+40.908,+2.449
4649.632,18,19,+40.842,+2.429
4653.045,18,19,+40.866,+2.346
4656.817,18,19,+40.987,+2.250
4661.971,18,19,+41.260,+2.205
4664.808,18,19,+41.436,+2.123
4667.038,18,19,+41.632,+2.156
4670.983,18,19,+41.970,+2.169
4674.337,18,19,+42.110,+2.168
4678.232,18,19,+42.226,+2.270
4682.314,18,19,+42.302,+2.507
4685.879,18,19,+42.406,+2.800
4695.73,18,18,+42.406,+2.800
4695.794,18,18,+47.453,+4.150
4702.95,18,18,+49.478,+3.249
4708.303,18,18,+50.810,+3.839
4714.861,18,18,+51.755,+3.611
4718.787,18,18,+52.388,+3.336
4723.029,18,18,+53.104,+3.280
4725.466,18,18,+53.476,+3.191
4758.905,18,19,+53.476,+3.191
4775.207,18,19,+92.526,+12.289
4777.314,18,19,+93.213,+12.259
4784.046,18,19,+91.718,+12.239
4788.057,18,19,+90.034,+11.270
4794.153,18,19,+91.897,+12.664
4798.648,18,19,+92.072,+12.591
4804.582,18,19,+90.865,+11.859
4809.305,18,19,+92.134,+12.678
4812.299,18,19,+92.737,+12.729
4817.441,18,19,+93.486,+13.153
4821.721,18,19,+94.350,+13.104
4827.548,18,19,+92.916,+13.486
4833.685,18,19,+92.146,+13.640
4839.82,18,19,+92.133,+12.722
4848.227,18,19,+92.412,+11.679
4855.957,18,19,+94.516,+8.579
4861.176,18,19,+95.309,+5.023
4867.629,18,19,+95.446,+2.395
4871.689,18,18,+95.446,+2.395
4871.771,18,18,+95.777,+4.163
4875.854,18,18,+95.298,+4.197
4878.251,18,18,+94.939,+4.275
4880.556,18,18,+94.693,+4.260
4886.241,18,18,+93.289,+4.329
4886.964,18,18,+93.031,+4.356
4891.04,18,18,+93.211,+5.587
4893.606,18,18,+93.796,+6.487
4899.359,18,18,+93.343,+6.727
4903.345,18,18,+91.608,+6.966
4909.795,18,18,+92.969,+9.847
4914.668,18,18,+93.675,+10.823
4920.961,18,18,+94.154,+11.671
4924.459,18,18,+93.041,+12.008
4926.939,18,18,+92.337,+12.240
4931.678,18,18,+90.940,+12.563
4935.57,18,18,+91.092,+12.447
4939.708,18,18,+91.269,+11.152
4943.916,18,18,+88.091,+10.030
4947.536,18,18,+85.839,+9.656
4952.888,18,18,+83.135,+9.730
4958.325,18,18,+82.891,+9.840
4962.492,18,18,+82.670,+9.774
4968.313,18,18,+82.105,+9.758
4971.899,18,18,+81.911,+9.672
4975.579,18,18,+80.597,+9.506
4977.742,18,18,+79.251,+15.349
4979.839,18,18,+78.924,+15.349
4985.21,18,18,+77.231,+15.349
4985.929,18,17,+77.231,+15.349
4985.931,18,17,+76.798,+9.429
4988.796,18,17,+75.535,+9.509
4990.337,18,17,+75.222,+9.600
4995.42,18,17,+74.356,+9.538
4999.096,18,17,+72.803,+9.624
5002.574,18,17,+71.709,+9.755
5006.163,18,17,+71.111,+9.665
5011.128,18,17,+71.071,+9.550
5013.902,18,17,+71.187,+9.531
5016.142,18,17,+71.361,+9.588
5020.045,18,17,+71.554,+9.518
5023.368,18,17,+71.613,+9.549
5027.237,18,17,+71.689,+9.651
5031.268,18,17,+71.784,+9.828
5034.841,18,17,+71.888,+10.007
5040.121,18,17,+72.237,+10.152
5045.408,18,17,+72.405,+10.221
5049.523,18,17,+72.481,+10.260
5055.363,18,17,+72.667,+10.256
5058.895,18,17,+72.943,+10.311
5062.634,18,17,+73.035,+10.133
5064.66,18,17,+73.026,+9.716
5066.769,18,17,+73.070,+9.580
5072.227,18,17,+73.299,+9.753
5072.914,18,17,+73.317,+9.774
5075.799,18,17,+73.377,+9.859
5077.248,18,17,+73.503,+9.900
5082.266,18,17,+73.763,+9.929
5085.935,18,17,+73.864,+10.034
5089.38,18,17,+73.817,+10.066
5093.013,18,17,+73.904,+10.019
5098.009,18,17,+74.052,+10.026
5100.798,18,17,+74.164,+10.057
5103.019,18,17,+74.229,+10.123
5106.96,18,17,+74.408,+10.170
5110.307,18,17,+74.542,+10.242
5114.153,18,17,+74.695,+10.382
5118.213,18,17,+74.894,+10.586
5121.802,18,17,+75.088,+10.789
5126.951,18,17,+75.318,+10.875
5132.162,18,17,+75.354,+10.920
5136.228,18,17,+75.441,+10.917
5142.148,18,17,+75.650,+11.031
5145.688,18,17,+75.963,+11.109
5149.407,18,17,+76.123,+10.963
5151.475,18,17,+76.140,+10.946
5153.666,18,17,+76.226,+10.876
5159.092,18,17,+76.400,+11.027
5159.802,18,17,+76.424,+11.046
5162.702,18,17,+76.520,+11.123
5164.099,18,17,+76.632,+11.200
5169.111,18,17,+76.827,+11.242
5172.794,18,17,+76.912,+11.342
5176.223,18,17,+77.052,+11.367
5179.934,18,17,+77.138,+11.343
5184.937,18,17,+77.330,+11.349
5187.756,18,17,+77.479,+11.355
5189.979,18,17,+77.571,+11.414
5193.908,18,17,+77.740,+11.391
5197.228,18,17,+77.862,+11.470
5201.147,18,17,+78.032,+11.601
5205.232,18,17,+78.264,+11.790
5208.835,18,17,+78.498,+11.977
5213.987,18,17,+78.755,+12.019
5219.228,18,17,+78.798,+12.032
5223.251,18,17,+78.867,+12.071
5229.052,18,17,+78.991,+12.136
5232.567,18,17,+79.221,+12.090
5236.457,18,17,+79.558,+12.079
5238.868,18,17,+79.908,+12.375
5241.034,18,17,+79.999,+12.354
5246.481,18,17,+80.244,+12.484
5247.164,18,17,+80.283,+12.505
5250.035,18,17,+80.458,+12.598
5251.436,18,17,+80.596,+12.630
5256.555,18,17,+80.599,+12.625
5260.299,18,17,+80.585,+12.711
5263.807,18,17,+80.626,+12.864
5267.396,18,17,+80.590,+12.833
5272.351,18,17,+80.611,+12.756
5275.152,18,17,+80.749,+12.757
5277.357,18,17,+80.936,+12.821
5281.278,18,17,+81.189,+12.826
5284.631,18,17,+81.299,+12.913
5288.561,18,17,+81.419,+13.069
5292.613,18,17,+81.569,+13.301
5296.231,18,17,+81.723,+13.526
5301.352,18,17,+81.976,+13.570
5306.599,18,17,+82.094,+13.628
5310.64,18,17,+82.083,+13.717
5316.52,18,17,+82.289,+13.890
5320.019,18,17,+82.523,+13.887
5323.914,18,17,+82.777,+13.888
5326.028,18,17,+82.850,+13.882
5328.284,18,17,+82.997,+13.924
5336.008,18,17,+85.497,+16.366
5337.629,18,17,+86.429,+17.299
5341.702,18,17,+87.701,+18.580
5344.007,18,17,+88.556,+19.418
5352.04,18,17,+91.789,+22.497
5356.47,18,17,+92.657,+20.671
5360.86,18,17,+93.737,+18.296
5366.662,18,17,+95.899,+19.418
5372.869,18,17,+97.256,+18.943
5376.066,18,17,+97.850,+18.765
5378.464,18,17,+98.194,+18.820
5383.023,18,17,+99.057,+18.894
5386.757,18,17,+99.551,+18.896
5391.28,18,17,+100.283,+19.062
5397.087,18,17,+102.226,+19.079
5401.704,18,17,+103.309,+18.951
5409.028,18,17,+105.919,+19.347
5415.314,18,17,+107.082,+18.556
5421.859,18,17,+109.558,+19.812
5428.951,18,17,+111.001,+19.270
5433.098,18,17,+111.861,+18.452
5438.402,18,17,+113.308,+31.542
5441.9,18,17,+114.558,+32.461
5444.952,18,17,+115.490,+32.461
5450.926,18,17,+111.733,+32.461
5451.67,18,17,+110.827,+14.340
5454.794,18,17,+110.000,+10.781
5457.084,18,17,+110.338,+10.934
5463.52,18,17,+109.529,+10.339
5467.511,18,17,+108.950,+10.480
5473.97,18,17,+111.552,+12.238
5479.226,18,17,+112.333,+13.146
5485.081,18,17,+111.572,+11.023
5488.231,18,17,+111.633,+9.170
5491.113,18,17,+112.294,+8.710
5495.898,18,17,+112.257,+8.663
5499.35,18,17,+111.865,+8.455
5503.344,18,17,+110.764,+8.400
5507.976,18,17,1 L,+9.131
5511.849,18,17,1 L,+9.680
5518.275,18,17,1 L,+10.842
5523.67,18,17,1 L,+10.771
5527.833,18,17,1 L,+10.648
5533.805,18,17,1 L,+10.725
5537.372,18,17,1 L,+10.800
5541.202,18,17,1 L,+10.902
5543.3,18,17,1 L,+10.789
5545.468,18,17,1 L,+10.772
5550.854,18,17,1 L,+10.865
5551.574,18,17,1 L,+10.868
5554.391,18,17,1 L,+10.876
5555.876,18,17,1 L,+10.881
5560.908,18,17,1 L,+10.865
5564.626,18,17,1 L,+10.982
5567.989,18,17,1 L,+10.920
5571.643,18,17,1 L,+10.917
5576.628,18,17,1 L,+10.938
5579.489,18,17,1 L,+10.887
5581.643,18,17,1 L,+10.921
5585.547,18,17,1 L,+10.932
5588.886,18,17,1 L,+10.950
5592.774,18,17,1 L,+11.050
5596.896,18,17,1 L,+11.258
5600.454,18,17,1 L,+11.428
5605.483,18,17,1 L,+11.288
5610.815,18,17,1 L,+11.206
5615.987,18,17,1 L,+12.175
5621.996,18,17,1 L,+12.317
5625.501,18,17,1 L,+12.352
5629.292,18,17,1 L,+12.380
5631.49,18,17,1 L,+12.368
5633.63,18,17,1 L,+12.378
5638.956,18,17,1 L,+12.470
5639.68,18,17,1 L,+12.475
5642.469,18,17,1 L,+12.492
5643.881,18,17,1 L,+12.521
5649.12,18,17,1 L,+12.674
5652.823,18,17,1 L,+12.701
5656.124,18,17,1 L,+12.492
5660.092,18,17,1 L,+12.778
5665.248,18,17,1 L,+12.913
5668.063,18,17,1 L,+12.871
5670.239,18,17,1 L,+12.898
5674.29,18,17,1 L,+12.985
5677.732,18,17,1 L,+13.100
5681.671,18,17,1 L,+13.220
5685.708,18,17,1 L,+13.385
5689.246,18,17,1 L,+13.527
5694.317,18,17,1 L,+13.422
5699.592,18,17,1 L,+13.312
5703.761,18,17,1 L,+13.240
5709.563,18,17,1 L,+13.292
5713.062,18,17,1 L,+13.309
5716.811,18,17,1 L,+13.260
5718.929,18,17,1 L,+13.199
5721.132,18,17,1 L,+13.242
5726.789,18,17,1 L,+13.188
5727.643,18,17,1 L,+13.128
5730.55,18,17,1 L,+13.076
5732.171,18,17,1 L,+13.158
5737.334,18,17,1 L,+13.102
5740.96,18,17,1 L,+13.047
5744.405,18,17,1 L,+12.141
5748.135,18,17,1 L,+11.985
5753.208,18,17,1 L,+11.863
5756.033,18,17,1 L,+11.784
5758.195,18,17,1 L,+11.802
5762.131,18,17,1 L,+11.765
5765.471,18,17,1 L,+11.797
5769.413,18,17,1 L,+11.956
5773.444,18,17,1 L,+12.239
5776.985,18,17,1 L,+12.483
5782.035,18,17,1 L,+12.317
5787.297,18,17,1 L,+12.189
5791.391,18,17,1 L,+12.112
5797.298,18,17,1 L,+12.106
5800.82,18,17,1 L,+12.054
5804.494,18,17,1 L,+11.919
5806.663,18,17,1 L,+11.890
5808.886,18,17,1 L,+11.875
5814.323,18,17,1 L,+11.608
5815.033,18,17,1 L,+11.525
5817.937,18,17,1 L,+11.343
5819.348,18,17,1 L,+11.070
5824.405,18,17,1 L,+10.652
5828.095,18,17,1 L,+10.758
5831.637,18,17,1 L,+10.820
5835.406,18,17,1 L,+10.815
5840.433,18,17,1 L,+10.747
5843.275,18,17,1 L,+10.725
5845.483,18,17,1 L,+10.789
5849.478,18,17,1 L,+10.812
5852.86,18,17,1 L,+10.810
5856.751,18,17,1 L,+10.974
5860.872,18,17,1 L,+11.283
5864.515,18,17,1 L,+11.645
5869.759,18,17,1 L,+11.723
5875.101,18,17,1 L,+11.576
5879.154,18,17,1 L,+11.519
5885.015,18,17,1 L,+11.521
5888.547,18,17,1 L,+11.479
5892.166,18,17,1 L,+11.428
5894.255,18,17,1 L,+11.345
5896.465,18,17,1 L,+11.325
5901.844,18,17,1 L,+11.535
5902.632,18,17,1 L,+11.579
5905.428,18,17,1 L,+11.790
5906.904,18,17,1 L,+11.866
5911.941,18,17,1 L,+11.772
5915.611,18,17,1 L,+11.779
5919.06,18,17,1 L,+11.735
5922.809,18,17,1 L,+11.657
5927.797,18,17,1 L,+11.670
5930.637,18,17,1 L,+11.655
5932.83,18,17,1 L,+11.712
5936.798,18,17,1 L,+11.717
5940.146,18,17,1 L,+11.732
5944.03,18,17,1 L,+11.861
5948.112,18,17,1 L,+12.128
5951.777,18,17,1 L,+12.099
5956.934,18,17,1 L,+10.980
5962.169,18,17,1 L,+10.458
5966.208,18,17,1 L,+10.127
5972.058,18,17,1 L,+9.917
5975.513,18,17,1 L,+9.711
5979.205,18,17,1 L,+9.560
5981.395,18,17,1 L,+9.464
5983.53,18,17,1 L,+9.371
5988.966,18,17,1 L,+9.406
5989.687,18,17,1 L,+9.417
5992.571,18,17,1 L,+9.494
5994.037,18,17,1 L,+9.505
5999.145,18,17,1 L,+9.403
6002.849,18,17,1 L,+9.442
6006.261,18,17,1 L,+9.373
6009.954,18,17,1 L,+9.315
6014.981,18,17,1 L,+9.260
6017.8,18,17,1 L,+9.231
6019.995,18,17,1 L,+9.291
6023.937,18,17,1 L,+9.321
6027.259,18,17,1 L,+9.313
6031.156,18,17,1 L,+9.452
6035.256,18,17,1 L,+9.725
6038.898,18,17,1 L,+10.044
6044.004,18,17,1 L,+10.004
6049.336,18,17,1 L,+9.889
6054.554,18,17,1 L,+10.821
6060.564,18,17,1 L,+10.923
6064.068,18,17,1 L,+10.835
6068.055,18,17,1 L,+10.971
6070.253,18,17,1 L,+11.048
6072.502,18,17,1 L,+11.090
6078.012,18,17,1 L,+11.319
6078.72,18,17,1 L,+11.357
6081.585,18,17,1 L,+11.533
6083.107,18,17,1 L,+11.663
6088.209,18,17,1 L,+11.627
6091.833,18,17,1 L,+11.635
6095.31,18,17,1 L,+11.636
6099.105,18,17,1 L,+11.528
6104.185,18,17,1 L,+10.001
6107.041,18,17,1 L,+9.902
6109.258,18,17,1 L,+9.941
6113.286,18,17,1 L,+9.964
6116.613,18,17,1 L,+9.974
6120.538,18,17,1 L,+10.137
6124.765,18,17,1 L,+10.478
6128.259,18,17,1 L,+10.736
6133.562,18,17,1 L,+10.907
6138.98,18,17,1 L,+10.910
6143.237,18,17,1 L,+11.034
6149.279,18,17,1 L,+11.105
6152.934,18,17,1 L,+11.193
6156.954,18,17,1 L,+11.257
6159.214,18,17,1 L,+11.314
6204.318,18,17,1 L,+45.683
6206.246,18,17,1 L,+46.162
6212.698,18,17,1 L,+47.566
6216.531,18,17,1 L,+47.737
6220.795,18,17,1 L,+48.275
6224.89,18,17,1 L,+48.854
6230.497,18,17,1 L,+49.421
6233.558,18,17,1 L,+49.680
6235.877,18,17,1 L,+49.822
6240.137,18,17,1 L,+50.115
6243.591,18,17,1 L,+50.174
6247.517,18,17,1 L,+50.295
6251.61,18,17,1 L,+50.448
6255.243,18,17,1 L,+50.639
6261.213,18,17,1 L,+51.454
6266.722,18,17,1 L,+51.593
6271.178,18,17,1 L,+52.018
6277.332,18,17,1 L,+52.243
6280.851,18,17,1 L,+52.170
6284.702,18,17,1 L,+52.177
6286.828,18,17,1 L,+52.110
6289.003,18,17,1 L,+52.043
6294.393,18,17,1 L,+51.020
6295.097,18,17,1 L,+50.797
6297.96,18,17,1 L,+50.427
6299.352,18,17,1 L,+50.259
6304.336,18,17,1 L,+49.954
6307.983,18,17,1 L,+50.050
6311.412,18,17,1 L,+50.023
6315.048,18,17,1 L,+49.899
6319.946,18,17,1 L,+49.681
6322.749,18,17,1 L,+49.604
6324.915,18,17,1 L,+49.638
6328.818,18,17,1 L,+49.586
6332.111,18,17,1 L,+49.573
6336.016,18,17,1 L,+49.700
6340.098,18,17,1 L,+49.969
6343.699,18,17,1 L,+50.309
6348.842,18,17,1 L,+50.286
6354.077,18,17,1 L,+50.117
6358.073,18,17,1 L,+48.779
6363.857,18,17,1 L,+48.177
6367.258,18,17,1 L,+47.954
6370.924,18,17,1 L,+47.740
6373.029,18,17,1 L,+47.644
6375.171,18,17,1 L,+47.512
6380.464,18,17,1 L,+47.587
6381.266,18,17,1 L,+47.622
6384.027,18,17,1 L,+47.815
6385.477,18,17,1 L,+47.886
6390.42,18,17,1 L,+47.611
6394.069,18,17,1 L,+47.541
6397.444,18,17,1 L,+47.398
6401.099,18,17,1 L,+47.285
6406.05,18,17,1 L,+47.167
6408.839,18,17,1 L,+47.122
6411.018,18,17,1 L,+47.159
6414.85,18,17,1 L,+47.093
6418.186,18,17,1 L,+47.102
6422.102,18,17,1 L,+47.197
6426.083,18,17,1 L,+47.394
6429.716,18,17,1 L,+47.673
6434.75,18,17,1 L,+47.551
6440.064,18,17,1 L,+47.393
6444.048,18,17,1 L,+47.396
6449.86,18,17,1 L,+47.297
6453.266,18,17,1 L,+47.083
6457.005,18,17,1 L,+46.935
6459.105,18,17,1 L,+46.861
6461.227,18,17,1 L,+46.728
6466.522,18,17,1 L,+46.726
6467.279,18,17,1 L,+46.752
6470.064,18,17,1 L,+46.890
6471.539,18,17,1 L,+46.878
6476.575,18,17,1 L,+46.688
6480.221,18,17,1 L,+46.681
6483.594,18,17,1 L,+46.548
6487.254,18,17,1 L,+46.363
6492.157,18,17,1 L,+46.168
6494.933,18,17,1 L,+46.061
6497.101,18,17,1 L,+46.069
6501.042,18,17,1 L,+46.029
6504.319,18,17,1 L,+46.028
6508.201,18,17,1 L,+46.112
6512.202,18,17,1 L,+46.258
6515.792,18,17,1 L,+46.478
6520.964,18,17,1 L,+46.436
6526.223,18,17,1 L,+46.220
6530.905,18,17,2 L,+46.789
6536.947,18,17,2 L,+46.935
6540.542,18,17,2 L,+46.865
6544.298,18,17,2 L,+46.832
6546.419,18,17,2 L,+46.781
6548.603,18,17,2 L,+46.685
6553.959,18,17,2 L,+46.731
6554.654,18,17,2 L,+46.749
6557.433,18,17,2 L,+46.844
6558.931,18,17,2 L,+46.924
6563.959,18,17,2 L,+46.797
6567.571,18,17,2 L,+46.738
6570.911,18,17,2 L,+46.541
6574.648,18,17,2 L,+46.456
6579.691,18,17,2 L,+46.347
6582.54,18,17,2 L,+46.261
6584.713,18,17,2 L,+46.276
6588.619,18,17,2 L,+46.171
6595.832,18,17,2 L,+46.245
6599.761,18,17,2 L,+46.332
6603.319,18,17,2 L,+46.493
6608.372,18,17,2 L,+46.260
6613.589,18,17,2 L,+45.951
6617.535,18,17,2 L,+44.607
6623.416,18,17,2 L,+43.487
6626.852,18,17,2 L,+43.087
6630.615,18,17,2 L,+42.706
6632.762,18,17,2 L,+42.588
6634.912,18,17,2 L,+42.467
6640.325,18,17,2 L,+42.596
6641.046,18,17,2 L,+42.630
6643.889,18,17,2 L,+42.810
6645.374,18,17,2 L,+42.836
6650.427,18,17,2 L,+42.628
6654.213,18,17,2 L,+42.777
6658.43,18,17,2 L,+43.472
6662.284,18,17,2 L,+43.483
6667.443,18,17,2 L,+43.441
6670.25,18,17,2 L,+43.365
6672.456,18,17,2 L,+43.384
6676.462,18,17,2 L,+43.264
6682.703,18,17,2 L,+46.121
6689.867,18,17,2 L,+49.408
6696.452,18,17,2 L,+51.500
6703.032,18,17,2 L,+54.500
6709.553,18,17,2 L,+55.575
6715.25,18,17,2 L,+55.775
6719.611,18,17,2 L,+56.058
6725.615,18,17,2 L,+56.098
6729.213,18,17,2 L,+56.028
6733.069,18,17,2 L,+55.953
6735.318,18,17,2 L,+55.465
6737.433,18,17,2 L,+54.334
6742.813,18,17,2 L,+50.699
6743.511,18,17,2 L,+50.126
6746.365,18,17,2 L,+48.593
6747.829,18,17,2 L,+47.838
6752.85,18,17,2 L,+45.906
6756.509,18,17,2 L,+45.357
6759.885,18,17,2 L,+44.872
6763.551,18,17,2 L,+44.276
6768.607,18,17,2 L,+43.739
6771.445,18,17,2 L,+43.468
6773.655,18,17,2 L,+43.471
6777.584,18,17,2 L,+43.400
6780.921,18,17,2 L,+43.322
6784.784,18,17,2 L,+43.399
6788.802,18,17,2 L,+43.586
6792.408,18,17,2 L,+43.842
6797.496,18,17,2 L,+43.778
6802.694,18,17,2 L,+43.588
6806.749,18,17,2 L,+43.575
6812.517,18,17,2 L,+43.439
6815.958,18,17,2 L,+43.309
6819.696,18,17,2 L,+43.219
6821.771,18,17,2 L,+43.100
6823.915,18,17,2 L,+43.025
6829.344,18,17,2 L,+43.159
6830.04,18,17,2 L,+43.176
6832.744,18,17,2 L,+43.231
6834.095,18,17,2 L,+43.158
6839.344,18,17,2 L,+43.163
6843.081,18,17,2 L,+43.244
6846.549,18,17,2 L,+43.155
6850.256,18,17,2 L,+43.052
6855.213,18,17,2 L,+42.843
6857.988,18,17,2 L,+42.701
6860.172,18,17,2 L,+42.707
6864.121,18,17,2 L,+42.702
6867.433,18,17,2 L,+42.689
6872.032,18,17,2 L,+43.486
6876.421,18,17,2 L,+44.068
6879.849,18,17,2 L,+44.153
6885.042,18,17,2 L,+44.161
6890.53,18,17,2 L,+44.217
6894.705,18,17,2 L,+44.328
6900.674,18,17,2 L,+44.337
6904.397,18,17,2 L,+44.530
6908.559,18,17,2 L,+44.918
6910.995,18,17,2 L,+45.032
7998.154,18,17,2 L,+45.032
8005.87,18,17,15 L,12 L
8850.684,18,17,15L,12L
