Time,Driver,Position,GapToLeader,IntervalToPositionAhead
13.093,12,1,LAP 1,LAP 1
109.572,12,1,LAP 0,LAP 0
113.686,12,1,LAP 1,LAP 1
3391.815,12,2,LAP 1,LAP 1
3391.912,12,2,+0.029,+0.029
3394.296,12,3,+0.029,+0.029
3394.496,12,3,+0.236,+0.065
3399.454,12,2,+0.236,+0.065
3399.532,12,2,+0.296,+0.296
3405.551,12,2,+0.811,+0.811
3408.924,12,2,+0.750,+0.750
3412.455,12,2,+0.628,+0.628
3419.667,12,2,+0.784,+0.784
3423.376,12,2,+0.712,+0.712
3427.641,12,2,+0.848,+0.848
3433.469,12,2,+1.029,+1.029
3438.141,12,2,+1.102,+1.102
3442.154,12,2,+1.009,+1.009
3448.512,12,2,+1.119,+1.119
3453.799,12,2,+0.892,+0.892
3458.04,12,2,+0.851,+0.851
3462.533,12,2,+0.756,+0.756
3466.117,12,2,+0.616,+0.616
3474.598,12,2,+0.674,+0.674
3478.864,12,2,+0.596,+0.596
3479.895,12,2,+0.629,+0.629
3482.239,12,2,+0.692,+0.692
3483.692,12,2,+0.691,+0.691
3484.442,12,2,+0.689,+0.689
3488.777,12,2,+0.717,+0.717
3489.978,12,2,+0.696,+0.696
3492.506,12,2,+0.668,+0.668
3497.52,12,2,+0.541,+0.541
3503.208,12,2,+0.582,+0.582
3506.646,12,2,+0.479,+0.479
3510.255,12,2,+0.276,+0.276
3517.796,12,2,+0.323,+0.323
3521.436,12,2,+0.263,+0.263
3525.805,12,2,+0.362,+0.362
3531.795,12,2,+0.473,+0.473
3536.496,12,2,+0.480,+0.480
3540.529,12,2,+0.378,+0.378
3547.001,12,2,+0.465,+0.465
3552.367,12,2,+0.355,+0.355
3556.621,12,2,+0.368,+0.368
3561.007,12,2,+0.087,+0.087
3564.555,12,1,LAP 2,LAP 2
3582.905,12,1,LAP 3,LAP 3
3680.786,12,1,LAP 4,LAP 4
3778.187,12,1,LAP 5,LAP 5
3875.737,12,1,LAP 6,LAP 6
3972.868,12,1,LAP 7,LAP 7
4070.28,12,1,LAP 8,LAP 8
4167.605,12,1,LAP 9,LAP 9
4264.967,12,1,LAP 10,LAP 10
4371.578,12,1,LAP 11,LAP 11
4538.868,12,1,LAP 12,LAP 12
4688.779,12,1,LAP 13,LAP 13
4839.286,12,1,LAP 14,LAP 14
4938.269,12,1,LAP 15,LAP 15
5036.488,12,1,LAP 16,LAP 16
5133.117,12,1,LAP 17,LAP 17
5229.648,12,1,LAP 18,LAP 18
5326.704,12,1,LAP 19,LAP 19
5423.515,12,1,LAP 20,LAP 20
5520.284,12,1,LAP 21,LAP 21
5617.205,12,1,LAP 22,LAP 22
5713.863,12,1,LAP 23,LAP 23
5810.621,12,1,LAP 24,LAP 24
5907.151,12,1,LAP 25,LAP 25
6003.657,12,1,LAP 26,LAP 26
6100.231,12,1,LAP 27,LAP 27
6196.813,12,1,LAP 28,LAP 28
6293.417,12,1,LAP 29,LAP 29
6389.793,12,1,LAP 30,LAP 30
6485.944,12,1,LAP 31,LAP 31
6582.086,12,1,LAP 32,LAP 32
6678.071,12,1,LAP 33,LAP 33
6774.52,12,1,LAP 34,LAP 34
6870.526,12,1,LAP 35,LAP 35
6966.571,12,1,LAP 36,LAP 36
7062.572,12,1,LAP 37,LAP 37
7158.713,12,1,LAP 38,LAP 38
7254.28,12,1,LAP 39,LAP 39
7349.748,12,1,LAP 40,LAP 40
7445.94,12,1,LAP 41,LAP 41
7541.264,12,1,LAP 42,LAP 42
7637.183,12,1,LAP 43,LAP 43
7733.106,12,1,LAP 44,LAP 44
7828.448,12,1,LAP 45,LAP 45
7923.975,12,1,LAP 46,LAP 46
8019.243,12,1,LAP 47,LAP 47
8114.787,12,1,LAP 48,LAP 48
8210.503,12,1,LAP 49,LAP 49
8305.974,12,1,LAP 50,LAP 50
8401.672,12,1,LAP 51,LAP 51
8497.65,12,1,LAP 52,LAP 52
8593.113,12,1,LAP 53,LAP 53
8593.113,12,1,LAP 52,LAP 52
8593.113,12,1,LAP 53,LAP 53
8690.504,12,1,LAP 54,LAP 54
8786.647,12,1,LAP 55,LAP 55
8883.028,12,1,LAP 56,LAP 56
13.093,63,2,,
3390.321,63,2,+0.082,+0.082
3391.815,63,3,+0.082,+0.082
3391.854,63,4,+0.082,+0.082
3391.996,63,4,+0.142,+0.060
3394.788,63,4,+0.528,+0.292
3400.08,63,4,+0.850,+0.482
3406.141,63,4,+1.367,+0.398
3409.58,63,4,+1.407,+0.484
3413.141,63,4,+1.396,+0.576
3420.575,63,4,+1.682,+0.655
3424.287,63,4,+1.597,+0.604
3428.522,63,4,+1.718,+0.541
3434.485,63,4,+2.071,+0.636
3439.235,63,4,+2.206,+0.646
3443.229,63,4,+2.134,+0.537
3449.792,63,4,+2.400,+0.629
3455.178,63,4,+2.249,+0.625
3459.553,63,4,+2.347,+0.721
3464.029,63,4,+2.294,+0.759
3467.755,63,4,+2.249,+0.834
3476.317,63,4,+2.394,+0.893
3480.614,63,4,+2.343,+0.842
3481.614,63,4,+2.359,+0.845
3483.926,63,4,+2.367,+0.763
3485.385,63,4,+2.360,+0.744
3486.123,63,4,+2.367,+0.751
3490.537,63,4,+2.475,+0.919
3491.721,63,4,+2.462,+0.957
3494.182,63,4,+2.347,+1.054
3499.247,63,4,+2.269,+1.096
3504.802,63,4,+2.163,+0.895
3508.224,63,4,+2.034,+0.811
3511.817,63,4,+1.845,+0.820
3519.203,63,4,+1.718,+0.817
3522.78,63,4,+1.601,+0.721
3526.882,63,4,+1.448,+0.726
3532.76,63,4,+1.445,+0.629
3537.466,63,4,+1.460,+0.500
3541.564,63,4,+1.391,+0.536
3548.113,63,4,+1.493,+0.477
3553.449,63,4,+1.462,+0.533
3557.716,63,4,+1.458,+0.534
3562.254,63,4,+1.345,+0.630
3565.961,63,4,+1.327,+0.699
3574.438,63,4,+1.429,+0.500
3578.665,63,4,+1.386,+0.388
3579.676,63,4,+1.427,+0.386
3582.014,63,4,+1.477,+0.356
3583.468,63,4,+1.472,+0.296
3584.217,63,4,+1.448,+0.268
3588.093,63,3,+1.448,+0.268
3588.171,63,3,+1.006,+0.642
3589.312,63,3,+0.875,+0.581
3591.718,63,3,+0.868,+0.564
3596.877,63,3,+1.126,+0.673
3602.492,63,3,+1.190,+0.585
3605.907,63,3,+1.203,+0.588
3609.524,63,3,+1.156,+0.501
3617.011,63,3,+1.423,+0.733
3620.66,63,3,+1.367,+0.671
3624.776,63,3,+1.191,+0.670
3630.637,63,3,+1.275,+0.694
3635.386,63,3,+1.521,+0.543
3639.476,63,3,+1.561,+0.579
3645.864,63,3,+1.536,+0.647
3651.328,63,3,+1.544,+0.668
3655.498,63,3,+1.536,+0.646
3660.246,63,3,+1.632,+0.602
3664.076,63,3,+1.621,+0.486
3672.654,63,3,+1.679,+0.651
3676.943,63,3,+1.671,+0.863
3677.878,63,3,+1.675,+0.864
3680.165,63,3,+1.612,+0.705
3681.596,63,3,+1.588,+0.544
3682.405,63,3,+1.560,+0.419
3686.367,63,2,+1.560,+0.419
3686.441,63,2,+1.218,+1.218
3687.564,63,2,+1.131,+1.131
3689.897,63,2,+1.093,+1.093
3694.76,63,2,+0.914,+0.914
3700.319,63,2,+0.934,+0.934
3703.747,63,2,+0.960,+0.960
3707.407,63,2,+0.965,+0.965
3714.512,63,2,+1.027,+1.027
3718.186,63,2,+0.982,+0.982
3722.23,63,2,+0.732,+0.732
3727.905,63,2,+0.714,+0.714
3732.561,63,2,+0.847,+0.847
3736.64,63,2,+0.879,+0.879
3742.967,63,2,+0.997,+0.997
3748.377,63,2,+0.958,+0.958
3752.628,63,2,+0.956,+0.956
3757.331,63,2,+1.058,+1.058
3761.128,63,2,+1.057,+1.057
3769.753,63,2,+1.282,+1.282
3773.999,63,2,+1.281,+1.281
3774.996,63,2,+1.302,+1.302
3777.255,63,2,+1.287,+1.287
3778.693,63,2,+1.279,+1.279
3779.459,63,2,+1.259,+1.259
3783.509,63,2,+0.928,+0.928
3784.709,63,2,+0.834,+0.834
3787.006,63,2,+0.844,+0.844
3791.928,63,2,+0.945,+0.945
3797.53,63,2,+0.875,+0.875
3804.604,63,2,+0.949,+0.949
3811.783,63,2,+1.009,+1.009
3815.471,63,2,+0.983,+0.983
3819.58,63,2,+0.780,+0.780
3825.236,63,2,+0.751,+0.751
3829.924,63,2,+0.807,+0.807
3834.017,63,2,+0.847,+0.847
3840.486,63,2,+1.018,+1.018
3845.986,63,2,+1.004,+1.004
3850.236,63,2,+1.040,+1.040
3854.908,63,2,+1.106,+1.106
3858.721,63,2,+1.098,+1.098
3867.224,63,2,+1.138,+1.138
3871.429,63,2,+1.109,+1.109
3872.376,63,2,+1.130,+1.130
3874.628,63,2,+1.133,+1.133
3876.112,63,2,+1.161,+1.161
3876.909,63,2,+1.186,+1.186
3881.443,63,2,+1.309,+1.309
3882.698,63,2,+1.315,+1.315
3885.021,63,2,+1.366,+1.366
3889.943,63,2,+1.467,+1.467
3895.428,63,2,+1.451,+1.451
3898.907,63,2,+1.482,+1.482
3902.509,63,2,+1.473,+1.473
3909.617,63,2,+1.519,+1.519
3913.303,63,2,+1.441,+1.441
3917.425,63,2,+1.309,+1.309
3923.159,63,2,+1.358,+1.358
3927.847,63,2,+1.413,+1.413
3931.893,63,2,+1.429,+1.429
3938.315,63,2,+1.535,+1.535
3943.784,63,2,+1.595,+1.595
3948.003,63,2,+1.596,+1.596
3952.534,63,2,+1.528,+1.528
3956.202,63,2,+1.390,+1.390
3964.655,63,2,+1.469,+1.469
3968.855,63,2,+1.467,+1.467
3969.813,63,2,+1.473,+1.473
3972.068,63,2,+1.410,+1.410
3973.479,63,2,+1.395,+1.395
3974.267,63,2,+1.389,+1.389
3978.653,63,2,+1.358,+1.358
3979.877,63,2,+1.347,+1.347
3982.263,63,2,+1.364,+1.364
3987.291,63,2,+1.396,+1.396
3992.796,63,2,+1.420,+1.420
3996.244,63,2,+1.457,+1.457
3999.896,63,2,+1.473,+1.473
4006.977,63,2,+1.509,+1.509
4010.729,63,2,+1.451,+1.451
4014.786,63,2,+1.326,+1.326
4020.481,63,2,+1.298,+1.298
4025.137,63,2,+1.319,+1.319
4029.255,63,2,+1.367,+1.367
4035.632,63,2,+1.470,+1.470
4041.141,63,2,+1.501,+1.501
4045.361,63,2,+1.512,+1.512
4049.905,63,2,+1.500,+1.500
4053.686,63,2,+1.441,+1.441
4062.174,63,2,+1.530,+1.530
4066.36,63,2,+1.499,+1.499
4067.26,63,2,+1.459,+1.459
4069.468,63,2,+1.396,+1.396
4070.936,63,2,+1.372,+1.372
4071.624,63,2,+1.360,+1.360
4075.999,63,2,+1.311,+1.311
4077.202,63,2,+1.293,+1.293
4079.608,63,2,+1.324,+1.324
4084.593,63,2,+1.403,+1.403
4090.108,63,2,+1.440,+1.440
4093.624,63,2,+1.470,+1.470
4097.249,63,2,+1.501,+1.501
4104.367,63,2,+1.565,+1.565
4108.021,63,2,+1.507,+1.507
4112.128,63,2,+1.356,+1.356
4117.816,63,2,+1.368,+1.368
4122.477,63,2,+1.357,+1.357
4126.609,63,2,+1.403,+1.403
4133.031,63,2,+1.561,+1.561
4138.5,63,2,+1.614,+1.614
4142.765,63,2,+1.623,+1.623
4147.281,63,2,+1.568,+1.568
4150.996,63,2,+1.469,+1.469
4159.371,63,2,+1.385,+1.385
4163.558,63,2,+1.361,+1.361
4164.464,63,2,+1.324,+1.324
4166.73,63,2,+1.315,+1.315
4168.136,63,2,+1.311,+1.311
4168.902,63,2,+1.304,+1.304
4173.269,63,2,+1.238,+1.238
4174.498,63,2,+1.218,+1.218
4176.876,63,2,+1.239,+1.239
4182.277,63,2,+1.356,+1.356
4187.329,63,2,+1.354,+1.354
4190.969,63,2,+1.339,+1.339
4194.408,63,2,+1.331,+1.331
4201.523,63,2,+1.382,+1.382
4205.343,63,2,+1.387,+1.387
4209.397,63,2,+1.292,+1.292
4215.13,63,2,+1.242,+1.242
4219.825,63,2,+1.247,+1.247
4223.945,63,2,+1.258,+1.258
4230.307,63,2,+1.350,+1.350
4236.561,63,2,+1.394,+1.394
4240.021,63,2,+1.405,+1.405
4244.552,63,2,+1.354,+1.354
4248.115,63,2,+1.141,+1.141
4256.516,63,2,+1.174,+1.174
4260.769,63,2,+1.218,+1.218
4261.681,63,2,+1.235,+1.235
4263.942,63,2,+1.190,+1.190
4265.377,63,2,+1.196,+1.196
4266.169,63,2,+1.209,+1.209
4270.667,63,2,+1.295,+1.295
4271.868,63,2,+1.296,+1.296
4274.204,63,2,+1.318,+1.318
4279.1,63,2,+1.361,+1.361
4284.662,63,2,+1.400,+1.400
4288.1,63,2,+1.408,+1.408
4291.74,63,2,+1.418,+1.418
4298.865,63,2,+1.464,+1.464
4302.631,63,2,+1.477,+1.477
4306.803,63,2,+1.426,+1.426
4312.512,63,2,+1.385,+1.385
4317.233,63,2,+1.439,+1.439
4321.365,63,2,+1.472,+1.472
4327.757,63,2,+1.572,+1.572
4333.23,63,2,+1.573,+1.573
4337.469,63,2,+1.564,+1.564
4341.976,63,2,+1.518,+1.518
4345.63,63,2,+1.419,+1.419
4356.125,63,2,+2.124,+2.124
4364.812,63,2,+4.107,+4.107
4366.312,63,2,+4.726,+4.726
4398.531,63,3,+4.726,+4.726
4402.971,63,4,+4.726,+4.726
4403.549,63,4,+7.625,+0.469
4407.237,63,4,+7.827,+1.276
4414.987,63,4,+7.384,+2.353
4421.877,63,4,+6.104,+1.747
4428.456,63,4,+6.576,+2.221
4433.363,63,4,+4.864,+1.491
4445.177,63,4,+5.892,+2.684
4449.277,63,4,+4.200,+1.808
4455.569,63,4,+3.683,+1.161
4465.319,63,4,+4.070,+1.599
4471.708,63,4,+3.501,+1.748
4477.116,63,4,+3.387,+1.408
4486.577,63,4,+3.315,+1.385
4494.734,63,4,+3.076,+1.608
4500.878,63,4,+3.161,+1.380
4509.628,63,4,+3.288,+1.565
4515.109,63,4,+2.671,+0.679
4528.369,63,4,+2.898,+1.378
4534.061,63,4,+3.383,+1.740
4535.344,63,4,+3.287,+1.791
4538.915,63,4,+2.975,+1.779
4540.759,63,4,+2.893,+1.598
4541.649,63,4,+2.818,+1.402
4548.028,63,4,+3.024,+1.475
4550.185,63,4,+3.009,+1.250
4554.308,63,4,+2.858,+1.130
4564.919,63,4,+3.052,+1.103
4574.497,63,4,+3.006,+1.271
4579.501,63,4,+3.040,+1.537
4584.66,63,4,+3.065,+1.409
4595.229,63,4,+2.805,+1.437
4599.793,63,4,+2.878,+1.371
4607.219,63,4,+2.813,+1.307
4615.547,63,4,+2.627,+1.150
4622.5,63,4,+3.058,+1.762
4627.815,63,4,+2.731,+1.347
4638.13,63,4,+3.644,+1.430
4645.693,63,4,+2.927,+1.436
4652.014,63,4,+3.288,+1.842
4658.73,63,4,+2.779,+1.308
4665.159,63,4,+2.924,+1.678
4678.06,63,4,+2.513,+1.124
4683.118,63,4,+2.748,+1.198
4684.552,63,4,+2.680,+1.400
4688.362,63,4,+2.461,+1.213
4690.4,63,4,+2.586,+1.291
4691.344,63,4,+2.575,+1.215
4696.777,63,4,+2.127,+0.684
4699.32,63,4,+2.859,+1.425
4702.998,63,4,+2.541,+1.003
4712.042,63,4,+2.742,+0.902
4718.909,63,4,+3.003,+1.561
4723.368,63,4,+2.149,+0.736
4728.315,63,4,+2.841,+1.285
4738.99,63,4,+2.629,+1.538
4743.709,63,4,+2.833,+1.480
4750.084,63,4,+2.845,+1.424
4759.319,63,4,+2.818,+1.191
4766.912,63,4,+2.387,+1.282
4772.178,63,4,+2.638,+1.166
4783.241,63,4,+2.548,+0.747
4792.584,63,4,+1.779,+0.620
4801.558,63,4,+1.743,+0.766
4810.411,63,4,+1.433,+0.562
4818.038,63,4,+1.512,+0.602
4829.979,63,4,+1.364,+0.645
4834.562,63,4,+1.274,+0.438
4835.661,63,4,+1.338,+0.428
4838.364,63,4,+1.351,+0.493
4839.895,63,4,+1.347,+0.519
4840.614,63,4,+1.334,+0.525
4844.708,63,4,+1.173,+0.527
4845.833,63,4,+1.078,+0.496
4848.256,63,4,+1.043,+0.333
4853.435,63,4,+1.125,+0.236
4859.725,63,4,+1.551,+0.627
4863.184,63,4,+1.584,+0.731
4866.643,63,4,+1.471,+0.611
4874.53,63,5,+1.471,+0.611
4874.665,63,5,+1.958,+0.122
4878.225,63,5,+1.926,+0.111
4882.595,63,5,+2.063,+0.447
4888.643,63,5,+2.242,+0.543
4893.522,63,5,+2.357,+0.532
4897.663,63,5,+2.484,+0.588
4904.369,63,5,+2.819,+0.672
4909.881,63,5,+2.755,+0.735
4914.099,63,5,+2.699,+0.711
4918.589,63,5,+2.625,+0.743
4922.256,63,5,+2.533,+0.772
4931.198,63,5,+2.924,+0.843
4935.444,63,5,+2.912,+0.841
4936.499,63,5,+2.948,+0.811
4938.907,63,5,+2.894,+0.711
4940.385,63,5,+2.926,+0.740
4941.213,63,5,+2.965,+0.788
4945.51,63,5,+2.888,+0.877
4946.541,63,6,+2.888,+0.877
4946.697,63,6,+2.833,+0.060
4949.15,63,6,+2.905,+0.247
4954.353,63,6,+3.112,+0.529
4960.101,63,6,+3.199,+0.507
4963.468,63,6,+3.155,+0.382
4966.9,63,6,+2.949,+0.068
4974.631,63,6,+3.248,+0.197
4978.143,63,6,+3.245,+0.212
4982.401,63,6,+3.228,+0.378
4988.344,63,6,+3.286,+0.547
4993.09,63,6,+3.370,+0.532
4997.189,63,6,+3.389,+0.507
5003.877,63,6,+3.744,+0.627
5009.288,63,6,+3.656,+0.716
5013.626,63,6,+3.799,+0.857
5018.298,63,6,+3.838,+1.171
5021.782,63,6,+3.607,+1.130
5030.363,63,6,+3.728,+0.965
5034.66,63,6,+3.712,+0.853
5035.629,63,6,+3.733,+0.815
5038.02,63,6,+3.681,+0.704
5039.357,63,6,+3.658,+0.670
5040.129,63,6,+3.653,+0.655
5044.424,63,6,+3.709,+0.588
5045.579,63,6,+3.701,+0.559
5047.945,63,6,+3.780,+0.505
5053.015,63,6,+4.096,+0.623
5058.654,63,6,+4.230,+0.597
5061.998,63,6,+4.214,+0.542
5065.382,63,6,+3.950,+0.194
5072.6,63,5,+3.950,+0.194
5072.678,63,5,+4.153,+0.833
5076.369,63,5,+4.205,+0.903
5080.588,63,5,+4.262,+0.843
5086.401,63,5,+4.381,+0.727
5091.088,63,5,+4.480,+0.570
5095.151,63,5,+4.500,+0.598
5101.642,63,5,+4.693,+0.527
5107.22,63,5,+4.864,+0.446
5111.454,63,5,+4.913,+0.347
5115.954,63,5,+4.790,+0.267
5119.549,63,5,+4.556,+0.140
5127.888,63,4,+4.556,+0.140
5127.97,63,4,+4.600,+1.683
5132.215,63,4,+4.627,+1.641
5133.185,63,4,+4.638,+1.677
5135.419,63,4,+4.554,+1.625
5136.824,63,4,+4.561,+1.633
5137.657,63,4,+4.581,+1.652
5142.163,63,4,+4.709,+1.801
5143.415,63,4,+4.721,+1.816
5145.696,63,4,+4.707,+1.855
5150.513,63,4,+4.635,+1.811
5156.075,63,4,+4.734,+1.772
5159.45,63,4,+4.706,+1.697
5162.982,63,4,+4.653,+1.500
5170.091,63,4,+4.750,+1.592
5173.802,63,4,+4.729,+1.522
5177.883,63,4,+4.741,+1.506
5183.532,63,4,+4.652,+1.638
5188.103,63,4,+4.668,+1.540
5192.105,63,4,+4.655,+1.408
5198.347,63,4,+4.603,+1.324
5203.753,63,4,+4.621,+1.326
5207.954,63,4,+4.636,+1.294
5212.458,63,4,+4.598,+1.207
5216.119,63,4,+4.503,+1.055
5224.476,63,4,+4.562,+1.171
5228.679,63,4,+4.562,+1.150
5229.617,63,4,+4.537,+1.189
5231.899,63,4,+4.473,+1.206
5233.3,63,4,+4.457,+1.197
5234.078,63,4,+4.446,+1.195
5238.369,63,4,+4.359,+1.267
5239.559,63,4,+4.328,+1.280
5241.878,63,4,+4.299,+1.373
5246.779,63,4,+4.377,+1.477
5252.253,63,4,+4.402,+1.475
5255.611,63,4,+4.344,+1.404
5259.205,63,4,+4.345,+1.293
5266.236,63,4,+4.328,+1.280
5269.97,63,4,+4.356,+1.265
5274.111,63,4,+4.197,+1.296
5279.769,63,4,+4.032,+1.318
5284.379,63,4,+4.026,+1.246
5288.379,63,4,+4.012,+1.158
5294.683,63,4,+3.970,+1.075
5300.131,63,4,+4.009,+1.151
5304.344,63,4,+4.027,+1.139
5308.842,63,4,+3.971,+1.039
5312.467,63,4,+3.853,+0.870
5320.873,63,4,+3.874,+1.017
5325.032,63,4,+3.835,+0.924
5325.97,63,4,+3.808,+0.957
5328.22,63,4,+3.732,+0.940
5329.626,63,4,+3.710,+0.921
5330.394,63,4,+3.700,+0.909
5334.681,63,4,+3.626,+0.852
5335.869,63,4,+3.593,+0.825
5338.162,63,4,+3.584,+0.855
5343.251,63,4,+3.787,+1.217
5348.657,63,4,+3.755,+1.154
5352.078,63,4,+3.768,+1.133
5355.609,63,4,+3.702,+1.052
5362.632,63,4,+3.659,+1.086
5366.351,63,4,+3.635,+1.029
5370.489,63,4,+3.500,+1.044
5376.179,63,4,+3.406,+1.167
5380.779,63,4,+3.415,+1.049
5384.757,63,4,+3.350,+0.890
5391.26,63,4,+3.519,+0.830
5396.592,63,4,+3.534,+0.805
5400.799,63,4,+3.554,+0.791
5405.405,63,4,+3.617,+0.815
5409.171,63,4,+3.586,+0.758
5417.53,63,4,+3.680,+0.825
5421.687,63,4,+3.653,+0.719
5422.621,63,4,+3.637,+0.723
5424.912,63,4,+3.590,+0.741
5426.323,63,4,+3.571,+0.732
5427.055,63,4,+3.552,+0.716
5431.146,63,4,+3.294,+0.486
5432.271,63,4,+3.203,+0.407
5434.58,63,4,+3.249,+0.463
5439.754,63,4,+3.607,+0.852
5445.185,63,4,+3.499,+0.729
5448.571,63,4,+3.454,+0.686
5452.07,63,4,+3.380,+0.500
5459.205,63,4,+3.441,+0.579
5462.932,63,4,+3.421,+0.527
5466.999,63,4,+3.399,+0.534
5472.77,63,4,+3.343,+0.666
5477.416,63,4,+3.357,+0.629
5481.405,63,4,+3.290,+0.478
5487.832,63,4,+3.416,+0.525
5493.276,63,4,+3.481,+0.548
5497.509,63,4,+3.498,+0.547
5502.021,63,4,+3.453,+0.472
5505.659,63,4,+3.341,+0.335
5514.112,63,4,+3.451,+0.494
5518.3,63,4,+3.455,+0.444
5519.253,63,4,+3.501,+0.515
5521.55,63,4,+3.450,+0.524
5522.94,63,4,+3.428,+0.515
5523.643,63,4,+3.407,+0.500
5527.644,63,4,+3.074,+0.251
5528.792,63,4,+2.984,+0.211
5531.205,63,4,+3.058,+0.395
5536.301,63,4,+3.209,+0.738
5541.746,63,4,+3.186,+0.625
5545.148,63,4,+3.159,+0.588
5548.508,63,4,+2.951,+0.281
5555.695,63,4,+3.098,+0.461
5559.476,63,4,+3.190,+0.526
5563.601,63,4,+3.184,+0.565
5569.382,63,4,+3.157,+0.719
5574.038,63,4,+3.183,+0.697
5578.101,63,4,+3.197,+0.645
5584.57,63,4,+3.430,+0.741
5589.999,63,4,+3.362,+0.741
5594.232,63,4,+3.370,+0.749
5598.558,63,4,+3.165,+0.507
5602.079,63,4,+2.881,+0.209
5610.577,63,4,+3.034,+0.345
5614.803,63,4,+3.096,+0.342
5615.822,63,4,+3.137,+0.436
5618.119,63,4,+3.125,+0.454
5619.558,63,4,+3.131,+0.454
5620.319,63,4,+3.141,+0.458
5624.705,63,4,+3.170,+0.476
5625.88,63,4,+3.143,+0.457
5628.258,63,4,+3.182,+0.554
5633.273,63,4,+3.286,+0.773
5638.735,63,4,+3.261,+0.702
5642.17,63,4,+3.233,+0.670
5645.716,63,4,+3.213,+0.612
5652.93,63,4,+3.406,+0.821
5656.64,63,4,+3.404,+0.782
5660.734,63,4,+3.367,+0.793
5666.459,63,4,+3.470,+0.923
5671.098,63,4,+3.450,+0.883
5675.129,63,4,+3.418,+0.799
5681.535,63,4,+3.582,+0.873
5686.988,63,4,+3.636,+0.897
5691.238,63,4,+3.660,+0.884
5695.551,63,4,+3.480,+0.695
5699.113,63,4,+3.226,+0.462
5707.535,63,4,+3.378,+0.605
5711.738,63,4,+3.404,+0.589
5712.644,63,4,+3.441,+0.650
5715.035,63,4,+3.428,+0.690
5716.457,63,4,+3.425,+0.701
5717.238,63,4,+3.423,+0.709
5721.542,63,4,+3.389,+0.810
5722.719,63,4,+3.366,+0.835
5725.099,63,4,+3.386,+0.987
5730.07,63,4,+3.433,+1.000
5735.505,63,4,+3.411,+0.918
5738.958,63,4,+3.417,+0.866
5742.489,63,4,+3.361,+0.718
5749.583,63,4,+3.469,+0.813
5753.302,63,4,+3.466,+0.765
5757.474,63,4,+3.427,+0.820
5763.13,63,4,+3.472,+0.856
5767.786,63,4,+3.466,+0.817
5771.817,63,4,+3.413,+0.759
5778.145,63,4,+3.436,+0.685
5783.583,63,4,+3.484,+0.654
5787.786,63,4,+3.499,+0.656
5792.096,63,4,+3.289,+0.569
5795.608,63,4,+2.997,+0.435
5804.09,63,4,+3.148,+0.487
5808.302,63,4,+3.172,+0.417
5809.299,63,4,+3.207,+0.462
5811.601,63,4,+3.196,+0.467
5813.03,63,4,+3.187,+0.456
5813.82,63,4,+3.178,+0.457
5818.006,63,4,+3.063,+0.523
5819.187,63,4,+3.011,+0.539
5821.546,63,4,+3.060,+0.621
5826.499,63,4,+3.186,+0.680
5832.067,63,4,+3.251,+0.572
5835.504,63,4,+3.296,+0.540
5839.049,63,4,+3.231,+0.398
5846.24,63,4,+3.398,+0.480
5849.902,63,4,+3.391,+0.441
5854.079,63,4,+3.392,+0.498
5859.827,63,4,+3.485,+0.579
5864.5,63,4,+3.553,+0.591
5868.529,63,4,+3.541,+0.498
5874.985,63,4,+3.740,+0.600
5880.418,63,4,+3.749,+0.574
5884.645,63,4,+3.732,+0.544
5888.918,63,4,+3.496,+0.418
5892.321,63,4,+3.127,+0.282
5901.151,63,4,+3.588,+0.172
5905.604,63,4,+3.924,+0.267
5906.682,63,4,+4.034,+0.325
5909.041,63,4,+4.107,+0.274
5910.463,63,4,+4.112,+0.250
5911.307,63,4,+4.110,+0.250
5915.495,63,4,+4.025,+0.346
5916.698,63,4,+3.993,+0.375
5919.104,63,4,+4.097,+0.499
5924.135,63,4,+4.330,+0.632
5929.838,63,4,+4.472,+0.226
5933.151,63,4,+4.454,+0.086
5936.729,63,4,+4.448,+0.029
5944.12,63,4,+4.833,+0.220
5947.792,63,4,+4.828,+0.192
5952.041,63,4,+4.901,+0.350
5957.885,63,4,+5.132,+0.431
5962.698,63,4,+5.267,+0.490
5966.776,63,4,+5.319,+0.407
5973.345,63,4,+5.597,+0.556
5978.8,63,4,+5.686,+0.639
5983.0,63,4,+5.684,+0.623
5987.57,63,4,+5.711,+0.714
5991.29,63,4,+5.668,+0.746
5999.719,63,4,+5.757,+0.683
6003.875,63,4,+5.723,+0.561
6004.829,63,4,+5.719,+0.535
6007.157,63,4,+5.694,+0.469
6008.594,63,4,+5.678,+0.437
6009.329,63,4,+5.659,+0.420
6013.25,63,4,+5.292,+0.215
6014.345,63,4,+5.160,+0.144
6016.797,63,4,+5.371,+0.249
6022.0,63,4,+5.680,+0.675
6027.619,63,4,+5.753,+0.578
6031.045,63,4,+5.792,+0.527
6034.53,63,4,+5.723,+0.373
6041.88,63,4,+5.983,+0.542
6045.563,63,4,+5.966,+0.515
6049.7,63,4,+6.015,+0.588
6055.503,63,4,+6.137,+0.686
6060.1,63,4,+6.116,+0.600
6064.147,63,4,+6.097,+0.573
6070.569,63,4,+6.224,+0.690
6076.105,63,4,+6.369,+0.855
6080.339,63,4,+6.419,+0.891
6084.699,63,4,+6.251,+0.869
6088.339,63,4,+6.087,+0.914
6096.855,63,4,+6.289,+0.728
6101.058,63,4,+6.324,+0.717
6101.996,63,4,+6.324,+0.677
6104.324,63,4,+6.286,+0.637
6105.761,63,4,+6.269,+0.623
6106.48,63,4,+6.258,+0.620
6110.8,63,4,+6.222,+0.739
6111.946,63,4,+6.209,+0.717
6114.28,63,4,+6.226,+0.676
6119.417,63,4,+6.536,+1.013
6125.059,63,4,+6.651,+0.624
6128.5,63,4,+6.707,+0.565
6131.996,63,4,+6.618,+0.553
6139.149,63,4,+6.777,+0.640
6142.845,63,4,+6.764,+0.693
6147.057,63,4,+6.845,+0.648
6152.815,63,4,+6.890,+0.778
6157.596,63,4,+7.068,+0.427
6161.612,63,4,+6.989,+0.096
6168.521,63,4,+7.584,+0.336
6173.923,63,4,+7.587,+0.443
6178.141,63,4,+7.608,+0.440
6182.501,63,4,+7.374,+0.081
6185.86,63,3,+7.374,+0.081
6185.954,63,3,+7.165,+0.295
6194.657,63,3,+7.449,+0.569
6198.798,63,3,+7.468,+0.490
6199.751,63,3,+7.436,+0.467
6202.049,63,3,+7.427,+0.509
6203.485,63,3,+7.431,+0.516
6204.267,63,3,+7.439,+0.519
6208.594,63,3,+7.469,+0.506
6209.751,63,3,+7.449,+0.471
6212.079,63,3,+7.434,+0.535
6217.127,63,3,+7.588,+0.774
6222.618,63,3,+7.629,+0.734
6226.046,63,3,+7.631,+0.709
6229.682,63,3,+7.599,+0.539
6236.731,63,3,+7.687,+0.594
6240.4,63,3,+7.689,+0.553
6244.481,63,3,+7.664,+0.564
6250.255,63,3,+7.735,+0.766
6254.9,63,3,+7.761,+0.746
6258.934,63,3,+7.753,+0.659
6265.336,63,3,+7.864,+0.726
6270.8,63,3,+7.868,+0.715
6275.001,63,3,+7.881,+0.704
6279.329,63,3,+7.667,+0.443
6282.822,63,3,+7.401,+0.101
6291.42,63,3,+7.648,+0.158
6295.706,63,3,+7.762,+0.241
6296.753,63,3,+7.827,+0.322
6299.057,63,3,+7.830,+0.406
6300.5,63,3,+7.827,+0.415
6301.225,63,3,+7.821,+0.414
6305.448,63,3,+7.743,+0.396
6306.901,63,3,+7.710,+0.375
6308.966,63,3,+7.731,+0.466
6313.959,63,3,+7.815,+0.682
6319.459,63,3,+7.865,+0.678
6322.924,63,3,+7.857,+0.689
6326.5,63,3,+7.855,+0.533
6333.576,63,3,+7.953,+0.629
6337.295,63,3,+7.981,+0.607
6337.295,63,3,+7.953,+0.629
6337.295,63,3,+7.981,+0.607
6341.373,63,3,+7.936,+0.560
6347.06,63,3,+7.967,+0.738
6351.67,63,3,+7.961,+0.711
6355.736,63,3,+7.968,+0.647
6362.081,63,3,+8.070,+0.718
6367.506,63,3,+8.099,+0.747
6371.678,63,3,+8.070,+0.719
6376.045,63,3,+7.891,+0.453
6379.609,63,3,+7.681,+0.096
6387.824,63,2,+7.681,+0.096
6387.902,63,2,+7.742,+7.742
6392.074,63,2,+7.725,+7.725
6392.964,63,2,+7.653,+7.653
6395.199,63,2,+7.590,+7.590
6396.621,63,2,+7.594,+7.594
6397.418,63,2,+7.598,+7.598
6401.714,63,2,+7.626,+7.626
6402.918,63,2,+7.629,+7.629
6405.168,63,2,+7.595,+7.595
6409.982,63,2,+7.577,+7.577
6415.672,63,2,+7.820,+7.820
6419.096,63,2,+7.839,+7.839
6422.721,63,2,+7.876,+7.876
6429.783,63,2,+7.967,+7.967
6433.502,63,2,+7.988,+7.988
6437.58,63,2,+7.958,+7.958
6443.166,63,2,+7.877,+7.877
6447.791,63,2,+7.909,+7.909
6451.869,63,2,+7.932,+7.932
6458.15,63,2,+7.977,+7.977
6463.51,63,2,+7.939,+7.939
6467.697,63,2,+7.938,+7.938
6472.225,63,2,+7.940,+7.940
6476.007,63,2,+7.974,+7.974
6484.319,63,2,+8.001,+8.001
6488.491,63,2,+7.988,+7.988
6489.413,63,2,+7.965,+7.965
6491.678,63,2,+7.892,+7.892
6493.05,63,2,+7.875,+7.875
6493.831,63,2,+7.870,+7.870
6498.103,63,2,+7.858,+7.858
6499.302,63,2,+7.857,+7.857
6501.606,63,2,+7.869,+7.869
6506.458,63,2,+7.881,+7.881
6512.005,63,2,+7.977,+7.977
6515.411,63,2,+7.985,+7.985
6519.072,63,2,+8.014,+8.014
6526.056,63,2,+8.026,+8.026
6529.747,63,2,+8.044,+8.044
6533.866,63,2,+8.048,+8.048
6539.413,63,2,+8.113,+8.113
6544.054,63,2,+8.102,+8.102
6548.116,63,2,+8.118,+8.118
6554.36,63,2,+8.055,+8.055
6559.708,63,2,+8.000,+8.000
6563.921,63,2,+8.036,+8.036
6568.449,63,2,+8.047,+8.047
6572.211,63,2,+8.013,+8.013
6580.602,63,2,+8.093,+8.093
6584.758,63,2,+8.096,+8.096
6585.648,63,2,+8.053,+8.053
6587.868,63,2,+7.986,+7.986
6589.274,63,2,+7.972,+7.972
6590.008,63,2,+7.969,+7.969
6594.352,63,2,+7.970,+7.970
6597.801,63,2,+7.931,+7.931
6602.737,63,2,+8.030,+8.030
6608.176,63,2,+8.102,+8.102
6611.559,63,2,+8.111,+8.111
6615.179,63,2,+8.130,+8.130
6622.159,63,2,+8.117,+8.117
6625.871,63,2,+8.155,+8.155
6629.956,63,2,+8.171,+8.171
6635.517,63,2,+8.160,+8.160
6640.153,63,2,+8.155,+8.155
6644.2,63,2,+8.180,+8.180
6650.46,63,2,+8.194,+8.194
6655.901,63,2,+8.204,+8.204
6660.103,63,2,+8.215,+8.215
6664.615,63,2,+8.209,+8.209
6668.331,63,2,+8.167,+8.167
6676.605,63,2,+8.222,+8.222
6680.734,63,2,+8.189,+8.189
6681.647,63,2,+8.134,+8.134
6683.871,63,2,+8.004,+8.004
6685.285,63,2,+7.976,+7.976
6686.018,63,2,+7.963,+7.963
6690.269,63,2,+7.901,+7.901
6691.483,63,2,+7.890,+7.890
6693.701,63,2,+7.860,+7.860
6698.673,63,2,+7.919,+7.919
6704.001,63,2,+7.792,+7.792
6707.516,63,2,+7.801,+7.801
6711.173,63,2,+7.824,+7.824
6718.173,63,2,+7.823,+7.823
6721.891,63,2,+7.848,+7.848
6725.97,63,2,+7.844,+7.844
6731.579,63,2,+7.820,+7.820
6736.251,63,2,+7.824,+7.824
6740.344,63,2,+7.840,+7.840
6746.597,63,2,+7.849,+7.849
6751.948,63,2,+7.767,+7.767
6760.647,63,2,+7.753,+7.753
6764.356,63,2,+7.711,+7.711
6772.66,63,2,+7.775,+7.775
6776.792,63,2,+7.750,+7.750
6777.734,63,2,+7.719,+7.719
6779.946,63,2,+7.644,+7.644
6781.35,63,2,+7.632,+7.632
6782.12,63,2,+7.627,+7.627
6786.428,63,2,+7.617,+7.617
6787.634,63,2,+7.616,+7.616
6789.882,63,2,+7.647,+7.647
6794.743,63,2,+7.576,+7.576
6800.188,63,2,+7.609,+7.609
6803.671,63,2,+7.659,+7.659
6807.26,63,2,+7.663,+7.663
6814.24,63,2,+7.655,+7.655
6817.934,63,2,+7.671,+7.671
6822.027,63,2,+7.681,+7.681
6827.572,63,2,+7.615,+7.615
6832.153,63,2,+7.589,+7.589
6836.215,63,2,+7.614,+7.614
6842.45,63,2,+7.618,+7.618
6847.872,63,2,+7.648,+7.648
6852.075,63,2,+7.677,+7.677
6856.601,63,2,+7.676,+7.676
6860.335,63,2,+7.655,+7.655
6868.62,63,2,+7.696,+7.696
6872.729,63,2,+7.663,+7.663
6873.62,63,2,+7.607,+7.607
6875.807,63,2,+7.485,+7.485
6877.198,63,2,+7.464,+7.464
6877.963,63,2,+7.458,+7.458
6882.26,63,2,+7.439,+7.439
6883.479,63,2,+7.435,+7.435
6885.723,63,2,+7.418,+7.418
6890.676,63,2,+7.372,+7.372
6896.094,63,2,+7.402,+7.402
6899.502,63,2,+7.411,+7.411
6903.082,63,2,+7.405,+7.405
6910.113,63,2,+7.417,+7.417
6913.832,63,2,+7.432,+7.432
6917.91,63,2,+7.437,+7.437
6923.535,63,2,+7.553,+7.553
6928.238,63,2,+7.593,+7.593
6932.285,63,2,+7.609,+7.609
6938.503,63,2,+7.610,+7.610
6943.918,63,2,+7.605,+7.605
6948.102,63,2,+7.611,+7.611
6956.401,63,2,+7.601,+7.601
6964.759,63,2,+7.737,+7.737
6968.884,63,2,+7.707,+7.707
6969.759,63,2,+7.650,+7.650
6971.975,63,2,+7.591,+7.591
6973.381,63,2,+7.586,+7.586
6974.129,63,2,+7.583,+7.583
6978.457,63,2,+7.568,+7.568
6979.676,63,2,+7.566,+7.566
6981.879,63,2,+7.547,+7.547
6986.774,63,2,+7.584,+7.584
6992.248,63,2,+7.562,+7.562
6995.623,63,2,+7.529,+7.529
6999.207,63,2,+7.538,+7.538
7006.175,63,2,+7.541,+7.541
7009.878,63,2,+7.569,+7.569
7013.972,63,2,+7.574,+7.574
7019.519,63,2,+7.575,+7.575
7024.144,63,2,+7.577,+7.577
7028.16,63,2,+7.575,+7.575
7034.394,63,2,+7.454,+7.454
7039.837,63,2,+7.455,+7.455
7043.933,63,2,+7.469,+7.469
7048.479,63,2,+7.467,+7.467
7052.229,63,2,+7.469,+7.469
7060.601,63,2,+7.583,+7.583
7064.734,63,2,+7.569,+7.569
7065.617,63,2,+7.548,+7.548
7067.898,63,2,+7.494,+7.494
7069.273,63,2,+7.486,+7.486
7070.07,63,2,+7.483,+7.483
7075.554,63,2,+7.484,+7.484
7077.801,63,2,+7.478,+7.478
7082.65,63,2,+7.350,+7.350
7088.083,63,2,+7.363,+7.363
7091.481,63,2,+7.355,+7.355
7095.069,63,2,+7.362,+7.362
7102.039,63,2,+7.326,+7.326
7105.773,63,2,+7.333,+7.333
7109.789,63,2,+7.324,+7.324
7115.305,63,2,+7.296,+7.296
7119.896,63,2,+7.271,+7.271
7123.919,63,2,+7.252,+7.252
7130.133,63,2,+7.205,+7.205
7135.463,63,2,+7.210,+7.210
7144.151,63,2,+7.205,+7.205
7147.854,63,2,+7.189,+7.189
7156.167,63,2,+7.005,+7.005
7160.323,63,2,+7.003,+7.003
7161.245,63,2,+6.969,+6.969
7163.432,63,2,+6.880,+6.880
7164.838,63,2,+6.863,+6.863
7165.573,63,2,+6.855,+6.855
7169.823,63,2,+6.830,+6.830
7171.073,63,2,+6.829,+6.829
7173.245,63,2,+6.788,+6.788
7178.151,63,2,+6.896,+6.896
7183.557,63,2,+6.877,+6.877
7186.95,63,2,+6.866,+6.866
7190.513,63,2,+6.876,+6.876
7197.55,63,2,+6.939,+6.939
7201.264,63,2,+6.973,+6.973
7205.357,63,2,+6.986,+6.986
7210.857,63,2,+6.990,+6.990
7215.404,63,2,+6.972,+6.972
7219.451,63,2,+6.986,+6.986
7225.635,63,2,+6.957,+6.957
7231.039,63,2,+6.968,+6.968
7235.171,63,2,+6.965,+6.965
7239.702,63,2,+6.970,+6.970
7243.421,63,2,+6.995,+6.995
7251.749,63,2,+7.050,+7.050
7255.858,63,2,+7.003,+7.003
7256.733,63,2,+6.948,+6.948
7258.958,63,2,+6.879,+6.879
7260.335,63,2,+6.865,+6.865
7261.132,63,2,+6.858,+6.858
7265.372,63,2,+6.852,+6.852
7266.551,63,2,+6.857,+6.857
7268.734,63,2,+6.859,+6.859
7273.669,63,2,+6.962,+6.962
7279.067,63,2,+6.923,+6.923
7282.505,63,2,+6.890,+6.890
7286.045,63,2,+6.883,+6.883
7293.058,63,2,+6.866,+6.866
7296.772,63,2,+6.875,+6.875
7300.782,63,2,+6.867,+6.867
7306.323,63,2,+6.897,+6.897
7310.873,63,2,+6.872,+6.872
7314.882,63,2,+6.865,+6.865
7321.075,63,2,+6.803,+6.803
7326.448,63,2,+6.813,+6.813
7330.702,63,2,+6.828,+6.828
7335.173,63,2,+6.873,+6.873
7338.881,63,2,+6.919,+6.919
7347.231,63,2,+6.999,+6.999
7351.37,63,2,+6.976,+6.976
7352.247,63,2,+6.946,+6.946
7354.447,63,2,+6.874,+6.874
7355.834,63,2,+6.864,+6.864
7356.612,63,2,+6.861,+6.861
7360.897,63,2,+6.896,+6.896
7362.1,63,2,+6.916,+6.916
7364.336,63,2,+6.947,+6.947
7369.268,63,2,+7.066,+7.066
7374.602,63,2,+6.921,+6.921
7378.07,63,2,+6.885,+6.885
7381.635,63,2,+6.909,+6.909
7388.602,63,2,+6.841,+6.841
7392.273,63,2,+6.858,+6.858
7396.316,63,2,+6.847,+6.847
7401.873,63,2,+6.766,+6.766
7406.461,63,2,+6.729,+6.729
7410.489,63,2,+6.727,+6.727
7416.719,63,2,+6.549,+6.549
7422.066,63,2,+6.326,+6.326
7426.26,63,2,+6.316,+6.316
7430.822,63,2,+6.407,+6.407
7434.503,63,2,+6.579,+6.579
7442.822,63,2,+6.590,+6.590
7446.978,63,2,+6.563,+6.563
7447.877,63,2,+6.496,+6.496
7450.061,63,2,+6.373,+6.373
7451.474,63,2,+6.351,+6.351
7452.238,63,2,+6.347,+6.347
7456.502,63,2,+6.344,+6.344
7459.934,63,2,+6.381,+6.381
7464.747,63,2,+6.378,+6.378
7470.209,63,2,+6.332,+6.332
7473.654,63,2,+6.355,+6.355
7477.2,63,2,+6.361,+6.361
7484.188,63,2,+6.375,+6.375
7487.883,63,2,+6.406,+6.406
7491.935,63,2,+6.415,+6.415
7497.42,63,2,+6.451,+6.451
7502.035,63,2,+6.402,+6.402
7506.082,63,2,+6.401,+6.401
7512.382,63,2,+6.464,+6.464
7517.819,63,2,+6.496,+6.496
7521.997,63,2,+6.502,+6.502
7526.495,63,2,+6.598,+6.598
7530.126,63,2,+6.628,+6.628
7538.432,63,2,+6.759,+6.759
7542.547,63,2,+6.733,+6.733
7543.482,63,2,+6.715,+6.715
7545.736,63,2,+6.667,+6.667
7547.145,63,2,+6.656,+6.656
7547.863,63,2,+6.645,+6.645
7552.072,63,2,+6.571,+6.571
7553.209,63,2,+6.546,+6.546
7555.473,63,2,+6.586,+6.586
7560.513,63,2,+6.812,+6.812
7566.04,63,2,+6.903,+6.903
7569.519,63,2,+6.933,+6.933
7573.048,63,2,+6.908,+6.908
7580.254,63,2,+7.136,+7.136
7583.925,63,2,+7.140,+7.140
7588.03,63,2,+7.229,+7.229
7593.655,63,2,+7.288,+7.288
7598.336,63,2,+7.296,+7.296
7602.374,63,2,+7.306,+7.306
7608.766,63,2,+7.405,+7.405
7614.44,63,2,+7.662,+7.662
7618.645,63,2,+7.688,+7.688
7623.148,63,2,+7.669,+7.669
7626.802,63,2,+7.680,+7.680
7635.109,63,2,+7.597,+7.597
7639.247,63,2,+7.585,+7.585
7640.157,63,2,+7.546,+7.546
7642.405,63,2,+7.402,+7.402
7643.757,63,2,+7.378,+7.378
7644.54,63,2,+7.376,+7.376
7648.819,63,2,+7.428,+7.428
7650.032,63,2,+7.454,+7.454
7652.256,63,2,+7.456,+7.456
7657.121,63,2,+7.566,+7.566
7662.548,63,2,+7.500,+7.500
7666.035,63,2,+7.465,+7.465
7669.566,63,2,+7.446,+7.446
7676.588,63,2,+7.459,+7.459
7680.286,63,2,+7.471,+7.471
7684.302,63,2,+7.479,+7.479
7689.818,63,2,+7.377,+7.377
7694.457,63,2,+7.315,+7.315
7698.448,63,2,+7.307,+7.307
7704.671,63,2,+7.212,+7.212
7710.043,63,2,+7.080,+7.080
7714.22,63,2,+7.073,+7.073
7718.736,63,2,+7.156,+7.156
7722.492,63,2,+7.351,+7.351
7730.836,63,2,+7.346,+7.346
7734.921,63,2,+7.317,+7.317
7735.807,63,2,+7.240,+7.240
7738.035,63,2,+7.096,+7.096
7739.443,63,2,+7.080,+7.080
7740.182,63,2,+7.084,+7.084
7744.473,63,2,+7.149,+7.149
7745.682,63,2,+7.165,+7.165
7747.898,63,2,+7.071,+7.071
7752.784,63,2,+7.173,+7.173
7758.149,63,2,+7.119,+7.119
7761.639,63,2,+7.160,+7.160
7765.185,63,2,+7.185,+7.185
7772.173,63,2,+7.255,+7.255
7775.852,63,2,+7.254,+7.254
7779.903,63,2,+7.242,+7.242
7785.402,63,2,+7.302,+7.302
7789.973,63,2,+7.261,+7.261
7794.015,63,2,+7.274,+7.274
7800.232,63,2,+7.347,+7.347
7805.638,63,2,+7.372,+7.372
7809.837,63,2,+7.365,+7.365
7814.327,63,2,+7.448,+7.448
7818.048,63,2,+7.492,+7.492
7826.338,63,2,+7.502,+7.502
7830.445,63,2,+7.463,+7.463
7831.383,63,2,+7.403,+7.403
7833.583,63,2,+7.321,+7.321
7834.967,63,2,+7.305,+7.305
7835.72,63,2,+7.294,+7.294
7839.904,63,2,+7.200,+7.200
7841.083,63,2,+7.167,+7.167
7843.25,63,2,+7.131,+7.131
7848.174,63,2,+7.265,+7.265
7853.595,63,2,+7.257,+7.257
7857.054,63,2,+7.313,+7.313
7860.613,63,2,+7.309,+7.309
7867.662,63,2,+7.436,+7.436
7871.365,63,2,+7.434,+7.434
7875.396,63,2,+7.407,+7.407
7880.974,63,2,+7.476,+7.476
7885.576,63,2,+7.474,+7.474
7889.632,63,2,+7.500,+7.500
7895.975,63,2,+7.639,+7.639
7901.34,63,2,+7.678,+7.678
7905.48,63,2,+7.682,+7.682
7910.0,63,2,+7.626,+7.626
7913.602,63,2,+7.453,+7.453
7921.903,63,2,+7.448,+7.448
7926.037,63,2,+7.449,+7.449
7926.975,63,2,+7.470,+7.470
7929.24,63,2,+7.461,+7.461
7930.74,63,2,+7.452,+7.452
7931.428,63,2,+7.443,+7.443
7935.584,63,2,+7.363,+7.363
7936.74,63,2,+7.326,+7.326
7938.939,63,2,+7.337,+7.337
7943.862,63,2,+7.471,+7.471
7949.335,63,2,+7.573,+7.573
7952.883,63,2,+7.613,+7.613
7956.338,63,2,+7.607,+7.607
7963.461,63,2,+7.800,+7.800
7967.084,63,2,+7.744,+7.744
7971.062,63,2,+7.677,+7.677
7976.721,63,2,+7.890,+7.890
7981.469,63,2,+8.028,+8.028
7985.524,63,2,+8.083,+8.083
7991.946,63,2,+8.294,+8.294
7997.399,63,2,+8.364,+8.364
8001.587,63,2,+8.380,+8.380
8006.134,63,2,+8.387,+8.387
8009.899,63,2,+8.427,+8.427
8018.306,63,2,+8.572,+8.572
8022.415,63,2,+8.582,+8.582
8023.352,63,2,+8.575,+8.575
8025.634,63,2,+8.564,+8.564
8027.04,63,2,+8.565,+8.565
8027.79,63,2,+8.568,+8.568
8032.087,63,2,+8.596,+8.596
8033.337,63,2,+8.598,+8.598
8035.467,63,2,+8.585,+8.585
8040.276,63,2,+8.618,+8.618
8045.693,63,2,+8.612,+8.612
8049.193,63,2,+8.616,+8.616
8052.756,63,2,+8.612,+8.612
8059.74,63,2,+8.685,+8.685
8063.385,63,2,+8.710,+8.710
8067.334,63,2,+8.758,+8.758
8072.85,63,2,+8.776,+8.776
8077.459,63,2,+8.774,+8.774
8081.522,63,2,+8.778,+8.778
8087.803,63,2,+8.788,+8.788
8093.193,63,2,+8.854,+8.854
8097.35,63,2,+8.844,+8.844
8101.865,63,2,+8.818,+8.818
8105.615,63,2,+8.778,+8.778
8113.959,63,2,+8.774,+8.774
8118.115,63,2,+8.806,+8.806
8119.068,63,2,+8.810,+8.810
8121.318,63,2,+8.755,+8.755
8122.74,63,2,+8.741,+8.741
8123.49,63,2,+8.735,+8.735
8127.772,63,2,+8.738,+8.738
8128.975,63,2,+8.739,+8.739
8131.194,63,2,+8.749,+8.749
8136.1,63,2,+8.811,+8.811
8141.506,63,2,+8.786,+8.786
8144.944,63,2,+8.848,+8.848
8148.49,63,2,+8.852,+8.852
8155.522,63,2,+8.918,+8.918
8159.131,63,2,+8.920,+8.920
8163.037,63,2,+8.956,+8.956
8168.631,63,2,+9.094,+9.094
8173.319,63,2,+9.158,+9.158
8177.35,63,2,+9.151,+9.151
8183.662,63,2,+9.239,+9.239
8189.169,63,2,+9.371,+9.371
8193.367,63,2,+9.412,+9.412
8197.86,63,2,+9.335,+9.335
8201.521,63,2,+9.196,+9.196
8210.042,63,2,+9.215,+9.215
8214.221,63,2,+9.217,+9.217
8215.171,63,2,+9.206,+9.206
8217.408,63,2,+9.147,+9.147
8218.8,63,2,+9.134,+9.134
8219.568,63,2,+9.124,+9.124
8223.898,63,2,+9.081,+9.081
8227.247,63,2,+9.073,+9.073
8232.134,63,2,+9.175,+9.175
8237.47,63,2,+9.133,+9.133
8240.987,63,2,+9.135,+9.135
8244.549,63,2,+9.131,+9.131
8251.503,63,2,+9.154,+9.154
8255.081,63,2,+9.169,+9.169
8259.05,63,2,+9.168,+9.168
8264.534,63,2,+9.209,+9.209
8269.162,63,2,+9.215,+9.215
8273.275,63,2,+9.244,+9.244
8279.535,63,2,+9.323,+9.323
8284.967,63,2,+9.352,+9.352
8289.149,63,2,+9.349,+9.349
8293.714,63,2,+9.353,+9.353
8297.464,63,2,+9.348,+9.348
8305.999,63,2,+9.572,+9.572
8310.137,63,2,+9.565,+9.565
8313.285,63,2,+9.482,+9.482
8314.675,63,2,+9.470,+9.470
8315.441,63,2,+9.471,+9.471
8319.738,63,2,+9.524,+9.524
8320.951,63,2,+9.544,+9.544
8323.167,63,2,+9.613,+9.613
8327.937,63,2,+9.470,+9.470
8333.349,63,2,+9.494,+9.494
8336.847,63,2,+9.557,+9.557
8340.42,63,2,+9.566,+9.566
8347.391,63,2,+9.604,+9.604
8351.063,63,2,+9.627,+9.627
8355.031,63,2,+9.683,+9.683
8360.504,63,2,+9.671,+9.671
8365.125,63,2,+9.633,+9.633
8369.141,63,2,+9.639,+9.639
8375.391,63,2,+9.605,+9.605
8380.86,63,2,+9.530,+9.530
8385.047,63,2,+9.415,+9.415
8389.563,63,2,+9.432,+9.432
8393.313,63,2,+9.523,+9.523
8401.766,63,2,+9.689,+9.689
8405.891,63,2,+9.666,+9.666
8406.797,63,2,+9.618,+9.618
8408.985,63,2,+9.517,+9.517
8410.344,63,2,+9.497,+9.497
8411.141,63,2,+9.493,+9.493
8415.407,63,2,+9.507,+9.507
8416.563,63,2,+9.518,+9.518
8418.782,63,2,+9.514,+9.514
8423.606,63,2,+9.593,+9.593
8428.836,63,2,+9.403,+9.403
8432.334,63,2,+9.363,+9.363
8435.898,63,2,+9.356,+9.356
8442.834,63,2,+9.329,+9.329
8446.444,63,2,+9.344,+9.344
8450.381,63,2,+9.340,+9.340
8455.869,63,2,+9.226,+9.226
8460.472,63,2,+9.056,+9.056
8464.521,63,2,+9.036,+9.036
8470.862,63,2,+9.098,+9.098
8476.337,63,2,+9.061,+9.061
8480.487,63,2,+9.048,+9.048
8485.036,63,2,+9.037,+9.037
8488.876,63,2,+9.025,+9.025
8497.212,63,2,+9.116,+9.116
8501.334,63,2,+9.099,+9.099
8502.274,63,2,+9.079,+9.079
8504.486,63,2,+9.026,+9.026
8505.884,63,2,+9.018,+9.018
8506.645,63,2,+9.013,+9.013
8510.934,63,2,+8.970,+8.970
8512.123,63,2,+8.960,+8.960
8514.315,63,2,+9.003,+9.003
8519.248,63,2,+9.019,+9.019
8524.603,63,2,+9.002,+9.002
8528.059,63,2,+9.035,+9.035
8531.614,63,2,+9.027,+9.027
8538.637,63,2,+9.091,+9.091
8542.224,63,2,+9.106,+9.106
8546.204,63,2,+9.131,+9.131
8551.676,63,2,+9.169,+9.169
8556.285,63,2,+9.194,+9.194
8560.316,63,2,+9.206,+9.206
8566.535,63,2,+9.253,+9.253
8571.957,63,2,+9.309,+9.309
8576.129,63,2,+9.313,+9.313
8580.645,63,2,+9.267,+9.267
8584.348,63,2,+9.173,+9.173
8593.098,63,2,+9.334,+9.334
8596.864,63,2,+9.344,+9.344
8597.836,63,2,+9.330,+9.330
8600.059,63,2,+9.290,+9.290
8601.444,63,2,+9.288,+9.288
8602.18,63,2,+9.285,+9.285
8606.476,63,2,+9.248,+9.248
8607.679,63,2,+9.236,+9.236
8609.851,63,2,+9.252,+9.252
8614.741,63,2,+9.376,+9.376
8620.185,63,2,+9.343,+9.343
8623.61,63,2,+9.363,+9.363
8627.157,63,2,+9.366,+9.366
8634.175,63,2,+9.434,+9.434
8637.785,63,2,+9.456,+9.456
8641.768,63,2,+9.522,+9.522
8647.243,63,2,+9.587,+9.587
8651.892,63,2,+9.663,+9.663
8655.929,63,2,+9.670,+9.670
8662.21,63,2,+9.796,+9.796
8667.663,63,2,+9.852,+9.852
8671.82,63,2,+9.857,+9.857
8676.321,63,2,+9.803,+9.803
8679.991,63,2,+9.695,+9.695
8688.4,63,2,+7.676,+7.676
8692.542,63,2,+7.751,+7.751
8693.488,63,2,+7.660,+7.660
8695.749,63,2,+7.493,+7.493
8697.153,63,2,+7.464,+7.464
8697.923,63,2,+7.446,+7.446
8702.107,63,2,+7.324,+7.324
8703.325,63,2,+7.286,+7.286
8705.484,63,2,+7.164,+7.164
8710.522,63,2,+7.334,+7.334
8715.889,63,2,+7.343,+7.343
8719.419,63,2,+7.402,+7.402
8723.131,63,2,+7.390,+7.390
8730.006,63,2,+7.437,+7.437
8733.589,63,2,+7.452,+7.452
8737.594,63,2,+7.346,+7.346
8743.204,63,2,+7.425,+7.425
8747.952,63,2,+7.619,+7.619
8752.051,63,2,+7.676,+7.676
8758.537,63,2,+7.944,+7.944
8764.123,63,2,+8.172,+8.172
8768.385,63,2,+8.229,+8.229
8772.763,63,2,+8.162,+8.162
8776.394,63,2,+7.969,+7.969
8784.9,63,2,+8.045,+8.045
8789.038,63,2,+7.992,+7.992
8789.969,63,2,+7.914,+7.914
8792.21,63,2,+7.768,+7.768
8793.623,63,2,+7.741,+7.741
8794.369,63,2,+7.727,+7.727
8798.587,63,2,+7.649,+7.649
8799.808,63,2,+7.631,+7.631
8801.97,63,2,+7.561,+7.561
8806.908,63,2,+7.537,+7.537
8812.24,63,2,+7.498,+7.498
8815.702,63,2,+7.433,+7.433
8819.257,63,2,+7.429,+7.429
8826.305,63,2,+7.468,+7.468
8829.927,63,2,+7.499,+7.499
8833.875,63,2,+7.343,+7.343
8839.35,63,2,+7.309,+7.309
8843.96,63,2,+7.280,+7.280
8847.976,63,2,+7.251,+7.251
8854.287,63,2,+7.338,+7.338
8859.772,63,2,+7.390,+7.390
8863.949,63,2,+7.402,+7.402
8868.461,63,2,+7.387,+7.387
8872.212,63,2,+7.365,+7.365
8880.569,63,2,+7.351,+7.351
8884.714,63,2,+7.305,+7.305
8885.636,63,2,+7.233,+7.233
8887.885,63,2,+7.086,+7.086
8889.287,63,2,+7.056,+7.056
8890.05,63,2,+7.044,+7.044
8894.316,63,2,+7.008,+7.008
8895.551,63,2,+7.003,+7.003
8897.738,63,2,+6.967,+6.967
8902.584,63,2,+7.043,+7.043
8907.913,63,2,+6.997,+6.997
8911.335,63,2,+6.951,+6.951
8914.91,63,2,+6.956,+6.956
8921.955,63,2,+7.023,+7.023
8925.564,63,2,+7.047,+7.047
8929.486,63,2,+6.822,+6.822
8934.97,63,2,+6.792,+6.792
8939.58,63,2,+6.819,+6.819
8943.643,63,2,+6.805,+6.805
8949.861,63,2,+6.827,+6.827
8955.314,63,2,+6.766,+6.766
8959.424,63,2,+6.759,+6.759
8963.924,63,2,+6.735,+6.735
8967.549,63,2,+6.560,+6.560
8975.888,63,2,+6.375,+6.375
8980.007,63,2,+6.183,+6.183
8980.94,63,2,+6.103,+6.103
8983.212,63,2,+5.842,+5.842
8984.635,63,2,+5.654,+5.654
8985.45,63,2,+5.515,+5.515
13.093,44,3,,
3390.275,44,3,+0.026,
3391.815,44,1,LAP 1,LAP 1
3483.801,44,1,LAP 2,LAP 2
3564.555,44,2,LAP 2,LAP 2
3564.83,44,2,+0.175,+0.175
3573.429,44,2,+0.415,+0.415
3577.709,44,2,+0.452,+0.452
3578.698,44,2,+0.476,+0.476
3581.108,44,2,+0.554,+0.554
3582.561,44,2,+0.570,+0.570
3583.342,44,2,+0.567,+0.567
3587.546,44,2,+0.364,+0.364
3588.702,44,2,+0.294,+0.294
3591.186,44,2,+0.304,+0.304
3596.202,44,2,+0.453,+0.453
3601.861,44,2,+0.605,+0.605
3605.371,44,2,+0.615,+0.615
3608.961,44,2,+0.655,+0.655
3616.292,44,2,+0.690,+0.690
3620.013,44,2,+0.696,+0.696
3624.101,44,2,+0.521,+0.521
3629.876,44,2,+0.581,+0.581
3634.871,44,2,+0.978,+0.978
3638.896,44,2,+0.982,+0.982
3645.27,44,2,+0.889,+0.889
3650.693,44,2,+0.876,+0.876
3654.868,44,2,+0.890,+0.890
3659.629,44,2,+1.030,+1.030
3663.611,44,2,+1.135,+1.135
3672.006,44,2,+1.028,+1.028
3676.066,44,2,+0.808,+0.808
3677.005,44,2,+0.811,+0.811
3679.461,44,2,+0.907,+0.907
3681.013,44,2,+1.044,+1.044
3681.921,44,2,+1.141,+1.141
3686.367,44,3,+1.141,+1.141
3686.611,44,3,+1.402,+0.184
3687.877,44,3,+1.419,+0.288
3690.44,44,3,+1.602,+0.509
3695.329,44,3,+1.482,+0.568
3700.834,44,3,+1.504,+0.570
3704.328,44,3,+1.526,+0.566
3707.978,44,3,+1.580,+0.615
3715.223,44,3,+1.721,+0.694
3718.982,44,3,+1.734,+0.752
3723.099,44,3,+1.599,+0.867
3728.78,44,3,+1.587,+0.873
3733.452,44,3,+1.713,+0.866
3737.53,44,3,+1.772,+0.893
3743.952,44,3,+1.941,+0.944
3749.357,44,3,+1.926,+0.968
3753.644,44,3,+1.958,+1.002
3758.144,44,3,+1.892,+0.834
3761.862,44,3,+1.779,+0.722
3770.315,44,3,+1.830,+0.548
3774.605,44,3,+1.910,+0.629
3775.639,44,3,+1.945,+0.643
3777.978,44,3,+1.980,+0.693
3779.396,44,3,+1.989,+0.710
3780.131,44,3,+1.981,+0.722
3784.428,44,3,+1.839,+0.911
3785.6,44,3,+1.793,+0.959
3787.959,44,3,+1.798,+0.954
3792.896,44,3,+1.902,+0.957
3798.442,44,3,+1.826,+0.951
3801.976,44,3,+1.924,+1.049
3805.668,44,3,+2.004,+1.055
3812.767,44,3,+2.055,+1.046
3816.627,44,3,+2.076,+1.093
3820.721,44,3,+1.946,+1.166
3826.392,44,3,+1.919,+1.168
3831.127,44,3,+1.964,+1.157
3835.236,44,3,+2.053,+1.206
3841.689,44,3,+2.163,+1.145
3847.174,44,3,+2.195,+1.191
3851.424,44,3,+2.228,+1.188
3855.939,44,3,+2.148,+1.042
3859.655,44,3,+2.046,+0.948
3867.981,44,3,+1.898,+0.760
3872.241,44,3,+1.958,+0.849
3873.206,44,3,+1.973,+0.843
3875.549,44,3,+2.007,+0.874
3876.971,44,3,+2.048,+0.887
3877.924,44,3,+2.082,+0.896
3882.348,44,3,+2.216,+0.907
3883.633,44,3,+2.221,+0.906
3886.131,44,3,+2.407,+1.041
3891.162,44,3,+2.648,+1.181
3896.552,44,3,+2.607,+1.156
3900.099,44,3,+2.693,+1.211
3903.777,44,3,+2.767,+1.294
3910.956,44,3,+2.834,+1.315
3914.715,44,3,+2.845,+1.404
3918.815,44,3,+2.727,+1.418
3924.518,44,3,+2.720,+1.362
3929.237,44,3,+2.801,+1.388
3933.3,44,3,+2.821,+1.392
3939.675,44,3,+2.905,+1.370
3945.143,44,3,+2.941,+1.346
3949.378,44,3,+2.973,+1.377
3953.862,44,3,+2.867,+1.339
3957.539,44,3,+2.732,+1.342
3965.896,44,3,+2.718,+1.249
3970.102,44,3,+2.707,+1.240
3971.118,44,3,+2.720,+1.247
3973.402,44,3,+2.714,+1.304
3974.879,44,3,+2.800,+1.405
3975.741,44,3,+2.872,+1.483
3980.455,44,3,+3.172,+1.814
3981.732,44,3,+3.214,+1.867
3984.176,44,3,+3.303,+1.939
3989.146,44,3,+3.266,+1.870
3994.568,44,3,+3.231,+1.811
3998.106,44,3,+3.312,+1.855
4001.709,44,3,+3.330,+1.857
4008.734,44,3,+3.319,+1.810
4012.547,44,3,+3.337,+1.886
4016.809,44,3,+3.339,+2.013
4022.497,44,3,+3.312,+2.014
4027.241,44,3,+3.398,+2.079
4031.421,44,3,+3.497,+2.130
4037.774,44,3,+3.569,+2.099
4043.296,44,3,+3.640,+2.139
4047.515,44,3,+3.689,+2.177
4052.108,44,3,+3.705,+2.205
4055.921,44,3,+3.689,+2.248
4064.317,44,3,+3.665,+2.135
4068.529,44,3,+3.685,+2.186
4069.461,44,3,+3.667,+2.208
4071.765,44,3,+3.679,+2.283
4073.186,44,3,+3.688,+2.316
4073.952,44,3,+3.681,+2.321
4078.202,44,3,+3.511,+2.200
4079.405,44,3,+3.467,+2.174
4081.827,44,3,+3.546,+2.222
4086.874,44,3,+3.636,+2.233
4092.327,44,3,+3.608,+2.168
4095.827,44,3,+3.685,+2.215
4099.506,44,3,+3.808,+2.307
4106.661,44,3,+3.856,+2.291
4110.427,44,3,+3.888,+2.381
4114.577,44,3,+3.817,+2.461
4120.144,44,3,+3.721,+2.353
4124.967,44,3,+3.843,+2.486
4129.172,44,3,+3.998,+2.595
4135.64,44,3,+4.046,+2.485
4141.0,44,3,+4.102,+2.488
4145.265,44,3,+4.142,+2.519
4149.877,44,3,+4.187,+2.619
4153.73,44,3,+4.229,+2.760
4162.074,44,3,+4.092,+2.707
4166.355,44,3,+4.163,+2.802
4167.308,44,3,+4.169,+2.845
4169.652,44,3,+4.245,+2.930
4171.099,44,3,+4.275,+2.964
4171.906,44,3,+4.288,+2.984
4176.343,44,3,+4.318,+3.080
4177.597,44,3,+4.325,+3.107
4180.092,44,3,+4.454,+3.215
4185.344,44,3,+4.519,+3.163
4190.547,44,3,+4.576,+3.222
4194.047,44,3,+4.595,+3.256
4197.75,44,3,+4.672,+3.341
4204.897,44,3,+4.743,+3.361
4208.668,44,3,+4.767,+3.380
4212.989,44,3,+4.803,+3.511
4218.697,44,3,+4.800,+3.558
4223.455,44,3,+4.852,+3.605
4227.594,44,3,+4.901,+3.643
4233.917,44,3,+4.907,+3.557
4239.361,44,3,+4.972,+3.578
4243.661,44,3,+5.025,+3.620
4248.261,44,3,+5.082,+3.728
4252.102,44,3,+5.143,+4.002
4260.551,44,3,+5.194,+4.020
4264.813,44,3,+5.274,+4.056
4265.767,44,3,+5.317,+4.082
4268.068,44,3,+5.304,+4.114
4269.514,44,3,+5.309,+4.113
4270.277,44,3,+5.303,+4.094
4274.616,44,3,+5.224,+3.929
4275.763,44,3,+5.212,+3.916
4278.256,44,3,+5.360,+4.042
4283.178,44,3,+5.418,+4.057
4288.725,44,3,+5.493,+4.093
4292.272,44,3,+5.562,+4.154
4295.99,44,3,+5.689,+4.271
4303.115,44,3,+5.767,+4.303
4306.993,44,3,+5.801,+4.324
4311.106,44,3,+5.730,+4.304
4316.807,44,3,+5.654,+4.269
4321.537,44,3,+5.730,+4.291
4325.64,44,3,+5.736,+4.264
4331.956,44,3,+5.756,+4.184
4337.448,44,3,+5.794,+4.221
4341.716,44,3,+5.832,+4.268
4346.353,44,3,+5.919,+4.401
4350.243,44,3,+6.011,+4.592
4363.297,44,3,+9.342,+7.218
4368.812,44,3,+8.083,+3.976
4369.844,44,3,+8.255,+3.529
4398.531,44,4,+8.255,+3.529
4402.971,44,5,+8.255,+3.529
4404.159,44,5,+8.252,+0.627
4407.878,44,5,+8.471,+0.644
4416.409,44,5,+8.817,+1.433
4424.503,44,5,+8.775,+2.671
4430.847,44,5,+8.936,+2.360
4436.077,44,5,+7.606,+2.742
4447.014,44,5,+7.753,+1.861
4450.997,44,5,+5.941,+1.741
4455.725,44,5,+3.828,+0.145
4466.194,44,5,+4.918,+0.848
4472.161,44,5,+3.849,+0.348
4478.313,44,5,+4.573,+1.186
4487.468,44,5,+4.113,+0.798
4495.316,44,5,+3.658,+0.582
4502.461,44,5,+4.760,+1.599
4510.291,44,5,+3.983,+0.695
4516.246,44,5,+3.824,+1.153
4529.357,44,5,+3.826,+0.928
4535.477,44,5,+4.791,+1.408
4536.587,44,5,+4.513,+1.226
4539.368,44,5,+3.480,+0.505
4541.43,44,5,+3.608,+0.715
4542.524,44,5,+3.675,+0.857
4549.397,44,5,+4.413,+1.389
4552.277,44,5,+5.103,+2.094
4555.435,44,5,+4.016,+1.158
4566.044,44,5,+4.078,+1.026
4575.698,44,5,+4.174,+1.168
4580.469,44,5,+4.005,+0.965
4585.285,44,5,+3.631,+0.566
4596.034,44,5,+3.675,+0.870
4601.453,44,5,+4.513,+1.635
4608.11,44,5,+3.674,+0.861
4616.406,44,5,+3.350,+0.723
4623.548,44,5,+4.108,+1.050
4628.901,44,5,+3.835,+1.104
4640.117,44,5,+5.608,+1.964
4646.977,44,5,+4.243,+1.316
4653.104,44,5,+4.415,+1.127
4659.569,44,5,+3.598,+0.819
4665.714,44,5,+3.488,+0.564
4678.685,44,5,+3.150,+0.637
4684.377,44,5,+4.020,+1.272
4685.498,44,5,+3.629,+0.949
4688.843,44,5,+2.961,+0.500
4691.498,44,5,+3.611,+1.025
4692.53,44,5,+3.769,+1.194
4698.157,44,5,+3.522,+1.395
4701.298,44,5,+4.797,+1.938
4704.477,44,5,+3.995,+1.454
4713.53,44,5,+4.228,+1.486
4719.343,44,5,+3.509,+0.506
4724.898,44,5,+3.685,+1.536
4729.539,44,5,+4.058,+1.217
4740.772,44,5,+4.315,+1.686
4745.162,44,5,+4.275,+1.442
4750.772,44,5,+3.453,+0.608
4759.866,44,5,+3.325,+0.507
4768.303,44,5,+3.833,+1.446
4773.241,44,5,+3.691,+1.053
4785.272,44,5,+4.623,+2.075
4793.35,44,5,+2.579,+0.800
4802.058,44,5,+2.133,+0.390
4810.878,44,5,+1.872,+0.439
4818.507,44,5,+1.995,+0.483
4830.215,44,5,+1.618,+0.254
4834.83,44,5,+1.504,+0.230
4835.911,44,5,+1.554,+0.216
4838.63,44,5,+1.656,+0.305
4840.192,44,5,+1.656,+0.309
4840.911,44,5,+1.643,+0.309
4845.052,44,5,+1.505,+0.332
4846.161,44,5,+1.425,+0.347
4848.501,44,5,+1.303,+0.260
4853.72,44,5,+1.407,+0.282
4859.931,44,5,+1.753,+0.202
4863.303,44,5,+1.695,+0.111
4866.897,44,5,+1.784,+0.313
4874.53,44,4,+1.784,+0.313
4874.611,44,4,+1.836,+0.674
4878.104,44,4,+1.815,+0.724
4882.163,44,4,+1.616,+0.465
4888.127,44,4,+1.699,+0.325
4893.007,44,4,+1.825,+0.354
4897.085,44,4,+1.896,+0.329
4903.898,44,4,+2.147,+0.380
4909.225,44,4,+2.020,+0.194
4913.407,44,4,+1.988,+0.098
4917.881,44,4,+1.882,+0.047
4921.478,44,4,+1.761,+0.087
4929.998,44,3,+1.761,+0.087
4930.078,44,3,+1.842,+0.573
4934.33,44,3,+1.799,+0.554
4935.343,44,3,+1.789,+0.537
4937.713,44,3,+1.704,+0.519
4939.145,44,3,+1.674,+0.508
4939.946,44,3,+1.652,+0.491
4944.025,44,3,+1.397,+0.227
4945.169,44,3,+1.309,+0.147
4947.478,44,3,+1.242,+0.108
4952.525,44,3,+1.269,+0.302
4958.309,44,3,+1.386,+0.299
4961.678,44,3,+1.355,+0.236
4965.253,44,3,+1.358,+0.266
4972.741,44,3,+1.430,+0.299
4976.319,44,3,+1.409,+0.322
4980.457,44,3,+1.296,+0.276
4985.932,44,2,+1.296,+0.276
4986.018,44,2,+0.928,+0.928
4990.839,44,2,+1.104,+1.104
4994.915,44,2,+1.119,+1.119
5001.262,44,2,+1.104,+1.104
5006.598,44,2,+0.975,+0.975
5010.831,44,2,+0.985,+0.985
5015.251,44,2,+0.848,+0.848
5018.861,44,2,+0.653,+0.653
5027.214,44,2,+0.559,+0.559
5031.551,44,2,+0.614,+0.614
5032.488,44,2,+0.598,+0.598
5034.801,44,2,+0.539,+0.539
5036.207,44,2,+0.516,+0.516
5037.02,44,2,+0.503,+0.503
5041.109,44,2,+0.404,+0.404
5042.269,44,2,+0.372,+0.372
5044.644,44,2,+0.500,+0.500
5049.673,44,2,+0.557,+0.557
5055.032,44,2,+0.651,+0.651
5058.469,44,2,+0.673,+0.673
5062.107,44,2,+0.698,+0.698
5069.231,44,2,+0.747,+0.747
5072.954,44,2,+0.749,+0.749
5077.057,44,2,+0.729,+0.729
5082.666,44,2,+0.663,+0.663
5087.385,44,2,+0.782,+0.782
5091.541,44,2,+0.849,+0.849
5097.935,44,2,+0.970,+0.970
5103.314,44,2,+0.947,+0.947
5107.531,44,2,+0.970,+0.970
5112.032,44,2,+0.893,+0.893
5115.751,44,2,+0.781,+0.781
5124.203,44,2,+0.807,+0.807
5128.463,44,2,+0.877,+0.877
5129.406,44,2,+0.896,+0.896
5131.732,44,2,+0.852,+0.852
5133.185,44,2,+0.841,+0.841
5133.898,44,2,+0.830,+0.830
5138.158,44,2,+0.704,+0.704
5139.345,44,2,+0.663,+0.663
5141.714,44,2,+0.730,+0.730
5146.579,44,2,+0.713,+0.713
5152.153,44,2,+0.855,+0.855
5155.575,44,2,+0.859,+0.859
5159.122,44,2,+0.845,+0.845
5166.185,44,2,+0.827,+0.827
5169.888,44,2,+0.850,+0.850
5173.998,44,2,+0.859,+0.859
5179.625,44,2,+0.754,+0.754
5184.279,44,2,+0.861,+0.861
5188.355,44,2,+0.896,+0.896
5194.715,44,2,+0.889,+0.889
5200.019,44,2,+0.896,+0.896
5204.222,44,2,+0.920,+0.920
5208.766,44,2,+0.911,+0.911
5212.519,44,2,+0.910,+0.910
5220.945,44,2,+1.017,+1.017
5225.179,44,2,+1.074,+1.074
5226.133,44,2,+1.039,+1.039
5228.414,44,2,+0.988,+0.988
5229.836,44,2,+0.979,+0.979
5230.632,44,2,+0.972,+0.972
5234.889,44,2,+0.884,+0.884
5236.082,44,2,+0.861,+0.861
5238.553,44,2,+0.984,+0.984
5243.389,44,2,+0.989,+0.989
5248.958,44,2,+1.095,+1.095
5252.376,44,2,+1.098,+1.098
5256.048,44,2,+1.205,+1.205
5263.189,44,2,+1.259,+1.259
5266.955,44,2,+1.308,+1.308
5271.095,44,2,+1.132,+1.132
5276.705,44,2,+0.980,+0.980
5281.379,44,2,+1.031,+1.031
5285.412,44,2,+1.013,+1.013
5291.703,44,2,+0.962,+0.962
5297.057,44,2,+0.919,+0.919
5301.276,44,2,+0.941,+0.941
5305.821,44,2,+0.983,+0.983
5309.639,44,2,+1.022,+1.022
5318.009,44,2,+1.017,+1.017
5322.279,44,2,+1.074,+1.074
5323.196,44,2,+1.051,+1.051
5325.501,44,2,+1.025,+1.025
5326.954,44,2,+1.026,+1.026
5327.704,44,2,+1.030,+1.030
5332.07,44,2,+1.031,+1.031
5333.344,44,2,+1.024,+1.024
5335.689,44,2,+1.104,+1.104
5340.513,44,2,+1.064,+1.064
5346.063,44,2,+1.148,+1.148
5349.454,44,2,+1.177,+1.177
5353.079,44,2,+1.189,+1.189
5360.117,44,2,+1.148,+1.148
5363.867,44,2,+1.158,+1.158
5368.039,44,2,+1.056,+1.056
5373.731,44,2,+0.958,+0.958
5378.369,44,2,+1.003,+1.003
5382.417,44,2,+0.991,+0.991
5388.704,44,2,+0.971,+0.971
5394.061,44,2,+0.985,+0.985
5398.28,44,2,+1.011,+1.011
5402.864,44,2,+1.060,+1.060
5406.732,44,2,+1.089,+1.089
5415.047,44,2,+1.194,+1.194
5419.296,44,2,+1.271,+1.271
5420.233,44,2,+1.269,+1.269
5422.593,44,2,+1.286,+1.286
5424.058,44,2,+1.302,+1.302
5424.816,44,2,+1.317,+1.317
5429.244,44,2,+1.386,+1.386
5430.458,44,2,+1.394,+1.394
5432.789,44,2,+1.444,+1.444
5437.6,44,2,+1.429,+1.429
5443.054,44,2,+1.414,+1.414
5446.502,44,2,+1.401,+1.401
5450.111,44,2,+1.445,+1.445
5457.158,44,2,+1.422,+1.422
5460.955,44,2,+1.457,+1.457
5465.116,44,2,+1.458,+1.458
5470.732,44,2,+1.308,+1.308
5475.373,44,2,+1.314,+1.314
5479.496,44,2,+1.364,+1.364
5485.798,44,2,+1.350,+1.350
5491.199,44,2,+1.370,+1.370
5495.396,44,2,+1.381,+1.381
5499.97,44,2,+1.420,+1.420
5503.784,44,2,+1.460,+1.460
5512.128,44,2,+1.476,+1.476
5516.331,44,2,+1.500,+1.500
5517.253,44,2,+1.488,+1.488
5519.55,44,2,+1.470,+1.470
5520.987,44,2,+1.473,+1.473
5521.753,44,2,+1.470,+1.470
5525.97,44,2,+1.389,+1.389
5527.191,44,2,+1.363,+1.363
5529.499,44,2,+1.376,+1.376
5534.426,44,2,+1.317,+1.317
5539.879,44,2,+1.366,+1.366
5543.413,44,2,+1.437,+1.437
5547.038,44,2,+1.527,+1.527
5554.117,44,2,+1.562,+1.562
5557.898,44,2,+1.593,+1.593
5562.008,44,2,+1.551,+1.551
5567.57,44,2,+1.331,+1.331
5572.226,44,2,+1.368,+1.368
5576.273,44,2,+1.365,+1.365
5582.555,44,2,+1.394,+1.394
5587.98,44,2,+1.342,+1.342
5592.216,44,2,+1.365,+1.365
5596.81,44,2,+1.424,+1.424
5600.658,44,2,+1.467,+1.467
5608.999,44,2,+1.485,+1.485
5613.28,44,2,+1.568,+1.568
5614.247,44,2,+1.557,+1.557
5616.516,44,2,+1.505,+1.505
5617.932,44,2,+1.506,+1.506
5618.702,44,2,+1.513,+1.513
5623.07,44,2,+1.536,+1.536
5624.279,44,2,+1.539,+1.539
5626.617,44,2,+1.550,+1.550
5631.48,44,2,+1.440,+1.440
5636.97,44,2,+1.477,+1.477
5640.401,44,2,+1.485,+1.485
5644.032,44,2,+1.544,+1.544
5651.091,44,2,+1.533,+1.533
5654.863,44,2,+1.584,+1.584
5658.917,44,2,+1.542,+1.542
5664.532,44,2,+1.519,+1.519
5669.223,44,2,+1.551,+1.551
5673.301,44,2,+1.591,+1.591
5679.551,44,2,+1.585,+1.585
5685.004,44,2,+1.660,+1.660
5689.238,44,2,+1.699,+1.699
5693.816,44,2,+1.741,+1.741
5697.676,44,2,+1.773,+1.773
5705.988,44,2,+1.830,+1.830
5710.176,44,2,+1.858,+1.858
5711.129,44,2,+1.849,+1.849
5713.488,44,2,+1.891,+1.891
5714.941,44,2,+1.902,+1.902
5715.691,44,2,+1.907,+1.907
5720.033,44,2,+1.895,+1.895
5721.245,44,2,+1.889,+1.889
5723.548,44,2,+1.844,+1.844
5728.399,44,2,+1.737,+1.737
5733.88,44,2,+1.767,+1.767
5737.442,44,2,+1.828,+1.828
5741.036,44,2,+1.932,+1.932
5748.13,44,2,+1.979,+1.979
5751.849,44,2,+2.005,+2.005
5755.942,44,2,+1.921,+1.921
5761.552,44,2,+1.882,+1.882
5766.224,44,2,+1.905,+1.905
5770.288,44,2,+1.906,+1.906
5776.568,44,2,+1.853,+1.853
5782.005,44,2,+1.926,+1.926
5786.224,44,2,+1.973,+1.973
5790.879,44,2,+2.017,+2.017
5794.67,44,2,+2.058,+2.058
5803.107,44,2,+2.141,+2.141
5807.314,44,2,+2.201,+2.201
5808.259,44,2,+2.168,+2.168
5810.579,44,2,+2.145,+2.145
5811.981,44,2,+2.150,+2.150
5816.984,44,2,+2.011,+2.011
5818.104,44,2,+1.958,+1.958
5820.483,44,2,+1.999,+1.999
5825.36,44,2,+2.017,+2.017
5830.942,44,2,+2.076,+2.076
5834.363,44,2,+2.163,+2.163
5838.058,44,2,+2.271,+2.271
5845.07,44,2,+2.275,+2.275
5848.825,44,2,+2.304,+2.304
5852.93,44,2,+2.255,+2.255
5858.499,44,2,+2.176,+2.176
5863.197,44,2,+2.226,+2.226
5867.322,44,2,+2.319,+2.319
5873.638,44,2,+2.322,+2.322
5878.999,44,2,+2.326,+2.326
5883.253,44,2,+2.346,+2.346
5887.858,44,2,+2.422,+2.422
5891.716,44,2,+2.514,+2.514
5900.651,44,3,+2.514,+2.514
5900.979,44,3,+3.416,+0.169
5905.37,44,3,+3.657,+0.223
5906.323,44,3,+3.709,+0.274
5908.76,44,3,+3.833,+0.384
5910.229,44,3,+3.862,+0.393
5911.026,44,3,+3.860,+0.375
5915.151,44,3,+3.679,+0.100
5916.307,44,3,+3.618,+0.018
5918.463,44,2,+3.618,+0.018
5918.541,44,2,+3.552,+3.552
5923.323,44,3,+3.552,+3.552
5923.51,44,3,+3.698,+0.086
5929.541,44,3,+4.246,+0.437
5933.057,44,3,+4.368,+0.500
5936.651,44,3,+4.419,+0.392
5943.87,44,3,+4.613,+0.441
5947.635,44,3,+4.636,+0.406
5951.651,44,3,+4.551,+0.407
5957.479,44,3,+4.701,+0.581
5962.229,44,3,+4.777,+0.638
5966.354,44,3,+4.912,+0.651
5972.823,44,3,+5.041,+0.768
5978.17,44,3,+5.047,+0.721
5982.389,44,3,+5.061,+0.707
5986.88,44,3,+4.997,+0.561
5990.572,44,3,+4.922,+0.368
5999.032,44,3,+5.074,+0.422
6003.329,44,3,+5.162,+0.436
6004.282,44,3,+5.184,+0.484
6006.672,44,3,+5.225,+0.577
6008.063,44,3,+5.241,+0.597
6008.875,44,3,+5.239,+0.587
6013.048,44,3,+5.077,+0.355
6014.188,44,3,+5.016,+0.272
6016.579,44,3,+5.122,+0.398
6021.329,44,3,+5.005,+0.323
6026.96,44,3,+5.175,+0.470
6030.5,44,3,+5.265,+0.542
6034.163,44,3,+5.350,+0.493
6041.345,44,3,+5.441,+0.620
6045.072,44,3,+5.451,+0.609
6049.132,44,3,+5.427,+0.570
6054.816,44,3,+5.451,+0.731
6059.502,44,3,+5.516,+0.765
6063.553,44,3,+5.524,+0.711
6069.913,44,3,+5.534,+0.732
6075.246,44,3,+5.514,+0.630
6079.45,44,3,+5.528,+0.616
6083.871,44,3,+5.382,+0.430
6087.418,44,3,+5.173,+0.149
6095.714,44,2,+5.173,+0.149
6095.808,44,2,+5.255,+5.255
6100.074,44,2,+5.331,+5.331
6101.027,44,2,+5.319,+5.319
6103.324,44,2,+5.277,+5.277
6104.777,44,2,+5.332,+5.332
6105.605,44,2,+5.390,+5.390
6109.934,44,3,+5.390,+5.390
6110.037,44,3,+5.483,+0.001
6111.314,44,3,+5.492,+0.050
6113.6,44,3,+5.550,+0.135
6118.701,44,3,+5.523,+0.097
6124.364,44,3,+6.027,+0.323
6127.945,44,3,+6.142,+0.418
6131.434,44,3,+6.065,+0.241
6138.57,44,3,+6.137,+0.127
6142.178,44,3,+6.071,+0.050
6146.398,44,3,+6.197,+0.118
6151.956,44,2,+6.197,+0.118
6152.018,44,2,+6.060,+6.060
6156.847,44,3,+6.060,+6.060
6157.19,44,3,+6.641,+0.259
6161.503,44,3,+6.893,+0.244
6168.182,44,3,+7.248,+0.340
6173.469,44,3,+7.144,+0.358
6177.719,44,3,+7.168,+0.375
6182.408,44,3,+7.293,+0.501
6185.86,44,4,+7.293,+0.501
6186.173,44,4,+7.345,+0.180
6194.844,44,4,+7.659,+0.210
6199.11,44,4,+7.764,+0.296
6200.079,44,4,+7.788,+0.352
6202.485,44,4,+7.859,+0.432
6203.985,44,4,+7.957,+0.526
6204.829,44,4,+8.032,+0.593
6209.423,44,4,+8.329,+0.860
6210.704,44,4,+8.354,+0.905
6213.017,44,4,+8.381,+0.947
6217.87,44,4,+8.326,+0.738
6223.415,44,4,+8.487,+0.858
6226.99,44,4,+8.580,+0.949
6230.597,44,4,+8.599,+1.000
6237.669,44,4,+8.652,+0.965
6241.402,44,4,+8.677,+0.988
6245.418,44,4,+8.609,+0.945
6251.175,44,4,+8.673,+0.938
6255.907,44,4,+8.764,+1.003
6259.969,44,4,+8.781,+1.028
6266.423,44,4,+8.896,+1.032
6271.781,44,4,+8.886,+1.018
6276.001,44,4,+8.897,+1.016
6280.413,44,4,+8.763,+1.096
6284.041,44,4,+8.607,+1.206
6292.381,44,4,+8.614,+0.966
6296.581,44,4,+8.648,+0.886
6297.533,44,4,+8.664,+0.837
6299.881,44,4,+8.672,+0.842
6301.319,44,4,+8.669,+0.842
6302.069,44,4,+8.661,+0.840
6306.192,44,4,+8.493,+0.750
6307.339,44,4,+8.431,+0.721
6309.565,44,4,+8.362,+0.631
6314.721,44,4,+8.543,+0.728
6320.207,44,4,+8.653,+0.788
6323.764,44,4,+8.697,+0.840
6327.38,44,4,+8.794,+0.939
6334.498,44,4,+8.882,+0.929
6338.295,44,4,+8.941,+0.960
6342.42,44,4,+8.940,+1.004
6347.967,44,4,+8.891,+0.924
6352.7,44,4,+8.982,+1.021
6356.755,44,4,+8.990,+1.022
6363.146,44,4,+9.107,+1.037
6368.459,44,4,+9.061,+0.962
6372.678,44,4,+9.070,+1.000
6377.114,44,4,+8.973,+1.082
6380.812,44,4,+8.903,+1.222
6389.152,44,4,+8.981,+0.903
6393.372,44,4,+9.028,+0.891
6394.324,44,4,+9.029,+0.892
6396.668,44,4,+9.040,+0.905
6398.089,44,4,+9.050,+0.912
6398.839,44,4,+9.051,+0.918
6403.168,44,4,+8.996,+0.945
6404.277,44,4,+8.964,+0.947
6406.496,44,4,+8.924,+0.944
6411.531,44,4,+9.081,+1.180
6416.971,44,4,+9.190,+0.913
6420.518,44,4,+9.289,+0.937
6424.143,44,4,+9.338,+0.900
6431.268,44,4,+9.437,+0.877
6435.002,44,4,+9.494,+0.901
6439.107,44,4,+9.476,+0.933
6444.713,44,4,+9.464,+0.911
6449.478,44,4,+9.587,+0.916
6453.525,44,4,+9.587,+0.843
6459.916,44,4,+9.733,+0.824
6465.213,44,4,+9.644,+0.769
6469.447,44,4,+9.677,+0.805
6473.96,44,4,+9.556,+0.793
6477.429,44,4,+9.424,+0.740
6485.819,44,4,+9.509,+0.769
6490.085,44,4,+9.580,+0.748
6491.038,44,4,+9.576,+0.771
6493.347,44,4,+9.570,+0.798
6494.738,44,4,+9.575,+0.808
6495.55,44,4,+9.570,+0.806
6499.701,44,4,+9.431,+0.740
6500.865,44,4,+9.377,+0.718
6503.099,44,4,+9.358,+0.783
6508.036,44,4,+9.514,+1.115
6513.62,44,4,+9.624,+0.997
6517.165,44,4,+9.728,+1.047
6520.76,44,4,+9.755,+1.006
6527.818,44,4,+9.789,+0.986
6531.534,44,4,+9.809,+0.981
6535.6,44,4,+9.823,+1.014
6541.163,44,4,+9.875,+1.054
6545.882,44,4,+9.927,+1.035
6549.929,44,4,+9.913,+1.008
6556.265,44,4,+9.916,+0.964
6561.635,44,4,+9.882,+0.949
6565.82,44,4,+9.924,+0.973
6570.258,44,4,+9.836,+0.996
6573.914,44,4,+9.723,+1.017
6582.289,44,4,+9.820,+0.828
6586.586,44,4,+9.924,+0.877
6587.508,44,4,+9.924,+0.912
6589.836,44,4,+9.948,+0.958
6591.305,44,4,+9.958,+0.932
6592.023,44,4,+9.958,+0.893
6596.259,44,4,+9.876,+0.611
6597.448,44,4,+9.835,+0.542
6599.681,44,4,+9.826,+0.588
6604.58,44,4,+9.885,+0.652
6610.133,44,4,+10.060,+0.608
6613.597,44,4,+10.132,+0.637
6617.193,44,4,+10.149,+0.578
6624.289,44,4,+10.249,+0.636
6628.001,44,4,+10.291,+0.624
6632.065,44,4,+10.295,+0.594
6637.7,44,4,+10.333,+0.710
6642.466,44,4,+10.470,+0.761
6646.503,44,4,+10.485,+0.714
6652.881,44,4,+10.615,+0.717
6658.327,44,4,+10.635,+0.808
6662.557,44,4,+10.664,+0.814
6666.972,44,4,+10.543,+0.806
6670.581,44,4,+10.406,+0.776
6678.934,44,4,+10.553,+0.801
6683.187,44,4,+10.620,+0.794
6684.134,44,4,+10.597,+0.810
6686.456,44,4,+10.599,+0.871
6687.902,44,4,+10.602,+0.883
6688.657,44,4,+10.604,+0.898
6692.949,44,4,+10.578,+1.059
6694.136,44,4,+10.560,+1.095
6696.42,44,4,+10.574,+1.241
6701.346,44,4,+10.583,+1.349
6706.751,44,4,+10.475,+1.121
6710.329,44,4,+10.553,+1.181
6713.891,44,4,+10.600,+1.127
6721.001,44,4,+10.637,+1.135
6724.719,44,4,+10.673,+1.135
6728.813,44,4,+10.685,+1.143
6734.36,44,4,+10.638,+1.182
6739.141,44,4,+10.696,+1.229
6743.172,44,4,+10.704,+1.168
6749.549,44,4,+10.762,+1.245
6754.857,44,4,+10.690,+1.192
6759.081,44,4,+10.713,+1.192
6763.468,44,4,+10.591,+1.021
6767.74,44,4,+10.421,+0.793
6775.379,44,4,+10.517,+0.771
6779.66,44,4,+10.617,+0.767
6780.634,44,4,+10.639,+0.808
6782.982,44,4,+10.659,+0.850
6784.407,44,4,+10.666,+0.854
6785.142,44,4,+10.657,+0.844
6789.29,44,4,+10.461,+0.691
6790.441,44,4,+10.392,+0.635
6792.701,44,4,+10.467,+0.694
6797.784,44,4,+10.595,+0.962
6803.411,44,4,+10.794,+0.989
6806.894,44,4,+10.905,+1.022
6810.603,44,4,+10.966,+0.964
6817.61,44,4,+11.022,+1.006
6821.31,44,4,+11.041,+1.002
6825.356,44,4,+11.030,+0.986
6830.95,44,4,+11.002,+1.076
6835.637,44,4,+11.071,+1.080
6839.7,44,4,+11.109,+1.026
6846.091,44,4,+11.192,+1.081
6851.512,44,4,+11.263,+1.075
6855.715,44,4,+11.301,+1.063
6860.104,44,4,+11.223,+0.920
6863.812,44,4,+11.181,+0.774
6872.229,44,4,+11.307,+0.743
6876.449,44,4,+11.399,+0.768
6877.432,44,4,+11.408,+0.811
6879.698,44,4,+11.384,+0.859
6881.104,44,4,+11.386,+0.864
6881.901,44,4,+11.388,+0.867
6886.207,44,4,+11.365,+0.886
6887.395,44,4,+11.349,+0.876
6889.676,44,4,+11.386,+0.969
6894.485,44,4,+11.176,+0.936
6900.15,44,4,+11.478,+1.113
6903.644,44,4,+11.555,+1.126
6907.222,44,4,+11.575,+1.083
6914.253,44,4,+11.544,+1.077
6917.972,44,4,+11.568,+1.074
6922.082,44,4,+11.599,+1.069
6927.675,44,4,+11.686,+1.152
6932.394,44,4,+11.759,+1.138
6936.425,44,4,+11.757,+1.055
6942.681,44,4,+11.812,+1.007
6948.16,44,4,+11.841,+1.056
6952.372,44,4,+11.870,+1.048
6956.835,44,4,+11.799,+0.909
6960.524,44,4,+11.712,+0.737
6968.774,44,3,+11.712,+0.737
6968.884,44,3,+11.839,+4.102
6973.647,44,3,+12.457,+4.750
6974.636,44,3,+12.549,+4.899
6977.032,44,3,+12.654,+5.063
6978.488,44,3,+12.684,+5.098
6979.254,44,3,+12.688,+5.105
6983.465,44,3,+12.593,+5.025
6984.681,44,3,+12.568,+5.002
6986.947,44,3,+12.612,+5.065
6991.92,44,3,+12.745,+5.161
6997.347,44,3,+12.710,+5.148
7000.863,44,3,+12.770,+5.241
7004.628,44,3,+12.932,+5.394
7011.66,44,3,+13.025,+5.484
7016.019,44,3,+13.079,+5.510
7019.488,44,3,+13.115,+5.541
7025.003,44,3,+13.083,+5.508
7029.707,44,3,+13.121,+5.544
7033.785,44,3,+13.178,+5.603
7040.021,44,3,+13.014,+5.560
7045.385,44,3,+13.055,+5.600
7049.588,44,3,+13.105,+5.636
7054.198,44,3,+13.180,+5.713
7058.06,44,3,+13.315,+5.846
7066.601,44,3,+13.564,+5.981
7070.804,44,3,+13.626,+6.057
7071.758,44,3,+13.659,+6.111
7074.039,44,3,+13.666,+6.172
7075.461,44,3,+13.676,+6.190
7076.258,44,3,+13.675,+6.192
7080.432,44,3,+13.566,+6.083
7081.636,44,3,+13.544,+6.060
7083.985,44,3,+13.690,+6.212
7088.895,44,3,+13.574,+6.224
7094.298,44,3,+13.580,+6.217
7097.747,44,3,+13.612,+6.257
7101.445,44,3,+13.736,+6.374
7108.507,44,3,+13.795,+6.469
7112.242,44,3,+13.832,+6.499
7116.357,44,3,+13.866,+6.542
7121.894,44,3,+13.845,+6.549
7126.518,44,3,+13.909,+6.638
7130.638,44,3,+13.943,+6.691
7136.729,44,3,+13.841,+6.636
7142.12,44,3,+13.863,+6.653
7146.37,44,3,+13.888,+6.678
7150.948,44,3,+13.991,+6.786
7154.838,44,3,+14.168,+6.979
7163.246,44,3,+14.085,+7.080
7167.495,44,3,+14.187,+7.184
7168.463,44,3,+14.195,+7.226
7170.713,44,3,+14.152,+7.272
7172.088,44,3,+14.156,+7.293
7172.885,44,3,+14.165,+7.310
7177.104,44,3,+14.105,+7.275
7178.307,44,3,+14.079,+7.250
7180.635,44,3,+14.200,+7.412
7185.479,44,3,+14.234,+7.338
7191.067,44,3,+14.380,+7.503
7194.533,44,3,+14.430,+7.564
7198.193,44,3,+14.559,+7.683
7205.217,44,3,+14.605,+7.666
7208.968,44,3,+14.663,+7.690
7213.045,44,3,+14.692,+7.706
7218.576,44,3,+14.700,+7.710
7223.193,44,3,+14.745,+7.773
7227.225,44,3,+14.770,+7.784
7233.499,44,3,+14.826,+7.869
7238.983,44,3,+14.935,+7.967
7243.217,44,3,+14.975,+8.010
7247.796,44,3,+15.073,+8.103
7251.702,44,3,+15.266,+8.271
7260.127,44,3,+15.411,+8.361
7264.36,44,3,+15.492,+8.489
7265.304,44,3,+15.501,+8.553
7267.582,44,3,+15.508,+8.629
7269.016,44,3,+15.516,+8.651
7269.774,44,3,+15.515,+8.657
7273.981,44,3,+15.466,+8.614
7275.188,44,3,+15.462,+8.605
7277.58,44,3,+15.689,+8.830
7282.449,44,3,+15.722,+8.760
7287.858,44,3,+15.751,+8.828
7291.445,44,3,+15.817,+8.927
7295.123,44,3,+15.950,+9.067
7302.188,44,3,+15.986,+9.120
7305.855,44,3,+15.986,+9.111
7309.912,44,3,+16.002,+9.135
7315.482,44,3,+16.072,+9.175
7320.129,44,3,+16.124,+9.252
7324.225,44,3,+16.202,+9.337
7330.502,44,3,+16.259,+9.456
7335.922,44,3,+16.292,+9.479
7340.123,44,3,+16.312,+9.484
7344.705,44,3,+16.401,+9.528
7348.575,44,3,+16.580,+9.661
7357.334,44,4,+16.580,+9.661
7357.602,44,4,+17.319,+0.143
7362.121,44,4,+17.750,+0.206
7363.15,44,4,+17.827,+0.247
7365.667,44,4,+18.063,+0.511
7367.06,44,4,+18.108,+0.550
7367.837,44,4,+18.113,+0.545
7371.902,44,4,+17.893,+0.221
7373.002,44,4,+17.806,+0.093
7375.373,44,4,+18.003,+0.152
7380.057,44,3,+18.003,+0.152
7380.134,44,3,+17.912,+10.846
7385.703,44,3,+18.033,+11.112
7389.334,44,3,+18.146,+11.261
7392.918,44,3,+18.180,+11.271
7400.192,44,3,+18.424,+11.583
7403.902,44,3,+18.436,+11.578
7407.945,44,3,+18.458,+11.611
7413.594,44,3,+18.509,+11.743
7418.347,44,3,+18.544,+11.815
7422.466,44,3,+18.678,+11.951
7428.857,44,3,+18.620,+12.071
7434.218,44,3,+18.455,+12.129
7438.436,44,3,+18.475,+12.159
7442.901,44,3,+18.558,+12.151
7446.718,44,3,+18.812,+12.233
7455.161,44,3,+18.927,+12.337
7459.402,44,3,+19.010,+12.447
7460.381,44,3,+18.999,+12.503
7462.63,44,3,+18.922,+12.549
7464.061,44,3,+18.911,+12.560
7464.85,44,3,+18.915,+12.568
7469.134,44,3,+18.970,+12.626
7470.366,44,3,+18.990,+12.646
7472.682,44,3,+19.151,+12.770
7477.536,44,3,+19.189,+12.811
7483.066,44,3,+19.199,+12.867
7486.521,44,3,+19.222,+12.867
7490.148,44,3,+19.315,+12.954
7497.146,44,3,+19.335,+12.960
7500.868,44,3,+19.382,+12.976
7504.961,44,3,+19.425,+13.010
7510.482,44,3,+19.416,+12.965
7515.049,44,3,+19.420,+13.018
7519.095,44,3,+19.421,+13.020
7525.343,44,3,+19.329,+12.865
7530.702,44,3,+19.377,+12.881
7534.936,44,3,+19.422,+12.920
7539.51,44,3,+19.619,+13.021
7543.367,44,3,+19.880,+13.252
7551.703,44,3,+20.042,+13.283
7555.918,44,3,+20.097,+13.364
7556.835,44,3,+20.082,+13.367
7559.109,44,3,+20.040,+13.373
7560.513,44,3,+20.044,+13.388
7561.274,44,3,+20.043,+13.398
7565.466,44,3,+19.976,+13.405
7566.647,44,3,+19.969,+13.423
7568.883,44,3,+20.012,+13.426
7573.661,44,3,+19.960,+13.148
7579.089,44,3,+19.986,+13.083
7582.602,44,3,+20.017,+13.084
7586.249,44,3,+20.132,+13.224
7593.218,44,3,+20.111,+12.975
7596.921,44,3,+20.135,+12.995
7601.006,44,3,+20.172,+12.943
7606.46,44,3,+20.094,+12.806
7611.135,44,3,+20.098,+12.802
7615.167,44,3,+20.109,+12.803
7621.404,44,3,+19.984,+12.579
7627.035,44,3,+20.224,+12.562
7631.274,44,3,+20.285,+12.597
7635.886,44,3,+20.394,+12.725
7639.735,44,3,+20.617,+12.937
7648.136,44,3,+20.623,+13.026
7652.376,44,3,+20.730,+13.145
7653.283,44,3,+20.699,+13.153
7655.613,44,3,+20.626,+13.224
7657.009,44,3,+20.623,+13.245
7657.788,44,3,+20.629,+13.253
7662.097,44,3,+20.695,+13.267
7663.339,44,3,+20.728,+13.274
7665.583,44,3,+20.774,+13.318
7670.421,44,3,+20.808,+13.242
7675.757,44,3,+20.714,+13.214
7679.302,44,3,+20.752,+13.287
7682.9,44,3,+20.804,+13.358
7689.882,44,3,+20.749,+13.290
7693.604,44,3,+20.783,+13.312
7697.656,44,3,+20.836,+13.357
7703.187,44,3,+20.751,+13.374
7707.858,44,3,+20.756,+13.441
7711.883,44,3,+20.740,+13.433
7718.143,44,3,+20.591,+13.379
7723.518,44,3,+20.516,+13.436
7727.685,44,3,+20.551,+13.478
7732.325,44,3,+20.699,+13.543
7736.138,44,3,+20.992,+13.641
7744.483,44,3,+20.996,+13.650
7748.635,44,3,+21.030,+13.713
7749.547,44,3,+20.984,+13.744
7751.838,44,3,+20.904,+13.808
7753.239,44,3,+20.905,+13.825
7754.002,44,3,+20.911,+13.827
7758.202,44,3,+20.872,+13.723
7759.382,44,3,+20.858,+13.693
7761.576,44,3,+20.757,+13.686
7766.398,44,3,+20.790,+13.617
7771.848,44,3,+20.795,+13.676
7775.328,44,3,+20.850,+13.690
7778.935,44,3,+20.944,+13.759
7785.914,44,3,+21.006,+13.751
7789.644,44,3,+21.060,+13.806
7793.701,44,3,+21.097,+13.855
7799.217,44,3,+21.128,+13.826
7803.873,44,3,+21.164,+13.903
7807.951,44,3,+21.233,+13.959
7814.233,44,3,+21.272,+13.925
7819.607,44,3,+21.324,+13.952
7823.89,44,3,+21.374,+14.009
7828.393,44,3,+21.536,+14.088
7832.298,44,3,+21.714,+14.222
7840.685,44,3,+21.846,+14.344
7844.884,44,3,+21.890,+14.427
7845.782,44,3,+21.867,+14.464
7848.106,44,3,+21.826,+14.505
7849.485,44,3,+21.826,+14.521
7850.254,44,3,+21.819,+14.525
7854.373,44,3,+21.669,+14.469
7855.535,44,3,+21.621,+14.454
7857.759,44,3,+21.621,+14.490
7862.538,44,3,+21.646,+14.381
7868.037,44,3,+21.732,+14.475
7871.553,44,3,+21.830,+14.517
7875.147,44,3,+21.880,+14.571
7882.349,44,3,+22.112,+14.676
7886.083,44,3,+22.167,+14.733
7890.129,44,3,+22.170,+14.763
7895.609,44,3,+22.157,+14.681
7900.34,44,3,+22.247,+14.773
7904.371,44,3,+22.261,+14.761
7910.567,44,3,+22.229,+14.590
7916.039,44,3,+22.353,+14.675
7920.247,44,3,+22.398,+14.716
7924.818,44,3,+22.452,+14.826
7928.678,44,3,+22.544,+15.091
7937.006,44,3,+22.582,+15.134
7941.236,44,3,+22.650,+15.201
7942.179,44,3,+22.663,+15.193
7944.471,44,3,+22.674,+15.213
7945.878,44,3,+22.686,+15.234
7946.644,44,3,+22.687,+15.244
7950.904,44,3,+22.659,+15.296
7952.084,44,3,+22.649,+15.323
7954.283,44,3,+22.682,+15.345
7959.062,44,3,+22.682,+15.211
7964.551,44,3,+22.800,+15.227
7968.045,44,3,+22.844,+15.231
7971.633,44,3,+22.909,+15.302
7978.649,44,3,+22.964,+15.164
7982.339,44,3,+23.010,+15.266
7986.43,44,3,+23.037,+15.360
7992.009,44,3,+23.161,+15.271
7996.712,44,3,+23.261,+15.233
8000.743,44,3,+23.301,+15.218
8007.071,44,3,+23.388,+15.094
8012.524,44,3,+23.488,+15.124
8016.727,44,3,+23.524,+15.144
8021.228,44,3,+23.527,+15.140
8025.009,44,3,+23.550,+15.123
8033.415,44,3,+23.714,+15.142
8037.574,44,3,+23.736,+15.154
8038.493,44,3,+23.732,+15.157
8040.803,44,3,+23.716,+15.152
8042.183,44,3,+23.716,+15.151
8042.958,44,3,+23.714,+15.146
8047.115,44,3,+23.621,+15.025
8048.303,44,3,+23.596,+14.998
8050.553,44,3,+23.648,+15.063
8055.256,44,3,+23.606,+14.988
8060.771,44,3,+23.667,+15.055
8064.256,44,3,+23.697,+15.081
8067.85,44,3,+23.701,+15.089
8074.834,44,3,+23.752,+15.067
8078.522,44,3,+23.848,+15.138
8082.6,44,3,+23.975,+15.217
8088.068,44,3,+23.996,+15.220
8092.74,44,3,+24.038,+15.264
8096.725,44,3,+23.979,+15.201
8103.053,44,3,+23.993,+15.205
8108.475,44,3,+24.113,+15.259
8112.662,44,3,+24.137,+15.293
8117.225,44,3,+24.219,+15.401
8121.162,44,3,+24.337,+15.559
8129.553,44,3,+24.381,+15.607
8133.756,44,3,+24.456,+15.650
8134.694,44,3,+24.442,+15.632
8136.975,44,3,+24.412,+15.657
8138.412,44,3,+24.416,+15.675
8139.147,44,3,+24.417,+15.682
8143.444,44,3,+24.421,+15.683
8144.662,44,3,+24.431,+15.692
8146.881,44,3,+24.481,+15.732
8151.725,44,3,+24.418,+15.607
8157.115,44,3,+24.464,+15.678
8160.615,44,3,+24.544,+15.696
8164.209,44,3,+24.565,+15.713
8171.256,44,3,+24.651,+15.733
8174.975,44,3,+24.761,+15.841
8179.037,44,3,+24.951,+15.995
8184.476,44,3,+24.938,+15.844
8189.105,44,3,+24.962,+15.804
8193.185,44,3,+24.965,+15.814
8199.368,44,3,+24.936,+15.697
8204.845,44,3,+25.040,+15.669
8209.041,44,3,+25.076,+15.664
8213.574,44,3,+25.098,+15.763
8217.459,44,3,+25.133,+15.937
8225.804,44,3,+24.943,+15.728
8229.959,44,3,+24.959,+15.742
8230.904,44,3,+24.921,+15.715
8233.159,44,3,+24.877,+15.730
8234.614,44,3,+24.874,+15.740
8235.31,44,3,+24.862,+15.738
8239.497,44,3,+24.717,+15.636
8240.659,44,3,+24.689,+15.608
8242.868,44,3,+24.699,+15.626
8247.736,44,3,+24.768,+15.593
8253.108,44,3,+24.772,+15.639
8256.644,44,3,+24.802,+15.667
8260.207,44,3,+24.812,+15.681
8267.202,44,3,+24.850,+15.696
8270.949,44,3,+24.966,+15.797
8274.983,44,3,+25.102,+15.934
8280.488,44,3,+25.151,+15.942
8285.123,44,3,+25.182,+15.967
8289.149,44,3,+25.154,+15.910
8295.398,44,3,+25.179,+15.856
8300.983,44,3,+25.373,+16.021
8305.224,44,3,+25.424,+16.075
8309.808,44,3,+25.510,+16.157
8313.722,44,3,+25.618,+16.270
8322.1,44,3,+25.663,+16.091
8326.323,44,3,+25.746,+16.181
8327.294,44,3,+25.771,+16.206
8329.518,44,3,+25.718,+16.236
8330.976,44,3,+25.718,+16.248
8331.675,44,3,+25.724,+16.253
8335.968,44,3,+25.755,+16.231
8337.175,44,3,+25.772,+16.228
8339.388,44,3,+25.839,+16.226
8344.219,44,3,+25.727,+16.257
8349.641,44,3,+25.780,+16.286
8353.141,44,3,+25.849,+16.292
8356.672,44,3,+25.864,+16.298
8363.672,44,3,+25.872,+16.268
8367.406,44,3,+25.991,+16.364
8371.485,44,3,+26.142,+16.459
8376.969,44,3,+26.141,+16.470
8381.656,44,3,+26.159,+16.526
8385.625,44,3,+26.117,+16.478
8391.86,44,3,+26.074,+16.469
8397.344,44,3,+26.004,+16.474
8401.563,44,3,+25.947,+16.532
8406.157,44,3,+26.040,+16.608
8410.047,44,3,+26.248,+16.725
8418.407,44,3,+26.316,+16.627
8422.578,44,3,+26.369,+16.703
8423.501,44,3,+26.354,+16.736
8425.814,44,3,+26.307,+16.790
8427.195,44,3,+26.302,+16.805
8427.92,44,3,+26.302,+16.809
8432.147,44,3,+26.289,+16.782
8433.366,44,3,+26.296,+16.778
8435.537,44,3,+26.318,+16.804
8440.412,44,3,+26.391,+16.798
8445.772,44,3,+26.304,+16.901
8449.303,44,3,+26.311,+16.948
8452.883,44,3,+26.367,+17.011
8459.876,44,3,+26.331,+17.002
8463.569,44,3,+26.451,+17.107
8467.652,44,3,+26.588,+17.248
8473.128,44,3,+26.499,+17.273
8477.769,44,3,+26.358,+17.302
8481.778,44,3,+26.275,+17.239
8488.075,44,3,+26.229,+17.131
8493.449,44,3,+26.165,+17.104
8497.674,44,3,+26.207,+17.159
8502.307,44,3,+26.266,+17.229
8506.172,44,3,+26.348,+17.323
8514.504,44,3,+26.413,+17.297
8518.694,44,3,+26.449,+17.350
8519.623,44,3,+26.440,+17.361
8521.885,44,3,+26.423,+17.397
8523.308,44,3,+26.425,+17.407
8524.074,44,3,+26.425,+17.412
8528.349,44,3,+26.404,+17.434
8529.584,44,3,+26.403,+17.443
8531.794,44,3,+26.473,+17.470
8536.583,44,3,+26.348,+17.329
8542.035,44,3,+26.456,+17.454
8545.504,44,3,+26.475,+17.440
8549.066,44,3,+26.483,+17.456
8556.066,44,3,+26.514,+17.423
8559.754,44,3,+26.623,+17.517
8563.785,44,3,+26.747,+17.616
8569.301,44,3,+26.800,+17.631
8573.911,44,3,+26.837,+17.643
8577.926,44,3,+26.814,+17.608
8584.145,44,3,+26.842,+17.589
8589.629,44,3,+26.984,+17.675
8593.957,44,3,+27.063,+17.750
8598.437,44,3,+27.101,+17.834
8602.319,44,3,+27.146,+17.973
8610.788,44,3,+27.366,+18.032
8614.968,44,3,+27.440,+18.096
8615.91,44,3,+27.450,+18.120
8618.204,44,3,+27.444,+18.154
8619.604,44,3,+27.451,+18.163
8620.405,44,3,+27.446,+18.161
8624.542,44,3,+27.300,+18.052
8625.713,44,3,+27.260,+18.024
8627.886,44,3,+27.276,+18.024
8632.747,44,3,+27.334,+17.958
8638.107,44,3,+27.310,+17.967
8641.622,44,3,+27.382,+18.019
8645.214,44,3,+27.409,+18.043
8652.221,44,3,+27.460,+18.026
8655.898,44,3,+27.556,+18.100
8659.945,44,3,+27.722,+18.200
8665.445,44,3,+27.790,+18.203
8670.085,44,3,+27.857,+18.194
8674.11,44,3,+27.844,+18.174
8680.273,44,3,+27.851,+18.055
8685.804,44,3,+27.993,+18.141
8690.021,44,3,+28.033,+18.176
8694.576,44,3,+28.096,+18.293
8698.501,44,3,+28.172,+18.477
8706.975,44,3,+26.262,+18.586
8711.163,44,3,+26.365,+18.614
8712.084,44,3,+26.291,+18.631
8714.394,44,3,+26.143,+18.650
8715.804,44,3,+26.123,+18.659
8716.567,44,3,+26.115,+18.669
8720.84,44,3,+26.049,+18.725
8722.037,44,3,+26.040,+18.754
8724.286,44,3,+25.981,+18.817
8729.07,44,3,+25.900,+18.566
8734.524,44,3,+25.982,+18.639
8738.086,44,3,+26.060,+18.658
8741.659,44,3,+26.098,+18.708
8748.731,44,3,+26.164,+18.727
8752.442,44,3,+26.271,+18.819
8756.486,44,3,+26.258,+18.912
8762.005,44,3,+26.256,+18.831
8766.675,44,3,+26.332,+18.713
8770.674,44,3,+26.313,+18.637
8777.011,44,3,+26.426,+18.482
8782.46,44,3,+26.504,+18.332
8786.667,44,3,+26.561,+18.332
8791.196,44,3,+26.578,+18.416
8795.023,44,3,+26.588,+18.619
8803.423,44,3,+26.566,+18.521
8807.601,44,3,+26.550,+18.558
8808.563,44,3,+26.487,+18.573
8810.859,44,3,+26.404,+18.636
8812.257,44,3,+26.392,+18.651
8812.984,44,3,+26.379,+18.652
8817.153,44,3,+26.200,+18.551
8818.322,44,3,+26.150,+18.519
8820.484,44,3,+26.069,+18.508
8825.363,44,3,+25.953,+18.416
8830.775,44,3,+26.030,+18.532
8834.256,44,3,+25.982,+18.549
8837.836,44,3,+25.992,+18.563
8844.85,44,3,+26.007,+18.539
8848.552,44,3,+26.114,+18.615
8852.585,44,3,+26.065,+18.722
8858.108,44,3,+26.060,+18.751
8862.736,44,3,+26.075,+18.795
8866.695,44,3,+26.019,+18.768
8873.005,44,3,+25.989,+18.651
8878.472,44,3,+26.092,+18.702
8882.677,44,3,+26.137,+18.735
8887.238,44,3,+26.184,+18.797
8891.121,44,3,+26.254,+18.889
8899.488,44,3,+26.257,+18.906
8903.687,44,3,+26.289,+18.984
8904.608,44,3,+26.242,+19.009
8906.93,44,3,+26.128,+19.042
8908.429,44,3,+26.107,+19.051
8909.085,44,3,+26.093,+19.049
8913.251,44,3,+25.929,+18.921
8914.421,44,3,+25.885,+18.882
8916.622,44,3,+25.870,+18.903
8921.408,44,3,+25.893,+18.850
8926.845,44,3,+25.961,+18.964
8930.361,44,3,+25.969,+19.018
8933.924,44,3,+25.976,+19.020
8940.986,44,3,+26.040,+19.017
8944.659,44,3,+26.152,+19.105
8948.721,44,3,+26.068,+19.246
8954.221,44,3,+26.048,+19.256
8958.892,44,3,+26.130,+19.311
8962.892,44,3,+26.089,+19.284
8969.111,44,3,+26.096,+19.269
8974.638,44,3,+26.114,+19.348
8978.826,44,3,+26.149,+19.390
8983.377,44,3,+26.175,+19.440
8987.197,44,3,+26.198,+19.638
8995.588,44,3,+26.046,+19.671
8999.738,44,3,+25.956,+19.773
9000.688,44,3,+25.882,+19.779
9003.024,44,3,+25.678,+19.836
9004.46,44,3,+25.459,+19.805
9005.196,44,3,+25.267,+19.752
13.093,16,4,,
3390.367,16,4,+0.130,+0.104
3391.854,16,3,+0.130,+0.104
3391.936,16,3,+0.082,+0.053
3394.296,16,2,+0.082,+0.053
3394.375,16,2,+0.171,+0.171
3399.454,16,3,+0.171,+0.171
3399.61,16,3,+0.368,+0.072
3405.76,16,3,+0.969,+0.158
3409.174,16,3,+0.923,+0.173
3412.572,16,3,+0.820,+0.192
3419.996,16,3,+1.027,+0.243
3423.66,16,3,+0.993,+0.281
3427.996,16,3,+1.177,+0.329
3433.86,16,3,+1.435,+0.406
3438.626,16,3,+1.560,+0.458
3442.731,16,3,+1.597,+0.588
3449.207,16,3,+1.771,+0.652
3454.564,16,3,+1.624,+0.732
3458.819,16,3,+1.626,+0.775
3463.306,16,3,+1.535,+0.779
3466.905,16,3,+1.415,+0.799
3475.426,16,3,+1.501,+0.827
3479.754,16,3,+1.501,+0.905
3480.786,16,3,+1.514,+0.885
3483.161,16,3,+1.604,+0.912
3484.598,16,3,+1.616,+0.925
3485.364,16,3,+1.616,+0.927
3489.609,16,3,+1.556,+0.839
3490.799,16,3,+1.505,+0.809
3493.131,16,3,+1.293,+0.625
3498.214,16,3,+1.173,+0.632
3503.896,16,3,+1.268,+0.686
3507.396,16,3,+1.223,+0.744
3510.989,16,3,+1.025,+0.749
3518.324,16,3,+0.901,+0.578
3522.061,16,3,+0.880,+0.617
3526.196,16,3,+0.722,+0.360
3532.143,16,3,+0.816,+0.343
3536.977,16,3,+0.960,+0.480
3541.002,16,3,+0.855,+0.477
3547.576,16,3,+1.016,+0.551
3552.93,16,3,+0.929,+0.574
3557.176,16,3,+0.924,+0.556
3561.645,16,3,+0.715,+0.628
3565.26,16,3,+0.628,+0.453
3573.96,16,3,+0.929,+0.514
3578.277,16,3,+0.998,+0.546
3579.306,16,3,+1.041,+0.565
3581.702,16,3,+1.121,+0.567
3583.123,16,3,+1.176,+0.606
3583.967,16,3,+1.180,+0.613
3588.093,16,4,+1.180,+0.613
3588.233,16,4,+1.038,+0.032
3589.405,16,4,+0.995,+0.120
3591.905,16,4,+1.040,+0.172
3597.286,16,4,+1.523,+0.397
3603.003,16,4,+1.710,+0.520
3606.496,16,4,+1.815,+0.612
3610.218,16,4,+1.898,+0.742
3617.542,16,4,+2.006,+0.583
3621.362,16,4,+2.057,+0.690
3625.498,16,4,+1.907,+0.716
3631.225,16,4,+1.924,+0.649
3636.011,16,4,+2.137,+0.616
3640.166,16,4,+2.229,+0.668
3646.828,16,4,+2.414,+0.878
3652.149,16,4,+2.388,+0.844
3656.461,16,4,+2.461,+0.925
3660.926,16,4,+2.324,+0.692
3664.571,16,4,+2.105,+0.484
3673.292,16,4,+2.299,+0.620
3677.603,16,4,+2.343,+0.672
3678.555,16,4,+2.336,+0.661
3680.896,16,4,+2.332,+0.720
3682.405,16,4,+2.330,+0.742
3683.075,16,4,+2.315,+0.755
3687.299,16,4,+2.111,+0.709
3688.493,16,4,+2.051,+0.632
3690.889,16,4,+2.057,+0.455
3695.877,16,4,+2.034,+0.552
3701.478,16,4,+2.145,+0.641
3705.029,16,4,+2.228,+0.702
3708.628,16,4,+2.231,+0.651
3715.951,16,4,+2.418,+0.697
3719.685,16,4,+2.464,+0.730
3723.86,16,4,+2.332,+0.733
3729.514,16,4,+2.323,+0.736
3734.189,16,4,+2.462,+0.749
3738.296,16,4,+2.555,+0.783
3744.811,16,4,+2.776,+0.835
3750.237,16,4,+2.793,+0.867
3754.55,16,4,+2.848,+0.890
3759.065,16,4,+2.819,+0.927
3762.847,16,4,+2.748,+0.969
3771.331,16,4,+2.830,+1.000
3775.496,16,4,+2.771,+0.861
3776.451,16,4,+2.767,+0.822
3778.771,16,4,+2.774,+0.794
3780.162,16,4,+2.773,+0.784
3780.912,16,4,+2.756,+0.775
3785.084,16,4,+2.497,+0.658
3786.224,16,4,+2.416,+0.623
3788.49,16,4,+2.374,+0.576
3793.506,16,4,+2.503,+0.601
3799.188,16,4,+2.540,+0.714
3802.768,16,4,+2.699,+0.775
3806.43,16,4,+2.803,+0.799
3813.722,16,4,+2.965,+0.910
3817.486,16,4,+2.991,+0.915
3821.642,16,4,+2.855,+0.909
3827.346,16,4,+2.830,+0.911
3831.986,16,4,+2.866,+0.902
3836.142,16,4,+2.930,+0.877
3842.721,16,4,+3.134,+0.971
3848.111,16,4,+3.118,+0.923
3852.408,16,4,+3.178,+0.950
3856.908,16,4,+3.057,+0.909
3860.561,16,4,+2.904,+0.858
3868.976,16,4,+2.906,+1.008
3873.362,16,4,+3.025,+1.067
3874.237,16,4,+3.010,+1.037
3876.565,16,4,+3.066,+1.059
3878.018,16,4,+3.085,+1.037
3878.784,16,4,+3.084,+1.002
3883.098,16,4,+2.973,+0.757
3884.302,16,4,+2.929,+0.708
3886.646,16,4,+2.972,+0.565
3891.599,16,4,+3.121,+0.473
3897.224,16,4,+3.279,+0.672
3900.865,16,4,+3.441,+0.748
3904.613,16,4,+3.527,+0.760
3911.842,16,4,+3.701,+0.867
3915.606,16,4,+3.733,+0.888
3919.815,16,4,+3.715,+0.988
3925.55,16,4,+3.756,+1.036
3930.284,16,4,+3.846,+1.045
3934.425,16,4,+3.951,+1.130
3940.815,16,4,+4.044,+1.139
3946.19,16,4,+3.984,+1.043
3950.456,16,4,+4.025,+1.052
3955.018,16,4,+4.011,+1.144
3958.794,16,4,+3.969,+1.237
3967.176,16,4,+4.007,+1.289
3971.498,16,4,+4.090,+1.383
3972.412,16,4,+4.098,+1.378
3974.742,16,4,+4.065,+1.351
3976.152,16,4,+4.059,+1.259
3976.929,16,4,+4.048,+1.176
3981.196,16,4,+3.900,+0.728
3982.384,16,4,+3.852,+0.638
3984.656,16,4,+3.774,+0.471
3989.667,16,4,+3.762,+0.496
3995.243,16,4,+3.890,+0.659
3998.769,16,4,+3.973,+0.661
4002.439,16,4,+4.045,+0.715
4009.655,16,4,+4.229,+0.910
4013.452,16,4,+4.241,+0.904
4017.528,16,4,+4.104,+0.765
4023.293,16,4,+4.096,+0.784
4028.061,16,4,+4.223,+0.825
4032.19,16,4,+4.311,+0.814
4038.79,16,4,+4.521,+0.952
4044.094,16,4,+4.483,+0.843
4048.359,16,4,+4.525,+0.836
4052.968,16,4,+4.565,+0.860
4056.765,16,4,+4.545,+0.856
4065.257,16,4,+4.598,+0.933
4069.545,16,4,+4.675,+0.990
4070.421,16,4,+4.653,+0.986
4072.718,16,4,+4.642,+0.963
4074.14,16,4,+4.639,+0.951
4074.905,16,4,+4.630,+0.949
4079.218,16,4,+4.523,+1.012
4080.421,16,4,+4.492,+1.025
4082.733,16,4,+4.455,+0.909
4087.812,16,4,+4.537,+0.901
4093.358,16,4,+4.605,+0.997
4096.905,16,4,+4.662,+0.977
4100.393,16,4,+4.665,+0.857
4107.833,16,4,+4.848,+0.992
4111.421,16,4,+4.869,+0.981
4115.512,16,4,+4.768,+0.951
4121.159,16,4,+4.737,+1.016
4125.937,16,4,+4.804,+0.961
4130.125,16,4,+4.934,+0.936
4136.64,16,4,+5.116,+1.070
4142.062,16,4,+5.166,+1.064
4146.328,16,4,+5.210,+1.068
4150.881,16,4,+5.147,+0.960
4154.623,16,4,+5.064,+0.835
4162.996,16,4,+5.016,+0.924
4167.261,16,4,+5.072,+0.909
4168.183,16,4,+5.055,+0.886
4170.501,16,4,+5.084,+0.839
4171.928,16,4,+5.094,+0.819
4172.696,16,4,+5.102,+0.814
4177.129,16,4,+5.100,+0.782
4178.397,16,4,+5.086,+0.761
4180.713,16,4,+5.065,+0.611
4185.753,16,4,+5.221,+0.702
4191.438,16,4,+5.466,+0.890
4194.907,16,4,+5.440,+0.845
4198.455,16,4,+5.382,+0.710
4205.633,16,4,+5.523,+0.780
4209.429,16,4,+5.535,+0.768
4214.161,16,4,+5.422,+0.619
4219.322,16,4,+5.442,+0.642
4224.183,16,4,+5.574,+0.722
4228.317,16,4,+5.653,+0.752
4236.533,16,4,+5.865,+0.958
4240.24,16,4,+5.860,+0.888
4244.537,16,4,+5.909,+0.884
4249.055,16,4,+5.890,+0.808
4252.807,16,4,+5.855,+0.712
4261.22,16,4,+5.875,+0.681
4265.477,16,4,+5.922,+0.648
4266.413,16,4,+5.934,+0.617
4268.669,16,4,+5.895,+0.591
4270.076,16,4,+5.887,+0.578
4270.877,16,4,+5.876,+0.573
4275.087,16,4,+5.753,+0.529
4276.309,16,4,+5.710,+0.498
4278.6,16,4,+5.717,+0.357
4283.678,16,4,+5.881,+0.463
4289.397,16,4,+6.180,+0.687
4292.897,16,4,+6.203,+0.641
4296.569,16,4,+6.271,+0.582
4303.99,16,4,+6.610,+0.843
4307.776,16,4,+6.629,+0.828
4311.887,16,4,+6.518,+0.788
4317.697,16,4,+6.570,+0.916
4322.49,16,4,+6.667,+0.937
4326.676,16,4,+6.773,+1.037
4333.155,16,4,+6.965,+1.209
4338.939,16,4,+7.300,+1.506
4343.369,16,4,+7.459,+1.627
4347.897,16,4,+7.430,+1.511
4351.687,16,4,+7.466,+1.455
4365.687,16,4,+11.759,+2.417
4371.312,16,4,+10.542,+2.459
4372.203,16,4,+10.596,+2.341
4398.531,16,5,+10.596,+2.341
4400.94,16,6,+10.596,+2.341
4406.706,16,7,+10.596,+2.341
4409.893,16,7,+13.978,+1.120
4413.049,16,7,+13.639,+0.866
4419.924,16,7,+12.334,+0.799
4427.863,16,7,+12.166,+1.680
4435.509,16,7,+13.625,+2.511
4440.017,16,7,+11.496,+1.632
4450.961,16,7,+11.611,+2.522
4455.022,16,7,+9.966,+2.377
4459.509,16,7,+7.595,+1.779
4468.44,16,7,+7.150,+1.138
4475.843,16,7,+7.599,+2.700
4481.094,16,7,+7.377,+1.671
4491.277,16,7,+7.958,+2.547
4498.881,16,7,+7.287,+2.236
4505.053,16,7,+7.357,+1.417
4512.238,16,7,+5.823,+0.700
4518.224,16,7,+5.793,+0.979
4532.763,16,7,+7.222,+2.061
4537.797,16,7,+7.112,+1.191
4539.305,16,7,+7.218,+1.594
4542.29,16,7,+6.392,+1.675
4543.993,16,7,+6.176,+1.265
4544.962,16,7,+6.113,+1.025
4550.561,16,7,+5.535,+0.694
4553.43,16,7,+6.272,+0.554
4556.98,16,7,+5.523,+0.445
4568.153,16,7,+6.287,+1.277
4577.676,16,7,+6.109,+1.299
4582.794,16,7,+6.330,+1.203
4587.174,16,7,+5.539,+1.017
4599.443,16,7,+7.050,+2.237
4603.897,16,7,+6.969,+1.860
4610.063,16,7,+5.583,+1.100
4618.516,16,7,+5.587,+1.533
4626.831,16,7,+7.380,+2.530
4631.898,16,7,+6.807,+2.193
4643.175,16,7,+8.647,+1.678
4650.081,16,7,+7.330,+2.123
4654.997,16,7,+6.302,+1.015
4660.932,16,7,+4.945,+0.447
4667.662,16,7,+5.462,+0.970
4681.701,16,7,+6.167,+1.946
4686.477,16,7,+6.108,+1.188
4687.501,16,7,+5.621,+0.975
4690.862,16,7,+4.969,+1.190
4693.998,16,7,+6.209,+1.510
4695.173,16,7,+6.385,+1.383
4700.258,16,7,+5.592,+0.900
4702.279,16,7,+5.798,+0.491
4706.53,16,7,+6.040,+0.798
4715.353,16,7,+6.023,+0.797
4721.87,16,7,+6.002,+1.128
4727.679,16,7,+6.461,+2.085
4731.868,16,7,+6.368,+1.667
4742.522,16,7,+6.201,+1.070
4746.694,16,7,+5.811,+0.676
4752.756,16,7,+5.498,+1.124
4761.991,16,7,+5.485,+1.429
4770.834,16,7,+6.347,+1.514
4776.756,16,7,+7.208,+2.082
4787.741,16,7,+7.048,+1.208
4795.366,16,7,+4.582,+0.942
4803.298,16,7,+3.513,+0.752
4811.753,16,7,+2.770,+0.453
4819.562,16,7,+3.025,+0.581
4831.201,16,7,+2.590,+0.508
4835.661,16,7,+2.396,+0.348
4836.77,16,7,+2.470,+0.359
4839.411,16,7,+2.408,+0.318
4840.864,16,7,+2.372,+0.305
4841.646,16,7,+2.350,+0.298
4845.661,16,7,+2.127,+0.271
4846.77,16,7,+2.013,+0.243
4849.288,16,7,+2.046,+0.236
4854.568,16,7,+2.252,+0.232
4860.498,16,7,+2.351,+0.091
4864.131,16,7,+2.544,+0.321
4867.681,16,7,+2.564,+0.405
4875.378,16,7,+2.822,+0.461
4879.076,16,7,+2.828,+0.484
4883.328,16,7,+2.774,+0.277
4889.601,16,7,+3.147,+0.283
4894.507,16,7,+3.314,+0.293
4898.601,16,7,+3.407,+0.326
4905.517,16,7,+3.935,+0.415
4911.068,16,7,+3.862,+0.265
4915.3,16,7,+3.899,+0.282
4919.731,16,7,+3.771,+0.229
4923.227,16,7,+3.494,+0.191
4931.799,16,6,+3.494,+0.191
4931.883,16,6,+3.649,+0.725
4935.998,16,6,+3.455,+0.543
4936.969,16,6,+3.401,+0.453
4939.33,16,6,+3.309,+0.415
4940.744,16,6,+3.272,+0.346
4941.525,16,6,+3.244,+0.279
4945.525,16,6,+2.894,+0.006
4946.541,16,5,+2.894,+0.006
4946.635,16,5,+2.773,+0.823
4948.885,16,5,+2.658,+0.671
4953.869,16,5,+2.583,+0.571
4959.559,16,5,+2.692,+0.658
4963.078,16,5,+2.773,+0.810
4966.799,16,5,+2.881,+0.848
4974.428,16,5,+3.051,+0.846
4977.931,16,5,+3.033,+0.882
4982.033,16,5,+2.850,+0.785
4987.808,16,5,+2.739,+0.616
4992.543,16,5,+2.838,+0.576
4996.663,16,5,+2.882,+0.627
5003.307,16,5,+3.117,+0.681
5008.557,16,5,+2.940,+0.367
5012.767,16,5,+2.942,+0.276
5017.095,16,5,+2.667,+0.088
5020.486,16,4,+2.667,+0.088
5020.595,16,4,+2.372,+0.843
5028.973,16,4,+2.322,+0.591
5033.301,16,4,+2.372,+0.605
5034.207,16,4,+2.325,+0.545
5036.551,16,4,+2.256,+0.496
5038.02,16,4,+2.237,+0.479
5038.708,16,4,+2.227,+0.459
5042.857,16,4,+2.166,+0.217
5043.978,16,4,+2.116,+0.141
5046.289,16,4,+2.135,+0.123
5051.262,16,4,+2.269,+0.179
5056.962,16,4,+2.489,+0.117
5060.256,16,3,+2.489,+0.117
5060.332,16,3,+2.495,+1.822
5063.996,16,3,+2.578,+1.880
5071.113,16,3,+2.631,+1.884
5074.842,16,3,+2.647,+1.898
5079.119,16,3,+2.787,+2.058
5084.729,16,3,+2.743,+2.080
5089.416,16,3,+2.822,+2.040
5093.557,16,3,+2.872,+2.023
5099.986,16,3,+2.963,+1.993
5105.469,16,3,+3.115,+2.168
5109.704,16,3,+3.160,+2.190
5114.22,16,3,+3.081,+2.188
5117.979,16,3,+2.991,+2.210
5126.294,16,3,+2.917,+2.110
5130.601,16,3,+2.986,+2.109
5131.498,16,3,+2.961,+2.065
5133.798,16,3,+2.929,+2.077
5135.239,16,3,+2.928,+2.087
5136.013,16,3,+2.929,+2.099
5140.345,16,3,+2.908,+2.204
5141.598,16,3,+2.905,+2.242
5143.832,16,3,+2.852,+2.122
5148.7,16,3,+2.824,+2.111
5154.216,16,3,+2.962,+2.107
5157.732,16,3,+3.009,+2.150
5161.45,16,3,+3.153,+2.308
5168.482,16,3,+3.158,+2.331
5172.242,16,3,+3.207,+2.357
5176.373,16,3,+3.235,+2.376
5181.898,16,3,+3.014,+2.260
5186.569,16,3,+3.128,+2.267
5190.721,16,3,+3.247,+2.351
5197.066,16,3,+3.279,+2.390
5202.425,16,3,+3.295,+2.399
5206.66,16,3,+3.342,+2.422
5211.257,16,3,+3.391,+2.480
5215.069,16,3,+3.448,+2.538
5223.289,16,3,+3.391,+2.374
5227.523,16,3,+3.412,+2.338
5228.414,16,3,+3.348,+2.309
5230.699,16,3,+3.267,+2.279
5232.086,16,3,+3.260,+2.281
5232.881,16,3,+3.251,+2.279
5237.078,16,3,+3.092,+2.208
5238.279,16,3,+3.048,+2.187
5240.488,16,3,+2.926,+1.942
5245.296,16,3,+2.900,+1.911
5250.814,16,3,+2.927,+1.832
5254.22,16,3,+2.940,+1.842
5257.908,16,3,+3.052,+1.847
5264.939,16,3,+3.048,+1.789
5268.72,16,3,+3.091,+1.783
5272.83,16,3,+2.901,+1.769
5278.444,16,3,+2.714,+1.734
5283.102,16,3,+2.780,+1.749
5287.245,16,3,+2.854,+1.841
5293.646,16,3,+2.895,+1.933
5298.97,16,3,+2.858,+1.939
5303.205,16,3,+2.888,+1.947
5307.733,16,3,+2.932,+1.949
5311.592,16,3,+2.983,+1.961
5319.858,16,3,+2.857,+1.840
5324.11,16,3,+2.911,+1.837
5324.985,16,3,+2.851,+1.800
5327.282,16,3,+2.792,+1.767
5328.704,16,3,+2.789,+1.763
5329.47,16,3,+2.791,+1.761
5333.799,16,3,+2.774,+1.743
5335.054,16,3,+2.768,+1.744
5337.336,16,3,+2.729,+1.625
5342.017,16,3,+2.570,+1.506
5347.517,16,3,+2.601,+1.453
5350.937,16,3,+2.635,+1.458
5354.557,16,3,+2.650,+1.461
5361.539,16,3,+2.573,+1.425
5365.335,16,3,+2.606,+1.448
5369.442,16,3,+2.456,+1.400
5375.03,16,3,+2.239,+1.281
5379.763,16,3,+2.366,+1.363
5383.871,16,3,+2.460,+1.469
5390.399,16,3,+2.689,+1.718
5395.78,16,3,+2.729,+1.744
5400.014,16,3,+2.763,+1.752
5404.626,16,3,+2.802,+1.742
5408.421,16,3,+2.828,+1.739
5416.702,16,3,+2.855,+1.661
5420.968,16,3,+2.934,+1.663
5421.89,16,3,+2.914,+1.645
5424.154,16,3,+2.849,+1.563
5425.599,16,3,+2.839,+1.537
5426.345,16,3,+2.836,+1.519
5430.708,16,3,+2.808,+1.422
5431.865,16,3,+2.796,+1.402
5434.134,16,3,+2.786,+1.342
5438.884,16,3,+2.755,+1.326
5444.463,16,3,+2.770,+1.356
5447.879,16,3,+2.768,+1.367
5451.544,16,3,+2.880,+1.435
5458.599,16,3,+2.862,+1.440
5462.391,16,3,+2.894,+1.437
5466.519,16,3,+2.865,+1.407
5472.079,16,3,+2.677,+1.369
5476.8,16,3,+2.728,+1.414
5480.916,16,3,+2.812,+1.448
5487.316,16,3,+2.891,+1.541
5492.737,16,3,+2.933,+1.563
5496.995,16,3,+2.951,+1.570
5501.542,16,3,+2.981,+1.561
5505.331,16,3,+3.006,+1.546
5513.612,16,3,+2.957,+1.481
5517.848,16,3,+3.011,+1.511
5518.721,16,3,+2.986,+1.498
5521.018,16,3,+2.926,+1.456
5522.44,16,3,+2.913,+1.440
5523.159,16,3,+2.907,+1.437
5527.416,16,3,+2.823,+1.434
5528.585,16,3,+2.773,+1.410
5530.815,16,3,+2.663,+1.287
5535.606,16,3,+2.471,+1.154
5541.069,16,3,+2.561,+1.195
5544.57,16,3,+2.571,+1.134
5548.179,16,3,+2.670,+1.143
5555.179,16,3,+2.637,+1.075
5558.96,16,3,+2.664,+1.071
5563.07,16,3,+2.619,+1.068
5568.663,16,3,+2.438,+1.107
5573.335,16,3,+2.486,+1.118
5577.476,16,3,+2.552,+1.187
5583.87,16,3,+2.689,+1.295
5589.245,16,3,+2.621,+1.279
5593.479,16,3,+2.621,+1.256
5598.064,16,3,+2.658,+1.234
5601.864,16,3,+2.672,+1.205
5610.202,16,3,+2.689,+1.204
5614.47,16,3,+2.754,+1.186
5615.363,16,3,+2.701,+1.144
5617.681,16,3,+2.671,+1.166
5619.115,16,3,+2.677,+1.171
5619.855,16,3,+2.683,+1.170
5624.228,16,3,+2.694,+1.158
5625.444,16,3,+2.686,+1.147
5627.713,16,3,+2.628,+1.078
5632.53,16,3,+2.513,+1.073
5638.045,16,3,+2.559,+1.082
5641.48,16,3,+2.563,+1.078
5645.084,16,3,+2.601,+1.057
5652.08,16,3,+2.585,+1.052
5655.863,16,3,+2.622,+1.038
5659.936,16,3,+2.574,+1.032
5665.575,16,3,+2.547,+1.028
5670.208,16,3,+2.567,+1.016
5674.332,16,3,+2.619,+1.028
5680.738,16,3,+2.709,+1.124
5686.066,16,3,+2.739,+1.079
5690.316,16,3,+2.776,+1.077
5694.849,16,3,+2.785,+1.044
5698.613,16,3,+2.764,+0.991
5706.957,16,3,+2.773,+0.943
5711.144,16,3,+2.815,+0.957
5712.035,16,3,+2.791,+0.942
5714.348,16,3,+2.738,+0.847
5715.785,16,3,+2.724,+0.822
5716.519,16,3,+2.714,+0.807
5720.779,16,3,+2.579,+0.684
5721.899,16,3,+2.531,+0.642
5724.116,16,3,+2.399,+0.555
5729.096,16,3,+2.433,+0.696
5734.614,16,3,+2.493,+0.726
5738.099,16,3,+2.551,+0.723
5741.786,16,3,+2.643,+0.711
5748.786,16,3,+2.656,+0.677
5752.536,16,3,+2.701,+0.696
5756.645,16,3,+2.607,+0.686
5762.286,16,3,+2.616,+0.734
5766.989,16,3,+2.649,+0.744
5771.052,16,3,+2.654,+0.748
5777.505,16,3,+2.751,+0.898
5782.911,16,3,+2.830,+0.904
5787.114,16,3,+2.843,+0.870
5791.517,16,3,+2.720,+0.703
5795.184,16,3,+2.562,+0.504
5803.606,16,3,+2.661,+0.520
5807.882,16,3,+2.755,+0.554
5808.831,16,3,+2.745,+0.577
5811.171,16,3,+2.729,+0.584
5812.615,16,3,+2.731,+0.581
5813.359,16,3,+2.721,+0.571
5817.492,16,3,+2.540,+0.529
5818.64,16,3,+2.472,+0.514
5820.937,16,3,+2.439,+0.440
5825.854,16,3,+2.506,+0.489
5831.488,16,3,+2.679,+0.603
5834.957,16,3,+2.756,+0.593
5838.62,16,3,+2.833,+0.562
5845.746,16,3,+2.918,+0.643
5849.489,16,3,+2.950,+0.646
5853.579,16,3,+2.894,+0.639
5859.233,16,3,+2.906,+0.730
5863.921,16,3,+2.962,+0.736
5868.024,16,3,+3.043,+0.724
5874.405,16,3,+3.140,+0.818
5879.881,16,3,+3.175,+0.849
5884.109,16,3,+3.188,+0.842
5888.496,16,3,+3.078,+0.656
5892.056,16,3,+2.845,+0.331
5900.651,16,2,+2.845,+0.331
5900.745,16,2,+3.247,+3.247
5905.12,16,2,+3.434,+3.434
5906.073,16,2,+3.435,+3.435
5908.385,16,2,+3.449,+3.449
5909.823,16,2,+3.469,+3.469
5910.604,16,2,+3.485,+3.485
5915.041,16,2,+3.579,+3.579
5916.291,16,2,+3.600,+3.600
5918.463,16,3,+3.600,+3.600
5918.604,16,3,+3.598,+0.046
5923.323,16,2,+3.598,+0.046
5923.416,16,2,+3.612,+3.612
5929.057,16,2,+3.809,+3.809
5932.526,16,2,+3.868,+3.868
5936.276,16,2,+4.027,+4.027
5943.37,16,2,+4.172,+4.172
5947.182,16,2,+4.230,+4.230
5951.338,16,2,+4.144,+4.144
5956.901,16,2,+4.120,+4.120
5961.557,16,2,+4.139,+4.139
5965.729,16,2,+4.261,+4.261
5972.026,16,2,+4.273,+4.273
5977.454,16,2,+4.326,+4.326
5981.679,16,2,+4.354,+4.354
5986.282,16,2,+4.436,+4.436
5990.197,16,2,+4.554,+4.554
5998.628,16,2,+4.652,+4.652
6002.86,16,2,+4.726,+4.726
6003.797,16,2,+4.700,+4.700
6006.094,16,2,+4.648,+4.648
6007.532,16,2,+4.644,+4.644
6008.313,16,2,+4.652,+4.652
6012.672,16,2,+4.722,+4.722
6013.922,16,2,+4.744,+4.744
6016.157,16,2,+4.724,+4.724
6021.0,16,2,+4.682,+4.682
6026.532,16,2,+4.705,+4.705
6029.97,16,2,+4.723,+4.723
6033.701,16,2,+4.857,+4.857
6040.72,16,2,+4.821,+4.821
6044.458,16,2,+4.842,+4.842
6048.564,16,2,+4.857,+4.857
6054.09,16,2,+4.720,+4.720
6058.746,16,2,+4.751,+4.751
6062.866,16,2,+4.813,+4.813
6069.194,16,2,+4.802,+4.802
6074.621,16,2,+4.884,+4.884
6078.839,16,2,+4.912,+4.912
6083.418,16,2,+4.952,+4.952
6087.277,16,2,+5.024,+5.024
6095.714,16,3,+5.024,+5.024
6096.136,16,3,+5.561,+0.306
6100.355,16,3,+5.607,+0.276
6101.339,16,3,+5.647,+0.328
6103.699,16,3,+5.649,+0.372
6105.152,16,3,+5.646,+0.314
6105.855,16,3,+5.638,+0.248
6109.934,16,2,+5.638,+0.248
6110.017,16,2,+5.482,+5.482
6111.223,16,2,+5.442,+5.442
6113.47,16,2,+5.415,+5.415
6118.325,16,2,+5.426,+5.426
6124.058,16,2,+5.704,+5.704
6127.519,16,2,+5.724,+5.724
6131.249,16,2,+5.824,+5.824
6138.385,16,2,+6.010,+6.010
6142.131,16,2,+6.021,+6.021
6146.264,16,2,+6.079,+6.079
6151.956,16,3,+6.079,+6.079
6152.081,16,3,+6.112,+0.052
6156.847,16,2,+6.112,+0.052
6156.925,16,2,+6.382,+6.382
6161.378,16,2,+6.649,+6.649
6167.8,16,2,+6.908,+6.908
6173.141,16,2,+6.786,+6.786
6177.376,16,2,+6.793,+6.793
6181.969,16,2,+6.792,+6.792
6185.704,16,2,+6.870,+6.870
6194.048,16,2,+6.880,+6.880
6198.329,16,2,+6.978,+6.978
6199.282,16,2,+6.969,+6.969
6201.548,16,2,+6.918,+6.918
6202.969,16,2,+6.915,+6.915
6203.751,16,2,+6.920,+6.920
6208.063,16,2,+6.963,+6.963
6209.298,16,2,+6.978,+6.978
6211.532,16,2,+6.899,+6.899
6216.418,16,2,+6.814,+6.814
6221.876,16,2,+6.895,+6.895
6225.331,16,2,+6.922,+6.922
6229.071,16,2,+7.060,+7.060
6236.126,16,2,+7.093,+7.093
6239.859,16,2,+7.136,+7.136
6243.964,16,2,+7.100,+7.100
6249.481,16,2,+6.969,+6.969
6254.145,16,2,+7.015,+7.015
6258.27,16,2,+7.094,+7.094
6264.673,16,2,+7.138,+7.138
6270.084,16,2,+7.153,+7.153
6274.27,16,2,+7.177,+7.177
6278.872,16,2,+7.224,+7.224
6282.731,16,2,+7.300,+7.300
6291.271,16,2,+7.490,+7.490
6295.456,16,2,+7.521,+7.521
6296.409,16,2,+7.505,+7.505
6298.655,16,2,+7.424,+7.424
6300.064,16,2,+7.412,+7.412
6300.8,16,2,+7.407,+7.407
6305.058,16,2,+7.347,+7.347
6306.223,16,2,+7.335,+7.335
6308.505,16,2,+7.265,+7.265
6313.343,16,2,+7.133,+7.133
6318.81,16,2,+7.187,+7.187
6322.227,16,2,+7.168,+7.168
6325.938,16,2,+7.322,+7.322
6332.967,16,2,+7.324,+7.324
6336.732,16,2,+7.374,+7.374
6340.779,16,2,+7.376,+7.376
6346.31,16,2,+7.229,+7.229
6350.967,16,2,+7.250,+7.250
6355.081,16,2,+7.321,+7.321
6361.403,16,2,+7.352,+7.352
6370.959,16,2,+7.351,+7.351
6375.588,16,2,+7.438,+7.438
6379.484,16,2,+7.585,+7.585
6387.824,16,3,+7.585,+7.585
6388.246,16,3,+8.078,+0.336
6392.48,16,3,+8.137,+0.412
6393.449,16,3,+8.137,+0.484
6395.746,16,3,+8.135,+0.545
6397.169,16,3,+8.138,+0.544
6397.933,16,3,+8.133,+0.535
6402.136,16,3,+8.051,+0.425
6403.355,16,3,+8.017,+0.388
6405.558,16,3,+7.980,+0.385
6410.331,16,3,+7.901,+0.324
6416.112,16,3,+8.277,+0.457
6419.565,16,3,+8.352,+0.513
6423.221,16,3,+8.438,+0.562
6430.346,16,3,+8.560,+0.593
6434.096,16,3,+8.593,+0.605
6438.174,16,3,+8.543,+0.585
6443.822,16,3,+8.553,+0.676
6448.572,16,3,+8.671,+0.762
6452.667,16,3,+8.744,+0.812
6459.119,16,3,+8.909,+0.932
6464.431,16,3,+8.875,+0.936
6468.65,16,3,+8.872,+0.934
6473.053,16,3,+8.763,+0.823
6476.694,16,3,+8.684,+0.710
6485.069,16,3,+8.740,+0.739
6489.335,16,3,+8.832,+0.844
6490.288,16,3,+8.805,+0.840
6492.538,16,3,+8.772,+0.880
6493.988,16,3,+8.767,+0.892
6494.706,16,3,+8.764,+0.894
6498.949,16,3,+8.691,+0.833
6500.138,16,3,+8.659,+0.802
6502.32,16,3,+8.575,+0.706
6506.993,16,3,+8.399,+0.518
6512.634,16,3,+8.627,+0.650
6516.104,16,3,+8.681,+0.696
6519.734,16,3,+8.749,+0.735
6526.835,16,3,+8.803,+0.777
6530.601,16,3,+8.828,+0.784
6534.585,16,3,+8.809,+0.761
6540.116,16,3,+8.821,+0.708
6544.866,16,3,+8.892,+0.790
6548.931,16,3,+8.905,+0.787
6555.322,16,3,+8.952,+0.897
6560.635,16,3,+8.933,+0.933
6564.833,16,3,+8.951,+0.915
6569.259,16,3,+8.840,+0.793
6572.898,16,3,+8.706,+0.693
6581.477,16,3,+8.992,+0.899
6585.68,16,3,+9.047,+0.951
6586.633,16,3,+9.012,+0.959
6588.867,16,3,+8.990,+1.004
6590.321,16,3,+9.026,+1.054
6591.148,16,3,+9.065,+1.096
6595.659,16,3,+9.265,+1.295
6596.901,16,3,+9.293,+1.323
6599.104,16,3,+9.238,+1.307
6603.981,16,3,+9.233,+1.203
6609.451,16,3,+9.452,+1.350
6612.986,16,3,+9.495,+1.384
6616.607,16,3,+9.571,+1.441
6623.665,16,3,+9.613,+1.496
6627.4,16,3,+9.667,+1.512
6631.456,16,3,+9.701,+1.530
6636.999,16,3,+9.623,+1.463
6641.731,16,3,+9.709,+1.554
6645.791,16,3,+9.771,+1.591
6652.146,16,3,+9.898,+1.704
6657.52,16,3,+9.827,+1.623
6661.742,16,3,+9.850,+1.635
6666.144,16,3,+9.737,+1.528
6669.753,16,3,+9.630,+1.463
6678.18,16,3,+9.752,+1.530
6682.401,16,3,+9.826,+1.637
6683.313,16,3,+9.787,+1.653
6685.601,16,3,+9.728,+1.724
6687.007,16,3,+9.719,+1.743
6687.747,16,3,+9.706,+1.743
6691.921,16,3,+9.519,+1.618
6693.081,16,3,+9.465,+1.575
6695.189,16,3,+9.333,+1.473
6699.983,16,3,+9.234,+1.315
6705.641,16,3,+9.354,+1.562
6709.094,16,3,+9.372,+1.571
6712.813,16,3,+9.473,+1.649
6719.86,16,3,+9.502,+1.679
6723.594,16,3,+9.538,+1.690
6727.641,16,3,+9.542,+1.698
6733.173,16,3,+9.456,+1.636
6737.891,16,3,+9.467,+1.643
6742.001,16,3,+9.536,+1.696
6748.257,16,3,+9.517,+1.668
6753.685,16,3,+9.498,+1.731
6757.901,16,3,+9.521,+1.754
6762.482,16,3,+9.570,+1.817
6766.281,16,3,+9.628,+1.917
6774.645,16,3,+9.746,+1.971
6778.918,16,3,+9.850,+2.100
6779.858,16,3,+9.831,+2.112
6782.134,16,3,+9.809,+2.165
6783.557,16,3,+9.812,+2.180
6784.307,16,3,+9.813,+2.186
6788.581,16,3,+9.770,+2.153
6789.833,16,3,+9.757,+2.141
6792.003,16,3,+9.773,+2.126
6796.819,16,3,+9.633,+2.057
6802.356,16,3,+9.805,+2.196
6805.891,16,3,+9.883,+2.224
6809.58,16,3,+10.002,+2.339
6816.601,16,3,+10.016,+2.361
6820.304,16,3,+10.039,+2.368
6824.382,16,3,+10.044,+2.363
6829.902,16,3,+9.926,+2.311
6834.575,16,3,+9.991,+2.402
6838.669,16,3,+10.083,+2.469
6845.012,16,3,+10.111,+2.493
6850.387,16,3,+10.188,+2.540
6854.634,16,3,+10.238,+2.561
6859.207,16,3,+10.303,+2.627
6863.062,16,3,+10.407,+2.752
6871.479,16,3,+10.564,+2.868
6875.698,16,3,+10.631,+2.968
6876.588,16,3,+10.597,+2.990
6878.838,16,3,+10.525,+3.040
6880.276,16,3,+10.522,+3.058
6881.011,16,3,+10.521,+3.063
6885.301,16,3,+10.479,+3.040
6886.52,16,3,+10.473,+3.038
6888.723,16,3,+10.417,+2.999
6893.5,16,3,+10.240,+2.868
6899.073,16,3,+10.365,+2.963
6902.502,16,3,+10.429,+3.018
6906.128,16,3,+10.492,+3.087
6913.175,16,3,+10.467,+3.050
6916.91,16,3,+10.494,+3.062
6920.972,16,3,+10.530,+3.093
6926.55,16,3,+10.534,+2.981
6931.238,16,3,+10.621,+3.028
6935.363,16,3,+10.702,+3.093
6941.748,16,3,+10.805,+3.195
6947.104,16,3,+10.785,+3.180
6951.354,16,3,+10.822,+3.211
6955.918,16,3,+10.890,+3.279
6959.806,16,3,+10.975,+3.374
6968.774,16,4,+10.975,+3.374
6969.024,16,4,+12.023,+0.184
6973.881,16,4,+12.669,+0.212
6974.934,16,4,+12.788,+0.239
6977.348,16,4,+12.967,+0.313
6978.785,16,4,+12.999,+0.315
6979.551,16,4,+12.995,+0.307
6983.632,16,4,+12.763,+0.170
6984.801,16,4,+12.683,+0.115
6986.994,16,4,+12.652,+0.040
6992.217,16,4,+13.020,+0.275
6997.832,16,4,+13.215,+0.505
7001.316,16,4,+13.220,+0.450
7005.05,16,4,+13.363,+0.431
7012.253,16,4,+13.608,+0.583
7016.019,16,4,+13.654,+0.575
7020.066,16,4,+13.672,+0.557
7025.691,16,4,+13.762,+0.679
7030.379,16,4,+13.790,+0.669
7034.472,16,4,+13.884,+0.706
7040.834,16,4,+13.903,+0.889
7046.249,16,4,+13.931,+0.876
7050.448,16,4,+13.949,+0.844
7054.823,16,4,+13.807,+0.627
7058.366,16,4,+13.617,+0.302
7067.07,16,4,+14.057,+0.493
7071.305,16,4,+14.117,+0.491
7072.258,16,4,+14.141,+0.482
7074.523,16,4,+14.132,+0.466
7075.976,16,4,+14.180,+0.504
7076.782,16,4,+14.228,+0.553
7081.362,16,4,+14.481,+0.915
7082.581,16,4,+14.516,+0.972
7084.873,16,4,+14.574,+0.884
7089.653,16,4,+14.366,+0.792
7095.282,16,4,+14.574,+0.994
7098.747,16,4,+14.604,+0.992
7102.336,16,4,+14.631,+0.895
7109.429,16,4,+14.719,+0.924
7113.16,16,4,+14.744,+0.912
7117.234,16,4,+14.739,+0.873
7122.8,16,4,+14.759,+0.914
7127.492,16,4,+14.859,+0.950
7131.534,16,4,+14.906,+0.963
7137.917,16,4,+15.021,+1.180
7143.213,16,4,+14.960,+1.097
7147.417,16,4,+14.981,+1.093
7151.823,16,4,+14.868,+0.877
7155.479,16,4,+14.798,+0.630
7163.963,16,4,+14.795,+0.710
7168.214,16,4,+14.901,+0.714
7169.135,16,4,+14.904,+0.709
7171.448,16,4,+14.856,+0.704
7172.823,16,4,+14.848,+0.692
7173.542,16,4,+14.836,+0.671
7177.682,16,4,+14.665,+0.560
7178.838,16,4,+14.609,+0.530
7181.057,16,4,+14.638,+0.438
7185.918,16,4,+14.653,+0.419
7191.581,16,4,+14.942,+0.562
7195.185,16,4,+15.015,+0.585
7198.682,16,4,+15.068,+0.509
7205.889,16,4,+15.271,+0.666
7209.576,16,4,+15.288,+0.625
7213.607,16,4,+15.267,+0.575
7219.279,16,4,+15.414,+0.714
7223.973,16,4,+15.528,+0.783
7228.072,16,4,+15.603,+0.833
7234.483,16,4,+15.812,+0.986
7239.858,16,4,+15.819,+0.884
7244.046,16,4,+15.824,+0.849
7248.483,16,4,+15.747,+0.674
7252.155,16,4,+15.740,+0.474
7260.723,16,4,+15.996,+0.585
7264.957,16,4,+16.092,+0.600
7265.883,16,4,+16.081,+0.580
7268.151,16,4,+16.076,+0.568
7269.535,16,4,+16.076,+0.560
7270.327,16,4,+16.069,+0.554
7274.492,16,4,+15.985,+0.519
7275.682,16,4,+15.957,+0.495
7277.923,16,4,+16.042,+0.353
7282.858,16,4,+16.136,+0.414
7288.483,16,4,+16.331,+0.580
7291.958,16,4,+16.361,+0.544
7295.506,16,4,+16.339,+0.389
7302.736,16,4,+16.542,+0.556
7306.401,16,4,+16.532,+0.546
7310.447,16,4,+16.498,+0.496
7316.083,16,4,+16.679,+0.607
7320.783,16,4,+16.774,+0.650
7324.785,16,4,+16.767,+0.565
7331.235,16,4,+16.939,+0.680
7336.525,16,4,+16.896,+0.604
7340.718,16,4,+16.894,+0.582
7345.074,16,4,+16.812,+0.411
7348.704,16,4,+16.733,+0.153
7357.334,16,3,+16.733,+0.153
7357.423,16,3,+17.176,+10.177
7361.902,16,3,+17.544,+10.568
7362.902,16,3,+17.580,+10.634
7365.132,16,3,+17.552,+10.678
7366.521,16,3,+17.558,+10.694
7367.347,16,3,+17.568,+10.707
7371.701,16,3,+17.672,+10.776
7372.902,16,3,+17.713,+10.797
7375.227,16,3,+17.851,+10.904
7380.057,16,4,+17.851,+10.904
7380.302,16,4,+18.129,+0.217
7385.911,16,4,+18.238,+0.205
7389.436,16,4,+18.258,+0.112
7393.025,16,4,+18.268,+0.088
7400.379,16,4,+18.577,+0.153
7404.002,16,4,+18.559,+0.123
7408.208,16,4,+18.710,+0.252
7413.906,16,4,+18.836,+0.327
7418.747,16,4,+19.004,+0.460
7422.947,16,4,+19.167,+0.489
7429.456,16,4,+19.262,+0.642
7434.866,16,4,+19.132,+0.677
7439.104,16,4,+19.145,+0.670
7443.666,16,4,+19.323,+0.765
7447.51,16,4,+19.601,+0.789
7455.975,16,4,+19.751,+0.824
7460.178,16,4,+19.793,+0.783
7461.105,16,4,+19.761,+0.762
7463.402,16,4,+19.703,+0.781
7464.868,16,4,+19.685,+0.774
7465.562,16,4,+19.674,+0.759
7469.692,16,4,+19.534,+0.564
7470.899,16,4,+19.487,+0.497
7473.109,16,4,+19.575,+0.424
7477.938,16,4,+19.568,+0.379
7483.572,16,4,+19.748,+0.549
7487.082,16,4,+19.794,+0.572
7490.884,16,4,+19.893,+0.578
7497.903,16,4,+20.088,+0.753
7501.628,16,4,+20.137,+0.755
7505.631,16,4,+20.125,+0.700
7511.235,16,4,+20.240,+0.824
7515.935,16,4,+20.296,+0.876
7519.97,16,4,+20.311,+0.890
7526.347,16,4,+20.398,+1.069
7531.827,16,4,+20.503,+1.126
7536.061,16,4,+20.536,+1.114
7540.518,16,4,+20.627,+1.008
7544.265,16,4,+20.781,+0.901
7552.803,16,4,+21.123,+1.081
7557.048,16,4,+21.211,+1.114
7557.947,16,4,+21.192,+1.110
7560.283,16,4,+21.166,+1.126
7561.652,16,4,+21.169,+1.125
7562.419,16,4,+21.171,+1.128
7566.694,16,4,+21.197,+1.221
7567.911,16,4,+21.210,+1.241
7570.147,16,4,+21.257,+1.245
7574.957,16,4,+21.226,+1.266
7580.49,16,4,+21.375,+1.389
7584.011,16,4,+21.421,+1.404
7587.577,16,4,+21.451,+1.319
7594.687,16,4,+21.560,+1.449
7598.402,16,4,+21.613,+1.478
7602.453,16,4,+21.645,+1.473
7608.04,16,4,+21.659,+1.565
7612.685,16,4,+21.664,+1.566
7616.75,16,4,+21.696,+1.587
7623.082,16,4,+21.708,+1.724
7628.661,16,4,+21.869,+1.645
7632.855,16,4,+21.884,+1.599
7637.433,16,4,+21.951,+1.557
7641.274,16,4,+22.114,+1.497
7649.673,16,4,+22.160,+1.537
7653.874,16,4,+22.212,+1.482
7654.797,16,4,+22.173,+1.474
7657.05,16,4,+22.063,+1.437
7658.412,16,4,+22.043,+1.420
7659.18,16,4,+22.036,+1.407
7663.348,16,4,+21.934,+1.239
7664.486,16,4,+21.911,+1.183
7666.648,16,4,+21.849,+1.075
7671.348,16,4,+21.765,+0.957
7677.019,16,4,+21.919,+1.205
7680.508,16,4,+21.961,+1.209
7684.148,16,4,+22.065,+1.261
7691.296,16,4,+22.132,+1.383
7694.937,16,4,+22.147,+1.364
7698.961,16,4,+22.150,+1.314
7704.514,16,4,+22.105,+1.354
7709.253,16,4,+22.139,+1.383
7713.339,16,4,+22.168,+1.428
7719.768,16,4,+22.238,+1.647
7725.105,16,4,+22.146,+1.630
7729.303,16,4,+22.175,+1.624
7733.882,16,4,+22.329,+1.630
7737.767,16,4,+22.607,+1.615
7746.172,16,4,+22.711,+1.715
7750.389,16,4,+22.795,+1.765
7751.348,16,4,+22.744,+1.760
7753.602,16,4,+22.675,+1.771
7755.048,16,4,+22.677,+1.772
7755.783,16,4,+22.684,+1.773
7760.067,16,4,+22.723,+1.851
7761.269,16,4,+22.730,+1.872
7763.408,16,4,+22.594,+1.837
7768.118,16,4,+22.513,+1.723
7773.758,16,4,+22.711,+1.916
7777.301,16,4,+22.815,+1.965
7780.968,16,4,+22.969,+2.025
7788.033,16,4,+23.100,+2.094
7791.737,16,4,+23.140,+2.080
7795.795,16,4,+23.159,+2.062
7801.326,16,4,+23.230,+2.102
7806.029,16,4,+23.302,+2.138
7810.084,16,4,+23.371,+2.138
7816.436,16,4,+23.519,+2.247
7821.883,16,4,+23.590,+2.266
7826.082,16,4,+23.611,+2.237
7830.637,16,4,+23.759,+2.223
7834.467,16,4,+23.919,+2.205
7842.892,16,4,+24.074,+2.228
7847.12,16,4,+24.111,+2.221
7847.982,16,4,+24.067,+2.200
7850.273,16,4,+24.007,+2.181
7851.667,16,4,+24.005,+2.179
7852.438,16,4,+24.001,+2.182
7856.637,16,4,+23.931,+2.262
7857.836,16,4,+23.905,+2.284
7859.933,16,4,+23.828,+2.207
7864.688,16,4,+23.739,+2.093
7870.24,16,4,+23.987,+2.255
7873.837,16,4,+24.103,+2.273
7877.459,16,4,+24.195,+2.315
7884.615,16,4,+24.376,+2.264
7888.383,16,4,+24.472,+2.305
7892.461,16,4,+24.491,+2.321
7898.009,16,4,+24.532,+2.375
7902.746,16,4,+24.644,+2.397
7906.73,16,4,+24.610,+2.349
7913.46,16,4,+25.073,+2.844
7918.948,16,4,+25.267,+2.914
7923.201,16,4,+25.351,+2.953
7927.771,16,4,+25.399,+2.947
7931.615,16,4,+25.477,+2.933
7940.082,16,4,+25.662,+3.080
7944.315,16,4,+25.721,+3.071
7945.237,16,4,+25.719,+3.056
7947.503,16,4,+25.696,+3.022
7948.902,16,4,+25.700,+3.014
7949.648,16,4,+25.697,+3.010
7953.882,16,4,+25.614,+2.955
7955.003,16,4,+25.589,+2.940
7957.167,16,4,+25.559,+2.877
7961.909,16,4,+25.544,+2.862
7967.454,16,4,+25.691,+2.891
7970.903,16,4,+25.699,+2.855
7974.483,16,4,+25.755,+2.846
7981.565,16,4,+25.897,+2.933
7985.306,16,4,+25.955,+2.945
7989.399,16,4,+25.983,+2.946
7994.899,16,4,+26.064,+2.903
7999.54,16,4,+26.100,+2.839
8003.602,16,4,+26.168,+2.867
8009.93,16,4,+26.303,+2.915
8015.399,16,4,+26.382,+2.894
8019.602,16,4,+26.375,+2.851
8024.149,16,4,+26.430,+2.903
8028.009,16,4,+26.551,+3.001
8036.414,16,4,+26.686,+2.972
8040.62,16,4,+26.767,+3.031
8041.54,16,4,+26.746,+3.014
8043.787,16,4,+26.697,+2.981
8045.131,16,4,+26.688,+2.972
8045.928,16,4,+26.686,+2.972
8050.146,16,4,+26.646,+3.025
8051.381,16,4,+26.629,+3.033
8053.443,16,4,+26.565,+2.917
8058.257,16,4,+26.603,+2.997
8063.866,16,4,+26.794,+3.127
8067.381,16,4,+26.817,+3.120
8071.037,16,4,+26.873,+3.172
8078.068,16,4,+26.993,+3.241
8081.787,16,4,+27.109,+3.261
8085.834,16,4,+27.241,+3.266
8091.459,16,4,+27.367,+3.371
8096.147,16,4,+27.460,+3.422
8100.162,16,4,+27.422,+3.443
8106.506,16,4,+27.531,+3.538
8112.068,16,4,+27.710,+3.597
8116.209,16,4,+27.703,+3.566
8120.662,16,4,+27.626,+3.407
8124.334,16,4,+27.517,+3.180
8132.678,16,4,+27.507,+3.126
8136.85,16,4,+27.544,+3.088
8137.756,16,4,+27.505,+3.063
8139.99,16,4,+27.411,+2.999
8141.397,16,4,+27.398,+2.982
8142.115,16,4,+27.389,+2.972
8146.303,16,4,+27.254,+2.833
8147.48,16,4,+27.218,+2.787
8149.631,16,4,+27.197,+2.716
8154.272,16,4,+26.987,+2.569
8159.912,16,4,+27.262,+2.798
8163.397,16,4,+27.289,+2.745
8166.912,16,4,+27.279,+2.714
8173.959,16,4,+27.354,+2.703
8177.662,16,4,+27.456,+2.695
8181.725,16,4,+27.627,+2.676
8187.225,16,4,+27.701,+2.763
8191.9,16,4,+27.754,+2.792
8195.978,16,4,+27.771,+2.806
8202.349,16,4,+27.853,+2.917
8207.784,16,4,+27.989,+2.949
8211.977,16,4,+28.013,+2.937
8216.576,16,4,+28.072,+2.974
8220.467,16,4,+28.149,+3.016
8228.889,16,4,+28.041,+3.098
8233.084,16,4,+28.076,+3.117
8233.962,16,4,+28.016,+3.095
8236.254,16,4,+27.933,+3.056
8237.584,16,4,+27.918,+3.044
8238.353,16,4,+27.911,+3.049
8242.638,16,4,+27.870,+3.153
8243.869,16,4,+27.868,+3.179
8246.03,16,4,+27.841,+3.142
8250.85,16,4,+27.874,+3.106
8256.331,16,4,+27.933,+3.161
8259.753,16,4,+27.895,+3.093
8263.342,16,4,+27.919,+3.107
8270.359,16,4,+28.023,+3.173
8274.068,16,4,+28.131,+3.165
8278.139,16,4,+28.253,+3.151
8283.522,16,4,+28.217,+3.066
8288.236,16,4,+28.283,+3.101
8292.288,16,4,+28.305,+3.151
8298.584,16,4,+28.357,+3.178
8304.137,16,4,+28.513,+3.140
8308.308,16,4,+28.527,+3.103
8312.926,16,4,+28.596,+3.086
8316.807,16,4,+28.686,+3.068
8325.209,16,4,+28.781,+3.118
8329.388,16,4,+28.835,+3.089
8330.303,16,4,+28.814,+3.043
8332.537,16,4,+28.730,+3.012
8333.95,16,4,+28.720,+3.002
8334.691,16,4,+28.719,+2.995
8338.905,16,4,+28.707,+2.952
8340.107,16,4,+28.706,+2.934
8342.281,16,4,+28.703,+2.864
8346.953,16,4,+28.491,+2.764
8352.563,16,4,+28.716,+2.936
8356.063,16,4,+28.778,+2.929
8359.656,16,4,+28.831,+2.967
8366.735,16,4,+28.927,+3.055
8370.438,16,4,+29.026,+3.035
8374.469,16,4,+29.153,+3.011
8379.953,16,4,+29.152,+3.011
8384.626,16,4,+29.172,+3.013
8388.688,16,4,+29.185,+3.068
8394.969,16,4,+29.167,+3.093
8400.563,16,4,+29.227,+3.223
8404.766,16,4,+29.147,+3.200
8409.344,16,4,+29.230,+3.190
8413.219,16,4,+29.412,+3.164
8421.657,16,4,+29.574,+3.258
8425.869,16,4,+29.651,+3.282
8426.75,16,4,+29.597,+3.243
8428.937,16,4,+29.476,+3.169
8430.336,16,4,+29.454,+3.152
8431.098,16,4,+29.447,+3.145
8435.256,16,4,+29.393,+3.104
8436.459,16,4,+29.386,+3.090
8438.584,16,4,+29.356,+3.038
8443.366,16,4,+29.347,+2.956
8448.899,16,4,+29.396,+3.092
8452.35,16,4,+29.358,+3.047
8455.951,16,4,+29.398,+3.031
8462.945,16,4,+29.431,+3.100
8466.668,16,4,+29.547,+3.096
8470.704,16,4,+29.666,+3.078
8476.183,16,4,+29.546,+3.047
8480.811,16,4,+29.409,+3.051
8484.862,16,4,+29.371,+3.096
8491.27,16,4,+29.427,+3.198
8496.805,16,4,+29.525,+3.360
8501.005,16,4,+29.525,+3.318
8505.575,16,4,+29.574,+3.308
8509.441,16,4,+29.638,+3.290
8518.375,16,4,+30.273,+3.860
8522.524,16,4,+30.282,+3.833
8523.462,16,4,+30.287,+3.847
8525.675,16,4,+30.201,+3.778
8527.074,16,4,+30.185,+3.760
8527.839,16,4,+30.180,+3.755
8532.124,16,4,+30.168,+3.764
8533.349,16,4,+30.171,+3.768
8535.537,16,4,+30.227,+3.754
8540.3,16,4,+30.032,+3.684
8545.706,16,4,+30.147,+3.691
8549.223,16,4,+30.191,+3.716
8552.832,16,4,+30.251,+3.768
8559.941,16,4,+30.416,+3.902
8563.66,16,4,+30.554,+3.931
8567.785,16,4,+30.694,+3.947
8573.223,16,4,+30.725,+3.925
8577.879,16,4,+30.754,+3.917
8581.817,16,4,+30.717,+3.903
8588.129,16,4,+30.759,+3.917
8593.566,16,4,+30.915,+3.931
8597.784,16,4,+30.947,+3.884
8602.319,16,4,+30.978,+3.877
8606.194,16,4,+31.015,+3.869
8614.663,16,4,+31.275,+3.909
8618.876,16,4,+31.344,+3.904
8619.747,16,4,+31.322,+3.872
8622.005,16,4,+31.250,+3.806
8623.422,16,4,+31.240,+3.789
8624.141,16,4,+31.229,+3.783
8628.294,16,4,+31.055,+3.755
8629.45,16,4,+31.008,+3.748
8631.585,16,4,+30.963,+3.687
8636.285,16,4,+30.928,+3.594
8641.835,16,4,+31.048,+3.738
8645.322,16,4,+31.077,+3.695
8648.885,16,4,+31.122,+3.713
8656.054,16,4,+31.299,+3.839
8659.773,16,4,+31.406,+3.850
8663.804,16,4,+31.571,+3.849
8669.226,16,4,+31.589,+3.799
8673.888,16,4,+31.636,+3.779
8677.95,16,4,+31.686,+3.842
8684.413,16,4,+31.966,+4.115
8689.875,16,4,+32.028,+4.035
8694.01,16,4,+32.036,+4.003
8698.621,16,4,+32.080,+3.984
8702.468,16,4,+32.136,+3.964
8710.948,16,4,+30.226,+3.964
8715.159,16,4,+30.378,+4.013
8716.079,16,4,+30.270,+3.979
8718.335,16,4,+30.063,+3.920
8719.731,16,4,+30.033,+3.910
8720.469,16,4,+30.019,+3.904
8724.721,16,4,+29.925,+3.876
8725.928,16,4,+29.906,+3.866
8728.068,16,4,+29.769,+3.788
8732.712,16,4,+29.546,+3.646
8738.257,16,4,+29.718,+3.736
8741.737,16,4,+29.699,+3.639
8745.304,16,4,+29.734,+3.636
8752.395,16,4,+29.829,+3.665
8756.104,16,4,+29.950,+3.679
8760.141,16,4,+29.941,+3.683
8765.616,16,4,+29.837,+3.581
8770.234,16,4,+29.901,+3.569
8774.268,16,4,+29.914,+3.601
8780.507,16,4,+29.962,+3.536
8786.132,16,4,+30.165,+3.661
8790.301,16,4,+30.188,+3.627
8794.864,16,4,+30.226,+3.648
8798.705,16,4,+30.276,+3.688
8807.263,16,4,+30.386,+3.820
8811.469,16,4,+30.405,+3.855
8812.32,16,4,+30.287,+3.800
8814.55,16,4,+30.105,+3.701
8815.963,16,4,+30.076,+3.684
8816.669,16,4,+30.056,+3.677
8820.791,16,4,+29.855,+3.655
8821.975,16,4,+29.800,+3.650
8824.086,16,4,+29.675,+3.606
8828.817,16,4,+29.446,+3.493
8834.357,16,4,+29.633,+3.603
8837.839,16,4,+29.553,+3.571
8841.366,16,4,+29.543,+3.551
8848.507,16,4,+29.664,+3.657
8852.213,16,4,+29.787,+3.673
8856.256,16,4,+29.732,+3.667
8861.742,16,4,+29.682,+3.622
8866.372,16,4,+29.680,+3.605
8870.386,16,4,+29.673,+3.654
8876.65,16,4,+29.689,+3.700
8882.239,16,4,+29.848,+3.756
8886.453,16,4,+29.910,+3.773
8891.063,16,4,+29.971,+3.787
8894.895,16,4,+30.057,+3.803
8903.357,16,4,+30.121,+3.864
8907.517,16,4,+30.122,+3.833
8908.46,16,4,+30.011,+3.769
8910.663,16,4,+29.856,+3.728
8912.075,16,4,+29.827,+3.720
8912.811,16,4,+29.812,+3.719
8917.006,16,4,+29.696,+3.767
8918.211,16,4,+29.667,+3.782
8920.361,16,4,+29.587,+3.717
8925.049,16,4,+29.517,+3.624
8930.58,16,4,+29.672,+3.711
8934.033,16,4,+29.633,+3.664
8937.611,16,4,+29.627,+3.651
8944.642,16,4,+29.716,+3.676
8948.361,16,4,+29.825,+3.673
8952.392,16,4,+29.730,+3.662
8957.814,16,4,+29.628,+3.580
8962.455,16,4,+29.678,+3.548
8966.455,16,4,+29.630,+3.541
8972.738,16,4,+29.702,+3.606
8978.307,16,4,+29.763,+3.649
8982.464,16,4,+29.782,+3.633
8987.032,16,4,+29.834,+3.659
8990.902,16,4,+29.898,+3.700
8999.346,16,4,+29.837,+3.791
9003.576,16,4,+29.761,+3.805
9004.415,16,4,+29.613,+3.731
9006.671,16,4,+29.317,+3.639
9008.086,16,4,+29.087,+3.628
9008.831,16,4,+28.894,+3.627
13.093,10,7,,
3390.839,10,7,+0.608,
3392.231,10,5,+0.608,
3392.314,10,5,+0.497,+0.355
3394.928,10,5,+0.663,+0.135
3400.454,10,5,+1.179,+0.329
3406.654,10,5,+1.825,+0.458
3410.172,10,5,+1.960,+0.553
3413.676,10,5,+1.938,+0.542
3421.242,10,5,+2.293,+0.611
3424.866,10,5,+2.210,+0.613
3429.032,10,5,+2.257,+0.539
3435.11,10,5,+2.695,+0.624
3440.043,10,5,+2.964,+0.758
3443.999,10,5,+2.883,+0.749
3450.566,10,5,+3.095,+0.695
3456.07,10,5,+3.106,+0.857
3460.301,10,5,+3.104,+0.757
3464.777,10,5,+2.994,+0.700
3468.278,10,5,+2.779,+0.530
3477.036,10,5,+3.092,+0.698
3481.255,10,5,+2.987,+0.644
3482.254,10,5,+3.017,+0.658
3484.708,10,5,+3.140,+0.773
3486.119,10,5,+3.148,+0.788
3486.931,10,5,+3.143,+0.776
3491.182,10,5,+3.104,+0.629
3492.38,10,5,+3.055,+0.593
3494.837,10,5,+2.841,+0.494
3500.029,10,5,+3.053,+0.784
3505.677,10,5,+3.097,+0.934
3509.177,10,5,+3.009,+0.975
3512.771,10,5,+2.829,+0.984
3520.329,10,5,+2.897,+1.179
3524.029,10,5,+2.839,+1.238
3528.258,10,5,+2.837,+1.389
3534.225,10,5,+2.913,+1.468
3539.042,10,5,+2.996,+1.536
3543.066,10,5,+2.926,+1.535
3549.646,10,5,+3.085,+1.592
3555.079,10,5,+3.091,+1.629
3559.334,10,5,+3.076,+1.618
3563.726,10,5,+2.860,+1.515
3567.414,10,5,+2.779,+1.452
3576.03,10,5,+3.022,+1.593
3580.264,10,5,+3.011,+1.625
3581.264,10,5,+3.004,+1.577
3583.608,10,5,+3.065,+1.588
3585.014,10,5,+3.069,+1.597
3585.827,10,5,+3.066,+1.618
3590.218,10,5,+3.023,+1.985
3591.436,10,5,+3.008,+2.013
3593.875,10,5,+2.966,+1.926
3599.076,10,5,+3.334,+1.811
3604.681,10,5,+3.416,+1.706
3608.199,10,5,+3.489,+1.674
3611.775,10,5,+3.453,+1.555
3619.161,10,5,+3.592,+1.586
3622.897,10,5,+3.594,+1.537
3627.098,10,5,+3.542,+1.635
3632.996,10,5,+3.719,+1.795
3637.821,10,5,+3.938,+1.801
3641.878,10,5,+3.925,+1.696
3648.417,10,5,+4.021,+1.607
3653.899,10,5,+4.161,+1.773
3658.187,10,5,+4.186,+1.725
3662.742,10,5,+4.133,+1.809
3666.497,10,5,+4.037,+1.932
3674.955,10,5,+3.983,+1.684
3679.243,10,5,+3.989,+1.646
3680.196,10,5,+3.974,+1.638
3682.524,10,5,+3.967,+1.635
3683.941,10,5,+3.973,+1.643
3684.745,10,5,+3.976,+1.661
3689.176,10,5,+3.981,+1.870
3690.46,10,5,+3.971,+1.920
3692.7,10,5,+3.903,+1.846
3697.898,10,5,+4.063,+2.029
3703.51,10,5,+4.212,+2.067
3707.077,10,5,+4.289,+2.061
3710.742,10,5,+4.258,+2.027
3717.982,10,5,+4.494,+2.076
3721.745,10,5,+4.520,+2.056
3725.874,10,5,+4.418,+2.086
3731.749,10,5,+4.554,+2.231
3736.483,10,5,+4.762,+2.300
3740.561,10,5,+4.805,+2.250
3747.139,10,5,+5.104,+2.328
3752.722,10,5,+5.291,+2.498
3756.972,10,5,+5.297,+2.449
3761.537,10,5,+5.256,+2.437
3765.253,10,5,+5.174,+2.426
3773.777,10,5,+5.285,+2.455
3777.906,10,5,+5.213,+2.442
3778.849,10,5,+5.176,+2.409
3781.241,10,5,+5.289,+2.515
3782.678,10,5,+5.305,+2.532
3783.459,10,5,+5.299,+2.543
3787.771,10,5,+5.189,+2.692
3788.974,10,5,+5.157,+2.741
3791.334,10,5,+5.152,+2.778
3796.591,10,5,+5.584,+3.081
3802.141,10,5,+5.512,+2.972
3805.641,10,5,+5.590,+2.891
3809.236,10,5,+5.585,+2.782
3816.487,10,5,+5.717,+2.752
3820.236,10,5,+5.722,+2.731
3824.361,10,5,+5.608,+2.753
3830.189,10,5,+5.709,+2.879
3834.971,10,5,+5.862,+2.996
3839.08,10,5,+5.900,+2.970
3845.611,10,5,+6.137,+3.003
3851.205,10,5,+6.225,+3.107
3855.486,10,5,+6.259,+3.081
3860.027,10,5,+6.244,+3.187
3863.827,10,5,+6.203,+3.299
3872.297,10,5,+6.235,+3.329
3876.471,10,5,+6.202,+3.177
3877.44,10,5,+6.179,+3.169
3880.36,10,5,+6.233,+3.167
3881.155,10,5,+6.243,+3.158
3881.988,10,5,+6.238,+3.154
3886.271,10,5,+6.145,+3.172
3887.459,10,5,+6.115,+3.186
3889.756,10,5,+6.088,+3.116
3895.021,10,5,+6.544,+3.423
3900.614,10,5,+6.639,+3.360
3904.099,10,5,+6.687,+3.246
3907.712,10,5,+6.679,+3.152
3914.976,10,5,+6.846,+3.145
3918.737,10,5,+6.859,+3.126
3922.831,10,5,+6.746,+3.031
3928.643,10,5,+6.884,+3.128
3933.487,10,5,+7.055,+3.209
3937.518,10,5,+7.046,+3.095
3943.972,10,5,+7.222,+3.178
3949.628,10,5,+7.436,+3.452
3953.893,10,5,+7.463,+3.438
3958.413,10,5,+7.418,+3.407
3962.171,10,5,+7.336,+3.367
3970.696,10,5,+7.425,+3.418
3974.776,10,5,+7.393,+3.303
3975.711,10,5,+7.380,+3.282
3978.053,10,5,+7.372,+3.307
3979.439,10,5,+7.373,+3.314
3980.247,10,5,+7.364,+3.316
3984.568,10,5,+7.271,+3.371
3985.771,10,5,+7.248,+3.396
3988.077,10,5,+7.192,+3.418
3993.319,10,5,+7.438,+3.676
3998.831,10,5,+7.467,+3.577
4002.349,10,5,+7.524,+3.551
4005.913,10,5,+7.513,+3.468
4013.281,10,5,+7.774,+3.545
4017.012,10,5,+7.783,+3.542
4021.122,10,5,+7.679,+3.575
4027.128,10,5,+7.927,+3.831
4031.933,10,5,+8.104,+3.881
4036.024,10,5,+8.134,+3.823
4042.542,10,5,+8.375,+3.854
4048.233,10,5,+8.587,+4.104
4052.468,10,5,+8.606,+4.081
4056.999,10,5,+8.585,+4.020
4060.742,10,5,+8.513,+3.968
4069.183,10,5,+8.561,+3.963
4073.374,10,5,+8.530,+3.855
4074.296,10,5,+8.509,+3.856
4076.655,10,5,+8.579,+3.937
4078.061,10,5,+8.589,+3.950
4078.874,10,5,+8.587,+3.957
4083.233,10,5,+8.539,+4.016
4084.421,10,5,+8.524,+4.032
4086.718,10,5,+8.449,+3.994
4091.968,10,5,+8.706,+4.169
4097.483,10,5,+8.793,+4.188
4100.976,10,5,+8.818,+4.156
4104.537,10,5,+8.812,+4.147
4111.777,10,5,+8.988,+4.140
4115.529,10,5,+8.995,+4.126
4119.644,10,5,+8.897,+4.129
4125.562,10,5,+9.073,+4.336
4130.343,10,5,+9.225,+4.421
4134.422,10,5,+9.233,+4.299
4140.984,10,5,+9.448,+4.332
4146.593,10,5,+9.677,+4.511
4150.876,10,5,+9.717,+4.507
4155.376,10,5,+9.681,+4.534
4159.105,10,5,+9.615,+4.551
4167.636,10,5,+9.647,+4.631
4171.812,10,5,+9.616,+4.544
4172.729,10,5,+9.596,+4.541
4175.102,10,5,+9.677,+4.593
4176.529,10,5,+9.692,+4.598
4177.292,10,5,+9.692,+4.590
4181.668,10,5,+9.639,+4.539
4182.897,10,5,+9.623,+4.537
4185.407,10,5,+9.596,+4.531
4190.391,10,5,+9.888,+4.667
4196.032,10,5,+10.043,+4.577
4199.529,10,5,+10.066,+4.626
4203.117,10,5,+10.050,+4.668
4210.381,10,5,+10.228,+4.705
4214.327,10,5,+10.225,+4.690
4218.229,10,5,+10.140,+4.718
4224.127,10,5,+10.254,+4.812
4228.942,10,5,+10.358,+4.784
4233.042,10,5,+10.367,+4.714
4239.53,10,5,+10.554,+4.689
4245.18,10,5,+10.796,+4.936
4249.456,10,5,+10.827,+4.918
4253.996,10,5,+10.819,+4.929
4257.742,10,5,+10.794,+4.939
4266.261,10,5,+10.911,+5.036
4270.477,10,5,+10.904,+4.982
4271.428,10,5,+10.914,+4.980
4273.714,10,5,+10.941,+5.046
4275.127,10,5,+10.943,+5.056
4275.903,10,5,+10.945,+5.069
4280.318,10,5,+10.957,+5.204
4281.506,10,5,+10.954,+5.244
4283.803,10,5,+10.877,+5.160
4288.975,10,5,+11.234,+5.353
4294.569,10,5,+11.320,+5.140
4298.037,10,5,+11.351,+5.148
4301.631,10,5,+11.330,+5.059
4308.815,10,5,+11.423,+4.813
4312.559,10,5,+11.408,+4.779
4316.699,10,5,+11.339,+4.821
4322.584,10,5,+11.452,+4.882
4327.397,10,5,+11.611,+4.944
4331.53,10,5,+11.630,+4.857
4337.994,10,5,+11.820,+4.855
4343.668,10,5,+12.016,+4.716
4347.916,10,5,+12.036,+4.577
4353.156,10,5,+12.758,+5.328
4361.907,10,5,+17.684,+10.218
4371.312,10,5,+17.343,+5.584
4376.875,10,5,+16.127,+5.585
4377.703,10,5,+16.116,+5.520
4398.531,10,6,+16.116,+5.520
4400.94,10,7,+16.116,+5.520
4406.706,10,8,+16.116,+5.520
4409.362,10,9,+16.116,+5.520
4413.44,10,9,+17.536,+2.208
4416.815,10,9,+17.395,+2.303
4423.298,10,9,+15.728,+2.059
4431.706,10,9,+16.003,+2.958
4437.88,10,9,+16.001,+1.535
4443.197,10,9,+14.694,+1.529
4452.991,10,9,+13.665,+1.468
4457.319,10,9,+12.261,+1.648
4462.147,10,9,+10.304,+1.606
4470.881,10,9,+9.585,+0.850
4477.668,10,9,+9.458,+0.894
4483.95,10,9,+10.228,+1.984
4492.977,10,9,+9.641,+0.918
4501.164,10,9,+9.517,+1.633
4507.799,10,9,+10.099,+1.533
4514.798,10,9,+8.398,+1.553
4521.769,10,9,+9.347,+2.621
4535.168,10,9,+9.649,+1.326
4539.93,10,9,+9.251,+1.340
4541.196,10,9,+9.169,+1.307
4544.696,10,9,+8.516,+1.525
4546.509,10,9,+8.658,+1.873
4547.54,10,9,+8.685,+2.020
4553.026,10,9,+8.026,+1.506
4555.709,10,9,+8.499,+1.120
4559.505,10,9,+8.044,+1.170
4570.732,10,9,+8.750,+1.289
4579.925,10,9,+8.336,+1.129
4585.175,10,9,+8.731,+1.760
4589.825,10,9,+8.206,+2.188
4602.056,10,9,+9.659,+1.186
4606.36,10,9,+9.399,+1.308
4611.86,10,9,+7.421,+1.028
4620.766,10,9,+7.822,+1.052
4628.503,10,9,+9.094,+1.129
4634.02,10,9,+8.950,+1.767
4645.361,10,9,+10.830,+1.183
4652.879,10,9,+10.144,+1.445
4658.122,10,9,+9.399,+2.073
4663.443,10,9,+7.489,+1.045
4670.389,10,9,+8.180,+1.292
4684.539,10,9,+9.011,+1.408
4689.568,10,9,+9.196,+1.506
4690.783,10,9,+8.866,+1.574
4693.499,10,9,+7.657,+1.672
4696.256,10,9,+8.425,+1.063
4697.596,10,9,+8.850,+1.238
4703.979,10,9,+9.341,+1.726
4705.625,10,9,+9.189,+1.725
4709.156,10,9,+8.665,+0.965
4717.656,10,9,+8.341,+1.228
4724.082,10,9,+8.244,+1.393
4729.411,10,9,+8.228,+1.090
4733.615,10,9,+8.125,+1.159
4745.647,10,9,+9.351,+1.310
4749.756,10,9,+8.874,+1.412
4754.381,10,9,+7.162,+1.084
4764.819,10,9,+8.261,+0.921
4773.35,10,9,+8.896,+1.282
4778.991,10,9,+9.430,+1.767
4790.225,10,9,+9.476,+0.864
4797.209,10,9,+6.438,+0.709
4804.922,10,9,+5.115,+0.755
4812.879,10,9,+3.897,+0.535
4820.752,10,9,+4.214,+0.512
4832.256,10,9,+3.661,+0.623
4836.802,10,9,+3.549,+0.818
4837.927,10,9,+3.604,+0.777
4840.755,10,9,+3.757,+1.012
4842.302,10,9,+3.844,+1.128
4843.177,10,9,+3.888,+1.189
4847.262,10,10,+3.888,+1.189
4847.609,10,10,+4.068,+0.256
4848.801,10,10,+4.069,+0.361
4851.278,10,10,+4.036,+0.323
4856.63,10,10,+4.316,+0.511
4862.598,10,10,+4.559,+0.719
4866.308,10,10,+4.692,+0.781
4869.86,10,10,+4.734,+0.854
4877.543,10,10,+4.983,+1.062
4881.244,10,10,+4.992,+1.100
4885.487,10,10,+4.952,+1.146
4891.632,10,10,+5.234,+1.160
4896.476,10,10,+5.298,+1.093
4900.491,10,10,+5.328,+1.100
4907.17,10,10,+5.538,+0.966
4912.769,10,10,+5.595,+1.009
4916.994,10,10,+5.571,+0.990
4921.431,10,10,+5.477,+1.054
4925.028,10,10,+5.299,+1.175
4933.599,10,10,+5.363,+1.028
4937.869,10,10,+5.349,+0.975
4938.97,10,10,+5.364,+0.792
4941.353,10,10,+5.351,+0.665
4942.791,10,10,+5.339,+0.643
4943.572,10,10,+5.339,+0.652
4947.853,10,10,+5.222,+0.710
4949.01,10,10,+5.164,+0.716
4951.4,10,10,+5.135,+0.593
4956.572,10,10,+5.298,+0.485
4962.246,10,10,+5.441,+0.649
4965.831,10,10,+5.511,+0.570
4969.378,10,10,+5.457,+0.568
4977.085,10,10,+5.710,+0.618
4980.543,10,10,+5.651,+0.491
4984.725,10,10,+5.562,+0.458
4990.852,10,10,+5.781,+0.528
4995.6,10,10,+5.914,+0.513
4999.645,10,10,+5.852,+0.512
5006.441,10,10,+6.144,+0.453
5011.724,10,10,+6.127,+0.405
5015.923,10,10,+6.097,+0.316
5020.189,10,10,+5.792,+0.254
5023.564,10,10,+5.361,+0.198
5032.317,10,10,+5.659,+0.326
5036.692,10,10,+5.748,+0.295
5037.801,10,10,+5.849,+0.287
5040.238,10,10,+5.969,+0.339
5041.694,10,10,+5.990,+0.342
5042.48,10,10,+6.000,+0.337
5046.757,10,10,+6.057,+0.292
5047.945,10,10,+6.036,+0.271
5050.305,10,10,+6.175,+0.344
5055.618,10,10,+6.654,+0.434
5061.333,10,10,+6.914,+0.578
5064.711,10,10,+6.900,+0.395
5068.178,10,10,+6.759,+0.305
5075.714,10,10,+7.162,+0.383
5079.323,10,10,+7.113,+0.202
5083.495,10,10,+7.180,+0.167
5089.604,10,10,+7.540,+0.287
5094.401,10,10,+7.824,+0.371
5098.454,10,10,+7.781,+0.380
5105.321,10,10,+8.165,+0.440
5110.641,10,10,+8.220,+0.332
5114.735,10,10,+8.207,+0.229
5118.998,10,10,+7.858,+0.096
5122.463,10,10,+7.450,+0.019
5131.204,10,9,+7.450,+0.019
5131.279,10,9,+7.862,+0.593
5135.509,10,9,+7.913,+0.568
5136.533,10,9,+7.985,+0.523
5138.938,10,9,+8.050,+0.481
5140.345,10,9,+8.054,+0.484
5141.11,10,9,+8.040,+0.486
5145.331,10,9,+7.868,+0.529
5146.498,10,9,+7.796,+0.527
5148.769,10,9,+7.769,+0.432
5154.028,10,9,+8.100,+0.463
5159.638,10,9,+8.342,+0.464
5163.075,10,9,+8.347,+0.371
5166.56,10,9,+8.268,+0.294
5174.023,10,9,+8.656,+0.328
5177.679,10,9,+8.629,+0.228
5181.982,10,9,+8.844,+0.281
5188.084,10,9,+9.209,+0.443
5192.895,10,9,+9.446,+0.398
5196.894,10,9,+9.435,+0.352
5203.535,10,9,+9.761,+0.314
5209.054,10,9,+9.919,+0.267
5213.315,10,9,+9.998,+0.272
5217.581,10,9,+9.746,+0.136
5220.929,10,8,+9.746,+0.136
5221.023,10,8,+9.415,+1.150
5229.508,10,8,+9.609,+0.966
5233.699,10,8,+9.620,+0.897
5234.749,10,8,+9.641,+0.885
5237.154,10,8,+9.715,+0.939
5238.563,10,8,+9.728,+0.949
5239.417,10,8,+9.723,+0.950
5243.629,10,8,+9.626,+0.989
5244.831,10,8,+9.586,+0.997
5247.107,10,8,+9.535,+0.973
5252.189,10,8,+9.792,+0.884
5257.767,10,8,+9.923,+0.873
5261.205,10,8,+9.919,+0.826
5264.72,10,8,+9.856,+0.768
5271.861,10,8,+9.946,+0.736
5275.58,10,8,+9.923,+0.683
5279.654,10,8,+9.724,+0.671
5285.491,10,8,+9.763,+0.720
5290.25,10,8,+9.886,+0.713
5294.27,10,8,+9.881,+0.652
5300.746,10,8,+10.023,+0.575
5306.201,10,8,+10.098,+0.538
5310.389,10,8,+10.075,+0.454
5314.669,10,8,+9.849,+0.269
5318.157,10,8,+9.505,+0.047
5326.813,10,8,+9.818,+0.247
5331.136,10,8,+9.896,+0.196
5332.15,10,8,+10.022,+0.261
5334.632,10,8,+10.148,+0.360
5336.116,10,8,+10.212,+0.351
5336.945,10,8,+10.257,+0.346
5341.331,10,8,+10.281,+0.420
5342.47,10,8,+10.213,+0.389
5344.829,10,8,+10.256,+0.394
5350.017,10,8,+10.567,+0.563
5355.683,10,8,+10.746,+0.510
5359.204,10,8,+10.908,+0.591
5362.742,10,8,+10.852,+0.530
5370.363,10,9,+10.852,+0.530
5370.67,10,9,+11.583,+0.129
5374.082,10,8,+11.583,+0.129
5374.17,10,8,+11.452,+0.848
5378.329,10,8,+11.323,+0.839
5384.357,10,8,+11.586,+0.776
5389.174,10,8,+11.793,+0.730
5393.311,10,8,+11.878,+0.733
5399.92,10,8,+12.208,+0.601
5405.48,10,8,+12.406,+0.761
5409.672,10,8,+12.415,+0.695
5414.03,10,8,+12.266,+0.769
5417.671,10,8,+12.072,+0.878
5426.383,10,8,+12.542,+0.937
5430.646,10,8,+12.566,+0.657
5431.615,10,8,+12.648,+0.506
5434.102,10,8,+12.753,+0.473
5435.532,10,8,+12.767,+0.465
5436.258,10,8,+12.766,+0.446
5440.385,10,8,+12.549,+0.208
5441.603,10,8,+12.518,+0.110
5444.207,10,8,+12.859,+0.158
5449.58,10,9,+12.859,+0.158
5449.681,10,9,+13.508,+0.025
5455.963,10,9,+14.311,+0.325
5459.544,10,9,+14.406,+0.410
5463.058,10,9,+14.384,+0.348
5470.463,10,9,+14.694,+0.531
5474.202,10,9,+14.689,+0.461
5478.344,10,9,+14.709,+0.444
5484.33,10,9,+14.924,+0.541
5489.164,10,9,+15.104,+0.567
5493.2,10,9,+15.079,+0.563
5499.68,10,9,+15.239,+0.599
5505.099,10,9,+15.308,+0.542
5509.393,10,9,+15.366,+0.566
5513.737,10,9,+15.187,+0.529
5517.284,10,9,+14.943,+0.479
5525.916,10,9,+15.276,+0.556
5530.19,10,9,+15.344,+0.631
5531.223,10,9,+15.439,+0.682
5533.589,10,9,+15.507,+0.660
5534.985,10,9,+15.512,+0.668
5535.771,10,9,+15.508,+0.683
5540.07,10,9,+15.463,+0.950
5541.216,10,9,+15.436,+0.981
5543.523,10,9,+15.395,+0.717
5548.789,10,9,+15.714,+0.732
5554.508,10,9,+15.956,+0.565
5557.976,10,9,+15.998,+0.634
5561.476,10,9,+15.930,+0.731
5568.773,10,9,+16.174,+0.524
5572.46,10,9,+16.151,+0.493
5576.617,10,9,+16.162,+0.379
5582.699,10,9,+16.478,+0.390
5587.593,10,9,+16.724,+0.383
5591.632,10,9,+16.704,+0.334
5598.418,10,9,+17.204,+0.453
5603.933,10,9,+17.290,+0.452
5608.132,10,9,+17.282,+0.377
5612.415,10,9,+17.002,+0.253
5615.839,10,9,+16.610,+0.070
5624.473,10,9,+16.946,+0.025
5628.822,10,9,+17.063,+0.103
5630.044,10,9,+17.318,+0.175
5632.596,10,9,+17.586,+0.230
5634.12,10,9,+17.709,+0.302
5634.979,10,9,+17.787,+0.345
5639.438,10,10,+17.787,+0.345
5639.531,10,10,+17.994,+0.028
5640.763,10,10,+17.989,+0.074
5643.33,10,10,+18.240,+0.252
5648.609,10,10,+18.570,+0.373
5654.316,10,10,+18.740,+0.331
5657.701,10,10,+18.777,+0.252
5661.164,10,10,+18.689,+0.147
5668.785,10,10,+19.259,+0.385
5672.519,10,10,+19.266,+0.223
5676.676,10,10,+19.326,+0.223
5682.785,10,10,+19.787,+0.452
5687.629,10,10,+19.934,+0.421
5691.629,10,10,+19.897,+0.385
5698.238,10,10,+20.202,+0.467
5703.723,10,10,+20.389,+0.464
5707.941,10,10,+20.392,+0.388
5712.269,10,10,+20.230,+0.414
5715.863,10,10,+19.989,+0.505
5724.563,10,10,+20.387,+0.443
5728.858,10,10,+20.424,+0.415
5729.769,10,10,+20.511,+0.449
5732.177,10,10,+20.532,+0.485
5733.568,10,10,+20.522,+0.476
5734.38,10,10,+20.513,+0.469
5738.52,10,10,+20.388,+0.441
5739.661,10,10,+20.324,+0.433
5741.974,10,10,+20.267,+0.417
5747.177,10,10,+20.538,+0.449
5752.833,10,10,+20.734,+0.472
5756.27,10,10,+20.755,+0.224
5759.739,10,10,+20.617,+0.177
5767.161,10,10,+21.056,+0.360
5770.88,10,10,+21.019,+0.099
5774.849,10,9,+21.019,+0.099
5774.942,10,9,+20.915,+0.879
5780.928,10,9,+21.257,+0.896
5785.755,10,9,+21.411,+0.905
5789.744,10,9,+21.370,+0.843
5796.231,10,9,+21.553,+0.758
5801.856,10,9,+21.791,+0.945
5806.132,10,9,+21.862,+0.906
5810.515,10,9,+21.702,+0.860
5814.084,10,9,+21.473,+0.797
5822.562,10,9,+21.616,+0.754
5826.737,10,9,+21.611,+0.621
5827.72,10,9,+21.622,+0.578
5830.185,10,9,+21.761,+0.710
5831.645,10,9,+21.779,+0.723
5832.379,10,9,+21.774,+0.716
5836.62,10,9,+21.643,+0.644
5837.749,10,9,+21.580,+0.618
5839.981,10,9,+21.501,+0.496
5845.063,10,9,+21.738,+0.689
5850.854,10,9,+22.032,+0.653
5854.3,10,9,+22.106,+0.652
5857.821,10,9,+22.031,+0.486
5865.171,10,9,+22.326,+0.473
5868.844,10,9,+22.311,+0.459
5872.918,10,9,+22.264,+0.455
5878.874,10,9,+22.562,+0.512
5883.753,10,9,+22.797,+0.584
5887.733,10,9,+22.738,+0.524
5894.213,10,9,+22.942,+0.502
5899.776,10,9,+23.112,+0.428
5904.073,10,9,+23.172,+0.390
5908.291,10,9,+22.912,+0.222
5911.76,10,9,+22.560,+0.036
5920.651,10,9,+23.098,+0.200
5924.963,10,9,+23.265,+0.215
5926.041,10,9,+23.391,+0.241
5928.51,10,9,+23.573,+0.320
5929.979,10,9,+23.618,+0.285
5930.791,10,9,+23.634,+0.239
5935.026,10,9,+23.535,+0.021
5936.104,10,8,+23.535,+0.021
5936.182,10,8,+23.488,+1.081
5938.416,10,8,+23.425,+1.087
5943.51,10,9,+23.425,+1.087
5943.963,10,9,+24.093,+0.366
5949.604,10,9,+24.343,+0.405
5953.135,10,9,+24.461,+0.465
5956.682,10,9,+24.429,+0.311
5964.12,10,9,+24.888,+0.452
5967.87,10,9,+24.903,+0.428
5971.948,10,9,+24.834,+0.404
5977.963,10,9,+25.189,+0.618
5982.717,10,9,+25.295,+0.607
5986.799,10,9,+25.309,+0.594
5993.222,10,9,+25.492,+0.556
5998.858,10,9,+25.716,+0.688
6003.079,10,9,+25.745,+0.654
6007.36,10,9,+25.526,+0.507
6010.891,10,9,+25.253,+0.301
6019.485,10,9,+25.531,+0.445
6023.719,10,9,+25.586,+0.375
6024.766,10,9,+25.647,+0.415
6027.158,10,9,+25.701,+0.491
6028.555,10,9,+25.698,+0.490
6029.322,10,9,+25.688,+0.476
6033.481,10,9,+25.527,+0.326
6034.612,10,9,+25.449,+0.264
6036.915,10,9,+25.472,+0.285
6041.995,10,9,+25.645,+0.473
6047.772,10,9,+25.985,+0.590
6051.401,10,9,+26.156,+0.761
6054.9,10,9,+26.103,+0.682
6062.163,10,9,+26.277,+0.601
6065.866,10,9,+26.248,+0.579
6069.944,10,9,+26.258,+0.589
6075.872,10,9,+26.496,+0.661
6080.699,10,9,+26.712,+0.711
6084.746,10,9,+26.703,+0.673
6091.152,10,9,+26.794,+0.592
6096.761,10,9,+27.030,+0.722
6101.011,10,9,+27.081,+0.696
6105.339,10,9,+26.867,+0.606
6108.864,10,9,+26.613,+0.487
6117.339,10,9,+26.774,+0.524
6121.545,10,9,+26.800,+0.445
6122.53,10,9,+26.829,+0.441
6124.956,10,9,+26.913,+0.479
6126.417,10,9,+26.924,+0.479
6127.135,10,9,+26.920,+0.471
6131.358,10,9,+26.783,+0.392
6132.486,10,9,+26.710,+0.352
6134.816,10,9,+26.744,+0.392
6139.854,10,9,+26.967,+0.552
6145.58,10,9,+27.236,+0.502
6149.07,10,9,+27.280,+0.518
6152.534,10,9,+27.169,+0.334
6159.893,10,9,+27.512,+0.403
6163.607,10,9,+27.497,+0.385
6167.671,10,9,+27.490,+0.406
6173.641,10,9,+27.696,+0.483
6178.454,10,9,+27.909,+0.546
6182.485,10,9,+27.900,+0.519
6189.032,10,9,+28.136,+0.517
6194.704,10,9,+28.363,+0.728
6198.954,10,9,+28.390,+0.688
6203.313,10,9,+28.203,+0.613
6206.813,10,9,+27.985,+0.513
6215.417,10,9,+28.224,+0.572
6219.605,10,9,+28.264,+0.462
6220.637,10,9,+28.327,+0.437
6223.083,10,9,+28.460,+0.497
6224.521,10,9,+28.488,+0.509
6225.3,10,9,+28.493,+0.513
6229.546,10,9,+28.416,+0.549
6230.701,10,9,+28.361,+0.553
6233.016,10,9,+28.366,+0.551
6238.179,10,9,+28.630,+0.757
6243.871,10,9,+28.882,+0.579
6247.34,10,9,+28.938,+0.629
6250.885,10,9,+28.861,+0.470
6258.157,10,9,+29.141,+0.452
6261.871,10,9,+29.136,+0.455
6265.922,10,9,+29.087,+0.488
6271.806,10,9,+29.303,+0.479
6276.653,10,9,+29.519,+0.531
6280.735,10,9,+29.546,+0.515
6287.224,10,9,+29.729,+0.520
6292.849,10,9,+29.934,+0.617
6297.081,10,9,+29.961,+0.597
6301.397,10,9,+29.745,+0.509
6304.921,10,9,+29.467,+0.386
6313.564,10,9,+29.690,+0.090
6317.655,10,9,+29.734,+0.357
6318.831,10,9,+29.877,+0.388
6321.359,10,9,+30.086,+0.031
6322.719,10,8,+30.086,+0.031
6322.801,10,8,+30.113,+0.153
6323.674,10,8,+30.129,+0.069
6327.763,10,7,+30.129,+0.069
6327.81,10,7,+30.113,+5.441
6328.998,10,7,+30.102,+5.466
6331.326,10,7,+30.084,+5.459
6336.357,10,7,+30.231,+5.426
6341.92,10,7,+30.354,+5.464
6345.482,10,7,+30.391,+5.458
6349.029,10,7,+30.402,+5.385
6356.187,10,7,+30.563,+5.358
6359.911,10,7,+30.589,+5.275
6363.975,10,7,+30.547,+5.100
6369.678,10,7,+30.603,+4.990
6374.425,10,7,+30.720,+4.986
6378.546,10,7,+30.759,+5.042
6384.99,10,7,+30.935,+5.013
6390.464,10,7,+31.064,+5.085
6394.777,10,7,+31.093,+5.114
6399.168,10,7,+31.023,+5.055
6402.902,10,7,+31.001,+5.051
6411.42,10,7,+31.249,+5.135
6415.591,10,7,+31.228,+5.108
6416.533,10,7,+31.222,+5.137
6418.908,10,7,+31.286,+5.205
6420.315,10,7,+31.307,+5.227
6421.112,10,7,+31.314,+5.243
6425.377,10,7,+31.313,+5.388
6426.596,10,7,+31.305,+5.427
6428.783,10,7,+31.201,+5.345
6433.783,10,7,+31.377,+5.158
6439.333,10,7,+31.537,+5.252
6442.822,10,7,+31.587,+5.261
6446.4,10,7,+31.603,+5.238
6453.556,10,7,+31.749,+5.245
6457.275,10,7,+31.771,+5.181
6461.322,10,7,+31.725,+5.034
6467.072,10,7,+31.789,+4.905
6471.871,10,7,+31.985,+4.959
6475.944,10,7,+32.019,+4.986
6482.366,10,7,+32.146,+4.868
6488.303,10,7,+32.709,+5.348
6492.569,10,7,+32.791,+5.407
6497.097,10,7,+32.798,+5.415
6500.846,10,7,+32.819,+5.436
6509.531,10,7,+33.206,+5.700
6513.7,10,7,+33.196,+5.666
6514.681,10,7,+33.209,+5.685
6517.033,10,7,+33.265,+5.759
6518.481,10,7,+33.273,+5.775
6519.26,10,7,+33.280,+5.788
6523.546,10,7,+33.305,+5.910
6524.759,10,7,+33.303,+5.939
6527.002,10,7,+33.237,+5.837
6532.056,10,7,+33.467,+5.826
6537.679,10,7,+33.650,+5.898
6541.1,10,7,+33.678,+5.891
6544.757,10,7,+33.675,+5.846
6551.788,10,7,+33.769,+5.835
6555.481,10,7,+33.774,+5.767
6559.549,10,7,+33.755,+5.594
6565.273,10,7,+33.951,+5.458
6570.055,10,7,+34.096,+5.470
6574.148,10,7,+34.125,+5.506
6580.617,10,7,+34.320,+5.562
6586.117,10,7,+34.409,+5.603
6590.352,10,7,+34.457,+5.602
6594.836,10,7,+34.461,+5.613
6598.665,10,7,+34.460,+5.668
6607.207,10,7,+34.719,+5.792
6611.417,10,7,+34.744,+5.836
6612.359,10,7,+34.747,+5.853
6614.663,10,7,+34.790,+5.878
6616.098,10,7,+34.800,+5.889
6616.933,10,7,+34.806,+5.904
6621.201,10,7,+34.816,+6.032
6622.433,10,7,+34.813,+6.062
6624.637,10,7,+34.760,+5.964
6629.682,10,7,+34.984,+5.827
6635.251,10,7,+35.211,+5.912
6638.684,10,7,+35.226,+5.878
6642.231,10,7,+35.229,+5.828
6649.366,10,7,+35.327,+5.737
6653.046,10,7,+35.335,+5.621
6657.072,10,7,+35.314,+5.399
6662.746,10,7,+35.376,+5.233
6667.628,10,7,+35.620,+5.283
6671.702,10,7,+35.657,+5.297
6678.077,10,7,+35.816,+5.214
6683.609,10,7,+35.914,+5.310
6687.848,10,7,+35.948,+5.323
6692.361,10,7,+35.943,+5.306
6696.058,10,7,+35.931,+5.280
6704.548,10,7,+36.155,+5.328
6708.673,10,7,+36.118,+5.304
6709.626,10,7,+36.095,+5.309
6711.954,10,7,+36.087,+5.365
6713.36,10,7,+36.081,+5.384
6714.126,10,7,+36.076,+5.397
6718.407,10,7,+36.031,+5.528
6719.626,10,7,+36.016,+5.559
6721.813,10,7,+35.940,+5.479
6726.813,10,7,+36.065,+5.393
6732.407,10,7,+36.064,+5.412
6735.813,10,7,+36.107,+5.421
6739.423,10,7,+36.109,+5.363
6746.472,10,7,+36.115,+5.253
6750.161,10,7,+36.119,+5.134
6754.185,10,7,+36.094,+5.002
6759.857,10,7,+36.123,+4.876
6764.691,10,7,+36.263,+4.940
6768.747,10,7,+36.262,+4.960
6775.098,10,7,+36.356,+4.958
6780.701,10,7,+36.520,+5.075
6784.912,10,7,+36.557,+5.084
6789.46,10,7,+36.544,+5.068
6793.166,10,7,+36.511,+5.057
6801.672,10,7,+36.764,+5.124
6805.834,10,7,+36.765,+5.115
6806.756,10,7,+36.746,+5.124
6809.065,10,7,+36.756,+5.139
6810.511,10,7,+36.757,+5.134
6811.303,10,7,+36.756,+5.139
6815.546,10,7,+36.727,+5.225
6816.774,10,7,+36.716,+5.250
6818.937,10,7,+36.692,+5.151
6823.961,10,7,+36.783,+5.093
6829.534,10,7,+36.965,+5.187
6833.028,10,7,+37.017,+5.158
6836.59,10,7,+37.006,+5.100
6843.637,10,7,+37.066,+5.049
6847.356,10,7,+37.068,+4.957
6851.465,10,7,+37.060,+4.852
6857.035,10,7,+37.073,+4.732
6861.846,10,7,+37.255,+4.723
6865.922,10,7,+37.321,+4.770
6872.308,10,7,+37.458,+4.792
6877.917,10,7,+37.676,+4.899
6882.151,10,7,+37.727,+4.873
6886.613,10,7,+37.725,+4.866
6890.363,10,7,+37.716,+4.881
6898.87,10,7,+37.914,+4.898
6902.988,10,7,+37.909,+4.865
6903.894,10,7,+37.902,+4.857
6906.238,10,7,+37.918,+4.899
6907.66,10,7,+37.926,+4.912
6908.425,10,7,+37.928,+4.922
6912.738,10,7,+37.911,+5.009
6913.972,10,7,+37.901,+5.030
6916.113,10,7,+37.798,+4.940
6921.113,10,7,+37.883,+4.957
6926.707,10,7,+38.069,+4.976
6930.222,10,7,+38.138,+4.962
6933.785,10,7,+38.134,+4.907
6940.901,10,7,+38.193,+4.832
6944.617,10,7,+38.195,+4.746
6948.635,10,7,+38.180,+4.629
6954.365,10,7,+38.382,+4.605
6959.212,10,7,+38.575,+4.631
6963.243,10,7,+38.576,+4.648
6969.572,10,7,+38.649,+4.556
6975.165,10,7,+38.855,+4.717
6979.395,10,7,+38.877,+4.720
6983.872,10,7,+38.867,+4.702
6987.621,10,7,+38.824,+4.670
6996.104,10,7,+39.103,+4.649
7000.285,10,7,+39.101,+4.639
7001.207,10,7,+39.102,+4.634
7003.55,10,7,+39.165,+4.693
7005.003,10,7,+39.181,+4.710
7005.722,10,7,+39.184,+4.725
7010.05,10,7,+39.166,+4.885
7011.285,10,7,+39.155,+4.927
7013.41,10,7,+39.073,+4.828
7018.535,10,7,+39.351,+4.844
7024.05,10,7,+39.416,+4.854
7027.55,10,7,+39.428,+4.845
7031.144,10,7,+39.446,+4.819
7038.237,10,7,+39.577,+4.767
7041.932,10,7,+39.592,+4.641
7045.932,10,7,+39.573,+4.507
7051.713,10,7,+39.775,+4.519
7056.473,10,7,+39.900,+4.549
7060.527,10,7,+39.937,+4.585
7066.82,10,7,+39.882,+4.489
7072.351,10,7,+40.046,+4.575
7076.601,10,7,+40.099,+4.589
7081.082,10,7,+40.088,+4.579
7084.82,10,7,+40.065,+4.568
7093.272,10,7,+40.222,+4.529
7097.41,10,7,+40.229,+4.517
7098.367,10,7,+40.245,+4.532
7100.648,10,7,+40.268,+4.571
7102.054,10,7,+40.273,+4.588
7102.82,10,7,+40.273,+4.599
7107.101,10,7,+40.253,+4.694
7108.32,10,7,+40.243,+4.720
7110.445,10,7,+40.154,+4.597
7115.517,10,7,+40.225,+4.567
7120.987,10,7,+40.320,+4.586
7124.466,10,7,+40.339,+4.582
7128.034,10,7,+40.338,+4.569
7135.135,10,7,+40.417,+4.533
7138.807,10,7,+40.399,+4.448
7142.838,10,7,+40.354,+4.300
7148.526,10,7,+40.485,+4.189
7153.276,10,7,+40.646,+4.144
7157.292,10,7,+40.648,+4.146
7163.604,10,7,+40.694,+4.093
7169.167,10,7,+40.912,+4.221
7173.432,10,7,+40.949,+4.213
7177.854,10,7,+40.940,+4.205
7181.604,10,7,+40.921,+4.213
7189.999,10,7,+40.813,+4.183
7194.139,10,7,+40.836,+4.166
7195.167,10,7,+40.849,+4.169
7197.403,10,7,+40.866,+4.191
7198.861,10,7,+40.869,+4.196
7199.602,10,7,+40.866,+4.201
7203.857,10,7,+40.830,+4.256
7205.029,10,7,+40.820,+4.276
7207.185,10,7,+40.762,+4.177
7212.201,10,7,+40.954,+4.115
7217.748,10,7,+41.138,+4.199
7221.248,10,7,+41.156,+4.155
7224.814,10,7,+41.161,+4.104
7231.858,10,7,+41.234,+4.023
7235.546,10,7,+41.242,+3.931
7239.546,10,7,+41.227,+3.811
7245.202,10,7,+41.353,+3.722
7250.014,10,7,+41.562,+3.771
7254.046,10,7,+41.576,+3.802
7260.361,10,7,+41.643,+3.704
7265.858,10,7,+41.803,+3.773
7270.077,10,7,+41.852,+3.769
7274.56,10,7,+41.849,+3.758
7278.303,10,7,+41.866,+3.754
7286.701,10,7,+42.000,+3.768
7290.838,10,7,+41.981,+3.728
7291.761,10,7,+41.969,+3.739
7294.094,10,7,+42.013,+3.789
7295.506,10,7,+42.013,+3.798
7296.261,10,7,+42.012,+3.810
7300.513,10,7,+42.006,+3.926
7301.721,10,7,+42.004,+3.954
7303.886,10,7,+41.986,+3.874
7308.902,10,7,+42.187,+3.889
7314.457,10,7,+42.310,+3.878
7317.949,10,7,+42.333,+3.867
7321.467,10,7,+42.311,+3.801
7328.603,10,7,+42.411,+3.788
7332.302,10,7,+42.410,+3.711
7336.318,10,7,+42.386,+3.596
7342.004,10,7,+42.565,+3.476
7346.773,10,7,+42.753,+3.480
7350.802,10,7,+42.754,+3.473
7357.06,10,7,+42.753,+3.370
7362.602,10,7,+42.983,+3.532
7366.848,10,7,+43.017,+3.537
7371.336,10,7,+43.043,+3.524
7375.067,10,7,+43.090,+3.510
7383.472,10,7,+43.246,+3.500
7387.584,10,7,+43.240,+3.507
7388.52,10,7,+43.221,+3.525
7390.828,10,7,+43.258,+3.519
7392.247,10,7,+43.268,+3.510
7393.002,10,7,+43.272,+3.518
7397.317,10,7,+43.309,+3.666
7398.52,10,7,+43.324,+3.704
7400.649,10,7,+43.277,+3.602
7405.682,10,7,+43.478,+3.640
7411.231,10,7,+43.537,+3.590
7414.736,10,7,+43.556,+3.596
7418.343,10,7,+43.562,+3.564
7425.398,10,7,+43.620,+3.491
7429.067,10,7,+43.625,+3.421
7433.128,10,7,+43.590,+3.297
7438.783,10,7,+43.682,+3.229
7443.56,10,7,+43.811,+3.226
7447.594,10,7,+43.828,+3.257
7453.928,10,7,+43.752,+3.181
7459.513,10,7,+43.759,+3.265
7463.736,10,7,+43.787,+3.270
7468.202,10,7,+43.870,+3.258
7471.951,10,7,+44.024,+3.255
7480.32,10,7,+44.098,+3.143
7484.468,10,7,+44.066,+3.112
7485.387,10,7,+44.039,+3.105
7487.702,10,7,+43.998,+3.117
7489.135,10,7,+43.988,+3.121
7489.874,10,7,+43.987,+3.128
7494.16,10,7,+43.990,+3.230
7495.366,10,7,+43.985,+3.254
7497.512,10,7,+43.964,+3.184
7502.582,10,7,+44.226,+3.111
7508.06,10,7,+44.249,+3.113
7511.596,10,7,+44.282,+3.086
7515.107,10,7,+44.291,+3.062
7522.212,10,7,+44.403,+3.044
7525.939,10,7,+44.449,+2.978
7529.961,10,7,+44.446,+2.824
7535.661,10,7,+44.658,+2.739
7540.461,10,7,+44.832,+2.784
7544.527,10,7,+44.859,+2.838
7550.935,10,7,+44.965,+2.802
7556.602,10,7,+45.219,+2.872
7560.803,10,7,+45.279,+2.882
7565.253,10,7,+45.399,+2.868
7568.967,10,7,+45.483,+2.849
7577.464,10,7,+45.803,+2.874
7581.647,10,7,+45.800,+2.853
7582.561,10,7,+45.810,+2.882
7584.907,10,7,+45.852,+2.924
7586.343,10,7,+45.859,+2.930
7587.093,10,7,+45.858,+2.937
7591.374,10,7,+45.852,+3.032
7592.53,10,7,+45.855,+3.053
7594.687,10,7,+45.804,+2.974
7599.761,10,7,+46.082,+2.938
7605.239,10,7,+46.129,+2.953
7608.702,10,7,+46.124,+2.927
7612.262,10,7,+46.128,+2.891
7619.348,10,7,+46.235,+2.821
7623.039,10,7,+46.244,+2.739
7627.054,10,7,+46.235,+2.639
7632.699,10,7,+46.325,+2.527
7637.568,10,7,+46.540,+2.554
7641.623,10,7,+46.555,+2.587
7647.982,10,7,+46.605,+2.579
7653.582,10,7,+46.797,+2.591
7657.808,10,7,+46.835,+2.572
7662.273,10,7,+46.838,+2.543
7666.002,10,7,+46.868,+2.496
7674.53,10,7,+47.014,+2.514
7678.658,10,7,+46.998,+2.472
7679.561,10,7,+46.958,+2.464
7681.919,10,7,+46.947,+2.541
7683.385,10,7,+46.953,+2.569
7684.12,10,7,+46.954,+2.580
7688.347,10,7,+46.961,+2.686
7689.567,10,7,+46.966,+2.712
7691.736,10,7,+46.908,+2.664
7696.687,10,7,+47.124,+2.498
7702.221,10,7,+47.158,+2.518
7705.718,10,7,+47.167,+2.487
7709.303,10,7,+47.166,+2.449
7716.349,10,7,+47.225,+2.413
7720.049,10,7,+47.229,+2.352
7724.061,10,7,+47.217,+2.224
7729.735,10,7,+47.299,+2.170
7734.502,10,7,+47.409,+2.153
7738.583,10,7,+47.415,+2.207
7744.905,10,7,+47.415,+2.151
7750.448,10,7,+47.476,+2.201
7754.667,10,7,+47.518,+2.216
7759.173,10,7,+47.577,+2.194
7762.882,10,7,+47.722,+2.192
7771.385,10,7,+47.923,+2.237
7775.505,10,7,+47.914,+2.228
7776.468,10,7,+47.875,+2.235
7778.823,10,7,+47.883,+2.305
7780.262,10,7,+47.891,+2.324
7780.984,10,7,+47.895,+2.334
7785.209,10,7,+47.893,+2.431
7786.415,10,7,+47.883,+2.460
7788.582,10,7,+47.759,+2.432
7793.529,10,7,+47.926,+2.239
7799.107,10,7,+48.081,+2.356
7802.592,10,7,+48.111,+2.316
7806.138,10,7,+48.137,+2.308
7813.202,10,7,+48.283,+2.276
7816.873,10,7,+48.288,+2.182
7820.874,10,7,+48.262,+2.061
7826.574,10,7,+48.475,+2.008
7831.413,10,7,+48.681,+2.006
7835.402,10,7,+48.691,+2.049
7841.771,10,7,+48.877,+2.025
7847.373,10,7,+49.074,+2.095
7851.573,10,7,+49.095,+2.086
7856.045,10,7,+49.168,+2.060
7859.75,10,7,+49.187,+2.038
7868.178,10,7,+49.344,+1.988
7872.303,10,7,+49.320,+1.938
7873.213,10,7,+49.285,+1.922
7875.599,10,7,+49.322,+1.979
7877.006,10,7,+49.329,+1.996
7877.771,10,7,+49.327,+2.006
7881.99,10,7,+49.274,+2.127
7883.178,10,7,+49.249,+2.159
7885.296,10,7,+49.180,+2.087
7890.293,10,7,+49.378,+1.963
7895.883,10,7,+49.572,+2.055
7899.353,10,7,+49.622,+1.892
7902.902,10,7,+49.604,+1.706
7909.961,10,7,+49.724,+0.820
7913.582,10,6,+49.724,+0.820
7913.656,10,6,+49.721,+3.826
7917.673,10,6,+49.699,+3.766
7923.321,10,6,+49.863,+3.834
7928.147,10,6,+50.051,+3.924
7932.193,10,6,+50.069,+3.885
7938.636,10,6,+50.279,+3.882
7944.206,10,6,+50.528,+3.960
7948.393,10,6,+50.568,+3.932
7952.923,10,6,+50.539,+3.847
7956.625,10,6,+50.479,+3.686
7965.061,10,6,+50.623,+3.606
7969.183,10,6,+50.603,+3.537
7970.182,10,6,+50.627,+3.526
7972.484,10,6,+50.686,+3.578
7973.902,10,6,+50.694,+3.578
7974.662,10,6,+50.694,+3.579
7978.89,10,6,+50.672,+3.637
7980.097,10,6,+50.664,+3.645
7982.243,10,6,+50.639,+3.620
7987.227,10,6,+50.881,+3.658
7992.759,10,6,+51.054,+3.717
7996.274,10,6,+51.089,+3.684
7999.806,10,6,+51.084,+3.580
8006.884,10,6,+51.228,+3.478
8010.602,10,6,+51.232,+3.442
8014.555,10,6,+51.200,+3.362
8020.306,10,6,+51.476,+3.459
8025.087,10,6,+51.650,+3.549
8029.134,10,6,+51.681,+3.518
8035.45,10,6,+51.829,+3.409
8040.962,10,6,+51.942,+3.469
8045.209,10,6,+51.987,+3.467
8049.709,10,6,+51.973,+3.392
8053.412,10,6,+51.945,+3.236
8061.912,10,6,+52.094,+3.118
8065.928,10,6,+52.097,+3.010
8066.85,10,6,+52.092,+2.960
8069.225,10,6,+52.146,+3.012
8070.693,10,6,+52.154,+3.018
8071.412,10,6,+52.160,+3.026
8075.678,10,6,+52.180,+3.125
8076.881,10,6,+52.177,+3.141
8079.006,10,6,+52.136,+3.151
8084.131,10,6,+52.443,+3.266
8089.631,10,6,+52.528,+3.294
8093.115,10,6,+52.547,+3.246
8096.647,10,6,+52.523,+3.175
8103.725,10,6,+52.678,+3.151
8107.428,10,6,+52.757,+3.104
8111.49,10,6,+52.853,+3.054
8117.194,10,6,+53.113,+3.174
8121.928,10,6,+53.240,+3.315
8125.959,10,6,+53.210,+3.302
8132.303,10,6,+53.292,+3.300
8137.866,10,6,+53.510,+3.372
8142.084,10,6,+53.553,+3.343
8146.569,10,6,+53.525,+3.264
8150.256,10,6,+53.425,+3.105
8159.334,10,6,+54.156,+3.718
8163.475,10,6,+54.160,+3.661
8164.444,10,6,+54.181,+3.677
8166.803,10,6,+54.241,+3.790
8168.225,10,6,+54.246,+3.801
8169.007,10,6,+54.243,+3.805
8173.272,10,6,+54.209,+3.897
8174.459,10,6,+54.203,+3.920
8176.616,10,6,+54.210,+3.943
8181.584,10,6,+54.291,+3.991
8187.162,10,6,+54.499,+4.017
8190.684,10,6,+54.552,+3.968
8194.197,10,6,+54.543,+3.927
8201.303,10,6,+54.717,+3.915
8204.989,10,6,+54.784,+3.879
8209.034,10,6,+54.924,+3.802
8214.663,10,6,+55.133,+3.863
8219.437,10,6,+55.280,+3.935
8223.489,10,6,+55.281,+3.919
8229.818,10,6,+55.382,+3.928
8235.484,10,6,+55.680,+3.858
8239.714,10,6,+55.736,+3.805
8244.2,10,6,+55.699,+3.737
8247.938,10,6,+55.619,+3.642
8256.456,10,6,+55.603,+3.651
8260.566,10,6,+55.556,+3.562
8261.504,10,6,+55.541,+3.522
8263.834,10,6,+55.561,+3.566
8265.261,10,6,+55.557,+3.572
8265.988,10,6,+55.547,+3.577
8270.271,10,6,+55.472,+3.687
8271.447,10,6,+55.457,+3.721
8273.605,10,6,+55.429,+3.682
8278.577,10,6,+55.638,+3.771
8284.124,10,6,+55.754,+3.712
8287.608,10,6,+55.768,+3.667
8291.149,10,6,+55.729,+3.583
8298.203,10,6,+55.863,+3.409
8301.87,10,6,+55.937,+3.388
8305.924,10,6,+56.054,+3.413
8311.582,10,6,+56.249,+3.163
8316.347,10,6,+56.391,+3.165
8320.362,10,6,+56.368,+3.124
8326.803,10,6,+56.561,+3.078
8332.369,10,6,+56.752,+3.185
8336.583,10,6,+56.778,+3.142
8341.049,10,6,+56.738,+3.028
8344.703,10,6,+56.596,+2.793
8353.172,10,6,+56.737,+2.782
8357.297,10,6,+56.701,+2.668
8358.219,10,6,+56.724,+2.656
8360.563,10,6,+56.766,+2.696
8362.016,10,6,+56.777,+2.694
8362.75,10,6,+56.776,+2.687
8366.938,10,6,+56.717,+2.603
8368.094,10,6,+56.692,+2.558
8370.235,10,6,+56.674,+2.465
8375.219,10,6,+56.727,+2.441
8380.844,10,6,+56.998,+2.612
8384.391,10,6,+57.093,+2.631
8387.907,10,6,+57.069,+2.587
8395.094,10,6,+57.293,+2.710
8398.782,10,6,+57.374,+2.688
8402.782,10,6,+57.457,+2.622
8408.563,10,6,+57.719,+2.817
8413.344,10,6,+57.881,+2.987
8417.375,10,6,+57.865,+2.977
8423.875,10,6,+58.069,+3.153
8429.505,10,6,+58.174,+3.281
8433.709,10,6,+58.097,+3.242
8438.131,10,6,+58.009,+3.063
8441.694,10,6,+57.861,+2.709
8450.178,10,6,+58.089,+2.703
8454.322,10,6,+58.104,+2.642
8455.263,10,6,+58.117,+2.646
8457.613,10,6,+58.152,+2.723
8459.049,10,6,+58.155,+2.733
8459.805,10,6,+58.157,+2.738
8464.037,10,6,+58.171,+2.811
8465.235,10,6,+58.179,+2.823
8467.412,10,6,+58.175,+2.854
8472.425,10,6,+58.409,+2.930
8477.959,10,6,+58.469,+3.052
8481.434,10,6,+58.433,+2.999
8484.959,10,6,+58.413,+2.936
8492.037,10,6,+58.525,+2.934
8495.702,10,6,+58.602,+2.882
8499.734,10,6,+58.681,+2.810
8505.41,10,6,+58.782,+2.943
8510.174,10,6,+58.746,+3.060
8514.19,10,6,+58.678,+3.014
8520.487,10,6,+58.721,+2.918
8526.005,10,6,+58.725,+2.952
8530.255,10,6,+58.780,+2.957
8534.739,10,6,+58.752,+2.874
8538.504,10,6,+58.689,+2.737
8546.985,10,6,+58.876,+2.673
8551.113,10,6,+58.857,+2.590
8552.02,10,6,+58.849,+2.568
8554.363,10,6,+58.901,+2.658
8555.801,10,6,+58.905,+2.665
8556.566,10,6,+58.899,+2.666
8560.801,10,6,+58.844,+2.733
8562.004,10,6,+58.828,+2.744
8564.113,10,6,+58.813,+2.745
8569.098,10,6,+58.868,+2.768
8574.613,10,6,+59.066,+2.833
8578.129,10,6,+59.105,+2.825
8581.66,10,6,+59.078,+2.701
8588.832,10,6,+59.318,+2.765
8592.598,10,6,+59.391,+2.721
8596.564,10,6,+59.468,+2.652
8602.194,10,6,+59.675,+2.726
8606.96,10,6,+59.864,+2.848
8610.991,10,6,+59.851,+2.802
8617.251,10,6,+59.959,+2.732
8622.863,10,6,+60.204,+2.854
8627.059,10,6,+60.238,+2.820
8631.551,10,6,+60.188,+2.739
8635.251,10,6,+60.051,+2.571
8643.675,10,6,+60.292,+2.553
8647.768,10,6,+60.259,+2.485
8648.686,10,6,+60.232,+2.470
8651.037,10,6,+60.262,+2.529
8652.443,10,6,+60.273,+2.532
8653.184,10,6,+60.266,+2.530
8657.398,10,6,+60.166,+2.560
8658.601,10,6,+60.137,+2.562
8660.726,10,6,+60.115,+2.563
8665.663,10,6,+60.304,+2.722
8671.241,10,6,+60.425,+2.732
8674.684,10,6,+60.453,+2.666
8678.223,10,6,+60.423,+2.601
8685.288,10,6,+60.548,+2.576
8688.982,10,6,+60.621,+2.543
8692.968,10,6,+60.734,+2.494
8698.586,10,6,+60.954,+2.556
8703.404,10,6,+61.169,+2.704
8707.45,10,6,+61.180,+2.712
8713.788,10,6,+61.362,+2.723
8719.361,10,6,+61.552,+2.782
8723.711,10,6,+61.590,+2.745
8728.037,10,6,+61.538,+2.665
8731.718,10,6,+61.396,+2.499
8740.192,10,6,+59.464,+2.411
8744.284,10,6,+59.484,+2.306
8745.185,10,6,+59.357,+2.275
8747.536,10,6,+59.267,+2.349
8748.963,10,6,+59.256,+2.355
8749.692,10,6,+59.241,+2.355
8753.879,10,6,+59.097,+2.378
8755.051,10,6,+59.055,+2.374
8757.169,10,6,+58.877,+2.358
8762.202,10,6,+59.003,+2.484
8767.737,10,6,+59.193,+2.488
8771.2,10,6,+59.174,+2.393
8774.705,10,6,+59.127,+2.303
8781.795,10,6,+59.250,+2.276
8785.485,10,6,+59.333,+2.254
8789.515,10,6,+59.268,+2.184
8795.163,10,6,+59.380,+2.303
8799.921,10,6,+59.577,+2.449
8803.924,10,6,+59.573,+2.443
8810.263,10,6,+59.683,+2.394
8815.822,10,6,+59.872,+2.441
8820.025,10,6,+59.916,+2.423
8824.477,10,6,+59.874,+2.342
8828.202,10,6,+59.763,+2.187
8836.827,10,6,+59.969,+2.280
8840.912,10,6,+59.873,+2.180
8841.875,10,6,+59.808,+2.172
8844.211,10,6,+59.768,+2.245
8845.639,10,6,+59.760,+2.249
8846.376,10,6,+59.747,+2.249
8850.623,10,6,+59.637,+2.300
8851.786,10,6,+59.601,+2.306
8853.886,10,6,+59.488,+2.326
8858.877,10,6,+59.483,+2.408
8864.46,10,6,+59.725,+2.517
8867.951,10,6,+59.674,+2.401
8871.505,10,6,+59.642,+2.324
8878.607,10,6,+59.774,+2.288
8882.27,10,6,+59.846,+2.261
8886.286,10,6,+59.746,+2.206
8891.863,10,6,+59.831,+2.194
8896.645,10,6,+59.994,+2.369
8900.687,10,6,+59.977,+2.373
8907.01,10,6,+60.080,+2.326
8912.564,10,6,+60.191,+2.344
8916.738,10,6,+60.202,+2.314
8921.174,10,6,+60.141,+2.240
8924.861,10,6,+60.024,+2.102
8933.455,10,6,+60.214,+2.254
8937.564,10,6,+60.171,+2.193
8938.502,10,6,+60.116,+2.187
8940.845,10,6,+60.041,+2.238
8942.267,10,6,+60.024,+2.241
8943.017,10,6,+60.007,+2.239
8947.111,10,6,+59.787,+2.182
8948.314,10,6,+59.722,+2.159
8950.377,10,6,+59.637,+2.152
8955.424,10,6,+59.889,+2.299
8961.049,10,6,+60.030,+2.327
8964.439,10,6,+60.034,+2.334
8967.976,10,6,+60.017,+2.335
8975.087,10,6,+60.178,+2.322
8978.81,10,6,+60.290,+2.310
8982.836,10,6,+60.166,+2.273
8988.485,10,6,+60.311,+2.356
8993.328,10,6,+60.534,+2.492
8997.342,10,6,+60.512,+2.555
9003.686,10,6,+60.614,+2.465
9009.206,10,6,+60.685,+2.568
9013.402,10,6,+60.718,+2.542
9017.876,10,6,+60.678,+2.484
9021.492,10,6,+60.473,+2.426
9029.964,10,6,+60.421,+2.342
9034.102,10,6,+60.300,+2.484
9035.052,10,6,+60.215,+2.458
9037.386,10,6,+60.023,+2.453
9038.805,10,6,+59.816,+2.422
9039.569,10,6,+59.647,+2.379
13.093,3,8,,
3392.534,3,9,,
3392.731,3,9,+1.946,
3392.766,3,10,+1.946,
3392.856,3,11,+1.946,
3393.066,3,12,+1.946,
3393.194,3,13,+1.946,
3393.254,3,14,+1.946,
3393.496,3,15,+1.946,
3393.541,3,16,+1.946,
3393.577,3,17,+1.946,
3393.596,3,18,+1.946,
3393.796,3,19,+1.946,
3393.817,3,17,+1.946,
3393.896,3,17,+2.111,+0.009
3396.941,3,17,+2.695,+0.073
3402.784,3,17,+3.533,+0.264
3409.424,3,16,+3.533,+0.264
3409.517,3,16,+4.778,+0.221
3413.225,3,16,+5.051,+0.174
3416.86,3,16,+5.077,+0.043
3424.491,3,15,+5.077,+0.043
3424.569,3,15,+5.522,+0.350
3428.133,3,15,+5.456,+0.097
3432.579,3,14,+5.456,+0.097
3432.672,3,14,+5.856,+0.772
3438.938,3,14,+6.396,+0.459
3443.914,3,14,+6.837,+0.369
3447.961,3,14,+6.853,+0.355
3455.168,3,14,+7.554,+0.424
3460.552,3,14,+7.613,+0.302
3464.855,3,13,+7.613,+0.302
3464.941,3,13,+7.777,+0.437
3469.395,3,13,+7.611,+0.477
3472.864,3,13,+7.346,+0.478
3481.821,3,13,+7.862,+0.410
3486.431,3,13,+7.906,+0.291
3487.608,3,13,+8.118,+0.229
3490.238,3,13,+8.416,+0.145
3491.593,3,13,+8.461,+0.107
3492.317,3,13,+8.462,+0.059
3496.219,3,12,+8.462,+0.059
3496.299,3,12,+8.246,+0.337
3497.729,3,12,+8.126,+0.231
3499.951,3,12,+8.133,+0.289
3505.411,3,12,+8.461,+0.399
3511.427,3,12,+8.521,+0.183
3514.668,3,12,+8.469,+0.233
3518.133,3,12,+8.129,+0.157
3525.929,3,12,+8.393,+0.289
3529.751,3,12,+8.537,+0.303
3534.119,3,12,+8.672,+0.276
3540.042,3,11,+8.672,+0.276
3540.137,3,11,+8.739,+0.348
3545.048,3,11,+9.043,+0.441
3549.177,3,11,+9.023,+0.392
3556.082,3,11,+9.416,+0.377
3561.422,3,11,+9.437,+0.378
3565.669,3,11,+9.047,+0.275
3570.139,3,11,+9.146,+0.369
3573.768,3,11,+9.117,+0.544
3582.498,3,11,+9.487,+0.402
3586.78,3,11,+9.489,+0.279
3587.858,3,11,+9.590,+0.276
3590.39,3,11,+9.756,+0.174
3591.843,3,11,+9.772,+0.049
3592.541,3,10,+9.772,+0.049
3592.541,3,10,+9.763,+0.643
3596.765,3,10,+9.575,+0.697
3597.96,3,10,+9.520,+0.715
3600.266,3,10,+9.415,+0.601
3605.361,3,10,+9.578,+0.528
3611.029,3,10,+9.706,+0.517
3614.514,3,10,+9.801,+0.451
3618.15,3,10,+9.803,+0.486
3625.678,3,10,+10.066,+0.529
3629.537,3,10,+10.235,+0.610
3634.027,3,10,+10.427,+0.801
3639.967,3,10,+10.668,+0.842
3644.708,3,10,+10.856,+0.737
3648.777,3,10,+10.858,+0.712
3655.396,3,10,+11.017,+0.655
3660.822,3,10,+11.072,+0.640
3665.101,3,10,+11.108,+0.643
3669.596,3,10,+10.996,+0.624
3673.276,3,10,+10.822,+0.606
3681.877,3,10,+10.905,+0.598
3686.114,3,10,+10.869,+0.582
3687.111,3,10,+10.867,+0.500
3689.441,3,10,+10.870,+0.429
3690.913,3,10,+10.857,+0.420
3691.602,3,10,+10.830,+0.415
3695.71,3,10,+10.498,+0.357
3696.868,3,10,+10.408,+0.354
3699.314,3,10,+10.547,+0.554
3704.514,3,10,+10.704,+0.706
3710.133,3,10,+10.830,+0.701
3713.735,3,10,+10.940,+0.723
3717.389,3,10,+10.972,+0.747
3724.716,3,10,+11.236,+0.763
3728.546,3,10,+11.328,+0.776
3732.968,3,10,+11.478,+0.928
3738.921,3,10,+11.717,+0.968
3743.671,3,10,+11.944,+0.862
3747.734,3,10,+11.970,+0.826
3754.409,3,10,+12.368,+0.799
3759.862,3,10,+12.428,+0.748
3764.144,3,10,+12.472,+0.760
3768.612,3,10,+12.327,+0.691
3772.191,3,10,+12.117,+0.635
3780.724,3,10,+12.195,+0.065
3785.053,3,10,+12.335,+0.183
3786.131,3,10,+12.462,+0.230
3788.553,3,10,+12.581,+0.244
3789.959,3,10,+12.581,+0.243
3790.756,3,10,+12.556,+0.237
3794.792,3,10,+12.111,+0.068
3795.83,3,10,+11.964,+0.003
3797.841,3,9,+11.964,+0.003
3797.916,3,9,+11.815,+1.164
3803.297,3,10,+11.815,+1.164
3804.16,3,10,+13.136,+0.755
3809.799,3,10,+13.175,+0.777
3813.346,3,10,+13.308,+0.787
3817.017,3,10,+13.346,+0.818
3824.408,3,10,+13.614,+0.784
3828.267,3,10,+13.744,+0.851
3832.596,3,10,+13.820,+0.952
3838.533,3,10,+14.059,+0.947
3843.346,3,10,+14.219,+0.860
3847.549,3,10,+14.242,+0.824
3854.017,3,10,+14.516,+0.801
3859.642,3,10,+14.676,+0.828
3863.929,3,10,+14.732,+0.838
3868.396,3,10,+14.597,+0.739
3872.017,3,10,+14.411,+0.640
3880.737,3,10,+14.509,+0.498
3884.834,3,10,+14.540,+0.503
3885.821,3,10,+14.552,+0.455
3888.131,3,10,+14.624,+0.430
3890.428,3,10,+14.603,+0.424
3894.443,3,10,+14.329,+0.319
3895.631,3,10,+14.235,+0.279
3897.99,3,10,+14.348,+0.352
3903.379,3,10,+14.881,+0.612
3908.941,3,10,+14.973,+0.535
3912.461,3,10,+15.054,+0.526
3916.104,3,10,+15.051,+0.509
3923.44,3,10,+15.362,+0.553
3927.3,3,10,+15.450,+0.554
3931.659,3,10,+15.543,+0.624
3937.69,3,10,+15.866,+0.656
3942.518,3,10,+16.096,+0.653
3946.581,3,10,+16.100,+0.614
3953.206,3,10,+16.440,+0.545
3958.843,3,10,+16.656,+0.621
3963.396,3,10,+16.720,+0.631
3967.584,3,10,+16.571,+0.547
3971.202,3,10,+16.347,+0.465
3979.697,3,10,+16.520,+0.405
3983.91,3,10,+16.521,+0.350
3984.923,3,10,+16.585,+0.301
3987.33,3,10,+16.661,+0.280
3988.769,3,10,+16.660,+0.275
3989.523,3,10,+16.637,+0.267
3993.531,3,10,+16.245,+0.200
3994.633,3,10,+16.125,+0.183
3997.099,3,10,+16.219,+0.240
4002.362,3,10,+16.506,+0.432
4008.155,3,10,+16.811,+0.563
4011.663,3,10,+16.857,+0.506
4015.254,3,10,+16.860,+0.483
4022.637,3,10,+17.174,+0.509
4026.478,3,10,+17.272,+0.518
4030.867,3,10,+17.384,+0.610
4036.899,3,10,+17.670,+0.716
4041.799,3,10,+17.970,+0.732
4045.922,3,10,+18.032,+0.717
4052.64,3,10,+18.471,+0.781
4058.358,3,10,+18.757,+0.939
4062.676,3,10,+18.828,+0.974
4067.155,3,10,+18.735,+0.922
4070.827,3,10,+18.546,+0.866
4079.311,3,10,+18.682,+0.752
4083.561,3,10,+18.726,+0.762
4084.577,3,10,+18.762,+0.709
4086.905,3,10,+18.822,+0.644
4088.343,3,10,+18.819,+0.645
4089.14,3,10,+18.799,+0.643
4093.233,3,10,+18.533,+0.612
4094.374,3,10,+18.443,+0.599
4096.905,3,10,+18.464,+0.547
4101.794,3,10,+18.630,+0.529
4107.833,3,10,+18.945,+0.658
4111.204,3,10,+19.015,+0.592
4114.797,3,10,+19.034,+0.615
4122.219,3,10,+19.424,+0.722
4126.078,3,10,+19.535,+0.759
4130.515,3,10,+19.770,+0.930
4136.578,3,10,+20.131,+0.938
4141.468,3,10,+20.346,+0.912
4145.562,3,10,+20.341,+0.929
4152.195,3,10,+20.696,+0.865
4157.871,3,10,+20.979,+0.975
4162.183,3,10,+21.043,+0.983
4166.621,3,10,+20.899,+1.046
4170.221,3,10,+20.704,+1.229
4178.751,3,10,+20.758,+0.970
4182.998,3,10,+20.805,+0.939
4184.013,3,10,+20.854,+0.796
4186.36,3,10,+20.954,+0.676
4187.83,3,10,+20.960,+0.664
4188.61,3,10,+20.942,+0.658
4192.735,3,10,+20.698,+0.612
4193.907,3,10,+20.614,+0.600
4196.282,3,10,+20.643,+0.571
4201.431,3,10,+20.955,+0.616
4207.262,3,10,+21.306,+0.668
4210.897,3,10,+21.404,+0.636
4214.509,3,10,+21.390,+0.621
4221.934,3,10,+21.786,+0.590
4225.765,3,10,+21.850,+0.561
4230.105,3,10,+22.001,+0.581
4236.569,3,10,+22.346,+0.650
4241.178,3,10,+22.610,+0.665
4245.297,3,10,+22.610,+0.678
4252.042,3,10,+23.043,+0.600
4257.796,3,10,+23.423,+0.787
4262.118,3,10,+23.500,+0.805
4266.569,3,10,+23.386,+0.880
4270.189,3,10,+23.226,+1.016
4278.818,3,11,+23.226,+1.016
4278.975,3,11,+23.625,+0.077
4283.272,3,11,+23.675,+0.228
4284.084,3,11,+23.585,+0.016
4287.412,3,12,+23.585,+0.016
4306.35,3,13,+23.585,+0.016
4308.03,3,14,+23.585,+0.016
4308.572,3,15,+23.585,+0.016
4312.122,3,16,+23.585,+0.016
4318.865,3,16,+48.251,+1.641
4321.709,3,16,+48.845,+1.484
4327.071,3,15,+48.845,+1.484
4327.156,3,15,+49.405,+1.571
4332.797,3,15,+49.582,+1.417
4336.297,3,15,+49.601,+1.198
4339.99,3,15,+49.676,+1.212
4347.401,3,15,+49.978,+1.012
4351.406,3,15,+50.256,+1.205
4359.861,3,15,+54.491,+0.836
4367.828,3,15,+56.709,+0.668
4373.187,3,15,+57.407,+0.613
4378.875,3,15,+58.949,+0.466
4387.922,3,15,+61.714,+0.994
4393.962,3,15,+62.319,+0.815
4399.767,3,15,+63.869,+0.880
4406.128,3,15,+65.693,+0.759
4412.315,3,15,+68.122,+1.443
4423.699,3,15,+69.771,+1.955
4429.519,3,15,+68.795,+1.129
4431.348,3,15,+69.717,+1.487
4434.568,3,15,+69.717,+1.716
4436.256,3,15,+69.717,+1.595
4437.231,3,15,+65.592,+1.497
4442.478,3,14,+65.592,+1.497
4442.566,3,14,+65.592,+1.090
4444.086,3,14,+48.172,+1.030
4448.061,3,14,+48.657,+1.582
4454.413,3,14,+46.867,+1.581
4462.788,3,14,+47.020,+3.072
4467.877,3,14,+45.986,+1.911
4472.228,3,14,+43.765,+1.554
4481.77,3,14,+42.468,+1.323
4487.532,3,14,+42.463,+1.210
4493.597,3,14,+41.716,+1.271
4500.933,3,14,+39.641,+0.886
4507.862,3,14,+39.635,+1.818
4512.682,3,14,+38.973,+1.146
4521.597,3,14,+38.224,+2.051
4531.128,3,14,+39.469,+2.529
4537.241,3,14,+39.484,+3.176
4543.102,3,14,+36.778,+2.876
4547.856,3,14,+35.430,+2.602
4559.779,3,14,+34.263,+1.877
4564.622,3,14,+33.924,+1.438
4565.731,3,14,+33.674,+1.119
4569.482,3,14,+33.558,+1.614
4571.397,3,14,+33.501,+1.455
4572.292,3,14,+33.438,+1.396
4577.492,3,13,+33.438,+1.396
4577.579,3,13,+32.545,+1.163
4578.997,3,13,+31.794,+1.002
4581.877,3,13,+30.448,+0.796
4588.606,3,13,+26.667,+1.051
4595.907,3,13,+24.373,+0.845
4599.897,3,13,+23.451,+0.659
4604.056,3,13,+22.487,+0.557
4613.156,3,13,+20.787,+1.196
4617.375,3,13,+20.442,+1.295
4621.875,3,13,+17.426,+1.212
4628.206,3,13,+15.258,+1.160
4634.284,3,13,+14.855,+1.594
4638.913,3,13,+13.833,+0.949
4650.456,3,13,+15.951,+1.107
4657.54,3,13,+14.771,+0.867
4662.643,3,13,+13.914,+0.800
4668.461,3,13,+12.470,+0.815
4674.878,3,13,+12.658,+1.068
4688.862,3,13,+13.269,+0.818
4694.326,3,13,+13.944,+0.630
4695.657,3,13,+13.758,+0.730
4698.698,3,13,+12.809,+0.909
4700.454,3,13,+12.616,+0.610
4701.963,3,13,+13.197,+0.481
4709.39,3,13,+14.743,+1.500
4710.88,3,13,+14.462,+1.492
4714.062,3,13,+13.597,+0.792
4721.542,3,13,+12.219,+0.684
4728.77,3,13,+12.910,+0.886
4732.599,3,13,+11.367,+0.411
4737.194,3,13,+11.742,+0.736
4749.74,3,13,+13.418,+0.877
4754.131,3,13,+13.234,+0.767
4759.225,3,13,+11.999,+1.051
4768.928,3,13,+12.391,+0.821
4777.334,3,13,+12.881,+0.844
4783.131,3,13,+13.567,+0.781
4793.428,3,13,+12.762,+0.710
4800.061,3,13,+9.244,+0.611
4809.281,3,13,+9.420,+0.803
4816.05,3,13,+7.019,+0.621
4823.662,3,13,+7.114,+0.755
4833.736,3,13,+5.121,+0.212
4838.364,3,13,+5.069,+0.250
4839.474,3,13,+5.168,+0.286
4842.083,3,13,+5.062,+0.359
4843.568,3,13,+5.041,+0.396
4844.302,3,13,+5.023,+0.411
4848.343,3,13,+4.784,+0.372
4849.414,3,13,+4.661,+0.291
4851.94,3,13,+4.690,+0.210
4857.333,3,13,+5.006,+0.098
4863.385,3,13,+5.263,+0.042
4866.745,3,12,+5.263,+0.042
4866.814,3,12,+5.238,+0.181
4870.219,3,12,+5.037,+0.069
4877.881,3,11,+5.037,+0.069
4877.968,3,11,+5.215,+0.232
4881.598,3,11,+5.325,+0.333
4885.862,3,11,+5.286,+0.334
4892.008,3,11,+5.551,+0.317
4897.008,3,11,+5.833,+0.535
4901.101,3,11,+5.919,+0.591
4907.798,3,11,+6.186,+0.648
4913.328,3,11,+6.178,+0.583
4917.535,3,11,+6.137,+0.566
4922.032,3,11,+6.081,+0.604
4925.678,3,11,+5.964,+0.665
4934.215,3,11,+5.970,+0.607
4938.378,3,11,+5.832,+0.483
4939.408,3,11,+5.801,+0.437
4941.697,3,11,+5.704,+0.353
4943.103,3,11,+5.662,+0.323
4943.916,3,11,+5.639,+0.300
4948.072,3,11,+5.440,+0.218
4949.213,3,11,+5.359,+0.195
4951.666,3,11,+5.424,+0.289
4956.956,3,11,+5.702,+0.404
4962.643,3,11,+5.818,+0.377
4966.102,3,11,+5.783,+0.272
4969.557,3,11,+5.615,+0.158
4977.357,3,11,+5.965,+0.255
4980.931,3,11,+6.019,+0.368
4985.3,3,11,+6.115,+0.553
4991.379,3,11,+6.199,+0.418
4996.169,3,11,+6.468,+0.554
5000.243,3,11,+6.431,+0.579
5006.921,3,11,+6.643,+0.499
5012.345,3,11,+6.736,+0.609
5016.579,3,11,+6.744,+0.647
5021.111,3,11,+6.709,+0.917
5024.803,3,11,+6.592,+1.231
5033.254,3,11,+6.591,+0.932
5037.381,3,11,+6.478,+0.730
5038.379,3,11,+6.474,+0.625
5040.767,3,11,+6.508,+0.539
5042.226,3,11,+6.498,+0.508
5043.031,3,11,+6.485,+0.485
5047.07,3,11,+6.378,+0.321
5048.21,3,11,+6.333,+0.297
5050.694,3,11,+6.521,+0.346
5056.098,3,11,+7.109,+0.455
5061.743,3,11,+7.337,+0.423
5065.198,3,11,+7.407,+0.507
5068.818,3,11,+7.383,+0.624
5076.229,3,11,+7.676,+0.514
5079.932,3,11,+7.736,+0.623
5084.12,3,11,+7.812,+0.632
5090.041,3,11,+8.010,+0.470
5094.917,3,11,+8.335,+0.511
5098.912,3,11,+8.269,+0.488
5105.653,3,11,+8.607,+0.442
5111.126,3,11,+8.764,+0.544
5115.423,3,11,+8.861,+0.654
5119.862,3,11,+8.705,+0.847
5123.498,3,11,+8.523,+1.073
5132.101,3,11,+8.701,+0.424
5136.317,3,11,+8.734,+0.329
5137.378,3,11,+8.808,+0.300
5139.751,3,11,+8.869,+0.290
5141.157,3,11,+8.860,+0.249
5141.898,3,11,+8.834,+0.209
5145.854,3,10,+8.834,+0.209
5145.931,3,10,+8.452,+0.584
5147.015,3,10,+8.343,+0.547
5149.369,3,10,+8.380,+0.611
5154.513,3,10,+8.680,+0.580
5160.153,3,10,+8.899,+0.557
5163.7,3,10,+8.950,+0.603
5167.294,3,10,+8.979,+0.711
5174.499,3,10,+9.171,+0.515
5178.298,3,10,+9.269,+0.640
5182.516,3,10,+9.380,+0.536
5188.534,3,10,+9.678,+0.469
5193.381,3,10,+9.948,+0.502
5197.425,3,10,+9.982,+0.547
5204.003,3,10,+10.219,+0.458
5209.617,3,10,+10.488,+0.569
5213.87,3,10,+10.532,+0.534
5218.215,3,10,+10.364,+0.618
5221.789,3,10,+10.164,+0.725
5230.351,3,10,+10.450,+0.339
5234.633,3,10,+10.469,+0.335
5235.637,3,10,+10.525,+0.302
5238.001,3,10,+10.579,+0.272
5239.499,3,10,+10.570,+0.267
5240.19,3,10,+10.546,+0.260
5244.157,3,10,+10.138,+0.078
5245.133,3,9,+10.138,+0.078
5245.216,3,9,+10.003,+0.417
5247.635,3,9,+10.071,+0.536
5252.768,3,9,+10.364,+0.572
5258.298,3,9,+10.495,+0.572
5261.798,3,9,+10.517,+0.598
5265.376,3,9,+10.515,+0.659
5272.673,3,9,+10.713,+0.767
5276.455,3,9,+10.836,+0.913
5280.678,3,9,+10.744,+1.020
5286.578,3,9,+10.843,+1.080
5291.35,3,9,+11.002,+1.116
5295.349,3,9,+10.958,+1.077
5301.863,3,9,+11.087,+1.064
5307.264,3,9,+11.157,+1.059
5311.485,3,9,+11.184,+1.109
5315.899,3,9,+11.038,+1.189
5319.443,3,9,+10.860,+1.355
5327.876,3,9,+10.856,+1.038
5332.053,3,9,+10.851,+0.955
5333.008,3,9,+10.843,+0.821
5335.363,3,9,+10.863,+0.715
5336.804,3,9,+10.854,+0.642
5337.558,3,9,+10.837,+0.580
5341.636,3,9,+10.595,+0.314
5342.768,3,9,+10.501,+0.288
5345.142,3,9,+10.574,+0.318
5350.507,3,9,+11.049,+0.482
5356.095,3,9,+11.198,+0.452
5359.509,3,9,+11.213,+0.305
5362.898,3,9,+10.966,+0.114
5370.363,3,8,+10.966,+0.114
5370.438,3,8,+11.454,+0.829
5374.082,3,9,+11.454,+0.829
5374.27,3,9,+11.510,+0.058
5378.555,3,9,+11.556,+0.233
5384.717,3,9,+11.942,+0.356
5389.617,3,9,+12.244,+0.451
5393.639,3,9,+12.224,+0.346
5400.264,3,9,+12.583,+0.375
5405.87,3,9,+12.816,+0.410
5410.093,3,9,+12.837,+0.422
5414.405,3,9,+12.607,+0.341
5417.89,3,9,+12.281,+0.209
5426.563,3,9,+12.657,+0.115
5430.912,3,9,+12.790,+0.224
5431.912,3,9,+12.917,+0.269
5434.309,3,9,+13.000,+0.247
5435.823,3,9,+13.032,+0.265
5436.593,3,9,+13.056,+0.290
5440.945,3,9,+13.108,+0.559
5442.174,3,9,+13.098,+0.580
5444.636,3,9,+13.286,+0.427
5449.58,3,8,+13.286,+0.427
5449.659,3,8,+13.483,+0.403
5455.613,3,8,+13.986,+0.738
5459.104,3,8,+13.996,+0.786
5462.749,3,8,+14.036,+0.688
5469.944,3,8,+14.163,+0.592
5473.718,3,8,+14.228,+0.659
5477.907,3,8,+14.265,+0.741
5483.863,3,8,+14.383,+0.775
5488.599,3,8,+14.537,+0.865
5492.622,3,8,+14.516,+0.830
5499.044,3,8,+14.640,+0.705
5504.565,3,8,+14.766,+0.685
5508.784,3,8,+14.800,+0.648
5513.206,3,8,+14.658,+0.611
5516.784,3,8,+14.464,+0.546
5525.379,3,8,+14.720,+0.549
5529.533,3,8,+14.713,+0.408
5530.63,3,8,+14.757,+0.301
5532.964,3,8,+14.847,+0.311
5534.382,3,8,+14.844,+0.298
5535.133,3,8,+14.825,+0.276
5539.103,3,8,+14.513,+0.014
5540.165,3,7,+14.513,+0.014
5540.244,3,7,+14.430,+0.135
5542.585,3,8,+14.430,+0.135
5542.804,3,8,+14.678,+0.128
5548.054,3,8,+14.982,+0.138
5554.226,3,8,+15.391,+0.247
5557.351,3,8,+15.364,+0.264
5560.648,3,7,+15.364,+0.264
5560.742,3,7,+15.149,+0.240
5568.132,3,7,+15.419,+0.306
5571.757,3,7,+15.439,+0.315
5576.023,3,7,+15.555,+0.492
5581.993,3,7,+15.763,+0.641
5586.83,3,7,+15.971,+0.655
5590.858,3,7,+15.931,+0.589
5597.479,3,7,+16.325,+0.491
5603.0,3,7,+16.388,+0.687
5607.216,3,7,+16.375,+0.632
5611.616,3,7,+16.217,+0.669
5615.222,3,7,+16.037,+0.571
5623.967,3,7,+16.450,+0.371
5628.205,3,7,+16.502,+0.305
5629.264,3,7,+16.574,+0.295
5631.658,3,7,+16.647,+0.339
5633.131,3,7,+16.659,+0.345
5633.88,3,7,+16.664,+0.341
5638.132,3,7,+16.604,+0.319
5639.31,3,7,+16.554,+0.316
5641.701,3,7,+16.631,+0.375
5646.863,3,7,+16.841,+0.428
5652.44,3,7,+16.964,+0.386
5655.88,3,7,+16.950,+0.334
5659.258,3,7,+16.722,+0.122
5666.344,3,6,+16.722,+0.122
5666.418,3,6,+16.854,+0.985
5670.113,3,6,+16.861,+0.967
5674.301,3,6,+16.917,+1.052
5680.254,3,6,+17.253,+1.325
5685.035,3,6,+17.358,+1.320
5689.035,3,6,+17.291,+1.131
5695.519,3,6,+17.519,+1.176
5700.973,3,6,+17.644,+1.265
5705.269,3,6,+17.695,+1.258
5710.004,3,6,+17.893,+1.388
5713.879,3,6,+17.994,+1.399
5722.372,3,6,+18.212,+1.461
5726.479,3,6,+18.141,+1.322
5727.411,3,6,+18.150,+1.295
5729.758,3,6,+18.116,+1.304
5731.239,3,6,+18.156,+1.347
5732.021,3,6,+18.199,+1.387
5736.552,3,6,+18.413,+1.592
5737.817,3,6,+18.429,+1.600
5740.083,3,6,+18.371,+1.669
5745.145,3,6,+18.494,+1.673
5750.724,3,6,+18.611,+1.759
5754.177,3,6,+18.648,+1.730
5757.817,3,6,+18.695,+1.694
5764.928,3,6,+18.805,+1.734
5768.739,3,6,+18.915,+1.782
5772.958,3,6,+18.913,+1.846
5778.786,3,6,+19.108,+2.009
5783.505,3,6,+19.185,+2.041
5787.552,3,6,+19.199,+1.980
5794.104,3,6,+19.383,+2.047
5799.512,3,6,+19.438,+2.016
5803.762,3,6,+19.505,+2.038
5808.349,3,6,+19.494,+1.984
5812.044,3,6,+19.429,+1.869
5820.452,3,6,+19.501,+1.915
5824.671,3,6,+19.543,+1.900
5825.605,3,6,+19.507,+1.857
5827.901,3,6,+19.462,+1.837
5829.343,3,6,+19.444,+1.820
5830.055,3,6,+19.432,+1.811
5834.255,3,6,+19.310,+1.773
5835.442,3,6,+19.267,+1.749
5837.764,3,6,+19.260,+1.827
5842.871,3,6,+19.537,+1.956
5848.405,3,6,+19.615,+2.014
5851.903,3,6,+19.675,+1.959
5855.534,3,6,+19.740,+1.918
5862.714,3,6,+19.883,+1.912
5866.502,3,6,+19.979,+1.955
5870.771,3,6,+20.078,+2.058
5876.541,3,6,+20.206,+2.127
5881.265,3,6,+20.342,+2.186
5885.345,3,6,+20.365,+2.110
5891.751,3,6,+20.456,+2.064
5897.229,3,6,+20.549,+2.096
5901.479,3,6,+20.578,+2.100
5906.01,3,6,+20.587,+2.034
5909.76,3,6,+20.575,+1.912
5918.291,3,6,+20.734,+1.939
5922.448,3,6,+20.765,+1.894
5923.37,3,6,+20.740,+1.852
5925.729,3,6,+20.779,+1.843
5927.167,3,6,+20.795,+1.836
5927.932,3,6,+20.799,+1.831
5932.245,3,6,+20.756,+1.777
5933.416,3,6,+20.726,+1.740
5935.682,3,6,+20.684,+1.770
5940.87,3,6,+21.036,+1.877
5946.62,3,6,+21.134,+1.923
5949.963,3,6,+21.224,+1.899
5953.542,3,6,+21.274,+1.869
5960.682,3,6,+21.404,+1.915
5964.432,3,6,+21.489,+1.963
5968.698,3,6,+21.547,+2.081
5974.471,3,6,+21.701,+2.120
5979.267,3,6,+21.859,+2.235
5983.346,3,6,+21.850,+2.140
5989.744,3,6,+21.973,+2.115
5995.268,3,6,+22.151,+2.203
5999.469,3,6,+22.161,+2.175
6003.985,3,6,+22.147,+2.125
6007.704,3,6,+22.112,+2.038
6016.141,3,6,+22.175,+2.047
6020.329,3,6,+22.194,+2.017
6021.282,3,6,+22.184,+2.006
6023.61,3,6,+22.173,+2.033
6025.063,3,6,+22.165,+2.028
6025.782,3,6,+22.154,+2.020
6029.946,3,6,+21.986,+1.951
6031.18,3,6,+21.930,+1.920
6033.385,3,6,+21.950,+2.042
6038.471,3,6,+22.138,+2.065
6044.0,3,6,+22.237,+2.160
6047.501,3,6,+22.266,+2.114
6051.186,3,6,+22.316,+2.064
6058.264,3,6,+22.375,+2.079
6062.069,3,6,+22.448,+2.135
6066.272,3,6,+22.568,+2.224
6072.033,3,6,+22.678,+2.318
6076.777,3,6,+22.807,+2.413
6080.808,3,6,+22.766,+2.320
6087.277,3,6,+22.886,+2.371
6092.683,3,6,+22.943,+2.426
6096.918,3,6,+22.969,+2.429
6101.449,3,6,+22.955,+2.343
6105.169,3,6,+22.915,+2.184
6113.501,3,6,+22.935,+2.030
6117.7,3,6,+22.957,+1.991
6118.673,3,6,+22.951,+1.997
6120.98,3,6,+22.956,+2.026
6122.435,3,6,+22.952,+2.019
6123.18,3,6,+22.946,+2.008
6127.433,3,6,+22.846,+1.900
6128.579,3,6,+22.818,+1.863
6130.953,3,6,+22.860,+1.969
6136.099,3,6,+23.198,+2.061
6141.57,3,6,+23.235,+2.119
6145.065,3,6,+23.264,+2.082
6148.68,3,6,+23.304,+2.058
6155.8,3,6,+23.415,+2.114
6159.612,3,6,+23.501,+2.153
6163.8,3,6,+23.616,+2.244
6169.674,3,6,+23.705,+2.411
6174.391,3,6,+23.847,+2.513
6178.454,3,6,+23.841,+2.465
6184.891,3,6,+23.956,+2.483
6190.298,3,6,+23.970,+2.473
6194.563,3,6,+23.969,+2.435
6199.079,3,6,+23.981,+2.395
6202.891,3,6,+24.009,+2.322
6211.251,3,6,+24.039,+2.273
6215.376,3,6,+24.048,+2.227
6216.333,3,6,+24.032,+2.233
6218.645,3,6,+24.017,+2.260
6220.059,3,6,+24.011,+2.255
6220.843,3,6,+24.001,+2.248
6224.97,3,6,+23.858,+2.192
6226.171,3,6,+23.813,+2.169
6228.459,3,6,+23.780,+2.261
6233.482,3,6,+23.965,+2.296
6239.033,3,6,+24.077,+2.355
6242.491,3,6,+24.087,+2.249
6246.146,3,6,+24.139,+2.204
6253.28,3,6,+24.245,+2.244
6257.064,3,6,+24.343,+2.307
6261.27,3,6,+24.412,+2.401
6267.021,3,6,+24.504,+2.482
6271.797,3,6,+24.654,+2.554
6275.842,3,6,+24.672,+2.495
6282.259,3,6,+24.780,+2.500
6287.733,3,6,+24.846,+2.487
6291.98,3,6,+24.865,+2.444
6296.503,3,6,+24.851,+2.374
6300.231,3,6,+24.796,+2.235
6308.637,3,6,+24.879,+2.184
6312.82,3,6,+24.885,+2.134
6313.762,3,6,+24.862,+2.097
6316.022,3,6,+24.804,+2.016
6317.461,3,6,+24.790,+1.991
6318.18,3,6,+24.780,+1.978
6322.381,3,6,+24.672,+1.937
6323.564,3,6,+24.636,+1.918
6325.862,3,6,+24.625,+2.022
6330.92,3,6,+24.805,+1.975
6336.451,3,6,+24.890,+2.064
6339.982,3,6,+24.933,+1.976
6343.654,3,6,+25.017,+1.935
6350.857,3,6,+25.205,+2.025
6354.656,3,6,+25.314,+2.063
6358.864,3,6,+25.447,+2.164
6364.709,3,6,+25.613,+2.191
6369.444,3,6,+25.734,+2.268
6373.459,3,6,+25.717,+2.235
6379.952,3,6,+25.922,+2.274
6385.382,3,6,+25.979,+2.238
6389.589,3,6,+25.979,+2.198
6394.074,3,6,+25.968,+2.121
6397.824,3,6,+25.950,+1.983
6406.293,3,6,+26.114,+1.984
6410.472,3,6,+26.120,+1.958
6411.433,3,6,+26.085,+1.930
6413.703,3,6,+26.081,+1.968
6415.14,3,6,+26.080,+1.971
6415.874,3,6,+26.071,+1.966
6420.002,3,6,+25.925,+1.911
6421.205,3,6,+25.878,+1.884
6423.44,3,6,+25.856,+1.985
6428.612,3,6,+26.219,+2.098
6434.08,3,6,+26.285,+2.101
6437.565,3,6,+26.326,+2.079
6441.182,3,6,+26.365,+2.043
6448.338,3,6,+26.504,+2.107
6452.119,3,6,+26.590,+2.156
6456.338,3,6,+26.691,+2.270
6462.166,3,6,+26.884,+2.460
6466.901,3,6,+27.026,+2.544
6470.971,3,6,+27.033,+2.452
6477.444,3,6,+27.278,+2.536
6482.96,3,6,+27.361,+2.532
6482.96,3,6,+27.278,+2.536
6482.96,3,6,+27.361,+2.532
6487.163,3,6,+27.384,+2.496
6491.663,3,6,+27.383,+2.420
6495.394,3,6,+27.383,+2.278
6503.864,3,6,+27.506,+2.232
6508.036,3,6,+27.530,+2.216
6509.005,3,6,+27.524,+2.217
6511.298,3,6,+27.506,+2.276
6512.711,3,6,+27.498,+2.280
6513.455,3,6,+27.492,+2.277
6517.659,3,6,+27.395,+2.214
6518.859,3,6,+27.364,+2.184
6521.156,3,6,+27.400,+2.314
6526.218,3,6,+27.641,+2.299
6531.734,3,6,+27.752,+2.330
6535.21,3,6,+27.787,+2.287
6538.882,3,6,+27.829,+2.222
6545.96,3,6,+27.934,+2.206
6549.725,3,6,+28.007,+2.239
6553.938,3,6,+28.161,+2.355
6559.801,3,6,+28.493,+2.592
6564.585,3,6,+28.626,+2.695
6568.633,3,6,+28.619,+2.610
6575.071,3,6,+28.758,+2.571
6580.523,3,6,+28.806,+2.560
6584.742,3,6,+28.855,+2.515
6589.242,3,6,+28.848,+2.454
6592.977,3,6,+28.792,+2.328
6601.416,3,6,+28.927,+2.258
6605.559,3,6,+28.908,+2.183
6606.505,3,6,+28.894,+2.179
6608.78,3,6,+28.912,+2.218
6610.243,3,6,+28.911,+2.217
6610.982,3,6,+28.902,+2.212
6615.179,3,6,+28.784,+2.191
6616.371,3,6,+28.751,+2.176
6618.659,3,6,+28.796,+2.273
6623.9,3,6,+29.157,+2.366
6629.309,3,6,+29.299,+2.398
6632.807,3,6,+29.348,+2.332
6636.432,3,6,+29.401,+2.300
6643.637,3,6,+29.590,+2.394
6647.431,3,6,+29.714,+2.469
6651.68,3,6,+29.915,+2.618
6657.501,3,6,+30.143,+2.740
6662.339,3,6,+30.337,+2.808
6666.378,3,6,+30.360,+2.728
6672.881,3,6,+30.602,+2.728
6678.302,3,6,+30.604,+2.676
6682.518,3,6,+30.625,+2.625
6687.029,3,6,+30.637,+2.571
6690.82,3,6,+30.651,+2.477
6699.224,3,6,+30.827,+2.442
6703.372,3,6,+30.814,+2.496
6704.304,3,6,+30.786,+2.486
6706.579,3,6,+30.722,+2.497
6707.954,3,6,+30.697,+2.484
6708.735,3,6,+30.679,+2.476
6712.891,3,6,+30.503,+2.405
6714.079,3,6,+30.457,+2.376
6716.313,3,6,+30.461,+2.449
6721.438,3,6,+30.672,+2.516
6726.969,3,6,+30.652,+2.580
6730.407,3,6,+30.686,+2.535
6734.063,3,6,+30.746,+2.498
6741.219,3,6,+30.862,+2.585
6745.034,3,6,+30.985,+2.659
6749.218,3,6,+31.092,+2.721
6754.998,3,6,+31.247,+2.882
6759.746,3,6,+31.323,+2.911
6763.765,3,6,+31.302,+2.835
6770.129,3,6,+31.398,+2.807
6775.613,3,6,+31.445,+2.851
6779.842,3,6,+31.473,+2.811
6784.384,3,6,+31.476,+2.740
6788.101,3,6,+31.454,+2.609
6796.521,3,6,+31.640,+2.589
6800.701,3,6,+31.650,+2.536
6801.637,3,6,+31.622,+2.533
6803.935,3,6,+31.617,+2.581
6805.356,3,6,+31.623,+2.594
6806.104,3,6,+31.617,+2.590
6810.346,3,6,+31.502,+2.496
6811.531,3,6,+31.466,+2.456
6813.782,3,6,+31.541,+2.473
6818.871,3,6,+31.690,+2.499
6824.356,3,6,+31.778,+2.547
6827.871,3,6,+31.859,+2.515
6831.497,3,6,+31.906,+2.503
6838.606,3,6,+32.017,+2.566
6842.387,3,6,+32.111,+2.630
6846.544,3,6,+32.208,+2.705
6852.294,3,6,+32.341,+2.848
6857.116,3,6,+32.532,+2.972
6861.148,3,6,+32.551,+2.877
6867.597,3,6,+32.666,+2.796
6872.995,3,6,+32.777,+2.834
6877.26,3,6,+32.854,+2.839
6881.776,3,6,+32.859,+2.781
6885.489,3,6,+32.835,+2.641
6893.938,3,6,+33.016,+2.633
6898.121,3,6,+33.044,+2.587
6899.073,3,6,+33.045,+2.573
6901.347,3,6,+33.019,+2.605
6902.769,3,6,+33.014,+2.607
6903.503,3,6,+33.006,+2.605
6907.722,3,6,+32.902,+2.600
6908.941,3,6,+32.871,+2.587
6911.191,3,6,+32.858,+2.598
6916.16,3,6,+32.926,+2.542
6921.722,3,6,+33.093,+2.623
6925.254,3,6,+33.176,+2.646
6928.91,3,6,+33.227,+2.661
6936.082,3,6,+33.361,+2.794
6939.863,3,6,+33.449,+2.843
6944.001,3,6,+33.551,+2.895
6949.785,3,6,+33.777,+3.011
6954.572,3,6,+33.944,+3.100
6958.587,3,6,+33.928,+3.041
6965.04,3,6,+34.093,+3.070
6970.446,3,6,+34.138,+3.054
6974.66,3,6,+34.157,+2.996
6979.192,3,6,+34.165,+2.913
6982.96,3,6,+34.154,+2.776
6991.498,3,6,+34.454,+2.745
6995.638,3,6,+34.462,+2.675
6996.573,3,6,+34.468,+2.702
6998.848,3,6,+34.472,+2.698
7000.285,3,6,+34.471,+2.688
7001.003,3,6,+34.459,+2.675
7005.16,3,6,+34.281,+2.507
7006.332,3,6,+34.228,+2.448
7008.582,3,6,+34.245,+2.496
7013.66,3,6,+34.507,+2.563
7019.175,3,6,+34.562,+2.598
7022.675,3,6,+34.583,+2.535
7026.316,3,6,+34.627,+2.527
7033.457,3,6,+34.810,+2.586
7037.285,3,6,+34.951,+2.672
7041.472,3,6,+35.066,+2.744
7047.198,3,6,+35.256,+2.834
7051.932,3,6,+35.351,+2.904
7055.948,3,6,+35.352,+2.869
7062.372,3,6,+35.393,+2.836
7067.804,3,6,+35.471,+2.802
7071.992,3,6,+35.510,+2.762
7076.508,3,6,+35.509,+2.690
7080.25,3,6,+35.497,+2.539
7088.735,3,6,+35.693,+2.539
7092.921,3,6,+35.712,+2.485
7093.828,3,6,+35.713,+2.446
7096.082,3,6,+35.697,+2.446
7097.503,3,6,+35.685,+2.432
7098.279,3,6,+35.674,+2.424
7102.429,3,6,+35.559,+2.395
7103.617,3,6,+35.523,+2.374
7105.852,3,6,+35.557,+2.434
7110.961,3,6,+35.658,+2.486
7116.402,3,6,+35.734,+2.514
7119.903,3,6,+35.757,+2.474
7123.481,3,6,+35.769,+2.376
7130.638,3,6,+35.884,+2.272
7134.37,3,6,+35.951,+2.311
7138.557,3,6,+36.054,+2.389
7144.354,3,6,+36.296,+2.549
7149.12,3,6,+36.502,+2.713
7153.151,3,6,+36.502,+2.659
7159.495,3,6,+36.601,+2.644
7164.932,3,6,+36.691,+2.664
7169.182,3,6,+36.736,+2.674
7173.682,3,6,+36.735,+2.593
7177.401,3,6,+36.708,+2.413
7185.818,3,6,+36.630,+2.349
7189.974,3,6,+36.670,+2.320
7190.957,3,6,+36.680,+2.314
7193.235,3,6,+36.675,+2.335
7194.648,3,6,+36.673,+2.334
7195.568,3,6,+36.665,+2.332
7199.591,3,6,+36.574,+2.335
7200.764,3,6,+36.544,+2.322
7202.998,3,6,+36.585,+2.375
7208.108,3,6,+36.839,+2.404
7213.56,3,6,+36.939,+2.461
7217.076,3,6,+37.001,+2.417
7220.717,3,6,+37.057,+2.353
7227.86,3,6,+37.211,+2.357
7231.618,3,6,+37.311,+2.419
7235.764,3,6,+37.416,+2.487
7241.499,3,6,+37.631,+2.620
7246.217,3,6,+37.791,+2.690
7250.217,3,6,+37.774,+2.589
7256.639,3,6,+37.939,+2.584
7262.072,3,6,+38.030,+2.595
7266.32,3,6,+38.083,+2.568
7270.911,3,6,+38.091,+2.501
7274.548,3,6,+38.112,+2.362
7282.948,3,6,+38.232,+2.287
7287.108,3,6,+38.253,+2.247
7288.03,3,6,+38.230,+2.201
7290.32,3,6,+38.224,+2.196
7291.718,3,6,+38.215,+2.182
7292.466,3,6,+38.202,+2.173
7296.59,3,6,+38.080,+2.117
7297.782,3,6,+38.050,+2.090
7300.001,3,6,+38.112,+2.148
7305.011,3,6,+38.298,+2.141
7310.634,3,6,+38.432,+2.251
7314.081,3,6,+38.466,+2.224
7317.682,3,6,+38.510,+2.187
7324.81,3,6,+38.623,+2.219
7328.581,3,6,+38.699,+2.254
7332.717,3,6,+38.790,+2.316
7338.521,3,6,+39.089,+2.497
7343.3,3,6,+39.273,+2.652
7347.316,3,6,+39.281,+2.605
7353.724,3,6,+39.383,+2.605
7359.081,3,6,+39.451,+2.540
7363.306,3,6,+39.480,+2.492
7367.843,3,6,+39.519,+2.430
7371.567,3,6,+39.580,+2.302
7379.973,3,6,+39.746,+2.241
7384.09,3,6,+39.733,+2.158
7385.002,3,6,+39.696,+2.108
7387.275,3,6,+39.739,+2.167
7388.748,3,6,+39.758,+2.178
7389.502,3,6,+39.754,+2.176
7393.648,3,6,+39.643,+2.121
7394.847,3,6,+39.620,+2.098
7397.06,3,6,+39.675,+2.202
7402.038,3,6,+39.838,+2.132
7407.614,3,6,+39.947,+2.305
7411.16,3,6,+39.960,+2.273
7414.757,3,6,+39.998,+2.222
7421.873,3,6,+40.129,+2.277
7425.647,3,6,+40.204,+2.301
7429.781,3,6,+40.293,+2.344
7435.534,3,6,+40.453,+2.459
7440.321,3,6,+40.585,+2.606
7444.309,3,6,+40.571,+2.535
7450.836,3,6,+40.571,+2.594
7456.245,3,6,+40.494,+2.632
7460.46,3,6,+40.517,+2.601
7465.005,3,6,+40.612,+2.520
7468.657,3,6,+40.769,+2.345
7477.207,3,6,+40.955,+2.286
7481.337,3,6,+40.954,+2.256
7482.302,3,6,+40.934,+2.265
7484.639,3,6,+40.881,+2.291
7486.008,3,6,+40.867,+2.284
7486.763,3,6,+40.859,+2.278
7490.919,3,6,+40.760,+2.242
7492.105,3,6,+40.731,+2.223
7494.333,3,6,+40.780,+2.299
7499.482,3,6,+41.115,+2.474
7504.949,3,6,+41.136,+2.512
7508.49,3,6,+41.196,+2.522
7512.082,3,6,+41.229,+2.503
7519.173,3,6,+41.359,+2.535
7522.948,3,6,+41.471,+2.556
7527.135,3,6,+41.622,+2.630
7532.903,3,6,+41.919,+2.787
7537.668,3,6,+42.048,+2.919
7541.686,3,6,+42.021,+2.850
7548.098,3,6,+42.163,+2.908
7553.661,3,6,+42.347,+2.962
7557.898,3,6,+42.397,+2.937
7562.402,3,6,+42.531,+2.865
7566.125,3,6,+42.634,+2.697
7574.61,3,6,+42.929,+2.679
7578.761,3,6,+42.947,+2.652
7579.697,3,6,+42.928,+2.640
7581.983,3,6,+42.928,+2.660
7583.403,3,6,+42.929,+2.659
7584.167,3,6,+42.921,+2.654
7588.312,3,6,+42.820,+2.620
7589.499,3,6,+42.802,+2.606
7591.702,3,6,+42.830,+2.700
7596.874,3,6,+43.144,+2.831
7602.282,3,6,+43.176,+2.819
7605.796,3,6,+43.197,+2.792
7609.367,3,6,+43.237,+2.775
7616.523,3,6,+43.414,+2.821
7620.284,3,6,+43.505,+2.866
7624.414,3,6,+43.596,+2.900
7630.178,3,6,+43.798,+3.020
7635.011,3,6,+43.986,+3.178
7639.036,3,6,+43.968,+3.124
7645.428,3,6,+44.026,+3.162
7651.018,3,6,+44.206,+3.237
7655.249,3,6,+44.263,+3.234
7659.793,3,6,+44.295,+3.154
7663.503,3,6,+44.372,+2.999
7672.019,3,6,+44.500,+3.009
7676.177,3,6,+44.526,+2.970
7677.114,3,6,+44.494,+2.944
7679.382,3,6,+44.406,+2.449
7680.797,3,6,+44.384,+2.359
7681.535,3,6,+44.374,+2.325
7685.685,3,6,+44.275,+2.136
7686.836,3,6,+44.254,+2.079
7689.033,3,6,+44.244,+2.053
7694.203,3,6,+44.626,+2.188
7699.721,3,6,+44.640,+2.235
7703.233,3,6,+44.680,+2.166
7706.811,3,6,+44.717,+2.166
7713.961,3,6,+44.812,+2.266
7717.677,3,6,+44.877,+2.298
7721.849,3,6,+44.993,+2.362
7727.557,3,6,+45.129,+2.491
7732.384,3,6,+45.256,+2.618
7736.345,3,6,+45.208,+2.544
7742.747,3,6,+45.264,+2.566
7748.25,3,6,+45.275,+2.615
7752.444,3,6,+45.302,+2.573
7756.948,3,6,+45.383,+2.505
7760.682,3,6,+45.530,+2.362
7769.148,3,6,+45.686,+2.355
7773.35,3,6,+45.686,+2.301
7774.209,3,6,+45.640,+2.248
7776.521,3,6,+45.578,+2.251
7777.935,3,6,+45.567,+2.243
7778.648,3,6,+45.561,+2.234
7782.774,3,6,+45.462,+2.174
7783.952,3,6,+45.423,+2.144
7786.148,3,6,+45.327,+2.220
7791.376,3,6,+45.687,+2.344
7796.748,3,6,+45.725,+2.305
7800.279,3,6,+45.795,+2.290
7803.873,3,6,+45.829,+2.258
7810.942,3,6,+46.007,+2.243
7814.686,3,6,+46.106,+2.290
7818.819,3,6,+46.201,+2.327
7824.575,3,6,+46.467,+2.445
7829.383,3,6,+46.675,+2.580
7833.367,3,6,+46.642,+2.469
7839.719,3,6,+46.852,+2.438
7845.277,3,6,+46.979,+2.418
7849.485,3,6,+47.009,+2.382
7854.003,3,6,+47.108,+2.309
7857.704,3,6,+47.149,+2.139
7866.193,3,6,+47.356,+2.048
7870.365,3,6,+47.382,+1.983
7871.318,3,6,+47.363,+1.957
7873.646,3,6,+47.343,+1.943
7875.021,3,6,+47.333,+1.921
7875.756,3,6,+47.321,+1.910
7879.849,3,6,+47.147,+1.824
7881.021,3,6,+47.090,+1.788
7883.193,3,6,+47.093,+1.806
7888.308,3,6,+47.415,+1.915
7893.803,3,6,+47.517,+2.002
7897.467,3,6,+47.730,+2.112
7901.199,3,6,+47.898,+2.210
7909.13,3,6,+48.904,+3.050
7913.582,3,7,+48.904,+3.050
7916.982,3,7,+53.092,+3.371
7926.6,3,7,+58.628,+8.929
7936.693,3,7,+63.212,+13.349
7943.378,3,8,+63.212,+13.349
7944.596,3,9,+63.212,+13.349
7946.503,3,9,+68.415,+1.817
7954.783,3,9,+72.671,+6.094
7964.033,3,9,+75.727,+8.951
7971.754,3,9,+78.096,+11.054
7979.436,3,9,+81.600,+14.460
7985.243,3,10,+81.600,+14.460
7989.165,3,10,+86.805,+3.835
7993.024,3,11,+86.805,+3.835
7997.307,3,11,+91.174,+4.208
8011.618,3,11,1 L,+10.093
8017.368,3,11,1 L,+11.741
8018.368,3,11,1 L,+11.707
8022.243,3,12,1 L,+11.707
8026.837,3,13,1 L,+11.707
8039.903,3,14,1 L,+11.707
8047.756,3,15,1 L,+11.707
8064.912,3,16,1 L,+11.707
9138.164,3,16,11L,10L
13.093,6,9,,
3391.243,6,9,+0.970,
3392.534,6,6,+0.970,
3392.63,6,6,+0.876,+0.379
3395.328,6,6,+1.082,+0.419
3400.58,6,6,+1.285,+0.106
3406.766,6,7,+1.285,+0.106
3407.106,6,7,+2.046,+0.064
3410.414,6,7,+2.127,+0.139
3413.875,6,7,+2.069,+0.129
3421.576,6,6,+2.069,+0.129
3421.673,6,6,+2.570,+0.277
3425.038,6,7,+2.570,+0.277
3425.179,6,7,+2.491,+0.036
3429.613,6,7,+2.807,+0.242
3435.782,6,7,+3.360,+0.306
3440.742,6,7,+3.686,+0.377
3444.717,6,7,+3.611,+0.130
3451.992,6,7,+4.558,+0.327
3457.36,6,6,+4.558,+0.327
3457.443,6,6,+4.492,+1.386
3462.713,6,7,+4.492,+1.386
3463.03,6,8,+4.492,+1.386
3463.142,6,9,+4.492,+1.386
3463.762,6,10,+4.492,+1.386
3464.067,6,11,+4.492,+1.386
3464.104,6,12,+4.492,+1.386
3464.476,6,13,+4.492,+1.386
3464.855,6,14,+4.492,+1.386
3465.313,6,15,+4.492,+1.386
3465.696,6,16,+4.492,+1.386
3466.266,6,17,+4.492,+1.386
3472.645,6,18,+4.492,+1.386
3473.176,6,18,+16.003,+0.447
3478.801,6,18,+17.048,+1.480
3483.13,6,18,+17.609,+2.142
3492.525,6,18,+18.619,+2.870
3496.755,6,18,+18.503,+2.948
3497.531,6,18,+18.269,+2.757
3532.205,6,18,+42.922,+27.304
3535.273,6,18,+43.431,+27.944
3540.4,6,18,+43.440,+27.776
3546.204,6,18,+43.652,+28.010
3549.927,6,18,+43.755,+28.080
3553.755,6,18,+43.776,+28.114
3561.286,6,18,+43.896,+28.253
3565.213,6,18,+43.762,+28.408
3569.492,6,18,+43.721,+28.328
3575.343,6,18,+43.524,+28.093
3580.077,6,18,+43.589,+27.985
3584.139,6,18,+43.629,+27.788
3590.608,6,18,+43.553,+27.389
3596.141,6,18,+43.800,+27.389
3600.429,6,18,+43.814,+27.243
3605.029,6,18,+44.040,+27.242
3608.869,6,18,+44.222,+27.283
3617.869,6,18,+44.854,+27.349
3622.38,6,18,+45.101,+27.550
3623.442,6,18,+45.183,+27.618
3625.889,6,18,+45.345,+27.659
3627.381,6,18,+45.386,+27.671
3628.167,6,18,+45.400,+27.687
3632.576,6,18,+45.416,+27.855
3633.871,6,18,+45.411,+27.895
3636.136,6,18,+45.284,+27.780
3641.254,6,18,+45.491,+27.582
3646.798,6,18,+45.534,+27.442
3650.297,6,18,+45.611,+27.372
3654.025,6,18,+45.669,+27.351
3661.303,6,18,+45.729,+26.844
3665.128,6,18,+45.817,+26.855
3669.426,6,18,+45.827,+26.874
3675.256,6,18,+45.957,+26.640
3680.008,6,18,+46.149,+26.529
3684.077,6,18,+46.154,+26.298
3690.687,6,18,+46.237,+26.052
3696.051,6,18,+46.300,+25.854
3700.33,6,18,+46.329,+25.704
3704.895,6,18,+46.290,+25.630
3708.638,6,18,+46.176,+25.521
3717.092,6,18,+46.124,+25.334
3721.361,6,18,+46.106,+25.255
3722.396,6,18,+46.154,+25.304
3724.765,6,18,+46.202,+25.297
3726.217,6,18,+46.209,+25.282
3726.983,6,18,+46.199,+25.275
3731.28,6,18,+46.045,+25.232
3732.436,6,18,+46.008,+25.225
3734.764,6,18,+45.988,+25.134
3739.858,6,18,+46.005,+24.821
3745.374,6,18,+46.064,+24.794
3748.976,6,18,+46.171,+24.765
3752.69,6,18,+46.282,+24.869
3759.972,6,18,+46.513,+24.860
3763.862,6,18,+46.639,+24.806
3768.128,6,18,+46.662,+24.535
3774.081,6,18,+46.898,+24.324
3778.881,6,18,+47.167,+24.267
3782.974,6,18,+47.235,+24.175
3789.49,6,18,+47.524,+23.966
3795.06,6,18,+47.646,+23.830
3799.36,6,18,+47.675,+23.671
3803.951,6,18,+47.689,+23.691
3807.768,6,18,+47.673,+23.769
3816.268,6,18,+47.771,+23.580
3820.517,6,18,+47.806,+23.520
3821.486,6,18,+47.849,+23.542
3823.861,6,18,+47.897,+23.474
3825.252,6,18,+47.902,+23.437
3826.127,6,18,+47.893,+23.429
3830.361,6,18,+47.766,+23.509
3831.564,6,18,+47.740,+23.535
3833.924,6,18,+47.784,+23.434
3838.892,6,18,+47.937,+23.159
3844.455,6,18,+47.837,+23.035
3848.018,6,18,+47.938,+22.927
3851.689,6,18,+48.013,+22.980
3858.893,6,18,+48.117,+22.809
3862.729,6,18,+48.219,+22.741
3867.017,6,18,+48.251,+22.619
3872.94,6,18,+48.449,+22.336
3877.69,6,18,+48.577,+22.220
3881.832,6,18,+48.593,+22.094
3888.24,6,18,+48.731,+21.666
3893.896,6,18,+48.920,+21.610
3898.203,6,18,+48.966,+21.425
3902.797,6,18,+48.971,+21.425
3906.567,6,18,+48.944,+21.464
3915.094,6,18,+49.018,+21.353
3919.378,6,18,+49.095,+21.325
3920.349,6,18,+49.146,+21.350
3922.69,6,18,+49.191,+21.302
3924.128,6,18,+49.194,+21.282
3924.878,6,18,+49.182,+21.275
3929.161,6,18,+49.018,+21.295
3930.347,6,18,+48.977,+21.308
3932.581,6,18,+48.917,+21.150
3937.675,6,18,+49.211,+20.982
3943.253,6,18,+49.260,+20.873
3946.753,6,18,+49.344,+20.810
3950.456,6,18,+49.427,+20.878
3957.64,6,18,+49.528,+20.712
3961.507,6,18,+49.647,+20.642
3965.776,6,18,+49.656,+20.436
3971.598,6,18,+49.797,+20.128
3976.342,6,18,+49.919,+19.992
3980.416,6,18,+49.937,+19.874
3986.85,6,18,+50.089,+19.617
3992.376,6,18,+50.189,+19.503
3996.66,6,18,+50.230,+19.340
4001.24,6,18,+50.224,+19.305
4004.996,6,18,+50.180,+19.270
4013.429,6,18,+50.258,+19.068
4017.668,6,18,+50.273,+19.003
4018.622,6,18,+50.285,+18.997
4022.388,6,18,+50.281,+18.982
4023.153,6,18,+50.271,+18.979
4027.429,6,18,+50.153,+19.057
4028.642,6,18,+50.127,+19.086
4030.911,6,18,+50.018,+18.980
4036.04,6,18,+50.125,+18.699
4041.568,6,18,+50.187,+18.480
4045.077,6,18,+50.297,+18.424
4048.749,6,18,+50.346,+18.428
4055.952,6,18,+50.503,+18.331
4059.814,6,18,+50.614,+18.258
4064.129,6,18,+50.676,+18.096
4069.936,6,18,+50.720,+17.701
4074.733,6,18,+50.876,+17.591
4078.78,6,18,+50.898,+17.467
4085.249,6,18,+51.101,+17.172
4090.89,6,18,+51.206,+17.065
4095.124,6,18,+51.246,+16.915
4099.643,6,18,+51.242,+16.901
4103.455,6,18,+51.211,+16.921
4111.898,6,18,+51.247,+16.678
4116.113,6,18,+51.268,+16.617
4117.097,6,18,+51.292,+16.632
4119.409,6,18,+51.324,+16.552
4120.847,6,18,+51.321,+16.521
4121.597,6,18,+51.316,+16.518
4125.968,6,18,+51.256,+16.622
4127.172,6,18,+51.240,+16.655
4129.422,6,18,+51.158,+16.556
4134.422,6,18,+51.253,+16.290
4140.109,6,18,+51.451,+16.210
4143.656,6,18,+51.523,+16.090
4147.359,6,18,+51.630,+16.180
4154.561,6,18,+51.785,+16.005
4158.402,6,18,+51.874,+15.914
4162.668,6,18,+51.914,+15.743
4168.496,6,18,+52.051,+15.405
4173.309,6,18,+52.184,+15.279
4177.444,6,18,+52.215,+15.184
4183.876,6,18,+52.383,+14.695
4189.438,6,18,+52.552,+14.687
4193.75,6,18,+52.612,+14.545
4198.348,6,18,+52.627,+14.530
4202.104,6,18,+52.585,+14.523
4210.528,6,18,+52.541,+14.173
4214.762,6,18,+52.567,+14.114
4215.751,6,18,+52.601,+14.133
4218.063,6,18,+52.654,+14.094
4219.504,6,18,+52.665,+14.078
4220.255,6,18,+52.655,+14.076
4224.557,6,18,+52.511,+14.135
4225.748,6,18,+52.475,+14.154
4228.03,6,18,+52.374,+13.969
4233.152,6,18,+52.687,+13.872
4238.842,6,18,+52.841,+13.621
4242.333,6,18,+52.887,+13.506
4246.072,6,18,+52.987,+13.567
4253.3,6,18,+53.139,+13.308
4257.131,6,18,+53.234,+13.221
4261.423,6,18,+53.330,+13.116
4267.291,6,18,+53.397,+12.717
4272.079,6,18,+53.501,+12.532
4276.177,6,18,+53.506,+12.425
4282.709,6,18,+53.686,+12.183
4288.147,6,18,+53.789,+11.880
4292.428,6,18,+53.823,+11.658
4297.006,6,18,+53.839,+11.625
4300.803,6,18,+53.849,+11.620
4309.203,6,18,+53.863,+11.129
4313.434,6,18,+53.900,+26.751
4314.379,6,18,+53.951,+27.042
4316.728,6,18,+53.963,+27.042
4318.162,6,18,+53.966,+27.042
4318.912,6,18,+53.961,+10.957
4323.209,6,18,+53.878,+10.957
4324.428,6,18,+53.854,+3.135
4326.727,6,18,+53.844,+2.336
4331.876,6,17,+53.844,+2.336
4331.945,6,17,+54.175,+2.193
4337.601,6,17,+54.354,+2.165
4341.142,6,17,+54.452,+2.116
4344.892,6,17,+54.559,+2.260
4353.187,6,17,+55.773,+3.193
4359.734,6,17,+58.595,+3.370
4367.703,6,17,+62.328,+2.617
4375.75,6,17,+64.625,+2.906
4381.281,6,17,+65.482,+2.903
4385.656,6,17,+65.731,+2.723
4392.797,6,17,+66.644,+2.460
4401.331,6,17,+69.633,+3.106
4407.535,6,17,+71.679,+3.109
4413.362,6,17,+72.922,+3.138
4418.909,6,17,+74.669,+1.967
4429.769,6,17,+75.845,+2.684
4435.319,6,17,+74.561,+2.771
4436.197,6,17,+74.585,+2.509
4474.133,6,17,+78.207,+17.076
4477.502,6,17,+78.136,+16.701
4484.33,6,17,+76.806,+16.853
4491.877,6,17,+76.207,+16.841
4496.969,6,17,+75.097,+16.235
4503.162,6,17,+74.596,+17.841
4512.632,6,17,+73.330,+17.057
4517.477,6,17,+72.393,+17.012
4523.52,6,17,+71.687,+17.234
4530.622,6,17,+69.296,+16.669
4537.228,6,17,+68.986,+16.673
4543.352,6,17,+69.635,+17.067
4551.946,6,17,+68.654,+17.172
4559.962,6,17,+68.341,+17.277
4566.185,6,17,+68.461,+17.228
4572.635,6,17,+66.307,+18.509
4577.968,6,17,+65.553,+17.535
4588.575,6,17,+63.056,+17.800
4594.772,6,17,+64.092,+38.626
4595.958,6,17,+63.881,+38.956
4598.869,6,17,+62.939,+38.956
4600.677,6,17,+62.829,+38.956
4601.597,6,17,+62.744,+17.544
4606.547,6,17,+61.523,+17.544
4607.906,6,17,+60.683,+11.742
4610.563,6,17,+59.104,+10.978
4617.5,6,17,+55.557,+11.037
4624.909,6,17,+53.366,+10.372
4629.128,6,17,+52.673,+8.594
4633.361,6,17,+51.757,+8.095
4641.356,6,17,+48.990,+7.901
4645.497,6,17,+48.578,+8.075
4650.226,6,17,+45.781,+8.358
4656.529,6,17,+43.545,+8.335
4661.542,6,17,+42.106,+8.261
4665.869,6,17,+40.783,+8.332
4672.601,6,17,+38.039,+8.160
4678.341,6,17,+35.600,+8.247
4682.994,6,17,+34.319,+8.500
4688.598,6,17,+32.596,+8.935
4692.931,6,17,+30.681,+9.056
4702.13,6,17,+26.550,+8.571
4706.481,6,17,+26.110,+7.153
4707.573,6,17,+25.680,+6.909
4710.222,6,17,+24.358,+6.600
4711.941,6,17,+24.118,+6.591
4712.799,6,17,+24.045,+6.573
4717.768,6,17,+23.125,+5.078
4719.143,6,17,+22.689,+4.930
4721.893,6,17,+21.392,+4.442
4727.738,6,17,+18.445,+2.833
4733.942,6,17,+18.062,+1.420
4738.084,6,17,+16.886,+1.123
4742.256,6,17,+16.779,+1.197
4754.444,6,17,+18.089,+1.125
4759.178,6,17,+18.294,+1.318
4763.975,6,17,+16.754,+1.724
4773.053,6,17,+16.417,+1.337
4781.366,6,17,+16.881,+1.442
4787.116,6,17,+17.550,+0.883
4797.449,6,17,+16.734,+1.153
4804.25,6,17,+13.495,+1.437
4812.798,6,17,+12.964,+0.815
4818.883,6,17,+9.845,+0.515
4826.227,6,17,+9.679,+0.699
4836.177,6,17,+7.577,+0.642
4840.428,6,17,+7.175,+0.555
4841.489,6,17,+7.179,+0.488
4844.005,6,17,+7.033,+0.393
4845.489,6,17,+6.976,+0.348
4846.224,6,17,+6.947,+0.330
4850.231,6,17,+6.684,+0.174
4851.363,6,17,+6.568,+0.121
4854.008,6,17,+6.754,+0.219
4859.043,6,16,+6.754,+0.219
4859.131,6,16,+6.819,+0.538
4864.843,6,16,+6.761,+0.437
4868.314,6,16,+6.673,+0.137
4871.641,6,15,+6.673,+0.137
4871.735,6,15,+6.559,+0.864
4879.262,6,15,+6.646,+0.588
4882.878,6,15,+6.619,+0.354
4887.315,6,15,+6.774,+0.308
4894.054,6,15,+7.193,+0.321
4898.601,6,15,+7.435,+0.309
4902.631,6,15,+7.430,+0.092
4909.298,6,14,+7.430,+0.092
4909.358,6,14,+7.724,+0.709
4914.818,6,14,+7.698,+0.701
4919.129,6,14,+7.741,+0.679
4923.597,6,14,+7.639,+0.741
4927.144,6,14,+7.423,+0.846
4935.731,6,14,+7.516,+0.698
4940.025,6,14,+7.452,+0.734
4940.978,6,14,+7.422,+0.658
4943.369,6,14,+7.369,+0.510
4944.807,6,14,+7.339,+0.472
4945.572,6,14,+7.321,+0.459
4949.791,6,14,+7.160,+0.419
4950.979,6,14,+7.107,+0.428
4953.4,6,14,+7.158,+0.375
4958.715,6,14,+7.465,+0.431
4964.444,6,14,+7.620,+0.458
4967.956,6,14,+7.646,+0.430
4971.569,6,14,+7.646,+0.540
4978.898,6,14,+7.738,+0.531
4982.678,6,14,+7.762,+0.633
4986.978,6,14,+7.811,+0.608
4993.043,6,14,+7.918,+0.512
4997.819,6,14,+8.123,+0.586
5001.869,6,14,+8.071,+0.584
5008.515,6,14,+8.341,+0.464
5014.079,6,14,+8.481,+0.617
5018.345,6,14,+8.519,+0.549
5022.673,6,14,+8.277,+0.569
5026.151,6,14,+7.968,+0.672
5034.879,6,14,+8.233,+0.583
5039.082,6,14,+8.205,+0.564
5040.129,6,14,+8.213,+0.545
5042.556,6,14,+8.263,+0.507
5043.994,6,14,+8.261,+0.495
5044.719,6,14,+8.260,+0.495
5049.009,6,14,+8.327,+0.569
5050.222,6,14,+8.327,+0.600
5052.7,6,14,+8.574,+0.653
5057.998,6,14,+9.075,+0.627
5063.732,6,14,+9.313,+0.575
5067.306,6,14,+9.473,+0.552
5070.922,6,14,+9.438,+0.611
5078.354,6,14,+9.893,+0.684
5082.166,6,14,+9.978,+0.762
5082.166,6,14,+9.893,+0.684
5082.166,6,14,+9.978,+0.762
5086.635,6,14,+10.336,+0.884
5092.62,6,14,+10.611,+0.870
5097.453,6,14,+10.874,+0.927
5101.502,6,14,+10.846,+0.931
5108.159,6,14,+11.113,+0.795
5113.689,6,14,+11.333,+0.943
5117.932,6,14,+11.375,+0.917
5122.358,6,14,+11.204,+0.983
5125.964,6,14,+10.977,+1.181
5134.698,6,14,+11.297,+0.960
5138.86,6,14,+11.285,+0.898
5139.86,6,14,+11.316,+0.852
5142.238,6,14,+11.360,+0.808
5143.629,6,14,+11.363,+0.788
5144.418,6,14,+11.345,+0.756
5148.496,6,14,+11.039,+0.455
5149.669,6,14,+10.957,+0.411
5152.06,6,14,+11.078,+0.434
5157.248,6,14,+11.382,+0.672
5162.95,6,14,+11.675,+0.586
5166.45,6,14,+11.744,+0.578
5170.091,6,14,+11.784,+0.679
5177.53,6,14,+12.186,+0.827
5181.324,6,14,+12.289,+0.927
5185.699,6,14,+12.566,+0.935
5191.715,6,14,+12.823,+0.888
5196.55,6,14,+13.112,+0.881
5200.691,6,14,+13.155,+0.882
5207.24,6,14,+13.422,+0.833
5212.778,6,14,+13.645,+0.855
5216.999,6,14,+13.706,+0.784
5221.383,6,14,+13.543,+0.780
5224.961,6,14,+13.344,+0.849
5233.581,6,14,+13.667,+0.825
5237.783,6,14,+13.688,+0.810
5238.77,6,14,+13.685,+0.767
5241.179,6,14,+13.748,+0.701
5242.596,6,14,+13.757,+0.693
5243.362,6,14,+13.742,+0.679
5247.463,6,14,+13.441,+0.493
5248.621,6,14,+13.358,+0.472
5251.048,6,14,+13.447,+0.539
5256.095,6,14,+13.710,+0.291
5261.923,6,14,+14.158,+0.469
5265.517,6,14,+14.248,+0.521
5269.111,6,14,+14.245,+0.585
5276.423,6,14,+14.499,+0.672
5280.222,6,14,+14.604,+0.744
5284.599,6,14,+14.684,+0.791
5290.698,6,14,+14.860,+0.734
5295.412,6,14,+15.074,+0.714
5299.431,6,14,+15.040,+0.664
5305.953,6,14,+15.261,+0.596
5311.561,6,14,+15.451,+0.709
5315.834,6,14,+15.524,+0.657
5320.163,6,14,+15.330,+0.635
5323.657,6,14,+15.057,+0.679
5332.358,6,14,+15.326,+0.848
5336.599,6,14,+15.382,+0.890
5337.613,6,14,+15.440,+0.907
5340.008,6,14,+15.517,+0.873
5341.485,6,14,+15.521,+0.862
5342.173,6,14,+15.506,+0.845
5346.267,6,14,+15.228,+0.648
5347.423,6,14,+15.144,+0.613
5349.779,6,14,+15.214,+0.565
5355.17,6,14,+15.724,+0.625
5360.804,6,14,+15.948,+0.644
5364.398,6,14,+16.109,+0.674
5367.96,6,14,+16.068,+0.735
5375.248,6,14,+16.280,+0.761
5379.065,6,14,+16.358,+0.833
5383.311,6,14,+16.355,+0.794
5389.345,6,14,+16.595,+0.751
5394.233,6,14,+16.855,+0.755
5398.264,6,14,+16.846,+0.764
5404.864,6,14,+17.150,+0.748
5410.421,6,14,+17.376,+0.856
5414.687,6,14,+17.435,+0.803
5419.03,6,14,+17.225,+0.794
5422.543,6,14,+16.933,+0.836
5431.193,6,14,+17.302,+0.661
5435.395,6,14,+17.348,+0.645
5436.399,6,14,+17.394,+0.613
5438.77,6,14,+17.453,+0.525
5440.216,6,14,+17.461,+0.502
5440.944,6,14,+17.447,+0.483
5444.958,6,14,+17.108,+0.221
5446.06,6,14,+16.977,+0.138
5448.559,6,14,+17.201,+0.249
5454.032,6,14,+17.913,+0.571
5459.811,6,14,+18.183,+0.490
5463.329,6,14,+18.221,+0.472
5466.964,6,14,+18.236,+0.523
5474.332,6,14,+18.566,+0.578
5478.146,6,14,+18.655,+0.627
5482.399,6,14,+18.795,+0.581
5488.544,6,14,+19.110,+0.626
5493.381,6,14,+19.299,+0.590
5497.432,6,14,+19.275,+0.519
5504.05,6,14,+19.604,+0.465
5509.55,6,14,+19.752,+0.506
5513.862,6,14,+19.837,+0.455
5518.128,6,14,+19.605,+0.358
5521.55,6,14,+19.234,+0.321
5530.334,6,14,+19.666,+0.331
5534.619,6,14,+19.743,+0.342
5535.632,6,14,+19.858,+0.366
5538.063,6,14,+19.969,+0.390
5539.438,6,14,+19.971,+0.371
5540.222,6,14,+19.954,+0.355
5544.258,6,14,+19.657,+0.151
5545.351,6,14,+19.540,+0.082
5547.632,6,13,+19.540,+0.082
5547.71,6,13,+19.576,+0.994
5552.882,6,14,+19.576,+0.994
5552.929,6,14,+19.874,+0.994
5559.368,6,14,+20.859,+0.509
5562.913,6,14,+20.924,+0.584
5566.476,6,14,+20.935,+0.607
5573.882,6,14,+21.271,+0.747
5577.663,6,14,+21.356,+0.794
5581.932,6,14,+21.451,+0.768
5587.879,6,14,+21.635,+0.752
5592.7,6,14,+21.847,+0.799
5596.734,6,14,+21.817,+0.725
5603.31,6,14,+22.117,+0.651
5608.803,6,14,+22.174,+0.531
5613.044,6,14,+22.198,+0.485
5617.345,6,14,+21.951,+0.414
5620.779,6,14,+21.597,+0.364
5629.419,6,14,+21.873,+0.238
5633.661,6,14,+21.956,+0.288
5634.713,6,14,+22.040,+0.330
5637.175,6,14,+22.162,+0.380
5638.605,6,14,+22.171,+0.370
5639.349,6,14,+22.158,+0.344
5643.43,6,14,+21.900,+0.075
5644.57,6,14,+21.810,+0.016
5646.97,6,13,+21.810,+0.016
5646.989,6,13,+21.887,+1.220
5652.07,6,13,+22.089,+1.146
5657.802,6,13,+22.362,+1.150
5661.4,6,13,+22.475,+1.170
5665.055,6,13,+22.528,+1.245
5672.269,6,13,+22.762,+1.169
5676.082,6,13,+22.855,+1.200
5680.348,6,13,+22.950,+1.189
5686.301,6,13,+23.271,+1.087
5691.113,6,13,+23.445,+0.996
5695.098,6,13,+23.404,+0.981
5701.582,6,13,+23.640,+0.860
5707.144,6,13,+23.803,+0.795
5711.394,6,13,+23.851,+0.777
5715.769,6,13,+23.690,+0.736
5719.345,6,13,+23.476,+0.688
5727.917,6,13,+23.764,+0.521
5732.177,6,13,+23.810,+0.533
5733.099,6,13,+23.884,+0.491
5735.568,6,13,+23.949,+0.451
5737.02,6,13,+23.951,+0.448
5737.802,6,13,+23.938,+0.445
5741.864,6,13,+23.701,+0.395
5742.989,6,13,+23.626,+0.388
5745.442,6,13,+23.733,+0.556
5750.677,6,13,+23.984,+0.612
5756.395,6,13,+24.277,+0.644
5759.989,6,13,+24.388,+0.600
5763.458,6,13,+24.351,+0.610
5770.802,6,13,+24.629,+0.649
5774.552,6,13,+24.712,+0.683
5778.772,6,13,+24.754,+0.690
5784.817,6,13,+25.142,+0.729
5789.654,6,13,+25.339,+0.751
5789.658,6,13,+25.142,+0.729
5789.665,6,13,+25.339,+0.751
5793.68,6,13,+25.310,+0.759
5800.262,6,13,+25.519,+0.634
5805.764,6,13,+25.683,+0.636
5810.017,6,13,+25.749,+0.601
5814.33,6,13,+25.524,+0.542
5817.758,6,13,+25.172,+0.512
5826.344,6,13,+25.385,+0.417
5830.564,6,13,+25.449,+0.443
5831.582,6,13,+25.509,+0.434
5834.004,6,13,+25.583,+0.426
5835.457,6,13,+25.581,+0.426
5836.192,6,13,+25.569,+0.426
5840.317,6,13,+25.373,+0.402
5841.5,6,13,+25.321,+0.418
5843.873,6,13,+25.379,+0.511
5849.009,6,13,+25.683,+0.592
5854.859,6,13,+26.078,+0.658
5858.346,6,13,+26.099,+0.531
5861.964,6,13,+26.148,+0.581
5869.199,6,13,+26.382,+0.539
5872.982,6,13,+26.450,+0.525
5877.251,6,13,+26.578,+0.579
5883.26,6,13,+26.935,+0.555
5888.154,6,13,+27.199,+0.591
5892.148,6,13,+27.165,+0.575
5898.698,6,13,+27.406,+0.480
5904.26,6,13,+27.570,+0.473
5908.526,6,13,+27.631,+0.476
5912.823,6,13,+27.411,+0.357
5916.276,6,13,+27.081,+0.147
5925.026,6,13,+27.514,+0.181
5929.229,6,13,+27.552,+0.180
5930.338,6,13,+27.696,+0.234
5932.885,6,13,+27.924,+0.318
5934.276,6,13,+27.944,+0.328
5935.088,6,13,+27.936,+0.331
5939.182,6,13,+27.722,+0.317
5940.354,6,13,+27.660,+0.327
5942.745,6,13,+27.751,+0.380
5947.948,6,13,+28.125,+0.436
5953.776,6,13,+28.494,+0.542
5957.276,6,13,+28.580,+0.450
5960.854,6,13,+28.590,+0.428
5968.198,6,13,+28.938,+0.502
5971.995,6,13,+29.033,+0.510
5976.252,6,13,+29.113,+0.539
5982.28,6,13,+29.497,+0.570
5987.102,6,13,+29.693,+0.552
5991.134,6,13,+29.676,+0.532
5997.681,6,13,+29.948,+0.451
6003.266,6,13,+30.164,+0.447
6007.563,6,13,+30.233,+0.457
6011.86,6,13,+29.999,+0.276
6015.282,6,13,+29.639,+0.082
6023.891,6,12,+29.639,+0.082
6023.908,6,12,+29.911,+1.681
6028.158,6,12,+30.008,+1.697
6029.135,6,12,+30.055,+1.723
6031.532,6,12,+30.052,+1.742
6032.9,6,12,+30.045,+1.753
6033.701,6,12,+30.039,+1.758
6037.917,6,12,+29.948,+1.778
6039.08,6,12,+29.907,+1.776
6041.421,6,12,+29.978,+1.788
6046.499,6,12,+30.227,+1.827
6052.111,6,12,+30.368,+1.793
6055.696,6,12,+30.443,+1.829
6059.397,6,12,+30.556,+1.974
6066.616,6,12,+30.708,+1.933
6070.428,6,12,+30.819,+2.011
6074.636,6,12,+30.932,+2.017
6080.543,6,12,+31.170,+2.000
6085.339,6,12,+31.348,+1.968
6089.418,6,12,+31.370,+1.998
6095.902,6,12,+31.521,+1.965
6101.386,6,12,+31.653,+1.914
6105.699,6,12,+31.734,+1.913
6110.147,6,12,+31.709,+1.926
6113.9,6,12,+31.666,+1.979
6122.381,6,12,+31.806,+1.845
6126.517,6,12,+31.765,+1.745
6127.445,6,12,+31.749,+1.681
6129.865,6,12,+31.817,+1.697
6131.338,6,12,+31.830,+1.694
6132.041,6,12,+31.825,+1.687
6136.149,6,12,+31.606,+1.541
6137.293,6,12,+31.527,+1.492
6139.556,6,12,+31.487,+1.421
6144.9,6,12,+31.977,+1.706
6150.489,6,12,+32.169,+1.762
6154.034,6,12,+32.254,+1.762
6157.721,6,12,+32.323,+1.908
6164.945,6,12,+32.542,+1.959
6168.752,6,12,+32.641,+2.011
6172.985,6,12,+32.784,+2.046
6178.954,6,12,+32.984,+2.058
6183.719,6,12,+33.177,+2.002
6187.768,6,12,+33.155,+2.003
6194.235,6,12,+33.317,+1.969
6199.735,6,12,+33.411,+1.914
6204.079,6,12,+33.484,+1.916
6208.548,6,12,+33.476,+1.904
6212.265,6,12,+33.431,+1.864
6220.762,6,12,+33.586,+1.816
6224.88,6,12,+33.550,+1.710
6225.831,6,12,+33.527,+1.635
6228.171,6,12,+33.532,+1.626
6229.682,6,12,+33.535,+1.625
6230.349,6,12,+33.528,+1.622
6234.52,6,12,+33.418,+1.590
6235.717,6,12,+33.376,+1.577
6238.081,6,12,+33.435,+1.655
6243.347,6,12,+33.786,+1.797
6248.98,6,12,+34.043,+1.852
6252.519,6,12,+34.119,+1.888
6256.159,6,12,+34.162,+1.992
6263.301,6,12,+34.276,+1.944
6267.104,6,12,+34.386,+2.007
6271.367,6,12,+34.487,+2.068
6277.281,6,12,+34.755,+2.087
6282.041,6,12,+34.915,+2.061
6286.135,6,12,+34.940,+2.060
6292.633,6,12,+35.132,+2.093
6298.165,6,12,+35.261,+2.054
6302.444,6,12,+35.320,+2.029
6306.949,6,12,+35.299,+2.010
6310.62,6,12,+35.195,+1.948
6319.085,6,12,+35.330,+1.809
6323.237,6,12,+35.312,+1.716
6324.219,6,12,+35.326,+1.659
6326.548,6,12,+35.323,+1.629
6327.967,6,12,+35.310,+1.608
6328.685,6,12,+35.298,+1.592
6332.795,6,12,+35.094,+1.427
6334.076,6,12,+35.027,+1.385
6336.251,6,12,+35.011,+1.376
6341.451,6,12,+35.302,+1.521
6347.154,6,12,+35.543,+1.547
6350.81,6,12,+35.585,+1.524
6354.246,6,12,+35.622,+1.579
6361.433,6,12,+35.799,+1.509
6365.209,6,12,+35.895,+1.530
6369.428,6,12,+36.001,+1.509
6375.381,6,12,+36.295,+1.585
6380.171,6,12,+36.456,+1.568
6384.206,6,12,+36.456,+1.581
6390.793,6,12,+36.704,+1.622
6396.214,6,12,+36.830,+1.547
6400.527,6,12,+36.915,+1.548
6405.011,6,12,+36.869,+1.536
6408.631,6,12,+36.731,+1.468
6417.096,6,12,+36.887,+1.410
6421.237,6,12,+36.907,+1.344
6422.268,6,12,+36.934,+1.315
6424.518,6,11,+36.934,+1.315
6424.612,6,11,+36.996,+1.355
6426.049,6,11,+37.006,+1.363
6426.783,6,11,+36.999,+1.366
6430.955,6,11,+36.850,+1.364
6432.08,6,11,+36.793,+1.363
6434.33,6,11,+36.732,+1.308
6439.571,6,11,+37.182,+1.404
6445.181,6,11,+37.363,+1.391
6448.697,6,11,+37.460,+1.405
6452.322,6,11,+37.503,+1.509
6459.478,6,11,+37.664,+1.485
6463.244,6,11,+37.729,+1.455
6467.431,6,11,+37.804,+1.445
6473.303,6,11,+38.046,+1.491
6478.116,6,11,+38.254,+1.481
6482.194,6,11,+38.266,+1.496
6488.616,6,11,+38.428,+1.453
6494.222,6,11,+38.630,+1.496
6498.48,6,11,+38.701,+1.498
6502.958,6,11,+38.655,+1.485
6506.552,6,11,+38.533,+1.413
6515.046,6,11,+38.714,+1.456
6519.252,6,11,+38.727,+1.412
6520.192,6,11,+38.733,+1.369
6522.54,6,11,+38.769,+1.396
6523.972,6,11,+38.763,+1.397
6524.731,6,11,+38.752,+1.391
6528.805,6,11,+38.564,+1.303
6530.001,6,11,+38.495,+1.274
6532.206,6,11,+38.477,+1.229
6537.382,6,11,+38.806,+1.277
6543.022,6,11,+39.019,+1.362
6546.569,6,11,+39.127,+1.378
6550.163,6,11,+39.157,+1.457
6557.373,6,11,+39.371,+1.468
6561.192,6,11,+39.473,+1.546
6565.398,6,11,+39.614,+1.602
6571.305,6,11,+39.960,+1.575
6576.117,6,11,+40.134,+1.597
6580.117,6,11,+40.103,+1.552
6586.602,6,11,+40.292,+1.520
6592.117,6,11,+40.389,+1.436
6596.366,6,11,+40.487,+1.414
6600.856,6,11,+40.433,+1.393
6604.465,6,11,+40.269,+1.342
6612.957,6,11,+40.429,+1.288
6617.101,6,11,+40.465,+1.246
6618.093,6,11,+40.489,+1.210
6620.4,6,11,+40.522,+1.191
6621.834,6,11,+40.525,+1.185
6622.582,6,11,+40.512,+1.175
6626.656,6,11,+40.275,+1.018
6627.801,6,11,+40.198,+0.970
6630.057,6,11,+40.176,+0.954
6635.315,6,11,+40.620,+1.088
6640.919,6,11,+40.911,+1.181
6644.559,6,11,+41.063,+1.218
6648.154,6,11,+41.117,+1.300
6655.333,6,11,+41.305,+1.300
6659.133,6,11,+41.415,+1.378
6663.365,6,11,+41.574,+1.444
6669.284,6,11,+41.893,+1.512
6674.119,6,11,+42.118,+1.564
6678.161,6,11,+42.123,+1.567
6684.597,6,11,+42.332,+1.567
6690.193,6,11,+42.477,+1.551
6694.401,6,11,+42.556,+1.541
6698.931,6,11,+42.521,+1.503
6702.501,6,11,+42.381,+1.398
6711.032,6,11,+42.627,+1.346
6715.219,6,11,+42.665,+1.332
6716.188,6,11,+42.676,+1.320
6718.423,6,10,+42.676,+1.320
6718.501,6,10,+42.651,+1.309
6719.938,6,10,+42.636,+1.309
6720.673,6,10,+42.618,+1.305
6724.813,6,10,+42.420,+1.251
6725.954,6,10,+42.355,+1.231
6728.204,6,10,+42.343,+1.217
6733.454,6,10,+42.675,+1.395
6739.11,6,10,+42.805,+1.475
6742.611,6,10,+42.874,+1.449
6746.206,6,10,+42.892,+1.528
6753.346,6,10,+42.979,+1.458
6757.134,6,10,+43.074,+1.514
6761.281,6,10,+43.143,+1.472
6768.363,6,10,+43.470,+1.565
6772.035,6,10,+43.615,+1.599
6776.098,6,10,+43.612,+1.643
6782.465,6,10,+43.751,+1.584
6788.081,6,10,+43.905,+1.540
6792.382,6,10,+43.997,+1.551
6796.849,6,10,+43.960,+1.535
6800.402,6,10,+43.784,+1.441
6808.847,6,10,+43.945,+1.279
6812.981,6,10,+43.963,+1.238
6813.983,6,10,+43.980,+1.215
6816.318,6,10,+44.006,+1.222
6817.765,6,10,+44.007,+1.228
6818.536,6,10,+43.996,+1.228
6822.658,6,10,+43.832,+1.197
6823.818,6,10,+43.773,+1.171
6826.121,6,10,+43.887,+1.125
6831.45,6,10,+44.238,+1.370
6837.075,6,10,+44.494,+1.346
6840.606,6,10,+44.606,+1.354
6844.231,6,10,+44.628,+1.471
6851.372,6,10,+44.750,+1.381
6855.092,6,10,+44.821,+1.418
6859.283,6,10,+44.949,+1.436
6865.125,6,10,+45.177,+1.338
6869.995,6,10,+45.445,+1.392
6874.041,6,10,+45.445,+1.405
6880.448,6,10,+45.653,+1.342
6886.082,6,10,+45.845,+1.287
6890.363,6,10,+45.961,+1.321
6894.844,6,10,+45.928,+1.302
6898.421,6,10,+45.772,+1.195
6906.817,6,10,+45.905,+1.060
6911.019,6,10,+45.962,+1.045
6912.019,6,10,+46.011,+1.032
6914.347,6,10,+46.030,+1.049
6915.8,6,10,+46.026,+1.048
6916.519,6,10,+46.014,+1.043
6920.691,6,10,+45.849,+1.018
6921.863,6,10,+45.789,+1.012
6924.16,6,10,+45.865,+0.982
6929.394,6,10,+46.138,+1.151
6934.957,6,10,+46.327,+1.081
6938.519,6,10,+46.432,+1.106
6942.193,6,10,+46.477,+1.223
6949.262,6,10,+46.553,+1.057
6953.047,6,10,+46.637,+1.132
6957.189,6,10,+46.724,+1.070
6963.087,6,10,+47.076,+0.903
6967.931,6,10,+47.283,+0.915
6971.901,6,10,+47.241,+0.885
6978.41,6,10,+47.474,+0.860
6983.949,6,10,+47.625,+0.888
6988.187,6,10,+47.697,+0.912
6992.67,6,10,+47.634,+1.011
6996.27,6,10,+47.478,+1.079
7004.66,6,10,+47.654,+0.611
7008.878,6,10,+47.707,+0.624
7009.925,6,10,+47.828,+0.806
7012.207,6,9,+47.828,+0.806
7012.3,6,9,+47.914,+0.981
7013.707,6,9,+47.924,+0.982
7015.316,6,9,+47.915,+0.972
7018.628,6,9,+47.752,+0.838
7019.8,6,9,+47.692,+0.787
7022.05,6,9,+47.708,+0.702
7027.238,6,9,+48.061,+0.886
7032.8,6,9,+48.189,+0.903
7036.338,6,9,+48.223,+0.923
7039.921,6,9,+48.233,+0.961
7047.057,6,9,+48.422,+0.921
7050.916,6,9,+48.540,+0.971
7055.042,6,9,+48.631,+0.980
7060.893,6,9,+48.934,+1.073
7065.711,6,9,+49.148,+1.165
7069.773,6,9,+49.173,+1.192
7076.211,6,9,+49.274,+1.187
7081.773,6,9,+49.437,+1.211
7086.034,6,9,+49.534,+1.203
7090.394,6,9,+49.390,+1.038
7094.003,6,9,+49.242,+0.844
7102.508,6,9,+49.489,+0.795
7106.679,6,9,+49.498,+0.720
7107.664,6,9,+49.564,+0.693
7110.039,6,9,+49.654,+0.759
7111.476,6,9,+49.665,+0.762
7112.211,6,9,+49.655,+0.745
7116.34,6,9,+49.467,+0.518
7117.481,6,9,+49.409,+0.454
7119.811,6,9,+49.519,+0.425
7124.898,6,9,+49.609,+0.291
7130.758,6,9,+50.049,+0.591
7134.245,6,9,+50.110,+0.563
7137.792,6,9,+50.091,+0.584
7144.979,6,9,+50.258,+0.585
7148.745,6,9,+50.329,+0.653
7152.901,6,9,+50.418,+0.703
7158.807,6,9,+50.747,+0.769
7163.635,6,9,+51.005,+0.860
7167.635,6,9,+51.002,+0.878
7174.088,6,9,+51.167,+0.845
7179.635,6,9,+51.376,+0.856
7183.87,6,9,+51.441,+0.845
7188.234,6,9,+51.277,+0.661
7191.747,6,9,+51.058,+0.450
7200.36,6,9,+51.161,+0.544
7204.514,6,9,+51.199,+0.500
7205.529,6,9,+51.274,+0.493
7207.873,6,9,+51.337,+0.594
7209.31,6,9,+51.346,+0.615
7210.045,6,9,+51.338,+0.615
7214.217,6,9,+51.206,+0.523
7215.373,6,9,+51.153,+0.476
7217.685,6,9,+51.254,+0.485
7222.674,6,9,+51.444,+0.472
7228.44,6,9,+51.820,+0.675
7231.975,6,9,+51.871,+0.654
7235.514,6,9,+51.857,+0.628
7242.733,6,9,+52.122,+0.708
7246.499,6,9,+52.209,+0.749
7250.749,6,9,+52.307,+0.781
7256.53,6,9,+52.672,+0.919
7261.341,6,9,+52.887,+0.945
7265.337,6,9,+52.857,+0.932
7271.74,6,9,+53.043,+0.939
7277.229,6,9,+53.191,+0.914
7281.473,6,9,+53.276,+0.928
7285.873,6,9,+53.152,+0.774
7289.502,6,9,+53.067,+0.649
7298.009,6,9,+53.295,+0.619
7302.157,6,9,+53.301,+0.556
7303.134,6,9,+53.337,+0.547
7305.464,6,9,+53.395,+0.617
7306.886,6,9,+53.401,+0.633
7307.635,6,9,+53.391,+0.626
7311.737,6,9,+53.218,+0.442
7312.861,6,9,+53.165,+0.380
7315.179,6,9,+53.276,+0.341
7320.443,6,9,+53.716,+0.621
7326.098,6,9,+53.963,+0.720
7329.676,6,9,+54.083,+0.780
7333.269,6,9,+54.052,+0.760
7340.432,6,9,+54.242,+0.781
7344.205,6,9,+54.321,+0.790
7348.371,6,9,+54.400,+0.800
7354.188,6,9,+54.778,+0.891
7359.034,6,9,+55.031,+1.024
7363.048,6,9,+55.024,+1.019
7369.502,6,9,+55.226,+1.026
7375.021,6,9,+55.370,+0.994
7379.253,6,9,+55.444,+0.995
7383.66,6,9,+55.352,+0.850
7387.261,6,9,+55.282,+0.705
7395.655,6,9,+55.423,+0.580
7399.817,6,9,+55.458,+0.500
7400.781,6,9,+55.488,+0.448
7403.124,6,9,+55.554,+0.520
7404.561,6,9,+55.561,+0.529
7405.31,6,9,+55.550,+0.516
7409.366,6,9,+55.353,+0.268
7410.458,6,9,+55.288,+0.174
7412.953,6,9,+55.577,+0.270
7418.13,6,9,+55.927,+0.328
7423.986,6,9,+56.307,+0.599
7427.44,6,9,+56.266,+0.546
7431.074,6,9,+56.303,+0.580
7438.261,6,9,+56.502,+0.621
7442.003,6,9,+56.578,+0.656
7446.085,6,9,+56.607,+0.653
7451.947,6,9,+56.841,+0.748
7456.767,6,9,+57.028,+0.868
7460.773,6,9,+56.999,+0.854
7467.176,6,9,+57.004,+0.800
7472.768,6,9,+57.026,+0.874
7477.035,6,9,+57.099,+0.875
7481.399,6,9,+57.037,+0.704
7484.923,6,9,+57.019,+0.506
7493.52,6,9,+57.281,+0.564
7497.682,6,9,+57.293,+0.509
7498.673,6,9,+57.324,+0.529
7501.047,6,9,+57.350,+0.634
7502.482,6,9,+57.345,+0.650
7503.266,6,9,+57.335,+0.641
7507.348,6,9,+57.196,+0.472
7508.49,6,9,+57.145,+0.412
7510.773,6,9,+57.225,+0.373
7515.975,6,9,+57.635,+0.581
7521.658,6,9,+57.836,+0.726
7525.105,6,9,+57.802,+0.667
7528.666,6,9,+57.821,+0.704
7535.961,6,9,+58.137,+0.872
7539.932,6,9,+58.436,+1.108
7544.043,6,9,+58.554,+1.171
7549.848,6,9,+58.864,+1.204
7554.711,6,9,+59.098,+1.367
7558.741,6,9,+59.065,+1.381
7565.13,6,9,+59.193,+1.374
7570.821,6,9,+59.456,+1.405
7575.03,6,9,+59.532,+1.387
7579.461,6,9,+59.570,+1.241
7583.123,6,9,+59.654,+1.095
7591.561,6,9,+59.868,+0.985
7595.687,6,9,+59.877,+0.930
7596.671,6,9,+59.896,+0.893
7598.999,6,9,+59.928,+0.953
7600.403,6,9,+59.927,+0.960
7601.147,6,9,+59.915,+0.948
7605.266,6,9,+59.780,+0.762
7606.446,6,9,+59.745,+0.699
7608.683,6,9,+59.804,+0.671
7613.862,6,9,+60.121,+0.765
7619.485,6,9,+60.389,+0.934
7622.969,6,9,+60.383,+0.889
7626.52,6,9,+60.367,+0.899
7633.652,6,9,+60.554,+0.891
7637.433,6,9,+60.643,+0.962
7641.567,6,9,+60.730,+1.003
7647.382,6,9,+60.993,+1.051
7652.226,6,9,+61.191,+1.160
7656.237,6,9,+61.162,+1.178
7662.657,6,9,+61.254,+1.238
7668.202,6,9,+61.412,+1.240
7672.433,6,9,+61.478,+1.237
7676.85,6,9,+61.382,+1.077
7680.493,6,9,+61.342,+0.887
7688.899,6,9,+61.370,+0.729
7693.019,6,9,+61.372,+0.675
7694.003,6,9,+61.386,+0.656
7696.359,6,9,+61.363,+0.738
7697.766,6,9,+61.349,+0.753
7698.505,6,9,+61.338,+0.745
7702.588,6,9,+61.203,+0.557
7703.733,6,9,+61.161,+0.483
7705.983,6,9,+61.189,+0.418
7711.202,6,9,+61.610,+0.571
7716.955,6,9,+61.899,+0.816
7720.487,6,9,+61.935,+0.852
7724.004,6,9,+61.888,+0.850
7731.172,6,9,+62.039,+0.912
7734.957,6,9,+62.139,+0.987
7739.102,6,9,+62.229,+1.034
7744.893,6,9,+62.471,+1.089
7749.802,6,9,+62.689,+1.218
7753.802,6,9,+62.661,+1.236
7760.281,6,9,+62.776,+1.282
7765.773,6,9,+62.795,+1.275
7770.009,6,9,+62.888,+1.300
7774.437,6,9,+62.857,+1.136
7778.016,6,9,+62.906,+0.931
7786.518,6,9,+63.035,+0.811
7790.712,6,9,+63.062,+0.776
7791.673,6,9,+63.084,+0.774
7793.982,6,9,+63.061,+0.829
7795.404,6,9,+63.055,+0.838
7796.154,6,9,+63.049,+0.831
7800.248,6,9,+62.932,+0.691
7801.42,6,9,+62.892,+0.643
7803.763,6,9,+62.950,+0.739
7808.842,6,9,+63.174,+0.699
7814.53,6,9,+63.485,+0.962
7818.014,6,9,+63.547,+0.953
7821.602,6,9,+63.594,+0.993
7828.715,6,9,+63.806,+0.989
7832.482,6,9,+63.898,+1.016
7836.602,6,9,+63.963,+0.993
7842.386,6,9,+64.304,+1.050
7847.271,6,9,+64.569,+1.212
7851.335,6,9,+64.586,+1.251
7857.775,6,9,+64.871,+1.360
7863.282,6,9,+64.997,+1.326
7867.521,6,9,+65.072,+1.345
7871.943,6,9,+65.048,+1.197
7875.521,6,9,+64.984,+1.029
7883.959,6,9,+65.133,+0.949
7888.098,6,9,+65.124,+0.876
7889.073,6,9,+65.129,+0.831
7891.389,6,9,+65.108,+0.846
7892.778,6,9,+65.093,+0.847
7893.549,6,9,+65.076,+0.836
7897.603,6,9,+64.889,+0.665
7898.767,6,9,+64.833,+0.615
7901.043,6,9,+64.937,+0.635
7906.262,6,9,+65.359,+0.837
7911.909,6,9,+65.603,+0.986
7915.404,6,9,+65.687,+1.007
7918.936,6,9,+65.662,+1.031
7926.068,6,9,+65.853,+1.047
7929.834,6,9,+65.906,+1.094
7933.896,6,9,+65.954,+1.091
7939.744,6,9,+66.282,+1.155
7944.596,6,8,+66.282,+1.155
7944.675,6,8,+66.598,+1.288
7948.719,6,8,+66.577,+1.278
7955.111,6,8,+66.776,+1.282
7960.719,6,8,+67.042,+1.302
7964.992,6,8,+67.140,+1.314
7969.384,6,8,+66.996,+1.138
7972.993,6,8,+66.848,+0.938
7981.512,6,8,+67.066,+0.867
7985.634,6,8,+67.057,+0.828
7986.602,6,8,+67.093,+0.801
7988.962,6,8,+67.171,+0.892
7990.399,6,8,+67.174,+0.908
7991.149,6,8,+67.164,+0.905
7995.212,6,8,+66.991,+0.763
7996.37,6,8,+66.935,+0.712
7998.649,6,8,+67.050,+0.738
8003.665,6,8,+67.291,+0.761
8009.415,6,8,+67.690,+1.007
8012.899,6,8,+67.723,+0.994
8016.462,6,8,+67.737,+1.055
8023.634,6,8,+67.973,+1.105
8027.368,6,8,+68.043,+1.140
8031.493,6,8,+68.122,+1.149
8037.362,6,8,+68.505,+1.206
8042.274,6,8,+68.836,+1.378
8046.178,6,8,+68.719,+1.261
8052.537,6,8,+68.909,+1.291
8058.1,6,8,+69.074,+1.274
8062.365,6,8,+69.167,+1.305
8066.771,6,8,+69.032,+1.142
8070.35,6,8,+68.916,+0.968
8078.803,6,8,+69.073,+0.892
8082.959,6,8,+69.121,+0.843
8083.959,6,8,+69.159,+0.803
8086.272,6,8,+69.186,+0.825
8087.694,6,8,+69.187,+0.837
8088.506,6,8,+69.193,+0.847
8092.74,6,8,+69.225,+0.897
8093.912,6,8,+69.215,+0.890
8096.209,6,8,+69.323,+0.924
8101.209,6,8,+69.528,+0.940
8106.944,6,8,+69.851,+1.145
8110.428,6,8,+69.881,+1.140
8114.006,6,8,+69.885,+1.201
8121.193,6,8,+70.115,+1.245
8124.928,6,8,+70.266,+1.291
8129.053,6,8,+70.434,+1.318
8135.444,6,8,+71.354,+1.979
8140.303,6,8,+71.617,+2.122
8144.319,6,8,+71.547,+2.132
8150.819,6,8,+71.729,+2.168
8156.412,6,8,+72.071,+2.257
8160.74,6,8,+72.212,+2.288
8165.131,6,8,+72.086,+2.146
8168.662,6,8,+71.825,+1.901
8177.037,6,8,+71.869,+1.788
8181.162,6,8,+71.857,+1.711
8182.131,6,8,+71.880,+1.696
8184.491,6,8,+71.900,+1.742
8185.881,6,8,+71.902,+1.755
8186.631,6,8,+71.897,+1.754
8190.896,6,8,+71.835,+1.703
8192.067,6,8,+71.814,+1.683
8194.304,6,8,+71.895,+1.666
8199.558,6,8,+72.260,+1.870
8205.181,6,8,+72.531,+2.019
8208.72,6,8,+72.649,+2.030
8212.337,6,8,+72.673,+2.136
8219.449,6,8,+72.853,+2.118
8223.233,6,8,+73.012,+2.157
8227.351,6,8,+73.276,+2.212
8233.237,6,8,+73.687,+2.315
8238.124,6,8,+73.956,+2.439
8242.107,6,8,+73.902,+2.487
8248.536,6,8,+74.108,+2.542
8254.183,6,8,+74.379,+2.592
8258.456,6,8,+74.497,+2.629
8262.991,6,8,+74.481,+2.617
8266.686,6,8,+74.361,+2.516
8275.089,6,8,+74.238,+2.457
8279.227,6,8,+74.219,+2.383
8280.174,6,8,+74.211,+2.301
8282.514,6,8,+74.216,+2.312
8283.948,6,8,+74.213,+2.322
8284.649,6,8,+74.197,+2.317
8288.77,6,8,+74.004,+2.196
8289.937,6,8,+73.955,+2.160
8292.227,6,8,+74.061,+2.189
8297.568,6,8,+74.574,+2.485
8303.038,6,8,+74.710,+2.515
8306.689,6,8,+74.828,+2.600
8310.274,6,8,+74.842,+2.674
8317.393,6,8,+75.064,+2.684
8321.162,6,8,+75.227,+2.745
8325.304,6,8,+75.414,+2.769
8331.181,6,8,+75.835,+2.848
8336.049,6,8,+76.104,+3.002
8340.068,6,8,+76.072,+2.998
8346.516,6,8,+76.301,+3.062
8352.094,6,8,+76.488,+3.031
8356.328,6,8,+76.559,+3.029
8360.875,6,8,+76.555,+2.992
8364.563,6,8,+76.455,+2.865
8372.985,6,8,+76.548,+2.817
8377.094,6,8,+76.519,+2.724
8378.047,6,8,+76.531,+2.668
8380.313,6,8,+76.510,+2.680
8381.735,6,8,+76.509,+2.691
8382.485,6,8,+76.504,+2.690
8386.578,6,8,+76.370,+2.588
8387.735,6,8,+76.334,+2.556
8390.032,6,8,+76.485,+2.623
8395.297,6,8,+76.769,+2.854
8400.875,6,8,+77.029,+2.961
8404.422,6,8,+77.131,+3.003
8407.969,6,8,+77.134,+3.066
8415.094,6,8,+77.298,+3.049
8418.844,6,8,+77.443,+3.102
8422.921,6,8,+77.606,+3.092
8428.768,6,8,+77.920,+3.112
8433.617,6,8,+78.141,+3.229
8437.584,6,8,+78.088,+3.247
8443.959,6,8,+78.164,+3.255
8449.741,6,8,+78.401,+3.423
8454.01,6,8,+78.388,+3.432
8458.544,6,8,+78.407,+3.418
8462.234,6,8,+78.418,+3.338
8470.637,6,8,+78.550,+3.237
8474.774,6,8,+78.565,+3.197
8475.704,6,8,+78.550,+3.125
8478.006,6,8,+78.537,+3.161
8479.44,6,8,+78.538,+3.179
8480.175,6,8,+78.534,+3.178
8484.304,6,8,+78.439,+3.067
8485.469,6,8,+78.417,+3.033
8487.817,6,8,+78.599,+3.107
8493.129,6,8,+79.113,+3.420
8498.683,6,8,+79.207,+3.492
8502.307,6,8,+79.303,+3.564
8505.859,6,8,+79.326,+3.640
8513.076,6,8,+79.563,+3.714
8516.859,6,8,+79.734,+3.791
8520.969,6,8,+79.931,+3.825
8526.885,6,8,+80.244,+3.883
8531.737,6,8,+80.329,+3.971
8535.774,6,8,+80.261,+3.999
8542.206,6,8,+80.449,+4.054
8547.784,6,8,+80.491,+4.043
8552.035,6,8,+80.574,+4.068
8556.582,6,8,+80.563,+4.066
8560.254,6,8,+80.455,+4.004
8568.629,6,8,+80.523,+3.859
8572.738,6,8,+80.515,+3.806
8573.707,6,8,+80.526,+3.762
8576.004,6,8,+80.545,+3.789
8577.427,6,8,+80.539,+3.795
8578.395,6,8,+80.526,+3.788
8582.332,6,8,+80.374,+3.675
8583.504,6,8,+80.331,+3.639
8585.848,6,8,+80.536,+3.765
8591.145,6,8,+80.834,+4.006
8596.644,6,8,+81.057,+4.028
8600.147,6,8,+81.118,+4.050
8603.741,6,8,+81.150,+4.152
8610.913,6,8,+81.398,+4.173
8614.679,6,8,+81.549,+4.180
8618.815,6,8,+81.744,+4.218
8624.663,6,8,+82.140,+4.276
8629.514,6,8,+82.428,+4.431
8633.524,6,8,+82.390,+4.446
8639.932,6,8,+82.617,+4.497
8645.541,6,8,+82.866,+4.494
8649.784,6,8,+82.952,+4.513
8654.285,6,8,+82.926,+4.496
8657.929,6,8,+82.751,+4.362
8666.413,6,8,+83.031,+4.312
8670.57,6,8,+83.040,+4.294
8671.491,6,8,+83.042,+4.252
8673.815,6,8,+83.060,+4.273
8675.244,6,8,+83.066,+4.276
8675.968,6,8,+83.056,+4.269
8680.116,6,8,+82.898,+4.176
8681.32,6,8,+82.851,+4.148
8683.632,6,8,+83.004,+4.237
8688.837,6,8,+83.449,+4.414
8694.42,6,8,+83.634,+4.463
8697.969,6,8,+83.708,+4.464
8701.538,6,8,+83.736,+4.571
8708.737,6,8,+83.996,+4.675
8712.504,6,8,+84.161,+4.739
8716.663,6,8,+84.403,+4.771
8722.81,6,8,+84.933,+4.933
8727.442,6,8,+85.225,+5.078
8731.45,6,8,+85.182,+5.077
8737.866,6,8,+85.438,+5.121
8743.451,6,8,+85.643,+5.114
8747.768,6,8,+85.796,+5.164
8752.301,6,8,+85.785,+5.165
8755.94,6,8,+85.611,+5.057
8764.369,6,8,+83.657,+4.874
8768.449,6,8,+83.703,+4.825
8769.435,6,8,+83.614,+4.793
8771.75,6,8,+83.497,+4.840
8773.18,6,8,+83.482,+4.858
8773.919,6,8,+83.463,+4.856
8778.038,6,8,+83.248,+4.753
8779.185,6,8,+83.187,+4.714
8781.572,6,8,+83.260,+4.856
8786.784,6,8,+83.623,+5.046
8792.308,6,8,+83.785,+5.073
8795.851,6,8,+83.827,+5.058
8799.416,6,8,+83.834,+5.139
8806.605,6,8,+84.059,+5.256
8810.378,6,8,+84.214,+5.315
8814.531,6,8,+84.289,+5.348
8820.37,6,8,+84.591,+5.407
8825.212,6,8,+84.879,+5.498
8829.234,6,8,+84.862,+5.527
8835.626,6,8,+85.045,+5.570
8841.275,6,8,+85.307,+5.616
8845.564,6,8,+85.456,+5.684
8850.1,6,8,+85.459,+5.689
8853.732,6,8,+85.290,+5.575
8862.252,6,8,+85.387,+5.594
8866.385,6,8,+85.322,+5.543
8867.309,6,8,+85.247,+5.494
8869.669,6,8,+85.221,+5.551
8871.108,6,8,+85.222,+5.574
8871.877,6,8,+85.212,+5.579
8876.013,6,8,+85.063,+5.547
8877.205,6,8,+85.017,+5.535
8879.512,6,8,+85.094,+5.635
8884.688,6,8,+85.323,+5.876
8890.35,6,8,+85.618,+5.970
8893.895,6,8,+85.639,+6.024
8897.473,6,8,+85.645,+6.117
8904.629,6,8,+85.799,+6.119
8908.445,6,8,+85.937,+6.145
8912.469,6,8,+85.930,+6.144
8918.311,6,8,+86.256,+6.192
8923.127,6,8,+86.461,+6.285
8927.127,6,8,+86.420,+6.302
8933.486,6,8,+86.566,+6.334
8939.158,6,8,+86.799,+6.389
8943.455,6,8,+86.929,+6.451
8947.986,6,8,+86.921,+6.455
8951.627,6,8,+86.776,+6.338
8960.064,6,8,+86.836,+6.290
8964.205,6,8,+86.816,+6.283
8965.158,6,8,+86.774,+6.248
8967.471,6,8,+86.671,+6.208
8968.905,6,8,+86.650,+6.214
8969.675,6,8,+86.632,+6.211
8973.753,6,8,+86.426,+6.105
8974.922,6,8,+86.367,+6.072
8977.191,6,8,+86.439,+6.130
8982.33,6,8,+86.812,+6.329
8987.876,6,8,+86.980,+6.351
8991.47,6,8,+87.061,+6.410
8995.05,6,8,+87.082,+6.505
9002.151,6,8,+87.227,+6.471
9005.91,6,8,+87.391,+6.531
9010.069,6,8,+87.402,+6.568
9015.838,6,8,+87.689,+6.616
9020.75,6,8,+87.983,+6.678
9024.767,6,8,+87.936,+6.682
9031.138,6,8,+88.068,+6.696
9036.76,6,8,+88.248,+6.774
9041.042,6,8,+88.361,+6.827
9045.558,6,8,+88.352,+6.827
9049.214,6,8,+88.197,+6.719
9057.652,6,8,+88.115,+6.659
9061.683,6,8,+87.905,+6.548
9062.652,6,8,+87.830,+6.523
9065.042,6,8,+87.663,+6.626
9066.433,6,8,+87.441,+6.652
9067.167,6,8,+87.247,+6.659
13.093,87,10,,
3391.377,87,10,+1.104,+0.134
3392.766,87,7,+1.104,+0.134
3392.856,87,7,+0.983,+0.107
3395.538,87,8,+0.983,+0.107
3395.651,87,8,+1.368,+0.019
3400.692,87,7,+1.368,+0.019
3400.779,87,7,+1.528,+0.243
3406.766,87,6,+1.528,+0.243
3406.86,87,6,+1.982,+0.157
3410.212,87,6,+1.988,+0.028
3413.729,87,6,+1.940,+0.002
3421.576,87,7,+1.940,+0.002
3421.696,87,7,+2.575,+0.005
3425.038,87,6,+2.575,+0.005
3425.132,87,6,+2.455,+0.245
3429.344,87,6,+2.565,+0.308
3435.485,87,6,+3.054,+0.359
3440.376,87,6,+3.309,+0.345
3444.571,87,6,+3.481,+0.598
3451.651,87,6,+4.231,+1.136
3457.36,87,7,+4.231,+1.136
3457.636,87,7,+4.668,+0.176
3462.713,87,8,+4.668,+0.176
3463.03,87,9,+4.668,+0.176
3463.142,87,10,+4.668,+0.176
3463.762,87,11,+4.668,+0.176
3464.067,87,12,+4.668,+0.176
3464.104,87,11,+4.668,+0.176
3464.188,87,11,+6.909,+0.022
3468.8,87,11,+7.050,+0.316
3472.301,87,11,+6.814,+0.335
3481.145,87,12,+6.814,+0.335
3481.442,87,12,+7.452,+0.187
3486.137,87,12,+7.615,+0.243
3487.356,87,12,+7.889,+0.241
3489.918,87,12,+8.271,+0.271
3491.455,87,12,+8.354,+0.300
3492.171,87,12,+8.403,+0.344
3496.219,87,13,+8.403,+0.344
3496.626,87,13,+8.575,+0.329
3497.802,87,13,+8.513,+0.387
3500.307,87,13,+8.462,+0.329
3505.771,87,13,+8.803,+0.342
3511.724,87,13,+9.014,+0.493
3515.16,87,13,+8.985,+0.516
3518.819,87,13,+8.850,+0.721
3526.476,87,13,+9.007,+0.614
3530.188,87,13,+8.993,+0.456
3534.472,87,13,+9.032,+0.360
3540.751,87,13,+9.396,+0.506
3545.782,87,13,+9.689,+0.381
3549.833,87,13,+9.674,+0.262
3557.011,87,13,+10.370,+0.436
3562.391,87,13,+10.390,+0.265
3566.698,87,13,+10.078,+0.228
3570.998,87,12,+10.078,+0.228
3571.4,87,12,+10.006,+0.860
3574.527,87,12,+9.874,+0.757
3583.202,87,12,+10.202,+0.715
3587.546,87,12,+10.273,+0.784
3588.624,87,12,+10.358,+0.768
3591.108,87,12,+10.517,+0.761
3592.495,87,12,+10.549,+0.777
3593.355,87,12,+10.545,+0.737
3597.536,87,12,+10.334,+0.305
3598.683,87,12,+10.251,+0.207
3601.275,87,12,+10.414,+0.190
3606.696,87,12,+10.964,+0.423
3612.514,87,12,+11.195,+0.281
3616.187,87,12,+11.487,+0.497
3619.896,87,12,+11.560,+0.610
3627.347,87,12,+11.755,+0.739
3631.131,87,12,+11.783,+0.755
3635.292,87,12,+11.724,+0.597
3641.322,87,12,+12.036,+0.622
3646.145,87,12,+12.279,+0.619
3650.279,87,12,+12.351,+0.592
3656.911,87,12,+12.557,+0.597
3662.476,87,12,+12.668,+0.602
3666.741,87,12,+12.746,+0.586
3671.162,87,12,+12.508,+0.524
3674.57,87,12,+12.113,+0.421
3683.026,87,12,+12.058,+0.330
3687.315,87,12,+12.054,+0.359
3688.377,87,12,+12.137,+0.416
3690.868,87,12,+12.237,+0.470
3692.221,87,12,+12.257,+0.477
3693.028,87,12,+12.247,+0.465
3697.232,87,12,+12.017,+0.346
3698.361,87,12,+11.929,+0.314
3700.752,87,12,+11.979,+0.301
3706.203,87,12,+12.347,+0.362
3711.978,87,12,+12.610,+0.462
3715.56,87,12,+12.751,+0.553
3719.217,87,12,+12.791,+0.612
3726.686,87,12,+13.168,+0.829
3730.405,87,12,+13.181,+0.810
3734.624,87,12,+13.131,+0.682
3740.592,87,12,+13.360,+0.687
3745.342,87,12,+13.633,+0.680
3749.441,87,12,+13.692,+0.681
3755.987,87,12,+13.977,+0.610
3761.55,87,12,+14.101,+0.578
3765.831,87,12,+14.153,+0.514
3770.206,87,12,+13.944,+0.477
3773.715,87,12,+13.643,+0.496
3782.303,87,12,+13.818,+0.578
3786.615,87,12,+13.887,+0.635
3787.648,87,12,+13.965,+0.694
3790.006,87,12,+14.042,+0.675
3791.443,87,12,+14.047,+0.663
3792.24,87,12,+14.033,+0.657
3796.396,87,12,+13.825,+0.606
3797.576,87,12,+13.753,+0.591
3799.898,87,12,+13.762,+0.524
3805.343,87,12,+14.326,+0.598
3811.127,87,12,+14.450,+0.541
3814.658,87,12,+14.619,+0.613
3818.314,87,12,+14.661,+0.680
3825.768,87,12,+14.966,+0.769
3829.471,87,12,+14.979,+0.728
3833.689,87,12,+14.930,+0.587
3839.768,87,12,+15.300,+0.581
3844.642,87,12,+15.513,+0.555
3848.799,87,12,+15.593,+0.614
3855.393,87,12,+15.890,+0.545
3861.003,87,12,+16.063,+0.512
3865.346,87,12,+16.127,+0.458
3869.706,87,12,+15.900,+0.401
3873.159,87,12,+15.538,+0.367
3881.848,87,12,+15.712,+0.365
3886.131,87,12,+15.811,+0.427
3887.099,87,12,+15.900,+0.480
3889.49,87,12,+16.002,+0.491
3890.99,87,12,+16.014,+0.452
3891.709,87,12,+16.002,+0.407
3895.881,87,12,+15.759,+0.150
3897.037,87,12,+15.670,+0.098
3899.319,87,11,+15.670,+0.098
3899.398,87,11,+15.720,+1.372
3904.478,87,11,+15.933,+1.052
3910.107,87,11,+16.074,+1.101
3913.606,87,11,+16.213,+1.159
3917.3,87,11,+16.258,+1.207
3924.565,87,11,+16.455,+1.093
3928.347,87,11,+16.486,+1.036
3932.534,87,11,+16.422,+0.879
3938.565,87,11,+16.744,+0.878
3943.347,87,11,+16.920,+0.824
3947.487,87,11,+16.996,+0.896
3954.112,87,11,+17.283,+0.843
3959.596,87,11,+17.386,+0.730
3963.912,87,11,+17.487,+0.767
3968.367,87,11,+17.322,+0.751
3971.898,87,11,+17.066,+0.719
3980.445,87,11,+17.283,+0.763
3984.742,87,11,+17.355,+0.834
3985.732,87,11,+17.413,+0.828
3988.099,87,11,+17.448,+0.787
3989.579,87,11,+17.454,+0.794
3990.352,87,11,+17.440,+0.803
3994.497,87,11,+17.196,+0.951
3995.642,87,11,+17.118,+0.993
3997.949,87,11,+17.050,+0.831
4003.321,87,11,+17.413,+0.907
4008.868,87,11,+17.500,+0.689
4012.46,87,11,+17.629,+0.772
4016.043,87,11,+17.650,+0.790
4023.418,87,11,+17.957,+0.783
4027.194,87,11,+17.972,+0.700
4031.345,87,11,+17.914,+0.530
4037.54,87,11,+18.340,+0.670
4042.397,87,11,+18.554,+0.584
4046.546,87,11,+18.657,+0.625
4053.233,87,11,+19.005,+0.534
4058.89,87,11,+19.264,+0.507
4063.213,87,11,+19.363,+0.535
4067.597,87,11,+19.192,+0.457
4071.108,87,11,+18.873,+0.327
4079.733,87,11,+19.076,+0.394
4084.015,87,11,+19.159,+0.433
4085.061,87,11,+19.253,+0.491
4087.421,87,11,+19.352,+0.530
4088.843,87,11,+19.363,+0.544
4089.686,87,11,+19.351,+0.552
4093.905,87,11,+19.128,+0.595
4094.983,87,11,+19.047,+0.604
4097.421,87,11,+19.113,+0.649
4102.696,87,11,+19.442,+0.812
4108.364,87,11,+19.631,+0.686
4111.878,87,11,+19.725,+0.710
4115.496,87,11,+19.762,+0.728
4122.921,87,11,+20.132,+0.708
4126.687,87,11,+20.150,+0.615
4130.969,87,11,+20.189,+0.419
4137.078,87,11,+20.663,+0.532
4142.015,87,11,+20.887,+0.541
4146.125,87,11,+20.925,+0.584
4152.834,87,11,+21.296,+0.600
4158.433,87,11,+21.535,+0.556
4162.73,87,11,+21.609,+0.566
4167.105,87,11,+21.415,+0.516
4170.642,87,11,+21.097,+0.393
4179.203,87,11,+21.221,+0.463
4183.477,87,11,+21.294,+0.489
4184.552,87,11,+21.372,+0.518
4186.86,87,11,+21.467,+0.513
4188.36,87,11,+21.478,+0.518
4189.047,87,11,+21.465,+0.523
4193.297,87,11,+21.251,+0.553
4194.438,87,11,+21.174,+0.560
4196.797,87,11,+21.164,+0.521
4202.143,87,11,+21.644,+0.689
4207.897,87,11,+21.904,+0.598
4211.423,87,11,+21.938,+0.534
4215.029,87,11,+21.957,+0.567
4222.462,87,11,+22.310,+0.524
4226.176,87,11,+22.324,+0.474
4230.376,87,11,+22.304,+0.303
4236.697,87,11,+22.809,+0.463
4241.63,87,11,+23.043,+0.433
4245.802,87,11,+23.133,+0.523
4252.555,87,11,+23.572,+0.529
4258.1,87,11,+23.711,+0.288
4262.429,87,11,+23.815,+0.315
4266.751,87,11,+23.584,+0.198
4270.214,87,11,+23.240,+0.014
4278.818,87,10,+23.240,+0.014
4278.912,87,10,+23.548,+0.777
4283.006,87,10,+23.447,+0.561
4284.037,87,10,+23.569,+0.773
4286.365,87,9,+23.569,+0.773
4286.444,87,9,+23.684,+0.895
4287.99,87,9,+23.769,+0.978
4288.787,87,9,+23.819,+1.032
4293.256,87,9,+23.906,+1.176
4294.475,87,9,+23.906,+1.198
4296.865,87,9,+23.968,+1.187
4301.99,87,9,+24.251,+1.250
4307.598,87,9,+24.302,+1.200
4311.106,87,9,+24.365,+1.173
4314.767,87,9,+24.433,+1.217
4322.053,87,9,+24.645,+1.266
4325.819,87,9,+24.653,+1.212
4329.963,87,9,+24.590,+1.053
4335.914,87,9,+24.776,+1.135
4340.77,87,9,+24.971,+1.121
4344.897,87,9,+25.043,+1.165
4352.078,87,9,+25.852,+1.687
4361.562,87,9,+29.923,+1.791
4366.765,87,9,+30.900,+1.679
4373.891,87,9,+33.463,+1.315
4379.453,87,9,+35.232,+1.574
4388.961,87,9,+35.026,+0.999
4395.377,87,9,+34.630,+0.938
4396.235,87,9,+34.596,+0.617
4400.582,87,10,+34.596,+0.617
4430.175,87,10,+34.265,+16.729
4433.697,87,10,+34.258,+16.863
4439.897,87,10,+32.299,+16.571
4448.008,87,10,+32.231,+16.228
4452.569,87,10,+30.701,+14.700
4458.178,87,10,+29.704,+15.010
4467.71,87,10,+28.341,+14.676
4473.994,87,10,+28.906,+16.645
4479.482,87,10,+27.583,+17.279
4486.404,87,10,+25.128,+15.543
4492.878,87,10,+24.685,+15.227
4498.497,87,10,+24.799,+14.571
4508.042,87,10,+24.787,+15.146
4515.899,87,10,+24.266,+14.749
4521.868,87,10,+24.142,+14.043
4528.656,87,10,+22.305,+13.907
4534.444,87,10,+22.041,+12.694
4545.759,87,10,+20.233,+10.584
4551.308,87,10,+20.626,+11.375
4552.622,87,10,+20.568,+11.399
4555.53,87,10,+19.630,+11.114
4557.318,87,10,+19.475,+10.817
4558.279,87,10,+19.386,+10.701
4563.372,87,10,+18.380,+10.354
4564.872,87,10,+17.698,+9.199
4567.872,87,10,+16.403,+8.359
4574.631,87,10,+12.658,+3.908
4583.785,87,10,+12.269,+3.933
4589.278,87,10,+12.836,+4.105
4594.161,87,10,+12.525,+4.319
4604.101,87,10,+11.746,+2.087
4608.438,87,10,+11.524,+2.125
4613.516,87,10,+9.067,+1.646
4621.938,87,10,+8.997,+1.175
4629.745,87,10,+10.328,+1.234
4635.369,87,10,+10.300,+1.350
4646.181,87,10,+11.545,+0.715
4653.738,87,10,+10.987,+0.843
4658.856,87,10,+10.132,+0.733
4664.735,87,10,+8.751,+1.262
4671.497,87,10,+9.208,+1.028
4685.203,87,10,+9.656,+0.645
4690.097,87,10,+9.726,+0.530
4691.357,87,10,+9.470,+0.604
4694.243,87,10,+8.355,+0.698
4697.127,87,10,+9.306,+0.881
4698.713,87,10,+9.951,+1.101
4704.437,87,10,+9.786,+0.445
4706.004,87,10,+9.596,+0.407
4710.678,87,10,+10.153,+1.488
4718.952,87,10,+9.636,+1.295
4725.069,87,10,+9.178,+0.934
4730.279,87,10,+9.070,+0.842
4734.501,87,10,+9.026,+0.901
4746.428,87,10,+10.083,+0.732
4750.787,87,10,+9.888,+1.014
4755.35,87,10,+8.086,+0.924
4766.131,87,10,+9.537,+1.276
4774.194,87,10,+9.708,+0.812
4779.506,87,10,+9.945,+0.515
4790.85,87,10,+10.056,+0.580
4798.022,87,10,+7.195,+0.757
4805.812,87,10,+5.993,+0.878
4813.778,87,10,+4.775,+0.878
4821.456,87,10,+4.923,+0.709
4832.543,87,10,+3.907,+0.246
4837.286,87,10,+4.022,+0.473
4838.427,87,10,+4.082,+0.478
4841.02,87,10,+4.007,+0.250
4842.489,87,10,+3.988,+0.144
4843.286,87,10,+3.970,+0.082
4847.262,87,9,+3.970,+0.082
4847.343,87,9,+3.812,+1.307
4848.469,87,9,+3.708,+1.282
4850.964,87,9,+3.713,+1.245
4856.127,87,9,+3.805,+1.112
4861.968,87,9,+3.840,+1.011
4865.478,87,9,+3.911,+0.845
4869.041,87,9,+3.880,+0.816
4876.5,87,9,+3.921,+0.774
4880.159,87,9,+3.892,+0.613
4884.334,87,9,+3.806,+0.457
4890.772,87,9,+4.074,+0.407
4895.367,87,9,+4.205,+0.472
4899.413,87,9,+4.228,+0.486
4906.477,87,9,+4.572,+0.300
4911.899,87,9,+4.586,+0.375
4915.957,87,9,+4.581,+0.321
4920.369,87,9,+4.423,+0.295
4923.878,87,9,+4.124,+0.283
4932.569,87,9,+4.335,+0.030
4936.61,87,8,+4.335,+0.030
4936.69,87,8,+4.148,+0.179
4937.805,87,8,+4.241,+0.222
4940.307,87,8,+4.282,+0.281
4941.728,87,8,+4.262,+0.283
4942.525,87,8,+4.253,+0.285
4946.791,87,8,+4.162,+0.269
4947.979,87,8,+4.115,+0.256
4950.479,87,8,+4.247,+0.320
4955.588,87,8,+4.341,+0.357
4961.357,87,8,+4.518,+0.390
4964.853,87,8,+4.525,+0.316
4968.373,87,8,+4.466,+0.269
4976.147,87,8,+4.758,+0.508
4979.64,87,8,+4.724,+0.449
4983.87,87,8,+4.655,+0.346
4989.869,87,8,+4.795,+0.395
4994.678,87,8,+4.968,+0.367
4998.731,87,8,+4.977,+0.407
5005.418,87,8,+5.250,+0.387
5010.931,87,8,+5.301,+0.353
5015.126,87,8,+5.295,+0.313
5019.423,87,8,+5.027,+0.243
5022.861,87,8,+4.655,+0.187
5031.692,87,8,+5.016,+0.195
5036.067,87,8,+5.161,+0.343
5037.176,87,8,+5.242,+0.385
5039.601,87,8,+5.312,+0.449
5041.001,87,8,+5.320,+0.477
5041.795,87,8,+5.320,+0.490
5045.978,87,8,+5.271,+0.501
5047.117,87,8,+5.232,+0.500
5049.479,87,8,+5.321,+0.523
5054.73,87,8,+5.771,+0.714
5060.353,87,8,+5.899,+0.625
5063.873,87,8,+6.030,+0.626
5067.502,87,8,+6.061,+0.675
5074.811,87,8,+6.322,+0.649
5078.51,87,8,+6.317,+0.557
5082.619,87,8,+6.300,+0.426
5088.588,87,8,+6.575,+0.479
5093.416,87,8,+6.777,+0.419
5097.444,87,8,+6.812,+0.433
5104.095,87,8,+7.151,+0.398
5109.579,87,8,+7.211,+0.268
5113.829,87,8,+7.268,+0.263
5118.169,87,8,+6.979,+0.064
5121.562,87,7,+6.979,+0.064
5121.658,87,7,+6.676,+1.386
5130.262,87,7,+6.866,+1.318
5134.417,87,7,+6.870,+1.215
5135.469,87,7,+6.938,+1.189
5137.876,87,7,+6.983,+1.172
5139.298,87,7,+6.992,+1.174
5140.079,87,7,+6.985,+1.174
5144.262,87,7,+6.808,+1.143
5145.433,87,7,+6.746,+1.139
5147.722,87,7,+6.728,+1.047
5152.919,87,7,+7.049,+1.329
5158.56,87,7,+7.215,+1.125
5161.982,87,7,+7.260,+1.188
5165.638,87,7,+7.339,+1.186
5172.899,87,7,+7.542,+1.092
5176.603,87,7,+7.558,+1.100
5180.7,87,7,+7.575,+1.111
5186.593,87,7,+7.683,+1.007
5191.315,87,7,+7.838,+0.938
5195.376,87,7,+7.912,+0.900
5201.91,87,7,+8.111,+0.927
5207.344,87,7,+8.231,+0.882
5211.555,87,7,+8.284,+0.849
5216.131,87,7,+8.284,+0.936
5219.889,87,7,+8.265,+1.038
5228.554,87,7,+8.643,+1.172
5232.849,87,7,+8.723,+1.200
5233.863,87,7,+8.756,+1.183
5236.229,87,7,+8.776,+1.167
5237.657,87,7,+8.779,+1.165
5238.433,87,7,+8.773,+1.160
5242.629,87,7,+8.637,+1.103
5243.83,87,7,+8.589,+1.088
5246.153,87,7,+8.562,+1.020
5251.33,87,7,+8.908,+1.230
5256.876,87,7,+9.050,+1.113
5260.376,87,7,+9.093,+1.202
5263.955,87,7,+9.088,+1.087
5271.173,87,7,+9.210,+0.952
5274.892,87,7,+9.240,+0.966
5278.979,87,7,+9.053,+0.950
5284.77,87,7,+9.043,+0.874
5289.508,87,7,+9.173,+0.851
5293.634,87,7,+9.229,+0.883
5300.178,87,7,+9.448,+0.825
5305.699,87,7,+9.560,+0.950
5309.952,87,7,+9.621,+0.934
5314.431,87,7,+9.580,+0.998
5318.106,87,7,+9.458,+1.009
5326.563,87,7,+9.571,+0.776
5330.94,87,7,+9.700,+0.727
5331.921,87,7,+9.761,+0.633
5334.271,87,7,+9.788,+0.582
5335.797,87,7,+9.861,+0.643
5336.615,87,7,+9.911,+0.686
5340.92,87,7,+9.861,+0.762
5342.095,87,7,+9.824,+0.783
5344.454,87,7,+9.862,+0.631
5349.454,87,7,+10.004,+0.432
5355.157,87,7,+10.236,+0.436
5358.599,87,7,+10.317,+0.550
5362.21,87,7,+10.322,+0.591
5369.679,87,7,+10.625,+0.477
5373.344,87,7,+10.604,+0.524
5377.473,87,7,+10.484,+0.430
5383.582,87,7,+10.810,+0.387
5388.458,87,7,+11.063,+0.377
5392.561,87,7,+11.145,+0.334
5399.295,87,7,+11.607,+0.483
5404.715,87,7,+11.645,+0.439
5408.983,87,7,+11.720,+0.403
5413.28,87,7,+11.497,+0.216
5416.687,87,6,+11.497,+0.216
5416.78,87,6,+11.179,+0.304
5425.379,87,7,+11.179,+0.304
5425.518,87,7,+11.605,+0.027
5429.661,87,6,+11.605,+0.027
5429.74,87,6,+11.657,+0.207
5430.943,87,6,+11.863,+0.329
5433.305,87,6,+12.010,+0.324
5434.834,87,6,+12.064,+0.347
5435.645,87,6,+12.104,+0.369
5440.148,87,6,+12.296,+0.603
5441.381,87,6,+12.329,+0.660
5443.846,87,6,+12.488,+0.798
5448.717,87,6,+12.591,+0.689
5454.3,87,6,+12.642,+0.624
5457.79,87,6,+12.676,+0.597
5461.399,87,6,+12.704,+0.561
5468.631,87,6,+12.826,+0.449
5472.308,87,6,+12.817,+0.413
5476.345,87,6,+12.742,+0.304
5482.261,87,6,+12.843,+0.397
5487.102,87,6,+13.023,+0.414
5491.249,87,6,+13.083,+0.405
5497.912,87,6,+13.502,+0.534
5503.331,87,6,+13.519,+0.454
5507.596,87,6,+13.568,+0.434
5511.971,87,6,+13.416,+0.275
5515.784,87,6,+13.196,+0.050
5524.143,87,6,+13.478,+0.046
5528.25,87,6,+13.385,+0.072
5529.445,87,6,+13.655,+0.224
5531.97,87,6,+13.833,+0.047
5533.436,87,6,+13.898,+0.016
5534.3,87,6,+13.960,+0.032
5538.879,87,6,+14.280,+0.135
5540.105,87,6,+14.295,+0.115
5542.505,87,6,+14.374,+0.171
5547.726,87,6,+14.649,+0.373
5553.445,87,6,+14.860,+0.391
5556.851,87,6,+14.871,+0.375
5560.46,87,6,+14.909,+0.366
5567.773,87,6,+15.113,+0.371
5571.429,87,6,+15.124,+0.366
5575.46,87,6,+15.063,+0.321
5581.379,87,6,+15.122,+0.343
5586.17,87,6,+15.316,+0.308
5590.276,87,6,+15.342,+0.288
5596.971,87,6,+15.834,+0.492
5602.332,87,6,+15.701,+0.268
5606.598,87,6,+15.743,+0.270
5610.968,87,6,+15.548,+0.077
5614.48,87,5,+15.548,+0.077
5614.57,87,5,+15.382,+12.501
5622.958,87,5,+15.433,+12.399
5627.222,87,5,+15.524,+12.428
5628.216,87,5,+15.567,+12.430
5630.58,87,5,+15.548,+12.423
5632.0,87,5,+15.551,+12.420
5632.8,87,5,+15.557,+12.416
5637.119,87,5,+15.588,+12.418
5638.364,87,5,+15.598,+12.455
5640.658,87,5,+15.577,+12.395
5645.607,87,5,+15.588,+12.302
5651.058,87,5,+15.602,+12.341
5654.633,87,5,+15.701,+12.468
5658.301,87,5,+15.779,+12.566
5665.426,87,5,+15.869,+12.463
5669.129,87,5,+15.894,+12.490
5673.238,87,5,+15.865,+12.498
5678.941,87,5,+15.928,+12.458
5683.691,87,5,+16.038,+12.588
5687.863,87,5,+16.160,+12.742
5694.316,87,5,+16.343,+12.761
5699.738,87,5,+16.379,+12.743
5703.973,87,5,+16.437,+12.777
5708.598,87,5,+16.505,+13.025
5712.489,87,5,+16.595,+13.369
5720.943,87,5,+16.751,+13.373
5725.132,87,5,+16.819,+13.415
5726.085,87,5,+16.855,+13.414
5728.434,87,5,+16.812,+13.384
5729.871,87,5,+16.809,+13.384
5730.654,87,5,+16.812,+13.389
5734.974,87,5,+16.821,+13.432
5736.192,87,5,+16.829,+13.463
5738.395,87,5,+16.702,+13.316
5743.458,87,5,+16.821,+13.388
5748.958,87,5,+16.852,+13.441
5752.442,87,5,+16.918,+13.501
5756.114,87,5,+17.001,+13.640
5763.224,87,5,+17.071,+13.602
5766.974,87,5,+17.133,+13.667
5771.145,87,5,+17.067,+13.640
5776.802,87,5,+17.099,+13.627
5781.458,87,5,+17.144,+13.678
5785.599,87,5,+17.219,+13.806
5792.065,87,5,+17.336,+13.900
5797.512,87,5,+17.422,+13.938
5801.731,87,5,+17.467,+13.968
5806.332,87,5,+17.510,+14.221
5810.177,87,5,+17.560,+14.563
5818.531,87,5,+17.586,+14.438
5822.759,87,5,+17.643,+14.471
5823.699,87,5,+17.650,+14.443
5826.044,87,5,+17.625,+14.429
5827.499,87,5,+17.624,+14.437
5828.266,87,5,+17.621,+14.443
5832.488,87,5,+17.537,+14.474
5833.676,87,5,+17.518,+14.507
5835.91,87,5,+17.433,+14.373
5840.932,87,5,+17.581,+14.395
5846.432,87,5,+17.601,+14.350
5849.92,87,5,+17.716,+14.420
5853.664,87,5,+17.822,+14.591
5860.84,87,5,+17.971,+14.573
5864.555,87,5,+18.024,+14.633
5868.714,87,5,+18.020,+14.628
5874.399,87,5,+18.079,+14.594
5879.079,87,5,+18.156,+14.603
5883.239,87,5,+18.255,+14.714
5889.621,87,5,+18.392,+14.652
5895.166,87,5,+18.453,+14.704
5899.37,87,5,+18.478,+14.746
5903.963,87,5,+18.553,+15.057
5907.854,87,5,+18.663,+15.536
5916.323,87,5,+18.795,+15.207
5920.557,87,5,+18.871,+14.947
5921.526,87,5,+18.888,+14.854
5923.87,87,5,+18.936,+14.829
5925.307,87,5,+18.959,+14.847
5926.12,87,5,+18.968,+14.858
5930.448,87,5,+18.979,+14.954
5931.651,87,5,+18.986,+14.993
5933.932,87,5,+18.914,+14.817
5938.995,87,5,+19.159,+14.829
5944.495,87,5,+19.211,+14.739
5948.01,87,5,+19.325,+14.871
5951.682,87,5,+19.405,+14.957
5958.792,87,5,+19.489,+14.656
5962.495,87,5,+19.526,+14.698
5966.62,87,5,+19.466,+14.565
5972.355,87,5,+19.581,+14.449
5977.032,87,5,+19.624,+14.357
5981.18,87,5,+19.710,+14.391
5987.597,87,5,+19.858,+14.261
5993.07,87,5,+19.948,+14.262
5997.329,87,5,+19.986,+14.302
6001.875,87,5,+20.022,+14.311
6005.719,87,5,+20.074,+14.406
6014.094,87,5,+20.128,+14.371
6018.329,87,5,+20.177,+14.454
6019.282,87,5,+20.178,+14.459
6021.594,87,5,+20.140,+14.446
6022.985,87,5,+20.137,+14.459
6023.797,87,5,+20.134,+14.475
6028.075,87,5,+20.035,+14.743
6029.165,87,5,+20.010,+14.850
6031.386,87,5,+19.908,+14.537
6036.384,87,5,+20.073,+14.393
6041.88,87,5,+20.077,+14.324
6045.393,87,5,+20.152,+14.360
6049.081,87,5,+20.252,+14.529
6056.212,87,5,+20.296,+14.313
6059.929,87,5,+20.313,+14.347
6064.053,87,5,+20.344,+14.329
6069.709,87,5,+20.360,+14.223
6074.389,87,5,+20.394,+14.278
6078.496,87,5,+20.446,+14.349
6084.871,87,5,+20.515,+14.291
6090.23,87,5,+20.517,+14.148
6094.449,87,5,+20.540,+14.121
6099.074,87,5,+20.612,+14.361
6102.981,87,5,+20.731,+14.644
6111.497,87,5,+20.905,+14.616
6115.7,87,5,+20.966,+14.642
6116.675,87,5,+20.954,+14.630
6118.97,87,5,+20.930,+14.644
6120.433,87,5,+20.933,+14.664
6121.171,87,5,+20.938,+14.680
6125.484,87,5,+20.946,+14.724
6126.7,87,5,+20.955,+14.746
6128.965,87,5,+20.891,+14.665
6134.081,87,5,+21.137,+14.601
6139.483,87,5,+21.116,+14.465
6142.987,87,5,+21.182,+14.475
6146.6,87,5,+21.246,+14.628
6153.721,87,5,+21.301,+14.524
6157.456,87,5,+21.348,+14.584
6161.581,87,5,+21.372,+14.527
6167.331,87,5,+21.294,+14.404
6171.9,87,5,+21.334,+14.266
6175.969,87,5,+21.376,+14.387
6182.376,87,5,+21.473,+13.889
6187.844,87,5,+21.497,+14.353
6192.094,87,5,+21.534,+14.366
6196.673,87,5,+21.586,+14.293
6200.563,87,5,+21.687,+14.342
6208.923,87,5,+21.766,+14.107
6213.145,87,5,+21.821,+14.057
6214.1,87,5,+21.799,+14.011
6216.396,87,5,+21.757,+13.898
6217.833,87,5,+21.756,+13.799
6218.6,87,5,+21.753,+13.721
6222.781,87,5,+21.666,+13.337
6223.945,87,5,+21.644,+13.290
6226.18,87,5,+21.519,+13.138
6231.407,87,5,+21.669,+13.343
6236.75,87,5,+21.722,+13.235
6240.252,87,5,+21.838,+13.258
6243.933,87,5,+21.935,+13.336
6251.08,87,5,+22.001,+13.349
6254.765,87,5,+22.036,+13.359
6258.846,87,5,+22.011,+13.402
6264.533,87,5,+22.022,+13.349
6269.268,87,5,+22.100,+13.336
6273.371,87,5,+22.177,+13.396
6279.772,87,5,+22.280,+13.384
6285.291,87,5,+22.359,+13.473
6289.534,87,5,+22.421,+13.524
6294.126,87,5,+22.477,+13.714
6297.981,87,5,+22.561,+13.954
6306.471,87,5,+22.695,+14.081
6310.7,87,5,+22.751,+14.103
6311.667,87,5,+22.765,+14.101
6314.011,87,5,+22.788,+14.116
6315.502,87,5,+22.799,+14.130
6316.205,87,5,+22.802,+14.141
6320.418,87,5,+22.735,+14.242
6321.631,87,5,+22.718,+14.287
6323.885,87,5,+22.603,+14.241
6329.013,87,5,+22.830,+14.287
6334.435,87,5,+22.826,+14.173
6338.029,87,5,+22.957,+14.260
6341.717,87,5,+23.082,+14.288
6348.81,87,5,+23.180,+14.298
6352.58,87,5,+23.251,+14.310
6356.7,87,5,+23.283,+14.343
6362.5,87,5,+23.422,+14.531
6367.162,87,5,+23.466,+14.484
6371.241,87,5,+23.482,+14.492
6377.62,87,5,+23.648,+14.541
6383.14,87,5,+23.741,+14.680
6387.418,87,5,+23.781,+14.711
6392.027,87,5,+23.847,+14.874
6395.871,87,5,+23.967,+15.064
6404.293,87,5,+24.130,+15.149
6408.525,87,5,+24.162,+15.134
6409.481,87,5,+24.155,+15.126
6411.734,87,5,+24.113,+15.073
6413.156,87,5,+24.109,+15.059
6413.894,87,5,+24.105,+15.054
6418.096,87,5,+24.014,+15.018
6419.299,87,5,+23.994,+15.030
6421.455,87,5,+23.871,+14.947
6426.518,87,5,+24.121,+15.040
6432.018,87,5,+24.184,+14.994
6435.487,87,5,+24.247,+14.958
6439.142,87,5,+24.322,+14.984
6446.213,87,5,+24.397,+14.960
6449.931,87,5,+24.434,+14.940
6454.041,87,5,+24.421,+14.945
6459.681,87,5,+24.424,+14.960
6464.385,87,5,+24.482,+14.895
6468.494,87,5,+24.581,+14.994
6475.038,87,5,+24.742,+15.009
6480.413,87,5,+24.829,+15.185
6484.647,87,5,+24.888,+15.211
6489.256,87,5,+24.963,+15.407
6493.128,87,5,+25.105,+15.681
6501.597,87,5,+25.274,+15.765
6505.818,87,5,+25.314,+15.734
6506.755,87,5,+25.307,+15.731
6509.033,87,5,+25.230,+15.660
6510.448,87,5,+25.218,+15.643
6511.192,87,5,+25.215,+15.645
6515.433,87,5,+25.181,+15.750
6516.638,87,5,+25.180,+15.803
6518.846,87,5,+25.086,+15.728
6523.939,87,5,+25.342,+15.828
6529.444,87,5,+25.422,+15.798
6532.929,87,5,+25.500,+15.772
6536.6,87,5,+25.607,+15.852
6543.757,87,5,+25.728,+15.939
6547.491,87,5,+25.768,+15.959
6551.585,87,5,+25.806,+15.983
6557.206,87,5,+25.901,+16.026
6561.939,87,5,+25.931,+16.004
6566.039,87,5,+26.009,+16.096
6572.461,87,5,+26.187,+16.271
6577.961,87,5,+26.246,+16.364
6582.242,87,5,+26.340,+16.416
6586.805,87,5,+26.394,+16.558
6590.711,87,5,+26.464,+16.741
6599.131,87,5,+26.669,+16.849
6603.361,87,5,+26.725,+16.801
6604.31,87,5,+26.715,+16.791
6606.592,87,5,+26.694,+16.746
6607.947,87,5,+26.694,+16.736
6608.731,87,5,+26.690,+16.732
6612.986,87,5,+26.593,+16.717
6614.179,87,5,+26.575,+16.740
6616.381,87,5,+26.523,+16.697
6621.536,87,5,+26.791,+16.906
6626.946,87,5,+26.901,+16.841
6630.471,87,5,+27.016,+16.884
6634.134,87,5,+27.101,+16.952
6641.231,87,5,+27.196,+16.947
6644.966,87,5,+27.245,+16.954
6649.059,87,5,+27.297,+17.002
6654.765,87,5,+27.403,+17.070
6659.536,87,5,+27.529,+17.059
6663.665,87,5,+27.632,+17.147
6670.144,87,5,+27.874,+17.259
6675.637,87,5,+27.928,+17.293
6679.871,87,5,+28.000,+17.336
6684.48,87,5,+28.066,+17.523
6688.334,87,5,+28.174,+17.768
6696.749,87,5,+28.385,+17.832
6700.881,87,5,+28.318,+17.698
6701.807,87,5,+28.300,+17.703
6704.098,87,5,+28.225,+17.626
6705.501,87,5,+28.213,+17.611
6706.235,87,5,+28.203,+17.599
6710.469,87,5,+28.098,+17.520
6711.673,87,5,+28.081,+17.521
6713.891,87,5,+28.012,+17.438
6718.923,87,5,+28.156,+17.573
6724.376,87,5,+28.072,+17.597
6727.892,87,5,+28.151,+17.598
6731.579,87,5,+28.248,+17.648
6738.641,87,5,+28.277,+17.640
6742.376,87,5,+28.326,+17.653
6746.488,87,5,+28.371,+17.686
6752.104,87,5,+28.365,+17.727
6756.827,87,5,+28.412,+17.716
6760.95,87,5,+28.467,+17.763
6768.66,87,5,+28.591,+17.829
6772.754,87,5,+28.594,+17.904
6777.039,87,5,+28.662,+17.949
6781.636,87,5,+28.736,+18.145
6785.501,87,5,+28.845,+18.424
6793.934,87,5,+29.051,+18.534
6798.156,87,5,+29.114,+18.497
6799.108,87,5,+29.089,+18.450
6801.346,87,5,+29.036,+18.377
6802.774,87,5,+29.029,+18.363
6803.512,87,5,+29.027,+18.370
6807.838,87,5,+29.006,+18.545
6809.043,87,5,+29.010,+18.618
6811.356,87,5,+29.068,+18.601
6816.359,87,5,+29.191,+18.596
6821.827,87,5,+29.231,+18.437
6825.346,87,5,+29.344,+18.439
6828.981,87,5,+29.403,+18.437
6836.044,87,5,+29.451,+18.429
6839.747,87,5,+29.481,+18.440
6843.809,87,5,+29.503,+18.473
6849.451,87,5,+29.493,+18.491
6854.122,87,5,+29.560,+18.489
6858.271,87,5,+29.674,+18.565
6864.765,87,5,+29.870,+18.678
6870.182,87,5,+29.943,+18.680
6874.416,87,5,+30.015,+18.714
6878.995,87,5,+30.078,+18.855
6882.854,87,5,+30.194,+19.013
6891.332,87,5,+30.383,+19.076
6895.516,87,5,+30.457,+19.058
6896.469,87,5,+30.472,+19.064
6898.76,87,5,+30.414,+19.030
6900.187,87,5,+30.407,+19.021
6900.901,87,5,+30.401,+19.013
6905.144,87,5,+30.302,+18.937
6906.347,87,5,+30.284,+18.935
6908.582,87,5,+30.260,+18.874
6913.613,87,5,+30.384,+19.208
6919.128,87,5,+30.470,+18.992
6922.628,87,5,+30.530,+18.975
6926.222,87,5,+30.566,+18.991
6933.3,87,5,+30.567,+19.023
6937.035,87,5,+30.606,+19.038
6941.135,87,5,+30.656,+19.057
6946.751,87,5,+30.766,+19.080
6951.483,87,5,+30.844,+19.085
6955.513,87,5,+30.887,+19.130
6961.915,87,5,+31.023,+19.211
6967.399,87,5,+31.084,+19.243
6971.66,87,5,+31.161,+20.339
6976.299,87,5,+31.252,+20.362
6980.145,87,5,+31.378,+20.403
6988.734,87,5,+31.709,+19.686
6992.951,87,5,+31.787,+19.118
6993.873,87,5,+31.766,+18.978
6996.16,87,5,+31.774,+18.807
6997.569,87,5,+31.783,+18.784
6998.316,87,5,+31.784,+18.789
7002.644,87,5,+31.774,+19.011
7003.878,87,5,+31.780,+19.097
7006.097,87,5,+31.749,+19.097
7011.238,87,5,+31.944,+18.924
7016.597,87,5,+31.964,+18.749
7020.144,87,5,+32.048,+18.828
7023.785,87,5,+32.100,+18.737
7030.894,87,5,+32.224,+18.616
7034.613,87,5,+32.279,+18.625
7038.732,87,5,+32.322,+18.650
7044.354,87,5,+32.422,+18.660
7049.01,87,5,+32.447,+18.657
7053.057,87,5,+32.483,+18.599
7059.501,87,5,+32.557,+18.654
7064.982,87,5,+32.669,+18.738
7069.242,87,5,+32.748,+18.799
7073.804,87,5,+32.819,+19.012
7077.701,87,5,+32.958,+19.341
7086.173,87,5,+33.154,+19.097
7090.403,87,5,+33.227,+19.110
7091.383,87,5,+33.267,+19.126
7093.648,87,5,+33.251,+19.119
7095.035,87,5,+33.253,+19.073
7095.848,87,5,+33.250,+19.022
7100.047,87,5,+33.164,+18.683
7101.211,87,5,+33.149,+18.633
7103.429,87,5,+33.123,+18.549
7108.461,87,5,+33.172,+18.806
7113.874,87,5,+33.220,+18.646
7117.403,87,5,+33.283,+18.679
7121.081,87,5,+33.393,+18.762
7128.356,87,5,+33.612,+18.893
7132.072,87,5,+33.640,+18.896
7136.151,87,5,+33.665,+18.926
7141.792,87,5,+33.747,+18.988
7146.417,87,5,+33.789,+18.930
7150.479,87,5,+33.843,+18.937
7156.854,87,5,+33.957,+18.936
7162.292,87,5,+34.027,+19.067
7166.51,87,5,+34.062,+19.081
7171.104,87,5,+34.142,+19.274
7174.963,87,5,+34.295,+19.497
7183.463,87,5,+34.281,+19.486
7187.666,87,5,+34.350,+19.449
7188.572,87,5,+34.366,+19.462
7190.915,87,5,+34.340,+19.484
7192.312,87,5,+34.339,+19.491
7193.06,87,5,+34.333,+19.497
7197.254,87,5,+34.239,+19.574
7198.46,87,5,+34.222,+19.613
7200.655,87,5,+34.210,+19.572
7205.701,87,5,+34.435,+19.782
7211.107,87,5,+34.478,+19.536
7214.67,87,5,+34.584,+19.569
7218.357,87,5,+34.704,+19.636
7225.497,87,5,+34.854,+19.583
7229.193,87,5,+34.892,+19.604
7233.259,87,5,+34.929,+19.662
7238.858,87,5,+35.011,+19.597
7243.546,87,5,+35.101,+19.573
7247.655,87,5,+35.185,+19.582
7254.061,87,5,+35.355,+19.543
7259.481,87,5,+35.435,+19.616
7263.735,87,5,+35.515,+19.691
7268.323,87,5,+35.590,+19.843
7272.187,87,5,+35.750,+20.010
7280.652,87,5,+35.945,+19.949
7284.869,87,5,+36.006,+19.914
7285.795,87,5,+36.029,+19.948
7288.139,87,5,+36.028,+19.952
7289.515,87,5,+36.033,+19.957
7290.277,87,5,+36.029,+19.960
7294.462,87,5,+35.963,+19.978
7295.658,87,5,+35.960,+20.003
7297.858,87,5,+35.964,+19.922
7302.902,87,5,+36.157,+20.021
7308.294,87,5,+36.181,+19.850
7311.845,87,5,+36.242,+19.881
7315.528,87,5,+36.323,+19.984
7322.621,87,5,+36.404,+19.862
7326.322,87,5,+36.445,+19.913
7330.384,87,5,+36.474,+19.976
7336.003,87,5,+36.592,+19.913
7340.628,87,5,+36.621,+19.847
7344.705,87,5,+36.676,+19.909
7351.089,87,5,+36.778,+19.839
7356.557,87,5,+36.911,+20.015
7360.801,87,5,+36.988,+20.676
7365.358,87,5,+37.089,+20.688
7369.259,87,5,+37.278,+20.698
7377.749,87,5,+37.505,+20.186
7381.966,87,5,+37.575,+20.031
7382.866,87,5,+37.588,+20.008
7385.161,87,5,+37.572,+20.020
7386.547,87,5,+37.580,+20.022
7387.321,87,5,+37.578,+19.465
7391.503,87,5,+37.522,+19.850
7392.751,87,5,+37.522,+19.809
7394.867,87,5,+37.473,+19.622
7399.895,87,5,+37.706,+19.577
7405.341,87,5,+37.642,+19.404
7408.86,87,5,+37.687,+19.429
7412.516,87,5,+37.776,+19.508
7419.611,87,5,+37.852,+19.275
7423.382,87,5,+37.903,+19.344
7427.457,87,5,+37.949,+19.239
7433.135,87,5,+37.994,+19.158
7437.735,87,5,+37.979,+18.975
7441.837,87,5,+38.036,+18.869
7448.113,87,5,+37.977,+18.715
7453.636,87,5,+37.862,+18.730
7457.864,87,5,+37.916,+18.771
7462.442,87,5,+38.092,+18.769
7466.367,87,5,+38.424,+18.823
7474.902,87,5,+38.669,+18.918
7479.072,87,5,+38.698,+18.905
7480.002,87,5,+38.669,+18.908
7482.284,87,5,+38.590,+18.887
7483.701,87,5,+38.583,+18.898
7484.461,87,5,+38.581,+18.907
7488.683,87,5,+38.518,+18.984
7489.867,87,5,+38.508,+19.021
7492.034,87,5,+38.481,+18.906
7497.011,87,5,+38.641,+19.073
7502.435,87,5,+38.624,+18.876
7505.961,87,5,+38.674,+18.880
7509.667,87,5,+38.726,+18.833
7516.649,87,5,+38.824,+18.736
7520.407,87,5,+38.915,+18.778
7524.472,87,5,+38.992,+18.867
7530.092,87,5,+39.132,+18.892
7534.761,87,5,+39.129,+18.833
7538.808,87,5,+39.171,+18.860
7545.188,87,5,+39.255,+18.857
7550.732,87,5,+39.385,+18.882
7554.974,87,5,+39.460,+18.924
7559.537,87,5,+39.666,+19.039
7563.427,87,5,+39.937,+19.156
7571.935,87,5,+40.250,+19.127
7576.122,87,5,+40.295,+19.084
7577.073,87,5,+40.288,+19.096
7579.34,87,5,+40.268,+19.102
7580.749,87,5,+40.270,+19.101
7581.506,87,5,+40.267,+19.096
7585.703,87,5,+40.200,+19.003
7586.858,87,5,+40.196,+18.986
7588.999,87,5,+40.130,+18.873
7593.968,87,5,+40.313,+19.087
7599.513,87,5,+40.357,+18.982
7602.987,87,5,+40.405,+18.984
7606.605,87,5,+40.462,+19.011
7613.717,87,5,+40.593,+19.033
7617.422,87,5,+40.639,+19.026
7621.499,87,5,+40.696,+19.051
7627.151,87,5,+40.778,+19.119
7631.851,87,5,+40.808,+19.144
7635.902,87,5,+40.844,+19.148
7642.273,87,5,+40.864,+19.156
7647.765,87,5,+40.969,+19.100
7652.012,87,5,+41.029,+19.145
7656.602,87,5,+41.141,+19.190
7660.499,87,5,+41.373,+19.259
7669.023,87,5,+41.491,+19.331
7673.209,87,5,+41.556,+19.344
7674.167,87,5,+41.550,+19.377
7676.938,87,5,+41.957,+19.894
7678.433,87,5,+42.025,+19.982
7679.219,87,5,+42.049,+20.013
7683.549,87,5,+42.139,+20.205
7684.766,87,5,+42.175,+20.264
7686.985,87,5,+42.191,+20.342
7692.006,87,5,+42.438,+20.673
7697.562,87,5,+42.405,+20.486
7701.073,87,5,+42.514,+20.553
7704.655,87,5,+42.551,+20.486
7711.677,87,5,+42.546,+20.414
7715.404,87,5,+42.579,+20.432
7719.502,87,5,+42.631,+20.481
7725.073,87,5,+42.638,+20.533
7729.761,87,5,+42.638,+20.499
7733.804,87,5,+42.664,+20.496
7740.273,87,5,+42.698,+20.460
7745.677,87,5,+42.660,+20.514
7749.883,87,5,+42.729,+20.554
7754.463,87,5,+42.878,+20.549
7758.334,87,5,+43.168,+20.561
7766.801,87,5,+43.331,+20.620
7771.025,87,5,+43.385,+20.590
7771.957,87,5,+43.392,+20.648
7774.273,87,5,+43.327,+20.652
7775.668,87,5,+43.324,+20.647
7776.436,87,5,+43.327,+20.643
7780.605,87,5,+43.288,+20.565
7781.783,87,5,+43.279,+20.549
7783.932,87,5,+43.107,+20.513
7789.003,87,5,+43.343,+20.830
7794.435,87,5,+43.420,+20.709
7797.982,87,5,+43.505,+20.690
7801.576,87,5,+43.571,+20.602
7808.686,87,5,+43.764,+20.664
7812.403,87,5,+43.816,+20.676
7816.514,87,5,+43.874,+20.715
7822.105,87,5,+44.022,+20.792
7826.808,87,5,+44.095,+20.793
7830.92,87,5,+44.173,+20.802
7837.288,87,5,+44.414,+20.895
7842.861,87,5,+44.561,+20.971
7847.105,87,5,+44.627,+21.016
7851.673,87,5,+44.799,+21.040
7855.567,87,5,+45.010,+21.091
7864.133,87,5,+45.308,+21.234
7868.365,87,5,+45.399,+21.288
7869.334,87,5,+45.406,+21.339
7871.678,87,5,+45.400,+21.393
7873.053,87,5,+45.412,+21.407
7873.865,87,5,+45.411,+21.410
7878.037,87,5,+45.323,+21.392
7879.224,87,5,+45.302,+21.397
7881.396,87,5,+45.287,+21.459
7886.436,87,5,+45.500,+21.761
7891.817,87,5,+45.515,+21.528
7895.335,87,5,+45.618,+21.515
7898.948,87,5,+45.688,+21.493
7906.09,87,5,+45.854,+21.478
7909.821,87,5,+45.895,+21.423
7913.921,87,5,+45.933,+21.442
7919.505,87,5,+46.029,+21.497
7924.233,87,5,+46.127,+21.483
7928.334,87,5,+46.184,+21.574
7934.725,87,5,+46.397,+21.324
7940.245,87,5,+46.568,+21.301
7944.457,87,5,+46.636,+21.285
7949.053,87,5,+46.692,+21.293
7952.923,87,5,+46.793,+21.316
7961.484,87,5,+47.017,+21.355
7965.658,87,5,+47.066,+21.345
7966.614,87,5,+47.101,+21.382
7968.909,87,5,+47.108,+21.412
7970.303,87,5,+47.116,+21.416
7971.076,87,5,+47.115,+21.418
7975.273,87,5,+47.035,+21.421
7976.467,87,5,+47.019,+21.430
7978.649,87,5,+47.019,+21.460
7983.596,87,5,+47.223,+21.679
7989.055,87,5,+47.337,+21.646
7992.602,87,5,+47.405,+21.706
7996.228,87,5,+47.504,+21.749
8003.399,87,5,+47.750,+21.853
8007.118,87,5,+47.790,+21.835
8011.227,87,5,+47.838,+21.855
8016.852,87,5,+48.017,+21.953
8021.555,87,5,+48.101,+22.001
8025.618,87,5,+48.163,+21.995
8032.056,87,5,+48.420,+22.117
8037.503,87,5,+48.473,+22.091
8041.736,87,5,+48.520,+22.145
8046.303,87,5,+48.581,+22.151
8050.178,87,5,+48.709,+22.158
8058.693,87,5,+48.976,+22.290
8062.912,87,5,+49.087,+22.320
8063.897,87,5,+49.132,+22.386
8066.225,87,5,+49.134,+22.437
8067.678,87,5,+49.136,+22.448
8068.35,87,5,+49.134,+22.448
8072.553,87,5,+49.055,+22.409
8073.709,87,5,+49.036,+22.407
8075.866,87,5,+48.985,+22.420
8080.897,87,5,+49.177,+22.574
8086.334,87,5,+49.234,+22.440
8089.928,87,5,+49.301,+22.484
8093.475,87,5,+49.348,+22.475
8100.568,87,5,+49.527,+22.534
8104.318,87,5,+49.653,+22.544
8108.412,87,5,+49.799,+22.558
8114.006,87,5,+49.939,+22.572
8118.615,87,5,+49.925,+22.465
8122.631,87,5,+49.908,+22.486
8128.99,87,5,+49.992,+22.461
8134.493,87,5,+50.138,+22.428
8138.725,87,5,+50.210,+22.507
8143.35,87,5,+50.261,+22.635
8147.147,87,5,+50.320,+22.803
8155.615,87,5,+50.438,+22.931
8159.787,87,5,+50.499,+22.955
8160.74,87,5,+50.504,+22.999
8163.006,87,5,+50.451,+23.040
8164.397,87,5,+50.445,+23.047
8165.209,87,5,+50.438,+23.049
8169.35,87,5,+50.312,+23.058
8170.537,87,5,+50.283,+23.065
8172.694,87,5,+50.267,+23.070
8177.569,87,5,+50.300,+23.313
8183.147,87,5,+50.482,+23.220
8186.662,87,5,+50.584,+23.295
8190.288,87,5,+50.616,+23.337
8197.384,87,5,+50.802,+23.448
8201.107,87,5,+50.905,+23.449
8205.192,87,5,+51.122,+23.495
8210.822,87,5,+51.270,+23.569
8215.484,87,5,+51.345,+23.591
8219.536,87,5,+51.362,+23.591
8225.904,87,5,+51.454,+23.601
8231.64,87,5,+51.822,+23.833
8235.917,87,5,+51.931,+23.918
8240.523,87,5,+51.962,+23.890
8244.314,87,5,+51.977,+23.828
8252.788,87,5,+51.952,+23.911
8256.988,87,5,+51.994,+23.918
8257.988,87,5,+52.019,+24.003
8260.269,87,5,+51.995,+24.062
8261.674,87,5,+51.985,+24.067
8262.408,87,5,+51.970,+24.059
8266.55,87,5,+51.785,+23.915
8267.749,87,5,+51.736,+23.868
8269.905,87,5,+51.747,+23.906
8274.824,87,5,+51.867,+23.993
8280.374,87,5,+52.042,+24.109
8283.962,87,5,+52.101,+24.206
8287.534,87,5,+52.146,+24.227
8294.817,87,5,+52.454,+24.431
8298.495,87,5,+52.549,+24.418
8302.534,87,5,+52.641,+24.388
8308.406,87,5,+53.086,+24.869
8313.191,87,5,+53.226,+24.943
8317.24,87,5,+53.244,+24.939
8323.723,87,5,+53.483,+25.126
8329.195,87,5,+53.567,+25.054
8333.423,87,5,+53.636,+25.109
8337.996,87,5,+53.710,+25.114
8341.919,87,5,+53.803,+25.117
8350.391,87,5,+53.955,+25.174
8354.61,87,5,+54.033,+25.198
8355.563,87,5,+54.068,+25.254
8357.891,87,5,+54.070,+25.340
8359.281,87,5,+54.083,+25.363
8360.063,87,5,+54.089,+25.370
8364.328,87,5,+54.114,+25.407
8365.531,87,5,+54.134,+25.428
8367.75,87,5,+54.209,+25.506
8372.766,87,5,+54.286,+25.795
8378.266,87,5,+54.386,+25.670
8381.75,87,5,+54.462,+25.684
8385.313,87,5,+54.482,+25.651
8392.407,87,5,+54.583,+25.656
8396.094,87,5,+54.686,+25.660
8400.172,87,5,+54.835,+25.682
8405.719,87,5,+54.902,+25.750
8410.36,87,5,+54.894,+25.722
8414.391,87,5,+54.888,+25.703
8420.703,87,5,+54.916,+25.749
8426.227,87,5,+54.893,+25.666
8430.475,87,5,+54.855,+25.708
8435.022,87,5,+54.946,+25.716
8438.944,87,5,+55.152,+25.740
8447.475,87,5,+55.386,+25.812
8451.683,87,5,+55.462,+25.811
8452.637,87,5,+55.471,+25.874
8454.884,87,5,+55.429,+25.953
8456.314,87,5,+55.422,+25.968
8457.052,87,5,+55.419,+25.972
8461.235,87,5,+55.360,+25.967
8462.404,87,5,+55.356,+25.970
8464.549,87,5,+55.321,+25.965
8469.508,87,5,+55.479,+26.132
8474.9,87,5,+55.417,+26.021
8478.434,87,5,+55.434,+26.076
8482.012,87,5,+55.477,+26.079
8489.086,87,5,+55.591,+26.160
8492.835,87,5,+55.720,+26.173
8496.96,87,5,+55.871,+26.205
8502.449,87,5,+55.839,+26.293
8507.107,87,5,+55.686,+26.277
8511.138,87,5,+55.664,+26.293
8517.57,87,5,+55.803,+26.376
8523.069,87,5,+55.773,+26.248
8527.266,87,5,+55.823,+26.298
8531.887,87,5,+55.878,+26.304
8535.768,87,5,+55.952,+26.314
8544.311,87,5,+56.203,+25.930
8548.488,87,5,+56.267,+25.985
8549.426,87,5,+56.281,+25.994
8551.707,87,5,+56.243,+26.042
8553.113,87,5,+56.240,+26.055
8553.863,87,5,+56.233,+26.053
8558.051,87,5,+56.111,+25.943
8559.254,87,5,+56.084,+25.913
8561.379,87,5,+56.068,+25.841
8566.332,87,5,+56.100,+26.068
8571.786,87,5,+56.233,+26.086
8575.301,87,5,+56.280,+26.089
8578.957,87,5,+56.377,+26.126
8586.082,87,5,+56.553,+26.137
8589.786,87,5,+56.670,+26.116
8593.863,87,5,+56.816,+26.122
8599.459,87,5,+56.949,+26.224
8604.116,87,5,+57.016,+26.262
8608.147,87,5,+57.049,+26.332
8614.523,87,5,+57.227,+26.468
8620.039,87,5,+57.350,+26.435
8624.245,87,5,+57.418,+26.471
8628.81,87,5,+57.449,+26.471
8632.668,87,5,+57.480,+26.465
8641.131,87,5,+57.739,+26.464
8645.291,87,5,+57.774,+26.430
8646.213,87,5,+57.762,+26.440
8648.486,87,5,+57.733,+26.483
8649.914,87,5,+57.741,+26.501
8650.666,87,5,+57.736,+26.507
8654.842,87,5,+57.606,+26.551
8656.023,87,5,+57.575,+26.567
8658.195,87,5,+57.552,+26.589
8662.976,87,5,+57.582,+26.654
8668.476,87,5,+57.693,+26.645
8672.038,87,5,+57.787,+26.710
8675.642,87,5,+57.822,+26.700
8682.741,87,5,+57.972,+26.673
8686.429,87,5,+58.078,+26.672
8690.484,87,5,+58.240,+26.669
8696.05,87,5,+58.398,+26.809
8700.697,87,5,+58.465,+26.829
8704.706,87,5,+58.468,+26.782
8711.05,87,5,+58.639,+26.673
8716.584,87,5,+58.770,+26.742
8720.814,87,5,+58.845,+26.809
8725.369,87,5,+58.873,+26.793
8729.221,87,5,+58.897,+26.761
8737.749,87,5,+57.053,+26.827
8741.951,87,5,+57.178,+26.800
8742.907,87,5,+57.082,+26.812
8745.169,87,5,+56.918,+26.855
8746.609,87,5,+56.901,+26.868
8747.343,87,5,+56.886,+26.867
8751.504,87,5,+56.719,+26.794
8752.739,87,5,+56.681,+26.775
8754.817,87,5,+56.519,+26.750
8759.688,87,5,+56.519,+26.973
8765.285,87,5,+56.705,+26.987
8768.804,87,5,+56.781,+27.082
8772.417,87,5,+56.824,+27.090
8779.541,87,5,+56.974,+27.145
8783.228,87,5,+57.079,+27.129
8787.324,87,5,+57.084,+27.143
8792.814,87,5,+57.077,+27.240
8797.475,87,5,+57.128,+27.227
8801.477,87,5,+57.130,+27.216
8807.864,87,5,+57.289,+27.327
8813.405,87,5,+57.431,+27.266
8817.608,87,5,+57.493,+27.305
8822.151,87,5,+57.532,+27.306
8826.008,87,5,+57.576,+27.300
8834.563,87,5,+57.689,+27.303
8838.734,87,5,+57.693,+27.288
8839.677,87,5,+57.636,+27.349
8841.963,87,5,+57.523,+27.418
8843.361,87,5,+57.511,+27.435
8844.094,87,5,+57.498,+27.442
8848.292,87,5,+57.337,+27.482
8849.463,87,5,+57.295,+27.495
8851.577,87,5,+57.162,+27.487
8856.513,87,5,+57.075,+27.629
8861.995,87,5,+57.208,+27.575
8865.55,87,5,+57.273,+27.720
8869.138,87,5,+57.318,+27.775
8876.332,87,5,+57.486,+27.822
8880.005,87,5,+57.585,+27.798
8884.087,87,5,+57.540,+27.808
8889.677,87,5,+57.637,+27.955
8894.285,87,5,+57.625,+27.945
8898.301,87,5,+57.604,+27.931
8904.685,87,5,+57.754,+28.065
8910.226,87,5,+57.847,+27.999
8914.439,87,5,+57.888,+27.978
8918.94,87,5,+57.901,+27.930
8922.752,87,5,+57.922,+27.865
8931.236,87,5,+57.960,+27.839
8935.377,87,5,+57.978,+27.856
8936.283,87,5,+57.929,+27.918
8938.611,87,5,+57.803,+27.947
8940.033,87,5,+57.783,+27.956
8940.767,87,5,+57.768,+27.956
8944.924,87,5,+57.605,+27.909
8946.095,87,5,+57.563,+27.896
8948.236,87,5,+57.485,+27.898
8953.142,87,5,+57.590,+28.073
8958.689,87,5,+57.703,+28.031
8962.111,87,5,+57.700,+28.067
8965.642,87,5,+57.682,+28.055
8972.797,87,5,+57.856,+28.140
8976.505,87,5,+57.980,+28.155
8980.526,87,5,+57.893,+28.163
8986.138,87,5,+57.955,+28.327
8990.838,87,5,+58.042,+28.364
8994.776,87,5,+57.957,+28.327
9001.185,87,5,+58.149,+28.447
9006.629,87,5,+58.117,+28.354
9010.885,87,5,+58.176,+28.394
9015.369,87,5,+58.194,+28.360
9019.052,87,5,+58.047,+28.149
9027.623,87,5,+58.079,+28.242
9031.607,87,5,+57.816,+28.055
9032.622,87,5,+57.757,+28.144
9034.926,87,5,+57.570,+28.253
9036.398,87,5,+57.394,+28.307
9037.196,87,5,+57.268,+28.374
13.093,27,11,,
3392.389,27,11,+1.866,+0.788
3392.856,27,12,+1.866,+0.788
3393.066,27,13,+1.866,+0.788
3393.194,27,14,+1.866,+0.788
3393.254,27,15,+1.866,+0.788
3393.496,27,16,+1.866,+0.788
3393.541,27,13,+1.866,+0.788
3393.596,27,14,+1.866,+0.788
3393.611,27,14,+1.882,+0.049
3396.49,27,15,+1.882,+0.049
3396.692,27,15,+2.388,+0.017
3402.296,27,16,+2.388,+0.017
3402.582,27,16,+3.269,+0.125
3409.236,27,15,+3.269,+0.125
3409.314,27,15,+4.557,+0.338
3413.068,27,15,+4.877,+0.395
3416.794,27,15,+5.034,+0.559
3424.491,27,16,+5.034,+0.559
3424.85,27,16,+5.832,+0.310
3428.544,27,16,+5.892,+0.436
3433.001,27,16,+6.240,+0.339
3439.485,27,16,+6.984,+0.251
3444.697,27,16,+7.647,+0.472
3448.826,27,16,+7.685,+0.419
3456.176,27,16,+8.481,+0.516
3461.442,27,16,+8.503,+0.476
3465.696,27,15,+8.503,+0.476
3465.792,27,15,+8.613,+0.404
3470.254,27,15,+8.473,+0.397
3473.723,27,15,+8.213,+0.373
3482.926,27,15,+9.020,+0.542
3487.277,27,15,+8.982,+0.527
3488.576,27,15,+9.076,+0.489
3490.861,27,15,+9.253,+0.399
3492.317,27,15,+9.276,+0.388
3493.052,27,15,+9.271,+0.384
3497.317,27,15,+9.070,+0.337
3498.283,27,15,+8.997,+0.311
3500.785,27,15,+8.944,+0.226
3506.411,27,15,+9.408,+0.237
3512.505,27,15,+9.721,+0.288
3515.929,27,15,+9.745,+0.274
3519.461,27,15,+9.496,+0.203
3527.239,27,15,+9.825,+0.250
3531.119,27,15,+9.875,+0.164
3535.426,27,15,+10.008,+0.163
3541.998,27,15,+10.625,+0.355
3546.892,27,15,+10.882,+0.371
3550.963,27,15,+10.792,+0.314
3557.996,27,15,+11.253,+0.372
3563.318,27,15,+11.330,+0.302
3567.734,27,15,+11.087,+0.308
3572.754,27,15,+11.070,+0.257
3575.495,27,15,+10.891,+0.212
3584.498,27,15,+11.494,+0.410
3588.843,27,15,+11.573,+0.374
3589.952,27,15,+11.699,+0.386
3592.444,27,15,+11.882,+0.397
3593.93,27,15,+11.920,+0.412
3594.674,27,15,+11.911,+0.417
3598.86,27,15,+11.636,+0.485
3599.951,27,15,+11.545,+0.491
3602.451,27,15,+11.585,+0.369
3607.896,27,15,+12.142,+0.284
3613.692,27,15,+12.311,+0.204
3617.183,27,15,+12.457,+0.202
3620.613,27,15,+12.266,+0.051
3628.213,27,14,+12.266,+0.051
3628.304,27,14,+12.635,+0.387
3632.077,27,14,+12.770,+0.292
3636.511,27,14,+12.928,+0.406
3642.698,27,14,+13.369,+0.452
3647.527,27,14,+13.673,+0.528
3651.599,27,14,+13.661,+0.362
3658.417,27,14,+13.996,+0.436
3663.869,27,14,+14.099,+0.295
3668.219,27,14,+14.223,+0.293
3672.646,27,14,+14.002,+0.111
3676.077,27,13,+14.002,+0.111
3676.172,27,13,+13.700,+1.587
3684.798,27,13,+13.799,+1.741
3689.073,27,13,+13.796,+1.742
3690.031,27,13,+13.822,+1.685
3692.376,27,13,+13.806,+1.569
3693.789,27,13,+13.813,+1.556
3694.606,27,13,+13.805,+1.558
3698.855,27,13,+13.639,+1.622
3700.046,27,13,+13.580,+1.651
3702.296,27,13,+13.541,+1.562
3707.476,27,13,+13.658,+1.311
3713.029,27,13,+13.679,+1.069
3716.654,27,13,+13.871,+1.120
3720.264,27,13,+13.869,+1.078
3727.702,27,13,+14.204,+1.036
3731.592,27,13,+14.361,+1.180
3735.905,27,13,+14.424,+1.293
3741.921,27,13,+14.733,+1.373
3746.749,27,13,+15.016,+1.383
3750.831,27,13,+15.069,+1.377
3757.472,27,13,+15.440,+1.463
3762.972,27,13,+15.534,+1.433
3767.269,27,13,+15.595,+1.442
3771.894,27,13,+15.628,+1.684
3775.694,27,13,+15.599,+1.956
3784.287,27,13,+15.800,+1.982
3788.537,27,13,+15.825,+1.938
3789.506,27,13,+15.833,+1.868
3791.865,27,13,+15.900,+1.858
3793.318,27,13,+15.931,+1.884
3794.099,27,13,+15.928,+1.895
3798.376,27,13,+15.777,+1.952
3799.541,27,13,+15.723,+1.970
3801.811,27,13,+15.661,+1.899
3806.996,27,13,+15.977,+1.651
3812.549,27,13,+15.907,+1.457
3816.174,27,13,+16.120,+1.501
3819.768,27,13,+16.111,+1.450
3827.189,27,13,+16.418,+1.452
3831.111,27,13,+16.570,+1.591
3835.33,27,13,+16.572,+1.642
3841.299,27,13,+16.843,+1.543
3846.127,27,13,+17.005,+1.492
3850.174,27,13,+17.007,+1.414
3856.877,27,13,+17.329,+1.439
3862.365,27,13,+17.364,+1.301
3866.616,27,13,+17.410,+1.283
3871.266,27,13,+17.440,+1.540
3875.018,27,13,+17.409,+1.871
3883.711,27,13,+17.536,+1.824
3887.802,27,13,+17.544,+1.733
3888.787,27,13,+17.580,+1.680
3891.177,27,13,+17.638,+1.636
3892.631,27,13,+17.660,+1.646
3893.365,27,13,+17.657,+1.655
3897.615,27,13,+17.513,+1.754
3898.829,27,13,+17.459,+1.789
3901.068,27,13,+17.398,+1.588
3906.219,27,13,+17.702,+1.414
3911.686,27,13,+17.746,+1.159
3915.33,27,13,+17.923,+1.225
3918.925,27,13,+17.909,+1.260
3926.19,27,13,+18.086,+1.111
3930.097,27,13,+18.228,+1.223
3934.347,27,13,+18.220,+1.134
3940.222,27,13,+18.444,+0.947
3945.05,27,13,+18.621,+0.853
3949.097,27,13,+18.649,+0.756
3955.731,27,13,+18.971,+0.649
3961.288,27,13,+19.091,+0.495
3965.598,27,13,+19.180,+0.518
3970.069,27,13,+19.062,+0.576
3973.66,27,13,+18.838,+0.618
3982.355,27,13,+19.120,+0.697
3986.544,27,13,+19.154,+0.719
3987.541,27,13,+19.199,+0.721
3989.892,27,13,+19.230,+0.683
3991.392,27,13,+19.257,+0.696
3992.141,27,13,+19.260,+0.699
3996.468,27,13,+19.194,+0.722
3997.677,27,13,+19.165,+0.734
4000.065,27,13,+19.130,+0.690
4005.255,27,13,+19.331,+0.460
4010.876,27,13,+19.462,+0.310
4014.413,27,13,+19.634,+0.368
4017.981,27,13,+19.562,+0.316
4025.34,27,13,+19.817,+0.273
4029.099,27,13,+19.879,+0.273
4033.444,27,13,+20.009,+0.332
4039.524,27,13,+20.339,+0.417
4044.469,27,13,+20.631,+0.398
4048.53,27,13,+20.632,+0.266
4055.218,27,13,+21.091,+0.348
4060.897,27,13,+21.254,+0.133
4065.201,27,13,+21.358,+0.118
4069.497,27,12,+21.358,+0.118
4069.577,27,12,+21.137,+1.945
4073.077,27,12,+20.872,+1.999
4081.765,27,12,+21.123,+2.047
4086.017,27,12,+21.161,+2.002
4086.983,27,12,+21.187,+1.934
4089.296,27,12,+21.227,+1.875
4090.89,27,12,+21.238,+1.875
4091.562,27,12,+21.238,+1.887
4095.858,27,12,+21.162,+2.034
4097.061,27,12,+21.126,+2.079
4099.376,27,12,+21.066,+1.953
4104.462,27,12,+21.247,+1.805
4110.021,27,12,+21.325,+1.694
4113.642,27,12,+21.509,+1.784
4117.284,27,12,+21.550,+1.788
4124.577,27,12,+21.751,+1.619
4128.437,27,12,+21.916,+1.766
4132.672,27,12,+21.944,+1.755
4138.562,27,12,+22.121,+1.458
4143.39,27,12,+22.284,+1.397
4147.468,27,12,+22.279,+1.354
4154.08,27,12,+22.547,+1.251
4159.558,27,12,+22.661,+1.126
4163.886,27,12,+22.734,+1.125
4168.449,27,12,+22.757,+1.342
4172.202,27,12,+22.701,+1.604
4180.844,27,12,+22.862,+1.641
4185.376,27,12,+22.866,+1.572
4186.01,27,12,+22.876,+1.504
4188.36,27,12,+22.938,+1.471
4189.766,27,12,+22.951,+1.473
4190.594,27,12,+22.943,+1.478
4194.829,27,12,+22.789,+1.538
4196.001,27,12,+22.730,+1.556
4198.25,27,12,+22.585,+1.421
4203.397,27,12,+22.859,+1.215
4208.893,27,12,+22.934,+1.030
4212.565,27,12,+23.049,+1.111
4216.144,27,12,+23.048,+1.091
4223.43,27,12,+23.249,+0.939
4227.286,27,12,+23.386,+1.062
4231.578,27,12,+23.487,+1.183
4237.61,27,12,+23.703,+0.894
4242.474,27,12,+23.876,+0.833
4246.555,27,12,+23.864,+0.731
4253.226,27,12,+24.144,+0.572
4258.711,27,12,+24.335,+0.624
4263.043,27,12,+24.416,+0.601
4267.469,27,12,+24.331,+0.747
4271.189,27,12,+24.177,+0.937
4279.928,27,12,+24.597,+0.972
4284.131,27,12,+24.581,+0.906
4285.084,27,12,+24.629,+1.044
4287.412,27,10,+24.629,+1.044
4287.49,27,10,+24.717,+1.033
4288.959,27,10,+24.747,+0.978
4289.74,27,10,+24.751,+0.932
4294.006,27,10,+24.662,+0.756
4295.178,27,10,+24.609,+0.703
4297.459,27,10,+24.575,+0.607
4302.6,27,10,+24.838,+0.587
4308.157,27,10,+24.894,+0.592
4311.747,27,10,+25.043,+0.678
4315.357,27,10,+25.020,+0.587
4322.662,27,10,+25.264,+0.619
4326.577,27,10,+25.398,+0.745
4330.842,27,10,+25.472,+0.882
4336.83,27,10,+25.700,+0.924
4341.677,27,10,+25.873,+0.902
4345.768,27,10,+25.872,+0.829
4353.265,27,10,+27.138,+1.286
4362.984,27,10,+31.339,+1.416
4368.312,27,10,+32.419,+1.519
4375.0,27,10,+34.577,+1.114
4380.812,27,10,+36.584,+1.352
4390.545,27,10,+36.608,+1.582
4396.577,27,10,+35.834,+1.204
4397.809,27,10,+36.203,+1.607
4400.582,27,9,+36.203,+1.607
4400.659,27,9,+36.203,+2.363
4402.44,27,9,+36.203,+2.477
4403.534,27,9,+31.889,+2.635
4409.362,27,8,+31.889,+2.635
4411.237,27,8,+15.328,+1.350
4414.534,27,8,+15.092,+1.453
4421.2,27,8,+13.669,+1.335
4428.816,27,8,+13.045,+0.879
4436.342,27,8,+14.466,+0.841
4441.667,27,8,+13.165,+1.669
4451.53,27,8,+12.197,+0.586
4455.694,27,8,+10.613,+0.647
4460.553,27,8,+8.698,+1.103
4470.016,27,8,+8.735,+1.585
4476.807,27,8,+8.564,+0.965
4481.973,27,8,+8.244,+0.867
4491.972,27,8,+8.723,+0.765
4499.531,27,8,+7.884,+0.597
4506.3,27,8,+8.566,+1.209
4513.28,27,8,+6.845,+1.022
4519.161,27,8,+6.726,+0.933
4533.878,27,8,+8.323,+1.101
4538.618,27,8,+7.911,+0.799
4539.915,27,8,+7.862,+0.644
4542.899,27,8,+6.991,+0.599
4544.649,27,8,+6.785,+0.609
4545.54,27,8,+6.665,+0.552
4551.577,27,8,+6.520,+0.985
4554.577,27,8,+7.379,+1.107
4558.368,27,8,+6.874,+1.351
4569.372,27,8,+7.461,+1.174
4578.714,27,8,+7.207,+1.098
4583.41,27,8,+6.971,+0.641
4587.592,27,8,+6.018,+0.479
4600.843,27,8,+8.473,+1.423
4605.015,27,8,+8.091,+1.122
4610.86,27,8,+6.393,+0.810
4619.719,27,8,+6.770,+1.183
4627.393,27,8,+7.965,+0.585
4632.256,27,8,+7.183,+0.376
4644.231,27,8,+9.647,+1.000
4651.477,27,8,+8.699,+1.369
4656.054,27,8,+7.326,+1.024
4662.383,27,8,+6.444,+1.499
4669.128,27,8,+6.888,+1.426
4683.162,27,8,+7.603,+1.436
4688.068,27,8,+7.690,+1.582
4689.169,27,8,+7.292,+1.671
4691.878,27,8,+5.985,+1.016
4695.189,27,8,+7.362,+1.153
4696.368,27,8,+7.612,+1.227
4702.268,27,8,+7.615,+2.023
4703.87,27,8,+7.464,+1.666
4708.2,27,8,+7.700,+1.660
4716.452,27,8,+7.113,+1.090
4722.652,27,8,+6.851,+0.849
4728.357,27,8,+7.138,+0.677
4732.413,27,8,+6.966,+0.598
4744.35,27,8,+8.041,+1.840
4748.35,27,8,+7.462,+1.651
4753.303,27,8,+6.078,+0.580
4763.928,27,8,+7.340,+1.855
4772.069,27,8,+7.614,+1.267
4777.209,27,8,+7.663,+0.455
4789.256,27,8,+8.612,+1.564
4796.475,27,8,+5.729,+1.147
4804.172,27,8,+4.360,+0.847
4812.356,27,8,+3.362,+0.592
4820.249,27,8,+3.702,+0.677
4831.643,27,8,+3.038,+0.448
4835.974,27,8,+2.731,+0.335
4837.208,27,8,+2.827,+0.357
4839.802,27,8,+2.745,+0.337
4841.224,27,8,+2.716,+0.344
4841.989,27,8,+2.699,+0.349
4846.052,27,8,+2.505,+0.378
4847.189,27,8,+2.426,+0.413
4849.702,27,8,+2.468,+0.422
4855.063,27,8,+2.693,+0.441
4860.987,27,8,+2.829,+0.478
4864.649,27,8,+3.066,+0.522
4868.198,27,8,+3.064,+0.500
4875.726,27,8,+3.147,+0.325
4879.53,27,8,+3.279,+0.451
4883.898,27,8,+3.349,+0.575
4890.101,27,8,+3.667,+0.520
4894.882,27,8,+3.733,+0.419
4898.913,27,8,+3.742,+0.335
4905.969,27,8,+4.272,+0.337
4911.478,27,8,+4.211,+0.349
4915.656,27,8,+4.260,+0.361
4920.069,27,8,+4.128,+0.357
4923.568,27,8,+3.841,+0.347
4932.538,27,8,+4.305,+0.337
4936.61,27,9,+4.305,+0.337
4936.953,27,9,+4.374,+0.226
4938.189,27,9,+4.572,+0.331
4940.682,27,9,+4.686,+0.404
4942.151,27,9,+4.696,+0.434
4942.916,27,9,+4.687,+0.434
4947.15,27,9,+4.512,+0.350
4948.293,27,9,+4.448,+0.333
4950.807,27,9,+4.542,+0.295
4956.119,27,9,+4.813,+0.472
4961.844,27,9,+4.792,+0.274
4965.278,27,9,+4.941,+0.416
4968.822,27,9,+4.889,+0.423
4976.475,27,9,+5.092,+0.334
4980.071,27,9,+5.160,+0.436
4984.269,27,9,+5.104,+0.449
4990.345,27,9,+5.253,+0.458
4995.131,27,9,+5.401,+0.433
4999.13,27,9,+5.340,+0.363
5005.933,27,9,+5.691,+0.441
5011.353,27,9,+5.722,+0.421
5015.626,27,9,+5.781,+0.486
5019.954,27,9,+5.538,+0.511
5023.345,27,9,+5.163,+0.508
5031.988,27,9,+5.333,+0.317
5036.363,27,9,+5.453,+0.292
5037.442,27,9,+5.562,+0.320
5039.913,27,9,+5.630,+0.318
5041.447,27,9,+5.648,+0.328
5042.109,27,9,+5.663,+0.343
5046.457,27,9,+5.765,+0.494
5047.663,27,9,+5.765,+0.533
5049.97,27,9,+5.831,+0.510
5055.198,27,9,+6.220,+0.449
5060.8,27,9,+6.336,+0.437
5064.319,27,9,+6.505,+0.475
5067.879,27,9,+6.454,+0.393
5075.296,27,9,+6.779,+0.457
5079.104,27,9,+6.911,+0.594
5083.323,27,9,+7.013,+0.713
5089.291,27,9,+7.253,+0.678
5094.057,27,9,+7.453,+0.676
5098.081,27,9,+7.401,+0.589
5104.732,27,9,+7.725,+0.574
5110.235,27,9,+7.888,+0.677
5114.548,27,9,+7.978,+0.710
5118.898,27,9,+7.762,+0.783
5122.418,27,9,+7.431,+0.716
5131.204,27,10,+7.431,+0.716
5131.669,27,10,+8.277,+0.415
5135.971,27,10,+8.405,+0.492
5137.041,27,10,+8.508,+0.523
5139.47,27,10,+8.579,+0.529
5140.923,27,10,+8.611,+0.557
5141.699,27,10,+8.625,+0.585
5145.854,27,11,+8.625,+0.585
5146.08,27,11,+8.615,+0.163
5147.283,27,11,+8.585,+0.242
5149.685,27,11,+8.713,+0.333
5155.06,27,11,+9.172,+0.492
5160.653,27,11,+9.380,+0.481
5164.232,27,11,+9.493,+0.543
5167.81,27,11,+9.503,+0.524
5175.19,27,11,+9.898,+0.727
5179.101,27,11,+10.069,+0.800
5183.353,27,11,+10.231,+0.851
5189.204,27,11,+10.307,+0.629
5194.015,27,11,+10.569,+0.621
5198.05,27,11,+10.597,+0.615
5204.613,27,11,+10.832,+0.613
5210.082,27,11,+10.959,+0.471
5214.331,27,11,+11.028,+0.496
5218.809,27,11,+10.968,+0.604
5222.414,27,11,+10.821,+0.657
5231.131,27,11,+11.202,+0.752
5235.306,27,11,+11.218,+0.749
5236.33,27,11,+11.264,+0.739
5238.726,27,11,+11.301,+0.722
5240.19,27,11,+11.312,+0.742
5240.937,27,11,+11.305,+0.759
5245.144,27,11,+11.140,+1.080
5246.337,27,11,+11.074,+1.068
5248.615,27,11,+11.033,+0.719
5253.814,27,11,+11.438,+0.552
5259.47,27,11,+11.604,+0.492
5263.064,27,11,+11.774,+0.529
5266.611,27,11,+11.755,+0.512
5274.048,27,11,+12.108,+0.580
5277.908,27,11,+12.270,+0.657
5282.135,27,11,+12.204,+0.610
5288.004,27,11,+12.275,+0.517
5292.88,27,11,+12.554,+0.517
5296.932,27,11,+12.532,+0.507
5303.544,27,11,+12.787,+0.439
5309.014,27,11,+12.925,+0.406
5313.303,27,11,+12.980,+0.390
5317.61,27,11,+12.772,+0.302
5321.079,27,11,+12.461,+0.161
5329.889,27,11,+12.882,+0.313
5334.134,27,11,+12.934,+0.345
5335.411,27,11,+13.005,+0.342
5337.571,27,11,+13.088,+0.372
5339.053,27,11,+13.116,+0.407
5339.799,27,11,+13.120,+0.423
5344.063,27,11,+13.031,+0.485
5345.251,27,11,+12.980,+0.488
5347.61,27,11,+13.019,+0.485
5352.61,27,11,+13.162,+0.395
5358.234,27,11,+13.376,+0.375
5361.882,27,11,+13.593,+0.412
5365.476,27,11,+13.574,+0.375
5372.879,27,11,+13.882,+0.433
5376.77,27,11,+14.042,+0.480
5380.98,27,11,+14.018,+0.445
5386.916,27,11,+14.160,+0.464
5391.785,27,11,+14.414,+0.461
5395.827,27,11,+14.402,+0.405
5402.379,27,11,+14.710,+0.413
5407.921,27,11,+14.850,+0.366
5412.171,27,11,+14.912,+0.390
5416.483,27,11,+14.684,+0.210
5419.827,27,10,+14.684,+0.210
5419.921,27,10,+14.330,+2.049
5428.424,27,10,+14.572,+1.915
5432.686,27,10,+14.643,+1.853
5433.632,27,10,+14.657,+1.740
5435.971,27,10,+14.668,+1.668
5437.433,27,10,+14.680,+1.648
5438.209,27,10,+14.686,+1.630
5442.501,27,10,+14.666,+1.558
5443.719,27,10,+14.639,+1.541
5446.037,27,10,+14.682,+1.396
5451.035,27,10,+14.906,+1.398
5456.701,27,10,+14.995,+0.684
5460.243,27,10,+15.140,+0.734
5463.879,27,10,+15.190,+0.806
5471.218,27,10,+15.390,+0.696
5475.144,27,10,+15.555,+0.866
5479.27,27,10,+15.635,+0.926
5485.063,27,10,+15.666,+0.742
5489.879,27,10,+15.833,+0.729
5493.982,27,10,+15.856,+0.777
5500.454,27,10,+16.045,+0.806
5505.971,27,10,+16.152,+0.844
5510.256,27,10,+16.236,+0.870
5514.878,27,10,+16.312,+1.125
5518.628,27,10,+16.297,+1.354
5527.289,27,10,+16.631,+1.355
5531.524,27,10,+16.688,+1.344
5532.519,27,10,+16.742,+1.303
5534.832,27,10,+16.748,+1.241
5536.28,27,10,+16.750,+1.238
5536.999,27,10,+16.748,+1.240
5541.268,27,10,+16.685,+1.222
5542.47,27,10,+16.646,+1.210
5544.695,27,10,+16.581,+1.186
5549.851,27,10,+16.744,+1.030
5555.351,27,10,+16.861,+0.905
5558.992,27,10,+17.029,+1.031
5562.601,27,10,+17.053,+1.123
5569.851,27,10,+17.247,+1.073
5573.71,27,10,+17.396,+1.245
5577.898,27,10,+17.466,+1.304
5583.68,27,10,+17.452,+0.974
5588.515,27,10,+17.651,+0.927
5592.544,27,10,+17.640,+0.936
5599.206,27,10,+18.036,+0.832
5604.6,27,10,+17.965,+0.675
5608.836,27,10,+17.992,+0.710
5613.37,27,10,+17.980,+0.978
5617.079,27,10,+17.883,+1.273
5625.7,27,10,+18.170,+1.224
5629.893,27,10,+18.170,+1.107
5630.88,27,10,+18.195,+0.877
5633.247,27,10,+18.217,+0.631
5634.696,27,10,+18.223,+0.514
5635.399,27,10,+18.213,+0.426
5639.438,27,9,+18.213,+0.426
5639.513,27,9,+17.966,+0.356
5640.696,27,9,+17.915,+0.292
5643.065,27,9,+17.988,+0.271
5648.138,27,9,+18.197,+0.415
5653.944,27,9,+18.409,+0.474
5657.474,27,9,+18.525,+0.602
5661.058,27,9,+18.542,+0.495
5668.41,27,9,+18.874,+0.619
5672.285,27,9,+19.043,+0.769
5676.473,27,9,+19.103,+0.887
5682.332,27,9,+19.335,+0.832
5687.16,27,9,+19.513,+0.859
5691.254,27,9,+19.512,+0.784
5697.693,27,9,+19.735,+0.633
5703.269,27,9,+19.925,+0.654
5707.551,27,9,+20.004,+0.605
5711.894,27,9,+19.816,+0.529
5715.316,27,9,+19.484,+0.376
5724.102,27,9,+19.944,+0.670
5728.345,27,9,+20.009,+0.647
5729.318,27,9,+20.062,+0.595
5731.661,27,9,+20.047,+0.524
5733.13,27,9,+20.046,+0.512
5733.849,27,9,+20.044,+0.514
5738.083,27,9,+19.947,+0.598
5739.27,27,9,+19.891,+0.612
5741.599,27,9,+19.850,+0.584
5746.708,27,9,+20.089,+0.754
5752.349,27,9,+20.262,+0.560
5756.068,27,9,+20.531,+0.790
5759.599,27,9,+20.440,+0.639
5766.817,27,9,+20.696,+0.585
5770.802,27,9,+20.920,+0.805
5774.849,27,10,+20.920,+0.805
5775.131,27,10,+21.105,+0.190
5781.364,27,10,+21.704,+0.447
5786.286,27,10,+21.958,+0.547
5790.345,27,10,+21.973,+0.603
5796.981,27,10,+22.232,+0.679
5802.481,27,10,+22.411,+0.620
5806.773,27,10,+22.501,+0.639
5811.333,27,10,+22.513,+0.811
5815.019,27,10,+22.413,+0.940
5823.663,27,10,+22.683,+1.067
5827.832,27,10,+22.715,+1.104
5828.863,27,10,+22.718,+1.096
5831.192,27,10,+22.724,+0.963
5832.598,27,10,+22.733,+0.954
5833.332,27,10,+22.734,+0.960
5837.608,27,10,+22.665,+1.022
5838.77,27,10,+22.619,+1.039
5841.07,27,10,+22.574,+1.073
5846.112,27,10,+22.782,+1.044
5851.774,27,10,+22.968,+0.936
5855.33,27,10,+23.110,+1.004
5858.905,27,10,+23.131,+1.100
5866.246,27,10,+23.427,+1.101
5870.144,27,10,+23.591,+1.280
5874.319,27,10,+23.673,+1.409
5880.175,27,10,+23.846,+1.284
5885.017,27,10,+24.077,+1.280
5889.083,27,10,+24.072,+1.334
5895.51,27,10,+24.240,+1.298
5900.995,27,10,+24.298,+1.186
5905.323,27,10,+24.399,+1.227
5909.901,27,10,+24.480,+1.568
5913.713,27,10,+24.503,+1.943
5922.416,27,10,+24.891,+1.793
5926.557,27,10,+24.886,+1.621
5927.495,27,10,+24.878,+1.487
5929.854,27,10,+24.912,+1.339
5931.291,27,10,+24.935,+1.317
5932.166,27,10,+24.933,+1.299
5936.26,27,10,+24.792,+1.278
5937.416,27,10,+24.729,+1.216
5939.682,27,10,+24.687,+1.182
5945.135,27,10,+24.979,+0.886
5950.542,27,10,+25.222,+0.879
5954.089,27,10,+25.404,+0.943
5957.698,27,10,+25.403,+0.974
5964.963,27,10,+25.723,+0.835
5968.854,27,10,+25.878,+0.975
5973.08,27,10,+25.948,+1.114
5978.979,27,10,+26.221,+1.032
5983.802,27,10,+26.375,+1.080
5987.833,27,10,+26.371,+1.062
5994.251,27,10,+26.498,+1.006
5999.829,27,10,+26.693,+0.977
6004.063,27,10,+26.748,+1.003
6008.625,27,10,+26.771,+1.245
6012.375,27,10,+26.739,+1.486
6021.016,27,10,+27.031,+1.500
6025.188,27,10,+27.014,+1.428
6026.102,27,10,+26.998,+1.351
6028.449,27,10,+27.004,+1.303
6029.865,27,10,+27.012,+1.314
6030.658,27,10,+27.007,+1.319
6034.82,27,10,+26.857,+1.330
6035.958,27,10,+26.795,+1.346
6038.208,27,10,+26.764,+1.292
6043.238,27,10,+26.926,+1.281
6048.902,27,10,+27.075,+1.090
6052.497,27,10,+27.240,+1.084
6056.033,27,10,+27.214,+1.111
6063.225,27,10,+27.340,+1.063
6067.069,27,10,+27.463,+1.215
6071.296,27,10,+27.585,+1.327
6077.105,27,10,+27.726,+1.230
6081.918,27,10,+27.937,+1.225
6085.964,27,10,+27.915,+1.212
6092.511,27,10,+28.086,+1.292
6097.98,27,10,+28.258,+1.228
6102.277,27,10,+28.341,+1.260
6106.871,27,10,+28.379,+1.512
6110.633,27,10,+28.384,+1.771
6119.3,27,10,+28.748,+1.974
6123.458,27,10,+28.730,+1.930
6124.445,27,10,+28.728,+1.899
6126.78,27,10,+28.724,+1.811
6128.227,27,10,+28.727,+1.803
6128.945,27,10,+28.721,+1.801
6133.121,27,10,+28.584,+1.801
6134.281,27,10,+28.528,+1.818
6136.502,27,10,+28.442,+1.698
6141.559,27,10,+28.651,+1.684
6147.164,27,10,+28.728,+1.492
6150.714,27,10,+28.915,+1.635
6154.254,27,10,+28.881,+1.712
6161.471,27,10,+29.031,+1.519
6165.258,27,10,+29.149,+1.652
6169.43,27,10,+29.247,+1.757
6175.188,27,10,+29.240,+1.544
6180.032,27,10,+29.483,+1.574
6184.063,27,10,+29.466,+1.566
6190.548,27,10,+29.611,+1.475
6195.969,27,10,+29.632,+1.269
6200.235,27,10,+29.678,+1.288
6204.844,27,10,+29.738,+1.535
6208.61,27,10,+29.778,+1.793
6217.275,27,10,+30.101,+1.877
6221.421,27,10,+30.086,+1.822
6222.4,27,10,+30.102,+1.775
6224.717,27,10,+30.089,+1.629
6226.116,27,10,+30.095,+1.607
6226.889,27,10,+30.090,+1.597
6231.104,27,10,+29.975,+1.559
6232.333,27,10,+29.923,+1.562
6234.472,27,10,+29.827,+1.461
6239.498,27,10,+29.956,+1.326
6245.13,27,10,+30.154,+1.272
6248.771,27,10,+30.333,+1.395
6252.38,27,10,+30.312,+1.451
6259.533,27,10,+30.530,+1.389
6263.381,27,10,+30.663,+1.527
6267.575,27,10,+30.735,+1.648
6273.349,27,10,+30.845,+1.542
6278.217,27,10,+31.062,+1.543
6282.228,27,10,+31.042,+1.496
6288.706,27,10,+31.142,+1.413
6294.103,27,10,+31.206,+1.272
6298.399,27,10,+31.281,+1.320
6302.889,27,10,+31.267,+1.522
6306.607,27,10,+31.194,+1.727
6315.349,27,10,+31.566,+1.876
6319.483,27,10,+31.544,+1.810
6320.46,27,10,+31.568,+1.691
6322.872,27,10,+31.626,+1.571
6324.333,27,10,+31.648,+1.457
6325.076,27,10,+31.651,+1.377
6329.279,27,10,+31.567,+1.054
6330.435,27,10,+31.520,+0.930
6332.701,27,10,+31.447,+0.627
6337.826,27,10,+31.691,+0.606
6343.623,27,10,+31.982,+0.499
6347.185,27,10,+32.123,+0.683
6350.81,27,10,+32.105,+0.575
6358.081,27,10,+32.461,+0.591
6361.964,27,10,+32.639,+0.748
6366.194,27,10,+32.783,+0.897
6372.053,27,10,+32.975,+0.811
6376.871,27,10,+33.168,+0.866
6380.906,27,10,+33.148,+0.806
6387.386,27,10,+33.371,+0.646
6392.902,27,10,+33.513,+0.806
6397.261,27,10,+33.634,+0.871
6401.73,27,10,+33.567,+0.852
6405.324,27,10,+33.412,+0.764
6414.047,27,10,+33.873,+1.006
6418.221,27,10,+33.865,+0.978
6419.205,27,10,+33.875,+1.245
6421.455,27,9,+33.875,+1.245
6421.533,27,9,+33.912,+1.331
6422.924,27,9,+33.942,+1.338
6423.752,27,9,+33.947,+1.330
6427.971,27,9,+33.888,+1.230
6429.158,27,9,+33.848,+1.200
6431.393,27,9,+33.801,+1.242
6436.424,27,9,+34.046,+1.229
6442.01,27,9,+34.186,+1.035
6445.556,27,9,+34.327,+1.049
6449.15,27,9,+34.334,+1.059
6456.322,27,9,+34.497,+0.984
6460.135,27,9,+34.633,+1.112
6464.322,27,9,+34.720,+1.223
6470.103,27,9,+34.833,+1.154
6474.944,27,9,+35.072,+1.124
6479.007,27,9,+35.074,+1.058
6485.413,27,9,+35.246,+0.926
6490.866,27,9,+35.296,+0.840
6495.113,27,9,+35.352,+0.842
6499.691,27,9,+35.383,+0.908
6503.396,27,9,+35.369,+0.940
6511.973,27,9,+35.636,+0.963
6516.12,27,9,+35.627,+0.986
6517.083,27,9,+35.637,+0.968
6519.43,27,9,+35.638,+0.952
6520.865,27,9,+35.641,+0.952
6521.586,27,9,+35.640,+0.954
6525.801,27,9,+35.559,+0.959
6527.018,27,9,+35.512,+0.947
6529.18,27,9,+35.444,+0.950
6534.116,27,9,+35.583,+0.862
6539.788,27,9,+35.739,+0.680
6543.319,27,9,+35.899,+0.751
6546.882,27,9,+35.888,+0.752
6554.161,27,9,+36.125,+0.746
6557.966,27,9,+36.253,+0.893
6562.131,27,9,+36.359,+1.021
6567.961,27,9,+36.680,+1.003
6572.805,27,9,+36.850,+0.961
6576.836,27,9,+36.820,+0.894
6583.289,27,9,+37.005,+0.827
6588.758,27,9,+37.027,+0.711
6593.008,27,9,+37.124,+0.729
6597.381,27,9,+36.970,+0.622
6600.846,27,9,+36.641,+0.401
6609.671,27,9,+37.191,+0.826
6613.865,27,9,+37.224,+0.889
6614.835,27,9,+37.240,+0.902
6617.193,27,9,+37.275,+0.896
6618.619,27,9,+37.292,+0.906
6619.35,27,9,+37.294,+0.914
6623.62,27,9,+37.230,+0.946
6624.801,27,9,+37.187,+0.938
6627.046,27,9,+37.170,+0.998
6632.021,27,9,+37.341,+0.966
6637.716,27,9,+37.631,+0.860
6641.278,27,9,+37.814,+0.959
6644.872,27,9,+37.834,+0.988
6652.113,27,9,+38.071,+0.993
6655.946,27,9,+38.237,+1.162
6660.094,27,9,+38.327,+1.254
6665.862,27,9,+38.471,+1.226
6670.722,27,9,+38.709,+1.197
6674.744,27,9,+38.728,+1.155
6681.229,27,9,+38.964,+1.097
6686.76,27,9,+39.047,+1.036
6691.056,27,9,+39.160,+1.072
6695.63,27,9,+39.234,+1.171
6699.409,27,9,+39.268,+1.310
6708.032,27,9,+39.651,+1.400
6712.204,27,9,+39.634,+1.521
6713.157,27,9,+39.636,+1.870
6715.391,27,8,+39.636,+1.870
6715.454,27,8,+39.605,+3.518
6716.891,27,8,+39.608,+3.527
6717.673,27,8,+39.607,+3.531
6721.923,27,8,+39.557,+3.526
6723.141,27,8,+39.532,+3.516
6725.313,27,8,+39.468,+3.528
6730.329,27,8,+39.592,+3.527
6735.891,27,8,+39.611,+3.547
6739.501,27,8,+39.781,+3.674
6743.136,27,8,+39.822,+3.713
6750.304,27,8,+39.954,+3.839
6754.154,27,8,+40.121,+4.002
6758.337,27,8,+40.236,+4.142
6764.078,27,8,+40.361,+4.238
6768.926,27,8,+40.497,+4.234
6772.988,27,8,+40.508,+4.246
6779.345,27,8,+40.606,+4.250
6784.972,27,8,+40.795,+4.275
6789.249,27,8,+40.872,+4.315
6793.881,27,8,+41.012,+4.468
6797.784,27,8,+41.112,+4.601
6806.497,27,8,+41.602,+4.838
6810.701,27,8,+41.631,+4.866
6811.666,27,8,+41.652,+4.906
6814.019,27,8,+41.693,+4.937
6815.519,27,8,+41.781,+5.024
6816.334,27,8,+41.827,+5.071
6820.636,27,8,+41.813,+5.086
6821.846,27,8,+41.765,+5.049
6824.081,27,8,+41.850,+5.158
6829.252,27,8,+42.039,+5.256
6834.747,27,8,+42.201,+5.236
6838.388,27,8,+42.379,+5.362
6841.981,27,8,+42.402,+5.396
6849.153,27,8,+42.555,+5.489
6852.919,27,8,+42.639,+5.571
6856.958,27,8,+42.617,+5.557
6862.703,27,8,+42.746,+5.673
6867.489,27,8,+42.925,+5.670
6871.557,27,8,+42.975,+5.654
6877.995,27,8,+43.090,+5.632
6883.573,27,8,+43.350,+5.674
6887.863,27,8,+43.445,+5.718
6892.531,27,8,+43.626,+5.901
6896.438,27,8,+43.791,+6.075
6905.144,27,8,+44.170,+6.256
6909.285,27,8,+44.215,+6.306
6910.238,27,8,+44.243,+6.341
6912.55,27,8,+44.216,+6.298
6913.957,27,8,+44.227,+6.301
6914.738,27,8,+44.233,+6.305
6919.082,27,8,+44.239,+6.328
6920.3,27,8,+44.228,+6.327
6922.535,27,8,+44.219,+6.421
6927.535,27,8,+44.275,+6.392
6933.019,27,8,+44.379,+6.310
6936.66,27,8,+44.581,+6.443
6940.269,27,8,+44.617,+6.483
6947.501,27,8,+44.803,+6.610
6951.404,27,8,+44.959,+6.764
6955.602,27,8,+45.156,+6.976
6961.477,27,8,+45.493,+7.111
6966.337,27,8,+45.694,+7.119
6970.384,27,8,+45.729,+7.153
6976.701,27,8,+45.820,+7.171
6982.223,27,8,+45.922,+7.067
6986.501,27,8,+45.996,+7.119
6991.154,27,8,+46.105,+7.238
6994.92,27,8,+46.150,+7.326
7003.66,27,9,+46.150,+7.326
7004.05,27,9,+47.043,+0.311
7008.253,27,9,+47.083,+0.267
7009.144,27,9,+47.022,+0.129
7012.207,27,10,+47.022,+0.129
7027.472,27,11,+47.022,+0.129
7036.634,27,12,+47.022,+0.129
7043.651,27,13,+47.022,+0.129
7049.682,27,14,+47.022,+0.129
7050.026,27,15,+47.022,+0.129
7052.104,27,16,+47.022,+0.129
7057.881,27,16,+85.774,+4.509
7060.761,27,16,+86.400,+4.971
7066.101,27,16,+86.848,+4.894
7071.664,27,16,+86.980,+4.844
7075.32,27,16,+87.232,+4.952
7079.003,27,16,+87.340,+4.991
7086.313,27,16,+87.680,+5.002
7090.209,27,16,+87.883,+5.166
7094.525,27,16,+88.159,+5.292
7100.381,27,16,+88.467,+5.099
7105.07,27,16,+88.525,+4.922
7109.148,27,16,+88.562,+4.838
7115.534,27,16,+88.593,+4.703
7120.987,27,16,+88.656,+4.500
7125.205,27,16,+88.709,+4.381
7129.834,27,16,+88.838,+4.496
7133.721,27,16,+88.975,+4.603
7142.292,27,16,+89.258,+4.630
7146.432,27,16,+89.273,+4.512
7147.417,27,16,+89.318,+4.489
7149.698,27,16,+89.303,+4.410
7151.073,27,16,+89.303,+4.395
7151.885,27,16,+89.305,+4.401
7156.135,27,16,+89.284,+4.562
7157.323,27,16,+89.263,+4.602
7159.604,27,16,+89.309,+4.471
7164.792,27,16,+89.452,+4.301
7170.057,27,16,+89.437,+3.855
7173.635,27,16,+89.499,+3.779
7177.167,27,16,+89.485,+3.737
7184.246,27,16,+89.542,+3.469
7188.043,27,16,+89.624,+3.530
7192.231,27,16,+89.752,+3.529
7197.943,27,16,+89.886,+3.167
7202.498,27,16,+89.883,+2.861
7206.482,27,16,+89.833,+2.717
7212.717,27,16,+89.808,+2.318
7218.139,27,16,+89.866,+2.117
7222.326,27,16,+89.910,+2.010
7226.86,27,16,+89.937,+1.984
7230.668,27,16,+89.949,+1.920
7239.014,27,16,+89.840,+1.741
7243.124,27,16,+89.814,+1.565
7244.061,27,16,+89.823,+1.520
7246.327,27,16,+89.787,+1.444
7247.749,27,16,+89.778,+1.423
7248.514,27,16,+89.766,+1.415
7252.639,27,16,+89.636,+1.376
7253.796,27,16,+89.590,+1.361
7255.999,27,16,+89.576,+1.187
7260.881,27,16,+89.655,+0.710
7266.304,27,16,+89.656,+0.474
7269.848,27,16,+89.731,+0.343
7273.225,27,16,+89.567,+0.135
7280.162,27,15,+89.567,+0.135
7280.244,27,15,+89.624,+1.687
7284.081,27,15,+89.782,+1.625
7288.248,27,15,+89.915,+1.464
7293.982,27,15,+90.134,+1.141
7298.684,27,15,+90.239,+0.995
7302.682,27,15,+90.216,+0.922
7309.152,27,15,+90.456,+0.829
7314.418,27,15,+90.359,+0.548
7318.604,27,15,+90.382,+0.429
7323.1,27,15,+90.382,+0.379
7326.686,27,15,+90.247,+0.217
7335.067,27,14,+90.247,+0.217
7335.15,27,14,+90.444,+4.515
7339.322,27,14,+90.460,+4.415
7340.273,27,14,+90.476,+4.410
7342.509,27,14,+90.422,+4.355
7343.921,27,14,+90.417,+4.342
7344.705,27,14,+90.420,+4.336
7348.997,27,14,+90.473,+4.319
7350.183,27,14,+90.480,+4.295
7352.412,27,14,+90.489,+4.263
7357.323,27,14,+90.577,+4.163
7362.685,27,14,+90.471,+4.004
7366.2,27,14,+90.578,+4.035
7369.816,27,14,+90.628,+3.969
7376.883,27,14,+90.703,+3.877
7380.625,27,14,+90.751,+3.889
7384.672,27,14,+90.730,+3.826
7390.334,27,14,+90.916,+3.757
7395.001,27,14,+90.985,+3.660
7399.02,27,14,+91.016,+3.635
7405.404,27,14,+91.153,+3.648
7410.836,27,14,+91.171,+3.522
7415.082,27,14,+91.255,+3.472
7419.757,27,14,+91.487,+3.579
7423.682,27,14,+91.715,+3.592
7432.386,27,14,+92.044,+3.703
7436.435,27,14,+92.076,+3.612
7437.367,27,14,+92.086,+3.565
7439.602,27,14,+92.037,+3.469
7441.005,27,14,+92.039,+3.441
7441.821,27,14,+92.042,+3.435
7446.072,27,14,+92.066,+3.443
7447.261,27,14,+92.067,+3.427
7449.458,27,14,+92.065,+3.364
7454.376,27,14,+92.173,+3.274
7459.816,27,14,+92.123,+3.181
7463.347,27,14,+92.175,+3.105
7466.964,27,14,+92.239,+3.044
7474.002,27,14,+92.277,+2.901
7477.767,27,14,+92.313,+2.882
7481.774,27,14,+92.302,+2.806
7487.392,27,14,+92.316,+2.663
7492.021,27,14,+92.281,+2.508
7496.035,27,14,+92.291,+2.489
7502.402,27,14,+92.226,+2.478
7507.821,27,14,+92.073,+2.308
7512.049,27,14,+92.111,+2.227
7516.734,27,14,+92.383,+2.339
7520.623,27,14,+92.698,+2.354
7529.21,27,14,+92.981,+2.514
7533.347,27,14,+92.966,+2.407
7534.273,27,14,+92.931,+2.347
7536.505,27,14,+92.797,+2.262
7537.875,27,14,+92.770,+2.243
7538.635,27,14,+92.765,+2.240
7542.921,27,14,+92.746,+2.301
7544.105,27,14,+92.729,+2.303
7546.306,27,14,+92.759,+2.308
7551.219,27,14,+92.849,+2.253
7556.625,27,14,+92.791,+2.128
7560.193,27,14,+92.887,+2.106
7563.775,27,14,+92.944,+1.975
7570.832,27,14,+93.004,+1.806
7574.54,27,14,+93.039,+1.773
7578.542,27,14,+93.060,+1.717
7584.177,27,14,+93.226,+1.668
7588.874,27,14,+93.249,+1.563
7592.89,27,14,+93.223,+1.521
7599.211,27,14,+93.296,+1.500
7604.611,27,14,+93.281,+1.271
7608.84,27,14,+93.335,+1.224
7613.504,27,14,+93.633,+1.276
7617.358,27,14,+93.884,+1.198
7625.799,27,14,+94.115,+1.206
7629.915,27,14,+94.088,+1.084
7630.836,27,14,+94.079,+1.055
7633.105,27,14,+94.039,+0.982
7634.496,27,14,+94.044,+0.969
7635.277,27,14,+94.047,+0.964
7639.512,27,14,+94.029,+0.904
7640.701,27,14,+94.012,+0.858
7642.875,27,14,+93.996,+0.844
7647.702,27,14,+94.009,+0.691
7653.347,27,14,+94.168,+0.680
7656.838,27,14,+94.262,+0.642
7660.436,27,14,+94.303,+0.546
7667.585,27,14,+94.475,+0.543
7671.394,27,14,+94.604,+0.607
7675.537,27,14,+94.724,+0.638
7681.282,27,14,+94.914,+0.708
7686.009,27,14,+94.980,+0.662
7690.019,27,14,+94.967,+0.607
7696.437,27,14,+95.052,+0.631
7701.902,27,14,+95.127,+0.568
7706.186,27,14,+95.219,+0.572
7710.749,27,14,+95.278,+0.538
7715.3,27,14,1 L,+1.232
7724.328,27,14,1 L,+1.701
7728.567,27,14,1 L,+1.712
7729.509,27,14,1 L,+1.705
7731.82,27,14,1 L,+1.649
7733.23,27,14,1 L,+1.631
7733.968,27,14,1 L,+1.625
7738.073,27,13,1 L,+1.625
7738.155,27,13,1 L,+1.076
7739.336,27,13,1 L,+0.778
7741.618,27,13,1 L,+0.492
7746.742,27,13,1 L,+0.470
7752.243,27,13,1 L,+0.349
7755.733,27,13,1 L,+0.358
7759.086,27,13,1 L,+0.144
7766.148,27,12,1 L,+0.144
7766.226,27,12,1 L,+14.510
7769.916,27,12,1 L,+14.541
7773.883,27,12,1 L,+14.471
7779.539,27,12,1 L,+14.340
7784.178,27,12,1 L,+14.180
7788.192,27,12,1 L,+14.153
7794.529,27,12,1 L,+14.071
7799.904,27,12,1 L,+13.866
7804.138,27,12,1 L,+13.855
7808.873,27,12,1 L,+14.067
7812.764,27,12,1 L,+14.198
7821.234,27,12,1 L,+14.210
7825.411,27,12,1 L,+14.258
7826.348,27,12,1 L,+14.226
7828.573,27,12,1 L,+14.115
7829.977,27,12,1 L,+14.101
7830.739,27,12,1 L,+14.104
7834.983,27,12,1 L,+14.148
7836.211,27,12,1 L,+14.142
7838.367,27,12,1 L,+14.151
7843.237,27,12,1 L,+13.943
7848.636,27,12,1 L,+13.878
7852.212,27,12,1 L,+13.923
7855.782,27,12,1 L,+14.025
7862.851,27,12,1 L,+13.901
7866.584,27,12,1 L,+13.980
7870.709,27,12,1 L,+14.047
7876.287,27,12,1 L,+13.938
7881.006,27,12,1 L,+13.819
7885.021,27,12,1 L,+13.775
7891.387,27,12,1 L,+13.724
7896.745,27,12,1 L,+13.550
7900.965,27,12,1 L,+13.512
7905.715,27,12,1 L,+13.735
7909.633,27,12,1 L,+13.907
7918.135,27,12,1 L,+14.014
7922.286,27,12,1 L,+14.024
7923.22,27,12,1 L,+14.002
7925.412,27,12,1 L,+13.909
7926.818,27,12,1 L,+13.898
7927.6,27,12,1 L,+13.897
7931.818,27,12,1 L,+13.885
7932.99,27,12,1 L,+13.874
7935.178,27,12,1 L,+13.885
7940.134,27,12,1 L,+13.783
7945.566,27,12,1 L,+13.692
7949.125,27,12,1 L,+13.672
7952.79,27,12,1 L,+13.716
7959.781,27,12,1 L,+13.656
7963.536,27,12,1 L,+13.730
7967.522,27,12,1 L,+13.712
7973.162,27,12,1 L,+13.513
7977.883,27,12,1 L,+13.358
7981.861,27,12,1 L,+13.305
7988.18,27,12,1 L,+13.162
7993.587,27,12,1 L,+21.815
7997.821,27,12,1 L,+18.371
8002.493,27,12,1 L,+13.343
8006.415,27,12,1 L,+9.114
8015.071,27,12,1 L,+3.438
8019.196,27,12,1 L,+1.782
8020.134,27,12,1 L,+1.758
8022.243,27,11,1 L,+1.758
8022.321,27,11,1 L,+13.381
8023.743,27,11,1 L,+13.370
8024.524,27,11,1 L,+13.372
8028.728,27,11,1 L,+13.392
8029.946,27,11,1 L,+13.389
8032.118,27,11,1 L,+13.427
8037.036,27,11,1 L,+13.236
8042.405,27,11,1 L,+13.155
8046.021,27,11,1 L,+13.203
8049.615,27,11,1 L,+13.257
8056.709,27,11,1 L,+13.236
8060.412,27,11,1 L,+13.292
8064.459,27,11,1 L,+13.311
8070.131,27,11,1 L,+13.224
8074.834,27,11,1 L,+13.119
8078.834,27,11,1 L,+13.039
8085.162,27,11,1 L,+12.940
8090.725,27,11,1 L,+12.687
8094.709,27,11,1 L,+12.673
8099.412,27,11,1 L,+12.874
8103.381,27,11,1 L,+13.102
8111.99,27,11,1 L,+13.265
8116.147,27,11,1 L,+13.288
8117.069,27,11,1 L,+13.280
8119.318,27,11,1 L,+13.227
8120.725,27,11,1 L,+13.217
8121.459,27,11,1 L,+13.218
8125.725,27,11,1 L,+13.229
8126.928,27,11,1 L,+13.228
8129.131,27,11,1 L,+13.243
8134.084,27,11,1 L,+13.094
8139.615,27,11,1 L,+13.079
8143.162,27,11,1 L,+13.029
8146.725,27,11,1 L,+13.063
8153.756,27,11,1 L,+12.988
8157.553,27,11,1 L,+13.095
8161.756,27,11,1 L,+13.228
8167.412,27,11,1 L,+13.099
8172.131,27,11,1 L,+13.046
8176.131,27,11,1 L,+12.974
8182.49,27,11,1 L,+12.921
8188.272,27,11,1 L,+13.076
8192.904,27,11,1 L,+13.493
8197.65,27,11,1 L,+13.729
8201.483,27,11,1 L,+13.867
8210.658,27,11,1 L,+14.494
8214.809,27,11,1 L,+14.515
8215.775,27,11,1 L,+14.520
8218.054,27,11,1 L,+14.491
8219.506,27,11,1 L,+14.480
8220.236,27,11,1 L,+14.477
8224.462,27,11,1 L,+14.469
8225.638,27,11,1 L,+14.454
8227.915,27,11,1 L,+14.561
8232.929,27,11,1 L,+14.546
8238.383,27,11,1 L,+14.403
8241.936,27,11,1 L,+14.428
8245.485,27,11,1 L,+14.423
8252.634,27,11,1 L,+14.403
8256.409,27,11,1 L,+14.493
8260.441,27,11,1 L,+14.509
8266.193,27,11,1 L,+14.413
8270.936,27,11,1 L,+14.317
8274.837,27,11,1 L,+14.209
8281.234,27,11,1 L,+14.144
8286.751,27,11,1 L,+14.017
8291.02,27,11,1 L,+14.004
8295.462,27,11,1 L,+14.014
8299.009,27,11,1 L,+13.825
8307.493,27,11,1 L,+13.760
8311.55,27,11,1 L,+13.699
8312.488,27,11,1 L,+13.672
8314.8,27,11,1 L,+13.618
8316.238,27,11,1 L,+13.632
8317.015,27,11,1 L,+13.655
8321.393,27,11,1 L,+13.813
8322.603,27,11,1 L,+13.833
8324.797,27,11,1 L,+13.784
8329.801,27,11,1 L,+13.631
8335.273,27,11,1 L,+13.489
8338.874,27,11,1 L,+13.518
8342.483,27,11,1 L,+13.597
8349.61,27,11,1 L,+13.503
8353.375,27,11,1 L,+13.632
8357.391,27,11,1 L,+13.593
8363.094,27,11,1 L,+13.465
8367.875,27,11,1 L,+13.411
8371.907,27,11,1 L,+13.389
8378.36,27,11,1 L,+13.137
8383.766,27,11,1 L,+12.726
8388.0,27,11,1 L,+12.280
8392.844,27,11,1 L,+12.506
8396.813,27,11,1 L,+12.840
8405.578,27,11,1 L,+12.842
8409.735,27,11,1 L,+12.833
8410.688,27,11,1 L,+12.795
8412.907,27,11,1 L,+12.674
8414.344,27,11,1 L,+12.658
8415.079,27,11,1 L,+12.667
8419.344,27,11,1 L,+12.808
8420.594,27,11,1 L,+12.853
8422.763,27,11,1 L,+12.818
8427.803,27,11,1 L,+12.691
8433.225,27,11,1 L,+12.466
8436.787,27,11,1 L,+12.473
8440.381,27,11,1 L,+12.595
8447.6,27,11,1 L,+12.603
8451.466,27,11,1 L,+12.774
8455.604,27,11,1 L,+12.942
8461.308,27,11,1 L,+12.829
8466.075,27,11,1 L,+12.714
8470.075,27,11,1 L,+12.688
8476.468,27,11,1 L,+12.512
8481.936,27,11,1 L,+12.341
8486.144,27,11,1 L,+12.324
8490.841,27,11,1 L,+12.611
8494.734,27,11,1 L,+12.892
8503.352,27,11,1 L,+12.918
8507.468,27,11,1 L,+12.897
8508.364,27,11,1 L,+12.822
8510.619,27,11,1 L,+12.762
8511.995,27,11,1 L,+12.764
8512.783,27,11,1 L,+12.771
8517.018,27,11,1 L,+12.861
8518.221,27,11,1 L,+12.901
8520.384,27,11,1 L,+12.890
8525.479,27,11,1 L,+12.842
8530.904,27,11,1 L,+12.599
8534.428,27,11,1 L,+12.570
8538.075,27,11,1 L,+12.597
8545.113,27,11,1 L,+12.368
8548.879,27,11,1 L,+12.405
8552.895,27,11,1 L,+12.380
8558.645,27,11,1 L,+12.222
8563.363,27,11,1 L,+12.132
8567.395,27,11,1 L,+12.078
8573.801,27,11,1 L,+11.970
8579.27,27,11,1 L,+11.875
8583.488,27,11,1 L,+11.862
8588.223,27,11,1 L,+12.104
8592.348,27,11,1 L,+12.374
8600.804,27,11,1 L,+12.572
8604.929,27,11,1 L,+12.600
8605.851,27,11,1 L,+12.564
8608.101,27,11,1 L,+12.486
8609.507,27,11,1 L,+12.485
8610.273,27,11,1 L,+12.495
8614.507,27,11,1 L,+12.685
8615.73,27,11,1 L,+12.747
8617.904,27,11,1 L,+12.699
8622.899,27,11,1 L,+12.588
8628.405,27,11,1 L,+12.331
8632.001,27,11,1 L,+12.366
8635.589,27,11,1 L,+12.409
8642.741,27,11,1 L,+12.264
8646.479,27,11,1 L,+12.301
8650.438,27,11,1 L,+12.214
8656.179,27,11,1 L,+12.063
8660.929,27,11,1 L,+11.988
8664.945,27,11,1 L,+11.948
8671.46,27,11,1 L,+11.845
8676.814,27,11,1 L,+11.650
8681.054,27,11,1 L,+11.692
8685.804,27,11,1 L,+11.977
8689.738,27,11,1 L,+12.287
8698.418,27,11,1 L,+12.221
8702.54,27,11,1 L,+12.208
8703.437,27,11,1 L,+12.138
8705.737,27,11,1 L,+12.074
8707.137,27,11,1 L,+12.072
8707.886,27,11,1 L,+12.087
8712.176,27,11,1 L,+12.282
8713.379,27,11,1 L,+12.348
8715.602,27,11,1 L,+12.302
8720.676,27,11,1 L,+12.185
8726.124,27,11,1 L,+11.919
8729.704,27,11,1 L,+11.904
8733.311,27,11,1 L,+11.992
8740.549,27,11,1 L,+11.925
8744.27,27,11,1 L,+11.980
8748.285,27,11,1 L,+11.921
8754.098,27,11,1 L,+11.767
8758.865,27,11,1 L,+11.592
8762.875,27,11,1 L,+11.540
8769.327,27,11,1 L,+11.290
8774.799,27,11,1 L,+10.871
8779.022,27,11,1 L,+10.478
8783.688,27,11,1 L,+10.732
8787.638,27,11,1 L,+11.033
8796.385,27,11,1 L,+10.971
8800.505,27,11,1 L,+10.822
8801.453,27,11,1 L,+10.652
8803.698,27,11,1 L,+10.458
8805.125,27,11,1 L,+10.442
8805.854,27,11,1 L,+10.448
8810.118,27,11,1 L,+10.565
8811.332,27,11,1 L,+10.613
8813.511,27,11,1 L,+10.430
8818.441,27,11,1 L,+9.973
8823.986,27,11,1 L,+9.765
8827.524,27,11,1 L,+9.739
8831.112,27,11,1 L,+9.844
8838.388,27,11,1 L,+9.654
8842.066,27,11,1 L,+9.699
8846.108,27,11,1 L,+9.637
8851.89,27,11,1 L,+9.514
8856.642,27,11,1 L,+9.359
8860.586,27,11,1 L,+9.310
8867.018,27,11,1 L,+9.159
8872.561,27,11,1 L,+8.906
8876.721,27,11,1 L,+8.884
8881.437,27,11,1 L,+9.187
8885.35,27,11,1 L,+9.484
8894.035,27,11,1 L,+9.535
8898.113,27,11,1 L,+9.531
8899.051,27,11,1 L,+9.491
8901.307,27,11,1 L,+9.370
8902.719,27,11,1 L,+9.362
8903.497,27,11,1 L,+9.372
8907.718,27,11,1 L,+9.561
8908.96,27,11,1 L,+9.618
8911.195,27,11,1 L,+9.594
8916.023,27,11,1 L,+9.315
8921.627,27,11,1 L,+9.136
8925.205,27,11,1 L,+9.177
8928.799,27,11,1 L,+9.263
8936.017,27,11,1 L,+9.025
8939.736,27,11,1 L,+9.065
8943.721,27,11,1 L,+9.053
8949.439,27,11,1 L,+8.884
8954.189,27,11,1 L,+8.763
8958.221,27,11,1 L,+8.740
8964.642,27,11,1 L,+8.611
8970.146,27,11,1 L,+8.445
8974.375,27,11,1 L,+8.462
8978.96,27,11,1 L,+8.742
8982.764,27,11,1 L,+9.103
8991.516,27,11,1 L,+8.930
8995.651,27,11,1 L,+8.859
8996.576,27,11,1 L,+8.816
8998.861,27,11,1 L,+8.712
9000.276,27,11,1 L,+8.701
9001.07,27,11,1 L,+8.706
9138.164,27,11,1L,+8.706
13.093,43,12,,
3391.651,43,12,+1.321,
3392.856,43,8,+1.321,
3392.896,43,8,+1.152,+0.169
3395.538,43,7,+1.152,+0.169
3395.62,43,7,+1.349,+0.267
3400.692,43,8,+1.349,+0.267
3401.002,43,8,+1.764,+0.236
3407.675,43,8,+2.533,+0.487
3410.864,43,8,+2.646,+0.519
3414.351,43,8,+2.602,+0.533
3422.503,43,8,+3.423,+0.848
3425.975,43,8,+3.325,+0.834
3430.266,43,8,+3.479,+0.672
3436.422,43,8,+4.016,+0.656
3441.328,43,8,+4.288,+0.602
3445.369,43,8,+4.240,+0.629
3452.375,43,8,+4.846,+0.288
3458.017,43,8,+5.073,+0.405
3462.713,43,6,+5.073,+0.405
3462.796,43,6,+5.606,+2.502
3467.395,43,6,+5.613,+2.619
3471.051,43,6,+5.526,+2.747
3479.833,43,6,+5.907,+2.815
3484.129,43,6,+5.869,+2.882
3485.208,43,6,+5.953,+2.936
3487.608,43,6,+6.042,+2.902
3489.06,43,6,+6.048,+2.900
3489.827,43,6,+6.050,+2.907
3494.133,43,6,+6.095,+2.991
3495.36,43,6,+6.076,+3.021
3497.697,43,6,+5.816,+2.975
3502.786,43,6,+5.801,+2.748
3508.317,43,6,+5.734,+2.637
3511.927,43,6,+5.735,+2.726
3515.56,43,6,+5.584,+2.755
3523.13,43,6,+5.696,+2.799
3526.854,43,6,+5.655,+2.816
3531.034,43,6,+5.579,+2.742
3536.842,43,6,+5.521,+2.608
3541.651,43,6,+5.611,+2.615
3545.704,43,6,+5.556,+2.630
3552.412,43,6,+5.893,+2.808
3557.897,43,6,+5.921,+2.830
3562.177,43,6,+5.918,+2.842
3566.707,43,6,+5.720,+2.947
3570.467,43,6,+5.827,+3.048
3579.185,43,6,+6.177,+3.155
3583.498,43,6,+6.232,+3.221
3584.561,43,6,+6.280,+3.276
3586.876,43,6,+6.338,+3.273
3588.358,43,6,+6.353,+3.284
3589.124,43,6,+6.364,+3.298
3593.605,43,6,+6.402,+3.379
3594.851,43,6,+6.401,+3.393
3597.16,43,6,+6.277,+3.311
3602.202,43,6,+6.451,+3.117
3607.797,43,6,+6.512,+3.096
3611.413,43,6,+6.687,+3.198
3615.021,43,6,+6.658,+3.205
3622.453,43,6,+6.824,+3.232
3626.132,43,6,+6.808,+3.214
3630.315,43,6,+6.743,+3.201
3636.089,43,6,+6.791,+3.072
3640.876,43,6,+7.002,+3.064
3644.928,43,6,+7.001,+3.076
3651.454,43,6,+7.106,+3.085
3656.976,43,6,+7.234,+3.073
3661.283,43,6,+7.287,+3.101
3665.829,43,6,+7.222,+3.089
3669.562,43,6,+7.111,+3.074
3678.18,43,6,+7.201,+3.218
3682.476,43,6,+7.200,+3.211
3683.465,43,6,+7.234,+3.260
3685.798,43,6,+7.254,+3.287
3687.267,43,6,+7.266,+3.293
3688.051,43,6,+7.276,+3.300
3692.497,43,6,+7.314,+3.333
3693.754,43,6,+7.309,+3.338
3696.029,43,6,+7.209,+3.306
3701.068,43,6,+7.222,+3.159
3706.729,43,6,+7.382,+3.170
3710.328,43,6,+7.524,+3.235
3713.975,43,6,+7.512,+3.254
3721.245,43,6,+7.763,+3.269
3725.0,43,6,+7.782,+3.262
3729.233,43,6,+7.755,+3.337
3735.046,43,6,+7.856,+3.302
3739.796,43,6,+8.071,+3.309
3743.889,43,6,+8.113,+3.308
3750.425,43,6,+8.428,+3.324
3755.972,43,6,+8.540,+3.249
3760.253,43,6,+8.588,+3.291
3764.784,43,6,+8.535,+3.279
3768.519,43,6,+8.436,+3.262
3777.151,43,6,+8.654,+3.369
3781.381,43,6,+8.654,+3.441
3782.334,43,6,+8.689,+3.513
3784.74,43,6,+8.744,+3.455
3786.178,43,6,+8.754,+3.449
3786.928,43,6,+8.747,+3.448
3791.271,43,6,+8.647,+3.458
3792.459,43,6,+8.618,+3.461
3794.777,43,6,+8.541,+3.389
3799.697,43,6,+8.700,+3.116
3805.226,43,6,+8.621,+3.109
3808.799,43,6,+8.754,+3.164
3812.424,43,6,+8.727,+3.142
3819.783,43,6,+9.004,+3.287
3823.502,43,6,+8.999,+3.277
3827.752,43,6,+8.979,+3.371
3833.517,43,6,+9.042,+3.333
3838.392,43,6,+9.282,+3.420
3842.549,43,6,+9.320,+3.420
3849.158,43,6,+9.647,+3.510
3854.768,43,6,+9.806,+3.581
3859.08,43,6,+9.882,+3.623
3863.663,43,6,+9.864,+3.620
3867.455,43,6,+9.821,+3.618
3876.081,43,6,+10.013,+3.778
3880.73,43,6,+10.038,+3.836
3881.407,43,6,+10.089,+3.910
3883.729,43,6,+10.126,+3.893
3885.115,43,6,+10.130,+3.887
3885.821,43,6,+10.122,+3.884
3890.146,43,6,+10.026,+3.881
3891.443,43,6,+9.997,+3.882
3893.677,43,6,+9.958,+3.870
3898.855,43,6,+10.390,+3.846
3904.41,43,6,+10.476,+3.837
3908.002,43,6,+10.585,+3.898
3911.596,43,6,+10.542,+3.863
3918.893,43,6,+10.786,+3.940
3922.628,43,6,+10.773,+3.914
3926.847,43,6,+10.736,+3.990
3932.628,43,6,+10.850,+3.966
3937.503,43,6,+11.073,+4.018
3941.581,43,6,+11.097,+4.051
3948.081,43,6,+11.327,+4.105
3953.69,43,6,+11.496,+4.060
3957.997,43,6,+11.572,+4.109
3962.529,43,6,+11.545,+4.127
3966.297,43,6,+11.491,+4.155
3974.848,43,6,+11.669,+4.244
3979.102,43,6,+11.695,+4.302
3980.091,43,6,+11.751,+4.371
3982.373,43,6,+11.707,+4.335
3983.807,43,6,+11.694,+4.321
3984.556,43,6,+11.684,+4.320
3988.906,43,6,+11.615,+4.344
3990.112,43,6,+11.598,+4.350
3992.325,43,6,+11.440,+4.248
3997.58,43,6,+11.709,+4.271
4003.227,43,6,+11.853,+4.386
4006.804,43,6,+12.006,+4.482
4010.376,43,6,+11.966,+4.453
4017.684,43,6,+12.215,+4.441
4021.403,43,6,+12.184,+4.401
4025.622,43,6,+12.176,+4.497
4031.527,43,6,+12.336,+4.409
4036.399,43,6,+12.581,+4.477
4040.477,43,6,+12.591,+4.457
4046.983,43,6,+12.772,+4.397
4052.561,43,6,+12.951,+4.364
4056.858,43,6,+13.014,+4.408
4061.396,43,6,+12.989,+4.404
4065.099,43,6,+12.914,+4.401
4073.672,43,6,+13.032,+4.471
4077.874,43,6,+13.029,+4.499
4078.858,43,6,+13.055,+4.546
4081.155,43,6,+13.086,+4.507
4082.608,43,6,+13.081,+4.492
4083.39,43,6,+13.077,+4.490
4087.812,43,6,+13.044,+4.505
4088.968,43,6,+13.032,+4.508
4091.249,43,6,+12.952,+4.503
4096.405,43,6,+13.215,+4.509
4101.921,43,6,+13.265,+4.472
4105.537,43,6,+13.421,+4.603
4109.177,43,6,+13.416,+4.604
4116.488,43,6,+13.694,+4.706
4120.191,43,6,+13.681,+4.686
4124.476,43,6,+13.705,+4.808
4130.297,43,6,+13.847,+4.774
4135.234,43,6,+14.116,+4.891
4139.312,43,6,+14.138,+4.905
4145.812,43,6,+14.334,+4.886
4151.499,43,6,+14.563,+4.886
4155.749,43,6,+14.631,+4.914
4160.277,43,6,+14.581,+4.900
4163.996,43,6,+14.480,+4.865
4172.576,43,6,+14.592,+4.945
4176.803,43,6,+14.599,+4.983
4177.772,43,6,+14.618,+5.022
4180.115,43,6,+14.701,+5.024
4181.581,43,6,+14.718,+5.026
4182.632,43,6,+14.714,+5.022
4186.657,43,6,+14.622,+4.983
4187.922,43,6,+14.596,+4.973
4190.188,43,6,+14.537,+4.941
4195.375,43,6,+14.841,+4.953
4200.889,43,6,+14.944,+4.901
4204.505,43,6,+15.033,+4.967
4208.11,43,6,+15.001,+4.951
4215.429,43,6,+15.305,+5.077
4219.168,43,6,+15.283,+5.058
4223.468,43,6,+15.363,+5.223
4229.397,43,6,+15.507,+5.253
4236.52,43,6,+15.685,+5.327
4238.369,43,6,+15.683,+5.316
4244.865,43,6,+15.911,+5.357
4250.528,43,6,+16.133,+5.337
4254.877,43,6,+16.264,+5.437
4259.41,43,6,+16.244,+5.425
4263.142,43,6,+16.181,+5.387
4271.678,43,6,+16.332,+5.421
4275.897,43,6,+16.344,+5.440
4276.905,43,6,+16.422,+5.508
4279.162,43,6,+16.406,+5.465
4280.615,43,6,+16.399,+5.456
4281.381,43,6,+16.394,+5.449
4285.709,43,6,+16.369,+5.412
4286.928,43,6,+16.358,+5.404
4289.178,43,6,+16.301,+5.424
4294.319,43,6,+16.569,+5.335
4300.006,43,6,+16.711,+5.391
4303.569,43,6,+16.857,+5.506
4307.176,43,6,+16.840,+5.510
4314.462,43,6,+17.047,+5.624
4318.193,43,6,+17.018,+5.610
4322.396,43,6,+17.025,+5.686
4328.318,43,6,+17.210,+5.758
4333.319,43,6,+17.514,+5.903
4337.416,43,6,+17.516,+5.886
4343.968,43,6,+17.753,+5.933
4349.561,43,6,+17.903,+5.887
4356.64,43,6,+20.713,+8.677
4367.234,43,6,+26.799,+14.041
4373.375,43,6,+29.154,+11.470
4382.734,43,6,+28.791,+11.448
4387.078,43,6,+26.329,+10.202
4388.099,43,6,+26.504,+10.388
4392.816,43,6,+21.194,+3.926
4398.531,43,2,+21.194,+3.926
4400.456,43,2,+4.543,+4.543
4403.628,43,2,+4.168,+4.168
4410.096,43,2,+2.483,+2.483
4418.362,43,2,+2.600,+2.600
4423.988,43,2,+2.110,+2.110
4430.441,43,2,+1.966,+1.966
4441.043,43,2,+1.756,+1.756
4446.44,43,2,+1.359,+1.359
4453.522,43,2,+1.654,+1.654
4462.71,43,2,+1.436,+1.436
4468.931,43,2,+0.719,+0.719
4474.877,43,2,+1.180,+1.180
4484.297,43,2,+0.975,+0.975
4492.249,43,2,+0.623,+0.623
4498.637,43,2,+0.892,+0.892
4507.398,43,2,+0.986,+0.986
4513.598,43,2,+1.178,+1.178
4526.13,43,2,+0.589,+0.589
4531.336,43,2,+0.641,+0.641
4532.497,43,2,+0.435,+0.435
4536.279,43,2,+0.389,+0.389
4538.43,43,2,+0.592,+0.592
4539.477,43,2,+0.614,+0.614
4545.68,43,2,+0.650,+0.650
4547.878,43,2,+0.682,+0.682
4552.231,43,2,+0.764,+0.764
4563.013,43,2,+1.047,+1.047
4572.378,43,2,+0.800,+0.800
4577.342,43,2,+0.885,+0.885
4582.412,43,2,+0.754,+0.754
4592.897,43,2,+0.511,+0.511
4597.684,43,2,+0.775,+0.775
4604.934,43,2,+0.545,+0.545
4613.438,43,2,+0.504,+0.504
4620.094,43,2,+0.662,+0.662
4625.612,43,2,+0.537,+0.537
4635.077,43,2,+0.552,+0.552
4643.121,43,2,+0.379,+0.379
4649.203,43,2,+0.469,+0.469
4656.482,43,2,+0.522,+0.522
4662.58,43,2,+0.341,+0.341
4675.951,43,2,+0.410,+0.410
4680.998,43,2,+0.642,+0.642
4682.294,43,2,+0.414,+0.414
4686.313,43,2,+0.451,+0.451
4688.456,43,2,+0.632,+0.632
4689.434,43,2,+0.682,+0.682
4695.17,43,2,+0.498,+0.498
4697.029,43,2,+0.555,+0.555
4701.117,43,2,+0.641,+0.641
4710.268,43,2,+0.951,+0.951
4716.498,43,2,+0.641,+0.641
4721.633,43,2,+0.419,+0.419
4726.195,43,2,+0.698,+0.698
4736.756,43,2,+0.231,+0.231
4741.319,43,2,+0.433,+0.433
4747.866,43,2,+0.630,+0.630
4757.162,43,2,+0.653,+0.653
4764.772,43,2,+0.306,+0.306
4770.1,43,2,+0.553,+0.553
4781.412,43,2,+0.806,+0.806
4791.209,43,2,+0.392,+0.392
4800.152,43,2,+0.310,+0.310
4809.312,43,2,+0.261,+0.261
4816.845,43,2,+0.303,+0.303
4828.898,43,2,+0.309,+0.309
4833.717,43,2,+0.476,+0.476
4834.769,43,2,+0.477,+0.477
4837.645,43,2,+0.620,+0.620
4839.192,43,2,+0.651,+0.651
4839.989,43,2,+0.653,+0.653
4844.114,43,2,+0.549,+0.549
4845.208,43,2,+0.460,+0.460
4847.636,43,2,+0.393,+0.393
4852.83,43,2,+0.512,+0.512
4858.632,43,2,+0.599,+0.599
4862.328,43,2,+0.697,+0.697
4865.798,43,2,+0.666,+0.666
4873.721,43,2,+0.964,+0.964
4877.176,43,2,+0.915,+0.915
4881.41,43,2,+0.859,+0.859
4887.393,43,2,+1.047,+1.047
4892.226,43,2,+1.083,+1.083
4896.257,43,2,+1.073,+1.073
4902.801,43,2,+1.236,+1.236
4908.398,43,2,+1.274,+1.274
4912.713,43,2,+1.320,+1.320
4917.229,43,2,+1.268,+1.268
4920.898,43,2,+1.184,+1.184
4929.479,43,2,+1.269,+1.269
4933.777,43,2,+1.245,+1.245
4934.811,43,2,+1.252,+1.252
4937.198,43,2,+1.185,+1.185
4938.657,43,2,+1.166,+1.166
4939.398,43,2,+1.161,+1.161
4943.791,43,2,+1.170,+1.170
4945.041,43,2,+1.162,+1.162
4947.369,43,2,+1.134,+1.134
4952.228,43,2,+0.967,+0.967
4957.906,43,2,+1.087,+1.087
4961.444,43,2,+1.119,+1.119
4965.014,43,2,+1.092,+1.092
4972.303,43,2,+1.131,+1.131
4975.975,43,2,+1.087,+1.087
4980.181,43,2,+1.020,+1.020
4985.932,43,3,+1.020,+1.020
4986.101,43,3,+1.023,+0.095
4991.189,43,3,+1.460,+0.356
4995.204,43,3,+1.426,+0.307
5001.831,43,3,+1.723,+0.619
5007.394,43,3,+1.778,+0.803
5011.678,43,3,+1.818,+0.833
5016.111,43,3,+1.716,+0.868
5019.72,43,3,+1.529,+0.876
5028.37,43,3,+1.731,+1.172
5032.645,43,3,+1.767,+1.153
5033.692,43,3,+1.780,+1.182
5036.067,43,3,+1.760,+1.221
5037.457,43,3,+1.758,+1.242
5038.27,43,3,+1.768,+1.265
5042.654,43,3,+1.949,+1.545
5043.91,43,3,+1.975,+1.603
5046.153,43,3,+2.012,+1.512
5051.064,43,3,+2.090,+1.533
5056.798,43,3,+2.372,+1.721
5060.256,43,4,+2.372,+1.721
5060.478,43,4,+2.679,+0.184
5064.146,43,4,+2.724,+0.146
5071.793,43,4,+3.320,+0.689
5075.498,43,4,+3.302,+0.655
5079.73,43,4,+3.419,+0.632
5085.668,43,4,+3.654,+0.911
5090.51,43,4,+3.910,+1.088
5094.559,43,4,+3.902,+1.030
5101.111,43,4,+4.166,+1.203
5106.757,43,4,+4.418,+1.303
5111.157,43,4,+4.566,+1.406
5115.673,43,4,+4.523,+1.442
5119.398,43,4,+4.416,+1.425
5127.888,43,5,+4.416,+1.425
5128.446,43,5,+5.082,+0.482
5132.799,43,5,+5.184,+0.557
5133.757,43,5,+5.234,+0.596
5136.134,43,5,+5.262,+0.708
5137.595,43,5,+5.269,+0.708
5138.36,43,5,+5.270,+0.689
5142.7,43,5,+5.226,+0.517
5143.878,43,5,+5.192,+0.471
5146.162,43,5,+5.174,+0.467
5151.294,43,5,+5.379,+0.744
5156.966,43,5,+5.676,+0.942
5160.482,43,5,+5.761,+1.055
5164.013,43,5,+5.684,+1.031
5171.343,43,5,+5.967,+1.217
5174.978,43,5,+5.942,+1.213
5179.178,43,5,+6.019,+1.278
5184.999,43,5,+6.114,+1.462
5189.849,43,5,+6.399,+1.731
5193.881,43,5,+6.400,+1.745
5200.378,43,5,+6.614,+2.011
5205.941,43,5,+6.827,+2.206
5210.215,43,5,+6.899,+2.263
5214.68,43,5,+6.830,+2.232
5218.379,43,5,+6.771,+2.268
5226.992,43,5,+7.085,+2.523
5231.152,43,5,+7.014,+2.452
5232.078,43,5,+6.992,+2.455
5234.514,43,5,+7.085,+2.612
5235.978,43,5,+7.099,+2.642
5236.718,43,5,+7.098,+2.652
5241.069,43,5,+7.042,+2.683
5242.252,43,5,+7.020,+2.692
5244.544,43,5,+6.991,+2.692
5249.678,43,5,+7.298,+2.921
5255.298,43,5,+7.478,+3.076
5258.83,43,5,+7.541,+3.197
5262.439,43,5,+7.553,+3.208
5269.798,43,5,+7.839,+3.511
5273.486,43,5,+7.851,+3.495
5277.658,43,5,+7.723,+3.526
5283.397,43,5,+7.663,+3.631
5288.222,43,5,+7.889,+3.863
5292.345,43,5,+7.954,+3.942
5298.904,43,5,+8.174,+4.204
5304.417,43,5,+8.319,+4.310
5308.717,43,5,+8.391,+4.364
5313.303,43,5,+8.407,+4.436
5317.029,43,5,+8.416,+4.563
5325.798,43,5,+8.757,+4.883
5329.999,43,5,+8.753,+4.918
5330.979,43,5,+8.813,+5.005
5333.451,43,5,+8.913,+5.181
5334.963,43,5,+8.955,+5.245
5335.679,43,5,+8.985,+5.285
5340.008,43,5,+8.956,+5.330
5341.216,43,5,+8.935,+5.342
5343.563,43,5,+8.979,+5.395
5348.72,43,5,+9.272,+5.485
5354.317,43,5,+9.453,+5.698
5357.863,43,5,+9.567,+5.799
5361.507,43,5,+9.590,+5.888
5368.981,43,5,+9.973,+6.314
5372.73,43,5,+9.981,+6.346
5376.889,43,5,+9.896,+6.396
5382.834,43,5,+10.065,+6.659
5387.715,43,5,+10.344,+6.929
5391.845,43,5,+10.421,+7.071
5398.405,43,5,+10.703,+7.184
5403.899,43,5,+10.845,+7.311
5408.14,43,5,+10.882,+7.328
5412.702,43,5,+10.883,+7.266
5416.452,43,5,+10.875,+7.289
5425.271,43,5,+11.388,+7.708
5429.48,43,5,+11.450,+7.797
5430.505,43,5,+11.534,+7.897
5432.987,43,5,+11.686,+8.096
5434.504,43,5,+11.717,+8.146
5435.263,43,5,+11.735,+8.183
5439.544,43,5,+11.693,+8.399
5440.746,43,5,+11.669,+8.466
5443.034,43,5,+11.690,+8.441
5448.048,43,5,+11.902,+8.295
5453.733,43,5,+12.018,+8.519
5457.186,43,5,+12.079,+8.625
5460.899,43,5,+12.143,+8.763
5468.132,43,5,+12.377,+8.936
5471.901,43,5,+12.404,+8.983
5476.073,43,5,+12.438,+9.039
5481.88,43,5,+12.446,+9.103
5486.704,43,5,+12.609,+9.252
5490.813,43,5,+12.678,+9.388
5497.432,43,5,+12.968,+9.552
5502.87,43,5,+13.065,+9.584
5507.159,43,5,+13.134,+9.636
5511.69,43,5,+13.141,+9.688
5515.471,43,5,+13.146,+9.805
5524.081,43,5,+13.432,+9.981
5528.159,43,5,+13.313,+9.858
5529.186,43,5,+13.431,+9.930
5531.9,43,5,+13.786,+10.336
5533.404,43,5,+13.882,+10.454
5534.192,43,5,+13.928,+10.521
5538.745,43,5,+14.145,+11.071
5539.999,43,5,+14.180,+11.196
5542.332,43,5,+14.203,+11.145
5547.351,43,5,+14.276,+11.067
5552.976,43,5,+14.469,+11.283
5556.46,43,5,+14.496,+11.337
5560.101,43,5,+14.543,+11.592
5567.32,43,5,+14.742,+11.644
5571.07,43,5,+14.758,+11.568
5575.21,43,5,+14.742,+11.558
5581.002,43,5,+14.779,+11.622
5585.881,43,5,+15.008,+11.825
5589.97,43,5,+15.054,+11.857
5596.479,43,5,+15.342,+11.912
5602.058,43,5,+15.433,+12.071
5606.317,43,5,+15.473,+12.103
5610.905,43,5,+15.471,+12.306
5614.48,43,6,+15.471,+12.306
5614.683,43,6,+15.466,+0.084
5623.599,43,6,+16.079,+0.646
5627.899,43,6,+16.197,+0.673
5628.982,43,6,+16.279,+0.712
5631.332,43,6,+16.308,+0.760
5632.8,43,6,+16.314,+0.763
5633.57,43,6,+16.323,+0.766
5637.802,43,6,+16.285,+0.697
5639.0,43,6,+16.238,+0.640
5641.333,43,6,+16.256,+0.679
5646.379,43,6,+16.413,+0.825
5652.044,43,6,+16.578,+0.976
5655.558,43,6,+16.616,+0.915
5659.117,43,6,+16.600,+0.821
5666.344,43,7,+16.600,+0.821
5666.641,43,7,+17.021,+0.167
5670.254,43,7,+16.989,+0.128
5674.568,43,7,+17.149,+0.232
5680.66,43,7,+17.669,+0.416
5685.613,43,7,+17.953,+0.595
5689.769,43,7,+18.056,+0.765
5696.426,43,7,+18.451,+0.932
5701.957,43,7,+18.603,+0.959
5706.208,43,7,+18.678,+0.983
5710.644,43,7,+18.535,+0.642
5714.255,43,7,+18.357,+0.363
5722.889,43,7,+18.774,+0.562
5727.158,43,7,+18.822,+0.681
5728.136,43,7,+18.897,+0.747
5730.513,43,7,+18.909,+0.793
5731.958,43,7,+18.900,+0.744
5732.708,43,7,+18.893,+0.694
5736.927,43,7,+18.783,+0.370
5738.13,43,7,+18.731,+0.302
5740.442,43,7,+18.737,+0.366
5745.599,43,7,+18.984,+0.490
5751.364,43,7,+19.295,+0.684
5754.927,43,7,+19.384,+0.736
5758.474,43,7,+19.327,+0.632
5765.77,43,7,+19.652,+0.847
5769.505,43,7,+19.643,+0.728
5773.645,43,7,+19.616,+0.703
5779.63,43,7,+19.973,+0.865
5784.442,43,7,+20.122,+0.937
5788.442,43,7,+20.075,+0.876
5795.028,43,7,+20.299,+0.916
5800.544,43,7,+20.468,+1.030
5804.825,43,7,+20.566,+1.061
5809.281,43,7,+20.429,+0.935
5812.871,43,7,+20.246,+0.817
5821.515,43,7,+20.557,+1.056
5825.67,43,7,+20.556,+1.013
5826.68,43,7,+20.588,+1.081
5828.999,43,7,+20.588,+1.126
5830.455,43,7,+20.583,+1.139
5831.208,43,7,+20.580,+1.148
5835.457,43,7,+20.518,+1.208
5836.664,43,7,+20.485,+1.218
5838.901,43,7,+20.412,+1.152
5843.958,43,7,+20.634,+1.097
5849.718,43,7,+20.956,+1.341
5853.252,43,7,+21.038,+1.363
5856.858,43,7,+21.052,+1.312
5864.138,43,7,+21.324,+1.441
5867.873,43,7,+21.336,+1.357
5871.98,43,7,+21.323,+1.245
5877.833,43,7,+21.514,+1.308
5882.663,43,7,+21.715,+1.373
5886.718,43,7,+21.742,+1.377
5893.338,43,7,+22.056,+1.600
5898.901,43,7,+22.205,+1.656
5903.151,43,7,+22.248,+1.670
5907.651,43,7,+22.205,+1.618
5911.307,43,7,+22.076,+1.501
5919.916,43,7,+22.400,+1.666
5924.104,43,7,+22.415,+1.650
5925.057,43,7,+22.437,+1.697
5927.448,43,7,+22.497,+1.718
5928.901,43,7,+22.514,+1.719
5929.667,43,7,+22.514,+1.715
5933.916,43,7,+22.441,+1.685
5935.088,43,7,+22.407,+1.681
5937.338,43,7,+22.338,+1.654
5942.497,43,7,+22.646,+1.610
5948.198,43,7,+22.925,+1.791
5951.76,43,7,+23.067,+1.843
5955.338,43,7,+23.063,+1.789
5962.682,43,7,+23.405,+2.001
5966.385,43,7,+23.419,+1.930
5970.479,43,7,+23.354,+1.807
5976.342,43,7,+23.536,+1.835
5981.148,43,7,+23.727,+1.868
5985.191,43,7,+23.734,+1.884
5991.744,43,7,+23.999,+2.026
5997.382,43,7,+24.252,+2.101
6001.641,43,7,+24.308,+2.147
6006.141,43,7,+24.268,+2.121
6009.813,43,7,+24.166,+2.054
6018.313,43,7,+24.384,+2.209
6022.516,43,7,+24.388,+2.194
6023.516,43,7,+24.401,+2.217
6025.86,43,7,+24.394,+2.221
6027.3,43,7,+24.388,+2.223
6028.048,43,7,+24.384,+2.230
6032.297,43,7,+24.332,+2.346
6033.496,43,7,+24.306,+2.376
6035.687,43,7,+24.255,+2.305
6040.804,43,7,+24.482,+2.344
6046.445,43,7,+24.704,+2.467
6050.009,43,7,+24.754,+2.488
6053.583,43,7,+24.729,+2.413
6060.819,43,7,+24.923,+2.548
6064.506,43,7,+24.893,+2.445
6068.569,43,7,+24.888,+2.320
6074.418,43,7,+25.063,+2.385
6079.261,43,7,+25.253,+2.446
6083.355,43,7,+25.290,+2.524
6089.824,43,7,+25.472,+2.586
6095.387,43,7,+25.675,+2.732
6099.699,43,7,+25.765,+2.796
6104.23,43,7,+25.736,+2.781
6107.91,43,7,+25.658,+2.743
6116.399,43,7,+25.854,+2.919
6120.625,43,7,+25.877,+2.920
6121.655,43,7,+25.891,+2.940
6123.93,43,7,+25.877,+2.921
6125.355,43,7,+25.871,+2.919
6126.081,43,7,+25.866,+2.920
6130.348,43,7,+25.813,+2.967
6131.564,43,7,+25.792,+2.974
6133.8,43,7,+25.726,+2.866
6138.871,43,7,+25.962,+2.764
6144.47,43,7,+26.165,+2.930
6148.03,43,7,+26.236,+2.972
6151.581,43,7,+26.197,+2.893
6158.831,43,7,+26.446,+3.031
6162.565,43,7,+26.440,+2.939
6166.702,43,7,+26.461,+2.845
6172.465,43,7,+26.536,+2.831
6177.329,43,7,+26.772,+2.925
6181.423,43,7,+26.828,+2.987
6187.907,43,7,+27.046,+3.090
6193.516,43,7,+27.163,+3.193
6197.767,43,7,+27.208,+3.239
6202.298,43,7,+27.203,+3.222
6206.032,43,7,+27.201,+3.192
6214.675,43,7,+27.510,+3.471
6218.86,43,7,+27.527,+3.479
6219.846,43,7,+27.542,+3.510
6222.198,43,7,+27.552,+3.535
6223.645,43,7,+27.558,+3.547
6224.397,43,7,+27.564,+3.563
6228.68,43,7,+27.585,+3.727
6229.933,43,7,+27.578,+3.765
6232.111,43,7,+27.485,+3.705
6237.145,43,7,+27.583,+3.618
6242.9,43,7,+27.920,+3.843
6246.39,43,7,+27.969,+3.882
6250.018,43,7,+27.974,+3.835
6257.272,43,7,+28.256,+4.011
6261.0,43,7,+28.255,+3.912
6265.12,43,7,+28.239,+3.827
6270.837,43,7,+28.278,+3.774
6275.659,43,7,+28.512,+3.858
6279.782,43,7,+28.558,+3.886
6286.259,43,7,+28.739,+3.959
6291.781,43,7,+28.856,+4.010
6296.034,43,7,+28.925,+4.060
6300.573,43,7,+28.901,+4.050
6304.28,43,7,+28.849,+4.053
6313.209,43,8,+28.849,+4.053
6313.4,43,8,+29.600,+0.089
6317.33,43,8,+29.377,+0.030
6318.381,43,8,+29.489,+0.087
6321.292,43,8,+30.055,+0.264
6322.719,43,9,+30.055,+0.264
6322.933,43,9,+30.191,+0.078
6323.771,43,9,+30.274,+0.145
6328.232,43,9,+30.513,+0.003
6329.373,43,8,+30.513,+0.003
6329.467,43,8,+30.536,+0.434
6331.795,43,8,+30.567,+0.483
6336.951,43,8,+30.783,+0.552
6342.685,43,8,+31.093,+0.739
6346.216,43,8,+31.154,+0.763
6349.795,43,8,+31.123,+0.721
6357.103,43,8,+31.475,+0.912
6360.806,43,8,+31.471,+0.882
6364.928,43,8,+31.526,+0.979
6370.881,43,8,+31.788,+1.185
6375.689,43,8,+31.965,+1.245
6379.781,43,8,+31.981,+1.222
6386.28,43,8,+32.286,+1.351
6391.808,43,8,+32.412,+1.348
6396.043,43,8,+32.446,+1.353
6400.449,43,8,+32.323,+1.300
6404.136,43,8,+32.221,+1.220
6412.656,43,8,+32.465,+1.216
6416.893,43,8,+32.506,+1.278
6417.862,43,8,+32.538,+1.316
6420.205,43,8,+32.581,+1.295
6421.643,43,8,+32.604,+1.297
6422.408,43,8,+32.617,+1.303
6426.721,43,8,+32.658,+1.345
6427.955,43,8,+32.648,+1.343
6430.143,43,8,+32.559,+1.358
6435.19,43,8,+32.817,+1.440
6440.946,43,8,+33.151,+1.614
6444.525,43,8,+33.278,+1.691
6448.119,43,8,+33.275,+1.672
6455.322,43,8,+33.513,+1.764
6459.01,43,8,+33.521,+1.750
6463.135,43,8,+33.497,+1.772
6468.947,43,8,+33.679,+1.890
6473.866,43,8,+33.948,+1.963
6477.944,43,8,+34.016,+1.997
6484.507,43,8,+34.320,+2.174
6490.007,43,8,+34.456,+1.747
6494.269,43,8,+34.510,+1.719
6498.782,43,8,+34.475,+1.677
6502.459,43,8,+34.429,+1.610
6510.974,43,8,+34.673,+1.467
6515.146,43,8,+34.641,+1.445
6516.133,43,8,+34.669,+1.460
6518.445,43,8,+34.686,+1.421
6519.9,43,8,+34.689,+1.416
6520.644,43,8,+34.686,+1.406
6524.856,43,8,+34.600,+1.295
6526.036,43,8,+34.565,+1.262
6528.257,43,8,+34.494,+1.257
6533.319,43,8,+34.721,+1.254
6539.022,43,8,+35.059,+1.409
6542.585,43,8,+35.148,+1.470
6546.194,43,8,+35.136,+1.461
6553.407,43,8,+35.379,+1.610
6557.071,43,8,+35.360,+1.586
6561.133,43,8,+35.338,+1.583
6566.977,43,8,+35.677,+1.726
6571.852,43,8,+35.889,+1.793
6575.945,43,8,+35.926,+1.801
6582.445,43,8,+36.178,+1.858
6588.023,43,8,+36.316,+1.907
6592.273,43,8,+36.395,+1.938
6596.76,43,8,+36.348,+1.887
6600.434,43,8,+36.240,+1.780
6608.847,43,8,+36.365,+1.646
6613.002,43,8,+36.335,+1.591
6613.946,43,8,+36.338,+1.591
6616.259,43,8,+36.379,+1.589
6617.703,43,8,+36.386,+1.586
6618.547,43,8,+36.380,+1.574
6622.681,43,8,+36.284,+1.468
6623.9,43,8,+36.249,+1.436
6626.06,43,8,+36.172,+1.412
6631.072,43,8,+36.375,+1.391
6636.778,43,8,+36.771,+1.560
6640.325,43,8,+36.855,+1.629
6643.903,43,8,+36.846,+1.617
6651.111,43,8,+37.078,+1.751
6654.801,43,8,+37.075,+1.740
6658.847,43,8,+37.073,+1.759
6664.647,43,8,+37.245,+1.869
6669.503,43,8,+37.512,+1.892
6673.601,43,8,+37.573,+1.916
6680.16,43,8,+37.867,+2.051
6685.701,43,8,+38.011,+2.097
6689.981,43,8,+38.088,+2.140
6694.502,43,8,+38.063,+2.120
6698.104,43,8,+37.958,+2.027
6706.641,43,8,+38.251,+2.096
6710.673,43,8,+38.113,+1.995
6711.331,43,8,+37.766,+1.671
6715.391,43,9,+37.766,+1.671
6717.126,43,10,+37.766,+1.671
6718.423,43,11,+37.766,+1.671
6731.532,43,12,+37.766,+1.671
6741.594,43,13,+37.766,+1.671
6745.409,43,13,+61.789,+2.544
6748.275,43,13,+62.429,+3.213
6753.502,43,13,+62.737,+3.458
6763.72,43,13,+67.466,+7.989
6768.66,43,13,+67.966,+8.426
6771.41,43,13,+68.081,+8.514
6779.001,43,13,+68.692,+8.940
6782.701,43,13,+68.662,+8.823
6786.859,43,13,+68.723,+8.776
6792.846,43,13,+69.099,+8.904
6797.683,43,13,+69.267,+8.950
6801.672,43,13,+69.189,+8.906
6808.225,43,13,+69.497,+8.950
6813.812,43,13,+69.633,+8.944
6818.104,43,13,+69.715,+8.982
6822.582,43,13,+69.704,+8.958
6826.201,43,13,+69.548,+8.806
6835.481,43,13,+70.587,+9.434
6839.762,43,13,+70.717,+9.562
6840.794,43,13,+70.800,+9.603
6843.2,43,13,+70.878,+9.643
6844.637,43,13,+70.893,+9.660
6845.388,43,13,+70.890,+9.666
6849.544,43,13,+70.706,+9.607
6850.731,43,13,+70.650,+9.584
6852.95,43,13,+70.705,+9.615
6858.115,43,13,+70.916,+9.691
6863.515,43,13,+70.939,+9.427
6867.129,43,13,+71.125,+9.481
6870.713,43,13,+71.106,+9.454
6877.917,43,13,+71.311,+9.359
6881.573,43,13,+71.298,+9.251
6885.645,43,13,+71.274,+9.142
6891.395,43,13,+71.392,+9.088
6896.11,43,13,+71.537,+9.007
6900.187,43,13,+71.580,+9.047
6906.519,43,13,+71.670,+8.819
6912.003,43,13,+71.789,+8.707
6916.238,43,13,+71.836,+8.711
6920.769,43,13,+71.844,+8.687
6924.519,43,13,+71.855,+8.647
6932.925,43,13,+72.025,+8.449
6937.113,43,13,+72.042,+8.431
6938.128,43,13,+72.093,+8.404
6940.394,43,13,+72.090,+8.395
6941.87,43,13,+72.101,+8.415
6942.611,43,13,+72.102,+8.428
6946.918,43,13,+72.072,+8.546
6948.151,43,13,+72.062,+8.577
6950.301,43,13,+72.005,+8.516
6955.365,43,13,+72.069,+8.436
6960.759,43,13,+72.135,+8.255
6964.306,43,13,+72.238,+8.262
6967.915,43,13,+72.215,+8.239
6974.934,43,13,+72.204,+8.046
6978.582,43,13,+72.171,+7.924
6982.646,43,13,+72.178,+7.819
6988.325,43,13,+72.345,+7.701
6993.013,43,13,+72.398,+7.559
6997.082,43,13,+72.421,+7.608
7003.457,43,13,+72.556,+7.422
7008.941,43,13,+72.638,+7.291
7013.175,43,13,+72.672,+7.289
7017.722,43,13,+72.665,+7.268
7021.441,43,13,+72.636,+7.257
7029.816,43,13,+72.826,+7.021
7034.004,43,13,+72.829,+6.979
7034.972,43,13,+72.848,+6.929
7037.231,43,13,+72.846,+6.929
7038.661,43,13,+72.849,+6.929
7039.391,43,13,+72.848,+6.890
7043.651,43,12,+72.848,+6.890
7043.729,43,12,+72.827,+6.984
7044.916,43,12,+72.818,+7.006
7047.135,43,12,+72.782,+6.992
7052.088,43,12,+72.920,+6.940
7057.566,43,12,+72.935,+6.741
7061.085,43,12,+72.974,+6.756
7064.673,43,12,+72.968,+6.740
7071.758,43,12,+73.119,+6.599
7075.429,43,12,+73.107,+6.466
7079.492,43,12,+73.081,+6.323
7085.208,43,12,+73.251,+6.228
7089.905,43,12,+73.330,+6.158
7094.003,43,12,+73.388,+6.229
7100.393,43,12,+73.443,+6.149
7105.867,43,12,+73.537,+6.025
7110.07,43,12,+73.582,+6.024
7114.585,43,12,+73.577,+6.001
7118.336,43,12,+73.580,+5.984
7126.807,43,12,+73.770,+5.839
7130.969,43,12,+73.789,+5.860
7131.921,43,12,+73.832,+5.842
7134.26,43,12,+73.853,+5.845
7135.682,43,12,+73.857,+5.852
7136.401,43,12,+73.857,+5.861
7140.713,43,12,+73.837,+5.965
7141.917,43,12,+73.829,+5.991
7144.088,43,12,+73.778,+5.971
7149.057,43,12,+73.765,+5.935
7154.526,43,12,+73.885,+5.745
7158.073,43,12,+73.945,+5.743
7161.651,43,12,+73.934,+5.717
7168.76,43,12,+74.046,+5.607
7172.432,43,12,+74.025,+5.529
7176.495,43,12,+74.003,+5.440
7182.213,43,12,+74.192,+5.380
7186.969,43,12,+74.342,+5.360
7191.067,43,12,+74.386,+5.416
7197.481,43,12,+74.581,+5.313
7202.967,43,12,+74.702,+5.198
7207.217,43,12,+74.778,+5.240
7211.732,43,12,+74.782,+5.218
7215.435,43,12,+74.758,+5.152
7223.866,43,12,+74.646,+4.873
7227.96,43,12,+74.635,+4.788
7228.894,43,12,+74.658,+4.738
7231.253,43,12,+74.656,+4.731
7232.634,43,12,+74.659,+4.743
7233.389,43,12,+74.656,+4.752
7237.639,43,12,+74.624,+4.840
7238.842,43,12,+74.620,+4.866
7240.999,43,12,+74.584,+4.860
7245.999,43,12,+74.762,+4.845
7251.483,43,12,+74.820,+4.621
7254.983,43,12,+74.902,+4.602
7258.582,43,12,+74.896,+4.568
7265.666,43,12,+75.028,+4.425
7269.335,43,12,+75.027,+4.344
7273.347,43,12,+75.003,+4.238
7279.081,43,12,+75.229,+4.181
7283.868,43,12,+75.390,+4.141
7287.905,43,12,+75.425,+4.193
7294.279,43,12,+75.593,+4.086
7299.809,43,12,+75.763,+4.011
7304.027,43,12,+75.819,+4.019
7308.561,43,12,+75.816,+3.979
7312.237,43,12,+75.819,+3.904
7320.651,43,12,+75.945,+3.699
7324.81,43,12,+75.936,+3.670
7325.749,43,12,+75.944,+3.611
7328.034,43,12,+75.945,+3.581
7329.447,43,12,+75.949,+3.591
7330.201,43,12,+75.949,+3.601
7334.476,43,12,+75.959,+3.711
7335.682,43,12,+75.962,+3.736
7337.847,43,12,+75.966,+3.748
7342.921,43,12,+76.206,+3.795
7348.423,43,12,+76.276,+3.619
7351.947,43,12,+76.341,+3.600
7355.557,43,12,+76.335,+3.579
7362.702,43,12,+76.510,+3.537
7366.368,43,12,+76.490,+3.433
7370.403,43,12,+76.470,+3.328
7376.188,43,12,+76.781,+3.294
7380.965,43,12,+76.968,+3.286
7385.002,43,12,+76.992,+3.319
7391.405,43,12,+77.103,+3.149
7396.881,43,12,+77.256,+3.047
7401.142,43,12,+77.331,+3.082
7405.657,43,12,+77.353,+3.048
7409.366,43,12,+77.382,+2.995
7417.814,43,12,+77.569,+2.827
7421.975,43,12,+77.589,+2.807
7422.947,43,12,+77.627,+2.778
7425.234,43,12,+77.654,+2.764
7426.673,43,12,+77.671,+2.779
7427.421,43,12,+77.672,+2.787
7431.672,43,12,+77.671,+2.847
7432.91,43,12,+77.673,+2.857
7434.998,43,12,+77.640,+2.814
7440.036,43,12,+77.826,+2.855
7445.512,43,12,+77.832,+2.689
7449.085,43,12,+77.907,+2.736
7452.682,43,12,+77.927,+2.722
7459.764,43,12,+78.002,+2.599
7463.424,43,12,+77.993,+2.521
7467.439,43,12,+77.959,+2.436
7473.149,43,12,+78.073,+2.442
7477.912,43,12,+78.166,+2.395
7481.976,43,12,+78.211,+2.456
7488.382,43,12,+78.213,+2.314
7493.957,43,12,+78.212,+2.248
7498.193,43,12,+78.266,+2.266
7502.705,43,12,+78.335,+2.220
7506.361,43,12,+78.443,+2.111
7514.725,43,12,+78.496,+1.709
7518.842,43,12,+78.459,+1.651
7519.782,43,12,+78.443,+1.591
7522.085,43,12,+78.379,+1.571
7523.532,43,12,+78.367,+1.583
7524.259,43,12,+78.363,+1.591
7528.513,43,12,+78.355,+1.660
7529.72,43,12,+78.344,+1.669
7531.868,43,12,+78.315,+1.628
7536.933,43,12,+78.566,+1.714
7542.492,43,12,+78.679,+1.627
7546.022,43,12,+78.720,+1.621
7549.599,43,12,+78.734,+1.592
7556.749,43,12,+78.924,+1.561
7560.429,43,12,+78.934,+1.464
7564.453,43,12,+78.933,+1.353
7570.194,43,12,+79.232,+1.389
7574.984,43,12,+79.379,+1.370
7579.057,43,12,+79.393,+1.421
7585.615,43,12,+79.699,+0.495
7591.233,43,12,+79.884,+0.233
7595.53,43,12,+80.022,+0.284
7599.95,43,12,+80.058,+0.153
7603.403,43,11,+80.058,+0.153
7603.493,43,11,+80.004,+7.364
7612.082,43,11,+80.406,+7.424
7616.245,43,11,+80.408,+7.450
7617.208,43,11,+80.432,+7.479
7619.512,43,11,+80.448,+7.444
7620.957,43,11,+80.463,+7.442
7621.712,43,11,+80.468,+7.437
7625.984,43,11,+80.504,+7.394
7627.225,43,11,+80.521,+7.379
7629.403,43,11,+80.520,+7.240
7634.417,43,11,+80.714,+7.112
7639.973,43,11,+80.852,+6.984
7643.521,43,11,+80.939,+7.003
7647.149,43,11,+80.960,+7.038
7654.258,43,11,+81.162,+7.022
7657.961,43,11,+81.174,+7.005
7662.002,43,11,+81.184,+6.902
7667.773,43,11,+81.394,+6.840
7672.591,43,11,+81.552,+6.781
7676.648,43,11,+81.583,+6.799
7683.067,43,11,+81.688,+6.721
7688.698,43,11,+81.907,+6.792
7692.935,43,11,+81.961,+6.774
7697.515,43,11,+82.000,+6.781
7701.219,43,11,+82.095,+6.814
7709.668,43,11,+82.142,+6.736
7713.773,43,11,+82.118,+6.713
7714.72,43,11,+82.120,+6.728
7717.065,43,11,+82.079,+6.710
7718.486,43,11,+82.071,+6.703
7719.257,43,11,+82.068,+6.695
7723.498,43,11,+82.084,+6.629
7724.673,43,11,+82.100,+6.609
7726.82,43,11,+82.041,+6.459
7731.961,43,11,+82.395,+6.482
7737.483,43,11,+82.421,+6.341
7740.998,43,11,+82.460,+6.335
7744.583,43,11,+82.472,+6.359
7751.685,43,11,+82.569,+6.311
7755.404,43,11,+82.578,+6.301
7759.402,43,11,+82.578,+6.220
7765.185,43,11,+82.747,+6.137
7770.008,43,11,+82.889,+6.092
7774.057,43,11,+82.894,+6.112
7780.439,43,11,+82.974,+6.057
7786.037,43,11,+83.071,+6.062
7790.308,43,11,+83.146,+6.061
7794.81,43,11,+83.235,+6.063
7798.576,43,11,+83.414,+6.098
7806.982,43,11,+83.545,+5.823
7811.188,43,11,+83.542,+5.813
7812.108,43,11,+83.542,+5.809
7814.452,43,11,+83.511,+5.804
7815.873,43,11,+83.508,+5.799
7816.592,43,11,+83.513,+5.793
7820.849,43,11,+83.535,+5.731
7822.057,43,11,+83.536,+5.714
7824.235,43,11,+83.408,+5.599
7829.293,43,11,+83.706,+5.445
7834.774,43,11,+83.721,+5.287
7838.342,43,11,+83.797,+5.358
7841.833,43,11,+83.808,+5.343
7848.919,43,11,+84.026,+5.293
7852.607,43,11,+84.020,+5.246
7856.658,43,11,+84.008,+5.120
7862.362,43,11,+84.253,+5.054
7867.193,43,11,+84.476,+5.041
7871.256,43,11,+84.530,+5.072
7877.647,43,11,+84.730,+4.918
7883.209,43,11,+84.922,+4.924
7887.467,43,11,+84.986,+4.916
7891.973,43,11,+85.084,+4.909
7895.7,43,11,+85.153,+4.951
7904.105,43,11,+85.286,+4.707
7908.261,43,11,+85.277,+4.705
7909.209,43,11,+85.270,+4.663
7911.524,43,11,+85.261,+4.617
7912.948,43,11,+85.260,+4.606
7913.698,43,11,+85.256,+4.600
7917.92,43,11,+85.219,+4.546
7919.139,43,11,+85.207,+4.529
7921.283,43,11,+85.178,+4.397
7926.366,43,11,+85.455,+4.353
7931.834,43,11,+85.556,+4.208
7935.443,43,11,+85.706,+4.271
7939.02,43,11,+85.700,+4.279
7946.128,43,11,+85.899,+4.249
7949.791,43,11,+85.874,+4.210
7953.873,43,11,+85.845,+4.124
7959.672,43,11,+86.185,+4.141
7964.513,43,11,+86.409,+4.128
7968.583,43,11,+86.444,+4.126
7975.035,43,11,+86.696,+4.039
7980.609,43,11,+86.938,+4.037
7984.899,43,11,+87.042,+4.063
7989.399,43,11,+87.023,+0.218
7993.024,43,10,+87.023,+0.218
7993.118,43,10,+86.966,+4.061
8001.54,43,10,+87.105,+3.976
8005.665,43,10,+87.097,+3.982
8006.665,43,10,+87.147,+4.013
8008.946,43,10,+87.154,+3.946
8010.368,43,10,+87.158,+3.932
8011.149,43,10,+87.154,+3.922
8015.337,43,10,+87.110,+3.845
8016.555,43,10,+87.097,+3.823
8018.697,43,10,+87.088,+3.637
8023.821,43,10,+87.413,+3.583
8029.274,43,10,+87.544,+3.428
8032.821,43,10,+87.637,+3.496
8036.383,43,10,+87.617,+3.496
8043.458,43,10,+87.805,+3.442
8047.131,43,10,+87.800,+3.430
8051.178,43,10,+87.783,+3.377
8056.896,43,10,+88.076,+3.353
8061.693,43,10,+88.269,+3.279
8065.787,43,10,+88.343,+3.321
8072.24,43,10,+88.596,+3.256
8077.803,43,10,+88.782,+3.255
8082.053,43,10,+88.833,+3.239
8086.553,43,10,+88.814,+3.220
8090.334,43,10,+88.768,+3.211
8098.709,43,10,+89.015,+3.161
8102.866,43,10,+89.023,+3.136
8103.803,43,10,+89.019,+3.103
8106.084,43,10,+89.009,+3.045
8107.522,43,10,+89.011,+3.036
8108.303,43,10,+89.011,+3.027
8112.506,43,10,+89.005,+2.957
8113.725,43,10,+89.000,+2.934
8115.881,43,10,+89.002,+2.852
8121.006,43,10,+89.329,+2.770
8126.506,43,10,+89.432,+2.615
8130.131,43,10,+89.557,+2.696
8133.693,43,10,+89.527,+2.680
8140.772,43,10,+89.719,+2.656
8144.49,43,10,+89.807,+2.646
8148.506,43,10,+89.899,+2.571
8154.334,43,10,+90.264,+2.529
8159.1,43,10,+90.415,+2.477
8163.162,43,10,+90.405,+2.500
8169.584,43,10,+90.579,+2.388
8175.178,43,10,+90.842,+2.456
8179.413,43,10,+90.901,+2.438
8183.912,43,10,+90.868,+2.410
8187.616,43,10,+90.787,+2.437
8196.129,43,10,+90.956,+2.219
8200.274,43,10,+90.973,+2.237
8201.298,43,10,+91.007,+2.221
8203.583,43,10,+91.013,+2.203
8205.024,43,10,+91.018,+2.207
8205.758,43,10,+91.014,+2.202
8209.992,43,10,+90.951,+2.121
8211.202,43,10,+90.934,+2.094
8213.349,43,10,+90.929,+1.980
8218.403,43,10,+91.111,+1.916
8223.983,43,10,+91.317,+1.844
8227.529,43,10,+91.430,+1.848
8231.107,43,10,+91.418,+1.861
8238.25,43,10,+91.645,+1.919
8241.908,43,10,+91.702,+1.885
8245.967,43,10,+91.845,+1.788
8251.749,43,10,+92.221,+1.812
8256.566,43,10,+92.427,+1.784
8260.644,43,10,+92.424,+1.775
8267.122,43,10,+92.665,+1.697
8272.721,43,10,+92.925,+1.722
8276.974,43,10,+93.002,+1.729
8281.467,43,10,+92.951,+1.698
8285.162,43,10,+92.850,+1.707
8293.75,43,10,+92.885,+1.763
8297.867,43,10,+92.863,+1.769
8298.814,43,10,+92.874,+1.771
8301.183,43,10,+92.913,+1.782
8302.603,43,10,+92.915,+1.782
8303.337,43,10,+92.906,+1.778
8307.603,43,10,+92.817,+1.724
8308.778,43,10,+92.792,+1.699
8311.067,43,10,+92.858,+1.700
8316.176,43,10,+93.233,+1.765
8321.78,43,10,+93.419,+1.655
8325.368,43,10,+93.508,+1.686
8328.905,43,10,+93.471,+1.691
8336.068,43,10,+93.750,+1.733
8339.759,43,10,+93.823,+1.703
8343.797,43,10,+93.917,+1.625
8349.625,43,10,+94.320,+1.675
8354.438,43,10,+94.504,+1.679
8358.516,43,10,+94.515,+1.693
8365.141,43,10,+94.937,+1.810
8371.063,43,10,+95.424,+2.023
8375.735,43,10,1 L,+2.475
8380.344,43,10,1 L,+2.540
8384.0,43,10,1 L,+2.512
8392.75,43,10,1 L,+2.743
8396.908,43,10,1 L,+2.787
8397.86,43,10,1 L,+2.789
8400.25,43,10,1 L,+2.816
8401.703,43,10,1 L,+2.820
8402.408,43,10,1 L,+2.808
8406.547,43,10,1 L,+2.636
8407.719,43,10,1 L,+2.572
8409.938,43,10,1 L,+2.531
8415.111,43,10,1 L,+2.705
8420.75,43,10,1 L,+2.600
8424.309,43,10,1 L,+2.613
8427.783,43,10,1 L,+2.550
8434.991,43,10,1 L,+2.528
8438.662,43,10,1 L,+2.506
8442.678,43,10,1 L,+2.425
8448.491,43,10,1 L,+2.459
8453.383,43,10,1 L,+2.462
8457.388,43,10,1 L,+2.027
8463.975,43,10,1 L,+1.431
8469.584,43,10,1 L,+1.479
8473.816,43,10,1 L,+1.471
8478.227,43,10,1 L,+1.414
8481.849,43,10,1 L,+1.506
8490.433,43,10,1 L,+1.522
8494.551,43,10,1 L,+1.509
8495.563,43,10,1 L,+1.471
8497.851,43,10,1 L,+1.386
8499.256,43,10,1 L,+1.375
8499.983,43,10,1 L,+1.370
8504.158,43,10,1 L,+1.288
8505.321,43,10,1 L,+1.257
8507.504,43,10,1 L,+1.182
8512.621,43,10,1 L,+1.105
8518.263,43,10,1 L,+1.032
8521.849,43,10,1 L,+1.097
8525.384,43,10,1 L,+1.147
8532.755,43,10,1 L,+1.279
8536.449,43,10,1 L,+1.278
8540.525,43,10,1 L,+1.249
8546.4,43,10,1 L,+1.293
8551.27,43,10,1 L,+1.275
8555.332,43,10,1 L,+1.323
8561.848,43,10,1 L,+1.301
8567.41,43,10,1 L,+1.300
8571.629,43,10,1 L,+1.315
8576.113,43,10,1 L,+1.390
8579.77,43,10,1 L,+1.447
8588.254,43,10,1 L,+1.369
8592.363,43,10,1 L,+1.324
8593.316,43,10,1 L,+1.317
8595.66,43,10,1 L,+1.211
8597.05,43,10,1 L,+1.191
8597.8,43,10,1 L,+1.170
8601.835,43,10,1 L,+0.888
8602.976,43,10,1 L,+0.801
8605.21,43,10,1 L,+0.772
8610.304,43,10,1 L,+0.702
8616.075,43,10,1 L,+0.811
8619.621,43,10,1 L,+0.829
8623.175,43,10,1 L,+0.811
8630.477,43,10,1 L,+0.895
8634.201,43,10,1 L,+0.834
8638.24,43,10,1 L,+0.768
8644.107,43,10,1 L,+0.818
8648.94,43,10,1 L,+0.839
8653.015,43,10,1 L,+0.862
8659.538,43,10,1 L,+0.859
8665.148,43,10,1 L,+0.888
8669.382,43,10,1 L,+0.870
8673.808,43,10,1 L,+0.806
8677.468,43,10,1 L,+0.736
8686.195,43,10,1 L,+0.833
8690.324,43,10,1 L,+0.826
8691.337,43,10,1 L,+0.809
8693.649,43,10,1 L,+0.792
8695.084,43,10,1 L,+0.784
8695.818,43,10,1 L,+0.768
8699.884,43,10,1 L,+0.560
8701.05,43,10,1 L,+0.485
8703.285,43,10,1 L,+0.477
8708.463,43,10,1 L,+0.578
8714.21,43,10,1 L,+0.552
8717.82,43,10,1 L,+0.634
8721.341,43,10,1 L,+0.616
8728.605,43,10,1 L,+0.519
8732.269,43,10,1 L,+0.478
8736.372,43,10,1 L,+0.457
8742.34,43,10,1 L,+0.590
8747.292,43,10,1 L,+0.748
8751.348,43,10,1 L,+0.752
8758.037,43,10,1 L,+0.779
8763.904,43,10,1 L,+1.110
8768.568,43,10,1 L,+1.508
8772.975,43,10,1 L,+1.457
8776.613,43,10,1 L,+1.411
8785.437,43,10,1 L,+0.443
8789.709,43,10,1 L,+0.264
8790.838,43,10,1 L,+0.297
8793.242,43,10,1 L,+0.299
8794.715,43,10,1 L,+0.297
8795.415,43,10,1 L,+0.290
8799.546,43,10,1 L,+0.376
8800.703,43,10,1 L,+0.358
8803.069,43,10,1 L,+0.329
8808.431,43,10,1 L,+0.595
8814.227,43,10,1 L,+0.532
8817.785,43,10,1 L,+0.623
8821.284,43,10,1 L,+0.600
8828.685,43,10,1 L,+0.687
8832.363,43,10,1 L,+0.670
8836.487,43,10,1 L,+0.661
8842.406,43,10,1 L,+0.742
8847.262,43,10,1 L,+0.772
8851.337,43,10,1 L,+0.767
8857.875,43,10,1 L,+0.791
8863.625,43,10,1 L,+0.891
8867.885,43,10,1 L,+0.912
8872.24,43,10,1 L,+0.886
8875.861,43,10,1 L,+0.879
8884.505,43,10,1 L,+0.874
8888.608,43,10,1 L,+0.819
8889.576,43,10,1 L,+0.803
8891.951,43,10,1 L,+0.764
8893.363,43,10,1 L,+0.747
8894.082,43,10,1 L,+0.721
8898.16,43,10,1 L,+0.436
8899.317,43,10,1 L,+0.361
8901.55,43,10,1 L,+0.300
8906.714,43,10,1 L,+0.478
8912.507,43,10,1 L,+0.510
8916.038,43,10,1 L,+0.529
8919.533,43,10,1 L,+0.486
8927.002,43,10,1 L,+0.625
8930.674,43,10,1 L,+0.611
8934.689,43,10,1 L,+0.575
8940.549,43,10,1 L,+0.681
8945.439,43,10,1 L,+0.757
8949.471,43,10,1 L,+0.762
8956.033,43,10,1 L,+0.713
8961.69,43,10,1 L,+0.830
8965.908,43,10,1 L,+0.806
8970.212,43,10,1 L,+0.585
8973.619,43,10,1 L,+0.418
8982.55,43,10,1 L,+0.650
8986.805,43,10,1 L,+0.745
8987.77,43,10,1 L,+0.750
8990.108,43,10,1 L,+0.717
8991.586,43,10,1 L,+0.720
8992.33,43,10,1 L,+0.730
9138.164,43,10,1L,+0.730
13.093,31,13,,
3391.916,31,13,+1.513,+0.218
3393.066,31,9,+1.513,+0.218
3393.154,31,9,+1.382,+0.230
3395.914,31,9,+1.687,+0.319
3401.342,31,9,+2.108,+0.344
3408.236,31,10,+2.108,+0.344
3408.283,31,9,+2.108,+0.344
3408.377,31,9,+2.905,+0.372
3411.152,31,10,+2.905,+0.372
3411.314,31,10,+3.049,+0.078
3414.951,31,10,+3.215,+0.319
3423.077,31,11,+3.215,+0.319
3423.396,31,12,+3.215,+0.319
3423.697,31,13,+3.215,+0.319
3423.826,31,12,+3.215,+0.319
3423.914,31,12,+4.423,+0.072
3427.147,31,12,+4.455,+0.145
3431.704,31,12,+4.868,+0.230
3438.407,31,12,+5.625,+0.383
3443.098,31,12,+5.997,+0.296
3447.166,31,12,+6.036,+0.364
3454.196,31,12,+6.678,+0.421
3459.676,31,12,+6.760,+0.284
3464.067,31,10,+6.760,+0.284
3464.144,31,10,+6.887,+0.232
3468.526,31,10,+6.734,+0.144
3472.004,31,10,+6.479,+0.040
3480.473,31,9,+6.479,+0.040
3480.551,31,9,+6.641,+0.314
3485.068,31,9,+6.765,+0.250
3486.246,31,9,+6.955,+0.260
3488.892,31,9,+7.217,+0.191
3490.273,31,9,+7.249,+0.184
3491.045,31,9,+7.245,+0.180
3495.099,31,9,+7.059,+0.171
3496.251,31,9,+6.977,+0.159
3498.877,31,9,+7.044,+0.216
3504.364,31,9,+7.398,+0.327
3510.114,31,9,+7.539,+0.386
3513.647,31,9,+7.427,+0.195
3517.177,31,9,+7.208,+0.136
3524.912,31,9,+7.384,+0.137
3528.61,31,9,+7.411,+0.116
3532.751,31,8,+7.411,+0.116
3532.833,31,8,+7.418,+0.922
3538.776,31,8,+7.465,+0.896
3543.568,31,8,+7.551,+0.769
3547.652,31,8,+7.537,+0.798
3554.207,31,8,+7.689,+0.649
3559.768,31,8,+7.745,+0.644
3564.012,31,8,+7.767,+0.658
3568.56,31,8,+7.545,+0.645
3572.76,31,8,+7.606,+0.634
3580.873,31,8,+7.874,+0.626
3585.061,31,8,+7.780,+0.516
3586.092,31,8,+7.841,+0.487
3588.53,31,8,+7.977,+0.538
3590.015,31,8,+7.991,+0.541
3590.78,31,8,+7.987,+0.547
3595.042,31,8,+7.855,+0.645
3596.236,31,8,+7.811,+0.667
3598.641,31,8,+7.786,+0.660
3603.795,31,8,+8.047,+0.815
3609.539,31,8,+8.223,+0.819
3612.977,31,8,+8.283,+0.786
3616.685,31,8,+8.335,+0.834
3624.128,31,8,+8.496,+0.815
3627.797,31,8,+8.496,+0.755
3632.099,31,8,+8.520,+0.851
3637.898,31,8,+8.606,+0.790
3642.66,31,8,+8.788,+0.724
3646.775,31,8,+8.846,+0.782
3653.274,31,8,+8.932,+0.714
3658.897,31,8,+9.098,+0.734
3663.156,31,8,+9.168,+0.747
3667.629,31,8,+9.037,+0.672
3671.331,31,8,+8.835,+0.606
3679.852,31,8,+8.876,+0.596
3684.154,31,8,+8.892,+0.579
3685.182,31,8,+8.959,+0.573
3687.611,31,8,+9.050,+0.648
3689.046,31,8,+9.061,+0.672
3689.852,31,8,+9.056,+0.682
3694.141,31,8,+8.923,+0.716
3695.321,31,8,+8.881,+0.717
3697.667,31,8,+8.902,+0.702
3702.677,31,8,+8.832,+0.579
3708.36,31,8,+9.038,+0.681
3711.838,31,8,+9.047,+0.629
3715.519,31,8,+9.105,+0.687
3722.915,31,8,+9.412,+0.728
3726.624,31,8,+9.404,+0.621
3730.983,31,8,+9.472,+0.758
3736.905,31,8,+9.704,+0.755
3741.639,31,8,+9.916,+0.623
3745.749,31,8,+10.000,+0.627
3752.3,31,8,+10.349,+0.594
3757.878,31,8,+10.435,+0.484
3762.19,31,8,+10.527,+0.535
3766.675,31,8,+10.403,+0.450
3770.269,31,8,+10.193,+0.351
3778.912,31,8,+10.406,+0.452
3783.256,31,8,+10.514,+0.490
3784.287,31,8,+10.598,+0.491
3786.709,31,8,+10.742,+0.619
3788.146,31,8,+10.766,+0.653
3788.928,31,8,+10.764,+0.670
3793.209,31,8,+10.625,+0.755
3794.375,31,8,+10.581,+0.773
3796.819,31,8,+10.651,+0.863
3801.797,31,8,+10.796,+0.630
3807.496,31,8,+10.883,+0.668
3810.955,31,8,+10.902,+0.559
3814.611,31,8,+10.962,+0.566
3822.064,31,8,+11.272,+0.586
3825.768,31,8,+11.269,+0.501
3830.064,31,8,+11.309,+0.530
3836.017,31,8,+11.551,+0.512
3840.752,31,8,+11.635,+0.396
3844.939,31,8,+11.715,+0.460
3851.549,31,8,+12.054,+0.473
3857.033,31,8,+12.053,+0.319
3861.356,31,8,+12.138,+0.350
3865.776,31,8,+11.978,+0.196
3869.397,31,8,+11.739,+0.007
3877.831,31,7,+11.739,+0.007
3877.94,31,7,+11.778,+1.765
3882.3,31,7,+11.906,+1.868
3883.188,31,7,+11.980,+1.891
3885.631,31,7,+12.050,+1.924
3887.006,31,7,+12.069,+1.939
3887.943,31,7,+12.075,+1.953
3892.177,31,7,+12.058,+2.032
3893.428,31,7,+12.049,+2.052
3895.756,31,7,+12.091,+2.133
3900.73,31,7,+12.247,+1.857
3906.327,31,7,+12.318,+1.842
3909.766,31,7,+12.348,+1.763
3913.497,31,7,+12.451,+1.909
3920.784,31,7,+12.648,+1.862
3924.503,31,7,+12.638,+1.865
3928.737,31,7,+12.610,+1.874
3934.534,31,7,+12.757,+1.907
3939.331,31,7,+12.908,+1.835
3943.456,31,7,+12.975,+1.878
3949.972,31,7,+13.152,+1.825
3955.443,31,7,+13.261,+1.765
3959.776,31,7,+13.353,+1.781
3964.388,31,7,+13.397,+1.852
3968.276,31,7,+13.433,+1.942
3976.717,31,7,+13.529,+1.860
3981.03,31,7,+13.626,+1.931
3981.996,31,7,+13.671,+1.920
3984.339,31,7,+13.660,+1.953
3985.741,31,7,+13.661,+1.967
3986.529,31,7,+13.661,+1.977
3990.955,31,7,+13.626,+2.011
3992.122,31,7,+13.620,+2.022
3994.381,31,7,+13.490,+2.050
3999.498,31,7,+13.607,+1.898
4005.113,31,7,+13.758,+1.905
4008.684,31,7,+13.900,+1.894
4012.455,31,7,+14.027,+2.061
4019.7,31,7,+14.192,+1.977
4023.434,31,7,+14.211,+2.027
4027.613,31,7,+14.143,+1.967
4033.402,31,7,+14.207,+1.871
4038.212,31,7,+14.377,+1.796
4042.327,31,7,+14.452,+1.861
4048.952,31,7,+14.723,+1.951
4054.468,31,7,+14.864,+1.913
4058.811,31,7,+14.964,+1.950
4063.443,31,7,+15.034,+2.045
4067.313,31,7,+15.069,+2.155
4075.749,31,7,+15.110,+2.078
4080.046,31,7,+15.194,+2.165
4081.03,31,7,+15.255,+2.200
4083.436,31,7,+15.323,+2.237
4084.827,31,7,+15.334,+2.253
4085.608,31,7,+15.335,+2.258
4089.983,31,7,+15.294,+2.250
4091.249,31,7,+15.283,+2.251
4093.53,31,7,+15.265,+2.313
4098.533,31,7,+15.330,+2.115
4104.218,31,7,+15.522,+2.257
4107.833,31,7,+15.603,+2.182
4111.492,31,7,+15.732,+2.316
4118.675,31,7,+15.886,+2.192
4122.477,31,7,+15.900,+2.219
4126.672,31,7,+15.920,+2.215
4132.453,31,7,+16.019,+2.172
4137.297,31,7,+16.188,+2.072
4141.5,31,7,+16.297,+2.159
4148.078,31,7,+16.528,+2.194
4153.569,31,7,+16.658,+2.095
4157.933,31,7,+16.758,+2.127
4162.496,31,7,+16.787,+2.206
4166.308,31,7,+16.789,+2.309
4174.818,31,7,+16.823,+2.231
4179.099,31,7,+16.887,+2.288
4180.061,31,7,+16.931,+2.313
4182.632,31,7,+17.004,+2.303
4183.897,31,7,+17.022,+2.304
4184.902,31,7,+17.028,+2.314
4189.032,31,7,+17.006,+2.384
4190.282,31,7,+16.999,+2.403
4192.594,31,7,+16.938,+2.401
4197.672,31,7,+17.113,+2.272
4203.297,31,7,+17.321,+2.377
4206.813,31,7,+17.362,+2.329
4210.6,31,7,+17.492,+2.491
4217.776,31,7,+17.632,+2.327
4221.523,31,7,+17.623,+2.340
4225.771,31,7,+17.704,+2.341
4231.629,31,7,+17.750,+2.243
4236.569,31,7,+17.863,+2.178
4240.599,31,7,+17.922,+2.239
4247.061,31,7,+18.052,+2.141
4252.597,31,7,+18.225,+2.092
4256.952,31,7,+18.306,+2.042
4261.507,31,7,+18.345,+2.101
4265.342,31,7,+18.378,+2.197
4273.813,31,7,+18.476,+2.144
4278.084,31,7,+18.558,+2.214
4279.084,31,7,+18.641,+2.219
4281.475,31,7,+18.686,+2.280
4282.912,31,7,+18.694,+2.295
4283.662,31,7,+18.690,+2.296
4287.959,31,7,+18.580,+2.211
4289.1,31,7,+18.547,+2.189
4291.381,31,7,+18.498,+2.197
4296.444,31,7,+18.691,+2.122
4302.022,31,7,+18.805,+2.094
4305.631,31,7,+18.940,+2.083
4309.377,31,7,+19.063,+2.223
4316.642,31,7,+19.226,+2.179
4320.396,31,7,+19.254,+2.236
4324.678,31,7,+19.311,+2.286
4330.47,31,7,+19.321,+2.111
4335.277,31,7,+19.472,+1.958
4339.442,31,7,+19.556,+2.040
4345.977,31,7,+19.776,+2.023
4352.015,31,7,+20.425,+2.522
4361.078,31,7,+25.231,+4.518
4370.203,31,7,+29.774,+2.975
4375.234,31,7,+31.017,+1.863
4385.281,31,7,+31.343,+2.552
4389.861,31,7,+29.118,+2.789
4391.066,31,7,+29.432,+2.928
4393.744,31,7,+29.432,+3.144
4395.252,31,7,+29.432,+3.202
4396.056,31,7,+24.394,+3.200
4400.94,31,5,+24.394,+3.200
4402.971,31,3,+24.394,+3.200
4403.065,31,3,+7.156,+2.613
4405.987,31,3,+6.551,+2.383
4412.549,31,3,+5.031,+2.548
4420.065,31,3,+4.357,+1.757
4426.253,31,3,+4.355,+2.245
4431.925,31,3,+3.373,+1.407
4442.526,31,3,+3.208,+1.452
4447.457,31,3,+2.392,+1.033
4454.397,31,3,+2.522,+0.868
4463.741,31,3,+2.471,+1.035
4470.1,31,3,+1.753,+1.034
4475.677,31,3,+1.979,+0.799
4485.225,31,3,+1.930,+0.955
4493.077,31,3,+1.468,+0.845
4499.52,31,3,+1.781,+0.889
4508.077,31,3,+1.723,+0.737
4514.414,31,3,+1.992,+0.814
4527.03,31,3,+1.520,+0.931
4532.321,31,3,+1.643,+1.002
4533.53,31,3,+1.496,+1.061
4537.123,31,3,+1.196,+0.807
4539.134,31,3,+1.295,+0.703
4540.305,31,3,+1.416,+0.802
4546.571,31,3,+1.549,+0.899
4548.947,31,3,+1.759,+1.077
4553.23,31,3,+1.728,+0.964
4563.872,31,3,+1.949,+0.902
4573.268,31,3,+1.735,+0.935
4577.977,31,3,+1.503,+0.618
4583.238,31,3,+1.656,+0.902
4593.773,31,3,+1.368,+0.857
4598.428,31,3,+1.507,+0.732
4605.993,31,3,+1.506,+0.961
4614.406,31,3,+1.477,+0.973
4620.735,31,3,+1.296,+0.634
4626.456,31,3,+1.384,+0.847
4636.752,31,3,+2.214,+1.662
4644.244,31,3,+1.491,+1.112
4650.156,31,3,+1.446,+0.977
4657.455,31,3,+1.471,+0.949
4663.49,31,3,+1.246,+0.905
4676.967,31,3,+1.389,+0.979
4681.919,31,3,+1.550,+0.908
4683.129,31,3,+1.280,+0.866
4687.062,31,3,+1.248,+0.797
4689.077,31,3,+1.295,+0.663
4690.118,31,3,+1.360,+0.678
4696.101,31,3,+1.443,+0.945
4697.879,31,3,+1.434,+0.879
4702.104,31,3,+1.538,+0.897
4711.144,31,3,+1.840,+0.889
4717.297,31,3,+1.442,+0.801
4722.63,31,3,+1.413,+0.994
4726.997,31,3,+1.556,+0.858
4737.662,31,3,+1.091,+0.860
4742.256,31,3,+1.353,+0.920
4748.647,31,3,+1.421,+0.791
4758.131,31,3,+1.627,+0.974
4765.584,31,3,+1.105,+0.799
4771.069,31,3,+1.472,+0.919
4782.459,31,3,+1.801,+0.995
4791.944,31,3,+1.159,+0.767
4800.814,31,3,+0.977,+0.667
4809.878,31,3,+0.871,+0.610
4817.429,31,3,+0.910,+0.607
4829.304,31,3,+0.719,+0.410
4834.078,31,3,+0.836,+0.360
4835.226,31,3,+0.910,+0.433
4837.895,31,3,+0.858,+0.238
4839.38,31,3,+0.828,+0.177
4840.099,31,3,+0.809,+0.156
4844.192,31,3,+0.646,+0.097
4845.304,31,3,+0.582,+0.122
4847.978,31,3,+0.710,+0.317
4853.198,31,3,+0.889,+0.377
4858.998,31,3,+0.924,+0.325
4862.467,31,3,+0.853,+0.156
4865.979,31,3,+0.860,+0.194
4873.904,31,3,+1.162,+0.198
4877.345,31,3,+1.091,+0.176
4881.724,31,3,+1.151,+0.292
4887.784,31,3,+1.374,+0.327
4892.632,31,3,+1.471,+0.388
4896.757,31,3,+1.567,+0.494
4903.445,31,3,+1.767,+0.531
4909.017,31,3,+1.826,+0.552
4913.318,31,3,+1.890,+0.570
4917.769,31,3,+1.835,+0.567
4921.42,31,3,+1.674,+0.490
4929.998,31,4,+1.674,+0.490
4930.343,31,4,+2.081,+0.239
4934.663,31,4,+2.071,+0.272
4935.699,31,4,+2.137,+0.348
4938.264,31,4,+2.183,+0.479
4939.631,31,4,+2.186,+0.512
4940.494,31,4,+2.177,+0.525
4944.619,31,4,+2.011,+0.614
4945.822,31,4,+1.950,+0.641
4948.228,31,4,+1.987,+0.745
4953.291,31,4,+2.012,+0.743
4958.824,31,4,+2.034,+0.648
4962.298,31,4,+1.963,+0.608
4965.957,31,4,+2.033,+0.675
4973.6,31,4,+2.205,+0.775
4977.038,31,4,+2.151,+0.742
4981.221,31,4,+2.065,+0.769
4987.157,31,4,+2.123,+1.100
4991.978,31,4,+2.262,+0.802
4996.057,31,4,+2.255,+0.829
5002.653,31,4,+2.436,+0.713
5008.185,31,4,+2.573,+0.795
5012.486,31,4,+2.666,+0.848
5016.986,31,4,+2.579,+0.863
5020.486,31,5,+2.579,+0.863
5020.689,31,5,+2.477,+0.105
5029.41,31,5,+2.763,+0.441
5033.754,31,5,+2.859,+0.487
5034.863,31,5,+2.918,+0.593
5037.254,31,5,+2.977,+0.721
5038.723,31,5,+2.988,+0.751
5039.509,31,5,+2.998,+0.771
5043.817,31,5,+3.121,+0.955
5045.015,31,5,+3.142,+1.026
5047.429,31,5,+3.275,+1.140
5052.445,31,5,+3.473,+1.204
5058.081,31,5,+3.633,+1.144
5061.469,31,5,+3.672,+0.993
5065.185,31,5,+3.756,+1.032
5072.6,31,6,+3.756,+1.032
5073.129,31,6,+4.387,+0.234
5076.573,31,6,+4.374,+0.169
5080.963,31,6,+4.649,+0.387
5086.932,31,6,+4.941,+0.560
5091.76,31,6,+5.148,+0.668
5095.791,31,6,+5.144,+0.644
5102.33,31,6,+5.319,+0.626
5107.925,31,6,+5.545,+0.681
5112.22,31,6,+5.650,+0.737
5116.657,31,6,+5.504,+0.714
5120.281,31,6,+5.290,+0.734
5128.944,31,6,+5.548,+0.466
5133.231,31,6,+5.655,+0.471
5134.269,31,6,+5.749,+0.515
5136.698,31,6,+5.811,+0.549
5138.158,31,6,+5.818,+0.549
5138.876,31,6,+5.811,+0.541
5143.119,31,6,+5.665,+0.439
5144.278,31,6,+5.607,+0.415
5146.678,31,6,+5.681,+0.507
5151.638,31,6,+5.720,+0.341
5157.357,31,6,+6.090,+0.414
5160.794,31,6,+6.072,+0.311
5164.45,31,6,+6.153,+0.469
5171.817,31,6,+6.450,+0.483
5175.498,31,6,+6.458,+0.516
5179.605,31,6,+6.464,+0.445
5185.572,31,6,+6.676,+0.562
5190.343,31,6,+6.900,+0.501
5194.433,31,6,+7.012,+0.612
5200.972,31,6,+7.184,+0.570
5206.472,31,6,+7.349,+0.522
5210.763,31,6,+7.435,+0.536
5215.209,31,6,+7.348,+0.518
5218.869,31,6,+7.227,+0.456
5227.369,31,6,+7.471,+0.386
5231.633,31,6,+7.523,+0.509
5232.645,31,6,+7.573,+0.581
5235.059,31,6,+7.609,+0.524
5236.499,31,6,+7.614,+0.515
5237.252,31,6,+7.613,+0.515
5241.526,31,6,+7.534,+0.492
5242.72,31,6,+7.501,+0.481
5245.122,31,6,+7.542,+0.551
5250.069,31,6,+7.678,+0.380
5255.751,31,6,+7.937,+0.459
5259.173,31,6,+7.891,+0.350
5262.876,31,6,+8.001,+0.448
5270.22,31,6,+8.258,+0.419
5273.923,31,6,+8.274,+0.423
5278.001,31,6,+8.103,+0.380
5283.9,31,6,+8.169,+0.506
5288.663,31,6,+8.322,+0.433
5292.729,31,6,+8.346,+0.392
5299.345,31,6,+8.623,+0.449
5304.758,31,6,+8.610,+0.291
5308.998,31,6,+8.687,+0.296
5313.436,31,6,+8.582,+0.175
5317.059,31,6,+8.449,+0.033
5325.829,31,6,+8.795,+0.038
5330.191,31,6,+8.973,+0.220
5331.357,31,6,+9.128,+0.315
5333.706,31,6,+9.206,+0.293
5335.132,31,6,+9.218,+0.263
5335.899,31,6,+9.225,+0.240
5340.154,31,6,+9.099,+0.143
5341.304,31,6,+9.041,+0.106
5343.798,31,6,+9.231,+0.252
5349.017,31,6,+9.572,+0.300
5354.77,31,6,+9.800,+0.347
5358.107,31,6,+9.767,+0.200
5361.632,31,6,+9.731,+0.141
5369.216,31,6,+10.148,+0.175
5372.854,31,6,+10.080,+0.099
5377.037,31,6,+10.054,+0.158
5383.229,31,6,+10.423,+0.358
5388.078,31,6,+10.686,+0.342
5392.217,31,6,+10.811,+0.390
5398.811,31,6,+11.124,+0.421
5404.279,31,6,+11.206,+0.361
5408.577,31,6,+11.317,+0.435
5413.093,31,6,+11.281,+0.398
5416.687,31,7,+11.281,+0.398
5416.812,31,7,+11.194,+0.015
5425.379,31,6,+11.194,+0.015
5425.479,31,6,+11.578,+0.190
5429.661,31,7,+11.578,+0.190
5430.005,31,7,+11.909,+0.252
5431.256,31,7,+12.142,+0.279
5433.599,31,7,+12.280,+0.270
5435.123,31,7,+12.302,+0.238
5435.83,31,7,+12.320,+0.216
5440.196,31,7,+12.341,+0.045
5441.479,31,7,+12.408,+0.079
5444.079,31,7,+12.701,+0.213
5449.226,31,7,+13.080,+0.489
5454.879,31,7,+13.248,+0.606
5458.34,31,7,+13.210,+0.534
5462.044,31,7,+13.348,+0.644
5469.399,31,7,+13.571,+0.745
5473.063,31,7,+13.569,+0.752
5477.174,31,7,+13.524,+0.782
5482.999,31,7,+13.608,+0.765
5487.737,31,7,+13.672,+0.649
5491.8,31,7,+13.686,+0.603
5498.454,31,7,+13.935,+0.433
5503.909,31,7,+14.081,+0.562
5508.175,31,7,+14.152,+0.584
5512.581,31,7,+14.047,+0.631
5516.237,31,7,+13.918,+0.722
5524.831,31,7,+14.171,+0.693
5529.155,31,7,+14.305,+0.920
5530.199,31,7,+14.456,+0.801
5532.634,31,7,+14.536,+0.703
5534.102,31,7,+14.546,+0.648
5534.808,31,7,+14.549,+0.589
5539.09,31,7,+14.499,+0.219
5540.165,31,8,+14.499,+0.219
5540.532,31,8,+14.455,+0.025
5542.585,31,7,+14.455,+0.025
5542.663,31,7,+14.550,+0.176
5547.898,31,7,+14.844,+0.195
5553.757,31,7,+15.144,+0.284
5557.101,31,7,+15.100,+0.229
5560.648,31,8,+15.100,+0.229
5560.835,31,8,+15.199,+0.050
5568.492,31,8,+15.650,+0.231
5571.992,31,8,+15.658,+0.219
5576.195,31,8,+15.783,+0.228
5582.358,31,8,+16.088,+0.325
5587.199,31,8,+16.341,+0.370
5591.313,31,8,+16.370,+0.439
5597.899,31,8,+16.751,+0.426
5603.458,31,8,+16.838,+0.450
5607.78,31,8,+16.905,+0.530
5612.132,31,8,+16.749,+0.532
5615.806,31,8,+16.540,+0.503
5624.433,31,8,+16.921,+0.471
5628.644,31,8,+16.960,+0.458
5629.832,31,8,+17.143,+0.569
5632.37,31,8,+17.356,+0.709
5633.88,31,8,+17.407,+0.748
5634.616,31,8,+17.442,+0.778
5639.163,31,8,+17.610,+1.006
5640.38,31,8,+17.623,+1.069
5642.799,31,8,+17.717,+1.086
5647.779,31,8,+17.782,+0.941
5653.38,31,8,+17.935,+0.971
5656.844,31,8,+17.923,+0.973
5660.532,31,8,+18.047,+1.325
5667.785,31,8,+18.255,+1.234
5671.504,31,8,+18.274,+1.285
5675.613,31,8,+18.216,+1.067
5681.535,31,8,+18.503,+0.834
5686.332,31,8,+18.654,+0.701
5690.441,31,8,+18.728,+0.672
5697.144,31,8,+19.102,+0.651
5702.598,31,8,+19.271,+0.668
5706.926,31,8,+19.399,+0.721
5711.394,31,8,+19.287,+0.752
5714.973,31,8,+19.108,+0.751
5723.436,31,8,+19.274,+0.500
5727.67,31,8,+19.362,+0.540
5728.799,31,8,+19.467,+0.570
5731.145,31,8,+19.523,+0.614
5732.614,31,8,+19.534,+0.634
5733.349,31,8,+19.530,+0.637
5737.49,31,8,+19.349,+0.566
5738.645,31,8,+19.279,+0.548
5740.974,31,8,+19.266,+0.529
5745.989,31,8,+19.335,+0.351
5751.786,31,8,+19.702,+0.407
5755.255,31,8,+19.741,+0.357
5758.911,31,8,+19.801,+0.474
5766.255,31,8,+20.111,+0.459
5769.958,31,8,+20.115,+0.472
5774.036,31,8,+20.036,+0.420
5780.02,31,8,+20.361,+0.388
5784.817,31,8,+20.506,+0.384
5788.899,31,8,+20.527,+0.452
5795.497,31,8,+20.795,+0.496
5800.919,31,8,+20.846,+0.378
5805.231,31,8,+20.956,+0.390
5809.658,31,8,+20.842,+0.413
5813.33,31,8,+20.676,+0.430
5821.812,31,8,+20.862,+0.305
5826.124,31,8,+20.990,+0.434
5827.102,31,8,+21.044,+0.456
5829.47,31,8,+21.051,+0.463
5830.942,31,8,+21.056,+0.473
5831.66,31,8,+21.058,+0.478
5835.988,31,8,+20.999,+0.481
5837.113,31,8,+20.962,+0.477
5839.495,31,8,+21.005,+0.593
5844.41,31,8,+21.049,+0.415
5850.158,31,8,+21.379,+0.423
5853.681,31,8,+21.454,+0.416
5857.364,31,8,+21.545,+0.493
5864.654,31,8,+21.853,+0.529
5868.38,31,8,+21.852,+0.516
5872.479,31,8,+21.809,+0.486
5878.373,31,8,+22.050,+0.536
5883.15,31,8,+22.213,+0.498
5887.205,31,8,+22.214,+0.472
5893.713,31,8,+22.440,+0.384
5899.37,31,8,+22.684,+0.479
5903.666,31,8,+22.782,+0.534
5908.12,31,8,+22.690,+0.485
5911.713,31,8,+22.524,+0.448
5920.401,31,8,+22.898,+0.498
5924.745,31,8,+23.050,+0.635
5925.776,31,8,+23.150,+0.713
5928.198,31,8,+23.253,+0.756
5929.698,31,8,+23.333,+0.819
5930.604,31,8,+23.395,+0.881
5934.979,31,8,+23.514,+1.073
5936.104,31,9,+23.514,+1.073
5936.229,31,9,+23.513,+0.025
5938.526,31,9,+23.505,+0.080
5943.51,31,8,+23.505,+0.080
5943.573,31,8,+23.727,+1.081
5949.182,31,8,+23.938,+1.013
5952.682,31,8,+23.996,+0.929
5956.385,31,8,+24.118,+1.055
5963.698,31,8,+24.436,+1.031
5967.434,31,8,+24.475,+1.056
5971.557,31,8,+24.430,+1.076
5977.336,31,8,+24.571,+1.035
5982.102,31,8,+24.688,+0.961
5986.17,31,8,+24.715,+0.981
5992.72,31,8,+24.936,+0.937
5998.15,31,8,+25.028,+0.776
6002.422,31,8,+25.091,+0.783
6006.875,31,8,+25.019,+0.751
6010.641,31,8,+24.952,+0.786
6019.063,31,8,+25.086,+0.702
6023.344,31,8,+25.211,+0.823
6024.313,31,8,+25.232,+0.831
6026.652,31,8,+25.210,+0.816
6028.079,31,8,+25.208,+0.820
6028.87,31,8,+25.212,+0.828
6033.153,31,8,+25.201,+0.869
6034.365,31,8,+25.185,+0.879
6036.632,31,8,+25.187,+0.932
6041.545,31,8,+25.172,+0.690
6047.171,31,8,+25.395,+0.691
6050.7,31,8,+25.395,+0.641
6054.264,31,8,+25.421,+0.692
6061.569,31,8,+25.676,+0.753
6065.272,31,8,+25.669,+0.776
6069.366,31,8,+25.669,+0.781
6075.183,31,8,+25.835,+0.772
6079.996,31,8,+26.001,+0.748
6084.09,31,8,+26.030,+0.740
6090.652,31,8,+26.202,+0.730
6096.043,31,8,+26.308,+0.633
6100.324,31,8,+26.385,+0.620
6104.73,31,8,+26.261,+0.525
6108.371,31,8,+26.126,+0.468
6116.801,31,8,+26.250,+0.396
6121.103,31,8,+26.355,+0.478
6122.08,31,8,+26.388,+0.497
6124.47,31,8,+26.434,+0.557
6125.881,31,8,+26.445,+0.574
6126.68,31,8,+26.449,+0.583
6130.932,31,8,+26.391,+0.578
6132.13,31,8,+26.358,+0.566
6134.433,31,8,+26.352,+0.626
6139.366,31,8,+26.415,+0.453
6145.046,31,8,+26.734,+0.569
6148.621,31,8,+26.762,+0.526
6152.206,31,8,+26.835,+0.638
6159.492,31,8,+27.109,+0.663
6163.206,31,8,+27.112,+0.672
6167.34,31,8,+27.084,+0.623
6173.157,31,8,+27.213,+0.677
6177.891,31,8,+27.363,+0.591
6181.969,31,8,+27.381,+0.553
6188.501,31,8,+27.619,+0.573
6193.985,31,8,+27.635,+0.472
6198.252,31,8,+27.702,+0.494
6202.673,31,8,+27.590,+0.387
6206.298,31,8,+27.472,+0.271
6214.841,31,8,+27.652,+0.142
6219.103,31,8,+27.802,+0.275
6220.192,31,8,+27.890,+0.348
6222.58,31,8,+27.963,+0.411
6224.059,31,8,+27.979,+0.421
6224.796,31,8,+27.980,+0.416
6229.041,31,8,+27.867,+0.282
6230.138,31,8,+27.808,+0.230
6232.465,31,8,+27.815,+0.330
6237.402,31,8,+27.873,+0.290
6243.277,31,8,+28.303,+0.383
6246.726,31,8,+28.309,+0.340
6250.38,31,8,+28.391,+0.417
6257.702,31,8,+28.689,+0.433
6261.4,31,8,+28.681,+0.426
6265.421,31,8,+28.599,+0.360
6271.333,31,8,+28.824,+0.546
6276.131,31,8,+28.988,+0.476
6280.223,31,8,+29.031,+0.473
6286.714,31,8,+29.209,+0.470
6292.223,31,8,+29.317,+0.461
6296.487,31,8,+29.364,+0.439
6300.881,31,8,+29.236,+0.335
6304.502,31,8,+29.081,+0.232
6313.209,31,7,+29.081,+0.232
6313.28,31,7,+29.511,+4.632
6317.282,31,7,+29.347,+4.462
6318.276,31,7,+29.402,+4.540
6321.008,31,7,+29.791,+4.987
6322.621,31,7,+29.960,+5.170
6323.564,31,7,+30.060,+5.280
6327.763,31,8,+30.060,+5.280
6328.201,31,8,+30.510,+0.397
6329.373,31,9,+30.510,+0.397
6329.779,31,9,+30.590,+0.054
6332.045,31,9,+30.820,+0.253
6337.279,31,9,+31.085,+0.302
6343.076,31,9,+31.483,+0.390
6346.499,31,9,+31.440,+0.286
6350.154,31,9,+31.530,+0.407
6357.517,31,9,+31.870,+0.395
6361.224,31,9,+31.891,+0.420
6365.288,31,9,+31.886,+0.360
6371.272,31,9,+32.164,+0.376
6376.024,31,9,+32.302,+0.337
6380.077,31,9,+32.342,+0.361
6386.73,31,9,+32.725,+0.439
6392.105,31,9,+32.707,+0.295
6396.371,31,9,+32.763,+0.317
6400.855,31,9,+32.715,+0.392
6404.528,31,9,+32.648,+0.427
6413.045,31,9,+32.867,+0.402
6417.237,31,9,+32.887,+0.381
6418.002,31,9,+32.630,+0.092
6421.455,31,10,+32.630,+0.092
6423.19,31,11,+32.630,+0.092
6424.518,31,12,+32.630,+0.092
6436.174,31,13,+32.630,+0.092
6446.181,31,14,+32.630,+0.092
6450.259,31,15,+32.630,+0.092
6453.603,31,16,+32.630,+0.092
6455.009,31,17,+32.630,+0.092
6455.181,31,17,+59.873,+0.099
6458.056,31,17,+60.426,+0.684
6462.963,31,17,+60.558,+0.814
6468.463,31,17,+60.651,+0.407
6471.813,31,17,+60.592,+0.265
6475.334,31,16,+60.592,+0.265
6475.428,31,16,+60.551,+1.165
6482.616,31,16,+60.795,+1.143
6486.335,31,16,+60.826,+0.982
6490.381,31,16,+60.776,+0.657
6496.16,31,16,+60.923,+0.383
6500.951,31,16,+61.059,+0.280
6504.943,31,16,+61.018,+0.144
6511.377,31,15,+61.018,+0.144
6511.428,31,15,+61.139,+2.314
6516.567,31,15,+60.987,+1.896
6520.801,31,15,+61.020,+1.818
6525.312,31,15,+61.024,+1.772
6529.008,31,15,+60.987,+1.671
6537.335,31,15,+60.995,+1.403
6541.616,31,15,+61.111,+1.404
6542.6,31,15,+61.149,+1.375
6544.866,31,15,+61.096,+1.298
6546.288,31,15,+61.084,+1.277
6547.038,31,15,+61.076,+1.268
6551.241,31,15,+60.935,+1.188
6552.335,31,15,+60.891,+1.162
6554.565,31,15,+60.826,+1.064
6559.303,31,15,+60.709,+0.549
6564.786,31,15,+60.805,+0.363
6568.195,31,15,+60.746,+0.212
6571.773,31,15,+60.756,+0.252
6579.07,31,15,+61.022,+0.231
6582.602,31,14,+61.022,+0.231
6582.68,31,14,+60.963,+5.579
6586.68,31,14,+60.920,+5.410
6592.242,31,14,+60.952,+5.106
6596.921,31,14,+60.950,+4.940
6601.09,31,14,+61.073,+5.090
6607.524,31,14,+61.254,+4.967
6612.947,31,14,+61.177,+4.747
6617.16,31,14,+61.269,+4.772
6621.821,31,14,+61.439,+4.929
6625.806,31,14,+61.609,+5.119
6634.176,31,14,+61.703,+4.803
6638.45,31,14,+61.816,+4.900
6639.434,31,14,+61.850,+4.869
6641.716,31,14,+61.827,+4.783
6643.184,31,14,+61.858,+4.809
6643.981,31,14,+61.894,+4.854
6648.482,31,14,+62.118,+5.209
6649.765,31,14,+62.164,+5.289
6652.02,31,14,+62.143,+5.297
6656.902,31,14,+62.165,+5.191
6662.325,31,14,+62.260,+4.885
6665.77,31,14,+62.283,+4.813
6669.441,31,14,+62.423,+4.920
6676.533,31,14,+62.498,+4.746
6680.231,31,14,+62.521,+4.663
6684.347,31,14,+62.571,+4.592
6689.985,31,14,+62.610,+4.394
6694.665,31,14,+62.674,+4.227
6698.732,31,14,+62.698,+4.240
6705.001,31,14,+62.757,+3.988
6710.438,31,14,+62.733,+3.758
6714.688,31,14,+62.800,+3.775
6719.282,31,14,+62.880,+3.827
6723.11,31,14,+62.991,+3.926
6731.454,31,14,+63.054,+3.601
6735.673,31,14,+63.101,+3.642
6736.611,31,14,+63.104,+3.618
6738.876,31,14,+63.033,+3.561
6740.344,31,14,+63.022,+3.565
6741.063,31,14,+63.015,+3.571
6745.269,31,14,+62.883,+3.571
6746.441,31,14,+62.846,+1.057
6748.672,31,14,+62.814,+0.385
6753.888,31,14,+62.854,+0.117
6764.282,31,15,+62.854,+0.117
6767.365,31,16,+62.854,+0.117
6768.669,31,16,+71.540,+0.713
6771.582,31,16,+71.853,+0.807
6775.52,31,16,+72.254,+1.137
6783.134,31,16,+72.786,+1.468
6787.149,31,16,+73.098,+1.569
6791.646,31,16,+73.533,+1.682
6797.601,31,16,+73.841,+1.552
6802.447,31,16,+74.007,+1.528
6806.582,31,16,+74.110,+1.513
6813.207,31,16,+74.376,+1.432
6818.701,31,16,+74.510,+1.398
6822.96,31,16,+74.593,+1.349
6827.51,31,16,+74.627,+1.372
6831.34,31,16,+74.642,+1.419
6839.731,31,16,+74.852,+1.260
6843.997,31,16,+74.947,+1.268
6844.997,31,16,+74.996,+1.302
6847.309,31,16,+74.989,+1.244
6848.731,31,16,+74.990,+1.227
6849.466,31,16,+74.989,+1.229
6853.733,31,16,+74.913,+1.334
6854.95,31,16,+74.881,+1.359
6857.247,31,16,+75.007,+1.348
6862.24,31,16,+75.089,+1.057
6867.839,31,16,+75.280,+0.837
6871.37,31,16,+75.339,+0.719
6875.057,31,16,+75.468,+0.867
6882.338,31,16,+75.754,+0.927
6886.067,31,16,+75.789,+0.779
6890.16,31,16,+75.843,+0.537
6896.172,31,16,+76.213,+0.492
6901.004,31,16,+76.431,+0.424
6905.082,31,16,+76.497,+0.359
6911.738,31,16,+76.912,+0.441
6917.269,31,16,+77.046,+0.338
6921.597,31,16,+77.186,+0.295
6926.035,31,16,+77.115,+0.190
6929.628,31,16,+76.960,+0.056
6937.972,31,15,+76.960,+0.056
6938.05,31,15,+77.140,+1.958
6942.334,31,15,+77.272,+2.024
6943.365,31,15,+77.359,+2.054
6945.753,31,15,+77.422,+2.048
6947.18,31,15,+77.440,+2.043
6947.948,31,15,+77.442,+2.038
6952.161,31,15,+77.304,+1.924
6953.318,31,15,+77.257,+1.882
6955.56,31,15,+77.243,+1.782
6960.509,31,15,+77.266,+1.498
6966.102,31,15,+77.488,+1.348
6969.681,31,15,+77.592,+1.345
6973.412,31,15,+77.732,+1.530
6980.613,31,15,+77.917,+1.553
6984.381,31,15,+77.951,+1.394
6988.432,31,15,+77.994,+1.144
6994.263,31,15,+78.254,+0.964
6999.019,31,15,+78.400,+0.942
7003.113,31,15,+78.491,+1.010
7009.722,31,15,+78.813,+1.017
7016.019,31,15,+78.957,+0.962
7019.535,31,15,+79.039,+0.936
7024.019,31,15,+79.022,+0.875
7027.738,31,15,+78.942,+0.766
7036.201,31,15,+79.169,+0.585
7040.424,31,15,+79.252,+0.551
7041.41,31,15,+79.327,+0.536
7043.823,31,15,+79.427,+0.544
7045.26,31,15,+79.447,+0.546
7045.979,31,15,+79.442,+0.536
7050.026,31,14,+79.442,+0.536
7050.104,31,14,+79.235,+0.345
7051.276,31,14,+79.167,+0.278
7053.666,31,14,+79.321,+0.331
7058.914,31,14,+79.761,+0.332
7064.681,31,14,+80.009,+0.276
7068.117,31,14,+79.986,+0.185
7071.633,31,14,+79.973,+0.188
7079.06,31,14,+80.425,+0.293
7082.783,31,14,+80.432,+0.098
7086.962,31,13,+80.432,+0.098
7087.045,31,13,+80.670,+7.589
7092.832,31,13,+80.872,+7.621
7097.582,31,13,+80.988,+7.658
7101.617,31,13,+81.042,+7.654
7108.054,31,13,+81.096,+7.653
7113.567,31,13,+81.239,+7.702
7117.882,31,13,+81.382,+7.800
7122.472,31,13,+81.488,+7.911
7126.41,31,13,+81.667,+8.087
7134.979,31,13,+81.942,+8.172
7139.276,31,13,+82.100,+8.311
7140.292,31,13,+82.180,+8.348
7142.588,31,13,+82.199,+8.346
7144.026,31,13,+82.222,+8.365
7144.838,31,13,+82.245,+8.388
7149.229,31,13,+82.359,+8.522
7150.495,31,13,+82.387,+8.558
7152.76,31,13,+82.447,+8.669
7157.667,31,13,+82.347,+8.582
7163.229,31,13,+82.515,+8.630
7166.729,31,13,+82.601,+8.656
7170.432,31,13,+82.720,+8.786
7177.51,31,13,+82.787,+8.741
7181.214,31,13,+82.804,+8.779
7185.338,31,13,+82.864,+8.861
7191.16,31,13,+83.081,+8.889
7195.883,31,13,+83.263,+8.921
7200.021,31,13,+83.351,+8.965
7206.389,31,13,+83.526,+8.945
7211.998,31,13,+83.741,+9.039
7216.279,31,13,+83.834,+9.056
7220.81,31,13,+83.884,+9.102
7224.667,31,13,+83.967,+9.209
7232.994,31,13,+83.814,+9.168
7237.202,31,13,+83.901,+9.266
7238.186,31,13,+83.949,+9.291
7240.467,31,13,+83.920,+9.264
7241.858,31,13,+83.920,+9.261
7242.624,31,13,+83.916,+9.260
7246.811,31,13,+83.805,+9.181
7247.983,31,13,+83.779,+9.159
7250.202,31,13,+83.785,+9.201
7255.264,31,13,+83.955,+9.193
7260.702,31,13,+84.028,+9.208
7264.193,31,13,+84.116,+9.214
7267.881,31,13,+84.244,+9.348
7275.003,31,13,+84.384,+9.356
7278.76,31,13,+84.466,+9.439
7282.873,31,13,+84.544,+9.541
7288.576,31,13,+84.705,+9.476
7293.309,31,13,+84.873,+9.483
7297.433,31,13,+84.963,+9.538
7303.823,31,13,+85.148,+9.555
7309.423,31,13,+85.373,+9.610
7313.697,31,13,+85.477,+9.658
7318.302,31,13,+85.601,+9.785
7322.249,31,13,+85.812,+9.993
7330.66,31,13,+85.929,+9.984
7334.902,31,13,+86.045,+10.109
7335.857,31,13,+86.066,+10.122
7338.143,31,13,+86.067,+10.122
7339.602,31,13,+86.075,+10.126
7340.324,31,13,+86.084,+10.135
7344.685,31,13,+86.154,+10.195
7345.882,31,13,+86.185,+10.223
7348.093,31,13,+86.226,+10.260
7353.167,31,13,+86.414,+10.208
7358.656,31,13,+86.467,+10.191
7362.148,31,13,+86.543,+10.202
7365.866,31,13,+86.659,+10.324
7373.036,31,13,+86.826,+10.316
7376.744,31,13,+86.862,+10.372
7380.829,31,13,+86.904,+10.434
7386.561,31,13,+87.159,+10.378
7391.385,31,13,+87.325,+10.357
7395.405,31,13,+87.381,+10.389
7401.747,31,13,+87.505,+10.402
7407.282,31,13,+87.649,+10.393
7411.599,31,13,+87.783,+10.452
7416.199,31,13,+87.908,+10.555
7420.105,31,13,+88.123,+10.741
7428.572,31,13,+88.341,+10.772
7432.909,31,13,+88.464,+10.875
7433.864,31,13,+88.521,+10.894
7436.159,31,13,+88.568,+10.914
7437.557,31,13,+88.598,+10.927
7438.349,31,13,+88.607,+10.935
7442.649,31,13,+88.623,+10.952
7443.818,31,13,+88.640,+10.967
7446.085,31,13,+88.701,+11.061
7451.169,31,13,+88.899,+11.073
7456.629,31,13,+88.942,+11.110
7460.274,31,13,+89.070,+11.163
7463.924,31,13,+89.195,+11.268
7471.107,31,13,+89.376,+11.374
7474.861,31,13,+89.431,+11.438
7478.968,31,13,+89.496,+11.537
7484.735,31,13,+89.653,+11.580
7489.536,31,13,+89.773,+11.607
7493.56,31,13,+89.802,+11.591
7499.961,31,13,+89.748,+11.535
7505.503,31,13,+89.765,+11.553
7510.073,31,13,+89.884,+11.618
7514.374,31,13,+90.044,+11.709
7518.286,31,13,+90.344,+11.901
7526.702,31,13,+90.467,+11.971
7530.941,31,13,+90.559,+12.100
7531.913,31,13,+90.584,+12.141
7534.237,31,13,+90.535,+12.156
7535.674,31,13,+90.527,+12.160
7536.404,31,13,+90.525,+12.162
7540.618,31,13,+90.445,+12.090
7541.764,31,13,+90.426,+12.082
7544.016,31,13,+90.451,+12.136
7548.957,31,13,+90.596,+12.030
7554.513,31,13,+90.663,+11.984
7558.082,31,13,+90.781,+12.061
7561.782,31,13,+90.969,+12.235
7569.032,31,13,+91.198,+12.274
7572.749,31,13,+91.266,+12.332
7576.839,31,13,+91.343,+12.410
7582.535,31,13,+91.558,+12.326
7587.312,31,13,+91.686,+12.307
7591.39,31,13,+91.702,+12.309
7597.783,31,13,+91.796,+12.097
7603.347,31,13,+92.010,+12.126
7607.645,31,13,+92.111,+12.373
7612.232,31,13,+92.357,+12.452
7616.182,31,13,+92.686,+12.628
7624.583,31,13,+92.909,+11.702
7628.82,31,13,+93.004,+11.720
7629.772,31,13,+93.024,+11.656
7632.13,31,13,+93.057,+11.580
7633.589,31,13,+93.075,+11.581
7634.308,31,13,+93.083,+11.593
7638.618,31,13,+93.125,+11.769
7639.825,31,13,+93.154,+11.839
7642.039,31,13,+93.152,+11.803
7647.049,31,13,+93.318,+11.702
7652.635,31,13,+93.488,+11.481
7656.202,31,13,+93.620,+11.547
7659.904,31,13,+93.757,+11.701
7667.047,31,13,+93.932,+11.543
7670.833,31,13,+93.997,+11.541
7674.934,31,13,+94.086,+11.558
7680.613,31,13,+94.206,+11.374
7685.352,31,13,+94.318,+11.300
7689.411,31,13,+94.360,+11.355
7695.843,31,13,+94.421,+11.177
7701.347,31,13,+94.559,+11.029
7705.624,31,13,+94.647,+11.101
7710.182,31,13,+94.740,+11.246
7714.048,31,13,+94.927,+11.384
7722.635,31,13,+95.106,+11.198
7726.82,31,13,+95.194,+11.370
7727.803,31,13,+95.207,+11.638
7730.161,31,13,+95.163,+11.638
7731.568,31,13,+95.165,+11.638
7732.349,31,13,+95.167,+5.970
7736.983,31,12,+95.167,+5.970
7737.073,31,12,+95.692,+13.608
7738.569,31,12,1 L,+13.884
7741.105,31,12,1 L,+14.297
7746.337,31,12,1 L,+14.321
7751.902,31,12,1 L,+14.406
7755.385,31,12,1 L,+14.365
7758.974,31,12,1 L,+14.382
7766.148,31,13,1 L,+14.382
7766.482,31,13,1 L,+0.256
7770.105,31,13,1 L,+0.189
7774.305,31,13,1 L,+0.435
7780.061,31,13,1 L,+0.560
7784.882,31,13,1 L,+0.719
7789.029,31,13,1 L,+0.821
7795.513,31,13,1 L,+0.930
7801.029,31,13,1 L,+1.112
7805.326,31,13,1 L,+1.149
7809.932,31,13,1 L,+1.047
7813.782,31,13,1 L,+1.007
7822.293,31,13,1 L,+1.062
7826.548,31,13,1 L,+1.143
7827.548,31,13,1 L,+1.197
7829.868,31,13,1 L,+1.308
7831.335,31,13,1 L,+1.346
7832.103,31,13,1 L,+1.372
7836.485,31,13,1 L,+1.501
7837.768,31,13,1 L,+1.532
7840.005,31,13,1 L,+1.629
7845.005,31,13,1 L,+1.694
7850.619,31,13,1 L,+1.854
7854.067,31,13,1 L,+1.858
7857.639,31,13,1 L,+1.816
7864.848,31,13,1 L,+1.981
7868.553,31,13,1 L,+1.972
7872.649,31,13,1 L,+1.986
7878.349,31,13,1 L,+2.084
7883.147,31,13,1 L,+2.143
7887.245,31,13,1 L,+2.216
7893.643,31,13,1 L,+2.314
7899.244,31,13,1 L,+2.462
7903.512,31,13,1 L,+2.542
7908.048,31,13,1 L,+2.376
7911.885,31,13,1 L,+2.288
7920.274,31,13,1 L,+2.155
7924.506,31,13,1 L,+2.222
7925.428,31,13,1 L,+2.258
7927.771,31,13,1 L,+2.342
7929.178,31,13,1 L,+2.354
7929.912,31,13,1 L,+2.350
7934.053,31,13,1 L,+2.243
7935.209,31,13,1 L,+2.217
7937.428,31,13,1 L,+2.251
7942.403,31,13,1 L,+2.265
7947.971,31,13,1 L,+2.395
7951.509,31,13,1 L,+2.393
7955.18,31,13,1 L,+2.480
7962.364,31,13,1 L,+2.569
7966.106,31,13,1 L,+2.592
7970.243,31,13,1 L,+2.702
7975.975,31,13,1 L,+2.794
7980.75,31,13,1 L,+2.898
7984.806,31,13,1 L,+2.951
7991.305,31,13,1 L,+3.059
7998.024,31,13,1 L,+4.448
8002.462,31,13,1 L,+4.668
8007.009,31,13,1 L,+4.522
8010.821,31,13,1 L,+4.368
8019.399,31,13,1 L,+4.315
8023.573,31,13,1 L,+6.147
8024.524,31,13,1 L,+6.152
8026.837,31,12,1 L,+6.152
8026.899,31,12,1 L,+4.553
8028.352,31,12,1 L,+4.589
8029.102,31,12,1 L,+4.595
8033.259,31,12,1 L,+4.501
8034.384,31,12,1 L,+4.478
8036.663,31,12,1 L,+4.518
8041.706,31,12,1 L,+4.687
8047.334,31,12,1 L,+4.916
8050.912,31,12,1 L,+4.863
8054.568,31,12,1 L,+4.943
8061.912,31,12,1 L,+5.077
8065.506,31,12,1 L,+5.085
8069.6,31,12,1 L,+5.135
8075.365,31,12,1 L,+5.233
8080.162,31,12,1 L,+5.326
8084.193,31,12,1 L,+5.371
8090.725,31,12,1 L,+5.469
8090.74,31,12,1 L,+5.371
8090.74,31,12,1 L,+5.469
8096.24,31,12,1 L,+5.729
8100.522,31,12,1 L,+5.771
8105.1,31,12,1 L,+5.674
8108.976,31,12,1 L,+5.638
8117.507,31,12,1 L,+5.513
8121.647,31,12,1 L,+5.504
8122.318,31,12,1 L,+5.237
8129.709,31,13,1 L,+5.237
8147.444,31,14,1 L,+5.237
8165.303,31,15,1 L,+5.237
8181.053,31,15,1 L,+14.439
8184.162,31,15,1 L,+15.091
8189.403,31,15,1 L,+15.023
8194.903,31,15,1 L,+14.927
8198.503,31,15,1 L,+14.988
8202.084,31,15,1 L,+14.858
8209.263,31,15,1 L,+14.729
8212.976,31,15,1 L,+14.674
8217.025,31,15,1 L,+14.572
8222.736,31,15,1 L,+14.319
8227.362,31,15,1 L,+14.096
8231.288,31,15,1 L,+13.776
8237.408,31,15,1 L,+13.258
8242.908,31,15,1 L,+13.171
8247.107,31,15,1 L,+13.057
8251.658,31,15,1 L,+13.003
8255.363,31,15,1 L,+12.863
8263.749,31,15,1 L,+12.604
8267.95,31,15,1 L,+12.577
8268.983,31,15,1 L,+12.628
8271.375,31,15,1 L,+12.634
8272.783,31,15,1 L,+12.632
8277.704,31,15,1 L,+12.628
8278.976,31,15,1 L,+12.697
8281.309,31,15,1 L,+12.664
8286.237,31,15,1 L,+12.367
8291.512,31,15,1 L,+12.045
8294.984,31,15,1 L,+11.892
8298.6,31,15,1 L,+11.891
8305.679,31,15,1 L,+11.608
8309.374,31,15,1 L,+11.526
8313.441,31,15,1 L,+11.438
8318.959,31,15,1 L,+10.976
8323.556,31,15,1 L,+10.697
8327.52,31,15,1 L,+10.424
8333.888,31,15,1 L,+9.593
8339.31,31,15,1 L,+9.257
8343.484,31,15,1 L,+9.133
8348.016,31,15,1 L,+9.153
8351.891,31,15,1 L,+9.246
8360.313,31,15,1 L,+8.946
8364.547,31,15,1 L,+8.920
8365.516,31,15,1 L,+8.909
8367.797,31,15,1 L,+8.867
8369.25,31,15,1 L,+8.863
8369.969,31,15,1 L,+8.866
8374.125,31,15,1 L,+8.967
8375.36,31,15,1 L,+9.074
8377.61,31,15,1 L,+8.950
8382.5,31,15,1 L,+8.604
8387.86,31,15,1 L,+8.308
8391.328,31,15,1 L,+8.168
8395.0,31,15,1 L,+8.353
8402.11,31,15,1 L,+8.293
8405.813,31,15,1 L,+8.254
8409.844,31,15,1 L,+8.209
8415.438,31,15,1 L,+7.825
8420.047,31,15,1 L,+7.547
8424.093,31,15,1 L,+7.539
8430.45,31,15,1 L,+7.292
8435.866,31,15,1 L,+7.024
8440.084,31,15,1 L,+6.882
8444.647,31,15,1 L,+6.895
8448.538,31,15,1 L,+6.879
8457.028,31,15,1 L,+6.217
8461.276,31,15,1 L,+6.279
8462.245,31,15,1 L,+6.272
8464.571,31,15,1 L,+6.188
8465.997,31,15,1 L,+6.155
8466.737,31,15,1 L,+6.150
8470.921,31,15,1 L,+6.158
8472.117,31,15,1 L,+6.243
8474.377,31,15,1 L,+6.134
8479.222,31,15,1 L,+5.753
8484.502,31,15,1 L,+5.340
8488.036,31,15,1 L,+5.228
8491.663,31,15,1 L,+5.325
8498.72,31,15,1 L,+5.155
8502.435,31,15,1 L,+5.135
8506.5,31,15,1 L,+5.050
8512.135,31,15,1 L,+4.705
8516.817,31,15,1 L,+4.496
8520.836,31,15,1 L,+4.445
8527.211,31,15,1 L,+4.232
8532.575,31,15,1 L,+4.041
8536.739,31,15,1 L,+3.903
8541.334,31,15,1 L,+4.033
8545.168,31,15,1 L,+4.237
8553.582,31,15,1 L,+4.139
8557.754,31,15,1 L,+4.141
8558.738,31,15,1 L,+4.155
8561.004,31,15,1 L,+4.095
8562.395,31,15,1 L,+4.069
8563.145,31,15,1 L,+4.054
8567.285,31,15,1 L,+3.912
8568.473,31,15,1 L,+3.890
8570.707,31,15,1 L,+3.742
8575.613,31,15,1 L,+3.452
8581.02,31,15,1 L,+3.283
8584.535,31,15,1 L,+3.238
8588.176,31,15,1 L,+3.332
8595.238,31,15,1 L,+3.160
8598.963,31,15,1 L,+3.134
8603.038,31,15,1 L,+3.047
8608.601,31,15,1 L,+2.628
8613.273,31,15,1 L,+2.421
8617.283,31,15,1 L,+2.339
8623.637,31,15,1 L,+2.088
8628.986,31,15,1 L,+1.857
8633.169,31,15,1 L,+1.739
8637.696,31,15,1 L,+1.750
8641.569,31,15,1 L,+1.781
8649.884,31,15,1 L,+1.512
8654.204,31,15,1 L,+1.617
8655.179,31,15,1 L,+1.658
8657.476,31,15,1 L,+1.568
8658.866,31,15,1 L,+1.523
8659.616,31,15,1 L,+1.516
8663.866,31,15,1 L,+1.522
8665.07,31,15,1 L,+1.534
8667.335,31,15,1 L,+1.464
8672.21,31,15,1 L,+1.036
8677.651,31,15,1 L,+0.897
8681.163,31,15,1 L,+0.814
8684.757,31,15,1 L,+0.837
8691.849,31,15,1 L,+0.672
8695.532,31,15,1 L,+0.624
8699.585,31,15,1 L,+0.537
8705.475,31,15,1 L,+0.502
8710.26,31,15,1 L,+0.410
8714.259,31,15,1 L,+0.353
8720.869,31,15,1 L,+0.457
8726.27,31,15,1 L,+0.231
8730.514,31,15,1 L,+0.183
8734.95,31,15,1 L,+0.066
8738.705,31,15,1 L,+0.055
8747.243,31,14,1 L,+0.055
8747.315,31,14,1 L,+18.291
8751.567,31,14,1 L,+18.287
8752.646,31,14,1 L,+18.323
8755.083,31,14,1 L,+18.362
8756.569,31,14,1 L,+18.377
8757.339,31,14,1 L,+18.380
8761.476,31,14,1 L,+18.328
8762.7,31,14,1 L,+18.325
8764.905,31,14,1 L,+18.188
8769.813,31,14,1 L,+17.947
8775.339,31,14,1 L,+17.773
8778.824,31,14,1 L,+17.674
8782.451,31,14,1 L,+17.706
8789.531,31,14,1 L,+17.553
8793.229,31,14,1 L,+17.544
8797.297,31,14,1 L,+17.393
8802.85,31,14,1 L,+16.965
8807.485,31,14,1 L,+16.728
8811.505,31,14,1 L,+16.660
8817.838,31,14,1 L,+16.395
8823.256,31,14,1 L,+16.070
8827.437,31,14,1 L,+15.968
8832.004,31,14,1 L,+15.987
8835.906,31,14,1 L,+16.080
8844.244,31,14,1 L,+15.799
8848.476,31,14,1 L,+15.787
8849.439,31,14,1 L,+15.764
8851.763,31,14,1 L,+15.691
8853.194,31,14,1 L,+15.672
8853.93,31,14,1 L,+15.669
8858.169,31,14,1 L,+15.716
8859.376,31,14,1 L,+15.726
8861.542,31,14,1 L,+15.602
8866.45,31,14,1 L,+15.436
8871.763,31,14,1 L,+14.993
8875.263,31,14,1 L,+14.916
8878.914,31,14,1 L,+14.991
8885.879,31,14,1 L,+14.584
8889.56,31,14,1 L,+14.528
8893.629,31,14,1 L,+14.327
8899.129,31,14,1 L,+13.829
8903.808,31,14,1 L,+13.655
8907.835,31,14,1 L,+13.603
8914.06,31,14,1 L,+13.175
8919.439,31,14,1 L,+12.769
8923.642,31,14,1 L,+12.630
8928.189,31,14,1 L,+12.654
8932.111,31,14,1 L,+12.790
8940.377,31,14,1 L,+12.512
8944.564,31,14,1 L,+12.461
8945.486,31,14,1 L,+12.377
8947.767,31,14,1 L,+12.249
8949.174,31,14,1 L,+12.221
8949.924,31,14,1 L,+12.210
8954.017,31,14,1 L,+12.120
8955.174,31,14,1 L,+12.084
8957.392,31,14,1 L,+12.037
8962.33,31,14,1 L,+11.822
8967.596,31,14,1 L,+11.513
8971.185,31,14,1 L,+11.551
8974.775,31,14,1 L,+11.587
8981.82,31,14,1 L,+11.399
8985.542,31,14,1 L,+11.388
8989.551,31,14,1 L,+11.358
8995.18,31,14,1 L,+11.059
8999.805,31,14,1 L,+10.844
9003.89,31,14,1 L,+10.849
9010.192,31,14,1 L,+10.648
9015.586,31,14,1 L,+10.473
9019.769,31,14,1 L,+10.383
9024.314,31,14,1 L,+10.381
9028.197,31,14,1 L,+10.383
9036.506,31,14,1 L,+10.128
9040.716,31,14,1 L,+10.255
9041.698,31,14,1 L,+10.218
9044.011,31,14,1 L,+10.117
9045.433,31,14,1 L,+10.104
9046.183,31,14,1 L,+10.098
9138.164,31,14,1L,+10.098
13.093,30,14,,
3392.026,30,14,+1.651,+0.138
3393.194,30,10,+1.651,+0.138
3393.275,30,10,+1.519,+0.137
3396.196,30,10,+1.891,+0.204
3401.433,30,11,+1.891,+0.204
3401.629,30,11,+2.373,+0.103
3408.533,30,11,+3.279,+0.361
3411.675,30,11,+3.430,+0.381
3415.141,30,11,+3.351,+0.136
3423.077,30,10,+3.351,+0.136
3423.167,30,10,+4.013,+0.387
3426.694,30,10,+4.020,+0.375
3431.126,30,10,+4.313,+0.393
3437.579,30,10,+4.946,+0.412
3442.428,30,10,+5.358,+0.439
3446.453,30,10,+5.305,+0.416
3453.296,30,10,+5.814,+0.409
3458.864,30,10,+5.945,+0.293
3463.142,30,8,+5.945,+0.293
3463.238,30,8,+6.028,+0.121
3467.683,30,8,+5.895,+0.067
3471.379,30,8,+5.636,+0.040
3479.942,30,7,+5.636,+0.040
3480.037,30,7,+6.099,+0.192
3484.504,30,7,+6.228,+0.359
3485.667,30,7,+6.415,+0.462
3488.171,30,7,+6.607,+0.565
3489.669,30,7,+6.633,+0.585
3490.387,30,7,+6.636,+0.586
3494.651,30,7,+6.597,+0.502
3495.841,30,7,+6.562,+0.486
3498.341,30,7,+6.490,+0.674
3503.505,30,7,+6.527,+0.726
3509.146,30,7,+6.560,+0.826
3512.677,30,7,+6.497,+0.762
3516.341,30,7,+6.346,+0.762
3523.878,30,7,+6.484,+0.788
3527.702,30,7,+6.520,+0.865
3531.929,30,7,+6.496,+0.917
3537.876,30,7,+6.569,+1.048
3542.797,30,7,+6.782,+1.171
3546.876,30,7,+6.739,+1.183
3553.588,30,7,+7.040,+1.147
3559.075,30,7,+7.101,+1.180
3563.376,30,7,+7.109,+1.191
3567.912,30,7,+6.900,+1.180
3571.976,30,7,+6.972,+1.145
3580.248,30,7,+7.248,+1.071
3584.53,30,7,+7.264,+1.032
3585.592,30,7,+7.354,+1.074
3587.983,30,7,+7.439,+1.101
3589.452,30,7,+7.450,+1.097
3590.186,30,7,+7.440,+1.076
3594.395,30,7,+7.210,+0.808
3595.851,30,7,+7.144,+0.743
3597.992,30,7,+7.126,+0.849
3602.979,30,7,+7.232,+0.781
3608.66,30,7,+7.404,+0.892
3612.223,30,7,+7.497,+0.810
3615.868,30,7,+7.501,+0.843
3623.316,30,7,+7.681,+0.857
3627.067,30,7,+7.741,+0.933
3631.296,30,7,+7.669,+0.926
3637.13,30,7,+7.816,+1.025
3641.93,30,7,+8.064,+1.062
3645.989,30,7,+8.064,+1.063
3652.555,30,7,+8.218,+1.112
3658.114,30,7,+8.364,+1.130
3662.419,30,7,+8.421,+1.134
3666.966,30,7,+8.365,+1.143
3670.676,30,7,+8.229,+1.118
3679.258,30,7,+8.280,+1.079
3683.576,30,7,+8.313,+1.113
3684.638,30,7,+8.386,+1.152
3686.986,30,7,+8.402,+1.148
3688.393,30,7,+8.389,+1.123
3689.142,30,7,+8.374,+1.098
3693.4,30,7,+8.207,+0.893
3694.629,30,7,+8.164,+0.855
3696.976,30,7,+8.200,+0.991
3702.098,30,7,+8.253,+1.031
3707.697,30,7,+8.357,+0.975
3711.24,30,7,+8.418,+0.894
3714.88,30,7,+8.418,+0.906
3722.176,30,7,+8.684,+0.921
3726.0,30,7,+8.783,+1.001
3730.202,30,7,+8.714,+0.959
3736.171,30,7,+8.949,+1.093
3741.03,30,7,+9.293,+1.222
3745.124,30,7,+9.373,+1.260
3751.737,30,7,+9.755,+1.327
3757.378,30,7,+9.951,+1.411
3761.675,30,7,+9.992,+1.404
3766.206,30,7,+9.953,+1.418
3769.909,30,7,+9.842,+1.406
3778.461,30,7,+9.954,+1.300
3782.771,30,7,+10.024,+1.370
3783.818,30,7,+10.107,+1.418
3786.084,30,7,+10.123,+1.379
3787.506,30,7,+10.113,+1.359
3788.318,30,7,+10.094,+1.347
3792.443,30,7,+9.870,+1.223
3793.631,30,7,+9.808,+1.190
3795.955,30,7,+9.788,+1.247
3801.175,30,7,+10.166,+1.466
3806.829,30,7,+10.215,+1.594
3810.408,30,7,+10.343,+1.589
3814.096,30,7,+10.396,+1.669
3821.471,30,7,+10.686,+1.682
3825.283,30,7,+10.768,+1.769
3829.564,30,7,+10.779,+1.800
3835.502,30,7,+11.039,+1.997
3840.346,30,7,+11.239,+1.957
3844.455,30,7,+11.255,+1.935
3851.111,30,7,+11.581,+1.934
3856.689,30,7,+11.734,+1.928
3860.992,30,7,+11.788,+1.906
3865.573,30,7,+11.782,+1.918
3869.355,30,7,+11.732,+1.911
3877.831,30,8,+11.732,+1.911
3878.159,30,8,+12.110,+0.332
3882.66,30,8,+12.331,+0.425
3883.729,30,8,+12.473,+0.493
3886.131,30,8,+12.593,+0.543
3887.552,30,8,+12.619,+0.550
3888.396,30,8,+12.614,+0.539
3892.521,30,8,+12.404,+0.346
3893.881,30,8,+12.378,+0.329
3896.256,30,8,+12.576,+0.485
3901.342,30,8,+12.864,+0.617
3907.042,30,8,+13.086,+0.768
3910.603,30,8,+13.150,+0.802
3914.196,30,8,+13.122,+0.671
3921.628,30,8,+13.513,+0.865
3925.441,30,8,+13.585,+0.947
3929.737,30,8,+13.626,+1.016
3935.722,30,8,+13.927,+1.170
3940.612,30,8,+14.176,+1.268
3944.722,30,8,+14.231,+1.256
3951.362,30,8,+14.571,+1.419
3956.977,30,8,+14.797,+1.536
3961.296,30,8,+14.860,+1.507
3965.778,30,8,+14.788,+1.391
3969.469,30,8,+14.669,+1.236
3977.991,30,8,+14.821,+1.292
3982.306,30,8,+14.891,+1.265
3983.342,30,8,+14.993,+1.322
3985.655,30,8,+14.986,+1.326
3987.099,30,8,+14.971,+1.310
3987.833,30,8,+14.952,+1.291
3992.014,30,8,+14.719,+1.093
3993.202,30,8,+14.665,+1.045
3995.546,30,8,+14.646,+1.156
4000.617,30,8,+14.747,+1.140
4006.341,30,8,+14.973,+1.215
4009.881,30,8,+15.095,+1.195
4013.555,30,8,+15.114,+1.087
4020.934,30,8,+15.454,+1.262
4024.778,30,8,+15.556,+1.345
4029.014,30,8,+15.561,+1.418
4035.017,30,8,+15.807,+1.600
4039.941,30,8,+16.104,+1.727
4044.013,30,8,+16.128,+1.676
4050.718,30,8,+16.515,+1.792
4056.39,30,8,+16.725,+1.861
4060.651,30,8,+16.789,+1.825
4065.257,30,8,+16.826,+1.792
4068.998,30,8,+16.778,+1.709
4077.593,30,8,+16.967,+1.857
4081.936,30,8,+17.083,+1.889
4082.983,30,8,+17.191,+1.936
4085.343,30,8,+17.262,+1.939
4086.796,30,8,+17.260,+1.926
4087.688,30,8,+17.249,+1.914
4091.827,30,8,+17.123,+1.829
4093.015,30,8,+17.084,+1.801
4095.343,30,8,+17.081,+1.816
4100.578,30,8,+17.372,+2.042
4106.224,30,8,+17.566,+2.044
4109.833,30,8,+17.697,+2.094
4113.534,30,8,+17.747,+2.015
4120.909,30,8,+18.102,+2.216
4124.761,30,8,+18.216,+2.316
4129.015,30,8,+18.242,+2.322
4134.984,30,8,+18.511,+2.492
4139.859,30,8,+18.739,+2.551
4143.906,30,8,+18.708,+2.411
4150.529,30,8,+19.048,+2.520
4156.324,30,8,+19.375,+2.717
4160.589,30,8,+19.461,+2.703
4165.136,30,8,+19.448,+2.661
4168.917,30,8,+19.368,+2.579
4177.543,30,8,+19.570,+2.747
4181.876,30,8,+19.654,+2.767
4182.998,30,8,+19.758,+2.827
4185.423,30,8,+19.815,+2.811
4186.672,30,8,+19.818,+2.796
4187.407,30,8,+19.805,+2.777
4191.657,30,8,+19.632,+2.626
4192.891,30,8,+19.585,+2.586
4195.266,30,8,+19.612,+2.674
4200.393,30,8,+19.884,+2.771
4206.121,30,8,+20.165,+2.844
4209.719,30,8,+20.254,+2.892
4214.002,30,8,+20.306,+2.814
4220.876,30,8,+20.722,+3.090
4224.727,30,8,+20.829,+3.206
4228.976,30,8,+20.859,+3.155
4236.561,30,8,+21.117,+3.367
4239.927,30,8,+21.331,+3.468
4244.052,30,8,+21.394,+3.472
4250.827,30,8,+21.795,+3.743
4256.476,30,8,+22.096,+3.871
4260.777,30,8,+22.151,+3.845
4265.351,30,8,+22.198,+3.853
4269.327,30,9,+22.198,+3.853
4269.428,30,9,+22.210,+0.002
4278.115,30,9,+22.771,+0.238
4282.428,30,9,+22.886,+0.304
4283.35,30,9,+22.796,+0.086
4286.365,30,10,+22.796,+0.086
4287.412,30,11,+22.796,+0.086
4306.35,30,12,+22.796,+0.086
4308.03,30,13,+22.796,+0.086
4308.572,30,14,+22.796,+0.086
4312.122,30,15,+22.796,+0.086
4317.214,30,15,+46.610,+3.781
4320.24,30,15,+47.361,+4.340
4325.499,30,14,+47.361,+4.340
4325.577,30,14,+47.834,+4.335
4331.43,30,14,+48.165,+4.255
4335.1,30,14,+48.403,+4.248
4338.815,30,14,+48.464,+4.265
4346.381,30,14,+48.966,+4.434
4350.199,30,14,+49.051,+4.358
4359.016,30,14,+53.655,+8.780
4367.172,30,14,+56.041,+9.051
4372.625,30,14,+56.794,+8.041
4378.359,30,14,+58.483,+4.740
4386.938,30,14,+60.720,+3.840
4393.155,30,14,+61.504,+2.405
4398.884,30,14,+62.989,+2.583
4405.378,30,14,+64.934,+3.491
4410.956,30,14,+66.679,+4.683
4421.742,30,14,+67.816,+4.685
4428.425,30,14,+67.666,+5.815
4429.863,30,14,+68.230,+5.975
4432.831,30,14,+68.230,+6.111
4434.68,30,14,+68.230,+6.114
4435.724,30,14,+64.095,+6.145
4441.415,30,13,+64.095,+6.145
4441.499,30,13,+64.095,+5.396
4443.07,30,13,+47.142,+5.046
4446.517,30,13,+47.075,+4.799
4452.866,30,13,+45.286,+4.505
4459.678,30,13,+43.948,+4.795
4465.975,30,13,+44.075,+6.432
4470.762,30,13,+42.211,+6.599
4480.462,30,13,+41.145,+6.932
4486.331,30,13,+41.253,+6.710
4492.352,30,13,+40.445,+6.342
4500.024,30,13,+38.755,+6.171
4506.079,30,13,+37.817,+6.346
4511.555,30,13,+37.827,+6.197
4519.458,30,13,+36.173,+5.260
4528.58,30,13,+36.940,+6.379
4534.033,30,13,+36.308,+5.621
4540.259,30,13,+33.902,+4.850
4545.259,30,13,+32.828,+4.469
4557.925,30,13,+32.386,+6.802
4563.185,30,13,+32.486,+7.020
4564.607,30,13,+32.555,+7.630
4567.794,30,12,+32.555,+7.630
4567.856,30,12,+31.944,+11.588
4568.249,30,13,+31.944,+11.588
4569.888,30,13,+32.046,+11.588
4570.903,30,13,+32.042,+2.595
4576.297,30,12,+32.042,+2.595
4576.377,30,12,+31.382,+12.091
4578.007,30,12,+30.792,+12.160
4581.13,30,12,+29.652,+11.493
4587.513,30,12,+25.616,+10.644
4595.084,30,12,+23.528,+8.892
4599.274,30,12,+22.792,+7.877
4603.799,30,12,+21.930,+7.998
4611.953,30,12,+19.591,+5.655
4616.063,30,12,+19.147,+5.108
4620.656,30,12,+16.214,+3.900
4627.065,30,12,+14.098,+2.243
4632.679,30,12,+13.261,+2.139
4637.962,30,12,+12.884,+1.970
4649.389,30,12,+14.844,+1.766
4656.653,30,12,+13.904,+1.699
4661.831,30,12,+13.114,+1.786
4667.631,30,12,+11.655,+1.574
4673.83,30,12,+11.590,+1.235
4688.001,30,12,+12.451,+1.338
4693.69,30,12,+13.314,+1.910
4694.894,30,12,+13.028,+1.982
4697.781,30,12,+11.900,+2.023
4699.818,30,12,+12.006,+1.588
4701.514,30,12,+12.716,+1.494
4707.899,30,12,+13.243,+1.482
4709.424,30,12,+12.970,+1.436
4713.297,30,12,+12.805,+1.315
4720.857,30,12,+11.535,+0.742
4727.886,30,12,+12.024,+1.176
4732.181,30,12,+10.956,+1.377
4736.506,30,12,+11.006,+1.333
4748.881,30,12,+12.541,+1.083
4753.365,30,12,+12.467,+0.992
4758.209,30,12,+10.948,+1.096
4768.1,30,12,+11.570,+0.983
4776.522,30,12,+12.037,+1.552
4782.35,30,12,+12.786,+1.508
4792.787,30,12,+12.052,+0.931
4799.431,30,12,+8.633,+0.884
4808.453,30,12,+8.617,+1.382
4815.414,30,12,+6.398,+1.045
4822.916,30,12,+6.359,+0.964
4833.527,30,12,+4.909,+0.561
4838.099,30,12,+4.819,+0.502
4839.239,30,12,+4.882,+0.483
4841.739,30,12,+4.703,+0.290
4843.192,30,12,+4.645,+0.203
4843.895,30,12,+4.612,+0.165
4847.843,30,11,+4.612,+0.165
4847.913,30,11,+4.394,+0.326
4849.07,30,11,+4.305,+0.236
4851.623,30,11,+4.368,+0.332
4856.931,30,11,+4.626,+0.310
4863.001,30,11,+4.950,+0.391
4866.678,30,11,+5.057,+0.365
4870.141,30,11,+4.968,+0.234
4877.881,30,12,+4.968,+0.234
4878.084,30,12,+5.307,+0.092
4881.643,30,12,+5.332,+0.007
4885.893,30,12,+5.301,+0.015
4892.242,30,12,+5.724,+0.173
4897.304,30,12,+6.126,+0.293
4901.343,30,12,+6.160,+0.241
4908.298,30,12,+6.692,+0.506
4913.82,30,12,+6.680,+0.502
4918.154,30,12,+6.725,+0.588
4922.59,30,12,+6.622,+0.541
4926.062,30,12,+6.345,+0.381
4934.681,30,12,+6.444,+0.474
4938.981,30,12,+6.451,+0.619
4940.135,30,12,+6.527,+0.726
4942.525,30,12,+6.478,+0.774
4943.947,30,12,+6.455,+0.793
4944.682,30,12,+6.434,+0.795
4948.807,30,12,+6.170,+0.730
4949.963,30,12,+6.088,+0.729
4952.416,30,12,+6.182,+0.758
4957.517,30,12,+6.259,+0.557
4963.356,30,12,+6.471,+0.653
4966.832,30,12,+6.495,+0.712
4970.381,30,12,+6.440,+0.825
4978.134,30,12,+6.616,+0.651
4981.478,30,12,+6.586,+0.567
4985.828,30,12,+6.649,+0.534
4991.917,30,12,+6.817,+0.618
4996.736,30,12,+7.021,+0.553
5001.016,30,12,+6.976,+0.545
5007.449,30,12,+7.287,+0.644
5013.064,30,12,+7.432,+0.696
5017.298,30,12,+7.459,+0.715
5021.673,30,12,+7.263,+0.554
5025.181,30,12,+6.987,+0.395
5033.754,30,12,+7.096,+0.505
5038.082,30,12,+7.170,+0.692
5039.129,30,12,+7.229,+0.755
5041.515,30,12,+7.241,+0.733
5042.978,30,12,+7.234,+0.736
5043.743,30,12,+7.232,+0.747
5047.929,30,12,+7.244,+0.866
5049.135,30,12,+7.238,+0.905
5051.597,30,12,+7.450,+0.929
5056.629,30,12,+7.667,+0.558
5062.394,30,12,+8.007,+0.670
5065.962,30,12,+8.171,+0.764
5069.541,30,12,+8.074,+0.691
5076.932,30,12,+8.480,+0.804
5080.682,30,12,+8.497,+0.761
5084.963,30,12,+8.653,+0.841
5091.026,30,12,+8.961,+0.951
5095.776,30,12,+9.193,+0.858
5099.814,30,12,+9.166,+0.897
5106.479,30,12,+9.543,+0.936
5112.016,30,12,+9.670,+0.906
5116.298,30,12,+9.733,+0.872
5120.814,30,12,+9.670,+0.965
5124.514,30,12,+9.530,+1.007
5133.319,30,12,+9.908,+1.207
5137.61,30,12,+10.017,+1.283
5138.61,30,12,+10.073,+1.265
5140.954,30,12,+10.067,+1.198
5142.395,30,12,+10.073,+1.213
5143.131,30,12,+10.065,+1.231
5147.373,30,12,+9.891,+1.276
5148.531,30,12,+9.845,+1.260
5150.919,30,12,+9.928,+1.215
5156.06,30,12,+10.188,+1.016
5161.638,30,12,+10.357,+0.977
5165.216,30,12,+10.485,+0.992
5168.778,30,12,+10.430,+0.927
5176.162,30,12,+10.797,+0.899
5179.87,30,12,+10.824,+0.755
5184.131,30,12,+10.988,+0.757
5190.136,30,12,+11.170,+0.863
5194.858,30,12,+11.417,+0.848
5198.878,30,12,+11.441,+0.844
5205.535,30,12,+11.758,+0.926
5211.079,30,12,+11.922,+0.963
5215.34,30,12,+11.997,+0.969
5219.845,30,12,+11.978,+1.010
5223.492,30,12,+11.894,+1.073
5232.218,30,12,+12.311,+1.109
5236.52,30,12,+12.416,+1.198
5237.532,30,12,+12.458,+1.194
5239.878,30,12,+12.445,+1.144
5241.311,30,12,+12.433,+1.121
5242.044,30,12,+12.419,+1.114
5246.262,30,12,+12.251,+1.111
5247.454,30,12,+12.207,+1.133
5249.781,30,12,+12.215,+1.182
5255.001,30,12,+12.608,+1.170
5260.642,30,12,+12.819,+1.215
5264.142,30,12,+12.865,+1.091
5267.751,30,12,+12.850,+1.095
5275.08,30,12,+13.137,+1.029
5278.804,30,12,+13.167,+0.897
5283.028,30,12,+13.085,+0.881
5288.953,30,12,+13.229,+0.954
5293.763,30,12,+13.428,+0.874
5297.802,30,12,+13.413,+0.881
5304.399,30,12,+13.679,+0.892
5309.983,30,12,+13.868,+0.943
5314.238,30,12,+13.915,+0.935
5318.664,30,12,+13.855,+1.083
5322.344,30,12,+13.734,+1.273
5330.879,30,12,+13.849,+0.967
5335.144,30,12,+13.940,+1.006
5336.19,30,12,+14.021,+1.016
5338.569,30,12,+14.068,+0.980
5340.031,30,12,+14.075,+0.959
5340.763,30,12,+14.069,+0.949
5344.97,30,12,+13.924,+0.893
5346.173,30,12,+13.894,+0.914
5348.548,30,12,+13.972,+0.953
5353.645,30,12,+14.187,+1.025
5359.331,30,12,+14.454,+1.078
5362.898,30,12,+14.592,+0.999
5366.476,30,12,+14.558,+0.984
5373.87,30,12,+14.860,+0.978
5377.59,30,12,+14.877,+0.835
5381.838,30,12,+14.847,+0.829
5387.856,30,12,+15.084,+0.924
5392.67,30,12,+15.325,+0.911
5396.717,30,12,+15.314,+0.912
5403.354,30,12,+15.616,+0.906
5408.874,30,12,+15.827,+0.977
5413.155,30,12,+15.886,+0.974
5417.608,30,12,+15.827,+1.143
5421.296,30,12,+15.702,+1.365
5429.88,30,12,+15.991,+1.037
5434.147,30,12,+16.098,+1.079
5435.15,30,12,+16.186,+1.063
5437.544,30,12,+16.246,+0.996
5438.999,30,12,+16.247,+0.991
5439.743,30,12,+16.242,+0.998
5443.97,30,12,+16.112,+1.064
5445.144,30,12,+16.072,+1.093
5447.516,30,12,+16.164,+0.999
5452.744,30,12,+16.604,+1.004
5458.395,30,12,+16.738,+0.975
5461.958,30,12,+16.856,+0.951
5465.579,30,12,+16.838,+0.927
5472.944,30,12,+17.168,+0.949
5476.734,30,12,+17.225,+0.918
5480.963,30,12,+17.332,+0.849
5487.07,30,12,+17.548,+0.829
5491.829,30,12,+17.753,+0.787
5495.873,30,12,+17.749,+0.823
5502.42,30,12,+17.996,+0.730
5507.988,30,12,+18.169,+0.718
5512.268,30,12,+18.243,+0.738
5516.768,30,12,+18.214,+0.767
5520.44,30,12,+18.106,+0.759
5529.037,30,12,+18.370,+0.616
5533.289,30,12,+18.459,+0.669
5534.309,30,12,+18.559,+0.671
5536.732,30,12,+18.659,+0.698
5538.205,30,12,+18.671,+0.712
5538.932,30,12,+18.667,+0.719
5543.148,30,12,+18.572,+0.789
5544.351,30,12,+18.540,+0.817
5546.726,30,12,+18.582,+0.885
5551.695,30,12,+18.635,+0.840
5557.382,30,12,+18.896,+0.856
5560.929,30,12,+18.918,+0.791
5564.445,30,12,+18.864,+0.742
5571.726,30,12,+19.105,+0.730
5575.413,30,12,+19.100,+0.660
5579.627,30,12,+19.171,+0.665
5585.643,30,12,+19.384,+0.672
5590.449,30,12,+19.592,+0.651
5594.472,30,12,+19.559,+0.632
5601.041,30,12,+19.929,+0.556
5606.644,30,12,+20.013,+0.536
5610.939,30,12,+20.056,+0.550
5615.232,30,12,+19.866,+0.407
5618.795,30,12,+19.579,+0.215
5627.6,30,11,+19.579,+0.215
5627.68,30,11,+20.149,+1.979
5631.9,30,11,+20.197,+2.027
5632.938,30,11,+20.264,+2.069
5635.254,30,11,+20.245,+2.028
5636.679,30,11,+20.233,+2.010
5637.449,30,11,+20.229,+2.016
5641.721,30,11,+20.174,+2.180
5642.93,30,11,+20.146,+2.157
5645.245,30,11,+20.169,+1.929
5650.341,30,11,+20.353,+1.783
5655.899,30,11,+20.460,+1.720
5659.539,30,11,+20.596,+1.819
5663.126,30,11,+20.588,+1.899
5670.332,30,11,+20.818,+1.559
5674.113,30,11,+20.879,+1.613
5678.348,30,11,+20.949,+1.623
5684.238,30,11,+21.230,+1.443
5689.068,30,11,+21.404,+1.470
5693.098,30,11,+21.390,+1.493
5699.644,30,11,+21.702,+1.500
5705.269,30,11,+21.880,+1.491
5709.504,30,11,+21.971,+1.579
5714.098,30,11,+22.015,+1.785
5717.864,30,11,+21.984,+1.995
5726.411,30,11,+22.263,+1.876
5730.728,30,11,+22.357,+1.933
5731.724,30,11,+22.453,+1.942
5734.02,30,11,+22.427,+1.895
5735.474,30,11,+22.421,+1.899
5736.208,30,11,+22.417,+1.904
5740.458,30,11,+22.316,+1.928
5741.661,30,11,+22.276,+1.952
5743.911,30,11,+22.223,+1.956
5749.208,30,11,+22.586,+2.048
5754.849,30,11,+22.752,+2.018
5758.364,30,11,+22.837,+2.082
5761.974,30,11,+22.808,+2.191
5769.161,30,11,+23.057,+2.001
5772.974,30,11,+23.130,+2.111
5777.192,30,11,+23.139,+2.034
5783.02,30,11,+23.348,+1.644
5787.833,30,11,+23.497,+1.539
5791.893,30,11,+23.488,+1.515
5798.481,30,11,+23.775,+1.543
5804.012,30,11,+23.927,+1.516
5808.29,30,11,+23.991,+1.490
5812.734,30,11,+23.956,+1.443
5816.434,30,11,+23.853,+1.440
5825.0,30,11,+24.041,+1.358
5829.254,30,11,+24.120,+1.405
5830.254,30,11,+24.159,+1.441
5832.598,30,11,+24.178,+1.454
5834.068,30,11,+24.171,+1.438
5834.754,30,11,+24.163,+1.429
5839.013,30,11,+24.059,+1.394
5840.209,30,11,+24.025,+1.406
5842.545,30,11,+24.056,+1.482
5847.665,30,11,+24.343,+1.561
5853.252,30,11,+24.477,+1.509
5856.77,30,11,+24.578,+1.468
5860.388,30,11,+24.562,+1.431
5867.637,30,11,+24.830,+1.403
5871.464,30,11,+24.903,+1.312
5875.637,30,11,+24.942,+1.269
5881.57,30,11,+25.211,+1.365
5886.371,30,11,+25.425,+1.348
5890.382,30,11,+25.397,+1.325
5896.963,30,11,+25.681,+1.441
5902.479,30,11,+25.797,+1.499
5906.76,30,11,+25.836,+1.437
5911.245,30,11,+25.812,+1.332
5914.979,30,11,+25.732,+1.229
5923.448,30,11,+25.946,+1.055
5927.729,30,11,+26.033,+1.147
5928.729,30,11,+26.114,+1.236
5931.151,30,11,+26.176,+1.264
5932.573,30,11,+26.194,+1.259
5933.309,30,11,+26.196,+1.263
5937.557,30,11,+26.105,+1.313
5938.776,30,11,+26.066,+1.337
5941.12,30,11,+26.112,+1.425
5946.604,30,11,+26.356,+1.377
5951.87,30,11,+26.613,+1.391
5955.37,30,11,+26.702,+1.298
5958.948,30,11,+26.661,+1.258
5966.229,30,11,+26.964,+1.241
5970.026,30,11,+27.061,+1.183
5974.244,30,11,+27.106,+1.158
5980.191,30,11,+27.411,+1.190
5984.98,30,11,+27.563,+1.188
5988.994,30,11,+27.537,+1.166
5995.632,30,11,+27.886,+1.388
6001.157,30,11,+28.043,+1.350
6005.422,30,11,+28.106,+1.358
6009.922,30,11,+28.053,+1.282
6013.579,30,11,+27.947,+1.208
6022.189,30,11,+28.230,+1.199
6026.456,30,11,+28.311,+1.297
6027.445,30,11,+28.332,+1.334
6029.754,30,11,+28.310,+1.306
6031.207,30,11,+28.292,+1.280
6031.917,30,11,+28.281,+1.274
6036.158,30,11,+28.170,+1.313
6037.579,30,11,+28.131,+1.336
6039.625,30,11,+28.190,+1.426
6044.719,30,11,+28.400,+1.474
6050.334,30,11,+28.575,+1.500
6053.88,30,11,+28.614,+1.374
6057.445,30,11,+28.582,+1.368
6064.663,30,11,+28.775,+1.435
6068.428,30,11,+28.808,+1.345
6072.645,30,11,+28.915,+1.330
6078.543,30,11,+29.170,+1.444
6083.339,30,11,+29.380,+1.443
6087.418,30,11,+29.372,+1.457
6093.902,30,11,+29.556,+1.470
6099.449,30,11,+29.739,+1.481
6103.746,30,11,+29.821,+1.480
6108.267,30,11,+29.783,+1.404
6111.92,30,11,+29.687,+1.303
6120.533,30,11,+29.961,+1.213
6124.758,30,11,+30.020,+1.290
6125.78,30,11,+30.068,+1.340
6128.17,30,11,+30.120,+1.396
6129.6,30,11,+30.136,+1.409
6130.458,30,11,+30.138,+1.417
6134.655,30,11,+30.065,+1.481
6135.796,30,11,+30.035,+1.507
6138.133,30,11,+30.066,+1.624
6143.171,30,11,+30.271,+1.620
6148.764,30,11,+30.407,+1.679
6152.284,30,11,+30.492,+1.577
6155.831,30,11,+30.415,+1.534
6162.98,30,11,+30.583,+1.552
6166.73,30,11,+30.630,+1.481
6170.955,30,11,+30.738,+1.491
6176.86,30,11,+30.926,+1.686
6181.876,30,11,+31.175,+1.692
6185.735,30,11,+31.152,+1.686
6192.235,30,11,+31.348,+1.737
6197.844,30,11,+31.497,+1.865
6202.141,30,11,+31.568,+1.890
6206.66,30,11,+31.572,+1.834
6206.66,30,11,+31.568,+1.890
6206.66,30,11,+31.572,+1.834
6210.391,30,11,+31.567,+1.789
6218.945,30,11,+31.770,+1.669
6223.189,30,11,+31.840,+1.754
6224.216,30,11,+31.892,+1.790
6226.545,30,11,+31.906,+1.817
6227.984,30,11,+31.910,+1.815
6228.732,30,11,+31.906,+1.816
6232.945,30,11,+31.828,+1.853
6234.139,30,11,+31.799,+1.876
6236.426,30,11,+31.780,+1.953
6241.526,30,11,+31.989,+2.033
6247.164,30,11,+32.191,+2.037
6250.68,30,11,+32.231,+1.898
6254.2,30,11,+32.170,+1.858
6261.365,30,11,+32.332,+1.802
6265.103,30,11,+32.379,+1.716
6269.281,30,11,+32.419,+1.684
6275.217,30,11,+32.668,+1.823
6279.984,30,11,+32.854,+1.792
6284.056,30,11,+32.880,+1.838
6290.501,30,11,+33.039,+1.897
6296.112,30,11,+33.207,+2.001
6300.4,30,11,+33.291,+2.010
6304.933,30,11,+33.289,+2.022
6308.684,30,11,+33.247,+2.053
6317.282,30,11,+33.521,+1.955
6321.507,30,11,+33.596,+2.052
6322.575,30,11,+33.667,+2.099
6324.917,30,11,+33.694,+2.068
6326.371,30,11,+33.702,+2.054
6327.097,30,11,+33.706,+2.055
6331.388,30,11,+33.667,+2.100
6332.576,30,11,+33.642,+2.122
6334.857,30,11,+33.635,+2.188
6339.92,30,11,+33.781,+2.090
6345.545,30,11,+33.996,+2.014
6349.123,30,11,+34.061,+1.938
6352.7,30,11,+34.043,+1.938
6359.911,30,11,+34.290,+1.829
6363.694,30,11,+34.365,+1.726
6367.912,30,11,+34.492,+1.709
6373.809,30,11,+34.710,+1.735
6378.6,30,11,+34.888,+1.720
6382.624,30,11,+34.875,+1.727
6389.105,30,11,+35.082,+1.711
6394.683,30,11,+35.283,+1.770
6398.98,30,11,+35.367,+1.733
6403.464,30,11,+35.333,+1.766
6407.168,30,11,+35.263,+1.851
6415.659,30,11,+35.477,+1.604
6419.908,30,11,+35.563,+1.698
6420.94,30,11,+35.619,+1.744
6423.19,30,10,+35.619,+1.744
6423.283,30,10,+35.641,+1.729
6424.69,30,10,+35.643,+1.701
6425.424,30,10,+35.633,+1.686
6429.58,30,10,+35.486,+1.598
6430.783,30,10,+35.430,+1.582
6433.002,30,10,+35.424,+1.623
6438.19,30,10,+35.778,+1.732
6443.791,30,10,+35.972,+1.786
6447.306,30,10,+36.055,+1.728
6450.853,30,10,+35.994,+1.660
6458.088,30,10,+36.179,+1.682
6461.775,30,10,+36.274,+1.641
6465.978,30,10,+36.359,+1.639
6471.846,30,10,+36.555,+1.722
6476.663,30,10,+36.773,+1.701
6480.709,30,10,+36.770,+1.696
6487.147,30,10,+36.975,+1.729
6492.722,30,10,+37.134,+1.838
6496.988,30,10,+37.203,+1.851
6501.48,30,10,+37.170,+1.787
6505.13,30,10,+37.120,+1.751
6513.597,30,10,+37.258,+1.622
6517.828,30,10,+37.315,+1.688
6518.812,30,10,+37.364,+1.727
6521.165,30,10,+37.373,+1.735
6522.589,30,10,+37.366,+1.725
6523.34,30,10,+37.361,+1.721
6527.505,30,10,+37.261,+1.702
6528.685,30,10,+37.221,+1.709
6530.981,30,10,+37.248,+1.804
6536.1,30,10,+37.529,+1.946
6541.648,30,10,+37.657,+1.918
6545.179,30,10,+37.749,+1.850
6548.772,30,10,+37.700,+1.812
6555.945,30,10,+37.903,+1.778
6559.656,30,10,+37.927,+1.674
6563.801,30,10,+38.012,+1.653
6569.711,30,10,+38.385,+1.705
6574.508,30,10,+38.537,+1.687
6578.57,30,10,+38.551,+1.731
6585.055,30,10,+38.772,+1.767
6590.711,30,10,+38.953,+1.926
6594.945,30,10,+39.073,+1.949
6599.46,30,10,+39.040,+2.070
6603.113,30,10,+38.927,+2.286
6611.627,30,10,+39.141,+1.950
6615.846,30,10,+39.219,+1.995
6616.905,30,10,+39.279,+2.039
6619.235,30,10,+39.331,+2.056
6620.66,30,10,+39.340,+2.048
6621.401,30,10,+39.337,+2.043
6625.655,30,10,+39.257,+2.027
6626.833,30,10,+39.228,+2.041
6629.081,30,10,+39.222,+2.052
6634.218,30,10,+39.532,+2.191
6639.762,30,10,+39.730,+2.099
6643.278,30,10,+39.845,+2.031
6646.881,30,10,+39.817,+1.983
6654.034,30,10,+40.005,+1.934
6657.744,30,10,+40.037,+1.800
6661.901,30,10,+40.130,+1.803
6667.769,30,10,+40.381,+1.910
6672.555,30,10,+40.554,+1.845
6676.589,30,10,+40.556,+1.828
6683.034,30,10,+40.765,+1.801
6688.631,30,10,+40.926,+1.879
6692.901,30,10,+41.015,+1.855
6697.392,30,10,+41.018,+1.784
6701.133,30,10,+40.983,+1.715
6709.673,30,10,+41.281,+1.630
6713.907,30,10,+41.333,+1.699
6714.892,30,10,+41.356,+1.720
6717.126,30,9,+41.356,+1.720
6717.204,30,9,+41.342,+1.737
6718.626,30,9,+41.327,+1.719
6719.376,30,9,+41.313,+1.706
6723.563,30,9,+41.169,+1.612
6724.735,30,9,+41.124,+1.592
6726.985,30,9,+41.126,+1.658
6732.032,30,9,+41.280,+1.688
6737.61,30,9,+41.330,+1.719
6741.157,30,9,+41.425,+1.644
6744.707,30,9,+41.364,+1.542
6751.882,30,9,+41.521,+1.567
6755.607,30,9,+41.560,+1.439
6759.801,30,9,+41.671,+1.435
6765.682,30,9,+41.905,+1.544
6770.441,30,9,+42.016,+1.519
6774.442,30,9,+41.969,+1.461
6780.901,30,9,+42.167,+1.561
6786.542,30,9,+42.365,+1.570
6790.838,30,9,+42.446,+1.574
6795.322,30,9,+42.425,+1.413
6798.998,30,9,+42.343,+1.231
6807.572,30,9,+42.666,+1.064
6811.782,30,9,+42.725,+1.094
6812.779,30,9,+42.765,+1.113
6815.072,30,9,+42.784,+1.091
6816.521,30,9,+42.779,+0.998
6817.248,30,9,+42.768,+0.941
6821.447,30,9,+42.635,+0.822
6822.672,30,9,+42.602,+0.837
6825.001,30,9,+42.762,+0.912
6830.047,30,9,+42.868,+0.829
6835.731,30,9,+43.148,+0.947
6839.247,30,9,+43.252,+0.873
6842.778,30,9,+43.157,+0.755
6849.953,30,9,+43.369,+0.814
6853.684,30,9,+43.403,+0.764
6857.871,30,9,+43.513,+0.896
6863.781,30,9,+43.839,+1.093
6868.635,30,9,+44.053,+1.128
6872.635,30,9,+44.040,+1.065
6879.151,30,9,+44.311,+1.221
6884.781,30,9,+44.558,+1.208
6889.051,30,9,+44.640,+1.195
6893.547,30,9,+44.626,+1.000
6897.219,30,9,+44.577,+0.786
6905.753,30,9,+44.845,+0.675
6909.972,30,9,+44.917,+0.702
6910.972,30,9,+44.979,+0.736
6913.316,30,9,+44.981,+0.765
6914.722,30,9,+44.978,+0.751
6915.488,30,9,+44.971,+0.738
6919.675,30,9,+44.831,+0.592
6920.863,30,9,+44.777,+0.549
6923.175,30,9,+44.883,+0.664
6928.238,30,9,+44.987,+0.712
6933.894,30,9,+45.246,+0.867
6937.41,30,9,+45.326,+0.745
6940.96,30,9,+45.254,+0.637
6948.236,30,9,+45.496,+0.693
6951.934,30,9,+45.505,+0.546
6956.134,30,9,+45.654,+0.498
6962.165,30,9,+46.173,+0.680
6966.996,30,9,+46.368,+0.674
6971.034,30,9,+46.356,+0.627
6977.506,30,9,+46.614,+0.794
6983.057,30,9,+46.737,+0.815
6987.302,30,9,+46.785,+0.789
6991.67,30,9,+46.623,+0.518
6995.185,30,9,+46.399,+0.249
7003.66,30,8,+46.399,+0.249
7003.738,30,8,+46.732,+7.629
7007.972,30,8,+46.816,+7.715
7009.019,30,8,+46.893,+7.791
7011.333,30,8,+46.933,+7.768
7012.738,30,8,+46.942,+7.761
7013.519,30,8,+46.943,+7.759
7017.8,30,8,+46.914,+7.748
7019.019,30,8,+46.905,+7.750
7021.347,30,8,+47.006,+7.933
7026.363,30,8,+47.175,+7.824
7031.91,30,8,+47.286,+7.870
7035.41,30,8,+47.300,+7.872
7038.981,30,8,+47.272,+7.826
7046.135,30,8,+47.501,+7.924
7049.901,30,8,+47.569,+7.977
7054.041,30,8,+47.651,+8.078
7059.835,30,8,+47.861,+8.086
7064.547,30,8,+47.983,+8.083
7068.586,30,8,+47.981,+8.044
7075.039,30,8,+48.087,+8.205
7080.565,30,8,+48.226,+8.180
7084.832,30,8,+48.331,+8.232
7089.374,30,8,+48.352,+8.264
7093.146,30,8,+48.398,+8.333
7101.711,30,8,+48.694,+8.472
7105.961,30,8,+48.778,+8.549
7106.961,30,8,+48.871,+8.626
7109.289,30,8,+48.895,+8.627
7110.742,30,8,+48.903,+8.630
7111.476,30,8,+48.910,+8.637
7115.803,30,8,+48.949,+8.696
7117.081,30,8,+48.955,+8.712
7119.391,30,8,+49.094,+8.940
7124.628,30,8,+49.318,+9.093
7130.112,30,8,+49.458,+9.138
7133.687,30,8,+49.547,+9.208
7137.229,30,8,+49.507,+9.169
7144.385,30,8,+49.673,+9.256
7148.088,30,8,+49.676,+9.277
7152.213,30,8,+49.715,+9.361
7158.042,30,8,+49.978,+9.493
7162.776,30,8,+50.145,+9.499
7166.76,30,8,+50.124,+9.476
7173.245,30,8,+50.322,+9.628
7178.776,30,8,+50.520,+9.608
7183.042,30,8,+50.596,+9.647
7187.582,30,8,+50.616,+9.676
7191.336,30,8,+50.608,+9.687
7199.819,30,8,+50.617,+9.804
7204.014,30,8,+50.699,+9.863
7205.045,30,8,+50.781,+9.932
7207.279,30,8,+50.743,+9.877
7208.701,30,8,+50.731,+9.862
7209.435,30,8,+50.723,+9.857
7213.685,30,8,+50.683,+9.853
7214.904,30,8,+50.677,+9.857
7217.201,30,8,+50.769,+10.007
7222.217,30,8,+50.972,+10.018
7227.784,30,8,+51.145,+10.007
7231.339,30,8,+51.217,+10.061
7234.905,30,8,+51.229,+10.068
7242.03,30,8,+51.414,+10.180
7245.764,30,8,+51.460,+10.218
7249.889,30,8,+51.526,+10.299
7255.624,30,8,+51.753,+10.400
7260.383,30,8,+51.942,+10.380
7264.381,30,8,+51.925,+10.349
7270.911,30,8,+52.104,+10.461
7276.329,30,8,+52.277,+10.474
7280.574,30,8,+52.348,+10.496
7285.108,30,8,+52.378,+10.529
7288.848,30,8,+52.418,+10.552
7297.399,30,8,+52.676,+10.676
7301.602,30,8,+52.745,+10.764
7302.594,30,8,+52.790,+10.821
7304.839,30,8,+52.778,+10.765
7306.276,30,8,+52.768,+10.755
7307.011,30,8,+52.765,+10.753
7311.295,30,8,+52.776,+10.770
7312.502,30,8,+52.785,+10.781
7314.834,30,8,+52.935,+10.949
7319.792,30,8,+53.095,+10.908
7325.381,30,8,+53.243,+10.933
7328.917,30,8,+53.303,+10.970
7332.52,30,8,+53.292,+10.981
7339.673,30,8,+53.461,+11.050
7343.412,30,8,+53.531,+11.121
7347.547,30,8,+53.600,+11.214
7353.32,30,8,+53.887,+11.322
7358.002,30,8,+54.007,+11.254
7362.05,30,8,+54.005,+11.251
7368.467,30,8,+54.200,+11.447
7374.002,30,8,+54.376,+11.393
7378.255,30,8,+54.449,+11.432
7382.802,30,8,+54.502,+11.459
7386.534,30,8,+54.577,+11.487
7395.082,30,8,+54.843,+11.597
7399.301,30,8,+54.958,+11.718
7400.332,30,8,+55.040,+11.819
7402.609,30,8,+55.034,+11.776
7404.036,30,8,+55.032,+11.764
7404.772,30,8,+55.034,+11.762
7409.097,30,8,+55.085,+11.776
7410.366,30,8,+55.114,+11.790
7412.703,30,8,+55.307,+12.030
7417.814,30,8,+55.599,+12.121
7423.418,30,8,+55.708,+12.171
7426.911,30,8,+55.720,+12.164
7430.473,30,8,+55.723,+12.161
7437.635,30,8,+55.881,+12.261
7441.372,30,8,+55.922,+12.297
7445.434,30,8,+55.954,+12.364
7451.209,30,8,+56.093,+12.411
7455.902,30,8,+56.160,+12.349
7459.921,30,8,+56.145,+12.317
7466.418,30,8,+56.204,+12.452
7471.917,30,8,+56.152,+12.393
7476.157,30,8,+56.224,+12.437
7480.702,30,8,+56.333,+12.463
7484.445,30,8,+56.513,+12.489
7492.961,30,8,+56.717,+12.619
7497.182,30,8,+56.784,+12.718
7498.136,30,8,+56.795,+12.756
7500.437,30,8,+56.716,+12.718
7501.847,30,8,+56.695,+12.707
7502.582,30,8,+56.694,+12.707
7506.895,30,8,+56.724,+12.734
7508.083,30,8,+56.733,+12.748
7510.482,30,8,+56.852,+12.888
7515.415,30,8,+57.054,+12.828
7520.966,30,8,+57.110,+12.861
7524.425,30,8,+57.135,+12.853
7527.977,30,8,+57.117,+12.826
7535.074,30,8,+57.265,+12.862
7538.808,30,8,+57.328,+12.879
7542.902,30,8,+57.383,+12.937
7548.629,30,8,+57.660,+13.002
7553.348,30,8,+57.731,+12.899
7557.357,30,8,+57.684,+12.825
7563.767,30,8,+57.819,+12.854
7569.382,30,8,+58.051,+12.832
7573.648,30,8,+58.145,+12.866
7578.214,30,8,+58.329,+12.930
7582.049,30,8,+58.559,+13.076
7590.593,30,8,+58.883,+13.080
7594.78,30,8,+58.947,+13.147
7595.78,30,8,+59.003,+13.193
7598.035,30,8,+58.975,+13.123
7599.46,30,8,+58.967,+13.108
7600.209,30,8,+58.967,+13.109
7604.51,30,8,+59.018,+13.166
7605.747,30,8,+59.046,+13.191
7608.018,30,8,+59.133,+13.329
7613.047,30,8,+59.356,+13.274
7618.554,30,8,+59.455,+13.326
7622.082,30,8,+59.494,+13.370
7625.636,30,8,+59.468,+13.340
7632.746,30,8,+59.663,+13.428
7636.464,30,8,+59.681,+13.437
7640.585,30,8,+59.727,+13.492
7646.344,30,8,+59.942,+13.617
7651.082,30,8,+60.031,+13.491
7655.052,30,8,+59.984,+13.429
7661.382,30,8,+60.016,+13.411
7666.974,30,8,+60.172,+13.375
7671.24,30,8,+60.241,+13.406
7675.782,30,8,+60.305,+13.467
7679.583,30,8,+60.455,+13.587
7688.163,30,8,+60.641,+13.627
7692.354,30,8,+60.697,+13.699
7693.358,30,8,+60.730,+13.772
7695.609,30,8,+60.625,+13.678
7697.031,30,8,+60.596,+13.643
7697.999,30,8,+60.593,+13.639
7702.048,30,8,+60.646,+13.685
7703.311,30,8,+60.678,+13.712
7705.561,30,8,+60.771,+13.863
7710.706,30,8,+61.039,+13.915
7716.173,30,8,+61.083,+13.925
7719.643,30,8,+61.083,+13.916
7723.174,30,8,+61.038,+13.872
7730.252,30,8,+61.127,+13.902
7733.968,30,8,+61.152,+13.923
7738.048,30,8,+61.195,+13.978
7743.817,30,8,+61.382,+14.083
7748.585,30,8,+61.471,+14.062
7752.566,30,8,+61.425,+14.010
7758.982,30,8,+61.494,+14.079
7764.49,30,8,+61.520,+14.044
7768.746,30,8,+61.588,+14.070
7773.299,30,8,+61.721,+14.144
7777.122,30,8,+61.975,+14.253
7785.7,30,8,+62.224,+14.301
7789.901,30,8,+62.286,+14.372
7790.902,30,8,+62.310,+14.435
7793.17,30,8,+62.232,+14.349
7794.576,30,8,+62.217,+14.326
7795.31,30,8,+62.218,+14.323
7799.56,30,8,+62.241,+14.348
7800.779,30,8,+62.249,+14.366
7803.014,30,8,+62.211,+14.452
7808.076,30,8,+62.475,+14.549
7813.561,30,8,+62.523,+14.442
7817.077,30,8,+62.594,+14.483
7820.648,30,8,+62.601,+14.464
7827.741,30,8,+62.817,+14.534
7831.499,30,8,+62.882,+14.594
7835.603,30,8,+62.970,+14.708
7841.36,30,8,+63.254,+14.779
7846.067,30,8,+63.357,+14.676
7850.07,30,8,+63.335,+14.644
7856.403,30,8,+63.511,+14.634
7861.946,30,8,+63.671,+14.597
7866.193,30,8,+63.727,+14.632
7870.756,30,8,+63.851,+14.683
7874.506,30,8,+63.955,+14.768
7883.006,30,8,+64.184,+14.840
7887.249,30,8,+64.248,+14.928
7888.267,30,8,+64.298,+15.013
7890.548,30,8,+64.262,+14.940
7891.935,30,8,+64.246,+14.917
7892.667,30,8,+64.240,+14.913
7896.933,30,8,+64.224,+14.950
7898.136,30,8,+64.218,+14.969
7900.418,30,8,+64.302,+15.122
7905.418,30,8,+64.522,+15.144
7910.903,30,8,+64.617,+15.045
7914.437,30,8,+64.680,+16.950
7917.962,30,8,+64.631,+16.733
7925.037,30,8,+64.806,+15.902
7928.74,30,8,+64.812,+11.720
7932.85,30,8,+64.863,+6.235
7938.636,30,8,+65.127,+1.915
7943.378,30,7,+65.127,+1.915
7943.409,30,7,+65.310,+15.259
7947.44,30,7,+65.299,+15.230
7953.807,30,7,+65.494,+15.215
7959.437,30,7,+65.740,+15.212
7963.674,30,7,+65.826,+15.258
7968.236,30,7,+65.858,+15.319
7972.044,30,7,+65.910,+15.431
7980.625,30,7,+66.199,+15.576
7984.852,30,7,+66.229,+15.626
7985.837,30,7,+66.292,+15.665
7988.087,30,7,+66.279,+15.593
7989.462,30,7,+66.266,+15.572
7990.243,30,7,+66.259,+15.565
7994.446,30,7,+66.228,+15.556
7995.649,30,7,+66.223,+15.559
7997.93,30,7,+66.312,+15.673
8002.899,30,7,+66.530,+15.649
8008.415,30,7,+66.683,+15.629
8011.915,30,7,+66.729,+15.640
8015.446,30,7,+66.682,+15.598
8022.509,30,7,+66.868,+15.640
8026.243,30,7,+66.903,+15.671
8030.352,30,7,+66.973,+15.773
8036.154,30,7,+67.299,+15.823
8040.903,30,7,+67.458,+15.808
8044.912,30,7,+67.458,+15.777
8051.287,30,7,+67.618,+15.789
8056.834,30,7,+67.800,+15.858
8061.084,30,7,+67.862,+15.875
8065.631,30,7,+67.890,+15.917
8069.428,30,7,+67.948,+16.003
8077.912,30,7,+68.181,+16.087
8082.115,30,7,+68.278,+16.181
8083.131,30,7,+68.356,+16.264
8085.443,30,7,+68.361,+16.215
8086.865,30,7,+68.350,+16.196
8087.584,30,7,+68.346,+16.186
8091.834,30,7,+68.328,+16.148
8093.037,30,7,+68.325,+16.148
8095.288,30,7,+68.399,+16.263
8100.256,30,7,+68.588,+16.145
8105.834,30,7,+68.706,+16.178
8109.318,30,7,+68.741,+16.194
8112.866,30,7,+68.684,+16.161
8119.945,30,7,+68.870,+16.192
8123.647,30,7,+68.975,+16.218
8127.725,30,7,+69.116,+16.263
8133.444,30,7,+69.375,+16.262
8138.194,30,7,+69.495,+16.255
8142.178,30,7,+69.415,+16.205
8148.553,30,7,+69.561,+16.269
8154.162,30,7,+69.814,+16.304
8158.444,30,7,+69.924,+16.371
8162.99,30,7,+69.940,+16.415
8166.756,30,7,+69.924,+16.499
8175.24,30,7,+70.081,+15.925
8179.459,30,7,+70.146,+15.986
8180.428,30,7,+70.184,+16.003
8182.725,30,7,+70.158,+15.917
8184.178,30,7,+70.147,+15.901
8184.897,30,7,+70.143,+15.900
8189.183,30,7,+70.132,+15.923
8190.404,30,7,+70.131,+15.928
8192.658,30,7,+70.229,+16.019
8197.684,30,7,+70.390,+16.099
8203.22,30,7,+70.512,+16.013
8206.7,30,7,+70.619,+16.067
8210.209,30,7,+70.537,+15.994
8217.328,30,7,+70.735,+16.018
8221.074,30,7,+70.855,+16.071
8225.169,30,7,+71.064,+16.140
8230.92,30,7,+71.372,+16.239
8235.658,30,7,+71.517,+16.237
8239.714,30,7,+71.415,+16.134
8246.01,30,7,+71.566,+16.184
8251.584,30,7,+71.787,+16.107
8255.847,30,7,+71.868,+16.132
8260.378,30,7,+71.864,+16.165
8264.162,30,7,+71.845,+16.226
8272.604,30,7,+71.781,+16.178
8276.848,30,7,+71.836,+16.280
8277.858,30,7,+71.910,+16.369
8280.162,30,7,+71.904,+16.343
8281.604,30,7,+71.891,+16.334
8282.334,30,7,+71.880,+16.333
8286.576,30,7,+71.808,+16.336
8287.803,30,7,+71.795,+16.338
8290.048,30,7,+71.872,+16.443
8295.036,30,7,+72.089,+16.451
8300.575,30,7,+72.195,+16.441
8304.084,30,7,+72.228,+16.460
8307.628,30,7,+72.168,+16.439
8314.722,30,7,+72.380,+16.517
8318.419,30,7,+72.482,+16.545
8322.534,30,7,+72.645,+16.591
8328.319,30,7,+72.987,+16.738
8333.056,30,7,+73.102,+16.711
8337.101,30,7,+73.074,+16.706
8343.462,30,7,+73.239,+16.678
8349.051,30,7,+73.457,+16.705
8353.313,30,7,+73.530,+16.752
8357.875,30,7,+73.563,+16.825
8361.688,30,7,+73.590,+16.994
8370.156,30,7,+73.731,+16.994
8374.36,30,7,+73.795,+17.094
8375.376,30,7,+73.863,+17.139
8377.641,30,7,+73.830,+17.064
8379.047,30,7,+73.818,+17.041
8379.781,30,7,+73.814,+17.038
8384.0,30,7,+73.782,+17.065
8385.453,30,7,+73.778,+17.086
8387.422,30,7,+73.862,+17.188
8392.391,30,7,+73.915,+17.188
8397.922,30,7,+74.068,+17.070
8401.422,30,7,+74.128,+17.035
8404.938,30,7,+74.068,+16.999
8412.047,30,7,+74.249,+16.956
8415.75,30,7,+74.341,+16.967
8419.86,30,7,+74.514,+17.057
8425.689,30,7,+74.808,+17.089
8430.384,30,7,+74.912,+17.031
8434.35,30,7,+74.841,+16.976
8440.664,30,7,+74.909,+16.840
8446.334,30,7,+74.978,+16.804
8450.584,30,7,+74.956,+16.859
8455.119,30,7,+74.989,+16.980
8458.883,30,7,+75.080,+17.219
8467.385,30,7,+75.313,+17.224
8471.575,30,7,+75.368,+17.264
8472.577,30,7,+75.425,+17.308
8474.837,30,7,+75.376,+17.224
8476.274,30,7,+75.359,+17.204
8477.012,30,7,+75.356,+17.199
8481.245,30,7,+75.372,+17.201
8482.449,30,7,+75.384,+17.205
8484.737,30,7,+75.492,+17.317
8489.694,30,7,+75.693,+17.284
8495.205,30,7,+75.715,+17.246
8498.737,30,7,+75.739,+17.306
8502.254,30,7,+75.686,+17.273
8509.411,30,7,+75.849,+17.324
8513.054,30,7,+75.943,+17.341
8517.179,30,7,+76.106,+17.425
8523.009,30,7,+76.361,+17.579
8527.775,30,7,+76.358,+17.612
8531.775,30,7,+76.262,+17.584
8538.269,30,7,+76.395,+17.674
8543.749,30,7,+76.448,+17.723
8547.974,30,7,+76.506,+17.726
8552.488,30,7,+76.497,+17.745
8556.27,30,7,+76.451,+17.762
8564.77,30,7,+76.664,+17.788
8568.941,30,7,+76.709,+17.852
8569.926,30,7,+76.764,+17.915
8572.223,30,7,+76.756,+17.855
8573.629,30,7,+76.744,+17.839
8574.363,30,7,+76.738,+17.839
8578.645,30,7,+76.699,+17.855
8579.848,30,7,+76.692,+17.864
8582.082,30,7,+76.771,+17.958
8587.051,30,7,+76.828,+17.960
8592.77,30,7,+77.029,+17.963
8596.124,30,7,+77.068,+17.963
8599.616,30,7,+76.998,+17.920
8606.741,30,7,+77.225,+17.907
8610.491,30,7,+77.369,+17.978
8614.601,30,7,+77.526,+18.058
8620.405,30,7,+77.864,+18.189
8625.079,30,7,+77.997,+18.133
8629.063,30,7,+77.944,+18.093
8635.406,30,7,+78.120,+18.161
8641.03,30,7,+78.372,+18.168
8645.26,30,7,+78.439,+18.201
8649.8,30,7,+78.430,+18.242
8653.58,30,7,+78.389,+18.338
8662.101,30,7,+78.719,+18.427
8666.258,30,7,+78.746,+18.487
8667.304,30,7,+78.790,+18.558
8669.554,30,7,+78.787,+18.525
8670.961,30,7,+78.790,+18.517
8671.695,30,7,+78.787,+18.521
8675.952,30,7,+78.722,+18.556
8677.169,30,7,+78.703,+18.566
8679.382,30,7,+78.767,+18.652
8684.398,30,7,+79.035,+18.731
8690.004,30,7,+79.171,+18.746
8693.507,30,7,+79.244,+18.791
8696.992,30,7,+79.165,+18.742
8704.075,30,7,+79.321,+18.773
8707.771,30,7,+79.422,+18.801
8711.917,30,7,+79.632,+18.898
8717.654,30,7,+80.000,+19.046
8722.385,30,7,+80.147,+18.978
8726.369,30,7,+80.105,+18.925
8732.75,30,7,+80.317,+18.955
8738.35,30,7,+80.529,+18.977
8742.605,30,7,+80.632,+19.042
8747.141,30,7,+80.620,+19.082
8750.879,30,7,+80.554,+19.158
8759.484,30,7,+78.783,+19.319
8763.651,30,7,+78.878,+19.394
8764.66,30,7,+78.821,+19.464
8766.907,30,7,+78.657,+19.390
8768.35,30,7,+78.624,+19.368
8769.048,30,7,+78.607,+19.366
8773.281,30,7,+78.495,+19.398
8774.504,30,7,+78.473,+19.418
8776.705,30,7,+78.404,+19.527
8781.751,30,7,+78.577,+19.574
8787.264,30,7,+78.712,+19.519
8790.827,30,7,+78.769,+19.595
8794.287,30,7,+78.695,+19.568
8801.36,30,7,+78.803,+19.553
8805.05,30,7,+78.899,+19.566
8809.182,30,7,+78.941,+19.673
8814.915,30,7,+79.184,+19.804
8819.709,30,7,+79.381,+19.804
8823.684,30,7,+79.335,+19.762
8830.031,30,7,+79.475,+19.792
8835.65,30,7,+79.691,+19.819
8839.87,30,7,+79.772,+19.856
8844.388,30,7,+79.770,+19.896
8848.15,30,7,+79.715,+19.952
8856.669,30,7,+79.793,+19.824
8860.823,30,7,+79.779,+19.906
8861.796,30,7,+79.753,+19.945
8864.107,30,7,+79.670,+19.902
8865.505,30,7,+79.648,+19.888
8866.254,30,7,+79.633,+19.886
8870.476,30,7,+79.516,+19.879
8871.663,30,7,+79.482,+19.881
8873.877,30,7,+79.459,+19.971
8878.869,30,7,+79.447,+19.964
8884.384,30,7,+79.648,+19.923
8887.892,30,7,+79.615,+19.941
8891.385,30,7,+79.528,+19.886
8898.52,30,7,+79.680,+19.906
8902.236,30,7,+79.792,+19.946
8906.335,30,7,+79.786,+20.040
8912.113,30,7,+80.064,+20.233
8916.852,30,7,+80.176,+20.182
8920.83,30,7,+80.118,+20.141
8927.174,30,7,+80.232,+20.152
8932.783,30,7,+80.410,+20.219
8937.267,30,7,+80.478,+20.276
8941.533,30,7,+80.466,+20.325
8945.283,30,7,+80.438,+20.414
8945.283,30,7,+80.466,+20.325
8945.283,30,7,+80.438,+20.414
8953.783,30,7,+80.546,+20.332
8957.939,30,7,+80.533,+20.362
8958.924,30,7,+80.526,+20.410
8961.267,30,7,+80.463,+20.422
8962.674,30,7,+80.436,+20.412
8963.424,30,7,+80.421,+20.414
8967.627,30,7,+80.321,+20.534
8968.877,30,7,+80.295,+20.573
8971.107,30,7,+80.309,+20.672
8976.016,30,7,+80.483,+20.594
8981.538,30,7,+80.629,+20.599
8985.066,30,7,+80.651,+20.617
8988.565,30,7,+80.577,+20.560
8995.688,30,7,+80.756,+20.578
8999.384,30,7,+80.860,+20.570
9003.485,30,7,+80.834,+20.668
9009.286,30,7,+81.073,+20.762
9014.06,30,7,+81.305,+20.771
9018.09,30,7,+81.254,+20.742
9024.392,30,7,+81.372,+20.758
9029.98,30,7,+81.474,+20.789
9034.228,30,7,+81.534,+20.816
9038.722,30,7,+81.525,+20.847
9042.48,30,7,+81.478,+21.005
9051.011,30,7,+81.456,+21.035
9055.155,30,7,+81.357,+21.057
9056.152,30,7,+81.307,+21.092
9058.402,30,7,+81.037,+21.014
9059.792,30,7,+80.789,+20.973
9060.511,30,7,+80.588,+20.941
13.093,41,15,,
3392.268,41,15,+1.740,+0.089
3393.254,41,11,+1.740,+0.089
3393.343,41,11,+1.605,+0.086
3396.242,41,11,+1.911,+0.020
3401.433,41,10,+1.911,+0.020
3401.524,41,10,+2.270,+0.162
3408.236,41,9,+2.270,+0.162
3408.283,41,10,+2.270,+0.162
3408.331,41,10,+2.918,+0.162
3411.152,41,9,+2.918,+0.162
3411.234,41,9,+2.971,+0.325
3414.668,41,9,+2.896,+0.294
3422.86,41,9,+3.626,+0.203
3426.304,41,9,+3.645,+0.320
3430.735,41,9,+3.920,+0.441
3437.016,41,9,+4.534,+0.518
3441.996,41,9,+4.919,+0.631
3446.027,41,9,+4.889,+0.649
3452.874,41,9,+5.405,+0.559
3458.576,41,9,+5.652,+0.579
3463.03,41,7,+5.652,+0.579
3463.102,41,7,+5.907,+0.301
3467.6,41,7,+5.828,+0.215
3471.176,41,7,+5.596,+0.070
3479.942,41,8,+5.596,+0.070
3480.239,41,8,+6.327,+0.228
3484.801,41,8,+6.515,+0.287
3485.963,41,8,+6.695,+0.280
3488.66,41,8,+7.026,+0.419
3490.099,41,8,+7.065,+0.432
3490.867,41,8,+7.065,+0.429
3494.928,41,8,+6.888,+0.291
3496.141,41,8,+6.818,+0.256
3498.677,41,8,+6.828,+0.338
3504.052,41,8,+7.071,+0.544
3509.771,41,8,+7.153,+0.593
3513.46,41,8,+7.232,+0.735
3517.042,41,8,+7.072,+0.726
3524.67,41,8,+7.247,+0.763
3528.498,41,8,+7.295,+0.775
3532.751,41,9,+7.295,+0.775
3532.907,41,9,+7.459,+0.041
3539.176,41,9,+7.783,+0.318
3544.093,41,9,+8.088,+0.537
3548.188,41,9,+8.040,+0.503
3555.094,41,9,+8.572,+0.883
3560.577,41,9,+8.580,+0.835
3564.839,41,9,+8.215,+0.816
3569.276,41,9,+8.275,+0.730
3572.897,41,9,+8.261,+0.655
3581.889,41,9,+8.875,+1.001
3586.17,41,9,+8.876,+1.096
3587.249,41,9,+8.982,+1.141
3589.702,41,9,+9.124,+1.147
3591.14,41,9,+9.135,+1.144
3591.89,41,9,+9.120,+1.133
3596.075,41,9,+8.878,+1.023
3597.247,41,9,+8.805,+0.994
3599.668,41,9,+8.814,+1.028
3604.793,41,9,+9.050,+1.003
3610.53,41,9,+9.189,+0.966
3614.06,41,9,+9.350,+1.067
3617.696,41,9,+9.317,+0.982
3625.128,41,9,+9.537,+1.041
3628.943,41,9,+9.625,+1.129
3633.214,41,9,+9.626,+1.106
3639.135,41,9,+9.826,+1.220
3643.989,41,9,+10.119,+1.331
3648.076,41,9,+10.146,+1.300
3654.696,41,9,+10.362,+1.430
3660.186,41,9,+10.432,+1.334
3664.454,41,9,+10.465,+1.297
3668.976,41,9,+10.372,+1.335
3672.676,41,9,+10.216,+1.381
3681.288,41,9,+10.307,+1.431
3685.536,41,9,+10.287,+1.395
3686.611,41,9,+10.367,+1.408
3689.014,41,9,+10.441,+1.391
3690.468,41,9,+10.437,+1.376
3691.229,41,9,+10.415,+1.359
3695.352,41,9,+10.141,+1.218
3696.496,41,9,+10.054,+1.173
3698.761,41,9,+9.993,+1.091
3703.828,41,9,+9.998,+1.166
3709.476,41,9,+10.129,+1.091
3713.013,41,9,+10.217,+1.170
3716.67,41,9,+10.225,+1.120
3723.988,41,9,+10.473,+1.061
3727.796,41,9,+10.552,+1.148
3732.046,41,9,+10.550,+1.078
3737.952,41,9,+10.749,+1.045
3742.811,41,9,+11.082,+1.166
3746.905,41,9,+11.144,+1.144
3753.534,41,9,+11.569,+1.220
3759.097,41,9,+11.680,+1.245
3763.394,41,9,+11.712,+1.185
3767.878,41,9,+11.636,+1.233
3771.55,41,9,+11.482,+1.289
3780.662,41,9,+12.130,+1.724
3784.849,41,9,+12.152,+1.638
3785.896,41,9,+12.232,+1.634
3788.334,41,9,+12.337,+1.595
3789.756,41,9,+12.338,+1.572
3790.459,41,9,+12.319,+1.555
3794.755,41,9,+12.043,+1.418
3795.811,41,9,+11.961,+1.380
3797.841,41,10,+11.961,+1.380
3798.196,41,10,+12.041,+0.226
3803.297,41,9,+12.041,+0.226
3803.378,41,9,+12.381,+1.585
3809.017,41,9,+12.398,+1.515
3812.642,41,9,+12.521,+1.619
3816.221,41,9,+12.528,+1.566
3823.611,41,9,+12.830,+1.558
3827.44,41,9,+12.893,+1.624
3831.642,41,9,+12.868,+1.559
3837.611,41,9,+13.112,+1.561
3842.487,41,9,+13.359,+1.724
3846.596,41,9,+13.418,+1.703
3853.205,41,9,+13.715,+1.661
3858.83,41,9,+13.848,+1.795
3863.125,41,9,+13.894,+1.756
3867.597,41,9,+13.858,+1.880
3871.426,41,9,+13.771,+2.032
3880.696,41,9,+14.011,+1.901
3884.334,41,9,+14.037,+1.706
3885.334,41,9,+14.097,+1.624
3887.724,41,9,+14.194,+1.601
3889.131,41,9,+14.194,+1.575
3889.881,41,9,+14.179,+1.565
3894.131,41,9,+14.010,+1.606
3895.318,41,9,+13.956,+1.578
3897.662,41,9,+13.996,+1.420
3902.784,41,9,+14.269,+1.405
3908.371,41,9,+14.438,+1.352
3911.96,41,9,+14.528,+1.378
3915.606,41,9,+14.542,+1.420
3922.94,41,9,+14.809,+1.296
3926.768,41,9,+14.896,+1.311
3931.065,41,9,+14.919,+1.293
3937.018,41,9,+15.210,+1.283
3941.878,41,9,+15.443,+1.267
3945.956,41,9,+15.486,+1.255
3952.675,41,9,+15.895,+1.324
3958.219,41,9,+16.035,+1.238
3962.767,41,9,+16.089,+1.229
3967.046,41,9,+16.024,+1.236
3970.929,41,9,+15.882,+1.213
3979.284,41,9,+16.115,+1.294
3983.567,41,9,+16.171,+1.280
3984.642,41,9,+16.284,+1.291
3987.043,41,9,+16.381,+1.395
3988.496,41,9,+16.385,+1.414
3989.242,41,9,+16.370,+1.418
3993.377,41,9,+16.045,+1.326
3994.477,41,9,+15.942,+1.277
3996.888,41,9,+15.979,+1.333
4001.941,41,9,+16.074,+1.327
4007.596,41,9,+16.248,+1.275
4011.168,41,9,+16.351,+1.256
4014.829,41,9,+16.377,+1.263
4022.153,41,9,+16.665,+1.211
4025.965,41,9,+16.754,+1.198
4030.236,41,9,+16.774,+1.213
4036.149,41,9,+16.954,+1.147
4041.078,41,9,+17.238,+1.134
4045.213,41,9,+17.315,+1.187
4051.843,41,9,+17.690,+1.175
4057.452,41,9,+17.818,+1.093
4061.697,41,9,+17.854,+1.065
4066.196,41,9,+17.813,+0.987
4069.921,41,9,+17.680,+0.902
4078.577,41,9,+17.930,+0.963
4082.827,41,9,+17.964,+0.881
4083.874,41,9,+18.053,+0.862
4086.265,41,9,+18.178,+0.916
4087.812,41,9,+18.174,+0.914
4088.562,41,9,+18.156,+0.907
4092.593,41,9,+17.921,+0.798
4093.78,41,9,+17.844,+0.760
4096.187,41,9,+17.917,+0.836
4101.296,41,9,+18.101,+0.729
4106.989,41,9,+18.287,+0.721
4110.646,41,9,+18.423,+0.726
4114.204,41,9,+18.419,+0.672
4121.503,41,9,+18.702,+0.600
4125.312,41,9,+18.776,+0.560
4129.625,41,9,+18.840,+0.598
4135.656,41,9,+19.193,+0.682
4140.562,41,9,+19.434,+0.695
4144.593,41,9,+19.412,+0.704
4151.341,41,9,+19.831,+0.783
4156.886,41,9,+20.004,+0.629
4161.199,41,9,+20.060,+0.599
4165.542,41,9,+19.853,+0.405
4168.996,41,9,+19.475,+0.107
4177.803,41,9,+19.788,+0.218
4182.621,41,9,+19.866,+0.212
4183.267,41,9,+20.058,+0.300
4185.712,41,9,+20.278,+0.463
4187.157,41,9,+20.296,+0.478
4187.922,41,9,+20.284,+0.479
4192.125,41,9,+20.086,+0.454
4193.313,41,9,+20.014,+0.429
4195.704,41,9,+20.072,+0.460
4200.842,41,9,+20.339,+0.455
4206.577,41,9,+20.638,+0.473
4210.236,41,9,+20.768,+0.514
4214.267,41,9,+20.769,+0.463
4221.352,41,9,+21.196,+0.474
4225.188,41,9,+21.289,+0.460
4229.532,41,9,+21.420,+0.561
4236.561,41,9,+21.696,+0.579
4240.521,41,9,+21.945,+0.614
4244.63,41,9,+21.932,+0.538
4251.427,41,9,+22.443,+0.648
4257.015,41,9,+22.636,+0.540
4261.314,41,9,+22.695,+0.544
4265.678,41,9,+22.506,+0.308
4269.327,41,8,+22.506,+0.308
4269.428,41,8,+22.208,+3.830
4277.865,41,8,+22.533,+4.057
4282.162,41,8,+22.582,+4.024
4283.209,41,8,+22.710,+4.069
4285.537,41,8,+22.789,+4.103
4286.99,41,8,+22.791,+4.097
4287.803,41,8,+22.787,+4.097
4292.1,41,8,+22.730,+4.150
4293.287,41,8,+22.708,+4.161
4295.662,41,8,+22.781,+4.283
4300.756,41,8,+23.001,+4.310
4306.334,41,8,+23.102,+4.297
4309.904,41,8,+23.192,+4.252
4313.568,41,8,+23.216,+4.153
4320.771,41,8,+23.379,+4.153
4324.6,41,8,+23.441,+4.187
4328.905,41,8,+23.537,+4.226
4334.768,41,8,+23.641,+4.320
4339.665,41,8,+23.850,+4.378
4343.777,41,8,+23.878,+4.322
4350.356,41,8,+24.165,+4.389
4359.766,41,8,+28.132,+7.707
4365.125,41,8,+29.221,+3.990
4372.594,41,8,+32.148,+2.374
4377.875,41,8,+33.658,+2.641
4387.977,41,8,+34.027,+2.684
4394.461,41,8,+33.692,+4.574
4395.607,41,8,+33.979,+4.547
4398.299,41,8,+33.979,+4.595
4399.98,41,8,+33.979,+4.717
4400.877,41,8,+29.254,+4.860
4406.706,41,6,+29.254,+4.860
4408.768,41,6,+12.858,+4.606
4412.206,41,6,+12.773,+4.302
4419.096,41,6,+11.535,+2.718
4426.253,41,6,+10.486,+1.711
4433.003,41,6,+11.114,+2.178
4438.37,41,6,+9.864,+2.258
4448.377,41,6,+9.089,+1.336
4452.663,41,6,+7.589,+1.648
4457.678,41,6,+5.816,+1.988
4467.306,41,6,+6.012,+1.094
4473.156,41,6,+4.899,+1.050
4479.43,41,6,+5.706,+1.133
4488.681,41,6,+5.411,+1.298
4496.697,41,6,+5.051,+1.393
4503.696,41,6,+5.940,+1.180
4511.5,41,6,+5.123,+1.140
4517.237,41,6,+4.814,+0.990
4530.741,41,6,+5.161,+1.335
4536.597,41,6,+5.921,+1.130
4537.677,41,6,+5.624,+1.111
4540.649,41,6,+4.717,+1.237
4542.759,41,6,+4.911,+1.303
4543.946,41,6,+5.088,+1.413
4549.863,41,6,+4.841,+0.428
4552.915,41,6,+5.718,+0.615
4556.543,41,6,+5.078,+1.062
4566.935,41,6,+5.010,+0.932
4576.398,41,6,+4.810,+0.636
4581.578,41,6,+5.127,+1.122
4586.111,41,6,+4.522,+0.891
4597.195,41,6,+4.813,+1.138
4602.038,41,6,+5.109,+0.596
4608.906,41,6,+4.483,+0.809
4617.047,41,6,+4.054,+0.704
4624.301,41,6,+4.850,+0.742
4629.687,41,6,+4.614,+0.779
4641.468,41,6,+6.969,+1.361
4647.962,41,6,+5.207,+0.964
4654.03,41,6,+5.287,+0.872
4660.477,41,6,+4.498,+0.900
4666.735,41,6,+4.492,+1.004
4679.81,41,6,+4.221,+1.071
4685.302,41,6,+4.920,+0.900
4686.528,41,6,+4.646,+1.017
4689.656,41,6,+3.779,+0.818
4692.497,41,6,+4.699,+1.088
4693.761,41,6,+5.002,+1.233
4699.358,41,6,+4.692,+1.170
4701.768,41,6,+5.307,+0.510
4705.743,41,6,+5.242,+1.247
4714.579,41,6,+5.226,+0.998
4720.753,41,6,+4.874,+1.365
4725.631,41,6,+4.376,+0.691
4730.226,41,6,+4.701,+0.643
4741.522,41,6,+5.131,+0.816
4746.022,41,6,+5.135,+0.860
4751.631,41,6,+4.374,+0.921
4760.569,41,6,+4.056,+0.731
4769.287,41,6,+4.833,+1.000
4774.694,41,6,+5.126,+1.435
4786.491,41,6,+5.840,+1.217
4794.522,41,6,+3.640,+1.061
4802.6,41,6,+2.761,+0.628
4811.341,41,6,+2.317,+0.445
4818.985,41,6,+2.444,+0.449
4830.734,41,6,+2.082,+0.464
4835.313,41,6,+2.048,+0.544
4836.414,41,6,+2.111,+0.557
4839.068,41,6,+2.090,+0.434
4840.568,41,6,+2.067,+0.411
4841.38,41,6,+2.052,+0.409
4845.38,41,6,+1.856,+0.351
4846.52,41,6,+1.770,+0.345
4849.045,41,6,+1.810,+0.507
4854.356,41,6,+2.020,+0.613
4860.443,41,6,+2.260,+0.507
4863.798,41,6,+2.223,+0.528
4867.325,41,6,+2.159,+0.375
4874.977,41,6,+2.361,+0.403
4878.598,41,6,+2.344,+0.418
4883.053,41,6,+2.497,+0.434
4889.272,41,6,+2.864,+0.622
4894.163,41,6,+3.021,+0.664
4898.257,41,6,+3.081,+0.597
4905.086,41,6,+3.520,+0.701
4910.762,41,6,+3.597,+0.842
4915.022,41,6,+3.617,+0.918
4919.478,41,6,+3.542,+0.917
4923.031,41,6,+3.303,+0.770
4931.799,41,7,+3.303,+0.770
4932.204,41,7,+3.968,+0.319
4936.508,41,7,+3.969,+0.514
4937.597,41,7,+4.019,+0.618
4940.025,41,7,+4.001,+0.692
4941.463,41,7,+3.979,+0.707
4942.197,41,7,+3.968,+0.724
4946.525,41,7,+3.893,+0.999
4947.744,41,7,+3.859,+1.026
4950.166,41,7,+3.927,+1.022
4955.244,41,7,+3.984,+0.872
4960.91,41,7,+4.128,+0.929
4964.521,41,7,+4.209,+1.054
4968.127,41,7,+4.197,+1.248
4975.616,41,7,+4.250,+1.002
4979.185,41,7,+4.275,+1.030
4983.489,41,7,+4.309,+1.081
4989.454,41,7,+4.400,+1.114
4994.317,41,7,+4.601,+1.231
4998.371,41,7,+4.570,+1.181
5004.979,41,7,+4.863,+1.119
5010.532,41,7,+4.948,+1.292
5014.814,41,7,+4.982,+1.183
5019.189,41,7,+4.784,+0.946
5022.657,41,7,+4.468,+0.861
5031.473,41,7,+4.821,+1.093
5035.707,41,7,+4.818,+1.106
5036.77,41,7,+4.857,+1.124
5039.145,41,7,+4.863,+1.182
5040.578,41,7,+4.843,+1.185
5041.358,41,7,+4.830,+1.177
5045.453,41,7,+4.770,+1.061
5046.898,41,7,+4.732,+1.031
5048.958,41,7,+4.798,+1.018
5054.008,41,7,+5.057,+0.961
5059.662,41,7,+5.274,+1.044
5063.224,41,7,+5.404,+1.190
5066.863,41,7,+5.386,+1.436
5074.17,41,7,+5.673,+1.286
5077.932,41,7,+5.760,+1.386
5082.198,41,7,+5.874,+1.225
5088.166,41,7,+6.096,+1.155
5092.932,41,7,+6.358,+1.210
5097.059,41,7,+6.379,+1.235
5103.705,41,7,+6.753,+1.434
5109.313,41,7,+6.943,+1.398
5113.595,41,7,+7.005,+1.355
5118.07,41,7,+6.915,+1.411
5121.562,41,8,+6.915,+1.411
5121.698,41,8,+6.715,+0.039
5130.688,41,8,+7.269,+0.403
5134.917,41,8,+7.345,+0.475
5136.021,41,8,+7.462,+0.524
5138.47,41,8,+7.569,+0.586
5139.891,41,8,+7.570,+0.578
5140.61,41,8,+7.554,+0.569
5144.786,41,8,+7.339,+0.531
5145.958,41,8,+7.269,+0.523
5148.314,41,8,+7.337,+0.609
5153.513,41,8,+7.637,+0.588
5159.122,41,8,+7.878,+0.663
5162.7,41,8,+7.976,+0.716
5166.31,41,8,+7.974,+0.635
5173.695,41,8,+8.328,+0.786
5177.472,41,8,+8.401,+0.843
5181.714,41,8,+8.563,+0.988
5187.678,41,8,+8.766,+1.083
5192.493,41,8,+9.048,+1.210
5196.519,41,8,+9.083,+1.171
5203.238,41,8,+9.447,+1.336
5208.778,41,8,+9.652,+1.421
5213.032,41,8,+9.726,+1.442
5217.471,41,8,+9.610,+1.326
5220.929,41,9,+9.610,+1.326
5221.054,41,9,+9.439,+0.024
5230.054,41,9,+10.111,+0.502
5234.275,41,9,+10.134,+0.514
5235.306,41,9,+10.223,+0.582
5237.733,41,9,+10.307,+0.592
5239.205,41,9,+10.303,+0.575
5239.995,41,9,+10.286,+0.563
5244.078,41,9,+10.060,+0.434
5245.133,41,10,+10.060,+0.434
5245.263,41,10,+10.006,+0.003
5247.895,41,10,+10.314,+0.243
5253.283,41,10,+10.886,+0.522
5258.923,41,10,+11.112,+0.617
5262.517,41,10,+11.245,+0.728
5266.111,41,10,+11.243,+0.728
5273.455,41,10,+11.528,+0.815
5277.236,41,10,+11.613,+0.777
5281.529,41,10,+11.594,+0.850
5287.498,41,10,+11.758,+0.915
5292.369,41,10,+12.037,+1.035
5296.399,41,10,+12.025,+1.067
5303.063,41,10,+12.348,+1.261
5308.623,41,10,+12.519,+1.362
5312.906,41,10,+12.590,+1.406
5317.315,41,10,+12.470,+1.432
5320.899,41,10,+12.300,+1.440
5329.579,41,10,+12.569,+1.713
5333.799,41,10,+12.589,+1.738
5334.834,41,10,+12.663,+1.820
5337.227,41,10,+12.716,+1.853
5338.631,41,10,+12.709,+1.855
5339.631,41,10,+12.697,+1.860
5343.595,41,10,+12.546,+1.951
5344.751,41,10,+12.492,+1.991
5347.126,41,10,+12.534,+1.960
5352.219,41,10,+12.767,+1.718
5357.899,41,10,+13.001,+1.803
5361.46,41,10,+13.181,+1.968
5365.132,41,10,+13.199,+2.233
5372.444,41,10,+13.449,+1.866
5376.297,41,10,+13.562,+2.052
5380.574,41,10,+13.573,+2.017
5386.481,41,10,+13.696,+1.754
5391.344,41,10,+13.953,+1.709
5395.405,41,10,+13.997,+1.773
5401.979,41,10,+14.297,+1.714
5407.53,41,10,+14.484,+1.668
5411.78,41,10,+14.522,+1.685
5416.265,41,10,+14.474,+1.867
5419.827,41,11,+14.474,+1.867
5419.952,41,11,+14.337,+0.007
5428.814,41,11,+14.954,+0.382
5433.058,41,11,+15.019,+0.376
5434.108,41,11,+15.123,+0.466
5436.603,41,11,+15.250,+0.582
5438.017,41,11,+15.256,+0.576
5438.744,41,11,+15.244,+0.558
5442.889,41,11,+15.048,+0.382
5444.065,41,11,+14.979,+0.340
5446.502,41,11,+15.165,+0.483
5451.732,41,11,+15.600,+0.694
5457.399,41,11,+15.763,+0.768
5461.025,41,11,+15.905,+0.765
5464.6,41,11,+15.911,+0.721
5471.995,41,11,+16.219,+0.829
5475.799,41,11,+16.307,+0.752
5480.144,41,11,+16.483,+0.848
5486.142,41,11,+16.719,+1.053
5491.064,41,11,+16.966,+1.133
5495.044,41,11,+16.926,+1.070
5501.681,41,11,+17.266,+1.221
5507.253,41,11,+17.451,+1.299
5511.55,41,11,+17.505,+1.269
5516.003,41,11,+17.447,+1.135
5519.69,41,11,+17.347,+1.050
5528.43,41,11,+17.754,+1.123
5532.619,41,11,+17.790,+1.102
5533.658,41,11,+17.888,+1.146
5536.069,41,11,+17.961,+1.213
5537.48,41,11,+17.959,+1.209
5538.206,41,11,+17.948,+1.200
5542.372,41,11,+17.783,+1.098
5543.538,41,11,+17.723,+1.077
5545.82,41,11,+17.697,+1.116
5550.913,41,11,+17.795,+1.051
5556.523,41,11,+18.040,+1.179
5560.121,41,11,+18.127,+1.098
5563.695,41,11,+18.122,+1.069
5570.976,41,11,+18.375,+1.128
5574.773,41,11,+18.440,+1.044
5578.955,41,11,+18.506,+1.040
5584.982,41,11,+18.712,+1.260
5589.799,41,11,+18.941,+1.290
5593.861,41,11,+18.927,+1.287
5600.517,41,11,+19.373,+1.337
5606.102,41,11,+19.477,+1.512
5610.343,41,11,+19.506,+1.514
5614.858,41,11,+19.459,+1.479
5618.571,41,11,+19.364,+1.481
5627.6,41,12,+19.364,+1.481
5627.899,41,12,+20.377,+0.228
5632.216,41,12,+20.514,+0.317
5633.322,41,12,+20.621,+0.357
5635.779,41,12,+20.780,+0.535
5637.254,41,12,+20.805,+0.572
5637.97,41,12,+20.799,+0.570
5642.158,41,12,+20.617,+0.443
5643.311,41,12,+20.550,+0.404
5645.744,41,12,+20.667,+0.498
5650.955,41,12,+20.943,+0.590
5656.654,41,12,+21.212,+0.752
5660.226,41,12,+21.305,+0.709
5663.799,41,12,+21.283,+0.695
5671.129,41,12,+21.593,+0.775
5674.879,41,12,+21.655,+0.776
5679.144,41,12,+21.761,+0.812
5685.207,41,12,+22.184,+0.954
5690.098,41,12,+22.449,+1.045
5694.129,41,12,+22.423,+1.033
5700.738,41,12,+22.780,+1.078
5706.348,41,12,+23.008,+1.128
5710.644,41,12,+23.074,+1.103
5714.988,41,12,+22.954,+0.939
5718.663,41,12,+22.788,+0.804
5727.397,41,12,+23.243,+0.980
5731.614,41,12,+23.277,+0.920
5732.677,41,12,+23.393,+0.940
5735.099,41,12,+23.498,+1.071
5736.552,41,12,+23.503,+1.082
5737.38,41,12,+23.493,+1.076
5741.442,41,12,+23.306,+0.990
5742.568,41,12,+23.238,+0.962
5744.895,41,12,+23.177,+0.954
5750.005,41,12,+23.372,+0.786
5755.739,41,12,+23.633,+0.881
5759.38,41,12,+23.788,+0.951
5762.864,41,12,+23.741,+0.933
5770.083,41,12,+23.980,+0.923
5773.864,41,12,+24.029,+0.899
5778.099,41,12,+24.064,+0.925
5784.099,41,12,+24.413,+1.065
5788.914,41,12,+24.588,+1.091
5792.919,41,12,+24.551,+1.063
5799.575,41,12,+24.885,+1.110
5805.122,41,12,+25.047,+1.120
5809.405,41,12,+25.148,+1.157
5813.795,41,12,+24.982,+1.026
5817.283,41,12,+24.660,+0.807
5825.933,41,12,+24.968,+0.927
5830.132,41,12,+25.006,+0.886
5831.192,41,12,+25.075,+0.916
5833.573,41,12,+25.157,+0.979
5835.02,41,12,+25.155,+0.984
5835.754,41,12,+25.143,+0.980
5839.912,41,12,+24.971,+0.912
5841.083,41,12,+24.903,+0.878
5843.349,41,12,+24.868,+0.812
5848.444,41,12,+25.091,+0.748
5854.191,41,12,+25.420,+0.943
5857.779,41,12,+25.568,+0.990
5861.399,41,12,+25.567,+1.005
5868.66,41,12,+25.843,+1.013
5872.467,41,12,+25.925,+1.022
5876.699,41,12,+25.999,+1.057
5882.733,41,12,+26.380,+1.169
5887.545,41,12,+26.608,+1.183
5891.579,41,12,+26.590,+1.193
5898.182,41,12,+26.926,+1.245
5903.791,41,12,+27.097,+1.300
5908.057,41,12,+27.155,+1.319
5912.463,41,12,+27.054,+1.242
5916.151,41,12,+26.934,+1.202
5924.885,41,12,+27.333,+1.387
5929.088,41,12,+27.372,+1.339
5930.104,41,12,+27.462,+1.348
5932.542,41,12,+27.606,+1.430
5933.995,41,12,+27.616,+1.422
5934.729,41,12,+27.605,+1.409
5938.87,41,12,+27.405,+1.300
5940.026,41,12,+27.333,+1.267
5942.385,41,12,+27.371,+1.259
5947.573,41,12,+27.689,+1.333
5953.229,41,12,+27.952,+1.339
5956.823,41,12,+28.130,+1.428
5960.463,41,12,+28.162,+1.501
5967.713,41,12,+28.436,+1.472
5971.495,41,12,+28.523,+1.462
5975.709,41,12,+28.574,+1.468
5981.717,41,12,+28.927,+1.516
5986.6,41,12,+29.141,+1.578
5990.634,41,12,+29.144,+1.607
5997.249,41,12,+29.497,+1.611
6002.813,41,12,+29.717,+1.674
6007.094,41,12,+29.776,+1.670
6011.579,41,12,+29.723,+1.670
6015.204,41,12,+29.557,+1.610
6023.891,41,13,+29.557,+1.610
6024.0,41,13,+30.026,+0.115
6028.419,41,13,+30.254,+0.246
6029.529,41,13,+30.408,+0.353
6032.058,41,13,+30.608,+0.556
6033.522,41,13,+30.626,+0.581
6034.257,41,13,+30.620,+0.581
6038.38,41,13,+30.437,+0.489
6039.573,41,13,+30.369,+0.462
6042.018,41,13,+30.560,+0.582
6047.26,41,13,+30.914,+0.687
6052.935,41,13,+31.140,+0.772
6056.501,41,13,+31.257,+0.814
6060.1,41,13,+31.253,+0.697
6067.413,41,13,+31.507,+0.799
6071.198,41,13,+31.569,+0.750
6075.418,41,13,+31.732,+0.800
6081.464,41,13,+32.089,+0.919
6086.324,41,13,+32.334,+0.986
6090.339,41,13,+32.306,+0.936
6096.98,41,13,+32.625,+1.104
6102.574,41,13,+32.831,+1.178
6106.827,41,13,+32.877,+1.143
6111.3,41,13,+32.795,+1.086
6114.947,41,13,+32.705,+1.039
6123.634,41,13,+33.057,+1.251
6127.801,41,13,+33.062,+1.297
6128.833,41,13,+33.115,+1.366
6131.266,41,13,+33.182,+1.365
6132.682,41,13,+33.181,+1.351
6133.4,41,13,+33.171,+1.346
6137.559,41,13,+32.989,+1.383
6138.69,41,13,+32.921,+1.394
6140.945,41,13,+32.871,+1.384
6146.169,41,13,+33.258,+1.281
6151.784,41,13,+33.462,+1.293
6155.347,41,13,+33.555,+1.301
6158.909,41,13,+33.531,+1.208
6166.28,41,13,+33.893,+1.351
6170.084,41,13,+33.974,+1.333
6174.329,41,13,+34.102,+1.318
6180.251,41,13,+34.298,+1.314
6185.126,41,13,+34.571,+1.394
6189.141,41,13,+34.545,+1.390
6195.798,41,13,+34.923,+1.606
6201.36,41,13,+35.018,+1.607
6205.61,41,13,+35.060,+1.576
6210.126,41,13,+35.086,+1.610
6213.933,41,13,+35.097,+1.666
6224.584,41,14,+35.097,+1.666
6232.789,41,14,+45.578,+8.092
6237.581,41,14,+46.256,+8.688
6238.729,41,14,+46.414,+8.850
6241.265,41,14,+46.621,+9.005
6242.745,41,14,+46.688,+9.043
6243.534,41,14,+46.735,+9.064
6248.187,41,14,+46.979,+9.179
6249.365,41,14,+47.013,+9.206
6251.8,41,14,+47.171,+9.331
6256.981,41,14,+47.442,+9.411
6262.613,41,14,+47.693,+9.383
6266.217,41,14,+47.811,+9.394
6269.87,41,14,+47.856,+9.440
6277.218,41,14,+48.191,+9.651
6281.001,41,14,+48.261,+9.704
6285.259,41,14,+48.382,+9.695
6291.172,41,14,+48.627,+9.676
6295.94,41,14,+48.809,+9.635
6299.98,41,14,+48.801,+9.549
6306.647,41,14,+49.109,+9.698
6312.145,41,14,+49.241,+9.640
6316.645,41,14,+49.282,+9.622
6320.934,41,14,+49.293,+9.655
6324.712,41,14,+49.298,+9.751
6333.591,41,14,+49.813,+10.077
6337.795,41,14,+49.873,+10.170
6338.857,41,14,+49.959,+10.239
6341.216,41,14,+50.003,+10.258
6342.638,41,14,+49.996,+10.244
6343.388,41,14,+49.989,+10.235
6347.608,41,14,+49.894,+10.171
6348.81,41,14,+49.864,+10.162
6351.06,41,14,+49.767,+10.031
6356.112,41,14,+49.955,+9.957
6361.718,41,14,+50.152,+9.881
6365.272,41,14,+50.208,+9.845
6368.928,41,14,+50.252,+9.857
6376.165,41,14,+50.511,+9.950
6379.984,41,14,+50.612,+10.011
6384.149,41,14,+50.720,+9.970
6390.058,41,14,+50.959,+9.952
6394.887,41,14,+51.166,+9.938
6398.933,41,14,+51.161,+9.896
6405.511,41,14,+51.517,+9.945
6411.081,41,14,+51.673,+9.872
6415.347,41,14,+51.694,+9.808
6419.846,41,14,+51.713,+9.844
6423.628,41,14,+51.745,+9.954
6432.268,41,14,+52.108,+9.982
6436.502,41,14,+52.142,+19.255
6437.533,41,14,+52.207,+19.577
6439.862,41,14,+52.265,+19.577
6441.311,41,14,+52.272,+19.577
6442.048,41,14,+52.268,+10.081
6446.181,41,13,+52.268,+10.081
6446.228,41,13,+52.148,+9.971
6447.416,41,13,+52.110,+9.945
6449.634,41,13,+52.046,+9.801
6454.728,41,13,+52.321,+9.717
6460.353,41,13,+52.571,+9.794
6463.931,41,13,+52.680,+9.767
6467.588,41,13,+52.719,+9.809
6474.788,41,13,+52.957,+9.905
6478.538,41,13,+53.030,+9.975
6482.725,41,13,+53.087,+9.919
6488.538,41,13,+53.284,+9.797
6493.41,41,13,+53.517,+9.761
6497.535,41,13,+53.534,+9.733
6504.099,41,13,+53.925,+9.872
6509.664,41,13,+54.091,+9.787
6513.911,41,13,+54.137,+9.752
6518.464,41,13,+54.159,+9.785
6522.229,41,13,+54.203,+9.921
6530.876,41,13,+54.519,+10.027
6535.069,41,13,+54.568,+10.085
6536.085,41,13,+54.625,+10.135
6538.444,41,13,+54.623,+10.107
6539.819,41,13,+54.612,+10.088
6540.57,41,13,+54.605,+10.075
6544.835,41,13,+54.528,+9.985
6545.975,41,13,+54.503,+9.965
6548.194,41,13,+54.458,+9.801
6553.257,41,13,+54.686,+9.766
6558.946,41,13,+54.938,+9.819
6562.471,41,13,+55.032,+9.796
6566.086,41,13,+55.044,+9.810
6573.336,41,13,+55.300,+9.885
6577.102,41,13,+55.384,+9.953
6581.32,41,13,+55.510,+9.930
6587.164,41,13,+55.846,+9.779
6591.977,41,13,+56.010,+9.788
6596.006,41,13,+55.983,+9.728
6602.571,41,13,+56.287,+9.788
6608.16,41,13,+56.430,+9.737
6612.397,41,13,+56.497,+9.701
6616.913,41,13,+56.510,+9.733
6620.685,41,13,+56.490,+9.848
6629.386,41,13,+56.900,+10.055
6633.566,41,13,+56.916,+10.084
6634.58,41,13,+56.981,+10.151
6636.934,41,13,+57.044,+10.179
6638.372,41,13,+57.049,+10.171
6639.091,41,13,+57.040,+10.158
6643.278,41,13,+56.909,+10.026
6644.481,41,13,+56.875,+9.993
6646.731,41,13,+56.846,+9.920
6651.655,41,13,+56.974,+9.693
6657.421,41,13,+57.375,+9.815
6660.931,41,13,+57.470,+9.811
6664.566,41,13,+57.503,+9.849
6671.771,41,13,+57.752,+9.895
6675.581,41,13,+57.858,+9.979
6679.765,41,13,+57.979,+9.930
6685.574,41,13,+58.216,+9.867
6690.449,41,13,+58.447,+9.880
6694.502,41,13,+58.458,+9.832
6701.047,41,13,+58.769,+9.918
6706.688,41,13,+58.975,+9.942
6710.923,41,13,+59.025,+9.898
6715.438,41,13,+59.053,+9.923
6719.204,41,13,+59.065,+10.020
6727.829,41,13,+59.453,+10.219
6732.048,41,13,+59.459,+21.346
6733.001,41,13,+59.486,+21.720
6735.313,41,13,+59.472,+21.720
6736.751,41,13,+59.457,+21.720
6737.501,41,13,+59.444,+10.206
6741.594,41,12,+59.444,+10.206
6741.673,41,12,+59.286,+10.052
6742.86,41,12,+59.245,+10.016
6745.066,41,12,+59.216,+9.848
6750.019,41,12,+59.279,+9.662
6755.733,41,12,+59.477,+9.766
6759.273,41,12,+59.540,+9.755
6762.903,41,12,+59.567,+9.795
6770.113,41,12,+59.752,+9.922
6773.879,41,12,+59.839,+9.978
6778.065,41,12,+59.947,+9.940
6783.96,41,12,+60.195,+9.873
6788.735,41,12,+60.317,+9.809
6792.746,41,12,+60.283,+9.779
6799.279,41,12,+60.547,+9.853
6804.867,41,12,+60.689,+9.778
6809.124,41,12,+60.733,+9.704
6813.629,41,12,+60.746,+9.725
6817.411,41,12,+60.742,+9.830
6826.044,41,12,+61.153,+9.983
6830.201,41,12,+61.155,+10.004
6831.247,41,12,+61.197,+10.042
6833.544,41,12,+61.235,+10.008
6834.965,41,12,+61.233,+9.983
6835.7,41,12,+61.224,+9.967
6839.919,41,12,+61.099,+9.843
6841.122,41,12,+61.066,+9.813
6843.325,41,12,+61.090,+9.640
6848.387,41,12,+61.225,+9.389
6854.075,41,12,+61.512,+9.449
6857.646,41,12,+61.644,+9.469
6861.281,41,12,+61.652,+9.513
6868.541,41,12,+61.952,+9.702
6872.323,41,12,+62.047,+9.751
6876.479,41,12,+62.132,+9.686
6882.26,41,12,+62.304,+9.508
6887.098,41,12,+62.530,+9.498
6891.16,41,12,+62.533,+9.454
6897.688,41,12,+62.851,+9.543
6903.316,41,12,+63.082,+9.452
6907.55,41,12,+63.125,+9.366
6912.066,41,12,+63.157,+9.387
6915.848,41,12,+63.208,+9.511
6924.519,41,12,+63.576,+9.628
6928.707,41,12,+63.611,+9.657
6929.707,41,12,+63.689,+9.717
6932.019,41,12,+63.695,+9.708
6933.457,41,12,+63.686,+9.692
6934.175,41,12,+63.674,+9.675
6938.363,41,12,+63.526,+9.511
6939.55,41,12,+63.485,+9.466
6941.802,41,12,+63.489,+9.334
6946.881,41,12,+63.633,+9.260
6952.532,41,12,+63.880,+9.269
6956.06,41,12,+63.976,+9.266
6959.665,41,12,+63.976,+9.311
6966.868,41,12,+64.158,+9.428
6970.76,41,12,+64.247,+9.489
6974.825,41,12,+64.359,+9.421
6980.645,41,12,+64.644,+9.251
6985.472,41,12,+64.839,+9.209
6989.483,41,12,+64.813,+9.155
6996.021,41,12,+65.134,+9.165
7001.66,41,12,+65.347,+9.197
7005.894,41,12,+65.383,+9.119
7010.441,41,12,+65.397,+9.131
7014.191,41,12,+65.379,+9.200
7022.816,41,12,+65.805,+9.294
7027.019,41,12,+65.850,+9.338
7028.019,41,12,+65.919,+18.897
7030.347,41,12,+65.966,+18.897
7031.769,41,12,+65.967,+18.897
7032.504,41,12,+65.958,+9.324
7036.634,41,11,+65.958,+9.324
7036.719,41,11,+65.843,+9.193
7037.912,41,11,+65.812,+9.162
7040.121,41,11,+65.790,+9.027
7045.166,41,11,+65.980,+8.845
7050.885,41,11,+66.194,+8.846
7054.323,41,11,+66.218,+8.835
7057.934,41,11,+66.228,+8.855
7065.177,41,11,+66.520,+8.843
7068.976,41,11,+66.641,+8.933
7073.133,41,11,+66.758,+8.836
7078.982,41,11,+67.023,+8.764
7083.747,41,11,+67.172,+8.693
7087.76,41,11,+67.159,+8.623
7094.262,41,11,+67.294,+8.617
7099.845,41,11,+67.512,+8.618
7104.039,41,11,+67.558,+8.553
7108.601,41,11,+67.576,+8.570
7112.351,41,11,+67.596,+8.604
7120.973,41,11,+67.931,+8.678
7125.104,41,11,+67.929,+8.652
7126.077,41,11,+67.990,+8.680
7128.404,41,11,+68.008,+8.659
7129.811,41,11,+68.005,+8.647
7130.618,41,11,+67.996,+8.632
7134.729,41,11,+67.872,+8.475
7135.963,41,11,+67.838,+8.434
7138.104,41,11,+67.807,+8.273
7143.104,41,11,+67.830,+8.215
7148.792,41,11,+68.140,+8.163
7152.323,41,11,+68.202,+8.147
7155.948,41,11,+68.217,+8.188
7163.151,41,11,+68.439,+8.267
7166.901,41,11,+68.496,+8.325
7171.088,41,11,+68.563,+8.178
7176.854,41,11,+68.812,+8.010
7181.604,41,11,+68.982,+7.960
7185.635,41,11,+68.970,+7.923
7192.172,41,11,+69.268,+7.975
7197.76,41,11,+69.504,+8.011
7201.967,41,11,+69.538,+7.980
7206.514,41,11,+69.564,+8.001
7210.264,41,11,+69.606,+8.049
7218.951,41,11,+69.773,+8.204
7223.167,41,11,+69.847,+8.262
7224.181,41,11,+69.920,+8.299
7226.482,41,11,+69.925,+8.261
7227.899,41,11,+69.916,+8.238
7228.633,41,11,+69.904,+8.219
7232.786,41,11,+69.784,+8.056
7233.983,41,11,+69.754,+8.014
7236.155,41,11,+69.724,+7.831
7241.155,41,11,+69.917,+7.647
7246.827,41,11,+70.199,+7.732
7250.389,41,11,+70.300,+7.744
7254.014,41,11,+70.328,+7.777
7261.262,41,11,+70.603,+7.867
7264.984,41,11,+70.683,+7.927
7269.105,41,11,+70.765,+7.846
7274.919,41,11,+71.048,+7.717
7279.682,41,11,+71.249,+7.685
7283.682,41,11,+71.232,+7.636
7290.181,41,11,+71.507,+7.678
7295.809,41,11,+71.752,+7.625
7300.035,41,11,+71.800,+7.575
7304.62,41,11,+71.837,+7.589
7308.347,41,11,+71.915,+7.666
7316.949,41,11,+72.246,+7.735
7321.106,41,11,+72.266,+7.721
7322.153,41,11,+72.333,+7.770
7324.458,41,11,+72.364,+7.736
7325.86,41,11,+72.358,+7.713
7326.594,41,11,+72.348,+7.694
7330.781,41,11,+72.248,+7.529
7331.934,41,11,+72.226,+7.483
7334.104,41,11,+72.218,+7.277
7339.13,41,11,+72.411,+7.104
7344.81,41,11,+72.657,+7.174
7348.36,41,11,+72.741,+7.143
7351.983,41,11,+72.756,+7.188
7359.16,41,11,+72.973,+7.200
7362.96,41,11,+73.057,+7.249
7367.109,41,11,+73.142,+7.180
7372.919,41,11,+73.487,+7.093
7377.683,41,11,+73.682,+7.026
7381.684,41,11,+73.673,+6.988
7388.236,41,11,+73.954,+7.005
7393.857,41,11,+74.209,+7.027
7398.051,41,11,+74.249,+6.978
7402.589,41,11,+74.305,+6.994
7406.356,41,11,+74.387,+7.056
7414.967,41,11,+74.742,+7.100
7419.149,41,11,+74.782,+7.142
7420.146,41,11,+74.849,+7.188
7422.481,41,11,+74.890,+7.175
7423.9,41,11,+74.892,+7.156
7424.614,41,11,+74.885,+7.140
7428.836,41,11,+74.824,+7.007
7430.002,41,11,+74.816,+6.968
7432.314,41,11,+74.826,+6.748
7437.169,41,11,+74.971,+6.636
7442.858,41,11,+75.143,+6.655
7446.349,41,11,+75.171,+6.650
7449.962,41,11,+75.205,+6.697
7457.16,41,11,+75.403,+6.732
7460.902,41,11,+75.472,+6.780
7465.01,41,11,+75.523,+6.670
7470.713,41,11,+75.631,+6.499
7475.507,41,11,+75.771,+6.442
7479.536,41,11,+75.755,+6.395
7486.083,41,11,+75.899,+6.395
7491.702,41,11,+75.964,+6.445
7495.943,41,11,+76.000,+6.419
7500.482,41,11,+76.115,+6.437
7504.274,41,11,+76.332,+6.501
7513.022,41,11,+76.787,+6.749
7517.2,41,11,+76.808,+6.818
7518.215,41,11,+76.852,+6.878
7520.501,41,11,+76.808,+6.856
7521.935,41,11,+76.784,+6.835
7522.665,41,11,+76.772,+6.819
7526.855,41,11,+76.695,+6.699
7528.047,41,11,+76.675,+6.661
7530.223,41,11,+76.687,+6.436
7535.225,41,11,+76.852,+6.420
7540.873,41,11,+77.052,+6.351
7544.382,41,11,+77.099,+6.357
7548.004,41,11,+77.142,+6.399
7555.173,41,11,+77.363,+6.365
7558.957,41,11,+77.470,+6.428
7563.086,41,11,+77.580,+6.429
7568.819,41,11,+77.843,+6.309
7573.635,41,11,+78.009,+6.307
7577.651,41,11,+77.972,+6.235
7585.135,41,11,+79.204,+7.213
7590.983,41,11,+79.651,+7.381
7595.28,41,11,+79.738,+7.370
7599.799,41,11,+79.905,+7.395
7603.403,41,12,+79.905,+7.395
7603.783,41,12,+80.058,+0.054
7612.903,41,12,+81.207,+0.801
7617.109,41,12,+81.284,+0.876
7618.105,41,12,+81.368,+0.936
7620.547,41,12,+81.477,+1.029
7621.974,41,12,+81.494,+1.031
7622.774,41,12,+81.490,+1.022
7626.854,41,12,+81.356,+0.852
7628.025,41,12,+81.315,+0.794
7630.235,41,12,+81.349,+0.829
7635.292,41,12,+81.616,+0.902
7641.133,41,12,+82.007,+1.155
7644.702,41,12,+82.073,+1.134
7648.239,41,12,+82.056,+1.096
7655.492,41,12,+82.389,+1.227
7659.256,41,12,+82.456,+1.282
7663.375,41,12,+82.528,+1.344
7669.209,41,12,+82.832,+1.438
7674.048,41,12,+83.018,+1.466
7678.073,41,12,+83.005,+1.422
7684.618,41,12,+83.244,+1.556
7690.325,41,12,+83.530,+1.623
7694.524,41,12,+83.546,+1.585
7698.947,41,12,+83.494,+1.494
7702.683,41,12,+83.543,+1.448
7711.461,41,12,+83.908,+1.766
7715.492,41,12,+83.824,+1.706
7716.186,41,12,+83.569,+1.449
7736.983,41,13,+83.569,+1.449
7738.073,41,14,+83.569,+1.449
7750.308,41,15,+83.569,+1.449
7750.683,41,15,1 L,+0.301
7753.648,41,15,1 L,+1.004
7758.876,41,15,1 L,+1.020
7764.502,41,15,1 L,+0.942
7768.099,41,15,1 L,+0.985
7771.681,41,15,1 L,+0.959
7778.944,41,15,1 L,+1.041
7782.682,41,15,1 L,+1.081
7786.818,41,15,1 L,+1.027
7792.548,41,15,1 L,+0.915
7797.326,41,15,1 L,+0.801
7801.279,41,15,1 L,+0.674
7807.873,41,15,1 L,+0.679
7813.264,41,15,1 L,+0.481
7817.405,41,15,1 L,+0.378
7821.803,41,15,1 L,+0.188
7825.283,41,14,1 L,+0.188
7825.374,41,14,1 L,+11.590
7833.882,41,14,1 L,+11.588
7838.017,41,14,1 L,+11.468
7839.019,41,14,1 L,+11.455
7841.276,41,14,1 L,+11.387
7842.671,41,14,1 L,+11.342
7843.403,41,14,1 L,+11.300
7847.483,41,14,1 L,+10.994
7848.661,41,14,1 L,+10.930
7850.833,41,14,1 L,+10.798
7855.803,41,14,1 L,+10.858
7861.279,41,14,1 L,+10.774
7864.761,41,14,1 L,+10.688
7868.349,41,14,1 L,+10.676
7875.49,41,14,1 L,+10.637
7879.209,41,14,1 L,+10.645
7883.334,41,14,1 L,+10.643
7888.883,41,14,1 L,+10.492
7893.457,41,14,1 L,+10.296
7897.408,41,14,1 L,+10.160
7903.84,41,14,1 L,+10.184
7909.161,41,14,1 L,+9.924
7913.338,41,14,1 L,+9.805
7917.861,41,14,1 L,+9.798
7921.703,41,14,1 L,+9.809
7930.193,41,14,1 L,+9.904
7934.35,41,14,1 L,+9.848
7935.35,41,14,1 L,+9.865
7937.584,41,14,1 L,+9.819
7938.983,41,14,1 L,+9.796
7939.726,41,14,1 L,+9.792
7943.909,41,14,1 L,+9.844
7945.081,41,14,1 L,+9.862
7947.175,41,14,1 L,+9.762
7952.074,41,14,1 L,+9.671
7957.435,41,14,1 L,+9.516
7960.875,41,14,1 L,+9.362
7964.457,41,14,1 L,+9.268
7971.569,41,14,1 L,+9.199
7975.316,41,14,1 L,+9.180
7979.419,41,14,1 L,+9.171
7984.993,41,14,1 L,+9.018
7989.587,41,14,1 L,+8.832
7993.571,41,14,1 L,+8.741
7999.93,41,14,1 L,+8.698
8005.244,41,14,1 L,+7.212
8009.43,41,14,1 L,+6.935
8013.962,41,14,1 L,+6.929
8017.79,41,14,1 L,+6.989
8026.321,41,14,1 L,+6.938
8030.477,41,14,1 L,+13.055
8031.462,41,14,1 L,+13.079
8035.823,41,14,1 L,+5.211
8039.903,41,13,1 L,+5.211
8039.984,41,13,1 L,+6.761
8041.181,41,13,1 L,+6.766
8043.322,41,13,1 L,+6.659
8048.178,41,13,1 L,+6.462
8053.6,41,13,1 L,+6.233
8057.007,41,13,1 L,+6.108
8060.631,41,13,1 L,+6.022
8067.615,41,13,1 L,+5.852
8071.381,41,13,1 L,+5.864
8075.49,41,13,1 L,+5.867
8081.1,41,13,1 L,+5.710
8085.725,41,13,1 L,+5.529
8089.74,41,13,1 L,+5.454
8096.037,41,13,1 L,+5.401
8101.428,41,13,1 L,+5.187
8105.615,41,13,1 L,+5.103
8110.115,41,13,1 L,+5.018
8113.881,41,13,1 L,+4.898
8122.35,41,13,1 L,+4.832
8126.49,41,13,1 L,+4.851
8127.49,41,13,1 L,+5.187
8129.709,41,12,1 L,+5.187
8129.787,41,12,1 L,+10.477
8131.225,41,12,1 L,+10.469
8131.944,41,12,1 L,+10.459
8136.115,41,12,1 L,+10.380
8137.287,41,12,1 L,+10.368
8139.459,41,12,1 L,+10.323
8144.319,41,12,1 L,+10.224
8149.756,41,12,1 L,+10.149
8153.209,41,12,1 L,+10.079
8156.865,41,12,1 L,+10.061
8163.865,41,12,1 L,+10.079
8167.6,41,12,1 L,+10.026
8171.725,41,12,1 L,+9.989
8177.35,41,12,1 L,+9.887
8181.976,41,12,1 L,+9.807
8185.928,41,12,1 L,+9.787
8192.32,41,12,1 L,+9.815
8197.684,41,12,1 L,+9.419
8201.884,41,12,1 L,+8.955
8206.404,41,12,1 L,+8.759
8210.175,41,12,1 L,+8.701
8218.619,41,12,1 L,+7.987
8222.736,41,12,1 L,+7.941
8223.696,41,12,1 L,+7.907
8225.936,41,12,1 L,+7.861
8227.341,41,12,1 L,+7.851
8228.068,41,12,1 L,+7.843
8232.227,41,12,1 L,+7.783
8235.549,41,12,1 L,+7.643
8240.413,41,12,1 L,+7.485
8245.86,41,12,1 L,+7.442
8249.28,41,12,1 L,+7.325
8252.878,41,12,1 L,+7.344
8260.019,41,12,1 L,+7.364
8263.774,41,12,1 L,+7.370
8267.928,41,12,1 L,+7.451
8273.452,41,12,1 L,+7.273
8278.103,41,12,1 L,+7.225
8282.083,41,12,1 L,+7.254
8288.468,41,12,1 L,+7.235
8293.843,41,12,1 L,+7.075
8298.006,41,12,1 L,+7.028
8302.541,41,12,1 L,+7.074
8306.367,41,12,1 L,+7.377
8314.832,41,12,1 L,+7.333
8318.968,41,12,1 L,+7.404
8319.936,41,12,1 L,+7.426
8322.163,41,12,1 L,+7.371
8323.584,41,12,1 L,+7.328
8324.305,41,12,1 L,+7.291
8328.436,41,12,1 L,+7.031
8329.621,41,12,1 L,+6.988
8331.751,41,12,1 L,+6.935
8336.649,41,12,1 L,+6.848
8342.075,41,12,1 L,+6.807
8345.547,41,12,1 L,+6.677
8349.141,41,12,1 L,+6.644
8356.203,41,12,1 L,+6.609
8359.985,41,12,1 L,+6.561
8364.094,41,12,1 L,+6.686
8369.719,41,12,1 L,+6.601
8374.328,41,12,1 L,+6.455
8378.344,41,12,1 L,+6.385
8384.735,41,12,1 L,+6.441
8390.157,41,12,1 L,+6.394
8394.328,41,12,1 L,+6.315
8398.875,41,12,1 L,+6.033
8402.625,41,12,1 L,+5.809
8411.126,41,12,1 L,+5.495
8415.157,41,12,1 L,+5.443
8416.141,41,12,1 L,+5.449
8418.36,41,12,1 L,+5.459
8419.782,41,12,1 L,+5.445
8420.594,41,12,1 L,+5.430
8424.649,41,12,1 L,+5.298
8425.85,41,12,1 L,+5.272
8427.988,41,12,1 L,+5.220
8432.866,41,12,1 L,+5.082
8438.319,41,12,1 L,+5.092
8441.772,41,12,1 L,+4.972
8445.303,41,12,1 L,+4.933
8452.4,41,12,1 L,+4.787
8456.114,41,12,1 L,+4.698
8460.276,41,12,1 L,+4.630
8465.904,41,12,1 L,+4.562
8470.553,41,12,1 L,+4.465
8474.516,41,12,1 L,+4.442
8481.015,41,12,1 L,+4.555
8486.437,41,12,1 L,+4.527
8490.649,41,12,1 L,+4.475
8495.159,41,12,1 L,+4.313
8498.928,41,12,1 L,+4.178
8507.444,41,12,1 L,+4.088
8511.569,41,12,1 L,+4.087
8512.499,41,12,1 L,+4.123
8514.752,41,12,1 L,+4.144
8516.156,41,12,1 L,+4.129
8516.894,41,12,1 L,+4.116
8521.004,41,12,1 L,+3.997
8522.19,41,12,1 L,+3.968
8524.31,41,12,1 L,+3.916
8529.263,41,12,1 L,+3.776
8534.75,41,12,1 L,+3.867
8538.374,41,12,1 L,+3.779
8541.776,41,12,1 L,+3.751
8548.91,41,12,1 L,+3.785
8552.676,41,12,1 L,+3.812
8556.786,41,12,1 L,+3.885
8562.551,41,12,1 L,+3.888
8567.191,41,12,1 L,+3.818
8571.223,41,12,1 L,+3.792
8577.676,41,12,1 L,+3.870
8583.113,41,12,1 L,+3.848
8587.302,41,12,1 L,+3.801
8591.832,41,12,1 L,+3.619
8595.645,41,12,1 L,+3.451
8604.136,41,12,1 L,+3.313
8608.288,41,12,1 L,+3.328
8609.26,41,12,1 L,+3.405
8611.522,41,12,1 L,+3.425
8612.929,41,12,1 L,+3.406
8613.663,41,12,1 L,+3.393
8617.837,41,12,1 L,+3.310
8619.021,41,12,1 L,+3.294
8621.169,41,12,1 L,+3.260
8626.109,41,12,1 L,+3.209
8631.684,41,12,1 L,+3.271
8635.169,41,12,1 L,+3.167
8638.769,41,12,1 L,+3.139
8645.885,41,12,1 L,+3.122
8649.605,41,12,1 L,+3.135
8653.764,41,12,1 L,+3.279
8659.523,41,12,1 L,+3.336
8664.195,41,12,1 L,+3.253
8668.132,41,12,1 L,+3.197
8674.664,41,12,1 L,+3.267
8680.148,41,12,1 L,+3.324
8684.335,41,12,1 L,+3.261
8688.847,41,12,1 L,+3.043
8692.577,41,12,1 L,+2.847
8701.137,41,12,1 L,+2.706
8705.231,41,12,1 L,+2.712
8706.196,41,12,1 L,+2.763
8708.484,41,12,1 L,+2.756
8709.884,41,12,1 L,+2.740
8710.622,41,12,1 L,+2.724
8714.759,41,12,1 L,+2.586
8715.939,41,12,1 L,+2.554
8718.068,41,12,1 L,+2.471
8723.14,41,12,1 L,+2.408
8728.659,41,12,1 L,+2.538
8732.163,41,12,1 L,+2.433
8735.751,41,12,1 L,+2.410
8742.944,41,12,1 L,+2.392
8746.685,41,12,1 L,+2.443
8750.833,41,12,1 L,+2.546
8756.58,41,12,1 L,+2.471
8761.304,41,12,1 L,+2.436
8765.31,41,12,1 L,+2.402
8771.863,41,12,1 L,+2.529
8777.339,41,12,1 L,+2.564
8781.514,41,12,1 L,+2.509
8786.018,41,12,1 L,+2.291
8789.707,41,12,1 L,+2.057
8798.339,41,12,1 L,+1.928
8802.405,41,12,1 L,+1.894
8803.38,41,12,1 L,+1.939
8805.66,41,12,1 L,+1.954
8807.066,41,12,1 L,+1.935
8807.785,41,12,1 L,+1.918
8811.892,41,12,1 L,+1.789
8813.079,41,12,1 L,+1.757
8815.213,41,12,1 L,+1.721
8820.182,41,12,1 L,+1.782
8825.859,41,12,1 L,+1.876
8829.34,41,12,1 L,+1.816
8832.916,41,12,1 L,+1.782
8840.135,41,12,1 L,+1.786
8843.908,41,12,1 L,+1.837
8848.051,41,12,1 L,+1.918
8853.908,41,12,1 L,+1.966
8858.636,41,12,1 L,+2.011
8862.611,41,12,1 L,+2.001
8869.237,41,12,1 L,+2.168
8874.76,41,12,1 L,+2.236
8878.937,41,12,1 L,+2.187
8883.438,41,12,1 L,+2.008
8887.151,41,12,1 L,+1.808
8895.707,41,12,1 L,+1.683
8899.848,41,12,1 L,+1.734
8900.839,41,12,1 L,+1.770
8903.108,41,12,1 L,+1.801
8904.527,41,12,1 L,+1.797
8905.27,41,12,1 L,+1.786
8909.398,41,12,1 L,+1.658
8910.57,41,12,1 L,+1.624
8912.727,41,12,1 L,+1.574
8917.776,41,12,1 L,+1.760
8923.486,41,12,1 L,+1.854
8926.986,41,12,1 L,+1.757
8930.517,41,12,1 L,+1.692
8937.72,41,12,1 L,+1.693
8941.408,41,12,1 L,+1.688
8945.517,41,12,1 L,+1.754
8951.392,41,12,1 L,+1.913
8956.158,41,12,1 L,+1.973
8960.158,41,12,1 L,+1.923
8966.767,41,12,1 L,+2.130
8972.348,41,12,1 L,+2.216
8976.564,41,12,1 L,+2.185
8981.064,41,12,1 L,+2.096
8984.709,41,12,1 L,+1.941
8993.312,41,12,1 L,+1.785
8997.385,41,12,1 L,+1.714
8998.35,41,12,1 L,+1.748
9000.615,41,12,1 L,+1.784
9002.05,41,12,1 L,+1.758
9002.785,41,12,1 L,+1.719
9138.164,41,12,1L,+1.719
13.093,55,17,,
3392.283,55,17,+1.780,
3393.496,55,18,+1.780,
3393.577,55,19,+1.780,
3393.596,55,12,+1.780,
3393.694,55,12,+1.662,+0.057
3396.397,55,12,+2.123,+0.212
3402.016,55,12,+2.766,+0.393
3408.769,55,12,+3.434,+0.155
3411.796,55,12,+3.506,+0.076
3415.286,55,12,+3.533,+0.182
3423.396,55,13,+3.533,+0.182
3423.697,55,12,+3.533,+0.182
3423.775,55,12,+4.666,+0.315
3423.826,55,13,+4.666,+0.315
3427.381,55,13,+4.590,+0.135
3431.891,55,13,+5.084,+0.216
3438.642,55,13,+5.937,+0.312
3443.528,55,13,+6.468,+0.471
3447.629,55,13,+6.498,+0.462
3454.897,55,13,+7.130,+0.452
3460.218,55,13,+7.311,+0.551
3464.476,55,12,+7.311,+0.551
3464.566,55,12,+7.340,+0.431
3468.926,55,12,+7.134,+0.084
3472.629,55,12,+6.868,+0.054
3481.145,55,11,+6.868,+0.054
3481.239,55,11,+7.265,+0.176
3485.785,55,11,+7.372,+0.210
3487.061,55,11,+7.648,+0.278
3489.6,55,11,+8.000,+0.315
3491.145,55,11,+8.054,+0.301
3491.814,55,11,+8.059,+0.277
3495.873,55,10,+8.059,+0.277
3495.96,55,10,+7.895,+0.836
3497.291,55,10,+7.816,+0.839
3499.633,55,10,+7.789,+0.745
3504.786,55,10,+7.805,+0.407
3510.739,55,10,+8.114,+0.575
3514.235,55,10,+8.035,+0.608
3517.796,55,10,+7.817,+0.609
3525.355,55,10,+7.905,+0.521
3529.048,55,10,+7.874,+0.463
3533.502,55,10,+8.095,+0.636
3539.741,55,10,+8.391,+0.608
3544.579,55,10,+8.602,+0.514
3548.771,55,10,+8.631,+0.591
3555.614,55,10,+9.039,+0.467
3561.067,55,10,+9.059,+0.479
3565.396,55,10,+8.772,+0.557
3569.81,55,10,+8.777,+0.502
3573.212,55,10,+8.573,+0.312
3582.092,55,10,+9.085,+0.210
3586.514,55,10,+9.210,+0.334
3587.561,55,10,+9.314,+0.332
3590.112,55,10,+9.582,+0.458
3591.733,55,10,+9.723,+0.588
3592.541,55,11,+9.723,+0.588
3592.596,55,11,+9.808,+0.045
3597.213,55,11,+10.029,+0.454
3598.496,55,11,+10.044,+0.524
3601.081,55,11,+10.224,+0.809
3606.307,55,11,+10.541,+0.963
3612.167,55,11,+10.914,+1.208
3615.681,55,11,+10.990,+1.189
3619.281,55,11,+10.950,+1.147
3626.606,55,11,+11.016,+0.950
3630.352,55,11,+11.028,+0.793
3634.683,55,11,+11.127,+0.700
3640.741,55,11,+11.414,+0.746
3645.521,55,11,+11.660,+0.804
3649.69,55,11,+11.759,+0.901
3656.411,55,11,+11.960,+0.943
3661.797,55,11,+12.066,+0.994
3666.165,55,11,+12.160,+1.052
3670.575,55,11,+11.984,+0.988
3674.152,55,11,+11.692,+0.870
3682.716,55,11,+11.728,+0.823
3686.955,55,11,+11.695,+0.826
3687.932,55,11,+11.721,+0.854
3690.429,55,11,+11.767,+0.897
3691.744,55,11,+11.780,+0.923
3692.566,55,11,+11.782,+0.952
3696.877,55,11,+11.671,+1.173
3698.031,55,11,+11.615,+1.207
3700.454,55,11,+11.678,+1.131
3705.797,55,11,+11.985,+1.281
3711.528,55,11,+12.148,+1.318
3714.988,55,11,+12.198,+1.258
3718.607,55,11,+12.179,+1.207
3725.828,55,11,+12.339,+1.103
3729.592,55,11,+12.371,+1.043
3733.921,55,11,+12.449,+0.971
3739.874,55,11,+12.673,+0.956
3744.671,55,11,+12.953,+1.009
3748.763,55,11,+13.011,+1.041
3755.425,55,11,+13.367,+0.999
3760.956,55,11,+13.523,+1.095
3765.315,55,11,+13.639,+1.167
3769.69,55,11,+13.467,+1.140
3773.243,55,11,+13.147,+1.030
3781.724,55,11,+13.240,+1.045
3785.959,55,11,+13.252,+0.917
3786.974,55,11,+13.271,+0.809
3789.334,55,11,+13.367,+0.786
3790.803,55,11,+13.384,+0.803
3791.537,55,11,+13.376,+0.820
3795.801,55,11,+13.219,+1.108
3796.96,55,11,+13.162,+1.198
3799.376,55,11,+13.238,+1.197
3804.735,55,11,+13.728,+0.592
3810.58,55,11,+13.909,+0.734
3814.064,55,11,+14.006,+0.698
3817.642,55,11,+13.981,+0.635
3824.986,55,11,+14.197,+0.583
3828.752,55,11,+14.251,+0.507
3833.096,55,11,+14.343,+0.523
3839.189,55,11,+14.719,+0.660
3844.08,55,11,+14.958,+0.739
3848.158,55,11,+14.979,+0.737
3854.877,55,11,+15.345,+0.829
3860.567,55,11,+15.551,+0.875
3864.841,55,11,+15.669,+0.937
3869.301,55,11,+15.499,+0.902
3872.815,55,11,+15.171,+0.760
3881.427,55,11,+15.347,+0.838
3885.724,55,11,+15.384,+0.844
3886.646,55,11,+15.420,+0.868
3889.006,55,11,+15.511,+0.887
3890.506,55,11,+15.562,+0.938
3891.412,55,11,+15.595,+0.992
3895.74,55,11,+15.609,+1.280
3896.928,55,11,+15.572,+1.337
3899.319,55,12,+15.572,+1.337
3899.486,55,12,+15.810,+0.090
3904.776,55,12,+16.288,+0.355
3910.511,55,12,+16.587,+0.513
3914.125,55,12,+16.698,+0.485
3917.659,55,12,+16.649,+0.391
3925.081,55,12,+16.975,+0.520
3928.862,55,12,+17.005,+0.519
3933.19,55,12,+17.086,+0.664
3939.284,55,12,+17.497,+0.753
3944.206,55,12,+17.768,+0.848
3948.378,55,12,+17.893,+0.897
3955.175,55,12,+18.322,+1.039
3960.776,55,12,+18.596,+1.210
3965.075,55,12,+18.662,+1.175
3969.492,55,12,+18.486,+1.164
3973.042,55,12,+18.220,+1.154
3981.602,55,12,+18.423,+1.140
3985.814,55,12,+18.435,+1.080
3986.829,55,12,+18.478,+1.065
3989.207,55,12,+18.547,+1.099
3990.652,55,12,+18.561,+1.107
3991.441,55,12,+18.561,+1.121
3995.747,55,12,+18.472,+1.276
3996.938,55,12,+18.431,+1.313
3999.333,55,12,+18.440,+1.390
4004.758,55,12,+18.871,+1.458
4010.498,55,12,+19.152,+1.652
4014.074,55,12,+19.266,+1.637
4017.653,55,12,+19.246,+1.596
4024.997,55,12,+19.544,+1.587
4028.813,55,12,+19.606,+1.634
4033.115,55,12,+19.677,+1.763
4039.118,55,12,+19.922,+1.582
4044.029,55,12,+20.233,+1.679
4048.249,55,12,+20.366,+1.709
4054.968,55,12,+20.743,+1.738
4060.751,55,12,+21.121,+1.857
4065.099,55,12,+21.240,+1.877
4069.497,55,13,+21.240,+1.877
4069.686,55,13,+21.188,+0.051
4073.186,55,13,+20.957,+0.085
4082.108,55,13,+21.466,+0.343
4086.311,55,13,+21.448,+0.287
4087.311,55,13,+21.509,+0.322
4089.858,55,13,+21.744,+0.517
4091.296,55,13,+21.779,+0.541
4092.061,55,13,+21.780,+0.542
4096.374,55,13,+21.670,+0.508
4097.577,55,13,+21.617,+0.491
4099.968,55,13,+21.673,+0.607
4105.069,55,13,+21.881,+0.634
4111.021,55,13,+22.300,+0.975
4114.545,55,13,+22.404,+0.895
4118.097,55,13,+22.351,+0.801
4125.5,55,13,+22.690,+0.939
4129.25,55,13,+22.704,+0.788
4133.625,55,13,+22.880,+0.936
4139.75,55,13,+23.324,+1.203
4144.687,55,13,+23.604,+1.320
4148.781,55,13,+23.587,+1.308
4155.468,55,13,+23.962,+1.415
4161.246,55,13,+24.348,+1.687
4165.589,55,13,+24.467,+1.733
4169.972,55,13,+24.303,+1.546
4173.546,55,13,+24.019,+1.318
4182.621,55,13,+24.149,+1.287
4186.375,55,13,+24.180,+1.314
4187.375,55,13,+24.203,+1.327
4189.735,55,13,+24.331,+1.393
4191.235,55,13,+24.361,+1.410
4191.985,55,13,+24.371,+1.428
4196.391,55,13,+24.349,+1.560
4197.61,55,13,+24.320,+1.590
4199.992,55,13,+24.351,+1.766
4205.412,55,13,+24.855,+1.996
4211.113,55,13,+25.127,+2.193
4214.709,55,13,+25.239,+2.190
4218.293,55,13,+25.222,+2.174
4225.699,55,13,+25.561,+2.312
4229.497,55,13,+25.617,+2.231
4233.761,55,13,+25.700,+2.213
4239.811,55,13,+25.933,+2.230
4244.818,55,13,+26.221,+2.345
4248.981,55,13,+26.316,+2.452
4255.797,55,13,+26.749,+2.605
4261.507,55,13,+27.128,+2.793
4265.892,55,13,+27.255,+2.839
4270.431,55,13,+27.208,+2.877
4273.997,55,13,+27.043,+2.866
4282.584,55,13,+27.250,+2.653
4286.694,55,13,+27.149,+2.568
4287.365,55,13,+26.909,+2.280
4306.35,55,14,+26.909,+2.280
4308.03,55,15,+26.909,+2.280
4308.572,55,16,+26.909,+2.280
4312.122,55,17,+26.909,+2.280
4321.303,55,17,+50.719,+2.468
4324.35,55,17,+51.508,+2.663
4329.67,55,16,+51.508,+2.663
4329.756,55,16,+51.982,+2.577
4335.467,55,16,+52.189,+2.607
4339.067,55,16,+52.336,+2.735
4342.615,55,16,+52.299,+2.623
4349.977,55,16,+52.580,+2.602
4356.375,55,16,+55.225,+4.969
4365.078,55,16,+59.711,+5.220
4372.859,55,16,+61.719,+5.010
4378.375,55,16,+62.579,+5.172
4382.922,55,16,+63.008,+4.059
4390.428,55,16,+64.184,+2.470
4398.173,55,16,+66.527,+4.208
4404.44,55,16,+68.570,+4.701
4410.206,55,16,+69.784,+4.091
4416.924,55,16,+72.702,+4.580
4427.097,55,16,+73.161,+3.390
4432.566,55,16,+71.790,+2.995
4433.682,55,16,+72.076,+2.359
4436.63,55,16,+72.076,+2.052
4439.03,55,16,+72.076,+2.734
4440.32,55,16,+68.665,+3.073
4445.861,55,15,+68.665,+3.073
4445.942,55,15,+68.665,+3.380
4447.643,55,15,+51.779,+3.607
4451.308,55,15,+51.843,+3.186
4457.491,55,15,+49.920,+3.053
4466.209,55,15,+50.428,+3.408
4471.7,55,15,+49.803,+3.817
4475.882,55,15,+47.373,+3.608
4485.717,55,15,+46.375,+3.907
4490.377,55,15,+45.307,+2.844
4495.304,55,15,+43.478,+1.762
4504.803,55,15,+43.509,+3.868
4509.899,55,15,+41.674,+2.039
4517.452,55,15,+43.733,+4.760
4525.397,55,15,+42.077,+3.853
4534.143,55,15,+42.458,+2.989
4541.18,55,15,+43.458,+3.974
4546.774,55,15,+40.406,+3.628
4551.215,55,15,+38.752,+3.322
4562.419,55,15,+36.891,+2.628
4567.669,55,15,+36.987,+3.063
4568.685,55,15,+36.610,+2.936
4571.977,55,15,+36.071,+2.513
4574.411,55,15,+36.591,+3.090
4575.53,55,15,+36.665,+3.227
4580.298,55,14,+36.665,+3.227
4580.378,55,14,+35.372,+2.827
4581.611,55,14,+34.417,+2.623
4584.316,55,14,+32.845,+2.397
4594.58,55,14,+32.669,+6.002
4602.221,55,14,+30.680,+6.307
4606.344,55,14,+29.854,+6.403
4610.11,55,14,+28.538,+6.051
4619.266,55,14,+26.846,+6.059
4626.112,55,14,+29.194,+8.752
4631.48,55,14,+27.020,+9.594
4637.577,55,14,+24.654,+9.396
4642.431,55,14,+22.996,+8.141
4646.488,55,14,+21.408,+7.575
4653.498,55,14,+18.951,+3.000
4659.569,55,14,+16.761,+1.990
4664.203,55,14,+15.466,+1.552
4669.643,55,14,+13.653,+1.183
4675.161,55,14,+12.950,+0.292
4690.554,55,14,+14.959,+1.690
4696.531,55,14,+16.163,+2.219
4697.609,55,14,+15.721,+1.963
4700.328,55,14,+14.465,+1.656
4702.068,55,14,+14.279,+1.663
4703.318,55,14,+14.506,+1.309
4710.704,55,14,+16.008,+1.265
4712.077,55,14,+15.642,+1.180
4715.054,55,14,+14.567,+0.970
4723.015,55,14,+13.767,+1.548
4730.437,55,14,+14.617,+1.707
4734.671,55,14,+13.470,+2.103
4738.475,55,14,+13.032,+1.290
4751.553,55,14,+15.232,+1.814
4755.819,55,14,+14.942,+1.708
4760.616,55,14,+13.415,+1.416
4769.662,55,14,+13.167,+0.776
4778.522,55,14,+14.072,+1.191
4783.959,55,14,+14.385,+0.818
4794.397,55,14,+13.587,+0.825
4800.897,55,14,+10.100,+0.856
4810.034,55,14,+10.187,+0.767
4816.83,55,14,+7.823,+0.804
4824.344,55,14,+7.815,+0.701
4834.52,55,14,+5.874,+0.753
4838.708,55,14,+5.444,+0.375
4839.911,55,14,+5.483,+0.315
4842.38,55,14,+5.389,+0.327
4843.88,55,14,+5.357,+0.316
4844.614,55,14,+5.335,+0.312
4848.724,55,14,+5.102,+0.318
4849.759,55,14,+5.003,+0.342
4852.361,55,14,+5.120,+0.430
4857.879,55,14,+5.557,+0.551
4863.878,55,14,+5.741,+0.478
4867.365,55,14,+5.749,+0.283
4870.938,55,14,+5.695,+0.055
4878.358,55,13,+5.695,+0.055
4878.43,55,13,+5.782,+0.475
4882.034,55,13,+5.777,+0.445
4886.424,55,13,+5.901,+0.600
4892.679,55,13,+6.264,+0.540
4897.632,55,13,+6.401,+0.275
4901.631,55,13,+6.449,+0.289
4908.662,55,13,+7.015,+0.323
4914.111,55,13,+6.997,+0.317
4918.454,55,13,+7.062,+0.337
4922.822,55,13,+6.898,+0.276
4926.304,55,13,+6.577,+0.232
4935.053,55,13,+6.818,+0.374
4939.273,55,13,+6.718,+0.267
4940.353,55,13,+6.764,+0.237
4942.869,55,13,+6.859,+0.381
4944.307,55,13,+6.867,+0.412
4945.135,55,13,+6.862,+0.428
4949.353,55,13,+6.741,+0.571
4950.619,55,13,+6.679,+0.591
4953.025,55,13,+6.783,+0.601
4958.359,55,13,+7.034,+0.775
4963.969,55,13,+7.162,+0.691
4967.527,55,13,+7.216,+0.721
4971.006,55,13,+7.106,+0.666
4978.543,55,13,+7.207,+0.591
4982.017,55,13,+7.129,+0.543
4986.344,55,13,+7.203,+0.554
4992.457,55,13,+7.406,+0.589
4997.251,55,13,+7.537,+0.516
5001.243,55,13,+7.487,+0.511
5008.078,55,13,+7.877,+0.590
5013.47,55,13,+7.864,+0.432
5017.814,55,13,+7.970,+0.511
5022.095,55,13,+7.708,+0.445
5025.502,55,13,+7.296,+0.309
5034.301,55,13,+7.650,+0.554
5038.551,55,13,+7.641,+0.471
5039.588,55,13,+7.668,+0.439
5042.023,55,13,+7.756,+0.515
5043.462,55,13,+7.766,+0.532
5044.232,55,13,+7.765,+0.533
5048.445,55,13,+7.758,+0.514
5049.673,55,13,+7.727,+0.489
5052.063,55,13,+7.921,+0.471
5057.443,55,13,+8.448,+0.781
5063.154,55,13,+8.738,+0.731
5066.731,55,13,+8.921,+0.750
5070.268,55,13,+8.827,+0.753
5077.667,55,13,+9.209,+0.729
5081.401,55,13,+9.216,+0.719
5085.76,55,13,+9.452,+0.799
5091.807,55,13,+9.741,+0.780
5096.522,55,13,+9.947,+0.754
5100.58,55,13,+9.915,+0.749
5107.378,55,13,+10.318,+0.775
5112.735,55,13,+10.390,+0.720
5117.02,55,13,+10.458,+0.725
5121.361,55,13,+10.221,+0.551
5124.781,55,13,+9.796,+0.266
5133.716,55,13,+10.337,+0.429
5137.985,55,13,+10.387,+0.370
5139.063,55,13,+10.464,+0.391
5141.444,55,13,+10.552,+0.485
5142.879,55,13,+10.575,+0.502
5143.666,55,13,+10.589,+0.524
5148.031,55,13,+10.584,+0.693
5149.224,55,13,+10.546,+0.701
5151.622,55,13,+10.644,+0.716
5156.653,55,13,+10.710,+0.522
5162.388,55,13,+11.089,+0.732
5165.888,55,13,+11.166,+0.681
5169.403,55,13,+11.105,+0.675
5176.705,55,13,+11.359,+0.562
5180.4,55,13,+11.362,+0.538
5184.754,55,13,+11.631,+0.643
5190.831,55,13,+11.935,+0.765
5195.673,55,13,+12.231,+0.814
5199.785,55,13,+12.273,+0.832
5206.378,55,13,+12.589,+0.831
5211.913,55,13,+12.790,+0.868
5216.185,55,13,+12.922,+0.925
5220.617,55,13,+12.763,+0.785
5224.086,55,13,+12.495,+0.601
5232.762,55,13,+12.842,+0.531
5236.999,55,13,+12.878,+0.462
5238.016,55,13,+12.918,+0.460
5240.481,55,13,+13.047,+0.602
5241.916,55,13,+13.064,+0.631
5242.696,55,13,+13.063,+0.644
5246.969,55,13,+12.948,+0.697
5248.125,55,13,+12.886,+0.679
5250.47,55,13,+12.908,+0.693
5255.783,55,13,+13.419,+0.811
5261.533,55,13,+13.689,+0.870
5264.986,55,13,+13.727,+0.862
5268.533,55,13,+13.660,+0.810
5275.736,55,13,+13.827,+0.690
5279.479,55,13,+13.860,+0.693
5283.824,55,13,+13.893,+0.808
5289.863,55,13,+14.126,+0.897
5294.7,55,13,+14.360,+0.932
5298.773,55,13,+14.376,+0.963
5305.405,55,13,+14.665,+0.986
5310.873,55,13,+14.742,+0.874
5315.17,55,13,+14.867,+0.952
5319.503,55,13,+14.695,+0.840
5322.98,55,13,+14.378,+0.644
5331.499,55,13,+14.478,+0.629
5335.702,55,13,+14.492,+0.552
5336.703,55,13,+14.533,+0.512
5339.115,55,13,+14.644,+0.576
5340.578,55,13,+14.659,+0.584
5341.344,55,13,+14.661,+0.592
5345.626,55,13,+14.580,+0.656
5346.782,55,13,+14.531,+0.637
5349.235,55,13,+14.649,+0.677
5354.617,55,13,+15.099,+0.912
5360.195,55,13,+15.304,+0.850
5363.726,55,13,+15.435,+0.843
5367.21,55,13,+15.333,+0.775
5374.499,55,13,+15.519,+0.659
5378.285,55,13,+15.525,+0.648
5382.515,55,13,+15.561,+0.714
5388.603,55,13,+15.844,+0.760
5393.452,55,13,+16.100,+0.775
5397.514,55,13,+16.082,+0.768
5404.132,55,13,+16.402,+0.786
5409.577,55,13,+16.520,+0.693
5413.905,55,13,+16.632,+0.746
5418.202,55,13,+16.431,+0.604
5421.687,55,13,+16.097,+0.395
5430.49,55,13,+16.641,+0.650
5434.732,55,13,+16.703,+0.605
5435.762,55,13,+16.781,+0.595
5438.263,55,13,+16.928,+0.682
5439.658,55,13,+16.959,+0.712
5440.479,55,13,+16.964,+0.722
5444.732,55,13,+16.887,+0.775
5445.917,55,13,+16.839,+0.767
5448.291,55,13,+16.952,+0.788
5453.479,55,13,+17.342,+0.738
5459.395,55,13,+17.693,+0.955
5462.86,55,13,+17.749,+0.893
5466.403,55,13,+17.713,+0.875
5473.776,55,13,+17.988,+0.820
5477.516,55,13,+18.028,+0.803
5481.863,55,13,+18.214,+0.882
5487.879,55,13,+18.484,+0.936
5492.763,55,13,+18.709,+0.956
5496.88,55,13,+18.756,+1.007
5503.534,55,13,+19.139,+1.143
5509.05,55,13,+19.246,+1.077
5513.393,55,13,+19.382,+1.139
5517.784,55,13,+19.247,+1.033
5521.237,55,13,+18.913,+0.807
5529.999,55,13,+19.335,+0.965
5534.237,55,13,+19.401,+0.942
5535.255,55,13,+19.492,+0.933
5537.645,55,13,+19.579,+0.920
5539.132,55,13,+19.600,+0.929
5539.86,55,13,+19.599,+0.932
5544.085,55,13,+19.506,+0.934
5545.257,55,13,+19.458,+0.918
5547.632,55,14,+19.458,+0.918
5547.804,55,14,+19.657,+0.081
5552.882,55,13,+19.657,+0.081
5552.945,55,13,+19.837,+1.202
5558.868,55,13,+20.350,+1.454
5562.32,55,13,+20.340,+1.422
5565.867,55,13,+20.328,+1.464
5573.117,55,13,+20.524,+1.419
5576.868,55,13,+20.562,+1.462
5581.111,55,13,+20.683,+1.512
5587.13,55,13,+20.883,+1.499
5591.933,55,13,+21.048,+1.456
5596.005,55,13,+21.092,+1.533
5602.658,55,13,+21.466,+1.537
5608.254,55,13,+21.643,+1.630
5612.546,55,13,+21.713,+1.657
5616.945,55,13,+21.537,+1.671
5620.411,55,13,+21.233,+1.654
5629.144,55,13,+21.635,+1.258
5633.38,55,13,+21.668,+1.154
5634.358,55,13,+21.710,+1.089
5636.789,55,13,+21.782,+1.002
5638.205,55,13,+21.801,+0.996
5639.008,55,13,+21.814,+1.015
5643.358,55,13,+21.825,+1.208
5644.554,55,13,+21.794,+1.244
5646.97,55,14,+21.794,+1.244
5647.17,55,14,+22.112,+0.225
5652.596,55,14,+22.590,+0.501
5658.37,55,14,+22.921,+0.559
5661.981,55,14,+23.045,+0.570
5665.529,55,14,+23.027,+0.499
5673.004,55,14,+23.468,+0.706
5676.769,55,14,+23.523,+0.668
5681.066,55,14,+23.715,+0.765
5687.144,55,14,+24.145,+0.874
5692.051,55,14,+24.400,+0.955
5696.129,55,14,+24.416,+1.012
5702.879,55,14,+24.862,+1.222
5708.519,55,14,+25.193,+1.390
5712.879,55,14,+25.330,+1.479
5717.379,55,14,+25.271,+1.581
5720.932,55,14,+25.060,+1.584
5729.449,55,14,+25.252,+1.488
5733.614,55,14,+25.295,+1.485
5734.599,55,14,+25.351,+1.467
5737.02,55,14,+25.406,+1.457
5738.427,55,14,+25.426,+1.475
5739.239,55,14,+25.447,+1.509
5743.661,55,14,+25.518,+1.817
5744.864,55,14,+25.504,+1.878
5747.224,55,14,+25.511,+1.778
5752.364,55,14,+25.687,+1.703
5757.989,55,14,+25.916,+1.639
5761.614,55,14,+26.092,+1.704
5765.177,55,14,+26.061,+1.710
5772.458,55,14,+26.283,+1.654
5776.161,55,14,+26.315,+1.603
5780.427,55,14,+26.418,+1.664
5786.552,55,14,+26.837,+1.695
5791.401,55,14,+27.063,+1.724
5795.45,55,14,+27.066,+1.756
5801.997,55,14,+27.290,+1.771
5807.699,55,14,+27.596,+1.913
5811.972,55,14,+27.708,+1.959
5816.479,55,14,+27.653,+2.129
5820.077,55,14,+27.473,+2.301
5828.573,55,14,+27.613,+2.228
5832.738,55,14,+27.623,+2.174
5833.707,55,14,+27.621,+2.112
5836.129,55,14,+27.711,+2.128
5837.608,55,14,+27.736,+2.155
5838.356,55,14,+27.742,+2.173
5842.645,55,14,+27.707,+2.334
5843.864,55,14,+27.679,+2.358
5846.145,55,14,+27.667,+2.288
5851.484,55,14,+28.098,+2.415
5857.046,55,14,+28.244,+2.166
5860.545,55,14,+28.343,+2.244
5864.121,55,14,+28.337,+2.189
5871.358,55,14,+28.532,+2.150
5875.189,55,14,+28.649,+2.199
5879.455,55,14,+28.793,+2.215
5885.455,55,14,+29.103,+2.168
5890.296,55,14,+29.349,+2.150
5894.448,55,14,+29.449,+2.284
5901.01,55,14,+29.688,+2.282
5906.635,55,14,+29.931,+2.361
5910.916,55,14,+30.021,+2.390
5915.416,55,14,+29.980,+2.569
5919.073,55,14,+29.857,+2.776
5927.588,55,14,+30.055,+2.541
5931.729,55,14,+30.047,+2.495
5932.682,55,14,+30.056,+2.360
5935.12,55,14,+30.162,+2.238
5936.526,55,14,+30.191,+2.247
5937.338,55,14,+30.193,+2.257
5941.573,55,14,+30.100,+2.378
5942.745,55,14,+30.054,+2.394
5946.104,55,14,+30.036,+2.285
5950.245,55,14,+30.424,+2.299
5955.948,55,14,+30.696,+2.202
5959.542,55,14,+30.864,+2.284
5963.151,55,14,+30.862,+2.272
5970.323,55,14,+31.050,+2.112
5974.063,55,14,+31.091,+2.058
5978.305,55,14,+31.180,+2.067
5984.379,55,14,+31.583,+2.086
5989.212,55,14,+31.791,+2.098
5993.279,55,14,+31.812,+2.136
5999.782,55,14,+32.092,+2.144
6005.532,55,14,+32.414,+2.250
6009.875,55,14,+32.532,+2.299
6014.329,55,14,+32.480,+2.481
6017.907,55,14,+32.272,+2.633
6026.38,55,14,+32.420,+2.394
6030.515,55,14,+32.390,+2.136
6031.532,55,14,+32.372,+1.964
6033.871,55,14,+32.420,+1.812
6035.281,55,14,+32.431,+1.805
6036.072,55,14,+32.433,+1.813
6040.319,55,14,+32.374,+1.937
6041.499,55,14,+32.336,+1.967
6043.858,55,14,+32.368,+1.808
6049.173,55,14,+32.838,+1.924
6054.755,55,14,+33.011,+1.871
6058.37,55,14,+33.123,+1.866
6061.944,55,14,+33.125,+1.872
6069.131,55,14,+33.245,+1.738
6072.871,55,14,+33.253,+1.684
6077.105,55,14,+33.426,+1.694
6083.152,55,14,+33.786,+1.697
6087.964,55,14,+33.970,+1.636
6092.043,55,14,+34.008,+1.702
6098.621,55,14,+34.234,+1.609
6104.261,55,14,+34.525,+1.694
6108.579,55,14,+34.635,+1.758
6113.058,55,14,+34.584,+1.789
6116.617,55,14,+34.379,+1.674
6125.064,55,14,+34.480,+1.423
6129.227,55,14,+34.483,+1.421
6130.196,55,14,+34.477,+1.362
6132.57,55,14,+34.532,+1.350
6134.033,55,14,+34.549,+1.368
6134.78,55,14,+34.553,+1.382
6139.059,55,14,+34.486,+1.497
6140.186,55,14,+34.443,+1.522
6142.545,55,14,+34.475,+1.604
6147.821,55,14,+34.934,+1.676
6153.425,55,14,+35.084,+1.622
6156.989,55,14,+35.208,+1.653
6160.565,55,14,+35.198,+1.667
6167.9,55,14,+35.434,+1.541
6171.6,55,14,+35.481,+1.507
6175.844,55,14,+35.689,+1.587
6181.938,55,14,+35.916,+1.618
6186.735,55,14,+36.169,+1.598
6190.844,55,14,+36.228,+1.683
6197.409,55,14,+36.467,+1.544
6203.063,55,14,+36.699,+1.681
6207.329,55,14,+36.776,+1.716
6211.829,55,14,+36.745,+1.659
6215.417,55,14,+36.574,+1.477
6224.584,55,13,+36.574,+1.477
6224.672,55,13,+37.486,+3.900
6228.9,55,13,+37.568,+4.018
6229.865,55,13,+37.564,+4.037
6232.335,55,13,+37.616,+4.084
6233.647,55,13,+37.645,+4.110
6234.5,55,13,+37.671,+4.143
6238.9,55,13,+37.800,+4.382
6240.147,55,13,+37.807,+4.431
6242.482,55,13,+37.840,+4.405
6247.809,55,13,+38.031,+4.245
6253.28,55,13,+38.310,+4.267
6256.816,55,13,+38.417,+4.298
6260.4,55,13,+38.416,+4.254
6267.564,55,13,+38.540,+4.264
6271.292,55,13,+38.557,+4.171
6275.559,55,13,+38.687,+4.200
6281.462,55,13,+38.951,+4.196
6286.317,55,13,+39.174,+4.259
6290.418,55,13,+39.252,+4.312
6296.894,55,13,+39.411,+4.279
6302.506,55,13,+39.601,+4.340
6306.765,55,13,+39.660,+4.340
6311.277,55,13,+39.638,+4.339
6314.98,55,13,+39.547,+4.352
6323.559,55,13,+39.736,+4.406
6327.645,55,13,+39.703,+4.391
6328.591,55,13,+39.720,+4.394
6330.967,55,13,+39.745,+4.422
6332.404,55,13,+39.752,+4.442
6333.17,55,13,+39.754,+4.456
6337.435,55,13,+39.723,+4.629
6338.607,55,13,+39.702,+4.675
6340.967,55,13,+39.736,+4.725
6346.185,55,13,+39.998,+4.696
6351.873,55,13,+40.271,+4.728
6355.425,55,13,+40.363,+4.778
6359.038,55,13,+40.395,+4.773
6366.194,55,13,+40.561,+4.762
6369.928,55,13,+40.601,+4.706
6374.148,55,13,+40.750,+4.749
6380.093,55,13,+41.007,+4.712
6384.923,55,13,+41.228,+4.772
6389.027,55,13,+41.265,+4.809
6395.574,55,13,+41.572,+4.868
6401.214,55,13,+41.801,+4.971
6405.511,55,13,+41.886,+4.971
6410.033,55,13,+41.869,+5.000
6413.682,55,13,+41.791,+5.060
6422.283,55,13,+42.126,+5.239
6426.44,55,13,+42.096,+9.209
6427.377,55,13,+42.091,+9.461
6429.768,55,13,+42.156,+9.461
6431.221,55,13,+42.181,+9.461
6431.971,55,13,+42.187,+3.941
6436.174,55,12,+42.187,+3.941
6436.252,55,12,+42.177,+5.327
6437.471,55,12,+42.165,+5.372
6439.833,55,12,+42.245,+5.513
6445.009,55,12,+42.604,+5.422
6450.588,55,12,+42.777,+5.414
6454.167,55,12,+42.913,+5.453
6457.713,55,12,+42.910,+5.407
6464.838,55,12,+43.052,+5.388
6468.572,55,12,+43.055,+5.326
6472.756,55,12,+43.168,+5.364
6478.756,55,12,+43.487,+5.441
6483.631,55,12,+43.756,+5.502
6487.725,55,12,+43.801,+5.535
6494.191,55,12,+44.053,+5.625
6499.88,55,12,+44.304,+5.674
6504.161,55,12,+44.385,+5.684
6508.686,55,12,+44.374,+5.719
6512.3,55,12,+44.282,+5.749
6520.801,55,12,+44.492,+5.778
6524.981,55,12,+44.483,+5.756
6525.946,55,12,+44.490,+5.757
6528.262,55,12,+44.516,+5.747
6529.725,55,12,+44.524,+5.761
6530.52,55,12,+44.530,+5.778
6534.788,55,12,+44.543,+5.979
6535.975,55,12,+44.538,+6.043
6538.397,55,12,+44.657,+6.180
6543.554,55,12,+44.920,+6.114
6549.147,55,12,+45.119,+6.100
6552.648,55,12,+45.236,+6.109
6556.265,55,12,+45.234,+6.077
6563.42,55,12,+45.415,+6.044
6567.148,55,12,+45.431,+5.958
6571.352,55,12,+45.580,+5.966
6577.383,55,12,+46.067,+6.107
6582.227,55,12,+46.222,+6.088
6586.273,55,12,+46.255,+6.152
6592.773,55,12,+46.499,+6.207
6598.405,55,12,+46.693,+6.304
6602.656,55,12,+46.796,+6.309
6607.207,55,12,+46.777,+6.344
6610.882,55,12,+46.642,+6.373
6619.301,55,12,+46.845,+6.416
6623.481,55,12,+46.832,+6.367
6624.434,55,12,+46.830,+6.341
6626.748,55,12,+46.865,+6.343
6628.156,55,12,+46.878,+6.353
6628.948,55,12,+46.882,+6.370
6633.272,55,12,+46.883,+6.608
6634.46,55,12,+46.882,+6.684
6636.809,55,12,+46.926,+6.750
6642.028,55,12,+47.281,+6.661
6647.595,55,12,+47.560,+6.649
6651.134,55,12,+47.659,+6.596
6654.734,55,12,+47.654,+6.537
6661.897,55,12,+47.857,+6.552
6665.581,55,12,+47.879,+6.464
6669.816,55,12,+48.049,+6.475
6675.735,55,12,+48.349,+6.456
6680.582,55,12,+48.567,+6.449
6684.652,55,12,+48.626,+6.503
6691.207,55,12,+48.851,+6.519
6696.725,55,12,+49.033,+6.556
6701.03,55,12,+49.127,+6.571
6705.533,55,12,+49.130,+6.609
6709.188,55,12,+49.045,+6.664
6717.626,55,12,+49.234,+6.607
6721.751,55,12,+49.201,+11.088
6722.688,55,12,+49.197,+11.431
6725.079,55,12,+49.225,+11.431
6726.485,55,12,+49.234,+11.431
6727.282,55,12,+49.238,+6.022
6731.532,55,11,+49.238,+6.022
6731.626,55,11,+49.234,+6.814
6732.829,55,11,+49.229,+6.874
6735.219,55,11,+49.368,+7.025
6740.376,55,11,+49.617,+6.942
6746.019,55,11,+49.711,+6.906
6749.501,55,11,+49.785,+6.911
6753.081,55,11,+49.772,+6.880
6760.193,55,11,+49.830,+6.851
6763.924,55,11,+49.861,+6.787
6768.673,55,11,+50.007,+6.864
6774.035,55,11,+50.322,+6.852
6778.932,55,11,+50.508,+6.893
6782.981,55,11,+50.504,+6.892
6789.447,55,11,+50.694,+6.943
6795.082,55,11,+50.911,+7.006
6799.401,55,11,+51.029,+7.032
6803.919,55,11,+51.021,+7.061
6807.572,55,11,+50.912,+7.128
6816.056,55,11,+51.170,+7.225
6820.201,55,11,+51.151,+7.188
6821.165,55,11,+51.155,+7.175
6823.517,55,11,+51.227,+7.221
6824.965,55,11,+51.250,+7.243
6825.76,55,11,+51.257,+7.261
6830.065,55,11,+51.256,+7.424
6831.34,55,11,+51.253,+7.480
6833.684,55,11,+51.450,+7.563
6839.028,55,11,+51.836,+7.598
6844.653,55,11,+52.063,+7.569
6848.153,55,11,+52.175,+7.569
6851.716,55,11,+52.139,+7.511
6858.817,55,11,+52.250,+7.500
6862.562,55,11,+52.296,+7.475
6866.765,55,11,+52.446,+7.497
6872.745,55,11,+52.796,+7.619
6877.62,55,11,+53.032,+7.587
6881.666,55,11,+53.079,+7.634
6888.098,55,11,+53.308,+7.655
6893.875,55,11,+53.630,+7.785
6898.135,55,11,+53.759,+7.798
6902.691,55,11,+53.770,+7.842
6906.332,55,11,+53.697,+7.925
6914.863,55,11,+53.948,+8.043
6919.003,55,11,+53.954,+7.992
6919.988,55,11,+53.972,+7.961
6922.3,55,11,+53.987,+7.957
6923.707,55,11,+53.994,+7.968
6924.488,55,11,+53.999,+7.985
6928.878,55,11,+54.015,+8.166
6930.113,55,11,+54.019,+8.230
6932.488,55,11,+54.155,+8.290
6937.675,55,11,+54.373,+8.235
6943.291,55,11,+54.611,+8.284
6946.801,55,11,+54.710,+8.278
6950.343,55,11,+54.665,+8.188
6957.435,55,11,+54.730,+8.177
6961.165,55,11,+54.758,+8.121
6965.399,55,11,+54.938,+8.214
6971.373,55,11,+55.393,+8.317
6976.267,55,11,+55.630,+8.347
6980.364,55,11,+55.658,+8.417
6986.86,55,11,+55.969,+8.495
6992.451,55,11,+56.150,+8.525
6996.781,55,11,+56.264,+8.567
7001.269,55,11,+56.266,+8.632
7004.972,55,11,+56.179,+8.701
7013.519,55,11,+56.511,+9.468
7017.691,55,11,+56.512,+9.429
7018.644,55,11,+56.531,+9.509
7020.988,55,11,+56.606,+9.509
7022.363,55,11,+56.626,+9.509
7023.191,55,11,+56.634,+3.525
7027.472,55,10,+56.634,+3.525
7027.55,55,10,+56.650,+8.898
7028.754,55,10,+56.650,+8.958
7031.144,55,10,+56.763,+9.055
7036.291,55,10,+57.135,+9.074
7041.963,55,10,+57.348,+9.159
7045.51,55,10,+57.383,+9.160
7049.041,55,10,+57.373,+9.140
7056.319,55,10,+57.677,+9.255
7060.047,55,10,+57.708,+9.168
7064.301,55,10,+57.922,+9.291
7070.195,55,10,+58.259,+9.325
7075.054,55,10,+58.479,+9.331
7079.135,55,10,+58.536,+9.363
7085.63,55,10,+58.677,+9.403
7091.249,55,10,+58.894,+9.457
7095.509,55,10,+59.005,+9.471
7100.021,55,10,+59.006,+9.616
7103.727,55,10,+58.992,+9.750
7112.289,55,10,+59.253,+9.764
7116.46,55,10,+59.277,+9.779
7117.418,55,10,+59.310,+9.746
7119.723,55,10,+59.349,+9.695
7121.191,55,10,+59.358,+9.693
7121.941,55,10,+59.364,+9.709
7126.266,55,10,+59.397,+9.930
7127.502,55,10,+59.404,+9.995
7129.825,55,10,+59.534,+10.015
7134.901,55,10,+59.615,+10.006
7140.635,55,10,+59.977,+9.928
7144.198,55,10,+60.055,+9.945
7147.729,55,10,+60.029,+9.938
7154.87,55,10,+60.172,+9.914
7158.588,55,10,+60.171,+9.842
7162.854,55,10,+60.385,+9.967
7168.823,55,10,+60.802,+10.055
7173.652,55,10,+61.022,+10.017
7177.682,55,10,+61.047,+10.045
7184.214,55,10,+61.293,+10.126
7189.753,55,10,+61.493,+10.117
7194.003,55,10,+61.558,+10.117
7198.502,55,10,+61.563,+10.286
7202.217,55,10,+61.557,+10.499
7210.764,55,10,+61.569,+10.408
7214.889,55,10,+61.585,+10.386
7215.873,55,10,+61.621,+10.347
7218.201,55,10,+61.664,+10.327
7219.607,55,10,+61.678,+10.332
7220.404,55,10,+61.685,+10.347
7224.735,55,10,+61.728,+10.522
7225.952,55,10,+61.740,+10.587
7228.347,55,10,+61.893,+10.639
7233.499,55,10,+62.270,+10.826
7239.046,55,10,+62.467,+10.647
7242.655,55,10,+62.556,+10.685
7246.186,55,10,+62.551,+10.694
7253.342,55,10,+62.736,+10.614
7257.046,55,10,+62.756,+10.547
7261.262,55,10,+62.919,+10.612
7267.202,55,10,+63.331,+10.659
7272.038,55,10,+63.564,+10.677
7276.065,55,10,+63.596,+10.739
7282.521,55,10,+63.829,+10.786
7288.17,55,10,+64.127,+10.936
7292.442,55,10,+64.225,+10.949
7296.973,55,10,+64.248,+11.096
7300.681,55,10,+64.249,+11.182
7309.225,55,10,+64.511,+11.216
7313.387,55,10,+64.545,+11.244
7314.374,55,10,+64.563,+11.226
7316.705,55,10,+64.628,+11.233
7318.166,55,10,+64.645,+11.244
7318.882,55,10,+64.654,+11.263
7323.242,55,10,+64.719,+11.501
7324.441,55,10,+64.743,+11.578
7326.832,55,10,+64.941,+11.665
7332.035,55,10,+65.307,+11.591
7337.64,55,10,+65.483,+11.520
7341.204,55,10,+65.598,+11.515
7344.783,55,10,+65.568,+11.516
7351.983,55,10,+65.773,+11.531
7355.702,55,10,+65.808,+11.487
7359.882,55,10,+65.962,+11.562
7365.836,55,10,+66.394,+11.616
7370.704,55,10,+66.656,+11.625
7374.702,55,10,+66.685,+11.661
7381.225,55,10,+66.949,+11.723
7386.802,55,10,+67.182,+11.812
7391.125,55,10,+67.271,+11.827
7395.603,55,10,+67.311,+11.959
7399.301,55,10,+67.331,+12.049
7407.883,55,10,+67.642,+12.219
7411.997,55,10,+67.640,+12.182
7412.937,55,10,+67.661,+12.173
7415.287,55,10,+67.715,+12.161
7416.703,55,10,+67.736,+12.175
7417.498,55,10,+67.745,+12.195
7421.82,55,10,+67.817,+12.464
7423.034,55,10,+67.848,+12.560
7425.461,55,10,+68.078,+12.501
7430.545,55,10,+68.335,+12.408
7436.204,55,10,+68.488,+12.181
7439.704,55,10,+68.521,+12.255
7443.244,55,10,+68.508,+12.205
7450.421,55,10,+68.671,+12.169
7454.168,55,10,+68.692,+12.114
7458.319,55,10,+68.853,+12.246
7464.21,55,10,+69.132,+12.291
7469.066,55,10,+69.329,+12.301
7473.126,55,10,+69.360,+12.361
7479.666,55,10,+69.504,+12.500
7485.282,55,10,+69.519,+12.493
7489.548,55,10,+69.581,+12.482
7494.061,55,10,+69.678,+12.641
7497.743,55,10,+69.831,+12.812
7506.278,55,10,+70.038,+12.757
7510.478,55,10,+69.990,+12.697
7511.373,55,10,+69.974,+12.650
7513.647,55,10,+69.952,+12.602
7515.075,55,10,+69.949,+12.604
7515.871,55,10,+69.953,+12.618
7520.157,55,10,+69.996,+12.800
7521.381,55,10,+70.014,+12.869
7523.816,55,10,+70.251,+13.026
7528.793,55,10,+70.432,+12.797
7534.602,55,10,+70.701,+12.865
7538.037,55,10,+70.742,+12.940
7541.577,55,10,+70.743,+12.922
7548.816,55,10,+70.998,+12.861
7552.533,55,10,+71.042,+12.606
7556.65,55,10,+71.151,+12.597
7562.483,55,10,+71.534,+12.670
7567.318,55,10,+71.702,+12.604
7571.403,55,10,+71.737,+12.672
7577.917,55,10,+71.991,+12.798
7583.587,55,10,+72.270,+12.814
7587.874,55,10,+72.368,+12.836
7592.39,55,10,+72.510,+12.940
7596.124,55,10,+72.640,+12.986
7604.673,55,10,+72.982,+13.114
7608.778,55,10,+72.958,+13.081
7609.707,55,10,+72.953,+13.057
7612.084,55,10,+73.004,+13.076
7613.463,55,10,+73.021,+13.094
7614.269,55,10,+73.031,+13.116
7618.582,55,10,+73.110,+13.330
7619.83,55,10,+73.142,+13.397
7622.161,55,10,+73.280,+13.476
7627.31,55,10,+73.602,+13.481
7633.011,55,10,+73.868,+13.479
7636.511,55,10,+73.936,+13.553
7640.069,55,10,+73.922,+13.555
7647.238,55,10,+74.140,+13.586
7650.982,55,10,+74.169,+13.526
7655.083,55,10,+74.282,+13.552
7660.948,55,10,+74.554,+13.561
7665.82,55,10,+74.771,+13.580
7669.849,55,10,+74.784,+13.622
7676.328,55,10,+74.967,+13.713
7681.902,55,10,+75.115,+13.703
7686.159,55,10,+75.187,+13.709
7690.688,55,10,+75.219,+13.837
7694.448,55,10,+75.281,+13.939
7702.921,55,10,+75.406,+14.036
7707.061,55,10,+75.405,+14.033
7707.973,55,10,+75.392,+14.006
7710.345,55,10,+75.369,+14.006
7711.81,55,10,+75.368,+14.019
7712.538,55,10,+75.373,+14.035
7716.861,55,10,+75.455,+14.252
7718.064,55,10,+75.491,+14.330
7720.378,55,10,+75.582,+14.393
7725.482,55,10,+75.913,+14.303
7731.158,55,10,+76.080,+14.181
7734.683,55,10,+76.125,+14.190
7738.208,55,10,+76.113,+14.225
7745.374,55,10,+76.258,+14.219
7749.083,55,10,+76.277,+14.138
7753.185,55,10,+76.358,+14.129
7759.048,55,10,+76.610,+14.139
7763.902,55,10,+76.797,+14.108
7767.923,55,10,+76.782,+14.121
7774.403,55,10,+76.917,+14.141
7779.982,55,10,+77.009,+14.214
7784.219,55,10,+77.085,+14.197
7788.757,55,10,+77.172,+14.315
7792.449,55,10,+77.316,+14.410
7801.186,55,10,+77.722,+14.687
7805.342,55,10,+77.729,+14.667
7806.295,55,10,+77.733,+14.649
7808.654,55,10,+77.707,+14.646
7810.035,55,10,+77.709,+14.654
7810.804,55,10,+77.720,+14.671
7815.123,55,10,+77.804,+14.872
7816.358,55,10,+77.822,+14.930
7818.626,55,10,+77.809,+14.859
7823.902,55,10,+78.261,+15.087
7829.473,55,10,+78.434,+14.949
7832.923,55,10,+78.439,+14.892
7836.474,55,10,+78.465,+14.871
7843.662,55,10,+78.733,+14.927
7847.376,55,10,+78.774,+14.876
7851.505,55,10,+78.888,+14.925
7857.303,55,10,+79.199,+14.895
7862.135,55,10,+79.435,+14.866
7866.193,55,10,+79.458,+14.872
7872.724,55,10,+79.812,+14.941
7878.303,55,10,+79.998,+15.001
7882.521,55,10,+80.070,+14.998
7887.058,55,10,+80.175,+15.127
7890.795,55,10,+80.202,+15.218
7899.402,55,10,+80.579,+15.446
7903.575,55,10,+80.572,+15.448
7904.527,55,10,+80.607,+15.478
7906.902,55,10,+80.644,+15.536
7908.349,55,10,+80.654,+15.561
7909.121,55,10,+80.656,+15.580
7913.399,55,10,+80.673,+15.784
7914.593,55,10,+80.678,+15.845
7916.903,55,10,+80.781,+15.844
7921.995,55,10,+81.102,+15.743
7927.615,55,10,+81.348,+15.745
7931.178,55,10,+81.435,+15.748
7934.709,55,10,+81.421,+15.759
7941.879,55,10,+81.650,+15.797
7945.596,55,10,+81.664,+28.572
7949.674,55,10,+81.721,+23.093
7955.498,55,10,+82.044,+18.832
7960.359,55,10,+82.281,+13.866
7964.435,55,10,+82.318,+9.647
7970.984,55,10,+82.657,+6.930
7976.591,55,10,+82.901,+4.805
7980.794,55,10,+82.979,+1.379
7985.243,55,9,+82.979,+1.379
7985.321,55,9,+82.970,+15.974
7989.04,55,9,+82.905,+16.057
7997.571,55,9,+83.129,+16.063
8001.696,55,9,+83.115,+16.058
8002.649,55,9,+83.134,+16.041
8005.009,55,9,+83.208,+16.037
8006.447,55,9,+83.226,+16.052
8007.196,55,9,+83.232,+16.068
8011.493,55,9,+83.265,+16.274
8012.696,55,9,+83.274,+16.339
8015.055,55,9,+83.451,+16.401
8020.196,55,9,+83.830,+16.539
8025.852,55,9,+84.116,+16.426
8029.337,55,9,+84.141,+16.418
8032.852,55,9,+84.121,+16.384
8040.004,55,9,+84.363,+16.390
8043.719,55,9,+84.370,+16.327
8047.834,55,9,+84.406,+16.284
8053.584,55,9,+84.723,+16.218
8058.428,55,9,+84.990,+16.154
8062.475,55,9,+85.022,+16.303
8068.975,55,9,+85.340,+16.431
8074.568,55,9,+85.527,+16.453
8078.834,55,9,+85.594,+16.427
8083.334,55,9,+85.594,+16.562
8087.022,55,9,+85.557,+16.641
8095.584,55,9,+85.854,+16.781
8099.725,55,9,+85.887,+16.766
8100.725,55,9,+85.916,+16.757
8103.037,55,9,+85.964,+16.778
8104.475,55,9,+85.975,+16.788
8105.272,55,9,+85.984,+16.791
8109.553,55,9,+86.048,+16.823
8110.756,55,9,+86.066,+16.851
8113.037,55,9,+86.150,+16.827
8118.225,55,9,+86.559,+17.031
8123.912,55,9,+86.817,+16.966
8127.412,55,9,+86.861,+16.980
8130.975,55,9,+86.847,+16.962
8138.115,55,9,+87.063,+16.948
8141.834,55,9,+87.161,+16.895
8145.912,55,9,+87.328,+16.894
8151.803,55,9,+87.735,+16.381
8156.615,55,9,+87.938,+16.321
8160.648,55,9,+87.905,+16.358
8167.194,55,9,+88.191,+16.462
8172.725,55,9,+88.386,+16.315
8176.975,55,9,+88.463,+16.251
8181.522,55,9,+88.458,+16.372
8185.178,55,9,+88.350,+16.525
8193.921,55,9,+88.737,+16.868
8198.036,55,9,+88.736,+16.879
8199.049,55,9,+88.786,+16.906
8201.376,55,9,+88.810,+16.910
8202.784,55,9,+88.811,+16.909
8203.549,55,9,+88.812,+16.915
8207.879,55,9,+88.830,+16.995
8209.081,55,9,+88.840,+17.026
8211.368,55,9,+88.949,+17.054
8216.484,55,9,+89.195,+16.935
8222.189,55,9,+89.473,+16.942
8225.667,55,9,+89.582,+16.933
8229.215,55,9,+89.557,+16.884
8236.319,55,9,+89.726,+16.873
8240.106,55,9,+89.817,+16.805
8244.128,55,9,+90.057,+16.781
8249.967,55,9,+90.409,+16.722
8254.784,55,9,+90.643,+16.687
8258.847,55,9,+90.649,+16.747
8265.426,55,9,+90.968,+16.860
8271.052,55,9,+91.203,+16.824
8275.257,55,9,+91.273,+16.776
8279.738,55,9,+91.253,+16.772
8283.472,55,9,+91.143,+16.782
8291.969,55,9,+91.122,+16.884
8296.1,55,9,+91.094,+16.875
8297.074,55,9,+91.103,+16.892
8299.417,55,9,+91.131,+16.915
8300.834,55,9,+91.133,+16.920
8301.568,55,9,+91.128,+16.931
8305.867,55,9,+91.093,+17.089
8307.074,55,9,+91.093,+17.138
8309.313,55,9,+91.158,+17.097
8314.425,55,9,+91.468,+16.894
8320.088,55,9,+91.764,+17.054
8323.675,55,9,+91.822,+16.994
8327.21,55,9,+91.780,+16.938
8334.362,55,9,+92.017,+16.953
8338.092,55,9,+92.120,+16.893
8342.149,55,9,+92.292,+16.878
8347.953,55,9,+92.645,+16.810
8352.75,55,9,+92.825,+16.721
8356.828,55,9,+92.822,+16.750
8363.36,55,9,+93.127,+16.826
8369.016,55,9,+93.401,+16.913
8373.251,55,9,+93.473,+16.914
8377.797,55,9,+93.468,+16.913
8381.485,55,9,+93.367,+16.912
8389.985,55,9,+93.559,+17.011
8394.126,55,9,+93.541,+17.022
8395.126,55,9,+93.591,+17.060
8397.438,55,9,+93.611,+17.101
8398.813,55,9,+93.618,+17.109
8399.579,55,9,+93.627,+17.123
8403.907,55,9,+93.705,+17.335
8405.126,55,9,+93.731,+17.397
8407.407,55,9,+93.851,+17.366
8412.375,55,9,+93.921,+17.152
8418.141,55,9,+94.283,+17.254
8421.703,55,9,+94.408,+17.277
8425.241,55,9,+94.392,+17.258
8432.459,55,9,+94.663,+17.365
8436.162,55,9,+94.747,+17.304
8440.257,55,9,+94.912,+17.306
8446.007,55,9,+95.205,+17.285
8450.912,55,9,+95.437,+17.296
8455.384,55,9,+95.850,+17.762
8462.535,55,9,1 L,+18.571
8468.121,55,9,1 L,+18.361
8472.349,55,9,1 L,+18.340
8476.805,55,9,1 L,+18.276
8480.341,55,9,1 L,+18.118
8488.926,55,9,1 L,+18.273
8493.049,55,9,1 L,+18.286
8494.075,55,9,1 L,+18.363
8496.449,55,9,1 L,+18.454
8497.905,55,9,1 L,+18.460
8498.655,55,9,1 L,+18.464
8502.868,55,9,1 L,+18.556
8504.036,55,9,1 L,+18.569
8506.308,55,9,1 L,+18.482
8511.507,55,9,1 L,+18.382
8517.304,55,9,1 L,+18.541
8520.752,55,9,1 L,+18.461
8524.238,55,9,1 L,+18.378
8531.491,55,9,1 L,+18.396
8535.168,55,9,1 L,+18.328
8539.257,55,9,1 L,+18.291
8545.111,55,9,1 L,+18.252
8549.973,55,9,1 L,+18.224
8554.004,55,9,1 L,+18.227
8560.566,55,9,1 L,+18.335
8566.098,55,9,1 L,+18.323
8570.348,55,9,1 L,+18.286
8574.707,55,9,1 L,+18.147
8578.395,55,9,1 L,+18.051
8586.895,55,9,1 L,+18.252
8591.035,55,9,1 L,+18.265
8592.238,55,9,1 L,+18.280
8594.41,55,9,1 L,+18.394
8595.863,55,9,1 L,+18.421
8596.615,55,9,1 L,+18.442
8600.959,55,9,1 L,+18.621
8602.163,55,9,1 L,+18.665
8604.413,55,9,1 L,+18.579
8609.601,55,9,1 L,+18.535
8615.263,55,9,1 L,+18.639
8618.806,55,9,1 L,+18.656
8622.363,55,9,1 L,+18.627
8629.614,55,9,1 L,+18.669
8633.337,55,9,1 L,+18.674
8637.468,55,9,1 L,+18.670
8643.304,55,9,1 L,+18.654
8648.107,55,9,1 L,+18.595
8652.162,55,9,1 L,+18.637
8658.695,55,9,1 L,+18.785
8664.257,55,9,1 L,+18.753
8668.491,55,9,1 L,+18.733
8673.009,55,9,1 L,+18.726
8676.732,55,9,1 L,+18.779
8685.366,55,9,1 L,+18.945
8689.485,55,9,1 L,+18.940
8690.469,55,9,1 L,+18.990
8692.85,55,9,1 L,+19.040
8694.297,55,9,1 L,+19.050
8695.05,55,9,1 L,+19.061
8699.338,55,9,1 L,+19.194
8700.535,55,9,1 L,+19.234
8702.837,55,9,1 L,+19.193
8707.875,55,9,1 L,+19.077
8713.677,55,9,1 L,+19.235
8717.202,55,9,1 L,+19.246
8720.715,55,9,1 L,+19.178
8728.108,55,9,1 L,+19.359
8731.808,55,9,1 L,+19.293
8735.888,55,9,1 L,+19.265
8741.737,55,9,1 L,+19.162
8746.55,55,9,1 L,+19.069
8750.629,55,9,1 L,+19.140
8757.272,55,9,1 L,+19.396
8762.804,55,9,1 L,+19.347
8766.991,55,9,1 L,+19.255
8771.538,55,9,1 L,+19.235
8775.203,55,9,1 L,+19.271
8784.979,55,9,1 L,+20.620
8789.437,55,9,1 L,+20.954
8790.495,55,9,1 L,+21.059
8792.937,55,9,1 L,+21.185
8794.379,55,9,1 L,+21.201
8795.111,55,9,1 L,+21.211
8799.176,55,9,1 L,+21.132
8800.339,55,9,1 L,+21.135
8802.75,55,9,1 L,+21.190
8807.816,55,9,1 L,+21.030
8813.675,55,9,1 L,+21.344
8817.175,55,9,1 L,+21.328
8820.684,55,9,1 L,+21.261
8828.004,55,9,1 L,+21.388
8831.685,55,9,1 L,+21.326
8835.838,55,9,1 L,+21.302
8841.696,55,9,1 L,+21.300
8846.505,55,9,1 L,+21.270
8850.536,55,9,1 L,+21.298
8857.107,55,9,1 L,+21.483
8862.738,55,9,1 L,+21.481
8866.938,55,9,1 L,+21.399
8871.404,55,9,1 L,+21.270
8874.977,55,9,1 L,+21.267
8883.605,55,9,1 L,+21.373
8887.802,55,9,1 L,+21.409
8888.785,55,9,1 L,+21.464
8891.237,55,9,1 L,+21.512
8892.596,55,9,1 L,+21.522
8893.363,55,9,1 L,+21.540
8897.738,55,9,1 L,+21.717
8898.942,55,9,1 L,+21.757
8901.282,55,9,1 L,+21.746
8906.236,55,9,1 L,+21.528
8912.013,55,9,1 L,+21.622
8915.505,55,9,1 L,+21.610
8919.033,55,9,1 L,+21.569
8926.346,55,9,1 L,+21.744
8930.049,55,9,1 L,+21.685
8934.142,55,9,1 L,+21.661
8939.908,55,9,1 L,+21.588
8944.689,55,9,1 L,+21.550
8948.721,55,9,1 L,+21.584
8955.346,55,9,1 L,+21.793
8960.877,55,9,1 L,+21.696
8965.08,55,9,1 L,+21.638
8969.617,55,9,1 L,+21.639
8973.248,55,9,1 L,+21.613
8981.905,55,9,1 L,+21.843
8986.064,55,9,1 L,+21.838
8987.039,55,9,1 L,+21.861
8989.408,55,9,1 L,+21.940
8990.885,55,9,1 L,+21.955
8991.61,55,9,1 L,+21.970
9138.164,55,9,1L,+21.970
13.093,14,18,,
3392.575,14,18,+1.913,+0.133
3393.496,14,12,+1.913,+0.133
3393.596,14,12,+1.833,+0.228
3393.596,14,13,+1.833,+0.228
3396.49,14,14,+1.833,+0.228
3396.628,14,14,+2.371,+0.078
3402.202,14,13,+2.371,+0.078
3402.278,14,13,+3.045,+0.279
3408.845,14,13,+3.710,+0.276
3412.116,14,13,+3.795,+0.289
3415.506,14,13,+3.749,+0.216
3423.396,14,11,+3.749,+0.216
3423.475,14,11,+4.351,+0.338
3426.991,14,11,+4.310,+0.290
3431.454,14,11,+4.638,+0.325
3438.063,14,11,+5.242,+0.296
3442.731,14,11,+5.701,+0.343
3446.797,14,11,+5.672,+0.367
3453.751,14,11,+6.257,+0.443
3459.403,14,11,+6.476,+0.531
3463.762,14,9,+6.476,+0.531
3463.851,14,9,+6.655,+0.627
3468.376,14,9,+6.590,+0.695
3471.942,14,9,+6.439,+0.803
3480.473,14,10,+6.439,+0.803
3481.067,14,10,+7.089,+0.448
3485.527,14,10,+7.162,+0.397
3486.732,14,10,+7.370,+0.415
3489.298,14,10,+7.685,+0.468
3490.816,14,10,+7.753,+0.504
3491.556,14,10,+7.782,+0.537
3495.873,14,11,+7.782,+0.537
3495.976,14,11,+7.909,+0.014
3497.367,14,11,+7.895,+0.079
3499.689,14,11,+7.844,+0.055
3505.021,14,11,+8.062,+0.257
3511.114,14,11,+8.338,+0.224
3514.451,14,11,+8.236,+0.201
3517.961,14,11,+7.972,+0.155
3525.582,14,11,+8.104,+0.199
3529.404,14,11,+8.234,+0.360
3533.871,14,11,+8.396,+0.301
3540.042,14,12,+8.396,+0.301
3540.312,14,12,+8.890,+0.151
3545.376,14,12,+9.308,+0.265
3549.568,14,12,+9.412,+0.389
3556.566,14,12,+9.934,+0.518
3562.126,14,12,+10.125,+0.688
3566.477,14,12,+9.850,+0.803
3570.998,14,13,+9.850,+0.803
3571.618,14,13,+10.013,+0.007
3574.708,14,13,+10.053,+0.179
3583.608,14,13,+10.585,+0.383
3588.03,14,13,+10.737,+0.464
3589.14,14,13,+10.860,+0.502
3591.608,14,13,+11.031,+0.514
3593.068,14,13,+11.073,+0.524
3593.841,14,13,+11.079,+0.534
3598.155,14,13,+10.956,+0.622
3599.349,14,13,+10.900,+0.649
3601.748,14,13,+10.883,+0.469
3607.12,14,13,+11.347,+0.383
3612.962,14,13,+11.637,+0.442
3616.477,14,13,+11.795,+0.308
3620.075,14,13,+11.725,+0.165
3627.813,14,13,+12.248,+0.493
3631.777,14,13,+12.478,+0.695
3636.105,14,13,+12.522,+0.798
3642.203,14,13,+12.917,+0.881
3647.017,14,13,+13.145,+0.866
3651.255,14,13,+13.299,+0.948
3657.918,14,13,+13.560,+1.003
3663.545,14,13,+13.804,+1.136
3667.896,14,13,+13.930,+1.184
3672.512,14,13,+13.891,+1.383
3676.077,14,14,+13.891,+1.383
3676.276,14,14,+13.810,+0.110
3685.229,14,14,+14.256,+0.457
3685.229,14,14,+13.810,+0.110
3685.229,14,14,+14.256,+0.457
3689.667,14,14,+14.396,+0.600
3690.696,14,14,+14.469,+0.647
3693.199,14,14,+14.596,+0.790
3694.635,14,14,+14.644,+0.831
3695.407,14,14,+14.654,+0.849
3699.796,14,14,+14.583,+0.944
3700.997,14,14,+14.553,+0.973
3703.382,14,14,+14.609,+1.068
3708.367,14,14,+14.571,+0.913
3714.099,14,14,+14.799,+1.120
3717.686,14,14,+14.890,+1.019
3721.305,14,14,+14.871,+1.002
3728.717,14,14,+15.202,+0.998
3732.655,14,14,+15.438,+1.077
3736.983,14,14,+15.504,+1.080
3743.077,14,14,+15.858,+1.125
3747.869,14,14,+16.150,+1.134
3752.081,14,14,+16.332,+1.263
3758.737,14,14,+16.750,+1.310
3764.503,14,14,+17.089,+1.555
3768.894,14,14,+17.222,+1.627
3773.476,14,14,+17.220,+1.592
3777.243,14,14,+17.157,+1.558
3785.881,14,14,+17.384,+1.584
3790.303,14,14,+17.582,+1.757
3791.334,14,14,+17.610,+1.777
3793.646,14,14,+17.677,+1.777
3795.106,14,14,+17.717,+1.786
3795.896,14,14,+17.731,+1.803
3800.314,14,14,+17.727,+1.950
3801.561,14,14,+17.722,+1.999
3803.914,14,14,+17.746,+2.085
3808.752,14,14,+17.744,+1.767
3814.502,14,14,+17.882,+1.975
3818.205,14,14,+18.145,+2.025
3822.049,14,14,+18.383,+2.272
3829.517,14,14,+18.744,+2.326
3833.549,14,14,+19.041,+2.471
3838.033,14,14,+19.272,+2.700
3843.986,14,14,+19.498,+2.655
3848.799,14,14,+19.697,+2.692
3853.064,14,14,+19.886,+2.879
3859.829,14,14,+20.307,+2.978
3865.641,14,14,+20.683,+3.319
3870.029,14,14,+20.824,+3.414
3874.69,14,14,+20.887,+3.447
3878.487,14,14,+20.889,+3.480
3887.459,14,14,+21.370,+3.834
3891.834,14,14,+21.554,+4.010
3892.804,14,14,+21.581,+4.001
3895.177,14,14,+21.682,+4.044
3896.646,14,14,+21.735,+4.075
3897.537,14,14,+21.750,+4.093
3901.82,14,14,+21.711,+4.198
3903.092,14,14,+21.704,+4.245
3905.389,14,14,+21.716,+4.318
3910.352,14,14,+21.811,+4.109
3916.131,14,14,+22.119,+4.373
3919.643,14,14,+22.227,+4.304
3923.472,14,14,+22.426,+4.517
3930.925,14,14,+22.776,+4.690
3934.909,14,14,+23.067,+4.839
3939.456,14,14,+23.347,+5.127
3945.472,14,14,+23.674,+5.230
3950.284,14,14,+23.862,+5.241
3954.518,14,14,+24.043,+5.394
3961.214,14,14,+24.447,+5.476
3967.061,14,14,+24.865,+5.774
3971.472,14,14,+25.019,+5.839
3976.142,14,14,+25.106,+6.044
3979.995,14,14,+25.156,+6.318
3988.579,14,15,+25.156,+6.318
3989.055,14,15,+25.870,+0.337
3993.476,14,15,+26.080,+0.411
3994.511,14,15,+26.182,+0.427
3996.998,14,15,+26.323,+0.550
3998.47,14,15,+26.380,+0.595
3999.277,14,15,+26.402,+0.615
4003.696,14,15,+26.399,+0.665
4004.911,14,15,+26.391,+0.665
4007.362,14,15,+26.468,+0.731
4012.46,14,15,+26.557,+0.472
4018.278,14,15,+26.904,+0.637
4021.809,14,15,+27.034,+0.654
4025.497,14,15,+27.084,+0.596
4033.042,14,15,+27.570,+0.732
4037.071,14,15,+27.863,+0.820
4041.581,14,15,+28.156,+0.861
4047.687,14,15,+28.495,+0.827
4052.546,14,15,+28.721,+0.827
4056.78,14,15,+28.908,+0.900
4063.63,14,15,+29.419,+0.949
4069.278,14,15,+29.660,+0.904
4073.655,14,15,+29.807,+0.924
4078.187,14,15,+29.775,+0.873
4081.905,14,15,+29.670,+0.899
4090.968,14,15,+30.254,+1.252
4095.296,14,15,+30.442,+1.378
4096.358,14,15,+30.511,+1.374
4098.689,14,15,+30.609,+1.381
4100.163,14,15,+30.641,+1.397
4100.955,14,15,+30.649,+1.399
4105.28,14,15,+30.589,+1.350
4106.521,14,15,+30.571,+1.333
4108.864,14,15,+30.600,+1.321
4113.741,14,15,+30.559,+0.821
4119.55,14,15,+30.927,+0.896
4123.14,14,15,+31.004,+0.832
4126.922,14,15,+31.210,+0.900
4134.484,14,15,+31.690,+0.972
4138.484,14,15,+31.944,+1.010
4142.922,14,15,+32.182,+0.977
4149.023,14,15,+32.580,+0.990
4153.878,14,15,+32.776,+0.952
4158.121,14,15,+32.937,+1.055
4164.746,14,15,+33.286,+0.954
4170.526,14,15,+33.622,+0.963
4174.901,14,15,+33.762,+0.934
4179.497,14,15,+33.765,+0.907
4183.267,14,15,+33.652,+0.918
4191.923,14,15,+33.949,+0.966
4196.36,14,15,+34.160,+1.135
4197.391,14,15,+34.234,+1.150
4199.792,14,15,+34.370,+1.203
4201.281,14,15,+34.426,+1.241
4202.045,14,15,+34.440,+1.254
4206.462,14,15,+34.413,+1.282
4207.703,14,15,+34.400,+1.279
4210.068,14,15,+34.427,+1.276
4215.068,14,15,+34.564,+0.847
4220.87,14,15,+34.919,+0.850
4224.467,14,15,+35.008,+0.840
4228.365,14,15,+35.236,+0.958
4236.561,14,15,+35.696,+1.071
4239.897,14,15,+35.994,+1.155
4244.411,14,15,+36.320,+1.210
4250.661,14,15,+36.723,+1.358
4255.529,14,15,+36.951,+1.345
4259.812,14,15,+37.119,+1.432
4266.527,14,15,+37.566,+1.535
4272.255,14,15,+37.881,+1.527
4276.615,14,15,+38.014,+1.493
4281.241,14,15,+38.063,+1.502
4284.99,14,15,+38.047,+1.531
4293.662,14,15,+38.324,+1.454
4298.069,14,15,+38.515,+1.545
4299.022,14,15,+38.599,+1.536
4301.412,14,15,+38.668,+1.518
4302.912,14,15,+38.703,+1.528
4303.678,14,15,+38.715,+1.536
4308.03,14,12,+38.715,+1.536
4308.061,14,12,+38.715,+1.619
4309.299,14,12,+38.714,+1.635
4311.669,14,12,+38.748,+1.609
4316.571,14,12,+38.815,+1.030
4322.412,14,12,+39.174,+1.018
4325.942,14,12,+39.243,+0.963
4329.816,14,12,+39.478,+1.143
4337.298,14,12,+39.872,+1.278
4341.3,14,12,+40.137,+1.348
4345.787,14,12,+40.421,+1.349
4352.359,14,12,+41.245,+1.864
4359.844,14,12,+44.000,+1.989
4367.062,14,12,+47.170,+2.886
4375.266,14,12,+49.056,+2.518
4383.078,14,12,+51.434,+2.093
4388.768,14,12,+52.855,+1.237
4393.835,14,12,+53.408,+0.516
4399.578,14,12,+55.358,+1.901
4410.596,14,12,+56.638,+1.358
4416.831,14,12,+56.097,+1.855
4417.988,14,12,+56.350,+2.266
4420.565,14,11,+56.350,+2.266
4423.593,14,11,+51.963,+17.385
4431.972,14,11,+36.095,+1.830
4435.282,14,11,+35.851,+1.593
4441.461,14,11,+33.890,+1.591
4449.58,14,11,+33.753,+1.522
4454.834,14,11,+32.955,+2.254
4460.178,14,11,+31.734,+2.030
4470.016,14,11,+30.735,+2.394
4475.301,14,11,+30.254,+1.348
4481.668,14,11,+29.800,+2.217
4489.694,14,11,+28.411,+3.283
4495.962,14,11,+27.741,+3.056
4501.007,14,11,+27.298,+2.499
4509.997,14,11,+26.721,+1.934
4518.449,14,11,+26.822,+2.556
4524.057,14,11,+26.325,+2.183
4530.969,14,11,+24.597,+2.292
4535.913,14,11,+23.497,+1.456
4546.618,14,11,+21.068,+0.835
4551.805,14,11,+21.130,+0.504
4553.308,14,11,+21.215,+0.647
4556.291,14,11,+20.356,+0.726
4558.042,14,11,+20.187,+0.712
4558.977,14,11,+20.134,+0.748
4564.294,14,11,+19.291,+0.911
4565.81,14,11,+18.632,+0.934
4569.622,14,11,+18.159,+1.756
4576.862,14,11,+14.972,+2.314
4586.111,14,11,+14.636,+2.367
4591.403,14,11,+14.915,+2.079
4595.53,14,11,+13.932,+1.407
4606.328,14,11,+13.936,+2.190
4610.953,14,11,+14.039,+2.515
4616.75,14,11,+12.314,+3.247
4624.784,14,11,+11.855,+2.858
4630.608,14,11,+11.122,+0.794
4635.981,14,11,+10.914,+0.614
4647.597,14,11,+13.078,+1.533
4654.942,14,11,+12.205,+1.218
4660.057,14,11,+11.328,+1.196
4666.097,14,11,+10.081,+1.330
4672.578,14,11,+10.355,+1.147
4686.661,14,11,+11.113,+1.457
4691.798,14,11,+11.404,+1.678
4692.939,14,11,+11.046,+1.576
4695.744,14,11,+9.877,+1.522
4698.28,14,11,+10.418,+1.112
4699.977,14,11,+11.222,+1.271
4706.411,14,11,+11.761,+1.975
4707.979,14,11,+11.534,+1.938
4711.977,14,11,+11.490,+1.337
4720.078,14,11,+10.793,+1.157
4726.715,14,11,+10.848,+1.670
4730.832,14,11,+9.579,+0.509
4735.161,14,11,+9.673,+0.647
4747.819,14,11,+11.458,+1.375
4752.366,14,11,+11.475,+1.587
4757.116,14,11,+9.852,+1.766
4767.178,14,11,+10.587,+1.050
4774.928,14,11,+10.485,+0.777
4780.85,14,11,+11.278,+1.333
4791.881,14,11,+11.121,+1.065
4798.553,14,11,+7.749,+0.554
4807.047,14,11,+7.235,+1.242
4814.368,14,11,+5.353,+0.578
4821.943,14,11,+5.395,+0.472
4832.969,14,11,+4.348,+0.441
4837.599,14,11,+4.317,+0.295
4838.739,14,11,+4.399,+0.317
4841.458,14,11,+4.413,+0.406
4842.974,14,11,+4.442,+0.454
4843.739,14,11,+4.447,+0.477
4847.843,14,12,+4.447,+0.477
4847.962,14,12,+4.412,+0.018
4849.144,14,12,+4.370,+0.065
4851.698,14,12,+4.480,+0.112
4857.233,14,12,+4.908,+0.282
4863.32,14,12,+5.221,+0.271
4866.745,14,13,+5.221,+0.271
4867.085,14,13,+5.466,+0.228
4870.813,14,13,+5.640,+0.603
4878.358,14,14,+5.640,+0.603
4878.797,14,14,+6.058,+0.276
4882.505,14,14,+6.265,+0.488
4887.018,14,14,+6.466,+0.565
4893.601,14,14,+6.872,+0.608
4898.319,14,14,+7.126,+0.725
4902.534,14,14,+7.338,+0.889
4909.298,14,15,+7.338,+0.889
4909.698,14,15,+8.045,+0.321
4915.353,14,15,+8.215,+0.517
4919.779,14,15,+8.382,+0.641
4924.316,14,15,+8.362,+0.723
4927.954,14,15,+8.210,+0.787
4936.588,14,16,+8.210,+0.787
4937.1,14,16,+8.873,+0.435
4941.494,14,16,+8.960,+0.567
4942.541,14,16,+8.993,+0.555
4944.995,14,16,+8.991,+0.581
4946.479,14,16,+8.996,+0.605
4947.244,14,16,+8.990,+0.617
4951.416,14,16,+8.779,+0.698
4952.557,14,16,+8.700,+0.717
4954.963,14,16,+8.728,+0.664
4960.101,14,16,+8.780,+0.352
4965.972,14,16,+9.076,+0.486
4969.536,14,16,+9.219,+0.602
4973.131,14,16,+9.215,+0.686
4980.621,14,16,+9.466,+0.790
4984.553,14,16,+9.644,+0.818
4988.956,14,16,+9.771,+0.805
4994.978,14,16,+9.908,+0.812
4999.829,14,16,+10.122,+0.819
5004.031,14,16,+10.231,+0.906
5010.704,14,16,+10.567,+0.860
5016.454,14,16,+10.832,+0.999
5020.814,14,16,+10.978,+1.041
5025.364,14,16,+10.949,+1.058
5028.863,14,17,+10.949,+1.058
5029.067,14,17,+10.861,+0.121
5038.27,14,17,+11.541,+0.602
5042.629,14,17,+11.707,+0.669
5043.718,14,17,+11.773,+0.679
5046.168,14,17,+11.897,+0.714
5047.663,14,17,+11.938,+0.738
5048.413,14,17,+11.951,+0.750
5052.634,14,17,+11.945,+0.834
5053.833,14,17,+11.925,+0.863
5056.19,14,17,+12.064,+0.833
5061.16,14,17,+12.237,+0.502
5066.962,14,17,+12.571,+0.524
5070.731,14,17,+12.818,+0.701
5074.233,14,17,+12.768,+0.743
5081.604,14,17,+13.149,+0.864
5085.557,14,17,+13.381,+0.933
5089.948,14,17,+13.632,+0.889
5095.963,14,17,+13.941,+0.784
5100.752,14,17,+14.199,+0.764
5105.004,14,17,+14.335,+0.866
5111.72,14,17,+14.808,+0.952
5117.434,14,17,+15.071,+1.111
5121.795,14,17,+15.209,+1.102
5126.332,14,17,+15.175,+1.217
5130.064,14,17,+15.079,+1.358
5138.657,14,17,+15.265,+1.301
5143.034,14,17,+15.448,+1.379
5144.031,14,17,+15.500,+1.367
5146.45,14,17,+15.563,+1.357
5147.931,14,17,+15.597,+1.371
5148.68,14,17,+15.607,+1.389
5153.013,14,17,+15.559,+1.562
5154.249,14,17,+15.543,+1.622
5156.544,14,17,+15.555,+1.469
5161.341,14,17,+15.490,+1.052
5167.169,14,17,+15.903,+1.114
5170.799,14,17,+16.059,+1.209
5174.631,14,17,+16.275,+1.433
5182.008,14,17,+16.688,+1.554
5186.045,14,17,+16.992,+1.710
5190.417,14,17,+17.268,+1.750
5196.375,14,17,+17.479,+1.520
5201.238,14,17,+17.791,+1.537
5205.472,14,17,+17.998,+1.595
5212.176,14,17,+18.400,+1.499
5217.831,14,17,+18.697,+1.660
5217.834,14,17,+18.400,+1.499
5217.834,14,17,+18.697,+1.660
5222.148,14,17,+18.847,+1.046
5226.711,14,17,+18.874,+0.332
5230.304,14,16,+18.874,+0.332
5230.398,14,16,+18.795,+2.386
5239.107,14,16,+19.195,+2.444
5243.453,14,16,+19.333,+2.490
5244.404,14,16,+19.311,+2.396
5246.805,14,16,+19.367,+2.414
5248.278,14,16,+19.401,+2.438
5249.058,14,16,+19.415,+2.448
5253.392,14,16,+19.413,+2.472
5254.533,14,17,+19.413,+2.472
5254.658,14,17,+19.411,+0.026
5257.22,14,17,+19.673,+0.190
5262.58,14,17,+20.188,+0.340
5268.439,14,17,+20.609,+0.456
5272.017,14,17,+20.737,+0.516
5275.861,14,17,+20.980,+0.763
5283.232,14,17,+21.317,+0.859
5287.263,14,17,+21.633,+0.990
5291.632,14,17,+21.714,+0.976
5297.629,14,17,+21.907,+0.790
5302.499,14,17,+22.182,+0.770
5306.726,14,17,+22.333,+0.865
5313.355,14,17,+22.579,+0.703
5318.945,14,17,+22.838,+0.889
5323.329,14,17,+23.014,+0.899
5327.893,14,17,+23.040,+1.006
5331.603,14,17,+22.992,+1.166
5340.216,14,17,+23.202,+1.189
5344.642,14,17,+23.423,+1.392
5345.626,14,17,+23.464,+1.418
5348.017,14,17,+23.541,+1.433
5349.506,14,17,+23.583,+1.455
5350.284,14,17,+23.597,+1.469
5354.63,14,17,+23.562,+1.542
5355.829,14,17,+23.546,+1.561
5358.083,14,17,+23.512,+1.442
5362.851,14,17,+23.390,+0.874
5368.71,14,17,+23.831,+1.093
5372.246,14,17,+23.952,+1.048
5376.057,14,17,+24.154,+1.280
5383.502,14,17,+24.509,+1.515
5387.515,14,17,+24.794,+1.610
5391.87,14,17,+24.889,+1.540
5397.858,14,17,+25.085,+1.447
5402.732,14,17,+25.380,+1.457
5406.983,14,17,+25.565,+1.532
5413.655,14,17,+26.011,+1.622
5419.312,14,17,+26.268,+1.739
5423.68,14,17,+26.412,+1.706
5428.268,14,17,+26.468,+1.764
5432.052,14,17,+26.459,+1.877
5440.645,14,17,+26.779,+1.902
5445.015,14,17,+26.970,+1.988
5446.021,14,17,+27.027,+2.012
5448.399,14,17,+27.086,+2.052
5449.858,14,17,+27.121,+2.078
5450.663,14,17,+27.137,+2.094
5454.999,14,17,+27.144,+2.172
5456.23,14,17,+27.143,+2.197
5458.492,14,17,+27.147,+2.112
5463.413,14,17,+27.239,+1.727
5469.032,14,17,+27.432,+1.768
5472.7,14,17,+27.565,+1.760
5476.559,14,17,+27.811,+1.941
5483.9,14,17,+28.113,+2.009
5487.913,14,17,+28.409,+2.123
5492.254,14,17,+28.630,+2.047
5498.299,14,17,+28.845,+1.948
5503.117,14,17,+29.045,+1.889
5507.284,14,17,+29.181,+1.848
5514.003,14,17,+29.572,+1.765
5519.581,14,17,+29.782,+1.818
5523.925,14,17,+29.928,+1.806
5528.564,14,17,+30.004,+1.864
5532.401,14,17,+30.026,+1.976
5540.966,14,17,+30.295,+2.114
5545.32,14,17,+30.477,+2.202
5546.273,14,17,+30.543,+2.206
5548.649,14,17,+30.581,+2.181
5550.101,14,17,+30.613,+2.197
5550.882,14,17,+30.629,+2.214
5555.211,14,17,+30.654,+2.360
5556.492,14,17,+30.660,+2.407
5558.742,14,17,+30.625,+2.287
5563.523,14,17,+30.461,+1.652
5569.367,14,17,+30.823,+1.837
5572.882,14,17,+30.909,+1.828
5576.757,14,17,+31.154,+2.034
5584.082,14,17,+31.498,+2.190
5588.079,14,17,+31.785,+2.299
5592.463,14,17,+32.001,+2.233
5598.381,14,17,+32.136,+2.128
5603.163,14,17,+32.321,+2.077
5607.37,14,17,+32.455,+2.109
5613.913,14,17,+32.785,+1.949
5619.523,14,17,+32.899,+2.057
5623.863,14,17,+33.006,+2.062
5628.444,14,17,+33.063,+2.134
5632.28,14,17,+33.079,+2.226
5640.779,14,17,+33.269,+2.273
5645.153,14,17,+33.436,+2.374
5646.132,14,17,+33.468,+2.388
5648.48,14,17,+33.471,+2.328
5649.933,14,17,+33.499,+2.332
5650.702,14,17,+33.512,+2.344
5655.055,14,17,+33.513,+2.484
5656.279,14,17,+33.510,+2.532
5658.501,14,17,+33.440,+2.417
5663.437,14,17,+33.458,+2.159
5669.191,14,17,+33.728,+2.222
5672.738,14,17,+33.813,+2.212
5676.568,14,17,+34.038,+2.389
5683.91,14,17,+34.313,+2.476
5687.863,14,17,+34.622,+2.603
5692.207,14,17,+34.842,+2.576
5698.144,14,17,+35.146,+2.434
5702.973,14,17,+35.313,+2.355
5707.16,14,17,+35.465,+2.381
5713.879,14,17,+35.885,+2.309
5719.459,14,17,+36.105,+2.368
5719.459,14,17,+35.885,+2.309
5719.464,14,17,+36.105,+2.368
5723.78,14,17,+36.234,+2.347
5728.41,14,17,+36.314,+2.432
5732.209,14,17,+36.357,+2.566
5740.708,14,17,+36.533,+2.543
5745.036,14,17,+36.690,+2.599
5745.928,14,17,+36.703,+2.549
5748.395,14,17,+36.779,+2.597
5749.864,14,17,+36.819,+2.635
5750.677,14,17,+36.838,+2.660
5755.02,14,17,+36.860,+2.852
5756.239,14,17,+36.863,+2.912
5758.489,14,17,+36.781,+2.841
5763.177,14,17,+36.554,+2.227
5769.052,14,17,+36.995,+2.317
5772.63,14,17,+37.092,+2.270
5776.474,14,17,+37.326,+2.471
5783.864,14,17,+37.702,+2.582
5787.864,14,17,+37.996,+2.701
5792.19,14,17,+38.159,+2.690
5798.059,14,17,+38.397,+2.528
5802.872,14,17,+38.546,+2.459
5807.032,14,17,+38.662,+2.461
5813.671,14,17,+38.955,+2.362
5819.296,14,17,+39.229,+2.552
5823.633,14,17,+39.361,+2.552
5828.27,14,17,+39.433,+2.645
5832.051,14,17,+39.457,+2.759
5840.53,14,17,+39.570,+2.637
5844.858,14,17,+39.737,+2.729
5845.87,14,17,+39.758,+2.730
5848.216,14,17,+39.786,+2.689
5849.68,14,17,+39.818,+2.696
5850.434,14,17,+39.833,+2.711
5854.816,14,17,+39.864,+2.886
5856.045,14,17,+39.872,+2.948
5858.255,14,17,+39.767,+2.781
5863.256,14,17,+39.904,+2.426
5868.88,14,17,+40.119,+2.375
5872.459,14,17,+40.246,+2.317
5876.295,14,17,+40.490,+2.544
5883.58,14,17,+40.759,+2.575
5887.645,14,17,+41.050,+2.692
5891.93,14,17,+41.262,+2.665
5897.791,14,17,+41.481,+2.440
5902.62,14,17,+41.699,+2.411
5906.823,14,17,+41.846,+2.463
5913.448,14,17,+42.160,+2.393
5919.026,14,17,+42.371,+2.489
5923.416,14,17,+42.494,+2.490
5927.995,14,17,+42.572,+2.573
5931.807,14,17,+42.625,+2.686
5940.307,14,17,+42.794,+2.715
5944.635,14,17,+42.959,+3.035
5946.588,14,17,+42.971,+3.038
5947.979,14,17,+43.039,+2.875
5949.432,14,17,+43.075,+2.802
5950.198,14,17,+43.087,+2.742
5954.51,14,17,+43.037,+2.411
5955.713,14,17,+43.019,+2.366
5957.901,14,17,+42.891,+2.093
5962.87,14,17,+43.066,+1.835
5968.667,14,17,+43.387,+1.886
5972.167,14,17,+43.511,+1.818
5976.032,14,17,+43.754,+2.055
5983.354,14,17,+44.085,+2.102
5987.345,14,17,+44.376,+2.213
5991.697,14,17,+44.556,+2.183
5997.564,14,17,+44.778,+1.909
6002.407,14,17,+44.991,+1.866
6006.579,14,17,+45.119,+1.889
6013.141,14,17,+45.380,+1.717
6018.719,14,17,+45.618,+1.720
6023.063,14,17,+45.737,+1.691
6027.68,14,17,+45.802,+1.845
6031.5,14,17,+45.833,+2.050
6040.042,14,17,+46.034,+1.920
6044.334,14,17,+46.204,+1.949
6045.282,14,17,+46.223,+1.929
6047.701,14,17,+46.257,+1.902
6049.188,14,17,+46.279,+1.907
6049.923,14,17,+46.294,+1.921
6054.276,14,17,+46.324,+2.082
6055.52,14,17,+46.327,+2.128
6057.7,14,17,+46.272,+1.936
6062.709,14,17,+46.413,+1.686
6068.413,14,17,+46.645,+1.741
6071.93,14,17,+46.683,+1.609
6075.793,14,17,+46.926,+1.825
6083.058,14,17,+47.162,+1.893
6087.074,14,17,+47.448,+1.999
6091.387,14,17,+47.708,+1.946
6097.293,14,17,+47.962,+1.732
6102.136,14,17,+48.144,+1.666
6106.324,14,17,+48.287,+1.704
6112.871,14,17,+48.507,+1.468
6118.532,14,17,+48.796,+1.576
6122.865,14,17,+48.914,+1.564
6127.5,14,17,+48.978,+1.623
6131.309,14,17,+49.034,+1.742
6139.783,14,17,+49.195,+1.715
6144.08,14,17,+49.365,+1.757
6145.109,14,17,+49.393,+1.725
6147.471,14,17,+49.420,+1.689
6148.922,14,17,+49.451,+1.686
6149.685,14,17,+49.461,+1.666
6153.925,14,17,+49.388,+1.533
6155.112,14,17,+49.361,+1.513
6157.331,14,17,+49.249,+1.309
6162.456,14,17,+49.538,+1.117
6168.206,14,17,+49.862,+1.249
6171.746,14,17,+49.955,+1.159
6175.641,14,17,+50.183,+1.383
6182.923,14,17,+50.524,+1.482
6186.907,14,17,+50.814,+1.585
6191.251,14,17,+51.067,+1.526
6197.188,14,17,+51.228,+1.342
6202.001,14,17,+51.437,+1.275
6206.188,14,17,+51.589,+1.360
6212.741,14,17,+51.870,+1.296
6218.485,14,17,+52.145,+1.439
6222.833,14,17,+52.251,+1.441
6227.418,14,17,+52.323,+1.490
6231.407,14,17,+52.390,+1.598
6240.016,14,17,+52.829,+1.517
6244.36,14,17,+53.020,+1.646
6245.318,14,17,+53.011,+1.627
6247.809,14,17,+53.053,+1.568
6249.156,14,17,+53.097,+1.586
6249.921,14,17,+53.113,+1.601
6254.207,14,17,+53.099,+1.740
6255.401,14,17,+53.084,+1.783
6257.67,14,17,+53.018,+1.640
6262.471,14,17,+52.938,+1.118
6268.376,14,17,+53.406,+1.352
6271.87,14,17,+53.467,+1.254
6275.712,14,17,+53.700,+1.462
6282.962,14,17,+53.960,+1.423
6286.966,14,17,+54.239,+1.505
6291.293,14,17,+54.444,+1.444
6297.284,14,17,+54.757,+1.346
6302.1,14,17,+54.966,+1.336
6306.297,14,17,+55.102,+1.401
6312.859,14,17,+55.342,+1.368
6318.516,14,17,+55.610,+1.482
6322.872,14,17,+55.732,+1.468
6327.435,14,17,+55.773,+1.518
6331.232,14,17,+55.782,+1.599
6339.716,14,17,+55.971,+1.667
6344.06,14,17,+56.124,+1.726
6345.045,14,17,+56.163,+1.729
6347.435,14,17,+56.217,+1.722
6348.92,14,17,+56.252,+1.744
6349.67,14,17,+56.269,+1.763
6353.981,14,17,+56.272,+1.910
6355.206,14,17,+56.264,+1.957
6357.418,14,17,+56.199,+1.903
6362.333,14,17,+56.193,+1.061
6368.178,14,17,+56.613,+1.135
6371.756,14,17,+56.684,+1.033
6375.588,14,17,+56.935,+1.239
6382.921,14,17,+57.287,+1.292
6386.887,14,17,+57.572,+1.377
6391.246,14,17,+57.809,+1.321
6397.199,14,17,+58.094,+1.202
6402.043,14,17,+58.335,+1.183
6406.246,14,17,+58.491,+1.198
6412.877,14,17,+58.856,+1.090
6418.455,14,17,+59.062,+1.186
6422.785,14,17,+59.178,+1.174
6427.346,14,17,+59.205,+1.198
6431.127,14,17,+59.214,+1.249
6439.661,14,17,+59.486,+1.210
6443.994,14,17,+59.657,+1.259
6445.009,14,17,+59.695,+1.267
6447.4,14,17,+59.766,+1.244
6448.853,14,17,+59.816,+1.260
6449.619,14,17,+59.833,+1.271
6453.885,14,17,+59.794,+1.271
6455.009,14,16,+59.794,+1.271
6455.088,14,16,+59.774,+1.377
6457.322,14,16,+59.742,+1.292
6462.15,14,16,+59.744,+0.709
6467.994,14,16,+60.244,+1.067
6471.562,14,16,+60.327,+0.969
6475.334,14,17,+60.327,+0.969
6475.428,14,17,+60.560,+0.009
6483.053,14,17,+61.238,+0.443
6487.006,14,17,+61.500,+0.674
6491.319,14,17,+61.705,+0.929
6497.285,14,17,+62.027,+1.104
6502.159,14,17,+62.279,+1.220
6506.333,14,17,+62.420,+1.402
6513.071,14,17,+62.873,+1.217
6518.716,14,17,+63.131,+1.342
6523.021,14,17,+63.260,+1.321
6527.58,14,17,+63.289,+1.374
6531.361,14,17,+63.303,+1.451
6540.007,14,17,+63.667,+1.506
6544.335,14,17,+63.845,+1.569
6545.335,14,17,+63.907,+1.566
6547.741,14,17,+63.967,+1.564
6549.194,14,17,+64.002,+1.586
6549.96,14,17,+64.016,+1.604
6554.241,14,17,+63.979,+1.755
6555.4,14,17,+63.959,+1.800
6557.746,14,17,+64.013,+1.760
6562.734,14,17,+64.157,+1.282
6568.664,14,17,+64.674,+1.611
6572.258,14,17,+64.811,+1.551
6576.039,14,17,+65.027,+1.767
6583.445,14,17,+65.429,+1.830
6587.445,14,17,+65.711,+1.900
6591.805,14,17,+66.039,+1.902
6597.871,14,17,+66.553,+1.839
6602.771,14,17,+66.798,+1.857
6607.017,14,17,+66.990,+1.947
6613.844,14,17,+67.478,+2.025
6619.504,14,17,+67.802,+2.236
6623.881,14,17,+67.966,+2.232
6628.434,14,17,+68.025,+2.280
6632.218,14,17,+68.022,+2.335
6641.028,14,17,+68.554,+2.560
6645.356,14,17,+68.711,+2.606
6646.057,14,17,+68.467,+2.332
6680.801,14,17,+93.201,+27.137
6683.736,14,17,+93.865,+27.695
6688.591,14,17,+93.831,+27.196
6694.401,14,17,+94.326,+27.376
6697.981,14,17,+94.531,+27.407
6701.847,14,17,+94.802,+27.650
6709.876,14,17,+95.829,+28.401
6714.423,14,17,1 L,+29.075
6718.766,14,17,1 L,+29.010
6724.673,14,17,1 L,+28.876
6729.36,14,17,1 L,+28.676
6733.548,14,17,1 L,+28.695
6740.126,14,17,1 L,+28.649
6745.597,14,17,1 L,+28.563
6749.903,14,17,1 L,+28.543
6754.514,14,17,1 L,+28.592
6758.337,14,17,1 L,+28.618
6768.66,14,17,1 L,+36.151
6772.004,14,17,1 L,+36.334
6772.754,14,17,1 L,+36.135
9138.164,14,17,24L,13L
13.093,77,19,,
3392.806,77,19,+2.009,+0.096
3393.577,77,14,+2.009,+0.096
3393.596,77,15,+2.009,+0.096
3393.67,77,15,+1.903,+0.021
3396.49,77,13,+1.903,+0.021
3396.567,77,13,+2.293,+0.170
3402.202,77,14,+2.293,+0.170
3402.33,77,14,+3.060,+0.015
3409.158,77,14,+4.219,+0.509
3412.66,77,14,+4.482,+0.687
3416.257,77,14,+4.475,+0.726
3424.299,77,14,+5.172,+0.506
3428.03,77,14,+5.359,+0.769
3432.579,77,15,+5.359,+0.769
3432.72,77,15,+5.901,+0.045
3439.282,77,15,+6.733,+0.337
3444.214,77,15,+7.175,+0.338
3448.43,77,15,+7.266,+0.413
3455.596,77,15,+7.965,+0.411
3460.93,77,15,+8.027,+0.414
3465.313,77,14,+8.027,+0.414
3465.396,77,14,+8.209,+0.432
3469.848,77,14,+8.076,+0.465
3473.364,77,14,+7.840,+0.494
3482.395,77,14,+8.478,+0.616
3486.796,77,14,+8.455,+0.549
3488.137,77,14,+8.587,+0.469
3490.441,77,14,+8.854,+0.438
3491.945,77,14,+8.888,+0.427
3492.677,77,14,+8.887,+0.425
3496.781,77,14,+8.733,+0.158
3497.951,77,14,+8.686,+0.173
3500.586,77,14,+8.718,+0.256
3506.239,77,14,+9.171,+0.368
3512.192,77,14,+9.433,+0.419
3515.658,77,14,+9.471,+0.486
3519.3,77,14,+9.293,+0.443
3526.996,77,14,+9.575,+0.568
3530.962,77,14,+9.711,+0.718
3535.276,77,14,+9.845,+0.813
3541.639,77,14,+10.270,+0.874
3546.532,77,14,+10.511,+0.822
3550.661,77,14,+10.478,+0.804
3557.541,77,14,+10.881,+0.511
3563.028,77,14,+11.028,+0.638
3567.385,77,14,+10.779,+0.701
3572.277,77,14,+10.813,+0.800
3575.334,77,14,+10.679,+0.626
3584.061,77,14,+11.084,+0.499
3588.483,77,14,+11.199,+0.462
3589.577,77,14,+11.313,+0.453
3592.03,77,14,+11.485,+0.454
3593.531,77,14,+11.508,+0.435
3594.26,77,14,+11.494,+0.415
3598.362,77,14,+11.151,+0.195
3599.475,77,14,+11.054,+0.154
3602.069,77,14,+11.216,+0.333
3607.619,77,14,+11.858,+0.511
3613.504,77,14,+12.107,+0.470
3616.982,77,14,+12.255,+0.460
3620.577,77,14,+12.215,+0.490
3628.213,77,15,+12.215,+0.490
3628.329,77,15,+12.698,+0.063
3632.223,77,15,+12.846,+0.076
3636.941,77,15,+13.360,+0.432
3643.302,77,15,+13.957,+0.588
3648.196,77,15,+14.329,+0.656
3652.477,77,15,+14.554,+0.893
3659.352,77,15,+14.954,+0.958
3664.911,77,15,+15.178,+1.079
3669.221,77,15,+15.292,+1.069
3673.727,77,15,+15.114,+1.112
3677.29,77,15,+14.817,+1.007
3686.013,77,15,+15.029,+0.773
3690.46,77,15,+15.129,+0.733
3691.426,77,15,+15.199,+0.730
3693.875,77,15,+15.311,+0.715
3695.343,77,15,+15.324,+0.680
3696.079,77,15,+15.310,+0.656
3700.244,77,15,+15.035,+0.452
3701.417,77,15,+14.969,+0.416
3703.877,77,15,+15.104,+0.495
3709.409,77,15,+15.525,+0.954
3715.126,77,15,+15.829,+1.030
3718.857,77,15,+16.037,+1.147
3722.508,77,15,+16.071,+1.200
3729.921,77,15,+16.450,+1.248
3733.889,77,15,+16.656,+1.218
3738.311,77,15,+16.849,+1.345
3744.389,77,15,+17.192,+1.334
3749.31,77,15,+17.542,+1.392
3753.456,77,15,+17.695,+1.363
3760.269,77,15,+18.241,+1.491
3765.862,77,15,+18.432,+1.343
3770.237,77,15,+18.565,+1.343
3774.698,77,15,+18.438,+1.218
3778.277,77,15,+18.164,+1.007
3786.943,77,15,+18.414,+1.030
3791.178,77,15,+18.440,+0.858
3792.224,77,15,+18.541,+0.931
3794.769,77,15,+18.697,+1.020
3796.183,77,15,+18.772,+1.055
3796.979,77,15,+18.820,+1.089
3801.542,77,15,+18.967,+1.240
3802.796,77,15,+18.964,+1.242
3805.188,77,15,+19.041,+1.295
3810.564,77,15,+19.503,+1.759
3816.299,77,15,+19.652,+1.770
3819.939,77,15,+19.890,+1.745
3823.705,77,15,+20.011,+1.628
3831.142,77,15,+20.366,+1.622
3835.158,77,15,+20.653,+1.612
3839.658,77,15,+20.917,+1.645
3845.689,77,15,+21.242,+1.744
3850.596,77,15,+21.457,+1.760
3854.752,77,15,+21.550,+1.664
3861.593,77,15,+22.036,+1.729
3867.257,77,15,+22.292,+1.609
3871.677,77,15,+22.456,+1.632
3876.174,77,15,+22.344,+1.457
3880.128,77,15,+22.084,+1.195
3888.443,77,15,+22.267,+0.897
3892.677,77,15,+22.391,+0.837
3893.818,77,15,+22.495,+0.914
3896.162,77,15,+22.656,+0.974
3897.646,77,15,+22.686,+0.951
3898.377,77,15,+22.681,+0.931
3902.567,77,15,+22.452,+0.741
3903.741,77,15,+22.377,+0.673
3906.182,77,15,+22.487,+0.771
3911.515,77,15,+22.948,+1.137
3917.143,77,15,+23.199,+1.080
3920.768,77,15,+23.342,+1.115
3924.456,77,15,+23.378,+0.952
3931.768,77,15,+23.668,+0.892
3935.69,77,15,+23.853,+0.786
3940.112,77,15,+24.040,+0.693
3946.316,77,15,+24.535,+0.861
3951.253,77,15,+24.797,+0.935
3955.378,77,15,+24.894,+0.851
3962.202,77,15,+25.375,+0.928
3967.697,77,15,+25.517,+0.652
3972.078,77,15,+25.678,+0.659
3976.529,77,15,+25.523,+0.417
3980.076,77,15,+25.212,+0.056
3988.579,77,14,+25.212,+0.056
3988.668,77,14,+25.533,+6.413
3993.057,77,14,+25.669,+6.515
3994.082,77,14,+25.755,+6.556
3996.451,77,14,+25.773,+6.543
3997.897,77,14,+25.785,+6.528
3998.677,77,14,+25.787,+6.527
4003.03,77,14,+25.734,+6.540
4004.262,77,14,+25.726,+6.561
4006.587,77,14,+25.737,+6.607
4011.987,77,14,+26.085,+6.754
4017.575,77,14,+26.267,+6.805
4021.153,77,14,+26.380,+6.746
4024.918,77,14,+26.488,+6.926
4032.314,77,14,+26.838,+7.021
4036.258,77,14,+27.043,+7.164
4040.729,77,14,+27.295,+7.286
4046.874,77,14,+27.668,+7.329
4051.733,77,14,+27.894,+7.263
4055.89,77,14,+28.008,+7.376
4062.613,77,14,+28.470,+7.379
4068.362,77,14,+28.756,+7.502
4072.718,77,14,+28.883,+7.643
4077.296,77,14,+28.902,+7.714
4080.999,77,14,+28.771,+7.814
4089.64,77,14,+29.002,+7.536
4093.921,77,14,+29.064,+7.616
4094.936,77,14,+29.137,+7.628
4097.311,77,14,+29.228,+7.484
4098.777,77,14,+29.244,+7.465
4099.533,77,14,+29.250,+7.470
4103.929,77,14,+29.239,+7.569
4105.249,77,14,+29.238,+7.621
4107.739,77,14,+29.279,+7.606
4112.968,77,14,+29.738,+7.857
4118.738,77,14,+30.031,+7.731
4122.298,77,14,+30.172,+7.768
4126.078,77,14,+30.310,+7.959
4133.515,77,14,+30.718,+8.028
4137.453,77,14,+30.934,+8.230
4141.953,77,14,+31.205,+8.325
4148.047,77,14,+31.590,+8.266
4152.945,77,14,+31.824,+8.220
4157.074,77,14,+31.882,+8.295
4163.871,77,14,+32.332,+8.370
4169.558,77,14,+32.659,+8.311
4173.955,77,14,+32.828,+8.361
4178.561,77,14,+32.858,+8.555
4182.632,77,14,+32.734,+8.715
4191.016,77,14,+32.983,+8.834
4195.219,77,14,+33.025,+8.845
4196.235,77,14,+33.084,+8.881
4198.578,77,14,+33.167,+8.836
4200.055,77,14,+33.185,+8.824
4200.786,77,14,+33.186,+8.815
4205.183,77,14,+33.131,+8.782
4206.409,77,14,+33.121,+8.801
4208.798,77,14,+33.151,+8.800
4214.327,77,14,+33.717,+8.862
4220.036,77,14,+34.069,+8.942
4223.628,77,14,+34.168,+8.929
4227.381,77,14,+34.278,+9.056
4236.527,77,14,+34.625,+9.064
4238.729,77,14,+34.839,+9.222
4243.208,77,14,+35.110,+9.410
4249.251,77,14,+35.365,+9.432
4254.189,77,14,+35.606,+9.385
4258.367,77,14,+35.687,+9.371
4265.068,77,14,+36.031,+9.282
4270.78,77,14,+36.354,+9.226
4275.144,77,14,+36.521,+9.266
4279.725,77,14,+36.561,+9.353
4283.477,77,14,+36.516,+9.473
4292.225,77,14,+36.870,+9.620
4296.522,77,14,+36.970,+9.821
4297.522,77,14,+37.063,+10.154
4299.897,77,14,+37.150,+10.154
4301.397,77,14,+37.175,+10.154
4302.148,77,14,+37.179,+5.030
4306.35,77,11,+37.179,+5.030
4306.43,77,11,+37.096,+12.434
4307.661,77,11,+37.079,+12.470
4310.012,77,11,+37.139,+12.564
4315.53,77,11,+37.785,+12.947
4321.381,77,11,+38.156,+13.262
4324.975,77,11,+38.280,+13.237
4328.668,77,11,+38.335,+13.315
4336.026,77,11,+38.594,+13.330
4339.942,77,11,+38.789,+13.391
4344.433,77,11,+39.072,+13.600
4350.506,77,11,+39.381,+13.681
4357.797,77,11,+42.011,+16.138
4364.172,77,11,+44.284,+18.412
4372.781,77,11,+46.538,+19.400
4380.984,77,11,+49.341,+18.002
4387.5,77,11,+51.618,+19.199
4393.343,77,11,+52.892,+18.315
4397.684,77,11,+53.457,+16.873
4409.221,77,11,+55.280,+20.254
4414.987,77,11,+54.242,+19.612
4415.721,77,11,+54.084,+19.488
4420.565,77,12,+54.084,+19.488
4426.628,77,13,+54.084,+19.488
4427.222,77,12,+54.084,+19.488
4436.024,77,13,+54.084,+19.488
4441.415,77,14,+54.084,+19.488
4442.478,77,15,+54.084,+19.488
4445.861,77,16,+54.084,+19.488
4457.053,77,16,+61.131,+9.352
4460.866,77,16,+61.435,+9.592
4467.468,77,16,+59.953,+10.033
4475.198,77,16,+59.366,+8.938
4480.77,77,16,+58.862,+9.059
4485.261,77,16,+56.755,+9.382
4495.569,77,16,+56.273,+9.898
4500.456,77,16,+55.381,+10.074
4506.312,77,16,+54.453,+10.975
4513.878,77,16,+52.627,+9.118
4520.513,77,16,+52.313,+10.639
4526.289,77,16,+52.568,+8.835
4534.777,77,16,+51.482,+9.405
4542.68,77,16,+51.064,+8.606
4548.966,77,16,+51.233,+7.775
4554.156,77,16,+47.798,+7.392
4560.442,77,16,+48.018,+9.266
4570.794,77,16,+45.256,+8.365
4576.882,77,16,+46.228,+9.241
4578.344,77,16,+46.262,+9.652
4581.437,77,16,+45.500,+9.652
4583.128,77,16,+45.290,+9.652
4584.05,77,16,+45.200,+8.535
4588.949,77,15,+45.200,+8.535
4589.043,77,15,+44.035,+8.663
4590.403,77,15,+43.185,+8.768
4593.168,77,15,+41.695,+8.850
4600.377,77,15,+38.449,+5.780
4608.735,77,15,+37.145,+6.465
4613.485,77,15,+37.015,+7.161
4617.578,77,15,+35.960,+7.422
4625.409,77,15,+33.043,+6.197
4629.497,77,15,+32.574,+3.380
4634.189,77,15,+29.744,+2.724
4640.753,77,15,+27.799,+3.145
4646.083,77,15,+26.645,+3.649
4650.568,77,15,+25.489,+4.081
4657.678,77,15,+23.141,+4.190
4663.977,77,15,+21.236,+4.475
4668.868,77,15,+20.149,+4.683
4674.581,77,15,+18.594,+4.941
4679.326,77,15,+17.077,+4.127
4692.533,77,15,+16.983,+2.024
4698.681,77,15,+18.328,+2.165
4699.998,77,15,+18.126,+2.405
4703.051,77,15,+17.136,+2.671
4704.597,77,15,+16.811,+2.532
4705.531,77,15,+16.738,+2.232
4712.014,77,15,+17.370,+1.362
4713.517,77,15,+17.093,+1.451
4716.714,77,15,+16.234,+1.667
4723.943,77,15,+14.653,+0.886
4731.868,77,15,+15.941,+1.324
4736.334,77,15,+15.144,+1.674
4740.584,77,15,+15.090,+2.058
4752.616,77,15,+16.245,+1.013
4757.194,77,15,+16.311,+1.369
4761.616,77,15,+14.407,+0.992
4770.584,77,15,+14.063,+0.896
4779.287,77,15,+14.802,+0.730
4785.631,77,15,+16.066,+1.681
4795.397,77,15,+14.624,+1.037
4802.194,77,15,+11.399,+1.299
4811.23,77,15,+11.361,+1.174
4817.85,77,15,+8.852,+1.029
4825.062,77,15,+8.516,+0.701
4835.068,77,15,+6.451,+0.577
4839.395,77,15,+6.145,+0.701
4840.505,77,15,+6.196,+0.713
4843.083,77,15,+6.103,+0.714
4844.614,77,15,+6.058,+0.701
4845.333,77,15,+6.036,+0.701
4849.441,77,15,+5.879,+0.777
4850.654,77,15,+5.795,+0.792
4853.028,77,15,+5.808,+0.688
4858.644,77,15,+6.281,+0.724
4864.456,77,15,+6.324,+0.583
4868.136,77,15,+6.536,+0.787
4871.641,77,16,+6.536,+0.787
4871.766,77,16,+6.570,+0.011
4879.631,77,16,+6.991,+0.345
4883.432,77,16,+7.185,+0.566
4887.846,77,16,+7.312,+0.538
4894.632,77,16,+7.731,+0.538
4899.132,77,16,+7.971,+0.536
4903.206,77,16,+8.014,+0.584
4910.139,77,16,+8.500,+0.455
4915.731,77,16,+8.591,+0.376
4920.095,77,16,+8.695,+0.313
4924.515,77,16,+8.559,+0.197
4928.021,77,16,+8.272,+0.062
4936.588,77,15,+8.272,+0.062
4936.678,77,15,+8.438,+0.922
4940.916,77,15,+8.393,+0.941
4942.01,77,15,+8.438,+1.016
4944.416,77,15,+8.410,+1.041
4945.885,77,15,+8.391,+1.052
4946.65,77,15,+8.373,+1.052
4950.713,77,15,+8.081,+0.921
4951.853,77,15,+7.983,+0.876
4954.307,77,15,+8.064,+0.906
4959.731,77,15,+8.428,+0.963
4965.415,77,15,+8.590,+0.970
4968.962,77,15,+8.617,+0.971
4972.46,77,15,+8.529,+0.883
4979.799,77,15,+8.676,+0.938
4983.736,77,15,+8.826,+1.064
4988.143,77,15,+8.966,+1.155
4994.221,77,15,+9.096,+1.178
4999.043,77,15,+9.303,+1.180
5003.105,77,15,+9.325,+1.254
5009.829,77,15,+9.707,+1.366
5015.439,77,15,+9.833,+1.352
5019.769,77,15,+9.937,+1.418
5024.295,77,15,+9.891,+1.614
5027.946,77,15,+9.745,+1.777
5036.676,77,15,+10.019,+1.786
5040.98,77,15,+10.065,+1.860
5041.999,77,15,+10.093,+1.880
5044.413,77,15,+10.138,+1.875
5045.879,77,15,+10.155,+1.894
5046.624,77,15,+10.157,+1.897
5050.844,77,15,+10.132,+1.805
5051.998,77,15,+10.109,+1.782
5054.34,77,15,+10.181,+1.607
5059.769,77,15,+10.757,+1.682
5065.399,77,15,+11.037,+1.724
5068.932,77,15,+11.149,+1.676
5072.501,77,15,+11.041,+1.603
5079.698,77,15,+11.229,+1.336
5083.588,77,15,+11.393,+1.415
5088.01,77,15,+11.701,+1.365
5094.137,77,15,+12.106,+1.495
5098.981,77,15,+12.371,+1.497
5103.095,77,15,+12.424,+1.578
5109.829,77,15,+12.827,+1.714
5115.438,77,15,+13.068,+1.735
5119.744,77,15,+13.170,+1.795
5124.253,77,15,+13.122,+1.918
5127.944,77,15,+12.961,+1.984
5136.515,77,15,+13.142,+1.845
5140.813,77,15,+13.214,+1.929
5141.798,77,15,+13.248,+1.932
5144.157,77,15,+13.286,+1.926
5145.622,77,15,+13.294,+1.931
5146.369,77,15,+13.292,+1.947
5150.688,77,15,+13.221,+2.182
5151.872,77,15,+13.197,+2.240
5154.232,77,15,+13.252,+2.174
5159.732,77,15,+13.832,+2.450
5165.435,77,15,+14.171,+2.496
5168.982,77,15,+14.251,+2.507
5172.515,77,15,+14.198,+2.414
5179.857,77,15,+14.517,+2.331
5183.798,77,15,+14.746,+2.457
5188.257,77,15,+15.123,+2.557
5194.331,77,15,+15.443,+2.620
5199.41,77,15,+15.700,+2.588
5203.269,77,15,+15.800,+2.645
5209.898,77,15,+16.109,+2.687
5215.469,77,15,+16.346,+2.701
5219.763,77,15,+16.441,+2.735
5224.32,77,15,+16.458,+2.915
5228.023,77,15,+16.409,+3.065
5236.645,77,15,+16.751,+3.084
5240.957,77,15,+16.843,+3.155
5241.998,77,15,+16.915,+3.230
5244.386,77,15,+16.953,+3.205
5245.816,77,15,+16.963,+3.206
5246.584,77,15,+16.967,+3.225
5250.939,77,15,+16.941,+3.500
5252.158,77,15,+16.928,+3.570
5254.548,77,15,+16.975,+3.528
5259.941,77,15,+17.485,+3.775
5265.501,77,15,+17.709,+3.551
5269.048,77,15,+17.784,+3.536
5272.642,77,15,+17.747,+3.502
5279.913,77,15,+17.977,+3.478
5283.87,77,15,+18.210,+3.606
5288.316,77,15,+18.370,+3.686
5294.363,77,15,+18.643,+3.783
5299.19,77,15,+18.861,+3.787
5303.314,77,15,+18.914,+3.874
5309.889,77,15,+19.169,+3.908
5315.579,77,15,+19.474,+4.023
5319.909,77,15,+19.599,+4.075
5324.47,77,15,+19.629,+4.299
5328.157,77,15,+19.542,+4.485
5336.779,77,15,+19.791,+4.465
5341.085,77,15,+19.878,+4.496
5342.111,77,15,+19.938,+4.498
5344.488,77,15,+19.992,+4.475
5345.923,77,15,+20.001,+4.480
5346.688,77,15,+20.007,+4.501
5351.045,77,15,+20.004,+4.776
5352.284,77,15,+20.000,+4.856
5354.633,77,15,+20.051,+4.837
5360.101,77,15,+20.599,+4.875
5365.71,77,15,+20.884,+4.936
5369.279,77,15,+20.997,+4.888
5372.879,77,15,+20.958,+4.890
5380.132,77,15,+21.136,+4.856
5384.045,77,15,+21.331,+4.973
5388.471,77,15,+21.510,+5.155
5394.467,77,15,+21.703,+5.108
5399.358,77,15,+22.006,+5.151
5403.518,77,15,+22.112,+5.266
5410.093,77,15,+22.444,+5.294
5415.733,77,15,+22.676,+5.300
5420.062,77,15,+22.799,+5.364
5424.633,77,15,+22.827,+5.602
5428.346,77,15,+22.746,+5.813
5436.944,77,15,+23.087,+5.785
5441.222,77,15,+23.177,+5.829
5442.214,77,15,+23.227,+5.833
5444.644,77,15,+23.316,+5.863
5446.117,77,15,+23.346,+5.885
5446.9,77,15,+23.355,+5.908
5451.219,77,15,+23.341,+6.233
5452.416,77,15,+23.336,+6.359
5454.77,77,15,+23.417,+6.216
5460.103,77,15,+23.936,+6.023
5465.844,77,15,+24.124,+5.941
5469.302,77,15,+24.184,+5.963
5472.886,77,15,+24.173,+5.937
5480.132,77,15,+24.324,+5.758
5484.033,77,15,+24.532,+5.877
5488.445,77,15,+24.835,+6.040
5494.532,77,15,+25.119,+6.009
5499.4,77,15,+25.319,+6.020
5503.518,77,15,+25.382,+6.107
5510.128,77,15,+25.682,+6.078
5515.675,77,15,+25.890,+6.138
5520.034,77,15,+26.026,+6.189
5524.628,77,15,+26.070,+6.465
5528.371,77,15,+26.026,+6.792
5536.971,77,15,+26.311,+6.645
5541.226,77,15,+26.384,+6.641
5542.23,77,15,+26.466,+6.608
5544.601,77,15,+26.543,+6.574
5546.117,77,15,+26.559,+6.588
5546.82,77,15,+26.569,+6.615
5551.164,77,15,+26.592,+7.086
5552.429,77,15,+26.597,+7.139
5554.788,77,15,+26.648,+7.072
5560.132,77,15,+27.049,+7.175
5565.773,77,15,+27.286,+6.427
5569.367,77,15,+27.377,+6.453
5572.96,77,15,+27.370,+6.435
5580.205,77,15,+27.623,+6.352
5584.124,77,15,+27.814,+6.458
5588.521,77,15,+28.094,+6.643
5594.616,77,15,+28.366,+6.731
5599.399,77,15,+28.547,+6.700
5603.535,77,15,+28.608,+6.791
5610.186,77,15,+29.010,+6.893
5615.821,77,15,+29.167,+6.993
5620.144,77,15,+29.278,+7.080
5624.705,77,15,+29.303,+7.352
5628.473,77,15,+29.259,+7.662
5637.07,77,15,+29.556,+7.683
5641.345,77,15,+29.635,+7.679
5642.322,77,15,+29.626,+7.586
5644.664,77,15,+29.664,+7.502
5646.121,77,15,+29.679,+7.508
5646.899,77,15,+29.685,+7.527
5651.221,77,15,+29.674,+7.849
5652.444,77,15,+29.672,+7.878
5654.8,77,15,+29.725,+7.613
5660.069,77,15,+30.041,+7.451
5665.699,77,15,+30.249,+7.328
5669.208,77,15,+30.256,+7.211
5672.769,77,15,+30.233,+7.206
5679.973,77,15,+30.458,+6.990
5683.91,77,15,+30.674,+7.151
5688.379,77,15,+30.962,+7.247
5694.348,77,15,+31.396,+7.251
5699.285,77,15,+31.609,+7.209
5703.394,77,15,+31.682,+7.266
5710.019,77,15,+32.085,+7.223
5715.644,77,15,+32.301,+7.108
5719.965,77,15,+32.424,+7.094
5724.544,77,15,+32.467,+7.196
5728.326,77,15,+32.464,+7.404
5736.895,77,15,+32.731,+7.479
5741.13,77,15,+32.819,+7.524
5742.145,77,15,+32.883,+7.532
5744.52,77,15,+32.886,+7.480
5745.942,77,15,+32.884,+7.458
5746.708,77,15,+32.886,+7.439
5751.052,77,15,+32.867,+7.349
5752.239,77,15,+32.863,+7.359
5754.583,77,15,+32.871,+7.360
5759.895,77,15,+33.283,+7.596
5765.63,77,15,+33.551,+7.635
5769.208,77,15,+33.666,+7.574
5772.849,77,15,+33.691,+7.630
5780.145,77,15,+34.014,+7.731
5784.036,77,15,+34.210,+7.895
5788.458,77,15,+34.435,+8.017
5794.435,77,15,+34.780,+7.943
5799.294,77,15,+34.969,+7.906
5803.387,77,15,+35.018,+7.952
5810.011,77,15,+35.314,+8.024
5815.509,77,15,+35.428,+7.832
5819.796,77,15,+35.526,+7.818
5824.379,77,15,+35.567,+7.914
5828.233,77,15,+35.590,+8.117
5836.825,77,15,+35.849,+8.236
5841.083,77,15,+35.948,+8.325
5842.058,77,15,+35.987,+8.366
5844.456,77,15,+36.035,+8.324
5845.903,77,15,+36.046,+8.310
5846.663,77,15,+36.047,+8.305
5850.932,77,15,+35.997,+8.290
5852.155,77,15,+35.985,+8.306
5854.502,77,15,+36.025,+8.358
5859.89,77,15,+36.509,+8.411
5865.545,77,15,+36.767,+8.523
5869.12,77,15,+36.915,+8.572
5872.779,77,15,+36.933,+8.596
5879.991,77,15,+37.169,+8.637
5883.89,77,15,+37.367,+8.718
5888.333,77,15,+37.652,+8.859
5894.338,77,15,+38.040,+8.937
5899.182,77,15,+38.244,+8.895
5903.338,77,15,+38.302,+8.853
5909.87,77,15,+38.623,+8.935
5915.479,77,15,+38.774,+8.843
5919.76,77,15,+38.864,+8.843
5924.338,77,15,+38.902,+8.922
5928.089,77,15,+38.886,+9.029
5936.682,77,15,+39.153,+9.098
5940.916,77,15,+39.243,+9.196
5941.917,77,15,+39.298,+9.242
5944.307,77,15,+39.363,+9.201
5946.604,77,15,+39.379,+9.188
5946.62,77,15,+39.380,+9.187
5946.635,77,15,+39.379,+9.188
5946.635,77,15,+39.380,+9.187
5950.808,77,15,+39.310,+9.210
5951.995,77,15,+39.292,+9.238
5954.276,77,15,+39.293,+9.257
5959.526,77,15,+39.691,+9.267
5965.182,77,15,+39.956,+9.260
5968.76,77,15,+40.079,+9.215
5972.355,77,15,+40.087,+9.225
5979.73,77,15,+40.452,+9.402
5983.646,77,15,+40.677,+9.586
5988.032,77,15,+40.883,+9.703
5994.096,77,15,+41.339,+9.756
5998.946,77,15,+41.527,+9.736
6003.049,77,15,+41.594,+9.782
6009.672,77,15,+41.915,+9.823
6015.219,77,15,+42.083,+9.669
6019.516,77,15,+42.193,+9.661
6024.094,77,15,+42.233,+9.753
6027.903,77,15,+42.224,+9.952
6036.481,77,15,+42.516,+10.096
6040.755,77,15,+42.612,+10.222
6041.755,77,15,+42.654,+10.282
6044.134,77,15,+42.674,+10.254
6045.6,77,15,+42.676,+10.245
6046.31,77,15,+42.679,+10.246
6050.614,77,15,+42.663,+10.289
6051.836,77,15,+42.661,+10.325
6054.189,77,15,+42.747,+10.379
6059.47,77,15,+43.160,+10.322
6065.131,77,15,+43.360,+10.349
6068.678,77,15,+43.450,+10.327
6072.296,77,15,+43.443,+10.318
6079.558,77,15,+43.660,+10.415
6083.464,77,15,+43.846,+10.593
6087.839,77,15,+44.121,+10.695
6093.808,77,15,+44.450,+10.664
6098.605,77,15,+44.623,+10.653
6102.73,77,15,+44.675,+10.667
6109.31,77,15,+44.986,+10.752
6114.92,77,15,+45.194,+10.669
6119.258,77,15,+45.293,+10.658
6123.804,77,15,+45.331,+10.747
6127.58,77,15,+45.347,+10.968
6136.235,77,15,+45.661,+11.181
6140.481,77,15,+45.736,+11.253
6141.465,77,15,+45.756,+11.279
6143.865,77,15,+45.820,+11.288
6145.331,77,15,+45.830,+11.281
6146.064,77,15,+45.835,+11.282
6150.35,77,15,+45.824,+11.338
6151.581,77,15,+45.822,+11.379
6153.878,77,15,+45.817,+11.342
6159.081,77,15,+46.211,+11.277
6164.733,77,15,+46.400,+11.316
6168.264,77,15,+46.476,+11.268
6171.841,77,15,+46.433,+11.235
6179.048,77,15,+46.654,+11.220
6182.954,77,15,+46.849,+11.368
6187.313,77,15,+47.110,+11.421
6193.329,77,15,+47.367,+11.451
6198.126,77,15,+47.576,+11.407
6202.204,77,15,+47.616,+11.388
6208.829,77,15,+47.995,+11.528
6214.527,77,15,+48.186,+11.487
6218.92,77,15,+48.323,+11.547
6223.471,77,15,+48.376,+11.631
6227.248,77,15,+48.402,+13.305
6236.921,77,15,+49.743,+4.165
6241.198,77,15,+49.860,+3.604
6242.27,77,15,+49.964,+3.550
6244.669,77,15,+50.029,+3.408
6246.159,77,15,+50.039,+3.351
6247.021,77,15,+50.050,+3.315
6251.277,77,15,+50.096,+3.117
6252.433,77,15,+50.101,+3.088
6254.78,77,15,+50.147,+2.976
6260.059,77,15,+50.511,+3.069
6265.671,77,15,+50.726,+3.033
6269.247,77,15,+50.830,+3.019
6272.81,77,15,+50.796,+2.940
6280.08,77,15,+51.044,+2.853
6283.962,77,15,+51.241,+2.980
6288.337,77,15,+51.458,+3.076
6294.321,77,15,+51.818,+3.191
6299.12,77,15,+51.981,+3.172
6303.249,77,15,+52.057,+3.256
6309.87,77,15,+52.401,+3.292
6315.508,77,15,+52.576,+3.335
6319.833,77,15,+52.717,+3.435
6324.397,77,15,+52.747,+3.454
6328.123,77,15,+52.693,+3.395
6336.67,77,15,+52.946,+3.133
6340.92,77,15,+53.016,+3.143
6341.967,77,15,+53.066,+3.107
6344.31,77,15,+53.093,+3.090
6345.748,77,15,+53.095,+3.099
6346.499,77,15,+53.097,+3.108
6350.826,77,15,+53.072,+3.178
6352.001,77,15,+53.062,+3.198
6354.264,77,15,+53.038,+3.271
6359.5,77,15,+53.330,+3.375
6365.194,77,15,+53.597,+3.445
6368.709,77,15,+53.643,+3.435
6372.257,77,15,+53.618,+3.366
6379.484,77,15,+53.849,+3.338
6383.381,77,15,+54.060,+3.448
6387.746,77,15,+54.319,+3.599
6393.761,77,15,+54.699,+3.740
6398.636,77,15,+54.917,+3.751
6402.746,77,15,+54.992,+3.831
6409.417,77,15,+55.418,+3.901
6415.018,77,15,+55.629,+3.956
6419.33,77,15,+55.714,+4.020
6423.908,77,15,+55.746,+4.033
6427.627,77,15,+55.723,+3.978
6436.205,77,15,+56.035,+3.927
6440.597,77,15,+56.136,+3.994
6441.502,77,15,+56.189,+3.982
6443.884,77,15,+56.253,+3.988
6445.322,77,15,+56.275,+4.003
6446.056,77,15,+56.282,+4.014
6450.259,77,14,+56.282,+4.014
6450.353,77,14,+56.271,+4.123
6451.572,77,14,+56.266,+4.156
6453.931,77,14,+56.342,+4.296
6459.213,77,14,+56.815,+4.494
6464.869,77,14,+57.091,+4.520
6468.478,77,14,+57.224,+4.544
6472.046,77,14,+57.200,+4.481
6479.257,77,14,+57.448,+4.491
6483.163,77,14,+57.654,+4.624
6487.569,77,14,+57.891,+4.804
6493.472,77,14,+58.218,+4.934
6498.3,77,14,+58.434,+4.917
6502.446,77,14,+58.517,+4.983
6509.011,77,14,+58.825,+4.900
6514.671,77,14,+59.091,+5.000
6518.972,77,14,+59.202,+5.065
6523.58,77,14,+59.252,+5.093
6527.334,77,14,+59.316,+5.113
6535.913,77,14,+59.592,+5.073
6540.179,77,14,+59.707,+5.139
6541.21,77,14,+59.774,+5.149
6543.585,77,14,+59.798,+5.175
6545.007,77,14,+59.807,+5.195
6545.788,77,14,+59.808,+5.203
6549.991,77,14,+59.747,+5.219
6551.241,77,14,+59.729,+5.226
6553.481,77,14,+59.762,+5.304
6558.763,77,14,+60.160,+5.474
6564.426,77,14,+60.442,+5.504
6567.992,77,14,+60.534,+5.502
6571.508,77,14,+60.504,+5.460
6578.836,77,14,+60.791,+5.491
6582.602,77,15,+60.791,+5.491
6582.711,77,15,+60.981,+0.018
6587.289,77,15,+61.521,+0.601
6593.414,77,15,+62.113,+1.161
6598.283,77,15,+62.327,+1.377
6602.408,77,15,+62.373,+1.300
6608.934,77,15,+62.693,+1.439
6614.538,77,15,+62.841,+1.664
6618.856,77,15,+62.974,+1.705
6623.405,77,15,+62.987,+1.548
6627.133,77,15,+62.953,+1.344
6635.701,77,15,+63.251,+1.548
6639.981,77,15,+63.337,+1.521
6640.95,77,15,+63.367,+1.517
6643.341,77,15,+63.457,+1.630
6644.794,77,15,+63.473,+1.615
6645.53,77,15,+63.468,+1.574
6649.703,77,15,+63.332,+1.214
6650.947,77,15,+63.292,+1.128
6653.246,77,15,+63.375,+1.232
6658.513,77,15,+63.786,+1.621
6664.232,77,15,+64.169,+1.909
6667.784,77,15,+64.330,+2.047
6671.341,77,15,+64.301,+1.878
6678.577,77,15,+64.534,+2.036
6682.456,77,15,+64.737,+2.216
6686.748,77,15,+65.008,+2.437
6692.824,77,15,+65.417,+2.807
6697.665,77,15,+65.676,+3.002
6701.777,77,15,+65.751,+3.053
6708.298,77,15,+66.036,+3.279
6713.954,77,15,+66.228,+3.495
6718.266,77,15,+66.328,+3.528
6722.798,77,15,+66.382,+3.502
6726.579,77,15,+66.442,+3.451
6735.254,77,15,+66.872,+3.818
6739.501,77,15,+66.948,+3.847
6740.516,77,15,+66.992,+3.888
6742.876,77,15,+67.018,+3.985
6744.331,77,15,+67.029,+4.007
6745.081,77,15,+67.027,+4.012
6749.309,77,15,+66.930,+4.047
6750.521,77,15,+66.905,+4.059
6752.86,77,15,+67.000,+4.186
6758.046,77,15,+67.316,+4.462
6764.282,77,14,+67.316,+4.462
6764.365,77,14,+68.083,+0.617
6768.673,77,14,+68.292,+0.326
6771.567,77,14,+68.256,+0.175
6779.104,77,14,+68.732,+0.040
6782.871,77,14,+68.813,+0.151
6787.352,77,14,+69.239,+0.516
6793.502,77,14,+69.784,+0.685
6798.416,77,14,+69.982,+0.715
6802.481,77,14,+70.023,+0.834
6809.207,77,14,+70.465,+0.968
6814.803,77,14,+70.632,+0.999
6819.104,77,14,+70.735,+1.020
6823.665,77,14,+70.763,+1.059
6827.451,77,14,+70.789,+1.241
6836.059,77,14,+71.194,+0.607
6840.434,77,14,+71.388,+0.671
6841.528,77,14,+71.544,+0.744
6844.012,77,14,+71.698,+0.820
6845.465,77,14,+71.724,+0.831
6846.247,77,14,+71.730,+0.840
6850.559,77,14,+71.679,+0.973
6851.731,77,14,+71.659,+1.009
6854.137,77,14,+71.883,+1.178
6859.537,77,14,+72.298,+1.382
6865.187,77,14,+72.656,+1.717
6868.776,77,14,+72.793,+1.668
6872.401,77,14,+72.795,+1.689
6879.76,77,14,+73.183,+1.872
6883.651,77,14,+73.389,+2.091
6887.973,77,14,+73.649,+2.375
6893.891,77,14,+73.962,+2.570
6898.776,77,14,+74.201,+2.664
6902.816,77,14,+74.238,+2.658
6909.378,77,14,+74.545,+2.875
6915.003,77,14,+74.773,+2.984
6919.3,77,14,+74.899,+3.063
6923.785,77,14,+74.869,+3.025
6927.503,77,14,+74.853,+2.998
6936.066,77,14,+75.182,+3.157
6940.316,77,14,+75.248,+3.206
6941.31,77,14,+75.305,+3.212
6943.703,77,14,+75.374,+3.284
6945.16,77,14,+75.397,+3.296
6945.903,77,14,+75.404,+3.302
6950.237,77,14,+75.380,+3.308
6951.472,77,14,+75.375,+3.313
6953.774,77,14,+75.461,+3.456
6959.024,77,14,+75.768,+3.699
6964.79,77,14,+76.140,+4.005
6968.337,77,14,+76.247,+4.009
6971.881,77,14,+76.202,+3.987
6979.067,77,14,+76.364,+4.160
6982.977,77,14,+76.557,+4.386
6987.281,77,14,+76.850,+4.672
6993.295,77,14,+77.290,+4.945
6998.097,77,14,+77.458,+5.060
7002.144,77,14,+77.481,+5.060
7008.675,77,14,+77.796,+5.240
7014.785,77,14,+77.995,+5.357
7018.628,77,14,+78.103,+5.431
7023.175,77,14,+78.147,+5.482
7026.988,77,14,+78.176,+5.540
7035.597,77,14,+78.584,+5.758
7039.884,77,14,+78.701,+5.872
7040.904,77,14,+78.791,+5.943
7043.293,77,14,+78.883,+6.037
7044.682,77,14,+78.901,+6.037
7045.463,77,14,+78.906,+6.058
7049.682,77,13,+78.906,+6.058
7049.76,77,13,+78.890,+6.063
7051.041,77,13,+78.889,+6.071
7053.323,77,13,+78.990,+6.208
7058.581,77,13,+79.429,+6.509
7064.419,77,13,+79.733,+6.798
7067.914,77,13,+79.801,+6.827
7071.523,77,13,+79.785,+6.817
7078.802,77,13,+80.132,+7.013
7082.677,77,13,+80.334,+7.227
7086.962,77,14,+80.334,+7.227
7087.517,77,14,+81.154,+0.484
7093.801,77,14,+81.850,+0.978
7098.646,77,14,+82.085,+1.097
7102.789,77,14,+82.196,+1.154
7109.382,77,14,+82.452,+1.356
7114.976,77,14,+82.636,+1.397
7119.274,77,14,+82.774,+1.392
7123.791,77,14,+82.776,+1.288
7127.492,77,14,+82.728,+1.061
7136.12,77,14,+83.077,+1.135
7140.37,77,14,+83.210,+1.110
7141.417,77,14,+83.320,+1.140
7143.807,77,14,+83.422,+1.223
7145.26,77,14,+83.442,+1.220
7146.026,77,14,+83.444,+1.199
7150.213,77,14,+83.372,+1.013
7151.463,77,14,+83.347,+0.960
7153.792,77,14,+83.485,+1.038
7159.01,77,14,+83.729,+1.382
7164.807,77,14,+84.143,+1.628
7168.354,77,14,+84.240,+1.639
7171.932,77,14,+84.207,+1.487
7179.198,77,14,+84.481,+1.694
7183.057,77,14,+84.649,+1.845
7187.396,77,14,+84.895,+2.031
7193.407,77,14,+85.344,+2.263
7198.257,77,14,+85.617,+2.354
7202.329,77,14,+85.689,+2.338
7208.904,77,14,+86.045,+2.519
7214.545,77,14,+86.285,+2.544
7218.842,77,14,+86.397,+2.563
7223.372,77,14,+86.433,+2.549
7227.104,77,14,+86.419,+2.452
7235.639,77,14,+86.471,+2.657
7239.874,77,14,+86.574,+2.673
7240.874,77,14,+86.646,+2.697
7243.28,77,14,+86.711,+2.791
7244.702,77,14,+86.729,+2.809
7245.436,77,14,+86.729,+2.813
7249.671,77,14,+86.666,+2.861
7250.905,77,14,+86.649,+2.870
7253.139,77,14,+86.688,+2.903
7258.504,77,14,+87.194,+3.239
7264.102,77,14,+87.477,+3.449
7267.682,77,14,+87.584,+3.468
7271.246,77,14,+87.579,+3.335
7278.581,77,14,+87.937,+3.553
7282.46,77,14,+88.157,+3.691
7286.764,77,14,+88.451,+3.907
7292.847,77,14,+88.993,+4.288
7297.683,77,14,+89.244,+4.371
7301.757,77,14,+89.294,+4.331
7308.334,77,14,+89.627,+4.479
7313.876,77,14,+89.811,+4.438
7318.182,77,14,+89.953,+4.476
7322.732,77,14,+90.003,+4.402
7326.467,77,14,+90.030,+4.218
7335.067,77,15,+90.030,+4.218
7335.521,77,15,+90.838,+0.394
7339.843,77,15,+90.977,+0.517
7340.882,77,15,+91.084,+0.608
7343.315,77,15,+91.226,+0.804
7344.783,77,15,+91.246,+0.829
7345.473,77,15,+91.250,+0.830
7349.772,77,15,+91.263,+0.790
7350.98,77,15,+91.270,+0.790
7353.402,77,15,+91.526,+1.037
7358.666,77,15,+91.908,+1.331
7364.373,77,15,+92.217,+1.746
7367.947,77,15,+92.337,+1.759
7371.618,77,15,+92.396,+1.768
7378.921,77,15,+92.733,+2.030
7382.666,77,15,+92.792,+2.041
7386.882,77,15,+92.963,+2.233
7392.947,77,15,+93.537,+2.621
7397.797,77,15,+93.782,+2.797
7401.882,77,15,+93.862,+2.846
7408.457,77,15,+94.188,+3.035
7414.109,77,15,+94.496,+3.325
7418.42,77,15,+94.632,+3.377
7422.884,77,15,+94.600,+3.113
7426.508,77,15,+94.537,+2.822
7435.105,77,15,+94.899,+2.855
7439.46,77,15,+95.096,+3.020
7440.564,77,15,+95.222,+3.136
7443.017,77,15,+95.421,+3.384
7444.473,77,15,+95.475,+3.436
7445.253,77,15,+95.490,+3.448
7449.919,77,15,+95.919,+3.853
7451.469,77,15,1 L,+4.173
7454.105,77,15,1 L,+4.666
7459.504,77,15,1 L,+5.067
7465.119,77,15,1 L,+5.309
7468.682,77,15,1 L,+5.337
7472.301,77,15,1 L,+5.315
7479.621,77,15,1 L,+5.563
7483.307,77,15,1 L,+5.560
7487.481,77,15,1 L,+5.707
7493.432,77,15,1 L,+6.043
7498.27,77,15,1 L,+6.253
7502.402,77,15,1 L,+6.319
7509.072,77,15,1 L,+6.617
7514.622,77,15,1 L,+6.815
7518.935,77,15,1 L,+6.866
7523.502,77,15,1 L,+6.742
7527.302,77,15,1 L,+6.683
7535.927,77,15,1 L,+6.708
7540.207,77,15,1 L,+6.852
7541.264,77,15,1 L,+6.961
7543.611,77,15,1 L,+7.110
7545.073,77,15,1 L,+7.137
7545.82,77,15,1 L,+7.146
7550.082,77,15,1 L,+7.190
7551.339,77,15,1 L,+7.217
7553.618,77,15,1 L,+7.304
7558.802,77,15,1 L,+7.556
7564.473,77,15,1 L,+7.851
7568.027,77,15,1 L,+7.845
7571.673,77,15,1 L,+7.862
7578.901,77,15,1 L,+8.073
7582.633,77,15,1 L,+8.097
7586.765,77,15,1 L,+8.217
7592.686,77,15,1 L,+8.489
7597.546,77,15,1 L,+8.675
7601.673,77,15,1 L,+8.776
7608.282,77,15,1 L,+8.989
7613.977,77,15,1 L,+9.366
7618.362,77,15,1 L,+9.501
7622.947,77,15,1 L,+9.397
7626.702,77,15,1 L,+9.318
7635.824,77,15,1 L,+10.044
7640.146,77,15,1 L,+10.223
7641.191,77,15,1 L,+10.348
7643.663,77,15,1 L,+10.558
7645.105,77,15,1 L,+10.590
7645.894,77,15,1 L,+10.598
7650.157,77,15,1 L,+10.626
7651.402,77,15,1 L,+10.645
7653.645,77,15,1 L,+10.772
7658.773,77,15,1 L,+11.015
7664.512,77,15,1 L,+11.230
7668.036,77,15,1 L,+11.200
7671.648,77,15,1 L,+11.182
7678.885,77,15,1 L,+11.308
7682.623,77,15,1 L,+11.231
7686.787,77,15,1 L,+11.237
7692.705,77,15,1 L,+11.423
7697.593,77,15,1 L,+11.578
7701.674,77,15,1 L,+11.653
7708.283,77,15,1 L,+11.849
7713.835,77,15,1 L,+11.920
7718.143,77,15,1 L,+11.939
7722.702,77,15,1 L,+11.955
7726.52,77,15,1 L,+11.229
7735.108,77,15,1 L,+10.789
7739.361,77,15,1 L,+23.881
7740.402,77,15,1 L,+24.182
7744.887,77,15,1 L,+10.943
7750.308,77,14,1 L,+10.943
7750.389,77,14,1 L,+11.027
7752.648,77,14,1 L,+11.030
7757.899,77,14,1 L,+11.100
7763.557,77,14,1 L,+11.312
7767.085,77,14,1 L,+11.711
7770.748,77,14,1 L,+11.720
7777.899,77,14,1 L,+11.430
7781.613,77,14,1 L,+11.488
7785.783,77,14,1 L,+11.443
7791.661,77,14,1 L,+11.565
7796.482,77,14,1 L,+11.597
7800.592,77,14,1 L,+11.578
7807.232,77,14,1 L,+11.737
7812.78,77,14,1 L,+11.762
7817.045,77,14,1 L,+11.751
7821.628,77,14,1 L,+11.707
7825.283,77,15,1 L,+11.707
7825.512,77,15,1 L,+0.130
7834.374,77,15,1 L,+0.489
7838.641,77,15,1 L,+0.619
7839.673,77,15,1 L,+0.692
7842.147,77,15,1 L,+0.899
7843.624,77,15,1 L,+0.952
7844.369,77,15,1 L,+0.971
7848.562,77,15,1 L,+1.058
7849.736,77,15,1 L,+1.072
7852.048,77,15,1 L,+1.247
7857.174,77,15,1 L,+1.346
7862.964,77,15,1 L,+1.645
7866.459,77,15,1 L,+1.726
7870.099,77,15,1 L,+1.728
7877.318,77,15,1 L,+1.836
7881.021,77,15,1 L,+1.824
7885.216,77,15,1 L,+1.889
7891.177,77,15,1 L,+2.284
7896.05,77,15,1 L,+2.588
7900.106,77,15,1 L,+2.696
7906.637,77,15,1 L,+2.823
7912.368,77,15,1 L,+3.223
7916.661,77,15,1 L,+3.339
7921.119,77,15,1 L,+3.236
7924.803,77,15,1 L,+3.094
7933.381,77,15,1 L,+3.205
7937.678,77,15,1 L,+3.325
7938.707,77,15,1 L,+3.362
7941.085,77,15,1 L,+3.493
7942.5,77,15,1 L,+3.533
7943.268,77,15,1 L,+3.547
7947.471,77,15,1 L,+3.565
7948.643,77,15,1 L,+3.570
7950.945,77,15,1 L,+3.769
7956.004,77,15,1 L,+3.920
7961.77,77,15,1 L,+4.281
7965.291,77,15,1 L,+4.425
7968.935,77,15,1 L,+4.452
7976.161,77,15,1 L,+4.597
7979.885,77,15,1 L,+4.587
7984.048,77,15,1 L,+4.639
7989.977,77,15,1 L,+5.005
7994.884,77,15,1 L,+5.290
7998.993,77,15,1 L,+5.424
8005.555,77,15,1 L,+5.645
8011.227,77,15,1 L,+5.953
8015.477,77,15,1 L,+6.070
8020.055,77,15,1 L,+6.088
8023.884,77,15,1 L,+6.092
8032.618,77,15,1 L,+6.307
8037.884,77,15,1 L,+7.412
8038.99,77,15,1 L,+7.557
8043.652,77,15,1 L,+7.822
8047.756,77,14,1 L,+7.822
8047.803,77,14,1 L,+7.774
8048.912,77,14,1 L,+7.750
8051.318,77,14,1 L,+7.995
8056.396,77,14,1 L,+8.238
8062.146,77,14,1 L,+8.598
8065.709,77,14,1 L,+8.723
8069.35,77,14,1 L,+8.735
8076.6,77,14,1 L,+8.966
8080.303,77,14,1 L,+8.925
8084.506,77,14,1 L,+9.041
8090.725,77,14,1 L,+9.351
8095.272,77,14,1 L,+9.592
8099.381,77,14,1 L,+9.694
8105.85,77,14,1 L,+9.813
8111.506,77,14,1 L,+10.029
8115.803,77,14,1 L,+10.204
8120.272,77,14,1 L,+10.144
8123.943,77,14,1 L,+10.070
8133.365,77,14,1 L,+15.841
8137.662,77,14,1 L,+16.017
8138.694,77,14,1 L,+16.392
8143.365,77,14,1 L,+10.680
8147.444,77,13,1 L,+10.680
8147.506,77,13,1 L,+11.392
8148.709,77,13,1 L,+11.386
8151.006,77,13,1 L,+11.531
8156.1,77,13,1 L,+11.751
8161.834,77,13,1 L,+12.114
8165.412,77,13,1 L,+12.200
8169.037,77,13,1 L,+12.252
8176.366,77,13,1 L,+12.503
8180.069,77,13,1 L,+12.467
8184.256,77,13,1 L,+12.505
8190.146,77,13,1 L,+12.815
8195.037,77,13,1 L,+13.074
8199.105,77,13,1 L,+13.192
8205.696,77,13,1 L,+13.388
8211.439,77,13,1 L,+13.715
8215.703,77,13,1 L,+13.816
8220.158,77,13,1 L,+13.742
8223.883,77,13,1 L,+13.647
8232.393,77,13,1 L,+13.779
8236.649,77,13,1 L,+13.917
8237.691,77,13,1 L,+13.991
8240.106,77,13,1 L,+14.125
8241.503,77,13,1 L,+14.150
8242.275,77,13,1 L,+14.164
8246.493,77,13,1 L,+14.250
8247.727,77,13,1 L,+14.275
8250.004,77,13,1 L,+14.439
8255.206,77,13,1 L,+14.778
8260.878,77,13,1 L,+15.068
8264.474,77,13,1 L,+15.206
8268.068,77,13,1 L,+15.225
8275.34,77,13,1 L,+15.327
8279.068,77,13,1 L,+15.287
8283.175,77,13,1 L,+15.292
8289.099,77,13,1 L,+15.648
8293.974,77,13,1 L,+15.826
8298.024,77,13,1 L,+15.927
8304.583,77,13,1 L,+16.119
8310.274,77,13,1 L,+16.445
8314.566,77,13,1 L,+16.575
8319.132,77,13,1 L,+16.591
8322.95,77,13,1 L,+16.565
8331.494,77,13,1 L,+16.697
8335.774,77,13,1 L,+16.799
8336.84,77,13,1 L,+16.860
8339.195,77,13,1 L,+17.009
8340.635,77,13,1 L,+17.054
8341.368,77,13,1 L,+17.075
8345.625,77,13,1 L,+17.200
8346.828,77,13,1 L,+17.237
8349.125,77,13,1 L,+17.383
8354.297,77,13,1 L,+17.618
8360.031,77,13,1 L,+17.940
8363.547,77,13,1 L,+18.001
8367.141,77,13,1 L,+18.003
8374.406,77,13,1 L,+18.204
8378.126,77,13,1 L,+18.180
8382.281,77,13,1 L,+18.184
8388.219,77,13,1 L,+18.503
8393.078,77,13,1 L,+18.742
8397.157,77,13,1 L,+18.855
8403.719,77,13,1 L,+19.008
8409.422,77,13,1 L,+19.278
8413.703,77,13,1 L,+19.391
8418.297,77,13,1 L,+19.427
8422.094,77,13,1 L,+19.470
8430.803,77,13,1 L,+19.688
8435.022,77,13,1 L,+19.847
8436.037,77,13,1 L,+19.918
8438.397,77,13,1 L,+20.035
8439.834,77,13,1 L,+20.066
8440.584,77,13,1 L,+20.084
8444.881,77,13,1 L,+20.220
8446.1,77,13,1 L,+20.264
8448.428,77,13,1 L,+20.446
8453.674,77,13,1 L,+20.792
8459.294,77,13,1 L,+21.003
8462.859,77,13,1 L,+21.112
8466.462,77,13,1 L,+21.135
8473.641,77,13,1 L,+21.248
8477.359,77,13,1 L,+21.208
8481.524,77,13,1 L,+21.257
8487.437,77,13,1 L,+21.548
8492.308,77,13,1 L,+21.753
8496.368,77,13,1 L,+21.846
8502.903,77,13,1 L,+21.880
8508.623,77,13,1 L,+22.182
8512.962,77,13,1 L,+22.343
8517.578,77,13,1 L,+22.410
8521.404,77,13,1 L,+22.499
8530.059,77,13,1 L,+22.615
8534.334,77,13,1 L,+22.742
8535.307,77,13,1 L,+22.822
8537.75,77,13,1 L,+22.965
8539.164,77,13,1 L,+23.008
8539.888,77,13,1 L,+23.029
8544.179,77,13,1 L,+23.170
8545.405,77,13,1 L,+23.218
8547.737,77,13,1 L,+23.422
8552.941,77,13,1 L,+23.661
8558.613,77,13,1 L,+23.872
8562.191,77,13,1 L,+24.005
8565.895,77,13,1 L,+24.145
8573.223,77,13,1 L,+24.301
8576.926,77,13,1 L,+24.264
8581.098,77,13,1 L,+24.324
8587.082,77,13,1 L,+24.564
8591.957,77,13,1 L,+24.763
8596.068,77,13,1 L,+24.859
8602.601,77,13,1 L,+24.943
8608.319,77,13,1 L,+25.197
8612.618,77,13,1 L,+25.305
8617.175,77,13,1 L,+25.350
8620.912,77,13,1 L,+25.342
8629.619,77,13,1 L,+25.480
8633.876,77,13,1 L,+25.590
8634.904,77,13,1 L,+25.629
8637.306,77,13,1 L,+25.770
8638.769,77,13,1 L,+25.810
8639.514,77,13,1 L,+25.828
8643.716,77,13,1 L,+25.884
8644.923,77,13,1 L,+25.901
8647.209,77,13,1 L,+26.047
8652.468,77,13,1 L,+26.363
8658.21,77,13,1 L,+26.505
8661.773,77,13,1 L,+26.594
8665.398,77,13,1 L,+26.659
8672.648,77,13,1 L,+26.774
8676.369,77,13,1 L,+26.772
8680.586,77,13,1 L,+26.833
8686.538,77,13,1 L,+27.045
8691.468,77,13,1 L,+27.249
8695.556,77,13,1 L,+27.387
8702.16,77,13,1 L,+27.496
8707.815,77,13,1 L,+27.668
8712.084,77,13,1 L,+27.754
8716.637,77,13,1 L,+27.800
8720.402,77,13,1 L,+27.817
8729.006,77,13,1 L,+27.928
8733.275,77,13,1 L,+28.032
8734.328,77,13,1 L,+28.114
8736.735,77,13,1 L,+28.257
8738.18,77,13,1 L,+28.289
8738.912,77,13,1 L,+28.306
8743.15,77,13,1 L,+28.403
8744.363,77,13,1 L,+28.437
8746.729,77,13,1 L,+28.656
8751.942,77,13,1 L,+28.808
8757.55,77,13,1 L,+28.873
8761.15,77,13,1 L,+28.986
8764.722,77,13,1 L,+29.014
8771.975,77,13,1 L,+29.032
8775.685,77,13,1 L,+28.982
8779.914,77,13,1 L,+29.085
8785.875,77,13,1 L,+29.311
8790.784,77,13,1 L,+29.461
8794.864,77,13,1 L,+29.575
8801.442,77,13,1 L,+29.591
8807.185,77,13,1 L,+29.832
8811.48,77,13,1 L,+29.964
8816.04,77,13,1 L,+30.037
8819.828,77,13,1 L,+30.119
8828.438,77,13,1 L,+30.113
8832.654,77,13,1 L,+30.250
8833.684,77,13,1 L,+30.306
8836.087,77,13,1 L,+30.430
8837.535,77,13,1 L,+30.474
8838.258,77,13,1 L,+30.495
8842.475,77,13,1 L,+30.570
8843.669,77,13,1 L,+30.594
8845.948,77,13,1 L,+30.722
8850.944,77,13,1 L,+30.770
8856.885,77,13,1 L,+30.917
8860.319,77,13,1 L,+30.996
8863.96,77,13,1 L,+31.047
8871.34,77,13,1 L,+31.159
8875.039,77,13,1 L,+31.126
8879.275,77,13,1 L,+31.254
8885.285,77,13,1 L,+31.433
8890.146,77,13,1 L,+31.520
8894.254,77,13,1 L,+31.639
8900.875,77,13,1 L,+31.666
8906.671,77,13,1 L,+31.890
8911.023,77,13,1 L,+32.058
8915.565,77,13,1 L,+32.121
8919.314,77,13,1 L,+32.146
8927.861,77,13,1 L,+32.155
8932.111,77,13,1 L,+32.244
8933.127,77,13,1 L,+32.307
8935.502,77,13,1 L,+32.404
8936.955,77,13,1 L,+32.428
8937.689,77,13,1 L,+32.441
8941.877,77,13,1 L,+32.513
8943.096,77,13,1 L,+32.546
8945.346,77,13,1 L,+32.640
8950.502,77,13,1 L,+32.669
8956.096,77,13,1 L,+32.646
8959.611,77,13,1 L,+32.647
8963.205,77,13,1 L,+32.713
8970.403,77,13,1 L,+32.695
8974.109,77,13,1 L,+32.700
8978.185,77,13,1 L,+32.690
8984.088,77,13,1 L,+32.720
8988.987,77,13,1 L,+32.807
8993.022,77,13,1 L,+32.877
8999.485,77,13,1 L,+32.741
9005.117,77,13,1 L,+32.749
9009.414,77,13,1 L,+32.832
9013.964,77,13,1 L,+32.917
9017.827,77,13,1 L,+33.135
9026.376,77,13,1 L,+33.097
9030.47,77,13,1 L,+33.094
9031.505,77,13,1 L,+33.155
9033.905,77,13,1 L,+33.276
9035.319,77,13,1 L,+33.306
9036.109,77,13,1 L,+33.330
9138.164,77,13,1L,+33.330
13.093,18,20,,
3392.877,18,20,+2.382,+0.373
3393.796,18,21,+2.382,+0.373
3394.024,18,18,+2.382,+0.373
3394.099,18,18,+2.338,+0.227
3397.251,18,18,+3.005,+0.310
3403.252,18,18,+4.010,+0.477
3410.655,18,17,+4.010,+0.477
3410.745,18,17,+6.016,+1.238
3414.361,18,17,+6.184,+1.133
3417.969,18,17,+6.234,+1.157
3425.694,18,17,+6.816,+0.984
3429.516,18,17,+6.875,+0.983
3433.969,18,17,+7.182,+0.942
3440.362,18,17,+7.885,+0.901
3445.254,18,17,+8.203,+0.556
3449.276,18,17,+8.161,+0.476
3456.442,18,17,+8.972,+0.491
3461.876,18,17,+8.972,+0.469
3466.266,18,16,+8.972,+0.469
3466.354,18,16,+9.213,+0.600
3471.004,18,16,+9.195,+0.722
3474.598,18,16,+9.096,+0.883
3483.489,18,16,+9.606,+0.586
3488.041,18,16,+9.741,+0.759
3489.101,18,16,+9.820,+0.744
3491.567,18,16,+9.977,+0.724
3493.052,18,16,+10.010,+0.734
3493.778,18,16,+10.023,+0.752
3498.12,18,16,+10.058,+0.988
3499.312,18,16,+10.035,+1.038
3501.677,18,16,+9.843,+0.899
3507.099,18,16,+10.059,+0.651
3512.927,18,16,+10.283,+0.562
3516.569,18,16,+10.384,+0.639
3520.217,18,16,+10.241,+0.745
3527.802,18,16,+10.382,+0.557
3531.795,18,16,+10.604,+0.729
3536.196,18,16,+10.773,+0.765
3542.48,18,16,+11.172,+0.547
3547.428,18,16,+11.422,+0.540
3551.677,18,16,+11.541,+0.749
3558.429,18,16,+11.904,+0.651
3564.06,18,16,+12.081,+0.751
3568.406,18,16,+11.824,+0.737
3573.041,18,16,+12.028,+0.958
3576.777,18,16,+12.152,+1.261
3585.514,18,16,+12.506,+1.012
3589.952,18,16,+12.682,+1.109
3591.03,18,16,+12.728,+1.029
3593.446,18,16,+12.828,+0.946
3594.861,18,16,+12.858,+0.938
3595.627,18,16,+12.859,+0.948
3599.93,18,16,+12.736,+1.100
3601.129,18,16,+12.709,+1.164
3603.555,18,16,+12.686,+1.101
3608.792,18,16,+13.052,+0.910
3614.612,18,16,+13.333,+1.022
3618.277,18,16,+13.577,+1.120
3622.06,18,16,+13.714,+1.448
3629.537,18,16,+13.976,+1.278
3633.542,18,16,+14.234,+1.388
3637.975,18,16,+14.404,+1.044
3644.38,18,16,+15.094,+1.137
3649.289,18,16,+15.417,+1.088
3653.54,18,16,+15.608,+1.054
3660.281,18,16,+15.950,+0.996
3665.97,18,16,+16.223,+1.045
3670.301,18,16,+16.355,+1.063
3674.997,18,16,+16.388,+1.274
3678.821,18,16,+16.363,+1.546
3687.345,18,16,+16.407,+1.378
3691.804,18,16,+16.536,+1.407
3692.751,18,16,+16.560,+1.361
3695.166,18,16,+16.610,+1.299
3696.599,18,16,+16.638,+1.314
3697.438,18,16,+16.644,+1.334
3701.797,18,16,+16.605,+1.570
3703.042,18,16,+16.595,+1.626
3705.416,18,16,+16.651,+1.547
3710.72,18,16,+16.804,+1.279
3716.357,18,16,+17.005,+1.176
3719.967,18,16,+17.178,+1.141
3723.888,18,16,+17.433,+1.362
3731.389,18,16,+17.870,+1.420
3735.436,18,16,+18.230,+1.574
3740.233,18,16,+18.763,+1.914
3746.483,18,16,+19.270,+2.078
3751.3,18,16,+19.546,+2.004
3755.519,18,16,+19.778,+2.083
3762.128,18,16,+20.104,+1.863
3767.675,18,16,+20.255,+1.823
3772.034,18,16,+20.375,+1.810
3776.76,18,16,+20.498,+2.060
3780.631,18,16,+20.564,+2.400
3789.334,18,16,+20.846,+2.432
3793.662,18,16,+20.967,+2.527
3794.777,18,16,+20.990,+2.449
3797.013,18,16,+21.060,+2.363
3798.478,18,16,+21.098,+2.326
3799.26,18,16,+21.104,+2.284
3803.568,18,16,+20.970,+2.003
3804.783,18,16,+20.944,+1.980
3807.161,18,16,+21.007,+1.966
3812.33,18,16,+21.286,+1.783
3817.943,18,16,+21.328,+1.676
3821.564,18,16,+21.507,+1.617
3825.424,18,16,+21.757,+1.746
3832.783,18,16,+22.006,+1.640
3836.752,18,16,+22.247,+1.594
3841.346,18,16,+22.579,+1.662
3847.549,18,16,+23.001,+1.759
3852.314,18,16,+23.161,+1.704
3856.487,18,16,+23.326,+1.776
3863.217,18,16,+23.668,+1.632
3868.822,18,16,+23.859,+1.567
3873.221,18,16,+24.004,+1.548
3878.003,18,16,+24.106,+1.762
3881.8,18,16,+24.153,+2.069
3890.428,18,16,+24.237,+1.970
3894.677,18,16,+24.404,+2.013
3895.677,18,16,+24.432,+1.937
3898.085,18,16,+24.520,+1.864
3899.476,18,16,+24.553,+1.867
3900.281,18,16,+24.561,+1.880
3904.627,18,16,+24.517,+2.065
3905.876,18,16,+24.514,+2.137
3908.315,18,16,+24.619,+2.132
3913.505,18,16,+25.025,+2.077
3919.082,18,16,+25.173,+1.974
3922.753,18,16,+25.331,+1.989
3926.612,18,16,+25.559,+2.181
3933.878,18,16,+25.769,+2.101
3937.925,18,16,+26.057,+2.204
3942.503,18,16,+26.407,+2.367
3948.488,18,16,+26.688,+2.153
3953.3,18,16,+26.858,+2.061
3957.533,18,16,+27.046,+2.152
3964.188,18,16,+27.368,+1.993
3969.762,18,16,+27.582,+2.065
3974.16,18,16,+27.741,+2.063
3978.86,18,16,+27.853,+2.330
3982.746,18,16,+27.927,+2.715
3991.409,18,16,+28.159,+2.289
3995.712,18,16,+28.308,+2.228
3996.676,18,16,+28.343,+2.161
3998.997,18,16,+28.335,+2.012
4000.457,18,16,+28.355,+1.975
4001.227,18,16,+28.360,+1.958
4005.582,18,16,+28.310,+1.911
4006.86,18,16,+28.304,+1.913
4009.202,18,16,+28.303,+1.835
4014.576,18,16,+28.615,+2.058
4020.059,18,16,+28.749,+1.845
4023.684,18,16,+28.901,+1.867
4027.551,18,16,+29.129,+2.045
4034.855,18,16,+29.388,+1.818
4038.868,18,16,+29.672,+1.809
4043.36,18,16,+29.910,+1.754
4049.436,18,16,+30.228,+1.733
4054.249,18,16,+30.421,+1.700
4058.499,18,16,+30.609,+1.701
4065.247,18,16,+31.047,+1.628
4070.843,18,16,+31.202,+1.542
4075.186,18,16,+31.354,+1.547
4079.858,18,16,+31.446,+1.671
4083.702,18,16,+31.470,+1.800
4092.265,18,16,+31.623,+1.369
4096.577,18,16,+31.723,+1.281
4097.577,18,16,+31.736,+1.225
4100.03,18,16,+31.857,+1.248
4101.398,18,16,+31.893,+1.252
4102.242,18,16,+31.904,+1.255
4106.567,18,16,+31.869,+1.280
4107.833,18,16,+31.855,+1.284
4110.192,18,16,+31.912,+1.312
4115.394,18,16,+32.157,+1.598
4121.05,18,16,+32.393,+1.466
4124.667,18,16,+32.527,+1.523
4128.5,18,16,+32.766,+1.556
4135.828,18,16,+33.032,+1.342
4139.843,18,16,+33.314,+1.370
4144.5,18,16,+33.737,+1.555
4150.596,18,16,+34.113,+1.533
4155.429,18,16,+34.313,+1.537
4159.683,18,16,+34.493,+1.556
4166.402,18,16,+34.909,+1.623
4172.017,18,16,+35.102,+1.480
4176.376,18,16,+35.245,+1.483
4181.051,18,16,+35.347,+1.582
4185.178,18,16,+35.385,+1.733
4193.438,18,16,+35.456,+1.507
4197.829,18,16,+35.615,+1.455
4198.802,18,16,+35.660,+1.426
4201.129,18,16,+35.724,+1.354
4202.567,18,16,+35.753,+1.327
4203.355,18,16,+35.756,+1.316
4207.719,18,16,+35.680,+1.267
4208.967,18,16,+35.665,+1.265
4211.383,18,16,+35.723,+1.296
4216.497,18,16,+36.004,+1.440
4222.204,18,16,+36.252,+1.333
4225.755,18,16,+36.306,+1.298
4229.576,18,16,+36.476,+1.240
4236.881,18,16,+36.730,+1.034
4240.85,18,16,+36.967,+0.973
4245.273,18,16,+37.188,+0.868
4251.368,18,16,+37.471,+0.748
4256.255,18,16,+37.649,+0.698
4260.431,18,16,+37.736,+0.617
4267.161,18,16,+38.197,+0.631
4272.749,18,16,+38.358,+0.477
4277.131,18,16,+38.522,+0.508
4281.693,18,16,+38.525,+0.462
4285.381,18,16,+38.432,+0.385
4294.241,18,16,+38.880,+0.556
4298.6,18,16,+39.048,+0.533
4299.584,18,16,+39.116,+0.517
4301.99,18,16,+39.227,+0.559
4303.428,18,16,+39.266,+0.563
4304.256,18,16,+39.283,+0.568
4308.572,18,13,+39.283,+0.568
4308.653,18,13,+39.315,+0.600
4309.898,18,13,+39.307,+0.593
4312.309,18,13,+39.429,+0.681
4321.162,18,14,+39.429,+0.681
4325.499,18,15,+39.429,+0.681
4327.071,18,16,+39.429,+0.681
4329.67,18,17,+39.429,+0.681
4331.876,18,18,+39.429,+0.681
9138.164,18,18,47L,23L
13.093,11,21,,
3392.861,11,21,+2.202,
3393.796,11,16,+2.202,
3393.885,11,16,+2.102,+0.199
3396.876,11,16,+2.622,+0.234
3402.296,11,15,+2.622,+0.234
3402.378,11,15,+3.144,+0.084
3409.236,11,16,+3.144,+0.084
3409.424,11,17,+3.144,+0.084
3410.655,11,18,+3.144,+0.084
3416.528,11,18,+11.863,+5.847
3420.866,11,18,+12.698,+6.514
3424.85,11,18,+13.080,+6.846
3432.36,11,18,+13.540,+6.724
3436.188,11,18,+13.536,+6.661
3440.641,11,18,+13.854,+6.672
3446.718,11,18,+14.283,+6.398
3451.571,11,18,+14.497,+6.294
3455.7,11,18,+14.570,+6.409
3462.586,11,18,+15.145,+6.173
3468.278,11,18,+15.354,+10.862
3472.645,11,17,+15.354,+10.862
3472.723,11,17,+15.556,+6.343
3477.317,11,17,+15.568,+6.373
3480.973,11,17,+15.467,+6.371
3489.676,11,17,+15.749,+6.143
3493.819,11,17,+15.555,+5.814
3494.845,11,17,+15.512,+5.692
3497.337,11,17,+15.608,+5.631
3498.629,11,17,+15.633,+5.623
3499.407,11,17,+15.641,+5.618
3503.677,11,17,+15.642,+5.584
3504.88,11,17,+15.618,+5.583
3507.317,11,17,+15.487,+5.644
3512.63,11,17,+15.664,+5.605
3518.242,11,17,+15.642,+5.359
3521.827,11,17,+15.675,+5.291
3525.629,11,17,+15.662,+5.421
3533.049,11,17,+15.643,+5.261
3536.794,11,17,+15.617,+5.013
3541.166,11,17,+15.755,+4.982
3547.233,11,17,+15.904,+4.732
3552.085,11,17,+16.084,+4.662
3556.341,11,17,+16.219,+4.678
3563.203,11,17,+16.629,+4.725
3568.76,11,17,+16.411,+4.685
3573.212,11,17,+16.571,+4.747
3577.775,11,17,+16.798,+4.770
3581.577,11,17,+16.939,+4.787
3590.499,11,17,+17.505,+4.999
3594.81,11,17,+17.551,+4.869
3595.819,11,17,+17.565,+4.837
3598.229,11,17,+17.686,+4.858
3599.729,11,17,+17.715,+4.857
3600.484,11,17,+17.713,+4.854
3604.75,11,17,+17.561,+4.825
3605.935,11,17,+17.516,+4.807
3608.367,11,17,+17.504,+4.818
3613.697,11,17,+17.909,+4.857
3619.352,11,17,+18.092,+4.759
3622.978,11,17,+18.239,+4.662
3626.656,11,17,+18.318,+4.604
3634.464,11,17,+18.885,+4.909
3638.295,11,17,+18.962,+4.728
3642.506,11,17,+18.953,+4.549
3648.616,11,17,+19.317,+4.223
3653.493,11,17,+19.620,+4.203
3657.776,11,17,+19.856,+4.248
3664.571,11,17,+20.185,+4.235
3670.175,11,17,+20.446,+4.223
3674.623,11,17,+20.625,+4.270
3679.227,11,17,+20.660,+4.272
3683.119,11,17,+20.655,+4.292
3691.776,11,17,+20.790,+4.383
3696.118,11,17,+20.851,+4.315
3697.076,11,17,+20.850,+4.290
3699.476,11,17,+20.905,+4.295
3700.937,11,17,+20.927,+4.289
3701.696,11,17,+20.924,+4.280
3706.007,11,17,+20.813,+4.208
3707.202,11,17,+20.783,+4.188
3709.607,11,17,+20.854,+4.203
3715.002,11,17,+21.184,+4.380
3720.62,11,17,+21.270,+4.265
3724.203,11,17,+21.406,+4.228
3727.842,11,17,+21.413,+3.980
3735.139,11,17,+21.653,+3.783
3739.061,11,17,+21.833,+3.603
3743.608,11,17,+22.127,+3.364
3749.766,11,17,+22.574,+3.304
3754.612,11,17,+22.900,+3.354
3758.831,11,17,+23.060,+3.282
3765.534,11,17,+23.558,+3.454
3771.254,11,17,+23.816,+3.561
3775.696,11,17,+24.004,+3.629
3780.241,11,17,+23.998,+3.500
3783.99,11,17,+23.904,+3.340
3792.693,11,17,+24.191,+3.345
3796.997,11,17,+24.286,+3.319
3797.976,11,17,+24.307,+3.317
3800.388,11,17,+24.423,+3.363
3801.875,11,17,+24.465,+3.367
3802.629,11,17,+24.464,+3.360
3806.856,11,17,+24.257,+3.287
3808.029,11,17,+24.205,+3.261
3810.502,11,17,+24.350,+3.343
3815.783,11,17,+24.778,+3.492
3821.392,11,17,+24.802,+3.474
3825.08,11,17,+25.011,+3.504
3828.689,11,17,+25.033,+3.276
3836.08,11,17,+25.308,+3.302
3839.986,11,17,+25.478,+3.231
3844.392,11,17,+25.632,+3.053
3850.627,11,17,+26.113,+3.112
3855.471,11,17,+26.357,+3.196
3859.686,11,17,+26.499,+3.173
3866.586,11,17,+27.065,+3.397
3872.278,11,17,+27.310,+3.451
3876.753,11,17,+27.541,+3.537
3881.32,11,17,+27.546,+3.440
3885.115,11,17,+27.480,+3.327
3893.865,11,17,+27.665,+3.428
3898.106,11,17,+27.770,+3.366
3899.032,11,17,+27.796,+3.364
3901.384,11,17,+27.889,+3.369
3902.865,11,17,+27.912,+3.359
3903.593,11,17,+27.907,+3.346
3907.841,11,17,+27.723,+3.206
3909.016,11,17,+27.669,+3.155
3911.43,11,17,+27.767,+3.148
3916.726,11,17,+28.229,+3.204
3922.348,11,17,+28.387,+3.214
3925.956,11,17,+28.534,+3.203
3929.597,11,17,+28.549,+2.990
3936.909,11,17,+28.816,+3.047
3940.862,11,17,+29.005,+2.948
3945.3,11,17,+29.220,+2.813
3951.487,11,17,+29.669,+2.981
3956.376,11,17,+29.927,+3.069
3960.541,11,17,+30.063,+3.017
3967.225,11,17,+30.472,+3.104
3972.894,11,17,+30.686,+3.104
3977.315,11,17,+30.890,+3.149
3981.887,11,17,+30.919,+3.066
3985.717,11,17,+30.910,+2.983
3994.381,11,17,+31.190,+3.031
3998.677,11,17,+31.270,+2.962
3999.634,11,17,+31.288,+2.945
4001.96,11,17,+31.288,+2.953
4003.383,11,17,+31.299,+2.944
4004.163,11,17,+31.292,+2.932
4008.393,11,17,+31.096,+2.786
4009.592,11,17,+31.041,+2.737
4011.906,11,17,+31.038,+2.735
4017.34,11,17,+31.426,+2.811
4023.028,11,17,+31.707,+2.958
4026.659,11,17,+31.873,+2.972
4030.342,11,17,+31.918,+2.789
4037.618,11,17,+32.172,+2.784
4041.581,11,17,+32.356,+2.684
4045.999,11,17,+32.580,+2.670
4052.218,11,17,+33.019,+2.791
4057.108,11,17,+33.285,+2.864
4061.333,11,17,+33.431,+2.822
4068.129,11,17,+33.929,+2.882
4073.749,11,17,+34.141,+2.939
4078.171,11,17,+34.331,+2.977
4082.749,11,17,+34.341,+2.895
4086.53,11,17,+34.290,+2.820
4095.218,11,17,+34.569,+2.946
4099.525,11,17,+34.651,+2.928
4100.477,11,17,+34.660,+2.924
4102.876,11,17,+34.772,+2.915
4104.328,11,17,+34.800,+2.907
4105.196,11,17,+34.798,+2.894
4109.333,11,17,+34.634,+2.765
4110.505,11,17,+34.585,+2.730
4112.963,11,17,+34.602,+2.690
4118.159,11,17,+34.963,+2.806
4123.938,11,17,+35.241,+2.848
4127.562,11,17,+35.433,+2.906
4131.203,11,17,+35.450,+2.684
4138.562,11,17,+35.780,+2.748
4142.484,11,17,+35.960,+2.646
4146.937,11,17,+36.171,+2.434
4153.077,11,17,+36.646,+2.533
4158.011,11,17,+36.905,+2.592
4162.23,11,17,+37.031,+2.538
4169.199,11,17,+37.688,+2.779
4174.755,11,17,+37.865,+2.763
4179.197,11,17,+38.067,+2.822
4183.796,11,17,+38.097,+2.750
4187.579,11,17,+38.062,+2.677
4196.344,11,17,+38.368,+2.912
4200.633,11,17,+38.453,+2.838
4201.602,11,17,+38.468,+2.808
4203.968,11,17,+38.560,+2.836
4205.438,11,17,+38.587,+2.834
4206.183,11,17,+38.579,+2.823
4210.424,11,17,+38.376,+2.696
4211.597,11,17,+38.321,+2.656
4214.313,11,17,+38.405,+2.682
4219.37,11,17,+38.815,+2.811
4225.219,11,17,+39.220,+2.968
4228.868,11,17,+39.381,+3.075
4232.514,11,17,+39.420,+2.944
4239.99,11,17,+39.831,+3.101
4243.896,11,17,+40.013,+3.046
4248.297,11,17,+40.214,+3.026
4254.587,11,17,+40.680,+3.209
4259.555,11,17,+40.969,+3.320
4263.777,11,17,+41.081,+3.345
4270.477,11,17,+41.503,+3.306
4276.309,11,17,+41.909,+3.551
4280.756,11,17,+42.165,+3.643
4285.397,11,17,+42.214,+3.689
4289.178,11,17,+42.229,+3.797
4298.053,11,17,+42.734,+3.854
4302.397,11,17,+42.841,+3.793
4303.365,11,17,+42.902,+3.786
4305.74,11,17,+42.983,+3.756
4307.188,11,17,+43.006,+3.740
4307.963,11,17,+43.004,+3.721
4312.122,11,14,+43.004,+3.721
4312.2,11,14,+42.868,+3.553
4313.419,11,14,+42.829,+3.522
4315.9,11,14,+43.021,+3.592
4321.162,11,13,+43.021,+3.592
4321.24,11,13,+43.499,+4.684
4327.176,11,13,+43.910,+4.736
4330.892,11,13,+44.155,+4.912
4334.519,11,13,+44.199,+4.721
4341.957,11,13,+44.532,+4.660
4345.853,11,13,+44.693,+4.556
4350.245,11,13,+44.875,+4.454
4358.109,11,13,+46.990,+5.745
4364.625,11,13,+48.753,+4.753
4373.625,11,13,+53.743,+6.573
4383.062,11,13,+56.880,+7.824
4390.744,11,13,+59.099,+7.665
4396.298,11,13,+60.406,+7.551
4401.877,11,13,+61.443,+8.035
4406.221,11,13,+61.996,+6.638
4417.065,11,13,+63.131,+6.493
4422.578,11,13,+61.851,+7.609
4423.856,11,13,+62.255,+8.171
4426.628,11,12,+62.255,+8.171
4426.706,11,12,+62.255,+6.066
4427.222,11,13,+62.255,+6.066
4429.581,11,13,+57.950,+2.311
4436.024,11,12,+57.950,+2.311
4436.101,11,12,+57.950,+5.880
4437.979,11,12,+42.096,+6.001
4441.667,11,12,+42.276,+6.425
4448.35,11,12,+40.781,+6.891
4454.866,11,12,+39.153,+5.400
4459.553,11,12,+37.643,+4.688
4464.116,11,12,+35.612,+3.878
4473.556,11,12,+34.213,+3.478
4479.614,11,12,+34.543,+4.289
4485.961,11,12,+34.103,+4.303
4493.878,11,12,+32.584,+4.173
4499.728,11,12,+31.471,+3.730
4505.35,11,12,+31.630,+4.332
4514.235,11,12,+30.913,+4.192
4522.185,11,12,+30.561,+3.739
4528.398,11,12,+30.687,+4.362
4535.414,11,12,+29.052,+4.455
4540.79,11,12,+28.359,+4.862
4551.168,11,12,+25.584,+4.516
4556.156,11,12,+25.466,+4.336
4556.998,11,12,+24.925,+3.710
4567.794,11,13,+24.925,+3.710
4568.249,11,12,+24.925,+3.710
4576.297,11,13,+24.925,+3.710
4577.492,11,14,+24.925,+3.710
4580.298,11,15,+24.925,+3.710
4588.949,11,16,+24.925,+3.710
4596.168,11,16,+48.941,+5.756
4599.579,11,16,+48.126,+6.431
4606.422,11,16,+44.520,+6.071
4614.563,11,16,+42.994,+5.849
4620.547,11,16,+44.079,+7.064
4625.284,11,16,+43.662,+7.702
4633.47,11,16,+41.089,+8.046
4637.42,11,16,+40.503,+7.929
4641.842,11,16,+37.423,+7.679
4648.144,11,16,+35.210,+7.411
4653.282,11,16,+33.845,+7.200
4657.54,11,16,+32.451,+6.962
4664.386,11,16,+29.879,+6.738
4670.101,11,16,+27.353,+6.117
4674.509,11,16,+25.819,+5.670
4679.654,11,16,+23.661,+5.067
4683.83,11,16,+21.625,+4.548
4693.535,11,16,+17.979,+0.996
4699.32,11,16,+18.957,+0.629
4700.662,11,16,+18.771,+0.645
4703.63,11,16,+17.758,+0.622
4705.344,11,16,+17.527,+0.716
4706.256,11,16,+17.472,+0.734
4712.698,11,16,+18.047,+0.677
4714.2,11,16,+17.759,+0.666
4717.431,11,16,+16.950,+0.716
4724.877,11,16,+15.612,+0.959
4732.478,11,16,+16.642,+0.701
4736.959,11,16,+15.763,+0.619
4741.069,11,16,+15.582,+0.492
4753.287,11,16,+16.964,+0.719
4757.866,11,16,+16.976,+0.665
4762.288,11,16,+15.030,+0.623
4771.569,11,16,+15.080,+1.017
4779.881,11,16,+15.439,+0.637
4786.209,11,16,+16.667,+0.601
4796.319,11,16,+15.581,+0.957
4802.831,11,16,+12.058,+0.659
4811.998,11,16,+12.149,+0.788
4818.319,11,16,+9.330,+0.478
4825.524,11,16,+8.980,+0.464
4835.56,11,16,+6.935,+0.484
4839.911,11,16,+6.620,+0.475
4841.02,11,16,+6.691,+0.495
4843.63,11,16,+6.640,+0.537
4845.13,11,16,+6.628,+0.570
4845.895,11,16,+6.617,+0.581
4850.056,11,16,+6.510,+0.631
4851.241,11,16,+6.447,+0.652
4853.763,11,16,+6.535,+0.727
4859.043,11,17,+6.535,+0.727
4859.498,11,17,+7.177,+0.358
4865.441,11,17,+7.372,+0.611
4868.958,11,17,+7.393,+0.720
4872.579,11,17,+7.404,+0.834
4880.053,11,17,+7.488,+0.497
4883.878,11,17,+7.640,+0.455
4888.283,11,17,+7.756,+0.444
4895.163,11,17,+8.256,+0.525
4899.569,11,17,+8.416,+0.445
4903.678,11,17,+8.493,+0.479
4910.703,11,17,+8.924,+0.424
4916.053,11,17,+8.921,+0.330
4920.428,11,17,+9.009,+0.314
4924.812,11,17,+8.851,+0.292
4928.349,11,17,+8.566,+0.294
4937.306,11,17,+9.081,+0.208
4941.775,11,17,+9.240,+0.280
4942.916,11,17,+9.357,+0.364
4945.416,11,17,+9.432,+0.441
4946.916,11,17,+9.435,+0.439
4947.65,11,17,+9.419,+0.429
4951.697,11,17,+9.075,+0.296
4952.853,11,17,+9.006,+0.306
4955.447,11,17,+9.201,+0.473
4960.879,11,17,+9.578,+0.798
4966.479,11,17,+9.682,+0.606
4970.022,11,17,+9.705,+0.486
4973.632,11,17,+9.715,+0.500
4981.198,11,17,+10.056,+0.590
4985.069,11,17,+10.165,+0.521
4989.37,11,17,+10.215,+0.444
4995.549,11,17,+10.486,+0.578
5000.443,11,17,+10.754,+0.632
5004.544,11,17,+10.749,+0.518
5011.352,11,17,+11.203,+0.636
5016.798,11,17,+11.197,+0.365
5021.157,11,17,+11.325,+0.347
5025.502,11,17,+11.081,+0.132
5028.863,11,16,+11.081,+0.132
5028.957,11,16,+10.740,+0.995
5037.613,11,16,+10.939,+0.920
5041.969,11,16,+11.038,+0.973
5043.044,11,16,+11.094,+1.001
5045.462,11,16,+11.183,+1.045
5046.879,11,16,+11.200,+1.045
5047.695,11,16,+11.201,+1.044
5051.817,11,16,+11.111,+0.979
5052.969,11,16,+11.062,+0.953
5055.363,11,16,+11.231,+1.050
5060.681,11,16,+11.735,+0.978
5066.398,11,16,+12.047,+1.010
5069.901,11,16,+12.117,+0.968
5073.459,11,16,+12.025,+0.984
5080.744,11,16,+12.285,+1.056
5084.635,11,16,+12.448,+1.055
5089.057,11,16,+12.743,+1.042
5095.151,11,16,+13.157,+1.051
5100.017,11,16,+13.435,+1.064
5104.142,11,16,+13.469,+1.045
5110.845,11,16,+13.856,+1.029
5116.298,11,16,+13.960,+0.892
5120.673,11,16,+14.107,+0.937
5125.101,11,16,+13.958,+0.836
5128.695,11,16,+13.721,+0.760
5137.355,11,16,+13.964,+0.822
5141.669,11,16,+14.069,+0.855
5142.679,11,16,+14.133,+0.885
5145.071,11,16,+14.206,+0.920
5146.519,11,16,+14.226,+0.932
5147.289,11,16,+14.218,+0.926
5151.482,11,16,+13.997,+0.776
5152.591,11,16,+13.921,+0.724
5155.06,11,16,+14.086,+0.834
5160.341,11,16,+14.438,+0.606
5166.06,11,16,+14.789,+0.618
5169.575,11,16,+14.850,+0.599
5173.158,11,16,+14.842,+0.644
5180.469,11,16,+15.134,+0.617
5184.333,11,16,+15.282,+0.536
5188.643,11,16,+15.518,+0.395
5194.855,11,16,+15.959,+0.516
5199.691,11,16,+16.254,+0.554
5203.831,11,16,+16.403,+0.603
5210.688,11,16,+16.901,+0.792
5216.143,11,16,+17.037,+0.691
5221.117,11,16,+17.801,+1.360
5226.383,11,16,+18.542,+2.084
5230.304,11,17,+18.542,+2.084
5230.444,11,17,+18.823,+0.028
5239.499,11,17,+19.554,+0.359
5243.769,11,17,+19.667,+0.334
5244.835,11,17,+19.742,+0.431
5247.284,11,17,+19.853,+0.486
5248.754,11,17,+19.873,+0.472
5249.478,11,17,+19.866,+0.451
5253.533,11,17,+19.534,+0.121
5254.533,11,16,+19.534,+0.121
5254.611,11,16,+19.385,+2.457
5257.049,11,16,+19.483,+2.508
5262.251,11,16,+19.848,+2.363
5268.017,11,16,+20.153,+2.444
5271.501,11,16,+20.221,+2.437
5275.08,11,16,+20.217,+2.470
5282.403,11,16,+20.458,+2.481
5286.258,11,16,+20.643,+2.433
5290.729,11,16,+20.738,+2.368
5296.855,11,16,+21.117,+2.474
5301.764,11,16,+21.412,+2.551
5305.857,11,16,+21.468,+2.554
5312.645,11,16,+21.876,+2.707
5318.106,11,16,+21.949,+2.475
5322.444,11,16,+22.115,+2.516
5326.876,11,16,+22.034,+2.405
5330.444,11,16,+21.826,+2.284
5339.006,11,16,+22.013,+2.222
5343.235,11,16,+22.031,+2.153
5344.204,11,16,+22.046,+2.108
5346.579,11,16,+22.108,+2.116
5348.095,11,16,+22.128,+2.127
5348.813,11,16,+22.128,+2.121
5353.103,11,16,+22.020,+2.016
5354.285,11,16,+21.985,+1.985
5356.612,11,16,+22.070,+2.019
5361.976,11,16,+22.516,+1.917
5367.632,11,16,+22.738,+1.854
5371.222,11,16,+22.904,+1.907
5374.769,11,16,+22.874,+1.916
5381.978,11,16,+22.994,+1.858
5385.9,11,16,+23.184,+1.853
5390.309,11,16,+23.349,+1.839
5396.405,11,16,+23.638,+1.935
5401.29,11,16,+23.923,+1.917
5405.454,11,16,+24.033,+1.921
5412.093,11,16,+24.389,+1.945
5417.577,11,16,+24.529,+1.853
5421.968,11,16,+24.706,+1.907
5426.499,11,16,+24.704,+1.877
5430.177,11,16,+24.582,+1.836
5438.747,11,16,+24.877,+1.790
5443.021,11,16,+24.982,+1.805
5444.005,11,16,+25.015,+1.788
5446.355,11,16,+25.034,+1.718
5447.795,11,16,+25.043,+1.697
5448.532,11,16,+25.043,+1.688
5452.815,11,16,+24.972,+1.631
5454.02,11,16,+24.946,+1.610
5456.373,11,16,+25.035,+1.618
5461.699,11,16,+25.512,+1.576
5467.345,11,16,+25.664,+1.540
5470.937,11,16,+25.805,+1.621
5474.555,11,16,+25.870,+1.697
5481.88,11,16,+26.104,+1.780
5485.782,11,16,+26.286,+1.754
5490.222,11,16,+26.583,+1.748
5496.316,11,16,+26.897,+1.778
5501.225,11,16,+27.156,+1.837
5505.44,11,16,+27.333,+1.951
5512.268,11,16,+27.807,+2.125
5517.784,11,16,+27.964,+2.074
5522.129,11,16,+28.122,+2.096
5526.699,11,16,+28.140,+2.070
5530.371,11,16,+28.050,+2.024
5538.842,11,16,+28.181,+1.870
5543.117,11,16,+28.275,+1.891
5544.117,11,16,+28.337,+1.871
5546.46,11,16,+28.400,+1.857
5547.929,11,16,+28.416,+1.857
5548.679,11,16,+28.415,+1.846
5552.882,11,16,+28.294,+1.702
5554.038,11,16,+28.253,+1.656
5556.476,11,16,+28.338,+1.690
5561.882,11,16,+28.809,+1.760
5567.476,11,16,+28.986,+1.700
5571.054,11,16,+29.081,+1.704
5574.663,11,16,+29.120,+1.750
5581.917,11,16,+29.308,+1.685
5585.79,11,16,+29.486,+1.672
5590.233,11,16,+29.768,+1.674
5596.256,11,16,+30.008,+1.642
5601.101,11,16,+30.244,+1.697
5605.27,11,16,+30.346,+1.738
5612.0,11,16,+30.836,+1.826
5617.479,11,16,+30.842,+1.675
5621.795,11,16,+30.944,+1.666
5626.318,11,16,+30.929,+1.626
5630.044,11,16,+30.853,+1.594
5638.51,11,16,+30.996,+1.440
5642.781,11,16,+31.062,+1.427
5643.744,11,16,+31.080,+1.454
5646.149,11,16,+31.143,+1.479
5647.62,11,16,+31.167,+1.488
5648.358,11,16,+31.168,+1.483
5652.579,11,16,+31.029,+1.355
5653.735,11,16,+30.978,+1.306
5656.101,11,16,+31.023,+1.298
5661.307,11,16,+31.299,+1.258
5666.933,11,16,+31.506,+1.257
5670.519,11,16,+31.601,+1.345
5674.16,11,16,+31.649,+1.416
5681.363,11,16,+31.837,+1.379
5685.254,11,16,+32.019,+1.345
5689.629,11,16,+32.266,+1.304
5695.707,11,16,+32.712,+1.316
5700.598,11,16,+32.958,+1.349
5704.754,11,16,+33.084,+1.402
5711.568,11,16,+33.576,+1.491
5717.082,11,16,+33.737,+1.436
5721.433,11,16,+33.887,+1.463
5725.954,11,16,+33.882,+1.415
5729.673,11,16,+33.791,+1.327
5738.145,11,16,+33.990,+1.259
5742.411,11,16,+34.091,+1.272
5743.411,11,16,+34.154,+1.271
5745.786,11,16,+34.182,+1.296
5747.239,11,16,+34.184,+1.300
5748.052,11,16,+34.178,+1.292
5752.145,11,16,+34.008,+1.141
5753.351,11,16,+33.951,+1.088
5755.614,11,16,+33.940,+1.069
5760.942,11,16,+34.327,+1.044
5766.786,11,16,+34.678,+1.127
5770.349,11,16,+34.822,+1.156
5773.974,11,16,+34.855,+1.164
5781.224,11,16,+35.120,+1.106
5785.145,11,16,+35.295,+1.085
5789.464,11,16,+35.469,+1.034
5795.512,11,16,+35.869,+1.089
5800.419,11,16,+36.087,+1.118
5804.559,11,16,+36.201,+1.183
5811.344,11,16,+36.593,+1.279
5816.763,11,16,+36.677,+1.249
5821.077,11,16,+36.809,+1.283
5825.57,11,16,+36.788,+1.221
5829.299,11,16,+36.698,+1.108
5837.882,11,16,+36.933,+1.084
5842.132,11,16,+37.008,+1.060
5843.102,11,16,+37.028,+1.041
5845.519,11,16,+37.097,+1.062
5846.974,11,16,+37.122,+1.076
5847.716,11,16,+37.122,+1.075
5851.932,11,16,+36.978,+0.981
5853.08,11,16,+36.924,+0.939
5855.48,11,16,+36.986,+0.961
5860.858,11,16,+37.478,+0.969
5866.534,11,16,+37.744,+0.977
5870.132,11,16,+37.929,+1.014
5873.733,11,16,+37.946,+1.013
5881.002,11,16,+38.184,+1.015
5884.884,11,16,+38.358,+0.991
5889.254,11,16,+38.597,+0.945
5895.354,11,16,+39.041,+1.001
5900.213,11,16,+39.288,+1.044
5904.37,11,16,+39.383,+1.081
5911.135,11,16,+39.767,+1.144
5916.573,11,16,+39.882,+1.108
5920.901,11,16,+40.004,+1.140
5925.432,11,16,+39.999,+1.097
5929.166,11,16,+39.939,+1.053
5937.588,11,16,+40.079,+0.926
5941.604,11,16,+39.924,+0.681
5942.573,11,16,+39.933,+0.635
5946.323,11,16,+40.164,+0.801
5946.635,11,16,+40.273,+0.894
5947.557,11,16,+40.345,+0.965
5952.088,11,16,+40.626,+1.316
5953.354,11,16,+40.653,+1.361
5955.823,11,16,+40.798,+1.505
5961.088,11,16,+41.231,+1.540
5966.776,11,16,+41.501,+1.545
5970.354,11,16,+41.693,+1.614
5973.956,11,16,+41.699,+1.612
5981.245,11,16,+41.983,+1.531
5985.129,11,16,+42.163,+1.486
5989.478,11,16,+42.373,+1.490
5995.619,11,16,+42.869,+1.530
6000.5,11,16,+43.125,+1.598
6004.672,11,16,+43.230,+1.636
6011.454,11,16,+43.663,+1.748
6017.0,11,16,+43.898,+1.815
6021.375,11,16,+44.046,+1.853
6025.797,11,16,+43.957,+1.724
6029.47,11,16,+43.783,+1.559
6038.084,11,16,+44.114,+1.598
6042.399,11,16,+44.255,+1.643
6043.414,11,16,+44.294,+1.640
6045.805,11,16,+44.355,+1.681
6047.27,11,16,+44.372,+1.696
6048.0,11,16,+44.373,+1.694
6052.202,11,16,+44.242,+1.579
6053.364,11,16,+44.199,+1.538
6055.755,11,16,+44.336,+1.589
6061.069,11,16,+44.727,+1.567
6066.694,11,16,+44.904,+1.544
6070.319,11,16,+45.074,+1.624
6073.933,11,16,+45.101,+1.658
6081.169,11,16,+45.269,+1.609
6085.058,11,16,+45.449,+1.603
6089.48,11,16,+45.762,+1.641
6095.589,11,16,+46.230,+1.780
6100.465,11,16,+46.478,+1.855
6104.652,11,16,+46.583,+1.908
6111.456,11,16,+47.039,+2.053
6116.971,11,16,+47.220,+2.026
6121.301,11,16,+47.350,+2.057
6125.8,11,16,+47.355,+2.024
6129.546,11,16,+47.292,+1.945
6138.047,11,16,+47.480,+1.819
6142.336,11,16,+47.608,+1.872
6143.355,11,16,+47.668,+1.912
6145.77,11,16,+47.731,+1.911
6147.302,11,16,+47.765,+1.935
6148.002,11,16,+47.795,+1.960
6152.393,11,16,+47.855,+2.031
6153.596,11,16,+47.848,+2.026
6156.003,11,16,+47.940,+2.123
6161.456,11,16,+48.421,+2.210
6166.955,11,16,+48.613,+2.213
6170.709,11,16,+48.796,+2.320
6174.173,11,16,+48.800,+2.367
6181.438,11,16,+49.042,+2.388
6185.313,11,16,+49.229,+2.380
6189.704,11,16,+49.541,+2.431
6195.829,11,16,+49.886,+2.519
6200.704,11,16,+50.162,+2.586
6204.829,11,16,+50.229,+2.613
6211.501,11,16,+50.574,+2.579
6217.033,11,16,+50.706,+2.520
6221.371,11,16,+50.810,+2.487
6225.91,11,16,+50.833,+2.457
6229.682,11,16,+50.792,+2.390
6238.48,11,16,+51.312,+1.569
6242.745,11,16,+51.374,+1.514
6243.701,11,16,+51.384,+1.420
6246.156,11,16,+51.485,+1.456
6247.58,11,16,+51.511,+1.472
6248.346,11,16,+51.512,+1.462
6252.465,11,16,+51.359,+1.263
6253.636,11,16,+51.301,+1.200
6256.024,11,16,+51.378,+1.231
6261.381,11,16,+51.820,+1.309
6266.997,11,16,+52.054,+1.328
6270.664,11,16,+52.213,+1.383
6274.223,11,16,+52.238,+1.442
6281.572,11,16,+52.537,+1.493
6285.478,11,16,+52.734,+1.493
6289.835,11,16,+53.000,+1.542
6295.909,11,16,+53.411,+1.593
6300.775,11,16,+53.630,+1.649
6304.88,11,16,+53.701,+1.644
6311.546,11,16,+53.974,+1.573
6317.027,11,16,+54.128,+1.552
6321.38,11,16,+54.264,+1.547
6325.887,11,16,+54.255,+1.508
6329.591,11,16,+54.183,+1.490
6338.06,11,16,+54.304,+1.358
6342.341,11,16,+54.398,+1.382
6343.295,11,16,+54.434,+1.368
6345.716,11,16,+54.495,+1.402
6347.17,11,16,+54.508,+1.413
6347.904,11,16,+54.506,+1.409
6352.081,11,16,+54.362,+1.290
6353.192,11,16,+54.307,+1.245
6355.508,11,16,+54.296,+1.258
6361.307,11,16,+55.132,+1.802
6367.1,11,16,+55.478,+1.881
6370.725,11,16,+55.651,+2.008
6374.333,11,16,+55.696,+2.078
6381.624,11,16,+55.995,+2.146
6385.533,11,16,+56.195,+2.135
6389.918,11,16,+56.488,+2.169
6395.964,11,16,+56.892,+2.193
6400.871,11,16,+57.152,+2.235
6405.043,11,16,+57.293,+2.301
6411.8,11,16,+57.766,+2.348
6417.283,11,16,+57.876,+2.247
6421.612,11,16,+58.004,+2.290
6426.143,11,16,+58.007,+2.261
6429.862,11,16,+57.965,+2.242
6438.455,11,16,+58.276,+2.241
6442.759,11,16,+58.398,+2.262
6443.775,11,16,+58.428,+2.239
6446.15,11,16,+58.522,+2.269
6447.603,11,16,+58.556,+2.281
6448.338,11,16,+58.562,+2.280
6452.525,11,16,+58.441,+2.280
6453.603,11,15,+58.441,+2.280
6453.681,11,15,+58.397,+2.131
6456.025,11,15,+58.450,+2.108
6461.463,11,15,+59.035,+2.220
6467.056,11,15,+59.177,+2.086
6470.62,11,15,+59.358,+2.134
6474.303,11,15,+59.386,+2.186
6481.475,11,15,+59.652,+2.204
6485.35,11,15,+59.844,+2.190
6489.725,11,15,+60.119,+2.228
6495.831,11,15,+60.540,+2.322
6500.697,11,15,+60.779,+2.345
6504.818,11,15,+60.874,+2.357
6511.377,11,16,+60.874,+2.357
6511.865,11,16,+61.656,+0.517
6517.371,11,16,+61.789,+0.802
6521.722,11,16,+61.939,+0.919
6526.232,11,16,+61.915,+0.891
6529.88,11,16,+61.852,+0.865
6538.491,11,16,+62.161,+1.166
6542.788,11,16,+62.276,+1.165
6543.772,11,16,+62.341,+1.192
6546.194,11,16,+62.403,+1.307
6547.616,11,16,+62.416,+1.332
6548.382,11,16,+62.412,+1.336
6552.46,11,16,+62.224,+1.289
6553.637,11,16,+62.159,+1.268
6555.972,11,16,+62.253,+1.427
6561.459,11,16,+62.875,+2.166
6567.039,11,16,+63.063,+2.258
6570.695,11,16,+63.260,+2.514
6574.273,11,16,+63.260,+2.504
6581.633,11,16,+63.599,+2.577
6585.508,11,16,+63.811,+2.830
6589.93,11,16,+64.137,+2.616
6596.014,11,16,+64.714,+2.601
6600.905,11,16,+64.941,+2.614
6605.056,11,16,+65.043,+2.670
6611.745,11,16,+65.453,+2.760
6617.319,11,16,+65.566,+2.725
6621.656,11,16,+65.734,+2.760
6626.133,11,16,+65.745,+2.758
6629.882,11,16,+65.687,+2.734
6638.481,11,16,+65.994,+2.743
6642.731,11,16,+66.105,+2.768
6643.747,11,16,+66.135,+2.768
6646.131,11,16,+66.249,+2.792
6647.601,11,16,+66.281,+2.808
6648.353,11,16,+66.281,+2.813
6652.482,11,16,+66.114,+2.782
6653.681,11,16,+66.064,+2.772
6656.046,11,16,+66.170,+2.795
6661.366,11,16,+66.635,+2.849
6666.956,11,16,+66.950,+2.781
6670.644,11,16,+67.124,+2.794
6674.189,11,16,+67.152,+2.851
6681.456,11,16,+67.428,+2.894
6685.356,11,16,+67.640,+2.903
6689.773,11,16,+67.989,+2.981
6695.782,11,16,+68.411,+2.994
6700.685,11,16,+68.693,+3.017
6704.891,11,16,+68.823,+3.072
6711.407,11,16,+69.147,+3.111
6717.032,11,16,+69.337,+3.109
6721.344,11,16,+69.475,+3.147
6725.923,11,16,+69.524,+3.142
6729.688,11,16,+69.570,+3.128
6738.329,11,16,+69.954,+3.082
6742.611,11,16,+70.052,+3.104
6743.581,11,16,+70.058,+3.066
6745.941,11,16,+70.088,+3.070
6747.403,11,16,+70.101,+3.072
6748.147,11,16,+70.097,+3.070
6752.305,11,16,+69.935,+3.005
6753.477,11,16,+69.887,+2.982
6755.834,11,16,+69.977,+2.977
6761.249,11,16,+70.494,+3.178
6767.365,11,15,+70.494,+3.178
6767.981,11,15,+70.827,+2.744
6770.785,11,15,+71.046,+2.754
6774.41,11,15,+71.117,+2.861
6781.701,11,15,+71.318,+2.586
6785.581,11,15,+71.529,+2.716
6789.96,11,15,+71.851,+2.612
6796.023,11,15,+72.289,+2.505
6800.906,11,15,+72.479,+2.497
6805.066,11,15,+72.597,+2.574
6811.757,11,15,+72.944,+2.479
6817.282,11,15,+73.112,+2.480
6821.616,11,15,+73.244,+2.509
6826.142,11,15,+73.255,+2.492
6829.894,11,15,+73.223,+2.434
6838.481,11,15,+73.592,+2.398
6842.747,11,15,+73.679,+2.291
6843.731,11,15,+73.694,+2.150
6846.044,11,15,+73.745,+2.047
6847.481,11,15,+73.763,+2.039
6848.294,11,15,+73.760,+2.030
6852.419,11,15,+73.579,+1.900
6853.591,11,15,+73.522,+1.863
6855.881,11,15,+73.659,+1.776
6861.2,11,15,+74.032,+1.734
6867.0,11,15,+74.443,+1.787
6870.698,11,15,+74.620,+1.827
6874.198,11,15,+74.601,+1.806
6881.401,11,15,+74.827,+1.644
6885.285,11,15,+75.010,+1.621
6889.629,11,15,+75.306,+1.657
6895.672,11,15,+75.721,+1.759
6900.602,11,15,+76.007,+1.806
6904.722,11,15,+76.138,+1.900
6911.363,11,15,+76.471,+1.926
6916.925,11,15,+76.708,+1.935
6921.285,11,15,+76.891,+1.992
6925.878,11,15,+76.925,+2.056
6929.566,11,15,+76.904,+2.051
6937.972,11,16,+76.904,+2.051
6938.347,11,16,+77.404,+0.264
6942.637,11,16,+77.578,+0.306
6943.792,11,16,+77.733,+0.374
6946.237,11,16,+77.900,+0.478
6947.677,11,16,+77.924,+0.484
6948.433,11,16,+77.924,+0.482
6952.672,11,16,+77.824,+0.520
6953.865,11,16,+77.783,+0.526
6956.301,11,16,+77.989,+0.746
6961.477,11,16,+78.179,+0.913
6967.212,11,16,+78.572,+1.084
6970.857,11,16,+78.731,+1.139
6974.473,11,16,+78.812,+1.080
6981.879,11,16,+79.142,+1.225
6985.548,11,16,+79.134,+1.183
6989.748,11,16,+79.289,+1.295
6995.773,11,16,+79.786,+1.532
7000.644,11,16,+80.025,+1.625
7004.785,11,16,+80.114,+1.623
7011.363,11,16,+80.456,+1.643
7017.035,11,16,+80.725,+1.768
7021.363,11,16,+80.855,+1.816
7025.816,11,16,+80.786,+1.764
7029.488,11,16,+80.705,+1.763
7038.011,11,16,+81.001,+1.832
7042.293,11,16,+81.138,+1.886
7043.338,11,16,+81.193,+1.866
7045.713,11,16,+81.322,+1.895
7047.151,11,16,+81.362,+1.915
7047.888,11,16,+81.367,+1.925
7052.104,11,15,+81.367,+1.925
7052.182,11,15,+81.292,+2.057
7053.354,11,15,+81.265,+2.098
7055.76,11,15,+81.429,+2.108
7061.133,11,15,+81.954,+2.193
7066.758,11,15,+82.136,+2.127
7070.383,11,15,+82.280,+2.294
7074.023,11,15,+82.349,+2.376
7081.317,11,15,+82.678,+2.253
7085.047,11,15,+82.717,+2.285
7089.24,11,15,+82.867,+1.713
7095.301,11,15,+83.368,+1.518
7100.173,11,15,+83.603,+1.518
7104.304,11,15,+83.724,+1.528
7110.898,11,15,+83.890,+1.438
7116.481,11,15,+84.156,+1.520
7120.816,11,15,+84.328,+1.554
7125.347,11,15,+84.342,+1.566
7129.12,11,15,+84.372,+1.644
7137.651,11,15,+84.628,+1.551
7141.948,11,15,+84.761,+1.551
7142.917,11,15,+84.829,+1.509
7145.276,11,15,+84.893,+1.471
7146.713,11,15,+84.908,+1.466
7147.479,11,15,+84.904,+1.460
7151.604,11,15,+84.722,+1.350
7152.745,11,15,+84.661,+1.314
7155.12,11,15,+84.838,+1.353
7160.448,11,15,+85.151,+1.422
7166.292,11,15,+85.582,+1.439
7169.854,11,15,+85.720,+1.480
7173.448,11,15,+85.748,+1.541
7180.792,11,15,+86.073,+1.592
7184.495,11,15,+86.094,+1.445
7188.703,11,15,+86.223,+1.328
7194.747,11,15,+86.719,+1.375
7199.661,11,15,+87.022,+1.405
7203.779,11,15,+87.116,+1.427
7210.435,11,15,+87.490,+1.445
7215.998,11,15,+87.749,+1.464
7220.342,11,15,+87.900,+1.503
7224.867,11,15,+87.953,+1.520
7228.69,11,15,+88.029,+1.610
7237.28,11,15,+88.099,+1.628
7241.561,11,15,+88.249,+1.675
7242.546,11,15,+88.303,+1.657
7244.889,11,15,+88.343,+1.632
7246.343,11,15,+88.355,+1.626
7247.061,11,15,+88.351,+1.622
7251.296,11,15,+88.260,+1.594
7252.436,11,15,+88.229,+1.580
7254.811,11,15,+88.389,+1.701
7260.237,11,15,+88.945,+1.751
7265.889,11,15,+89.182,+1.705
7269.468,11,15,+89.388,+1.804
7273.108,11,15,+89.432,+1.853
7280.162,11,16,+89.432,+1.853
7280.678,11,16,+90.051,+0.427
7284.411,11,16,+90.115,+0.333
7288.773,11,16,+90.430,+0.515
7294.946,11,16,+91.091,+0.957
7299.834,11,16,+91.386,+1.147
7303.964,11,16,+91.503,+1.287
7310.692,11,16,+91.919,+1.463
7316.189,11,16,+92.147,+1.788
7320.535,11,16,+92.318,+1.936
7325.06,11,16,+92.342,+1.960
7328.819,11,16,+92.398,+2.151
7337.435,11,16,+92.734,+1.896
7341.674,11,16,+92.827,+1.850
7342.651,11,16,+92.856,+1.772
7345.003,11,16,+92.927,+1.701
7346.447,11,16,+92.941,+1.695
7347.192,11,16,+92.936,+1.686
7351.323,11,16,+92.804,+1.541
7352.49,11,16,+92.767,+1.497
7354.844,11,16,+92.966,+1.440
7360.182,11,16,+93.422,+1.514
7365.762,11,16,+93.630,+1.413
7369.404,11,16,+93.797,+1.460
7372.974,11,16,+93.793,+1.397
7380.202,11,16,+94.010,+1.277
7383.933,11,16,+94.036,+1.244
7388.047,11,16,+94.128,+1.165
7394.12,11,16,+94.699,+1.162
7398.973,11,16,+94.969,+1.187
7403.077,11,16,+95.059,+1.197
7409.704,11,16,+95.405,+1.217
7415.368,11,16,+95.731,+1.235
7419.774,11,16,+95.940,+1.308
7424.284,11,16,+96.010,+1.410
7428.085,11,16,1 L,+1.575
7436.947,11,16,1 L,+1.824
7441.208,11,16,1 L,+1.740
7442.229,11,16,1 L,+1.682
7444.611,11,16,1 L,+1.601
7446.067,11,16,1 L,+1.583
7446.79,11,16,1 L,+1.568
7450.937,11,16,1 L,+0.990
7452.06,11,16,1 L,+0.619
7454.472,11,16,1 L,+0.372
7459.847,11,16,1 L,+0.386
7465.519,11,16,1 L,+0.384
7469.047,11,16,1 L,+0.356
7472.582,11,16,1 L,+0.288
7480.081,11,16,1 L,+0.485
7483.767,11,16,1 L,+0.456
7487.982,11,16,1 L,+0.517
7494.166,11,16,1 L,+0.719
7499.008,11,16,1 L,+0.745
7503.172,11,16,1 L,+0.784
7509.817,11,16,1 L,+0.804
7515.404,11,16,1 L,+0.764
7519.751,11,16,1 L,+0.824
7524.135,11,16,1 L,+0.672
7527.782,11,16,1 L,+0.471
7536.485,11,16,1 L,+0.555
7540.78,11,16,1 L,+0.579
7541.764,11,16,1 L,+0.564
7544.225,11,16,1 L,+0.594
7545.661,11,16,1 L,+0.597
7546.382,11,16,1 L,+0.588
7550.561,11,16,1 L,+0.429
7551.675,11,16,1 L,+0.384
7554.142,11,16,1 L,+0.564
7559.384,11,16,1 L,+0.600
7565.162,11,16,1 L,+0.702
7568.798,11,16,1 L,+0.758
7572.348,11,16,1 L,+0.705
7579.802,11,16,1 L,+0.906
7583.984,11,16,1 L,+1.350
7588.468,11,16,1 L,+1.692
7594.608,11,16,1 L,+1.937
7599.513,11,16,1 L,+1.974
7603.668,11,16,1 L,+1.998
7610.329,11,16,1 L,+2.091
7616.052,11,16,1 L,+2.070
7620.423,11,16,1 L,+2.062
7624.818,11,16,1 L,+1.926
7628.402,11,16,1 L,+1.708
7637.074,11,16,1 L,+1.236
7641.369,11,16,1 L,+1.222
7642.342,11,16,1 L,+1.158
7644.773,11,16,1 L,+1.097
7646.208,11,16,1 L,+1.082
7646.957,11,16,1 L,+1.068
7651.073,11,16,1 L,+0.905
7652.202,11,16,1 L,+0.855
7654.602,11,16,1 L,+0.957
7659.861,11,16,1 L,+1.124
7665.583,11,16,1 L,+1.062
7669.182,11,16,1 L,+1.139
7672.761,11,16,1 L,+1.123
7680.039,11,16,1 L,+1.141
7683.747,11,16,1 L,+1.125
7687.858,11,16,1 L,+1.076
7693.883,11,16,1 L,+1.162
7698.749,11,16,1 L,+1.156
7702.874,11,16,1 L,+1.184
7709.504,11,16,1 L,+1.236
7715.005,11,16,1 L,+1.169
7719.33,11,16,1 L,+1.187
7723.874,11,16,1 L,+1.169
7727.661,11,16,1 L,+1.138
7736.225,11,16,1 L,+1.104
7740.502,11,16,1 L,+1.133
7741.473,11,16,1 L,+1.109
7743.873,11,16,1 L,+1.159
7745.303,11,16,1 L,+1.173
7746.075,11,16,1 L,+1.175
7750.273,11,16,1 L,+1.119
7751.47,11,16,1 L,+0.784
7753.99,11,16,1 L,+0.335
7759.341,11,16,1 L,+0.438
7765.103,11,16,1 L,+0.548
7768.682,11,16,1 L,+0.613
7772.094,11,16,1 L,+0.463
7779.537,11,16,1 L,+0.579
7783.461,11,16,1 L,+0.784
7787.623,11,16,1 L,+0.827
7793.592,11,16,1 L,+1.039
7798.529,11,16,1 L,+1.235
7802.717,11,16,1 L,+1.482
7809.467,11,16,1 L,+1.601
7815.139,11,16,1 L,+1.893
7819.661,11,16,1 L,+2.234
7824.409,11,16,1 L,+2.597
7828.335,11,16,1 L,+2.822
7837.082,11,16,1 L,+2.721
7841.433,11,16,1 L,+2.774
7842.403,11,16,1 L,+2.720
7844.813,11,16,1 L,+2.649
7846.337,11,16,1 L,+2.761
7847.238,11,16,1 L,+2.865
7851.935,11,16,1 L,+3.384
7853.209,11,16,1 L,+3.479
7855.703,11,16,1 L,+3.667
7861.357,11,16,1 L,+4.197
7867.068,11,16,1 L,+4.171
7870.725,11,16,1 L,+4.235
7874.318,11,16,1 L,+4.257
7881.834,11,16,1 L,+4.510
7885.661,11,16,1 L,+4.610
7890.902,11,16,1 L,+5.677
7897.019,11,16,1 L,+5.889
7902.012,11,16,1 L,+5.968
7906.137,11,16,1 L,+6.043
7913.021,11,16,1 L,+6.314
7919.629,11,16,1 L,+7.248
7924.003,11,16,1 L,+7.343
7928.475,11,16,1 L,+7.385
7932.162,11,16,1 L,+7.348
7940.91,11,16,1 L,+7.525
7945.159,11,16,1 L,+7.483
7946.159,11,16,1 L,+7.446
7948.581,11,16,1 L,+7.503
7950.282,11,16,1 L,+7.752
7951.21,11,16,1 L,+7.915
7956.036,11,16,1 L,+8.565
7957.302,11,16,1 L,+8.657
7959.953,11,16,1 L,+8.990
7965.341,11,16,1 L,+9.303
7971.088,11,16,1 L,+9.294
7974.749,11,16,1 L,+9.438
7978.548,11,16,1 L,+9.642
7986.212,11,16,1 L,+10.064
7990.899,11,16,1 L,+10.957
7995.352,11,16,1 L,+11.346
8001.477,11,16,1 L,+11.487
8006.571,11,16,1 L,+11.683
8011.29,11,16,1 L,+12.255
8018.071,11,16,1 L,+12.507
8023.899,11,16,1 L,+12.695
8028.93,11,16,1 L,+13.450
8034.415,11,16,1 L,+14.350
8038.649,11,16,1 L,+14.779
8048.209,11,16,1 L,+36.592
8053.646,11,16,1 L,+36.229
8054.725,11,16,1 L,+36.360
8060.021,11,16,1 L,+16.370
8064.912,11,15,1 L,+16.370
8065.006,11,15,1 L,+17.226
8066.334,11,15,1 L,+17.412
8069.053,11,15,1 L,+17.774
8074.693,11,15,1 L,+18.221
8080.288,11,15,1 L,+18.059
8083.834,11,15,1 L,+18.125
8087.459,11,15,1 L,+18.147
8094.818,11,15,1 L,+18.228
8098.553,11,15,1 L,+18.268
8102.74,11,15,1 L,+18.212
8108.725,11,15,1 L,+18.290
8113.537,11,15,1 L,+18.266
8117.631,11,15,1 L,+18.286
8124.334,11,15,1 L,+18.427
8129.85,11,15,1 L,+18.417
8134.178,11,15,1 L,+18.384
8138.756,11,15,1 L,+18.502
8142.584,11,15,1 L,+18.639
8151.35,11,15,1 L,+33.791
8155.49,11,15,1 L,+33.847
8156.444,11,15,1 L,+34.129
8161.037,11,15,1 L,+17.695
8165.303,11,14,1 L,+17.695
8165.381,11,14,1 L,+17.880
8166.615,11,14,1 L,+17.937
8169.053,11,14,1 L,+18.062
8174.381,11,14,1 L,+18.293
8179.975,11,14,1 L,+18.101
8183.522,11,14,1 L,+18.086
8187.225,11,14,1 L,+18.183
8194.562,11,14,1 L,+18.182
8198.308,11,14,1 L,+18.236
8202.474,11,14,1 L,+18.235
8208.419,11,14,1 L,+18.261
8213.267,11,14,1 L,+18.220
8217.472,11,14,1 L,+18.362
8224.131,11,14,1 L,+18.433
8229.716,11,14,1 L,+18.330
8234.079,11,14,1 L,+18.379
8238.636,11,14,1 L,+18.507
8242.504,11,14,1 L,+18.673
8251.195,11,14,1 L,+18.768
8255.378,11,14,1 L,+18.731
8256.347,11,14,1 L,+18.659
8258.691,11,14,1 L,+18.636
8260.144,11,14,1 L,+18.644
8260.91,11,14,1 L,+18.645
8265.084,11,14,1 L,+18.601
8266.29,11,14,1 L,+18.590
8268.627,11,14,1 L,+18.651
8273.905,11,14,1 L,+18.664
8279.452,11,14,1 L,+18.564
8283.083,11,14,1 L,+18.614
8286.703,11,14,1 L,+18.647
8294.049,11,14,1 L,+18.730
8297.858,11,14,1 L,+18.789
8302.003,11,14,1 L,+18.821
8307.986,11,14,1 L,+18.880
8312.847,11,14,1 L,+18.913
8317.142,11,14,1 L,+19.116
8324.286,11,14,1 L,+19.703
8330.05,11,14,1 L,+19.777
8334.374,11,14,1 L,+19.776
8338.888,11,14,1 L,+19.745
8342.636,11,14,1 L,+19.701
8351.36,11,14,1 L,+19.849
8355.641,11,14,1 L,+19.850
8356.594,11,14,1 L,+19.815
8358.938,11,14,1 L,+19.769
8360.36,11,14,1 L,+19.750
8361.11,11,14,1 L,+19.737
8365.172,11,14,1 L,+19.534
8366.297,11,14,1 L,+19.462
8368.641,11,14,1 L,+19.524
8373.891,11,14,1 L,+19.618
8379.578,11,14,1 L,+19.562
8383.157,11,14,1 L,+19.603
8386.641,11,14,1 L,+19.519
8393.86,11,14,1 L,+19.404
8397.578,11,14,1 L,+19.412
8401.672,11,14,1 L,+19.403
8407.625,11,14,1 L,+19.425
8412.485,11,14,1 L,+19.431
8416.547,11,14,1 L,+19.439
8423.163,11,14,1 L,+19.431
8428.862,11,14,1 L,+19.413
8433.225,11,14,1 L,+19.491
8437.772,11,14,1 L,+19.487
8441.662,11,14,1 L,+19.545
8450.85,11,14,1 L,+20.049
8455.001,11,14,1 L,+19.974
8455.984,11,14,1 L,+19.915
8458.375,11,14,1 L,+19.969
8459.84,11,14,1 L,+19.991
8460.568,11,14,1 L,+19.987
8464.738,11,14,1 L,+19.851
8465.885,11,14,1 L,+19.793
8468.222,11,14,1 L,+19.802
8473.477,11,14,1 L,+19.816
8479.236,11,14,1 L,+19.892
8482.804,11,14,1 L,+19.935
8486.321,11,14,1 L,+19.873
8493.537,11,14,1 L,+19.903
8497.288,11,14,1 L,+19.930
8501.475,11,14,1 L,+19.944
8507.429,11,14,1 L,+19.997
8512.324,11,14,1 L,+20.016
8516.387,11,14,1 L,+20.023
8522.976,11,14,1 L,+20.051
8528.507,11,14,1 L,+19.884
8532.839,11,14,1 L,+19.878
8537.285,11,14,1 L,+19.717
8540.933,11,14,1 L,+19.498
8549.457,11,14,1 L,+19.395
8553.645,11,14,1 L,+19.320
8554.551,11,14,1 L,+19.247
8556.91,11,14,1 L,+19.190
8558.348,11,14,1 L,+19.183
8563.379,11,14,1 L,+19.195
8564.613,11,14,1 L,+19.189
8566.926,11,14,1 L,+19.198
8572.145,11,14,1 L,+19.259
8577.738,11,14,1 L,+19.132
8581.27,11,14,1 L,+19.088
8584.848,11,14,1 L,+18.960
8592.238,11,14,1 L,+18.899
8595.816,11,14,1 L,+18.908
8600.052,11,14,1 L,+18.903
8605.991,11,14,1 L,+18.890
8610.835,11,14,1 L,+18.898
8621.508,11,14,1 L,+18.881
8627.135,11,14,1 L,+18.799
8631.463,11,14,1 L,+18.824
8635.987,11,14,1 L,+18.806
8639.784,11,14,1 L,+18.846
8648.386,11,14,1 L,+18.777
8652.584,11,14,1 L,+18.720
8653.523,11,14,1 L,+18.618
8655.882,11,14,1 L,+18.592
8657.351,11,14,1 L,+18.613
8658.101,11,14,1 L,+18.616
8662.351,11,14,1 L,+18.637
8663.538,11,14,1 L,+18.638
8665.851,11,14,1 L,+18.657
8671.241,11,14,1 L,+18.728
8676.759,11,14,1 L,+18.572
8680.351,11,14,1 L,+18.600
8683.913,11,14,1 L,+18.538
8691.196,11,14,1 L,+18.523
8694.905,11,14,1 L,+18.524
8699.051,11,14,1 L,+18.462
8704.98,11,14,1 L,+18.425
8709.85,11,14,1 L,+18.401
8713.935,11,14,1 L,+18.381
8720.409,11,14,1 L,+18.245
8726.024,11,14,1 L,+18.221
8730.322,11,14,1 L,+18.228
8734.863,11,14,1 L,+18.211
8738.612,11,14,1 L,+18.222
8747.243,11,15,1 L,+18.222
8747.484,11,15,1 L,+0.102
8751.739,11,15,1 L,+0.167
8752.879,11,15,1 L,+0.236
8755.442,11,15,1 L,+0.336
8756.885,11,15,1 L,+0.342
8757.637,11,15,1 L,+0.339
8761.776,11,15,1 L,+0.285
8762.926,11,15,1 L,+0.244
8765.385,11,15,1 L,+0.459
8770.562,11,15,1 L,+0.708
8776.363,11,15,1 L,+1.050
8780.005,11,15,1 L,+1.183
8783.518,11,15,1 L,+1.072
8790.939,11,15,1 L,+1.397
8794.634,11,15,1 L,+1.405
8798.805,11,15,1 L,+1.486
8804.75,11,15,1 L,+1.907
8809.651,11,15,1 L,+2.170
8813.764,11,15,1 L,+2.225
8820.338,11,15,1 L,+2.486
8825.92,11,15,1 L,+2.654
8830.204,11,15,1 L,+2.756
8834.655,11,15,1 L,+2.623
8838.388,11,15,1 L,+2.438
8846.886,11,15,1 L,+2.646
8851.087,11,15,1 L,+2.625
8852.057,11,15,1 L,+2.592
8854.408,11,15,1 L,+2.634
8855.837,11,15,1 L,+2.647
8856.605,11,15,1 L,+2.656
8860.924,11,15,1 L,+2.727
8862.108,11,15,1 L,+2.740
8864.424,11,15,1 L,+2.877
8869.724,11,15,1 L,+3.338
8875.407,11,15,1 L,+3.668
8879.05,11,15,1 L,+3.792
8882.608,11,15,1 L,+3.664
8889.845,11,15,1 L,+3.969
8893.566,11,15,1 L,+4.010
8897.692,11,15,1 L,+4.054
8903.625,11,15,1 L,+4.503
8908.476,11,15,1 L,+4.688
8912.588,11,15,1 L,+4.738
8919.158,11,15,1 L,+5.095
8924.72,11,15,1 L,+5.289
8929.017,11,15,1 L,+5.384
8933.517,11,15,1 L,+5.327
8937.314,11,15,1 L,+5.219
8946.002,11,15,1 L,+5.638
8950.174,11,15,1 L,+5.619
8951.142,11,15,1 L,+5.622
8953.486,11,15,1 L,+5.727
8954.939,11,15,1 L,+5.756
8955.658,11,15,1 L,+5.768
8959.908,11,15,1 L,+5.907
8961.127,11,15,1 L,+5.949
8963.439,11,15,1 L,+6.060
8968.917,11,15,1 L,+6.626
8974.454,11,15,1 L,+6.827
8978.014,11,15,1 L,+6.836
8981.56,11,15,1 L,+6.773
8988.75,11,15,1 L,+6.939
8992.469,11,15,1 L,+6.964
8996.569,11,15,1 L,+7.009
9002.505,11,15,1 L,+7.372
9007.41,11,15,1 L,+7.576
9011.487,11,15,1 L,+7.620
9018.106,11,15,1 L,+7.953
9023.72,11,15,1 L,+8.135
9028.003,11,15,1 L,+8.224
9032.549,11,15,1 L,+8.188
9036.308,11,15,1 L,+8.087
9044.917,11,15,1 L,+8.421
9049.12,11,15,1 L,+8.406
9050.089,11,15,1 L,+8.389
9052.402,11,15,1 L,+8.390
9053.87,11,15,1 L,+8.392
9054.573,11,15,1 L,+8.385
9138.164,11,15,1L,+8.385
