Time,Driver,Position,GapToLeader,IntervalToPositionAhead
8.61,1,1,LAP 1,LAP 1
3276.602,1,2,LAP 1,LAP 1
3277.038,1,2,+0.307,+0.307
3279.041,1,2,+0.352,+0.352
3283.069,1,2,+0.344,+0.344
3286.629,1,2,+0.475,+0.475
3291.395,1,2,+0.644,+0.644
3294.973,1,2,+0.697,+0.697
3300.425,1,2,+0.698,+0.698
3305.0,1,2,+0.802,+0.802
3309.129,1,2,+0.823,+0.823
3312.289,1,2,+0.825,+0.825
3313.93,1,2,+0.832,+0.832
3314.633,1,2,+0.826,+0.826
3317.461,1,2,+0.786,+0.786
3323.008,1,2,+0.878,+0.878
3331.883,1,2,+0.862,+0.862
3335.914,1,2,+0.976,+0.976
3338.664,1,2,+0.935,+0.935
3339.43,1,2,+0.925,+0.925
3342.836,1,2,+0.867,+0.867
3345.602,1,2,+0.835,+0.835
3352.586,1,2,+0.735,+0.735
3358.472,1,2,+0.715,+0.715
3363.458,1,2,+0.699,+0.699
3365.483,1,2,+0.724,+0.724
3368.983,1,2,+0.704,+0.704
3372.735,1,2,+0.679,+0.679
3377.103,1,2,+0.765,+0.765
3380.914,1,2,+0.710,+0.710
3386.403,1,2,+0.714,+0.714
3390.945,1,2,+0.784,+0.784
3395.1,1,2,+0.762,+0.762
3398.215,1,2,+0.741,+0.741
3399.847,1,2,+0.771,+0.771
3400.562,1,2,+0.774,+0.774
3403.394,1,2,+0.727,+0.727
3408.996,1,2,+0.826,+0.826
3417.855,1,2,+0.773,+0.773
3421.947,1,2,+0.958,+0.958
3424.781,1,2,+0.972,+0.972
3425.577,1,2,+0.968,+0.968
3428.967,1,2,+0.942,+0.942
3431.796,1,2,+0.915,+0.915
3438.657,1,2,+0.888,+0.888
3444.527,1,2,+0.875,+0.875
3449.428,1,2,+0.892,+0.892
3451.273,1,2,+0.890,+0.890
3454.885,1,2,+0.878,+0.878
3458.621,1,2,+0.919,+0.919
3462.923,1,2,+0.975,+0.975
3466.655,1,2,+0.894,+0.894
3472.201,1,2,+0.827,+0.827
3476.4,1,2,+0.851,+0.851
3480.592,1,2,+0.886,+0.886
3483.685,1,2,+0.851,+0.851
3485.399,1,2,+0.871,+0.871
3488.789,1,2,+0.840,+0.840
3494.315,1,2,+0.863,+0.863
3503.181,1,2,+0.777,+0.777
3507.259,1,2,+1.001,+1.001
3510.083,1,2,+1.005,+1.005
3510.861,1,2,+1.003,+1.003
3514.273,1,2,+0.944,+0.944
3517.074,1,2,+0.840,+0.840
3524.028,1,2,+0.900,+0.900
3529.932,1,2,+0.862,+0.862
3534.894,1,2,+0.866,+0.866
3536.714,1,2,+0.854,+0.854
3540.264,1,2,+0.818,+0.818
3543.874,1,2,+0.758,+0.758
3548.233,1,2,+0.846,+0.846
3552.014,1,2,+0.796,+0.796
3557.311,1,2,+0.852,+0.852
3561.772,1,2,+0.953,+0.953
3565.914,1,2,+0.990,+0.990
3569.144,1,2,+0.981,+0.981
3570.594,1,2,+0.992,+0.992
3571.299,1,2,+0.993,+0.993
3574.085,1,2,+0.961,+0.961
3579.561,1,2,+0.973,+0.973
3588.361,1,2,+0.945,+0.945
3592.439,1,2,+1.082,+1.082
3595.273,1,2,+1.041,+1.041
3596.035,1,2,+1.033,+1.033
3599.462,1,2,+0.989,+0.989
3602.274,1,2,+0.957,+0.957
3609.199,1,2,+0.969,+0.969
3615.089,1,2,+0.856,+0.856
3620.194,1,2,+0.989,+0.989
3622.003,1,2,+0.959,+0.959
3625.609,1,2,+0.931,+0.931
3629.186,1,2,+0.914,+0.914
3633.53,1,2,+1.024,+1.024
3637.249,1,2,+0.927,+0.927
3642.467,1,2,+0.943,+0.943
3646.902,1,2,+1.016,+1.016
3651.03,1,2,+1.052,+1.052
3654.214,1,2,+1.060,+1.060
3655.746,1,2,+1.095,+1.095
3656.452,1,2,+1.104,+1.104
3659.202,1,2,+1.103,+1.103
3664.749,1,2,+1.036,+1.036
3673.574,1,2,+1.007,+1.007
3677.62,1,2,+1.127,+1.127
3680.491,1,2,+1.159,+1.159
3681.228,1,2,+1.161,+1.161
3684.673,1,2,+1.136,+1.136
3687.445,1,2,+1.093,+1.093
3694.323,1,2,+1.067,+1.067
3700.23,1,2,+0.996,+0.996
3705.343,1,2,+1.078,+1.078
3707.119,1,2,+1.030,+1.030
3710.699,1,2,+0.993,+0.993
3714.315,1,2,+0.990,+0.990
3718.622,1,2,+1.027,+1.027
3722.361,1,2,+0.907,+0.907
3727.58,1,2,+0.921,+0.921
3732.006,1,2,+0.995,+0.995
3736.179,1,2,+1.023,+1.023
3739.26,1,2,+1.037,+1.037
3740.85,1,2,+1.058,+1.058
3741.553,1,2,+1.060,+1.060
3744.341,1,2,+1.049,+1.049
3749.87,1,2,+1.089,+1.089
3758.685,1,2,+1.054,+1.054
3762.761,1,2,+1.202,+1.202
3765.628,1,2,+1.223,+1.223
3766.363,1,2,+1.222,+1.222
3769.791,1,2,+1.198,+1.198
3772.546,1,2,+1.160,+1.160
3779.466,1,2,+1.222,+1.222
3785.365,1,2,+1.174,+1.174
3790.42,1,2,+1.344,+1.344
3792.264,1,2,+1.333,+1.333
3795.858,1,2,+1.312,+1.312
3799.496,1,2,+1.353,+1.353
3803.802,1,2,+1.409,+1.409
3807.567,1,2,+1.326,+1.326
3812.843,1,2,+1.407,+1.407
3817.277,1,2,+1.481,+1.481
3821.433,1,2,+1.517,+1.517
3824.558,1,2,+1.533,+1.533
3826.12,1,2,+1.546,+1.546
3826.808,1,2,+1.555,+1.555
3829.636,1,2,+1.632,+1.632
3835.167,1,2,+1.676,+1.676
3844.045,1,2,+1.653,+1.653
3848.048,1,2,+1.675,+1.675
3850.939,1,2,+1.736,+1.736
3851.702,1,2,+1.742,+1.742
3855.178,1,2,+1.724,+1.724
3857.956,1,2,+1.657,+1.657
3864.875,1,2,+1.735,+1.735
3870.761,1,2,+1.629,+1.629
3875.886,1,2,+1.788,+1.788
3877.698,1,2,+1.755,+1.755
3881.322,1,2,+1.752,+1.752
3884.914,1,2,+1.746,+1.746
3889.183,1,2,+1.775,+1.775
3892.964,1,2,+1.667,+1.667
3898.151,1,2,+1.555,+1.555
3902.542,1,2,+1.537,+1.537
3906.761,1,2,+1.572,+1.572
3909.855,1,2,+1.563,+1.563
3911.48,1,2,+1.554,+1.554
3912.183,1,2,+1.550,+1.550
3915.026,1,2,+1.564,+1.564
3920.558,1,2,+1.618,+1.618
3929.448,1,2,+1.626,+1.626
3933.573,1,2,+1.842,+1.842
3936.464,1,2,+1.929,+1.929
3937.245,1,2,+1.933,+1.933
3940.698,1,2,+1.932,+1.932
3943.535,1,2,+1.939,+1.939
3950.392,1,2,+1.889,+1.889
3956.276,1,2,+1.793,+1.793
3961.37,1,2,+1.871,+1.871
3963.183,1,2,+1.804,+1.804
3966.716,1,2,+1.745,+1.745
3970.342,1,2,+1.771,+1.771
3974.67,1,2,+1.802,+1.802
3978.425,1,2,+1.667,+1.667
3983.676,1,2,+1.678,+1.678
3988.145,1,2,+1.709,+1.709
3992.329,1,2,+1.708,+1.708
3995.414,1,2,+1.720,+1.720
3997.006,1,2,+1.740,+1.740
3997.746,1,2,+1.746,+1.746
4000.543,1,2,+1.773,+1.773
4006.079,1,2,+1.791,+1.791
4014.894,1,2,+1.736,+1.736
4018.855,1,2,+1.747,+1.747
4021.651,1,2,+1.741,+1.741
4022.417,1,2,+1.738,+1.738
4025.886,1,2,+1.728,+1.728
4028.714,1,2,+1.732,+1.732
4035.629,1,2,+1.714,+1.714
4041.457,1,2,+1.518,+1.518
4046.599,1,2,+1.623,+1.623
4048.386,1,2,+1.545,+1.545
4051.992,1,2,+1.496,+1.496
4055.58,1,2,+1.482,+1.482
4059.872,1,2,+1.516,+1.516
4063.706,1,2,+1.475,+1.475
4068.86,1,2,+1.356,+1.356
4073.26,1,2,+1.298,+1.298
4077.48,1,2,+1.331,+1.331
4080.605,1,2,+1.311,+1.311
4082.214,1,2,+1.306,+1.306
4085.745,1,2,+1.297,+1.297
4091.296,1,2,+1.313,+1.313
4100.105,1,2,+1.253,+1.253
4104.105,1,2,+1.299,+1.299
4106.933,1,2,+1.339,+1.339
4107.698,1,2,+1.341,+1.341
4111.151,1,2,+1.325,+1.325
4113.917,1,2,+1.290,+1.290
4120.855,1,2,+1.381,+1.381
4126.761,1,2,+1.255,+1.255
4131.808,1,2,+1.349,+1.349
4133.629,1,2,+1.304,+1.304
4137.201,1,2,+1.241,+1.241
4140.778,1,2,+1.167,+1.167
4145.072,1,2,+1.184,+1.184
4148.901,1,2,+1.122,+1.122
4154.094,1,2,+1.041,+1.041
4158.546,1,2,+1.060,+1.060
4162.765,1,2,+1.068,+1.068
4165.921,1,2,+1.059,+1.059
4167.468,1,2,+1.048,+1.048
4168.156,1,2,+1.039,+1.039
4170.948,1,2,+1.011,+1.011
4176.541,1,2,+1.140,+1.140
4185.451,1,2,+1.170,+1.170
4189.436,1,2,+1.226,+1.226
4192.248,1,2,+1.257,+1.257
4193.045,1,2,+1.258,+1.258
4196.48,1,2,+1.230,+1.230
4199.236,1,2,+1.186,+1.186
4206.227,1,2,+1.197,+1.197
4212.021,1,2,+0.982,+0.982
4217.299,1,2,+1.205,+1.205
4219.116,1,2,+1.160,+1.160
4222.699,1,2,+1.104,+1.104
4226.372,1,2,+1.116,+1.116
4230.673,1,2,+1.159,+1.159
4234.488,1,2,+1.059,+1.059
4239.719,1,2,+1.034,+1.034
4244.272,1,2,+1.123,+1.123
4248.501,1,2,+1.130,+1.130
4251.601,1,2,+1.108,+1.108
4253.183,1,2,+1.086,+1.086
4253.901,1,2,+1.074,+1.074
4256.683,1,2,+1.026,+1.026
4262.245,1,2,+1.064,+1.064
4271.151,1,2,+1.162,+1.162
4275.12,1,2,+1.189,+1.189
4277.995,1,2,+1.183,+1.183
4278.745,1,2,+1.179,+1.179
4282.183,1,2,+1.148,+1.148
4284.979,1,2,+1.072,+1.072
4292.011,1,2,+1.188,+1.188
4297.899,1,2,+1.090,+1.090
4303.014,1,2,+1.086,+1.086
4304.86,1,2,+1.050,+1.050
4308.42,1,2,+0.992,+0.992
4312.076,1,2,+0.979,+0.979
4316.42,1,2,+1.042,+1.042
4320.264,1,2,+0.974,+0.974
4325.545,1,2,+0.909,+0.909
4329.983,1,2,+0.896,+0.896
4334.186,1,2,+0.889,+0.889
4337.295,1,2,+0.856,+0.856
4338.889,1,2,+0.846,+0.846
4339.733,1,2,+0.844,+0.844
4342.373,1,2,+0.807,+0.807
4347.985,1,2,+0.870,+0.870
4356.96,1,2,+1.001,+1.001
4360.948,1,2,+1.047,+1.047
4363.814,1,2,+1.098,+1.098
4364.618,1,2,+1.099,+1.099
4368.033,1,2,+1.065,+1.065
4370.799,1,2,+0.999,+0.999
4377.833,1,2,+1.043,+1.043
4383.708,1,2,+0.948,+0.948
4389.072,1,2,+1.079,+1.079
4390.623,1,2,+1.042,+1.042
4394.248,1,2,+0.974,+0.974
4397.814,1,2,+0.946,+0.946
4402.147,1,2,+1.000,+1.000
4406.103,1,2,+0.925,+0.925
4411.245,1,2,+0.945,+0.945
4415.724,1,2,+0.969,+0.969
4419.967,1,2,+1.024,+1.024
4423.076,1,2,+1.014,+1.014
4424.67,1,2,+1.027,+1.027
4425.405,1,2,+1.031,+1.031
4428.17,1,2,+0.998,+0.998
4433.748,1,2,+1.008,+1.008
4442.576,1,2,+0.984,+0.984
4446.584,1,2,+1.016,+1.016
4449.511,1,2,+1.004,+1.004
4450.168,1,2,+0.997,+0.997
4453.589,1,2,+0.946,+0.946
4456.339,1,2,+0.869,+0.869
4463.401,1,2,+1.005,+1.005
4469.276,1,2,+0.873,+0.873
4474.399,1,2,+0.980,+0.980
4476.206,1,2,+0.941,+0.941
4479.715,1,2,+0.850,+0.850
4483.389,1,2,+0.886,+0.886
4487.748,1,2,+0.999,+0.999
4491.545,1,2,+0.912,+0.912
4496.86,1,2,+1.018,+1.018
4501.405,1,2,+1.083,+1.083
4505.689,1,2,+1.086,+1.086
4508.791,1,2,+1.035,+1.035
4510.321,1,2,+1.065,+1.065
4510.995,1,2,+1.071,+1.071
4513.792,1,2,+1.046,+1.046
4519.405,1,2,+1.136,+1.136
4528.28,1,2,+1.169,+1.169
4532.186,1,2,+1.093,+1.093
4535.03,1,2,+0.984,+0.984
4535.795,1,2,+0.967,+0.967
4539.217,1,2,+0.910,+0.910
4541.983,1,2,+0.847,+0.847
4548.998,1,2,+0.994,+0.994
4554.919,1,2,+0.937,+0.937
4560.094,1,2,+1.026,+1.026
4565.515,1,2,+0.992,+0.992
4569.146,1,2,+0.999,+0.999
4573.499,1,2,+1.010,+1.010
4577.291,1,2,+0.936,+0.936
4582.542,1,2,+0.831,+0.831
4587.058,1,2,+0.836,+0.836
4591.339,1,2,+0.877,+0.877
4594.464,1,2,+0.862,+0.862
4596.042,1,2,+0.858,+0.858
4596.794,1,2,+0.862,+0.862
4599.573,1,2,+0.886,+0.886
4605.261,1,2,+0.964,+0.964
4614.214,1,2,+0.960,+0.960
4621.677,1,1,LAP 16,LAP 16
4621.677,1,1,LAP 17,LAP 17
4709.595,1,1,LAP 18,LAP 18
4718.98,1,2,LAP 18,LAP 18
4733.683,1,3,LAP 18,LAP 18
4734.136,1,4,LAP 18,LAP 18
4734.589,1,4,+12.736,+0.388
4742.183,1,4,+13.225,+0.978
4748.027,1,4,+13.305,+0.959
4753.167,1,4,+13.453,+1.062
4755.001,1,4,+13.431,+1.038
4758.57,1,4,+13.365,+1.032
4762.214,1,4,+13.378,+0.772
4766.527,1,4,+13.421,+0.593
4770.272,1,4,+13.309,+0.529
4775.775,1,4,+13.491,+0.438
4780.394,1,4,+13.677,+0.500
4784.595,1,4,+13.681,+0.514
4787.792,1,4,+13.729,+0.476
4789.355,1,4,+13.751,+0.508
4790.074,1,4,+13.749,+0.513
4792.839,1,4,+13.705,+0.463
4798.402,1,4,+13.739,+0.508
4807.155,1,4,+13.670,+0.441
4811.311,1,4,+13.806,+0.334
4814.139,1,4,+13.741,+0.355
4814.874,1,4,+13.722,+0.350
4818.235,1,4,+13.607,+0.335
4821.229,1,4,+13.612,+0.243
4828.072,1,4,+13.638,+0.029
4833.952,1,3,+13.638,+0.029
4834.028,1,3,+13.717,+0.353
4839.003,1,3,+13.700,+0.355
4840.908,1,3,+13.728,+0.391
4844.473,1,3,+13.700,+0.335
4848.21,1,3,+13.788,+0.418
4852.514,1,3,+13.828,+0.425
4856.329,1,3,+13.745,+0.361
4861.715,1,3,+13.884,+0.510
4866.261,1,3,+13.985,+0.659
4870.433,1,3,+13.922,+0.744
4873.574,1,3,+13.935,+0.733
4875.074,1,3,+13.899,+0.741
4875.777,1,3,+13.880,+0.742
4878.565,1,3,+13.838,+0.718
4884.072,1,3,+13.796,+0.829
4892.749,1,3,+13.674,+0.881
4896.702,1,3,+13.596,+0.899
4899.483,1,3,+13.458,+0.866
4900.249,1,3,+13.441,+0.858
4903.639,1,3,+13.382,+0.805
4906.374,1,3,+13.332,+0.735
4913.202,1,3,+13.271,+0.677
4919.047,1,3,+13.242,+0.603
4924.062,1,3,+13.252,+0.675
4925.828,1,3,+13.191,+0.660
4929.373,1,3,+13.131,+0.600
4933.014,1,3,+13.130,+0.651
4937.295,1,3,+13.163,+0.727
4940.999,1,3,+12.999,+0.608
4946.28,1,3,+13.066,+0.660
4950.717,1,3,+13.056,+0.661
4954.905,1,3,+12.943,+0.691
4958.019,1,3,+12.932,+0.663
4959.493,1,3,+12.892,+0.673
4960.191,1,3,+12.865,+0.670
4962.963,1,3,+12.812,+0.651
4968.478,1,3,+12.738,+0.756
4977.229,1,3,+12.623,+0.735
4981.1,1,3,+12.509,+0.770
4983.947,1,3,+12.331,+0.736
4984.629,1,3,+12.305,+0.725
4987.986,1,3,+12.229,+0.662
4990.733,1,3,+12.179,+0.604
4997.657,1,3,+12.110,+0.723
5003.398,1,3,+11.974,+0.499
5008.497,1,3,+12.120,+0.716
5010.313,1,3,+12.076,+0.720
5013.843,1,3,+12.000,+0.651
5017.477,1,3,+11.971,+0.649
5021.686,1,3,+11.934,+0.661
5025.499,1,3,+11.774,+0.555
5030.639,1,3,+11.779,+0.568
5034.99,1,3,+11.691,+0.585
5039.201,1,3,+11.601,+0.678
5042.262,1,3,+11.603,+0.652
5043.858,1,3,+11.550,+0.652
5044.517,1,3,+11.524,+0.649
5047.289,1,3,+11.449,+0.598
5052.815,1,3,+11.450,+0.687
5061.568,1,3,+11.277,+0.651
5065.517,1,3,+11.122,+0.661
5068.214,1,3,+10.973,+0.638
5069.017,1,3,+10.952,+0.628
5072.342,1,3,+10.876,+0.561
5075.073,1,3,+10.836,+0.510
5081.961,1,3,+10.744,+0.609
5087.605,1,3,+10.564,+0.394
5093.1,1,3,+10.889,+0.917
5094.958,1,3,+10.848,+0.932
5098.814,1,3,+10.788,+0.881
5102.194,1,3,+10.772,+0.976
5106.502,1,3,+10.778,+1.066
5110.229,1,3,+10.609,+0.975
5115.476,1,3,+10.534,+0.994
5119.86,1,3,+10.422,+1.021
5124.004,1,3,+10.260,+1.047
5127.062,1,3,+10.225,+1.025
5128.606,1,3,+10.131,+1.001
5129.273,1,3,+10.094,+0.995
5131.994,1,3,+10.006,+0.963
5137.504,1,3,+9.895,+1.080
5146.272,1,3,+9.588,+1.084
5150.15,1,3,+9.588,+1.095
5152.902,1,3,+9.588,+1.045
5153.668,1,3,+7.131,+1.035
5156.949,1,2,+7.131,+1.035
5157.042,1,2,+0.999,+0.999
5159.792,1,2,+0.961,+0.961
5166.741,1,2,+1.046,+1.046
5172.46,1,2,+0.858,+0.858
5177.639,1,2,+1.005,+1.005
5179.373,1,2,+0.938,+0.938
5182.92,1,2,+0.858,+0.858
5186.733,1,2,+0.885,+0.885
5194.483,1,2,+0.783,+0.783
5199.701,1,2,+0.801,+0.801
5204.123,1,2,+0.872,+0.872
5208.215,1,2,+0.877,+0.877
5211.261,1,2,+0.850,+0.850
5212.817,1,2,+0.827,+0.827
5213.488,1,2,+0.821,+0.821
5216.261,1,2,+0.802,+0.802
5221.805,1,2,+0.881,+0.881
5230.634,1,2,+0.968,+0.968
5234.525,1,2,+0.992,+0.992
5237.322,1,2,+0.967,+0.967
5238.103,1,2,+0.962,+0.962
5241.494,1,2,+0.925,+0.925
5244.228,1,2,+0.908,+0.908
5251.157,1,2,+1.018,+1.018
5256.907,1,2,+0.844,+0.844
5262.016,1,2,+0.954,+0.954
5263.797,1,2,+0.921,+0.921
5267.36,1,2,+0.866,+0.866
5270.95,1,2,+0.940,+0.940
5275.23,1,2,+1.063,+1.063
5278.964,1,2,+0.997,+0.997
5284.121,1,2,+0.851,+0.851
5288.545,1,2,+0.859,+0.859
5292.7,1,2,+0.834,+0.834
5295.719,1,2,+0.811,+0.811
5297.293,1,2,+0.773,+0.773
5298.001,1,2,+0.761,+0.761
5300.703,1,2,+0.697,+0.697
5306.216,1,2,+0.736,+0.736
5315.03,1,2,+0.601,+0.601
5319.024,1,2,+0.655,+0.655
5321.801,1,2,+0.671,+0.671
5322.56,1,2,+0.666,+0.666
5325.986,1,2,+0.607,+0.607
5328.673,1,2,+0.527,+0.527
5335.673,1,2,+0.676,+0.676
5341.451,1,2,+0.552,+0.552
5346.575,1,2,+0.640,+0.640
5348.372,1,2,+0.591,+0.591
5351.903,1,2,+0.512,+0.512
5355.544,1,2,+0.530,+0.530
5359.872,1,2,+0.606,+0.606
5363.622,1,2,+0.526,+0.526
5368.919,1,2,+0.597,+0.597
5373.4,1,2,+0.694,+0.694
5377.66,1,2,+0.742,+0.742
5380.714,1,2,+0.724,+0.724
5382.264,1,2,+0.700,+0.700
5382.989,1,2,+0.688,+0.688
5385.739,1,2,+0.625,+0.625
5391.249,1,2,+0.728,+0.728
5400.032,1,2,+0.696,+0.696
5403.968,1,2,+0.716,+0.716
5406.774,1,2,+0.690,+0.690
5407.508,1,2,+0.682,+0.682
5410.914,1,2,+0.618,+0.618
5413.6,1,2,+0.547,+0.547
5420.733,1,2,+0.799,+0.799
5426.485,1,2,+0.583,+0.583
5431.635,1,2,+0.620,+0.620
5433.445,1,2,+0.561,+0.561
5436.977,1,2,+0.473,+0.473
5440.65,1,2,+0.508,+0.508
5444.974,1,2,+0.567,+0.567
5448.699,1,2,+0.434,+0.434
5454.058,1,2,+0.555,+0.555
5458.605,1,2,+0.677,+0.677
5462.855,1,2,+0.701,+0.701
5465.973,1,2,+0.654,+0.654
5467.493,1,2,+0.644,+0.644
5468.199,1,2,+0.645,+0.645
5470.946,1,2,+0.602,+0.602
5476.561,1,2,+0.751,+0.751
5485.527,1,2,+0.748,+0.748
5489.358,1,2,+0.710,+0.710
5492.233,1,2,+0.744,+0.744
5492.983,1,2,+0.741,+0.741
5496.373,1,2,+0.693,+0.693
5499.108,1,2,+0.642,+0.642
5506.201,1,2,+0.710,+0.710
5511.986,1,2,+0.487,+0.487
5517.228,1,2,+0.674,+0.674
5519.048,1,2,+0.646,+0.646
5522.59,1,2,+0.598,+0.598
5526.216,1,2,+0.631,+0.631
5530.564,1,2,+0.671,+0.671
5534.318,1,2,+0.585,+0.585
5539.772,1,2,+0.696,+0.696
5544.304,1,2,+0.808,+0.808
5548.451,1,2,+0.824,+0.824
5551.472,1,2,+0.791,+0.791
5553.029,1,2,+0.764,+0.764
5553.719,1,2,+0.759,+0.759
5556.458,1,2,+0.717,+0.717
5562.06,1,2,+0.798,+0.798
5570.994,1,2,+0.771,+0.771
5574.961,1,2,+0.800,+0.800
5577.772,1,2,+0.809,+0.809
5578.542,1,2,+0.808,+0.808
5581.949,1,2,+0.765,+0.765
5584.628,1,2,+0.740,+0.740
5591.655,1,2,+0.827,+0.827
5597.436,1,2,+0.685,+0.685
5602.577,1,2,+0.826,+0.826
5604.358,1,2,+0.767,+0.767
5607.889,1,2,+0.693,+0.693
5611.545,1,2,+0.770,+0.770
5615.929,1,2,+0.880,+0.880
5619.636,1,2,+0.748,+0.748
5624.98,1,2,+0.777,+0.777
5629.48,1,2,+0.912,+0.912
5633.636,1,2,+0.892,+0.892
5636.67,1,2,+0.845,+0.845
5638.264,1,2,+0.820,+0.820
5638.951,1,2,+0.801,+0.801
5641.7,1,2,+0.756,+0.756
5647.258,1,2,+0.840,+0.840
5656.099,1,2,+0.793,+0.793
5660.027,1,2,+0.770,+0.770
5662.855,1,2,+0.764,+0.764
5663.605,1,2,+0.757,+0.757
5666.995,1,2,+0.705,+0.705
5669.652,1,2,+0.656,+0.656
5676.792,1,2,+0.838,+0.838
5682.636,1,2,+0.775,+0.775
5687.792,1,2,+0.903,+0.903
5689.605,1,2,+0.860,+0.860
5693.149,1,2,+0.794,+0.794
5696.849,1,2,+0.921,+0.921
5702.1,1,2,+1.701,+1.701
5705.964,1,2,+1.735,+1.735
5711.448,1,2,+1.839,+1.839
5715.917,1,2,+1.867,+1.867
5720.12,1,2,+1.857,+1.857
5723.194,1,2,+1.821,+1.821
5724.749,1,2,+1.784,+1.784
5725.459,1,2,+1.772,+1.772
5728.214,1,2,+1.748,+1.748
5733.873,1,2,+1.674,+1.674
5742.63,1,2,+1.567,+1.567
5746.586,1,2,+1.509,+1.509
5749.417,1,2,+1.475,+1.475
5750.136,1,2,+1.471,+1.471
5753.573,1,2,+1.454,+1.454
5756.261,1,2,+1.428,+1.428
5763.308,1,2,+1.465,+1.465
5769.12,1,2,+1.357,+1.357
5774.277,1,2,+1.438,+1.438
5776.042,1,2,+1.354,+1.354
5779.558,1,2,+1.293,+1.293
5783.214,1,2,+1.260,+1.260
5787.549,1,2,+1.267,+1.267
5791.287,1,2,+1.122,+1.122
5796.575,1,2,+1.087,+1.087
5801.029,1,2,+1.132,+1.132
5805.319,1,2,+1.171,+1.171
5808.328,1,2,+1.137,+1.137
5809.816,1,2,+1.108,+1.108
5810.542,1,2,+1.102,+1.102
5813.342,1,2,+1.053,+1.053
5813.358,1,2,+1.102,+1.102
5813.359,1,2,+1.053,+1.053
5818.929,1,2,+1.062,+1.062
5827.831,1,2,+0.991,+0.991
5831.814,1,2,+0.970,+0.970
5834.632,1,2,+0.978,+0.978
5835.41,1,2,+0.977,+0.977
5838.78,1,2,+0.952,+0.952
5841.461,1,2,+0.917,+0.917
5848.695,1,2,+1.062,+1.062
5854.482,1,2,+0.929,+0.929
5859.62,1,2,+1.029,+1.029
5861.476,1,2,+0.999,+0.999
5865.028,1,2,+0.960,+0.960
5868.733,1,2,+0.919,+0.919
5872.98,1,2,+0.914,+0.914
5876.73,1,2,+0.813,+0.813
5881.995,1,2,+0.738,+0.738
5886.464,1,2,+0.790,+0.790
5890.651,1,2,+0.722,+0.722
5893.695,1,2,+0.687,+0.687
5895.267,1,2,+0.679,+0.679
5898.73,1,2,+0.667,+0.667
5904.428,1,2,+0.795,+0.795
5913.342,1,2,+0.764,+0.764
5917.342,1,2,+0.715,+0.715
5920.202,1,2,+0.712,+0.712
5920.967,1,2,+0.711,+0.711
5924.342,1,2,+0.682,+0.682
5926.998,1,2,+0.642,+0.642
5934.155,1,2,+0.792,+0.792
5945.139,1,2,+0.727,+0.727
5946.936,1,2,+0.649,+0.649
5950.42,1,2,+0.578,+0.578
5954.102,1,2,+0.606,+0.606
5958.514,1,2,+0.659,+0.659
5962.239,1,2,+0.565,+0.565
5967.636,1,2,+0.678,+0.678
5972.291,1,2,+0.783,+0.783
5976.42,1,2,+0.687,+0.687
5979.467,1,2,+0.658,+0.658
5981.076,1,2,+0.621,+0.621
5981.795,1,2,+0.602,+0.602
5984.608,1,2,+0.526,+0.526
5990.389,1,2,+0.734,+0.734
6003.28,1,2,+0.761,+0.761
6006.108,1,2,+0.765,+0.765
6006.842,1,2,+0.762,+0.762
6010.214,1,2,+0.722,+0.722
6012.931,1,2,+0.680,+0.680
6019.995,1,2,+0.705,+0.705
6025.761,1,2,+0.629,+0.629
6030.902,1,2,+0.719,+0.719
6032.686,1,2,+0.656,+0.656
6036.146,1,2,+0.580,+0.580
6039.872,1,2,+0.672,+0.672
6044.295,1,2,+0.751,+0.751
6048.045,1,2,+0.727,+0.727
6053.389,1,2,+0.762,+0.762
6057.842,1,2,+0.771,+0.771
6062.06,1,2,+0.760,+0.760
6065.107,1,2,+0.727,+0.727
6067.388,1,2,+0.734,+0.734
6070.178,1,2,+0.719,+0.719
6075.879,1,2,+0.877,+0.877
6084.847,1,2,+0.869,+0.869
6092.249,1,1,LAP 33,LAP 33
6092.285,1,1,LAP 34,LAP 34
6176.995,1,1,LAP 35,LAP 35
6261.574,1,1,LAP 36,LAP 36
6346.295,1,1,LAP 37,LAP 37
6430.738,1,1,LAP 38,LAP 38
6515.26,1,1,LAP 39,LAP 39
6602.694,1,1,LAP 40,LAP 40
6612.603,1,2,LAP 40,LAP 40
6616.828,1,3,LAP 40,LAP 40
6627.56,1,3,+12.066,+7.957
6634.749,1,3,+12.222,+8.247
6640.635,1,3,+12.101,+8.301
6645.658,1,3,+12.067,+8.289
6647.397,1,3,+12.003,+8.217
6650.933,1,3,+11.908,+8.173
6654.611,1,3,+11.933,+8.221
6658.761,1,3,+11.777,+8.154
6662.441,1,3,+11.587,+7.960
6667.714,1,3,+11.521,+8.055
6671.991,1,3,+11.423,+7.854
6676.041,1,3,+11.273,+7.672
6679.074,1,3,+11.264,+7.694
6680.627,1,3,+11.220,+7.668
6681.299,1,3,+11.214,+7.650
6684.072,1,3,+11.256,+7.620
6689.428,1,3,+11.058,+7.498
6697.991,1,3,+10.716,+7.305
6701.782,1,3,+10.527,+7.131
6704.541,1,3,+10.397,+7.033
6705.3,1,3,+10.390,+7.028
6708.713,1,3,+10.379,+7.039
6711.458,1,3,+10.324,+7.057
6718.328,1,3,+10.092,+6.966
6724.013,1,3,+9.792,+6.883
6728.977,1,3,+9.735,+6.786
6730.717,1,3,+9.588,+6.649
6734.234,1,3,+9.530,+6.589
6737.699,1,3,+9.378,+6.421
6741.861,1,3,+9.270,+6.361
6745.565,1,3,+9.062,+6.227
6750.679,1,3,+8.833,+6.127
6754.872,1,3,+8.669,+5.852
6758.886,1,3,+8.415,+5.713
6761.895,1,3,+8.389,+5.696
6763.404,1,3,+8.324,+5.631
6764.092,1,3,+8.308,+5.602
6766.857,1,3,+8.338,+5.569
6772.194,1,3,+8.171,+5.469
6780.76,1,3,+7.719,+5.330
6784.535,1,3,+5.122,+5.330
6787.261,1,3,+5.045,+5.330
6788.038,1,3,+5.037,+4.694
6791.328,1,2,+5.037,+4.694
6791.415,1,2,+5.028,+5.028
6794.165,1,2,+5.021,+5.021
6800.945,1,2,+4.859,+4.859
6806.604,1,2,+4.826,+4.826
6811.693,1,2,+4.722,+4.722
6813.372,1,2,+4.591,+4.591
6816.854,1,2,+4.521,+4.521
6820.387,1,2,+4.412,+4.412
6824.555,1,2,+4.350,+4.350
6828.242,1,2,+4.217,+4.217
6833.346,1,2,+4.167,+4.167
6837.557,1,2,+3.955,+3.955
6841.645,1,2,+3.872,+3.872
6844.633,1,2,+3.882,+3.882
6846.131,1,2,+3.861,+3.861
6846.845,1,2,+3.840,+3.840
6849.636,1,2,+3.792,+3.792
6855.086,1,2,+3.741,+3.741
6863.764,1,2,+3.623,+3.623
6867.545,1,2,+3.448,+3.448
6870.3,1,2,+3.347,+3.347
6871.072,1,2,+3.336,+3.336
6874.451,1,2,+3.315,+3.315
6877.217,1,2,+3.331,+3.331
6884.113,1,2,+3.304,+3.304
6889.716,1,2,+3.169,+3.169
6894.839,1,2,+3.257,+3.257
6896.567,1,2,+3.124,+3.124
6900.072,1,2,+3.033,+3.033
6903.563,1,2,+2.859,+2.859
6907.697,1,2,+2.704,+2.704
6911.429,1,2,+2.561,+2.561
6916.596,1,2,+2.498,+2.498
6920.861,1,2,+2.306,+2.306
6924.923,1,2,+2.219,+2.219
6928.003,1,2,+2.238,+2.238
6929.513,1,2,+2.196,+2.196
6930.193,1,2,+2.173,+2.173
6932.946,1,2,+2.140,+2.140
6938.331,1,2,+2.028,+2.028
6947.029,1,2,+1.941,+1.941
6950.765,1,2,+1.836,+1.836
6953.483,1,2,+1.699,+1.699
6954.218,1,2,+1.683,+1.683
6957.635,1,2,+1.643,+1.643
6960.342,1,2,+1.649,+1.649
6967.148,1,2,+1.505,+1.505
6977.861,1,2,+1.443,+1.443
6979.569,1,2,+1.316,+1.316
6983.042,1,2,+1.206,+1.206
6986.557,1,2,+1.135,+1.135
6990.762,1,2,+1.109,+1.109
6994.479,1,2,+0.978,+0.978
6999.632,1,2,+0.966,+0.966
7004.014,1,2,+0.844,+0.844
7008.137,1,2,+0.846,+0.846
7011.177,1,2,+0.862,+0.862
7012.662,1,2,+0.807,+0.807
7013.372,1,2,+0.782,+0.782
7016.073,1,2,+0.707,+0.707
7021.501,1,2,+0.613,+0.613
7030.198,1,2,+0.561,+0.561
7034.127,1,2,+0.512,+0.512
7036.872,1,2,+0.449,+0.449
7037.599,1,2,+0.436,+0.436
7040.958,1,2,+0.362,+0.362
7043.616,1,2,+0.259,+0.259
7050.601,1,2,+0.356,+0.356
7056.394,1,2,+0.267,+0.267
7061.271,1,2,+0.320,+0.320
7063.049,1,2,+0.220,+0.220
7066.542,1,2,+0.134,+0.134
7070.373,1,2,+0.291,+0.291
7074.604,1,2,+0.318,+0.318
7078.414,1,2,+0.245,+0.245
7083.846,1,2,+0.538,+0.538
7088.36,1,2,+0.581,+0.581
7092.495,1,2,+0.565,+0.565
7095.604,1,2,+0.615,+0.615
7097.057,1,2,+0.582,+0.582
7097.758,1,2,+0.558,+0.558
7100.493,1,2,+0.504,+0.504
7106.061,1,2,+0.554,+0.554
7114.712,1,2,+0.497,+0.497
7118.599,1,2,+0.452,+0.452
7121.401,1,2,+0.430,+0.430
7122.167,1,2,+0.419,+0.419
7125.526,1,2,+0.350,+0.350
7128.104,1,2,+0.232,+0.232
7135.031,1,2,+0.015,+0.015
7140.704,1,1,LAP 46,LAP 46
7205.694,1,1,LAP 47,LAP 47
7288.962,1,1,LAP 48,LAP 48
7373.377,1,1,LAP 49,LAP 49
7457.357,1,1,LAP 50,LAP 50
7541.129,1,1,LAP 51,LAP 51
7624.971,1,1,LAP 52,LAP 52
7709.054,1,1,LAP 53,LAP 53
7793.029,1,1,LAP 54,LAP 54
7877.416,1,1,LAP 55,LAP 55
7961.618,1,1,LAP 56,LAP 56
8053.912,1,1,LAP 57,LAP 57
8164.991,1,1,LAP 58,LAP 58
8248.128,1,1,LAP 59,LAP 59
8331.671,1,1,LAP 60,LAP 60
8415.19,1,1,LAP 61,LAP 61
8497.76,1,1,LAP 62,LAP 62
8580.4,1,1,LAP 63,LAP 63
8663.121,1,1,LAP 64,LAP 64
8745.689,1,1,LAP 65,LAP 65
8828.736,1,1,LAP 66,LAP 66
8911.622,1,1,LAP 67,LAP 67
8994.656,1,1,LAP 68,LAP 68
9077.434,1,1,LAP 69,LAP 69
9160.839,1,1,LAP 70,LAP 70
8.61,16,2,,
3255.731,16,2,+0.300,+0.300
3258.542,16,3,+0.300,+0.300
3258.9,16,3,+0.328,+0.262
3266.067,16,4,+0.328,+0.262
3266.208,16,5,+0.328,+0.262
3266.364,16,5,+0.553,+0.023
3272.208,16,4,+0.553,+0.023
3272.302,16,4,+0.613,+0.083
3277.345,16,5,+0.613,+0.083
3277.897,16,5,+0.861,+0.318
3279.994,16,5,+0.988,+0.126
3283.379,16,5,+1.025,+0.095
3287.551,16,5,+1.342,+0.239
3292.102,16,5,+1.603,+0.068
3295.988,16,5,+1.745,+0.085
3302.186,16,5,+2.418,+0.423
3306.761,16,5,+2.585,+0.424
3310.967,16,5,+2.661,+0.449
3314.134,16,5,+2.642,+0.379
3315.758,16,5,+2.664,+0.409
3316.602,16,5,+2.663,+0.419
3319.274,16,5,+2.603,+0.424
3324.711,16,5,+2.572,+0.443
3333.742,16,5,+2.664,+0.578
3337.649,16,5,+2.704,+0.595
3340.524,16,5,+2.775,+0.641
3341.242,16,5,+2.777,+0.643
3344.68,16,5,+2.719,+0.648
3347.352,16,5,+2.600,+0.617
3354.326,16,5,+2.526,+0.677
3360.394,16,5,+2.583,+0.642
3365.467,16,5,+2.561,+0.553
3367.171,16,5,+2.546,+0.545
3370.78,16,5,+2.500,+0.454
3374.531,16,5,+2.493,+0.381
3378.964,16,5,+2.614,+0.503
3382.914,16,5,+2.689,+0.506
3388.359,16,5,+2.663,+0.593
3392.855,16,5,+2.685,+0.644
3397.014,16,5,+2.668,+0.613
3400.122,16,5,+2.616,+0.580
3401.66,16,5,+2.589,+0.574
3402.411,16,5,+2.577,+0.574
3405.158,16,5,+2.494,+0.551
3410.668,16,5,+2.501,+0.571
3419.605,16,5,+2.489,+0.597
3423.462,16,5,+2.482,+0.481
3426.421,16,5,+2.623,+0.632
3427.186,16,5,+2.633,+0.648
3430.639,16,5,+2.588,+0.688
3433.296,16,5,+2.430,+0.733
3440.147,16,5,+2.381,+0.762
3446.089,16,5,+2.382,+0.805
3451.121,16,5,+2.572,+0.664
3453.011,16,5,+2.607,+0.723
3456.589,16,5,+2.599,+0.689
3460.308,16,5,+2.615,+0.512
3464.639,16,5,+2.697,+0.552
3468.517,16,5,+2.754,+0.585
3473.901,16,5,+2.801,+0.585
3478.421,16,5,+2.876,+0.601
3482.593,16,5,+2.882,+0.622
3485.711,16,5,+2.863,+0.554
3487.305,16,5,+2.881,+0.583
3488.055,16,5,+2.890,+0.593
3490.777,16,5,+2.846,+0.553
3496.321,16,5,+2.870,+0.625
3505.353,16,5,+2.921,+0.747
3509.228,16,5,+2.930,+0.725
3512.114,16,5,+3.030,+0.729
3512.872,16,5,+3.040,+0.729
3516.291,16,5,+2.960,+0.735
3518.974,16,5,+2.745,+0.710
3525.872,16,5,+2.740,+0.810
3531.7,16,5,+2.606,+0.650
3536.694,16,5,+2.655,+0.624
3538.542,16,5,+2.685,+0.662
3542.171,16,5,+2.734,+0.689
3545.952,16,5,+2.787,+0.661
3550.202,16,5,+2.825,+0.577
3554.077,16,5,+2.857,+0.555
3559.467,16,5,+3.008,+0.568
3563.915,16,5,+3.100,+0.544
3568.124,16,5,+3.190,+0.587
3571.272,16,5,+3.251,+0.532
3572.875,16,5,+3.273,+0.545
3573.635,16,5,+3.276,+0.547
3576.393,16,5,+3.290,+0.548
3581.972,16,5,+3.408,+0.638
3590.97,16,5,+3.516,+0.755
3594.86,16,5,+3.478,+0.841
3597.806,16,5,+3.577,+0.816
3598.587,16,5,+3.587,+0.814
3602.009,16,5,+3.542,+0.808
3604.665,16,5,+3.346,+0.766
3611.542,16,5,+3.313,+0.419
3617.502,16,5,+3.292,+0.301
3622.561,16,5,+3.379,+0.391
3624.483,16,5,+3.447,+0.417
3628.108,16,5,+3.463,+0.423
3631.858,16,5,+3.596,+0.477
3636.139,16,5,+3.653,+0.526
3640.045,16,5,+3.698,+0.528
3645.421,16,5,+3.821,+0.552
3649.828,16,5,+3.956,+0.608
3653.989,16,5,+3.980,+0.562
3657.114,16,5,+4.015,+0.594
3658.686,16,5,+4.045,+0.609
3659.389,16,5,+4.051,+0.609
3662.202,16,5,+4.069,+0.651
3667.687,16,5,+3.974,+0.683
3676.648,16,5,+4.056,+0.705
3680.543,16,5,+4.056,+0.753
3683.613,16,5,+4.279,+0.814
3684.399,16,5,+4.303,+0.819
3687.855,16,5,+4.297,+0.826
3690.542,16,5,+4.165,+0.784
3697.417,16,5,+4.196,+0.868
3703.339,16,5,+4.108,+0.785
3708.291,16,5,+4.060,+0.698
3710.146,16,5,+4.061,+0.704
3713.786,16,5,+4.066,+0.708
3717.383,16,5,+4.054,+0.664
3721.699,16,5,+4.132,+0.725
3725.634,16,5,+4.190,+0.768
3730.975,16,5,+4.307,+0.784
3735.391,16,5,+4.372,+0.777
3739.608,16,5,+4.445,+0.852
3742.787,16,5,+4.480,+0.880
3744.273,16,5,+4.488,+0.880
3745.028,16,5,+4.485,+0.881
3747.763,16,5,+4.470,+0.887
3753.245,16,5,+4.479,+0.898
3762.218,16,5,+4.560,+0.986
3766.085,16,5,+4.499,+1.011
3769.043,16,5,+4.685,+1.027
3769.8,16,5,+4.707,+1.025
3773.28,16,5,+4.697,+1.030
3775.936,16,5,+4.544,+0.961
3782.791,16,5,+4.609,+1.062
3788.661,16,5,+4.494,+0.863
3793.639,16,5,+4.540,+0.870
3795.514,16,5,+4.599,+0.921
3799.245,16,5,+4.692,+1.025
3802.827,16,5,+4.697,+0.932
3807.144,16,5,+4.777,+0.933
3811.072,16,5,+4.841,+0.966
3816.361,16,5,+4.951,+0.980
3820.808,16,5,+5.042,+0.993
3825.043,16,5,+5.135,+1.028
3828.12,16,5,+5.144,+0.991
3829.698,16,5,+5.148,+0.980
3830.48,16,5,+5.151,+0.976
3833.198,16,5,+5.200,+0.998
3838.714,16,5,+5.200,+1.002
3847.634,16,5,+5.216,+1.002
3851.518,16,5,+5.147,+0.880
3854.518,16,5,+5.314,+1.005
3855.295,16,5,+5.335,+1.019
3858.75,16,5,+5.312,+1.056
3861.472,16,5,+5.188,+1.028
3868.37,16,5,+5.261,+1.126
3874.323,16,5,+5.169,+1.081
3879.341,16,5,+5.246,+1.135
3881.215,16,5,+5.275,+1.154
3884.815,16,5,+5.282,+1.128
3888.461,16,5,+5.283,+1.130
3892.776,16,5,+5.357,+1.182
3896.683,16,5,+5.385,+1.209
3901.855,16,5,+5.281,+1.118
3906.308,16,5,+5.282,+1.025
3910.48,16,5,+5.267,+1.013
3913.558,16,5,+5.242,+0.960
3915.151,16,5,+5.203,+0.940
3915.87,16,5,+5.188,+0.927
3918.573,16,5,+5.127,+0.899
3924.105,16,5,+5.158,+0.954
3933.105,16,5,+5.268,+1.053
3936.964,16,5,+5.242,+1.025
3939.948,16,5,+5.410,+1.075
3940.698,16,5,+5.431,+1.085
3944.195,16,5,+5.435,+1.130
3946.96,16,5,+5.379,+1.229
3953.76,16,5,+5.270,+1.149
3959.698,16,5,+5.223,+1.138
3964.774,16,5,+5.236,+1.200
3966.639,16,5,+5.254,+1.235
3970.205,16,5,+5.242,+1.252
3973.779,16,5,+5.196,+0.996
3978.002,16,5,+5.179,+0.948
3981.96,16,5,+5.197,+0.963
3987.434,16,5,+5.245,+0.892
3991.748,16,5,+5.318,+0.856
3995.921,16,5,+5.319,+0.851
3998.999,16,5,+5.315,+0.730
4000.625,16,5,+5.315,+0.718
4001.334,16,5,+5.309,+0.704
4004.018,16,5,+5.259,+0.620
4009.56,16,5,+5.285,+0.670
4018.573,16,5,+5.403,+0.725
4022.464,16,5,+5.370,+0.601
4025.48,16,5,+5.557,+0.701
4026.245,16,5,+5.574,+0.707
4029.714,16,5,+5.561,+0.713
4032.433,16,5,+5.459,+0.732
4039.427,16,5,+5.538,+0.857
4045.46,16,5,+5.496,+0.811
4050.414,16,5,+5.452,+0.856
4052.299,16,5,+5.470,+0.877
4055.916,16,5,+5.447,+0.876
4059.479,16,5,+5.360,+0.812
4063.762,16,5,+5.423,+0.829
4067.634,16,5,+5.428,+0.782
4072.944,16,5,+5.430,+0.768
4077.401,16,5,+5.434,+0.778
4081.573,16,5,+5.439,+0.773
4084.668,16,5,+5.355,+0.750
4086.23,16,5,+5.306,+0.723
4086.964,16,5,+5.304,+0.723
4089.702,16,5,+5.255,+0.724
4095.3,16,5,+5.314,+0.752
4104.308,16,5,+5.439,+0.899
4108.339,16,5,+5.463,+1.019
4111.308,16,5,+5.681,+1.097
4112.042,16,5,+5.705,+1.103
4115.527,16,5,+5.705,+1.125
4118.276,16,5,+5.624,+1.143
4125.308,16,5,+5.779,+1.207
4131.171,16,5,+5.648,+1.117
4136.13,16,5,+5.661,+1.135
4138.014,16,5,+5.686,+1.142
4141.622,16,5,+5.659,+1.140
4145.228,16,5,+5.578,+1.058
4149.473,16,5,+5.563,+1.034
4153.426,16,5,+5.648,+1.078
4158.687,16,5,+5.615,+0.989
4163.14,16,5,+5.650,+0.962
4167.359,16,5,+5.678,+0.971
4170.453,16,5,+5.636,+0.928
4172.002,16,5,+5.609,+0.909
4172.753,16,5,+5.594,+0.898
4175.482,16,5,+5.534,+0.890
4181.068,16,5,+5.671,+0.915
4190.139,16,5,+5.858,+1.031
4194.151,16,5,+5.927,+1.215
4197.112,16,5,+6.091,+1.197
4197.876,16,5,+6.111,+1.195
4201.345,16,5,+6.115,+1.214
4204.095,16,5,+6.046,+1.241
4211.0,16,5,+5.976,+1.201
4216.899,16,5,+5.864,+1.151
4221.915,16,5,+5.838,+1.224
4223.828,16,5,+5.885,+1.285
4227.481,16,5,+5.892,+1.312
4231.072,16,5,+5.855,+1.251
4235.338,16,5,+5.847,+1.262
4239.328,16,5,+5.908,+1.296
4244.613,16,5,+5.898,+1.240
4249.03,16,5,+5.891,+1.105
4253.464,16,5,+6.108,+1.342
4256.62,16,5,+6.093,+1.328
4258.177,16,5,+6.060,+1.317
4258.903,16,5,+6.038,+1.304
4261.599,16,5,+5.946,+1.281
4267.14,16,5,+5.951,+1.229
4276.183,16,5,+6.141,+1.320
4280.104,16,5,+6.161,+1.437
4283.136,16,5,+6.347,+1.444
4283.933,16,5,+6.368,+1.447
4287.433,16,5,+6.382,+1.477
4290.229,16,5,+6.338,+1.525
4297.248,16,5,+6.440,+1.639
4303.129,16,5,+6.298,+1.534
4308.172,16,5,+6.203,+1.511
4310.029,16,5,+6.209,+1.493
4313.639,16,5,+6.207,+1.483
4317.28,16,5,+6.167,+1.447
4321.56,16,5,+6.162,+1.444
4325.498,16,5,+6.204,+1.542
4330.795,16,5,+6.200,+1.518
4335.326,16,5,+6.238,+1.559
4339.764,16,5,+6.273,+1.540
4342.686,16,5,+6.238,+1.539
4344.232,16,5,+6.201,+1.511
4344.96,16,5,+6.188,+1.503
4347.715,16,5,+6.123,+1.501
4353.199,16,5,+6.061,+1.470
4362.258,16,5,+6.255,+1.445
4366.16,16,5,+6.275,+1.445
4369.217,16,5,+6.480,+1.445
4370.014,16,4,+6.480,+1.445
4370.015,16,4,+6.512,+2.265
4370.015,16,4,+6.480,+2.265
4370.015,16,4,+6.512,+2.265
4373.514,16,4,+6.556,+2.302
4376.317,16,4,+6.522,+2.292
4383.27,16,4,+6.488,+2.347
4389.185,16,4,+6.408,+2.325
4394.279,16,4,+6.449,+2.417
4396.076,16,4,+6.510,+2.412
4399.713,16,4,+6.531,+2.437
4403.272,16,4,+6.406,+2.328
4407.533,16,4,+6.396,+2.300
4411.515,16,4,+6.476,+2.380
4416.816,16,4,+6.496,+2.384
4421.327,16,4,+6.567,+2.458
4425.576,16,4,+6.583,+2.377
4428.639,16,4,+6.556,+2.387
4430.17,16,4,+6.531,+2.336
4430.936,16,4,+6.534,+2.342
4433.67,16,4,+6.502,+2.364
4439.248,16,4,+6.509,+2.264
4448.322,16,4,+6.650,+2.221
4452.261,16,4,+6.699,+2.221
4455.261,16,4,+6.859,+2.221
4456.073,16,3,+6.859,+2.221
4456.073,16,3,+6.880,+5.883
4459.558,16,3,+6.924,+5.978
4462.401,16,3,+6.930,+6.061
4469.386,16,3,+6.998,+5.993
4475.374,16,3,+6.955,+6.082
4480.388,16,3,+6.939,+5.959
4482.215,16,3,+6.982,+6.041
4485.889,16,3,+6.991,+6.141
4489.451,16,3,+6.932,+6.046
4493.717,16,3,+6.977,+5.978
4497.66,16,3,+7.038,+6.126
4503.073,16,3,+7.206,+6.188
4507.533,16,3,+7.233,+6.150
4511.776,16,3,+7.239,+6.153
4514.865,16,3,+7.183,+6.148
4516.416,16,3,+7.162,+6.097
4517.16,16,3,+7.160,+6.089
4519.873,16,3,+7.127,+6.081
4525.42,16,3,+7.131,+5.995
4534.373,16,3,+7.226,+6.057
4538.313,16,3,+7.251,+6.158
4541.342,16,3,+7.293,+6.309
4542.108,16,3,+7.303,+6.336
4545.67,16,3,+7.329,+6.419
4548.451,16,3,+7.332,+6.485
4555.353,16,3,+7.348,+6.354
4561.329,16,3,+7.324,+6.387
4566.341,16,3,+7.272,+6.246
4568.205,16,3,+7.313,+6.287
4571.839,16,3,+7.333,+6.341
4575.436,16,3,+7.306,+6.307
4579.714,16,3,+7.264,+6.254
4583.667,16,3,+7.295,+6.359
4588.98,16,3,+7.259,+6.428
4593.48,16,3,+7.257,+6.421
4597.773,16,3,+7.303,+6.426
4600.886,16,3,+7.276,+6.414
4602.449,16,3,+7.251,+6.393
4603.214,16,3,+7.248,+6.386
4605.995,16,3,+7.278,+6.392
4611.574,16,3,+7.325,+6.361
4620.636,16,3,+7.386,+6.426
4629.835,16,4,+7.386,+6.426
4643.433,16,5,+7.386,+6.426
4647.917,16,6,+7.386,+6.426
4648.589,16,7,+7.386,+6.426
4654.477,16,8,+7.386,+6.426
4655.829,16,8,+27.936,+1.289
4663.214,16,8,+28.289,+1.624
4669.074,16,8,+28.247,+1.476
4674.14,16,8,+28.226,+1.394
4676.0,16,8,+28.288,+1.322
4679.568,16,8,+28.280,+1.288
4683.243,16,8,+28.434,+1.214
4687.503,16,8,+28.404,+0.995
4691.386,16,8,+28.493,+0.954
4696.68,16,8,+28.525,+0.782
4701.177,16,8,+28.629,+0.626
4705.33,16,8,+28.566,+0.453
4708.329,16,8,+28.552,+0.351
4709.891,16,8,+28.538,+0.271
4710.63,16,8,+28.521,+0.252
4713.329,16,8,+28.523,+0.202
4719.136,16,8,+20.135,+0.239
4728.173,16,8,+20.234,+0.052
4732.199,16,8,+20.207,+0.052
4734.917,16,8,+20.074,+0.052
4735.667,16,7,+20.074,+0.052
4735.683,16,7,+26.101,+5.368
4739.136,16,7,+20.049,+5.389
4741.855,16,7,+19.995,+5.435
4748.605,16,7,+19.756,+5.356
4754.578,16,7,+19.826,+5.449
4759.462,16,7,+19.727,+5.362
4761.3,16,7,+19.713,+5.363
4764.902,16,7,+19.713,+5.382
4768.493,16,7,+19.636,+5.348
4772.584,16,7,+19.498,+5.244
4776.454,16,7,+19.478,+5.242
4781.661,16,7,+19.378,+4.776
4786.029,16,7,+19.328,+4.525
4790.136,16,7,+19.210,+4.452
4793.183,16,7,+19.174,+4.333
4794.761,16,7,+19.145,+4.314
4795.449,16,7,+19.128,+4.306
4798.245,16,7,+19.109,+4.291
4803.652,16,7,+18.996,+4.175
4812.545,16,7,+19.007,+4.093
4816.577,16,7,+19.038,+4.272
4819.461,16,7,+19.040,+4.247
4820.436,16,7,+19.047,+4.250
4823.7,16,7,+19.065,+4.326
4826.53,16,7,+19.078,+4.445
4833.316,16,7,+18.940,+4.305
4839.115,16,7,+18.823,+4.190
4844.1,16,7,+18.797,+3.946
4846.119,16,7,+18.796,+3.958
4849.599,16,7,+18.820,+3.986
4853.229,16,7,+18.786,+3.674
4857.428,16,7,+18.755,+3.524
4861.367,16,7,+18.777,+3.339
4866.621,16,7,+18.800,+2.746
4871.074,16,7,+18.801,+2.552
4875.199,16,7,+18.657,+2.234
4878.235,16,7,+18.663,+2.120
4879.788,16,7,+18.620,+2.043
4880.547,16,7,+18.605,+2.017
4883.249,16,7,+18.573,+2.039
4888.702,16,7,+18.438,+1.853
4897.577,16,7,+18.461,+1.604
4901.436,16,7,+18.333,+1.604
4904.311,16,7,+18.289,+1.604
4905.124,16,6,+18.289,+1.604
4905.155,16,6,+18.291,+2.742
4908.592,16,6,+18.299,+2.732
4911.358,16,6,+18.307,+2.771
4918.108,16,6,+18.197,+2.718
4924.028,16,6,+18.201,+2.601
4928.961,16,6,+18.141,+2.493
4930.762,16,6,+18.111,+2.453
4934.36,16,6,+18.116,+2.374
4937.921,16,6,+18.035,+2.302
4942.155,16,6,+18.042,+2.332
4946.108,16,6,+18.082,+2.360
4951.389,16,6,+18.208,+2.442
4955.946,16,6,+18.202,+2.436
4960.073,16,6,+18.114,+2.435
4963.131,16,6,+18.111,+2.395
4964.657,16,6,+18.049,+2.381
4965.428,16,6,+18.020,+2.362
4968.1,16,6,+17.960,+2.355
4973.558,16,6,+17.820,+2.371
4982.538,16,6,+17.894,+2.460
4986.429,16,6,+17.847,+2.520
4989.342,16,6,+17.813,+2.516
4990.102,16,6,+17.815,+2.521
4993.589,16,6,+17.823,+2.541
4996.385,16,6,+17.816,+2.552
5003.161,16,6,+17.618,+2.538
5009.002,16,6,+17.600,+2.551
5013.96,16,6,+17.550,+2.430
5015.741,16,6,+17.518,+2.398
5019.405,16,6,+17.516,+2.364
5022.889,16,6,+17.433,+2.278
5027.077,16,6,+17.339,+2.290
5030.999,16,6,+17.389,+2.308
5036.287,16,6,+17.446,+2.345
5040.702,16,6,+17.408,+2.290
5044.939,16,6,+17.337,+2.252
5048.09,16,6,+17.397,+2.255
5049.606,16,6,+17.333,+2.250
5050.37,16,6,+17.307,+2.243
5053.101,16,6,+17.297,+2.299
5058.561,16,6,+17.185,+2.285
5067.5,16,6,+17.160,+2.276
5071.316,16,6,+17.007,+2.248
5074.214,16,6,+16.980,+2.187
5075.116,16,6,+16.984,+2.185
5078.449,16,6,+16.992,+2.195
5081.219,16,6,+16.992,+2.201
5088.028,16,6,+16.790,+2.183
5093.935,16,6,+16.892,+2.198
5098.894,16,6,+16.627,+2.060
5100.661,16,6,+16.579,+2.031
5104.314,16,6,+16.562,+1.991
5107.872,16,6,+16.445,+1.896
5112.115,16,6,+16.400,+1.947
5115.972,16,6,+16.345,+1.903
5121.303,16,6,+16.361,+1.979
5125.758,16,6,+16.299,+1.956
5129.873,16,6,+16.119,+1.843
5132.936,16,6,+16.107,+1.836
5134.465,16,6,+16.018,+1.808
5135.2,16,6,+15.986,+1.794
5137.9,16,6,+15.909,+1.781
5143.328,16,6,+15.713,+1.783
5152.214,16,6,+15.488,+1.735
5156.199,16,6,+7.158,+1.943
5159.105,16,6,+7.238,+1.836
5159.855,16,6,+13.343,+1.823
5163.225,16,5,+13.343,+1.823
5163.321,16,5,+7.251,+1.809
5166.129,16,5,+7.259,+1.815
5172.953,16,5,+7.280,+1.803
5178.842,16,5,+7.188,+1.686
5183.842,16,5,+7.221,+1.706
5185.654,16,5,+7.215,+1.665
5189.279,16,5,+7.199,+1.646
5192.811,16,5,+7.152,+1.613
5197.045,16,5,+7.193,+1.610
5200.936,16,5,+7.228,+1.573
5206.131,16,5,+7.242,+1.522
5210.599,16,5,+7.334,+1.484
5214.743,16,5,+7.389,+1.405
5217.838,16,5,+7.408,+1.405
5219.369,16,5,+7.390,+1.373
5220.086,16,5,+7.379,+1.359
5222.82,16,5,+7.362,+1.363
5228.275,16,5,+7.354,+1.284
5237.228,16,5,+7.554,+1.324
5241.056,16,5,+7.548,+1.208
5244.025,16,5,+7.696,+1.194
5244.791,16,5,+7.713,+1.192
5248.36,16,5,+7.725,+1.184
5251.032,16,5,+7.711,+1.180
5257.86,16,5,+7.738,+1.079
5263.782,16,5,+7.716,+1.092
5268.782,16,5,+7.720,+1.123
5270.594,16,5,+7.723,+1.105
5274.246,16,5,+7.698,+1.056
5277.761,16,5,+7.702,+0.978
5282.011,16,5,+7.826,+1.008
5285.91,16,5,+7.883,+1.016
5291.094,16,5,+7.840,+1.045
5295.56,16,5,+7.881,+1.136
5299.728,16,5,+7.864,+1.052
5302.853,16,5,+7.875,+1.065
5304.342,16,5,+7.833,+1.058
5305.087,16,5,+7.832,+1.059
5307.802,16,5,+7.789,+1.043
5313.293,16,5,+7.788,+1.047
5322.245,16,5,+7.754,+0.983
5326.06,16,5,+7.715,+0.899
5329.044,16,5,+7.892,+0.929
5329.858,16,5,+7.910,+0.931
5333.233,16,5,+7.897,+0.905
5335.915,16,5,+7.776,+0.831
5342.825,16,5,+7.845,+0.839
5348.747,16,5,+7.846,+0.835
5353.778,16,5,+7.789,+0.848
5355.559,16,5,+7.778,+0.823
5359.137,16,5,+7.758,+0.786
5362.747,16,5,+7.715,+0.746
5367.012,16,5,+7.762,+0.824
5370.903,16,5,+7.809,+0.846
5376.187,16,5,+7.881,+0.866
5380.694,16,5,+7.980,+0.982
5384.86,16,5,+7.928,+0.908
5387.9,16,5,+7.898,+0.844
5389.429,16,5,+7.861,+0.857
5390.151,16,5,+7.839,+0.857
5392.844,16,5,+7.760,+0.849
5398.342,16,5,+7.819,+0.867
5407.305,16,5,+7.941,+0.945
5411.102,16,5,+7.879,+0.833
5414.128,16,5,+8.014,+0.850
5414.916,16,5,+8.027,+0.852
5418.299,16,5,+8.009,+0.826
5421.039,16,5,+7.950,+0.754
5428.04,16,5,+8.132,+0.898
5433.946,16,5,+8.031,+0.905
5438.998,16,5,+7.946,+0.931
5440.774,16,5,+7.906,+0.906
5444.343,16,5,+7.866,+0.826
5447.9,16,5,+7.767,+0.760
5452.183,16,5,+7.817,+0.855
5456.136,16,5,+7.875,+0.890
5461.434,16,5,+7.959,+0.947
5465.96,16,5,+8.018,+1.014
5470.214,16,5,+8.050,+0.966
5473.317,16,5,+8.041,+0.947
5474.89,16,5,+8.037,+0.953
5475.623,16,5,+8.037,+0.948
5478.373,16,5,+8.046,+0.978
5483.993,16,5,+8.147,+1.050
5492.967,16,5,+8.236,+1.080
5496.873,16,5,+8.202,+1.072
5499.858,16,5,+8.355,+1.063
5500.623,16,5,+8.372,+1.062
5504.076,16,5,+8.384,+1.046
5506.829,16,5,+8.370,+1.030
5513.794,16,5,+8.337,+1.075
5519.718,16,5,+8.256,+1.071
5524.833,16,5,+8.280,+1.081
5526.7,16,5,+8.318,+1.069
5530.299,16,5,+8.326,+0.979
5533.921,16,5,+8.337,+0.967
5538.216,16,5,+8.350,+1.012
5542.118,16,5,+8.394,+1.030
5547.482,16,5,+8.427,+1.075
5551.975,16,5,+8.504,+1.079
5556.229,16,5,+8.604,+1.096
5559.277,16,5,+8.594,+1.029
5561.019,16,5,+8.607,+1.054
5561.594,16,5,+8.613,+1.065
5564.36,16,5,+8.599,+1.063
5570.064,16,5,+8.699,+1.127
5578.901,16,5,+8.633,+1.110
5582.872,16,5,+8.706,+1.129
5585.874,16,5,+8.864,+1.112
5586.607,16,5,+8.881,+1.110
5590.014,16,5,+8.890,+1.095
5592.78,16,5,+8.887,+1.063
5599.67,16,5,+8.875,+1.084
5605.639,16,5,+8.809,+1.010
5610.61,16,5,+8.791,+0.951
5612.4,16,5,+8.809,+0.935
5616.016,16,5,+8.802,+0.908
5619.59,16,5,+8.821,+0.913
5623.933,16,5,+8.900,+1.048
5627.855,16,5,+8.937,+1.078
5633.058,16,5,+8.849,+1.059
5637.468,16,5,+8.909,+1.088
5641.674,16,5,+8.915,+1.050
5644.692,16,5,+8.874,+1.030
5646.273,16,5,+8.847,+1.036
5646.973,16,5,+8.825,+1.030
5649.73,16,5,+8.763,+1.005
5655.231,16,5,+8.789,+0.937
5664.152,16,5,+8.788,+0.824
5668.011,16,5,+8.735,+0.816
5670.98,16,5,+8.898,+0.761
5671.745,16,5,+8.915,+0.755
5675.198,16,5,+8.902,+0.703
5677.855,16,5,+8.850,+0.615
5684.917,16,5,+8.965,+0.755
5690.873,16,5,+8.980,+0.751
5695.893,16,5,+8.938,+0.741
5697.676,16,5,+8.937,+0.707
5701.244,16,5,+8.910,+0.655
5704.87,16,5,+8.902,+0.648
5709.23,16,5,+8.841,+0.765
5713.12,16,5,+8.897,+0.791
5718.448,16,5,+8.829,+0.789
5722.873,16,5,+8.828,+0.871
5727.079,16,5,+8.822,+0.825
5730.174,16,5,+8.799,+0.823
5731.699,16,5,+8.748,+0.802
5732.415,16,5,+8.734,+0.792
5735.175,16,5,+8.697,+0.769
5740.764,16,5,+8.610,+0.854
5749.667,16,5,+8.570,+0.848
5753.636,16,5,+8.546,+0.774
5756.605,16,5,+8.701,+0.773
5757.371,16,5,+8.716,+0.769
5760.808,16,5,+8.700,+0.720
5763.48,16,5,+8.652,+0.658
5770.558,16,5,+8.738,+0.869
5776.402,16,5,+8.644,+0.776
5781.558,16,5,+8.734,+0.826
5783.442,16,5,+8.748,+0.798
5787.028,16,5,+8.750,+0.739
5790.636,16,5,+8.709,+0.723
5795.028,16,5,+8.730,+0.797
5798.917,16,5,+8.726,+0.777
5804.148,16,5,+8.665,+0.780
5808.605,16,5,+8.700,+0.784
5812.829,16,5,+8.770,+0.742
5815.899,16,5,+8.748,+0.703
5817.428,16,5,+8.706,+0.688
5818.173,16,5,+8.686,+0.678
5820.901,16,5,+8.576,+0.657
5826.438,16,5,+8.575,+0.792
5835.514,16,5,+8.637,+0.775
5839.46,16,5,+8.629,+0.775
5842.388,16,5,+8.743,+0.775
5843.174,16,4,+8.743,+0.775
5843.174,16,4,+8.762,+4.625
5846.629,16,4,+8.796,+4.654
5849.383,16,4,+8.769,+4.586
5856.318,16,4,+8.710,+4.492
5862.233,16,4,+8.681,+4.513
5867.225,16,4,+8.615,+4.460
5869.143,16,4,+8.660,+4.493
5872.714,16,4,+8.700,+4.546
5876.261,16,4,+8.509,+4.452
5880.511,16,4,+8.446,+4.431
5884.433,16,4,+8.503,+4.519
5889.714,16,4,+8.424,+4.552
5894.114,16,4,+8.426,+4.683
5898.274,16,4,+8.392,+4.616
5901.385,16,4,+8.380,+4.656
5902.899,16,4,+8.298,+4.596
5903.618,16,4,+8.258,+4.577
5906.286,16,4,+8.198,+4.572
5911.84,16,4,+8.200,+4.580
5920.78,16,4,+8.172,+4.499
5924.764,16,4,+8.146,+4.490
5927.733,16,4,+8.255,+4.567
5928.53,16,4,+8.276,+4.584
5931.998,16,4,+8.346,+4.636
5934.858,16,4,+8.445,+4.673
5941.764,16,4,+8.424,+4.589
5947.655,16,4,+8.402,+4.640
5952.686,16,4,+8.281,+4.628
5954.542,16,4,+8.299,+4.725
5958.192,16,4,+8.350,+4.815
5961.729,16,4,+8.214,+4.766
5966.011,16,4,+8.164,+4.783
5969.901,16,4,+8.195,+4.786
5975.127,16,4,+8.132,+4.789
5979.514,16,4,+8.077,+4.849
5983.67,16,4,+7.977,+4.758
5986.733,16,4,+7.903,+4.768
5988.233,16,4,+7.779,+4.686
5988.951,16,4,+7.730,+4.663
5991.655,16,4,+7.582,+4.646
5997.233,16,4,+7.553,+4.541
6006.186,16,4,+7.571,+4.435
6010.294,16,4,+7.761,+4.511
6013.271,16,4,+7.948,+4.599
6014.058,16,4,+7.976,+4.621
6017.511,16,4,+8.041,+4.720
6020.339,16,4,+8.087,+4.705
6027.37,16,4,+8.109,+4.549
6033.314,16,4,+8.154,+4.527
6038.316,16,4,+8.153,+4.444
6040.175,16,4,+8.188,+4.474
6043.795,16,4,+8.240,+4.559
6047.389,16,4,+8.190,+4.501
6051.67,16,4,+8.169,+4.457
6055.592,16,4,+8.302,+4.484
6060.886,16,4,+8.267,+4.522
6065.325,16,4,+8.232,+4.641
6069.579,16,4,+8.268,+4.612
6072.619,16,4,+8.219,+4.629
6074.128,16,4,+8.165,+4.599
6074.852,16,4,+8.149,+4.597
6077.614,16,4,+8.113,+4.614
6083.12,16,4,+8.108,+4.605
6092.128,16,4,+8.086,+4.544
6096.105,16,4,+7.407,+4.561
6099.062,16,4,+7.561,+4.561
6099.914,16,4,+7.582,+4.631
6103.212,16,3,+7.582,+4.631
6103.294,16,3,+7.641,+4.661
6106.061,16,3,+7.707,+4.674
6113.049,16,3,+7.645,+4.624
6118.923,16,3,+7.697,+4.540
6124.049,16,3,+7.706,+4.603
6125.907,16,3,+7.775,+4.628
6129.502,16,3,+7.845,+4.663
6133.128,16,3,+7.860,+4.733
6137.46,16,3,+7.818,+4.784
6141.361,16,3,+7.977,+4.872
6146.66,16,3,+8.062,+4.957
6151.186,16,3,+8.272,+5.117
6155.462,16,3,+8.358,+5.136
6158.608,16,3,+8.430,+5.200
6160.217,16,3,+8.509,+5.221
6160.92,16,3,+8.527,+5.224
6163.715,16,3,+8.583,+5.293
6169.372,16,3,+8.727,+5.419
6178.355,16,3,+8.931,+5.499
6182.304,16,3,+8.979,+5.402
6185.363,16,3,+9.198,+5.488
6186.1,16,3,+9.228,+5.507
6189.553,16,3,+9.285,+5.554
6192.35,16,3,+9.364,+5.586
6199.412,16,3,+9.393,+5.599
6205.381,16,3,+9.459,+5.528
6210.366,16,3,+9.403,+5.601
6212.225,16,3,+9.495,+5.603
6215.803,16,3,+9.540,+5.642
6219.412,16,3,+9.524,+5.630
6223.844,16,3,+9.642,+5.713
6227.735,16,3,+9.757,+5.597
6233.046,16,3,+9.805,+5.613
6237.608,16,3,+10.050,+5.827
6241.889,16,3,+10.131,+5.771
6245.03,16,3,+10.197,+5.856
6246.655,16,3,+10.253,+5.886
6247.405,16,3,+10.256,+5.891
6250.155,16,3,+10.251,+5.944
6255.78,16,3,+10.398,+6.112
6264.86,16,3,+10.643,+6.116
6268.799,16,3,+10.777,+6.104
6271.735,16,3,+10.931,+6.128
6272.568,16,3,+10.954,+6.138
6276.023,16,3,+10.995,+6.176
6278.867,16,3,+11.053,+6.204
6285.799,16,3,+11.184,+6.217
6291.828,16,3,+11.266,+6.226
6296.772,16,3,+11.226,+6.272
6298.606,16,3,+11.307,+6.292
6302.234,16,3,+11.399,+6.380
6305.967,16,3,+11.421,+6.354
6310.17,16,3,+11.458,+6.334
6314.092,16,3,+11.604,+6.397
6319.389,16,3,+11.619,+6.420
6323.826,16,3,+11.734,+6.506
6328.076,16,3,+11.762,+6.465
6331.217,16,3,+11.816,+6.542
6332.735,16,3,+11.820,+6.505
6333.451,16,3,+11.824,+6.502
6336.186,16,3,+11.813,+6.537
6341.795,16,3,+11.805,+6.632
6350.873,16,3,+12.108,+6.726
6358.842,16,4,+12.108,+6.726
6369.589,16,5,+12.108,+6.726
6372.748,16,6,+12.108,+6.726
6380.542,16,7,+12.108,+6.726
6385.573,16,7,+33.127,+2.121
6392.854,16,7,+33.370,+2.072
6398.604,16,7,+33.309,+1.692
6403.636,16,7,+33.304,+1.661
6405.529,16,7,+33.407,+1.554
6409.045,16,7,+33.455,+1.532
6412.691,16,7,+33.445,+1.073
6416.905,16,7,+33.410,+0.854
6420.795,16,7,+33.475,+0.713
6426.452,16,7,+33.952,+0.693
6431.073,16,7,+34.244,+0.834
6435.285,16,7,+34.219,+0.749
6438.323,16,7,+34.219,+0.714
6439.87,16,7,+34.242,+0.688
6440.589,16,7,+34.238,+0.671
6443.245,16,7,+34.179,+0.619
6448.745,16,7,+34.181,+0.519
6457.661,16,7,+34.337,+0.486
6461.561,16,7,+34.317,+0.253
6464.474,16,7,+34.476,+0.217
6465.291,16,7,+34.493,+0.214
6468.63,16,7,+34.449,+0.152
6471.561,16,7,+34.355,+0.021
6478.173,16,6,+34.355,+0.021
6478.251,16,6,+34.334,+10.974
6484.015,16,6,+34.384,+10.900
6488.964,16,6,+34.182,+10.848
6490.776,16,6,+34.276,+10.858
6494.46,16,6,+34.410,+10.972
6498.028,16,6,+34.424,+10.835
6502.215,16,6,+34.335,+10.663
6506.117,16,6,+34.420,+10.576
6511.3,16,6,+34.334,+10.308
6515.665,16,6,+34.348,+10.180
6519.811,16,6,+34.263,+9.886
6522.926,16,6,+34.331,+9.888
6524.462,16,6,+34.331,+9.847
6525.215,16,6,+34.322,+9.831
6527.936,16,6,+34.322,+9.836
6533.386,16,6,+34.281,+9.879
6542.431,16,6,+34.520,+10.023
6546.416,16,6,+34.629,+10.178
6549.261,16,6,+34.743,+10.144
6550.014,16,6,+34.756,+10.138
6553.416,16,6,+34.733,+10.102
6556.102,16,6,+34.647,+10.013
6562.872,16,6,+34.420,+10.004
6568.816,16,6,+34.517,+10.067
6573.839,16,6,+34.520,+10.214
6575.724,16,6,+34.639,+10.288
6579.303,16,6,+34.750,+10.329
6582.828,16,6,+34.678,+10.238
6586.972,16,6,+34.516,+10.212
6590.761,16,6,+34.538,+10.182
6595.924,16,6,+34.410,+10.197
6600.245,16,6,+34.366,+10.168
6604.372,16,6,+34.257,+10.062
6607.415,16,6,+34.223,+9.956
6608.96,16,6,+34.189,+9.907
6609.672,16,6,+34.172,+9.896
6612.369,16,6,+34.153,+9.859
6617.731,16,6,+25.050,+9.852
6626.503,16,6,+24.853,+9.742
6630.342,16,6,+24.776,+9.793
6633.341,16,6,+24.835,+9.822
6634.128,16,6,+31.427,+9.826
6637.577,16,6,+24.876,+9.883
6640.333,16,6,+24.838,+9.957
6647.049,16,6,+24.518,+9.830
6652.861,16,6,+24.369,+9.720
6657.777,16,6,+24.238,+9.640
6659.638,16,6,+24.248,+9.660
6663.228,16,6,+24.201,+9.686
6666.682,16,6,+24.020,+9.508
6670.76,16,6,+23.769,+9.387
6674.632,16,6,+23.780,+9.388
6679.849,16,6,+23.606,+9.363
6684.17,16,6,+23.609,+9.263
6688.234,16,6,+23.451,+9.076
6691.239,16,6,+23.425,+9.054
6692.76,16,6,+23.380,+9.036
6693.449,16,6,+23.373,+9.028
6696.205,16,6,+23.403,+9.034
6701.732,16,6,+23.347,+9.143
6710.708,16,6,+23.376,+9.240
6714.616,16,6,+23.367,+9.397
6717.544,16,6,+23.415,+9.412
6718.321,16,6,+23.419,+9.407
6721.706,16,6,+23.349,+9.343
6724.319,16,6,+23.184,+9.204
6731.108,16,6,+22.890,+9.161
6736.899,16,6,+22.681,+9.142
6741.848,16,6,+22.545,+9.074
6743.621,16,6,+22.503,+9.069
6747.199,16,6,+22.506,+9.083
6750.695,16,6,+22.341,+8.879
6754.79,16,6,+22.196,+8.801
6758.661,16,6,+22.182,+8.823
6763.92,16,6,+22.055,+8.799
6768.279,16,6,+22.092,+8.733
6772.37,16,6,+21.887,+8.601
6775.416,16,6,+21.873,+8.529
6776.904,16,6,+21.826,+8.465
6777.649,16,6,+21.818,+8.446
6780.329,16,6,+21.838,+8.407
6785.715,16,6,+18.990,+8.394
6794.561,16,6,+19.104,+8.379
6798.46,16,6,+19.038,+8.379
6801.333,16,6,+19.127,+8.379
6802.099,16,6,+19.137,+8.448
6805.579,16,6,+19.142,+8.448
6808.228,16,6,+19.094,+0.289
6815.292,16,6,+19.211,+0.205
6821.129,16,6,+19.342,+0.177
6826.273,16,6,+19.269,+0.303
6828.023,16,6,+19.273,+0.369
6831.612,16,6,+19.269,+0.437
6835.291,16,6,+19.303,+0.367
6839.615,16,6,+19.401,+0.383
6843.495,16,6,+19.456,+0.467
6848.762,16,6,+19.567,+0.565
6853.227,16,6,+19.629,+0.604
6857.376,16,6,+19.623,+0.611
6860.498,16,6,+19.731,+0.646
6862.029,16,6,+19.736,+0.568
6862.748,16,6,+19.705,+0.539
6865.514,16,6,+19.638,+0.538
6871.028,16,6,+19.649,+0.674
6879.858,16,6,+19.679,+0.814
6883.835,16,6,+19.730,+0.959
6886.734,16,6,+19.786,+1.087
6887.502,16,6,+19.795,+1.101
6890.918,16,6,+19.770,+1.098
6893.563,16,6,+19.676,+0.955
6900.382,16,6,+19.615,+0.903
6906.152,16,6,+19.610,+0.668
6911.16,16,6,+19.550,+0.785
6912.929,16,6,+19.508,+0.728
6916.501,16,6,+19.497,+0.738
6920.08,16,6,+19.377,+0.605
6924.329,16,6,+19.346,+0.591
6928.172,16,6,+19.296,+0.662
6933.399,16,6,+19.254,+0.674
6937.784,16,6,+19.223,+0.707
6941.915,16,6,+19.170,+0.712
6944.992,16,6,+19.241,+0.726
6946.585,16,6,+19.214,+0.692
6947.231,16,6,+19.194,+0.694
6949.915,16,6,+19.135,+0.674
6955.417,16,6,+19.110,+0.811
6964.199,16,6,+19.145,+0.882
6968.099,16,6,+19.148,+0.862
6971.028,16,6,+19.235,+0.980
6971.76,16,6,+19.246,+0.994
6975.167,16,6,+19.228,+0.978
6977.861,16,6,+19.162,+0.838
6984.685,16,6,+19.066,+0.794
6990.51,16,6,+19.118,+0.738
6995.526,16,6,+19.098,+0.844
6997.307,16,6,+19.064,+0.821
7000.873,16,6,+19.027,+0.811
7004.428,16,6,+19.001,+0.682
7008.648,16,6,+18.993,+0.626
7012.59,16,6,+19.039,+0.770
7017.803,16,6,+19.067,+0.722
7022.229,16,6,+19.065,+0.763
7026.391,16,6,+19.084,+0.770
7029.448,16,6,+19.102,+0.760
7030.964,16,6,+19.084,+0.744
7031.714,16,6,+19.078,+0.755
7034.38,16,6,+19.022,+0.770
7039.801,16,6,+18.919,+0.801
7048.692,16,6,+18.999,+0.855
7052.55,16,6,+18.912,+0.806
7055.425,16,6,+19.014,+0.886
7056.299,16,6,+19.028,+0.901
7059.599,16,6,+19.005,+0.899
7062.255,16,6,+18.906,+0.756
7069.128,16,6,+18.896,+0.780
7074.979,16,6,+18.977,+0.799
7079.972,16,6,+19.000,+0.800
7081.817,16,6,+19.003,+0.853
7085.401,16,6,+18.982,+0.876
7088.894,16,6,+18.810,+0.780
7093.042,16,6,+18.745,+0.732
7096.905,16,6,+18.776,+0.853
7102.085,16,6,+18.763,+0.833
7106.453,16,6,+18.684,+0.906
7110.598,16,6,+18.658,+0.934
7113.609,16,6,+18.675,+0.926
7115.127,16,6,+18.638,+0.854
7115.858,16,6,+18.618,+0.837
7118.528,16,6,+18.567,+0.830
7123.948,16,6,+18.493,+0.868
7132.799,16,6,+18.552,+0.946
7136.64,16,6,+18.487,+0.928
7139.573,16,6,+18.592,+1.059
7140.341,16,6,+18.606,+1.072
7143.728,16,6,+18.245,+1.058
7146.405,16,6,+18.290,+0.903
7153.285,16,6,+18.319,+0.962
7159.013,16,6,+18.202,+0.778
7164.021,16,6,+18.239,+0.898
7165.917,16,6,+18.292,+0.921
7169.43,16,6,+18.328,+0.968
7172.928,16,6,+18.255,+0.858
7177.08,16,6,+18.240,+0.827
7180.96,16,6,+18.463,+0.962
7186.261,16,6,+18.491,+1.095
7190.661,16,6,+18.676,+1.131
7194.905,16,6,+18.758,+1.207
7198.026,16,6,+18.852,+1.295
7199.557,16,6,+18.877,+1.279
7200.292,16,6,+18.886,+1.284
7203.018,16,6,+18.939,+1.346
7208.476,16,6,+18.989,+1.415
7217.324,16,6,+19.113,+1.431
7221.199,16,6,+19.175,+1.441
7224.16,16,6,+19.353,+1.574
7224.96,16,6,+19.375,+1.589
7228.391,16,6,+19.391,+1.613
7231.099,16,6,+19.349,+1.541
7237.916,16,6,+19.407,+1.529
7243.714,16,6,+19.534,+1.434
7248.672,16,6,+19.439,+1.543
7250.428,16,6,+19.539,+1.488
7254.01,16,6,+19.603,+1.466
7257.531,16,6,+19.588,+1.398
7261.688,16,6,+19.555,+1.319
7265.691,16,6,+19.720,+1.433
7270.828,16,6,+19.691,+1.458
7275.1,16,6,+19.793,+1.478
7279.244,16,6,+19.879,+1.527
7282.262,16,6,+19.878,+1.539
7283.772,16,6,+19.887,+1.493
7284.502,16,6,+19.886,+1.481
7287.181,16,6,+19.864,+1.480
7292.568,16,6,+19.837,+1.567
7301.491,16,6,+19.954,+1.632
7305.43,16,6,+20.023,+1.729
7308.385,16,6,+20.162,+1.828
7309.185,16,6,+20.180,+1.841
7312.557,16,6,+20.203,+1.875
7315.31,16,6,+20.184,+1.851
7322.258,16,6,+20.101,+1.878
7328.012,16,6,+20.189,+1.801
7333.06,16,6,+20.198,+1.914
7334.878,16,6,+20.299,+1.950
7338.451,16,6,+20.352,+1.987
7341.951,16,6,+20.300,+1.914
7346.131,16,6,+20.282,+1.912
7350.028,16,6,+20.461,+1.999
7355.29,16,6,+20.375,+2.084
7359.685,16,6,+20.466,+2.215
7363.988,16,6,+20.494,+2.307
7367.033,16,6,+20.501,+2.381
7368.605,16,6,+20.488,+2.405
7369.34,16,6,+20.470,+2.422
7372.018,16,6,+20.402,+2.461
7377.502,16,6,+20.237,+2.594
7386.427,16,6,+20.386,+2.762
7390.335,16,6,+20.475,+2.852
7393.3,16,6,+20.680,+2.994
7394.073,16,6,+20.709,+3.008
7397.531,16,6,+20.763,+3.030
7400.31,16,6,+20.794,+3.005
7407.237,16,6,+20.829,+3.132
7413.042,16,6,+20.870,+3.029
7417.995,16,6,+20.760,+3.095
7419.838,16,6,+20.838,+3.142
7423.477,16,6,+20.922,+3.217
7427.002,16,6,+20.896,+3.209
7431.199,16,6,+20.903,+3.249
7435.073,16,6,+21.022,+3.351
7440.337,16,6,+21.001,+3.391
7444.689,16,6,+21.114,+3.480
7448.878,16,6,+21.110,+3.537
7451.913,16,6,+21.116,+3.563
7453.418,16,6,+21.105,+3.539
7454.131,16,6,+21.103,+3.538
7456.757,16,6,+21.069,+3.514
7462.26,16,6,+21.077,+3.583
7471.229,16,6,+21.264,+3.707
7475.228,16,6,+21.385,+3.818
7478.229,16,6,+21.617,+3.933
7478.995,16,6,+21.652,+3.950
7482.448,16,6,+21.738,+3.984
7485.276,16,6,+21.782,+3.970
7492.135,16,6,+21.757,+4.001
7497.884,16,6,+21.832,+3.901
7502.975,16,6,+21.792,+4.103
7504.817,16,6,+21.916,+4.162
7508.414,16,6,+22.045,+4.232
7511.877,16,6,+21.892,+4.113
7516.06,16,6,+21.795,+4.095
7520.014,16,6,+21.961,+4.223
7525.315,16,6,+21.955,+4.256
7529.549,16,6,+22.059,+4.339
7533.626,16,6,+22.043,+4.319
7536.661,16,6,+22.026,+4.337
7538.174,16,6,+22.040,+4.336
7538.872,16,6,+22.046,+4.348
7541.584,16,6,+22.021,+4.345
7547.085,16,6,+22.066,+4.448
7555.939,16,6,+22.131,+4.490
7559.913,16,6,+22.301,+4.627
7562.893,16,6,+22.505,+4.719
7563.63,16,6,+22.531,+4.724
7567.14,16,6,+22.587,+4.733
7569.89,16,6,+22.642,+4.726
7576.776,16,6,+22.634,+4.774
7582.51,16,6,+22.697,+4.739
7587.557,16,6,+22.662,+4.855
7589.339,16,6,+22.721,+4.840
7592.948,16,6,+22.793,+4.889
7596.401,16,6,+22.744,+4.803
7600.542,16,6,+22.675,+4.775
7604.448,16,6,+22.828,+4.839
7609.698,16,6,+22.735,+4.869
7613.992,16,6,+22.795,+4.900
7618.165,16,6,+22.851,+4.925
7621.217,16,6,+22.849,+4.929
7622.672,16,6,+22.813,+4.908
7623.399,16,6,+22.796,+4.902
7626.073,16,6,+22.776,+4.933
7631.496,16,6,+22.703,+4.985
7640.375,16,6,+22.800,+5.049
7644.347,16,6,+22.987,+5.182
7647.244,16,6,+23.098,+5.219
7648.01,16,6,+23.116,+5.229
7651.465,16,6,+23.169,+5.261
7654.227,16,6,+23.240,+5.253
7661.244,16,6,+22.999,+5.266
7667.045,16,6,+23.093,+5.321
7672.035,16,6,+23.060,+5.400
7673.851,16,6,+23.149,+5.401
7677.416,16,6,+23.229,+5.414
7680.901,16,6,+23.119,+5.350
7685.076,16,6,+23.040,+5.361
7688.919,16,6,+23.105,+5.436
7694.133,16,6,+23.004,+5.468
7698.397,16,6,+22.991,+5.453
7702.569,16,6,+23.024,+5.524
7705.679,16,6,+23.022,+5.564
7707.147,16,6,+23.030,+5.558
7707.882,16,6,+23.032,+5.557
7710.57,16,6,+23.022,+5.594
7716.038,16,6,+23.089,+5.694
7724.944,16,6,+23.244,+5.769
7728.951,16,6,+23.437,+5.877
7731.952,16,6,+23.657,+5.984
7732.733,16,6,+23.689,+5.997
7736.162,16,6,+23.753,+6.028
7738.965,16,6,+23.805,+6.038
7745.794,16,6,+23.682,+5.963
7751.574,16,6,+23.780,+5.949
7756.603,16,6,+23.853,+6.077
7758.4,16,6,+23.897,+6.091
7762.008,16,6,+23.958,+6.127
7765.502,16,6,+23.898,+6.105
7769.697,16,6,+23.905,+6.180
7773.513,16,6,+24.069,+6.183
7778.732,16,6,+23.975,+6.237
7783.123,16,6,+24.081,+6.312
7787.294,16,6,+24.106,+6.306
7790.31,16,6,+24.098,+6.321
7791.826,16,6,+24.100,+6.296
7792.544,16,6,+24.099,+6.293
7795.227,16,6,+24.104,+6.307
7800.877,16,6,+24.151,+6.520
7809.91,16,6,+24.388,+6.778
7813.899,16,6,+24.438,+6.842
7816.827,16,6,+24.592,+6.842
7817.598,16,6,+24.619,+6.945
7820.932,16,5,+24.619,+6.945
7821.014,16,5,+24.705,+6.980
7823.814,16,5,+24.772,+6.972
7831.024,16,5,+24.732,+6.945
7836.613,16,5,+24.876,+7.003
7841.5,16,5,+24.637,+7.107
7843.307,16,5,+24.640,+7.137
7846.901,16,5,+24.667,+7.190
7850.369,16,5,+24.503,+7.130
7854.51,16,5,+24.422,+7.075
7858.354,16,5,+24.572,+7.150
7863.526,16,5,+24.465,+7.097
7867.807,16,5,+24.483,+7.068
7871.994,16,5,+24.478,+7.084
7875.025,16,5,+24.475,+7.125
7876.525,16,5,+24.410,+7.092
7877.213,16,5,+24.378,+7.088
7879.916,16,5,+24.343,+7.106
7885.432,16,5,+24.274,+7.123
7894.56,16,5,+24.571,+7.432
7898.482,16,5,+24.625,+7.501
7901.466,16,5,+24.801,+7.618
7902.263,16,5,+24.830,+7.639
7905.716,16,5,+24.955,+7.695
7908.453,16,5,+25.031,+7.744
7915.451,16,5,+24.943,+7.789
7921.357,16,5,+25.120,+7.865
7926.294,16,5,+25.004,+7.883
7928.091,16,5,+25.036,+7.886
7931.67,16,5,+25.095,+7.935
7935.138,16,5,+24.941,+7.876
7939.404,16,5,+24.962,+7.956
7943.227,16,5,+25.072,+8.032
7948.479,16,5,+24.982,+8.111
7952.837,16,5,+25.053,+8.161
7957.009,16,5,+25.027,+8.181
7960.087,16,5,+25.045,+8.223
7961.587,16,5,+25.013,+8.199
7962.305,16,5,+25.008,+8.199
7964.998,16,5,+25.015,+8.226
7970.501,16,5,+24.991,+8.310
7979.34,16,5,+25.039,+8.306
7983.294,16,5,+25.240,+8.386
7986.216,16,5,+25.395,+8.474
7986.981,16,5,+25.421,+8.493
7990.403,16,5,+25.475,+8.547
7993.198,16,5,+25.560,+8.588
8000.16,16,5,+25.424,+8.606
8006.136,16,5,+25.713,+11.895
8011.059,16,5,+25.536,+9.444
8012.902,16,5,+25.643,+6.745
8016.541,16,4,+25.643,+6.745
8016.644,16,4,+25.867,+8.627
8020.262,16,4,+25.864,+8.731
8024.65,16,4,+25.918,+8.805
8029.398,16,4,+26.930,+9.833
8036.831,16,4,+29.014,+11.973
8042.174,16,4,+30.012,+11.999
8047.771,16,4,+31.362,+10.824
8052.717,16,4,+33.230,+11.219
8054.632,16,4,+33.615,+11.333
8055.523,16,4,+33.818,+11.420
8058.885,16,4,+34.480,+11.706
8065.3,16,4,+34.182,+11.837
8076.775,16,4,+33.410,+11.025
8092.466,16,5,+33.410,+11.025
8111.869,16,5,+33.269,+14.488
8119.46,16,5,+32.867,+13.081
8125.342,16,5,+29.148,+10.039
8130.14,16,5,+28.148,+9.896
8131.982,16,5,+25.849,+9.856
8135.529,16,5,+24.482,+9.868
8139.092,16,5,+24.258,+9.570
8143.295,16,5,+24.166,+9.382
8146.974,16,5,+24.179,+9.374
8152.135,16,5,+23.964,+9.348
8156.557,16,5,+24.017,+9.241
8160.385,16,5,+23.989,+9.112
8163.325,16,5,+23.996,+9.047
8164.827,16,5,+23.959,+8.990
8165.527,16,5,+23.957,+8.976
8168.143,16,5,+23.975,+8.941
8173.403,16,5,+23.961,+8.884
8181.978,16,5,+24.111,+8.857
8185.791,16,5,+24.172,+8.814
8188.494,16,5,+24.283,+8.828
8189.259,16,5,+24.304,+8.838
8192.67,16,5,+24.374,+8.890
8195.472,16,5,+24.467,+8.981
8202.027,16,5,+24.238,+9.505
8207.744,16,5,+24.249,+8.595
8212.463,16,5,+24.108,+8.470
8214.228,16,5,+24.153,+8.417
8217.781,16,5,+24.233,+8.492
8221.26,16,5,+24.168,+8.402
8225.427,16,5,+24.155,+8.358
8229.1,16,5,+24.199,+8.299
8234.186,16,5,+23.972,+8.159
8238.419,16,5,+23.950,+8.136
8242.342,16,5,+23.832,+7.944
8245.398,16,5,+23.811,+7.885
8246.774,16,5,+23.752,+7.836
8247.489,16,5,+23.726,+7.820
8250.112,16,5,+23.693,+7.862
8255.362,16,5,+23.566,+7.811
8264.017,16,5,+23.559,+7.855
8267.73,16,5,+23.469,+7.748
8270.501,16,5,+23.380,+7.760
8271.278,16,5,+23.376,+7.765
8274.685,16,5,+23.359,+7.835
8277.435,16,5,+23.349,+7.974
8283.999,16,5,+23.016,+7.843
8289.794,16,5,+23.151,+8.086
8294.607,16,5,+22.848,+8.108
8296.391,16,5,+22.908,+8.134
8299.932,16,5,+22.989,+8.154
8303.327,16,5,+22.846,+8.049
8307.371,16,5,+22.719,+7.997
8311.127,16,5,+22.834,+8.040
8316.216,16,5,+22.698,+7.916
8320.404,16,5,+22.569,+7.846
8324.365,16,5,+22.444,+7.722
8327.386,16,5,+22.446,+7.675
8328.844,16,5,+22.363,+7.636
8329.571,16,5,+22.330,+7.625
8332.207,16,5,+22.307,+7.615
8337.541,16,5,+22.250,+7.605
8346.233,16,5,+22.224,+7.724
8350.041,16,5,+22.176,+7.718
8352.885,16,5,+22.091,+7.834
8353.635,16,5,+22.088,+7.848
8357.056,16,5,+22.172,+7.937
8359.822,16,5,+22.271,+8.089
8366.494,16,5,+22.114,+8.073
8372.338,16,5,+22.111,+8.380
8377.01,16,5,+21.788,+7.544
8378.744,16,5,+21.781,+7.415
8382.306,16,5,+21.847,+7.281
8385.744,16,5,+21.597,+7.026
8389.76,16,5,+21.430,+6.909
8393.5,16,5,+21.497,+6.879
8398.599,16,5,+21.287,+6.729
8402.759,16,5,+21.171,+6.644
8406.727,16,5,+20.967,+6.540
8409.771,16,5,+20.883,+6.434
8411.166,16,5,+20.765,+6.367
8411.869,16,5,+20.729,+6.346
8414.518,16,5,+20.663,+6.321
8419.832,16,5,+20.520,+6.297
8428.528,16,5,+20.551,+6.205
8432.387,16,5,+20.665,+6.364
8435.227,16,5,+20.791,+6.354
8435.971,16,5,+20.812,+6.356
8439.398,16,5,+20.866,+6.377
8442.161,16,5,+20.875,+6.409
8448.727,16,5,+20.637,+6.303
8454.512,16,5,+20.634,+6.322
8459.238,16,5,+20.375,+6.230
8461.027,16,5,+20.392,+6.247
8464.598,16,5,+20.433,+6.254
8467.99,16,5,+20.326,+6.050
8472.01,16,5,+20.208,+5.927
8475.789,16,5,+20.341,+5.927
8480.892,16,5,+20.286,+5.921
8485.092,16,5,+20.308,+5.838
8489.01,16,5,+20.257,+5.734
8491.973,16,5,+20.248,+5.646
8493.427,16,5,+20.221,+5.605
8494.159,16,5,+20.208,+5.593
8496.773,16,5,+20.160,+5.550
8502.157,16,5,+20.197,+5.566
8510.827,16,5,+20.307,+5.538
8514.645,16,5,+20.335,+5.548
8517.527,16,5,+20.542,+5.579
8518.815,16,5,+20.568,+5.586
8522.608,16,5,+20.600,+5.610
8524.459,16,5,+20.561,+5.608
8531.072,16,5,+20.458,+5.564
8536.834,16,5,+20.524,+5.646
8541.611,16,5,+20.336,+5.479
8543.328,16,5,+20.352,+5.464
8546.858,16,5,+20.386,+5.489
8550.26,16,5,+20.228,+5.338
8554.26,16,5,+20.118,+5.213
8558.041,16,5,+20.262,+5.167
8563.229,16,5,+20.165,+5.105
8567.432,16,5,+20.271,+5.132
8571.437,16,5,+20.224,+5.088
8574.447,16,5,+20.203,+5.074
8575.9,16,5,+20.165,+5.043
8576.603,16,5,+20.150,+5.027
8579.213,16,5,+20.089,+4.988
8584.588,16,5,+20.105,+5.020
8593.284,16,5,+20.119,+4.941
8597.247,16,5,+20.360,+4.987
8600.184,16,5,+20.551,+4.954
8600.965,16,5,+20.570,+4.956
8604.379,16,5,+20.587,+5.019
8607.213,16,5,+20.674,+5.166
8614.128,16,5,+20.920,+5.179
8619.971,16,5,+21.148,+5.271
8624.814,16,5,+21.037,+5.138
8626.54,16,5,+21.102,+5.157
8630.142,16,5,+21.163,+5.234
8633.588,16,5,+21.069,+5.177
8637.697,16,5,+21.001,+5.060
8641.509,16,5,+21.163,+5.019
8646.65,16,5,+21.108,+4.891
8650.971,16,5,+21.138,+4.675
8654.992,16,5,+21.123,+4.127
8657.971,16,5,+21.110,+4.012
8659.492,16,5,+21.072,+3.894
8660.127,16,5,+21.061,+3.853
8662.808,16,5,+21.006,+3.771
8668.359,16,5,+21.100,+3.615
8677.324,16,5,+21.398,+3.653
8681.446,16,5,+21.804,+3.995
8684.36,16,5,+21.939,+3.987
8685.193,16,5,+21.954,+3.984
8688.428,16,5,+21.945,+4.009
8691.193,16,5,+21.914,+4.101
8698.027,16,5,+22.055,+4.138
8703.828,16,5,+22.247,+4.173
8708.803,16,5,+22.280,+4.213
8710.538,16,5,+22.352,+4.237
8714.038,16,5,+22.355,+4.225
8717.678,16,5,+22.364,+4.182
8722.116,16,5,+22.678,+4.309
8726.084,16,5,+22.986,+4.470
8731.381,16,5,+23.031,+4.510
8735.741,16,5,+23.232,+4.545
8739.834,16,5,+23.259,+4.431
8742.847,16,5,+23.243,+4.390
8744.328,16,5,+23.247,+4.359
8745.036,16,5,+23.249,+4.351
8747.692,16,5,+23.198,+4.335
8753.231,16,5,+23.411,+4.457
8762.122,16,5,+23.649,+4.554
8765.959,16,5,+23.865,+4.679
8768.892,16,5,+24.018,+4.712
8769.627,16,5,+24.033,+4.712
8772.968,16,5,+23.980,+4.714
8775.671,16,5,+23.866,+4.759
8782.64,16,5,+24.116,+4.949
8788.484,16,5,+24.305,+4.993
8793.413,16,5,+24.136,+5.057
8795.126,16,5,+24.125,+5.038
8798.608,16,5,+24.112,+5.022
8802.128,16,5,+24.029,+4.951
8806.476,16,5,+24.236,+5.145
8810.392,16,5,+24.440,+5.199
8815.403,16,5,+24.212,+5.192
8819.653,16,5,+24.154,+5.093
8823.66,16,5,+24.128,+5.016
8826.63,16,5,+24.092,+4.922
8828.076,16,5,+24.025,+4.874
8828.792,16,5,+24.005,+4.859
8831.411,16,5,+23.964,+4.848
8836.801,16,5,+23.905,+4.898
8845.497,16,5,+23.989,+4.850
8849.356,16,5,+24.133,+5.046
8852.216,16,5,+24.272,+5.042
8853.013,16,5,+24.292,+5.044
8856.398,16,5,+24.316,+5.101
8859.162,16,5,+24.316,+5.236
8865.867,16,5,+24.228,+5.138
8871.632,16,5,+24.288,+5.060
8876.497,16,5,+24.275,+5.160
8878.153,16,5,+24.296,+5.127
8881.684,16,5,+24.330,+5.133
8885.044,16,5,+24.143,+4.960
8889.325,16,5,+24.234,+5.056
8893.122,16,5,+24.397,+5.030
8898.341,16,5,+24.377,+5.088
8902.669,16,5,+24.445,+5.161
8906.638,16,5,+24.350,+4.995
8909.622,16,5,+24.301,+4.951
8911.091,16,5,+24.265,+4.926
8911.809,16,5,+24.253,+4.922
8914.45,16,5,+24.144,+4.917
8919.778,16,5,+24.071,+4.803
8928.487,16,5,+24.145,+4.775
8932.26,16,5,+24.151,+4.792
8935.159,16,5,+24.299,+4.594
8935.914,16,5,+24.318,+4.570
8939.295,16,5,+24.335,+4.542
8942.06,16,5,+24.267,+4.613
8948.844,16,5,+24.130,+4.682
8954.649,16,5,+24.288,+4.854
8959.571,16,5,+24.177,+4.763
8961.299,16,5,+24.243,+4.764
8964.848,16,5,+24.246,+4.750
8968.259,16,5,+24.100,+4.577
8972.314,16,5,+23.981,+4.505
8976.127,16,5,+24.104,+4.499
8981.346,16,5,+24.054,+4.575
8985.615,16,5,+24.172,+4.562
8989.624,16,5,+24.183,+4.515
8992.661,16,5,+24.171,+4.500
8994.115,16,5,+24.120,+4.470
8994.835,16,5,+24.095,+4.460
8997.46,16,5,+24.015,+4.454
9002.841,16,5,+24.025,+4.493
9011.619,16,5,+24.158,+4.574
9015.544,16,5,+24.424,+4.602
9018.449,16,5,+24.574,+4.606
9019.227,16,5,+24.597,+4.608
9022.628,16,5,+24.621,+4.638
9025.415,16,5,+24.624,+4.765
9032.127,16,5,+24.632,+4.799
9037.958,16,5,+24.843,+4.951
9042.838,16,5,+24.728,+4.855
9044.586,16,5,+24.760,+4.826
9048.122,16,5,+24.778,+4.760
9051.513,16,5,+24.598,+4.624
9055.659,16,5,+24.550,+4.645
9059.401,16,5,+24.656,+4.620
9064.566,16,5,+24.589,+4.640
9068.813,16,5,+24.660,+4.641
9072.84,16,5,+24.640,+4.569
9075.824,16,5,+24.626,+4.500
9077.278,16,5,+24.573,+4.466
9077.996,16,5,+24.561,+4.462
9080.621,16,5,+24.518,+4.440
9085.918,16,5,+24.301,+4.329
9094.691,16,5,+24.492,+4.363
9098.5,16,5,+24.600,+4.477
9101.392,16,5,+24.711,+4.411
9102.167,16,5,+24.728,+4.407
9105.591,16,5,+24.754,+4.417
9108.298,16,5,+24.792,+4.485
9115.056,16,5,+24.808,+4.567
9120.822,16,5,+24.923,+4.692
9125.588,16,5,+24.626,+4.549
9127.384,16,5,+24.642,+4.541
9130.893,16,5,+24.665,+4.514
9134.292,16,5,+24.420,+4.318
9138.34,16,5,+24.240,+4.200
9142.154,16,5,+24.346,+4.163
9147.281,16,5,+24.177,+4.149
9151.485,16,5,+24.133,+4.104
9155.459,16,5,+24.105,+4.038
9158.427,16,5,+24.041,+3.983
9159.884,16,5,+23.991,+3.951
9160.524,16,5,+23.983,+3.951
9163.198,16,5,+23.952,+3.946
9168.672,16,5,+23.927,+4.047
9177.46,16,5,+23.980,+4.019
9181.492,16,5,+24.269,+4.244
9184.385,16,5,+24.354,+4.229
9185.201,16,5,+24.367,+4.232
9188.577,16,5,+24.407,+4.252
9191.305,16,5,+24.461,+4.276
9198.064,16,5,+24.426,+4.356
9203.908,16,5,+24.524,+4.516
9208.689,16,5,+24.301,+4.433
9210.439,16,5,+24.339,+4.412
9214.009,16,5,+24.390,+4.430
9217.416,16,5,+24.198,+4.367
9221.556,16,5,+24.140,+4.445
9225.337,16,5,+24.172,+4.382
9230.459,16,5,+23.979,+4.417
9234.673,16,5,+23.932,+4.362
9238.692,16,5,+23.935,+4.241
9241.659,16,5,+23.918,+4.191
9243.16,16,5,+23.869,+4.174
9243.87,16,5,+23.854,+4.167
9246.522,16,5,+23.826,+4.235
9251.949,16,5,+23.825,+4.248
9260.644,16,5,+23.930,+4.221
9264.572,16,5,+24.089,+4.343
9267.509,16,5,+24.119,+4.302
9268.228,16,4,+24.119,+4.302
9268.259,16,4,+23.840,+5.112
8.61,81,3,,
3255.632,81,3,+0.166,
3258.542,81,2,+0.166,
3258.628,81,2,+0.066,+0.066
3266.005,81,2,+0.186,+0.186
3271.849,81,2,+0.257,+0.257
3276.602,81,1,LAP 1,LAP 1
3338.477,81,1,LAP 2,LAP 2
3424.624,81,1,LAP 3,LAP 3
3509.915,81,1,LAP 4,LAP 4
3595.02,81,1,LAP 5,LAP 5
3680.128,81,1,LAP 6,LAP 6
3765.197,81,1,LAP 7,LAP 7
3849.999,81,1,LAP 8,LAP 8
3935.308,81,1,LAP 9,LAP 9
4020.698,81,1,LAP 10,LAP 10
4106.386,81,1,LAP 11,LAP 11
4191.78,81,1,LAP 12,LAP 12
4277.589,81,1,LAP 13,LAP 13
4363.546,81,1,LAP 14,LAP 14
4449.308,81,1,LAP 15,LAP 15
4534.858,81,1,LAP 16,LAP 16
4621.677,81,2,LAP 16,LAP 16
4633.204,81,3,LAP 16,LAP 16
4646.308,81,4,LAP 16,LAP 16
4648.027,81,4,+20.116,+1.636
4655.695,81,4,+20.698,+2.246
4661.799,81,4,+20.960,+2.405
4666.885,81,4,+20.968,+2.328
4668.785,81,4,+21.065,+2.341
4672.414,81,4,+21.100,+2.327
4676.162,81,4,+21.343,+2.322
4680.5,81,4,+21.399,+2.318
4684.373,81,4,+21.491,+2.241
4689.691,81,4,+21.550,+1.939
4694.289,81,4,+21.778,+1.999
4698.461,81,4,+21.745,+1.867
4701.611,81,4,+21.757,+1.862
4703.1,81,4,+21.737,+1.830
4703.799,81,4,+21.720,+1.812
4706.562,81,4,+21.700,+1.748
4711.974,81,4,+21.522,+1.606
4720.636,81,4,+12.736,+1.180
4724.542,81,4,+12.572,+0.944
4727.308,81,4,+12.466,+0.698
4728.058,81,4,+18.486,+0.662
4731.48,81,4,+12.394,+0.563
4734.136,81,3,+12.394,+0.563
4734.214,81,3,+12.348,+0.449
4741.089,81,3,+12.247,+0.298
4747.058,81,3,+12.346,+0.216
4752.136,81,3,+12.391,+0.240
4754.011,81,3,+12.393,+0.210
4757.542,81,3,+12.333,+0.146
4761.482,81,3,+12.606,+0.250
4765.98,81,3,+12.828,+0.356
4769.756,81,3,+12.780,+0.295
4775.294,81,3,+13.053,+0.402
4779.858,81,3,+13.177,+0.500
4784.088,81,3,+13.167,+0.465
4787.331,81,3,+13.253,+0.540
4788.824,81,3,+13.243,+0.514
4789.558,81,3,+13.236,+0.501
4792.355,81,3,+13.242,+0.515
4797.902,81,3,+13.231,+0.486
4806.811,81,3,+13.229,+0.238
4811.014,81,3,+13.472,+0.323
4813.78,81,3,+13.386,+0.217
4814.561,81,3,+13.372,+0.199
4817.909,81,3,+13.272,+0.056
4820.772,81,2,+13.272,+0.056
4820.792,81,2,+13.210,+13.210
4827.59,81,2,+13.220,+13.220
4833.644,81,2,+13.364,+13.364
4838.665,81,2,+13.345,+13.345
4840.529,81,2,+13.337,+13.337
4844.145,81,2,+13.365,+13.365
4847.814,81,2,+13.370,+13.370
4852.119,81,2,+13.403,+13.403
4855.995,81,2,+13.384,+13.384
4861.16,81,2,+13.374,+13.374
4865.621,81,2,+13.326,+13.326
4869.699,81,2,+13.178,+13.178
4872.808,81,2,+13.202,+13.202
4874.324,81,2,+13.158,+13.158
4875.027,81,2,+13.138,+13.138
4877.808,81,2,+13.120,+13.120
4883.218,81,2,+12.967,+12.967
4891.874,81,2,+12.793,+12.793
4895.811,81,2,+12.697,+12.697
4898.624,81,2,+12.592,+12.592
4899.405,81,2,+12.583,+12.583
4902.842,81,2,+12.577,+12.577
4905.655,81,2,+12.597,+12.597
4912.514,81,2,+12.594,+12.594
4918.436,81,2,+12.639,+12.639
4923.348,81,2,+12.577,+12.577
4925.229,81,2,+12.531,+12.531
4932.369,81,2,+12.479,+12.479
4936.561,81,2,+12.436,+12.436
4940.405,81,2,+12.391,+12.391
4945.624,81,2,+12.406,+12.406
4950.061,81,2,+12.395,+12.395
4954.202,81,2,+12.252,+12.252
4957.344,81,2,+12.269,+12.269
4958.83,81,2,+12.219,+12.219
4959.517,81,2,+12.195,+12.195
4962.302,81,2,+12.161,+12.161
4967.713,81,2,+11.982,+11.982
4976.471,81,2,+11.888,+11.888
4980.328,81,2,+11.739,+11.739
4983.12,81,2,+11.595,+11.595
4984.0,81,2,+11.580,+11.580
4987.328,81,2,+11.567,+11.567
4990.128,81,2,+11.575,+11.575
4996.963,81,2,+11.387,+11.387
5002.872,81,2,+11.475,+11.475
5007.791,81,2,+11.404,+11.404
5009.604,81,2,+11.356,+11.356
5013.173,81,2,+11.349,+11.349
5016.815,81,2,+11.322,+11.322
5021.108,81,2,+11.273,+11.273
5024.905,81,2,+11.219,+11.219
5030.014,81,2,+11.211,+11.211
5034.41,81,2,+11.106,+11.106
5038.554,81,2,+10.923,+10.923
5041.702,81,2,+10.951,+10.951
5043.2,81,2,+10.898,+10.898
5043.858,81,2,+10.875,+10.875
5046.674,81,2,+10.851,+10.851
5052.129,81,2,+10.763,+10.763
5060.961,81,2,+10.626,+10.626
5064.779,81,2,+10.461,+10.461
5067.62,81,2,+10.335,+10.335
5068.361,81,2,+10.324,+10.324
5071.786,81,2,+10.315,+10.315
5074.572,81,2,+10.326,+10.326
5081.342,81,2,+10.135,+10.135
5087.199,81,2,+10.170,+10.170
5092.186,81,2,+9.972,+9.972
5094.044,81,2,+9.916,+9.916
5097.629,81,2,+9.907,+9.907
5101.23,81,2,+9.796,+9.796
5105.461,81,2,+9.712,+9.712
5109.294,81,2,+9.634,+9.634
5114.46,81,2,+9.540,+9.540
5118.832,81,2,+9.401,+9.401
5122.961,81,2,+9.213,+9.213
5126.03,81,2,+9.200,+9.200
5127.579,81,2,+9.130,+9.130
5128.242,81,2,+9.099,+9.099
5131.028,81,2,+9.043,+9.043
5136.447,81,2,+8.815,+8.815
5145.217,81,2,+8.504,+8.504
5152.636,81,2,+6.096,+6.096
5155.964,81,1,LAP 23,LAP 23
5237.134,81,1,LAP 24,LAP 24
5321.894,81,1,LAP 25,LAP 25
5406.836,81,1,LAP 26,LAP 26
5492.264,81,1,LAP 27,LAP 27
5577.745,81,1,LAP 28,LAP 28
5662.855,81,1,LAP 29,LAP 29
5748.667,81,1,LAP 30,LAP 30
5834.472,81,1,LAP 31,LAP 31
5920.249,81,1,LAP 32,LAP 32
6006.108,81,1,LAP 33,LAP 33
6092.249,81,2,LAP 33,LAP 33
6098.542,81,3,LAP 33,LAP 33
6103.212,81,4,LAP 33,LAP 33
6103.93,81,5,LAP 33,LAP 33
6118.736,81,5,+20.393,+12.004
6126.396,81,5,+20.970,+12.731
6132.373,81,5,+21.151,+12.860
6137.372,81,5,+21.035,+12.732
6139.231,81,5,+21.090,+12.682
6142.778,81,5,+21.120,+12.672
6146.502,81,5,+21.190,+12.620
6150.73,81,5,+21.109,+12.532
6154.529,81,5,+21.087,+12.493
6159.795,81,5,+21.194,+12.609
6164.274,81,5,+21.350,+12.491
6168.429,81,5,+21.325,+12.409
6171.6,81,5,+21.357,+12.387
6173.128,81,5,+21.437,+12.340
6173.823,81,5,+21.468,+12.330
6176.636,81,5,+21.528,+12.327
6182.15,81,5,+21.500,+11.858
6190.944,81,5,+21.453,+11.824
6194.694,81,5,+21.376,+11.559
6197.428,81,5,+21.319,+11.470
6198.178,81,5,+21.312,+11.464
6201.584,81,5,+21.327,+11.531
6204.366,81,5,+21.362,+11.601
6211.178,81,5,+21.145,+11.366
6217.053,81,5,+21.222,+11.381
6221.93,81,5,+20.960,+11.079
6223.73,81,5,+20.991,+11.001
6227.263,81,5,+21.010,+11.006
6230.872,81,5,+20.946,+10.768
6235.087,81,5,+20.869,+10.555
6238.842,81,5,+20.855,+10.477
6244.123,81,5,+20.855,+10.446
6248.467,81,5,+20.924,+10.224
6252.545,81,5,+20.742,+10.020
6255.608,81,5,+20.746,+9.972
6257.186,81,5,+20.770,+9.907
6257.889,81,5,+20.772,+9.889
6260.669,81,5,+20.784,+9.861
6266.214,81,5,+20.672,+9.558
6274.836,81,5,+20.598,+9.388
6278.711,81,5,+20.585,+9.179
6281.385,81,5,+20.542,+9.099
6282.161,81,5,+20.540,+9.095
6285.603,81,5,+20.538,+9.160
6288.299,81,5,+20.575,+9.253
6295.128,81,5,+20.497,+8.965
6300.921,81,5,+20.485,+8.886
6305.811,81,5,+20.268,+8.544
6307.639,81,5,+20.294,+8.467
6311.154,81,5,+20.309,+8.456
6314.764,81,5,+20.299,+8.248
6318.967,81,5,+20.248,+8.095
6322.748,81,5,+20.288,+8.056
6328.029,81,5,+20.296,+8.053
6332.404,81,5,+20.307,+7.861
6336.529,81,5,+20.202,+7.736
6339.592,81,5,+20.229,+7.750
6341.17,81,5,+20.241,+7.690
6341.936,81,5,+20.243,+7.671
6344.625,81,5,+20.249,+7.660
6350.045,81,5,+20.057,+7.549
6358.795,81,5,+20.044,+7.534
6362.667,81,5,+19.990,+7.534
6365.479,81,5,+19.944,+7.534
6366.214,81,5,+19.939,+5.270
6369.589,81,4,+19.939,+5.270
6369.636,81,4,+19.959,+7.371
6372.378,81,4,+19.964,+7.385
6379.26,81,4,+19.736,+7.406
6385.064,81,4,+19.780,+7.478
6390.057,81,4,+19.730,+7.439
6391.87,81,4,+19.782,+7.373
6395.401,81,4,+19.801,+7.319
6398.964,81,4,+19.757,+7.238
6403.292,81,4,+19.798,+7.286
6407.201,81,4,+19.823,+7.304
6412.455,81,4,+19.981,+7.390
6417.03,81,4,+20.201,+7.461
6421.249,81,4,+20.197,+7.492
6424.436,81,4,+20.358,+7.675
6426.139,81,4,+20.503,+7.778
6426.858,81,4,+20.539,+7.805
6429.699,81,4,+20.611,+7.863
6435.314,81,4,+20.738,+8.041
6444.245,81,4,+20.916,+8.209
6448.136,81,4,+20.913,+8.155
6450.979,81,4,+20.981,+8.157
6451.743,81,4,+20.984,+8.155
6455.106,81,4,+20.952,+8.133
6457.843,81,4,+20.914,+8.136
6464.801,81,4,+20.913,+8.137
6470.699,81,4,+21.139,+8.305
6476.158,81,4,+21.325,+8.613
6478.614,81,4,+22.114,+9.293
6482.46,81,4,+22.407,+9.523
6486.16,81,4,+22.557,+9.654
6490.651,81,4,+22.741,+9.835
6494.602,81,4,+22.934,+10.002
6499.897,81,4,+22.990,+10.058
6504.342,81,4,+23.012,+9.959
6508.534,81,4,+22.981,+9.927
6511.628,81,4,+23.010,+9.985
6513.192,81,4,+23.028,+9.978
6513.93,81,4,+23.027,+9.960
6516.605,81,4,+23.000,+9.907
6521.96,81,4,+22.834,+9.789
6530.665,81,4,+22.804,+9.720
6534.531,81,4,+22.776,+9.598
6537.343,81,4,+22.837,+9.570
6538.072,81,4,+22.841,+9.565
6541.491,81,4,+22.830,+9.556
6544.26,81,4,+22.780,+9.544
6551.029,81,4,+22.588,+9.514
6556.833,81,4,+22.543,+9.469
6561.893,81,4,+22.560,+9.511
6563.73,81,4,+22.614,+9.461
6567.216,81,4,+22.664,+9.408
6570.788,81,4,+22.677,+9.377
6575.028,81,4,+22.593,+9.410
6578.801,81,4,+22.569,+9.314
6583.956,81,4,+22.476,+9.304
6588.344,81,4,+22.474,+9.252
6592.651,81,4,+22.506,+9.258
6595.829,81,4,+22.563,+9.365
6597.442,81,4,+22.671,+9.460
6598.151,81,4,+22.694,+9.468
6600.995,81,4,+22.773,+9.478
6606.386,81,4,+22.592,+9.274
6615.085,81,4,+13.491,+9.194
6618.899,81,4,+13.330,+9.194
6621.745,81,4,+13.234,+9.194
6622.478,81,4,+19.806,+9.030
6625.935,81,4,+13.220,+9.030
6628.66,81,4,+13.157,+1.091
6635.55,81,4,+13.011,+0.789
6641.504,81,4,+12.975,+0.874
6646.465,81,4,+12.923,+0.856
6648.299,81,4,+12.914,+0.911
6651.855,81,4,+12.834,+0.926
6655.567,81,4,+12.894,+0.961
6659.849,81,4,+12.822,+1.045
6663.601,81,4,+12.740,+1.153
6668.96,81,4,+12.795,+1.274
6673.399,81,4,+12.840,+1.417
6677.543,81,4,+12.784,+1.511
6680.625,81,4,+12.805,+1.541
6682.215,81,4,+12.793,+1.573
6682.874,81,4,+12.793,+1.579
6685.693,81,4,+12.831,+1.575
6691.06,81,4,+12.672,+1.614
6699.844,81,4,+12.584,+1.868
6703.776,81,4,+12.530,+2.003
6706.609,81,4,+12.476,+2.079
6707.351,81,4,+12.473,+2.083
6710.799,81,4,+12.452,+2.073
6713.542,81,4,+12.391,+2.067
6720.429,81,4,+12.210,+2.118
6726.315,81,4,+12.062,+2.270
6731.28,81,4,+12.041,+2.306
6733.201,81,4,+12.031,+2.443
6736.717,81,4,+12.021,+2.491
6740.385,81,4,+12.001,+2.623
6744.574,81,4,+11.977,+2.707
6748.429,81,4,+11.934,+2.872
6753.695,81,4,+11.861,+3.028
6758.105,81,4,+11.920,+3.251
6762.191,81,4,+11.699,+3.284
6765.201,81,4,+11.701,+3.312
6766.764,81,4,+11.683,+3.359
6767.42,81,4,+11.678,+3.370
6770.217,81,4,+11.713,+3.375
6775.621,81,4,+11.588,+3.417
6784.358,81,4,+8.926,+3.596
6788.216,81,4,+8.781,+3.659
6790.999,81,4,+8.787,+3.742
6791.776,81,4,+8.787,+3.750
6795.075,81,3,+8.787,+3.750
6795.16,81,3,+8.786,+3.758
6797.91,81,3,+8.777,+3.756
6804.76,81,3,+8.711,+3.852
6810.611,81,3,+8.849,+4.023
6815.604,81,3,+8.695,+3.973
6817.469,81,3,+8.677,+4.086
6821.01,81,3,+8.662,+4.141
6824.586,81,3,+8.638,+4.226
6828.836,81,3,+8.630,+4.280
6832.604,81,3,+8.570,+4.353
6837.839,81,3,+8.671,+4.504
6842.218,81,3,+8.613,+4.658
6846.316,81,3,+8.557,+4.685
6849.372,81,3,+8.631,+4.749
6850.933,81,3,+8.636,+4.775
6851.621,81,3,+8.609,+4.769
6854.4,81,3,+8.542,+4.750
6859.844,81,3,+8.454,+4.713
6868.542,81,3,+8.408,+4.785
6872.418,81,3,+8.306,+4.858
6875.264,81,3,+8.305,+4.958
6876.029,81,3,+8.307,+4.971
6879.461,81,3,+8.313,+4.998
6882.206,81,3,+8.319,+4.988
6889.06,81,3,+8.277,+4.973
6894.947,81,3,+8.395,+5.226
6899.899,81,3,+8.345,+5.088
6901.739,81,3,+8.271,+5.147
6905.372,81,3,+8.225,+5.192
6908.814,81,3,+8.118,+5.259
6912.993,81,3,+7.990,+5.286
6916.814,81,3,+7.932,+5.371
6922.017,81,3,+7.911,+5.413
6926.392,81,3,+7.838,+5.532
6930.517,81,3,+7.770,+5.551
6933.602,81,3,+7.810,+5.572
6935.141,81,3,+7.806,+5.610
6935.819,81,3,+7.794,+5.621
6938.563,81,3,+7.766,+5.626
6943.933,81,3,+7.641,+5.613
6952.624,81,3,+7.620,+5.679
6956.542,81,3,+7.615,+5.779
6959.37,81,3,+7.580,+5.881
6960.102,81,3,+7.574,+5.891
6963.516,81,3,+7.567,+5.924
6966.301,81,3,+7.601,+5.952
6973.272,81,3,+7.660,+6.155
6979.199,81,3,+7.795,+6.290
6984.151,81,3,+7.750,+6.307
6985.964,81,3,+7.696,+6.380
6989.495,81,3,+7.653,+6.447
6993.026,81,3,+7.626,+6.491
6997.214,81,3,+7.548,+6.439
7000.992,81,3,+7.483,+6.505
7006.199,81,3,+7.532,+6.566
7010.63,81,3,+7.464,+6.620
7014.715,81,3,+7.437,+6.591
7017.814,81,3,+7.474,+6.612
7019.36,81,3,+7.476,+6.669
7020.048,81,3,+7.472,+6.690
7022.831,81,3,+7.457,+6.750
7028.276,81,3,+7.377,+6.764
7037.013,81,3,+7.374,+6.813
7040.967,81,3,+7.333,+6.821
7043.737,81,3,+7.337,+6.888
7044.501,81,3,+7.343,+6.907
7047.931,81,3,+7.356,+6.994
7050.691,81,3,+7.357,+7.098
7057.634,81,3,+7.386,+7.030
7063.557,81,3,+7.515,+7.248
7068.528,81,3,+7.545,+7.225
7070.34,81,3,+7.465,+7.245
7073.849,81,3,+7.426,+7.292
7077.43,81,3,+7.344,+7.053
7081.682,81,3,+7.328,+7.010
7085.488,81,3,+7.322,+7.077
7090.672,81,3,+7.347,+6.809
7094.979,81,3,+7.222,+6.641
7099.135,81,3,+7.198,+6.633
7102.175,81,3,+7.261,+6.646
7103.731,81,3,+7.246,+6.664
7104.428,81,3,+7.235,+6.677
7107.16,81,3,+7.200,+6.696
7112.567,81,3,+7.127,+6.573
7121.37,81,3,+7.167,+6.670
7125.26,81,3,+7.081,+6.629
7128.057,81,3,+7.085,+6.655
7128.823,81,3,+7.086,+6.667
7132.227,81,3,+7.093,+6.743
7134.977,81,3,+7.118,+6.886
7141.892,81,3,+6.911,+6.926
7147.721,81,3,+6.912,+6.752
7152.692,81,3,+6.900,+6.424
7154.501,81,3,+6.901,+6.287
7158.003,81,3,+6.907,+6.220
7161.586,81,3,+6.911,+5.964
7165.851,81,3,+6.948,+5.823
7169.58,81,3,+7.068,+5.792
7174.801,81,3,+7.055,+5.791
7179.146,81,3,+7.147,+5.591
7183.314,81,3,+7.172,+5.475
7186.429,81,3,+7.205,+5.491
7187.913,81,3,+7.255,+5.467
7188.619,81,3,+7.272,+5.448
7191.393,81,3,+7.315,+5.397
7196.845,81,3,+7.338,+5.274
7205.674,81,3,+7.441,+5.206
7209.543,81,3,+7.506,+5.125
7212.356,81,3,+7.537,+5.080
7213.106,81,3,+7.541,+5.079
7216.527,81,3,+7.538,+5.092
7219.283,81,3,+7.535,+5.095
7226.191,81,3,+7.667,+5.119
7232.028,81,3,+7.813,+5.167
7236.927,81,3,+7.729,+5.083
7238.733,81,3,+7.788,+5.003
7242.21,81,3,+7.809,+4.945
7245.805,81,3,+7.850,+4.887
7249.993,81,3,+7.834,+4.798
7253.698,81,3,+7.907,+4.728
7258.972,81,3,+7.920,+4.761
7263.253,81,3,+7.999,+4.605
7267.447,81,3,+8.072,+4.550
7270.527,81,3,+8.143,+4.637
7272.096,81,3,+8.221,+4.667
7272.789,81,3,+8.244,+4.659
7275.573,81,3,+8.280,+4.644
7281.002,81,3,+8.276,+4.553
7289.87,81,3,+8.380,+4.576
7293.76,81,3,+8.371,+4.519
7296.609,81,3,+8.413,+4.493
7297.341,81,3,+8.421,+4.493
7300.807,81,3,+8.435,+4.502
7303.542,81,3,+8.407,+4.515
7310.495,81,3,+8.419,+4.504
7316.385,81,3,+8.572,+4.598
7321.341,81,3,+8.498,+4.585
7323.16,81,3,+8.530,+4.510
7326.661,81,3,+8.566,+4.481
7330.273,81,3,+8.610,+4.489
7334.488,81,3,+8.630,+4.478
7338.279,81,3,+8.726,+4.433
7343.608,81,3,+8.724,+4.592
7348.024,81,3,+8.779,+4.535
7352.213,81,3,+8.733,+4.505
7355.273,81,3,+8.745,+4.580
7356.837,81,3,+8.758,+4.609
7357.544,81,3,+8.746,+4.602
7360.36,81,3,+8.712,+4.607
7365.872,81,3,+8.570,+4.538
7374.589,81,3,+8.602,+4.562
7378.493,81,3,+8.637,+4.534
7381.306,81,3,+8.678,+4.505
7382.052,81,3,+8.687,+4.507
7385.528,81,3,+8.703,+4.517
7388.224,81,3,+8.710,+4.533
7395.161,81,3,+8.753,+4.540
7401.076,81,3,+8.910,+4.641
7406.072,81,3,+8.831,+4.647
7407.872,81,3,+8.840,+4.579
7411.401,81,3,+8.859,+4.537
7414.932,81,3,+8.844,+4.477
7419.151,81,3,+8.849,+4.380
7422.963,81,3,+8.908,+4.349
7428.29,81,3,+8.991,+4.478
7432.729,81,3,+9.144,+4.442
7436.893,81,3,+9.122,+4.411
7440.028,81,3,+9.146,+4.490
7441.501,81,3,+9.190,+4.504
7442.194,81,3,+9.206,+4.492
7444.922,81,3,+9.235,+4.464
7450.66,81,3,+9.453,+4.623
7459.573,81,3,+9.635,+4.718
7463.542,81,3,+9.687,+4.709
7466.354,81,3,+9.773,+4.700
7467.12,81,3,+9.786,+4.701
7470.542,81,3,+9.834,+4.711
7473.292,81,3,+9.868,+4.720
7480.198,81,3,+9.851,+4.716
7486.167,81,3,+9.987,+4.784
7490.995,81,3,+9.853,+4.712
7492.792,81,3,+9.866,+4.624
7496.286,81,3,+9.914,+4.571
7499.888,81,3,+9.894,+4.582
7504.14,81,3,+9.857,+4.591
7507.934,81,3,+9.907,+4.533
7513.144,81,3,+9.912,+4.530
7517.533,81,3,+10.066,+4.470
7521.684,81,3,+10.094,+4.449
7524.715,81,3,+10.111,+4.508
7526.277,81,3,+10.139,+4.497
7526.957,81,3,+10.148,+4.480
7529.721,81,3,+10.163,+4.446
7535.217,81,3,+10.224,+4.419
7544.089,81,3,+10.293,+4.399
7547.917,81,3,+10.324,+4.296
7550.76,81,3,+10.390,+4.261
7551.523,81,3,+10.398,+4.259
7554.929,81,3,+10.414,+4.264
7557.674,81,3,+10.431,+4.300
7564.687,81,3,+10.499,+4.333
7570.53,81,3,+10.664,+4.442
7575.526,81,3,+10.635,+4.423
7577.37,81,3,+10.679,+4.361
7580.854,81,3,+10.715,+4.327
7584.464,81,3,+10.771,+4.276
7588.635,81,3,+10.771,+4.272
7592.464,81,3,+10.867,+4.211
7597.714,81,3,+10.822,+4.248
7602.089,81,3,+10.911,+4.208
7606.293,81,3,+10.946,+4.163
7609.45,81,3,+10.984,+4.193
7610.892,81,3,+10.999,+4.178
7611.557,81,3,+11.001,+4.168
7614.368,81,3,+11.065,+4.214
7619.934,81,3,+11.140,+4.288
7628.772,81,3,+11.267,+4.327
7632.663,81,3,+11.307,+4.199
7635.493,81,3,+11.330,+4.150
7636.247,81,3,+11.332,+4.146
7639.642,81,3,+11.350,+4.147
7642.373,81,3,+11.394,+4.187
7649.36,81,3,+11.168,+4.246
7655.223,81,3,+11.239,+4.335
7660.199,81,3,+11.249,+4.305
7661.998,81,3,+11.261,+4.215
7665.514,81,3,+11.290,+4.164
7669.064,81,3,+11.282,+4.111
7673.306,81,3,+11.258,+4.084
7677.073,81,3,+11.255,+4.001
7682.284,81,3,+11.175,+3.927
7686.607,81,3,+11.191,+3.802
7690.763,81,3,+11.189,+3.752
7693.805,81,3,+11.212,+3.805
7695.37,81,3,+11.264,+3.826
7696.093,81,3,+11.291,+3.827
7698.851,81,3,+11.329,+3.824
7704.288,81,3,+11.335,+3.720
7713.132,81,3,+11.430,+3.754
7717.054,81,3,+11.515,+3.709
7719.866,81,3,+11.576,+3.702
7720.632,81,3,+11.585,+3.702
7724.022,81,3,+11.602,+3.710
7726.76,81,3,+11.603,+3.740
7733.693,81,3,+11.640,+3.826
7739.55,81,3,+11.762,+3.874
7744.469,81,3,+11.752,+3.800
7746.273,81,3,+11.729,+3.696
7749.784,81,3,+11.738,+3.649
7753.337,81,3,+11.784,+3.610
7757.602,81,3,+11.805,+3.600
7761.385,81,3,+11.934,+3.577
7766.637,81,3,+11.900,+3.629
7771.056,81,3,+11.981,+3.541
7775.159,81,3,+11.997,+3.492
7778.2,81,3,+12.036,+3.553
7779.794,81,3,+12.080,+3.556
7780.498,81,3,+12.093,+3.544
7783.263,81,3,+12.140,+3.542
7788.826,81,3,+12.120,+3.619
7797.644,81,3,+12.147,+3.566
7801.619,81,3,+12.167,+3.566
7804.413,81,3,+12.187,+3.566
7805.219,81,3,+12.194,+1.197
7808.501,81,2,+12.194,+1.197
7808.582,81,2,+12.243,+12.243
7811.285,81,2,+12.275,+12.275
7818.272,81,2,+12.254,+12.254
7824.098,81,2,+12.346,+12.346
7829.319,81,2,+12.167,+12.167
7831.028,81,2,+12.126,+12.126
7834.398,81,2,+12.129,+12.129
7837.985,81,2,+12.152,+12.152
7842.243,81,2,+12.159,+12.159
7846.026,81,2,+12.212,+12.212
7851.307,81,2,+12.277,+12.277
7855.713,81,2,+12.374,+12.374
7859.838,81,2,+12.322,+12.322
7862.916,81,2,+12.373,+12.373
7864.51,81,2,+12.387,+12.387
7865.26,81,2,+12.379,+12.379
7867.98,81,2,+12.384,+12.384
7873.463,81,2,+12.325,+12.325
7882.291,81,2,+12.317,+12.317
7886.15,81,2,+12.316,+12.316
7888.994,81,2,+12.351,+12.351
7889.775,81,2,+12.357,+12.357
7893.157,81,2,+12.437,+12.437
7895.888,81,2,+12.467,+12.467
7902.841,81,2,+12.353,+12.353
7908.638,81,2,+12.384,+12.384
7913.607,81,2,+12.342,+12.342
7915.466,81,2,+12.356,+12.356
7918.982,81,2,+12.388,+12.388
7922.56,81,2,+12.377,+12.377
7926.872,81,2,+12.413,+12.413
7930.638,81,2,+12.468,+12.468
7935.904,81,2,+12.419,+12.419
7940.216,81,2,+12.430,+12.430
7944.371,81,2,+12.389,+12.389
7947.486,81,2,+12.440,+12.440
7949.027,81,2,+12.450,+12.450
7949.712,81,2,+12.466,+12.466
7952.477,81,2,+12.518,+12.518
7957.962,81,2,+12.465,+12.465
7966.773,81,2,+12.507,+12.507
7970.73,81,2,+12.652,+12.652
7973.617,81,2,+12.782,+12.782
7974.398,81,2,+12.806,+12.806
7977.773,81,2,+12.851,+12.851
7980.528,81,2,+12.893,+12.893
7987.997,81,2,+13.241,+13.241
7994.233,81,2,+13.818,+13.818
8000.098,81,3,+13.818,+13.818
8001.513,81,3,+16.092,+1.447
8004.347,81,4,+16.092,+1.447
8006.177,81,4,+18.898,+1.791
8016.541,81,5,+18.898,+1.791
8017.444,81,6,+18.898,+1.791
8051.937,81,7,+18.898,+1.791
8074.089,81,8,+18.898,+1.791
8096.059,81,9,+18.898,+1.791
8098.692,81,10,+18.898,+1.791
8103.229,81,11,+18.898,+1.791
8103.994,81,12,+18.898,+1.791
8139.154,81,13,+18.898,+1.791
8145.613,81,14,+18.898,+1.791
8147.719,81,15,+18.898,+1.791
8156.057,81,16,+18.898,+1.791
8164.013,81,17,+18.898,+1.791
8191.06,81,18,+18.898,+1.791
8192.341,81,19,+18.898,+1.791
8197.47,81,20,+18.898,+1.791
9426.806,81,20,15L,13L
8.61,3,4,,
3255.761,3,4,+0.382,+0.216
3258.929,3,4,+0.358,+0.030
3266.067,3,3,+0.358,+0.030
3266.161,3,3,+0.340,+0.154
3272.208,3,3,+0.530,+0.273
3277.361,3,3,+0.487,+0.180
3279.542,3,3,+0.690,+0.338
3283.114,3,3,+0.711,+0.367
3287.145,3,3,+0.956,+0.481
3291.761,3,3,+1.290,+0.646
3295.693,3,3,+1.440,+0.743
3301.494,3,3,+1.739,+1.041
3305.996,3,3,+1.811,+1.009
3310.2,3,3,+1.880,+1.057
3313.352,3,3,+1.803,+0.978
3314.867,3,3,+1.776,+0.944
3315.617,3,3,+1.753,+0.927
3318.321,3,3,+1.649,+0.863
3323.852,3,3,+1.702,+0.824
3332.774,3,3,+1.704,+0.842
3336.664,3,3,+1.729,+0.753
3339.508,3,3,+1.751,+0.816
3340.258,3,3,+1.744,+0.819
3343.711,3,3,+1.737,+0.870
3346.589,3,3,+1.773,+0.938
3353.542,3,3,+1.703,+0.968
3359.573,3,3,+1.781,+1.066
3364.592,3,3,+1.790,+1.091
3366.405,3,3,+1.739,+1.015
3369.936,3,3,+1.664,+0.960
3373.723,3,3,+1.695,+1.016
3378.061,3,3,+1.717,+0.952
3381.9,3,3,+1.699,+0.989
3387.217,3,3,+1.530,+0.816
3391.722,3,3,+1.570,+0.786
3395.9,3,3,+1.568,+0.806
3399.047,3,3,+1.528,+0.787
3400.634,3,3,+1.535,+0.764
3401.4,3,3,+1.526,+0.752
3404.062,3,3,+1.410,+0.683
3409.636,3,3,+1.472,+0.646
3418.636,3,3,+1.525,+0.752
3422.585,3,3,+1.603,+0.645
3425.467,3,3,+1.645,+0.673
3426.264,3,3,+1.642,+0.674
3429.592,3,3,+1.585,+0.643
3432.358,3,3,+1.492,+0.577
3439.247,3,3,+1.453,+0.565
3445.152,3,3,+1.484,+0.609
3450.315,3,3,+1.717,+0.825
3452.142,3,3,+1.693,+0.803
3455.636,3,3,+1.627,+0.749
3459.48,3,3,+1.737,+0.818
3463.749,3,3,+1.801,+0.826
3467.577,3,3,+1.796,+0.902
3472.873,3,3,+1.740,+0.913
3477.389,3,3,+1.838,+0.987
3481.546,3,3,+1.840,+0.954
3484.649,3,3,+1.759,+0.908
3486.243,3,3,+1.792,+0.921
3486.962,3,3,+1.793,+0.922
3489.664,3,3,+1.724,+0.884
3495.161,3,3,+1.722,+0.859
3504.15,3,3,+1.729,+0.952
3508.181,3,3,+1.898,+0.897
3511.073,3,3,+1.966,+0.961
3511.839,3,3,+1.967,+0.964
3515.216,3,3,+1.876,+0.932
3517.831,3,3,+1.602,+0.762
3524.78,3,3,+1.638,+0.738
3530.715,3,3,+1.625,+0.763
3535.686,3,3,+1.623,+0.757
3537.533,3,3,+1.650,+0.796
3541.046,3,3,+1.627,+0.809
3544.905,3,3,+1.738,+0.980
3549.233,3,3,+1.833,+0.987
3553.046,3,3,+1.817,+1.021
3558.358,3,3,+1.894,+1.042
3562.762,3,3,+1.931,+0.978
3566.952,3,3,+2.029,+1.039
3570.103,3,3,+2.007,+1.026
3571.645,3,3,+2.040,+1.048
3572.394,3,3,+2.037,+1.044
3575.096,3,3,+1.980,+1.019
3580.651,3,3,+2.077,+1.104
3589.642,3,3,+2.180,+1.235
3593.563,3,3,+2.174,+1.092
3596.4,3,3,+2.177,+1.136
3597.196,3,3,+2.172,+1.139
3600.589,3,3,+2.124,+1.135
3603.352,3,3,+2.052,+1.095
3610.315,3,3,+2.056,+1.087
3616.324,3,3,+2.114,+1.258
3621.387,3,3,+2.141,+1.152
3623.202,3,3,+2.150,+1.191
3626.749,3,3,+2.110,+1.179
3630.577,3,3,+2.287,+1.373
3634.874,3,3,+2.388,+1.364
3638.749,3,3,+2.391,+1.464
3643.998,3,3,+2.467,+1.524
3648.418,3,3,+2.541,+1.525
3652.595,3,3,+2.604,+1.552
3655.73,3,3,+2.593,+1.533
3657.266,3,3,+2.636,+1.541
3658.014,3,3,+2.637,+1.533
3660.717,3,3,+2.598,+1.495
3666.273,3,3,+2.559,+1.523
3675.275,3,3,+2.686,+1.679
3679.245,3,3,+2.731,+1.604
3682.144,3,3,+2.813,+1.654
3682.929,3,3,+2.820,+1.659
3686.345,3,3,+2.813,+1.677
3689.167,3,3,+2.787,+1.694
3696.058,3,3,+2.768,+1.701
3702.027,3,3,+2.781,+1.785
3707.016,3,3,+2.750,+1.672
3708.848,3,3,+2.735,+1.705
3712.435,3,3,+2.690,+1.697
3716.091,3,3,+2.763,+1.773
3720.372,3,3,+2.818,+1.791
3724.272,3,3,+2.810,+1.903
3729.594,3,3,+2.896,+1.975
3733.939,3,3,+2.924,+1.929
3738.151,3,3,+3.006,+1.983
3741.274,3,3,+3.002,+1.965
3742.832,3,3,+3.033,+1.975
3743.573,3,3,+3.030,+1.970
3746.299,3,3,+2.995,+1.946
3751.761,3,3,+3.008,+1.919
3760.72,3,3,+3.067,+2.013
3764.66,3,3,+3.114,+1.912
3767.542,3,3,+3.179,+1.956
3768.342,3,3,+3.186,+1.964
3771.761,3,3,+3.170,+1.972
3774.483,3,3,+3.073,+1.913
3781.4,3,3,+3.127,+1.905
3787.372,3,3,+3.218,+2.044
3792.327,3,3,+3.215,+1.871
3794.233,3,3,+3.271,+1.938
3797.82,3,3,+3.276,+1.964
3801.488,3,3,+3.338,+1.985
3805.819,3,3,+3.405,+1.996
3809.629,3,3,+3.393,+2.067
3814.928,3,3,+3.489,+2.082
3819.323,3,3,+3.532,+2.051
3823.527,3,3,+3.628,+2.111
3826.652,3,3,+3.612,+2.079
3828.198,3,3,+3.634,+2.088
3828.98,3,3,+3.638,+2.083
3831.948,3,3,+3.660,+2.028
3837.183,3,3,+3.672,+1.996
3846.194,3,3,+3.750,+2.097
3850.086,3,3,+3.706,+2.031
3852.933,3,3,+3.734,+1.998
3853.698,3,3,+3.734,+1.992
3857.148,3,3,+3.714,+1.990
3860.01,3,3,+3.676,+2.019
3866.886,3,3,+3.716,+1.981
3872.87,3,3,+3.733,+2.104
3877.808,3,3,+3.686,+1.898
3879.661,3,3,+3.698,+1.943
3883.23,3,3,+3.679,+1.927
3886.938,3,3,+3.769,+2.023
3891.245,3,3,+3.824,+2.049
3895.058,3,3,+3.753,+2.086
3900.308,3,3,+3.712,+2.157
3904.714,3,3,+3.714,+2.177
3908.948,3,3,+3.745,+2.173
3912.089,3,3,+3.715,+2.152
3913.651,3,3,+3.704,+2.150
3914.37,3,3,+3.690,+2.140
3917.075,3,3,+3.630,+2.066
3922.542,3,3,+3.593,+1.975
3931.527,3,3,+3.701,+2.075
3935.511,3,3,+3.796,+1.954
3938.402,3,3,+3.864,+1.935
3939.201,3,3,+3.869,+1.936
3942.612,3,3,+3.854,+1.922
3945.451,3,3,+3.821,+1.882
3952.318,3,3,+3.799,+1.910
3958.245,3,3,+3.772,+1.979
3963.308,3,3,+3.755,+1.884
3965.158,3,3,+3.777,+1.973
3968.714,3,3,+3.749,+2.004
3972.403,3,3,+3.826,+2.055
3976.717,3,3,+3.860,+2.058
3980.617,3,3,+3.855,+2.188
3985.934,3,3,+3.887,+2.209
3990.345,3,3,+3.894,+2.185
3994.561,3,3,+3.952,+2.244
3997.694,3,3,+3.941,+2.221
3999.228,3,3,+3.952,+2.212
4000.001,3,3,+3.946,+2.200
4002.66,3,3,+3.895,+2.122
4008.172,3,3,+3.909,+2.118
4017.114,3,3,+3.932,+2.196
4021.12,3,3,+4.026,+2.279
4024.042,3,3,+4.111,+2.370
4024.823,3,3,+4.115,+2.377
4028.261,3,3,+4.108,+2.380
4031.027,3,3,+4.069,+2.337
4037.999,3,3,+4.049,+2.335
4043.991,3,3,+4.047,+2.529
4049.011,3,3,+3.974,+2.351
4050.89,3,3,+3.972,+2.427
4054.399,3,3,+3.931,+2.435
4058.114,3,3,+3.948,+2.466
4062.314,3,3,+3.970,+2.454
4066.208,3,3,+3.986,+2.511
4071.598,3,3,+4.057,+2.701
4075.948,3,3,+3.974,+2.676
4080.183,3,3,+4.029,+2.698
4083.308,3,3,+3.955,+2.644
4084.824,3,3,+3.934,+2.628
4085.605,3,3,+3.920,+2.614
4088.292,3,3,+3.843,+2.546
4093.713,3,3,+3.749,+2.436
4102.745,3,3,+3.875,+2.622
4106.745,3,3,+3.964,+2.665
4109.651,3,3,+4.064,+2.725
4110.448,3,3,+4.071,+2.730
4113.87,3,3,+4.070,+2.745
4116.699,3,3,+4.068,+2.778
4123.73,3,3,+4.215,+2.834
4129.68,3,3,+4.176,+2.921
4134.672,3,3,+4.165,+2.816
4136.543,3,3,+4.181,+2.877
4140.085,3,3,+4.127,+2.886
4143.699,3,3,+4.112,+2.945
4147.985,3,3,+4.098,+2.914
4151.872,3,3,+4.078,+2.956
4157.161,3,3,+4.082,+3.041
4161.562,3,3,+4.074,+3.014
4165.843,3,3,+4.112,+3.044
4168.921,3,3,+4.042,+2.983
4170.437,3,3,+4.036,+2.988
4171.199,3,3,+4.022,+2.983
4173.901,3,3,+3.955,+2.944
4179.386,3,3,+3.977,+2.837
4188.326,3,3,+4.034,+2.864
4192.342,3,3,+4.107,+2.881
4195.261,3,3,+4.260,+3.003
4196.099,3,3,+4.280,+3.022
4199.533,3,3,+4.300,+3.070
4202.33,3,3,+4.280,+3.094
4209.314,3,3,+4.249,+3.052
4215.205,3,3,+4.179,+3.197
4220.194,3,3,+4.077,+2.872
4222.072,3,3,+4.095,+2.935
4225.694,3,3,+4.060,+2.956
4229.299,3,3,+4.110,+2.994
4233.694,3,3,+4.184,+3.025
4237.561,3,3,+4.145,+3.086
4242.931,3,3,+4.198,+3.164
4247.31,3,3,+4.175,+3.052
4251.58,3,3,+4.189,+3.059
4254.667,3,3,+4.132,+3.024
4256.23,3,3,+4.124,+3.038
4256.965,3,3,+4.106,+3.032
4259.961,3,3,+4.022,+2.996
4265.194,3,3,+3.995,+2.931
4274.167,3,3,+4.117,+2.955
4278.089,3,3,+4.138,+2.949
4280.995,3,3,+4.209,+3.026
4281.839,3,3,+4.215,+3.036
4285.261,3,3,+4.214,+3.066
4288.073,3,3,+4.195,+3.123
4295.142,3,3,+4.259,+3.071
4301.028,3,3,+4.222,+3.132
4306.068,3,3,+4.069,+2.983
4307.939,3,3,+4.098,+3.048
4311.514,3,3,+4.090,+3.098
4315.201,3,3,+4.082,+3.103
4319.451,3,3,+4.057,+3.015
4323.364,3,3,+4.054,+3.080
4328.733,3,3,+4.062,+3.153
4333.108,3,3,+4.009,+3.113
4337.358,3,3,+4.033,+3.144
4340.467,3,3,+3.971,+3.115
4341.998,3,3,+3.981,+3.135
4342.772,3,3,+3.974,+3.130
4345.503,3,3,+3.907,+3.100
4351.031,3,3,+3.897,+3.027
4360.028,3,3,+4.039,+3.038
4364.085,3,3,+4.144,+3.097
4366.963,3,3,+4.240,+3.142
4367.832,3,3,+4.247,+3.148
4371.2,3,3,+4.254,+3.189
4374.048,3,3,+4.230,+3.231
4380.942,3,3,+4.141,+3.098
4386.836,3,3,+4.083,+3.135
4391.842,3,3,+4.032,+2.953
4393.717,3,3,+4.098,+3.056
4397.272,3,3,+4.094,+3.120
4400.993,3,3,+4.078,+3.132
4405.316,3,3,+4.096,+3.096
4409.128,3,3,+4.096,+3.171
4414.451,3,3,+4.112,+3.167
4418.873,3,3,+4.109,+3.140
4423.154,3,3,+4.206,+3.182
4426.295,3,3,+4.169,+3.155
4427.92,3,3,+4.195,+3.168
4428.608,3,3,+4.192,+3.161
4431.311,3,3,+4.138,+3.140
4436.983,3,3,+4.245,+3.237
4446.103,3,3,+4.429,+3.445
4456.073,3,4,+4.429,+3.445
4461.167,3,5,+4.429,+3.445
4469.829,3,6,+4.429,+3.445
4475.299,3,7,+4.429,+3.445
4480.369,3,8,+4.429,+3.445
4480.548,3,8,+25.075,+0.094
4487.842,3,8,+25.411,+0.671
4493.748,3,8,+25.314,+0.719
4498.775,3,8,+25.331,+0.880
4500.673,3,8,+25.402,+0.983
4504.23,3,8,+25.356,+0.889
4508.014,3,8,+25.445,+1.057
4512.23,3,8,+25.497,+1.230
4516.037,3,8,+25.395,+1.186
4521.248,3,8,+25.382,+1.242
4525.701,3,8,+25.354,+1.205
4529.873,3,8,+25.328,+1.251
4532.951,3,8,+25.232,+1.157
4534.451,3,8,+25.204,+1.087
4535.201,3,8,+25.193,+1.059
4537.858,3,8,+25.102,+0.954
4543.295,3,8,+25.028,+0.661
4552.108,3,8,+24.967,+0.443
4556.129,3,8,+25.036,+0.614
4558.867,3,8,+24.821,+0.482
4559.715,3,8,+24.784,+0.139
4562.938,3,8,+24.620,+0.023
4565.542,3,7,+24.620,+0.023
4565.626,3,7,+24.444,+0.150
4572.629,3,6,+24.444,+0.150
4572.694,3,6,+24.638,+6.115
4578.622,3,6,+24.621,+6.008
4583.652,3,6,+24.549,+5.986
4585.449,3,6,+24.521,+5.935
4589.12,3,6,+24.597,+6.037
4592.841,3,6,+24.711,+6.059
4597.244,3,6,+24.799,+6.107
4600.995,3,6,+24.659,+5.989
4606.386,3,6,+24.639,+5.912
4610.761,3,6,+24.518,+5.792
4614.995,3,6,+24.496,+5.681
4618.136,3,6,+24.493,+5.672
4619.667,3,6,+24.460,+5.643
4620.402,3,6,+24.438,+5.616
4623.116,3,6,+23.535,+5.609
4628.431,3,6,+23.210,+5.384
4637.152,3,6,+22.940,+4.918
4641.042,3,6,+22.963,+4.663
4643.823,3,6,+22.930,+4.663
4644.636,3,6,+22.924,+4.505
4647.917,3,5,+22.924,+4.505
4648.011,3,5,+22.911,+4.505
4650.887,3,5,+22.939,+2.823
4657.76,3,5,+22.785,+2.087
4663.673,3,5,+22.814,+1.854
4668.674,3,5,+22.732,+1.764
4670.529,3,5,+22.777,+1.712
4674.042,3,5,+22.800,+1.700
4677.686,3,5,+22.867,+1.524
4681.925,3,5,+22.824,+1.425
4685.789,3,5,+22.870,+1.379
4691.104,3,5,+22.926,+1.376
4695.523,3,5,+23.016,+1.238
4699.711,3,5,+23.004,+1.259
4702.822,3,5,+22.976,+1.219
4704.304,3,5,+22.960,+1.223
4705.06,3,5,+22.934,+1.214
4707.728,3,5,+22.916,+1.216
4713.164,3,5,+22.702,+1.180
4722.011,3,5,+14.100,+1.364
4725.949,3,5,+13.965,+1.393
4728.792,3,5,+13.953,+1.487
4729.589,3,5,+19.981,+1.495
4732.98,3,5,+13.910,+1.516
4735.777,3,5,+13.893,+1.157
4742.699,3,5,+13.811,+0.586
4748.527,3,5,+13.801,+0.496
4753.667,3,5,+13.913,+0.460
4755.485,3,5,+13.863,+0.432
4758.929,3,5,+13.759,+0.394
4762.761,3,5,+13.902,+0.524
4767.089,3,5,+13.998,+0.577
4770.991,3,5,+14.008,+0.699
4776.594,3,5,+14.292,+0.801
4781.047,3,5,+14.353,+0.676
4785.275,3,5,+14.345,+0.664
4788.355,3,5,+14.327,+0.598
4789.933,3,5,+14.329,+0.578
4790.683,3,5,+14.314,+0.565
4793.37,3,5,+14.243,+0.538
4798.902,3,5,+14.245,+0.506
4807.983,3,5,+14.444,+0.774
4811.874,3,5,+14.352,+0.546
4814.78,3,5,+14.375,+0.634
4815.561,3,5,+14.370,+0.648
4818.914,3,5,+14.290,+0.683
4821.699,3,5,+14.208,+0.596
4828.635,3,5,+14.207,+0.569
4834.497,3,5,+14.179,+0.318
4839.501,3,4,+14.179,+0.318
4839.586,3,4,+14.236,+0.536
4841.428,3,4,+14.242,+0.514
4844.975,3,4,+14.199,+0.499
4848.7,3,4,+14.283,+0.495
4852.999,3,4,+14.303,+0.475
4856.873,3,4,+14.296,+0.551
4862.342,3,4,+14.476,+0.592
4866.777,3,4,+14.504,+0.519
4870.98,3,4,+14.466,+0.544
4874.105,3,4,+14.472,+0.537
4875.652,3,4,+14.484,+0.585
4876.402,3,4,+14.474,+0.594
4879.1,3,4,+14.399,+0.561
4884.668,3,4,+14.400,+0.604
4893.561,3,4,+14.438,+0.764
4897.468,3,4,+14.352,+0.756
4900.436,3,4,+14.389,+0.931
4901.233,3,4,+14.386,+0.945
4904.592,3,4,+14.327,+0.945
4907.264,3,4,+14.225,+0.893
4914.264,3,4,+14.289,+1.018
4920.074,3,4,+14.270,+1.028
4925.145,3,4,+14.318,+1.066
4926.943,3,4,+14.279,+1.088
4930.439,3,4,+14.210,+1.079
4934.102,3,4,+14.221,+1.091
4938.358,3,4,+14.235,+1.072
4942.249,3,4,+14.234,+1.235
4947.561,3,4,+14.335,+1.269
4951.952,3,4,+14.277,+1.221
4956.172,3,4,+14.236,+1.293
4959.272,3,4,+14.214,+1.282
4960.794,3,4,+14.184,+1.292
4961.53,3,4,+14.160,+1.295
4964.216,3,4,+14.068,+1.256
4969.754,3,4,+13.944,+1.206
4978.616,3,4,+13.976,+1.353
4982.514,3,4,+13.946,+1.437
4985.56,3,4,+13.855,+1.524
4986.186,3,4,+13.841,+1.536
4989.57,3,4,+13.809,+1.580
4992.386,3,4,+13.821,+1.642
4999.373,3,4,+13.760,+1.650
5005.414,3,4,+13.841,+1.867
5010.282,3,4,+13.841,+1.721
5012.11,3,4,+13.833,+1.757
5015.597,3,4,+13.789,+1.789
5019.316,3,4,+13.776,+1.805
5023.483,3,4,+13.746,+1.812
5027.42,3,4,+13.732,+1.958
5032.655,3,4,+13.811,+2.032
5037.045,3,4,+13.742,+2.051
5041.315,3,4,+13.697,+2.096
5044.405,3,4,+13.681,+2.078
5045.961,3,4,+13.640,+2.090
5046.66,3,4,+13.615,+2.091
5049.37,3,4,+13.550,+2.101
5054.829,3,4,+13.440,+1.990
5063.728,3,4,+13.416,+2.139
5067.717,3,4,+13.358,+2.236
5070.614,3,4,+13.353,+2.380
5071.428,3,4,+13.350,+2.398
5074.828,3,4,+13.341,+2.465
5077.628,3,4,+13.379,+2.543
5084.581,3,4,+13.324,+2.580
5090.5,3,4,+13.473,+2.909
5095.525,3,4,+13.270,+2.381
5097.372,3,4,+13.233,+2.385
5100.928,3,4,+13.189,+2.401
5104.572,3,4,+13.152,+2.380
5108.817,3,4,+13.103,+2.325
5112.665,3,4,+13.057,+2.448
5117.994,3,4,+13.063,+2.529
5122.388,3,4,+12.948,+2.526
5126.576,3,4,+12.852,+2.592
5129.699,3,4,+12.830,+2.605
5131.214,3,4,+12.762,+2.631
5131.959,3,4,+12.725,+2.631
5134.629,3,4,+12.631,+2.625
5140.086,3,4,+12.450,+2.555
5149.061,3,4,+12.338,+2.750
5152.964,3,4,+12.338,+2.841
5155.902,3,4,+12.338,+3.004
5156.699,3,4,+10.157,+3.026
5160.042,3,3,+10.157,+3.026
5160.136,3,3,+4.073,+3.074
5162.93,3,3,+4.101,+3.140
5169.9,3,3,+4.135,+3.089
5175.774,3,3,+4.136,+3.278
5180.842,3,3,+4.177,+3.172
5182.701,3,3,+4.205,+3.267
5186.279,3,3,+4.176,+3.318
5189.936,3,3,+4.218,+3.333
5194.108,3,3,+4.246,+3.361
5197.967,3,3,+4.257,+3.474
5203.249,3,3,+4.325,+3.524
5207.681,3,3,+4.398,+3.526
5211.873,3,3,+4.507,+3.630
5214.994,3,3,+4.480,+3.630
5216.451,3,3,+4.480,+3.653
5217.195,3,3,+4.472,+3.651
5219.883,3,3,+4.419,+3.617
5225.338,3,3,+4.398,+3.517
5234.212,3,3,+4.542,+3.574
5238.103,3,3,+4.584,+3.592
5240.994,3,3,+4.652,+3.685
5241.806,3,3,+4.656,+3.694
5245.212,3,3,+4.656,+3.731
5248.016,3,3,+4.675,+3.767
5254.938,3,3,+4.763,+3.745
5260.719,3,3,+4.653,+3.809
5265.875,3,3,+4.725,+3.771
5267.672,3,3,+4.760,+3.839
5271.219,3,3,+4.759,+3.893
5274.87,3,3,+4.849,+3.909
5279.089,3,3,+4.936,+3.873
5282.98,3,3,+4.994,+3.997
5288.273,3,3,+4.989,+4.138
5292.658,3,3,+4.936,+4.077
5296.828,3,3,+4.955,+4.121
5299.914,3,3,+4.916,+4.105
5301.403,3,3,+4.887,+4.114
5302.149,3,3,+4.877,+4.116
5304.831,3,3,+4.818,+4.121
5310.273,3,3,+4.799,+4.063
5319.2,3,3,+4.735,+4.134
5323.128,3,3,+4.780,+4.125
5326.017,3,3,+4.883,+4.212
5326.803,3,3,+4.891,+4.225
5330.273,3,3,+4.892,+4.285
5333.015,3,3,+4.870,+4.343
5340.038,3,3,+5.023,+4.347
5345.95,3,3,+5.061,+4.509
5351.028,3,3,+5.043,+4.403
5352.872,3,3,+5.048,+4.457
5356.403,3,3,+5.014,+4.502
5360.014,3,3,+5.017,+4.487
5364.247,3,3,+5.006,+4.400
5368.153,3,3,+5.033,+4.507
5373.417,3,3,+5.077,+4.480
5377.786,3,3,+5.078,+4.384
5382.017,3,3,+5.099,+4.357
5385.061,3,3,+5.027,+4.303
5386.597,3,3,+5.017,+4.317
5387.33,3,3,+5.006,+4.318
5390.028,3,3,+4.937,+4.312
5395.453,3,3,+4.948,+4.220
5404.343,3,3,+5.007,+4.311
5408.32,3,3,+5.086,+4.370
5411.18,3,3,+5.108,+4.418
5411.989,3,3,+5.106,+4.424
5415.369,3,3,+5.097,+4.479
5418.173,3,3,+5.121,+4.574
5425.244,3,3,+5.255,+4.456
5431.186,3,3,+5.256,+4.673
5436.149,3,3,+5.108,+4.488
5438.01,3,3,+5.091,+4.530
5441.512,3,3,+5.054,+4.581
5445.094,3,3,+4.979,+4.471
5449.372,3,3,+4.949,+4.382
5453.214,3,3,+4.951,+4.517
5458.511,3,3,+5.000,+4.445
5462.917,3,3,+4.978,+4.301
5467.228,3,3,+5.062,+4.361
5470.33,3,3,+4.998,+4.344
5471.845,3,3,+4.995,+4.351
5472.58,3,3,+4.985,+4.340
5475.28,3,3,+4.947,+4.345
5480.791,3,3,+4.979,+4.228
5489.686,3,3,+4.985,+4.237
5493.686,3,3,+5.036,+4.326
5496.639,3,3,+5.141,+4.397
5497.451,3,3,+5.147,+4.406
5500.842,3,3,+5.156,+4.463
5503.639,3,3,+5.185,+4.543
5510.719,3,3,+5.205,+4.495
5516.672,3,3,+5.163,+4.676
5521.731,3,3,+5.153,+4.479
5523.594,3,3,+5.157,+4.511
5527.13,3,3,+5.141,+4.543
5530.689,3,3,+5.096,+4.465
5534.971,3,3,+5.083,+4.412
5538.86,3,3,+5.102,+4.517
5544.146,3,3,+5.079,+4.383
5548.561,3,3,+5.066,+4.258
5552.703,3,3,+5.096,+4.272
5555.815,3,3,+5.078,+4.287
5557.33,3,3,+5.051,+4.287
5558.061,3,3,+5.036,+4.277
5560.932,3,3,+4.996,+4.279
5566.252,3,3,+5.015,+4.217
5575.221,3,3,+4.967,+4.196
5579.195,3,3,+5.020,+4.220
5582.115,3,3,+5.140,+4.331
5582.899,3,3,+5.152,+4.344
5586.306,3,3,+5.162,+4.397
5589.085,3,3,+5.168,+4.428
5596.155,3,3,+5.293,+4.466
5601.983,3,3,+5.222,+4.537
5606.952,3,3,+5.142,+4.316
5608.78,3,3,+5.127,+4.360
5612.285,3,3,+5.074,+4.381
5616.003,3,3,+5.146,+4.376
5620.198,3,3,+5.165,+4.285
5623.98,3,3,+5.089,+4.341
5629.245,3,3,+5.026,+4.249
5633.605,3,3,+5.026,+4.114
5637.816,3,3,+5.079,+4.187
5640.904,3,3,+5.025,+4.180
5642.429,3,3,+5.000,+4.180
5643.146,3,3,+4.976,+4.175
5645.894,3,3,+4.932,+4.176
5651.358,3,3,+4.927,+4.087
5660.292,3,3,+4.958,+4.165
5664.292,3,3,+5.024,+4.254
5667.292,3,3,+5.137,+4.373
5667.98,3,3,+5.144,+4.387
5671.417,3,3,+5.151,+4.446
5674.23,3,3,+5.175,+4.519
5681.277,3,3,+5.281,+4.443
5687.23,3,3,+5.337,+4.562
5692.262,3,3,+5.275,+4.372
5694.072,3,3,+5.293,+4.433
5697.623,3,3,+5.273,+4.479
5701.231,3,3,+5.278,+4.357
5705.62,3,3,+5.188,+3.487
5709.433,3,3,+5.198,+3.463
5714.73,3,3,+5.089,+3.250
5719.12,3,3,+5.043,+3.176
5723.302,3,3,+5.043,+3.186
5726.428,3,3,+4.962,+3.141
5727.894,3,3,+4.927,+3.143
5728.636,3,3,+4.913,+3.141
5731.332,3,3,+4.877,+3.129
5736.949,3,3,+4.787,+3.113
5745.958,3,3,+4.796,+3.229
5749.839,3,3,+4.767,+3.258
5752.714,3,3,+4.809,+3.334
5753.573,3,3,+4.808,+3.337
5756.886,3,3,+4.798,+3.344
5759.667,3,3,+4.815,+3.387
5766.73,3,3,+4.866,+3.401
5772.573,3,3,+4.827,+3.470
5777.605,3,3,+4.744,+3.306
5779.448,3,3,+4.741,+3.387
5783.001,3,3,+4.719,+3.426
5786.592,3,3,+4.650,+3.390
5790.885,3,3,+4.588,+3.321
5794.753,3,3,+4.582,+3.460
5800.063,3,3,+4.473,+3.386
5804.315,3,3,+4.397,+3.265
5808.502,3,3,+4.456,+3.285
5811.602,3,3,+4.406,+3.269
5813.173,3,3,+4.376,+3.268
5813.861,3,3,+4.352,+3.250
5816.514,3,3,+4.206,+3.153
5821.995,3,3,+4.121,+3.059
5830.963,3,3,+4.077,+3.086
5834.911,3,3,+4.068,+3.098
5837.799,3,3,+4.133,+3.155
5838.601,3,3,+4.137,+3.160
5841.96,3,3,+4.142,+3.190
5844.76,3,3,+4.183,+3.266
5851.885,3,3,+4.218,+3.156
5857.749,3,3,+4.168,+3.239
5862.799,3,3,+4.155,+3.126
5864.631,3,3,+4.167,+3.168
5868.176,3,3,+4.154,+3.194
5871.792,3,3,+4.057,+3.138
5876.073,3,3,+4.015,+3.101
5879.917,3,3,+3.984,+3.171
5885.183,3,3,+3.872,+3.134
5889.466,3,3,+3.743,+2.953
5893.662,3,3,+3.776,+3.054
5896.734,3,3,+3.724,+3.037
5898.286,3,3,+3.702,+3.023
5899.028,3,3,+3.681,+3.002
5901.729,3,3,+3.626,+2.959
5907.251,3,3,+3.620,+2.825
5916.28,3,3,+3.673,+2.909
5920.264,3,3,+3.656,+2.941
5923.186,3,3,+3.688,+2.976
5923.952,3,3,+3.692,+2.981
5927.342,3,3,+3.710,+3.028
5930.139,3,3,+3.772,+3.130
5937.248,3,3,+3.835,+3.043
5942.998,3,3,+3.762,+2.970
5948.077,3,3,+3.653,+2.926
5949.905,3,3,+3.574,+2.925
5953.395,3,3,+3.535,+2.957
5956.932,3,3,+3.448,+2.842
5961.226,3,3,+3.381,+2.722
5965.073,3,3,+3.409,+2.844
5970.339,3,3,+3.343,+2.665
5974.655,3,3,+3.228,+2.445
5978.92,3,3,+3.219,+2.532
5982.014,3,3,+3.135,+2.477
5983.592,3,3,+3.093,+2.472
5984.327,3,3,+3.067,+2.465
5987.03,3,3,+2.936,+2.410
5992.655,3,3,+3.012,+2.278
6001.733,3,3,+3.136,+2.402
6005.811,3,3,+3.250,+2.489
6008.67,3,3,+3.349,+2.584
6009.476,3,3,+3.355,+2.593
6012.794,3,3,+3.321,+2.599
6015.605,3,3,+3.382,+2.702
6022.87,3,3,+3.560,+2.855
6028.761,3,3,+3.627,+2.998
6033.93,3,3,+3.709,+2.990
6035.741,3,3,+3.714,+3.058
6039.249,3,3,+3.681,+3.101
6042.936,3,3,+3.689,+3.017
6047.248,3,3,+3.712,+2.961
6051.108,3,3,+3.818,+3.091
6056.358,3,3,+3.745,+2.983
6060.672,3,3,+3.591,+2.820
6064.95,3,3,+3.656,+2.896
6068.044,3,3,+3.590,+2.863
6069.533,3,3,+3.566,+2.839
6070.36,3,3,+3.552,+2.818
6072.946,3,3,+3.499,+2.780
6078.523,3,3,+3.503,+2.626
6087.536,3,3,+3.542,+2.673
6091.547,3,3,+3.542,+2.846
6094.434,3,3,+2.945,+2.846
6095.214,3,3,+2.951,+1.114
6098.542,3,2,+2.951,+1.114
6098.633,3,2,+2.980,+2.980
6101.385,3,2,+3.033,+3.033
6108.47,3,2,+3.021,+3.021
6114.361,3,2,+3.157,+3.157
6119.486,3,2,+3.103,+3.103
6121.33,3,2,+3.147,+3.147
6124.842,3,2,+3.182,+3.182
6128.402,3,2,+3.127,+3.127
6132.685,3,2,+3.034,+3.034
6136.479,3,2,+3.105,+3.105
6146.086,3,2,+3.155,+3.155
6150.392,3,2,+3.222,+3.222
6153.42,3,2,+3.230,+3.230
6154.995,3,2,+3.288,+3.288
6155.741,3,2,+3.303,+3.303
6158.404,3,2,+3.290,+3.290
6163.944,3,2,+3.308,+3.308
6172.905,3,2,+3.432,+3.432
6176.917,3,2,+3.577,+3.577
6179.87,3,2,+3.710,+3.710
6180.661,3,2,+3.721,+3.721
6184.067,3,2,+3.731,+3.731
6186.772,3,2,+3.778,+3.778
6193.866,3,2,+3.794,+3.794
6199.756,3,2,+3.931,+3.931
6204.772,3,2,+3.802,+3.802
6206.647,3,2,+3.892,+3.892
6210.162,3,2,+3.898,+3.898
6213.787,3,2,+3.894,+3.894
6218.147,3,2,+3.929,+3.929
6222.144,3,2,+4.160,+4.160
6227.476,3,2,+4.192,+4.192
6231.774,3,2,+4.223,+4.223
6236.137,3,2,+4.360,+4.360
6239.217,3,2,+4.341,+4.341
6240.764,3,2,+4.367,+4.367
6241.514,3,2,+4.365,+4.365
6244.217,3,2,+4.307,+4.307
6249.702,3,2,+4.286,+4.286
6258.709,3,2,+4.527,+4.527
6262.736,3,2,+4.673,+4.673
6265.645,3,2,+4.803,+4.803
6266.609,3,2,+4.816,+4.816
6269.828,3,2,+4.819,+4.819
6272.626,3,2,+4.849,+4.849
6279.63,3,2,+4.967,+4.967
6285.601,3,2,+5.040,+5.040
6290.574,3,2,+4.954,+4.954
6292.369,3,2,+5.015,+5.015
6295.905,3,2,+5.019,+5.019
6299.604,3,2,+5.067,+5.067
6303.861,3,2,+5.124,+5.124
6307.701,3,2,+5.207,+5.207
6312.983,3,2,+5.199,+5.199
6317.326,3,2,+5.228,+5.228
6321.592,3,2,+5.297,+5.297
6324.686,3,2,+5.274,+5.274
6326.233,3,2,+5.315,+5.315
6326.983,3,2,+5.322,+5.322
6329.654,3,2,+5.276,+5.276
6335.139,3,2,+5.173,+5.173
6344.17,3,2,+5.382,+5.382
6348.123,3,2,+5.435,+5.435
6351.029,3,2,+5.497,+5.497
6351.811,3,2,+5.504,+5.504
6355.233,3,2,+5.553,+5.553
6358.045,3,2,+5.601,+5.601
6365.136,3,2,+5.592,+5.592
6370.994,3,2,+5.685,+5.685
6376.2,3,2,+5.823,+5.823
6378.038,3,2,+5.921,+5.921
6381.591,3,2,+5.966,+5.966
6385.173,3,2,+5.921,+5.921
6389.448,3,2,+5.948,+5.948
6393.292,3,2,+5.990,+5.990
6398.604,3,2,+6.127,+6.127
6402.917,3,2,+6.111,+6.111
6407.451,3,2,+6.406,+6.406
6410.592,3,2,+6.455,+6.455
6412.129,3,2,+6.514,+6.514
6412.899,3,2,+6.520,+6.520
6421.155,3,2,+6.582,+6.582
6430.235,3,2,+6.851,+6.851
6434.189,3,2,+6.923,+6.923
6437.073,3,2,+7.072,+7.072
6437.839,3,2,+7.084,+7.084
6441.261,3,2,+7.090,+7.090
6444.042,3,2,+7.122,+7.122
6451.136,3,2,+7.230,+7.230
6457.002,3,2,+7.426,+7.426
6462.087,3,2,+7.294,+7.294
6463.901,3,2,+7.381,+7.381
6467.46,3,2,+7.399,+7.399
6471.046,3,2,+7.435,+7.435
6475.376,3,2,+7.500,+7.500
6479.214,3,2,+7.553,+7.553
6484.663,3,2,+7.674,+7.674
6489.042,3,2,+7.708,+7.708
6493.314,3,2,+7.782,+7.782
6496.401,3,2,+7.768,+7.768
6497.944,3,2,+7.813,+7.813
6498.694,3,2,+7.815,+7.815
6501.374,3,2,+7.791,+7.791
6506.998,3,2,+7.874,+7.874
6515.985,3,2,+8.073,+8.073
6519.862,3,2,+8.130,+8.130
6522.784,3,2,+8.287,+8.287
6523.591,3,2,+8.301,+8.301
6526.992,3,2,+8.322,+8.322
6529.814,3,2,+8.356,+8.356
6536.889,3,2,+8.380,+8.380
6542.794,3,2,+8.512,+8.512
6547.873,3,2,+8.524,+8.524
6549.694,3,2,+8.602,+8.602
6553.245,3,2,+8.663,+8.663
6556.791,3,2,+8.648,+8.648
6561.04,3,2,+8.634,+8.634
6564.929,3,2,+8.699,+8.699
6570.303,3,2,+8.782,+8.782
6574.685,3,2,+8.807,+8.807
6579.101,3,2,+8.945,+8.945
6582.161,3,2,+8.895,+8.895
6583.679,3,2,+8.919,+8.919
6584.411,3,2,+8.913,+8.913
6587.099,3,2,+8.907,+8.907
6592.665,3,2,+8.888,+8.888
6601.604,3,2,+8.862,+8.862
6609.291,3,2,+6.576,+6.576
6612.603,3,1,LAP 40,LAP 40
6694.973,3,1,LAP 41,LAP 41
6783.0,3,2,LAP 41,LAP 41
6791.328,3,3,LAP 41,LAP 41
6795.075,3,4,LAP 41,LAP 41
6797.028,3,5,LAP 41,LAP 41
6807.937,3,5,+18.805,+8.040
6815.128,3,5,+19.006,+8.328
6820.945,3,5,+19.165,+8.466
6825.961,3,5,+18.966,+8.338
6827.695,3,5,+18.904,+8.285
6831.143,3,5,+18.832,+8.222
6834.96,3,5,+18.936,+8.353
6839.202,3,5,+19.018,+8.426
6843.03,3,5,+18.989,+8.319
6848.214,3,5,+19.002,+8.253
6852.647,3,5,+19.025,+8.321
6856.785,3,5,+19.012,+8.258
6859.899,3,5,+19.085,+8.217
6861.467,3,5,+19.168,+8.283
6862.248,3,5,+19.166,+8.299
6865.014,3,5,+19.100,+8.303
6870.338,3,5,+18.975,+8.270
6879.033,3,5,+18.865,+8.116
6882.893,3,5,+18.771,+8.188
6885.685,3,5,+18.699,+8.030
6886.472,3,5,+18.694,+8.014
6889.815,3,5,+18.672,+7.976
6892.599,3,5,+18.721,+7.964
6899.529,3,5,+18.712,+8.005
6905.542,3,5,+18.942,+8.188
6910.386,3,5,+18.765,+8.083
6912.261,3,5,+18.780,+8.168
6915.785,3,5,+18.759,+8.170
6919.455,3,5,+18.772,+8.189
6923.767,3,5,+18.755,+8.285
6927.501,3,5,+18.634,+8.139
6932.727,3,5,+18.580,+8.127
6937.06,3,5,+18.516,+8.131
6941.172,3,5,+18.458,+8.057
6944.304,3,5,+18.515,+8.030
6945.851,3,5,+18.522,+8.020
6946.606,3,5,+18.500,+7.999
6949.26,3,5,+18.461,+7.975
6954.585,3,5,+18.299,+7.954
6963.285,3,5,+18.263,+7.804
6967.228,3,5,+18.286,+7.800
6970.032,3,5,+18.255,+7.704
6970.824,3,5,+18.252,+7.690
6974.186,3,5,+18.250,+7.671
6977.016,3,5,+18.324,+7.700
6983.932,3,5,+18.272,+7.721
6989.76,3,5,+18.380,+7.789
6994.682,3,5,+18.254,+7.744
6996.51,3,5,+18.243,+7.777
7000.049,3,5,+18.216,+7.757
7003.738,3,5,+18.319,+7.850
7008.014,3,5,+18.367,+7.912
7011.772,3,5,+18.269,+7.796
7017.058,3,5,+18.345,+7.884
7021.472,3,5,+18.302,+7.925
7025.629,3,5,+18.314,+7.878
7028.714,3,5,+18.342,+7.847
7030.214,3,5,+18.340,+7.877
7030.948,3,5,+18.323,+7.877
7033.627,3,5,+18.252,+7.865
7038.99,3,5,+18.118,+7.930
7047.815,3,5,+18.144,+7.847
7051.707,3,5,+18.106,+7.873
7054.55,3,5,+18.128,+7.775
7055.316,3,5,+18.127,+7.759
7058.713,3,5,+18.106,+7.711
7061.49,3,5,+18.150,+7.741
7068.393,3,5,+18.116,+7.841
7074.202,3,5,+18.178,+7.860
7079.199,3,5,+18.200,+7.892
7081.028,3,5,+18.150,+7.902
7084.517,3,5,+18.106,+7.861
7088.201,3,5,+18.030,+7.836
7092.323,3,5,+18.013,+7.858
7096.042,3,5,+17.923,+7.739
7101.228,3,5,+17.930,+7.697
7105.573,3,5,+17.778,+7.639
7109.661,3,5,+17.724,+7.555
7112.723,3,5,+17.749,+7.448
7114.257,3,5,+17.784,+7.470
7115.049,3,5,+17.781,+7.469
7117.717,3,5,+17.737,+7.441
7123.057,3,5,+17.625,+7.432
7131.876,3,5,+17.606,+7.308
7135.715,3,5,+17.559,+7.256
7138.505,3,5,+17.533,+7.082
7139.318,3,5,+17.534,+7.064
7142.675,3,5,+17.187,+7.031
7145.503,3,5,+17.387,+7.039
7152.357,3,5,+17.357,+7.045
7158.213,3,5,+17.424,+7.194
7163.161,3,5,+17.341,+7.146
7165.0,3,5,+17.371,+7.159
7168.472,3,5,+17.360,+7.115
7172.021,3,5,+17.397,+7.095
7176.26,3,5,+17.413,+7.129
7179.999,3,5,+17.501,+7.028
7185.185,3,5,+17.396,+6.919
7189.521,3,5,+17.545,+6.955
7193.713,3,5,+17.551,+6.885
7196.774,3,5,+17.557,+6.832
7198.292,3,5,+17.598,+6.852
7199.01,3,5,+17.602,+6.844
7201.66,3,5,+17.593,+6.832
7207.054,3,5,+17.574,+6.814
7215.887,3,5,+17.682,+6.800
7219.752,3,5,+17.734,+6.806
7222.616,3,5,+17.779,+6.648
7223.38,3,5,+17.786,+6.622
7226.772,3,5,+17.778,+6.568
7229.561,3,5,+17.808,+6.557
7236.422,3,5,+17.878,+6.599
7242.277,3,5,+18.100,+6.692
7247.114,3,5,+17.896,+6.614
7248.999,3,5,+18.051,+6.701
7252.547,3,5,+18.137,+6.735
7256.128,3,5,+18.190,+6.739
7260.385,3,5,+18.236,+6.826
7264.082,3,5,+18.287,+6.675
7269.252,3,5,+18.233,+6.729
7273.585,3,5,+18.315,+6.751
7277.721,3,5,+18.352,+6.706
7280.752,3,5,+18.339,+6.609
7282.262,3,5,+18.394,+6.625
7283.013,3,5,+18.405,+6.625
7285.709,3,5,+18.384,+6.600
7290.993,3,5,+18.270,+6.572
7299.86,3,5,+18.322,+6.575
7303.697,3,5,+18.294,+6.631
7306.547,3,5,+18.334,+6.518
7307.302,3,5,+18.339,+6.495
7310.685,3,5,+18.328,+6.437
7313.46,3,5,+18.333,+6.431
7320.344,3,5,+18.223,+6.429
7326.2,3,5,+18.388,+6.487
7331.217,3,5,+18.284,+6.536
7332.981,3,5,+18.349,+6.541
7336.476,3,5,+18.365,+6.510
7340.045,3,5,+18.386,+6.522
7344.232,3,5,+18.370,+6.567
7348.028,3,5,+18.462,+6.528
7353.201,3,5,+18.291,+6.486
7357.503,3,5,+18.251,+6.451
7361.663,3,5,+18.187,+6.397
7364.695,3,5,+18.120,+6.333
7366.177,3,5,+18.083,+6.329
7366.918,3,5,+18.048,+6.316
7369.844,3,5,+17.941,+6.296
7374.885,3,5,+17.643,+6.223
7383.66,3,5,+17.624,+6.112
7387.487,3,5,+17.623,+6.023
7390.314,3,5,+17.686,+5.884
7391.119,3,5,+17.701,+5.874
7394.513,3,5,+17.733,+5.861
7397.329,3,5,+17.789,+5.884
7404.161,3,5,+17.697,+5.799
7409.985,3,5,+17.841,+5.858
7414.932,3,5,+17.665,+5.827
7416.745,3,5,+17.696,+5.834
7420.26,3,5,+17.705,+5.804
7423.758,3,5,+17.687,+5.758
7427.918,3,5,+17.654,+5.799
7431.75,3,5,+17.671,+5.690
7436.96,3,5,+17.610,+5.690
7441.228,3,5,+17.634,+5.658
7445.33,3,5,+17.573,+5.517
7448.42,3,5,+17.553,+5.449
7449.876,3,5,+17.566,+5.445
7450.6,3,5,+17.565,+5.434
7453.26,3,5,+17.555,+5.401
7458.682,3,5,+17.494,+5.340
7467.542,3,5,+17.557,+5.152
7471.401,3,5,+17.567,+5.167
7474.274,3,5,+17.684,+5.077
7475.114,3,5,+17.702,+5.066
7478.448,3,5,+17.754,+5.046
7481.245,3,5,+17.812,+5.033
7488.167,3,5,+17.756,+5.105
7493.979,3,5,+17.931,+5.189
7498.899,3,5,+17.689,+5.190
7500.717,3,5,+17.754,+5.220
7504.184,3,5,+17.813,+5.203
7507.828,3,5,+17.779,+5.199
7511.96,3,5,+17.700,+5.274
7515.757,3,5,+17.738,+5.185
7520.946,3,5,+17.699,+5.245
7525.328,3,5,+17.720,+5.207
7529.299,3,5,+17.724,+5.112
7532.362,3,5,+17.689,+5.043
7533.877,3,5,+17.704,+5.057
7534.567,3,5,+17.698,+5.056
7537.273,3,5,+17.676,+5.030
7542.612,3,5,+17.618,+4.915
7551.46,3,5,+17.641,+4.828
7555.285,3,5,+17.674,+4.769
7558.164,3,5,+17.786,+4.651
7558.972,3,5,+17.807,+4.643
7562.399,3,5,+17.854,+4.637
7565.218,3,5,+17.916,+4.655
7572.057,3,5,+17.860,+4.647
7577.776,3,5,+17.958,+4.690
7582.73,3,5,+17.807,+4.723
7584.557,3,5,+17.881,+4.735
7588.057,3,5,+17.904,+4.706
7591.635,3,5,+17.941,+4.745
7595.792,3,5,+17.900,+4.827
7599.604,3,5,+17.989,+4.774
7604.776,3,5,+17.866,+4.769
7609.072,3,5,+17.895,+4.751
7613.248,3,5,+17.926,+4.692
7616.315,3,5,+17.920,+4.646
7617.771,3,5,+17.905,+4.622
7618.497,3,5,+17.894,+4.614
7621.143,3,5,+17.843,+4.579
7626.516,3,5,+17.718,+4.546
7635.298,3,5,+17.751,+4.449
7639.17,3,5,+17.805,+4.387
7642.046,3,5,+17.879,+4.300
7642.827,3,5,+17.887,+4.289
7646.198,3,5,+17.908,+4.268
7648.973,3,5,+17.987,+4.254
7655.96,3,5,+17.733,+4.273
7661.751,3,5,+17.772,+4.330
7666.646,3,5,+17.660,+4.309
7668.481,3,5,+17.748,+4.335
7672.015,3,5,+17.815,+4.330
7675.541,3,5,+17.769,+4.274
7679.729,3,5,+17.679,+4.334
7683.513,3,5,+17.669,+4.271
7688.654,3,5,+17.536,+4.257
7692.962,3,5,+17.538,+4.247
7697.064,3,5,+17.500,+4.123
7700.132,3,5,+17.458,+4.035
7701.585,3,5,+17.472,+4.042
7702.335,3,5,+17.475,+4.045
7705.007,3,5,+17.428,+4.017
7710.351,3,5,+17.395,+3.958
7719.194,3,5,+17.475,+3.887
7723.101,3,5,+17.560,+3.925
7725.944,3,5,+17.673,+3.816
7726.759,3,5,+17.692,+3.807
7730.124,3,5,+17.725,+3.791
7732.919,3,5,+17.767,+3.795
7739.833,3,5,+17.719,+3.841
7745.635,3,5,+17.831,+3.896
7750.527,3,5,+17.776,+3.894
7752.369,3,5,+17.806,+3.888
7755.852,3,5,+17.831,+3.866
7759.36,3,5,+17.793,+3.824
7763.513,3,5,+17.725,+3.863
7767.376,3,5,+17.886,+3.811
7772.493,3,5,+17.738,+3.826
7776.828,3,5,+17.769,+3.865
7780.982,3,5,+17.800,+3.824
7784.013,3,5,+17.777,+3.810
7785.56,3,5,+17.804,+3.767
7786.263,3,5,+17.806,+3.740
7788.935,3,5,+17.797,+3.683
7794.326,3,5,+17.631,+3.611
7803.143,3,5,+17.610,+3.504
7807.044,3,5,+17.596,+3.574
7809.879,3,5,+17.664,+3.458
7810.738,3,5,+17.674,+3.437
7813.944,3,4,+17.674,+3.437
7814.034,3,4,+17.725,+3.407
7816.861,3,4,+17.800,+3.433
7823.845,3,4,+17.787,+3.471
7829.605,3,4,+17.873,+3.524
7834.493,3,4,+17.530,+3.488
7836.23,3,4,+17.503,+3.467
7839.701,3,4,+17.477,+3.406
7843.182,3,4,+17.373,+3.311
7847.416,3,4,+17.347,+3.382
7851.197,3,4,+17.422,+3.256
7856.447,3,4,+17.368,+3.306
7860.729,3,4,+17.415,+3.331
7864.916,3,4,+17.394,+3.240
7867.947,3,4,+17.350,+3.161
7869.432,3,4,+17.318,+3.139
7870.166,3,4,+17.290,+3.128
7872.822,3,4,+17.237,+3.092
7878.275,3,4,+17.151,+3.069
7887.119,3,4,+17.139,+2.961
7890.963,3,4,+17.124,+3.004
7893.841,3,4,+17.183,+2.825
7894.622,3,4,+17.191,+2.801
7897.997,3,4,+17.260,+2.754
7900.716,3,4,+17.287,+2.729
7907.685,3,4,+17.154,+2.797
7913.497,3,4,+17.255,+2.865
7918.404,3,4,+17.121,+2.889
7920.247,3,4,+17.150,+2.888
7923.763,3,4,+17.160,+2.864
7927.232,3,4,+17.065,+2.801
7931.419,3,4,+17.006,+2.794
7935.216,3,4,+17.040,+2.701
7940.388,3,4,+16.871,+2.682
7944.698,3,4,+16.892,+2.709
7948.859,3,4,+16.846,+2.653
7951.884,3,4,+16.822,+2.549
7953.368,3,4,+16.814,+2.537
7954.102,3,4,+16.809,+2.528
7956.759,3,4,+16.789,+2.492
7962.212,3,4,+16.681,+2.455
7971.039,3,4,+16.733,+2.437
7974.93,3,4,+16.854,+2.365
7977.73,3,4,+16.921,+2.298
7978.514,3,4,+16.928,+2.282
7981.856,3,4,+16.928,+2.246
7984.592,3,4,+16.972,+2.228
7991.618,3,4,+16.818,+2.244
7997.341,3,4,+16.917,+2.208
8002.329,3,4,+16.789,+0.697
8004.347,3,3,+16.789,+0.697
8004.427,3,3,+17.107,+2.387
8008.002,3,3,+17.240,+2.441
8011.529,3,3,+17.133,+2.416
8015.843,3,3,+17.113,+2.444
8019.598,3,3,+17.097,+2.357
8024.872,3,3,+17.041,+2.422
8030.193,3,3,+18.013,+3.464
8036.944,3,3,+20.538,+2.285
8041.542,3,3,+22.011,+1.987
8043.299,3,3,+22.282,+2.048
8044.149,3,3,+22.398,+2.062
8047.199,3,3,+22.774,+2.144
8053.349,3,3,+22.345,+2.326
8065.698,3,3,+22.385,+3.693
8075.991,3,3,+22.052,+3.442
8079.967,3,2,+22.052,+3.442
8085.429,3,2,+6.771,+6.771
8093.843,3,2,+7.183,+7.183
8102.275,3,2,+6.099,+6.099
8108.822,3,2,+6.795,+6.795
8110.916,3,2,+4.742,+4.742
8115.322,3,2,+4.283,+4.283
8119.159,3,2,+4.337,+4.337
8123.498,3,2,+4.364,+4.364
8127.217,3,2,+4.429,+4.429
8132.498,3,2,+4.323,+4.323
8136.826,3,2,+4.441,+4.441
8140.998,3,2,+4.608,+4.608
8144.029,3,2,+4.670,+4.670
8145.58,3,2,+4.694,+4.694
8146.284,3,2,+4.699,+4.699
8148.833,3,2,+4.695,+4.695
8154.229,3,2,+4.783,+4.783
8162.947,3,2,+5.083,+5.083
8166.815,3,2,+5.256,+5.256
8169.673,3,2,+5.443,+5.443
8170.46,3,2,+5.466,+5.466
8173.824,3,2,+5.508,+5.508
8176.547,3,2,+5.548,+5.548
8183.447,3,2,+5.619,+5.619
8189.259,3,2,+5.798,+5.798
8194.122,3,2,+5.760,+5.760
8195.913,3,2,+5.815,+5.815
8199.372,3,2,+5.828,+5.828
8202.981,3,2,+5.818,+5.818
8207.137,3,2,+5.915,+5.915
8210.9,3,2,+5.985,+5.985
8216.15,3,2,+5.923,+5.923
8220.484,3,2,+5.984,+5.984
8224.576,3,2,+6.046,+6.046
8227.602,3,2,+6.051,+6.051
8229.075,3,2,+6.048,+6.048
8229.853,3,2,+6.037,+6.037
8232.4,3,2,+5.996,+5.996
8237.763,3,2,+5.991,+5.991
8246.557,3,2,+6.080,+6.080
8250.395,3,2,+6.163,+6.163
8253.315,3,2,+6.192,+6.192
8254.133,3,2,+6.190,+6.190
8257.427,3,2,+6.132,+6.132
8260.185,3,2,+6.089,+6.089
8267.127,3,2,+6.124,+6.124
8272.982,3,2,+6.321,+6.321
8277.95,3,2,+6.156,+6.156
8279.763,3,2,+6.248,+6.248
8283.23,3,2,+6.281,+6.281
8286.744,3,2,+6.184,+6.184
8290.857,3,2,+6.180,+6.180
8294.56,3,2,+6.274,+6.274
8299.766,3,2,+6.224,+6.224
8304.061,3,2,+6.218,+6.218
8308.198,3,2,+6.268,+6.268
8311.213,3,2,+6.232,+6.232
8312.7,3,2,+6.207,+6.207
8313.419,3,2,+6.186,+6.186
8316.044,3,2,+6.139,+6.139
8321.359,3,2,+6.074,+6.074
8330.144,3,2,+6.135,+6.135
8333.998,3,2,+6.128,+6.128
8336.813,3,2,+6.017,+6.017
8337.617,3,2,+6.002,+6.002
8340.933,3,2,+6.045,+6.045
8343.704,3,2,+6.148,+6.148
8350.666,3,2,+6.235,+6.235
8356.463,3,2,+6.237,+6.237
8361.353,3,2,+6.103,+6.103
8363.135,3,2,+6.131,+6.131
8366.619,3,2,+6.162,+6.162
8370.072,3,2,+5.982,+5.982
8374.275,3,2,+5.985,+5.985
8378.056,3,2,+6.055,+6.055
8383.244,3,2,+5.958,+5.958
8387.588,3,2,+5.979,+5.979
8391.76,3,2,+6.004,+6.004
8394.815,3,2,+5.907,+5.907
8396.292,3,2,+5.869,+5.869
8397.013,3,2,+5.860,+5.860
8399.628,3,2,+5.774,+5.774
8405.23,3,2,+5.830,+5.830
8413.971,3,2,+6.020,+6.020
8417.987,3,2,+6.271,+6.271
8420.815,3,2,+6.376,+6.376
8421.562,3,2,+6.381,+6.381
8424.86,3,2,+6.324,+6.324
8427.543,3,2,+6.259,+6.259
8434.475,3,2,+6.326,+6.326
8440.3,3,2,+6.446,+6.446
8445.341,3,2,+6.436,+6.436
8447.172,3,2,+6.487,+6.487
8450.627,3,2,+6.464,+6.464
8454.184,3,2,+6.450,+6.450
8458.327,3,2,+6.536,+6.536
8462.123,3,2,+6.689,+6.689
8467.384,3,2,+6.786,+6.786
8471.727,3,2,+6.940,+6.940
8475.879,3,2,+7.128,+7.128
8478.896,3,2,+7.120,+7.120
8480.431,3,2,+7.215,+7.215
8481.184,3,2,+7.246,+7.246
8483.813,3,2,+7.216,+7.216
8489.26,3,2,+7.330,+7.330
8498.113,3,2,+7.595,+7.595
8502.063,3,2,+7.742,+7.742
8504.86,3,2,+7.878,+7.878
8505.672,3,2,+7.892,+7.892
8509.014,3,2,+7.886,+7.886
8511.698,3,2,+7.803,+7.803
8518.837,3,2,+7.988,+7.988
8524.362,3,2,+8.071,+8.071
8529.26,3,2,+7.988,+7.988
8531.056,3,2,+8.042,+8.042
8534.51,3,2,+8.040,+8.040
8538.113,3,2,+8.041,+8.041
8542.235,3,2,+8.111,+8.111
8546.092,3,2,+8.278,+8.278
8551.275,3,2,+8.275,+8.275
8555.588,3,2,+8.396,+8.396
8559.775,3,2,+8.548,+8.548
8562.807,3,2,+8.533,+8.533
8564.353,3,2,+8.588,+8.588
8565.057,3,2,+8.603,+8.603
8567.744,3,2,+8.565,+8.565
8573.338,3,2,+8.856,+8.856
8582.306,3,2,+9.132,+9.132
8586.227,3,2,+9.354,+9.354
8589.136,3,2,+9.489,+9.489
8589.919,3,2,+9.495,+9.495
8593.246,3,2,+9.449,+9.449
8595.991,3,2,+9.444,+9.444
8603.046,3,2,+9.783,+9.783
8608.861,3,2,+10.036,+10.036
8613.906,3,2,+10.130,+10.130
8615.827,3,2,+10.325,+10.325
8619.367,3,2,+10.395,+10.395
8622.953,3,2,+10.370,+10.370
8627.118,3,2,+10.428,+10.428
8630.959,3,2,+10.617,+10.617
8636.119,3,2,+10.546,+10.546
8640.384,3,2,+10.520,+10.520
8644.447,3,2,+10.583,+10.583
8647.447,3,2,+10.515,+10.515
8648.853,3,2,+10.478,+10.478
8649.579,3,2,+10.470,+10.470
8652.198,3,2,+10.386,+10.386
8657.61,3,2,+10.350,+10.350
8666.459,3,2,+10.537,+10.537
8670.277,3,2,+10.671,+10.671
8673.183,3,2,+10.822,+10.822
8673.98,3,2,+10.839,+10.839
8677.355,3,2,+10.864,+10.864
8680.159,3,2,+10.894,+10.894
8687.098,3,2,+11.087,+11.087
8692.903,3,2,+11.336,+11.336
8697.837,3,2,+11.325,+11.325
8699.689,3,2,+11.430,+11.430
8703.172,3,2,+11.466,+11.466
8706.772,3,2,+11.422,+11.422
8710.834,3,2,+11.381,+11.381
8714.57,3,2,+11.462,+11.462
8719.741,3,2,+11.369,+11.369
8723.975,3,2,+11.443,+11.443
8728.116,3,2,+11.524,+11.524
8731.116,3,2,+11.483,+11.483
8732.538,3,2,+11.474,+11.474
8733.272,3,2,+11.466,+11.466
8735.881,3,2,+11.404,+11.404
8741.288,3,2,+11.469,+11.469
8750.082,3,2,+11.636,+11.636
8753.95,3,2,+11.849,+11.849
8756.794,3,2,+11.928,+11.928
8757.592,3,2,+11.935,+11.935
8760.934,3,2,+11.938,+11.938
8763.7,3,2,+11.891,+11.891
8770.592,3,2,+12.025,+12.025
8776.312,3,2,+12.155,+12.155
8781.25,3,2,+11.975,+11.975
8783.046,3,2,+12.018,+12.018
8786.515,3,2,+12.029,+12.029
8790.114,3,2,+11.946,+11.946
8794.203,3,2,+11.972,+11.972
8797.985,3,2,+12.061,+12.061
8803.116,3,2,+11.913,+11.913
8807.363,3,2,+11.835,+11.835
8811.415,3,2,+11.897,+11.897
8814.459,3,2,+11.869,+11.869
8815.92,3,2,+11.870,+11.870
8816.65,3,2,+11.866,+11.866
8819.259,3,2,+11.832,+11.832
8824.727,3,2,+11.838,+11.838
8833.521,3,2,+12.035,+12.035
8837.356,3,2,+12.150,+12.150
8840.216,3,2,+12.263,+12.263
8841.014,3,2,+12.276,+12.276
8844.356,3,2,+12.294,+12.294
8847.153,3,2,+12.295,+12.295
8854.013,3,2,+12.360,+12.360
8859.68,3,2,+12.489,+12.489
8864.602,3,2,+12.412,+12.412
8866.399,3,2,+12.481,+12.481
8869.853,3,2,+12.516,+12.516
8873.378,3,2,+12.391,+12.391
8877.7,3,2,+12.606,+12.606
8881.481,3,2,+12.742,+12.742
8886.684,3,2,+12.713,+12.713
8890.903,3,2,+12.665,+12.665
8895.013,3,2,+12.710,+12.710
8898.075,3,2,+12.690,+12.690
8899.481,3,2,+12.675,+12.675
8900.216,3,2,+12.663,+12.663
8902.872,3,2,+12.567,+12.567
8908.263,3,2,+12.543,+12.543
8916.966,3,2,+12.638,+12.638
8920.825,3,2,+12.713,+12.713
8923.668,3,2,+12.796,+12.796
8924.454,3,2,+12.808,+12.808
8927.827,3,2,+12.850,+12.850
8930.632,3,2,+12.830,+12.830
8937.593,3,2,+12.858,+12.858
8943.341,3,2,+12.990,+12.990
8948.314,3,2,+12.871,+12.871
8950.055,3,2,+12.945,+12.945
8953.527,3,2,+12.956,+12.956
8957.048,3,2,+12.890,+12.890
8961.245,3,2,+12.911,+12.911
8965.044,3,2,+13.028,+13.028
8970.341,3,2,+12.982,+12.982
8974.518,3,2,+13.071,+13.071
8978.658,3,2,+13.185,+13.185
8981.658,3,2,+13.132,+13.132
8983.111,3,2,+13.108,+13.108
8983.835,3,2,+13.092,+13.092
8986.458,3,2,+12.998,+12.998
8991.86,3,2,+13.026,+13.026
9000.648,3,2,+13.198,+13.198
9004.513,3,2,+13.395,+13.395
9007.317,3,2,+13.452,+13.452
9008.117,3,2,+13.459,+13.459
9011.48,3,2,+13.458,+13.458
9014.197,3,2,+13.453,+13.453
9021.116,3,2,+13.578,+13.578
9026.898,3,2,+13.783,+13.783
9031.814,3,2,+13.686,+13.686
9033.598,3,2,+13.735,+13.735
9037.1,3,2,+13.771,+13.771
9040.635,3,2,+13.695,+13.695
9044.828,3,2,+13.727,+13.727
9048.606,3,2,+13.858,+13.858
9053.771,3,2,+13.774,+13.774
9057.972,3,2,+13.831,+13.831
9062.098,3,2,+13.906,+13.906
9065.137,3,2,+13.881,+13.881
9066.559,3,2,+13.871,+13.871
9067.293,3,2,+13.864,+13.864
9069.919,3,2,+13.823,+13.823
9075.356,3,2,+13.746,+13.746
9084.074,3,2,+13.874,+13.874
9087.957,3,2,+14.044,+14.044
9090.798,3,2,+14.135,+14.135
9091.612,3,2,+14.140,+14.140
9094.922,3,2,+14.142,+14.142
9097.685,3,2,+14.172,+14.172
9104.609,3,2,+14.324,+14.324
9110.393,3,2,+14.471,+14.471
9115.275,3,2,+14.317,+14.317
9117.088,3,2,+14.356,+14.356
9124.15,3,2,+14.221,+14.221
9128.302,3,2,+14.219,+14.219
9132.057,3,2,+14.260,+14.260
9137.271,3,2,+14.161,+14.161
9141.446,3,2,+14.098,+14.098
9145.61,3,2,+14.229,+14.229
9148.625,3,2,+14.217,+14.217
9150.125,3,2,+14.223,+14.223
9150.844,3,2,+14.224,+14.224
9153.438,3,2,+14.194,+14.194
9158.931,3,2,+14.214,+14.214
9167.797,3,2,+14.338,+14.338
9171.694,3,2,+14.487,+14.487
9174.53,3,2,+14.486,+14.486
9175.289,3,2,+14.485,+14.485
9178.677,3,2,+14.497,+14.497
9181.371,3,2,+14.501,+14.501
9188.313,3,2,+14.621,+14.621
9194.174,3,2,+14.786,+14.786
9199.048,3,2,+14.686,+14.686
9200.924,3,2,+14.769,+14.769
9204.439,3,2,+14.813,+14.813
9207.923,3,2,+14.720,+14.720
9212.161,3,2,+14.714,+14.714
9216.01,3,2,+14.846,+14.846
9221.259,3,2,+14.772,+14.772
9225.525,3,2,+14.758,+14.758
9229.663,3,2,+14.909,+14.909
9232.671,3,2,+14.889,+14.889
9234.16,3,2,+14.866,+14.866
9234.884,3,2,+14.858,+14.858
9237.533,3,2,+14.818,+14.818
9243.013,3,2,+14.877,+14.877
9251.842,3,2,+15.121,+15.121
9255.798,3,2,+15.324,+15.324
9258.712,3,2,+15.352,+15.352
9259.512,3,2,+15.080,+15.080
8.61,44,5,,
3255.831,44,5,+0.483,+0.101
3259.216,44,5,+0.414,+0.056
3266.208,44,4,+0.414,+0.056
3266.302,44,4,+0.530,+0.190
3272.208,44,5,+0.530,+0.190
3272.427,44,5,+0.720,+0.107
3277.345,44,4,+0.720,+0.107
3277.441,44,4,+0.543,+0.056
3279.794,44,4,+0.862,+0.172
3283.332,44,4,+0.930,+0.219
3287.317,44,4,+1.103,+0.147
3292.018,44,4,+1.535,+0.245
3295.915,44,4,+1.660,+0.220
3301.695,44,4,+1.995,+0.256
3306.402,44,4,+2.161,+0.350
3310.575,44,4,+2.212,+0.332
3313.789,44,4,+2.263,+0.460
3315.352,44,4,+2.255,+0.479
3316.133,44,4,+2.244,+0.491
3318.867,44,4,+2.179,+0.530
3324.274,44,4,+2.129,+0.427
3333.149,44,4,+2.086,+0.382
3337.055,44,4,+2.109,+0.380
3339.867,44,4,+2.134,+0.383
3340.696,44,4,+2.134,+0.390
3344.039,44,4,+2.071,+0.334
3347.039,44,4,+1.983,+0.210
3353.673,44,4,+1.849,+0.146
3359.755,44,4,+1.941,+0.160
3364.811,44,4,+2.008,+0.218
3366.717,44,4,+2.001,+0.262
3370.311,44,4,+2.046,+0.382
3374.202,44,4,+2.112,+0.417
3378.456,44,4,+2.111,+0.394
3382.432,44,4,+2.183,+0.484
3387.774,44,4,+2.070,+0.540
3392.219,44,4,+2.041,+0.471
3396.395,44,4,+2.055,+0.487
3399.572,44,4,+2.036,+0.508
3401.1,44,4,+2.015,+0.480
3401.861,44,4,+2.003,+0.477
3404.603,44,4,+1.943,+0.533
3410.105,44,4,+1.930,+0.458
3418.996,44,4,+1.892,+0.367
3422.973,44,4,+2.001,+0.398
3425.842,44,4,+1.991,+0.346
3426.577,44,4,+1.985,+0.343
3429.921,44,4,+1.900,+0.315
3432.842,44,4,+1.697,+0.205
3439.417,44,4,+1.619,+0.166
3445.339,44,4,+1.577,+0.093
3450.493,44,4,+1.908,+0.191
3452.344,44,4,+1.884,+0.191
3455.917,44,4,+1.910,+0.283
3459.839,44,4,+2.103,+0.366
3464.092,44,4,+2.145,+0.344
3467.958,44,4,+2.169,+0.373
3473.342,44,4,+2.216,+0.476
3477.827,44,4,+2.275,+0.437
3481.952,44,4,+2.260,+0.420
3485.368,44,4,+2.309,+0.550
3486.696,44,4,+2.298,+0.506
3487.461,44,4,+2.297,+0.504
3490.227,44,4,+2.293,+0.569
3495.694,44,4,+2.245,+0.523
3504.603,44,4,+2.174,+0.445
3508.478,44,4,+2.205,+0.307
3511.394,44,4,+2.301,+0.335
3512.173,44,4,+2.311,+0.344
3515.575,44,4,+2.225,+0.349
3518.262,44,4,+2.035,+0.433
3525.074,44,4,+1.930,+0.292
3531.049,44,4,+1.956,+0.331
3536.084,44,4,+2.031,+0.408
3537.915,44,4,+2.023,+0.373
3541.467,44,4,+2.045,+0.418
3545.296,44,4,+2.126,+0.388
3549.639,44,4,+2.248,+0.415
3553.53,44,4,+2.302,+0.485
3558.889,44,4,+2.440,+0.546
3563.372,44,4,+2.556,+0.625
3567.542,44,4,+2.603,+0.574
3570.814,44,4,+2.719,+0.712
3572.33,44,4,+2.728,+0.688
3573.094,44,4,+2.729,+0.692
3575.877,44,4,+2.742,+0.762
3581.342,44,4,+2.770,+0.693
3590.205,44,4,+2.761,+0.581
3594.001,44,4,+2.637,+0.463
3596.962,44,4,+2.761,+0.584
3597.806,44,4,+2.773,+0.601
3601.181,44,4,+2.734,+0.610
3603.899,44,4,+2.580,+0.528
3611.162,44,4,+2.894,+0.838
3617.214,44,4,+2.991,+0.877
3622.209,44,4,+2.988,+0.847
3624.124,44,4,+3.030,+0.880
3627.686,44,4,+3.040,+0.930
3631.358,44,4,+3.119,+0.832
3635.639,44,4,+3.127,+0.739
3639.514,44,4,+3.170,+0.779
3644.795,44,4,+3.269,+0.802
3649.221,44,4,+3.348,+0.807
3653.428,44,4,+3.418,+0.814
3656.578,44,4,+3.421,+0.828
3658.062,44,4,+3.436,+0.800
3658.842,44,4,+3.442,+0.805
3661.545,44,4,+3.418,+0.820
3667.018,44,4,+3.291,+0.732
3675.936,44,4,+3.351,+0.665
3679.833,44,4,+3.303,+0.572
3682.814,44,4,+3.465,+0.652
3683.609,44,4,+3.484,+0.664
3687.014,44,4,+3.471,+0.658
3689.745,44,4,+3.381,+0.594
3696.62,44,4,+3.328,+0.560
3702.605,44,4,+3.323,+0.542
3707.629,44,4,+3.362,+0.612
3709.502,44,4,+3.357,+0.622
3713.051,44,4,+3.358,+0.668
3716.699,44,4,+3.390,+0.627
3720.974,44,4,+3.407,+0.589
3724.893,44,4,+3.422,+0.612
3730.202,44,4,+3.523,+0.627
3734.628,44,4,+3.595,+0.671
3738.732,44,4,+3.593,+0.587
3741.874,44,4,+3.600,+0.598
3743.385,44,4,+3.608,+0.575
3744.162,44,4,+3.604,+0.574
3746.874,44,4,+3.583,+0.588
3752.339,44,4,+3.581,+0.573
3761.228,44,4,+3.574,+0.507
3765.066,44,4,+3.488,+0.374
3768.029,44,4,+3.658,+0.479
3768.836,44,4,+3.682,+0.496
3772.249,44,4,+3.667,+0.497
3774.968,44,4,+3.583,+0.510
3781.79,44,4,+3.547,+0.420
3787.786,44,4,+3.631,+0.413
3792.795,44,4,+3.670,+0.455
3794.623,44,4,+3.678,+0.407
3798.224,44,4,+3.667,+0.391
3801.936,44,4,+3.765,+0.427
3806.233,44,4,+3.844,+0.439
3810.103,44,4,+3.875,+0.482
3815.399,44,4,+3.971,+0.482
3819.839,44,4,+4.049,+0.517
3824.011,44,4,+4.107,+0.479
3827.23,44,4,+4.153,+0.541
3828.714,44,4,+4.168,+0.534
3829.48,44,4,+4.175,+0.537
3832.261,44,4,+4.202,+0.542
3837.698,44,4,+4.198,+0.526
3846.648,44,4,+4.214,+0.464
3850.65,44,4,+4.267,+0.561
3853.495,44,4,+4.309,+0.575
3854.3,44,4,+4.316,+0.582
3857.702,44,4,+4.256,+0.542
3860.448,44,4,+4.160,+0.484
3867.323,44,4,+4.135,+0.419
3873.246,44,4,+4.088,+0.355
3878.23,44,4,+4.111,+0.425
3880.099,44,4,+4.121,+0.423
3883.697,44,4,+4.154,+0.475
3887.316,44,4,+4.153,+0.384
3891.589,44,4,+4.175,+0.351
3895.464,44,4,+4.176,+0.423
3900.776,44,4,+4.163,+0.451
3905.308,44,4,+4.257,+0.543
3909.448,44,4,+4.254,+0.509
3912.651,44,4,+4.282,+0.567
3914.198,44,4,+4.263,+0.559
3914.933,44,4,+4.261,+0.571
3917.679,44,4,+4.228,+0.598
3923.167,44,4,+4.204,+0.611
3932.058,44,4,+4.215,+0.514
3935.948,44,4,+4.217,+0.421
3938.902,44,4,+4.335,+0.471
3939.683,44,4,+4.346,+0.477
3943.058,44,4,+4.305,+0.451
3945.772,44,4,+4.150,+0.329
3952.639,44,4,+4.121,+0.322
3958.558,44,4,+4.085,+0.313
3963.605,44,4,+4.036,+0.281
3965.433,44,4,+4.019,+0.242
3968.962,44,4,+3.990,+0.241
3972.828,44,4,+4.200,+0.374
3977.072,44,4,+4.231,+0.371
3980.985,44,4,+4.234,+0.379
3986.376,44,4,+4.353,+0.466
3990.9,44,4,+4.462,+0.568
3995.072,44,4,+4.468,+0.516
3998.338,44,4,+4.585,+0.644
3999.86,44,4,+4.597,+0.645
4000.65,44,4,+4.605,+0.659
4003.43,44,4,+4.639,+0.744
4008.873,44,4,+4.615,+0.706
4017.861,44,4,+4.678,+0.746
4021.87,44,4,+4.769,+0.743
4024.808,44,4,+4.856,+0.745
4025.589,44,4,+4.867,+0.752
4028.995,44,4,+4.848,+0.740
4031.698,44,4,+4.727,+0.658
4038.616,44,4,+4.681,+0.632
4044.631,44,4,+4.685,+0.638
4049.62,44,4,+4.596,+0.622
4051.476,44,4,+4.593,+0.621
4055.028,44,4,+4.571,+0.640
4058.675,44,4,+4.548,+0.600
4062.954,44,4,+4.594,+0.624
4066.874,44,4,+4.646,+0.660
4072.185,44,4,+4.662,+0.605
4076.62,44,4,+4.656,+0.682
4080.823,44,4,+4.666,+0.637
4083.948,44,4,+4.605,+0.650
4085.527,44,4,+4.583,+0.649
4086.261,44,4,+4.581,+0.661
4088.986,44,4,+4.531,+0.688
4094.528,44,4,+4.562,+0.813
4103.401,44,4,+4.540,+0.665
4107.214,44,4,+4.444,+0.480
4110.183,44,4,+4.584,+0.520
4110.98,44,4,+4.602,+0.531
4114.401,44,4,+4.580,+0.510
4117.107,44,4,+4.481,+0.413
4124.12,44,4,+4.572,+0.357
4130.044,44,4,+4.531,+0.355
4135.047,44,4,+4.526,+0.361
4136.886,44,4,+4.544,+0.363
4140.491,44,4,+4.519,+0.392
4144.139,44,4,+4.520,+0.408
4148.424,44,4,+4.529,+0.431
4152.342,44,4,+4.570,+0.492
4157.703,44,4,+4.626,+0.544
4162.171,44,4,+4.688,+0.614
4166.468,44,4,+4.707,+0.595
4169.562,44,4,+4.708,+0.666
4171.086,44,4,+4.700,+0.664
4171.855,44,4,+4.696,+0.674
4174.585,44,4,+4.644,+0.689
4180.161,44,4,+4.756,+0.779
4189.092,44,4,+4.827,+0.793
4192.92,44,4,+4.712,+0.605
4195.917,44,4,+4.894,+0.634
4196.699,44,4,+4.916,+0.636
4200.127,44,4,+4.901,+0.601
4202.861,44,4,+4.805,+0.525
4209.814,44,4,+4.775,+0.526
4215.735,44,4,+4.713,+0.534
4220.739,44,4,+4.614,+0.537
4222.592,44,4,+4.600,+0.505
4226.258,44,4,+4.580,+0.520
4229.845,44,4,+4.604,+0.494
4234.073,44,4,+4.585,+0.401
4238.028,44,4,+4.612,+0.467
4243.385,44,4,+4.658,+0.460
4247.928,44,4,+4.786,+0.611
4252.132,44,4,+4.766,+0.577
4255.308,44,4,+4.765,+0.633
4256.839,44,4,+4.743,+0.619
4257.605,44,4,+4.734,+0.628
4260.315,44,4,+4.665,+0.643
4265.916,44,4,+4.722,+0.727
4274.854,44,4,+4.821,+0.704
4278.667,44,4,+4.724,+0.586
4281.698,44,4,+4.903,+0.694
4282.511,44,4,+4.921,+0.706
4286.011,44,4,+4.905,+0.691
4288.698,44,4,+4.813,+0.618
4295.66,44,4,+4.801,+0.542
4301.603,44,4,+4.764,+0.542
4306.686,44,4,+4.692,+0.623
4308.545,44,4,+4.716,+0.618
4312.154,44,4,+4.724,+0.634
4315.827,44,4,+4.720,+0.638
4320.154,44,4,+4.718,+0.661
4323.962,44,4,+4.662,+0.608
4329.311,44,4,+4.682,+0.620
4333.764,44,4,+4.679,+0.670
4338.029,44,4,+4.733,+0.700
4341.17,44,4,+4.699,+0.728
4342.717,44,4,+4.690,+0.709
4343.496,44,4,+4.685,+0.711
4346.199,44,4,+4.622,+0.715
4351.716,44,4,+4.591,+0.694
4360.792,44,4,+4.810,+0.771
4370.014,44,5,+4.810,+0.771
4375.093,44,6,+4.810,+0.771
4382.801,44,7,+4.810,+0.771
4388.193,44,8,+4.810,+0.771
4395.311,44,9,+4.810,+0.771
4395.717,44,9,+25.911,+0.310
4402.999,44,9,+26.204,+0.496
4408.825,44,9,+26.073,+0.330
4413.928,44,9,+26.112,+0.251
4415.802,44,9,+26.171,+0.226
4419.342,44,9,+26.148,+0.209
4423.279,44,9,+26.372,+0.250
4427.451,44,8,+26.372,+0.250
4427.529,44,8,+26.366,+4.747
4431.327,44,8,+26.290,+4.628
4436.514,44,8,+26.184,+4.427
4440.764,44,8,+26.003,+4.194
4444.919,44,8,+25.934,+4.018
4448.014,44,8,+25.856,+3.884
4449.528,44,8,+25.809,+3.769
4450.183,44,8,+25.797,+3.751
4452.886,44,8,+25.727,+3.685
4458.183,44,8,+25.461,+3.333
4466.87,44,8,+25.235,+2.896
4470.579,44,8,+25.020,+2.402
4473.452,44,8,+25.037,+2.302
4474.248,44,8,+25.040,+2.292
4477.676,44,8,+25.035,+2.292
4480.369,44,7,+25.035,+2.292
4480.445,44,7,+24.981,+2.260
4487.17,44,7,+24.740,+1.925
4492.998,44,7,+24.595,+1.753
4497.902,44,7,+24.451,+1.610
4499.694,44,7,+24.419,+1.481
4503.339,44,7,+24.467,+1.543
4506.896,44,7,+24.388,+1.329
4511.027,44,7,+24.267,+0.959
4514.854,44,7,+24.209,+0.889
4520.045,44,7,+24.140,+0.644
4524.467,44,7,+24.149,+0.554
4528.623,44,7,+24.077,+0.397
4531.795,44,7,+24.075,+0.333
4533.358,44,7,+24.117,+0.276
4534.139,44,7,+24.134,+0.262
4536.889,44,7,+24.148,+0.228
4542.623,44,7,+24.367,+0.257
4551.67,44,7,+24.524,+0.242
4555.518,44,7,+24.422,+0.242
4558.385,44,7,+24.339,+0.242
4559.185,44,6,+24.339,+0.242
4559.205,44,6,+24.334,+5.949
4562.632,44,6,+24.321,+5.924
4565.434,44,6,+24.294,+5.850
4572.629,44,7,+24.294,+5.850
4572.969,44,7,+24.910,+0.272
4578.999,44,7,+25.005,+0.384
4584.011,44,7,+24.918,+0.369
4585.839,44,7,+24.890,+0.369
4589.339,44,7,+24.832,+0.235
4593.074,44,7,+24.917,+0.206
4597.467,44,7,+25.015,+0.216
4601.261,44,7,+24.914,+0.255
4606.652,44,7,+24.922,+0.283
4611.168,44,7,+24.929,+0.411
4615.355,44,7,+24.881,+0.385
4618.542,44,7,+24.903,+0.410
4620.089,44,7,+24.888,+0.428
4620.824,44,7,+24.876,+0.438
4623.561,44,7,+23.975,+0.440
4629.048,44,7,+23.805,+0.595
4637.823,44,7,+23.582,+0.642
4641.558,44,7,+23.497,+0.534
4644.527,44,7,+23.571,+0.641
4645.323,44,7,+23.581,+0.657
4648.589,44,6,+23.581,+0.657
4648.683,44,6,+23.552,+0.641
4651.338,44,6,+23.430,+0.491
4658.199,44,6,+23.241,+0.456
4664.029,44,6,+23.177,+0.363
4669.037,44,6,+23.078,+0.346
4670.833,44,6,+23.089,+0.312
4674.372,44,6,+23.097,+0.297
4678.061,44,6,+23.214,+0.347
4682.273,44,6,+23.189,+0.365
4686.162,44,6,+23.249,+0.379
4691.502,44,6,+23.321,+0.395
4695.977,44,6,+23.483,+0.467
4700.133,44,6,+23.433,+0.429
4703.372,44,6,+23.536,+0.560
4704.874,44,6,+23.521,+0.561
4705.672,44,6,+23.509,+0.575
4708.401,44,6,+23.577,+0.661
4713.858,44,6,+23.417,+0.715
4722.808,44,6,+14.896,+0.796
4726.542,44,6,+14.628,+0.663
4729.558,44,6,+14.692,+0.739
4730.386,44,6,+20.733,+0.752
4733.73,44,6,+14.660,+0.750
4736.402,44,6,+14.560,+0.667
4743.292,44,6,+14.400,+0.589
4749.105,44,6,+14.377,+0.576
4754.105,44,6,+14.365,+0.452
4755.973,44,6,+14.350,+0.487
4759.533,44,6,+14.331,+0.572
4763.152,44,6,+14.288,+0.386
4767.339,44,6,+14.254,+0.256
4771.225,44,6,+14.236,+0.228
4776.875,44,6,+14.602,+0.310
4781.514,44,6,+14.803,+0.450
4785.7,44,6,+14.758,+0.413
4788.886,44,6,+14.841,+0.514
4790.48,44,6,+14.831,+0.502
4791.183,44,6,+14.822,+0.508
4793.933,44,6,+14.818,+0.575
4799.48,44,6,+14.821,+0.576
4808.436,44,6,+14.914,+0.470
4812.295,44,6,+14.766,+0.414
4815.186,44,6,+14.793,+0.418
4815.983,44,6,+14.797,+0.427
4819.39,44,6,+14.739,+0.449
4822.062,44,6,+14.633,+0.425
4829.046,44,6,+14.635,+0.428
4834.962,44,6,+14.633,+0.454
4840.186,44,6,+14.851,+0.414
4842.029,44,6,+14.838,+0.285
4845.917,44,6,+14.834,+0.306
4849.561,44,6,+15.112,+0.195
4853.775,44,5,+15.112,+0.195
4853.861,44,5,+15.173,+0.870
4857.743,44,5,+15.166,+0.870
4863.26,44,5,+15.440,+0.964
4867.777,44,5,+15.493,+0.989
4871.964,44,5,+15.455,+0.989
4875.183,44,5,+15.549,+1.077
4876.683,44,5,+15.517,+1.033
4877.433,44,5,+15.502,+1.028
4880.2,44,5,+15.489,+1.090
4885.709,44,5,+15.426,+1.026
4894.702,44,5,+15.569,+1.131
4898.483,44,5,+15.368,+1.016
4901.561,44,5,+15.526,+1.137
4902.389,44,5,+15.549,+1.163
4905.842,44,5,+15.567,+1.240
4908.592,44,5,+15.536,+1.311
4915.436,44,5,+15.479,+1.190
4921.385,44,5,+15.600,+1.330
4926.478,44,5,+15.648,+1.330
4928.328,44,5,+15.658,+1.379
4931.989,44,5,+15.742,+1.532
4935.648,44,5,+15.733,+1.512
4939.827,44,5,+15.710,+1.475
4943.717,44,5,+15.722,+1.488
4948.983,44,5,+15.766,+1.431
4953.436,44,5,+15.766,+1.489
4957.661,44,5,+15.679,+1.443
4960.773,44,5,+15.716,+1.502
4962.274,44,5,+15.668,+1.484
4963.029,44,5,+15.658,+1.498
4965.794,44,5,+15.605,+1.537
4971.2,44,5,+15.449,+1.505
4980.066,44,5,+15.434,+1.458
4983.947,44,5,+15.327,+1.381
4986.829,44,5,+15.297,+1.442
4987.62,44,5,+15.294,+1.453
4991.047,44,5,+15.282,+1.473
4993.818,44,5,+15.264,+1.443
5000.665,44,5,+15.080,+1.320
5006.428,44,5,+15.049,+1.208
5011.548,44,5,+15.120,+1.279
5013.391,44,5,+15.120,+1.287
5017.061,44,5,+15.152,+1.363
5020.655,44,5,+15.155,+1.379
5024.811,44,5,+15.049,+1.303
5028.67,44,5,+15.081,+1.349
5034.003,44,5,+15.101,+1.290
5038.433,44,5,+15.118,+1.376
5042.699,44,5,+15.085,+1.388
5045.874,44,5,+15.142,+1.461
5047.342,44,5,+15.083,+1.443
5048.12,44,5,+15.064,+1.449
5050.808,44,5,+14.998,+1.448
5056.273,44,5,+14.900,+1.460
5065.429,44,5,+14.884,+1.468
5069.1,44,5,+14.759,+1.401
5072.029,44,5,+14.793,+1.440
5072.889,44,5,+14.799,+1.449
5076.265,44,5,+14.797,+1.456
5079.027,44,5,+14.791,+1.412
5085.906,44,5,+14.607,+1.283
5091.716,44,5,+14.694,+1.221
5096.818,44,5,+14.567,+1.297
5098.833,44,5,+14.548,+1.315
5102.302,44,5,+14.571,+1.382
5106.045,44,5,+14.549,+1.397
5110.192,44,5,+14.453,+1.350
5114.072,44,5,+14.442,+1.385
5119.321,44,5,+14.382,+1.319
5123.791,44,5,+14.343,+1.395
5128.015,44,5,+14.276,+1.424
5131.173,44,5,+14.271,+1.441
5132.645,44,5,+14.210,+1.448
5133.415,44,5,+14.192,+1.467
5136.119,44,5,+14.128,+1.497
5141.542,44,5,+13.930,+1.480
5150.489,44,5,+13.753,+1.415
5154.245,44,5,+13.753,+1.279
5157.324,44,5,+5.402,+1.353
5158.058,44,5,+11.520,+1.363
5161.402,44,4,+11.520,+1.363
5161.511,44,4,+5.442,+1.369
5164.285,44,4,+5.444,+1.343
5171.207,44,4,+5.477,+1.342
5177.108,44,4,+5.502,+1.366
5182.17,44,4,+5.515,+1.338
5184.045,44,4,+5.550,+1.345
5187.623,44,4,+5.553,+1.377
5191.233,44,4,+5.539,+1.321
5195.467,44,4,+5.583,+1.337
5199.358,44,4,+5.655,+1.398
5204.639,44,4,+5.720,+1.395
5209.099,44,4,+5.850,+1.452
5213.341,44,4,+5.984,+1.477
5216.482,44,4,+6.003,+1.523
5218.0,44,4,+6.017,+1.537
5218.758,44,4,+6.020,+1.548
5221.477,44,4,+5.999,+1.580
5226.978,44,4,+6.070,+1.672
5235.884,44,4,+6.230,+1.688
5239.853,44,4,+6.340,+1.756
5242.837,44,4,+6.502,+1.850
5243.666,44,4,+6.521,+1.865
5247.072,44,4,+6.541,+1.885
5249.86,44,4,+6.531,+1.856
5256.844,44,4,+6.659,+1.896
5262.704,44,4,+6.624,+1.971
5267.69,44,4,+6.597,+1.872
5269.532,44,4,+6.618,+1.858
5273.136,44,4,+6.642,+1.883
5276.777,44,4,+6.724,+1.875
5280.98,44,4,+6.818,+1.882
5284.871,44,4,+6.867,+1.873
5290.086,44,4,+6.795,+1.806
5294.452,44,4,+6.745,+1.809
5298.687,44,4,+6.812,+1.857
5301.802,44,4,+6.810,+1.894
5303.291,44,4,+6.775,+1.888
5304.06,44,4,+6.773,+1.896
5306.761,44,4,+6.746,+1.928
5312.231,44,4,+6.741,+1.942
5321.239,44,4,+6.771,+2.036
5325.173,44,4,+6.816,+2.036
5328.085,44,4,+6.963,+2.080
5328.914,44,4,+6.979,+2.088
5332.333,44,4,+6.992,+2.100
5335.139,44,4,+6.945,+2.075
5342.028,44,4,+7.006,+1.983
5347.903,44,4,+7.011,+1.950
5352.95,44,4,+6.941,+1.898
5354.778,44,4,+6.955,+1.907
5358.34,44,4,+6.972,+1.958
5362.012,44,4,+6.969,+1.952
5366.215,44,4,+6.938,+1.932
5370.075,44,4,+6.963,+1.930
5375.345,44,4,+7.015,+1.938
5379.714,44,4,+6.998,+1.920
5383.944,44,4,+7.020,+1.921
5387.161,44,4,+7.054,+2.027
5388.62,44,4,+7.004,+1.987
5389.334,44,4,+6.982,+1.976
5392.006,44,4,+6.911,+1.974
5397.472,44,4,+6.952,+2.004
5406.352,44,4,+6.996,+1.989
5410.305,44,4,+7.046,+1.960
5413.246,44,4,+7.164,+2.056
5414.031,44,4,+7.175,+2.069
5417.485,44,4,+7.183,+2.086
5420.272,44,4,+7.196,+2.075
5427.21,44,4,+7.234,+1.979
5433.029,44,4,+7.126,+1.870
5438.015,44,4,+7.015,+1.907
5439.93,44,4,+7.000,+1.909
5443.514,44,4,+7.040,+1.986
5447.131,44,4,+7.007,+2.028
5451.355,44,4,+6.962,+2.013
5455.247,44,4,+6.985,+2.034
5460.517,44,4,+7.012,+2.012
5464.929,44,4,+7.004,+2.026
5469.245,44,4,+7.084,+2.022
5472.428,44,4,+7.094,+2.096
5473.92,44,4,+7.084,+2.089
5474.686,44,4,+7.089,+2.104
5477.405,44,4,+7.068,+2.121
5482.899,44,4,+7.097,+2.118
5491.873,44,4,+7.156,+2.171
5495.78,44,4,+7.130,+2.094
5498.795,44,4,+7.292,+2.151
5499.561,44,4,+7.310,+2.163
5503.014,44,4,+7.338,+2.182
5505.813,44,4,+7.340,+2.155
5512.787,44,4,+7.262,+2.057
5518.645,44,4,+7.185,+2.022
5523.786,44,4,+7.199,+2.046
5525.701,44,4,+7.249,+2.092
5529.322,44,4,+7.347,+2.206
5532.949,44,4,+7.370,+2.274
5537.199,44,4,+7.338,+2.255
5541.1,44,4,+7.364,+2.262
5546.416,44,4,+7.352,+2.273
5550.9,44,4,+7.425,+2.359
5555.122,44,4,+7.508,+2.412
5558.314,44,4,+7.565,+2.487
5559.829,44,4,+7.553,+2.502
5560.585,44,4,+7.548,+2.512
5563.277,44,4,+7.536,+2.540
5568.814,44,4,+7.572,+2.557
5577.794,44,4,+7.523,+2.556
5581.758,44,4,+7.577,+2.557
5584.699,44,4,+7.752,+2.612
5585.56,44,4,+7.771,+2.619
5588.929,44,4,+7.795,+2.633
5591.717,44,4,+7.824,+2.656
5598.655,44,4,+7.791,+2.498
5604.561,44,4,+7.799,+2.577
5609.639,44,4,+7.840,+2.698
5611.514,44,4,+7.874,+2.747
5615.091,44,4,+7.894,+2.820
5618.714,44,4,+7.908,+2.762
5622.87,44,4,+7.852,+2.687
5626.761,44,4,+7.859,+2.770
5632.011,44,4,+7.790,+2.764
5636.39,44,4,+7.821,+2.795
5640.605,44,4,+7.865,+2.786
5643.728,44,4,+7.844,+2.819
5645.299,44,4,+7.811,+2.811
5645.985,44,4,+7.795,+2.819
5648.96,44,4,+7.758,+2.826
5654.291,44,4,+7.852,+2.925
5663.292,44,4,+7.964,+3.006
5667.261,44,4,+7.919,+2.895
5670.214,44,4,+8.137,+3.000
5671.011,44,4,+8.160,+3.016
5674.464,44,4,+8.199,+3.048
5677.245,44,4,+8.235,+3.060
5684.214,44,4,+8.210,+2.929
5690.099,44,4,+8.229,+2.892
5695.147,44,4,+8.197,+2.922
5697.014,44,4,+8.230,+2.937
5700.601,44,4,+8.255,+2.982
5704.234,44,4,+8.254,+2.976
5708.48,44,4,+8.076,+2.888
5712.323,44,4,+8.106,+2.908
5717.667,44,4,+8.040,+2.951
5722.016,44,4,+7.957,+2.914
5726.274,44,4,+7.997,+2.954
5729.399,44,4,+7.976,+3.014
5730.901,44,4,+7.946,+3.019
5731.672,44,4,+7.942,+3.029
5734.4,44,4,+7.928,+3.051
5739.944,44,4,+7.756,+2.969
5748.839,44,4,+7.722,+2.926
5752.855,44,4,+7.772,+3.005
5755.839,44,4,+7.928,+3.119
5756.636,44,4,+7.947,+3.139
5760.339,44,4,+7.980,+3.182
5762.855,44,4,+7.994,+3.179
5769.792,44,4,+7.869,+3.003
5775.636,44,4,+7.868,+3.041
5780.777,44,4,+7.908,+3.164
5782.652,44,4,+7.950,+3.209
5786.279,44,4,+8.011,+3.292
5789.944,44,4,+7.986,+3.336
5794.172,44,4,+7.933,+3.345
5798.107,44,4,+7.949,+3.367
5803.393,44,4,+7.885,+3.412
5807.814,44,4,+7.916,+3.519
5812.089,44,4,+8.028,+3.572
5815.228,44,4,+8.045,+3.639
5816.747,44,4,+8.018,+3.642
5817.494,44,4,+8.008,+3.656
5820.214,44,4,+7.919,+3.713
5825.662,44,4,+7.783,+3.662
5834.759,44,4,+7.862,+3.785
5843.174,44,5,+7.862,+3.785
5844.776,44,6,+7.862,+3.785
5869.038,44,7,+7.862,+3.785
5869.481,44,7,+28.912,+0.379
5876.855,44,7,+29.211,+0.527
5882.667,44,7,+29.106,+0.395
5887.558,44,7,+28.927,+0.315
5889.417,44,7,+28.945,+0.309
5892.999,44,7,+28.989,+0.369
5896.694,44,7,+28.944,+0.413
5900.874,44,7,+28.814,+0.273
5904.701,44,7,+28.784,+0.234
5910.219,44,7,+28.931,+0.330
5914.717,44,7,+29.034,+0.434
5918.858,44,7,+28.944,+0.429
5921.967,44,7,+28.935,+0.518
5923.514,44,7,+28.908,+0.544
5924.233,44,7,+28.887,+0.544
5926.92,44,7,+28.846,+0.558
5932.311,44,7,+28.658,+0.465
5941.171,44,7,+28.549,+0.219
5945.342,44,7,+28.570,+0.207
5948.045,44,7,+28.548,+0.093
5948.952,44,7,+28.559,+0.092
5952.467,44,7,+28.561,+0.040
5954.799,44,6,+28.561,+0.040
5954.886,44,6,+28.525,+18.878
5961.689,44,6,+28.291,+18.727
5967.401,44,6,+28.148,+18.610
5972.291,44,6,+27.859,+18.469
5974.076,44,6,+27.798,+18.395
5977.717,44,6,+27.868,+18.452
5981.326,44,6,+27.785,+18.343
5985.389,44,6,+27.532,+18.150
5989.201,44,6,+27.525,+18.181
5994.42,44,6,+27.415,+18.139
5998.67,44,6,+27.233,+17.921
6002.733,44,6,+27.041,+17.805
6005.951,44,6,+27.033,+17.867
6007.405,44,6,+26.928,+17.816
6008.155,44,6,+26.886,+17.800
6010.861,44,6,+26.765,+17.777
6016.198,44,6,+26.559,+17.572
6024.964,44,6,+26.376,+17.506
6028.839,44,6,+26.311,+17.364
6031.699,44,6,+26.383,+17.379
6032.542,44,6,+26.399,+17.391
6035.943,44,6,+26.454,+17.457
6038.791,44,6,+26.513,+17.544
6045.514,44,6,+26.180,+17.280
6051.264,44,6,+26.113,+17.232
6056.108,44,6,+25.906,+17.034
6057.889,44,6,+25.874,+16.954
6061.477,44,6,+25.926,+16.996
6065.185,44,6,+25.927,+16.932
6069.343,44,6,+25.802,+16.797
6073.175,44,6,+25.839,+16.814
6078.432,44,6,+25.801,+16.833
6082.757,44,6,+25.676,+16.645
6086.897,44,6,+25.603,+16.570
6090.075,44,6,+25.645,+16.654
6091.626,44,6,+25.626,+16.595
6092.377,44,6,+24.888,+16.572
6095.073,44,6,+24.890,+16.541
6100.399,44,6,+24.534,+16.323
6109.22,44,6,+24.345,+25.214
6113.08,44,6,+24.401,+25.214
6115.892,44,6,+24.402,+25.214
6116.673,44,6,+24.407,+16.027
6120.111,44,6,+24.460,+16.027
6122.914,44,6,+24.568,+4.175
6129.633,44,6,+24.203,+3.233
6135.472,44,6,+24.243,+3.092
6140.386,44,6,+23.971,+2.936
6142.158,44,6,+23.989,+2.899
6145.787,44,6,+24.087,+2.967
6149.3,44,6,+24.039,+2.849
6153.49,44,6,+23.840,+2.731
6157.289,44,6,+23.908,+2.821
6162.545,44,6,+23.894,+2.700
6166.872,44,6,+23.944,+2.594
6171.043,44,6,+23.926,+2.601
6174.167,44,6,+23.960,+2.603
6175.761,44,6,+24.009,+2.572
6176.495,44,6,+24.032,+2.564
6179.198,44,6,+24.085,+2.557
6184.6,44,6,+23.943,+2.443
6193.397,44,6,+23.940,+2.487
6197.209,44,6,+23.866,+2.490
6200.116,44,6,+23.992,+2.673
6200.912,44,6,+24.007,+2.695
6204.319,44,6,+24.034,+2.707
6207.1,44,6,+24.101,+2.739
6213.897,44,6,+23.827,+2.682
6219.663,44,6,+23.840,+2.618
6224.699,44,6,+23.712,+2.752
6226.567,44,6,+23.796,+2.805
6230.128,44,6,+23.840,+2.830
6233.746,44,6,+23.808,+2.862
6237.967,44,6,+23.746,+2.877
6241.858,44,6,+23.839,+2.984
6247.014,44,6,+23.781,+2.926
6251.358,44,6,+23.785,+2.861
6255.561,44,6,+23.723,+2.981
6258.685,44,6,+23.727,+2.981
6260.207,44,6,+23.728,+2.958
6260.931,44,6,+23.722,+2.950
6263.583,44,6,+23.699,+2.915
6268.911,44,6,+23.528,+2.856
6277.726,44,6,+23.559,+2.961
6281.542,44,6,+23.496,+2.911
6284.392,44,6,+23.592,+3.050
6285.276,44,6,+23.609,+3.069
6288.587,44,6,+23.638,+3.100
6291.376,44,6,+23.679,+3.104
6298.158,44,6,+23.484,+2.987
6303.947,44,6,+23.514,+3.029
6308.873,44,6,+23.313,+3.045
6310.686,44,6,+23.334,+3.040
6314.264,44,6,+23.409,+3.100
6317.826,44,6,+23.359,+3.060
6322.014,44,6,+23.276,+3.028
6325.936,44,6,+23.410,+3.122
6331.045,44,6,+23.288,+2.992
6335.326,44,6,+23.235,+2.928
6339.498,44,6,+23.180,+2.978
6342.623,44,6,+23.220,+2.991
6344.17,44,6,+23.249,+3.008
6344.936,44,6,+23.263,+3.020
6347.67,44,6,+23.282,+3.033
6353.029,44,6,+23.055,+2.998
6361.839,44,6,+23.058,+3.014
6365.776,44,6,+23.065,+3.075
6368.62,44,6,+23.102,+3.158
6369.464,44,6,+23.112,+3.173
6372.748,44,5,+23.112,+3.173
6372.837,44,5,+23.161,+3.202
6375.645,44,5,+23.192,+3.228
6382.461,44,5,+22.874,+3.138
6388.229,44,5,+22.925,+3.145
6393.136,44,5,+22.767,+3.037
6394.979,44,5,+22.835,+3.053
6398.511,44,5,+22.915,+3.114
6402.136,44,5,+22.914,+3.157
6406.311,44,5,+22.807,+3.009
6410.201,44,5,+22.884,+3.061
6415.389,44,5,+22.891,+2.910
6419.78,44,5,+22.961,+2.760
6424.014,44,5,+22.968,+2.771
6427.202,44,5,+23.037,+2.679
6428.702,44,5,+23.069,+2.566
6429.504,44,5,+23.078,+2.539
6432.16,44,5,+23.104,+2.493
6437.683,44,5,+23.065,+2.327
6446.558,44,5,+23.216,+2.300
6450.495,44,5,+23.271,+2.358
6453.406,44,5,+23.422,+2.441
6454.228,44,5,+23.440,+2.456
6457.599,44,5,+23.442,+2.490
6460.4,44,5,+23.469,+2.555
6467.291,44,5,+23.360,+2.447
6473.072,44,5,+23.484,+2.345
6478.142,44,5,+23.334,+2.009
6479.994,44,5,+23.418,+1.304
6483.492,44,5,+23.438,+1.031
6487.199,44,5,+23.589,+1.032
6491.542,44,5,+23.672,+0.931
6495.502,44,5,+23.844,+0.910
6500.96,44,5,+24.026,+1.036
6505.531,44,5,+24.168,+1.156
6509.925,44,5,+24.377,+1.396
6513.1,44,5,+24.443,+1.433
6514.619,44,5,+24.484,+1.456
6515.366,44,5,+24.491,+1.464
6518.072,44,5,+24.486,+1.486
6523.548,44,5,+24.402,+1.568
6532.407,44,5,+24.497,+1.693
6536.215,44,5,+24.451,+1.675
6539.114,44,5,+24.599,+1.762
6539.915,44,5,+24.618,+1.777
6543.315,44,5,+24.631,+1.801
6546.115,44,5,+24.634,+1.854
6552.915,44,5,+24.416,+1.828
6558.717,44,5,+24.450,+1.907
6563.643,44,5,+24.306,+1.746
6565.489,44,5,+24.351,+1.737
6568.991,44,5,+24.421,+1.757
6572.6,44,5,+24.440,+1.763
6576.738,44,5,+24.304,+1.711
6580.589,44,5,+24.356,+1.787
6585.772,44,5,+24.213,+1.737
6590.058,44,5,+24.198,+1.724
6594.33,44,5,+24.195,+1.689
6597.517,44,5,+24.267,+1.704
6599.026,44,5,+24.282,+1.611
6599.776,44,5,+24.276,+1.582
6602.502,44,5,+24.294,+1.521
6607.873,44,5,+24.086,+1.494
6616.763,44,5,+15.111,+1.620
6620.571,44,5,+14.983,+1.653
6623.501,44,5,+15.013,+1.779
6624.33,44,5,+21.601,+1.795
6627.702,44,5,+14.993,+1.773
6630.385,44,5,+14.881,+1.724
6637.282,44,5,+14.688,+1.677
6643.172,44,5,+14.649,+1.674
6648.193,44,5,+14.598,+1.675
6650.015,44,5,+14.588,+1.674
6653.548,44,5,+14.515,+1.681
6657.199,44,5,+14.512,+1.618
6661.369,44,5,+14.382,+1.560
6665.36,44,5,+14.392,+1.652
6670.437,44,5,+14.243,+1.448
6674.899,44,5,+14.346,+1.506
6679.128,44,5,+14.375,+1.591
6682.248,44,5,+14.371,+1.566
6683.744,44,5,+14.344,+1.551
6684.476,44,5,+14.345,+1.552
6687.193,44,5,+14.369,+1.538
6692.6,44,5,+14.204,+1.532
6701.454,44,5,+14.136,+1.552
6705.273,44,5,+13.970,+1.440
6708.15,44,5,+14.003,+1.527
6708.956,44,5,+14.012,+1.539
6712.345,44,5,+14.006,+1.554
6715.14,44,5,+13.980,+1.589
6722.03,44,5,+13.729,+1.519
6727.74,44,5,+13.539,+1.477
6732.764,44,5,+13.471,+1.430
6734.616,44,5,+13.434,+1.403
6738.115,44,5,+13.423,+1.402
6741.796,44,5,+13.462,+1.461
6746.029,44,5,+13.395,+1.418
6749.84,44,5,+13.359,+1.425
6755.128,44,5,+13.256,+1.395
6759.564,44,5,+13.359,+1.439
6763.764,44,5,+13.286,+1.587
6766.889,44,5,+13.344,+1.643
6768.42,44,5,+13.361,+1.678
6769.201,44,5,+13.372,+1.694
6771.915,44,5,+13.431,+1.718
6777.314,44,5,+13.298,+1.710
6786.199,44,5,+10.725,+1.799
6789.96,44,5,+10.553,+1.772
6792.9,44,5,+10.672,+1.885
6793.686,44,5,+10.689,+1.902
6797.028,44,4,+10.689,+1.902
6797.101,44,4,+10.712,+1.926
6799.901,44,4,+10.765,+1.988
6806.82,44,4,+10.678,+1.967
6812.485,44,4,+10.699,+1.850
6817.594,44,4,+10.628,+1.933
6819.445,44,4,+10.619,+1.942
6822.936,44,4,+10.610,+1.948
6826.586,44,4,+10.583,+1.945
6830.8,44,4,+10.592,+1.962
6834.699,44,4,+10.670,+2.100
6839.96,44,4,+10.749,+2.078
6844.328,44,4,+10.704,+2.091
6848.535,44,4,+10.754,+2.197
6851.676,44,4,+10.868,+2.237
6853.203,44,4,+10.885,+2.249
6853.94,44,4,+10.867,+2.258
6856.648,44,4,+10.797,+2.255
6862.061,44,4,+10.705,+2.251
6870.931,44,4,+10.749,+2.341
6874.685,44,4,+10.583,+2.277
6877.623,44,4,+10.669,+2.364
6878.432,44,4,+10.680,+2.373
6881.83,44,4,+10.696,+2.383
6884.633,44,4,+10.757,+2.438
6891.534,44,4,+10.707,+2.430
6897.314,44,4,+10.754,+2.359
6902.277,44,4,+10.682,+2.337
6904.077,44,4,+10.612,+2.341
6907.633,44,4,+10.589,+2.364
6911.33,44,4,+10.583,+2.465
6915.485,44,4,+10.470,+2.480
6919.361,44,4,+10.495,+2.563
6924.579,44,4,+10.453,+2.542
6928.947,44,4,+10.385,+2.547
6933.148,44,4,+10.401,+2.631
6936.296,44,4,+10.485,+2.675
6937.816,44,4,+10.502,+2.696
6938.593,44,4,+10.501,+2.707
6941.292,44,4,+10.486,+2.720
6946.638,44,4,+10.345,+2.704
6955.51,44,4,+10.459,+2.839
6959.448,44,4,+10.486,+2.871
6962.316,44,4,+10.551,+2.971
6963.133,44,4,+10.562,+2.988
6966.531,44,4,+10.579,+3.012
6969.317,44,4,+10.624,+3.023
6976.217,44,4,+10.551,+2.891
6981.972,44,4,+10.591,+2.796
6986.932,44,4,+10.510,+2.760
6988.745,44,4,+10.466,+2.770
6992.276,44,4,+10.459,+2.806
6995.917,44,4,+10.469,+2.843
7000.13,44,4,+10.455,+2.907
7003.972,44,4,+10.473,+2.990
7009.176,44,4,+10.461,+2.929
7013.514,44,4,+10.377,+2.913
7017.721,44,4,+10.436,+2.999
7020.894,44,4,+10.495,+3.021
7022.332,44,4,+10.463,+2.987
7023.077,44,4,+10.446,+2.974
7025.801,44,4,+10.387,+2.930
7031.073,44,4,+10.188,+2.811
7039.999,44,4,+10.297,+2.923
7043.815,44,4,+10.233,+2.900
7046.76,44,4,+10.353,+3.016
7047.561,44,4,+10.368,+3.025
7050.972,44,4,+10.395,+3.039
7053.754,44,4,+10.409,+3.052
7060.537,44,4,+10.275,+2.889
7066.341,44,4,+10.318,+2.803
7071.32,44,4,+10.308,+2.763
7073.122,44,4,+10.248,+2.783
7076.667,44,4,+10.245,+2.819
7080.287,44,4,+10.194,+2.850
7084.481,44,4,+10.155,+2.827
7088.328,44,4,+10.184,+2.862
7093.542,44,4,+10.233,+2.886
7097.901,44,4,+10.139,+2.917
7102.093,44,4,+10.169,+2.971
7105.349,44,4,+10.301,+3.040
7106.799,44,4,+10.314,+3.068
7107.528,44,4,+10.312,+3.077
7110.255,44,4,+10.296,+3.096
7115.637,44,4,+10.193,+3.066
7124.557,44,4,+10.298,+3.131
7128.448,44,4,+10.303,+3.222
7131.427,44,4,+10.451,+3.366
7132.227,44,4,+10.470,+3.384
7135.66,44,4,+10.506,+3.413
7138.427,44,4,+10.580,+3.462
7145.343,44,4,+10.312,+3.401
7151.03,44,4,+10.230,+3.318
7156.014,44,4,+10.195,+3.295
7157.814,44,4,+10.212,+3.311
7161.345,44,4,+10.245,+3.338
7165.023,44,4,+10.302,+3.391
7169.129,44,4,+10.284,+3.336
7172.985,44,4,+10.473,+3.405
7178.235,44,4,+10.477,+3.422
7182.594,44,4,+10.590,+3.443
7186.807,44,4,+10.666,+3.494
7189.928,44,4,+10.725,+3.520
7191.432,44,4,+10.746,+3.491
7192.172,44,4,+10.758,+3.486
7194.849,44,4,+10.761,+3.446
7200.26,44,4,+10.760,+3.422
7209.089,44,4,+10.882,+3.441
7212.95,44,4,+10.928,+3.422
7215.965,44,4,+11.131,+3.594
7216.793,44,4,+11.164,+3.623
7220.224,44,4,+11.210,+3.672
7222.999,44,4,+11.251,+3.716
7229.828,44,4,+11.279,+3.612
7235.586,44,4,+11.408,+3.595
7240.514,44,4,+11.282,+3.553
7242.293,44,4,+11.350,+3.562
7245.87,44,4,+11.402,+3.593
7249.379,44,4,+11.451,+3.601
7253.541,44,4,+11.410,+3.576
7257.399,44,4,+11.612,+3.705
7262.515,44,4,+11.504,+3.584
7266.845,44,4,+11.564,+3.565
7271.017,44,4,+11.646,+3.574
7274.147,44,4,+11.730,+3.587
7275.663,44,4,+11.769,+3.548
7276.401,44,4,+11.780,+3.536
7279.092,44,4,+11.784,+3.504
7284.427,44,4,+11.698,+3.422
7293.275,44,4,+11.747,+3.367
7297.06,44,4,+11.663,+3.292
7299.999,44,4,+11.816,+3.403
7300.815,44,4,+11.844,+3.423
7304.231,44,4,+11.891,+3.456
7307.016,44,4,+11.902,+3.495
7313.944,44,4,+11.794,+3.375
7319.712,44,4,+11.901,+3.329
7324.618,44,4,+11.748,+3.250
7326.443,44,4,+11.808,+3.278
7329.965,44,4,+11.855,+3.289
7333.513,44,4,+11.864,+3.254
7337.654,44,4,+11.803,+3.173
7341.498,44,4,+11.934,+3.208
7346.693,44,4,+11.805,+3.081
7351.06,44,4,+11.800,+3.021
7355.285,44,4,+11.790,+3.057
7358.36,44,4,+11.787,+3.042
7359.86,44,4,+11.754,+2.996
7360.594,44,4,+11.732,+2.986
7363.262,44,4,+11.645,+2.933
7368.674,44,4,+11.420,+2.850
7377.541,44,4,+11.512,+2.910
7381.431,44,4,+11.600,+2.963
7384.439,44,4,+11.802,+3.124
7385.272,44,4,+11.827,+3.140
7388.631,44,4,+11.872,+3.169
7391.415,44,4,+11.905,+3.195
7398.373,44,4,+11.898,+3.145
7404.14,44,4,+11.983,+3.073
7409.075,44,4,+11.838,+3.007
7410.931,44,4,+11.862,+3.022
7414.463,44,4,+11.901,+3.042
7418.01,44,4,+11.929,+3.085
7422.12,44,4,+11.855,+3.006
7426.045,44,4,+11.981,+3.073
7431.244,44,4,+11.920,+2.929
7435.541,44,4,+11.976,+2.832
7439.814,44,4,+12.056,+2.934
7442.946,44,4,+12.104,+2.958
7444.428,44,4,+12.121,+2.931
7445.184,44,4,+12.131,+2.925
7447.861,44,4,+12.154,+2.919
7453.341,44,4,+12.154,+2.701
7462.37,44,4,+12.405,+2.770
7466.276,44,4,+12.400,+2.713
7469.213,44,4,+12.607,+2.834
7470.01,44,4,+12.636,+2.850
7473.401,44,4,+12.708,+2.874
7476.198,44,4,+12.779,+2.911
7483.057,44,4,+12.651,+2.800
7488.792,44,4,+12.742,+2.755
7493.682,44,4,+12.499,+2.646
7495.475,44,4,+12.534,+2.668
7498.972,44,4,+12.610,+2.696
7502.567,44,4,+12.580,+2.686
7506.699,44,4,+12.426,+2.569
7510.561,44,4,+12.553,+2.646
7515.683,44,4,+12.454,+2.542
7520.028,44,4,+12.513,+2.447
7524.199,44,4,+12.612,+2.518
7527.299,44,4,+12.646,+2.535
7528.799,44,4,+12.647,+2.508
7529.518,44,4,+12.642,+2.494
7532.221,44,4,+12.646,+2.483
7537.693,44,4,+12.703,+2.479
7546.635,44,4,+12.813,+2.520
7550.516,44,4,+12.905,+2.581
7553.512,44,4,+13.135,+2.745
7554.375,44,4,+13.164,+2.766
7557.731,44,4,+13.217,+2.803
7560.501,44,4,+13.261,+2.830
7567.39,44,4,+13.213,+2.714
7573.13,44,4,+13.268,+2.604
7578.01,44,4,+13.084,+2.449
7579.839,44,4,+13.146,+2.467
7583.339,44,4,+13.198,+2.483
7586.839,44,4,+13.196,+2.425
7590.932,44,4,+13.073,+2.302
7594.839,44,4,+13.215,+2.348
7600.026,44,4,+13.097,+2.275
7604.323,44,4,+13.144,+2.233
7608.546,44,4,+13.234,+2.288
7611.672,44,4,+13.274,+2.290
7613.143,44,4,+13.283,+2.284
7613.899,44,4,+13.280,+2.279
7616.576,44,4,+13.264,+2.199
7621.973,44,4,+13.172,+2.032
7630.859,44,4,+13.302,+2.035
7634.793,44,4,+13.418,+2.111
7637.727,44,4,+13.579,+2.249
7638.527,44,4,+13.598,+2.266
7641.946,44,4,+13.640,+2.290
7644.722,44,4,+13.733,+2.339
7651.693,44,4,+13.460,+2.292
7657.398,44,4,+13.442,+2.203
7662.344,44,4,+13.351,+2.102
7664.159,44,4,+13.413,+2.152
7667.688,44,4,+13.485,+2.195
7671.247,44,4,+13.495,+2.213
7675.401,44,4,+13.345,+2.087
7679.229,44,4,+13.398,+2.143
7684.419,44,4,+13.279,+2.104
7688.716,44,4,+13.291,+2.100
7692.946,44,4,+13.377,+2.188
7696.074,44,4,+13.423,+2.211
7697.541,44,4,+13.430,+2.166
7698.272,44,4,+13.430,+2.139
7700.96,44,4,+13.411,+2.082
7706.413,44,4,+13.437,+2.102
7715.304,44,4,+13.588,+2.158
7719.163,44,4,+13.635,+2.120
7722.147,44,4,+13.857,+2.281
7723.007,44,4,+13.885,+2.300
7726.34,44,4,+13.934,+2.332
7729.108,44,4,+13.972,+2.369
7736.028,44,4,+13.878,+2.238
7741.724,44,4,+13.935,+2.173
7746.637,44,4,+13.882,+2.130
7748.491,44,4,+13.918,+2.189
7751.999,44,4,+13.965,+2.227
7755.556,44,4,+13.969,+2.185
7759.671,44,4,+13.862,+2.057
7763.542,44,4,+14.075,+2.141
7768.684,44,4,+13.912,+2.012
7772.937,44,4,+13.904,+1.923
7777.143,44,4,+13.976,+1.979
7780.263,44,4,+13.967,+1.931
7781.748,44,4,+14.037,+1.957
7782.576,44,4,+14.066,+1.973
7785.279,44,4,+14.114,+1.974
7790.716,44,4,+14.020,+1.900
7799.643,44,4,+14.106,+1.959
7803.472,44,4,+14.022,+1.855
7806.433,44,4,+14.206,+2.019
7807.23,44,4,+14.237,+2.043
7810.613,44,3,+14.237,+2.043
7810.644,44,3,+14.318,+2.075
7813.399,44,3,+14.367,+2.092
7820.373,44,3,+14.316,+2.062
7826.13,44,3,+14.349,+2.003
7831.033,44,3,+14.042,+1.875
7832.771,44,3,+14.036,+1.910
7836.392,44,3,+14.071,+1.942
7839.927,44,3,+14.062,+1.910
7844.041,44,3,+13.965,+1.806
7847.932,44,3,+14.166,+1.954
7853.119,44,3,+14.062,+1.785
7857.416,44,3,+14.084,+1.710
7861.697,44,3,+14.154,+1.832
7864.791,44,3,+14.189,+1.816
7866.307,44,3,+14.179,+1.792
7867.057,44,3,+14.162,+1.783
7869.713,44,3,+14.145,+1.761
7875.213,44,3,+14.082,+1.757
7884.166,44,3,+14.178,+1.861
7887.963,44,3,+14.120,+1.804
7891.01,44,3,+14.358,+2.007
7891.841,44,3,+14.390,+2.033
7895.216,44,3,+14.506,+2.069
7897.997,44,3,+14.558,+2.091
7904.904,44,3,+14.357,+2.004
7910.622,44,3,+14.390,+2.006
7915.56,44,3,+14.232,+1.890
7917.372,44,3,+14.262,+1.906
7920.872,44,3,+14.296,+1.908
7924.435,44,3,+14.264,+1.887
7928.638,44,3,+14.212,+1.799
7932.513,44,3,+14.339,+1.871
7937.716,44,3,+14.189,+1.770
7941.966,44,3,+14.183,+1.753
7946.213,44,3,+14.193,+1.804
7949.321,44,3,+14.273,+1.833
7950.868,44,3,+14.277,+1.827
7951.587,44,3,+14.281,+1.815
7954.259,44,3,+14.297,+1.779
7959.727,44,3,+14.226,+1.761
7968.606,44,3,+14.296,+1.789
7972.586,44,3,+14.489,+1.837
7975.453,44,3,+14.623,+1.841
7976.23,44,3,+14.646,+1.840
7979.606,44,3,+14.682,+1.831
7982.356,44,3,+14.744,+1.851
7989.372,44,3,+14.574,+1.333
7995.139,44,3,+14.709,+0.891
8000.098,44,2,+14.709,+0.891
8000.18,44,2,+14.645,+14.645
8002.028,44,2,+14.720,+14.720
8005.601,44,2,+14.799,+14.799
8009.098,44,2,+14.717,+14.717
8013.371,44,2,+14.669,+14.669
8017.224,44,2,+14.740,+14.740
8022.432,44,2,+14.619,+14.619
8026.757,44,2,+14.549,+14.549
8034.648,44,2,+18.253,+18.253
8039.554,44,2,+20.024,+20.024
8041.259,44,2,+20.234,+20.234
8042.072,44,2,+20.336,+20.336
8045.066,44,2,+20.630,+20.630
8051.014,44,2,+20.019,+20.019
8062.02,44,2,+18.692,+18.692
8079.967,44,3,+18.692,+18.692
8092.466,44,4,+18.692,+18.692
8097.469,44,4,+18.865,+0.084
8097.469,44,4,+18.692,+0.084
8097.471,44,4,+18.865,+0.084
8105.979,44,3,+18.865,+0.084
8106.072,44,3,+19.392,+12.209
8114.869,44,3,+18.691,+12.592
8119.861,44,3,+17.825,+11.030
8121.717,44,3,+15.556,+10.814
8125.342,44,3,+14.217,+9.934
8129.076,44,3,+14.160,+9.823
8133.201,44,3,+14.083,+9.719
8136.982,44,3,+14.175,+9.746
8142.107,44,3,+13.933,+9.610
8146.328,44,3,+13.920,+9.479
8150.385,44,3,+13.932,+9.324
8153.338,44,3,+13.986,+9.316
8154.838,44,3,+13.997,+9.303
8155.572,44,3,+14.013,+9.314
8158.197,44,3,+14.049,+9.354
8163.386,44,3,+13.905,+9.122
8171.813,44,3,+13.946,+8.863
8175.531,44,3,+13.959,+8.703
8178.275,44,3,+14.063,+8.620
8179.088,44,3,+14.078,+8.612
8182.432,44,3,+14.135,+8.627
8185.275,44,3,+14.227,+8.679
8192.575,44,3,+14.733,+9.114
8198.757,44,4,+14.733,+9.114
8199.113,44,4,+15.654,+0.288
8203.934,44,4,+15.638,+0.272
8205.871,44,4,+15.736,+0.336
8209.306,44,4,+15.741,+0.338
8212.9,44,4,+15.766,+0.387
8217.017,44,4,+15.797,+0.448
8220.8,44,4,+15.900,+0.496
8226.045,44,4,+15.813,+0.609
8230.275,44,4,+15.814,+0.546
8234.398,44,4,+15.888,+0.654
8237.482,44,4,+15.926,+0.652
8238.928,44,4,+15.916,+0.666
8239.65,44,4,+15.906,+0.658
8242.25,44,4,+15.831,+0.519
8247.537,44,4,+15.755,+0.492
8256.184,44,4,+15.704,+0.579
8259.984,44,4,+15.721,+0.614
8262.743,44,4,+15.620,+0.652
8263.531,44,4,+15.611,+0.658
8266.843,44,4,+15.524,+0.619
8269.494,44,4,+15.375,+0.546
8276.216,44,4,+15.173,+0.591
8281.732,44,4,+15.065,+0.583
8286.527,44,4,+14.740,+0.484
8288.289,44,4,+14.774,+0.449
8291.778,44,4,+14.835,+0.501
8295.325,44,4,+14.797,+0.506
8299.393,44,4,+14.722,+0.455
8303.085,44,4,+14.794,+0.426
8308.298,44,4,+14.782,+0.575
8312.544,44,4,+14.723,+0.503
8316.654,44,4,+14.722,+0.593
8319.763,44,4,+14.771,+0.628
8321.214,44,4,+14.727,+0.631
8321.928,44,4,+14.705,+0.618
8324.575,44,4,+14.692,+0.551
8329.959,44,4,+14.645,+0.534
8338.516,44,4,+14.500,+0.525
8342.327,44,4,+14.458,+0.543
8345.05,44,4,+14.257,+0.528
8345.871,44,4,+14.240,+0.531
8349.119,44,4,+14.235,+0.486
8351.744,44,4,+14.182,+0.390
8358.478,44,4,+14.041,+0.384
8363.947,44,4,+13.731,+0.331
8369.478,44,4,+14.244,+0.947
8371.385,44,4,+14.366,+1.063
8375.01,44,4,+14.566,+1.268
8378.697,44,4,+14.571,+1.447
8382.822,44,4,+14.521,+1.487
8386.635,44,4,+14.618,+1.506
8391.853,44,4,+14.558,+1.685
8396.131,44,4,+14.527,+1.655
8400.201,44,4,+14.427,+1.642
8403.329,44,4,+14.449,+1.707
8404.822,44,4,+14.398,+1.729
8405.579,44,4,+14.383,+1.723
8408.2,44,4,+14.342,+1.660
8413.533,44,4,+14.223,+1.606
8422.324,44,4,+14.346,+1.687
8426.043,44,4,+14.301,+1.575
8428.856,44,4,+14.437,+1.670
8429.653,44,4,+14.456,+1.684
8433.011,44,4,+14.489,+1.709
8435.744,44,4,+14.466,+1.757
8442.493,44,4,+14.334,+1.774
8448.198,44,4,+14.312,+1.906
8453.047,44,4,+14.145,+1.790
8454.828,44,4,+14.145,+1.755
8458.341,44,4,+14.179,+1.815
8461.959,44,4,+14.276,+1.896
8466.057,44,4,+14.281,+1.906
8469.843,44,4,+14.414,+1.967
8474.971,44,4,+14.365,+1.982
8479.245,44,4,+14.470,+1.920
8483.29,44,4,+14.523,+1.920
8486.389,44,4,+14.602,+2.018
8487.822,44,4,+14.616,+2.006
8488.541,44,4,+14.615,+1.991
8491.198,44,4,+14.610,+1.964
8496.577,44,4,+14.631,+1.942
8505.297,44,4,+14.769,+1.972
8509.115,44,4,+14.787,+1.921
8511.947,44,4,+14.963,+1.993
8512.771,44,4,+14.982,+2.008
8516.627,44,4,+14.990,+2.059
8518.872,44,4,+14.953,+2.125
8525.572,44,4,+14.894,+1.938
8531.197,44,4,+14.878,+1.865
8536.15,44,4,+14.857,+1.796
8537.898,44,4,+14.888,+1.756
8541.471,44,4,+14.897,+1.745
8544.871,44,4,+14.890,+1.660
8549.033,44,4,+14.905,+1.627
8552.885,44,4,+15.095,+1.707
8558.057,44,4,+15.060,+1.710
8562.322,44,4,+15.139,+1.518
8566.635,44,4,+15.136,+1.463
8569.416,44,4,+15.129,+1.462
8570.838,44,4,+15.122,+1.389
8571.577,44,4,+15.123,+1.348
8574.244,44,4,+15.101,+1.233
8579.556,44,4,+15.085,+1.031
8588.362,44,4,+15.178,+0.848
8592.259,44,4,+15.373,+0.377
8595.233,44,4,+15.597,+0.530
8596.043,44,4,+15.614,+0.550
8599.363,44,4,+15.568,+0.598
8602.035,44,4,+15.508,+0.607
8608.984,44,4,+15.741,+0.619
8614.693,44,4,+15.877,+0.530
8619.693,44,4,+15.899,+0.545
8621.442,44,4,+15.945,+0.516
8624.884,44,4,+15.929,+0.500
8628.398,44,4,+15.892,+0.410
8632.603,44,4,+15.941,+0.377
8636.478,44,4,+16.144,+0.504
8641.822,44,4,+16.217,+0.355
8646.322,44,4,+16.463,+0.212
8650.865,44,4,+16.996,+0.352
8654.012,44,4,+17.098,+0.386
8655.566,44,4,+17.178,+0.327
8656.342,44,4,+17.208,+0.311
8659.049,44,4,+17.235,+0.291
8664.73,44,4,+17.485,+0.490
8673.683,44,4,+17.745,+0.646
8677.433,44,4,+17.809,+0.466
8680.313,44,4,+17.952,+0.551
8681.118,44,4,+17.970,+0.564
8684.443,44,4,+17.936,+0.545
8687.09,44,4,+17.813,+0.471
8693.931,44,4,+17.917,+0.512
8699.659,44,4,+18.074,+0.512
8704.589,44,4,+18.067,+0.465
8706.431,44,4,+18.115,+0.419
8709.834,44,4,+18.130,+0.374
8713.491,44,4,+18.182,+0.366
8717.819,44,4,+18.369,+0.327
8721.616,44,4,+18.516,+0.360
8726.881,44,4,+18.521,+0.430
8731.209,44,4,+18.687,+0.367
8735.397,44,4,+18.828,+0.466
8738.522,44,4,+18.853,+0.492
8740.022,44,4,+18.888,+0.494
8740.741,44,4,+18.898,+0.493
8743.342,44,4,+18.863,+0.482
8748.771,44,4,+18.954,+0.502
8757.544,44,4,+19.095,+0.585
8761.309,44,4,+19.186,+0.389
8764.17,44,4,+19.306,+0.477
8764.959,44,4,+19.321,+0.493
8768.261,44,4,+19.266,+0.536
8770.901,44,4,+19.107,+0.541
8777.749,44,4,+19.167,+0.562
8783.484,44,4,+19.312,+0.651
8788.359,44,4,+19.079,+0.515
8790.124,44,4,+19.087,+0.457
8793.601,44,4,+19.090,+0.408
8797.197,44,4,+19.078,+0.415
8801.314,44,4,+19.091,+0.455
8805.292,44,4,+19.241,+0.559
8810.228,44,4,+19.020,+0.498
8814.559,44,4,+19.061,+0.504
8818.64,44,4,+19.112,+0.621
8821.771,44,4,+19.170,+0.721
8823.201,44,4,+19.151,+0.701
8823.917,44,4,+19.146,+0.688
8826.566,44,4,+19.116,+0.647
8831.896,44,4,+19.007,+0.517
8840.622,44,4,+19.139,+0.637
8844.294,44,4,+19.087,+0.425
8847.184,44,4,+19.230,+0.542
8847.997,44,4,+19.248,+0.557
8851.294,44,4,+19.215,+0.544
8853.919,44,4,+19.080,+0.483
8860.758,44,4,+19.090,+0.533
8866.43,44,4,+19.228,+0.607
8871.415,44,4,+19.115,+0.534
8873.098,44,4,+19.169,+0.501
8876.544,44,4,+19.197,+0.478
8880.122,44,4,+19.183,+0.504
8884.294,44,4,+19.178,+0.416
8888.107,44,4,+19.367,+0.457
8893.263,44,4,+19.289,+0.458
8897.497,44,4,+19.284,+0.390
8901.653,44,4,+19.355,+0.548
8904.716,44,4,+19.350,+0.574
8906.169,44,4,+19.339,+0.562
8906.903,44,4,+19.331,+0.554
8909.513,44,4,+19.227,+0.494
8915.013,44,4,+19.268,+0.535
8923.71,44,4,+19.370,+0.646
8927.465,44,4,+19.359,+0.528
8930.566,44,4,+19.705,+0.860
8931.398,44,4,+19.748,+0.896
8934.748,44,4,+19.793,+0.923
8937.46,44,4,+19.654,+0.903
8944.184,44,4,+19.448,+0.906
8949.815,44,4,+19.434,+0.857
8954.792,44,4,+19.414,+0.895
8956.615,44,4,+19.479,+0.883
8960.084,44,4,+19.496,+0.863
8963.688,44,4,+19.523,+0.814
8967.851,44,4,+19.476,+0.860
8971.638,44,4,+19.605,+0.931
8976.752,44,4,+19.479,+0.981
8981.049,44,4,+19.610,+0.939
8985.227,44,4,+19.668,+1.019
8988.185,44,4,+19.671,+1.050
8989.671,44,4,+19.650,+1.040
8990.396,44,4,+19.635,+1.032
8993.017,44,4,+19.561,+0.978
8998.371,44,4,+19.532,+0.948
9007.065,44,4,+19.584,+1.009
9010.948,44,4,+19.822,+1.054
9013.884,44,4,+19.968,+1.193
9014.691,44,4,+19.989,+1.212
9017.991,44,4,+19.983,+1.212
9020.62,44,4,+19.859,+1.085
9027.371,44,4,+19.833,+1.079
9033.0,44,4,+19.892,+1.075
9037.989,44,4,+19.873,+1.139
9039.826,44,4,+19.934,+1.153
9043.374,44,4,+20.018,+1.205
9046.907,44,4,+19.974,+1.253
9050.966,44,4,+19.905,+1.203
9054.785,44,4,+20.036,+1.264
9059.93,44,4,+19.949,+1.295
9064.171,44,4,+20.019,+1.203
9068.262,44,4,+20.071,+1.324
9071.387,44,4,+20.126,+1.427
9072.809,44,4,+20.107,+1.411
9073.528,44,4,+20.099,+1.396
9076.168,44,4,+20.078,+1.363
9081.559,44,4,+19.972,+1.283
9090.327,44,4,+20.129,+1.381
9094.032,44,4,+20.123,+1.120
9096.973,44,4,+20.300,+1.273
9097.828,44,4,+20.321,+1.290
9101.145,44,4,+20.337,+1.313
9103.826,44,4,+20.307,+1.281
9110.527,44,4,+20.241,+1.175
9116.103,44,4,+20.231,+1.148
9121.025,44,4,+20.077,+1.063
9122.853,44,4,+20.101,+1.052
9126.384,44,4,+20.151,+1.080
9129.998,44,4,+20.102,+1.162
9134.128,44,4,+20.040,+1.207
9137.971,44,4,+20.183,+1.281
9143.129,44,4,+20.028,+1.351
9147.375,44,4,+20.029,+1.283
9151.703,44,4,+20.067,+1.326
9154.475,44,4,+20.058,+1.340
9155.923,44,4,+20.040,+1.304
9156.628,44,4,+20.032,+1.286
9159.271,44,4,+20.006,+1.229
9164.612,44,4,+19.880,+1.134
9173.412,44,4,+19.961,+1.247
9177.244,44,4,+20.025,+1.115
9180.19,44,4,+20.125,+1.243
9180.992,44,4,+20.135,+1.254
9184.341,44,4,+20.155,+1.266
9187.049,44,4,+20.185,+1.309
9193.777,44,4,+20.070,+1.256
9199.392,44,4,+20.008,+1.312
9204.257,44,4,+19.868,+1.098
9206.095,44,4,+19.927,+1.098
9209.564,44,4,+19.960,+1.123
9213.041,44,4,+19.831,+1.074
9217.103,44,4,+19.695,+0.912
9220.947,44,4,+19.790,+0.959
9226.041,44,4,+19.562,+0.913
9230.322,44,4,+19.570,+0.826
9234.434,44,4,+19.694,+0.892
9237.512,44,4,+19.727,+0.917
9238.978,44,4,+19.695,+0.865
9239.715,44,4,+19.687,+0.840
9242.298,44,4,+19.591,+0.705
9247.694,44,4,+19.577,+0.658
9256.461,44,4,+19.709,+0.754
9260.227,44,4,+19.746,+0.628
9263.198,44,4,+19.817,+0.796
9263.978,44,4,+19.540,+0.812
9264.759,44,4,+24.540,+5.812
9268.228,44,5,+24.540,+0.700
8.61,63,6,,
3257.392,63,6,+1.791,+1.308
3259.182,63,7,+1.791,+1.308
3259.305,63,8,+1.791,+1.308
3259.461,63,9,+1.791,+1.308
3259.604,63,10,+1.791,+1.308
3259.915,63,11,+1.791,+1.308
3260.044,63,12,+1.791,+1.308
3260.072,63,13,+1.791,+1.308
3260.203,63,14,+1.791,+1.308
3260.58,63,15,+1.791,+1.308
3260.695,63,16,+1.791,+1.308
3260.723,63,17,+1.791,+1.308
3260.761,63,18,+1.791,+1.308
3260.93,63,19,+1.791,+1.308
3261.039,63,20,+1.791,+1.308
3261.173,63,20,+2.247,+0.079
3268.817,63,21,+2.247,+0.079
3269.052,63,21,+3.327,+0.211
3276.201,63,21,+4.320,+0.542
3281.676,63,21,+4.415,+0.425
3283.738,63,21,+4.737,+0.205
3287.238,63,21,+4.897,+0.023
3292.074,63,21,+5.915,+0.137
3296.636,63,20,+5.915,+0.137
3296.734,63,20,+6.298,+0.415
3300.893,63,20,+6.634,+0.275
3307.129,63,20,+7.417,+0.160
3312.258,63,20,+8.071,+0.241
3316.868,63,20,+8.505,+0.351
3320.289,63,20,+8.716,+0.394
3321.961,63,20,+8.846,+0.463
3322.742,63,20,+8.879,+0.480
3325.587,63,20,+8.917,+0.450
3331.321,63,20,+9.187,+0.374
3340.681,63,20,+9.610,+0.282
3344.774,63,20,+9.823,+0.255
3347.681,63,20,+9.926,+0.024
3348.446,63,19,+9.926,+0.024
3348.461,63,19,+9.932,+0.270
3351.852,63,19,+9.873,+0.245
3354.604,63,19,+9.844,+0.276
3361.578,63,18,+9.844,+0.276
3361.661,63,18,+9.830,+0.692
3367.889,63,18,+10.084,+0.775
3372.861,63,18,+10.066,+0.591
3374.899,63,18,+10.205,+0.643
3378.494,63,18,+10.229,+0.640
3382.517,63,18,+10.439,+0.584
3386.933,63,18,+10.593,+0.528
3390.965,63,18,+10.743,+0.650
3396.544,63,18,+10.861,+0.724
3401.103,63,18,+10.922,+0.577
3405.372,63,18,+11.032,+0.548
3408.558,63,18,+11.063,+0.381
3410.261,63,18,+11.163,+0.356
3411.043,63,18,+11.186,+0.362
3413.871,63,18,+11.202,+0.410
3419.542,63,18,+11.385,+0.396
3428.75,63,18,+11.657,+0.241
3433.077,63,18,+12.059,+0.282
3436.077,63,18,+12.250,+0.326
3436.874,63,18,+12.258,+0.316
3440.197,63,18,+12.169,+0.252
3442.963,63,18,+12.097,+0.286
3450.028,63,18,+12.243,+0.166
3455.996,63,17,+12.243,+0.166
3456.074,63,17,+12.408,+0.676
3461.105,63,17,+12.524,+0.655
3463.03,63,17,+12.612,+0.700
3466.655,63,17,+12.656,+0.732
3470.557,63,17,+12.838,+0.631
3474.899,63,17,+12.949,+0.522
3478.905,63,17,+13.109,+0.643
3484.305,63,17,+13.167,+0.474
3488.805,63,17,+13.286,+0.429
3493.072,63,17,+13.359,+0.393
3496.314,63,17,+13.422,+0.332
3497.884,63,17,+13.479,+0.270
3498.681,63,17,+13.496,+0.265
3501.431,63,17,+13.504,+0.288
3507.196,63,17,+13.761,+0.258
3516.496,63,17,+14.051,+0.311
3520.593,63,17,+14.283,+0.331
3523.477,63,17,+14.391,+0.317
3524.282,63,17,+14.393,+0.307
3527.594,63,17,+14.257,+0.251
3530.233,63,17,+14.013,+0.114
3537.302,63,16,+14.013,+0.114
3537.394,63,16,+14.236,+0.754
3543.639,63,16,+14.566,+0.890
3548.702,63,16,+14.640,+0.899
3550.639,63,16,+14.729,+0.906
3554.202,63,16,+14.753,+0.777
3557.983,63,16,+14.850,+0.808
3562.319,63,16,+14.931,+0.734
3566.329,63,16,+15.085,+0.736
3571.7,63,16,+15.276,+0.708
3576.268,63,16,+15.460,+0.722
3580.631,63,16,+15.697,+0.676
3583.895,63,16,+15.816,+0.632
3585.513,63,16,+15.881,+0.630
3586.247,63,16,+15.902,+0.631
3589.049,63,16,+15.938,+0.606
3594.687,63,16,+16.095,+0.529
3603.79,63,16,+16.356,+0.410
3607.86,63,16,+16.475,+0.315
3610.736,63,16,+16.508,+0.307
3611.542,63,16,+16.503,+0.283
3614.839,63,16,+16.381,+0.140
3617.499,63,15,+16.381,+0.140
3617.581,63,15,+16.271,+0.731
3624.764,63,15,+16.503,+0.779
3630.936,63,15,+16.736,+0.895
3636.124,63,15,+16.880,+0.902
3638.045,63,15,+16.980,+0.913
3641.624,63,15,+16.975,+0.914
3645.483,63,15,+17.170,+0.761
3649.815,63,15,+17.326,+0.739
3653.73,63,15,+17.403,+0.759
3659.045,63,15,+17.548,+0.625
3663.608,63,15,+17.733,+0.519
3667.915,63,15,+17.921,+0.541
3671.089,63,15,+17.995,+0.448
3672.716,63,15,+18.070,+0.423
3673.473,63,15,+18.102,+0.417
3676.275,63,15,+18.159,+0.370
3681.988,63,15,+18.259,+0.340
3691.12,63,15,+18.533,+0.302
3695.136,63,15,+18.615,+0.201
3698.058,63,15,+18.744,+0.122
3698.87,63,15,+18.747,+0.105
3702.246,63,15,+18.679,+0.045
3704.876,63,14,+18.679,+0.045
3704.964,63,14,+18.597,+1.877
3712.085,63,14,+18.792,+1.951
3718.316,63,14,+19.082,+2.070
3723.299,63,14,+18.969,+1.909
3725.209,63,14,+19.046,+1.978
3728.773,63,14,+19.064,+2.019
3732.537,63,14,+19.200,+1.784
3736.861,63,14,+19.292,+1.653
3740.782,63,14,+19.322,+1.619
3746.128,63,14,+19.357,+1.390
3750.417,63,14,+19.404,+1.229
3754.63,63,14,+19.498,+1.148
3757.794,63,14,+19.546,+1.127
3759.385,63,14,+19.576,+1.095
3760.147,63,14,+19.589,+1.092
3762.937,63,14,+19.622,+1.117
3768.533,63,14,+19.714,+0.941
3777.66,63,14,+19.999,+0.921
3781.681,63,14,+20.091,+0.726
3784.632,63,14,+20.261,+0.844
3785.451,63,14,+20.273,+0.847
3788.793,63,14,+20.222,+0.842
3791.53,63,14,+20.138,+0.829
3798.63,63,14,+20.356,+0.844
3804.818,63,14,+20.676,+0.928
3809.931,63,14,+20.799,+0.892
3811.846,63,14,+20.891,+0.876
3815.412,63,14,+20.874,+0.829
3819.199,63,14,+21.012,+0.678
3823.448,63,14,+21.053,+0.595
3827.386,63,14,+21.163,+0.558
3832.87,63,14,+21.445,+0.551
3837.323,63,14,+21.543,+0.417
3841.636,63,14,+21.717,+0.410
3844.837,63,14,+21.789,+0.422
3846.394,63,14,+21.827,+0.375
3847.158,63,14,+21.844,+0.363
3849.9,63,14,+21.903,+0.347
3855.663,63,14,+22.178,+0.391
3864.894,63,14,+22.449,+0.399
3868.917,63,14,+22.544,+0.400
3871.808,63,14,+22.599,+0.261
3872.573,63,14,+22.598,+0.235
3875.886,63,14,+22.464,+0.127
3878.472,63,13,+22.464,+0.127
3878.542,63,13,+22.249,+0.466
3885.557,63,13,+22.338,+0.407
3891.558,63,13,+22.424,+0.307
3896.73,63,13,+22.587,+0.259
3898.651,63,13,+22.676,+0.263
3902.183,63,13,+22.642,+0.153
3906.261,63,13,+23.056,+0.374
3910.683,63,13,+23.198,+0.329
3914.589,63,13,+23.293,+0.376
3920.214,63,13,+23.642,+0.478
3924.792,63,13,+23.794,+0.433
3929.12,63,13,+23.901,+0.469
3932.292,63,13,+23.940,+0.468
3933.886,63,13,+23.966,+0.443
3934.652,63,13,+23.973,+0.433
3937.448,63,13,+23.993,+0.453
3943.128,63,13,+24.164,+0.396
3952.201,63,13,+24.374,+0.350
3956.276,63,13,+24.547,+0.262
3959.136,63,13,+24.608,+0.213
3959.948,63,13,+24.607,+0.197
3963.277,63,13,+24.508,+0.083
3965.9,63,12,+24.508,+0.083
3965.985,63,12,+24.381,+2.680
3973.062,63,12,+24.534,+2.678
3979.034,63,12,+24.560,+2.723
3984.131,63,12,+24.599,+2.739
3986.094,63,12,+24.700,+2.784
3989.639,63,12,+24.704,+2.825
3993.414,63,12,+24.813,+2.806
3997.664,63,12,+24.813,+2.670
4001.583,63,12,+24.824,+2.640
4006.814,63,12,+24.811,+2.384
4011.245,63,12,+24.812,+2.213
4015.502,63,12,+24.892,+2.158
4018.667,63,12,+24.891,+2.072
4020.261,63,12,+24.946,+2.074
4021.011,63,12,+24.985,+2.088
4023.839,63,12,+25.067,+2.096
4029.401,63,12,+25.162,+2.008
4038.422,63,12,+25.239,+1.900
4042.348,63,12,+25.260,+1.742
4045.232,63,12,+25.293,+1.598
4046.047,63,12,+25.293,+1.581
4049.401,63,12,+25.265,+1.553
4052.129,63,12,+25.166,+1.539
4059.246,63,12,+25.295,+1.434
4065.485,63,12,+25.529,+1.664
4070.515,63,12,+25.489,+1.608
4072.451,63,12,+25.566,+1.610
4075.964,63,12,+25.539,+1.608
4079.776,63,12,+25.664,+1.649
4084.073,63,12,+25.730,+1.584
4088.026,63,12,+25.799,+1.531
4093.238,63,12,+25.748,+1.287
4097.73,63,12,+25.779,+1.255
4101.98,63,12,+25.829,+1.220
4105.214,63,12,+25.803,+1.181
4106.745,63,12,+25.839,+1.187
4107.511,63,12,+25.856,+1.190
4110.323,63,12,+25.883,+1.165
4115.96,63,12,+25.987,+1.111
4124.995,63,12,+26.106,+0.958
4128.964,63,12,+26.184,+0.861
4131.902,63,12,+26.304,+0.792
4132.696,63,12,+26.310,+0.779
4136.085,63,12,+26.266,+0.729
4138.829,63,12,+26.187,+0.695
4146.06,63,12,+26.514,+0.764
4152.032,63,12,+26.515,+0.712
4157.186,63,12,+26.661,+0.653
4159.093,63,12,+26.733,+0.609
4162.64,63,12,+26.682,+0.571
4166.499,63,12,+26.853,+0.642
4170.92,63,12,+27.010,+0.625
4174.96,63,12,+27.053,+0.627
4180.199,63,12,+27.145,+0.482
4184.827,63,12,+27.331,+0.506
4189.17,63,12,+27.452,+0.467
4192.327,63,12,+27.488,+0.386
4193.952,63,12,+27.550,+0.363
4194.728,63,12,+27.566,+0.358
4197.517,63,12,+27.580,+0.293
4203.158,63,12,+27.763,+0.210
4212.509,63,12,+28.239,+0.337
4216.589,63,12,+28.360,+0.216
4219.528,63,12,+28.505,+0.168
4220.315,63,12,+28.514,+0.156
4223.675,63,12,+28.432,+0.072
4226.301,63,11,+28.432,+0.072
4226.372,63,11,+28.299,+3.767
4233.533,63,11,+28.475,+3.855
4239.561,63,11,+28.520,+3.782
4244.699,63,11,+28.591,+3.809
4246.647,63,11,+28.657,+3.749
4250.22,63,11,+28.632,+3.707
4254.104,63,11,+28.857,+3.883
4258.399,63,11,+28.936,+3.745
4262.362,63,11,+28.944,+3.681
4267.699,63,11,+29.008,+3.630
4272.168,63,11,+29.014,+3.600
4276.386,63,11,+29.021,+3.539
4279.542,63,11,+28.976,+3.511
4281.105,63,11,+29.009,+3.506
4281.901,63,11,+29.025,+3.513
4284.729,63,11,+29.051,+3.555
4290.401,63,11,+29.219,+3.626
4299.399,63,11,+29.355,+3.499
4303.329,63,11,+29.380,+3.307
4306.205,63,11,+29.402,+3.344
4307.029,63,11,+29.401,+3.339
4310.404,63,11,+29.376,+3.318
4313.154,63,11,+29.286,+3.278
4320.233,63,11,+29.395,+3.329
4326.279,63,11,+29.375,+3.267
4331.264,63,11,+29.285,+3.211
4333.186,63,11,+29.347,+3.224
4336.748,63,11,+29.335,+3.208
4340.561,63,11,+29.438,+3.299
4344.823,63,11,+29.446,+3.108
4348.772,63,11,+29.450,+3.111
4354.014,63,11,+29.407,+3.001
4358.502,63,11,+29.374,+2.925
4362.744,63,11,+29.423,+2.925
4365.915,63,11,+29.427,+2.926
4367.476,63,11,+29.436,+2.888
4368.239,63,11,+29.451,+2.890
4371.061,63,11,+29.490,+2.921
4376.723,63,11,+29.610,+2.919
4385.721,63,11,+29.695,+2.720
4389.608,63,11,+29.693,+2.471
4392.467,63,11,+29.732,+2.470
4393.264,63,11,+29.733,+2.460
4396.67,63,11,+29.712,+2.434
4399.429,63,11,+29.646,+2.405
4406.615,63,11,+29.806,+2.512
4412.542,63,11,+29.791,+2.412
4417.583,63,11,+29.774,+2.328
4419.498,63,11,+29.880,+2.353
4423.061,63,11,+29.878,+2.334
4426.873,63,11,+29.984,+2.338
4431.279,63,11,+30.081,+2.217
4435.139,63,11,+30.100,+2.194
4440.483,63,11,+30.161,+2.072
4445.016,63,11,+30.227,+1.971
4449.37,63,11,+30.301,+1.953
4452.386,63,11,+30.309,+1.926
4453.995,63,11,+30.360,+1.893
4454.761,63,11,+30.375,+1.886
4457.542,63,11,+30.376,+1.863
4463.183,63,11,+30.451,+1.791
4472.23,63,11,+30.570,+1.569
4476.152,63,11,+30.586,+1.324
4479.072,63,11,+30.649,+1.323
4479.862,63,11,+30.649,+1.312
4483.247,63,11,+30.617,+1.276
4486.045,63,11,+30.587,+1.304
4493.139,63,11,+30.700,+1.343
4499.129,63,11,+30.707,+1.213
4504.198,63,11,+30.737,+1.129
4506.096,63,11,+30.818,+1.099
4509.633,63,11,+30.794,+1.041
4513.495,63,11,+30.974,+1.077
4517.811,63,11,+31.080,+0.989
4521.686,63,11,+31.070,+0.920
4526.983,63,11,+31.129,+0.775
4531.53,63,11,+31.211,+0.758
4535.795,63,11,+31.262,+0.710
4538.92,63,11,+31.243,+0.681
4540.561,63,11,+31.299,+0.670
4541.311,63,11,+31.314,+0.662
4544.061,63,11,+31.309,+0.621
4549.733,63,11,+31.459,+0.621
4558.846,63,11,+31.704,+0.617
4562.845,63,11,+31.741,+0.479
4565.789,63,11,+31.730,+0.542
4566.561,63,11,+31.720,+0.537
4569.933,63,11,+31.630,+0.469
4572.662,63,11,+31.532,+0.420
4579.902,63,11,+31.846,+0.549
4585.964,63,11,+31.947,+0.471
4591.105,63,11,+32.002,+0.441
4593.042,63,11,+32.122,+0.485
4596.589,63,11,+32.086,+0.456
4600.433,63,11,+32.272,+0.538
4604.87,63,11,+32.425,+0.546
4608.824,63,11,+32.482,+0.545
4614.261,63,11,+32.510,+0.541
4618.777,63,11,+32.555,+0.539
4623.144,63,11,+31.794,+0.507
4626.33,63,11,+31.795,+0.453
4627.873,63,11,+31.814,+0.414
4628.65,63,11,+31.812,+0.398
4631.385,63,11,+31.801,+0.339
4637.027,63,11,+31.816,+0.422
4646.105,63,11,+31.830,+0.349
4650.214,63,11,+32.111,+0.249
4653.023,63,11,+32.116,+0.166
4653.801,63,11,+32.107,+0.143
4657.4,63,11,+32.026,+0.048
4659.928,63,11,+31.980,+0.004
4666.945,63,10,+31.980,+0.004
4667.033,63,10,+32.055,+1.241
4673.016,63,10,+32.180,+1.322
4678.185,63,10,+32.222,+1.068
4680.128,63,10,+32.358,+1.114
4683.633,63,10,+32.391,+1.150
4687.415,63,10,+32.576,+1.050
4691.762,63,10,+32.653,+0.947
4695.695,63,10,+32.814,+1.086
4701.042,63,10,+32.892,+1.067
4705.6,63,10,+33.063,+0.979
4709.814,63,10,+33.114,+0.886
4712.906,63,10,+33.100,+0.830
4714.514,63,10,+33.150,+0.801
4715.277,63,10,+33.162,+0.798
4718.042,63,10,+33.208,+0.785
4723.652,63,10,+24.644,+0.667
4732.668,63,10,+24.757,+0.560
4736.636,63,10,+24.686,+0.362
4739.574,63,10,+24.678,+0.295
4740.324,63,10,+30.709,+0.283
4743.683,63,10,+24.591,+0.173
4746.23,63,9,+24.591,+0.173
4746.324,63,9,+24.450,+3.876
4753.386,63,9,+24.495,+3.836
4759.299,63,9,+24.571,+3.685
4764.371,63,9,+24.621,+3.630
4766.292,63,9,+24.680,+3.632
4769.886,63,9,+24.706,+3.682
4773.6,63,9,+24.727,+3.545
4777.872,63,9,+24.778,+3.379
4781.896,63,9,+24.895,+3.468
4787.229,63,9,+24.968,+3.406
4791.745,63,9,+25.042,+3.321
4795.964,63,9,+25.056,+3.252
4799.042,63,9,+25.040,+3.140
4800.636,63,9,+25.059,+3.121
4801.433,63,9,+25.063,+3.129
4804.194,63,9,+25.056,+3.092
4809.827,63,9,+25.163,+2.965
4818.785,63,9,+25.244,+2.828
4822.728,63,9,+25.198,+2.515
4825.628,63,9,+25.202,+2.460
4826.43,63,9,+25.201,+2.451
4829.801,63,9,+25.186,+2.431
4832.575,63,9,+25.157,+2.382
4839.66,63,9,+25.252,+2.392
4845.918,63,9,+25.319,+2.263
4850.699,63,9,+25.362,+2.224
4852.615,63,9,+25.409,+2.185
4856.2,63,9,+25.415,+2.185
4859.9,63,9,+25.463,+2.074
4864.2,63,9,+25.532,+1.929
4868.136,63,9,+25.575,+1.950
4873.433,63,9,+25.631,+1.856
4877.917,63,9,+25.643,+1.773
4882.216,63,9,+25.658,+1.739
4885.295,63,9,+25.659,+1.644
4886.831,63,9,+25.666,+1.590
4887.593,63,9,+25.674,+1.595
4890.374,63,9,+25.673,+1.574
4895.968,63,9,+25.690,+1.441
4905.03,63,9,+25.886,+1.448
4908.936,63,9,+25.816,+1.157
4911.842,63,9,+25.819,+1.147
4912.624,63,9,+25.815,+1.138
4915.968,63,8,+25.815,+1.138
4916.045,63,8,+25.784,+1.100
4918.795,63,8,+25.740,+1.023
4925.915,63,8,+25.903,+1.135
4931.859,63,8,+26.045,+1.049
4936.92,63,8,+26.095,+0.992
4938.842,63,8,+26.167,+1.010
4942.405,63,8,+26.185,+1.021
4946.139,63,8,+26.232,+0.947
4950.436,63,8,+26.332,+0.771
4954.389,63,8,+26.392,+0.810
4959.723,63,8,+26.515,+0.740
4964.299,63,8,+26.619,+0.727
4968.649,63,8,+26.710,+0.769
4971.842,63,8,+26.781,+0.730
4973.411,63,8,+26.813,+0.706
4974.173,63,8,+26.811,+0.704
4976.92,63,8,+26.782,+0.673
4982.628,63,8,+26.828,+0.504
4991.621,63,8,+26.993,+0.477
4995.629,63,8,+27.035,+0.223
4998.568,63,8,+27.019,+0.174
4999.373,63,8,+27.008,+0.158
5002.693,63,8,+26.910,+0.049
5005.485,63,8,+26.786,+0.049
5005.488,63,7,+26.786,+0.049
5012.516,63,7,+26.923,+9.305
5018.456,63,7,+27.062,+9.462
5023.514,63,7,+27.058,+9.508
5025.499,63,7,+27.142,+9.624
5028.999,63,7,+27.186,+9.670
5032.764,63,7,+27.260,+9.827
5037.028,63,7,+27.272,+9.933
5040.929,63,7,+27.311,+9.922
5046.214,63,7,+27.396,+9.950
5050.636,63,7,+27.304,+9.896
5054.961,63,7,+27.357,+10.020
5058.114,63,7,+27.383,+9.986
5059.661,63,7,+27.373,+10.040
5060.414,63,7,+27.377,+10.070
5063.173,63,7,+27.371,+10.074
5068.755,63,7,+27.373,+10.188
5077.7,63,7,+27.386,+10.226
5081.636,63,7,+27.319,+10.312
5084.502,63,7,+27.267,+10.287
5085.428,63,7,+27.260,+10.276
5088.7,63,7,+27.254,+10.262
5091.477,63,7,+27.251,+10.259
5098.529,63,7,+27.238,+10.448
5104.4,63,7,+27.373,+10.481
5109.462,63,7,+27.195,+10.568
5111.353,63,7,+27.200,+10.621
5114.919,63,7,+27.189,+10.627
5118.56,63,7,+27.110,+10.665
5122.82,63,7,+27.098,+10.698
5126.684,63,7,+27.064,+10.719
5131.972,63,7,+27.065,+10.704
5136.377,63,7,+26.947,+10.648
5140.728,63,7,+26.987,+10.868
5143.835,63,7,+26.988,+10.881
5145.452,63,7,+26.951,+10.933
5146.162,63,7,+26.932,+10.946
5148.914,63,7,+26.899,+10.990
5154.433,63,7,+26.830,+11.117
5163.397,63,7,+18.168,+26.672
5167.294,63,7,+18.243,+26.672
5170.114,63,7,+18.262,+26.672
5170.91,63,7,+24.359,+11.016
5174.33,63,7,+18.256,+11.016
5177.092,63,7,+18.252,+6.118
5184.123,63,7,+18.409,+5.452
5190.108,63,7,+18.486,+5.399
5195.17,63,7,+18.533,+5.436
5197.123,63,7,+18.631,+5.443
5200.67,63,7,+18.649,+5.432
5204.389,63,7,+18.697,+5.287
5208.7,63,7,+18.797,+5.270
5212.621,63,7,+18.919,+5.388
5217.929,63,7,+19.021,+5.457
5222.368,63,7,+19.109,+5.420
5226.666,63,7,+19.302,+5.522
5229.759,63,7,+19.328,+5.520
5231.353,63,7,+19.394,+5.500
5232.119,63,7,+19.415,+5.499
5234.884,63,7,+19.435,+5.462
5240.462,63,7,+19.557,+5.473
5249.422,63,7,+19.759,+5.800
5253.297,63,7,+19.787,+5.835
5256.172,63,7,+19.856,+5.891
5256.969,63,7,+19.861,+5.897
5260.391,63,7,+19.857,+5.908
5263.157,63,7,+19.831,+5.929
5270.189,63,7,+20.026,+6.216
5276.136,63,7,+20.065,+6.398
5281.183,63,7,+20.111,+6.593
5283.089,63,7,+20.179,+6.633
5286.662,63,7,+20.190,+6.640
5290.394,63,7,+20.342,+6.684
5294.728,63,7,+20.578,+6.900
5298.699,63,7,+20.685,+7.026
5304.072,63,7,+20.793,+7.228
5308.494,63,7,+20.800,+7.236
5312.761,63,7,+20.902,+7.369
5315.907,63,7,+20.910,+7.414
5317.465,63,7,+20.946,+7.457
5318.234,63,7,+20.963,+7.463
5320.972,63,7,+20.974,+7.459
5326.615,63,7,+21.121,+7.579
5335.633,63,7,+21.129,+7.879
5339.503,63,7,+21.172,+7.932
5342.403,63,7,+21.265,+7.977
5343.17,63,7,+21.275,+7.984
5346.622,63,7,+21.279,+8.000
5349.372,63,7,+21.213,+7.997
5356.465,63,7,+21.443,+8.317
5362.497,63,7,+21.591,+8.540
5367.512,63,7,+21.502,+8.585
5369.419,63,7,+21.582,+8.674
5373.008,63,7,+21.610,+8.720
5376.685,63,7,+21.643,+8.759
5380.993,63,7,+21.741,+8.841
5384.961,63,7,+21.863,+8.948
5390.301,63,7,+21.999,+9.184
5394.733,63,7,+22.027,+9.189
5399.02,63,7,+22.109,+9.289
5402.124,63,7,+22.100,+9.318
5403.702,63,7,+22.145,+9.350
5404.483,63,7,+22.159,+9.358
5407.258,63,7,+22.156,+9.357
5412.856,63,7,+22.338,+9.470
5421.886,63,7,+22.515,+9.722
5425.831,63,7,+22.546,+9.767
5428.732,63,7,+22.637,+9.854
5429.514,63,7,+22.642,+9.864
5432.928,63,7,+22.642,+9.885
5435.68,63,7,+22.623,+9.872
5442.833,63,7,+22.871,+10.202
5448.819,63,7,+22.939,+10.428
5453.823,63,7,+22.758,+10.469
5455.714,63,7,+22.811,+10.537
5459.287,63,7,+22.821,+10.565
5463.042,63,7,+22.878,+10.681
5467.417,63,7,+23.007,+10.841
5471.303,63,7,+23.040,+10.978
5476.686,63,7,+23.205,+11.248
5481.132,63,7,+23.203,+11.287
5485.527,63,7,+23.325,+11.447
5488.616,63,7,+23.291,+11.481
5490.17,63,7,+23.343,+11.513
5490.951,63,7,+23.368,+11.523
5493.749,63,7,+23.403,+11.543
5499.42,63,7,+23.625,+11.653
5508.56,63,7,+23.834,+11.982
5512.514,63,7,+23.855,+12.026
5515.445,63,7,+23.963,+12.092
5516.294,63,7,+23.974,+12.103
5519.661,63,7,+23.977,+12.115
5522.399,63,7,+23.942,+12.106
5529.56,63,7,+24.051,+12.376
5535.574,63,7,+24.093,+12.487
5540.645,63,7,+24.029,+12.570
5542.604,63,7,+24.161,+12.654
5546.201,63,7,+24.238,+12.701
5550.002,63,7,+24.374,+12.741
5554.417,63,7,+24.534,+12.895
5558.314,63,7,+24.566,+12.970
5563.645,63,7,+24.598,+13.048
5568.143,63,7,+24.670,+13.071
5572.462,63,7,+24.851,+13.237
5575.568,63,7,+24.866,+13.265
5577.15,63,7,+24.891,+13.255
5577.93,63,7,+24.902,+13.242
5580.632,63,7,+24.879,+13.185
5586.356,63,7,+25.118,+13.313
5595.53,63,7,+25.254,+13.656
5609.655,63,8,+25.254,+13.656
5625.73,63,9,+25.254,+13.656
5631.058,63,9,+47.161,+2.485
5638.772,63,9,+47.883,+3.079
5644.765,63,9,+47.993,+3.102
5649.672,63,9,+47.854,+2.977
5651.634,63,9,+47.986,+3.031
5655.231,63,9,+48.065,+3.068
5659.001,63,9,+48.198,+3.044
5663.386,63,9,+48.327,+2.925
5667.23,63,9,+48.271,+2.795
5672.542,63,9,+48.340,+2.667
5676.917,63,9,+48.363,+2.530
5681.089,63,9,+48.360,+2.281
5684.198,63,9,+48.305,+2.169
5685.777,63,9,+48.320,+2.088
5686.48,63,9,+48.315,+2.051
5689.245,63,9,+48.304,+1.991
5694.735,63,9,+48.311,+1.700
5703.502,63,9,+48.155,+1.351
5707.292,63,9,+48.033,+1.009
5710.058,63,9,+47.985,+0.842
5710.839,63,9,+47.972,+0.810
5714.183,63,9,+47.924,+0.711
5716.933,63,9,+47.926,+0.659
5723.738,63,9,+47.742,+0.336
5729.638,63,9,+47.764,+0.192
5734.661,63,9,+47.709,+0.189
5736.594,63,9,+47.782,+0.132
5740.061,63,8,+47.782,+0.132
5740.117,63,8,+47.768,+18.800
5743.859,63,8,+47.883,+18.854
5748.108,63,8,+47.694,+18.812
5751.964,63,8,+47.713,+18.798
5757.12,63,8,+47.526,+18.646
5761.448,63,8,+47.382,+18.563
5765.558,63,8,+47.306,+18.531
5768.636,63,8,+47.222,+18.548
5770.167,63,8,+47.190,+18.548
5770.917,63,8,+47.184,+18.551
5773.636,63,8,+47.166,+18.596
5779.058,63,8,+46.901,+18.424
5787.752,63,8,+46.645,+18.204
5791.543,63,8,+46.465,+17.999
5794.332,63,8,+46.425,+17.797
5795.16,63,8,+46.419,+17.778
5798.513,63,8,+46.425,+17.775
5801.328,63,8,+46.462,+17.788
5808.199,63,8,+46.303,+17.559
5814.021,63,8,+46.271,+17.465
5818.899,63,8,+46.039,+17.411
5820.785,63,8,+46.058,+17.444
5824.3,63,8,+46.059,+17.485
5827.931,63,8,+45.946,+17.330
5832.137,63,8,+45.852,+17.243
5835.904,63,8,+45.754,+17.176
5841.06,63,8,+45.586,+16.978
5845.408,63,8,+45.484,+16.917
5849.493,63,8,+45.454,+16.875
5852.542,63,8,+45.400,+16.877
5854.1,63,8,+45.364,+16.873
5854.873,63,8,+45.346,+16.869
5857.542,63,8,+45.261,+16.893
5862.96,63,8,+45.070,+16.755
5871.714,63,8,+44.852,+36.990
5875.526,63,8,+44.701,+36.990
5878.355,63,8,+44.696,+36.990
5879.136,63,8,+44.697,+16.225
5882.542,63,8,+44.716,+16.225
5885.308,63,8,+44.735,+15.823
5892.242,63,8,+44.591,+15.380
5898.098,63,8,+44.521,+15.415
5902.999,63,8,+44.369,+15.442
5904.858,63,8,+44.387,+15.442
5908.4,63,8,+44.387,+15.398
5911.972,63,8,+44.232,+15.288
5916.186,63,8,+44.113,+15.299
5920.045,63,8,+44.082,+15.298
5925.186,63,8,+43.920,+14.989
5929.514,63,8,+43.806,+14.772
5933.639,63,8,+43.725,+14.781
5936.655,63,8,+43.638,+14.703
5938.186,63,8,+43.579,+14.671
5938.905,63,8,+43.563,+14.676
5941.612,63,8,+43.543,+14.697
5947.077,63,8,+43.442,+14.784
5955.853,63,8,+43.232,+14.902
5959.694,63,8,+43.060,+14.697
5962.482,63,8,+42.988,+14.533
5963.309,63,8,+42.986,+14.427
5966.667,63,8,+43.016,+14.495
5969.417,63,8,+43.063,+14.379
5976.42,63,8,+42.995,+14.118
5982.17,63,8,+42.920,+13.957
5987.045,63,8,+42.604,+13.694
5988.889,63,8,+42.584,+13.686
5992.436,63,8,+42.590,+13.719
5995.983,63,8,+42.463,+13.529
6000.201,63,8,+42.337,+13.363
6003.967,63,8,+42.293,+13.247
6009.166,63,8,+42.184,+13.037
6013.494,63,8,+42.054,+12.949
6017.589,63,8,+41.891,+12.890
6020.667,63,8,+41.799,+12.923
6022.167,63,8,+41.707,+12.891
6022.948,63,8,+41.671,+12.880
6025.683,63,8,+41.551,+12.901
6031.104,63,8,+41.454,+12.809
6039.96,63,8,+41.330,+12.675
6043.733,63,8,+41.236,+12.374
6046.576,63,8,+41.254,+12.245
6047.373,63,8,+41.258,+12.234
6050.764,63,8,+41.292,+12.233
6053.514,63,8,+41.277,+12.170
6060.428,63,8,+41.123,+12.051
6066.325,63,8,+41.105,+11.935
6071.193,63,8,+41.000,+11.897
6073.076,63,8,+41.046,+11.951
6076.62,63,8,+41.075,+12.000
6080.241,63,8,+41.046,+11.977
6084.534,63,8,+41.003,+11.936
6088.415,63,8,+41.056,+11.875
6093.573,63,8,+40.217,+11.712
6097.914,63,8,+40.058,+11.677
6101.999,63,8,+39.969,+11.669
6105.072,63,8,+39.916,+11.673
6106.567,63,8,+39.870,+11.668
6107.273,63,8,+39.855,+11.665
6110.033,63,8,+39.854,+11.697
6115.486,63,8,+39.613,+11.600
6124.316,63,8,+39.443,+11.522
6128.114,63,8,+39.434,+11.211
6130.96,63,8,+39.459,+11.136
6131.734,63,8,+39.464,+11.129
6135.158,63,8,+39.502,+11.110
6137.866,63,8,+39.531,+11.016
6144.865,63,8,+39.401,+10.922
6150.699,63,8,+39.481,+10.797
6155.596,63,8,+39.233,+10.782
6157.503,63,8,+39.324,+10.798
6161.014,63,8,+39.402,+10.831
6164.713,63,8,+39.438,+10.862
6168.996,63,8,+39.354,+10.819
6172.847,63,8,+39.445,+10.814
6178.136,63,8,+39.517,+10.826
6182.488,63,8,+39.546,+10.760
6186.694,63,8,+39.567,+10.813
6189.741,63,8,+39.542,+10.813
6191.334,63,8,+39.615,+10.852
6192.069,63,8,+39.646,+10.871
6194.803,63,8,+39.696,+10.918
6200.303,63,8,+39.666,+10.874
6209.428,63,8,+39.904,+10.988
6213.178,63,8,+39.861,+10.790
6216.006,63,8,+39.906,+10.715
6216.85,63,8,+39.913,+10.709
6220.215,63,8,+39.946,+10.708
6222.928,63,8,+39.954,+10.652
6229.899,63,8,+39.835,+10.579
6235.747,63,8,+39.924,+10.530
6240.686,63,8,+39.710,+10.486
6242.655,63,8,+39.870,+10.557
6246.202,63,8,+39.962,+10.638
6249.873,63,8,+39.948,+10.677
6254.124,63,8,+39.934,+10.613
6258.014,63,8,+40.004,+10.581
6263.261,63,8,+39.966,+10.446
6267.532,63,8,+39.997,+10.375
6271.735,63,8,+39.932,+10.344
6274.914,63,8,+39.871,+10.348
6276.351,63,8,+39.886,+10.355
6277.117,63,8,+39.895,+10.367
6279.833,63,8,+39.901,+10.420
6285.377,63,8,+39.875,+10.351
6294.156,63,8,+39.903,+10.196
6297.902,63,8,+39.878,+10.029
6300.675,63,8,+39.898,+9.885
6301.505,63,8,+39.904,+9.873
6304.901,63,8,+39.922,+9.866
6307.654,63,8,+39.927,+9.816
6314.717,63,8,+40.021,+9.818
6320.467,63,8,+40.040,+9.688
6325.42,63,8,+39.860,+9.664
6327.248,63,8,+39.922,+9.646
6330.795,63,8,+39.947,+9.660
6334.451,63,8,+39.934,+9.619
6338.686,63,8,+39.950,+9.591
6342.53,63,8,+40.037,+9.501
6347.701,63,8,+39.953,+9.360
6351.983,63,8,+39.858,+9.192
6356.123,63,8,+39.811,+9.200
6359.201,63,8,+39.770,+9.199
6360.73,63,8,+39.815,+9.221
6361.501,63,8,+39.835,+9.234
6364.261,63,8,+39.880,+9.305
6369.776,63,8,+39.795,+9.233
6378.629,63,8,+39.825,+9.155
6382.513,63,8,+39.776,+9.155
6385.298,63,8,+39.751,+9.155
6386.089,63,8,+39.752,+8.809
6389.448,63,8,+39.787,+8.809
6392.198,63,8,+39.771,+6.644
6399.183,63,8,+39.631,+6.261
6404.998,63,8,+39.708,+6.399
6409.998,63,8,+39.583,+6.279
6411.814,63,8,+39.698,+6.291
6415.358,63,8,+39.758,+6.303
6418.983,63,8,+39.726,+6.281
6423.202,63,8,+39.701,+6.291
6426.999,63,8,+39.678,+6.203
6432.185,63,8,+39.704,+5.752
6436.558,63,8,+39.709,+5.465
6440.745,63,8,+39.687,+5.468
6443.808,63,8,+39.708,+5.489
6445.386,63,8,+39.769,+5.527
6446.151,63,8,+39.786,+5.548
6448.87,63,8,+39.815,+5.636
6454.394,63,8,+39.810,+5.629
6463.26,63,8,+39.926,+5.589
6467.13,63,8,+39.889,+5.572
6470.005,63,8,+39.958,+5.482
6470.714,63,8,+39.961,+5.468
6474.124,63,8,+39.951,+5.502
6476.876,63,8,+39.923,+5.568
6483.929,63,8,+40.006,+5.176
6489.792,63,8,+40.226,+5.146
6494.76,63,8,+39.973,+5.040
6496.63,63,8,+40.079,+5.021
6500.149,63,8,+40.124,+5.055
6503.814,63,8,+40.194,+4.893
6508.066,63,8,+40.208,+4.771
6512.003,63,8,+40.295,+4.679
6517.203,63,8,+40.282,+4.495
6521.586,63,8,+40.262,+4.395
6525.841,63,8,+40.299,+4.406
6528.962,63,8,+40.291,+4.368
6530.475,63,8,+40.335,+4.377
6531.245,63,8,+40.353,+4.390
6533.964,63,8,+40.361,+4.450
6539.552,63,8,+40.404,+4.394
6548.428,63,8,+40.538,+4.355
6552.343,63,8,+40.526,+4.074
6555.164,63,8,+40.660,+3.974
6555.949,63,8,+40.671,+3.965
6559.333,63,8,+40.671,+3.957
6562.072,63,8,+40.614,+3.890
6569.16,63,8,+40.649,+3.856
6575.061,63,8,+40.786,+3.548
6580.061,63,8,+40.727,+3.467
6581.939,63,8,+40.837,+3.495
6585.499,63,8,+40.912,+3.540
6589.114,63,8,+40.977,+3.310
6593.416,63,8,+40.978,+3.234
6597.273,63,8,+41.022,+3.162
6602.593,63,8,+41.096,+2.968
6607.044,63,8,+41.161,+2.802
6611.353,63,8,+41.218,+2.797
6614.414,63,8,+32.280,+2.638
6616.013,63,8,+32.293,+2.599
6616.751,63,8,+32.317,+2.598
6619.488,63,8,+32.363,+2.641
6625.045,63,8,+32.387,+2.611
6634.074,63,8,+32.445,+2.529
6638.028,63,8,+32.468,+2.333
6640.972,63,8,+32.464,+2.247
6641.758,63,8,+39.041,+2.240
6645.129,63,8,+32.423,+2.256
6647.861,63,8,+32.359,+2.245
6655.085,63,8,+32.503,+2.021
6661.028,63,8,+32.536,+1.973
6666.214,63,8,+32.602,+1.923
6668.104,63,8,+32.678,+1.951
6671.613,63,8,+32.614,+1.996
6675.494,63,8,+32.792,+1.908
6679.861,63,8,+32.875,+1.894
6683.839,63,8,+32.972,+1.936
6689.45,63,8,+33.248,+2.039
6694.114,63,8,+33.536,+2.186
6698.444,63,8,+33.687,+2.253
6701.662,63,8,+33.782,+2.178
6703.253,63,8,+33.866,+2.256
6704.031,63,8,+33.907,+2.293
6706.801,63,8,+33.994,+2.402
6712.584,63,8,+34.185,+2.493
6721.608,63,8,+34.294,+2.418
6725.583,63,8,+34.268,+2.169
6728.361,63,8,+34.239,+2.063
6729.149,63,8,+34.235,+2.053
6732.514,63,8,+34.187,+2.059
6735.199,63,8,+34.079,+2.067
6742.36,63,8,+34.107,+1.975
6748.342,63,8,+34.117,+1.900
6753.342,63,8,+34.044,+1.706
6755.245,63,8,+34.082,+1.762
6758.76,63,8,+34.092,+1.798
6762.627,63,8,+34.279,+1.841
6766.982,63,8,+34.416,+1.924
6770.92,63,8,+34.448,+1.966
6776.315,63,8,+34.491,+1.942
6780.93,63,8,+34.735,+2.109
6785.272,63,8,+32.066,+2.308
6788.385,63,8,+32.141,+2.384
6789.993,63,8,+32.212,+2.463
6790.772,63,8,+32.238,+2.504
6793.523,63,8,+32.253,+2.584
6799.16,63,8,+32.424,+2.652
6808.272,63,8,+32.806,+2.838
6812.236,63,8,+32.818,+2.795
6815.18,63,8,+32.952,+2.786
6815.96,63,8,+32.962,+2.781
6819.294,63,8,+32.905,+2.708
6821.975,63,8,+32.825,+2.602
6829.086,63,8,+32.966,+2.670
6835.093,63,8,+33.287,+2.799
6840.001,63,8,+33.057,+2.757
6841.893,63,8,+33.102,+2.812
6845.488,63,8,+33.113,+2.884
6849.128,63,8,+33.129,+2.853
6853.415,63,8,+33.217,+2.843
6857.277,63,8,+33.268,+2.769
6862.53,63,8,+33.369,+2.673
6866.982,63,8,+33.363,+2.648
6871.223,63,8,+33.465,+2.676
6874.326,63,8,+33.510,+2.702
6875.857,63,8,+33.566,+2.743
6876.607,63,8,+33.552,+2.755
6879.375,63,8,+33.485,+2.810
6884.946,63,8,+33.568,+2.827
6893.836,63,8,+33.658,+2.648
6897.658,63,8,+33.556,+2.648
6900.493,63,8,+33.549,+2.648
6901.287,63,8,+33.550,+0.193
6904.701,63,8,+33.544,+0.193
6904.76,63,7,+33.544,+0.193
6907.43,63,7,+33.530,+13.854
6914.476,63,7,+33.678,+14.063
6920.392,63,7,+33.822,+14.212
6925.376,63,7,+33.700,+14.150
6927.145,63,7,+33.696,+14.188
6930.692,63,7,+33.684,+14.187
6934.372,63,7,+33.637,+14.260
6938.626,63,7,+33.620,+14.274
6942.512,63,7,+33.639,+14.343
6947.745,63,7,+33.617,+14.363
6952.124,63,7,+33.566,+14.343
6956.272,63,7,+33.554,+14.384
6959.339,63,7,+33.544,+14.303
6960.893,63,7,+33.553,+14.339
6961.632,63,7,+33.558,+14.364
6964.328,63,7,+33.556,+14.421
6969.965,63,7,+33.663,+14.553
6978.801,63,7,+33.776,+14.631
6982.714,63,7,+33.784,+14.636
6985.557,63,7,+33.746,+14.511
6986.307,63,7,+33.743,+14.497
6989.714,63,7,+33.736,+14.508
6992.417,63,7,+33.737,+14.575
6999.417,63,7,+33.773,+14.707
7005.33,63,7,+33.953,+14.835
7010.29,63,7,+33.858,+14.760
7012.163,63,7,+33.886,+14.822
7015.714,63,7,+33.885,+14.858
7019.458,63,7,+33.986,+14.985
7023.71,63,7,+34.047,+15.054
7027.526,63,7,+34.022,+14.983
7032.832,63,7,+34.123,+15.056
7037.301,63,7,+34.094,+15.029
7041.516,63,7,+34.227,+15.143
7044.613,63,7,+34.285,+15.183
7046.233,63,7,+34.336,+15.252
7046.958,63,7,+34.343,+15.265
7049.691,63,7,+34.317,+15.295
7055.175,63,7,+34.319,+15.400
7064.072,63,7,+34.396,+15.397
7067.972,63,7,+34.367,+15.455
7070.815,63,7,+34.399,+15.385
7071.628,63,7,+34.403,+15.375
7075.01,63,7,+34.406,+15.401
7077.717,63,7,+34.375,+15.469
7084.608,63,7,+34.334,+15.438
7090.413,63,7,+34.405,+15.428
7095.37,63,7,+34.348,+15.348
7097.229,63,7,+34.352,+15.349
7100.75,63,7,+34.354,+15.372
7104.428,63,7,+34.328,+15.518
7108.613,63,7,+34.320,+15.575
7112.473,63,7,+34.339,+15.563
7117.68,63,7,+34.384,+15.621
7121.995,63,7,+34.230,+15.546
7126.245,63,7,+34.303,+15.645
7129.339,63,7,+34.335,+15.660
7130.823,63,7,+34.350,+15.712
7131.58,63,7,+34.349,+15.731
7134.291,63,7,+34.327,+15.760
7139.73,63,7,+34.287,+15.794
7148.641,63,7,+33.902,+15.847
7152.501,63,7,+33.894,+15.859
7155.368,63,7,+33.951,+15.789
7156.13,63,7,+34.385,+15.779
7159.529,63,7,+34.050,+15.805
7162.276,63,7,+34.189,+15.899
7169.362,63,7,+34.341,+16.022
7175.193,63,7,+34.394,+16.192
7180.128,63,7,+34.329,+16.090
7182.001,63,7,+34.407,+16.115
7185.574,63,7,+34.445,+16.117
7189.173,63,7,+34.492,+16.237
7193.398,63,7,+34.539,+16.299
7197.201,63,7,+34.710,+16.247
7202.428,63,7,+34.670,+16.179
7206.793,63,7,+34.808,+16.132
7211.029,63,7,+34.874,+16.116
7214.137,63,7,+34.877,+16.025
7215.606,63,7,+34.929,+16.052
7216.356,63,7,+34.951,+16.065
7219.06,63,7,+34.990,+16.051
7224.567,63,7,+35.077,+16.088
7233.434,63,7,+35.239,+16.126
7237.299,63,7,+35.276,+16.101
7240.127,63,7,+35.307,+15.954
7240.917,63,7,+35.305,+15.930
7244.299,63,7,+35.294,+15.903
7247.015,63,7,+35.268,+15.919
7254.089,63,7,+35.538,+16.131
7259.899,63,7,+35.734,+16.200
7264.86,63,7,+35.643,+16.204
7266.821,63,7,+35.821,+16.282
7270.324,63,7,+35.913,+16.310
7273.96,63,7,+36.018,+16.430
7278.242,63,7,+36.128,+16.573
7282.085,63,7,+36.276,+16.556
7287.299,63,7,+36.295,+16.604
7291.657,63,7,+36.374,+16.581
7295.849,63,7,+36.461,+16.582
7298.881,63,7,+36.456,+16.578
7300.409,63,7,+36.543,+16.656
7301.188,63,7,+36.578,+16.692
7303.94,63,7,+36.625,+16.761
7309.386,63,7,+36.617,+16.780
7318.193,63,7,+36.669,+16.715
7322.193,63,7,+36.644,+16.621
7324.913,63,7,+36.713,+16.551
7325.699,63,7,+36.720,+16.540
7329.085,63,7,+36.731,+16.528
7331.816,63,7,+36.694,+16.510
7338.889,63,7,+36.754,+16.653
7344.701,63,7,+36.900,+16.711
7349.673,63,7,+36.818,+16.620
7351.574,63,7,+36.954,+16.655
7355.115,63,7,+37.023,+16.671
7358.728,63,7,+37.042,+16.742
7363.013,63,7,+37.123,+16.841
7366.743,63,7,+37.176,+16.715
7371.999,63,7,+37.075,+16.700
7376.341,63,7,+37.110,+16.644
7380.541,63,7,+37.066,+16.572
7383.616,63,7,+37.045,+16.544
7385.128,63,7,+37.042,+16.554
7385.893,63,7,+37.023,+16.553
7388.602,63,7,+36.964,+16.562
7394.314,63,7,+37.022,+16.785
7403.244,63,7,+37.214,+16.828
7407.128,63,7,+37.274,+16.799
7410.027,63,7,+37.432,+16.752
7410.86,63,7,+37.449,+16.740
7414.292,63,7,+37.482,+16.719
7416.963,63,7,+37.477,+16.683
7424.026,63,7,+37.557,+16.728
7429.798,63,7,+37.624,+16.754
7434.785,63,7,+37.544,+16.784
7436.678,63,7,+37.603,+16.765
7440.16,63,7,+37.638,+16.716
7443.829,63,7,+37.710,+16.814
7448.103,63,7,+37.839,+16.936
7451.972,63,7,+37.919,+16.897
7457.229,63,7,+37.915,+16.914
7461.62,63,7,+38.058,+16.944
7465.917,63,7,+38.142,+17.032
7468.979,63,7,+38.156,+17.040
7470.51,63,7,+38.198,+17.093
7471.198,63,7,+38.225,+17.122
7473.972,63,7,+38.267,+17.198
7479.526,63,7,+38.354,+17.277
7488.526,63,7,+38.547,+17.283
7492.417,63,7,+38.566,+17.181
7495.332,63,7,+38.720,+17.103
7496.14,63,7,+38.736,+17.084
7499.498,63,7,+38.780,+17.042
7502.213,63,7,+38.802,+17.020
7509.332,63,7,+38.928,+17.171
7515.145,63,7,+39.105,+17.273
7520.172,63,7,+38.989,+17.197
7522.045,63,7,+39.092,+17.176
7525.557,63,7,+39.179,+17.134
7529.237,63,7,+39.213,+17.321
7533.682,63,7,+39.418,+17.623
7537.545,63,7,+39.542,+17.581
7543.013,63,7,+39.786,+17.831
7547.431,63,7,+39.961,+17.902
7551.727,63,7,+40.120,+18.077
7554.772,63,7,+40.103,+18.077
7556.293,63,7,+40.166,+18.126
7557.059,63,7,+40.193,+18.147
7559.799,63,7,+40.242,+18.221
7565.327,63,7,+40.320,+18.254
7574.229,63,7,+40.401,+18.270
7578.12,63,7,+40.509,+18.208
7580.995,63,7,+40.606,+18.101
7581.76,63,7,+40.616,+18.085
7585.26,63,7,+40.620,+18.033
7587.854,63,7,+40.602,+17.960
7594.901,63,7,+40.706,+18.072
7600.714,63,7,+40.883,+18.186
7605.73,63,7,+40.778,+18.116
7607.56,63,7,+40.878,+18.157
7611.084,63,7,+40.931,+18.138
7614.739,63,7,+41.067,+18.323
7619.028,63,7,+41.147,+18.472
7622.857,63,7,+41.255,+18.427
7628.475,63,7,+41.338,+18.603
7632.648,63,7,+41.449,+18.654
7636.84,63,7,+41.527,+18.676
7639.899,63,7,+41.520,+18.671
7641.402,63,7,+41.553,+18.740
7642.172,63,7,+41.564,+18.768
7644.884,63,7,+41.568,+18.792
7650.368,63,7,+41.578,+18.875
7659.345,63,7,+41.784,+18.984
7663.213,63,7,+41.844,+18.857
7666.072,63,7,+41.883,+18.785
7666.814,63,7,+41.886,+18.770
7670.173,63,7,+41.884,+18.715
7672.874,63,7,+41.893,+18.653
7680.026,63,7,+41.798,+18.799
7685.873,63,7,+41.912,+18.819
7690.826,63,7,+41.853,+18.793
7692.727,63,7,+41.988,+18.839
7696.263,63,7,+42.064,+18.835
7699.944,63,7,+42.148,+19.029
7704.226,63,7,+42.176,+19.136
7708.054,63,7,+42.229,+19.124
7713.382,63,7,+42.273,+19.269
7717.772,63,7,+42.358,+19.367
7721.96,63,7,+42.389,+19.365
7725.007,63,7,+42.404,+19.382
7726.615,63,7,+42.466,+19.436
7727.341,63,7,+42.484,+19.452
7730.03,63,7,+42.483,+19.461
7735.561,63,7,+42.591,+19.502
7744.564,63,7,+42.849,+19.605
7748.5,63,7,+42.967,+19.530
7751.393,63,7,+43.098,+19.441
7752.172,63,7,+43.112,+19.423
7755.54,63,7,+43.119,+19.366
7758.317,63,7,+43.164,+19.359
7765.427,63,7,+43.293,+19.611
7771.301,63,7,+43.513,+19.733
7776.227,63,7,+43.463,+19.610
7778.071,63,7,+43.525,+19.628
7781.623,63,7,+43.584,+19.626
7785.31,63,7,+43.691,+19.793
7789.576,63,7,+43.810,+19.905
7793.404,63,7,+43.942,+19.873
7798.713,63,7,+43.915,+19.940
7803.06,63,7,+43.997,+19.916
7807.198,63,7,+44.036,+19.930
7810.285,63,7,+44.039,+19.941
7811.785,63,7,+44.088,+19.988
7812.551,63,7,+44.109,+20.010
7815.274,63,7,+44.160,+20.056
7820.859,63,7,+44.145,+19.994
7829.771,63,7,+44.242,+35.661
7833.604,63,7,+44.172,+35.661
7836.493,63,7,+44.245,+35.661
7837.23,63,7,+44.255,+19.636
7840.636,63,7,+44.313,+19.636
7843.37,63,7,+44.320,+15.017
7850.463,63,7,+44.437,+14.717
7856.275,63,7,+44.567,+14.784
7861.244,63,7,+44.364,+14.867
7863.151,63,7,+44.423,+14.891
7866.697,63,7,+44.467,+14.905
7870.401,63,7,+44.512,+14.908
7874.621,63,7,+44.571,+15.083
7878.525,63,7,+44.752,+15.255
7883.869,63,7,+44.825,+15.460
7888.229,63,7,+44.923,+15.445
7892.462,63,7,+44.940,+15.579
7895.529,63,7,+44.927,+15.632
7897.029,63,7,+44.911,+15.655
7897.779,63,7,+44.900,+15.666
7900.435,63,7,+44.858,+15.666
7905.951,63,7,+44.816,+15.847
7915.138,63,7,+45.162,+16.468
7932.138,63,8,+45.162,+16.468
7950.243,63,8,+66.806,+15.310
7957.759,63,8,+67.225,+15.808
7963.677,63,8,+67.427,+15.858
7968.513,63,8,+67.204,+15.781
7970.427,63,8,+67.309,+15.875
7973.941,63,8,+67.382,+15.971
7977.677,63,8,+67.489,+16.091
7981.903,63,8,+67.474,+16.146
7985.672,63,8,+67.474,+16.049
7990.859,63,8,+67.342,+16.013
7995.115,63,8,+67.317,+15.994
7999.193,63,8,+67.186,+15.968
8002.228,63,8,+67.170,+15.996
8003.696,63,8,+67.139,+16.015
8004.443,63,8,+67.129,+16.009
8007.101,63,8,+67.131,+16.059
8012.515,63,8,+67.001,+16.004
8021.071,63,8,+66.748,+15.664
8024.745,63,8,+66.682,+15.367
8027.637,63,8,+66.816,+15.361
8028.984,63,8,+67.375,+15.903
8037.498,63,8,+72.643,+21.158
8042.384,63,8,+74.764,+23.240
8050.027,63,8,+75.262,+23.828
8057.166,63,8,+76.761,+62.943
8064.291,63,8,+78.762,+62.670
8068.475,63,8,+81.101,+62.203
8074.089,63,7,+81.101,+62.203
8074.179,63,7,+83.406,+22.142
8078.215,63,7,+83.796,+22.065
8082.586,63,7,+83.864,+21.789
8086.45,63,7,+83.946,+21.280
8092.08,63,7,+84.291,+20.827
8096.909,63,7,+84.733,+20.540
8102.775,63,7,+86.368,+21.166
8106.682,63,7,+87.147,+20.841
8108.51,63,7,+87.504,+20.866
8109.494,63,7,+87.737,+20.894
8113.213,63,7,+88.768,+21.076
8119.298,63,7,+88.285,+20.573
8127.967,63,7,+84.636,+17.453
8131.685,63,7,+84.636,+16.317
8134.389,63,7,+84.636,+16.074
8135.17,63,7,+81.259,+16.045
8138.545,63,7,+81.259,+15.992
8141.232,63,7,+62.645,+15.913
8148.049,63,7,+61.376,+15.596
8153.76,63,7,+57.597,+15.433
8158.572,63,7,+56.553,+15.207
8160.432,63,7,+54.268,+15.260
8163.992,63,7,+52.919,+15.336
8167.613,63,7,+52.760,+15.218
8171.828,63,7,+52.711,+15.116
8175.513,63,7,+52.714,+14.845
8180.572,63,7,+52.401,+14.600
8184.76,63,7,+52.360,+14.414
8188.76,63,7,+52.356,+14.206
8191.81,63,7,+52.419,+14.101
8193.247,63,7,+52.408,+14.005
8193.935,63,7,+52.418,+13.981
8196.659,63,7,+52.508,+13.950
8201.985,63,7,+52.523,+13.829
8210.541,63,7,+52.686,+13.530
8214.26,63,7,+52.685,+13.437
8216.999,63,7,+52.791,+13.308
8217.8,63,7,+52.807,+13.297
8221.156,63,7,+52.862,+13.278
8223.895,63,7,+52.894,+13.202
8230.635,63,7,+52.766,+12.978
8236.341,63,7,+52.885,+12.905
8241.102,63,7,+52.744,+12.762
8242.927,63,7,+52.826,+12.816
8246.429,63,7,+52.895,+12.887
8250.033,63,7,+52.908,+12.866
8254.098,63,7,+52.883,+12.737
8257.859,63,7,+52.967,+12.726
8263.027,63,7,+52.818,+12.629
8267.293,63,7,+52.804,+12.595
8271.371,63,7,+52.833,+12.502
8274.372,63,7,+52.831,+12.524
8275.841,63,7,+52.827,+12.525
8276.575,63,7,+52.828,+12.536
8279.247,63,7,+52.836,+12.573
8284.561,63,7,+52.764,+12.405
8293.138,63,7,+52.664,+12.237
8296.829,63,7,+52.560,+12.101
8299.632,63,7,+52.476,+12.008
8300.384,63,7,+52.468,+11.999
8303.759,63,7,+52.438,+11.991
8306.459,63,7,+52.368,+11.931
8313.263,63,7,+52.231,+11.788
8318.997,63,7,+52.336,+11.757
8323.798,63,7,+52.015,+11.596
8325.659,63,7,+52.121,+11.665
8329.14,63,7,+52.190,+11.736
8332.671,63,7,+52.145,+11.688
8336.76,63,7,+52.096,+11.602
8340.501,63,7,+52.200,+11.519
8345.672,63,7,+52.125,+11.362
8349.9,63,7,+52.080,+11.319
8353.947,63,7,+52.022,+11.270
8356.978,63,7,+51.982,+11.275
8358.432,63,7,+51.948,+11.284
8359.166,63,7,+51.936,+11.290
8361.822,63,7,+51.921,+11.330
8367.181,63,7,+51.921,+11.215
8375.806,63,7,+51.809,+11.047
8379.556,63,7,+51.690,+10.978
8382.306,63,7,+51.526,+10.840
8383.088,63,7,+51.507,+10.823
8386.431,63,7,+51.551,+10.793
8389.135,63,7,+51.593,+10.729
8395.937,63,7,+51.515,+10.658
8401.693,63,7,+51.466,+10.659
8406.427,63,7,+51.211,+10.481
8408.274,63,7,+51.248,+10.507
8411.728,63,7,+51.296,+10.549
8415.237,63,7,+51.132,+10.499
8419.33,63,7,+51.037,+10.420
8423.071,63,7,+51.067,+10.336
8428.168,63,7,+50.892,+10.123
8432.372,63,7,+50.793,+10.013
8436.498,63,7,+50.721,+9.995
8439.513,63,7,+50.621,+10.021
8440.961,63,7,+50.557,+10.026
8441.698,63,7,+50.551,+10.032
8444.371,63,7,+50.519,+10.081
8449.827,63,7,+50.514,+10.108
8458.56,63,7,+50.592,+9.996
8462.29,63,7,+50.579,+9.788
8465.063,63,7,+50.628,+9.688
8465.852,63,7,+50.634,+9.680
8469.198,63,7,+50.644,+9.659
8471.893,63,7,+50.602,+9.594
8478.827,63,7,+50.679,+9.647
8484.556,63,7,+50.690,+9.706
8489.494,63,7,+50.591,+9.662
8491.327,63,7,+50.644,+9.709
8494.845,63,7,+50.659,+9.741
8498.445,63,7,+50.763,+9.804
8502.61,63,7,+50.835,+9.804
8506.438,63,7,+51.003,+9.818
8511.752,63,7,+51.168,+9.825
8516.627,63,7,+51.435,+9.925
8520.318,63,7,+51.577,+9.966
8523.371,63,7,+51.623,+10.020
8524.992,63,7,+51.732,+10.094
8525.744,63,7,+51.770,+10.115
8528.416,63,7,+51.820,+10.198
8533.947,63,7,+52.001,+10.166
8542.758,63,7,+52.232,+10.119
8546.53,63,7,+52.222,+9.936
8549.398,63,7,+52.414,+9.835
8550.197,63,7,+52.431,+9.825
8553.557,63,7,+52.440,+9.806
8556.26,63,7,+52.350,+9.745
8563.244,63,7,+52.548,+9.793
8568.916,63,7,+52.619,+9.790
8573.713,63,7,+52.452,+9.626
8575.556,63,7,+52.551,+9.666
8579.041,63,7,+52.592,+9.714
8582.681,63,7,+52.663,+9.781
8586.875,63,7,+52.699,+9.727
8590.542,63,7,+52.763,+9.670
8595.698,63,7,+52.696,+9.509
8600.012,63,7,+52.819,+9.443
8604.116,63,7,+52.874,+9.403
8607.159,63,7,+52.847,+9.414
8608.613,63,7,+52.868,+9.428
8609.345,63,7,+52.883,+9.437
8612.015,63,7,+52.876,+9.490
8617.439,63,7,+52.936,+9.349
8626.243,63,7,+53.043,+9.187
8630.128,63,7,+53.219,+9.178
8632.931,63,7,+53.304,+9.025
8633.697,63,7,+53.309,+9.012
8637.072,63,7,+53.293,+8.989
8639.791,63,7,+53.249,+8.945
8646.744,63,7,+53.475,+8.888
8652.46,63,7,+53.653,+8.841
8657.341,63,7,+53.587,+8.784
8659.184,63,7,+53.696,+8.814
8662.699,63,7,+53.740,+8.864
8666.292,63,7,+53.763,+8.871
8670.511,63,7,+53.836,+8.898
8674.309,63,7,+53.969,+8.857
8679.624,63,7,+54.049,+8.874
8683.943,63,7,+54.107,+8.833
8688.068,63,7,+54.218,+8.864
8691.079,63,7,+54.187,+8.882
8692.584,63,7,+54.190,+8.894
8693.322,63,7,+54.198,+8.896
8695.977,63,7,+54.184,+8.944
8701.459,63,7,+54.206,+8.866
8710.319,63,7,+54.391,+8.667
8714.225,63,7,+54.591,+8.538
8717.069,63,7,+54.726,+8.468
8717.866,63,7,+54.744,+8.465
8721.225,63,7,+54.729,+8.424
8723.944,63,7,+54.678,+8.356
8730.819,63,7,+54.814,+8.250
8736.6,63,7,+55.024,+8.228
8741.475,63,7,+54.965,+8.039
8743.342,63,7,+55.101,+8.108
8746.861,63,7,+55.180,+8.168
8750.45,63,7,+55.141,+8.066
8754.575,63,7,+55.134,+7.989
8758.341,63,7,+55.253,+7.850
8763.622,63,7,+55.235,+7.695
8767.972,63,7,+55.435,+7.659
8772.027,63,7,+55.470,+7.641
8775.015,63,7,+55.423,+7.643
8776.515,63,7,+55.428,+7.638
8777.218,63,7,+55.435,+7.634
8779.874,63,7,+55.405,+7.653
8785.468,63,7,+55.506,+7.475
8794.139,63,7,+55.655,+7.374
8797.973,63,7,+55.844,+7.244
8800.769,63,7,+55.909,+7.152
8801.58,63,7,+55.920,+7.146
8804.903,63,7,+55.931,+7.163
8807.669,63,7,+55.861,+7.161
8814.517,63,7,+55.944,+7.084
8820.227,63,7,+56.067,+7.070
8825.116,63,7,+55.809,+6.845
8826.959,63,7,+55.913,+6.934
8830.458,63,7,+55.978,+7.025
8834.036,63,7,+55.918,+6.913
8838.2,63,7,+55.963,+6.869
8841.841,63,7,+55.957,+6.716
8846.981,63,7,+55.774,+6.484
8851.278,63,7,+55.788,+6.493
8855.327,63,7,+55.786,+6.400
8858.4,63,7,+55.803,+6.435
8859.836,63,7,+55.802,+6.427
8860.586,63,7,+55.807,+6.424
8863.29,63,7,+55.818,+6.446
8868.68,63,7,+55.764,+6.250
8877.356,63,7,+55.883,+6.078
8881.153,63,7,+55.964,+5.946
8883.981,63,7,+56.023,+5.859
8884.763,63,7,+56.034,+5.855
8888.122,63,7,+56.052,+5.870
8890.856,63,7,+56.018,+5.833
8897.653,63,7,+56.019,+5.721
8903.356,63,7,+56.163,+5.622
8908.247,63,7,+56.024,+5.386
8910.044,63,7,+56.117,+5.404
8913.497,63,7,+56.176,+5.442
8917.091,63,7,+56.152,+5.385
8921.247,63,7,+56.141,+5.318
8924.984,63,7,+56.250,+5.192
8930.145,63,7,+56.192,+5.013
8934.418,63,7,+56.196,+4.957
8938.429,63,7,+56.135,+4.874
8941.46,63,7,+56.089,+4.886
8942.931,63,7,+56.100,+4.873
8943.666,63,7,+56.103,+4.868
8946.313,63,7,+56.041,+4.896
8951.677,63,7,+55.970,+4.767
8960.388,63,7,+56.040,+4.655
8964.144,63,7,+56.028,+4.414
8966.95,63,7,+56.069,+4.290
8967.713,63,7,+56.076,+4.274
8971.065,63,7,+56.097,+4.244
8973.759,63,7,+55.983,+4.184
8980.674,63,7,+55.945,+4.209
8986.395,63,7,+56.023,+4.081
8991.259,63,7,+55.876,+4.034
8993.092,63,7,+55.965,+4.049
8996.586,63,7,+55.991,+4.083
9000.043,63,7,+55.886,+3.983
9004.169,63,7,+55.844,+3.945
9007.94,63,7,+55.919,+3.889
9013.103,63,7,+55.811,+3.703
9017.409,63,7,+55.931,+3.678
9021.459,63,7,+56.005,+3.691
9024.483,63,7,+55.966,+3.734
9026.03,63,7,+55.951,+3.722
9026.681,63,7,+55.948,+3.723
9029.342,63,7,+55.892,+3.754
9034.817,63,7,+55.953,+3.707
9043.527,63,7,+56.066,+3.605
9047.388,63,7,+56.232,+3.423
9050.2,63,7,+56.310,+3.330
9050.997,63,7,+56.315,+3.319
9054.243,63,7,+56.253,+3.248
9056.923,63,7,+56.170,+3.185
9063.93,63,7,+56.398,+3.250
9069.871,63,7,+56.752,+3.385
9074.825,63,7,+56.682,+3.407
9076.684,63,7,+56.799,+3.462
9080.199,63,7,+56.850,+3.508
9083.657,63,7,+56.717,+3.383
9087.859,63,7,+56.789,+3.407
9091.617,63,7,+56.861,+3.340
9096.797,63,7,+56.832,+3.259
9101.091,63,7,+56.949,+3.222
9105.171,63,7,+56.954,+3.245
9108.126,63,7,+56.897,+3.227
9109.611,63,7,+56.901,+3.221
9110.342,63,7,+56.915,+3.224
9113.009,63,7,+56.911,+3.257
9118.447,63,7,+56.854,+3.195
9127.284,63,7,+57.076,+3.208
9131.049,63,7,+57.136,+2.982
9133.84,63,7,+57.165,+2.855
9134.602,63,7,+57.167,+2.844
9137.96,63,7,+57.161,+2.832
9140.641,63,7,+57.134,+2.777
9147.516,63,7,+57.241,+2.772
9153.266,63,7,+57.398,+2.740
9158.113,63,7,+57.141,+2.619
9159.997,63,7,+57.209,+2.639
9163.459,63,7,+57.243,+2.676
9166.985,63,7,+57.088,+2.542
9171.184,63,7,+57.089,+2.563
9175.0,63,7,+57.209,+2.490
9180.216,63,7,+57.100,+2.421
9184.527,63,7,+57.173,+2.461
9188.604,63,7,+57.234,+2.467
9191.62,63,7,+57.188,+2.504
9193.084,63,7,+57.201,+2.497
9193.815,63,7,+57.212,+2.493
9196.486,63,7,+57.222,+2.536
9201.923,63,7,+57.205,+2.548
9210.767,63,7,+57.307,+2.539
9214.634,63,7,+57.404,+2.492
9217.416,63,7,+57.372,+2.384
9218.181,63,7,+57.369,+2.378
9221.509,63,7,+57.365,+2.365
9224.197,63,7,+57.353,+2.358
9231.146,63,7,+57.465,+2.364
9236.892,63,7,+57.472,+2.293
9241.671,63,7,+57.308,+2.221
9243.505,63,7,+57.384,+2.218
9247.006,63,7,+57.401,+2.229
9250.59,63,7,+57.349,+2.250
9254.85,63,7,+57.437,+2.317
9258.541,63,7,+57.399,+2.183
9263.712,63,7,+57.268,+2.137
9268.056,63,7,+57.322,+2.154
9272.19,63,7,+57.419,+2.148
9275.189,63,7,+57.407,+2.171
9276.691,63,7,+57.401,+2.160
9277.434,63,7,+57.415,+2.170
9280.075,63,7,+57.394,+2.213
9285.653,63,7,+57.476,+2.198
9294.431,63,7,+57.725,+2.167
9298.216,63,7,+57.759,+2.000
9301.138,63,7,+57.788,+2.007
9301.919,63,7,+57.503,+2.015
8.61,12,7,,
3256.048,12,7,+0.695,
3259.182,12,6,+0.695,
3259.264,12,6,+0.648,+0.234
3266.395,12,7,+0.648,+0.234
3266.599,12,7,+0.827,+0.133
3272.895,12,7,+1.106,+0.033
3277.973,12,6,+1.106,+0.033
3278.061,12,6,+1.051,+0.190
3280.231,12,6,+1.266,+0.278
3283.692,12,6,+1.313,+0.288
3287.746,12,6,+1.560,+0.218
3292.447,12,6,+1.954,+0.351
3296.361,12,6,+2.110,+0.365
3302.361,12,6,+2.624,+0.206
3307.114,12,6,+2.925,+0.340
3311.431,12,6,+3.116,+0.455
3314.758,12,6,+3.201,+0.559
3316.367,12,6,+3.280,+0.616
3317.164,12,6,+3.304,+0.641
3320.008,12,6,+3.331,+0.728
3325.633,12,6,+3.482,+0.910
3334.571,12,6,+3.526,+0.862
3338.571,12,6,+3.619,+0.915
3341.352,12,6,+3.616,+0.841
3342.102,12,6,+3.607,+0.830
3345.539,12,6,+3.523,+0.804
3348.164,12,6,+3.385,+0.785
3354.976,12,6,+3.203,+0.677
3361.3,12,6,+3.460,+0.877
3366.233,12,6,+3.452,+0.891
3368.124,12,6,+3.457,+0.911
3371.717,12,6,+3.434,+0.934
3375.496,12,6,+3.462,+0.969
3379.861,12,6,+3.501,+0.887
3383.676,12,6,+3.438,+0.749
3388.872,12,6,+3.186,+0.523
3393.396,12,6,+3.225,+0.540
3397.608,12,6,+3.257,+0.589
3400.685,12,6,+3.183,+0.567
3402.272,12,6,+3.185,+0.596
3403.0,12,6,+3.191,+0.614
3405.844,12,6,+3.169,+0.675
3411.436,12,6,+3.273,+0.772
3420.746,12,6,+3.342,+0.853
3424.452,12,6,+3.460,+0.978
3427.264,12,6,+3.472,+0.849
3428.046,12,6,+3.466,+0.833
3431.405,12,6,+3.385,+0.797
3434.077,12,6,+3.221,+0.791
3440.867,12,6,+3.121,+0.740
3446.887,12,6,+3.205,+0.823
3451.94,12,6,+3.366,+0.794
3453.8,12,6,+3.407,+0.800
3457.387,12,6,+3.392,+0.793
3461.121,12,6,+3.446,+0.831
3465.483,12,6,+3.520,+0.823
3469.385,12,6,+3.588,+0.834
3474.694,12,6,+3.554,+0.753
3479.186,12,6,+3.624,+0.748
3483.374,12,6,+3.670,+0.788
3486.602,12,6,+3.675,+0.812
3488.133,12,6,+3.731,+0.850
3488.914,12,6,+3.760,+0.870
3491.763,12,6,+3.811,+0.965
3497.401,12,6,+3.959,+1.089
3506.415,12,6,+4.010,+1.089
3510.388,12,6,+4.108,+1.178
3513.2,12,6,+4.127,+1.097
3513.955,12,6,+4.124,+1.084
3517.372,12,6,+4.033,+1.073
3520.102,12,6,+3.860,+1.115
3526.948,12,6,+3.858,+1.118
3532.914,12,6,+3.776,+1.170
3537.883,12,6,+3.837,+1.182
3539.749,12,6,+3.885,+1.200
3543.327,12,6,+3.869,+1.135
3547.014,12,6,+3.886,+1.099
3551.28,12,6,+3.879,+1.054
3555.155,12,6,+3.911,+1.054
3560.426,12,6,+3.961,+0.953
3564.899,12,6,+4.066,+0.966
3569.144,12,6,+4.157,+0.967
3572.233,12,6,+4.217,+0.966
3573.873,12,6,+4.273,+1.000
3574.612,12,6,+4.293,+1.017
3577.455,12,6,+4.335,+1.045
3583.101,12,6,+4.535,+1.127
3592.017,12,6,+4.586,+1.070
3595.993,12,6,+4.625,+1.147
3598.837,12,6,+4.614,+1.037
3599.634,12,6,+4.610,+1.023
3603.009,12,6,+4.545,+1.003
3605.774,12,6,+4.411,+1.065
3612.62,12,6,+4.419,+1.106
3618.761,12,6,+4.546,+1.254
3623.764,12,6,+4.572,+1.193
3625.67,12,6,+4.616,+1.169
3629.217,12,6,+4.584,+1.121
3632.952,12,6,+4.693,+1.097
3637.217,12,6,+4.751,+1.098
3641.045,12,6,+4.717,+1.019
3646.28,12,6,+4.731,+0.910
3650.685,12,6,+4.812,+0.856
3654.94,12,6,+4.943,+0.963
3658.149,12,6,+4.994,+0.979
3659.686,12,6,+5.055,+1.010
3660.42,12,6,+5.083,+1.032
3663.264,12,6,+5.133,+1.064
3668.885,12,6,+5.131,+1.157
3677.776,12,6,+5.191,+1.135
3681.751,12,6,+5.253,+1.197
3684.662,12,6,+5.330,+1.051
3685.451,12,6,+5.332,+1.029
3688.855,12,6,+5.289,+0.992
3691.542,12,6,+5.173,+1.008
3698.542,12,6,+5.311,+1.115
3704.417,12,6,+5.134,+1.026
3709.436,12,6,+5.213,+1.153
3711.312,12,6,+5.219,+1.158
3714.884,12,6,+5.173,+1.107
3718.575,12,6,+5.246,+1.192
3722.832,12,6,+5.268,+1.136
3726.718,12,6,+5.262,+1.072
3731.975,12,6,+5.279,+0.972
3736.402,12,6,+5.387,+1.015
3740.6,12,6,+5.460,+1.015
3743.694,12,6,+5.487,+1.007
3745.452,12,6,+5.520,+1.032
3746.13,12,6,+5.539,+1.054
3748.883,12,6,+5.586,+1.116
3754.532,12,6,+5.725,+1.246
3763.46,12,6,+5.823,+1.263
3767.461,12,6,+5.882,+1.383
3770.3,12,6,+5.937,+1.252
3771.047,12,6,+5.938,+1.231
3774.468,12,6,+5.895,+1.198
3777.181,12,6,+5.791,+1.247
3784.06,12,6,+5.875,+1.266
3789.973,12,6,+5.787,+1.293
3794.92,12,6,+5.826,+1.286
3796.814,12,6,+5.890,+1.291
3800.418,12,6,+5.862,+1.170
3804.086,12,6,+5.936,+1.239
3808.372,12,6,+5.998,+1.221
3812.214,12,6,+5.998,+1.157
3817.48,12,6,+6.038,+1.087
3821.917,12,6,+6.107,+1.065
3826.167,12,6,+6.274,+1.139
3829.308,12,6,+6.321,+1.177
3830.948,12,6,+6.374,+1.226
3831.683,12,6,+6.405,+1.254
3834.636,12,6,+6.526,+1.326
3840.167,12,6,+6.675,+1.475
3849.128,12,6,+6.699,+1.483
3853.12,12,6,+6.736,+1.589
3856.051,12,6,+6.843,+1.529
3856.794,12,6,+6.849,+1.514
3860.245,12,6,+6.806,+1.494
3862.963,12,6,+6.672,+1.484
3869.87,12,6,+6.748,+1.487
3875.714,12,6,+6.527,+1.358
3880.679,12,6,+6.574,+1.328
3882.549,12,6,+6.613,+1.338
3886.128,12,6,+6.575,+1.293
3889.823,12,6,+6.646,+1.363
3894.105,12,6,+6.698,+1.341
3898.042,12,6,+6.741,+1.356
3903.308,12,6,+6.683,+1.402
3907.73,12,6,+6.726,+1.444
3912.011,12,6,+6.802,+1.535
3915.214,12,6,+6.813,+1.571
3916.73,12,6,+6.815,+1.612
3917.451,12,6,+6.826,+1.638
3920.292,12,6,+6.861,+1.734
3925.964,12,6,+6.999,+1.841
3934.902,12,6,+7.060,+1.792
3938.886,12,6,+7.156,+1.914
3941.777,12,6,+7.238,+1.828
3942.546,12,6,+7.243,+1.812
3946.028,12,6,+7.211,+1.776
3948.699,12,6,+7.125,+1.746
3955.621,12,6,+7.146,+1.876
3961.511,12,6,+6.954,+1.731
3966.558,12,6,+7.015,+1.779
3968.372,12,6,+7.036,+1.782
3971.962,12,6,+6.988,+1.746
3975.639,12,6,+7.027,+1.831
3979.914,12,6,+7.076,+1.897
3983.791,12,6,+7.036,+1.839
3989.161,12,6,+6.942,+1.697
3993.402,12,6,+6.981,+1.663
3997.636,12,6,+7.013,+1.694
4000.82,12,6,+7.037,+1.722
4002.328,12,6,+7.051,+1.736
4003.032,12,6,+7.064,+1.755
4005.929,12,6,+7.110,+1.851
4011.53,12,6,+7.268,+1.983
4020.433,12,6,+7.261,+1.858
4024.417,12,6,+7.326,+1.956
4027.261,12,6,+7.350,+1.793
4028.042,12,6,+7.345,+1.771
4031.448,12,6,+7.312,+1.751
4034.172,12,6,+7.206,+1.747
4041.128,12,6,+7.224,+1.686
4046.975,12,6,+7.070,+1.574
4052.03,12,6,+7.031,+1.579
4053.906,12,6,+7.048,+1.578
4057.45,12,6,+6.982,+1.535
4061.104,12,6,+6.996,+1.636
4065.399,12,6,+7.043,+1.620
4069.404,12,6,+7.069,+1.641
4074.542,12,6,+7.035,+1.605
4078.964,12,6,+6.996,+1.562
4083.136,12,6,+6.989,+1.550
4086.324,12,6,+6.933,+1.578
4087.823,12,6,+6.929,+1.623
4088.542,12,6,+6.941,+1.637
4091.373,12,6,+6.946,+1.691
4097.011,12,6,+7.034,+1.720
4105.98,12,6,+7.045,+1.606
4109.886,12,6,+7.111,+1.648
4112.761,12,6,+7.178,+1.497
4113.526,12,6,+7.181,+1.476
4116.972,12,6,+7.167,+1.462
4119.776,12,6,+7.151,+1.527
4126.823,12,6,+7.352,+1.573
4132.828,12,6,+7.310,+1.662
4137.815,12,6,+7.338,+1.677
4139.691,12,6,+7.371,+1.685
4143.3,12,6,+7.341,+1.682
4147.065,12,6,+7.436,+1.858
4151.314,12,6,+7.432,+1.869
4155.199,12,6,+7.439,+1.791
4160.39,12,6,+7.326,+1.711
4164.828,12,6,+7.332,+1.682
4169.046,12,6,+7.351,+1.673
4172.201,12,6,+7.303,+1.667
4173.714,12,6,+7.310,+1.701
4174.444,12,6,+7.315,+1.721
4177.246,12,6,+7.300,+1.766
4182.873,12,6,+7.463,+1.792
4191.795,12,6,+7.558,+1.700
4195.872,12,6,+7.650,+1.723
4198.736,12,6,+7.729,+1.638
4199.486,12,6,+7.735,+1.624
4202.939,12,6,+7.703,+1.588
4205.699,12,6,+7.636,+1.590
4212.728,12,6,+7.698,+1.722
4218.625,12,6,+7.582,+1.718
4223.663,12,6,+7.585,+1.747
4225.604,12,6,+7.606,+1.721
4229.194,12,6,+7.582,+1.690
4232.973,12,6,+7.745,+1.890
4237.291,12,6,+7.803,+1.956
4241.202,12,6,+7.797,+1.889
4246.509,12,6,+7.756,+1.858
4250.95,12,6,+7.812,+1.921
4255.229,12,6,+7.841,+1.733
4258.294,12,6,+7.806,+1.713
4259.918,12,6,+7.798,+1.738
4260.635,12,6,+7.791,+1.753
4263.399,12,6,+7.744,+1.798
4269.014,12,6,+7.841,+1.890
4277.964,12,6,+7.911,+1.770
4281.935,12,6,+7.981,+1.820
4284.854,12,6,+8.004,+1.657
4285.636,12,6,+8.003,+1.635
4289.011,12,6,+7.963,+1.581
4291.761,12,6,+7.882,+1.544
4298.761,12,6,+7.948,+1.508
4304.728,12,6,+7.890,+1.592
4309.764,12,6,+7.839,+1.636
4311.654,12,6,+7.868,+1.659
4315.279,12,6,+7.850,+1.643
4318.998,12,6,+7.928,+1.761
4323.293,12,6,+7.930,+1.768
4327.217,12,6,+7.928,+1.724
4332.451,12,6,+7.832,+1.632
4336.951,12,6,+7.862,+1.624
4341.201,12,6,+7.905,+1.632
4344.399,12,6,+7.883,+1.645
4345.961,12,6,+7.888,+1.687
4346.64,12,6,+7.893,+1.705
4349.451,12,6,+7.877,+1.754
4355.061,12,6,+7.941,+1.880
4364.007,12,6,+8.028,+1.773
4368.048,12,6,+8.143,+1.868
4370.973,12,6,+8.233,+1.868
4371.728,12,6,+8.241,+0.605
4375.093,12,5,+8.241,+0.605
4375.174,12,5,+8.222,+1.666
4377.942,12,5,+8.164,+1.642
4384.926,12,5,+8.176,+1.688
4390.967,12,5,+8.194,+1.786
4395.92,12,5,+8.161,+1.712
4397.814,12,5,+8.229,+1.719
4401.42,12,5,+8.234,+1.703
4405.085,12,5,+8.224,+1.818
4409.372,12,5,+8.231,+1.835
4413.275,12,5,+8.235,+1.759
4418.451,12,5,+8.168,+1.672
4422.951,12,5,+8.211,+1.644
4427.233,12,5,+8.265,+1.682
4430.327,12,5,+8.258,+1.702
4431.92,12,5,+8.291,+1.760
4432.654,12,5,+8.310,+1.776
4435.451,12,5,+8.311,+1.809
4441.108,12,5,+8.386,+1.877
4450.058,12,5,+8.440,+1.790
4454.12,12,5,+8.551,+1.852
4457.042,12,5,+8.634,+1.852
4457.823,12,5,+8.640,+1.565
4461.167,12,4,+8.640,+1.565
4461.262,12,4,+8.626,+1.702
4464.042,12,4,+8.582,+1.652
4471.072,12,4,+8.677,+1.679
4477.015,12,4,+8.569,+1.614
4482.036,12,4,+8.629,+1.690
4483.858,12,4,+8.653,+1.671
4487.498,12,4,+8.626,+1.635
4491.201,12,4,+8.713,+1.781
4495.542,12,4,+8.795,+1.818
4499.461,12,4,+8.798,+1.760
4504.667,12,4,+8.739,+1.533
4509.06,12,4,+8.747,+1.514
4513.355,12,4,+8.805,+1.566
4516.429,12,4,+8.763,+1.580
4518.047,12,4,+8.798,+1.636
4518.78,12,4,+8.824,+1.664
4521.576,12,4,+8.838,+1.711
4527.233,12,4,+8.962,+1.831
4536.123,12,4,+9.006,+1.780
4540.155,12,4,+9.080,+1.829
4543.108,12,4,+9.056,+1.763
4543.873,12,4,+9.049,+1.746
4547.311,12,4,+9.010,+1.681
4550.061,12,4,+8.934,+1.602
4557.033,12,4,+9.030,+1.682
4562.973,12,4,+8.938,+1.614
4568.029,12,4,+8.965,+1.693
4569.872,12,4,+9.008,+1.695
4573.515,12,4,+8.995,+1.662
4577.199,12,4,+9.043,+1.737
4581.495,12,4,+9.026,+1.762
4585.386,12,4,+9.028,+1.733
4590.574,12,4,+8.842,+1.583
4595.058,12,4,+8.800,+1.543
4599.37,12,4,+8.904,+1.601
4602.449,12,4,+8.865,+1.589
4604.105,12,4,+8.890,+1.639
4604.824,12,4,+8.903,+1.655
4607.636,12,4,+8.945,+1.667
4613.277,12,4,+9.017,+1.692
4622.161,12,4,+7.950,+1.524
4626.265,12,4,+8.073,+1.524
4629.086,12,4,+8.167,+1.524
4629.835,12,3,+8.167,+1.524
4629.86,12,3,+8.178,+6.505
4633.204,12,2,+8.178,+6.505
4633.299,12,2,+8.193,+8.193
4636.089,12,2,+8.186,+8.186
4642.949,12,2,+8.056,+8.056
4648.901,12,2,+7.999,+7.999
4653.94,12,2,+8.021,+8.021
4655.795,12,2,+8.100,+8.100
4659.431,12,2,+8.142,+8.142
4663.075,12,2,+8.229,+8.229
4667.328,12,2,+8.243,+8.243
4671.26,12,2,+8.368,+8.368
4676.429,12,2,+8.321,+8.321
4680.933,12,2,+8.446,+8.446
4685.161,12,2,+8.451,+8.451
4688.201,12,2,+8.444,+8.444
4689.829,12,2,+8.468,+8.468
4690.53,12,2,+8.474,+8.474
4693.368,12,2,+8.542,+8.542
4698.977,12,2,+8.557,+8.557
4707.891,12,2,+8.469,+8.469
4715.605,12,2,+6.036,+6.036
4718.98,12,1,LAP 18,LAP 18
4801.183,12,1,LAP 19,LAP 19
4886.831,12,1,LAP 20,LAP 20
4972.32,12,1,LAP 21,LAP 21
5058.036,12,1,LAP 22,LAP 22
5146.574,12,1,LAP 23,LAP 23
5155.964,12,2,LAP 23,LAP 23
5156.949,12,3,LAP 23,LAP 23
5160.042,12,4,LAP 23,LAP 23
5161.402,12,5,LAP 23,LAP 23
5163.225,12,6,LAP 23,LAP 23
5170.986,12,6,+12.134,+4.875
5178.701,12,6,+12.957,+5.677
5184.701,12,6,+13.087,+5.899
5189.717,12,6,+13.097,+5.876
5191.639,12,6,+13.188,+5.973
5195.311,12,6,+13.217,+6.018
5199.076,12,6,+13.410,+6.258
5203.389,12,6,+13.527,+6.334
5207.214,12,6,+13.531,+6.303
5212.473,12,6,+13.564,+6.322
5216.949,12,6,+13.689,+6.355
5221.133,12,6,+13.780,+6.391
5224.215,12,6,+13.808,+6.400
5225.916,12,6,+13.894,+6.504
5226.603,12,6,+13.916,+6.537
5229.46,12,6,+13.973,+6.611
5235.009,12,6,+14.084,+6.730
5243.603,12,6,+13.959,+6.405
5247.494,12,6,+13.952,+6.404
5250.297,12,6,+13.965,+6.269
5251.063,12,6,+13.964,+6.251
5254.5,12,6,+13.949,+6.224
5257.204,12,6,+13.902,+6.191
5263.922,12,6,+13.810,+6.072
5269.75,12,6,+13.667,+5.951
5274.605,12,6,+13.518,+5.798
5276.433,12,6,+13.546,+5.823
5280.058,12,6,+13.550,+5.852
5283.683,12,6,+13.658,+5.956
5287.838,12,6,+13.678,+5.852
5291.642,12,6,+13.659,+5.776
5296.815,12,6,+13.565,+5.725
5301.237,12,6,+13.564,+5.683
5305.446,12,6,+13.533,+5.669
5308.436,12,6,+13.496,+5.621
5310.025,12,6,+13.489,+5.656
5310.733,12,6,+13.500,+5.668
5313.529,12,6,+13.515,+5.726
5319.045,12,6,+13.542,+5.754
5327.703,12,6,+13.250,+5.496
5331.585,12,6,+13.240,+5.525
5334.435,12,6,+13.288,+5.396
5335.205,12,6,+13.291,+5.381
5338.619,12,6,+13.279,+5.382
5341.361,12,6,+13.216,+5.440
5348.09,12,6,+13.126,+5.281
5353.95,12,6,+13.051,+5.205
5358.888,12,6,+12.917,+5.128
5360.7,12,6,+12.908,+5.130
5364.278,12,6,+12.890,+5.132
5367.903,12,6,+12.884,+5.169
5372.161,12,6,+12.900,+5.138
5376.029,12,6,+12.915,+5.106
5381.117,12,6,+12.815,+4.934
5385.529,12,6,+12.838,+4.858
5389.763,12,6,+12.820,+4.892
5392.794,12,6,+12.782,+4.884
5394.358,12,6,+12.795,+4.934
5395.077,12,6,+12.801,+4.962
5397.877,12,6,+12.799,+5.039
5403.358,12,6,+12.868,+5.049
5412.148,12,6,+12.793,+4.852
5416.003,12,6,+12.779,+4.900
5418.861,12,6,+12.783,+4.769
5419.633,12,6,+12.778,+4.751
5423.053,12,6,+12.757,+4.748
5425.86,12,6,+12.751,+4.801
5432.58,12,6,+12.669,+4.537
5438.429,12,6,+12.511,+4.480
5443.309,12,6,+12.289,+4.343
5445.177,12,6,+12.274,+4.368
5448.728,12,6,+12.256,+4.390
5452.323,12,6,+12.197,+4.430
5456.558,12,6,+12.166,+4.349
5460.315,12,6,+12.062,+4.187
5465.446,12,6,+11.957,+3.998
5469.866,12,6,+11.916,+3.898
5474.045,12,6,+11.878,+3.828
5477.092,12,6,+11.810,+3.769
5478.655,12,6,+11.830,+3.793
5479.389,12,6,+11.845,+3.808
5482.194,12,6,+11.860,+3.814
5487.774,12,6,+11.972,+3.825
5496.561,12,6,+11.852,+3.616
5500.498,12,6,+11.829,+3.627
5503.373,12,6,+11.871,+3.516
5504.108,12,6,+11.871,+3.499
5507.553,12,6,+11.862,+3.478
5510.296,12,6,+11.836,+3.466
5517.115,12,6,+11.675,+3.338
5523.076,12,6,+11.606,+3.350
5528.0,12,6,+11.459,+3.179
5529.899,12,6,+11.507,+3.189
5533.514,12,6,+11.537,+3.211
5537.22,12,6,+11.633,+3.296
5541.515,12,6,+11.639,+3.289
5545.331,12,6,+11.596,+3.202
5550.629,12,6,+11.550,+3.123
5555.063,12,6,+11.599,+3.095
5559.225,12,6,+11.614,+3.010
5562.386,12,6,+11.601,+3.007
5563.899,12,6,+11.636,+3.029
5564.642,12,6,+11.660,+3.047
5567.439,12,6,+11.694,+3.095
5573.045,12,6,+11.805,+3.106
5581.849,12,6,+11.598,+2.965
5585.814,12,6,+11.624,+2.918
5588.673,12,6,+11.697,+2.833
5589.42,12,6,+11.701,+2.820
5592.811,12,6,+11.685,+2.795
5595.561,12,6,+11.656,+2.769
5602.436,12,6,+11.626,+2.751
5608.249,12,6,+11.455,+2.646
5613.191,12,6,+11.409,+2.618
5615.031,12,6,+11.416,+2.607
5618.589,12,6,+11.412,+2.610
5622.245,12,6,+11.463,+2.642
5626.527,12,6,+11.516,+2.616
5630.386,12,6,+11.485,+2.548
5635.577,12,6,+11.398,+2.549
5640.083,12,6,+11.499,+2.590
5644.24,12,6,+11.493,+2.578
5647.273,12,6,+11.444,+2.570
5648.903,12,6,+11.461,+2.614
5649.661,12,6,+11.468,+2.643
5652.414,12,6,+11.484,+2.721
5657.96,12,6,+11.541,+2.752
5666.714,12,6,+11.410,+2.622
5670.667,12,6,+11.389,+2.654
5673.511,12,6,+11.431,+2.533
5674.261,12,6,+11.429,+2.514
5677.667,12,6,+11.410,+2.508
5680.417,12,6,+11.405,+2.555
5687.323,12,6,+11.385,+2.420
5693.199,12,6,+11.315,+2.335
5698.126,12,6,+11.220,+2.282
5699.975,12,6,+11.239,+2.302
5703.607,12,6,+11.234,+2.324
5707.23,12,6,+11.293,+2.391
5711.589,12,6,+11.202,+2.361
5715.464,12,6,+11.240,+2.343
5720.714,12,6,+11.096,+2.267
5725.311,12,6,+11.139,+2.311
5729.399,12,6,+11.151,+2.329
5732.491,12,6,+11.091,+2.292
5734.061,12,6,+11.104,+2.356
5734.799,12,6,+11.117,+2.383
5737.578,12,6,+11.117,+2.420
5743.16,12,6,+11.015,+2.405
5751.949,12,6,+10.850,+2.280
5755.87,12,6,+10.790,+2.244
5758.73,12,6,+10.812,+2.111
5759.48,12,6,+10.810,+2.094
5762.87,12,6,+10.782,+2.082
5765.605,12,6,+10.732,+2.080
5772.495,12,6,+10.685,+1.947
5778.402,12,6,+10.681,+2.037
5783.442,12,6,+10.581,+1.847
5785.272,12,6,+10.584,+1.836
5788.861,12,6,+10.588,+1.838
5792.581,12,6,+10.652,+1.943
5796.86,12,6,+10.634,+1.904
5800.741,12,6,+10.595,+1.869
5806.028,12,6,+10.483,+1.818
5810.453,12,6,+10.554,+1.854
5814.66,12,6,+10.613,+1.843
5817.716,12,6,+10.605,+1.857
5819.361,12,6,+10.625,+1.919
5820.079,12,6,+10.635,+1.949
5822.872,12,6,+10.575,+1.999
5828.375,12,6,+10.527,+1.952
5837.186,12,6,+10.362,+1.725
5841.154,12,6,+10.315,+1.686
5843.999,12,6,+10.336,+1.686
5844.776,12,5,+10.336,+1.686
5844.786,12,5,+10.336,+1.574
5848.149,12,5,+10.321,+1.525
5850.82,12,5,+10.280,+1.511
5857.801,12,5,+10.198,+1.488
5863.677,12,5,+10.105,+1.424
5868.685,12,5,+10.024,+1.409
5870.505,12,5,+10.078,+1.418
5874.151,12,5,+10.119,+1.419
5877.839,12,5,+10.111,+1.602
5882.12,12,5,+10.069,+1.623
5885.964,12,5,+10.040,+1.537
5891.167,12,5,+9.928,+1.504
5895.705,12,5,+10.024,+1.598
5899.86,12,5,+9.976,+1.584
5902.894,12,5,+9.915,+1.535
5904.523,12,5,+9.916,+1.618
5905.364,12,5,+9.919,+1.661
5908.015,12,5,+9.929,+1.731
5913.483,12,5,+9.836,+1.636
5922.311,12,5,+9.671,+1.499
5926.28,12,5,+9.646,+1.500
5929.123,12,5,+9.633,+1.378
5929.873,12,5,+9.632,+1.356
5933.28,12,5,+9.631,+1.285
5935.998,12,5,+9.647,+1.202
5942.92,12,5,+9.564,+1.140
5948.827,12,5,+9.538,+1.136
5953.799,12,5,+9.390,+1.109
5955.691,12,5,+9.403,+1.104
5959.26,12,5,+9.416,+1.066
5962.933,12,5,+9.442,+1.228
5967.23,12,5,+9.382,+1.218
5971.011,12,5,+9.344,+1.149
5976.264,12,5,+9.276,+1.144
5980.748,12,5,+9.312,+1.235
5984.936,12,5,+9.236,+1.259
5988.076,12,5,+9.166,+1.263
5989.592,12,5,+9.112,+1.333
5990.295,12,5,+9.086,+1.356
5993.076,12,5,+8.988,+1.406
5998.639,12,5,+8.987,+1.434
6007.452,12,5,+8.870,+1.299
6011.485,12,5,+8.947,+1.186
6014.323,12,5,+9.004,+1.056
6015.089,12,5,+9.008,+1.032
6018.48,12,5,+8.997,+0.956
6021.198,12,5,+8.969,+0.882
6028.153,12,5,+8.900,+0.791
6034.031,12,5,+8.881,+0.727
6039.043,12,5,+8.872,+0.719
6040.92,12,5,+8.920,+0.732
6044.483,12,5,+8.930,+0.690
6048.17,12,5,+8.995,+0.805
6052.514,12,5,+9.005,+0.836
6056.342,12,5,+9.025,+0.723
6061.581,12,5,+8.968,+0.701
6066.2,12,5,+9.031,+0.799
6070.36,12,5,+9.033,+0.765
6073.441,12,5,+8.991,+0.772
6075.021,12,5,+9.031,+0.866
6075.728,12,5,+9.050,+0.901
6078.531,12,5,+9.068,+0.955
6084.139,12,5,+9.088,+0.980
6092.995,12,5,+8.134,+0.917
6097.024,12,5,+8.335,+0.928
6099.894,12,5,+8.379,+0.818
6100.625,12,5,+8.380,+0.798
6103.93,12,4,+8.380,+0.798
6104.031,12,4,+8.359,+0.718
6106.744,12,4,+8.389,+0.682
6113.626,12,4,+8.239,+0.594
6119.533,12,4,+8.291,+0.594
6124.639,12,4,+8.303,+0.597
6126.542,12,4,+8.408,+0.633
6130.13,12,4,+8.448,+0.603
6133.833,12,4,+8.570,+0.710
6138.217,12,4,+8.577,+0.759
6141.978,12,4,+8.594,+0.617
6147.217,12,4,+8.585,+0.523
6151.795,12,4,+8.859,+0.587
6156.03,12,4,+8.916,+0.558
6159.154,12,4,+8.970,+0.540
6160.795,12,4,+9.097,+0.588
6161.545,12,4,+9.138,+0.611
6164.317,12,4,+9.201,+0.618
6170.3,12,4,+9.642,+0.915
6179.105,12,4,+9.629,+0.698
6183.16,12,4,+9.817,+0.838
6186.037,12,4,+9.849,+0.651
6186.756,12,4,+9.848,+0.620
6190.162,12,4,+9.796,+0.511
6192.756,12,4,+9.761,+0.397
6199.788,12,4,+9.779,+0.386
6205.725,12,4,+9.841,+0.382
6210.819,12,4,+9.881,+0.478
6212.709,12,4,+9.990,+0.495
6216.256,12,4,+10.004,+0.464
6220.116,12,4,+10.178,+0.654
6224.514,12,4,+10.314,+0.672
6228.368,12,4,+10.378,+0.621
6233.622,12,4,+10.409,+0.604
6238.233,12,4,+10.700,+0.650
6242.498,12,4,+10.722,+0.591
6245.717,12,4,+10.774,+0.577
6247.264,12,4,+10.863,+0.610
6247.983,12,4,+10.883,+0.627
6250.795,12,4,+10.923,+0.672
6256.514,12,4,+11.114,+0.716
6265.389,12,4,+11.210,+0.567
6269.461,12,4,+11.406,+0.629
6272.33,12,4,+11.443,+0.512
6273.033,12,4,+11.445,+0.491
6276.367,12,4,+11.378,+0.383
6279.03,12,4,+11.322,+0.269
6286.128,12,4,+11.532,+0.348
6292.028,12,4,+11.599,+0.333
6297.228,12,4,+11.724,+0.498
6299.135,12,4,+11.827,+0.520
6302.699,12,4,+11.853,+0.454
6306.529,12,4,+12.051,+0.630
6310.873,12,4,+12.153,+0.695
6314.717,12,4,+12.232,+0.628
6319.983,12,4,+12.243,+0.624
6324.545,12,4,+12.446,+0.712
6328.779,12,4,+12.466,+0.704
6331.842,12,4,+12.479,+0.663
6333.467,12,4,+12.551,+0.731
6334.201,12,4,+12.572,+0.748
6336.951,12,4,+12.589,+0.776
6342.483,12,4,+12.508,+0.703
6351.264,12,4,+12.510,+0.402
6355.248,12,4,+12.568,+0.402
6358.076,12,4,+12.554,+0.402
6358.842,12,3,+12.554,+0.402
6358.858,12,3,+12.558,+7.054
6362.261,12,3,+12.588,+7.035
6365.011,12,3,+12.579,+6.978
6371.828,12,3,+12.330,+6.738
6377.584,12,3,+12.302,+6.617
6382.626,12,3,+12.291,+6.468
6384.501,12,3,+12.409,+6.488
6388.104,12,3,+12.482,+6.516
6391.761,12,3,+12.519,+6.598
6396.011,12,3,+12.512,+6.564
6399.839,12,3,+12.519,+6.529
6405.045,12,3,+12.591,+6.464
6409.561,12,3,+12.740,+6.629
6413.772,12,3,+12.705,+6.299
6416.749,12,3,+12.683,+6.228
6418.358,12,3,+12.725,+6.211
6419.045,12,3,+12.734,+6.214
6421.827,12,3,+12.748,+6.228
6427.264,12,3,+12.697,+6.115
6436.011,12,3,+12.707,+5.856
6440.026,12,3,+12.758,+5.835
6442.808,12,3,+12.824,+5.752
6443.573,12,3,+12.829,+5.745
6446.979,12,3,+12.819,+5.729
6449.714,12,3,+12.778,+5.656
6456.638,12,3,+12.776,+5.546
6462.507,12,3,+12.834,+5.408
6467.46,12,3,+12.712,+5.418
6469.32,12,3,+12.821,+5.440
6472.945,12,3,+12.884,+5.485
6476.517,12,3,+12.903,+5.468
6480.786,12,3,+12.906,+5.406
6484.631,12,3,+12.932,+5.379
6489.886,12,3,+12.932,+5.258
6494.399,12,3,+13.053,+5.345
6498.603,12,3,+13.054,+5.272
6501.617,12,3,+13.025,+5.257
6503.194,12,3,+13.050,+5.237
6503.928,12,3,+13.067,+5.252
6506.713,12,3,+13.093,+5.302
6512.172,12,3,+13.045,+5.171
6520.961,12,3,+13.084,+5.011
6524.951,12,3,+13.178,+5.048
6527.762,12,3,+13.267,+4.980
6528.542,12,3,+13.276,+4.975
6531.95,12,3,+13.274,+4.952
6534.696,12,3,+13.236,+4.880
6541.518,12,3,+13.074,+4.694
6547.322,12,3,+13.074,+4.562
6552.374,12,3,+13.049,+4.525
6554.194,12,3,+13.153,+4.551
6557.799,12,3,+13.256,+4.593
6561.455,12,3,+13.300,+4.652
6565.643,12,3,+13.183,+4.549
6569.486,12,3,+13.255,+4.556
6574.654,12,3,+13.172,+4.390
6579.116,12,3,+13.222,+4.415
6583.397,12,3,+13.248,+4.303
6586.4,12,3,+13.198,+4.303
6587.973,12,3,+13.211,+4.292
6588.691,12,3,+13.226,+4.313
6591.494,12,3,+13.295,+4.388
6597.101,12,3,+13.318,+4.430
6605.985,12,3,+13.159,+4.297
6609.855,12,3,+13.159,+4.263
6612.712,12,3,+4.204,+4.263
6613.509,12,3,+10.776,+4.200
6616.828,12,2,+10.776,+4.200
6616.899,12,2,+4.179,+4.179
6619.621,12,2,+4.109,+4.109
6626.49,12,2,+3.975,+3.975
6632.29,12,2,+3.800,+3.800
6637.329,12,2,+3.778,+3.778
6639.173,12,2,+3.786,+3.786
6642.772,12,2,+3.735,+3.735
6646.387,12,2,+3.712,+3.712
6650.622,12,2,+3.623,+3.623
6654.503,12,2,+3.627,+3.627
6659.646,12,2,+3.466,+3.466
6664.114,12,2,+3.569,+3.569
6668.354,12,2,+3.601,+3.601
6671.393,12,2,+3.570,+3.570
6672.947,12,2,+3.552,+3.552
6673.66,12,2,+3.564,+3.564
6676.428,12,2,+3.636,+3.636
6681.942,12,2,+3.560,+3.560
6690.714,12,2,+3.411,+3.411
6694.631,12,2,+3.396,+3.396
6697.503,12,2,+3.364,+3.364
6698.292,12,2,+3.362,+3.362
6701.701,12,2,+3.340,+3.340
6704.461,12,2,+3.267,+3.267
6711.328,12,2,+3.126,+3.126
6717.139,12,2,+2.909,+2.909
6722.239,12,2,+2.949,+2.949
6724.075,12,2,+2.939,+2.939
6727.652,12,2,+2.941,+2.941
6731.295,12,2,+2.957,+2.957
6735.501,12,2,+2.909,+2.909
6739.317,12,2,+2.835,+2.835
6744.543,12,2,+2.706,+2.706
6749.03,12,2,+2.817,+2.817
6753.173,12,2,+2.702,+2.702
6756.193,12,2,+2.693,+2.693
6758.494,12,2,+2.706,+2.706
6761.261,12,2,+2.769,+2.769
6766.748,12,2,+2.702,+2.702
6775.438,12,2,+2.389,+2.389
6783.0,12,1,LAP 41,LAP 41
6783.0,12,1,LAP 42,LAP 42
6867.739,12,1,LAP 43,LAP 43
6952.53,12,1,LAP 44,LAP 44
7037.174,12,1,LAP 45,LAP 45
7121.729,12,1,LAP 46,LAP 46
7140.704,12,2,LAP 46,LAP 46
7140.972,12,2,+0.160,+0.160
7146.274,12,2,+0.476,+0.476
7148.161,12,2,+0.614,+0.614
7151.787,12,2,+0.687,+0.687
7155.645,12,2,+0.947,+0.947
7160.014,12,2,+1.125,+1.125
7163.785,12,2,+1.276,+1.276
7169.009,12,2,+1.264,+1.264
7173.549,12,2,+1.556,+1.556
7177.85,12,2,+1.697,+1.697
7180.86,12,2,+1.714,+1.714
7182.452,12,2,+1.788,+1.788
7183.186,12,2,+1.824,+1.824
7186.078,12,2,+1.918,+1.918
7191.56,12,2,+2.064,+2.064
7200.401,12,2,+2.235,+2.235
7204.394,12,2,+2.381,+2.381
7207.292,12,2,+2.457,+2.457
7208.045,12,2,+2.462,+2.462
7211.434,12,2,+2.446,+2.446
7214.169,12,2,+2.440,+2.440
7221.047,12,2,+2.548,+2.548
7226.799,12,2,+2.646,+2.646
7233.672,12,2,+2.785,+2.785
7237.277,12,2,+2.864,+2.864
7240.883,12,2,+2.963,+2.963
7245.26,12,2,+3.036,+3.036
7248.993,12,2,+3.179,+3.179
7254.151,12,2,+3.159,+3.159
7258.66,12,2,+3.394,+3.394
7262.906,12,2,+3.522,+3.522
7265.962,12,2,+3.506,+3.506
7267.427,12,2,+3.554,+3.554
7268.138,12,2,+3.585,+3.585
7270.917,12,2,+3.636,+3.636
7276.46,12,2,+3.723,+3.723
7285.412,12,2,+3.804,+3.804
7289.235,12,2,+3.852,+3.852
7292.102,12,2,+3.920,+3.920
7292.853,12,2,+3.928,+3.928
7296.299,12,2,+3.933,+3.933
7299.017,12,2,+3.892,+3.892
7306.029,12,2,+3.915,+3.915
7311.785,12,2,+3.974,+3.974
7316.791,12,2,+3.913,+3.913
7318.608,12,2,+4.020,+4.020
7322.26,12,2,+4.085,+4.085
7325.814,12,2,+4.121,+4.121
7330.023,12,2,+4.152,+4.152
7333.862,12,2,+4.293,+4.293
7339.045,12,2,+4.132,+4.132
7343.467,12,2,+4.244,+4.244
7347.713,12,2,+4.228,+4.228
7350.69,12,2,+4.165,+4.165
7352.232,12,2,+4.149,+4.149
7353.015,12,2,+4.144,+4.144
7355.722,12,2,+4.105,+4.105
7361.293,12,2,+4.032,+4.032
7370.034,12,2,+4.040,+4.040
7373.979,12,2,+4.103,+4.103
7376.791,12,2,+4.173,+4.173
7377.627,12,2,+4.180,+4.180
7380.963,12,2,+4.186,+4.186
7383.685,12,2,+4.177,+4.177
7390.633,12,2,+4.213,+4.213
7396.394,12,2,+4.269,+4.269
7401.393,12,2,+4.184,+4.184
7403.313,12,2,+4.261,+4.261
7406.87,12,2,+4.322,+4.322
7410.46,12,2,+4.367,+4.367
7414.745,12,2,+4.469,+4.469
7418.604,12,2,+4.559,+4.559
7423.828,12,2,+4.513,+4.513
7428.299,12,2,+4.702,+4.702
7432.471,12,2,+4.711,+4.711
7435.427,12,2,+4.656,+4.656
7436.989,12,2,+4.686,+4.686
7437.702,12,2,+4.714,+4.714
7440.46,12,2,+4.771,+4.771
7446.085,12,2,+4.830,+4.830
7454.872,12,2,+4.917,+4.917
7458.838,12,2,+4.978,+4.978
7461.667,12,2,+5.073,+5.073
7462.417,12,2,+5.085,+5.085
7465.854,12,2,+5.123,+5.123
7468.573,12,2,+5.148,+5.148
7475.514,12,2,+5.135,+5.135
7481.292,12,2,+5.203,+5.203
7486.354,12,2,+5.141,+5.141
7488.136,12,2,+5.242,+5.242
7491.713,12,2,+5.343,+5.343
7495.301,12,2,+5.312,+5.312
7499.513,12,2,+5.266,+5.266
7503.372,12,2,+5.374,+5.374
7508.583,12,2,+5.382,+5.382
7513.089,12,2,+5.596,+5.596
7517.229,12,2,+5.645,+5.645
7520.216,12,2,+5.603,+5.603
7521.772,12,2,+5.642,+5.642
7522.494,12,2,+5.668,+5.668
7525.333,12,2,+5.717,+5.717
7530.799,12,2,+5.805,+5.805
7539.663,12,2,+5.894,+5.894
7543.628,12,2,+6.028,+6.028
7546.502,12,2,+6.129,+6.129
7547.303,12,2,+6.139,+6.139
7550.684,12,2,+6.150,+6.150
7553.371,12,2,+6.131,+6.131
7560.314,12,2,+6.166,+6.166
7566.077,12,2,+6.222,+6.222
7571.1,12,2,+6.212,+6.212
7572.949,12,2,+6.318,+6.318
7576.542,12,2,+6.388,+6.388
7580.167,12,2,+6.495,+6.495
7584.417,12,2,+6.499,+6.499
7588.26,12,2,+6.656,+6.656
7593.495,12,2,+6.574,+6.574
7597.885,12,2,+6.703,+6.703
7602.12,12,2,+6.783,+6.783
7605.12,12,2,+6.791,+6.791
7606.699,12,2,+6.821,+6.821
7607.413,12,2,+6.833,+6.833
7610.16,12,2,+6.851,+6.851
7615.635,12,2,+6.852,+6.852
7624.473,12,2,+6.940,+6.940
7628.541,12,2,+7.108,+7.108
7631.345,12,2,+7.180,+7.180
7632.077,12,2,+7.186,+7.186
7635.515,12,2,+7.203,+7.203
7638.225,12,2,+7.207,+7.207
7645.147,12,2,+6.922,+6.922
7650.872,12,2,+6.904,+6.904
7655.917,12,2,+6.944,+6.944
7657.746,12,2,+7.046,+7.046
7661.328,12,2,+7.126,+7.126
7664.998,12,2,+7.171,+7.171
7669.218,12,2,+7.174,+7.174
7673.099,12,2,+7.254,+7.254
7678.355,12,2,+7.248,+7.248
7682.8,12,2,+7.389,+7.389
7687.013,12,2,+7.437,+7.437
7690.03,12,2,+7.407,+7.407
7691.56,12,2,+7.438,+7.438
7692.29,12,2,+7.464,+7.464
7695.072,12,2,+7.505,+7.505
7700.569,12,2,+7.615,+7.615
7709.366,12,2,+7.676,+7.676
7713.319,12,2,+7.806,+7.806
7716.163,12,2,+7.874,+7.874
7716.929,12,2,+7.883,+7.883
7720.272,12,2,+7.892,+7.892
7723.007,12,2,+7.863,+7.863
7729.889,12,2,+7.814,+7.814
7735.677,12,2,+7.888,+7.888
7740.66,12,2,+7.952,+7.952
7742.561,12,2,+8.033,+8.033
7746.113,12,2,+8.089,+8.089
7749.738,12,2,+8.174,+8.174
7753.993,12,2,+8.205,+8.205
7757.803,12,2,+8.357,+8.357
7763.027,12,2,+8.271,+8.271
7767.481,12,2,+8.440,+8.440
7771.685,12,2,+8.505,+8.505
7774.745,12,2,+8.483,+8.483
7776.24,12,2,+8.524,+8.524
7776.959,12,2,+8.549,+8.549
7779.732,12,2,+8.598,+8.598
7785.217,12,2,+8.501,+8.501
7794.091,12,2,+8.581,+8.581
7808.501,12,3,+8.581,+8.581
7810.613,12,4,+8.581,+8.581
7813.944,12,5,+8.581,+8.581
7820.932,12,6,+8.581,+8.581
7828.341,12,6,+29.303,+4.531
7835.696,12,6,+29.720,+4.988
7841.503,12,6,+29.783,+4.907
7846.401,12,6,+29.497,+4.860
7848.276,12,6,+29.532,+4.892
7851.807,12,6,+29.562,+4.895
7855.447,12,6,+29.604,+5.101
7859.557,12,6,+29.488,+5.066
7863.275,12,6,+29.497,+4.925
7868.4,12,6,+29.365,+4.900
7872.791,12,6,+29.478,+4.995
7876.885,12,6,+29.361,+4.883
7879.838,12,6,+29.295,+4.820
7881.369,12,6,+29.256,+4.846
7882.104,12,6,+29.234,+4.856
7884.775,12,6,+29.192,+4.849
7890.088,12,6,+28.969,+4.695
7898.638,12,6,+28.694,+4.123
7902.482,12,6,+28.643,+4.018
7905.263,12,6,+28.583,+3.782
7905.997,12,6,+28.580,+3.750
7909.372,12,6,+28.637,+3.682
7912.044,12,6,+28.615,+3.584
7918.763,12,6,+28.260,+3.317
7924.466,12,6,+28.247,+3.127
7929.326,12,6,+28.028,+3.024
7931.122,12,6,+28.042,+3.006
7934.654,12,6,+28.060,+2.965
7938.154,12,6,+27.990,+3.049
7942.279,12,6,+27.812,+2.850
7946.022,12,6,+27.818,+2.746
7951.024,12,6,+27.560,+2.578
7955.415,12,6,+27.638,+2.585
7959.415,12,6,+27.423,+2.396
7962.353,12,6,+27.348,+2.303
7963.856,12,6,+27.294,+2.281
7964.563,12,6,+27.292,+2.284
7967.261,12,6,+27.294,+2.279
7972.645,12,6,+27.137,+2.146
7981.216,12,6,+26.925,+1.886
7985.044,12,6,+26.951,+1.711
7987.747,12,6,+26.941,+1.546
7988.559,12,6,+26.941,+1.520
7991.859,12,6,+26.924,+1.449
7994.517,12,6,+26.903,+1.343
8001.3,12,6,+26.561,+1.137
8007.062,12,6,+26.648,+0.935
8011.995,12,6,+26.470,+0.934
8013.813,12,6,+26.542,+0.899
8017.444,12,5,+26.542,+0.899
8017.534,12,5,+26.781,+0.914
8021.459,12,5,+27.050,+1.186
8025.728,12,5,+26.964,+1.046
8031.591,12,5,+29.116,+2.186
8038.798,12,5,+30.990,+1.976
8043.977,12,5,+31.793,+1.781
8049.047,12,5,+32.639,+1.277
8053.918,12,5,+34.443,+1.213
8056.031,12,5,+34.994,+1.379
8057.041,12,5,+35.326,+1.508
8060.842,12,5,+36.417,+1.937
8066.873,12,5,+35.877,+1.695
8078.414,12,5,+35.077,+1.667
8088.213,12,5,+34.299,+1.135
8092.466,12,3,+34.299,+1.135
8092.517,12,3,+34.299,+12.469
8097.341,12,3,+18.781,+12.010
8105.979,12,4,+18.781,+12.010
8106.4,12,4,+19.786,+0.394
8115.338,12,4,+19.109,+0.418
8120.229,12,4,+18.252,+0.427
8122.119,12,4,+15.993,+0.437
8125.685,12,4,+14.614,+0.397
8129.545,12,4,+14.688,+0.528
8133.904,12,4,+14.784,+0.701
8137.592,12,4,+14.805,+0.630
8142.795,12,4,+14.616,+0.683
8147.18,12,4,+14.776,+0.856
8151.275,12,4,+14.877,+0.945
8154.244,12,4,+14.949,+0.963
8155.807,12,4,+14.969,+0.972
8156.635,12,4,+14.981,+0.968
8159.166,12,4,+15.034,+0.985
8164.541,12,4,+15.077,+1.172
8173.1,12,4,+15.254,+1.308
8176.924,12,4,+15.358,+1.399
8179.682,12,4,+15.455,+1.392
8180.463,12,4,+15.466,+1.388
8183.775,12,4,+15.484,+1.349
8186.463,12,4,+15.486,+1.259
8193.154,12,4,+15.364,+0.631
8198.757,12,3,+15.364,+0.631
8198.827,12,3,+15.366,+9.568
8203.715,12,3,+15.366,+9.606
8205.496,12,3,+15.400,+9.585
8208.959,12,3,+15.403,+9.575
8212.494,12,3,+15.379,+9.561
8216.588,12,3,+15.349,+9.434
8220.328,12,3,+15.404,+9.419
8225.46,12,3,+15.204,+9.281
8229.76,12,3,+15.268,+9.284
8233.737,12,3,+15.234,+9.188
8236.81,12,3,+15.274,+9.223
8238.278,12,3,+15.250,+9.202
8238.965,12,3,+15.248,+9.211
8241.723,12,3,+15.312,+9.316
8241.729,12,3,+15.248,+9.211
8241.73,12,3,+15.312,+9.316
8247.035,12,3,+15.263,+9.272
8255.586,12,3,+15.125,+9.045
8259.371,12,3,+15.107,+8.944
8262.085,12,3,+14.968,+8.776
8262.871,12,3,+14.953,+8.763
8266.245,12,3,+14.905,+8.773
8268.913,12,3,+14.829,+8.740
8275.575,12,3,+14.582,+8.458
8281.169,12,3,+14.482,+8.161
8286.039,12,3,+14.256,+8.100
8287.798,12,3,+14.325,+8.077
8291.278,12,3,+14.334,+8.053
8294.778,12,3,+14.291,+8.107
8298.951,12,3,+14.267,+8.087
8302.664,12,3,+14.368,+8.094
8307.698,12,3,+14.207,+7.983
8312.057,12,3,+14.220,+8.002
8316.06,12,3,+14.129,+7.861
8319.091,12,3,+14.143,+7.911
8320.56,12,3,+14.096,+7.889
8321.298,12,3,+14.087,+7.901
8324.08,12,3,+14.141,+8.002
8329.398,12,3,+14.111,+8.037
8337.971,12,3,+13.975,+7.840
8341.792,12,3,+13.915,+7.787
8344.517,12,3,+13.729,+7.712
8345.285,12,3,+13.709,+7.707
8348.635,12,3,+13.749,+7.704
8351.338,12,3,+13.792,+7.644
8358.041,12,3,+13.657,+7.422
8363.588,12,3,+13.400,+7.163
8368.494,12,3,+13.297,+7.194
8370.291,12,3,+13.303,+7.172
8373.775,12,3,+13.298,+7.136
8377.244,12,3,+13.124,+7.142
8381.322,12,3,+13.034,+7.049
8385.15,12,3,+13.112,+7.057
8390.119,12,3,+12.873,+6.915
8394.465,12,3,+12.872,+6.893
8398.56,12,3,+12.785,+6.781
8401.58,12,3,+12.742,+6.835
8403.071,12,3,+12.669,+6.800
8403.781,12,3,+12.660,+6.800
8406.555,12,3,+12.682,+6.908
8411.932,12,3,+12.617,+6.787
8420.613,12,3,+12.659,+6.639
8424.45,12,3,+12.726,+6.455
8427.2,12,3,+12.767,+6.391
8427.934,12,3,+12.772,+6.391
8431.309,12,3,+12.780,+6.456
8434.012,12,3,+12.709,+6.450
8440.674,12,3,+12.560,+6.234
8446.29,12,3,+12.406,+5.960
8451.219,12,3,+12.355,+5.919
8453.059,12,3,+12.390,+5.903
8456.521,12,3,+12.364,+5.900
8460.039,12,3,+12.380,+5.930
8464.159,12,3,+12.375,+5.839
8467.891,12,3,+12.447,+5.758
8472.959,12,3,+12.383,+5.597
8477.3,12,3,+12.550,+5.610
8481.341,12,3,+12.603,+5.475
8484.31,12,3,+12.584,+5.464
8485.887,12,3,+12.610,+5.395
8486.528,12,3,+12.624,+5.378
8489.244,12,3,+12.646,+5.430
8494.647,12,3,+12.689,+5.359
8503.297,12,3,+12.797,+5.202
8507.198,12,3,+12.866,+5.124
8510.0,12,3,+12.970,+5.092
8510.722,12,3,+12.974,+5.082
8514.059,12,3,+12.931,+5.045
8516.727,12,3,+12.828,+5.025
8523.565,12,3,+12.956,+4.968
8529.306,12,3,+13.013,+4.942
8534.291,12,3,+13.061,+5.073
8536.135,12,3,+13.132,+5.090
8539.673,12,3,+13.152,+5.112
8543.228,12,3,+13.230,+5.189
8547.499,12,3,+13.278,+5.167
8551.182,12,3,+13.388,+5.110
8556.307,12,3,+13.350,+5.075
8560.807,12,3,+13.621,+5.225
8564.916,12,3,+13.673,+5.125
8567.885,12,3,+13.667,+5.134
8569.478,12,3,+13.733,+5.145
8570.182,12,3,+13.775,+5.172
8573.009,12,3,+13.868,+5.303
8578.541,12,3,+14.054,+5.198
8587.5,12,3,+14.330,+5.198
8591.871,12,3,+14.996,+5.642
8594.729,12,3,+15.067,+5.578
8595.58,12,3,+15.064,+5.569
8598.771,12,3,+14.970,+5.521
8601.447,12,3,+14.901,+5.457
8608.313,12,3,+15.122,+5.339
8614.156,12,3,+15.347,+5.311
8619.098,12,3,+15.354,+5.224
8620.887,12,3,+15.429,+5.104
8624.372,12,3,+15.429,+5.034
8628.033,12,3,+15.482,+5.112
8632.26,12,3,+15.564,+5.136
8635.978,12,3,+15.640,+5.023
8641.447,12,3,+15.862,+5.316
8646.088,12,3,+16.251,+5.731
8650.513,12,3,+16.644,+6.061
8653.659,12,3,+16.712,+6.197
8655.228,12,3,+16.851,+6.373
8655.99,12,3,+16.897,+6.427
8658.746,12,3,+16.944,+6.558
8664.23,12,3,+16.995,+6.645
8672.996,12,3,+17.099,+6.562
8676.98,12,3,+17.343,+6.672
8679.759,12,3,+17.401,+6.579
8680.5,12,3,+17.406,+6.567
8683.898,12,3,+17.391,+6.527
8686.598,12,3,+17.342,+6.448
8693.392,12,3,+17.405,+6.318
8699.127,12,3,+17.562,+6.226
8704.128,12,3,+17.602,+6.277
8705.913,12,3,+17.696,+6.266
8709.459,12,3,+17.756,+6.290
8713.084,12,3,+17.816,+6.394
8717.506,12,3,+18.042,+6.661
8721.241,12,3,+18.156,+6.694
8726.428,12,3,+18.091,+6.722
8730.881,12,3,+18.320,+6.877
8734.913,12,3,+18.362,+6.838
8737.928,12,3,+18.361,+6.878
8739.478,12,3,+18.394,+6.920
8740.194,12,3,+18.405,+6.939
8742.871,12,3,+18.381,+6.977
8748.284,12,3,+18.452,+6.983
8756.95,12,3,+18.510,+6.874
8760.888,12,3,+18.797,+6.948
8763.684,12,3,+18.829,+6.901
8764.659,12,3,+18.828,+6.893
8767.733,12,3,+18.730,+6.792
8770.357,12,3,+18.566,+6.675
8777.14,12,3,+18.605,+6.580
8782.89,12,3,+18.661,+6.506
8787.812,12,3,+18.564,+6.589
8789.626,12,3,+18.630,+6.612
8793.179,12,3,+18.682,+6.653
8796.773,12,3,+18.663,+6.717
8800.878,12,3,+18.636,+6.664
8804.602,12,3,+18.682,+6.621
8809.713,12,3,+18.522,+6.609
8814.057,12,3,+18.557,+6.722
8818.051,12,3,+18.491,+6.594
8820.998,12,3,+18.449,+6.580
8822.49,12,3,+18.450,+6.580
8823.201,12,3,+18.458,+6.592
8825.913,12,3,+18.469,+6.637
8831.396,12,3,+18.490,+6.652
8839.997,12,3,+18.502,+6.467
8843.872,12,3,+18.662,+6.512
8846.638,12,3,+18.688,+6.425
8847.403,12,3,+18.691,+6.415
8850.747,12,3,+18.671,+6.377
8853.434,12,3,+18.597,+6.302
8860.18,12,3,+18.557,+6.197
8865.899,12,3,+18.621,+6.132
8870.745,12,3,+18.581,+6.169
8872.541,12,3,+18.668,+6.187
8876.075,12,3,+18.719,+6.203
8879.622,12,3,+18.679,+6.288
8883.888,12,3,+18.762,+6.156
8887.638,12,3,+18.910,+6.168
8892.763,12,3,+18.831,+6.118
8897.106,12,3,+18.894,+6.229
8901.106,12,3,+18.807,+6.097
8904.075,12,3,+18.776,+6.086
8905.606,12,3,+18.777,+6.102
8906.294,12,3,+18.777,+6.114
8909.03,12,3,+18.733,+6.166
8914.45,12,3,+18.733,+6.190
8923.031,12,3,+18.724,+6.086
8926.945,12,3,+18.831,+6.118
8929.698,12,3,+18.845,+6.049
8930.526,12,3,+18.852,+6.044
8933.829,12,3,+18.870,+6.020
8936.541,12,3,+18.751,+5.921
8943.236,12,3,+18.542,+5.684
8948.97,12,3,+18.577,+5.587
8953.86,12,3,+18.519,+5.648
8955.698,12,3,+18.596,+5.651
8959.228,12,3,+18.633,+5.677
8962.856,12,3,+18.709,+5.819
8966.959,12,3,+18.616,+5.705
8970.699,12,3,+18.674,+5.646
8975.752,12,3,+18.498,+5.516
8980.096,12,3,+18.671,+5.600
8984.104,12,3,+18.649,+5.464
8987.073,12,3,+18.621,+5.489
8988.612,12,3,+18.610,+5.502
8989.328,12,3,+18.603,+5.511
8992.038,12,3,+18.583,+5.585
8997.422,12,3,+18.584,+5.558
9006.028,12,3,+18.575,+5.377
9009.898,12,3,+18.768,+5.373
9012.65,12,3,+18.775,+5.323
9013.4,12,3,+18.777,+5.318
9016.791,12,3,+18.771,+5.313
9019.513,12,3,+18.774,+5.321
9026.298,12,3,+18.754,+5.176
9031.962,12,3,+18.817,+5.034
9036.849,12,3,+18.734,+5.048
9038.621,12,3,+18.781,+5.046
9042.135,12,3,+18.813,+5.042
9045.698,12,3,+18.721,+5.026
9049.763,12,3,+18.702,+4.975
9053.533,12,3,+18.772,+4.914
9058.639,12,3,+18.654,+4.880
9062.959,12,3,+18.816,+4.985
9066.965,12,3,+18.747,+4.841
9069.903,12,3,+18.699,+4.818
9071.403,12,3,+18.696,+4.825
9072.106,12,3,+18.703,+4.839
9074.809,12,3,+18.715,+4.892
9080.293,12,3,+18.689,+4.943
9088.916,12,3,+18.748,+4.874
9092.941,12,3,+19.003,+4.959
9095.712,12,3,+19.027,+4.892
9096.459,12,3,+19.031,+4.891
9099.818,12,3,+19.024,+4.882
9102.54,12,3,+19.026,+4.854
9109.314,12,3,+19.066,+4.742
9114.994,12,3,+19.083,+4.612
9120.01,12,3,+19.014,+4.697
9121.775,12,3,+19.049,+4.693
9125.322,12,3,+19.071,+4.715
9128.829,12,3,+18.940,+4.719
9132.915,12,3,+18.833,+4.614
9136.684,12,3,+18.902,+4.642
9141.793,12,3,+18.677,+4.516
9146.125,12,3,+18.746,+4.648
9150.11,12,3,+18.741,+4.512
9153.094,12,3,+18.718,+4.501
9154.616,12,3,+18.736,+4.513
9155.353,12,3,+18.746,+4.522
9158.049,12,3,+18.777,+4.583
9163.5,12,3,+18.746,+4.532
9172.127,12,3,+18.714,+4.376
9176.114,12,3,+18.910,+4.423
9178.902,12,3,+18.882,+4.396
9179.671,12,3,+18.881,+4.396
9183.035,12,3,+18.889,+4.392
9185.773,12,3,+18.876,+4.375
9192.471,12,3,+18.814,+4.193
9198.048,12,3,+18.696,+3.910
9203.111,12,3,+18.770,+4.084
9204.939,12,3,+18.829,+4.060
9208.424,12,3,+18.837,+4.024
9211.97,12,3,+18.757,+4.037
9216.181,12,3,+18.783,+4.069
9219.994,12,3,+18.831,+3.985
9225.119,12,3,+18.649,+3.877
9229.475,12,3,+18.744,+3.986
9233.581,12,3,+18.802,+3.893
9236.574,12,3,+18.810,+3.921
9238.117,12,3,+18.830,+3.964
9238.86,12,3,+18.847,+3.989
9241.605,12,3,+18.886,+4.068
9247.038,12,3,+18.919,+4.042
9255.639,12,3,+18.955,+3.834
9259.603,12,3,+19.118,+3.794
9262.371,12,3,+19.021,+3.669
9263.127,12,3,+18.728,+3.648
8.61,6,8,,
3256.2,6,8,+0.886,+0.191
3259.305,6,7,+0.886,+0.191
3259.386,6,7,+0.756,+0.108
3266.395,6,6,+0.756,+0.108
3266.474,6,6,+0.694,+0.141
3272.849,6,6,+1.073,+0.353
3277.973,6,7,+1.073,+0.353
3278.234,6,7,+1.213,+0.162
3280.478,6,7,+1.395,+0.129
3283.804,6,7,+1.446,+0.133
3288.114,6,7,+1.879,+0.319
3292.7,6,7,+2.238,+0.284
3296.636,6,7,+2.391,+0.281
3302.731,6,7,+2.982,+0.358
3307.388,6,7,+3.212,+0.287
3311.74,6,7,+3.427,+0.311
3315.008,6,7,+3.473,+0.272
3316.68,6,7,+3.545,+0.265
3317.399,6,7,+3.555,+0.251
3320.133,6,7,+3.474,+0.143
3325.836,6,7,+3.677,+0.195
3334.992,6,7,+3.884,+0.358
3338.93,6,7,+4.006,+0.387
3341.789,6,7,+4.066,+0.450
3342.571,6,7,+4.061,+0.454
3345.992,6,7,+4.003,+0.480
3348.758,6,7,+4.002,+0.617
3355.691,6,7,+3.836,+0.633
3361.68,6,7,+3.912,+0.452
3366.764,6,7,+3.991,+0.539
3368.671,6,7,+3.985,+0.528
3372.201,6,7,+3.918,+0.484
3376.173,6,7,+4.122,+0.660
3380.522,6,7,+4.188,+0.687
3384.434,6,7,+4.230,+0.792
3389.912,6,7,+4.238,+1.052
3394.393,6,7,+4.214,+0.989
3398.513,6,7,+4.159,+0.902
3401.595,6,7,+4.057,+0.874
3403.107,6,7,+4.034,+0.849
3403.873,6,7,+4.019,+0.828
3406.562,6,7,+3.902,+0.733
3412.102,6,7,+3.937,+0.664
3421.058,6,7,+3.944,+0.602
3425.108,6,7,+4.114,+0.654
3428.092,6,7,+4.262,+0.790
3428.842,6,7,+4.270,+0.804
3432.249,6,7,+4.224,+0.839
3434.999,6,7,+4.130,+0.909
3441.991,6,7,+4.183,+1.062
3447.989,6,7,+4.324,+1.119
3452.976,6,7,+4.396,+1.030
3454.836,6,7,+4.384,+0.977
3458.324,6,7,+4.333,+0.941
3462.219,6,7,+4.481,+1.035
3466.514,6,7,+4.518,+0.998
3470.314,6,7,+4.529,+0.941
3475.615,6,7,+4.477,+0.923
3480.03,6,7,+4.483,+0.859
3484.13,6,7,+4.444,+0.774
3487.258,6,7,+4.380,+0.705
3488.821,6,7,+4.407,+0.676
3489.586,6,7,+4.416,+0.656
3492.3,6,7,+4.351,+0.540
3497.962,6,7,+4.512,+0.553
3507.056,6,7,+4.624,+0.614
3511.062,6,7,+4.751,+0.643
3513.961,6,7,+4.884,+0.757
3514.751,6,7,+4.891,+0.767
3518.161,6,7,+4.818,+0.785
3520.928,6,7,+4.697,+0.837
3527.914,6,7,+4.790,+0.932
3534.005,6,7,+4.925,+1.149
3539.03,6,7,+4.989,+1.152
3540.905,6,7,+5.007,+1.122
3544.421,6,7,+4.969,+1.100
3548.186,6,7,+5.038,+1.152
3552.405,6,7,+5.021,+1.142
3556.264,6,7,+5.035,+1.124
3561.542,6,7,+5.083,+1.122
3565.962,6,7,+5.109,+1.043
3570.085,6,7,+5.148,+0.991
3573.202,6,7,+5.104,+0.887
3574.728,6,7,+5.129,+0.856
3575.487,6,7,+5.131,+0.838
3578.187,6,7,+5.058,+0.723
3583.774,6,7,+5.198,+0.663
3592.799,6,7,+5.353,+0.767
3596.806,6,7,+5.450,+0.825
3599.774,6,7,+5.541,+0.927
3600.556,6,7,+5.545,+0.935
3603.946,6,7,+5.481,+0.936
3606.686,6,7,+5.356,+0.945
3613.73,6,7,+5.459,+1.040
3619.725,6,7,+5.507,+0.961
3624.749,6,7,+5.486,+0.914
3626.545,6,7,+5.468,+0.852
3630.045,6,7,+5.394,+0.810
3633.827,6,7,+5.554,+0.861
3638.077,6,7,+5.603,+0.852
3641.967,6,7,+5.617,+0.900
3647.285,6,7,+5.746,+1.015
3651.773,6,7,+5.890,+1.078
3655.929,6,7,+5.920,+0.977
3659.014,6,7,+5.887,+0.893
3660.577,6,7,+5.931,+0.876
3661.327,6,7,+5.944,+0.861
3664.03,6,7,+5.885,+0.752
3669.662,6,7,+5.933,+0.802
3678.72,6,7,+6.123,+0.932
3682.86,6,7,+6.369,+1.116
3685.877,6,7,+6.517,+1.187
3686.63,6,7,+6.527,+1.195
3690.058,6,7,+6.504,+1.215
3692.792,6,7,+6.439,+1.266
3700.027,6,7,+6.765,+1.454
3706.124,6,7,+6.846,+1.712
3711.156,6,7,+6.865,+1.652
3712.995,6,7,+6.862,+1.643
3716.516,6,7,+6.800,+1.627
3720.299,6,7,+6.962,+1.716
3724.641,6,7,+7.069,+1.801
3728.592,6,7,+7.097,+1.835
3733.974,6,7,+7.293,+2.014
3738.462,6,7,+7.439,+2.052
3742.63,6,7,+7.496,+2.036
3745.761,6,7,+7.453,+1.966
3747.29,6,7,+7.495,+1.975
3748.064,6,7,+7.504,+1.965
3750.777,6,7,+7.477,+1.891
3756.291,6,7,+7.522,+1.797
3765.446,6,7,+7.735,+1.912
3769.502,6,7,+7.931,+2.049
3772.421,6,7,+8.053,+2.116
3773.171,6,7,+8.064,+2.126
3776.624,6,7,+8.058,+2.163
3779.43,6,7,+8.042,+2.251
3786.472,6,7,+8.215,+2.340
3792.514,6,7,+8.376,+2.589
3797.673,6,7,+8.562,+2.736
3799.553,6,7,+8.586,+2.696
3803.108,6,7,+8.554,+2.692
3806.894,6,7,+8.748,+2.812
3811.219,6,7,+8.825,+2.827
3815.072,6,7,+8.853,+2.855
3820.48,6,7,+9.045,+3.007
3824.964,6,7,+9.171,+3.064
3829.152,6,7,+9.202,+2.928
3832.261,6,7,+9.175,+2.854
3833.777,6,7,+9.193,+2.819
3834.636,6,7,+9.204,+2.799
3837.292,6,7,+9.267,+2.741
3842.842,6,7,+9.339,+2.664
3851.939,6,7,+9.510,+2.811
3855.973,6,7,+9.574,+2.838
3858.875,6,7,+9.691,+2.848
3859.698,6,7,+9.702,+2.853
3863.128,6,7,+9.698,+2.892
3866.027,6,7,+9.707,+3.035
3873.011,6,7,+9.829,+3.081
3879.099,6,7,+9.951,+3.424
3884.16,6,7,+10.036,+3.462
3886.039,6,7,+10.045,+3.432
3889.526,6,7,+9.998,+3.423
3893.386,6,7,+10.210,+3.564
3897.761,6,7,+10.344,+3.646
3901.651,6,7,+10.350,+3.609
3907.011,6,7,+10.421,+3.738
3911.573,6,7,+10.515,+3.789
3915.73,6,7,+10.530,+3.728
3918.917,6,7,+10.533,+3.720
3920.448,6,7,+10.535,+3.720
3921.214,6,7,+10.536,+3.710
3923.98,6,7,+10.536,+3.675
3929.542,6,7,+10.582,+3.583
3938.607,6,7,+10.766,+3.706
3942.672,6,7,+10.924,+3.768
3945.648,6,7,+11.075,+3.837
3946.42,6,7,+11.093,+3.850
3949.862,6,7,+11.119,+3.908
3952.731,6,7,+11.146,+4.021
3959.761,6,7,+11.239,+4.093
3965.842,6,7,+11.324,+4.370
3970.846,6,7,+11.312,+4.297
3972.719,6,7,+11.332,+4.296
3976.264,6,7,+11.304,+4.316
3980.044,6,7,+11.442,+4.415
3984.36,6,7,+11.511,+4.435
3988.199,6,7,+11.442,+4.406
3993.582,6,7,+11.523,+4.581
3997.999,6,7,+11.585,+4.604
4002.201,6,7,+11.583,+4.570
4005.316,6,7,+11.553,+4.516
4006.814,6,7,+11.555,+4.504
4007.567,6,7,+11.557,+4.493
4010.301,6,7,+11.527,+4.417
4015.845,6,7,+11.590,+4.322
4024.839,6,7,+11.677,+4.416
4028.886,6,7,+11.799,+4.473
4031.855,6,7,+11.946,+4.596
4032.668,6,7,+11.960,+4.615
4036.114,6,7,+11.979,+4.667
4038.96,6,7,+11.981,+4.775
4045.994,6,7,+11.982,+4.758
4052.015,6,7,+12.072,+5.002
4057.03,6,7,+12.020,+4.989
4058.898,6,7,+12.020,+4.972
4062.43,6,7,+11.975,+4.993
4066.194,6,7,+12.105,+5.109
4070.532,6,7,+12.179,+5.136
4074.417,6,7,+12.204,+5.135
4079.792,6,7,+12.270,+5.235
4084.308,6,7,+12.330,+5.334
4088.48,6,7,+12.334,+5.345
4091.592,6,7,+12.241,+5.308
4093.129,6,7,+12.219,+5.290
4093.892,6,7,+12.216,+5.275
4096.621,6,7,+12.181,+5.235
4102.183,6,7,+12.215,+5.181
4111.214,6,7,+12.317,+5.272
4115.261,6,7,+12.481,+5.370
4118.261,6,7,+12.664,+5.486
4119.058,6,7,+12.684,+5.503
4122.527,6,7,+12.715,+5.548
4125.386,6,7,+12.720,+5.569
4132.394,6,7,+12.871,+5.519
4138.431,6,7,+12.925,+5.615
4143.464,6,7,+12.966,+5.628
4145.399,6,7,+13.012,+5.641
4148.917,6,7,+12.963,+5.622
4152.699,6,7,+13.088,+5.652
4156.999,6,7,+13.120,+5.688
4160.921,6,7,+13.156,+5.717
4166.406,6,7,+13.252,+5.926
4170.913,6,7,+13.365,+6.033
4175.115,6,7,+13.427,+6.076
4178.243,6,7,+13.397,+6.094
4179.776,6,7,+13.391,+6.081
4180.541,6,7,+13.387,+6.072
4183.545,6,7,+13.345,+6.045
4188.827,6,7,+13.435,+5.972
4198.017,6,7,+13.733,+6.175
4202.08,6,7,+13.861,+6.211
4205.05,6,7,+14.029,+6.300
4205.861,6,7,+14.047,+6.312
4209.299,6,7,+14.092,+6.389
4212.462,6,7,+14.144,+6.508
4219.224,6,7,+14.178,+6.480
4225.394,6,7,+14.257,+6.675
4230.294,6,7,+14.180,+6.595
4232.172,6,7,+14.190,+6.584
4235.75,6,7,+14.147,+6.565
4239.574,6,7,+14.321,+6.576
4243.801,6,7,+14.342,+6.539
4247.772,6,7,+14.346,+6.549
4253.276,6,7,+14.561,+6.805
4257.785,6,7,+14.651,+6.839
4262.116,6,7,+14.732,+6.891
4265.342,6,7,+14.683,+6.877
4266.76,6,7,+14.667,+6.869
4267.518,6,7,+14.656,+6.865
4270.514,6,7,+14.581,+6.837
4275.823,6,7,+14.656,+6.815
4284.948,6,7,+14.840,+6.929
4288.792,6,7,+14.863,+6.882
4291.839,6,7,+15.017,+7.013
4292.636,6,7,+15.037,+7.034
4296.113,6,7,+15.063,+7.100
4298.928,6,7,+15.051,+7.169
4306.048,6,7,+15.148,+7.200
4312.061,6,7,+15.203,+7.313
4317.045,6,7,+15.100,+7.261
4318.951,6,7,+15.118,+7.250
4322.494,6,7,+15.069,+7.219
4326.311,6,7,+15.219,+7.291
4330.639,6,7,+15.227,+7.297
4334.561,6,7,+15.259,+7.331
4340.17,6,7,+15.434,+7.602
4344.593,6,7,+15.498,+7.636
4348.815,6,7,+15.510,+7.605
4351.974,6,7,+15.485,+7.602
4353.529,6,7,+15.494,+7.606
4354.299,6,7,+15.503,+7.610
4357.048,6,7,+15.453,+7.576
4362.637,6,7,+15.515,+7.574
4371.624,6,7,+15.631,+7.603
4375.714,6,7,+15.809,+7.603
4378.661,6,7,+15.940,+7.603
4379.458,6,7,+15.956,+7.715
4382.801,6,6,+15.956,+7.715
4382.895,6,6,+15.988,+7.766
4385.848,6,6,+16.008,+7.844
4392.795,6,6,+16.000,+7.824
4398.801,6,6,+16.038,+7.844
4403.799,6,6,+15.975,+7.814
4405.639,6,6,+16.013,+7.784
4409.188,6,6,+15.992,+7.758
4412.944,6,6,+16.109,+7.885
4417.36,6,6,+16.216,+7.985
4421.327,6,6,+16.268,+8.033
4426.779,6,6,+16.457,+8.289
4431.311,6,6,+16.548,+8.337
4435.561,6,6,+16.614,+8.349
4438.733,6,6,+16.608,+8.350
4440.311,6,6,+16.663,+8.372
4441.061,6,6,+16.682,+8.372
4443.84,6,6,+16.673,+8.362
4449.528,6,6,+16.696,+8.310
4458.605,6,6,+16.945,+8.505
4462.683,6,6,+17.126,+8.505
4465.698,6,6,+17.256,+8.505
4466.48,6,6,+17.270,+8.630
4469.829,6,5,+17.270,+8.630
4469.914,6,5,+17.302,+8.676
4472.805,6,5,+17.350,+8.768
4479.894,6,5,+17.450,+8.773
4485.967,6,5,+17.504,+8.935
4490.967,6,5,+17.491,+8.862
4492.795,6,5,+17.519,+8.866
4496.356,6,5,+17.493,+8.867
4500.094,6,5,+17.617,+8.904
4504.511,6,5,+17.710,+8.915
4508.399,6,5,+17.763,+8.965
4513.792,6,5,+17.913,+9.174
4518.233,6,5,+17.926,+9.179
4522.514,6,5,+17.972,+9.167
4525.717,6,5,+17.945,+9.182
4527.201,6,5,+17.957,+9.159
4527.967,6,5,+17.970,+9.146
4530.717,6,5,+17.963,+9.125
4536.326,6,5,+18.062,+9.100
4545.498,6,5,+18.303,+9.297
4549.436,6,5,+18.376,+9.296
4552.42,6,5,+18.384,+9.328
4553.248,6,5,+18.385,+9.336
4556.685,6,5,+18.397,+9.387
4559.607,6,5,+18.444,+9.510
4566.568,6,5,+18.523,+9.493
4572.629,6,5,+18.613,+9.675
4577.66,6,5,+18.563,+9.598
4579.502,6,5,+18.586,+9.578
4583.042,6,5,+18.560,+9.565
4586.777,6,5,+18.652,+9.609
4591.152,6,5,+18.692,+9.666
4595.027,6,5,+18.670,+9.642
4600.448,6,5,+18.727,+9.885
4604.98,6,5,+18.726,+9.926
4609.277,6,5,+18.815,+9.911
4612.464,6,5,+18.821,+9.956
4614.011,6,5,+18.817,+9.927
4614.808,6,5,+18.822,+9.919
4617.511,6,5,+18.812,+9.867
4623.058,6,5,+17.826,+9.773
4632.274,6,5,+18.022,+11.596
4636.417,6,5,+18.300,+11.596
4639.292,6,5,+18.407,+11.596
4640.12,6,5,+18.419,+9.052
4643.433,6,4,+18.419,+9.052
4643.527,6,4,+18.440,+9.052
4646.308,6,3,+18.440,+9.052
4646.386,6,3,+18.480,+10.294
4653.417,6,3,+18.452,+10.396
4659.401,6,3,+18.555,+10.556
4664.628,6,3,+18.640,+10.619
4666.461,6,3,+18.724,+10.624
4670.057,6,3,+18.773,+10.631
4673.915,6,3,+19.021,+10.792
4678.194,6,3,+19.081,+10.838
4682.133,6,3,+19.250,+10.882
4687.785,6,3,+19.611,+11.290
4692.279,6,3,+19.779,+11.333
4696.586,6,3,+19.878,+11.427
4699.695,6,3,+19.895,+11.451
4701.27,6,3,+19.907,+11.439
4702.028,6,3,+19.908,+11.434
4704.794,6,3,+19.952,+11.410
4710.353,6,3,+19.916,+11.359
4719.464,6,3,+11.556,+20.025
4723.574,6,3,+11.628,+20.025
4726.605,6,3,+11.768,+20.025
4727.449,6,3,+17.824,+11.788
4730.87,6,3,+11.831,+11.788
4733.683,6,2,+11.831,+11.788
4733.745,6,2,+11.899,+11.899
4740.87,6,2,+11.949,+11.949
4746.87,6,2,+12.130,+12.130
4751.902,6,2,+12.151,+12.151
4753.792,6,2,+12.183,+12.183
4757.394,6,2,+12.187,+12.187
4761.229,6,2,+12.356,+12.356
4765.574,6,2,+12.472,+12.472
4769.458,6,2,+12.485,+12.485
4774.946,6,2,+12.651,+12.651
4779.41,6,2,+12.677,+12.677
4783.623,6,2,+12.702,+12.702
4786.758,6,2,+12.713,+12.713
4788.324,6,2,+12.729,+12.729
4789.089,6,2,+12.735,+12.735
4791.87,6,2,+12.727,+12.727
4797.417,6,2,+12.745,+12.745
4806.514,6,2,+12.991,+12.991
4810.655,6,2,+13.149,+13.149
4813.561,6,2,+13.169,+13.169
4814.406,6,2,+13.173,+13.173
4817.795,6,2,+13.216,+13.216
4820.772,6,3,+13.216,+13.216
4820.918,6,3,+13.369,+0.159
4828.042,6,3,+13.609,+0.389
4833.952,6,4,+13.609,+0.389
4834.173,6,4,+13.861,+0.144
4839.501,6,5,+13.861,+0.144
4839.787,6,5,+14.437,+0.201
4841.752,6,5,+14.553,+0.311
4845.46,6,5,+14.528,+0.329
4849.4,6,5,+14.917,+0.634
4853.775,6,6,+14.917,+0.634
4853.915,6,6,+15.231,+0.058
4858.002,6,6,+15.438,+0.272
4863.885,6,6,+16.054,+0.614
4868.574,6,6,+16.249,+0.756
4872.933,6,6,+16.423,+0.968
4876.168,6,6,+16.543,+0.994
4877.746,6,6,+16.577,+1.060
4878.564,6,6,+16.588,+1.086
4881.233,6,6,+16.534,+1.045
4886.848,6,6,+16.585,+1.159
4895.983,6,6,+16.857,+1.288
4905.124,6,7,+16.857,+1.288
4914.905,6,8,+16.857,+1.288
4915.968,6,9,+16.857,+1.288
4919.21,6,10,+16.857,+1.288
4930.573,6,10,+37.514,+8.430
4938.077,6,10,+38.121,+8.755
4944.452,6,10,+38.641,+9.114
4949.467,6,10,+38.632,+8.963
4951.342,6,10,+38.652,+8.955
4954.874,6,10,+38.648,+8.968
4958.615,6,10,+38.749,+8.966
4962.901,6,10,+38.774,+8.773
4966.673,6,10,+38.653,+8.700
4972.038,6,10,+38.819,+8.778
4976.428,6,10,+38.768,+8.620
4980.714,6,10,+38.761,+8.577
4983.895,6,10,+38.806,+8.584
4985.542,6,10,+38.769,+8.516
4986.146,6,10,+38.747,+8.496
4988.799,6,10,+38.659,+8.426
4994.266,6,10,+38.544,+8.160
5003.073,6,10,+38.451,+7.730
5006.973,6,10,+38.383,+7.730
5009.829,6,10,+38.295,+7.730
5010.61,6,10,+38.285,+5.304
5013.983,6,9,+38.285,+5.304
5014.059,6,9,+38.269,+11.408
5016.82,6,9,+38.225,+11.347
5023.609,6,9,+38.004,+10.800
5029.499,6,9,+38.086,+10.400
5034.372,6,9,+37.938,+10.088
5036.201,6,9,+37.930,+9.993
5039.782,6,9,+37.904,+9.974
5043.452,6,9,+37.919,+9.713
5047.542,6,9,+37.791,+9.306
5051.37,6,9,+37.763,+9.193
5056.77,6,9,+37.917,+9.167
5061.115,6,9,+37.795,+8.935
5065.414,6,9,+37.641,+8.717
5068.314,6,9,+37.590,+8.565
5069.819,6,9,+37.540,+8.464
5070.59,6,9,+37.524,+8.449
5073.303,6,9,+37.476,+8.446
5078.772,6,9,+37.387,+8.116
5087.626,6,9,+37.302,+7.864
5091.601,6,9,+37.291,+7.864
5094.477,6,9,+37.233,+7.864
5095.272,6,9,+37.226,+5.400
5098.828,6,8,+37.226,+5.400
5098.833,6,8,+37.227,+9.973
5101.535,6,8,+37.285,+10.034
5108.329,6,8,+37.086,+9.848
5114.262,6,8,+37.231,+9.858
5119.16,6,8,+36.960,+9.765
5121.061,6,8,+36.911,+9.711
5124.564,6,8,+36.878,+9.689
5128.4,6,8,+36.885,+9.775
5132.495,6,8,+36.792,+9.694
5136.343,6,8,+36.725,+9.661
5141.613,6,8,+36.674,+9.609
5146.033,6,8,+36.577,+9.630
5150.145,6,8,+36.386,+9.399
5153.23,6,8,+36.339,+9.351
5154.699,6,8,+36.263,+9.312
5155.449,6,8,+36.235,+9.303
5158.152,6,8,+27.099,+9.243
5163.532,6,8,+27.096,+9.081
5172.421,6,8,+27.197,+9.029
5176.361,6,8,+27.322,+9.079
5179.248,6,8,+27.393,+9.131
5180.092,6,8,+33.499,+9.140
5183.467,6,8,+27.420,+9.164
5186.389,6,8,+27.458,+9.206
5193.17,6,8,+27.452,+9.043
5199.092,6,8,+27.476,+8.990
5203.951,6,8,+27.299,+8.766
5205.826,6,8,+27.298,+8.667
5209.301,6,8,+27.245,+8.596
5212.973,6,8,+27.323,+8.626
5217.204,6,8,+27.318,+8.521
5221.07,6,8,+27.371,+8.452
5226.4,6,8,+27.480,+8.459
5230.791,6,8,+27.531,+8.422
5234.931,6,8,+27.580,+8.278
5237.994,6,8,+27.521,+8.193
5239.51,6,8,+27.529,+8.135
5240.259,6,8,+27.536,+8.121
5242.947,6,8,+27.490,+8.055
5248.391,6,8,+27.471,+7.914
5257.25,6,8,+27.602,+7.843
5261.204,6,8,+27.708,+7.921
5264.157,6,8,+27.820,+7.964
5264.954,6,8,+27.833,+7.972
5268.375,6,8,+27.856,+7.999
5271.219,6,8,+27.900,+8.069
5278.105,6,8,+27.924,+7.898
5283.995,6,8,+27.934,+7.869
5288.961,6,8,+27.863,+7.752
5290.794,6,8,+27.873,+7.694
5294.341,6,8,+27.839,+7.649
5297.93,6,8,+27.920,+7.578
5302.163,6,8,+28.001,+7.423
5305.973,6,8,+27.999,+7.314
5311.272,6,8,+27.991,+7.198
5315.626,6,8,+27.940,+7.140
5319.776,6,8,+27.921,+7.019
5322.835,6,8,+27.848,+6.938
5324.369,6,8,+27.829,+6.883
5325.096,6,8,+27.826,+6.863
5327.788,6,8,+27.772,+6.798
5333.277,6,8,+27.788,+6.667
5342.231,6,8,+27.771,+6.642
5346.184,6,8,+27.856,+6.684
5349.106,6,8,+27.970,+6.705
5349.903,6,8,+27.983,+6.708
5353.325,6,8,+28.008,+6.729
5356.169,6,8,+28.022,+6.809
5363.028,6,8,+28.024,+6.581
5368.965,6,8,+28.084,+6.493
5373.944,6,8,+27.945,+6.443
5375.794,6,8,+27.966,+6.384
5379.33,6,8,+27.945,+6.335
5382.973,6,8,+27.951,+6.308
5387.214,6,8,+27.958,+6.217
5391.373,6,8,+27.993,+6.130
5396.421,6,8,+28.080,+6.081
5400.76,6,8,+28.024,+5.997
5404.89,6,8,+27.992,+5.883
5407.992,6,8,+27.948,+5.848
5409.461,6,8,+27.902,+5.757
5410.227,6,8,+27.886,+5.727
5412.886,6,8,+27.800,+5.644
5418.347,6,8,+27.846,+5.508
5427.363,6,8,+27.990,+5.475
5431.315,6,8,+28.069,+5.523
5434.228,6,8,+28.152,+5.515
5435.068,6,8,+28.159,+5.517
5438.451,6,8,+28.167,+5.525
5441.261,6,8,+28.202,+5.579
5448.262,6,8,+28.297,+5.426
5454.245,6,8,+28.347,+5.408
5459.214,6,8,+28.138,+5.380
5461.034,6,8,+28.119,+5.308
5464.542,6,8,+28.058,+5.237
5468.3,6,8,+28.102,+5.224
5472.503,6,8,+28.110,+5.103
5476.358,6,8,+28.094,+5.054
5481.699,6,8,+28.200,+4.995
5486.09,6,8,+28.156,+4.953
5490.264,6,8,+28.094,+4.769
5493.326,6,8,+27.998,+4.707
5494.842,6,8,+27.990,+4.647
5495.576,6,8,+27.993,+4.625
5498.295,6,8,+27.952,+4.549
5503.873,6,8,+28.047,+4.422
5512.885,6,8,+28.168,+4.334
5516.745,6,8,+28.109,+4.254
5519.766,6,8,+28.280,+4.317
5520.581,6,8,+28.300,+4.326
5523.995,6,8,+28.326,+4.349
5526.799,6,8,+28.334,+4.392
5533.775,6,8,+28.266,+4.215
5539.686,6,8,+28.216,+4.123
5544.678,6,8,+28.097,+4.068
5546.575,6,8,+28.148,+3.987
5550.142,6,8,+28.155,+3.917
5553.801,6,8,+28.235,+3.861
5558.146,6,8,+28.253,+3.719
5561.992,6,8,+28.257,+3.691
5567.439,6,8,+28.373,+3.775
5571.893,6,8,+28.412,+3.742
5576.003,6,8,+28.395,+3.544
5579.073,6,8,+28.333,+3.467
5580.587,6,8,+28.316,+3.425
5581.332,6,8,+28.316,+3.414
5584.014,6,8,+28.258,+3.379
5589.609,6,8,+28.337,+3.219
5598.561,6,8,+28.302,+3.048
5602.595,6,8,+28.438,+3.048
5605.592,6,8,+28.571,+3.048
5606.311,6,8,+28.583,+0.550
5609.655,6,7,+28.583,+0.550
5609.748,6,7,+28.609,+16.924
5612.544,6,7,+28.655,+16.999
5619.558,6,7,+28.694,+17.068
5625.527,6,7,+28.749,+17.294
5630.435,6,7,+28.640,+17.231
5632.323,6,7,+28.667,+17.251
5635.842,6,7,+28.635,+17.223
5639.43,6,7,+28.676,+17.213
5643.778,6,7,+28.744,+17.228
5647.699,6,7,+28.778,+17.293
5653.031,6,7,+28.794,+17.396
5657.37,6,7,+28.797,+17.298
5661.495,6,7,+28.763,+17.270
5664.589,6,7,+28.704,+17.260
5666.09,6,7,+28.649,+17.188
5666.823,6,7,+28.630,+17.162
5669.48,6,7,+28.553,+17.069
5675.089,6,7,+28.666,+17.125
5684.12,6,7,+28.758,+17.348
5688.183,6,7,+28.923,+17.534
5691.1,6,7,+29.022,+17.591
5691.928,6,7,+29.030,+17.601
5695.315,6,7,+29.044,+17.634
5698.112,6,7,+29.083,+17.678
5705.058,6,7,+29.076,+17.691
5711.001,6,7,+29.115,+17.800
5715.933,6,7,+28.989,+17.769
5717.808,6,7,+29.006,+17.767
5721.329,6,7,+28.968,+17.734
5724.967,6,7,+29.029,+17.736
5729.274,6,7,+28.882,+17.680
5733.137,6,7,+28.915,+17.675
5738.507,6,7,+28.880,+17.784
5742.874,6,7,+28.819,+17.680
5747.038,6,7,+28.775,+17.624
5750.105,6,7,+28.674,+17.583
5751.606,6,7,+28.642,+17.538
5752.339,6,7,+28.633,+17.516
5755.058,6,7,+28.570,+17.453
5760.636,6,7,+28.477,+17.462
5769.636,6,7,+28.441,+17.591
5773.527,6,7,+28.466,+17.676
5776.527,6,7,+28.628,+17.816
5777.292,6,7,+28.641,+17.831
5780.761,6,7,+28.650,+17.868
5783.542,6,7,+28.674,+17.942
5790.616,6,7,+28.744,+18.059
5796.606,6,7,+28.806,+18.125
5801.501,6,7,+28.628,+18.047
5803.347,6,7,+28.614,+18.030
5806.839,6,7,+28.574,+17.986
5810.603,6,7,+28.616,+17.964
5814.86,6,7,+28.609,+17.975
5818.729,6,7,+28.578,+17.983
5824.117,6,7,+28.608,+18.125
5828.477,6,7,+28.567,+18.013
5832.622,6,7,+28.579,+17.966
5835.728,6,7,+28.523,+17.918
5837.199,6,7,+28.491,+17.866
5837.973,6,7,+28.477,+17.842
5840.669,6,7,+28.368,+17.793
5846.199,6,7,+28.315,+20.532
5855.115,6,7,+28.264,+20.402
5859.199,6,7,+28.362,+20.402
5862.11,6,7,+28.463,+20.402
5862.907,6,7,+28.472,+18.020
5866.294,6,7,+28.497,+18.020
5869.038,6,6,+28.497,+18.020
5869.114,6,6,+28.533,+18.253
5876.339,6,6,+28.684,+18.486
5882.277,6,6,+28.711,+18.606
5887.261,6,6,+28.612,+18.588
5889.136,6,6,+28.636,+18.558
5892.642,6,6,+28.620,+18.501
5896.22,6,6,+28.531,+18.420
5900.601,6,6,+28.541,+18.472
5904.482,6,6,+28.550,+18.510
5909.909,6,6,+28.601,+18.673
5914.28,6,6,+28.600,+18.576
5918.42,6,6,+28.515,+18.539
5921.452,6,6,+28.417,+18.502
5922.936,6,6,+28.364,+18.448
5923.702,6,6,+28.343,+18.424
5926.373,6,6,+28.288,+18.359
5931.827,6,6,+28.193,+18.357
5940.936,6,6,+28.330,+18.659
5945.014,6,6,+28.363,+18.717
5947.952,6,6,+28.455,+18.822
5948.795,6,6,+28.467,+18.835
5952.139,6,6,+28.521,+18.890
5954.799,6,7,+28.521,+18.890
5955.064,6,7,+28.684,+0.159
5962.285,6,7,+28.877,+0.586
5968.214,6,7,+28.963,+0.815
5973.342,6,7,+28.910,+1.051
5975.217,6,7,+28.898,+1.100
5978.733,6,7,+28.871,+1.003
5982.389,6,7,+28.934,+1.149
5986.826,6,7,+28.974,+1.442
5990.733,6,7,+29.046,+1.521
5996.139,6,7,+29.147,+1.732
6000.531,6,7,+29.105,+1.872
6004.717,6,7,+29.001,+1.960
6007.748,6,7,+28.876,+1.843
6009.286,6,7,+28.816,+1.888
6010.05,6,7,+28.791,+1.905
6012.743,6,7,+28.650,+1.885
6018.292,6,7,+28.645,+2.086
6027.292,6,7,+28.655,+2.279
6031.372,6,7,+28.862,+2.551
6034.33,6,7,+29.009,+2.626
6035.161,6,7,+29.024,+2.625
6038.514,6,7,+29.059,+2.605
6041.326,6,7,+29.107,+2.594
6048.342,6,7,+29.072,+2.892
6054.311,6,7,+29.170,+3.057
6059.311,6,7,+29.103,+3.197
6061.145,6,7,+29.095,+3.221
6064.591,6,7,+29.075,+3.149
6068.244,6,7,+29.069,+3.142
6072.58,6,7,+29.067,+3.265
6076.488,6,7,+29.181,+3.342
6081.882,6,7,+29.267,+3.466
6086.228,6,7,+29.152,+3.476
6090.345,6,7,+29.060,+3.457
6093.417,6,7,+28.243,+3.325
6094.886,6,7,+28.202,+3.303
6095.658,6,7,+28.190,+3.302
6098.33,6,7,+28.157,+3.267
6103.892,6,7,+28.013,+3.479
6112.798,6,7,+27.921,+3.576
6116.908,6,7,+28.223,+3.822
6119.814,6,7,+28.323,+3.921
6120.658,6,7,+28.335,+3.928
6124.032,6,7,+28.392,+3.932
6126.861,6,7,+28.515,+3.947
6133.928,6,7,+28.479,+4.276
6139.899,6,7,+28.684,+4.441
6144.816,6,7,+28.451,+4.480
6146.695,6,7,+28.526,+4.537
6150.218,6,7,+28.571,+4.484
6153.838,6,7,+28.576,+4.537
6158.172,6,7,+28.535,+4.695
6162.014,6,7,+28.631,+4.723
6167.314,6,7,+28.691,+4.797
6171.714,6,7,+28.786,+4.842
6175.87,6,7,+28.754,+4.828
6178.917,6,7,+28.729,+4.769
6180.451,6,7,+28.763,+4.754
6181.218,6,7,+28.775,+4.743
6183.901,6,7,+28.778,+4.693
6189.459,6,7,+28.792,+4.849
6198.397,6,7,+28.916,+4.976
6202.413,6,7,+29.071,+5.205
6205.381,6,7,+29.191,+5.199
6206.178,6,7,+29.204,+5.197
6209.537,6,7,+29.238,+5.204
6212.303,6,7,+29.302,+5.201
6219.334,6,7,+29.256,+5.429
6225.229,6,7,+29.394,+5.554
6230.145,6,7,+29.224,+5.512
6232.081,6,7,+29.313,+5.517
6235.579,6,7,+29.324,+5.484
6239.233,6,7,+29.271,+5.463
6243.514,6,7,+29.321,+5.575
6247.42,6,7,+29.423,+5.584
6252.748,6,7,+29.520,+5.739
6257.155,6,7,+29.622,+5.837
6261.369,6,7,+29.588,+5.865
6264.53,6,7,+29.523,+5.796
6265.995,6,7,+29.531,+5.803
6266.833,6,7,+29.528,+5.806
6269.399,6,7,+29.481,+5.782
6274.976,6,7,+29.524,+5.996
6283.874,6,7,+29.707,+6.148
6287.886,6,7,+29.849,+6.353
6290.799,6,7,+30.013,+6.421
6291.801,6,7,+30.031,+6.422
6295.019,6,7,+30.056,+6.418
6297.814,6,7,+30.111,+6.432
6304.852,6,7,+30.203,+6.719
6310.779,6,7,+30.352,+6.838
6315.748,6,7,+30.196,+6.883
6317.608,6,7,+30.276,+6.942
6321.139,6,7,+30.287,+6.878
6324.779,6,7,+30.315,+6.956
6329.076,6,7,+30.359,+7.083
6333.014,6,7,+30.536,+7.126
6338.342,6,7,+30.593,+7.305
6342.779,6,7,+30.666,+7.431
6346.951,6,7,+30.611,+7.431
6350.014,6,7,+30.571,+7.351
6351.514,6,7,+30.594,+7.345
6352.311,6,7,+30.601,+7.338
6354.936,6,7,+30.575,+7.293
6360.541,6,7,+30.562,+7.507
6369.481,6,7,+30.670,+7.612
6373.573,6,7,+30.880,+7.612
6376.461,6,7,+30.935,+7.612
6377.246,6,7,+30.943,+7.831
6380.542,6,6,+30.943,+7.831
6380.63,6,6,+30.983,+7.822
6383.45,6,6,+31.006,+7.814
6390.886,6,6,+31.298,+8.424
6396.917,6,6,+31.617,+8.692
6402.011,6,6,+31.643,+8.876
6403.994,6,6,+31.853,+9.018
6407.529,6,6,+31.923,+9.008
6411.563,6,6,+32.372,+9.458
6416.045,6,6,+32.556,+9.749
6420.077,6,6,+32.762,+9.878
6425.827,6,6,+33.259,+10.368
6430.235,6,6,+33.410,+10.449
6434.517,6,6,+33.470,+10.502
6437.651,6,6,+33.505,+10.468
6439.167,6,6,+33.554,+10.485
6439.933,6,6,+33.567,+10.489
6442.62,6,6,+33.560,+10.456
6448.229,6,6,+33.662,+10.597
6457.181,6,6,+33.851,+10.635
6461.299,6,6,+34.064,+10.793
6464.249,6,6,+34.259,+10.837
6465.102,6,6,+34.279,+10.839
6468.485,6,6,+34.297,+10.855
6471.273,6,6,+34.334,+10.865
6478.173,6,7,+34.334,+10.865
6478.772,6,7,+34.830,+0.496
6484.673,6,7,+35.080,+0.696
6489.729,6,7,+34.933,+0.751
6491.589,6,7,+35.058,+0.782
6495.146,6,7,+35.069,+0.659
6498.918,6,7,+35.301,+0.877
6503.316,6,7,+35.437,+1.102
6507.294,6,7,+35.616,+1.196
6512.724,6,7,+35.787,+1.453
6517.22,6,7,+35.867,+1.519
6521.435,6,7,+35.893,+1.630
6524.574,6,7,+35.923,+1.592
6526.092,6,7,+35.958,+1.627
6526.841,6,7,+35.963,+1.641
6529.502,6,7,+35.911,+1.589
6535.145,6,7,+36.010,+1.729
6544.099,6,7,+36.183,+1.663
6548.203,6,7,+36.452,+1.823
6551.21,6,7,+36.686,+1.943
6551.983,6,7,+36.706,+1.950
6555.372,6,7,+36.714,+1.981
6558.185,6,7,+36.724,+2.077
6565.315,6,7,+36.793,+2.373
6571.49,6,7,+37.238,+2.721
6576.599,6,7,+37.260,+2.740
6578.436,6,7,+37.342,+2.703
6581.922,6,7,+37.372,+2.622
6585.839,6,7,+37.667,+2.989
6590.183,6,7,+37.744,+3.228
6594.115,6,7,+37.860,+3.322
6599.651,6,7,+38.128,+3.718
6604.259,6,7,+38.359,+3.993
6608.601,6,7,+38.421,+4.164
6611.79,6,7,+38.537,+4.314
6613.369,6,7,+29.694,+4.424
6614.139,6,7,+29.719,+4.460
6616.885,6,7,+29.722,+4.476
6622.442,6,7,+29.776,+4.726
6631.542,6,7,+29.916,+5.063
6635.701,6,7,+30.135,+5.359
6638.728,6,7,+30.217,+5.382
6639.528,6,7,+36.801,+5.374
6642.877,6,7,+30.167,+5.291
6645.664,6,7,+30.114,+5.276
6653.06,6,7,+30.482,+5.964
6659.065,6,7,+30.563,+6.194
6664.26,6,7,+30.679,+6.441
6666.182,6,7,+30.727,+6.479
6669.645,6,7,+30.618,+6.417
6673.574,6,7,+30.884,+6.864
6677.96,6,7,+30.981,+7.212
6681.887,6,7,+31.036,+7.256
6687.421,6,7,+31.209,+7.603
6691.928,6,7,+31.350,+7.741
6696.214,6,7,+31.434,+7.983
6699.476,6,7,+31.604,+8.179
6701.014,6,7,+31.610,+8.230
6701.749,6,7,+31.614,+8.241
6704.399,6,7,+31.592,+8.189
6710.072,6,7,+31.692,+8.345
6719.174,6,7,+31.876,+8.500
6723.365,6,7,+32.099,+8.732
6726.342,6,7,+32.176,+8.761
6727.099,6,7,+32.182,+8.763
6730.451,6,7,+32.128,+8.779
6733.155,6,7,+32.012,+8.828
6740.393,6,7,+32.132,+9.242
6746.428,6,7,+32.217,+9.536
6751.614,6,7,+32.338,+9.793
6753.503,6,7,+32.320,+9.817
6756.999,6,7,+32.294,+9.788
6760.786,6,7,+32.438,+10.097
6765.076,6,7,+32.492,+10.296
6768.967,6,7,+32.482,+10.300
6774.399,6,7,+32.549,+10.494
6778.828,6,7,+32.626,+10.534
6782.933,6,7,+32.460,+10.573
6786.044,6,7,+29.757,+10.577
6787.515,6,7,+29.749,+10.616
6788.302,6,7,+29.734,+10.622
6790.94,6,7,+29.669,+10.600
6796.513,6,7,+29.772,+10.782
6805.442,6,7,+29.968,+10.864
6809.43,6,7,+30.023,+10.985
6812.385,6,7,+30.166,+11.039
6813.163,6,7,+30.181,+11.044
6816.573,6,7,+30.197,+11.055
6819.342,6,7,+30.223,+11.129
6826.431,6,7,+30.296,+11.085
6832.26,6,7,+30.488,+11.146
6837.245,6,7,+30.300,+11.031
6839.101,6,7,+30.290,+11.017
6842.573,6,7,+30.229,+10.960
6846.301,6,7,+30.276,+10.973
6850.585,6,7,+30.374,+10.973
6854.513,6,7,+30.499,+11.043
6859.909,6,7,+30.696,+11.129
6864.342,6,7,+30.715,+11.086
6868.542,6,7,+30.789,+11.166
6871.613,6,7,+30.808,+11.077
6873.146,6,7,+30.823,+11.087
6873.873,6,7,+30.797,+11.092
6876.529,6,7,+30.675,+11.037
6882.101,6,7,+30.741,+11.092
6891.183,6,7,+31.010,+11.331
6904.76,6,8,+31.010,+11.331
6926.095,6,8,+52.152,+18.622
6933.432,6,8,+52.640,+18.962
6939.351,6,8,+52.792,+18.970
6944.398,6,8,+52.791,+19.091
6946.228,6,8,+52.773,+19.077
6949.749,6,8,+52.713,+19.029
6953.452,6,8,+52.780,+19.143
6957.792,6,8,+52.761,+19.141
6961.501,6,8,+52.646,+19.007
6966.86,6,8,+52.728,+19.111
6971.185,6,8,+52.626,+19.060
6975.233,6,8,+52.514,+18.960
6978.207,6,8,+52.410,+18.866
6979.713,6,8,+52.385,+18.832
6980.443,6,8,+52.365,+18.807
6983.042,6,8,+52.242,+18.686
6988.401,6,8,+52.124,+18.461
6997.026,6,8,+52.015,+18.239
7000.974,6,8,+52.032,+18.248
7003.738,6,8,+51.970,+18.224
7004.542,6,8,+51.963,+18.220
7007.916,6,8,+51.951,+18.215
7010.651,6,8,+51.955,+18.218
7017.482,6,8,+51.822,+18.049
7023.293,6,8,+51.902,+17.949
7028.214,6,8,+51.783,+17.925
7030.042,6,8,+51.749,+17.863
7033.542,6,8,+51.720,+17.835
7037.204,6,8,+51.774,+17.788
7041.399,6,8,+51.732,+17.685
7045.241,6,8,+51.707,+17.685
7050.504,6,8,+51.789,+17.666
7054.738,6,8,+51.587,+17.493
7058.786,6,8,+51.498,+17.271
7061.818,6,8,+51.482,+17.197
7063.333,6,8,+51.457,+17.121
7064.06,6,8,+51.435,+17.092
7066.754,6,8,+51.366,+17.049
7072.047,6,8,+51.161,+16.842
7080.76,6,8,+51.076,+16.680
7084.517,6,8,+50.912,+16.545
7087.368,6,8,+50.950,+16.551
7088.193,6,8,+50.954,+16.551
7091.542,6,8,+50.964,+16.558
7094.339,6,8,+50.992,+16.617
7101.013,6,8,+50.731,+16.397
7106.816,6,8,+50.792,+16.387
7111.614,6,8,+50.607,+16.259
7113.412,6,8,+50.535,+16.183
7116.886,6,8,+50.475,+16.121
7120.445,6,8,+50.375,+16.047
7124.651,6,8,+50.323,+16.003
7128.373,6,8,+50.229,+15.890
7133.582,6,8,+50.263,+15.879
7137.814,6,8,+50.047,+15.817
7141.951,6,8,+49.434,+15.696
7144.928,6,8,+49.340,+15.620
7146.368,6,8,+49.311,+15.543
7147.093,6,8,+49.304,+15.513
7149.699,6,8,+49.239,+15.416
7155.072,6,8,+49.057,+15.324
7163.858,6,8,+49.111,+15.209
7167.76,6,8,+49.119,+15.225
7170.587,6,8,+49.177,+15.226
7171.377,6,8,+49.609,+15.224
7174.776,6,8,+49.271,+15.221
7177.591,6,8,+49.475,+15.286
7184.499,6,8,+49.421,+15.080
7190.315,6,8,+49.508,+15.114
7195.199,6,8,+49.390,+15.061
7196.993,6,8,+49.390,+14.983
7200.495,6,8,+49.360,+14.915
7204.033,6,8,+49.361,+14.869
7208.202,6,8,+49.351,+14.812
7211.934,6,8,+49.432,+14.722
7217.152,6,8,+49.383,+14.713
7221.472,6,8,+49.480,+14.672
7225.638,6,8,+49.444,+14.570
7228.642,6,8,+49.434,+14.557
7230.158,6,8,+49.480,+14.551
7230.923,6,8,+49.493,+14.542
7233.56,6,8,+49.488,+14.498
7239.148,6,8,+49.672,+14.595
7248.227,6,8,+49.992,+14.753
7252.254,6,8,+50.239,+14.963
7255.149,6,8,+50.314,+15.007
7256.128,6,8,+50.312,+15.007
7259.26,6,8,+50.255,+14.961
7262.01,6,8,+50.262,+14.994
7268.828,6,8,+50.297,+14.759
7274.694,6,8,+50.509,+14.775
7279.579,6,8,+50.352,+14.709
7281.377,6,8,+50.438,+14.617
7284.862,6,8,+50.447,+14.534
7288.541,6,8,+50.542,+14.524
7292.693,6,8,+50.555,+14.427
7296.451,6,8,+50.639,+14.363
7301.725,6,8,+50.690,+14.395
7306.013,6,8,+50.696,+14.322
7310.063,6,8,+50.677,+14.216
7313.029,6,8,+50.612,+14.156
7314.507,6,8,+50.638,+14.095
7315.254,6,8,+50.651,+14.073
7317.9,6,8,+50.607,+13.982
7323.331,6,8,+50.609,+13.992
7332.105,6,8,+50.565,+13.896
7335.887,6,8,+50.499,+13.855
7338.779,6,8,+50.569,+13.856
7339.529,6,8,+50.577,+13.857
7342.936,6,8,+50.587,+13.856
7345.732,6,8,+50.581,+13.887
7352.563,6,8,+50.444,+13.690
7358.393,6,8,+50.585,+13.685
7363.342,6,8,+50.468,+13.650
7365.16,6,8,+50.522,+13.568
7368.651,6,8,+50.510,+13.487
7372.34,6,8,+50.611,+13.569
7376.472,6,8,+50.599,+13.476
7380.306,6,8,+50.693,+13.517
7385.541,6,8,+50.587,+13.512
7389.795,6,8,+50.547,+13.437
7393.863,6,8,+50.382,+13.316
7396.872,6,8,+50.296,+13.251
7398.331,6,8,+50.236,+13.194
7399.06,6,8,+50.202,+13.179
7401.7,6,8,+50.060,+13.096
7407.162,6,8,+49.917,+12.895
7415.963,6,8,+49.949,+12.735
7419.792,6,8,+49.913,+12.639
7422.713,6,8,+50.086,+12.654
7423.541,6,8,+50.104,+12.655
7426.904,6,8,+50.134,+12.652
7429.685,6,8,+50.177,+12.700
7436.632,6,8,+50.148,+12.591
7442.428,6,8,+50.278,+12.654
7447.416,6,8,+50.175,+12.631
7449.231,6,8,+50.179,+12.576
7452.727,6,8,+50.169,+12.531
7456.343,6,8,+50.259,+12.549
7460.557,6,8,+50.282,+12.443
7464.417,6,8,+50.305,+12.386
7469.651,6,8,+50.322,+12.407
7473.953,6,8,+50.367,+12.309
7478.073,6,8,+50.309,+12.167
7481.073,6,8,+50.241,+12.085
7482.542,6,8,+50.243,+12.045
7483.292,6,8,+50.252,+12.027
7485.932,6,8,+50.220,+11.953
7491.401,6,8,+50.236,+11.882
7500.321,6,8,+50.336,+11.789
7504.26,6,8,+50.411,+11.845
7507.172,6,8,+50.579,+11.859
7507.985,6,8,+50.596,+11.860
7511.314,6,8,+50.627,+11.847
7514.099,6,8,+50.681,+11.879
7521.072,6,8,+50.678,+11.750
7526.972,6,8,+50.913,+11.808
7531.94,6,8,+50.765,+11.776
7533.775,6,8,+50.836,+11.744
7537.273,6,8,+50.883,+11.704
7540.872,6,8,+50.890,+11.677
7545.045,6,8,+50.808,+11.390
7548.885,6,8,+50.875,+11.333
7554.177,6,8,+50.944,+11.158
7558.527,6,8,+51.050,+11.089
7562.853,6,8,+51.231,+11.111
7565.952,6,8,+51.226,+11.123
7567.374,6,8,+51.229,+11.063
7568.093,6,8,+51.223,+11.030
7570.75,6,8,+51.193,+10.951
7576.229,6,8,+51.244,+10.924
7585.042,6,8,+51.251,+10.850
7588.885,6,8,+51.269,+10.760
7591.776,6,8,+51.401,+10.795
7592.557,6,8,+51.417,+10.801
7595.948,6,8,+51.445,+10.825
7598.698,6,8,+51.459,+10.857
7605.643,6,8,+51.404,+10.698
7611.392,6,8,+51.560,+10.677
7616.329,6,8,+51.417,+10.639
7618.113,6,8,+51.434,+10.556
7621.58,6,8,+51.434,+10.503
7625.114,6,8,+51.476,+10.409
7629.357,6,8,+51.457,+10.310
7633.098,6,8,+51.489,+10.234
7638.301,6,8,+51.385,+10.047
7642.587,6,8,+51.381,+9.932
7646.651,6,8,+51.344,+9.817
7649.713,6,8,+51.320,+9.800
7651.16,6,8,+51.301,+9.748
7651.894,6,8,+51.292,+9.728
7654.53,6,8,+51.231,+9.663
7659.967,6,8,+51.150,+9.572
7668.737,6,8,+51.191,+9.407
7672.623,6,8,+51.264,+9.420
7675.51,6,8,+51.368,+9.485
7676.323,6,8,+51.380,+9.494
7679.729,6,8,+51.420,+9.536
7682.493,6,8,+51.506,+9.613
7689.404,6,8,+51.166,+9.368
7695.22,6,8,+51.249,+9.337
7700.085,6,8,+51.125,+9.272
7701.929,6,8,+51.182,+9.194
7705.46,6,8,+51.199,+9.135
7708.991,6,8,+51.149,+9.001
7713.116,6,8,+51.083,+8.907
7716.851,6,8,+51.019,+8.790
7722.147,6,8,+51.015,+8.742
7726.459,6,8,+51.034,+8.676
7730.53,6,8,+50.947,+8.558
7733.537,6,8,+50.877,+8.473
7734.985,6,8,+50.857,+8.391
7735.701,6,8,+50.852,+8.368
7738.327,6,8,+50.777,+8.294
7743.871,6,8,+50.903,+8.312
7752.759,6,8,+51.050,+8.201
7756.696,6,8,+51.193,+8.226
7759.641,6,8,+51.363,+8.265
7760.45,6,8,+51.382,+8.270
7763.834,6,8,+51.416,+8.297
7766.609,6,8,+51.452,+8.288
7773.597,6,8,+51.451,+8.158
7779.404,6,8,+51.638,+8.125
7784.326,6,8,+51.579,+8.116
7786.138,6,8,+51.584,+8.059
7789.624,6,8,+51.573,+7.989
7793.185,6,8,+51.610,+7.919
7797.385,6,8,+51.594,+7.784
7801.214,6,8,+51.751,+7.809
7806.433,6,8,+51.667,+7.752
7810.926,6,8,+51.693,+7.696
7814.827,6,8,+51.625,+7.589
7817.843,6,8,+51.562,+7.523
7819.257,6,8,+51.539,+7.451
7820.02,6,8,+51.529,+7.420
7822.603,6,8,+51.485,+7.325
7828.06,6,8,+51.342,+7.197
7836.89,6,8,+51.329,+7.087
7840.753,6,8,+51.299,+7.127
7843.682,6,8,+51.459,+7.214
7844.479,6,8,+51.482,+7.227
7847.869,6,8,+51.552,+7.239
7850.651,6,8,+51.610,+7.290
7857.635,6,8,+51.621,+7.184
7863.447,6,8,+51.710,+7.143
7868.416,6,8,+51.519,+7.155
7870.244,6,8,+51.530,+7.107
7873.729,6,8,+51.516,+7.049
7877.338,6,8,+51.524,+7.012
7881.541,6,8,+51.488,+6.917
7885.338,6,8,+51.558,+6.806
7890.619,6,8,+51.548,+6.723
7894.919,6,8,+51.594,+6.671
7898.997,6,8,+51.477,+6.537
7902.013,6,8,+51.409,+6.482
7903.435,6,8,+51.341,+6.430
7904.185,6,8,+51.310,+6.410
7906.779,6,8,+51.212,+6.354
7912.247,6,8,+51.124,+6.308
7921.232,6,8,+51.255,+6.093
7925.076,6,8,+51.249,+6.093
7928.013,6,8,+51.346,+6.093
7928.794,6,8,+51.359,+3.509
7932.138,6,7,+51.359,+3.509
7932.217,6,7,+51.443,+22.806
7934.951,6,7,+51.496,+22.881
7941.95,6,7,+51.417,+23.157
7947.798,6,7,+51.569,+23.322
7952.712,6,7,+51.423,+23.395
7954.54,6,7,+51.434,+23.392
7957.993,6,7,+51.411,+23.351
7961.555,6,7,+51.398,+23.408
7965.789,6,7,+51.328,+23.516
7969.606,6,7,+51.425,+23.607
7974.853,6,7,+51.329,+23.769
7979.127,6,7,+51.323,+23.685
7983.216,6,7,+51.218,+23.795
7986.247,6,7,+51.174,+23.826
7987.7,6,7,+51.124,+23.830
7988.419,6,7,+51.120,+23.828
7991.034,6,7,+51.072,+23.778
7996.49,6,7,+50.997,+23.860
8005.443,6,7,+51.084,+24.159
8009.393,6,7,+51.315,+24.364
8012.257,6,7,+51.455,+24.514
8013.093,6,7,+51.472,+24.531
8016.417,6,7,+51.485,+24.561
8019.145,6,7,+51.524,+38.631
8026.233,6,7,+51.434,+38.193
8036.254,6,7,+55.879,+42.061
8041.927,6,7,+56.430,+40.338
8046.36,6,7,+59.130,+40.232
8051.937,6,6,+59.130,+40.232
8052.032,6,6,+61.264,+34.483
8056.184,6,6,+61.731,+34.681
8060.784,6,6,+62.075,+35.111
8065.293,6,6,+62.666,+33.550
8071.292,6,6,+63.464,+32.474
8076.371,6,6,+64.193,+32.400
8081.628,6,6,+65.202,+32.563
8085.831,6,6,+66.306,+31.863
8087.653,6,6,+66.638,+31.644
8088.528,6,6,+66.843,+31.517
8092.131,6,6,+67.692,+31.275
8098.727,6,6,+67.712,+33.530
8110.51,6,6,+67.183,+33.773
8119.141,6,6,+65.214,+30.915
8125.357,6,6,+46.732,+13.463
8132.451,6,6,+45.780,+12.913
8138.357,6,6,+42.164,+13.016
8143.373,6,6,+41.346,+13.198
8145.36,6,6,+39.008,+13.159
8148.635,6,6,+37.583,+13.101
8152.369,6,6,+37.542,+13.284
8156.728,6,6,+37.595,+13.429
8160.65,6,6,+37.869,+13.690
8165.971,6,6,+37.801,+13.837
8170.344,6,6,+37.946,+13.929
8174.579,6,6,+38.150,+14.161
8177.697,6,6,+38.318,+14.322
8179.244,6,6,+38.403,+14.444
8180.025,6,6,+38.437,+14.480
8182.713,6,6,+38.558,+14.583
8188.166,6,6,+38.694,+14.733
8197.027,6,6,+39.156,+15.045
8200.801,6,6,+39.248,+15.076
8203.7,6,6,+39.483,+15.200
8204.496,6,6,+39.510,+15.206
8207.86,6,6,+39.584,+15.210
8210.682,6,6,+39.692,+15.225
8217.619,6,6,+39.788,+15.550
8223.439,6,6,+39.980,+15.731
8228.331,6,6,+39.982,+15.874
8230.103,6,6,+40.010,+15.857
8233.572,6,6,+40.008,+15.775
8237.091,6,6,+40.042,+15.874
8241.357,6,6,+40.146,+15.991
8245.229,6,6,+40.241,+16.042
8250.418,6,6,+40.189,+16.217
8254.698,6,6,+40.209,+16.259
8258.844,6,6,+40.331,+16.499
8261.849,6,6,+40.307,+16.496
8263.313,6,6,+40.302,+16.550
8264.039,6,6,+40.292,+16.566
8266.693,6,6,+40.263,+16.570
8272.128,6,6,+40.359,+16.793
8280.888,6,6,+40.427,+16.868
8284.711,6,6,+40.459,+16.990
8287.59,6,6,+40.468,+17.088
8288.388,6,6,+40.469,+17.093
8291.732,6,6,+40.447,+17.088
8294.56,6,6,+40.437,+17.088
8301.46,6,6,+40.443,+17.427
8307.242,6,6,+40.579,+17.428
8312.2,6,6,+40.419,+17.571
8313.982,6,6,+40.456,+17.548
8317.388,6,6,+40.454,+17.465
8320.916,6,6,+40.457,+17.611
8325.287,6,6,+40.494,+17.775
8328.991,6,6,+40.681,+17.847
8334.285,6,6,+40.763,+18.065
8338.615,6,6,+40.761,+18.192
8342.685,6,6,+40.752,+18.308
8345.714,6,6,+40.707,+18.261
8347.15,6,6,+40.664,+18.301
8347.869,6,6,+40.646,+18.316
8350.478,6,6,+40.591,+18.284
8355.994,6,6,+40.706,+18.456
8364.775,6,6,+40.762,+18.538
8368.603,6,6,+40.712,+18.536
8371.463,6,6,+40.686,+18.595
8372.275,6,6,+40.684,+18.596
8375.666,6,6,+40.758,+18.586
8378.431,6,6,+40.864,+18.593
8385.353,6,6,+40.857,+18.743
8391.025,6,6,+40.807,+18.696
8395.959,6,6,+40.730,+18.942
8397.761,6,6,+40.741,+18.960
8401.202,6,6,+40.747,+18.900
8404.798,6,6,+40.633,+19.036
8408.921,6,6,+40.617,+19.187
8412.772,6,6,+40.731,+19.234
8418.049,6,6,+40.769,+19.482
8422.413,6,6,+40.780,+19.609
8426.497,6,6,+40.726,+19.759
8429.497,6,6,+40.600,+19.717
8430.95,6,6,+40.531,+19.766
8431.684,6,6,+40.519,+19.790
8434.341,6,6,+40.438,+19.775
8439.748,6,6,+40.406,+19.886
8448.562,6,6,+40.596,+20.045
8452.516,6,6,+40.791,+20.126
8455.386,6,6,+40.940,+20.149
8456.153,6,6,+40.954,+20.142
8459.514,6,6,+40.985,+20.119
8462.302,6,6,+41.008,+20.133
8469.198,6,6,+41.032,+20.395
8474.848,6,6,+40.984,+20.350
8479.835,6,6,+40.929,+20.554
8481.613,6,6,+40.935,+20.543
8485.091,6,6,+40.918,+20.485
8488.681,6,6,+40.959,+20.633
8492.827,6,6,+41.031,+20.823
8496.631,6,6,+41.185,+20.844
8501.953,6,6,+41.343,+21.057
8506.282,6,6,+41.510,+21.202
8510.484,6,6,+41.611,+21.354
8513.398,6,6,+41.603,+21.355
8514.861,6,6,+41.638,+21.417
8516.559,6,6,+41.655,+21.447
8518.807,6,6,+41.622,+21.462
8523.777,6,6,+41.835,+21.638
8532.635,6,6,+42.113,+21.806
8536.593,6,6,+42.286,+21.951
8539.584,6,6,+42.579,+22.037
8540.402,6,6,+42.606,+22.038
8543.727,6,6,+42.634,+22.034
8546.514,6,6,+42.605,+22.044
8553.4,6,6,+42.755,+22.297
8559.119,6,6,+42.829,+22.305
8564.088,6,6,+42.826,+22.490
8565.9,6,6,+42.885,+22.533
8569.369,6,6,+42.878,+22.492
8572.947,6,6,+42.882,+22.654
8577.103,6,6,+42.972,+22.854
8580.884,6,6,+43.093,+22.831
8586.217,6,6,+43.187,+23.022
8590.586,6,6,+43.376,+23.105
8594.75,6,6,+43.471,+23.247
8597.727,6,6,+43.433,+23.230
8599.171,6,6,+43.440,+23.275
8599.921,6,6,+43.446,+23.296
8602.522,6,6,+43.386,+23.297
8608.073,6,6,+43.587,+23.482
8617.014,6,6,+43.856,+23.737
8620.904,6,6,+44.041,+23.681
8623.927,6,6,+44.279,+23.728
8624.793,6,6,+44.297,+23.727
8628.113,6,6,+44.304,+23.717
8630.827,6,6,+44.304,+23.630
8637.838,6,6,+44.587,+23.667
8643.603,6,6,+44.812,+23.664
8648.556,6,6,+44.803,+23.766
8650.371,6,6,+44.882,+23.780
8653.818,6,6,+44.876,+23.713
8657.385,6,6,+44.892,+23.823
8661.627,6,6,+44.938,+23.937
8665.48,6,6,+45.112,+23.949
8670.761,6,6,+45.175,+24.067
8675.121,6,6,+45.274,+24.136
8679.199,6,6,+45.354,+24.231
8682.213,6,6,+45.305,+24.195
8683.684,6,6,+45.296,+24.224
8684.443,6,6,+45.302,+24.241
8687.047,6,6,+45.240,+24.234
8692.598,6,6,+45.340,+24.240
8701.657,6,6,+45.724,+24.326
8705.702,6,6,+46.053,+24.249
8708.617,6,6,+46.258,+24.319
8709.428,6,6,+46.279,+24.325
8712.788,6,6,+46.305,+24.360
8715.585,6,6,+46.322,+24.408
8722.569,6,6,+46.564,+24.509
8728.366,6,6,+46.796,+24.549
8733.444,6,6,+46.926,+24.646
8735.241,6,6,+46.993,+24.641
8738.694,6,6,+47.012,+24.657
8742.33,6,6,+47.075,+24.711
8746.626,6,6,+47.145,+24.467
8750.513,6,6,+47.403,+24.417
8755.888,6,6,+47.540,+24.509
8760.309,6,6,+47.776,+24.544
8764.434,6,6,+47.829,+24.570
8767.427,6,6,+47.780,+24.537
8768.884,6,6,+47.790,+24.543
8769.62,6,6,+47.801,+24.552
8772.273,6,6,+47.752,+24.554
8777.843,6,6,+48.031,+24.620
8786.718,6,6,+48.281,+24.632
8790.695,6,6,+48.600,+24.735
8793.616,6,6,+48.757,+24.739
8794.434,6,6,+48.774,+24.741
8797.759,6,6,+48.768,+24.788
8800.5,6,6,+48.700,+24.834
8807.456,6,6,+48.860,+24.744
8813.18,6,6,+48.997,+24.692
8818.227,6,6,+48.964,+24.828
8820.014,6,6,+48.979,+24.854
8823.428,6,6,+48.953,+24.841
8827.161,6,6,+49.005,+24.976
8831.333,6,6,+49.094,+24.858
8835.13,6,6,+49.241,+24.801
8840.497,6,6,+49.290,+25.078
8844.778,6,6,+49.295,+25.141
8848.934,6,6,+49.386,+25.258
8851.95,6,6,+49.368,+25.276
8853.419,6,6,+49.375,+25.350
8854.153,6,6,+49.383,+25.378
8856.801,6,6,+49.372,+25.408
8862.414,6,6,+49.514,+25.609
8871.417,6,6,+49.805,+25.816
8875.2,6,6,+50.018,+25.885
8878.138,6,6,+50.164,+25.892
8878.903,6,6,+50.179,+25.887
8882.278,6,6,+50.182,+25.866
8885.028,6,6,+50.185,+25.869
8891.934,6,6,+50.298,+26.070
8897.763,6,6,+50.541,+26.253
8902.825,6,6,+50.638,+26.363
8904.638,6,6,+50.713,+26.417
8908.153,6,6,+50.734,+26.404
8911.669,6,6,+50.767,+26.624
8915.95,6,6,+50.823,+26.589
8919.825,6,6,+51.058,+26.661
8925.203,6,6,+51.179,+26.802
8929.445,6,6,+51.239,+26.794
8933.566,6,6,+51.261,+26.911
8936.565,6,6,+51.203,+26.902
8938.063,6,6,+51.227,+26.962
8938.798,6,6,+51.235,+26.982
8941.449,6,6,+51.145,+27.001
8946.913,6,6,+51.203,+27.132
8955.728,6,6,+51.385,+27.240
8959.727,6,6,+51.614,+27.463
8962.636,6,6,+51.779,+27.480
8963.427,6,6,+51.802,+27.484
8966.798,6,6,+51.853,+27.518
8969.584,6,6,+51.799,+27.532
8976.455,6,6,+51.736,+27.606
8982.315,6,6,+51.942,+27.654
8987.233,6,6,+51.842,+27.665
8989.035,6,6,+51.916,+27.673
8992.573,6,6,+51.908,+27.662
8996.013,6,6,+51.903,+27.803
9000.26,6,6,+51.899,+27.918
9004.028,6,6,+52.030,+27.926
9009.4,6,6,+52.108,+28.054
9013.681,6,6,+52.253,+28.081
9017.764,6,6,+52.314,+28.131
9020.76,6,6,+52.232,+28.061
9022.227,6,6,+52.229,+28.109
9022.959,6,6,+52.225,+28.130
9025.595,6,6,+52.138,+28.123
9031.084,6,6,+52.246,+28.221
9039.914,6,6,+52.461,+28.303
9043.932,6,6,+52.809,+28.385
9046.86,6,6,+52.980,+28.406
9047.653,6,6,+52.996,+28.399
9051.044,6,6,+53.005,+28.384
9053.749,6,6,+52.985,+28.361
9060.692,6,6,+53.148,+28.516
9066.465,6,6,+53.367,+28.524
9071.403,6,6,+53.275,+28.547
9073.215,6,6,+53.337,+28.577
9076.684,6,6,+53.342,+28.564
9080.246,6,6,+53.334,+28.736
9084.465,6,6,+53.382,+28.832
9088.259,6,6,+53.521,+28.865
9093.574,6,6,+53.573,+28.984
9097.901,6,6,+53.727,+29.067
9101.898,6,6,+53.709,+29.069
9104.917,6,6,+53.670,+29.044
9106.398,6,6,+53.680,+29.107
9107.115,6,6,+53.691,+29.130
9109.741,6,6,+53.654,+29.136
9115.259,6,6,+53.659,+29.358
9124.056,6,6,+53.868,+29.376
9128.046,6,6,+54.154,+29.554
9130.998,6,6,+54.310,+29.599
9131.801,6,6,+54.323,+29.595
9135.127,6,6,+54.329,+29.575
9137.893,6,6,+54.357,+29.565
9144.745,6,6,+54.469,+29.661
9150.547,6,6,+54.658,+29.735
9155.486,6,6,+54.522,+29.896
9157.333,6,6,+54.570,+29.928
9160.783,6,6,+54.567,+29.902
9164.459,6,6,+54.546,+30.126
9168.626,6,6,+54.526,+30.286
9172.498,6,6,+54.719,+30.373
9177.836,6,6,+54.679,+30.502
9182.098,6,6,+54.712,+30.579
9186.127,6,6,+54.767,+30.662
9189.103,6,6,+54.684,+30.643
9190.637,6,6,+54.704,+30.713
9191.317,6,6,+54.719,+30.736
9193.944,6,6,+54.686,+30.734
9199.361,6,6,+54.657,+30.730
9208.236,6,6,+54.768,+30.788
9212.142,6,6,+54.912,+30.643
9215.01,6,6,+54.988,+30.634
9215.806,6,6,+54.991,+30.624
9219.15,6,6,+55.000,+30.593
9221.838,6,6,+54.995,+30.534
9228.793,6,6,+55.101,+30.675
9234.611,6,6,+55.179,+30.655
9239.471,6,6,+55.087,+30.786
9241.316,6,6,+55.166,+30.827
9244.811,6,6,+55.172,+30.782
9248.397,6,6,+55.099,+30.901
9252.541,6,6,+55.120,+30.980
9256.417,6,6,+55.216,+31.044
9261.618,6,6,+55.131,+31.152
9265.931,6,6,+55.168,+31.236
9270.025,6,6,+55.271,+35.577
9273.052,6,6,+55.236,+35.509
9274.543,6,6,+55.241,+35.546
9275.276,6,6,+55.245,+35.558
9278.137,6,6,+55.181,+35.590
9283.403,6,6,+55.278,+35.701
9292.294,6,6,+55.558,+35.849
9296.231,6,6,+55.759,+36.013
9299.138,6,6,+55.781,+35.964
9299.919,6,6,+55.488,+30.948
8.61,41,9,,
3256.418,41,9,+1.082,+0.196
3259.461,41,8,+1.082,+0.196
3259.542,41,8,+0.973,+0.217
3266.817,41,9,+0.973,+0.217
3266.942,41,9,+1.155,+0.046
3273.208,41,9,+1.415,+0.033
3278.994,41,9,+1.980,+0.429
3281.207,41,9,+2.112,+0.398
3284.426,41,9,+2.047,+0.312
3288.591,41,9,+2.435,+0.354
3293.3,41,9,+2.816,+0.267
3297.161,41,9,+2.932,+0.214
3303.237,41,9,+3.531,+0.290
3308.094,41,9,+3.909,+0.302
3312.43,41,9,+4.128,+0.358
3315.758,41,9,+4.220,+0.339
3317.383,41,9,+4.303,+0.372
3318.18,41,9,+4.302,+0.374
3320.883,41,9,+4.214,+0.365
3326.664,41,9,+4.537,+0.426
3335.821,41,9,+4.741,+0.376
3339.93,41,9,+4.977,+0.307
3342.852,41,9,+5.093,+0.369
3343.633,41,9,+5.097,+0.374
3347.039,41,9,+5.011,+0.334
3349.649,41,9,+4.887,+0.195
3357.243,41,9,+5.395,+0.590
3363.349,41,9,+5.555,+0.451
3368.467,41,9,+5.685,+0.606
3370.374,41,9,+5.691,+0.618
3373.9,41,9,+5.630,+0.609
3377.981,41,9,+5.881,+0.717
3382.502,41,9,+6.138,+0.821
3386.464,41,9,+6.248,+0.907
3391.973,41,9,+6.301,+1.071
3396.674,41,9,+6.531,+1.216
3400.961,41,9,+6.633,+1.311
3404.162,41,9,+6.631,+1.220
3405.794,41,9,+6.689,+1.239
3406.537,41,9,+6.689,+1.246
3409.308,41,9,+6.653,+1.242
3415.011,41,9,+6.809,+1.282
3423.977,41,9,+6.873,+1.356
3428.108,41,9,+7.082,+1.371
3430.936,41,9,+7.120,+1.303
3431.702,41,9,+7.122,+1.296
3435.108,41,9,+7.084,+1.278
3437.894,41,9,+7.035,+1.262
3445.027,41,9,+7.234,+1.437
3451.044,41,9,+7.376,+1.387
3456.105,41,9,+7.539,+1.476
3458.011,41,9,+7.554,+1.480
3461.527,41,9,+7.536,+1.501
3465.389,41,9,+7.665,+1.552
3469.816,41,9,+7.849,+1.576
3473.755,41,9,+7.858,+1.563
3479.061,41,9,+7.919,+1.670
3483.665,41,9,+8.123,+1.798
3487.93,41,9,+8.242,+1.868
3491.114,41,9,+8.232,+1.805
3492.704,41,9,+8.296,+1.842
3493.472,41,9,+8.310,+1.860
3496.266,41,9,+8.311,+1.888
3501.915,41,9,+8.472,+1.908
3510.993,41,9,+8.537,+1.933
3515.053,41,9,+8.774,+1.907
3517.929,41,9,+8.844,+1.913
3518.732,41,9,+8.851,+1.917
3522.131,41,9,+8.829,+1.951
3524.996,41,9,+8.774,+1.995
3532.253,41,9,+9.129,+2.306
3538.274,41,9,+9.168,+2.185
3543.421,41,9,+9.370,+2.329
3545.342,41,9,+9.433,+2.355
3548.889,41,9,+9.436,+2.387
3552.686,41,9,+9.583,+2.450
3557.202,41,9,+9.793,+2.492
3561.033,41,9,+9.807,+2.460
3566.363,41,9,+9.904,+2.435
3570.963,41,9,+10.142,+2.520
3575.252,41,9,+10.325,+2.569
3578.372,41,9,+10.318,+2.479
3579.997,41,9,+10.370,+2.477
3580.762,41,9,+10.382,+2.482
3583.517,41,9,+10.400,+2.490
3589.142,41,9,+10.562,+2.482
3598.181,41,9,+10.728,+2.581
3602.259,41,9,+10.891,+2.564
3605.162,41,9,+10.932,+2.559
3605.989,41,9,+10.937,+2.552
3609.372,41,9,+10.920,+2.546
3612.225,41,9,+10.897,+2.538
3619.369,41,9,+11.102,+2.684
3625.405,41,9,+11.186,+2.628
3630.436,41,9,+11.181,+2.559
3632.295,41,9,+11.223,+2.544
3635.842,41,9,+11.197,+2.542
3639.733,41,9,+11.412,+2.619
3644.108,41,9,+11.638,+2.636
3647.999,41,9,+11.659,+2.664
3653.315,41,9,+11.784,+2.719
3657.895,41,9,+12.008,+2.753
3662.124,41,9,+12.117,+2.758
3665.256,41,9,+12.095,+2.660
3666.794,41,9,+12.152,+2.659
3667.542,41,9,+12.163,+2.665
3670.304,41,9,+12.175,+2.679
3676.028,41,9,+12.255,+2.708
3684.994,41,9,+12.395,+2.710
3689.042,41,9,+12.544,+2.641
3691.98,41,9,+12.653,+2.638
3692.777,41,9,+12.664,+2.635
3696.183,41,9,+12.668,+2.629
3699.027,41,9,+12.668,+2.606
3706.217,41,9,+12.925,+2.763
3712.285,41,9,+13.024,+2.781
3717.294,41,9,+13.036,+2.761
3719.173,41,9,+13.045,+2.715
3722.715,41,9,+13.005,+2.699
3726.517,41,9,+13.145,+2.736
3730.928,41,9,+13.356,+2.755
3734.792,41,9,+13.322,+2.701
3740.145,41,9,+13.453,+2.698
3744.695,41,9,+13.678,+2.726
3748.928,41,9,+13.800,+2.750
3752.12,41,9,+13.834,+2.712
3753.667,41,9,+13.882,+2.679
3754.428,41,9,+13.884,+2.670
3757.212,41,9,+13.892,+2.669
3762.803,41,9,+14.046,+2.705
3771.843,41,9,+14.193,+2.728
3775.952,41,9,+14.398,+2.683
3778.816,41,9,+14.457,+2.650
3779.613,41,9,+14.464,+2.645
3783.034,41,9,+14.462,+2.641
3785.901,41,9,+14.479,+2.688
3792.936,41,9,+14.702,+2.776
3798.928,41,9,+14.770,+2.680
3804.044,41,9,+14.898,+2.679
3805.979,41,9,+14.968,+2.635
3809.502,41,9,+14.958,+2.617
3813.23,41,9,+15.079,+2.619
3817.652,41,9,+15.258,+2.599
3821.511,41,9,+15.300,+2.564
3826.886,41,9,+15.459,+2.540
3831.464,41,9,+15.666,+2.600
3835.761,41,9,+15.841,+2.630
3838.917,41,9,+15.865,+2.597
3840.511,41,9,+15.945,+2.633
3841.292,41,9,+15.971,+2.647
3844.076,41,9,+16.058,+2.673
3849.73,41,9,+16.230,+2.754
3858.728,41,9,+16.320,+2.775
3862.872,41,9,+16.493,+2.735
3865.745,41,9,+16.521,+2.708
3866.558,41,9,+16.526,+2.706
3869.933,41,9,+16.504,+2.695
3872.777,41,9,+16.478,+2.697
3879.901,41,9,+16.700,+2.887
3885.872,41,9,+16.694,+2.802
3891.027,41,9,+16.763,+2.800
3892.761,41,9,+16.777,+2.747
3896.276,41,9,+16.739,+2.712
3899.964,41,9,+16.810,+2.778
3904.401,41,9,+17.005,+2.828
3908.339,41,9,+17.040,+2.856
3913.651,41,9,+17.039,+2.811
3918.214,41,9,+17.200,+2.841
3922.527,41,9,+17.330,+2.930
3925.745,41,9,+17.331,+2.857
3927.261,41,9,+17.359,+2.847
3928.027,41,9,+17.361,+2.848
3930.808,41,9,+17.360,+2.841
3936.495,41,9,+17.518,+2.838
3945.568,41,9,+17.671,+2.889
3949.585,41,9,+17.876,+2.856
3952.461,41,9,+17.927,+2.844
3953.257,41,9,+17.935,+2.846
3956.683,41,9,+17.934,+2.851
3959.526,41,9,+17.933,+2.890
3966.661,41,9,+18.136,+3.095
3972.647,41,9,+18.156,+3.060
3977.794,41,9,+18.269,+3.139
3979.672,41,9,+18.294,+3.103
3983.214,41,9,+18.254,+3.087
3986.929,41,9,+18.349,+3.093
3991.373,41,9,+18.520,+3.083
3995.245,41,9,+18.482,+3.103
4000.631,41,9,+18.599,+3.138
4005.293,41,9,+18.762,+3.203
4009.485,41,9,+18.869,+3.245
4012.633,41,9,+18.876,+3.181
4014.228,41,9,+18.952,+3.202
4015.001,41,9,+18.971,+3.215
4017.776,41,9,+19.007,+3.226
4023.448,41,9,+19.197,+3.245
4032.48,41,9,+19.309,+3.317
4036.58,41,9,+19.491,+3.256
4039.501,41,9,+19.582,+3.276
4040.299,41,9,+19.590,+3.278
4043.731,41,9,+19.602,+3.283
4046.63,41,9,+19.634,+3.316
4053.793,41,9,+19.840,+3.535
4059.832,41,9,+19.889,+3.541
4065.001,41,9,+19.948,+3.582
4066.86,41,9,+19.975,+3.533
4070.416,41,9,+19.940,+3.502
4074.183,41,9,+20.066,+3.504
4078.606,41,9,+20.259,+3.530
4082.48,41,9,+20.253,+3.519
4087.839,41,9,+20.306,+3.525
4092.36,41,9,+20.382,+3.516
4096.636,41,9,+20.481,+3.534
4099.792,41,9,+20.444,+3.491
4101.386,41,9,+20.468,+3.459
4102.12,41,9,+20.471,+3.458
4104.917,41,9,+20.468,+3.452
4110.605,41,9,+20.606,+3.507
4119.542,41,9,+20.679,+3.501
4123.683,41,9,+20.899,+3.426
4126.605,41,9,+21.003,+3.429
4127.386,41,9,+21.015,+3.430
4130.841,41,9,+21.032,+3.438
4133.678,41,9,+21.044,+3.455
4140.886,41,9,+21.345,+3.621
4146.876,41,9,+21.349,+3.628
4151.94,41,9,+21.427,+3.598
4153.829,41,9,+21.480,+3.586
4157.406,41,9,+21.449,+3.583
4161.062,41,9,+21.474,+3.562
4165.594,41,9,+21.662,+3.595
4169.437,41,9,+21.668,+3.634
4174.958,41,9,+21.743,+3.706
4179.386,41,9,+21.872,+3.748
4183.67,41,9,+21.985,+3.823
4186.811,41,9,+21.963,+3.754
4188.42,41,9,+22.012,+3.760
4189.186,41,9,+22.017,+3.764
4191.967,41,9,+22.017,+3.787
4197.627,41,9,+22.239,+3.798
4206.645,41,9,+22.377,+3.754
4210.792,41,9,+22.569,+3.661
4213.662,41,9,+22.643,+3.628
4214.445,41,9,+22.653,+3.625
4217.903,41,9,+22.663,+3.624
4220.739,41,9,+22.696,+3.644
4227.974,41,9,+22.922,+3.802
4233.973,41,9,+22.919,+3.716
4239.029,41,9,+22.924,+3.686
4240.96,41,9,+22.982,+3.689
4244.541,41,9,+22.954,+3.697
4248.36,41,9,+23.099,+3.799
4252.776,41,9,+23.283,+3.855
4256.683,41,9,+23.293,+3.862
4262.104,41,9,+23.379,+3.870
4266.614,41,9,+23.485,+3.895
4270.995,41,9,+23.627,+3.980
4274.151,41,9,+23.602,+3.918
4275.714,41,9,+23.635,+3.906
4276.511,41,9,+23.635,+3.910
4279.292,41,9,+23.625,+3.910
4284.995,41,9,+23.784,+3.896
4294.042,41,9,+24.000,+3.994
4298.114,41,9,+24.208,+3.946
4301.085,41,9,+24.272,+3.953
4301.849,41,9,+24.280,+3.955
4305.399,41,9,+24.279,+3.953
4308.128,41,9,+24.270,+3.981
4315.233,41,9,+24.419,+4.123
4321.214,41,9,+24.395,+4.022
4326.42,41,9,+24.451,+4.093
4328.326,41,9,+24.468,+4.060
4331.873,41,9,+24.439,+4.047
4335.654,41,9,+24.573,+4.158
4340.186,41,9,+24.748,+4.200
4344.028,41,9,+24.731,+4.218
4349.415,41,9,+24.783,+4.232
4353.986,41,9,+24.904,+4.319
4358.328,41,9,+25.022,+4.373
4361.464,41,9,+24.990,+4.311
4363.099,41,9,+25.050,+4.329
4363.849,41,9,+25.063,+4.340
4366.615,41,9,+25.051,+4.345
4372.328,41,9,+25.212,+4.339
4381.348,41,9,+25.361,+4.398
4385.504,41,9,+25.568,+4.316
4388.342,41,9,+25.615,+4.316
4389.14,41,9,+25.623,+4.305
4392.561,41,9,+25.621,+4.305
4395.311,41,8,+25.621,+4.305
4395.389,41,8,+25.601,+4.291
4402.515,41,8,+25.708,+4.444
4408.529,41,8,+25.743,+4.478
4413.651,41,8,+25.861,+4.578
4415.558,41,8,+25.945,+4.578
4419.123,41,8,+25.939,+4.580
4422.983,41,8,+26.122,+4.681
4427.451,41,9,+26.122,+4.681
4427.561,41,9,+26.394,+0.028
4431.608,41,9,+26.560,+0.270
4437.217,41,9,+26.894,+0.710
4441.858,41,9,+27.089,+1.086
4446.288,41,9,+27.282,+1.348
4449.511,41,9,+27.298,+1.442
4450.995,41,9,+27.376,+1.567
4451.776,41,9,+27.398,+1.601
4454.542,41,9,+27.383,+1.656
4460.308,41,9,+27.572,+2.111
4469.417,41,9,+27.774,+2.539
4473.502,41,9,+27.971,+2.951
4476.482,41,9,+28.058,+3.021
4477.285,41,9,+28.066,+3.026
4480.693,41,9,+28.061,+3.026
4483.498,41,9,+28.049,+2.974
4490.733,41,9,+28.309,+2.898
4496.734,41,9,+28.308,+2.994
4501.929,41,9,+28.479,+3.148
4503.839,41,9,+28.562,+3.160
4507.41,41,9,+28.541,+3.185
4511.292,41,9,+28.743,+3.298
4515.728,41,9,+28.976,+3.479
4519.639,41,9,+28.999,+3.604
4524.951,41,9,+29.088,+3.706
4529.545,41,9,+29.235,+3.881
4533.873,41,9,+29.335,+4.007
4536.983,41,9,+29.270,+4.038
4538.561,41,9,+29.322,+4.118
4539.326,41,9,+29.340,+4.147
4542.123,41,9,+29.365,+4.263
4547.78,41,9,+29.529,+4.501
4556.914,41,9,+29.755,+4.788
4561.049,41,9,+29.960,+4.924
4563.961,41,9,+29.924,+5.103
4564.737,41,9,+29.917,+5.133
4568.201,41,9,+29.893,+5.296
4571.022,41,9,+29.897,+5.228
4578.148,41,9,+30.092,+4.877
4584.12,41,9,+30.127,+4.580
4589.308,41,9,+30.228,+4.460
4591.199,41,9,+30.278,+4.373
4594.73,41,9,+30.237,+4.332
4598.461,41,9,+30.361,+4.175
4602.917,41,9,+30.478,+4.074
4606.808,41,9,+30.462,+4.025
4612.183,41,9,+30.439,+3.911
4616.792,41,9,+30.571,+3.956
4621.183,41,9,+30.735,+3.990
4624.414,41,9,+29.903,+3.958
4626.099,41,9,+29.972,+3.965
4626.815,41,9,+29.977,+3.969
4629.584,41,9,+29.993,+3.941
4635.23,41,9,+30.019,+3.843
4644.37,41,9,+30.124,+3.905
4648.573,41,9,+30.452,+3.898
4651.451,41,9,+30.562,+3.926
4652.51,41,9,+30.578,+3.933
4655.745,41,9,+30.618,+3.933
4658.585,41,9,+30.668,+2.732
4665.815,41,9,+30.814,+2.525
4671.73,41,9,+30.858,+2.611
4677.099,41,9,+31.154,+2.928
4678.974,41,9,+31.244,+2.956
4682.515,41,9,+31.241,+2.961
4686.361,41,9,+31.526,+3.092
4690.791,41,9,+31.706,+3.302
4694.62,41,9,+31.728,+3.235
4699.992,41,9,+31.825,+3.300
4704.586,41,9,+32.084,+3.455
4708.937,41,9,+32.228,+3.662
4712.094,41,9,+32.270,+3.718
4713.733,41,9,+32.349,+3.811
4714.494,41,9,+32.364,+3.843
4717.261,41,9,+32.423,+3.900
4722.964,41,9,+23.977,+3.842
4732.105,41,9,+24.197,+3.963
4736.277,41,9,+24.324,+3.866
4739.214,41,9,+24.383,+3.789
4740.011,41,9,+30.426,+3.787
4743.48,41,9,+24.418,+3.832
4746.23,41,10,+24.418,+3.832
4746.324,41,10,+24.456,+0.006
4753.652,41,10,+24.765,+0.270
4759.794,41,10,+25.079,+0.508
4765.214,41,10,+25.402,+0.781
4767.121,41,10,+25.495,+0.815
4770.694,41,10,+25.498,+0.792
4774.672,41,10,+25.766,+1.039
4779.095,41,10,+26.006,+1.228
4783.099,41,10,+26.118,+1.223
4788.527,41,10,+26.250,+1.282
4793.199,41,10,+26.478,+1.436
4797.495,41,10,+26.583,+1.527
4800.652,41,10,+26.611,+1.571
4802.245,41,10,+26.655,+1.596
4803.011,41,10,+26.657,+1.594
4805.78,41,10,+26.659,+1.603
4811.514,41,10,+26.871,+1.708
4820.794,41,10,+27.115,+1.871
4824.814,41,10,+27.285,+2.087
4827.731,41,10,+27.320,+2.118
4828.533,41,10,+27.324,+2.123
4831.928,41,10,+27.310,+2.124
4834.714,41,10,+27.309,+2.152
4841.902,41,10,+27.497,+2.245
4847.83,41,10,+27.534,+2.215
4853.065,41,10,+27.723,+2.361
4854.914,41,10,+27.768,+2.359
4858.514,41,10,+27.745,+2.330
4862.314,41,10,+27.857,+2.394
4866.792,41,10,+28.091,+2.559
4870.714,41,10,+28.140,+2.565
4876.136,41,10,+28.315,+2.684
4880.702,41,10,+28.438,+2.795
4885.015,41,10,+28.506,+2.848
4888.17,41,10,+28.542,+2.883
4889.78,41,10,+28.598,+2.932
4890.545,41,10,+28.602,+2.928
4893.295,41,10,+28.606,+2.933
4898.967,41,10,+28.702,+3.012
4907.999,41,10,+28.885,+2.999
4912.124,41,10,+29.019,+3.203
4915.092,41,10,+29.053,+3.234
4915.874,41,10,+29.057,+3.242
4919.21,41,9,+29.057,+3.242
4919.301,41,9,+29.053,+3.269
4922.129,41,9,+29.084,+3.344
4929.342,41,9,+29.366,+3.463
4935.329,41,9,+29.527,+3.482
4940.499,41,9,+29.669,+3.574
4942.358,41,9,+29.697,+3.530
4945.952,41,9,+29.680,+3.495
4949.717,41,9,+29.783,+3.551
4954.124,41,9,+30.001,+3.669
4957.945,41,9,+29.953,+3.561
4963.263,41,9,+30.041,+3.526
4967.8,41,9,+30.148,+3.529
4972.139,41,9,+30.184,+3.474
4975.272,41,9,+30.222,+3.441
4976.85,41,9,+30.253,+3.440
4977.617,41,9,+30.251,+3.440
4980.391,41,9,+30.233,+3.451
4986.146,41,9,+30.384,+3.556
4995.333,41,9,+30.721,+3.728
5013.983,41,10,+30.721,+3.728
5016.401,41,11,+30.721,+3.728
5022.249,41,12,+30.721,+3.728
5029.342,41,12,+50.783,+4.122
5036.931,41,12,+51.298,+4.588
5042.861,41,12,+51.447,+4.539
5047.995,41,12,+51.554,+4.626
5049.87,41,12,+51.605,+4.664
5053.415,41,12,+51.592,+4.508
5057.16,41,12,+51.729,+4.481
5061.575,41,12,+51.813,+4.499
5065.462,41,12,+51.703,+4.291
5070.663,41,12,+51.806,+4.144
5075.161,41,12,+51.834,+4.087
5079.342,41,12,+51.726,+3.895
5082.414,41,12,+51.711,+3.759
5083.972,41,12,+51.696,+3.742
5084.733,41,12,+51.675,+3.721
5087.429,41,12,+51.630,+3.628
5093.015,41,12,+51.639,+3.532
5101.961,41,12,+51.650,+3.324
5106.018,41,12,+51.675,+3.280
5108.773,41,12,+51.536,+3.184
5109.575,41,12,+51.522,+3.160
5112.961,41,12,+51.492,+3.160
5115.761,41,12,+51.528,+1.275
5122.76,41,12,+51.518,+0.753
5128.761,41,12,+51.729,+0.711
5133.904,41,12,+51.644,+0.753
5135.761,41,12,+51.630,+0.749
5139.315,41,12,+51.568,+0.735
5143.162,41,12,+51.724,+0.670
5147.624,41,12,+51.914,+0.660
5151.495,41,12,+51.887,+0.689
5156.98,41,12,+42.483,+0.722
5161.558,41,12,+42.703,+0.741
5165.832,41,12,+42.852,+0.756
5168.92,41,12,+42.858,+0.703
5170.517,41,12,+42.941,+0.690
5171.272,41,12,+42.960,+0.689
5174.024,41,12,+42.979,+0.675
5179.717,41,12,+43.278,+0.853
5188.654,41,12,+43.421,+0.929
5192.717,41,12,+43.675,+0.909
5195.608,41,12,+43.752,+0.949
5196.404,41,12,+49.853,+0.950
5199.795,41,12,+43.730,+0.929
5202.592,41,12,+43.762,+0.949
5209.64,41,12,+43.921,+1.183
5215.515,41,12,+43.892,+1.067
5220.633,41,12,+43.986,+1.142
5222.539,41,12,+44.045,+1.163
5226.072,41,12,+43.993,+1.164
5229.822,41,12,+44.144,+1.140
5234.244,41,12,+44.374,+1.125
5238.119,41,12,+44.397,+1.063
5243.4,41,12,+44.474,+0.953
5247.954,41,12,+44.686,+0.958
5252.219,41,12,+44.879,+0.992
5255.36,41,12,+44.904,+0.934
5256.969,41,12,+44.991,+0.939
5257.719,41,12,+45.004,+0.938
5260.485,41,12,+45.009,+0.929
5266.125,41,12,+45.216,+0.986
5275.089,41,12,+45.419,+0.988
5279.136,41,12,+45.622,+1.079
5282.027,41,12,+45.679,+1.013
5282.777,41,12,+45.681,+1.008
5286.177,41,12,+45.630,+1.007
5288.915,41,12,+45.593,+1.120
5295.934,41,12,+45.775,+0.974
5301.885,41,12,+45.803,+0.615
5306.995,41,12,+45.906,+0.613
5308.873,41,12,+45.949,+0.569
5312.362,41,12,+45.869,+0.347
5316.313,41,12,+46.284,+0.394
5320.828,41,12,+46.644,+0.419
5324.773,41,12,+46.787,+0.370
5330.394,41,12,+47.072,+0.371
5335.028,41,12,+47.338,+0.478
5339.3,41,12,+47.445,+0.373
5342.544,41,12,+47.538,+0.368
5344.122,41,12,+47.595,+0.389
5344.872,41,12,+47.609,+0.390
5347.653,41,12,+47.650,+0.363
5353.419,41,12,+47.944,+0.426
5362.512,41,12,+48.009,+0.407
5366.575,41,12,+48.245,+0.444
5369.481,41,12,+48.347,+0.392
5370.247,41,12,+48.352,+0.369
5373.613,41,12,+48.270,+0.162
5376.285,41,11,+48.270,+0.162
5376.365,41,11,+48.214,+2.649
5383.56,41,11,+48.530,+2.982
5389.514,41,11,+48.632,+3.004
5394.671,41,11,+48.694,+3.134
5396.608,41,11,+48.795,+3.204
5400.209,41,11,+48.812,+3.248
5403.999,41,11,+49.025,+3.363
5408.524,41,11,+49.274,+3.474
5412.36,41,11,+49.252,+3.442
5417.761,41,11,+49.399,+3.457
5422.275,41,11,+49.562,+3.486
5426.515,41,11,+49.594,+3.466
5429.656,41,11,+49.612,+3.407
5431.25,41,11,+49.665,+3.412
5432.015,41,11,+49.673,+3.418
5434.749,41,11,+49.660,+3.385
5440.315,41,11,+49.793,+3.349
5449.264,41,11,+49.890,+3.393
5453.339,41,11,+50.082,+3.305
5456.167,41,11,+50.090,+3.303
5456.98,41,11,+50.091,+3.304
5460.372,41,11,+50.086,+3.294
5463.214,41,11,+50.166,+3.300
5470.291,41,11,+50.315,+3.459
5476.217,41,11,+50.322,+3.419
5481.272,41,11,+50.219,+3.506
5483.177,41,11,+50.249,+3.527
5486.683,41,11,+50.207,+3.539
5490.436,41,11,+50.302,+3.658
5494.842,41,11,+50.443,+3.665
5498.623,41,11,+50.362,+3.642
5503.92,41,11,+50.419,+3.555
5508.478,41,11,+50.539,+3.640
5512.794,41,11,+50.607,+3.701
5515.954,41,11,+50.636,+3.744
5517.53,41,11,+50.676,+3.748
5518.285,41,11,+50.686,+3.750
5521.028,41,11,+50.677,+3.737
5526.632,41,11,+50.829,+3.774
5535.638,41,11,+50.899,+3.852
5539.672,41,11,+51.021,+3.819
5542.542,41,11,+51.052,+3.827
5543.328,41,11,+51.056,+3.827
5546.731,41,11,+51.049,+3.813
5549.501,41,11,+51.051,+3.800
5556.582,41,11,+51.063,+3.956
5562.524,41,11,+51.065,+3.972
5567.673,41,11,+51.092,+4.105
5569.58,41,11,+51.148,+4.121
5573.115,41,11,+51.143,+4.139
5576.928,41,11,+51.332,+4.258
5581.392,41,11,+51.496,+4.279
5585.133,41,11,+51.394,+4.168
5590.405,41,11,+51.349,+4.051
5594.936,41,11,+51.469,+4.065
5599.155,41,11,+51.541,+4.057
5602.28,41,11,+51.559,+4.012
5603.842,41,11,+51.576,+3.987
5604.592,41,11,+51.573,+3.981
5607.327,41,11,+51.571,+3.963
5612.912,41,11,+51.670,+3.968
5621.855,41,11,+51.605,+4.050
5625.964,41,11,+51.759,+3.958
5628.761,41,11,+51.812,+3.965
5629.558,41,11,+51.819,+3.965
5632.995,41,11,+51.826,+3.962
5635.764,41,11,+51.870,+3.969
5642.8,41,11,+51.919,+3.771
5648.703,41,11,+51.907,+3.465
5653.778,41,11,+51.971,+3.391
5655.674,41,11,+52.024,+3.369
5659.214,41,11,+52.010,+3.371
5662.98,41,11,+52.136,+3.294
5667.37,41,11,+52.348,+3.202
5671.198,41,11,+52.294,+3.078
5676.495,41,11,+52.286,+2.876
5681.027,41,11,+52.454,+2.752
5685.292,41,11,+52.514,+2.733
5688.386,41,11,+52.503,+2.690
5689.994,41,11,+52.540,+2.667
5690.733,41,11,+52.539,+2.666
5693.489,41,11,+52.527,+2.636
5699.102,41,11,+52.688,+2.581
5708.152,41,11,+52.821,+2.625
5712.261,41,11,+53.009,+2.544
5715.183,41,11,+53.095,+2.567
5715.948,41,11,+53.103,+2.571
5719.37,41,11,+53.107,+2.570
5722.175,41,11,+53.170,+2.598
5729.26,41,11,+53.268,+2.732
5735.194,41,11,+53.319,+2.730
5740.399,41,11,+53.457,+2.899
5742.3,41,11,+53.523,+2.928
5745.872,41,11,+53.508,+2.941
5749.605,41,11,+53.652,+2.947
5754.105,41,11,+53.725,+3.013
5757.886,41,11,+53.686,+2.925
5763.23,41,11,+53.596,+2.827
5767.745,41,11,+53.693,+2.779
5772.027,41,11,+53.764,+2.829
5775.246,41,11,+53.817,+2.864
5776.792,41,11,+53.844,+2.867
5777.573,41,11,+53.845,+2.868
5780.323,41,11,+53.843,+2.901
5785.974,41,11,+53.817,+2.923
5795.017,41,11,+53.839,+2.857
5798.964,41,11,+53.942,+2.753
5801.902,41,11,+53.982,+2.753
5802.672,41,11,+53.986,+1.557
5806.028,41,10,+53.986,+1.557
5806.117,41,10,+53.990,+2.752
5808.856,41,10,+53.998,+2.735
5815.974,41,10,+54.113,+2.911
5821.925,41,10,+54.160,+2.840
5827.079,41,10,+54.210,+2.900
5829.014,41,10,+54.299,+2.934
5832.568,41,10,+54.294,+2.942
5836.371,41,10,+54.421,+3.040
5840.828,41,10,+54.559,+3.058
5844.61,41,10,+54.432,+2.963
5849.945,41,10,+54.416,+2.885
5854.428,41,10,+54.519,+2.873
5858.672,41,10,+54.623,+2.874
5861.899,41,10,+54.712,+2.924
5863.504,41,10,+54.757,+2.963
5864.248,41,10,+54.762,+2.976
5866.928,41,10,+54.656,+2.940
5872.527,41,10,+54.684,+2.939
5881.558,41,10,+54.692,+3.025
5885.652,41,10,+54.793,+2.980
5888.542,41,10,+54.856,+3.005
5889.308,41,10,+54.866,+3.006
5892.732,41,10,+54.891,+2.997
5895.53,41,10,+54.978,+3.042
5902.695,41,10,+55.028,+3.209
5908.658,41,10,+55.100,+3.293
5913.811,41,10,+55.185,+3.461
5915.733,41,10,+55.251,+3.477
5919.264,41,10,+55.234,+3.476
5922.92,41,10,+55.227,+3.533
5927.373,41,10,+55.308,+3.568
5931.108,41,10,+55.177,+3.476
5936.389,41,10,+55.115,+3.384
5940.92,41,10,+55.229,+3.389
5945.155,41,10,+55.255,+3.406
5948.327,41,10,+55.304,+3.435
5949.92,41,10,+55.299,+3.406
5950.639,41,10,+55.281,+3.383
5953.314,41,10,+55.247,+3.336
5959.015,41,10,+55.385,+3.378
5968.011,41,10,+55.393,+3.377
5972.042,41,10,+55.437,+3.305
5974.936,41,10,+55.441,+3.339
5975.764,41,10,+55.448,+3.341
5979.139,41,10,+55.482,+3.332
5981.889,41,10,+55.539,+3.298
5988.967,41,10,+55.560,+3.402
5994.936,41,10,+55.690,+3.511
6000.061,41,10,+55.646,+3.577
6001.983,41,10,+55.656,+3.586
6005.498,41,10,+55.638,+3.582
6009.36,41,10,+55.774,+3.696
6013.714,41,10,+55.897,+3.745
6017.526,41,10,+55.832,+3.687
6022.808,41,10,+55.817,+3.580
6027.37,41,10,+55.902,+3.634
6031.528,41,10,+55.818,+3.600
6034.645,41,10,+55.773,+3.569
6036.197,41,10,+55.727,+3.556
6036.951,41,10,+55.686,+3.548
6039.661,41,10,+55.547,+3.502
6045.358,41,10,+55.672,+3.561
6054.264,41,10,+55.666,+3.616
6058.326,41,10,+55.809,+3.512
6061.172,41,10,+55.854,+3.491
6061.964,41,10,+55.863,+3.487
6065.405,41,10,+55.909,+3.479
6068.26,41,10,+56.008,+3.508
6075.3,41,10,+55.991,+3.602
6081.289,41,10,+56.155,+3.682
6086.419,41,10,+56.216,+3.706
6088.341,41,10,+56.292,+3.717
6091.872,41,10,+56.300,+3.717
6095.6,41,10,+55.692,+3.733
6100.046,41,10,+55.719,+3.707
6103.783,41,10,+55.741,+3.626
6109.093,41,10,+55.705,+3.572
6113.626,41,10,+55.781,+3.609
6117.876,41,10,+55.830,+3.694
6121.001,41,10,+55.843,+3.673
6122.549,41,10,+55.857,+3.659
6123.315,41,10,+55.852,+3.655
6126.06,41,10,+55.844,+3.604
6131.644,41,10,+55.748,+3.561
6140.577,41,10,+55.712,+3.632
6144.672,41,10,+55.960,+3.557
6147.502,41,10,+56.012,+3.555
6148.299,41,10,+56.020,+3.553
6151.714,41,10,+56.063,+3.539
6154.599,41,10,+56.214,+3.617
6161.623,41,10,+56.177,+3.766
6167.606,41,10,+56.387,+3.865
6172.744,41,10,+56.356,+3.990
6174.62,41,10,+56.456,+3.979
6178.183,41,10,+56.505,+3.971
6181.841,41,10,+56.604,+4.037
6186.272,41,10,+56.625,+4.032
6190.162,41,10,+56.674,+3.934
6195.35,41,10,+56.712,+3.832
6199.803,41,10,+56.882,+3.767
6204.069,41,10,+56.949,+3.794
6207.194,41,10,+56.966,+3.724
6208.787,41,10,+57.091,+3.762
6209.553,41,10,+57.124,+3.769
6212.272,41,10,+57.167,+3.743
6217.912,41,10,+57.265,+3.727
6226.913,41,10,+57.416,+3.772
6230.96,41,10,+57.606,+3.745
6233.814,41,10,+57.649,+3.708
6234.623,41,10,+57.658,+3.702
6237.92,41,10,+57.691,+3.678
6240.764,41,10,+57.769,+3.664
6247.842,41,10,+57.764,+3.783
6253.795,41,10,+57.950,+3.791
6258.937,41,10,+57.942,+3.893
6260.895,41,10,+58.069,+3.890
6264.53,41,10,+58.103,+3.883
6268.046,41,10,+58.140,+3.909
6272.526,41,10,+58.252,+3.917
6276.211,41,10,+58.219,+3.793
6281.631,41,10,+58.328,+3.770
6286.041,41,10,+58.493,+3.718
6290.317,41,10,+58.542,+3.745
6293.465,41,10,+58.557,+3.715
6295.036,41,10,+58.638,+3.732
6295.797,41,10,+58.652,+3.740
6298.521,41,10,+58.631,+3.701
6304.194,41,10,+58.796,+3.736
6313.123,41,10,+58.960,+3.777
6317.186,41,10,+59.176,+3.724
6320.014,41,10,+59.225,+3.681
6320.795,41,10,+59.234,+3.673
6324.217,41,10,+59.249,+3.649
6327.045,41,10,+59.332,+3.678
6334.108,41,10,+59.444,+3.779
6340.014,41,10,+59.598,+3.774
6345.17,41,10,+59.597,+3.848
6347.029,41,10,+59.698,+3.833
6350.561,41,10,+59.708,+3.804
6354.326,41,10,+59.797,+3.837
6358.67,41,10,+59.942,+3.828
6362.526,41,10,+60.039,+3.805
6367.823,41,10,+60.061,+3.769
6372.272,41,10,+60.174,+3.740
6376.589,41,10,+60.248,+3.812
6379.663,41,10,+60.262,+3.803
6381.299,41,10,+60.366,+3.819
6382.058,41,10,+60.390,+3.821
6384.751,41,10,+60.393,+3.781
6390.386,41,10,+60.416,+3.771
6399.276,41,10,+60.499,+3.751
6403.386,41,10,+60.685,+3.703
6406.279,41,10,+60.740,+3.720
6407.108,41,10,+60.751,+3.720
6410.483,41,10,+60.802,+3.709
6413.314,41,10,+60.887,+3.778
6420.374,41,10,+60.836,+3.885
6426.374,41,10,+61.058,+3.961
6431.485,41,10,+61.107,+4.071
6433.351,41,10,+61.235,+4.070
6436.886,41,10,+61.273,+4.049
6440.558,41,10,+61.374,+4.115
6445.026,41,10,+61.521,+4.157
6448.761,41,10,+61.455,+4.055
6454.099,41,10,+61.589,+4.030
6458.591,41,10,+61.739,+3.960
6462.847,41,10,+61.785,+4.048
6465.96,41,10,+61.823,+4.003
6467.542,41,10,+61.934,+4.025
6468.329,41,10,+61.962,+4.040
6471.028,41,10,+61.980,+4.011
6476.704,41,10,+62.126,+4.038
6485.665,41,10,+62.301,+4.094
6489.683,41,10,+62.478,+4.045
6492.558,41,10,+62.551,+4.030
6493.33,41,10,+62.562,+4.026
6496.728,41,10,+62.572,+4.016
6499.567,41,10,+62.635,+4.043
6506.667,41,10,+62.670,+4.062
6512.515,41,10,+62.929,+4.069
6517.699,41,10,+62.921,+4.234
6519.615,41,10,+63.042,+4.235
6523.13,41,10,+63.060,+4.226
6526.799,41,10,+63.156,+4.160
6531.245,41,10,+63.349,+4.244
6534.985,41,10,+63.327,+4.156
6540.368,41,10,+63.415,+4.164
6544.838,41,10,+63.525,+4.126
6549.199,41,10,+63.658,+4.183
6552.385,41,10,+63.702,+4.146
6553.928,41,10,+63.807,+4.163
6554.727,41,10,+63.835,+4.174
6557.429,41,10,+63.836,+4.136
6563.085,41,10,+63.961,+4.157
6572.041,41,10,+64.149,+4.191
6576.099,41,10,+64.339,+4.077
6578.958,41,10,+64.447,+3.987
6579.765,41,10,+64.460,+3.978
6583.151,41,10,+64.466,+3.956
6586.02,41,10,+64.506,+3.970
6593.022,41,10,+64.523,+4.016
6598.932,41,10,+64.641,+4.023
6604.072,41,10,+64.724,+4.084
6606.031,41,10,+64.849,+4.067
6609.472,41,10,+64.912,+4.055
6613.212,41,10,+56.372,+4.074
6617.568,41,10,+56.482,+4.070
6621.265,41,10,+56.342,+3.978
6626.631,41,10,+56.348,+3.967
6631.177,41,10,+56.483,+3.937
6635.545,41,10,+56.460,+4.026
6638.709,41,10,+56.549,+4.020
6640.272,41,10,+56.600,+4.019
6641.035,41,10,+56.624,+4.027
6643.745,41,10,+56.641,+3.994
6649.402,41,10,+56.704,+3.923
6658.36,41,10,+56.728,+3.957
6662.458,41,10,+56.868,+3.900
6665.373,41,10,+56.832,+3.905
6666.167,41,10,+63.409,+3.904
6669.529,41,10,+56.826,+3.896
6672.345,41,10,+56.832,+3.907
6679.434,41,10,+56.862,+3.961
6685.425,41,10,+56.886,+3.952
6690.567,41,10,+56.990,+4.016
6692.48,41,10,+57.063,+4.014
6696.02,41,10,+57.001,+4.003
6699.828,41,10,+57.154,+4.110
6704.301,41,10,+57.293,+4.171
6708.06,41,10,+57.207,+4.138
6713.503,41,10,+57.293,+4.198
6718.014,41,10,+57.442,+4.185
6722.286,41,10,+57.504,+4.163
6725.513,41,10,+57.557,+4.112
6727.008,41,10,+57.610,+4.115
6727.79,41,10,+57.631,+4.122
6730.467,41,10,+57.647,+4.055
6736.076,41,10,+57.698,+3.963
6745.01,41,10,+57.701,+3.935
6749.076,41,10,+57.828,+3.878
6751.99,41,10,+57.840,+3.876
6752.782,41,10,+57.845,+3.872
6756.176,41,10,+57.838,+3.859
6758.945,41,10,+57.801,+3.867
6766.108,41,10,+57.868,+4.034
6772.087,41,10,+57.874,+4.127
6777.192,41,10,+57.909,+4.186
6779.099,41,10,+57.930,+4.184
6782.622,41,10,+57.914,+4.175
6786.39,41,10,+55.099,+4.218
6790.846,41,10,+55.332,+4.197
6794.64,41,10,+55.290,+4.144
6800.029,41,10,+55.448,+4.165
6804.479,41,10,+55.492,+4.092
6808.746,41,10,+55.544,+4.094
6811.861,41,10,+55.606,+4.061
6813.447,41,10,+55.681,+4.076
6814.214,41,10,+55.691,+4.084
6816.948,41,10,+55.673,+4.070
6822.617,41,10,+55.888,+4.089
6831.542,41,10,+56.087,+4.029
6835.636,41,10,+56.224,+3.920
6838.485,41,10,+56.273,+3.854
6839.251,41,10,+56.278,+3.847
6842.674,41,10,+56.278,+3.834
6845.488,41,10,+56.319,+3.879
6852.629,41,10,+56.544,+4.003
6858.616,41,10,+56.829,+3.994
6863.779,41,10,+56.839,+4.018
6865.685,41,10,+56.871,+4.003
6869.187,41,10,+56.842,+3.978
6872.935,41,10,+56.911,+3.894
6877.342,41,10,+57.137,+3.912
6881.16,41,10,+57.136,+3.909
6886.561,41,10,+57.337,+3.913
6891.063,41,10,+57.455,+3.965
6895.328,41,10,+57.560,+3.956
6898.432,41,10,+57.640,+3.907
6900.072,41,10,+57.742,+3.958
6900.831,41,10,+57.742,+3.987
6903.528,41,10,+57.662,+4.057
6909.23,41,10,+57.844,+4.097
6918.251,41,10,+58.078,+4.193
6922.314,41,10,+58.206,+4.193
6925.283,41,10,+58.217,+4.193
6926.001,41,10,+58.222,+1.898
6929.274,41,9,+58.222,+1.898
6929.372,41,9,+58.230,+1.898
6932.214,41,9,+58.312,+6.160
6939.291,41,9,+58.483,+5.843
6945.273,41,9,+58.661,+5.869
6950.405,41,9,+58.792,+6.001
6952.296,41,9,+58.818,+6.045
6955.801,41,9,+58.777,+6.064
6959.62,41,9,+58.866,+6.086
6964.028,41,9,+59.011,+6.250
6967.762,41,9,+58.889,+6.243
6973.072,41,9,+58.936,+6.208
6977.545,41,9,+58.986,+6.360
6981.815,41,9,+59.079,+6.565
6984.917,41,9,+59.107,+6.697
6986.464,41,9,+59.154,+6.769
6987.245,41,9,+59.158,+6.793
6989.932,41,9,+59.120,+6.878
6995.495,41,9,+59.202,+7.078
7004.45,41,9,+59.415,+7.400
7008.501,41,9,+59.569,+7.537
7011.328,41,9,+59.542,+7.572
7012.172,41,9,+59.543,+7.580
7012.176,41,9,+59.542,+7.572
7012.177,41,9,+59.543,+7.580
7015.493,41,9,+59.553,+7.602
7018.385,41,9,+59.660,+7.705
7025.487,41,9,+59.779,+7.957
7031.401,41,9,+60.021,+8.119
7036.52,41,9,+60.100,+8.317
7038.428,41,9,+60.146,+8.397
7041.945,41,9,+60.116,+8.396
7045.864,41,9,+60.285,+8.511
7050.129,41,9,+60.450,+8.718
7053.894,41,9,+60.387,+8.680
7059.249,41,9,+60.538,+8.749
7063.76,41,9,+60.609,+9.022
7068.048,41,9,+60.754,+9.256
7071.165,41,9,+60.812,+9.330
7072.73,41,9,+60.862,+9.405
7073.493,41,9,+60.854,+9.419
7076.167,41,9,+60.794,+9.428
7081.699,41,9,+60.839,+9.678
7090.638,41,9,+60.919,+9.843
7094.635,41,9,+61.018,+10.106
7097.51,41,9,+61.076,+10.126
7098.292,41,9,+61.086,+10.132
7101.713,41,9,+61.104,+10.140
7104.488,41,9,+61.140,+10.148
7111.489,41,9,+61.225,+10.494
7117.403,41,9,+61.388,+10.596
7122.557,41,9,+61.551,+10.944
7124.464,41,9,+61.583,+11.048
7127.979,41,9,+61.563,+11.088
7131.628,41,9,+61.584,+11.209
7136.061,41,9,+61.747,+11.424
7139.831,41,9,+61.684,+11.455
7145.228,41,9,+61.352,+11.627
7149.714,41,9,+61.365,+11.899
7154.013,41,9,+61.514,+12.080
7157.128,41,9,+61.555,+12.215
7158.728,41,9,+61.645,+12.334
7159.457,41,9,+61.666,+12.362
7162.133,41,9,+61.669,+12.430
7167.713,41,9,+61.694,+12.637
7176.677,41,9,+61.933,+12.822
7180.734,41,9,+62.136,+13.017
7183.596,41,9,+62.177,+13.000
7184.399,41,9,+62.610,+13.001
7187.786,41,9,+62.278,+13.007
7190.623,41,9,+62.518,+13.043
7197.698,41,9,+62.702,+13.281
7203.673,41,9,+62.844,+13.336
7208.86,41,9,+63.043,+13.653
7210.762,41,9,+63.147,+13.757
7214.262,41,9,+63.163,+13.803
7217.996,41,9,+63.314,+13.953
7222.401,41,9,+63.548,+14.197
7226.138,41,9,+63.642,+14.210
7231.567,41,9,+63.773,+14.390
7236.086,41,9,+64.081,+14.601
7240.349,41,9,+64.195,+14.751
7243.44,41,9,+64.231,+14.797
7245.016,41,9,+64.330,+14.850
7245.782,41,9,+64.355,+14.862
7248.451,41,9,+64.360,+14.872
7254.073,41,9,+64.569,+14.897
7263.072,41,9,+64.842,+14.850
7267.06,41,9,+65.051,+14.812
7269.89,41,9,+65.062,+14.748
7270.79,41,9,+65.064,+14.752
7274.053,41,9,+65.062,+14.807
7276.871,41,9,+65.117,+14.855
7283.939,41,9,+65.386,+15.089
7289.845,41,9,+65.674,+15.165
7294.942,41,9,+65.719,+15.367
7296.814,41,9,+65.864,+15.426
7300.315,41,9,+65.907,+15.460
7304.06,41,9,+66.082,+15.540
7308.429,41,9,+66.305,+15.750
7312.221,41,9,+66.424,+15.785
7317.572,41,9,+66.512,+15.822
7321.999,41,9,+66.703,+16.007
7326.284,41,9,+66.906,+16.229
7329.358,41,9,+66.939,+16.327
7330.928,41,9,+67.045,+16.407
7331.727,41,9,+67.074,+16.423
7334.363,41,9,+67.072,+16.465
7340.045,41,9,+67.278,+16.669
7348.958,41,9,+67.414,+16.849
7352.899,41,9,+67.557,+17.058
7355.799,41,9,+67.615,+17.046
7356.598,41,9,+67.626,+17.049
7360.272,41,9,+67.645,+17.058
7362.79,41,9,+67.684,+17.103
7369.958,41,9,+67.830,+17.386
7375.838,41,9,+68.025,+17.440
7380.916,41,9,+68.040,+17.572
7382.8,41,9,+68.151,+17.629
7386.299,41,9,+68.183,+17.673
7390.029,41,9,+68.313,+17.702
7394.407,41,9,+68.528,+17.929
7398.162,41,9,+68.601,+17.908
7403.443,41,9,+68.537,+17.950
7407.893,41,9,+68.649,+18.102
7412.198,41,9,+68.711,+18.329
7415.292,41,9,+68.719,+18.423
7416.839,41,9,+68.745,+18.509
7417.604,41,9,+68.727,+18.525
7420.276,41,9,+68.654,+18.594
7425.939,41,9,+68.696,+18.779
7434.89,41,9,+68.855,+18.906
7438.913,41,9,+69.074,+19.161
7441.799,41,9,+69.189,+19.103
7442.622,41,9,+69.206,+19.102
7446.072,41,9,+69.244,+19.110
7448.813,41,9,+69.302,+19.125
7455.937,41,9,+69.468,+19.320
7461.792,41,9,+69.630,+19.352
7466.885,41,9,+69.650,+19.475
7468.745,41,9,+69.713,+19.534
7472.276,41,9,+69.723,+19.554
7475.885,41,9,+69.819,+19.560
7480.338,41,9,+70.070,+19.788
7484.104,41,9,+70.077,+19.772
7489.495,41,9,+70.175,+19.853
7494.01,41,9,+70.428,+20.061
7498.241,41,9,+70.494,+20.185
7501.362,41,9,+70.519,+20.278
7502.913,41,9,+70.608,+20.365
7503.671,41,9,+70.634,+20.382
7506.342,41,9,+70.649,+20.429
7512.001,41,9,+70.814,+20.578
7520.972,41,9,+70.999,+20.663
7524.972,41,9,+71.126,+20.715
7527.862,41,9,+71.271,+20.692
7528.643,41,9,+71.291,+20.695
7532.049,41,9,+71.356,+20.729
7534.909,41,9,+71.477,+20.796
7542.001,41,9,+71.596,+20.918
7547.899,41,9,+71.859,+20.946
7553.072,41,9,+71.898,+21.133
7554.998,41,9,+72.056,+21.220
7558.512,41,9,+72.146,+21.263
7562.247,41,9,+72.203,+21.313
7566.624,41,9,+72.364,+21.556
7570.437,41,9,+72.415,+21.540
7575.776,41,9,+72.553,+21.609
7580.26,41,9,+72.781,+21.731
7584.51,41,9,+72.920,+21.689
7587.589,41,9,+72.934,+21.708
7589.151,41,9,+73.037,+21.808
7589.917,41,9,+73.057,+21.834
7592.62,41,9,+73.061,+21.868
7598.354,41,9,+73.332,+22.088
7607.315,41,9,+73.517,+22.266
7611.341,41,9,+73.735,+22.466
7614.209,41,9,+73.832,+22.431
7614.959,41,9,+73.845,+22.428
7618.399,41,9,+73.868,+22.423
7621.227,41,9,+73.946,+22.487
7628.534,41,9,+74.114,+22.710
7634.167,41,9,+74.345,+22.785
7639.3,41,9,+74.386,+22.969
7641.181,41,9,+74.492,+23.058
7644.672,41,9,+74.521,+23.087
7648.399,41,9,+74.692,+23.216
7652.771,41,9,+74.884,+23.427
7656.554,41,9,+74.925,+23.436
7661.893,41,9,+74.956,+23.571
7666.327,41,9,+75.141,+23.760
7670.615,41,9,+75.303,+23.959
7673.728,41,9,+75.343,+24.023
7675.291,41,9,+75.422,+24.121
7676.041,41,9,+75.435,+24.143
7678.729,41,9,+75.414,+24.183
7684.357,41,9,+75.567,+24.417
7693.337,41,9,+75.755,+24.564
7697.344,41,9,+75.977,+24.713
7700.21,41,9,+76.039,+24.671
7700.976,41,9,+76.050,+24.670
7704.366,41,9,+76.090,+24.670
7707.226,41,9,+76.226,+24.720
7714.366,41,9,+76.124,+24.958
7720.304,41,9,+76.329,+25.080
7725.46,41,9,+76.394,+25.269
7727.272,41,9,+76.530,+25.348
7730.78,41,9,+76.575,+25.376
7734.414,41,9,+76.655,+25.506
7738.86,41,9,+76.824,+25.741
7742.701,41,9,+76.882,+25.863
7748.113,41,9,+76.974,+25.959
7752.618,41,9,+77.194,+26.160
7756.852,41,9,+77.284,+26.337
7759.993,41,9,+77.304,+26.427
7761.513,41,9,+77.391,+26.534
7762.272,41,9,+77.420,+26.568
7764.927,41,9,+77.410,+26.633
7770.629,41,9,+77.649,+26.746
7779.654,41,9,+77.892,+26.842
7783.623,41,9,+78.092,+26.899
7786.466,41,9,+78.156,+26.793
7787.263,41,9,+78.166,+26.784
7790.591,41,9,+78.188,+26.772
7793.373,41,9,+78.226,+26.774
7800.494,41,9,+78.365,+26.914
7806.371,41,9,+78.595,+26.957
7811.504,41,9,+78.751,+27.172
7813.393,41,9,+78.838,+27.254
7816.9,41,9,+78.866,+27.293
7820.646,41,9,+79.019,+27.409
7825.1,41,9,+79.269,+27.675
7828.902,41,9,+79.387,+27.636
7834.317,41,9,+79.439,+27.772
7838.701,41,9,+79.643,+27.950
7842.963,41,9,+79.791,+28.166
7846.072,41,9,+79.823,+28.261
7847.588,41,9,+79.882,+28.343
7848.338,41,9,+79.892,+28.363
7850.994,41,9,+79.885,+28.400
7856.682,41,9,+79.961,+28.619
7865.713,41,9,+80.131,+28.802
7869.619,41,9,+80.224,+28.925
7872.572,41,9,+80.356,+28.897
7873.369,41,9,+80.375,+28.893
7876.76,41,9,+80.442,+28.890
7879.525,41,9,+80.483,+28.873
7886.635,41,9,+80.605,+28.984
7892.533,41,9,+80.795,+29.085
7897.701,41,9,+80.804,+29.285
7899.623,41,9,+80.871,+29.341
7903.123,41,9,+80.891,+29.375
7906.826,41,9,+81.017,+29.493
7911.31,41,9,+81.224,+29.736
7915.122,41,9,+81.333,+29.775
7920.466,41,9,+81.410,+29.862
7924.935,41,9,+81.603,+30.009
7929.201,41,9,+81.683,+30.206
7932.31,41,9,+81.693,+36.766
7933.872,41,9,+81.762,+36.851
7934.638,41,9,+81.774,+36.874
7937.341,41,9,+81.767,+36.909
7942.997,41,9,+81.900,+37.084
7952.009,41,9,+82.027,+36.865
7956.024,41,9,+82.179,+36.865
7958.915,41,9,+82.245,+36.865
7959.759,41,9,+82.256,+30.897
7963.073,41,9,+82.342,+30.897
7965.871,41,9,+82.421,+15.615
7973.077,41,9,+82.556,+15.331
7979.017,41,9,+82.783,+15.356
7984.263,41,9,+82.955,+15.751
7986.169,41,9,+83.052,+15.743
7989.653,41,9,+83.067,+15.685
7993.314,41,9,+83.148,+15.659
7997.845,41,9,+83.403,+15.929
8001.672,41,9,+83.490,+16.016
8007.121,41,9,+83.587,+16.245
8011.62,41,9,+83.837,+16.520
8016.417,41,9,+84.423,+17.237
8020.193,41,9,1 L,+17.970
8021.89,41,9,1 L,+18.165
8022.627,41,9,1 L,+18.213
8025.371,41,9,1 L,+18.247
8032.906,41,9,1 L,+20.410
8044.373,41,9,1 L,+23.336
8049.393,41,9,+91.329,+24.647
8053.098,41,9,+92.266,+25.450
8054.233,41,9,1 L,+25.303
8059.892,41,9,+94.982,+22.339
8063.577,41,9,+95.951,+21.187
8072.459,41,9,+97.685,+22.423
8080.771,41,9,+100.353,+86.535
8087.071,41,9,+101.537,+85.445
8090.813,41,9,+103.486,+84.588
8096.059,41,8,+103.486,+84.588
8096.157,41,8,+105.377,+21.971
8100.46,41,8,+106.053,+22.257
8105.072,41,8,+106.360,+22.496
8109.025,41,8,+106.539,+22.593
8115.291,41,8,+107.480,+23.189
8120.201,41,8,+108.028,+23.295
8124.513,41,8,+108.101,+21.733
8127.685,41,8,+108.152,+21.005
8129.31,41,8,+108.267,+20.763
8130.045,41,8,+108.295,+20.558
8132.717,41,8,+108.293,+19.525
8138.498,41,8,+107.461,+19.176
8147.402,41,8,+104.080,+19.444
8151.432,41,8,+104.080,+19.752
8154.307,41,8,+104.080,+19.903
8155.119,41,8,+101.183,+19.924
8158.525,41,8,+101.183,+19.978
8161.307,41,8,+82.690,+20.045
8168.493,41,8,+81.809,+20.433
8174.371,41,8,+78.190,+20.593
8179.463,41,8,+77.437,+20.884
8181.353,41,8,+75.190,+20.922
8184.873,41,8,+73.825,+20.906
8188.588,41,8,+73.742,+20.982
8193.107,41,8,+73.957,+21.246
8196.96,41,8,+74.160,+21.446
8202.405,41,8,+74.217,+21.816
8206.887,41,8,+74.482,+22.122
8211.135,41,8,+74.740,+22.384
8214.275,41,8,+74.885,+22.466
8215.807,41,8,+74.972,+22.564
8216.572,41,8,+75.000,+22.582
8219.241,41,8,+75.091,+22.583
8224.941,41,8,+75.475,+22.952
8233.893,41,8,+76.029,+23.343
8237.95,41,8,+76.380,+23.695
8240.789,41,8,+76.571,+23.780
8241.588,41,8,+76.597,+23.790
8244.959,41,8,+76.671,+23.809
8247.814,41,8,+76.816,+23.922
8254.913,41,8,+77.072,+24.306
8260.816,41,8,+77.334,+24.449
8265.959,41,8,+77.578,+24.834
8267.859,41,8,+77.716,+24.890
8271.368,41,8,+77.790,+24.895
8275.075,41,8,+77.893,+24.985
8279.419,41,8,+78.224,+25.341
8283.232,41,8,+78.322,+25.355
8288.654,41,8,+78.439,+25.621
8293.153,41,8,+78.670,+25.866
8297.449,41,8,+78.916,+26.083
8300.535,41,8,+78.989,+26.158
8302.116,41,8,+79.100,+26.273
8302.871,41,8,+79.131,+26.303
8305.597,41,8,+79.156,+26.320
8311.226,41,8,+79.456,+26.692
8320.138,41,8,+79.666,+27.002
8324.147,41,8,+79.896,+27.336
8327.072,41,8,+79.963,+27.487
8327.892,41,8,+79.974,+27.506
8331.274,41,8,+79.974,+27.536
8334.084,41,8,+79.982,+27.614
8341.227,41,8,+80.203,+27.972
8347.135,41,8,+80.443,+28.107
8352.244,41,8,+80.446,+28.431
8354.135,41,8,+80.580,+28.459
8357.588,41,8,+80.633,+28.443
8361.181,41,8,+80.718,+28.573
8365.65,41,8,+80.959,+28.863
8369.463,41,8,+81.158,+28.958
8374.822,41,8,+81.282,+29.157
8379.306,41,8,+81.475,+29.395
8383.572,41,8,+81.653,+29.631
8386.697,41,8,+81.703,+29.721
8388.244,41,8,+81.776,+29.828
8389.01,41,8,+81.794,+29.858
8391.728,41,8,+81.801,+29.880
8397.489,41,8,+82.184,+30.263
8406.481,41,8,+82.437,+30.628
8410.471,41,8,+82.592,+30.902
8413.33,41,8,+82.536,+31.010
8414.096,41,8,+82.533,+31.026
8417.487,41,8,+82.612,+31.061
8420.36,41,8,+82.748,+31.155
8427.497,41,8,+83.066,+31.551
8433.418,41,8,+83.179,+31.713
8438.564,41,8,+83.317,+32.106
8440.459,41,8,+83.450,+32.202
8444.291,41,8,1 L,+32.522
8448.398,41,8,1 L,+33.102
8452.885,41,8,1 L,+33.542
8456.757,41,8,1 L,+33.688
8462.227,41,8,1 L,+34.045
8466.759,41,8,1 L,+34.384
8471.093,41,8,1 L,+34.586
8474.177,41,8,1 L,+34.667
8475.753,41,8,1 L,+34.786
8476.513,41,8,1 L,+34.818
8479.191,41,8,1 L,+34.804
8484.895,41,8,1 L,+35.049
8493.793,41,8,1 L,+35.224
8497.898,41,8,1 L,+35.574
8500.737,41,8,1 L,+35.680
8501.532,41,8,1 L,+35.695
8504.922,41,8,1 L,+35.725
8507.682,41,8,1 L,+35.792
8514.898,41,8,1 L,+36.079
8520.898,41,8,1 L,+36.273
8526.119,41,8,1 L,+36.629
8528.135,41,8,1 L,+36.802
8531.728,41,8,1 L,+36.888
8535.447,41,8,1 L,+37.046
8540.027,41,8,1 L,+37.380
8543.827,41,8,1 L,+37.389
8549.298,41,8,1 L,+37.539
8553.869,41,8,1 L,+37.671
8558.166,41,8,1 L,+37.862
8561.307,41,8,1 L,+37.908
8562.869,41,8,1 L,+37.924
8563.635,41,8,1 L,+37.918
8566.307,41,8,1 L,+37.862
8572.048,41,8,1 L,+38.084
8581.056,41,8,1 L,+38.306
8585.449,41,8,1 L,+38.606
8588.117,41,8,1 L,+38.710
8588.889,41,8,1 L,+38.723
8592.313,41,8,1 L,+38.754
8595.059,41,8,1 L,+38.814
8602.391,41,8,1 L,+39.190
8608.1,41,9,1 L,+39.190
8608.292,41,9,1 L,+0.144
8613.62,41,9,1 L,+0.528
8615.614,41,9,1 L,+0.632
8619.434,41,9,1 L,+0.909
8623.444,41,9,1 L,+1.283
8628.059,41,9,1 L,+1.549
8631.9,41,9,1 L,+0.770
8637.509,41,9,1 L,+0.925
8642.15,41,9,1 L,+1.012
8646.525,41,9,1 L,+1.212
8649.698,41,9,1 L,+1.300
8651.327,41,9,1 L,+1.390
8652.112,41,9,1 L,+1.424
8654.789,41,9,1 L,+1.411
8660.613,41,9,1 L,+1.251
8669.668,41,9,1 L,+0.749
8673.871,41,9,1 L,+0.904
8676.841,41,9,1 L,+0.984
8677.636,41,9,1 L,+0.990
8680.961,41,9,1 L,+0.950
8683.686,41,9,1 L,+0.889
8691.198,41,9,1 L,+1.490
8697.013,41,9,1 L,+1.328
8702.213,41,10,1 L,+1.328
8702.299,41,10,1 L,+0.020
8704.459,41,10,1 L,+0.096
8708.241,41,10,1 L,+0.144
8712.538,41,10,1 L,+0.714
8717.256,41,10,1 L,+1.095
8721.788,41,10,1 L,+1.853
8727.772,41,10,1 L,+2.498
8732.506,41,10,1 L,+2.827
8736.913,41,10,1 L,+3.074
8740.1,41,10,1 L,+3.149
8741.709,41,10,1 L,+3.236
8742.5,41,10,1 L,+3.258
8745.213,41,10,1 L,+3.231
8750.966,41,10,1 L,+3.600
8760.138,41,10,1 L,+3.791
8764.2,41,10,1 L,+3.874
8767.212,41,10,1 L,+3.902
8768.028,41,10,1 L,+3.897
8771.34,41,10,1 L,+3.869
8774.109,41,10,1 L,+3.477
8781.406,41,10,1 L,+3.391
8787.296,41,10,1 L,+3.293
8792.538,41,10,1 L,+3.466
8794.497,41,10,1 L,+3.495
8797.998,41,10,1 L,+3.491
8801.814,41,10,1 L,+3.600
8806.198,41,10,1 L,+3.663
8810.541,41,10,1 L,+4.146
8816.401,41,10,1 L,+4.608
8821.019,41,10,1 L,+4.846
8825.342,41,10,1 L,+5.018
8828.444,41,10,1 L,+5.023
8830.005,41,10,1 L,+5.033
8830.771,41,10,1 L,+5.039
8833.427,41,10,1 L,+4.986
8839.263,41,10,1 L,+5.320
8848.309,41,10,1 L,+5.500
8852.341,41,10,1 L,+5.647
8855.259,41,10,1 L,+5.736
8856.071,41,10,1 L,+5.742
8859.43,41,10,1 L,+5.737
8862.18,41,10,1 L,+5.762
8869.524,41,10,1 L,+6.261
8875.403,41,10,1 L,+6.345
8880.606,41,10,1 L,+6.671
8882.528,41,10,1 L,+6.730
8886.044,41,10,1 L,+6.733
8889.763,41,10,1 L,+6.905
8894.278,41,10,1 L,+7.040
8898.169,41,10,1 L,+7.062
8903.653,41,10,1 L,+7.232
8908.247,41,10,1 L,+7.401
8912.528,41,10,1 L,+7.607
8915.653,41,10,1 L,+7.640
8917.247,41,10,1 L,+7.691
8920.684,41,10,1 L,+7.662
8926.459,41,10,1 L,+8.043
8935.562,41,10,1 L,+8.266
8939.628,41,10,1 L,+8.376
8942.564,41,10,1 L,+8.524
8943.392,41,10,1 L,+8.540
8946.765,41,10,1 L,+8.561
8949.528,41,10,1 L,+8.609
8956.8,41,10,1 L,+8.908
8962.691,41,10,1 L,+8.847
8967.974,41,10,1 L,+9.114
8969.903,41,10,1 L,+9.068
8973.426,41,10,1 L,+8.441
8977.096,41,10,1 L,+8.111
8981.674,41,10,1 L,+8.222
8985.577,41,10,1 L,+8.289
8991.012,41,10,1 L,+8.324
8995.573,41,10,1 L,+8.462
8999.974,41,10,1 L,+8.655
9003.122,41,10,1 L,+8.702
9004.684,41,10,1 L,+8.718
9005.497,41,10,1 L,+8.722
9008.126,41,10,1 L,+8.697
9013.978,41,10,1 L,+9.097
9023.044,41,10,1 L,+9.233
9027.117,41,10,1 L,+9.385
9030.035,41,10,1 L,+9.537
9030.857,41,10,1 L,+9.548
9034.227,41,10,1 L,+9.562
9036.984,41,10,1 L,+9.617
9044.302,41,10,1 L,+10.072
9050.247,41,10,1 L,+10.255
9055.579,41,10,1 L,+10.706
9057.513,41,10,1 L,+10.813
9061.051,41,10,1 L,+10.847
9064.693,41,10,1 L,+10.995
9069.293,41,10,1 L,+11.268
9073.168,41,10,1 L,+11.346
9078.684,41,10,1 L,+11.527
9083.184,41,10,1 L,+11.731
9087.52,41,10,1 L,+11.945
9090.633,41,10,1 L,+11.985
9092.234,41,10,1 L,+12.053
9092.992,41,10,1 L,+12.089
9095.717,41,10,1 L,+12.106
9101.549,41,10,1 L,+12.565
9110.672,41,10,1 L,+12.924
9114.822,41,10,1 L,+13.164
9117.759,41,10,1 L,+13.290
9118.557,41,10,1 L,+13.300
9121.931,41,10,1 L,+13.315
9124.681,41,10,1 L,+13.359
9131.971,41,10,1 L,+13.720
9137.871,41,10,1 L,+13.916
9143.2,41,10,1 L,+14.319
9145.25,41,10,1 L,+14.423
9148.688,41,10,1 L,+14.481
9152.531,41,10,1 L,+14.680
9157.063,41,10,1 L,+15.032
9161.013,41,10,1 L,+15.114
9166.516,41,10,1 L,+15.397
9171.137,41,10,1 L,+15.649
9175.48,41,10,1 L,+15.880
9178.597,41,10,1 L,+15.895
9180.216,41,10,1 L,+15.980
9181.012,41,10,1 L,+16.010
9183.686,41,10,1 L,+16.022
9189.628,41,10,1 L,+16.508
9198.767,41,10,1 L,+16.831
9202.939,41,10,1 L,+17.030
9205.861,41,10,1 L,+17.121
9206.642,41,10,1 L,+17.131
9210.017,41,10,1 L,+17.149
9212.775,41,10,1 L,+17.207
9220.15,41,10,1 L,+17.604
9225.947,41,10,1 L,+17.633
9231.371,41,10,1 L,+17.993
9233.314,41,10,1 L,+18.040
9236.821,41,10,1 L,+18.054
9240.662,41,10,1 L,+18.421
9245.461,41,10,1 L,+18.702
9249.433,41,10,1 L,+18.911
9255.214,41,10,1 L,+19.367
9259.831,41,10,1 L,+19.556
9264.275,41,10,1 L,+19.802
9267.478,41,10,1 L,+19.854
9269.056,41,10,1 L,+19.906
9269.806,41,10,1 L,+19.914
9272.508,41,10,1 L,+19.897
9278.403,41,10,1 L,+20.313
9287.559,41,10,1 L,+20.539
9291.684,41,10,1 L,+20.695
9294.681,41,10,1 L,+20.718
9295.466,41,10,1 L,+20.668
9426.806,41,10,1L,+20.668
8.61,27,10,,
3256.668,27,10,+1.355,+0.273
3259.604,27,11,+1.355,+0.273
3259.915,27,12,+1.355,+0.273
3260.044,27,11,+1.355,+0.273
3260.12,27,11,+1.401,+0.110
3267.646,27,11,+1.826,+0.322
3273.929,27,11,+2.101,+0.178
3279.074,27,10,+2.101,+0.178
3279.163,27,10,+2.153,+0.173
3281.707,27,10,+2.539,+0.427
3285.035,27,10,+2.668,+0.621
3289.161,27,10,+2.952,+0.517
3293.856,27,10,+3.406,+0.590
3297.731,27,10,+3.503,+0.571
3303.665,27,10,+3.955,+0.424
3308.488,27,10,+4.302,+0.393
3312.93,27,10,+4.619,+0.491
3316.242,27,10,+4.695,+0.475
3317.867,27,10,+4.778,+0.475
3318.649,27,10,+4.789,+0.487
3321.461,27,10,+4.790,+0.576
3327.117,27,10,+4.993,+0.456
3336.352,27,10,+5.277,+0.536
3340.508,27,10,+5.530,+0.553
3343.289,27,10,+5.563,+0.470
3344.071,27,10,+5.567,+0.470
3347.477,27,10,+5.518,+0.507
3350.227,27,10,+5.462,+0.575
3357.4,27,10,+5.579,+0.184
3363.679,27,10,+5.905,+0.350
3368.811,27,10,+6.042,+0.357
3370.78,27,10,+6.087,+0.396
3374.373,27,10,+6.090,+0.460
3378.276,27,10,+6.199,+0.318
3382.9,27,10,+6.537,+0.399
3386.914,27,10,+6.711,+0.463
3392.563,27,10,+6.866,+0.565
3397.114,27,10,+6.978,+0.447
3401.46,27,10,+7.120,+0.487
3404.696,27,10,+7.192,+0.561
3406.314,27,10,+7.252,+0.563
3407.122,27,10,+7.259,+0.570
3409.918,27,10,+7.259,+0.606
3415.558,27,10,+7.399,+0.590
3424.577,27,10,+7.464,+0.591
3428.655,27,10,+7.668,+0.586
3431.624,27,10,+7.825,+0.705
3432.421,27,10,+7.863,+0.741
3435.905,27,10,+7.890,+0.806
3438.634,27,10,+7.778,+0.743
3445.636,27,10,+7.812,+0.578
3451.614,27,10,+7.955,+0.579
3456.606,27,10,+8.041,+0.502
3458.527,27,10,+8.088,+0.534
3462.092,27,10,+8.085,+0.549
3465.936,27,10,+8.142,+0.477
3470.329,27,10,+8.369,+0.520
3474.299,27,10,+8.509,+0.651
3479.624,27,10,+8.517,+0.598
3484.185,27,10,+8.640,+0.517
3488.477,27,10,+8.781,+0.539
3491.699,27,10,+8.836,+0.604
3493.342,27,10,+8.942,+0.646
3494.14,27,10,+8.970,+0.660
3496.914,27,10,+8.976,+0.665
3502.525,27,10,+9.070,+0.598
3511.561,27,10,+9.134,+0.597
3515.658,27,10,+9.367,+0.593
3518.633,27,10,+9.531,+0.687
3519.421,27,10,+9.554,+0.703
3522.86,27,10,+9.518,+0.689
3525.659,27,10,+9.393,+0.619
3532.529,27,10,+9.428,+0.299
3538.624,27,10,+9.536,+0.368
3543.733,27,10,+9.653,+0.283
3545.733,27,10,+9.807,+0.374
3549.327,27,10,+9.880,+0.444
3553.171,27,10,+10.042,+0.459
3557.717,27,10,+10.331,+0.538
3561.7,27,10,+10.469,+0.662
3567.191,27,10,+10.743,+0.839
3571.662,27,10,+10.804,+0.662
3575.94,27,10,+10.986,+0.661
3579.099,27,10,+11.054,+0.736
3580.762,27,10,+11.148,+0.778
3581.562,27,10,+11.188,+0.806
3584.36,27,10,+11.243,+0.843
3589.924,27,10,+11.344,+0.782
3599.009,27,10,+11.541,+0.813
3603.087,27,10,+11.731,+0.840
3606.063,27,10,+11.787,+0.855
3606.786,27,10,+11.800,+0.863
3610.25,27,10,+11.780,+0.860
3612.964,27,10,+11.668,+0.771
3620.0,27,10,+11.712,+0.610
3626.202,27,10,+11.954,+0.768
3631.155,27,10,+11.929,+0.748
3633.077,27,10,+12.018,+0.795
3636.686,27,10,+12.047,+0.850
3640.405,27,10,+12.131,+0.719
3644.811,27,10,+12.337,+0.699
3648.721,27,10,+12.389,+0.730
3654.066,27,10,+12.542,+0.758
3658.53,27,10,+12.657,+0.649
3662.811,27,10,+12.820,+0.703
3665.974,27,10,+12.853,+0.758
3667.56,27,10,+12.925,+0.773
3668.344,27,10,+12.951,+0.788
3671.072,27,10,+12.965,+0.790
3676.758,27,10,+12.994,+0.739
3685.796,27,10,+13.167,+0.772
3689.902,27,10,+13.412,+0.868
3692.87,27,10,+13.561,+0.908
3693.683,27,10,+13.600,+0.936
3697.245,27,10,+13.643,+0.975
3699.948,27,10,+13.573,+0.905
3706.946,27,10,+13.669,+0.744
3713.072,27,10,+13.836,+0.812
3718.119,27,10,+13.860,+0.824
3720.072,27,10,+13.939,+0.894
3723.685,27,10,+13.949,+0.944
3727.336,27,10,+13.992,+0.847
3731.725,27,10,+14.152,+0.796
3735.672,27,10,+14.229,+0.907
3741.101,27,10,+14.437,+0.984
3745.708,27,10,+14.551,+0.873
3749.839,27,10,+14.683,+0.883
3752.98,27,10,+14.731,+0.897
3754.616,27,10,+14.814,+0.932
3755.388,27,10,+14.836,+0.952
3758.136,27,10,+14.850,+0.958
3763.7,27,10,+14.945,+0.899
3772.749,27,10,+15.095,+0.902
3776.947,27,10,+15.361,+0.963
3779.76,27,10,+15.405,+0.948
3780.525,27,10,+15.412,+0.948
3783.964,27,10,+15.391,+0.929
3786.715,27,10,+15.323,+0.844
3793.702,27,10,+15.451,+0.749
3799.699,27,10,+15.558,+0.788
3804.728,27,10,+15.609,+0.711
3806.694,27,10,+15.721,+0.753
3810.286,27,10,+15.733,+0.775
3813.962,27,10,+15.811,+0.732
3818.386,27,10,+16.021,+0.763
3822.402,27,10,+16.149,+0.849
3827.777,27,10,+16.362,+0.903
3832.292,27,10,+16.508,+0.842
3836.589,27,10,+16.678,+0.837
3839.745,27,10,+16.736,+0.871
3841.433,27,10,+16.855,+0.910
3842.214,27,10,+16.893,+0.922
3844.994,27,10,+16.996,+0.938
3850.581,27,10,+17.077,+0.847
3859.714,27,10,+17.298,+0.978
3863.949,27,10,+17.563,+1.070
3866.839,27,10,+17.619,+1.098
3867.589,27,10,+17.630,+1.104
3871.027,27,10,+17.601,+1.097
3873.761,27,10,+17.483,+1.005
3880.815,27,10,+17.635,+0.935
3886.852,27,10,+17.705,+1.011
3891.87,27,10,+17.756,+0.993
3893.808,27,10,+17.848,+1.071
3897.433,27,10,+17.889,+1.150
3901.183,27,10,+17.993,+1.183
3905.667,27,10,+18.233,+1.228
3909.605,27,10,+18.303,+1.263
3915.011,27,10,+18.349,+1.310
3919.448,27,10,+18.432,+1.232
3923.73,27,10,+18.519,+1.189
3926.917,27,10,+18.533,+1.202
3928.527,27,10,+18.602,+1.243
3929.308,27,10,+18.624,+1.263
3932.089,27,10,+18.642,+1.282
3937.683,27,10,+18.732,+1.214
3946.772,27,10,+18.924,+1.253
3950.914,27,10,+19.179,+1.303
3953.776,27,10,+19.224,+1.297
3954.573,27,10,+19.234,+1.299
3957.995,27,10,+19.233,+1.299
3960.745,27,10,+19.173,+1.240
3967.776,27,10,+19.242,+1.106
3973.732,27,10,+19.238,+1.082
3978.729,27,10,+19.200,+0.931
3980.695,27,10,+19.312,+1.018
3984.299,27,10,+19.343,+1.089
3988.025,27,10,+19.421,+1.072
3992.491,27,10,+19.637,+1.117
3996.464,27,10,+19.699,+1.217
4001.841,27,10,+19.842,+1.243
4006.432,27,10,+19.989,+1.227
4010.724,27,10,+20.106,+1.237
4013.91,27,10,+20.153,+1.277
4015.529,27,10,+20.251,+1.299
4016.315,27,10,+20.287,+1.316
4019.12,27,10,+20.348,+1.341
4024.776,27,10,+20.493,+1.296
4033.748,27,10,+20.586,+1.277
4037.985,27,10,+20.865,+1.374
4040.876,27,10,+20.952,+1.370
4041.644,27,10,+20.966,+1.376
4045.173,27,10,+20.987,+1.385
4047.964,27,10,+20.952,+1.318
4055.015,27,10,+21.043,+1.203
4061.1,27,10,+21.145,+1.256
4066.136,27,10,+21.129,+1.181
4068.115,27,10,+21.232,+1.257
4071.716,27,10,+21.244,+1.304
4075.448,27,10,+21.303,+1.237
4079.901,27,10,+21.544,+1.285
4083.855,27,10,+21.617,+1.364
4089.249,27,10,+21.736,+1.430
4093.713,27,10,+21.756,+1.374
4097.964,27,10,+21.842,+1.361
4101.167,27,10,+21.816,+1.372
4102.777,27,10,+21.867,+1.399
4103.542,27,10,+21.885,+1.414
4106.323,27,10,+21.887,+1.419
4111.901,27,10,+21.950,+1.344
4121.12,27,10,+22.209,+1.530
4125.323,27,10,+22.433,+1.534
4128.073,27,10,+22.494,+1.491
4128.87,27,10,+22.506,+1.491
4132.315,27,10,+22.513,+1.481
4135.079,27,10,+22.443,+1.399
4142.413,27,10,+22.909,+1.564
4148.501,27,10,+23.006,+1.657
4153.601,27,10,+23.100,+1.673
4155.628,27,10,+23.232,+1.752
4159.218,27,10,+23.256,+1.807
4162.921,27,10,+23.296,+1.822
4167.359,27,10,+23.478,+1.816
4171.285,27,10,+23.506,+1.838
4176.699,27,10,+23.631,+1.888
4181.145,27,10,+23.664,+1.792
4185.53,27,10,+23.831,+1.846
4188.701,27,10,+23.845,+1.882
4190.295,27,10,+23.885,+1.873
4191.061,27,10,+23.904,+1.887
4193.842,27,10,+23.898,+1.881
4199.439,27,10,+24.034,+1.795
4208.518,27,10,+24.235,+1.858
4212.666,27,10,+24.454,+1.885
4215.529,27,10,+24.524,+1.881
4216.328,27,10,+24.535,+1.882
4219.774,27,10,+24.546,+1.883
4222.603,27,10,+24.532,+1.836
4229.676,27,10,+24.620,+1.698
4235.76,27,10,+24.738,+1.819
4240.903,27,10,+24.782,+1.858
4242.894,27,10,+24.908,+1.926
4246.534,27,10,+24.925,+1.971
4250.228,27,10,+24.974,+1.875
4254.683,27,10,+25.191,+1.908
4258.685,27,10,+25.263,+1.970
4264.091,27,10,+25.378,+1.999
4268.558,27,10,+25.414,+1.929
4272.854,27,10,+25.482,+1.855
4275.995,27,10,+25.465,+1.863
4277.62,27,10,+25.503,+1.868
4278.339,27,10,+25.512,+1.877
4281.151,27,10,+25.496,+1.871
4286.761,27,10,+25.593,+1.809
4295.894,27,10,+25.856,+1.856
4300.028,27,10,+26.073,+1.865
4302.86,27,10,+26.058,+1.786
4303.647,27,10,+26.062,+1.782
4307.099,27,10,+26.058,+1.779
4309.873,27,10,+26.008,+1.738
4316.936,27,10,+26.066,+1.647
4322.932,27,10,+26.108,+1.713
4328.045,27,10,+26.074,+1.623
4329.951,27,10,+26.123,+1.655
4333.545,27,10,+26.127,+1.688
4337.264,27,10,+26.139,+1.566
4341.717,27,10,+26.338,+1.590
4345.668,27,10,+26.339,+1.608
4351.021,27,10,+26.406,+1.623
4355.513,27,10,+26.449,+1.545
4359.828,27,10,+26.498,+1.476
4362.999,27,10,+26.501,+1.511
4364.593,27,10,+26.548,+1.498
4365.352,27,10,+26.561,+1.498
4368.146,27,10,+26.569,+1.518
4373.808,27,10,+26.691,+1.479
4382.958,27,10,+26.975,+1.614
4387.117,27,10,+27.222,+1.654
4389.998,27,10,+27.262,+1.647
4390.779,27,10,+27.273,+1.650
4394.295,27,10,+27.278,+1.657
4397.045,27,10,+27.241,+1.330
4404.1,27,10,+27.294,+1.090
4410.158,27,10,+27.379,+1.306
4415.272,27,10,+27.446,+1.334
4417.129,27,10,+27.527,+1.356
4420.717,27,10,+27.544,+1.396
4424.529,27,10,+27.646,+1.274
4429.014,27,10,+27.864,+1.470
4432.967,27,10,+27.906,+1.346
4438.42,27,10,+28.089,+1.195
4442.998,27,10,+28.256,+1.167
4447.304,27,10,+28.348,+1.066
4450.511,27,10,+28.383,+1.085
4452.105,27,10,+28.467,+1.091
4452.886,27,10,+28.489,+1.091
4455.667,27,10,+28.513,+1.130
4461.401,27,10,+28.660,+1.088
4470.628,27,10,+29.001,+1.227
4474.84,27,10,+29.262,+1.291
4477.738,27,10,+29.326,+1.268
4478.542,27,10,+29.337,+1.271
4481.98,27,10,+29.341,+1.280
4484.748,27,10,+29.283,+1.234
4491.795,27,10,+29.357,+1.048
4497.914,27,10,+29.494,+1.186
4503.058,27,10,+29.608,+1.129
4504.999,27,10,+29.719,+1.157
4508.615,27,10,+29.753,+1.212
4512.417,27,10,+29.897,+1.154
4516.847,27,10,+30.091,+1.115
4520.78,27,10,+30.150,+1.151
4526.217,27,10,+30.354,+1.266
4530.764,27,10,+30.453,+1.218
4535.092,27,10,+30.552,+1.217
4538.264,27,10,+30.562,+1.292
4539.873,27,10,+30.629,+1.307
4540.655,27,10,+30.652,+1.312
4543.436,27,10,+30.688,+1.323
4549.108,27,10,+30.838,+1.309
4558.245,27,10,+31.087,+1.332
4562.346,27,10,+31.262,+1.302
4565.228,27,10,+31.188,+1.264
4566.045,27,10,+31.183,+1.266
4569.489,27,10,+31.161,+1.268
4572.25,27,10,+31.112,+1.215
4579.333,27,10,+31.297,+1.205
4585.511,27,10,+31.476,+1.349
4590.652,27,10,+31.561,+1.333
4592.542,27,10,+31.637,+1.359
4596.136,27,10,+31.630,+1.393
4599.902,27,10,+31.734,+1.373
4604.323,27,10,+31.879,+1.401
4608.292,27,10,+31.937,+1.475
4613.699,27,10,+31.969,+1.530
4618.245,27,10,+32.016,+1.445
4622.638,27,10,+31.287,+1.429
4625.945,27,10,+31.342,+1.439
4627.451,27,10,+31.400,+1.428
4628.234,27,10,+31.414,+1.437
4631.045,27,10,+31.462,+1.469
4636.605,27,10,+31.394,+1.375
4645.73,27,10,+31.481,+1.357
4649.94,27,10,+31.862,+1.410
4652.868,27,10,+31.950,+1.388
4653.639,27,10,+31.964,+1.386
4657.094,27,10,+31.978,+1.360
4659.915,27,10,+31.976,+1.308
4666.945,27,11,+31.976,+1.308
4667.299,27,11,+32.334,+0.279
4673.489,27,11,+32.625,+0.445
4678.76,27,11,+32.826,+0.604
4680.748,27,11,+33.001,+0.643
4684.33,27,11,+33.050,+0.659
4688.086,27,11,+33.229,+0.653
4692.573,27,11,+33.483,+0.830
4696.602,27,11,+33.710,+0.896
4702.12,27,11,+33.974,+1.082
4706.728,27,11,+34.222,+1.159
4711.014,27,11,+34.294,+1.180
4714.194,27,11,+34.377,+1.277
4715.808,27,11,+34.453,+1.303
4716.62,27,11,+34.469,+1.307
4719.355,27,11,+26.001,+1.335
4725.042,27,11,+26.042,+1.398
4734.245,27,11,+26.343,+1.586
4738.433,27,11,+26.475,+1.789
4741.324,27,11,+26.481,+1.803
4742.105,27,11,+32.523,+1.814
4745.589,27,11,+26.486,+1.895
4748.339,27,11,+26.464,+2.008
4755.428,27,11,+26.531,+1.766
4761.605,27,11,+26.873,+1.794
4766.73,27,11,+26.977,+1.575
4768.672,27,11,+27.073,+1.578
4772.288,27,11,+27.092,+1.594
4775.945,27,11,+27.070,+1.304
4780.343,27,11,+27.250,+1.244
4784.302,27,11,+27.312,+1.194
4789.714,27,11,+27.433,+1.183
4794.308,27,11,+27.610,+1.132
4798.636,27,11,+27.714,+1.131
4801.808,27,11,+27.781,+1.170
4803.417,27,11,+27.840,+1.185
4804.239,27,11,+27.863,+1.206
4807.03,27,11,+27.892,+1.233
4812.764,27,11,+28.085,+1.214
4821.865,27,11,+28.336,+1.221
4826.098,27,11,+28.568,+1.283
4829.015,27,11,+28.596,+1.276
4829.78,27,11,+28.606,+1.282
4833.237,27,11,+28.611,+1.301
4836.001,27,11,+28.585,+1.276
4843.1,27,11,+28.680,+1.183
4849.13,27,11,+28.850,+1.316
4854.361,27,11,+29.022,+1.299
4856.295,27,11,+29.076,+1.308
4859.861,27,11,+29.079,+1.334
4863.613,27,11,+29.164,+1.307
4868.121,27,11,+29.430,+1.339
4872.089,27,11,+29.515,+1.375
4877.574,27,11,+29.775,+1.460
4882.203,27,11,+29.903,+1.465
4886.517,27,11,+29.986,+1.480
4889.702,27,11,+30.053,+1.511
4891.311,27,11,+30.140,+1.542
4892.092,27,11,+30.160,+1.558
4894.905,27,11,+30.200,+1.594
4900.639,27,11,+30.347,+1.645
4909.889,27,11,+30.731,+1.846
4928.861,27,12,+30.731,+1.846
4934.728,27,13,+30.731,+1.846
4942.827,27,14,+30.731,+1.846
4944.233,27,14,+51.168,+1.317
4951.53,27,14,+51.579,+1.502
4957.625,27,14,+51.829,+1.531
4962.626,27,14,+51.798,+1.494
4964.574,27,14,+51.892,+1.552
4968.163,27,14,+51.928,+1.542
4971.973,27,14,+52.040,+1.454
4976.324,27,14,+52.212,+1.380
4980.175,27,14,+52.157,+1.297
4985.589,27,14,+52.338,+1.089
4990.051,27,14,+52.385,+0.987
4994.3,27,14,+52.344,+0.818
4997.416,27,14,+52.393,+0.758
4999.014,27,14,+52.394,+0.715
4999.738,27,14,+52.380,+0.687
5002.479,27,14,+52.331,+0.658
5007.991,27,14,+52.267,+0.452
5017.061,27,14,+52.400,+0.138
5020.999,27,14,+52.378,+0.138
5023.905,27,14,+52.332,+0.138
5024.639,27,13,+52.332,+0.138
5024.655,27,13,+52.332,+5.827
5028.139,27,13,+52.338,+5.827
5030.796,27,13,+52.246,+1.463
5037.542,27,13,+51.965,+0.667
5043.601,27,13,+52.152,+0.705
5048.511,27,13,+52.101,+0.547
5050.355,27,13,+52.108,+0.503
5053.961,27,13,+52.123,+0.531
5057.728,27,13,+52.234,+0.505
5062.124,27,13,+52.372,+0.559
5066.173,27,13,+52.393,+0.690
5071.264,27,13,+52.448,+0.642
5075.781,27,13,+52.478,+0.644
5080.072,27,13,+52.448,+0.722
5083.228,27,13,+52.520,+0.809
5084.801,27,13,+52.526,+0.830
5085.563,27,13,+52.517,+0.842
5088.315,27,13,+52.511,+0.881
5093.873,27,13,+52.500,+0.861
5102.828,27,13,+52.512,+0.862
5106.845,27,13,+52.550,+0.875
5109.686,27,13,+52.450,+0.914
5110.502,27,13,+52.444,+0.922
5113.886,27,13,+52.414,+0.922
5116.664,27,13,+52.424,+0.896
5123.661,27,13,+52.406,+0.888
5129.729,27,13,+52.701,+0.972
5134.873,27,13,+52.600,+0.956
5136.8,27,13,+52.643,+1.013
5140.365,27,13,+52.623,+1.055
5144.216,27,13,+52.762,+1.038
5148.691,27,13,+52.998,+1.084
5152.62,27,13,+53.008,+1.121
5158.089,27,13,+43.627,+1.144
5162.761,27,13,+43.911,+1.208
5167.114,27,13,+44.163,+1.311
5170.4,27,13,+44.324,+1.466
5172.028,27,13,+44.462,+1.521
5172.859,27,13,+44.509,+1.549
5175.639,27,13,+44.587,+1.608
5181.264,27,13,+44.833,+1.555
5190.467,27,13,+45.237,+1.816
5194.608,27,13,+45.561,+1.886
5197.451,27,13,+45.608,+1.856
5198.233,27,13,+51.714,+1.861
5201.686,27,13,+45.629,+1.899
5204.451,27,13,+45.625,+1.863
5211.451,27,13,+45.739,+1.818
5217.542,27,13,+45.936,+2.044
5222.508,27,13,+45.864,+1.878
5224.457,27,13,+45.965,+1.920
5228.041,27,13,+45.980,+1.987
5231.729,27,13,+46.052,+1.908
5236.181,27,13,+46.324,+1.950
5240.072,27,13,+46.376,+1.979
5245.603,27,13,+46.659,+2.185
5250.204,27,13,+46.923,+2.237
5254.469,27,13,+47.130,+2.251
5257.672,27,13,+47.204,+2.300
5259.282,27,13,+47.310,+2.319
5260.079,27,13,+47.346,+2.342
5262.875,27,13,+47.417,+2.408
5268.5,27,13,+47.570,+2.354
5277.652,27,13,+47.985,+2.566
5281.699,27,13,+48.178,+2.556
5284.525,27,13,+48.183,+2.504
5285.472,27,13,+48.189,+2.508
5288.725,27,13,+48.196,+2.566
5291.529,27,13,+48.196,+2.603
5298.494,27,13,+48.324,+2.549
5304.588,27,13,+48.518,+2.715
5309.692,27,13,+48.603,+2.697
5311.618,27,13,+48.695,+2.746
5315.228,27,13,+48.718,+2.849
5318.943,27,13,+48.882,+2.598
5323.432,27,13,+49.266,+2.622
5327.344,27,13,+49.354,+2.567
5332.765,27,13,+49.493,+2.421
5337.376,27,13,+49.684,+2.346
5341.622,27,13,+49.763,+2.318
5344.794,27,13,+49.806,+2.268
5346.387,27,13,+49.877,+2.282
5347.169,27,13,+49.905,+2.296
5349.981,27,13,+49.952,+2.302
5355.544,27,13,+50.055,+2.111
5364.591,27,13,+50.126,+2.117
5368.669,27,13,+50.318,+2.073
5371.497,27,13,+50.366,+2.019
5372.261,27,13,+50.376,+2.024
5375.717,27,13,+50.380,+2.110
5378.494,27,13,+50.344,+2.026
5385.444,27,13,+50.411,+1.602
5391.53,27,13,+50.643,+1.446
5396.499,27,13,+50.503,+1.251
5398.372,27,13,+50.560,+1.230
5401.969,27,13,+50.587,+1.112
5405.702,27,13,+50.644,+0.956
5410.195,27,13,+50.949,+1.024
5414.161,27,13,+51.044,+0.844
5419.729,27,13,+51.385,+0.815
5424.317,27,13,+51.638,+0.840
5428.658,27,13,+51.741,+0.754
5431.845,27,13,+51.830,+0.736
5433.494,27,13,+51.911,+0.779
5434.258,27,13,+51.928,+0.781
5437.071,27,13,+51.968,+0.774
5442.685,27,13,+52.174,+0.638
5451.714,27,13,+52.366,+0.525
5455.809,27,13,+52.578,+0.564
5458.667,27,13,+52.577,+0.461
5459.418,27,13,+52.577,+0.430
5462.792,27,13,+52.512,+0.285
5465.429,27,13,+52.362,+0.087
5472.299,27,12,+52.362,+0.087
5472.381,27,12,+52.393,+2.078
5478.499,27,12,+52.599,+2.277
5483.476,27,12,+52.378,+2.159
5485.323,27,12,+52.405,+2.156
5488.885,27,12,+52.404,+2.197
5492.623,27,12,+52.469,+2.167
5497.076,27,12,+52.692,+2.249
5500.936,27,12,+52.676,+2.314
5506.299,27,12,+52.793,+2.374
5510.786,27,12,+52.847,+2.308
5515.012,27,12,+52.844,+2.237
5518.193,27,12,+52.872,+2.236
5519.793,27,12,+52.941,+2.265
5520.559,27,12,+52.965,+2.279
5523.361,27,12,+53.017,+2.340
5528.861,27,12,+53.055,+2.226
5537.855,27,12,+53.143,+2.244
5541.873,27,12,+53.232,+2.211
5544.7,27,12,+53.205,+2.153
5545.564,27,12,+53.206,+2.150
5548.9,27,12,+53.204,+2.155
5551.687,27,12,+53.213,+2.162
5558.577,27,12,+53.055,+1.992
5564.608,27,12,+53.139,+2.074
5569.642,27,12,+53.047,+1.955
5571.532,27,12,+53.111,+1.963
5575.129,27,12,+53.135,+1.992
5578.845,27,12,+53.245,+1.913
5583.273,27,12,+53.394,+1.898
5587.161,27,12,+53.432,+2.038
5592.545,27,12,+53.495,+2.146
5597.061,27,12,+53.594,+2.125
5601.342,27,12,+53.732,+2.191
5604.514,27,12,+53.765,+2.206
5606.092,27,12,+53.829,+2.253
5606.873,27,12,+53.860,+2.287
5609.655,27,12,+53.916,+2.345
5615.174,27,12,+53.937,+2.267
5624.198,27,12,+53.927,+2.322
5628.261,27,12,+54.119,+2.360
5631.136,27,12,+54.172,+2.360
5631.917,27,12,+54.184,+2.365
5635.342,27,12,+54.207,+2.381
5638.094,27,12,+54.198,+2.328
5645.014,27,12,+54.143,+2.224
5651.037,27,12,+54.267,+2.360
5656.063,27,12,+54.252,+2.281
5657.999,27,12,+54.358,+2.334
5661.589,27,12,+54.387,+2.377
5665.402,27,12,+54.581,+2.445
5669.761,27,12,+54.722,+2.374
5673.636,27,12,+54.736,+2.442
5678.98,27,12,+54.781,+2.495
5683.417,27,12,+54.854,+2.400
5687.62,27,12,+54.866,+2.352
5690.761,27,12,+54.868,+2.365
5692.341,27,12,+54.902,+2.362
5693.094,27,12,+54.904,+2.365
5695.83,27,12,+54.913,+2.386
5701.451,27,12,+55.038,+2.350
5710.636,27,12,+55.279,+2.458
5714.745,27,12,+55.444,+2.435
5717.511,27,12,+55.453,+2.358
5718.308,27,12,+55.457,+2.354
5721.735,27,12,+55.468,+2.361
5724.498,27,12,+55.480,+2.310
5731.433,27,12,+55.454,+2.186
5737.476,27,12,+55.584,+2.265
5742.542,27,12,+55.586,+2.129
5744.415,27,12,+55.634,+2.111
5748.045,27,12,+55.646,+2.138
5751.761,27,12,+55.770,+2.118
5756.167,27,12,+55.759,+2.034
5760.058,27,12,+55.847,+2.161
5765.448,27,12,+55.793,+2.197
5769.917,27,12,+55.841,+2.148
5774.152,27,12,+55.897,+2.133
5777.323,27,12,+55.907,+2.090
5778.933,27,12,+55.958,+2.114
5779.698,27,12,+55.974,+2.129
5782.45,27,12,+55.995,+2.152
5788.033,27,12,+55.878,+2.061
5797.142,27,12,+56.003,+2.164
5801.2,27,12,+56.116,+2.174
5804.06,27,12,+56.134,+2.152
5804.817,27,12,+56.142,+2.156
5808.175,27,11,+56.142,+2.156
5808.27,27,11,+56.160,+2.170
5811.038,27,11,+56.172,+2.174
5818.015,27,11,+56.144,+2.031
5823.96,27,11,+56.202,+2.042
5829.03,27,11,+56.154,+1.944
5830.945,27,11,+56.234,+1.935
5834.542,27,11,+56.254,+1.960
5838.233,27,11,+56.265,+1.844
5842.655,27,11,+56.405,+1.846
5846.604,27,11,+56.396,+1.964
5851.894,27,11,+56.411,+1.995
5856.361,27,11,+56.456,+1.937
5860.638,27,11,+56.566,+1.943
5863.799,27,11,+56.626,+1.914
5865.483,27,11,+56.672,+1.915
5866.177,27,11,+56.677,+1.915
5868.973,27,11,+56.635,+1.979
5874.433,27,11,+56.592,+1.908
5883.542,27,11,+56.678,+1.986
5887.605,27,11,+56.781,+1.988
5890.464,27,11,+56.793,+1.937
5891.198,27,11,+56.801,+1.935
5894.651,27,11,+56.828,+1.937
5897.419,27,11,+56.841,+1.863
5904.37,27,11,+56.689,+1.661
5910.342,27,11,+56.779,+1.679
5915.405,27,11,+56.786,+1.601
5917.28,27,11,+56.809,+1.558
5920.842,27,11,+56.822,+1.588
5924.545,27,11,+56.806,+1.579
5928.936,27,11,+56.878,+1.570
5932.795,27,11,+56.877,+1.700
5938.299,27,11,+57.050,+1.935
5942.874,27,11,+57.183,+1.954
5947.092,27,11,+57.199,+1.944
5950.248,27,11,+57.214,+1.910
5951.811,27,11,+57.220,+1.921
5952.561,27,11,+57.212,+1.931
5955.299,27,11,+57.223,+1.976
5960.889,27,11,+57.258,+1.873
5969.964,27,11,+57.350,+1.957
5974.03,27,11,+57.401,+1.964
5976.858,27,11,+57.356,+1.915
5977.623,27,11,+57.361,+1.913
5981.045,27,11,+57.398,+1.916
5983.811,27,11,+57.457,+1.918
5990.858,27,11,+57.467,+1.907
5996.905,27,11,+57.635,+1.945
6001.998,27,11,+57.558,+1.912
6003.873,27,11,+57.565,+1.909
6007.483,27,11,+57.634,+1.996
6011.194,27,11,+57.669,+1.895
6015.573,27,11,+57.741,+1.844
6019.401,27,11,+57.730,+1.898
6024.776,27,11,+57.798,+1.981
6029.261,27,11,+57.827,+1.925
6033.516,27,11,+57.785,+1.967
6036.628,27,11,+57.756,+1.983
6038.215,27,11,+57.747,+2.020
6038.986,27,11,+57.736,+2.050
6041.764,27,11,+57.679,+2.132
6047.42,27,11,+57.774,+2.102
6056.451,27,11,+57.857,+2.191
6060.518,27,11,+57.996,+2.187
6063.359,27,11,+58.032,+2.178
6064.133,27,11,+58.044,+2.181
6067.56,27,11,+58.094,+2.185
6070.36,27,11,+58.112,+2.104
6077.26,27,11,+57.959,+1.968
6083.249,27,11,+58.106,+1.951
6088.379,27,11,+58.129,+1.913
6090.228,27,11,+58.174,+1.882
6093.765,27,11,+57.624,+1.904
6097.43,27,11,+57.541,+1.849
6101.772,27,11,+57.518,+1.799
6105.699,27,11,+57.635,+1.894
6111.017,27,11,+57.654,+1.949
6115.486,27,11,+57.640,+1.859
6119.673,27,11,+57.615,+1.785
6122.814,27,11,+57.670,+1.827
6124.445,27,11,+57.713,+1.856
6125.26,27,11,+57.724,+1.872
6127.976,27,11,+57.783,+1.939
6133.574,27,11,+57.694,+1.946
6142.622,27,11,+57.751,+2.039
6146.703,27,11,+58.019,+2.059
6149.542,27,11,+58.048,+2.036
6150.385,27,11,+58.058,+2.038
6153.76,27,11,+58.106,+2.043
6156.528,27,11,+58.169,+1.955
6163.43,27,11,+58.008,+1.831
6169.542,27,11,+58.335,+1.948
6174.573,27,11,+58.168,+1.812
6176.417,27,11,+58.251,+1.795
6179.98,27,11,+58.344,+1.839
6183.724,27,11,+58.417,+1.813
6188.037,27,11,+58.431,+1.806
6192.037,27,11,+58.616,+1.942
6197.319,27,11,+58.686,+1.974
6201.709,27,11,+58.782,+1.900
6206.038,27,11,+58.878,+1.929
6209.178,27,11,+58.917,+1.951
6210.678,27,11,+58.984,+1.893
6211.459,27,11,+59.025,+1.901
6214.209,27,11,+59.102,+1.935
6219.772,27,11,+59.128,+1.863
6228.74,27,11,+59.271,+1.855
6232.828,27,11,+59.492,+1.886
6235.679,27,11,+59.566,+1.917
6236.46,27,11,+59.583,+1.925
6239.92,27,11,+59.636,+1.945
6242.67,27,11,+59.654,+1.885
6249.609,27,11,+59.524,+1.760
6255.561,27,11,+59.695,+1.745
6260.629,27,11,+59.626,+1.684
6262.502,27,11,+59.734,+1.665
6266.077,27,11,+59.795,+1.692
6269.794,27,11,+59.792,+1.652
6274.117,27,11,+59.895,+1.643
6277.992,27,11,+60.001,+1.782
6283.399,27,11,+60.133,+1.805
6287.886,27,11,+60.303,+1.810
6292.073,27,11,+60.312,+1.770
6295.218,27,11,+60.319,+1.762
6296.817,27,11,+60.404,+1.766
6297.574,27,11,+60.431,+1.779
6300.342,27,11,+60.466,+1.835
6305.983,27,11,+60.553,+1.757
6314.998,27,11,+60.843,+1.883
6319.076,27,11,+61.092,+1.916
6321.92,27,11,+61.130,+1.905
6322.717,27,11,+61.144,+1.910
6326.139,27,11,+61.168,+1.919
6328.873,27,11,+61.174,+1.842
6335.858,27,11,+61.189,+1.745
6341.826,27,11,+61.396,+1.798
6346.904,27,11,+61.291,+1.694
6348.733,27,11,+61.404,+1.706
6352.373,27,11,+61.467,+1.759
6355.998,27,11,+61.471,+1.674
6360.301,27,11,+61.574,+1.632
6364.245,27,11,+61.756,+1.717
6369.604,27,11,+61.841,+1.780
6374.032,27,11,+61.959,+1.785
6378.346,27,11,+62.015,+1.767
6381.475,27,11,+62.046,+1.784
6383.047,27,11,+62.145,+1.779
6383.83,27,11,+62.177,+1.787
6386.636,27,11,+62.243,+1.850
6392.214,27,11,+62.218,+1.802
6401.214,27,11,+62.439,+1.940
6405.373,27,11,+62.642,+1.957
6408.186,27,11,+62.650,+1.910
6408.936,27,11,+62.659,+1.908
6412.394,27,11,+62.713,+1.911
6415.124,27,11,+62.724,+1.837
6422.108,27,11,+62.573,+1.737
6427.999,27,11,+62.683,+1.625
6433.033,27,11,+62.676,+1.569
6434.928,27,11,+62.817,+1.582
6438.495,27,11,+62.899,+1.626
6442.183,27,11,+62.912,+1.538
6446.479,27,11,+62.976,+1.455
6450.354,27,11,+63.042,+1.587
6455.668,27,11,+63.183,+1.594
6460.149,27,11,+63.328,+1.589
6464.423,27,11,+63.373,+1.588
6467.602,27,11,+63.467,+1.644
6469.215,27,11,+63.587,+1.653
6470.034,27,11,+63.613,+1.651
6472.772,27,11,+63.688,+1.708
6478.328,27,11,+63.765,+1.639
6487.393,27,11,+64.069,+1.768
6491.479,27,11,+64.260,+1.782
6494.37,27,11,+64.343,+1.792
6495.099,27,11,+64.357,+1.795
6498.531,27,11,+64.372,+1.800
6501.301,27,11,+64.368,+1.733
6508.316,27,11,+64.360,+1.690
6514.201,27,11,+64.624,+1.695
6519.205,27,11,+64.422,+1.501
6521.061,27,11,+64.517,+1.475
6524.599,27,11,+64.549,+1.489
6528.375,27,11,+64.703,+1.547
6532.776,27,11,+64.895,+1.546
6536.662,27,11,+65.002,+1.675
6542.062,27,11,+65.115,+1.700
6546.578,27,11,+65.248,+1.723
6550.899,27,11,+65.363,+1.705
6554.083,27,11,+65.431,+1.729
6555.674,27,11,+65.533,+1.726
6556.45,27,11,+65.561,+1.726
6559.223,27,11,+65.602,+1.766
6564.761,27,11,+65.613,+1.652
6573.874,27,11,+65.976,+1.827
6577.976,27,11,+66.214,+1.875
6580.93,27,11,+66.425,+1.978
6581.732,27,11,+66.470,+2.010
6585.223,27,11,+66.538,+2.072
6587.958,27,11,+66.504,+1.998
6594.999,27,11,+66.477,+1.954
6600.886,27,11,+66.622,+1.981
6605.997,27,11,+66.589,+1.865
6607.812,27,11,+66.725,+1.876
6611.353,27,11,+66.813,+1.901
6615.015,27,11,+58.175,+1.803
6619.379,27,11,+58.303,+1.821
6623.293,27,11,+58.321,+1.979
6628.66,27,11,+58.390,+2.042
6633.222,27,11,+58.538,+2.055
6637.476,27,11,+58.413,+1.953
6640.66,27,11,+58.510,+1.961
6642.255,27,11,+58.578,+1.978
6643.032,27,11,+58.605,+1.981
6645.799,27,11,+58.681,+2.040
6651.394,27,11,+58.727,+2.023
6660.499,27,11,+58.864,+2.136
6681.002,27,12,+58.864,+2.136
6695.273,27,12,+79.778,+11.406
6702.499,27,12,+79.927,+11.662
6708.431,27,12,+79.941,+11.691
6713.314,27,12,+79.750,+11.641
6715.16,27,12,+79.744,+11.618
6718.68,27,12,+79.663,+11.576
6722.361,27,12,+79.683,+11.585
6726.675,27,12,+79.658,+11.621
6730.405,27,12,+79.558,+11.587
6735.674,27,12,+79.497,+11.548
6740.117,27,12,+79.571,+11.657
6744.243,27,12,+79.484,+11.561
6747.352,27,12,+79.503,+11.534
6748.958,27,12,+79.501,+11.555
6749.642,27,12,+79.505,+11.555
6752.34,27,12,+79.541,+11.534
6757.71,27,12,+79.343,+11.488
6766.482,27,12,+79.174,+11.410
6770.467,27,12,+79.197,+11.382
6773.203,27,12,+79.044,+11.318
6773.959,27,12,+79.038,+11.312
6777.382,27,12,+79.040,+11.311
6780.172,27,12,+79.016,+11.315
6786.91,27,12,+75.538,+11.130
6792.862,27,12,+75.691,+11.086
6797.67,27,12,+75.432,+11.025
6799.508,27,12,+75.412,+11.031
6803.076,27,12,+75.427,+11.044
6806.721,27,12,+75.384,+10.950
6811.058,27,12,+75.557,+11.068
6814.87,27,12,+75.568,+11.058
6820.213,27,12,+75.638,+11.090
6824.617,27,12,+75.627,+11.163
6828.789,27,12,+75.628,+11.175
6831.994,27,12,+75.779,+11.268
6833.646,27,12,+75.862,+11.355
6834.415,27,12,+75.876,+11.376
6837.229,27,12,+75.945,+11.449
6842.73,27,12,+75.998,+11.452
6851.628,27,12,+76.154,+11.456
6855.636,27,12,+76.210,+11.436
6858.428,27,12,+76.207,+11.422
6859.172,27,12,+76.216,+11.424
6862.623,27,12,+76.256,+11.437
6865.467,27,12,+76.304,+11.471
6872.234,27,12,+76.122,+11.314
6878.092,27,12,+76.313,+11.233
6883.027,27,12,+76.093,+11.290
6884.885,27,12,+76.084,+11.295
6888.414,27,12,+76.090,+11.296
6892.046,27,12,+76.067,+11.272
6896.372,27,12,+76.182,+11.361
6900.174,27,12,+76.142,+11.376
6905.442,27,12,+76.216,+11.335
6909.834,27,12,+76.209,+11.387
6913.947,27,12,+76.179,+11.299
6917.064,27,12,+76.273,+11.287
6918.595,27,12,+76.282,+11.258
6919.314,27,12,+76.251,+11.225
6922.048,27,12,+76.198,+11.210
6927.423,27,12,+76.083,+11.044
6936.272,27,12,+76.093,+10.929
6940.26,27,12,+76.154,+10.929
6943.004,27,12,+76.053,+10.929
6943.815,27,12,+76.052,+10.810
6947.217,27,12,+76.064,+10.810
6950.041,27,12,+76.092,+1.726
6956.745,27,12,+75.957,+1.188
6962.661,27,12,+76.122,+1.159
6967.514,27,12,+75.923,+1.026
6969.372,27,12,+75.895,+0.978
6972.889,27,12,+75.858,+0.978
6976.558,27,12,+75.830,+0.864
6980.928,27,12,+75.913,+0.918
6984.76,27,12,+75.903,+0.962
6990.01,27,12,+75.907,+0.899
6994.464,27,12,+75.909,+0.906
6998.651,27,12,+75.906,+0.997
7001.777,27,12,+75.957,+0.986
7003.299,27,12,+75.980,+0.978
7004.045,27,12,+75.974,+0.984
7006.757,27,12,+75.974,+0.986
7012.178,27,12,+75.860,+0.910
7021.0,27,12,+75.982,+1.012
7025.049,27,12,+76.117,+1.080
7027.807,27,12,+76.060,+1.054
7028.604,27,12,+76.061,+1.055
7032.01,27,12,+76.061,+1.045
7034.809,27,12,+76.107,+1.049
7041.631,27,12,+75.966,+1.115
7047.528,27,12,+76.148,+1.050
7052.394,27,12,+75.947,+0.933
7054.207,27,12,+75.943,+0.912
7057.736,27,12,+75.903,+0.903
7061.443,27,12,+76.005,+0.981
7065.802,27,12,+76.141,+1.054
7069.622,27,12,+76.119,+1.085
7074.917,27,12,+76.222,+1.097
7079.47,27,12,+76.294,+1.182
7083.648,27,12,+76.357,+1.265
7086.792,27,12,+76.465,+1.288
7088.4,27,12,+76.525,+1.336
7089.169,27,12,+76.527,+1.349
7091.917,27,12,+76.557,+1.406
7097.385,27,12,+76.514,+1.473
7106.293,27,12,+76.611,+1.515
7110.317,27,12,+76.710,+1.494
7113.113,27,12,+76.701,+1.482
7113.872,27,12,+76.705,+1.483
7117.321,27,12,+76.712,+1.475
7120.064,27,12,+76.708,+1.415
7126.854,27,12,+76.581,+1.498
7132.699,27,12,+76.683,+1.506
7137.664,27,12,+76.657,+1.533
7139.514,27,12,+76.654,+1.524
7143.046,27,12,+76.494,+1.531
7146.66,27,12,+76.263,+1.468
7150.993,27,12,+76.377,+1.517
7154.816,27,12,+76.442,+1.558
7160.128,27,12,+76.282,+1.525
7164.619,27,12,+76.262,+1.535
7168.845,27,12,+76.341,+1.625
7172.013,27,12,+76.420,+1.664
7173.586,27,12,+76.517,+1.677
7174.346,27,12,+76.549,+1.682
7177.06,27,12,+76.598,+1.713
7182.462,27,12,+76.449,+1.613
7191.473,27,12,+76.718,+1.757
7195.499,27,12,+76.877,+1.695
7198.323,27,12,+76.909,+1.663
7199.073,27,12,+77.345,+1.663
7202.496,27,12,+77.005,+1.665
7205.324,27,12,+77.154,+1.636
7212.152,27,12,+77.136,+1.713
7218.012,27,12,+77.201,+1.777
7222.899,27,12,+77.060,+1.666
7224.707,27,12,+77.104,+1.618
7228.231,27,12,+77.122,+1.626
7231.872,27,12,+77.178,+1.602
7236.246,27,12,+77.396,+1.692
7240.06,27,12,+77.551,+1.699
7245.314,27,12,+77.528,+1.567
7249.79,27,12,+77.804,+1.574
7254.026,27,12,+77.866,+1.651
7257.165,27,12,+77.948,+1.654
7258.733,27,12,+78.062,+1.660
7259.547,27,12,+78.096,+1.674
7262.249,27,12,+78.162,+1.697
7267.714,27,12,+78.225,+1.557
7276.742,27,12,+78.544,+1.600
7280.846,27,12,+78.816,+1.534
7283.688,27,12,+78.858,+1.499
7284.46,27,12,+78.868,+1.501
7287.856,27,12,+78.861,+1.479
7290.674,27,12,+78.911,+1.477
7297.664,27,12,+79.108,+1.622
7303.654,27,12,+79.477,+1.726
7308.647,27,12,+79.412,+1.692
7310.523,27,12,+79.578,+1.710
7314.06,27,12,+79.647,+1.725
7317.757,27,12,+79.794,+1.698
7322.246,27,12,+80.048,+1.779
7326.05,27,12,+80.214,+1.841
7331.29,27,12,+80.253,+1.784
7335.749,27,12,+80.455,+1.804
7340.014,27,12,+80.596,+1.860
7343.139,27,12,+80.710,+1.893
7344.717,27,12,+80.858,+1.965
7345.56,27,12,+80.897,+1.984
7348.272,27,12,+80.988,+2.051
7353.816,27,12,+81.089,+2.049
7362.929,27,12,+81.381,+2.312
7367.019,27,12,+81.623,+2.359
7369.844,27,12,+81.638,+2.370
7370.609,27,12,+81.648,+2.374
7374.026,27,12,+81.675,+2.391
7376.802,27,12,+81.671,+2.380
7383.728,27,12,+81.599,+2.475
7389.619,27,12,+81.796,+2.480
7394.481,27,12,+81.610,+2.390
7396.361,27,12,+81.735,+2.398
7399.873,27,12,+81.785,+2.405
7403.42,27,12,+81.739,+2.217
7407.799,27,12,+81.935,+2.292
7411.667,27,12,+82.089,+2.376
7417.057,27,12,+82.162,+2.458
7421.463,27,12,+82.236,+2.436
7425.715,27,12,+82.207,+2.499
7428.835,27,12,+82.261,+2.508
7430.481,27,12,+82.327,+2.567
7431.217,27,12,+82.330,+2.592
7433.96,27,12,+82.334,+2.612
7439.488,27,12,+82.242,+2.636
7448.541,27,12,+82.510,+2.852
7452.63,27,12,+82.760,+2.810
7455.45,27,12,+82.833,+2.825
7456.215,27,12,+82.850,+2.832
7459.651,27,12,+82.889,+2.851
7462.432,27,12,+82.913,+2.840
7469.385,27,12,+82.921,+2.974
7475.285,27,12,+83.125,+2.961
7480.26,27,12,+83.013,+3.021
7482.213,27,12,+83.156,+3.100
7485.838,27,12,+83.239,+3.175
7489.463,27,12,+83.352,+3.142
7493.823,27,12,+83.544,+3.170
7498.16,27,12,1 L,+3.700
7503.93,27,12,1 L,+4.231
7508.481,27,12,1 L,+4.323
7512.785,27,12,1 L,+4.454
7515.918,27,12,1 L,+4.491
7517.577,27,12,1 L,+4.563
7518.299,27,12,1 L,+4.580
7521.093,27,12,1 L,+4.616
7526.639,27,12,1 L,+4.624
7535.651,27,12,1 L,+4.700
7539.691,27,12,1 L,+4.663
7542.498,27,12,1 L,+4.660
7543.261,27,12,1 L,+4.665
7546.727,27,12,1 L,+4.680
7549.447,27,12,1 L,+4.664
7556.328,27,12,1 L,+4.721
7562.315,27,12,1 L,+4.820
7567.218,27,12,1 L,+4.807
7569.077,27,12,1 L,+4.832
7572.632,27,12,1 L,+4.906
7576.245,27,12,1 L,+4.877
7580.557,27,12,1 L,+4.904
7584.464,27,12,1 L,+4.970
7589.635,27,12,1 L,+4.944
7594.026,27,12,1 L,+4.885
7598.214,27,12,1 L,+4.888
7601.37,27,12,1 L,+4.879
7602.932,27,12,1 L,+4.875
7603.667,27,12,1 L,+4.883
7606.407,27,12,1 L,+4.879
7611.872,27,12,1 L,+4.793
7620.713,27,12,1 L,+4.781
7624.658,27,12,1 L,+4.619
7627.429,27,12,1 L,+4.546
7628.435,27,12,1 L,+4.541
7631.614,27,12,1 L,+4.540
7634.361,27,12,1 L,+4.522
7641.159,27,12,1 L,+4.437
7646.932,27,12,1 L,+4.365
7651.827,27,12,1 L,+4.281
7653.653,27,12,1 L,+4.228
7657.157,27,12,1 L,+4.222
7660.627,27,12,1 L,+3.960
7664.906,27,12,1 L,+3.856
7668.714,27,12,1 L,+2.566
7673.984,27,12,1 L,+2.265
7678.401,27,12,1 L,+2.016
7682.541,27,12,1 L,+1.951
7685.748,27,12,1 L,+1.936
7687.232,27,12,1 L,+1.900
7687.966,27,12,1 L,+1.899
7690.685,27,12,1 L,+1.908
7696.064,27,12,1 L,+1.675
7704.913,27,12,1 L,+1.600
7708.913,27,12,1 L,+1.452
7711.757,27,12,1 L,+1.446
7712.554,27,12,1 L,+1.450
7715.944,27,12,1 L,+1.458
7718.679,27,12,1 L,+1.471
7725.538,27,12,1 L,+1.426
7731.28,27,12,1 L,+1.354
7736.193,27,12,1 L,+1.277
7738.043,27,12,1 L,+1.261
7741.575,27,12,1 L,+1.285
7745.272,27,12,1 L,+1.226
7749.558,27,12,1 L,+1.242
7753.337,27,12,1 L,+1.278
7758.698,27,12,1 L,+1.299
7763.128,27,12,1 L,+1.268
7767.298,27,12,1 L,+1.299
7770.432,27,12,1 L,+1.313
7771.971,27,12,1 L,+1.353
7772.734,27,12,1 L,+1.374
7775.46,27,12,1 L,+1.399
7780.951,27,12,1 L,+1.250
7789.841,27,12,1 L,+1.362
7793.841,27,12,1 L,+1.334
7796.701,27,12,1 L,+1.357
7797.49,27,12,1 L,+1.362
7800.893,27,12,1 L,+1.376
7803.608,27,12,1 L,+1.397
7810.441,27,12,1 L,+0.726
7816.363,27,12,1 L,+0.623
7821.298,27,12,1 L,+0.486
7823.158,27,12,1 L,+0.483
7826.727,27,12,1 L,+0.515
7830.627,27,12,1 L,+0.528
7834.791,27,12,1 L,+0.601
7838.654,27,12,1 L,+0.694
7843.979,27,12,1 L,+0.713
7848.447,27,12,1 L,+0.710
7852.604,27,12,1 L,+0.719
7855.729,27,12,1 L,+0.721
7857.291,27,12,1 L,+0.744
7858.041,27,12,1 L,+0.760
7860.744,27,12,1 L,+0.772
7866.291,27,12,1 L,+0.743
7875.213,27,12,1 L,+0.731
7879.213,27,12,1 L,+0.642
7882.151,27,12,1 L,+0.695
7882.932,27,12,1 L,+0.701
7886.307,27,12,1 L,+0.680
7888.947,27,12,1 L,+0.592
7895.966,27,12,1 L,+0.708
7901.919,27,12,1 L,+0.795
7906.888,27,12,1 L,+0.719
7908.732,27,12,1 L,+0.735
7912.279,27,12,1 L,+0.759
7915.997,27,12,1 L,+0.873
7920.326,27,12,1 L,+0.892
7924.185,27,12,1 L,+0.989
7929.529,27,12,1 L,+1.045
7933.966,27,12,1 L,+0.995
7938.107,27,12,1 L,+0.986
7941.216,27,12,1 L,+0.954
7942.747,27,12,1 L,+0.953
7943.493,27,12,1 L,+0.955
7946.189,27,12,1 L,+0.943
7951.65,27,12,1 L,+0.837
7960.649,27,12,1 L,+0.938
7964.744,27,12,1 L,+0.945
7967.616,27,12,1 L,+0.966
7968.371,27,12,1 L,+0.970
7971.739,27,12,1 L,+0.959
7974.427,27,12,1 L,+0.883
7981.497,27,12,1 L,+0.970
7987.372,27,12,1 L,+0.992
7992.301,27,12,1 L,+0.829
7994.144,27,12,1 L,+0.814
7997.653,27,12,1 L,+0.831
8001.213,27,12,1 L,+0.758
8005.662,27,12,1 L,+0.741
8009.464,27,12,1 L,+0.792
8014.839,27,12,1 L,+0.803
8019.25,27,12,1 L,+0.736
8023.435,27,12,1 L,+0.735
8026.587,27,12,1 L,+0.695
8028.461,27,12,1 L,+1.056
8029.793,27,12,1 L,+1.417
8036.671,27,12,1 L,+0.788
8043.185,27,12,1 L,+0.989
8053.579,27,12,1 L,+0.627
8058.275,27,12,+100.202,+0.946
8061.698,27,12,+100.870,+1.075
8062.737,27,12,1 L,+1.143
8067.521,27,12,+102.596,+1.099
8071.698,27,12,+104.093,+1.163
8080.829,27,12,+106.004,+1.001
8089.213,27,12,+108.793,+1.186
8095.54,27,12,+109.981,+1.419
8098.927,27,12,+111.646,+0.894
8103.994,27,11,+111.646,+0.894
8104.088,27,11,+113.312,+0.764
8108.244,27,11,+113.808,+0.883
8112.838,27,11,+114.055,+0.849
8116.713,27,11,+114.214,+0.633
8122.159,27,11,+114.348,+0.671
8126.638,27,11,+114.468,+0.730
8130.873,27,11,+114.395,+0.699
8133.935,27,11,+114.404,+0.719
8135.513,27,11,+114.485,+0.774
8136.248,27,11,+114.505,+0.797
8138.92,27,11,+114.497,+0.901
8144.376,27,11,+113.372,+0.841
8153.4,27,11,+110.069,+0.940
8157.494,27,11,+110.069,+1.051
8160.353,27,11,+110.069,+1.056
8161.213,27,11,+107.233,+1.055
8164.459,27,11,+107.233,+0.995
8167.218,27,11,+88.591,+0.968
8174.271,27,11,+87.589,+1.067
8180.025,27,11,+83.855,+0.863
8184.979,27,11,+82.950,+0.805
8186.869,27,11,+80.678,+0.824
8190.336,27,11,+79.300,+0.840
8194.013,27,11,+79.129,+0.817
8198.313,27,11,+79.194,+0.860
8202.159,27,11,+79.381,+0.917
8207.45,27,11,+79.297,+0.982
8211.885,27,11,+79.473,+0.949
8215.994,27,11,+79.610,+0.964
8219.113,27,11,+79.730,+0.942
8220.631,27,11,+79.788,+0.946
8221.384,27,11,+79.815,+0.958
8224.071,27,11,+79.908,+0.962
8229.398,27,11,+79.941,+0.793
8238.325,27,11,+80.469,+0.926
8242.39,27,11,+80.818,+0.943
8245.384,27,11,+81.027,+0.919
8245.998,27,11,+81.055,+0.920
8249.384,27,11,+81.085,+0.921
8252.061,27,11,+81.069,+0.885
8258.913,27,11,+81.074,+0.828
8264.7,27,11,+81.240,+0.747
8269.625,27,11,+81.257,+0.731
8271.413,27,11,+81.331,+0.732
8274.919,27,11,+81.366,+0.737
8278.575,27,11,+81.451,+0.672
8282.935,27,11,+81.718,+0.721
8286.81,27,11,+81.866,+0.749
8292.169,27,11,+81.957,+0.684
8296.671,27,11,+82.192,+0.580
8300.931,27,11,+82.415,+0.723
8304.046,27,11,+82.513,+0.659
8305.664,27,11,+82.600,+0.674
8306.382,27,11,+82.620,+0.679
8309.062,27,11,+82.661,+0.692
8314.607,27,11,+82.828,+0.572
8323.618,27,11,+83.147,+0.617
8327.737,27,11,+83.440,+0.799
8330.61,27,11,+83.484,+0.746
8331.392,27,11,+83.494,+0.750
8334.812,27,11,+83.508,+0.851
8337.844,27,11,1 L,+1.264
8344.998,27,11,1 L,+1.317
8350.822,27,11,1 L,+1.017
8355.9,27,11,1 L,+0.983
8357.744,27,11,1 L,+0.941
8361.213,27,11,1 L,+0.704
8364.931,27,11,1 L,+0.317
8369.369,27,11,1 L,+0.229
8373.119,27,10,1 L,+0.229
8373.197,27,10,1 L,+1.851
8378.494,27,10,1 L,+1.839
8387.103,27,10,1 L,+1.888
8390.166,27,10,1 L,+1.850
8391.728,27,10,1 L,+1.840
8392.463,27,10,1 L,+1.845
8395.161,27,10,1 L,+1.079
8400.673,27,10,1 L,+0.782
8409.678,27,10,1 L,+0.743
8413.783,27,10,1 L,+0.825
8416.721,27,10,1 L,+0.878
8417.487,27,10,1 L,+0.884
8420.871,27,10,1 L,+0.882
8423.545,27,10,1 L,+0.832
8430.528,27,10,1 L,+0.856
8436.271,27,10,1 L,+0.666
8441.244,27,10,1 L,+0.572
8443.049,27,10,1 L,+0.588
8446.536,27,10,1 L,+0.608
8450.149,27,10,1 L,+0.559
8454.561,27,10,1 L,+0.675
8458.367,27,10,1 L,+0.674
8463.728,27,10,1 L,+0.754
8472.369,27,10,1 L,+0.768
8475.46,27,10,1 L,+0.733
8476.993,27,10,1 L,+0.754
8477.741,27,10,1 L,+0.770
8480.413,27,10,1 L,+0.780
8485.944,27,10,1 L,+0.655
8494.927,27,10,1 L,+0.676
8499.014,27,10,1 L,+0.709
8501.891,27,10,1 L,+0.641
8502.657,27,10,1 L,+0.633
8506.063,27,10,1 L,+0.627
8508.698,27,10,1 L,+0.591
8516.573,27,10,1 L,+0.653
8522.578,27,10,1 L,+0.511
8526.635,27,10,1 L,+0.350
8528.541,27,10,1 L,+0.221
8532.072,27,10,1 L,+0.259
8536.15,27,10,1 L,+0.258
8540.659,27,10,1 L,+0.325
8544.684,27,10,1 L,+0.482
8550.072,27,10,1 L,+0.501
8554.666,27,10,1 L,+0.354
8559.025,27,10,1 L,+0.518
8562.244,27,10,1 L,+0.585
8563.869,27,10,1 L,+0.653
8564.65,27,10,1 L,+0.684
8567.417,27,10,1 L,+0.723
8573.056,27,10,1 L,+0.711
8582.713,27,10,1 L,+1.363
8586.902,27,10,1 L,+1.554
8589.827,27,10,1 L,+1.417
8590.605,27,10,1 L,+1.392
8593.971,27,10,1 L,+1.361
8596.657,27,10,1 L,+1.366
8603.607,27,10,1 L,+1.153
8609.428,27,10,1 L,+1.156
8614.465,27,10,1 L,+0.845
8616.356,27,10,1 L,+0.743
8619.876,27,10,1 L,+0.461
8623.759,27,10,1 L,+0.291
8628.218,27,10,1 L,+0.212
8632.119,27,10,1 L,+0.234
8637.806,27,10,1 L,+0.329
8642.447,27,10,1 L,+0.309
8646.744,27,10,1 L,+0.225
8649.98,27,10,1 L,+0.269
8651.649,27,10,1 L,+0.286
8652.415,27,10,1 L,+0.293
8655.113,27,10,1 L,+0.353
8660.859,27,10,1 L,+0.244
8670.012,27,10,1 L,+0.321
8674.043,27,10,1 L,+0.214
8676.965,27,10,1 L,+0.155
8677.98,27,10,1 L,+0.156
8681.071,27,10,1 L,+0.129
8683.698,27,10,1 L,+0.035
8691.299,27,10,1 L,+0.087
8697.193,27,10,1 L,+0.137
8702.213,27,9,1 L,+0.137
8702.284,27,9,1 L,+1.395
8704.365,27,9,1 L,+1.468
8708.116,27,9,1 L,+1.554
8711.834,27,9,1 L,+1.556
8716.147,27,9,1 L,+1.632
8719.928,27,9,1 L,+1.633
8725.288,27,9,1 L,+1.700
8729.694,27,9,1 L,+1.674
8733.834,27,9,1 L,+1.729
8736.975,27,9,1 L,+1.742
8738.491,27,9,1 L,+1.793
8739.241,27,9,1 L,+1.818
8741.928,27,9,1 L,+1.845
8747.368,27,9,1 L,+1.792
8756.356,27,9,1 L,+1.883
8760.372,27,9,1 L,+1.896
8763.278,27,9,1 L,+2.015
8764.059,27,9,1 L,+2.031
8767.498,27,9,1 L,+2.058
8770.643,27,9,1 L,+2.465
8777.968,27,9,1 L,+3.000
8783.999,27,9,1 L,+3.183
8789.046,27,9,1 L,+3.336
8790.96,27,9,1 L,+3.427
8794.497,27,9,1 L,+3.455
8798.159,27,9,1 L,+3.540
8802.567,27,9,1 L,+3.734
8806.427,27,9,1 L,+3.909
8811.794,27,9,1 L,+4.164
8816.171,27,9,1 L,+4.209
8820.328,27,9,1 L,+4.292
8823.423,27,9,1 L,+4.316
8825.012,27,9,1 L,+4.402
8825.751,27,9,1 L,+4.430
8828.46,27,9,1 L,+4.481
8833.958,27,9,1 L,+4.407
8842.81,27,9,1 L,+4.499
8846.7,27,9,1 L,+4.374
8849.544,27,9,1 L,+4.376
8853.7,27,9,1 L,+4.378
8856.442,27,9,1 L,+4.360
8863.274,27,9,1 L,+4.394
8869.039,27,9,1 L,+4.421
8873.927,27,9,1 L,+4.443
8875.778,27,9,1 L,+4.463
8879.278,27,9,1 L,+4.501
8882.903,27,9,1 L,+4.470
8887.232,27,9,1 L,+4.447
8891.106,27,9,1 L,+2.814
8896.434,27,9,1 L,+2.599
8900.809,27,9,1 L,+2.406
8904.919,27,9,1 L,+2.332
8908.059,27,9,1 L,+2.304
8909.544,27,9,1 L,+2.305
8910.31,27,9,1 L,+2.321
8913.013,27,9,1 L,+2.349
8918.419,27,9,1 L,+2.127
8927.284,27,9,1 L,+2.143
8931.251,27,9,1 L,+2.042
8934.042,27,9,1 L,+1.960
8934.817,27,9,1 L,+1.953
8938.192,27,9,1 L,+1.958
8940.927,27,9,1 L,+1.946
8947.898,27,9,1 L,+2.036
8953.827,27,9,1 L,+2.155
8958.841,27,9,1 L,+2.202
8960.821,27,9,1 L,+2.376
8965.027,27,9,1 L,+3.072
8969.047,27,9,1 L,+3.585
8973.492,27,9,1 L,+3.741
8977.236,27,9,1 L,+3.765
8982.658,27,9,1 L,+3.906
8987.128,27,9,1 L,+4.010
8991.298,27,9,1 L,+4.066
8994.413,27,9,1 L,+4.067
8995.999,27,9,1 L,+4.133
8996.729,27,9,1 L,+4.155
8999.412,27,9,1 L,+4.174
9004.889,27,9,1 L,+4.063
9013.791,27,9,1 L,+4.201
9017.731,27,9,1 L,+4.047
9020.531,27,9,1 L,+4.018
9021.262,27,9,1 L,+4.016
9024.645,27,9,1 L,+4.020
9027.36,27,9,1 L,+4.004
9034.227,27,9,1 L,+4.009
9040.091,27,9,1 L,+4.003
9044.871,27,9,1 L,+3.918
9046.698,27,9,1 L,+3.922
9050.169,27,9,1 L,+3.936
9053.789,27,9,1 L,+3.923
9058.039,27,9,1 L,+3.963
9061.827,27,9,1 L,+3.944
9067.121,27,9,1 L,+3.962
9071.465,27,9,1 L,+3.893
9075.591,27,9,1 L,+3.895
9078.668,27,9,1 L,+3.883
9080.199,27,9,1 L,+3.835
9080.934,27,9,1 L,+3.733
9083.59,27,9,1 L,+2.770
9088.978,27,9,1 L,+2.290
9097.748,27,9,1 L,+2.186
9101.656,27,9,1 L,+2.004
9104.475,27,9,1 L,+1.914
9105.298,27,9,1 L,+1.910
9108.642,27,9,1 L,+1.933
9111.326,27,9,1 L,+1.939
9118.244,27,9,1 L,+1.911
9123.947,27,9,1 L,+1.852
9128.875,27,9,1 L,+1.784
9130.747,27,9,1 L,+1.777
9134.243,27,9,1 L,+1.791
9137.827,27,9,1 L,+1.776
9142.04,27,9,1 L,+1.720
9145.922,27,9,1 L,+1.820
9151.11,27,9,1 L,+1.783
9155.493,27,9,1 L,+1.795
9159.606,27,9,1 L,+1.853
9162.718,27,9,1 L,+1.904
9164.228,27,9,1 L,+1.939
9165.013,27,9,1 L,+1.951
9167.657,27,9,1 L,+1.986
9173.115,27,9,1 L,+1.900
9181.964,27,9,1 L,+1.886
9185.943,27,9,1 L,+1.769
9188.744,27,9,1 L,+1.727
9189.499,27,9,1 L,+1.723
9192.874,27,9,1 L,+1.724
9195.579,27,9,1 L,+1.683
9202.533,27,9,1 L,+1.670
9208.345,27,9,1 L,+1.567
9213.369,27,9,1 L,+1.674
9215.244,27,9,1 L,+1.689
9218.759,27,9,1 L,+1.714
9222.322,27,9,1 L,+1.659
9226.65,27,9,1 L,+1.732
9230.536,27,9,1 L,+1.841
9235.86,27,9,1 L,+1.989
9240.285,27,9,1 L,+2.068
9244.508,27,9,1 L,+2.104
9247.585,27,9,1 L,+2.138
9249.132,27,9,1 L,+2.158
9249.902,27,9,1 L,+2.168
9252.604,27,9,1 L,+2.238
9258.114,27,9,1 L,+2.204
9267.025,27,9,1 L,+2.301
9271.025,27,9,1 L,+2.272
9273.963,27,9,1 L,+2.302
9274.813,27,9,1 L,+2.349
9426.806,27,9,1L,+2.349
8.61,30,11,,
3256.543,30,11,+1.237,
3259.604,30,9,+1.237,
3259.682,30,9,+1.122,+0.149
3266.817,30,8,+1.122,+0.149
3266.895,30,8,+1.109,+0.282
3273.208,30,8,+1.382,+0.276
3278.567,30,8,+1.551,+0.338
3280.802,30,8,+1.714,+0.319
3284.098,30,8,+1.735,+0.289
3288.254,30,8,+2.081,+0.202
3293.037,30,8,+2.549,+0.311
3296.994,30,8,+2.718,+0.327
3302.961,30,8,+3.241,+0.259
3307.801,30,8,+3.607,+0.395
3312.102,30,8,+3.770,+0.343
3315.415,30,8,+3.881,+0.408
3317.055,30,8,+3.931,+0.386
3317.789,30,8,+3.928,+0.373
3320.524,30,8,+3.849,+0.375
3326.242,30,8,+4.111,+0.434
3335.446,30,8,+4.365,+0.481
3339.633,30,8,+4.670,+0.664
3342.446,30,8,+4.724,+0.658
3343.242,30,8,+4.723,+0.662
3346.649,30,8,+4.677,+0.674
3349.461,30,8,+4.692,+0.690
3356.655,30,8,+4.805,+0.969
3362.92,30,8,+5.104,+1.192
3367.874,30,8,+5.079,+1.088
3369.764,30,8,+5.073,+1.088
3373.31,30,8,+5.021,+1.103
3377.274,30,8,+5.164,+1.042
3381.662,30,8,+5.317,+1.129
3385.6,30,8,+5.341,+1.111
3390.923,30,8,+5.230,+0.992
3395.465,30,8,+5.315,+1.101
3399.643,30,8,+5.322,+1.163
3402.929,30,8,+5.411,+1.354
3404.518,30,8,+5.450,+1.416
3405.342,30,8,+5.443,+1.424
3408.058,30,8,+5.411,+1.509
3413.683,30,8,+5.527,+1.590
3422.639,30,8,+5.517,+1.573
3426.736,30,8,+5.711,+1.597
3429.609,30,8,+5.817,+1.555
3430.405,30,8,+5.826,+1.556
3433.827,30,8,+5.806,+1.582
3436.639,30,8,+5.773,+1.643
3443.574,30,8,+5.797,+1.614
3449.659,30,8,+5.989,+1.665
3454.631,30,8,+6.063,+1.667
3456.527,30,8,+6.074,+1.690
3460.042,30,8,+6.035,+1.702
3463.811,30,8,+6.113,+1.632
3468.216,30,8,+6.273,+1.755
3472.283,30,8,+6.295,+1.766
3477.374,30,8,+6.249,+1.772
3481.874,30,8,+6.325,+1.842
3486.164,30,8,+6.374,+1.930
3489.289,30,8,+6.427,+2.047
3490.873,30,8,+6.454,+2.047
3491.614,30,8,+6.450,+2.034
3494.345,30,8,+6.423,+2.072
3500.071,30,8,+6.564,+2.052
3509.024,30,8,+6.604,+1.980
3513.147,30,8,+6.867,+2.116
3516.019,30,8,+6.931,+2.047
3516.8,30,8,+6.934,+2.043
3520.221,30,8,+6.878,+2.060
3523.014,30,8,+6.779,+2.082
3530.002,30,8,+6.823,+2.033
3536.1,30,8,+6.983,+2.058
3541.108,30,8,+7.041,+2.052
3542.967,30,8,+7.078,+2.071
3546.483,30,8,+7.049,+2.080
3550.217,30,8,+7.133,+2.095
3554.686,30,8,+7.301,+2.280
3558.577,30,8,+7.347,+2.312
3563.941,30,8,+7.469,+2.386
3568.429,30,8,+7.622,+2.513
3572.672,30,8,+7.756,+2.608
3575.924,30,8,+7.839,+2.735
3577.502,30,8,+7.893,+2.764
3578.272,30,8,+7.900,+2.769
3581.033,30,8,+7.910,+2.852
3586.665,30,8,+8.080,+2.882
3595.594,30,8,+8.147,+2.794
3599.712,30,8,+8.327,+2.877
3602.602,30,8,+8.373,+2.832
3603.415,30,8,+8.385,+2.840
3606.841,30,8,+8.374,+2.893
3609.677,30,8,+8.359,+3.003
3616.683,30,8,+8.418,+2.959
3622.749,30,8,+8.558,+3.051
3627.858,30,8,+8.622,+3.136
3629.764,30,8,+8.679,+3.211
3633.295,30,8,+8.655,+3.261
3637.061,30,8,+8.793,+3.239
3641.483,30,8,+9.002,+3.399
3645.436,30,8,+8.995,+3.378
3650.616,30,8,+9.065,+3.319
3655.128,30,8,+9.255,+3.365
3659.358,30,8,+9.359,+3.439
3662.561,30,8,+9.435,+3.548
3664.124,30,8,+9.493,+3.562
3664.874,30,8,+9.498,+3.554
3667.615,30,8,+9.496,+3.611
3673.259,30,8,+9.547,+3.614
3682.272,30,8,+9.685,+3.562
3686.417,30,8,+9.903,+3.534
3689.339,30,8,+10.015,+3.498
3690.12,30,8,+10.029,+3.502
3693.589,30,8,+10.039,+3.535
3696.464,30,8,+10.062,+3.623
3703.433,30,8,+10.162,+3.397
3709.499,30,8,+10.243,+3.397
3714.542,30,8,+10.275,+3.410
3716.465,30,8,+10.330,+3.468
3720.032,30,8,+10.306,+3.506
3723.748,30,8,+10.409,+3.447
3728.158,30,8,+10.601,+3.532
3732.085,30,8,+10.621,+3.524
3737.429,30,8,+10.755,+3.462
3741.96,30,8,+10.952,+3.513
3746.216,30,8,+11.050,+3.554
3749.386,30,8,+11.122,+3.669
3750.995,30,8,+11.203,+3.708
3751.745,30,8,+11.214,+3.710
3754.532,30,8,+11.223,+3.746
3760.102,30,8,+11.341,+3.819
3769.116,30,8,+11.465,+3.730
3773.28,30,8,+11.715,+3.784
3776.155,30,8,+11.807,+3.754
3776.96,30,8,+11.819,+3.755
3780.369,30,8,+11.821,+3.763
3783.215,30,8,+11.791,+3.749
3790.191,30,8,+11.926,+3.711
3796.236,30,8,+12.090,+3.714
3801.348,30,8,+12.219,+3.657
3803.28,30,8,+12.333,+3.747
3806.873,30,8,+12.341,+3.787
3810.563,30,8,+12.460,+3.712
3815.046,30,8,+12.659,+3.834
3818.964,30,8,+12.736,+3.883
3824.355,30,8,+12.919,+3.874
3828.87,30,8,+13.066,+3.895
3833.136,30,8,+13.211,+4.009
3836.308,30,8,+13.268,+4.093
3837.886,30,8,+13.312,+4.119
3838.636,30,8,+13.324,+4.120
3841.386,30,8,+13.385,+4.118
3846.975,30,8,+13.476,+4.137
3856.0,30,8,+13.545,+4.035
3860.12,30,8,+13.758,+4.184
3863.017,30,8,+13.813,+4.122
3863.8,30,8,+13.820,+4.118
3867.277,30,8,+13.809,+4.111
3870.073,30,8,+13.781,+4.074
3876.995,30,8,+13.813,+3.984
3883.041,30,8,+13.892,+3.941
3888.094,30,8,+13.963,+3.927
3890.011,30,8,+14.030,+3.985
3893.573,30,8,+14.027,+4.029
3897.183,30,8,+14.032,+3.822
3901.605,30,8,+14.177,+3.833
3905.511,30,8,+14.184,+3.834
3910.839,30,8,+14.228,+3.807
3915.401,30,8,+14.359,+3.844
3919.607,30,8,+14.400,+3.870
3922.839,30,8,+14.474,+3.941
3924.433,30,8,+14.512,+3.977
3925.214,30,8,+14.513,+3.977
3927.964,30,8,+14.519,+3.983
3933.652,30,8,+14.680,+4.098
3942.636,30,8,+14.782,+4.016
3946.761,30,8,+15.020,+4.096
3949.62,30,8,+15.083,+4.008
3950.414,30,8,+15.089,+3.996
3953.828,30,8,+15.083,+3.964
3956.605,30,8,+15.043,+3.897
3963.558,30,8,+15.041,+3.802
3969.588,30,8,+15.096,+3.772
3974.654,30,8,+15.130,+3.818
3976.576,30,8,+15.191,+3.859
3980.154,30,8,+15.167,+3.863
3983.814,30,8,+15.256,+3.814
3988.285,30,8,+15.437,+3.926
3992.148,30,8,+15.379,+3.937
3997.534,30,8,+15.461,+3.938
4001.975,30,8,+15.559,+3.974
4006.258,30,8,+15.624,+4.041
4009.45,30,8,+15.695,+4.142
4011.028,30,8,+15.750,+4.195
4011.787,30,8,+15.756,+4.199
4014.561,30,8,+15.781,+4.254
4020.276,30,8,+15.952,+4.362
4029.151,30,8,+15.992,+4.315
4033.329,30,8,+16.235,+4.436
4036.214,30,8,+16.306,+4.360
4037.014,30,8,+16.312,+4.352
4040.46,30,8,+16.319,+4.340
4043.332,30,8,+16.318,+4.337
4050.294,30,8,+16.305,+4.323
4056.274,30,8,+16.348,+4.276
4061.375,30,8,+16.366,+4.346
4063.315,30,8,+16.442,+4.422
4066.901,30,8,+16.438,+4.463
4070.66,30,8,+16.562,+4.457
4075.089,30,8,+16.729,+4.550
4078.964,30,8,+16.734,+4.530
4084.323,30,8,+16.781,+4.511
4088.819,30,8,+16.866,+4.536
4093.099,30,8,+16.947,+4.613
4096.294,30,8,+16.953,+4.712
4097.901,30,8,+17.009,+4.790
4098.667,30,8,+17.013,+4.797
4101.464,30,8,+17.016,+4.835
4107.073,30,8,+17.099,+4.884
4116.06,30,8,+17.178,+4.861
4120.261,30,8,+17.473,+4.992
4123.151,30,8,+17.574,+4.910
4123.948,30,8,+17.585,+4.901
4127.667,30,8,+17.594,+4.879
4130.214,30,8,+17.589,+4.869
4137.24,30,8,+17.724,+4.853
4143.258,30,8,+17.721,+4.796
4148.361,30,8,+17.829,+4.863
4150.218,30,8,+17.894,+4.882
4153.829,30,8,+17.866,+4.903
4157.578,30,8,+17.912,+4.824
4161.953,30,8,+18.067,+4.947
4165.859,30,8,+18.034,+4.878
4171.128,30,8,+18.037,+4.785
4175.607,30,8,+18.124,+4.759
4179.862,30,8,+18.162,+4.735
4183.076,30,8,+18.209,+4.812
4184.639,30,8,+18.252,+4.861
4185.42,30,8,+18.253,+4.866
4188.17,30,8,+18.230,+4.885
4193.829,30,8,+18.441,+5.006
4202.892,30,8,+18.623,+4.890
4207.138,30,8,+18.908,+5.047
4210.02,30,8,+19.015,+4.986
4210.801,30,8,+19.028,+4.981
4214.26,30,8,+19.039,+4.947
4217.113,30,8,+19.052,+4.908
4224.185,30,8,+19.120,+4.942
4230.22,30,8,+19.203,+4.946
4235.37,30,8,+19.238,+5.058
4237.274,30,8,+19.293,+5.103
4240.861,30,8,+19.257,+5.110
4244.576,30,8,+19.300,+4.979
4248.899,30,8,+19.428,+5.086
4252.823,30,8,+19.431,+5.085
4258.261,30,8,+19.509,+4.948
4262.73,30,8,+19.590,+4.939
4267.014,30,8,+19.647,+4.915
4270.232,30,8,+19.684,+5.001
4271.823,30,8,+19.729,+5.062
4272.589,30,8,+19.725,+5.069
4275.37,30,8,+19.715,+5.134
4281.089,30,8,+19.888,+5.232
4290.058,30,8,+20.006,+5.166
4294.198,30,8,+20.262,+5.399
4297.122,30,8,+20.319,+5.302
4297.915,30,8,+20.325,+5.288
4301.401,30,8,+20.326,+5.263
4304.172,30,8,+20.289,+5.238
4311.154,30,8,+20.296,+5.148
4317.264,30,8,+20.373,+5.170
4322.331,30,8,+20.358,+5.258
4324.267,30,8,+20.408,+5.290
4327.842,30,8,+20.392,+5.323
4331.498,30,8,+20.415,+5.196
4335.92,30,8,+20.548,+5.321
4339.811,30,8,+20.513,+5.254
4345.193,30,8,+20.551,+5.117
4349.645,30,8,+20.585,+5.087
4353.974,30,8,+20.649,+5.139
4357.167,30,8,+20.679,+5.194
4358.746,30,8,+20.721,+5.227
4359.52,30,8,+20.723,+5.220
4362.286,30,8,+20.706,+5.253
4368.014,30,8,+20.873,+5.358
4376.958,30,8,+20.963,+5.332
4381.161,30,8,+21.252,+5.443
4384.036,30,8,+21.308,+5.443
4384.833,30,8,+21.318,+5.362
4388.193,30,7,+21.318,+5.362
4388.285,30,7,+21.320,+5.332
4391.139,30,7,+21.310,+5.302
4398.06,30,7,+21.264,+5.264
4404.032,30,7,+21.265,+5.227
4409.079,30,7,+21.283,+5.308
4410.993,30,7,+21.367,+5.354
4414.548,30,7,+21.359,+5.367
4418.286,30,7,+21.441,+5.332
4422.764,30,7,+21.619,+5.403
4426.717,30,7,+21.662,+5.394
4432.108,30,7,+21.757,+5.300
4436.576,30,7,+21.809,+5.261
4440.889,30,7,+21.916,+5.302
4444.088,30,7,+21.972,+5.364
4445.699,30,7,+22.040,+5.377
4446.439,30,7,+22.046,+5.364
4449.276,30,7,+22.042,+5.369
4454.87,30,7,+22.128,+5.432
4463.98,30,7,+22.339,+5.394
4468.167,30,7,+22.618,+5.492
4471.146,30,7,+22.735,+5.492
4471.986,30,7,+22.748,+5.478
4475.299,30,6,+22.748,+5.478
4475.394,30,6,+22.757,+5.455
4478.182,30,6,+22.721,+5.371
4485.358,30,6,+22.815,+5.365
4491.28,30,6,+22.842,+5.338
4496.309,30,6,+22.841,+5.350
4498.22,30,6,+22.938,+5.419
4501.794,30,6,+22.924,+5.431
4505.56,30,6,+23.059,+5.442
4510.066,30,6,+23.308,+5.598
4513.948,30,6,+23.320,+5.557
4519.389,30,6,+23.496,+5.583
4523.905,30,6,+23.595,+5.669
4528.248,30,6,+23.680,+5.708
4531.483,30,6,+23.742,+5.797
4533.076,30,6,+23.841,+5.884
4533.873,30,6,+23.872,+5.902
4536.655,30,6,+23.920,+5.957
4542.373,30,6,+24.110,+6.048
4551.436,30,6,+24.282,+5.979
4555.738,30,6,+24.668,+6.292
4558.714,30,6,+24.654,+6.270
4559.185,30,7,+24.654,+6.270
4559.542,30,7,+24.645,+0.311
4562.873,30,7,+24.597,+0.276
4565.542,30,8,+24.597,+0.276
4565.86,30,8,+24.669,+0.225
4573.262,30,8,+25.215,+0.305
4579.558,30,8,+25.547,+0.542
4584.855,30,8,+25.768,+0.850
4586.808,30,8,+25.905,+1.015
4590.683,30,8,+25.905,+1.073
4594.37,30,8,+26.186,+1.269
4598.87,30,8,+26.404,+1.389
4602.777,30,8,+26.437,+1.523
4608.277,30,8,+26.528,+1.606
4612.839,30,8,+26.615,+1.686
4617.214,30,8,+26.745,+1.864
4620.449,30,8,+26.807,+1.904
4622.075,30,8,+26.007,+1.977
4622.824,30,8,+26.008,+1.994
4625.694,30,8,+26.052,+2.077
4631.402,30,8,+26.176,+2.371
4640.449,30,8,+26.219,+2.637
4644.636,30,8,+26.554,+3.057
4647.589,30,8,+26.636,+3.065
4648.339,30,8,+26.645,+3.064
4651.76,30,8,+26.642,+3.064
4654.477,30,7,+26.642,+3.064
4654.558,30,7,+26.647,+3.217
4661.633,30,7,+26.665,+3.424
4667.625,30,7,+26.771,+3.594
4672.774,30,7,+26.832,+3.754
4674.714,30,7,+26.966,+3.877
4678.262,30,7,+26.992,+3.895
4682.028,30,7,+27.220,+4.006
4686.502,30,7,+27.409,+4.220
4690.446,30,7,+27.539,+4.290
4695.93,30,7,+27.743,+4.422
4700.492,30,7,+28.003,+4.520
4704.815,30,7,+28.113,+4.680
4708.03,30,7,+28.201,+4.665
4709.623,30,7,+28.267,+4.746
4710.4,30,7,+28.269,+4.760
4713.177,30,7,+28.321,+4.744
4718.902,30,7,+28.453,+5.036
4728.089,30,7,+20.182,+5.286
4732.417,30,7,+20.458,+5.830
4735.433,30,7,+20.594,+5.902
4735.667,30,8,+20.594,+5.902
4736.214,30,8,+26.639,+0.538
4739.652,30,8,+20.586,+0.537
4742.449,30,8,+20.574,+0.579
4749.558,30,8,+20.659,+0.903
4755.622,30,8,+20.886,+1.060
4760.758,30,8,+20.991,+1.264
4762.667,30,8,+21.048,+1.335
4766.214,30,8,+21.024,+1.311
4770.006,30,8,+21.182,+1.546
4774.494,30,8,+21.399,+1.901
4778.404,30,8,+21.427,+1.949
4783.832,30,8,+21.562,+2.184
4788.433,30,8,+21.721,+2.393
4792.717,30,8,+21.804,+2.594
4795.949,30,8,+21.900,+2.726
4797.542,30,8,+21.938,+2.793
4798.292,30,8,+21.934,+2.806
4801.121,30,8,+21.964,+2.855
4806.905,30,8,+22.198,+3.202
4815.952,30,8,+22.416,+3.409
4820.228,30,8,+22.683,+3.645
4823.147,30,8,+22.742,+3.702
4823.935,30,8,+22.750,+3.703
4827.373,30,8,+22.755,+3.690
4830.201,30,8,+22.775,+3.697
4837.261,30,8,+22.860,+3.920
4843.361,30,8,+23.056,+4.233
4848.546,30,8,+23.138,+4.341
4850.428,30,8,+23.224,+4.428
4854.001,30,8,+23.230,+4.410
4857.793,30,8,+23.389,+4.603
4862.3,30,8,+23.603,+4.848
4866.199,30,8,+23.625,+4.848
4871.605,30,8,+23.775,+4.975
4876.152,30,8,+23.870,+5.069
4880.446,30,8,+23.919,+5.262
4883.644,30,8,+24.015,+5.352
4885.286,30,8,+24.076,+5.456
4886.046,30,8,+24.079,+5.474
4888.795,30,8,+24.099,+5.526
4894.514,30,8,+24.249,+5.811
4903.545,30,8,+24.438,+5.977
4907.764,30,8,+24.659,+5.977
4910.702,30,8,+24.672,+5.977
4911.499,30,8,+24.677,+5.554
4914.905,30,7,+24.677,+5.554
4914.999,30,7,+24.684,+6.385
4917.764,30,7,+24.717,+6.410
4924.739,30,7,+24.768,+6.571
4930.773,30,7,+24.996,+6.795
4935.914,30,7,+25.103,+6.962
4937.842,30,7,+25.157,+7.046
4941.389,30,7,+25.164,+7.048
4945.155,30,7,+25.285,+7.250
4949.686,30,7,+25.561,+7.519
4953.577,30,7,+25.582,+7.500
4958.999,30,7,+25.775,+7.567
4963.543,30,7,+25.892,+7.690
4967.914,30,7,+25.941,+7.827
4971.12,30,7,+26.051,+7.940
4972.7,30,7,+26.107,+8.058
4973.476,30,7,+26.107,+8.087
4976.273,30,7,+26.109,+8.149
4982.058,30,7,+26.324,+8.504
4991.149,30,7,+26.516,+8.622
4995.417,30,7,+26.812,+8.965
4998.4,30,7,+26.845,+9.032
4999.209,30,7,+26.850,+9.035
5002.632,30,7,+26.861,+9.038
5005.488,30,8,+26.861,+9.038
5005.516,30,8,+26.878,+0.092
5012.782,30,8,+27.204,+0.281
5019.103,30,8,+27.686,+0.624
5024.311,30,8,+27.850,+0.792
5026.233,30,8,+27.937,+0.795
5030.108,30,8,+27.930,+0.744
5033.702,30,8,+28.206,+0.946
5038.224,30,8,+28.485,+1.213
5042.194,30,8,+28.570,+1.259
5047.62,30,8,+28.750,+1.354
5052.178,30,8,+28.860,+1.556
5056.542,30,8,+28.924,+1.567
5059.731,30,8,+29.025,+1.642
5061.36,30,8,+29.076,+1.703
5062.116,30,8,+29.075,+1.698
5064.841,30,8,+29.030,+1.659
5070.644,30,8,+29.271,+1.898
5079.765,30,8,+29.438,+2.052
5098.828,30,9,+29.438,+2.052
5103.243,30,10,+29.438,+2.052
5110.301,30,11,+29.438,+2.052
5114.494,30,11,+50.253,+1.746
5122.014,30,11,+50.765,+2.243
5128.073,30,11,+51.018,+2.281
5133.157,30,11,+50.891,+2.268
5135.028,30,11,+50.881,+2.263
5138.561,30,11,+50.833,+2.086
5142.493,30,11,+51.054,+2.272
5146.975,30,11,+51.254,+2.386
5150.808,30,11,+51.198,+2.288
5156.261,30,11,+41.761,+2.184
5160.792,30,11,+41.962,+2.220
5165.029,30,11,+42.096,+2.137
5168.221,30,11,+42.155,+2.059
5169.9,30,11,+42.251,+2.088
5170.599,30,11,+42.271,+2.085
5173.331,30,11,+42.304,+2.026
5178.858,30,11,+42.425,+1.898
5187.717,30,11,+42.492,+1.723
5191.811,30,11,+42.766,+1.748
5194.654,30,11,+42.803,+1.705
5195.467,30,11,+48.903,+1.688
5198.873,30,11,+42.801,+1.606
5201.654,30,11,+42.813,+1.566
5208.502,30,11,+42.738,+1.356
5214.461,30,11,+42.825,+1.333
5219.492,30,11,+42.844,+1.309
5221.383,30,11,+42.882,+1.298
5224.901,30,11,+42.829,+1.106
5228.666,30,11,+43.004,+1.164
5233.103,30,11,+43.249,+1.233
5237.041,30,11,+43.334,+1.111
5242.447,30,11,+43.521,+0.982
5246.978,30,11,+43.728,+0.973
5251.235,30,11,+43.887,+0.885
5254.438,30,11,+43.970,+0.859
5256.032,30,11,+44.052,+0.859
5256.797,30,11,+44.066,+0.846
5259.532,30,11,+44.080,+0.767
5265.157,30,11,+44.230,+0.700
5274.12,30,11,+44.431,+0.565
5278.058,30,11,+44.543,+0.484
5281.011,30,11,+44.666,+0.502
5281.855,30,11,+44.673,+0.485
5285.273,30,11,+44.623,+0.354
5287.806,30,11,+44.473,+0.121
5294.651,30,10,+44.473,+0.121
5294.7,30,10,+44.533,+7.552
5300.729,30,10,+44.656,+7.559
5305.775,30,10,+44.647,+7.574
5307.639,30,10,+44.704,+7.559
5311.187,30,10,+44.683,+7.494
5314.903,30,10,+44.911,+7.437
5319.394,30,10,+45.214,+7.470
5323.231,30,10,+45.239,+7.433
5328.533,30,10,+45.240,+7.281
5332.978,30,10,+45.280,+7.216
5337.131,30,10,+45.292,+7.039
5340.325,30,10,+45.320,+6.971
5341.858,30,10,+45.358,+6.930
5342.625,30,10,+45.362,+6.908
5345.403,30,10,+45.374,+6.873
5350.95,30,10,+45.466,+6.742
5359.794,30,10,+45.344,+6.553
5363.888,30,10,+45.550,+6.515
5366.715,30,10,+45.590,+6.451
5367.512,30,10,+45.595,+6.436
5370.919,30,10,+45.595,+6.398
5373.718,30,10,+45.565,+6.390
5380.559,30,10,+45.548,+6.236
5386.53,30,10,+45.628,+6.183
5391.562,30,10,+45.560,+6.208
5393.414,30,10,+45.591,+6.153
5396.952,30,10,+45.564,+6.075
5400.645,30,10,+45.662,+6.117
5405.046,30,10,+45.800,+6.186
5408.899,30,10,+45.810,+6.114
5414.273,30,10,+45.942,+6.044
5418.773,30,10,+46.076,+6.027
5423.028,30,10,+46.128,+5.978
5426.246,30,10,+46.205,+5.996
5427.835,30,10,+46.253,+5.968
5428.626,30,10,+46.255,+5.948
5431.36,30,10,+46.275,+5.936
5436.977,30,10,+46.444,+5.889
5445.917,30,10,+46.497,+5.749
5450.011,30,10,+46.777,+5.777
5452.886,30,10,+46.787,+5.707
5453.667,30,10,+46.787,+5.692
5457.073,30,10,+46.792,+5.663
5459.914,30,10,+46.866,+5.710
5466.829,30,10,+46.856,+5.505
5472.815,30,10,+46.903,+5.438
5477.764,30,10,+46.713,+5.420
5479.623,30,10,+46.722,+5.399
5483.177,30,10,+46.668,+5.341
5486.777,30,10,+46.644,+5.253
5491.17,30,10,+46.778,+5.316
5494.998,30,10,+46.720,+5.231
5500.358,30,10,+46.864,+5.188
5504.826,30,10,+46.899,+5.085
5509.042,30,10,+46.906,+5.016
5512.217,30,10,+46.892,+4.959
5513.772,30,10,+46.928,+4.910
5514.533,30,10,+46.936,+4.887
5517.285,30,10,+46.940,+4.839
5522.861,30,10,+47.055,+4.646
5531.761,30,10,+47.047,+4.383
5535.848,30,10,+47.202,+4.383
5538.73,30,10,+47.225,+4.309
5539.503,30,10,+47.229,+4.296
5542.898,30,10,+47.236,+4.261
5545.77,30,10,+47.251,+4.251
5552.623,30,10,+47.107,+4.033
5558.602,30,10,+47.093,+3.928
5563.585,30,10,+46.987,+3.894
5565.486,30,10,+47.027,+3.858
5568.97,30,10,+47.004,+3.770
5572.64,30,10,+47.074,+3.721
5577.087,30,10,+47.217,+3.784
5580.961,30,10,+47.226,+3.781
5586.386,30,10,+47.298,+3.714
5590.873,30,10,+47.404,+3.741
5595.092,30,10,+47.484,+3.661
5598.28,30,10,+47.547,+3.636
5599.873,30,10,+47.589,+3.615
5600.608,30,10,+47.592,+3.584
5603.358,30,10,+47.608,+3.547
5608.952,30,10,+47.702,+3.485
5617.839,30,10,+47.555,+3.277
5621.933,30,10,+47.801,+3.326
5624.792,30,10,+47.847,+3.265
5625.605,30,10,+47.854,+3.250
5628.995,30,10,+47.864,+3.250
5631.792,30,10,+47.901,+0.740
5639.014,30,10,+48.148,+0.265
5645.294,30,10,+48.442,+0.449
5650.385,30,10,+48.580,+0.726
5652.302,30,10,+48.655,+0.669
5655.849,30,10,+48.639,+0.574
5659.683,30,10,+48.842,+0.644
5664.183,30,10,+49.146,+0.819
5668.105,30,10,+49.216,+0.945
5673.62,30,10,+49.410,+1.070
5678.261,30,10,+49.702,+1.339
5682.511,30,10,+49.781,+1.421
5685.745,30,10,+49.813,+1.508
5687.292,30,10,+49.873,+1.553
5688.058,30,10,+49.873,+1.558
5690.815,30,10,+49.891,+1.587
5696.542,30,10,+50.107,+1.796
5705.573,30,10,+50.196,+2.041
5709.73,30,10,+50.465,+2.432
5712.605,30,10,+50.528,+2.543
5713.402,30,10,+50.532,+2.560
5716.761,30,10,+50.537,+2.613
5719.573,30,10,+50.572,+2.646
5726.537,30,10,+50.536,+2.794
5732.502,30,10,+50.589,+2.825
5737.503,30,10,+50.558,+2.849
5739.399,30,10,+50.595,+2.813
5742.928,30,10,+50.567,+2.767
5746.661,30,10,+50.705,+2.320
5751.12,30,10,+50.712,+2.260
5754.98,30,10,+50.761,+2.244
5760.402,30,10,+50.769,+2.006
5764.98,30,10,+50.914,+1.976
5769.199,30,10,+50.935,+1.857
5772.37,30,10,+50.953,+1.858
5773.948,30,10,+50.977,+1.810
5774.698,30,10,+50.977,+1.782
5777.417,30,10,+50.942,+1.743
5783.06,30,10,+50.894,+1.561
5792.101,30,10,+50.982,+1.357
5796.26,30,10,+51.189,+1.357
5799.12,30,10,+51.216,+1.357
5799.926,30,9,+51.216,+1.357
5799.958,30,9,+51.221,+4.802
5803.328,30,9,+51.238,+4.813
5806.145,30,9,+51.263,+4.801
5813.061,30,9,+51.202,+4.899
5819.099,30,9,+51.320,+5.049
5824.161,30,9,+51.310,+5.271
5826.08,30,9,+51.365,+5.307
5829.629,30,9,+51.352,+5.293
5833.386,30,9,+51.381,+5.435
5837.777,30,9,+51.501,+5.649
5841.626,30,9,+51.469,+5.715
5847.039,30,9,+51.531,+5.945
5851.555,30,9,+51.646,+6.162
5855.794,30,9,+51.749,+6.295
5858.972,30,9,+51.788,+6.388
5860.509,30,9,+51.794,+6.430
5861.299,30,9,+51.786,+6.440
5863.999,30,9,+51.716,+6.455
5869.598,30,9,+51.745,+6.675
5878.526,30,9,+51.667,+6.815
5882.637,30,9,+51.813,+7.112
5885.526,30,9,+51.851,+7.155
5886.276,30,9,+51.860,+7.163
5889.698,30,9,+51.894,+7.178
5892.498,30,9,+51.936,+7.201
5899.489,30,9,+51.819,+7.228
5905.417,30,9,+51.807,+7.286
5910.361,30,9,+51.724,+7.355
5912.328,30,9,+51.774,+7.387
5915.795,30,9,+51.758,+7.371
5919.42,30,9,+51.694,+7.462
5923.795,30,9,+51.740,+7.627
5927.623,30,9,+51.701,+7.619
5932.998,30,9,+51.731,+7.811
5937.514,30,9,+51.840,+8.034
5941.733,30,9,+51.849,+8.124
5944.936,30,9,+51.869,+8.231
5946.467,30,9,+51.893,+8.314
5947.249,30,9,+51.898,+8.335
5949.999,30,9,+51.911,+8.368
5955.663,30,9,+52.007,+8.565
5964.62,30,9,+52.016,+8.784
5968.745,30,9,+52.132,+9.072
5971.589,30,9,+52.102,+9.114
5972.372,30,9,+52.107,+9.121
5975.78,30,9,+52.150,+9.134
5978.592,30,9,+52.241,+9.178
5985.592,30,9,+52.158,+9.163
5991.436,30,9,+52.179,+9.259
5996.498,30,9,+52.069,+9.465
5998.389,30,9,+52.070,+9.486
6002.17,30,9,+52.056,+9.466
6005.655,30,9,+52.078,+9.615
6010.016,30,9,+52.152,+9.815
6013.823,30,9,+52.145,+9.852
6019.23,30,9,+52.237,+10.053
6023.714,30,9,+52.268,+10.214
6027.948,30,9,+52.218,+10.327
6031.094,30,9,+52.204,+10.405
6032.636,30,9,+52.171,+10.464
6033.441,30,9,+52.138,+10.467
6036.146,30,9,+52.045,+10.494
6041.764,30,9,+52.111,+10.657
6050.655,30,9,+52.050,+10.720
6054.811,30,9,+52.297,+11.061
6057.67,30,9,+52.363,+11.109
6058.467,30,9,+52.376,+11.118
6061.928,30,9,+52.430,+11.138
6064.731,30,9,+52.500,+11.223
6071.688,30,9,+52.389,+11.266
6077.614,30,9,+52.473,+11.368
6082.726,30,9,+52.510,+11.510
6084.618,30,9,+52.575,+11.529
6088.206,30,9,+52.583,+11.508
6091.887,30,9,+52.631,+11.585
6096.261,30,9,+52.012,+11.760
6100.13,30,9,+52.115,+11.786
6105.575,30,9,+52.133,+11.916
6110.017,30,9,+52.172,+12.114
6114.189,30,9,+52.136,+12.167
6117.33,30,9,+52.170,+12.254
6118.908,30,9,+52.198,+12.328
6119.658,30,9,+52.197,+12.342
6122.455,30,9,+52.240,+12.386
6128.044,30,9,+52.187,+12.574
6136.961,30,9,+52.080,+12.637
6141.086,30,9,+52.403,+12.969
6143.96,30,9,+52.457,+12.998
6144.794,30,9,+52.467,+13.003
6148.172,30,9,+52.524,+13.022
6150.933,30,9,+52.597,+13.066
6157.874,30,9,+52.411,+13.010
6163.745,30,9,+52.522,+13.041
6168.728,30,9,+52.366,+13.133
6170.639,30,9,+52.477,+13.153
6174.183,30,9,+52.534,+13.132
6177.901,30,9,+52.567,+13.129
6182.25,30,9,+52.593,+13.239
6186.131,30,9,+52.740,+13.295
6191.522,30,9,+52.880,+13.363
6196.053,30,9,+53.115,+13.569
6200.272,30,9,+53.155,+13.588
6203.444,30,9,+53.242,+13.700
6205.037,30,9,+53.329,+13.714
6205.834,30,9,+53.355,+13.709
6208.537,30,9,+53.424,+13.728
6214.194,30,9,+53.538,+13.872
6223.116,30,9,+53.644,+13.740
6227.201,30,9,+53.861,+14.000
6230.061,30,9,+53.941,+14.035
6230.861,30,9,+53.956,+14.043
6234.258,30,9,+54.013,+14.067
6237.121,30,9,+54.105,+14.151
6244.061,30,9,+53.981,+14.146
6250.061,30,9,+54.159,+14.235
6255.045,30,9,+54.049,+14.339
6256.952,30,9,+54.179,+14.309
6260.48,30,9,+54.220,+14.258
6264.161,30,9,+54.231,+14.283
6268.601,30,9,+54.335,+14.401
6272.428,30,9,+54.426,+14.422
6277.82,30,9,+54.558,+14.592
6282.316,30,9,+54.775,+14.778
6286.562,30,9,+54.797,+14.865
6289.744,30,9,+54.842,+14.971
6291.324,30,9,+54.906,+15.020
6292.059,30,9,+54.912,+15.017
6294.853,30,9,+54.930,+15.029
6300.465,30,9,+55.060,+15.185
6309.342,30,9,+55.183,+15.280
6313.451,30,9,+55.452,+15.574
6316.342,30,9,+55.544,+15.646
6317.139,30,9,+55.561,+15.657
6320.545,30,9,+55.600,+15.678
6323.342,30,9,+55.654,+15.727
6330.326,30,9,+55.665,+15.644
6336.264,30,9,+55.824,+15.784
6341.311,30,9,+55.749,+15.889
6343.217,30,9,+55.865,+15.943
6346.764,30,9,+55.904,+15.957
6350.436,30,9,+55.960,+16.026
6354.842,30,9,+56.114,+16.164
6358.717,30,9,+56.234,+16.197
6364.042,30,9,+56.292,+16.339
6368.526,30,9,+56.434,+16.576
6372.732,30,9,+56.436,+16.625
6375.876,30,9,+56.459,+16.689
6377.476,30,9,+56.547,+16.732
6378.25,30,9,+56.569,+16.734
6380.991,30,9,+56.612,+16.732
6386.604,30,9,+56.645,+16.850
6395.557,30,9,+56.748,+16.923
6399.667,30,9,+56.982,+17.206
6402.526,30,9,+57.020,+17.269
6403.37,30,9,+57.031,+17.279
6406.748,30,9,+57.093,+17.306
6409.545,30,9,+57.109,+17.338
6416.499,30,9,+56.951,+17.320
6422.405,30,9,+57.097,+17.389
6427.389,30,9,+57.036,+17.453
6429.295,30,9,+57.165,+17.467
6432.816,30,9,+57.224,+17.466
6436.573,30,9,+57.259,+17.533
6440.87,30,9,+57.364,+17.663
6444.714,30,9,+57.400,+17.722
6450.058,30,9,+57.559,+17.855
6454.6,30,9,+57.779,+18.070
6458.799,30,9,+57.737,+18.050
6461.952,30,9,+57.820,+18.112
6463.573,30,9,+57.909,+18.140
6464.285,30,9,+57.922,+18.136
6467.038,30,9,+57.969,+18.154
6472.674,30,9,+58.088,+18.278
6481.528,30,9,+58.207,+18.281
6485.691,30,9,+58.433,+18.544
6488.529,30,9,+58.521,+18.563
6489.292,30,9,+58.536,+18.575
6492.729,30,9,+58.556,+18.605
6495.517,30,9,+58.592,+18.669
6502.517,30,9,+58.608,+18.602
6508.441,30,9,+58.860,+18.634
6513.462,30,9,+58.687,+18.714
6515.357,30,9,+58.807,+18.728
6518.895,30,9,+58.834,+18.710
6522.578,30,9,+58.996,+18.802
6526.979,30,9,+59.105,+18.897
6530.844,30,9,+59.171,+18.876
6530.846,30,9,+59.105,+18.897
6530.846,30,9,+59.171,+18.876
6536.199,30,9,+59.251,+18.969
6540.73,30,9,+59.399,+19.137
6545.028,30,9,+59.475,+19.176
6548.191,30,9,+59.556,+19.265
6549.76,30,9,+59.644,+19.309
6550.553,30,9,+59.661,+19.308
6553.3,30,9,+59.700,+19.339
6558.942,30,9,+59.804,+19.400
6567.861,30,9,+59.958,+19.420
6571.99,30,9,+60.262,+19.736
6574.999,30,9,+60.460,+19.800
6575.796,30,9,+60.482,+19.811
6579.175,30,9,+60.510,+19.839
6582.002,30,9,+60.536,+19.922
6589.002,30,9,+60.507,+19.858
6594.899,30,9,+60.618,+19.832
6599.979,30,9,+60.640,+19.913
6601.872,30,9,+60.782,+19.945
6605.502,30,9,+60.857,+19.945
6609.066,30,9,+60.946,+19.969
6613.462,30,9,+52.412,+20.068
6617.294,30,9,+52.364,+20.041
6622.672,30,9,+52.381,+20.067
6627.22,30,9,+52.546,+20.192
6631.523,30,9,+52.434,+20.161
6634.685,30,9,+52.529,+20.249
6636.25,30,9,+52.581,+20.288
6637.032,30,9,+52.597,+20.280
6639.76,30,9,+52.647,+20.284
6645.531,30,9,+52.781,+20.394
6654.421,30,9,+52.771,+20.326
6658.578,30,9,+52.968,+20.500
6661.417,30,9,+52.927,+20.463
6662.215,30,9,+59.505,+20.464
6665.651,30,9,+52.930,+20.507
6668.432,30,9,+52.925,+20.566
6675.481,30,9,+52.901,+20.398
6681.428,30,9,+52.934,+20.398
6686.551,30,9,+52.974,+20.372
6688.485,30,9,+53.049,+20.371
6692.028,30,9,+52.998,+20.384
6695.692,30,9,+53.044,+20.252
6700.131,30,9,+53.122,+20.247
6703.928,30,9,+53.069,+20.097
6709.303,30,9,+53.095,+19.847
6713.828,30,9,+53.257,+19.721
6718.128,30,9,+53.341,+19.654
6721.317,30,9,+53.445,+19.663
6722.903,30,9,+53.495,+19.629
6723.654,30,9,+53.509,+19.602
6726.435,30,9,+53.592,+19.598
6732.108,30,9,+53.735,+19.550
6741.052,30,9,+53.766,+19.472
6745.23,30,9,+53.950,+19.682
6748.1,30,9,+53.964,+19.725
6748.928,30,9,+53.973,+19.738
6752.316,30,9,+53.979,+19.792
6755.099,30,9,+53.934,+19.855
6762.09,30,9,+53.834,+19.727
6767.982,30,9,+53.747,+19.630
6773.015,30,9,+53.723,+19.679
6774.925,30,9,+53.746,+19.664
6778.454,30,9,+53.739,+19.647
6782.15,30,9,+53.838,+19.559
6786.649,30,9,+51.135,+19.628
6790.46,30,9,+51.146,+19.533
6795.872,30,9,+51.283,+19.498
6800.399,30,9,+51.400,+19.482
6804.632,30,9,+51.450,+19.384
6807.799,30,9,+51.545,+19.404
6809.386,30,9,+51.605,+19.393
6810.13,30,9,+51.607,+19.369
6812.879,30,9,+51.603,+19.350
6818.58,30,9,+51.799,+19.375
6827.508,30,9,+52.058,+19.252
6831.701,30,9,+52.304,+19.486
6834.629,30,9,+52.419,+19.467
6835.429,30,9,+52.431,+19.469
6838.828,30,9,+52.444,+19.539
6841.578,30,9,+52.440,+19.615
6848.628,30,9,+52.541,+19.575
6854.607,30,9,+52.835,+19.548
6859.782,30,9,+52.821,+19.764
6861.67,30,9,+52.868,+19.766
6865.264,30,9,+52.864,+19.751
6868.977,30,9,+53.017,+19.888
6873.42,30,9,+53.225,+20.008
6877.248,30,9,+53.227,+19.959
6882.623,30,9,+53.424,+20.055
6887.108,30,9,+53.490,+20.127
6891.46,30,9,+53.604,+20.139
6894.544,30,9,+53.733,+20.223
6896.095,30,9,+53.784,+20.218
6896.841,30,9,+53.755,+20.203
6899.472,30,9,+53.605,+20.120
6905.113,30,9,+53.747,+23.006
6914.041,30,9,+53.885,+22.875
6929.274,30,10,+53.885,+22.875
6936.358,30,11,+53.885,+22.875
6948.26,30,11,+74.366,+9.066
6955.587,30,11,+74.769,+9.438
6961.54,30,11,+74.963,+9.474
6966.518,30,11,+74.897,+9.570
6968.415,30,11,+74.917,+9.626
6971.917,30,11,+74.880,+9.610
6975.631,30,11,+74.966,+9.715
6980.014,30,11,+74.995,+9.786
6983.807,30,11,+74.941,+9.771
6989.135,30,11,+75.008,+9.744
6993.604,30,11,+75.003,+9.778
6997.635,30,11,+74.909,+9.685
7000.773,30,11,+74.971,+9.665
7002.313,30,11,+75.002,+9.643
7003.06,30,11,+74.990,+9.620
7005.799,30,11,+74.988,+9.590
7011.242,30,11,+74.950,+9.570
7020.048,30,11,+74.970,+9.381
7023.976,30,11,+75.037,+9.316
7026.807,30,11,+75.006,+9.277
7027.557,30,11,+75.006,+9.267
7030.964,30,11,+75.016,+9.258
7033.757,30,11,+75.058,+9.265
7040.514,30,11,+74.851,+9.052
7046.497,30,11,+75.098,+9.124
7051.442,30,11,+75.014,+9.159
7053.316,30,11,+75.031,+9.170
7056.828,30,11,+75.000,+9.161
7060.412,30,11,+75.024,+9.117
7064.732,30,11,+75.087,+9.129
7068.542,30,11,+75.034,+9.111
7073.86,30,11,+75.125,+9.071
7078.393,30,11,+75.112,+9.061
7082.389,30,11,+75.092,+8.878
7085.58,30,11,+75.177,+8.851
7087.056,30,11,+75.189,+8.784
7087.801,30,11,+75.178,+8.761
7090.528,30,11,+75.151,+8.715
7095.932,30,11,+75.041,+8.402
7104.772,30,11,+75.096,+8.261
7108.802,30,11,+75.216,+8.289
7111.645,30,11,+75.219,+8.214
7112.442,30,11,+75.222,+8.199
7115.815,30,11,+75.237,+8.178
7118.639,30,11,+75.293,+8.237
7125.385,30,11,+75.083,+7.980
7131.214,30,11,+75.177,+7.862
7136.124,30,11,+75.124,+7.850
7137.999,30,11,+75.130,+7.876
7141.801,30,11,+74.963,+7.853
7145.203,30,11,+74.795,+7.803
7149.481,30,11,+74.860,+7.846
7153.26,30,11,+74.884,+7.833
7158.634,30,11,+74.757,+7.834
7163.06,30,11,+74.727,+7.903
7167.226,30,11,+74.716,+7.778
7170.328,30,11,+74.756,+7.746
7171.899,30,11,+74.840,+7.770
7172.658,30,11,+74.867,+7.770
7175.372,30,11,+74.885,+7.739
7180.86,30,11,+74.836,+7.737
7189.7,30,11,+74.961,+7.634
7193.79,30,11,+75.182,+7.652
7196.685,30,11,+75.246,+7.664
7197.429,30,11,+75.682,+7.661
7200.843,30,11,+75.340,+7.646
7203.663,30,11,+75.518,+7.652
7210.418,30,11,+75.423,+7.467
7216.215,30,11,+75.424,+7.388
7221.23,30,11,+75.394,+7.370
7223.114,30,11,+75.486,+7.415
7226.608,30,11,+75.496,+7.401
7230.273,30,11,+75.576,+7.386
7234.567,30,11,+75.704,+7.412
7238.36,30,11,+75.852,+7.391
7243.741,30,11,+75.961,+7.408
7248.227,30,11,+76.230,+7.460
7252.363,30,11,+76.215,+7.319
7255.498,30,11,+76.294,+7.308
7257.072,30,11,+76.402,+7.335
7257.83,30,11,+76.422,+7.328
7260.541,30,11,+76.465,+7.314
7266.157,30,11,+76.668,+7.311
7275.133,30,11,+76.944,+7.329
7279.299,30,11,+77.282,+7.426
7282.194,30,11,+77.359,+7.483
7282.973,30,11,+77.367,+7.484
7286.373,30,11,+77.382,+7.493
7289.185,30,11,+77.434,+7.525
7296.029,30,11,+77.486,+7.384
7301.944,30,11,+77.751,+7.313
7306.932,30,11,+77.720,+7.411
7308.831,30,11,+77.868,+7.395
7312.317,30,11,+77.922,+7.386
7315.99,30,11,+78.096,+7.392
7320.389,30,11,+78.269,+7.441
7324.161,30,11,+78.373,+7.434
7329.501,30,11,+78.469,+7.370
7333.928,30,11,+78.651,+7.368
7338.107,30,11,+78.736,+7.286
7341.232,30,11,+78.817,+7.292
7342.779,30,11,+78.893,+7.284
7343.514,30,11,+78.913,+7.268
7346.227,30,11,+78.937,+7.248
7351.772,30,11,+79.040,+7.238
7360.63,30,11,+79.069,+7.117
7364.657,30,11,+79.264,+7.132
7367.506,30,11,+79.268,+7.088
7368.243,30,11,+79.274,+7.080
7371.64,30,11,+79.284,+7.068
7374.417,30,11,+79.291,+7.099
7381.244,30,11,+79.124,+6.887
7387.165,30,11,+79.316,+6.861
7392.119,30,11,+79.220,+6.936
7393.96,30,11,+79.337,+6.948
7397.493,30,11,+79.380,+6.938
7401.144,30,11,+79.522,+6.948
7405.514,30,11,+79.643,+6.990
7409.273,30,11,+79.713,+6.922
7414.589,30,11,+79.704,+6.846
7419.026,30,11,+79.800,+6.878
7423.185,30,11,+79.708,+6.794
7426.345,30,11,+79.753,+6.796
7427.86,30,11,+79.760,+6.779
7428.601,30,11,+79.738,+6.763
7431.355,30,11,+79.722,+6.781
7436.876,30,11,+79.606,+6.677
7445.714,30,11,+79.658,+6.481
7449.816,30,11,+79.950,+6.507
7452.63,30,11,+80.008,+6.475
7453.677,30,11,+80.018,+6.467
7456.8,30,11,+80.038,+6.461
7459.589,30,11,+80.073,+6.479
7466.417,30,11,+79.947,+6.260
7472.323,30,11,+80.164,+6.236
7477.245,30,11,+79.992,+6.210
7479.104,30,11,+80.056,+6.243
7482.62,30,11,+80.064,+6.230
7486.37,30,11,+80.210,+6.175
7490.635,30,11,+80.374,+6.202
7494.422,30,11,+80.384,+6.171
7499.732,30,11,+80.391,+6.136
7504.16,30,11,+80.598,+6.093
7508.314,30,11,+80.553,+5.981
7511.429,30,11,+80.606,+5.994
7512.992,30,11,+80.692,+6.006
7513.751,30,11,+80.721,+5.990
7516.464,30,11,+80.770,+5.976
7522.035,30,11,+80.859,+5.931
7530.987,30,11,+80.988,+5.843
7535.028,30,11,+81.171,+5.907
7537.847,30,11,+81.237,+5.842
7538.613,30,11,+81.250,+5.834
7542.027,30,11,+81.298,+5.831
7544.786,30,11,+81.346,+5.854
7551.616,30,11,+81.188,+5.601
7557.42,30,11,+81.370,+5.550
7562.409,30,11,+81.194,+5.397
7564.251,30,11,+81.300,+5.411
7567.733,30,11,+81.366,+5.389
7571.301,30,11,+81.359,+5.280
7575.651,30,11,+81.390,+5.301
7579.401,30,11,+81.411,+5.244
7579.401,30,11,+81.390,+5.301
7579.401,30,11,+81.411,+5.244
7584.714,30,11,+81.475,+5.171
7589.151,30,11,+81.674,+5.220
7593.354,30,11,+81.757,+5.145
7596.479,30,11,+81.825,+5.179
7598.042,30,11,+81.913,+5.218
7598.792,30,11,+81.926,+5.214
7601.526,30,11,+81.976,+5.245
7607.099,30,11,+82.093,+5.141
7615.937,30,11,+82.123,+4.961
7620.028,30,11,+82.407,+5.045
7622.905,30,11,+82.517,+5.054
7623.693,30,11,+82.533,+5.054
7627.053,30,11,+82.558,+5.069
7629.843,30,11,+82.584,+5.097
7636.713,30,11,+82.539,+4.933
7642.604,30,11,+82.745,+4.836
7647.541,30,11,+82.612,+4.875
7649.428,30,11,+82.739,+4.924
7652.946,30,11,+82.786,+4.921
7656.635,30,11,+82.985,+4.894
7661.072,30,11,+83.182,+5.000
7666.149,30,11,1 L,+6.256
7671.727,30,11,1 L,+6.356
7676.385,30,11,1 L,+6.648
7680.619,30,11,1 L,+6.610
7683.748,30,11,1 L,+6.600
7685.389,30,11,1 L,+6.629
7686.076,30,11,1 L,+6.625
7688.779,30,11,1 L,+6.593
7694.368,30,11,1 L,+6.567
7703.319,30,11,1 L,+6.557
7707.46,30,11,1 L,+6.623
7710.319,30,11,1 L,+6.646
7711.101,30,11,1 L,+6.643
7714.46,30,11,1 L,+6.638
7717.21,30,11,1 L,+6.601
7724.069,30,11,1 L,+6.359
7729.92,30,11,1 L,+6.276
7734.893,30,11,1 L,+6.316
7736.771,30,11,1 L,+6.338
7740.278,30,11,1 L,+6.329
7743.931,30,11,1 L,+6.323
7748.286,30,11,1 L,+6.328
7752.059,30,11,1 L,+6.205
7757.399,30,11,1 L,+6.110
7761.872,30,11,1 L,+6.120
7765.984,30,11,1 L,+5.937
7769.071,30,11,1 L,+5.918
7770.617,30,11,1 L,+5.905
7771.341,30,11,1 L,+5.870
7774.059,30,11,1 L,+5.845
7779.669,30,11,1 L,+5.807
7788.482,30,11,1 L,+5.567
7792.529,30,11,1 L,+5.576
7795.384,30,11,1 L,+5.545
7796.167,30,11,1 L,+5.538
7799.476,30,11,1 L,+5.516
7802.216,30,11,1 L,+5.454
7809.707,30,11,1 L,+5.915
7815.749,30,11,1 L,+5.983
7820.793,30,11,1 L,+6.102
7822.691,30,11,1 L,+6.137
7826.21,30,11,1 L,+6.132
7830.121,30,11,1 L,+6.079
7834.293,30,11,1 L,+6.054
7837.942,30,11,1 L,+5.920
7843.291,30,11,1 L,+5.795
7847.76,30,11,1 L,+5.810
7851.901,30,11,1 L,+5.622
7855.01,30,11,1 L,+5.593
7856.557,30,11,1 L,+5.561
7857.275,30,11,1 L,+5.535
7859.979,30,11,1 L,+5.482
7865.588,30,11,1 L,+5.422
7874.447,30,11,1 L,+5.262
7878.604,30,11,1 L,+5.358
7881.463,30,11,1 L,+5.323
7882.291,30,11,1 L,+5.313
7885.666,30,11,1 L,+5.291
7888.385,30,11,1 L,+5.268
7895.263,30,11,1 L,+4.971
7901.123,30,11,1 L,+4.330
7906.154,30,11,1 L,+4.288
7907.997,30,11,1 L,+4.242
7911.513,30,11,1 L,+4.177
7915.122,30,11,1 L,+3.961
7919.451,30,11,1 L,+3.850
7923.201,30,11,1 L,+3.731
7928.513,30,11,1 L,+3.539
7932.935,30,11,1 L,+3.509
7937.138,30,11,1 L,+3.398
7940.279,30,11,1 L,+3.386
7941.794,30,11,1 L,+3.354
7942.529,30,11,1 L,+3.335
7945.227,30,11,1 L,+3.314
7950.805,30,11,1 L,+3.201
7959.696,30,11,1 L,+3.064
7963.816,30,11,1 L,+3.129
7966.637,30,11,1 L,+3.088
7967.43,30,11,1 L,+3.081
7970.772,30,11,1 L,+3.051
7973.513,30,11,1 L,+3.035
7980.528,30,11,1 L,+2.910
7986.356,30,11,1 L,+2.781
7991.471,30,11,1 L,+2.943
7993.328,30,11,1 L,+2.910
7996.798,30,11,1 L,+2.865
8000.459,30,11,1 L,+2.752
8004.886,30,11,1 L,+2.759
8008.693,30,11,1 L,+2.644
8014.033,30,11,1 L,+2.529
8018.537,30,11,1 L,+2.579
8022.715,30,11,1 L,+2.457
8025.893,30,11,1 L,+2.467
8027.402,30,11,1 L,+2.474
8028.371,30,11,1 L,+2.702
8035.864,30,11,1 L,+7.252
8042.201,30,11,1 L,+5.240
8052.958,30,11,1 L,+4.364
8057.307,30,11,+99.256,+4.065
8060.603,30,11,+99.795,+3.153
8061.61,30,11,1 L,+2.884
8066.417,30,11,+101.497,+3.069
8070.542,30,11,+102.930,+3.228
8079.784,30,11,+105.003,+3.057
8088.016,30,11,+107.607,+3.282
8094.086,30,11,+108.562,+3.465
8098.059,30,11,+110.752,+4.317
8103.229,30,10,+110.752,+4.317
8103.322,30,10,+112.548,+4.523
8107.369,30,10,+112.925,+4.133
8111.916,30,10,+113.206,+3.964
8116.072,30,10,+113.581,+3.283
8121.498,30,10,+113.677,+2.577
8125.967,30,10,+113.738,+2.509
8130.123,30,10,+113.696,+2.467
8133.217,30,10,+113.685,+2.438
8134.763,30,10,+113.711,+2.398
8135.451,30,10,+113.708,+2.364
8138.013,30,10,+113.596,+2.200
8143.529,30,10,+112.531,+2.091
8152.463,30,10,+109.129,+2.051
8156.588,30,10,+109.129,+1.844
8159.322,30,10,+109.129,+1.894
8160.119,30,10,+106.178,+1.892
8163.48,30,10,+106.178,+1.866
8166.227,30,10,+87.623,+1.822
8173.193,30,10,+86.522,+1.697
8179.182,30,10,+82.992,+1.681
8184.15,30,10,+82.145,+1.751
8186.041,30,10,+79.854,+1.703
8189.506,30,10,+78.460,+1.661
8193.122,30,10,+78.312,+1.632
8197.459,30,10,+78.334,+1.623
8201.271,30,10,+78.464,+1.581
8206.512,30,10,+78.315,+1.394
8210.916,30,10,+78.524,+1.436
8215.041,30,10,+78.646,+1.313
8218.147,30,10,+78.788,+1.269
8219.692,30,10,+78.842,+1.242
8220.413,30,10,+78.857,+1.220
8223.101,30,10,+78.946,+1.171
8228.616,30,10,+79.148,+1.094
8237.403,30,10,+79.543,+0.946
8241.457,30,10,+79.875,+0.961
8244.327,30,10,+80.108,+1.028
8245.271,30,10,+80.135,+1.028
8248.45,30,10,+80.164,+0.987
8251.184,30,10,+80.184,+0.934
8258.091,30,10,+80.246,+0.878
8263.959,30,10,+80.493,+0.872
8268.873,30,10,+80.526,+0.852
8270.714,30,10,+80.599,+0.827
8274.169,30,10,+80.629,+0.757
8277.903,30,10,+80.779,+0.681
8282.2,30,10,+80.997,+0.568
8286.039,30,10,+81.117,+0.474
8291.482,30,10,+81.273,+0.409
8296.085,30,10,+81.612,+0.556
8300.213,30,10,+81.692,+0.434
8303.398,30,10,+81.854,+0.454
8304.944,30,10,+81.926,+0.427
8305.74,30,10,+81.941,+0.421
8308.398,30,10,+81.969,+0.373
8314.044,30,10,+82.256,+0.415
8323.009,30,10,+82.530,+0.410
8326.884,30,10,+82.641,+0.290
8329.86,30,10,+82.738,+0.370
8330.659,30,10,+82.744,+0.362
8333.998,30,10,+82.657,+0.271
8336.562,30,10,+82.473,+0.124
8343.417,30,9,+82.473,+0.124
8343.498,30,9,+82.444,+2.241
8349.369,30,9,+82.690,+2.247
8354.369,30,9,+82.583,+2.137
8356.15,30,9,+82.643,+2.063
8359.635,30,9,+82.671,+2.038
8363.26,30,9,+82.758,+2.040
8367.541,30,9,+82.896,+1.937
8371.338,30,9,+83.056,+1.898
8376.666,30,9,+83.137,+1.855
8381.072,30,9,+83.232,+1.757
8385.213,30,9,+83.280,+1.627
8388.306,30,9,+83.332,+1.629
8389.869,30,9,+83.398,+1.622
8390.635,30,9,+83.407,+1.613
8394.093,30,9,1 L,+2.386
8399.871,30,9,1 L,+2.420
8408.933,30,9,1 L,+2.480
8412.971,30,9,1 L,+2.506
8415.83,30,9,1 L,+2.496
8416.643,30,9,1 L,+2.495
8419.998,30,9,1 L,+2.466
8422.693,30,9,1 L,+2.407
8429.653,30,9,1 L,+2.175
8435.614,30,9,1 L,+2.195
8440.659,30,9,1 L,+2.107
8442.501,30,9,1 L,+2.005
8445.927,30,9,1 L,+1.645
8449.583,30,9,1 L,+1.232
8453.893,30,9,1 L,+1.002
8457.69,30,9,1 L,+0.934
8462.977,30,9,1 L,+0.762
8467.449,30,9,1 L,+0.669
8471.602,30,9,1 L,+0.531
8474.715,30,9,1 L,+0.547
8476.244,30,9,1 L,+0.482
8476.973,30,9,1 L,+0.448
8479.631,30,9,1 L,+0.471
8485.298,30,9,1 L,+0.389
8494.259,30,9,1 L,+0.474
8498.291,30,9,1 L,+0.428
8501.235,30,9,1 L,+0.513
8502.063,30,9,1 L,+0.522
8505.422,30,9,1 L,+0.490
8508.127,30,9,1 L,+0.439
8515.159,30,9,1 L,+0.233
8521.127,30,9,1 L,+0.280
8526.291,30,9,1 L,+0.155
8528.306,30,9,1 L,+0.190
8531.838,30,9,1 L,+0.127
8535.791,30,9,1 L,+0.364
8540.384,30,9,1 L,+0.349
8544.2,30,9,1 L,+0.374
8549.603,30,9,1 L,+0.302
8554.307,30,9,1 L,+0.435
8558.51,30,9,1 L,+0.316
8561.666,30,9,1 L,+0.361
8563.261,30,9,1 L,+0.352
8563.978,30,9,1 L,+0.341
8566.65,30,9,1 L,+0.379
8572.345,30,9,1 L,+0.319
8581.384,30,9,1 L,+0.302
8585.559,30,9,1 L,+0.188
8588.414,30,9,1 L,+0.290
8589.237,30,9,1 L,+0.313
8592.873,30,9,1 L,+0.300
8595.327,30,9,1 L,+0.219
8602.485,30,9,1 L,+0.097
8608.1,30,8,1 L,+0.097
8608.157,30,8,1 L,+39.215
8613.101,30,8,1 L,+39.380
8614.99,30,8,1 L,+39.411
8618.511,30,8,1 L,+39.434
8622.132,30,8,1 L,+39.493
8626.462,30,8,1 L,+39.635
8631.127,30,8,1 L,+40.579
8636.588,30,8,1 L,+40.878
8641.134,30,8,1 L,+41.129
8645.369,30,8,1 L,+41.207
8648.416,30,8,1 L,+41.279
8649.927,30,8,1 L,+41.330
8650.672,30,8,1 L,+41.335
8653.36,30,8,1 L,+41.356
8659.367,30,8,1 L,+41.938
8668.927,30,8,1 L,+42.713
8672.887,30,8,1 L,+42.841
8675.824,30,8,1 L,+42.889
8676.636,30,8,1 L,+42.895
8680.0,30,8,1 L,+42.916
8682.771,30,8,1 L,+43.002
8689.727,30,8,1 L,+42.997
8695.692,30,8,1 L,+43.227
8700.91,30,8,1 L,+43.544
8702.898,30,8,1 L,+43.711
8706.812,30,8,1 L,+43.852
8710.241,30,8,1 L,+43.958
8714.506,30,8,1 L,+43.998
8718.272,30,8,1 L,+43.982
8723.569,30,8,1 L,+43.946
8728.006,30,8,1 L,+44.060
8732.116,30,8,1 L,+44.049
8735.225,30,8,1 L,+44.123
8736.71,30,8,1 L,+44.117
8737.397,30,8,1 L,+44.105
8740.069,30,8,1 L,+44.104
8745.618,30,8,1 L,+44.138
8754.481,30,8,1 L,+44.157
8758.497,30,8,1 L,+44.262
8761.294,30,8,1 L,+44.168
8762.044,30,8,1 L,+44.160
8765.461,30,8,1 L,+44.186
8768.192,30,8,1 L,+44.238
8774.999,30,8,1 L,+44.177
8780.843,30,8,1 L,+44.235
8785.749,30,8,1 L,+44.247
8787.546,30,8,1 L,+44.198
8791.038,30,8,1 L,+44.168
8794.622,30,8,1 L,+44.199
8798.792,30,8,1 L,+44.215
8802.484,30,8,1 L,+44.141
8807.647,30,8,1 L,+44.026
8811.962,30,8,1 L,+44.002
8816.027,30,8,1 L,+43.984
8819.115,30,8,1 L,+44.053
8820.566,30,8,1 L,+44.066
8823.971,30,8,1 L,+44.084
8829.536,30,8,1 L,+44.217
8838.294,30,8,1 L,+44.211
8842.341,30,8,1 L,+44.376
8845.278,30,8,1 L,+44.390
8845.981,30,8,1 L,+44.393
8849.325,30,8,1 L,+44.387
8852.059,30,8,1 L,+44.412
8858.885,30,8,1 L,+44.368
8864.65,30,8,1 L,+44.387
8869.492,30,8,1 L,+44.400
8871.577,30,8,1 L,+44.362
8874.794,30,8,1 L,+44.301
8878.372,30,8,1 L,+44.386
8882.794,30,8,1 L,+44.594
8888.278,30,8,1 L,+46.438
8893.856,30,8,1 L,+46.843
8898.419,30,8,1 L,+47.126
8902.575,30,8,1 L,+47.263
8905.747,30,8,1 L,+47.321
8907.253,30,8,1 L,+47.400
8907.997,30,8,1 L,+47.413
8916.278,30,8,1 L,+47.618
8925.177,30,8,1 L,+47.778
8929.152,30,8,1 L,+48.032
8932.106,30,8,1 L,+48.099
8932.884,30,8,1 L,+48.104
8936.233,30,8,1 L,+48.091
8938.96,30,8,1 L,+48.116
8945.918,30,8,1 L,+48.203
8951.703,30,8,1 L,+48.306
8956.644,30,8,1 L,+48.428
8958.45,30,8,1 L,+48.418
8961.901,30,8,1 L,+48.382
8965.465,30,8,1 L,+48.369
8969.698,30,8,1 L,+48.454
8973.492,30,8,1 L,+48.499
8978.783,30,8,1 L,+48.620
8983.111,30,8,1 L,+48.691
8987.233,30,8,1 L,+48.810
8990.339,30,8,1 L,+48.896
8991.842,30,8,1 L,+48.921
8992.584,30,8,1 L,+48.917
8995.26,30,8,1 L,+48.922
9000.84,30,8,1 L,+49.152
9009.605,30,8,1 L,+49.229
9013.666,30,8,1 L,+49.523
9016.512,30,8,1 L,+49.561
9017.3,30,8,1 L,+49.570
9020.659,30,8,1 L,+49.580
9023.349,30,8,1 L,+49.591
9030.227,30,8,1 L,+49.540
9035.989,30,8,1 L,+49.595
9040.937,30,8,1 L,+49.689
9042.775,30,8,1 L,+49.697
9046.259,30,8,1 L,+49.679
9049.825,30,8,1 L,+49.794
9054.091,30,8,1 L,+49.891
9057.916,30,8,1 L,+49.941
9063.187,30,8,1 L,+50.094
9067.559,30,8,1 L,+50.203
9071.684,30,8,1 L,+50.233
9074.762,30,8,1 L,+50.296
9076.324,30,8,1 L,+50.390
9077.184,30,8,1 L,+50.501
9080.84,30,8,1 L,+51.485
9086.697,30,8,1 L,+51.902
9095.593,30,8,1 L,+52.037
9099.626,30,8,1 L,+52.275
9102.59,30,8,1 L,+52.369
9103.34,30,8,1 L,+52.385
9106.7,30,8,1 L,+52.437
9109.398,30,8,1 L,+52.464
9116.354,30,8,1 L,+52.393
9122.103,30,8,1 L,+52.241
9127.119,30,8,1 L,+52.297
9128.961,30,8,1 L,+52.283
9132.427,30,8,1 L,+52.243
9135.991,30,8,1 L,+52.376
9140.331,30,8,1 L,+52.448
9144.073,30,8,1 L,+52.454
9149.344,30,8,1 L,+52.516
9153.672,30,8,1 L,+52.589
9157.768,30,8,1 L,+52.606
9160.794,30,8,1 L,+52.660
9162.298,30,8,1 L,+52.689
9165.726,30,8,1 L,+52.673
9171.193,30,8,1 L,+52.746
9180.08,30,8,1 L,+52.784
9184.157,30,8,1 L,+53.105
9187.003,30,8,1 L,+53.174
9187.792,30,8,1 L,+53.182
9191.142,30,8,1 L,+53.193
9193.898,30,8,1 L,+53.242
9200.908,30,8,1 L,+53.346
9206.751,30,8,1 L,+53.463
9211.704,30,8,1 L,+53.599
9213.587,30,8,1 L,+53.600
9217.041,30,8,1 L,+53.579
9220.572,30,8,1 L,+53.653
9224.916,30,8,1 L,+53.739
9228.676,30,8,1 L,+53.684
9233.867,30,8,1 L,+53.657
9238.201,30,8,1 L,+53.686
9242.361,30,8,1 L,+53.771
9245.513,30,8,1 L,+53.837
9246.96,30,8,1 L,+53.900
9247.741,30,8,1 L,+53.914
9250.367,30,8,1 L,+53.885
9255.912,30,8,1 L,+53.972
9264.728,30,8,1 L,+53.951
9268.712,30,8,1 L,+54.095
9271.759,30,8,1 L,+54.261
9272.5,30,8,1 L,+54.289
9426.806,30,8,1L,+54.289
8.61,10,12,,
3256.583,10,12,+1.250,+0.013
3259.915,10,10,+1.250,+0.013
3260.018,10,10,+1.291,+0.169
3267.27,10,10,+1.504,+0.349
3273.7,10,10,+1.923,+0.508
3279.074,10,11,+1.923,+0.508
3279.229,10,11,+2.220,+0.067
3281.786,10,11,+2.603,+0.064
3285.051,10,11,+2.683,+0.015
3289.364,10,11,+3.183,+0.231
3294.095,10,11,+3.636,+0.230
3298.245,10,11,+4.013,+0.510
3304.161,10,11,+4.432,+0.477
3308.95,10,11,+4.740,+0.438
3313.384,10,11,+5.058,+0.439
3316.805,10,11,+5.231,+0.536
3318.414,10,11,+5.327,+0.549
3319.211,10,11,+5.354,+0.565
3322.102,10,11,+5.410,+0.620
3327.68,10,11,+5.544,+0.551
3336.852,10,11,+5.793,+0.516
3340.867,10,11,+5.932,+0.402
3343.774,10,11,+6.018,+0.455
3344.555,10,11,+6.015,+0.448
3347.867,10,11,+5.908,+0.390
3350.649,10,11,+5.873,+0.411
3357.697,10,11,+5.861,+0.282
3364.001,10,11,+6.210,+0.305
3369.155,10,11,+6.359,+0.317
3371.155,10,11,+6.425,+0.338
3374.749,10,11,+6.461,+0.371
3378.714,10,11,+6.657,+0.458
3383.199,10,11,+6.858,+0.321
3387.295,10,11,+7.077,+0.366
3392.948,10,11,+7.273,+0.407
3397.677,10,11,+7.524,+0.546
3401.953,10,11,+7.624,+0.504
3405.342,10,11,+7.689,+0.497
3406.828,10,11,+7.757,+0.505
3407.609,10,11,+7.772,+0.513
3410.449,10,11,+7.787,+0.528
3416.121,10,11,+7.968,+0.569
3425.405,10,11,+8.230,+0.766
3429.374,10,11,+8.371,+0.703
3432.327,10,11,+8.527,+0.702
3433.124,10,11,+8.539,+0.676
3436.499,10,11,+8.472,+0.582
3439.217,10,11,+8.344,+0.566
3446.183,10,11,+8.385,+0.573
3452.115,10,11,+8.445,+0.490
3457.167,10,11,+8.581,+0.540
3459.058,10,11,+8.627,+0.539
3462.607,10,11,+8.592,+0.507
3466.561,10,11,+8.793,+0.651
3470.961,10,11,+9.024,+0.655
3474.902,10,11,+9.121,+0.612
3480.467,10,11,+9.350,+0.833
3485.087,10,11,+9.539,+0.899
3489.352,10,11,+9.652,+0.871
3492.581,10,11,+9.692,+0.856
3494.236,10,11,+9.790,+0.848
3495.002,10,11,+9.815,+0.845
3497.806,10,11,+9.855,+0.879
3503.446,10,11,+10.011,+0.941
3512.464,10,11,+10.045,+0.911
3516.514,10,11,+10.212,+0.845
3519.494,10,11,+10.376,+0.845
3520.258,10,11,+10.392,+0.838
3523.632,10,11,+10.309,+0.791
3526.403,10,11,+10.111,+0.718
3533.414,10,11,+10.269,+0.841
3539.499,10,11,+10.415,+0.879
3544.514,10,11,+10.475,+0.822
3546.452,10,11,+10.559,+0.752
3549.983,10,11,+10.545,+0.665
3553.827,10,11,+10.674,+0.632
3558.28,10,11,+10.864,+0.533
3562.221,10,11,+11.002,+0.533
3567.762,10,11,+11.336,+0.593
3572.364,10,11,+11.543,+0.739
3576.674,10,11,+11.749,+0.763
3579.937,10,11,+11.854,+0.800
3581.576,10,11,+11.967,+0.819
3582.348,10,11,+12.002,+0.814
3585.203,10,11,+12.066,+0.823
3590.861,10,11,+12.290,+0.946
3599.993,10,11,+12.543,+1.002
3604.102,10,11,+12.733,+1.002
3607.047,10,11,+12.813,+1.026
3607.829,10,11,+12.819,+1.019
3611.199,10,11,+12.750,+0.970
3613.902,10,11,+12.586,+0.918
3620.904,10,11,+12.652,+0.940
3626.858,10,11,+12.653,+0.699
3631.936,10,11,+12.714,+0.785
3633.844,10,11,+12.769,+0.751
3637.374,10,11,+12.725,+0.678
3641.249,10,11,+12.938,+0.807
3645.717,10,11,+13.193,+0.856
3649.542,10,11,+13.207,+0.818
3655.06,10,11,+13.539,+0.997
3659.577,10,11,+13.713,+1.056
3663.874,10,11,+13.890,+1.070
3667.114,10,11,+13.981,+1.128
3668.728,10,11,+14.085,+1.160
3669.494,10,11,+14.121,+1.170
3672.342,10,11,+14.184,+1.219
3677.974,10,11,+14.265,+1.271
3687.031,10,11,+14.435,+1.268
3691.136,10,11,+14.649,+1.237
3694.152,10,11,+14.832,+1.271
3694.948,10,11,+14.851,+1.251
3698.39,10,11,+14.839,+1.196
3701.128,10,11,+14.775,+1.202
3708.314,10,11,+15.014,+1.345
3714.285,10,11,+15.053,+1.217
3719.372,10,11,+15.090,+1.230
3721.256,10,11,+15.127,+1.188
3724.799,10,11,+15.087,+1.138
3728.63,10,11,+15.283,+1.291
3732.981,10,11,+15.452,+1.300
3736.944,10,11,+15.497,+1.268
3742.461,10,11,+15.770,+1.333
3746.985,10,11,+15.943,+1.392
3751.23,10,11,+16.099,+1.416
3754.528,10,11,+16.221,+1.490
3756.099,10,11,+16.297,+1.483
3756.864,10,11,+16.321,+1.485
3759.686,10,11,+16.386,+1.536
3765.414,10,11,+16.555,+1.610
3774.499,10,11,+16.827,+1.732
3778.628,10,11,+17.075,+1.714
3781.572,10,11,+17.224,+1.819
3782.369,10,11,+17.236,+1.824
3785.814,10,11,+17.214,+1.823
3788.542,10,11,+17.141,+1.818
3795.545,10,11,+17.300,+1.849
3801.448,10,11,+17.295,+1.737
3806.542,10,11,+17.404,+1.795
3808.499,10,11,+17.524,+1.803
3812.15,10,11,+17.599,+1.866
3816.015,10,11,+17.814,+2.003
3820.355,10,11,+17.967,+1.946
3824.277,10,11,+18.062,+1.913
3829.777,10,11,+18.330,+1.968
3834.386,10,11,+18.520,+2.012
3838.62,10,11,+18.709,+2.031
3841.902,10,11,+18.855,+2.119
3843.514,10,11,+18.938,+2.083
3844.361,10,11,+18.973,+2.080
3847.162,10,11,+19.140,+2.144
3852.855,10,11,+19.347,+2.270
3862.06,10,11,+19.624,+2.326
3866.12,10,11,+19.728,+2.165
3869.058,10,11,+19.854,+2.235
3869.855,10,11,+19.864,+2.234
3873.246,10,11,+19.830,+2.229
3876.011,10,11,+19.716,+2.233
3883.017,10,11,+19.813,+2.178
3888.917,10,11,+19.776,+2.071
3894.026,10,11,+19.881,+2.125
3895.886,10,11,+19.920,+2.072
3899.433,10,11,+19.899,+2.010
3903.261,10,11,+20.063,+2.070
3907.636,10,11,+20.225,+1.992
3911.558,10,11,+20.244,+1.941
3916.993,10,11,+20.365,+2.016
3921.542,10,11,+20.498,+2.066
3925.839,10,11,+20.611,+2.092
3929.105,10,11,+20.732,+2.199
3930.667,10,11,+20.770,+2.168
3931.48,10,11,+20.789,+2.165
3934.308,10,11,+20.856,+2.214
3940.027,10,11,+21.079,+2.347
3949.16,10,11,+21.326,+2.402
3953.194,10,11,+21.520,+2.341
3956.261,10,11,+21.716,+2.492
3957.042,10,11,+21.740,+2.506
3960.48,10,11,+21.739,+2.506
3963.277,10,11,+21.701,+2.528
3970.388,10,11,+21.856,+2.614
3976.373,10,11,+21.837,+2.599
3981.401,10,11,+21.860,+2.660
3983.301,10,11,+21.916,+2.604
3986.891,10,11,+21.879,+2.536
3990.633,10,11,+22.007,+2.586
3994.999,10,11,+22.143,+2.506
3998.963,10,11,+22.184,+2.485
4004.418,10,11,+22.427,+2.585
4009.019,10,11,+22.599,+2.610
4013.344,10,11,+22.734,+2.628
4016.567,10,11,+22.819,+2.666
4018.143,10,11,+22.872,+2.621
4018.917,10,11,+22.897,+2.610
4021.73,10,11,+22.971,+2.623
4027.401,10,11,+23.154,+2.661
4036.529,10,11,+23.339,+2.753
4040.635,10,11,+23.518,+2.653
4043.629,10,11,+23.695,+2.743
4044.428,10,11,+23.712,+2.746
4047.855,10,11,+23.712,+2.725
4050.605,10,11,+23.627,+2.675
4057.804,10,11,+23.861,+2.818
4063.799,10,11,+23.865,+2.720
4068.9,10,11,+23.881,+2.752
4070.862,10,11,+23.956,+2.724
4074.401,10,11,+23.931,+2.687
4078.151,10,11,+24.015,+2.712
4082.495,10,11,+24.146,+2.602
4086.48,10,11,+24.268,+2.651
4091.985,10,11,+24.461,+2.725
4096.491,10,11,+24.524,+2.768
4100.745,10,11,+24.609,+2.767
4103.98,10,11,+24.622,+2.806
4105.589,10,11,+24.652,+2.785
4106.339,10,11,+24.666,+2.781
4109.151,10,11,+24.718,+2.831
4114.839,10,11,+24.876,+2.926
4124.042,10,11,+25.148,+2.939
4128.089,10,11,+25.323,+2.890
4131.111,10,11,+25.512,+3.018
4131.917,10,11,+25.531,+3.025
4135.343,10,11,+25.537,+3.024
4138.128,10,11,+25.492,+3.049
4145.294,10,11,+25.750,+2.841
4151.297,10,11,+25.803,+2.797
4156.515,10,11,+26.008,+2.908
4158.484,10,11,+26.124,+2.892
4162.062,10,11,+26.111,+2.855
4165.906,10,11,+26.211,+2.915
4170.296,10,11,+26.385,+2.907
4174.199,10,11,+26.426,+2.920
4179.748,10,11,+26.663,+3.032
4184.311,10,11,+26.825,+3.161
4188.687,10,11,+26.985,+3.154
4191.951,10,11,+27.102,+3.257
4193.576,10,11,+27.187,+3.302
4194.372,10,11,+27.208,+3.304
4197.221,10,11,+27.287,+3.389
4202.955,10,11,+27.553,+3.519
4212.185,10,11,+27.902,+3.667
4216.34,10,11,+28.144,+3.690
4219.414,10,11,+28.337,+3.813
4220.16,10,11,+28.358,+3.823
4223.595,10,11,+28.360,+3.814
4226.301,10,12,+28.360,+3.814
4226.43,10,12,+28.376,+0.077
4233.84,10,12,+28.798,+0.323
4240.048,10,12,+29.020,+0.500
4245.175,10,12,+29.047,+0.456
4247.199,10,12,+29.183,+0.526
4250.761,10,12,+29.169,+0.537
4254.761,10,12,+29.499,+0.642
4259.246,10,12,+29.752,+0.816
4263.249,10,12,+29.831,+0.887
4268.794,10,12,+30.073,+1.065
4273.433,10,12,+30.284,+1.270
4277.761,10,12,+30.396,+1.375
4281.073,10,12,+30.506,+1.530
4282.667,10,12,+30.559,+1.550
4283.448,10,12,+30.575,+1.550
4286.276,10,12,+30.627,+1.576
4292.027,10,12,+30.858,+1.639
4301.302,10,12,+31.256,+1.901
4305.43,10,12,+31.493,+2.113
4308.467,10,12,+31.662,+2.260
4309.264,10,12,+31.676,+2.275
4312.686,10,12,+31.662,+2.286
4315.42,10,12,+31.568,+2.282
4322.855,10,12,+32.012,+2.617
4328.936,10,12,+32.093,+2.718
4334.108,10,12,+32.125,+2.840
4336.03,10,12,+32.197,+2.850
4339.764,10,12,+32.186,+2.851
4343.462,10,12,+32.356,+2.918
4347.999,10,12,+32.595,+3.149
4351.915,10,12,+32.630,+3.180
4357.428,10,12,+32.823,+3.416
4362.07,10,12,+32.988,+3.614
4366.496,10,12,+33.146,+3.723
4369.772,10,12,+33.286,+3.859
4371.436,10,12,+33.380,+3.944
4372.215,10,12,+33.409,+3.958
4375.077,10,12,+33.489,+3.999
4380.754,10,12,+33.636,+4.026
4389.967,10,12,+33.971,+4.276
4394.186,10,12,+34.203,+4.510
4397.062,10,12,+34.337,+4.605
4397.86,10,12,+34.347,+4.614
4401.272,10,12,+34.330,+4.618
4404.039,10,12,+34.242,+4.596
4411.099,10,12,+34.288,+4.482
4417.019,10,12,+34.260,+4.469
4422.076,10,12,+34.280,+4.506
4423.983,10,12,+34.374,+4.494
4427.561,10,12,+34.357,+4.479
4431.373,10,12,+34.459,+4.475
4435.717,10,12,+34.573,+4.492
4439.701,10,12,+34.649,+4.549
4445.26,10,12,+34.880,+4.719
4449.823,10,12,+35.031,+4.804
4454.089,10,12,+35.142,+4.841
4457.339,10,12,+35.234,+4.925
4458.933,10,12,+35.307,+4.947
4459.73,10,12,+35.335,+4.960
4462.542,10,12,+35.399,+5.023
4468.292,10,12,+35.561,+5.110
4477.431,10,12,+35.782,+5.212
4481.583,10,12,+36.029,+5.443
4484.576,10,12,+36.171,+5.522
4485.451,10,12,+36.188,+5.539
4488.811,10,12,+36.189,+5.572
4491.576,10,12,+36.128,+5.541
4498.745,10,12,+36.296,+5.596
4504.73,10,12,+36.324,+5.617
4509.83,10,12,+36.390,+5.653
4511.745,10,12,+36.483,+5.665
4515.328,10,12,+36.457,+5.663
4519.217,10,12,+36.661,+5.687
4523.592,10,12,+36.853,+5.773
4527.623,10,12,+36.990,+5.920
4533.123,10,12,+37.244,+6.115
4537.67,10,12,+37.374,+6.163
4542.061,10,12,+37.504,+6.242
4545.358,10,12,+37.617,+6.374
4546.951,10,12,+37.706,+6.407
4547.733,10,12,+37.743,+6.429
4550.608,10,12,+37.850,+6.541
4556.372,10,12,+38.097,+6.638
4565.57,10,12,+38.396,+6.692
4569.643,10,12,+38.559,+6.818
4572.694,10,12,+38.622,+6.892
4573.482,10,12,+38.628,+6.908
4576.901,10,12,+38.615,+6.985
4579.73,10,12,+38.606,+7.074
4586.933,10,12,+38.889,+7.043
4593.058,10,12,+39.048,+7.101
4598.162,10,12,+39.050,+7.048
4600.042,10,12,+39.127,+7.005
4603.62,10,12,+39.106,+7.020
4607.417,10,12,+39.249,+6.977
4611.824,10,12,+39.412,+6.987
4615.839,10,12,+39.487,+7.005
4621.311,10,12,+39.555,+7.045
4625.929,10,12,+38.776,+7.057
4630.219,10,12,+38.880,+7.086
4633.551,10,12,+39.048,+7.253
4635.214,10,12,+39.153,+7.339
4636.011,10,12,+39.179,+7.367
4638.808,10,12,+39.232,+7.431
4644.573,10,12,+39.351,+7.535
4653.794,10,12,+39.583,+7.753
4664.451,10,13,+39.583,+7.753
4671.065,10,14,+39.583,+7.753
4672.121,10,15,+39.583,+7.753
4675.646,10,16,+39.583,+7.753
4677.116,10,17,+39.583,+7.753
4683.361,10,18,+39.583,+7.753
4688.746,10,18,+60.841,+2.502
4696.508,10,18,+61.530,+3.063
4702.473,10,18,+61.601,+3.050
4707.491,10,18,+61.545,+2.940
4709.416,10,18,+61.673,+2.937
4713.002,10,18,+61.716,+2.930
4716.777,10,18,+61.937,+2.848
4721.214,10,18,+53.885,+2.861
4725.089,10,18,+53.843,+2.817
4730.449,10,18,+53.950,+2.720
4734.902,10,18,+53.952,+2.584
4739.136,10,18,+53.973,+2.411
4742.339,10,18,+54.079,+2.368
4743.933,10,18,+54.109,+2.327
4744.714,10,18,+54.112,+2.288
4747.511,10,18,+54.145,+2.222
4753.058,10,18,+54.084,+2.113
4762.042,10,18,+54.121,+1.912
4766.089,10,18,+54.118,+1.811
4768.95,10,18,+54.092,+1.765
4769.74,10,18,+60.122,+1.751
4773.006,10,17,+60.122,+1.751
4773.1,10,17,+54.044,+1.691
4775.894,10,17,+54.004,+1.682
4782.7,10,17,+53.810,+1.346
4788.605,10,17,+53.877,+1.254
4793.574,10,17,+53.829,+1.094
4795.464,10,17,+53.858,+1.089
4799.027,10,17,+53.813,+1.057
4802.824,10,17,+53.957,+1.010
4807.17,10,17,+54.103,+0.927
4811.03,10,17,+54.060,+0.836
4816.467,10,17,+54.166,+0.748
4821.194,10,17,+54.313,+0.634
4825.3,10,17,+54.353,+0.480
4828.577,10,17,+54.527,+0.513
4830.201,10,17,+54.616,+0.514
4830.991,10,17,+54.633,+0.490
4833.873,10,17,+54.727,+0.465
4839.529,10,17,+54.879,+0.382
4848.728,10,17,+55.182,+0.430
4852.786,10,17,+55.260,+0.360
4855.687,10,17,+55.289,+0.310
4856.542,10,17,+55.288,+0.293
4859.721,10,16,+55.288,+0.293
4859.809,10,16,+55.192,+0.167
4862.473,10,16,+55.047,+0.032
4869.386,10,15,+55.047,+0.032
4869.464,10,15,+55.052,+7.358
4875.355,10,15,+55.049,+7.182
4880.287,10,15,+54.941,+7.058
4882.216,10,15,+54.981,+7.054
4885.753,10,15,+54.954,+6.999
4889.514,10,15,+55.030,+6.915
4893.795,10,15,+55.113,+6.841
4897.655,10,15,+55.060,+6.763
4902.969,10,15,+55.155,+6.510
4907.421,10,15,+55.153,+6.371
4911.655,10,15,+55.152,+6.241
4914.842,10,15,+55.225,+6.224
4916.389,10,15,+55.214,+6.162
4917.155,10,15,+55.219,+6.148
4919.994,10,15,+55.281,+6.212
4925.542,10,15,+55.267,+6.051
4934.453,10,15,+55.335,+5.748
4938.467,10,15,+55.341,+5.675
4941.311,10,15,+55.300,+5.531
4942.139,10,15,+55.294,+5.508
4945.514,10,15,+55.273,+5.508
4948.295,10,15,+55.242,+4.074
4955.186,10,15,+55.240,+3.661
4961.061,10,15,+55.275,+3.446
4966.031,10,15,+55.198,+3.400
4967.899,10,15,+55.220,+3.328
4971.428,10,15,+55.178,+3.250
4975.199,10,15,+55.279,+3.239
4979.502,10,15,+55.384,+3.172
4983.386,10,15,+55.375,+3.218
4988.724,10,15,+55.516,+3.178
4993.173,10,15,+55.522,+3.137
4997.428,10,15,+55.469,+3.125
5000.609,10,15,+55.552,+3.159
5002.158,10,15,+55.550,+3.156
5002.929,10,15,+55.555,+3.175
5005.787,10,15,+55.601,+3.270
5011.329,10,15,+55.606,+3.339
5020.311,10,15,+55.706,+3.306
5024.42,10,15,+55.784,+3.406
5027.327,10,15,+55.782,+3.181
5028.155,10,15,+55.776,+3.144
5031.608,10,15,+55.750,+3.106
5034.26,10,15,+55.706,+3.026
5041.173,10,15,+55.600,+2.598
5047.072,10,15,+55.634,+2.436
5052.049,10,15,+55.639,+2.373
5053.961,10,15,+55.684,+2.277
5057.477,10,15,+55.635,+2.173
5061.309,10,15,+55.827,+2.000
5065.93,10,15,+55.896,+1.851
5069.589,10,15,+55.972,+1.795
5075.015,10,15,+56.162,+1.568
5079.542,10,15,+56.234,+1.419
5083.815,10,15,+56.198,+1.267
5086.973,10,15,+56.265,+1.237
5088.576,10,15,+56.297,+1.206
5089.328,10,15,+56.299,+1.203
5092.131,10,15,+56.326,+1.281
5097.773,10,15,+56.403,+1.003
5106.829,10,15,+56.499,+0.702
5110.737,10,15,+56.431,+0.425
5113.714,10,15,+56.465,+0.353
5114.501,10,15,+56.463,+0.338
5117.858,10,15,+56.380,+0.233
5120.476,10,15,+56.248,+0.028
5127.489,10,14,+56.248,+0.028
5127.567,10,14,+56.314,+3.908
5133.583,10,14,+56.560,+3.859
5138.661,10,14,+56.406,+3.806
5140.589,10,14,+56.420,+3.777
5144.122,10,14,+56.386,+3.763
5147.974,10,14,+56.530,+3.768
5152.37,10,14,+56.665,+3.667
5156.245,10,14,+46.993,+3.619
5161.589,10,14,+47.126,+3.499
5166.102,10,14,+47.224,+3.313
5170.237,10,14,+47.292,+3.129
5173.4,10,14,+47.320,+2.996
5174.914,10,14,+47.364,+2.902
5175.701,10,14,+47.379,+2.870
5178.498,10,14,+47.441,+2.854
5184.092,10,14,+47.656,+2.823
5193.092,10,14,+47.850,+2.613
5197.092,10,14,+48.057,+2.496
5200.045,10,14,+48.195,+2.587
5200.873,10,14,+54.305,+2.591
5204.233,10,14,+48.204,+2.575
5206.996,10,14,+48.152,+2.527
5214.014,10,14,+48.260,+2.521
5219.899,10,14,+48.258,+2.322
5224.916,10,14,+48.265,+2.401
5226.806,10,14,+48.335,+2.370
5230.337,10,14,+48.282,+2.302
5234.15,10,14,+48.438,+2.386
5238.416,10,14,+48.570,+2.246
5242.369,10,14,+48.677,+2.301
5247.844,10,14,+48.921,+2.262
5252.36,10,14,+49.109,+2.186
5256.641,10,14,+49.285,+2.155
5259.86,10,14,+49.390,+2.186
5261.438,10,14,+49.468,+2.158
5262.204,10,14,+49.496,+2.150
5265.048,10,14,+49.584,+2.167
5270.689,10,14,+49.767,+2.197
5279.667,10,14,+50.022,+2.037
5283.699,10,14,+50.178,+2.000
5286.685,10,14,+50.346,+2.163
5287.463,10,14,+50.359,+2.170
5290.873,10,14,+50.345,+2.149
5293.673,10,14,+50.323,+2.127
5300.639,10,14,+50.475,+2.151
5306.518,10,14,+50.460,+1.942
5311.602,10,14,+50.499,+1.896
5313.472,10,14,+50.559,+1.864
5317.001,10,14,+50.505,+1.787
5320.805,10,14,+50.736,+1.854
5325.096,10,14,+50.929,+1.663
5329.045,10,14,+51.068,+1.714
5334.502,10,14,+51.216,+1.723
5339.097,10,14,+51.386,+1.702
5343.309,10,14,+51.450,+1.687
5346.465,10,14,+51.489,+1.683
5348.028,10,14,+51.520,+1.643
5348.809,10,14,+51.545,+1.640
5351.622,10,14,+51.603,+1.651
5357.231,10,14,+51.736,+1.681
5366.294,10,14,+51.829,+1.703
5370.356,10,14,+52.016,+1.698
5373.372,10,14,+52.189,+1.823
5374.116,10,14,+52.203,+1.827
5377.518,10,14,+52.182,+1.802
5380.258,10,14,+52.117,+1.773
5387.272,10,14,+52.247,+1.836
5393.128,10,14,+52.246,+1.603
5398.218,10,14,+52.230,+1.727
5400.144,10,14,+52.303,+1.743
5403.64,10,14,+52.247,+1.660
5407.414,10,14,+52.356,+1.712
5411.732,10,14,+52.475,+1.526
5415.699,10,14,+52.586,+1.542
5421.052,10,14,+52.731,+1.346
5425.632,10,14,+52.915,+1.277
5429.92,10,14,+53.003,+1.262
5433.13,10,14,+53.088,+1.258
5434.732,10,14,+53.156,+1.245
5435.493,10,14,+53.168,+1.240
5438.294,10,14,+53.219,+1.251
5443.956,10,14,+53.448,+1.274
5453.058,10,14,+53.716,+1.350
5457.152,10,14,+53.915,+1.337
5460.115,10,14,+54.047,+1.470
5460.914,10,14,+54.057,+1.480
5464.292,10,14,+54.036,+1.524
5467.1,10,14,+54.041,+1.679
5474.249,10,14,+54.263,+1.475
5480.155,10,14,+54.260,+1.262
5485.245,10,14,+54.171,+1.252
5487.136,10,14,+54.223,+1.260
5490.639,10,14,+54.160,+1.097
5494.451,10,14,+54.290,+1.078
5498.858,10,14,+54.471,+1.055
5502.78,10,14,+54.514,+0.872
5508.24,10,14,+54.743,+0.766
5512.873,10,14,+54.931,+0.806
5517.202,10,14,+55.045,+0.729
5520.43,10,14,+55.099,+0.686
5522.043,10,14,+55.193,+0.708
5522.814,10,14,+55.227,+0.716
5525.638,10,14,+55.281,+0.691
5531.272,10,14,+55.472,+0.661
5540.377,10,13,+55.472,+0.661
5540.461,10,13,+55.738,+2.595
5544.53,10,13,+55.874,+2.642
5547.461,10,13,+55.976,+2.771
5548.261,10,13,+55.990,+2.784
5551.665,10,13,+55.988,+2.784
5554.445,10,13,+55.984,+2.771
5561.581,10,13,+56.052,+2.997
5567.564,10,13,+56.105,+2.966
5572.731,10,13,+56.140,+3.093
5574.663,10,13,+56.219,+3.108
5578.185,10,13,+56.202,+3.067
5581.949,10,13,+56.296,+3.051
5586.294,10,13,+56.405,+3.011
5590.202,10,13,+56.444,+3.012
5595.53,10,13,+56.469,+2.974
5600.014,10,13,+56.535,+2.941
5604.264,10,13,+56.644,+2.912
5607.467,10,13,+56.728,+2.963
5609.03,10,13,+56.766,+2.937
5609.795,10,13,+56.781,+2.921
5612.604,10,13,+56.849,+2.933
5618.198,10,13,+56.956,+3.019
5627.198,10,13,+56.953,+3.026
5631.323,10,13,+57.149,+3.030
5634.202,10,13,+57.248,+3.076
5634.994,10,13,+57.261,+3.077
5638.394,10,13,+57.264,+3.057
5641.15,10,13,+57.253,+3.055
5648.292,10,13,+57.406,+3.263
5654.217,10,13,+57.425,+3.158
5659.333,10,13,+57.524,+3.272
5661.292,10,13,+57.651,+3.293
5664.855,10,13,+57.658,+3.271
5668.667,10,13,+57.875,+3.294
5673.073,10,13,+58.078,+3.356
5677.073,10,13,+58.179,+3.443
5682.495,10,13,+58.296,+3.515
5687.073,10,13,+58.455,+3.601
5691.261,10,13,+58.513,+3.647
5694.461,10,13,+58.564,+3.696
5696.03,10,13,+58.601,+3.699
5696.794,10,13,+58.612,+3.708
5699.601,10,13,+58.671,+3.758
5705.308,10,13,+58.872,+3.834
5714.542,10,13,+59.179,+3.900
5718.605,10,13,+59.343,+3.899
5721.6,10,13,+59.524,+4.071
5722.4,10,13,+59.546,+4.089
5725.872,10,13,+59.569,+4.101
5728.582,10,13,+59.565,+4.085
5735.609,10,13,+59.608,+4.154
5741.506,10,13,+59.610,+4.026
5746.598,10,13,+59.655,+4.069
5748.491,10,13,+59.714,+4.080
5752.042,10,13,+59.680,+4.034
5755.823,10,13,+59.826,+4.056
5760.245,10,13,+59.848,+4.089
5764.277,10,13,+60.032,+4.185
5769.777,10,13,+60.051,+4.258
5774.198,10,13,+60.147,+4.306
5778.495,10,13,+60.236,+4.339
5781.698,10,13,+60.269,+4.362
5783.274,10,13,+60.304,+4.346
5784.072,10,13,+60.327,+4.353
5786.872,10,13,+60.402,+4.407
5792.542,10,13,+60.398,+4.520
5801.639,10,13,+60.523,+4.520
5805.791,10,13,+60.696,+4.580
5808.763,10,13,+60.835,+4.580
5809.562,10,13,+60.852,+4.710
5812.9,10,12,+60.852,+4.710
5812.994,10,12,+60.872,+4.712
5815.729,10,12,+60.879,+4.707
5822.769,10,12,+60.896,+4.752
5828.674,10,12,+60.902,+4.700
5833.7,10,12,+60.838,+4.684
5835.693,10,12,+60.920,+4.686
5839.276,10,12,+60.969,+4.715
5843.066,10,12,+61.098,+4.833
5847.492,10,12,+61.246,+4.841
5851.399,10,12,+61.241,+4.845
5856.734,10,12,+61.246,+4.835
5861.172,10,12,+61.296,+4.840
5865.514,10,12,+61.414,+4.848
5868.748,10,12,+61.458,+4.832
5870.26,10,12,+61.486,+4.814
5870.995,10,12,+61.497,+4.820
5873.761,10,12,+61.478,+4.843
5879.339,10,12,+61.498,+4.906
5888.527,10,12,+61.597,+4.919
5892.541,10,12,+61.714,+4.933
5895.517,10,12,+61.867,+5.074
5896.329,10,12,+61.885,+5.084
5899.735,10,12,+61.908,+5.080
5902.48,10,12,+61.906,+5.065
5909.53,10,12,+61.862,+5.173
5915.405,10,12,+61.838,+5.059
5920.436,10,12,+61.793,+5.007
5922.311,10,12,+61.826,+5.017
5925.827,10,12,+61.784,+4.962
5929.53,10,12,+61.772,+4.966
5933.905,10,12,+61.866,+4.988
5937.873,10,12,+61.933,+5.056
5943.202,10,12,+61.919,+4.869
5947.67,10,12,+62.014,+4.831
5951.936,10,12,+62.046,+4.847
5955.096,10,12,+62.066,+4.852
5956.783,10,12,+62.080,+4.860
5957.45,10,12,+62.078,+4.866
5960.2,10,12,+62.128,+4.905
5965.839,10,12,+62.190,+4.932
5975.014,10,12,+62.387,+5.037
5979.092,10,12,+62.493,+5.092
5982.077,10,12,+62.598,+5.242
5982.889,10,12,+62.612,+5.251
5986.28,10,12,+62.648,+5.250
5989.03,10,12,+62.686,+5.229
5996.092,10,12,+62.706,+5.239
6001.998,10,12,+62.733,+5.098
6007.061,10,12,+62.630,+5.072
6008.951,10,12,+62.635,+5.070
6012.441,10,12,+62.605,+4.971
6016.261,10,12,+62.720,+5.051
6020.73,10,12,+62.897,+5.156
6024.651,10,12,+62.974,+5.244
6029.977,10,12,+62.974,+5.176
6034.43,10,12,+63.010,+5.183
6038.744,10,12,+62.998,+5.213
6041.889,10,12,+63.014,+5.258
6043.467,10,12,+63.001,+5.254
6044.28,10,12,+62.999,+5.263
6047.076,10,12,+62.987,+5.308
6052.764,10,12,+63.109,+5.335
6061.964,10,12,+63.305,+5.448
6066.091,10,12,+63.496,+5.500
6068.986,10,12,+63.665,+5.633
6069.799,10,12,+63.688,+5.644
6073.218,10,12,+63.736,+5.642
6076.002,10,12,+63.762,+5.650
6083.064,10,12,+63.763,+5.804
6088.973,10,12,+63.830,+5.724
6094.128,10,12,+63.198,+5.788
6096.033,10,12,+63.340,+5.822
6099.543,10,12,+63.403,+5.779
6103.261,10,12,+63.362,+5.821
6107.675,10,12,+63.435,+5.917
6111.596,10,12,+63.577,+5.942
6116.971,10,12,+63.610,+5.956
6121.486,10,12,+63.640,+6.000
6125.772,10,12,+63.690,+6.075
6128.917,10,12,+63.746,+6.076
6130.502,10,12,+63.791,+6.078
6131.272,10,12,+63.809,+6.085
6134.086,10,12,+63.917,+6.134
6139.758,10,12,+63.889,+6.195
6148.837,10,12,+63.961,+6.210
6152.936,10,12,+64.237,+6.218
6155.885,10,12,+64.377,+6.329
6156.675,10,12,+64.394,+6.336
6160.092,10,12,+64.437,+6.331
6162.842,10,12,+64.479,+6.310
6169.886,10,12,+64.443,+6.435
6175.761,10,12,+64.517,+6.182
6180.873,10,12,+64.474,+6.306
6182.744,10,12,+64.567,+6.316
6186.289,10,12,+64.650,+6.306
6190.178,10,12,+64.836,+6.419
6194.553,10,12,+64.918,+6.487
6198.584,10,12,+65.204,+6.588
6203.897,10,12,+65.271,+6.585
6208.381,10,12,+65.472,+6.690
6212.709,10,12,+65.599,+6.721
6215.912,10,12,+65.695,+6.778
6217.506,10,12,+65.793,+6.809
6218.272,10,12,+65.836,+6.811
6221.098,10,12,+65.980,+6.878
6226.7,10,12,+66.052,+6.924
6235.76,10,12,+66.277,+7.006
6239.858,10,12,+66.489,+6.997
6242.748,10,12,+66.642,+7.076
6243.608,10,12,+66.658,+7.075
6246.936,10,12,+66.696,+7.060
6249.717,10,12,+66.721,+7.067
6256.78,10,12,+66.704,+7.180
6262.728,10,12,+66.844,+7.149
6267.732,10,12,+66.765,+7.139
6269.722,10,12,+66.930,+7.196
6273.357,10,12,+66.975,+7.180
6277.023,10,12,+67.089,+7.297
6281.502,10,12,+67.288,+7.393
6285.514,10,12,+67.419,+7.418
6290.758,10,12,+67.498,+7.365
6295.299,10,12,+67.727,+7.424
6299.53,10,12,+67.764,+7.452
6302.699,10,12,+67.812,+7.493
6304.361,10,12,+67.922,+7.518
6305.094,10,12,+67.952,+7.521
6307.889,10,12,+68.019,+7.553
6313.483,10,12,+68.083,+7.530
6322.608,10,12,+68.446,+7.603
6326.717,10,12,+68.697,+7.605
6329.779,10,12,+68.981,+7.851
6330.592,10,12,+69.010,+7.866
6334.014,10,12,+69.043,+7.875
6336.795,10,12,+69.070,+7.896
6343.904,10,12,+69.230,+8.041
6349.842,10,12,+69.389,+7.993
6354.967,10,12,+69.416,+8.125
6356.873,10,12,+69.532,+8.128
6360.401,10,12,+69.547,+8.080
6364.167,10,12,+69.672,+8.201
6368.636,10,12,+69.938,+8.364
6372.637,10,12,+70.157,+8.401
6378.015,10,12,+70.256,+8.415
6382.557,10,12,+70.449,+8.490
6386.886,10,12,+70.582,+8.567
6390.104,10,12,+70.685,+8.639
6391.714,10,12,+70.814,+8.669
6392.511,10,12,+70.854,+8.677
6395.339,10,12,+70.966,+8.723
6401.073,10,12,+71.111,+8.893
6410.201,10,12,+71.409,+8.970
6414.314,10,12,+71.651,+9.009
6417.327,10,12,+71.795,+9.145
6418.139,10,12,+71.812,+9.153
6421.53,10,12,+71.869,+9.156
6424.28,10,12,+71.854,+9.130
6431.299,10,12,+71.754,+9.181
6437.214,10,12,+71.924,+9.241
6442.323,10,12,+71.953,+9.277
6444.245,10,12,+72.112,+9.295
6447.776,10,12,+72.159,+9.260
6451.589,10,12,+72.346,+9.434
6456.117,10,12,+72.612,+9.636
6459.978,10,12,+72.650,+9.608
6465.639,10,12,+73.111,+9.928
6470.389,10,12,+73.534,+10.206
6474.7,10,12,+73.649,+10.276
6478.048,10,12,+73.867,+10.400
6479.672,10,12,+74.041,+10.454
6480.461,10,12,+74.084,+10.471
6483.273,10,12,+74.228,+10.540
6489.042,10,12,+74.449,+10.684
6498.299,10,12,+74.979,+10.910
6502.428,10,12,+75.210,+10.950
6505.417,10,12,+75.407,+11.064
6506.2,10,12,+75.439,+11.082
6509.659,10,12,+75.476,+11.104
6512.46,10,12,+75.534,+11.166
6519.847,10,12,+75.902,+11.542
6525.66,10,13,+75.902,+11.542
6526.015,10,13,+76.406,+0.250
6531.314,10,13,+76.519,+0.635
6533.276,10,13,+76.734,+0.763
6536.84,10,13,+76.788,+0.761
6540.749,10,13,+77.114,+0.888
6545.332,10,13,+77.453,+1.193
6549.304,10,13,+77.628,+1.338
6554.913,10,13,+77.961,+1.642
6559.536,10,13,+78.230,+1.897
6563.925,10,13,+78.387,+2.003
6567.228,10,13,+78.575,+2.114
6568.872,10,13,+78.745,+2.211
6569.673,10,13,+78.791,+2.239
6572.553,10,13,+78.914,+2.293
6578.215,10,13,+79.102,+2.417
6587.481,10,13,+79.593,+2.750
6591.603,10,13,+79.857,+2.856
6594.644,10,13,+80.153,+3.033
6595.458,10,13,+80.184,+3.044
6598.87,10,13,+80.204,+3.024
6601.667,10,13,+80.183,+2.988
6608.794,10,13,+80.289,+3.224
6614.686,10,13,+71.905,+3.197
6619.76,10,13,+71.902,+3.399
6621.696,10,13,+71.984,+3.496
6625.277,10,13,+72.053,+3.530
6629.128,10,13,+72.304,+3.655
6633.66,10,13,+72.584,+3.971
6637.708,10,13,+72.765,+4.206
6643.225,10,13,+72.938,+4.391
6647.846,10,13,+73.161,+4.639
6652.16,10,13,+73.079,+4.743
6655.393,10,13,+73.241,+4.816
6657.033,10,13,+73.367,+4.954
6657.859,10,13,+73.414,+4.997
6660.7,10,13,+73.588,+5.119
6666.417,10,13,+73.747,+5.311
6675.772,10,13,+74.167,+5.760
6710.606,10,13,1 L,+15.314
6718.625,10,13,1 L,+16.118
6724.892,10,13,1 L,+16.447
6730.014,10,13,1 L,+16.690
6731.967,10,13,1 L,+16.816
6735.636,10,13,1 L,+16.910
6739.415,10,13,1 L,+17.043
6743.902,10,13,1 L,+17.256
6748.86,10,13,1 L,+18.387
6754.34,10,13,1 L,+18.656
6758.929,10,13,1 L,+18.804
6763.145,10,13,1 L,+18.902
6766.357,10,13,1 L,+18.992
6768.061,10,13,1 L,+19.168
6768.904,10,13,1 L,+19.283
6772.245,10,13,1 L,+19.893
6778.029,10,13,1 L,+20.302
6787.072,10,13,1 L,+20.597
6791.165,10,13,1 L,+20.720
6794.013,10,13,1 L,+20.832
6794.814,10,13,1 L,+20.834
6798.141,10,13,1 L,+20.753
6800.861,10,13,1 L,+20.677
6807.773,10,13,1 L,+20.844
6813.636,10,13,1 L,+20.796
6818.6,10,13,1 L,+20.877
6820.428,10,13,1 L,+20.910
6823.93,10,13,1 L,+20.857
6827.727,10,13,1 L,+21.032
6832.118,10,13,1 L,+21.063
6835.979,10,13,1 L,+21.103
6841.328,10,13,1 L,+21.109
6845.824,10,13,1 L,+21.163
6849.946,10,13,1 L,+21.155
6853.101,10,13,1 L,+21.058
6854.648,10,13,1 L,+21.006
6855.4,10,13,1 L,+20.995
6858.166,10,13,1 L,+20.942
6863.623,10,13,1 L,+20.898
6872.501,10,13,1 L,+20.889
6876.467,10,13,1 L,+20.853
6879.342,10,13,1 L,+20.935
6880.144,10,13,1 L,+20.929
6883.485,10,13,1 L,+20.864
6886.26,10,13,1 L,+20.810
6893.182,10,13,1 L,+20.951
6898.96,10,13,1 L,+20.885
6903.865,10,13,1 L,+20.825
6905.76,10,13,1 L,+20.827
6909.162,10,13,1 L,+20.740
6912.862,10,13,1 L,+20.816
6917.142,10,13,1 L,+20.777
6920.986,10,13,1 L,+20.815
6926.204,10,13,1 L,+20.780
6930.631,10,13,1 L,+20.803
6934.801,10,13,1 L,+20.868
6937.964,10,13,1 L,+20.903
6939.531,10,13,1 L,+20.941
6940.272,10,13,1 L,+20.963
6943.036,10,13,1 L,+20.992
6948.443,10,13,1 L,+21.009
6957.354,10,13,1 L,+21.107
6961.342,10,13,1 L,+21.085
6964.217,10,13,1 L,+21.204
6968.368,10,13,1 L,+21.157
6971.114,10,13,1 L,+21.141
6978.093,10,13,1 L,+21.305
6983.901,10,13,1 L,+21.228
6988.885,10,13,1 L,+21.362
6990.776,10,13,1 L,+21.403
6994.229,10,13,1 L,+21.360
6997.979,10,13,1 L,+21.400
7002.236,10,13,1 L,+21.330
7006.062,10,13,1 L,+21.297
7011.372,10,13,1 L,+21.314
7015.829,10,13,1 L,+21.337
7020.002,10,13,1 L,+21.328
7023.163,10,13,1 L,+21.396
7024.712,10,13,1 L,+21.416
7025.527,10,13,1 L,+21.430
7028.26,10,13,1 L,+21.480
7033.714,10,13,1 L,+21.565
7042.677,10,13,1 L,+21.672
7046.66,10,13,1 L,+21.609
7049.566,10,13,1 L,+21.740
7050.379,10,13,1 L,+21.744
7053.738,10,13,1 L,+21.729
7056.53,10,13,1 L,+21.695
7063.341,10,13,1 L,+21.722
7069.114,10,13,1 L,+21.584
7074.045,10,13,1 L,+21.666
7075.901,10,13,1 L,+21.671
7079.38,10,13,1 L,+21.642
7083.072,10,13,1 L,+21.627
7087.346,10,13,1 L,+21.530
7091.172,10,13,1 L,+21.570
7096.495,10,13,1 L,+21.577
7100.9,10,13,1 L,+21.461
7105.072,10,13,1 L,+21.436
7108.228,10,13,1 L,+21.396
7109.755,10,13,1 L,+21.368
7110.536,10,13,1 L,+21.379
7113.285,10,13,1 L,+21.365
7118.793,10,13,1 L,+21.397
7127.729,10,13,1 L,+21.422
7131.732,10,13,1 L,+21.411
7134.61,10,13,1 L,+21.486
7135.386,10,13,1 L,+21.487
7138.758,10,13,1 L,+21.462
7141.542,10,13,1 L,+21.459
7148.45,10,13,1 L,+21.592
7154.243,10,13,1 L,+21.541
7159.172,10,13,1 L,+21.520
7161.083,10,13,1 L,+21.506
7164.481,10,13,1 L,+21.447
7168.186,10,13,1 L,+21.528
7172.453,10,13,1 L,+21.462
7176.272,10,13,1 L,+21.474
7181.545,10,13,1 L,+21.409
7186.059,10,13,1 L,+21.388
7190.214,10,13,1 L,+21.377
7193.36,10,13,1 L,+21.341
7194.918,10,13,1 L,+21.334
7195.673,10,13,1 L,+21.336
7198.432,10,13,1 L,+21.385
7203.946,10,13,1 L,+21.493
7212.95,10,13,1 L,+21.473
7216.996,10,13,1 L,+21.499
7219.915,10,13,1 L,+21.599
7220.7,10,13,1 L,+21.605
7224.1,10,13,1 L,+21.600
7226.832,10,13,1 L,+21.602
7233.772,10,13,1 L,+21.636
7239.514,10,13,1 L,+21.534
7244.532,10,13,1 L,+21.656
7246.386,10,13,1 L,+21.680
7249.86,10,13,1 L,+21.632
7253.557,10,13,1 L,+21.675
7257.801,10,13,1 L,+21.543
7261.628,10,13,1 L,+21.552
7266.963,10,13,1 L,+21.659
7271.434,10,13,1 L,+21.638
7275.658,10,13,1 L,+21.622
7278.751,10,13,1 L,+21.600
7280.286,10,13,1 L,+21.565
7281.049,10,13,1 L,+21.559
7283.815,10,13,1 L,+21.574
7289.272,10,13,1 L,+21.559
7298.304,10,13,1 L,+21.519
7302.213,10,13,1 L,+21.390
7305.193,10,13,1 L,+21.472
7306.013,10,13,1 L,+21.475
7309.372,10,13,1 L,+21.481
7319.114,10,13,1 L,+21.459
7324.999,10,13,1 L,+21.336
7330.301,10,13,1 L,+21.652
7332.44,10,13,1 L,+21.921
7336.784,10,13,1 L,+22.720
7340.889,10,13,1 L,+23.124
7345.357,10,13,1 L,+23.152
7349.193,10,13,1 L,+23.172
7354.514,10,13,1 L,+23.236
7359.002,10,13,1 L,+23.285
7363.251,10,13,1 L,+23.276
7366.413,10,13,1 L,+23.286
7368.075,10,13,1 L,+23.330
7368.94,10,13,1 L,+23.429
7372.427,10,13,1 L,+24.138
7378.272,10,13,1 L,+24.450
7387.372,10,13,1 L,+24.455
7391.411,10,13,1 L,+24.391
7394.393,10,13,1 L,+24.549
7395.189,10,13,1 L,+24.559
7398.545,10,13,1 L,+24.500
7401.23,10,13,1 L,+24.456
7408.26,10,13,1 L,+24.542
7414.104,10,13,1 L,+24.512
7419.245,10,13,1 L,+24.694
7421.088,10,13,1 L,+24.730
7424.617,10,13,1 L,+24.714
7428.394,10,13,1 L,+24.950
7432.715,10,13,1 L,+24.932
7436.584,10,13,1 L,+24.937
7441.96,10,13,1 L,+24.893
7446.427,10,13,1 L,+24.963
7450.673,10,13,1 L,+24.958
7453.857,10,13,1 L,+24.994
7455.415,10,13,1 L,+24.985
7456.172,10,13,1 L,+24.979
7458.917,10,13,1 L,+24.970
7464.463,10,13,1 L,+24.978
7473.432,10,13,1 L,+24.874
7477.448,10,13,1 L,+24.820
7480.432,10,13,1 L,+24.972
7481.229,10,13,1 L,+24.979
7484.589,10,13,1 L,+24.949
7487.37,10,13,1 L,+24.950
7494.371,10,13,1 L,+24.980
7500.129,10,13,1 L,+24.857
7505.403,10,13,1 L,+24.897
7507.028,10,13,1 L,+24.805
7510.509,10,13,1 L,+24.705
7514.214,10,13,1 L,+24.748
7518.503,10,13,1 L,+24.684
7522.351,10,13,1 L,+24.226
7527.643,10,13,1 L,+23.697
7532.112,10,13,1 L,+23.603
7536.317,10,13,1 L,+23.554
7539.502,10,13,1 L,+23.571
7541.072,10,13,1 L,+23.502
7541.844,10,13,1 L,+23.495
7544.684,10,13,1 L,+23.563
7550.3,10,13,1 L,+23.667
7559.292,10,13,1 L,+23.607
7563.298,10,13,1 L,+23.627
7566.265,10,13,1 L,+23.760
7567.046,10,13,1 L,+23.767
7570.421,10,13,1 L,+23.751
7573.198,10,13,1 L,+23.774
7580.151,10,13,1 L,+23.838
7585.932,10,13,1 L,+23.723
7590.964,10,13,1 L,+23.765
7592.792,10,13,1 L,+23.733
7596.276,10,13,1 L,+23.634
7600.026,10,13,1 L,+23.773
7604.385,10,13,1 L,+23.844
7608.206,10,13,1 L,+23.820
7613.567,10,13,1 L,+23.912
7617.986,10,13,1 L,+23.957
7622.199,10,13,1 L,+23.980
7625.415,10,13,1 L,+24.014
7626.927,10,13,1 L,+24.008
7627.693,10,13,1 L,+24.017
7630.492,10,13,1 L,+24.070
7636.014,10,13,1 L,+24.131
7644.96,10,13,1 L,+24.227
7648.972,10,13,1 L,+24.321
7651.884,10,13,1 L,+24.448
7652.677,10,13,1 L,+24.454
7656.06,10,13,1 L,+24.442
7658.813,10,13,1 L,+24.436
7665.773,10,13,1 L,+24.588
7671.6,10,13,1 L,+24.646
7676.651,10,13,1 L,+24.829
7678.51,10,13,1 L,+24.879
7682.027,10,13,1 L,+24.869
7685.763,10,13,1 L,+25.086
7690.06,10,13,1 L,+25.152
7693.946,10,13,1 L,+25.229
7699.226,10,13,1 L,+25.225
7703.679,10,13,1 L,+25.284
7707.897,10,13,1 L,+25.322
7711.023,10,13,1 L,+25.325
7712.57,10,13,1 L,+25.345
7713.335,10,13,1 L,+25.363
7716.116,10,13,1 L,+25.419
7721.569,10,13,1 L,+25.519
7730.545,10,13,1 L,+25.593
7734.567,10,13,1 L,+25.667
7737.475,10,13,1 L,+25.715
7738.271,10,13,1 L,+25.717
7741.613,10,13,1 L,+25.708
7744.384,10,13,1 L,+25.699
7751.317,10,13,1 L,+25.815
7757.103,10,13,1 L,+25.822
7762.127,10,13,1 L,+25.955
7763.998,10,13,1 L,+25.974
7767.502,10,13,1 L,+25.943
7771.185,10,13,1 L,+25.984
7775.559,10,13,1 L,+26.047
7779.373,10,13,1 L,+26.024
7784.607,10,13,1 L,+25.918
7789.076,10,13,1 L,+25.909
7793.279,10,13,1 L,+26.012
7796.441,10,13,1 L,+26.029
7797.973,10,13,1 L,+25.995
7798.759,10,13,1 L,+25.992
7801.501,10,13,1 L,+26.036
7807.128,10,13,1 L,+26.197
7816.016,10,13,1 L,+26.180
7820.127,10,13,1 L,+26.258
7823.014,10,13,1 L,+26.286
7823.858,10,13,1 L,+26.285
7827.171,10,13,1 L,+26.283
7830.128,10,13,1 L,+26.338
7837.093,10,13,1 L,+26.596
7842.963,10,13,1 L,+26.587
7847.947,10,13,1 L,+26.674
7849.869,10,13,1 L,+26.705
7853.369,10,13,1 L,+26.666
7857.072,10,13,1 L,+26.667
7861.416,10,13,1 L,+26.652
7865.26,10,13,1 L,+26.607
7870.541,10,13,1 L,+26.554
7875.01,10,13,1 L,+26.565
7879.26,10,13,1 L,+26.643
7882.432,10,13,1 L,+26.700
7884.01,10,13,1 L,+26.722
7884.791,10,13,1 L,+26.734
7887.604,10,13,1 L,+26.843
7893.26,10,13,1 L,+26.954
7902.216,10,13,1 L,+27.013
7906.247,10,13,1 L,+27.041
7909.216,10,13,1 L,+27.035
7909.982,10,13,1 L,+27.030
7913.357,10,13,1 L,+27.043
7916.075,10,13,1 L,+27.118
7923.076,10,13,1 L,+27.109
7928.888,10,13,1 L,+26.973
7933.919,10,13,1 L,+27.041
7935.81,10,13,1 L,+27.046
7939.31,10,13,1 L,+27.029
7942.997,10,13,1 L,+26.977
7947.321,10,13,1 L,+26.987
7951.087,10,13,1 L,+26.915
7956.462,10,13,1 L,+26.913
7960.868,10,13,1 L,+26.932
7965.229,10,13,1 L,+26.997
7968.274,10,13,1 L,+27.044
7969.828,10,13,1 L,+27.072
7970.6,10,13,1 L,+27.088
7973.35,10,13,1 L,+27.158
7978.927,10,13,1 L,+27.283
7987.919,10,13,1 L,+27.273
7991.89,10,13,1 L,+27.125
7994.8,10,13,1 L,+27.184
7995.595,10,13,1 L,+27.188
7998.959,10,13,1 L,+27.222
8001.698,10,13,1 L,+27.283
8008.713,10,13,1 L,+27.194
8014.594,10,13,1 L,+27.228
8019.784,10,13,1 L,+27.490
8021.878,10,13,1 L,+27.719
8025.527,10,13,1 L,+27.836
8030.16,10,13,1 L,+28.876
8036.33,10,13,1 L,+30.725
8040.998,10,13,1 L,+31.533
8047.103,10,13,1 L,+32.308
8052.3,10,13,1 L,+33.054
8058.325,10,13,1 L,+34.894
8062.533,10,13,1 L,+36.005
8064.459,10,13,1 L,+35.996
8065.373,10,13,1 L,+35.562
8068.546,10,13,1 L,+31.877
8075.341,10,13,1 L,+32.152
8086.961,10,13,1 L,+33.348
8112.135,10,14,1 L,+33.348
8122.212,10,14,1 L,+6.695
8129.529,10,14,1 L,+6.825
8135.404,10,14,1 L,+6.674
8140.217,10,14,1 L,+138.600
8142.123,10,14,1 L,+135.923
8145.613,10,13,1 L,+135.923
8145.709,10,13,1 L,+6.414
8149.42,10,13,1 L,+6.481
8153.778,10,13,1 L,+6.585
8157.51,10,13,1 L,+6.489
8162.744,10,13,1 L,+6.448
8167.129,10,13,1 L,+6.492
8171.199,10,13,1 L,+6.367
8174.281,10,13,1 L,+6.246
8175.815,10,13,1 L,+6.248
8176.578,10,13,1 L,+6.250
8179.322,10,13,1 L,+6.265
8184.65,10,13,1 L,+6.139
8193.263,10,13,1 L,+5.898
8197.127,10,13,1 L,+5.939
8199.871,10,13,1 L,+5.936
8200.68,10,13,1 L,+5.918
8203.981,10,13,1 L,+5.838
8206.715,10,13,1 L,+5.788
8213.447,10,13,1 L,+5.657
8219.084,10,13,1 L,+5.524
8223.827,10,13,1 L,+5.325
8225.661,10,13,1 L,+5.282
8229.033,10,13,1 L,+5.046
8232.635,10,13,1 L,+5.021
8236.763,10,13,1 L,+5.060
8240.5,10,13,1 L,+4.912
8245.629,10,13,1 L,+4.785
8249.934,10,13,1 L,+4.795
8253.972,10,13,1 L,+4.677
8257.073,10,13,1 L,+4.593
8258.571,10,13,1 L,+4.564
8259.371,10,13,1 L,+4.574
8262.127,10,13,1 L,+4.566
8267.428,10,13,1 L,+4.381
8276.028,10,13,1 L,+4.067
8279.903,10,13,1 L,+4.084
8282.716,10,13,1 L,+4.085
8283.515,10,13,1 L,+4.071
8286.871,10,13,1 L,+3.989
8289.607,10,13,1 L,+3.928
8296.367,10,13,1 L,+3.817
8301.984,10,13,1 L,+3.677
8306.834,10,13,1 L,+3.543
8308.62,10,13,1 L,+3.521
8312.044,10,13,1 L,+3.293
8315.716,10,13,1 L,+3.255
8319.857,10,13,1 L,+3.203
8323.587,10,13,1 L,+3.119
8328.827,10,13,1 L,+3.137
8333.172,10,13,1 L,+3.127
8337.235,10,13,1 L,+2.993
8340.298,10,13,1 L,+2.858
8341.798,10,13,1 L,+2.795
8342.53,10,13,1 L,+2.771
8345.285,10,13,1 L,+2.689
8350.681,10,13,1 L,+2.630
8359.416,10,13,1 L,+2.463
8363.291,10,13,1 L,+2.479
8366.119,10,13,1 L,+2.520
8366.869,10,13,1 L,+2.508
8370.197,10,13,1 L,+2.427
8372.916,10,13,1 L,+2.360
8379.697,10,13,1 L,+2.301
8385.369,10,13,1 L,+2.142
8390.197,10,13,1 L,+2.067
8391.994,10,13,1 L,+2.047
8395.421,10,13,1 L,+1.815
8399.062,10,13,1 L,+1.767
8403.213,10,13,1 L,+1.743
8406.989,10,13,1 L,+1.690
8412.275,10,13,1 L,+1.660
8416.581,10,13,1 L,+1.662
8420.771,10,13,1 L,+1.643
8423.827,10,13,1 L,+1.574
8425.341,10,13,1 L,+1.571
8426.09,10,13,1 L,+1.558
8428.825,10,13,1 L,+1.523
8434.314,10,13,1 L,+1.507
8442.961,10,13,1 L,+1.366
8446.908,10,13,1 L,+1.255
8449.717,10,13,1 L,+1.091
8450.476,10,13,1 L,+1.060
8453.816,10,13,1 L,+0.923
8456.542,10,13,1 L,+0.860
8463.414,10,13,1 L,+0.819
8469.171,10,13,1 L,+0.839
8474.1,10,13,1 L,+0.620
8475.933,10,13,1 L,+0.624
8479.4,10,13,1 L,+0.415
8483.248,10,13,1 L,+0.594
8487.478,10,13,1 L,+0.662
8491.291,10,13,1 L,+0.611
8496.657,10,13,1 L,+0.597
8501.074,10,13,1 L,+0.677
8505.266,10,13,1 L,+0.666
8508.361,10,13,1 L,+0.618
8509.892,10,13,1 L,+0.638
8510.662,10,13,1 L,+0.632
8513.361,10,13,1 L,+0.565
8527.775,10,13,1 L,+0.466
8531.619,10,13,1 L,+0.486
8534.541,10,13,1 L,+0.507
8535.338,10,13,1 L,+0.487
8538.617,10,13,1 L,+0.333
8541.471,10,13,1 L,+0.293
8548.296,10,13,1 L,+0.256
8553.838,10,12,1 L,+0.256
8553.885,10,12,1 L,+27.567
8558.932,10,12,1 L,+27.572
8560.76,10,12,1 L,+27.494
8564.229,10,12,1 L,+27.443
8567.932,10,12,1 L,+27.295
8572.098,10,12,1 L,+27.123
8575.806,10,12,1 L,+26.965
8581.041,10,12,1 L,+26.629
8585.577,10,12,1 L,+26.526
8589.492,10,12,1 L,+26.350
8592.588,10,12,1 L,+26.302
8594.113,10,12,1 L,+26.221
8594.86,10,12,1 L,+26.205
8597.601,10,12,1 L,+26.213
8603.046,10,12,1 L,+25.933
8611.844,10,12,1 L,+25.718
8615.791,10,12,1 L,+25.574
8618.771,10,12,1 L,+25.612
8619.583,10,12,1 L,+25.610
8622.927,10,12,1 L,+25.600
8625.736,10,12,1 L,+25.602
8632.65,10,12,1 L,+25.415
8638.447,10,12,1 L,+25.321
8643.416,10,12,1 L,+25.256
8645.353,10,12,1 L,+25.229
8648.728,10,12,1 L,+25.155
8652.416,10,12,1 L,+25.006
8656.599,10,12,1 L,+24.821
8660.391,10,12,1 L,+24.681
8665.574,10,12,1 L,+24.312
8669.886,10,12,1 L,+24.090
8674.011,10,12,1 L,+23.889
8677.121,10,12,1 L,+23.813
8678.621,10,12,1 L,+23.695
8679.393,10,12,1 L,+23.637
8682.172,10,12,1 L,+23.269
8687.66,10,12,1 L,+22.604
8696.517,10,12,1 L,+22.086
8700.46,10,12,1 L,+21.879
8703.368,10,12,1 L,+21.859
8704.143,10,12,1 L,+21.852
8707.498,10,12,1 L,+21.872
8710.256,10,12,1 L,+21.901
8717.178,10,12,1 L,+21.648
8722.881,10,12,1 L,+21.403
8727.819,10,12,1 L,+21.354
8729.647,10,12,1 L,+21.301
8733.084,10,12,1 L,+21.233
8736.756,10,12,1 L,+21.070
8740.975,10,12,1 L,+20.897
8744.861,10,12,1 L,+20.907
8750.117,10,12,1 L,+20.602
8754.45,10,12,1 L,+20.439
8758.591,10,12,1 L,+20.286
8763.231,10,12,1 L,+20.237
8764.028,10,12,1 L,+20.225
8766.784,10,12,1 L,+20.303
8772.347,10,12,1 L,+20.155
8781.281,10,12,1 L,+20.005
8785.374,10,12,1 L,+19.865
8788.109,10,12,1 L,+19.829
8788.891,10,12,1 L,+19.821
8792.257,10,12,1 L,+19.815
8795.028,10,12,1 L,+19.798
8801.872,10,12,1 L,+19.434
8807.527,10,12,1 L,+18.754
8812.481,10,12,1 L,+18.503
8814.285,10,12,1 L,+18.413
8817.765,10,12,1 L,+18.351
8821.474,10,12,1 L,+18.241
8825.729,10,12,1 L,+18.042
8829.442,10,12,1 L,+17.894
8834.693,10,12,1 L,+17.500
8839.044,10,12,1 L,+17.295
8843.122,10,12,1 L,+17.011
8846.231,10,12,1 L,+16.941
8847.732,10,12,1 L,+16.852
8848.497,10,12,1 L,+16.821
8851.247,10,12,1 L,+16.815
8856.714,10,12,1 L,+16.423
8865.462,10,12,1 L,+15.999
8869.383,10,12,1 L,+15.888
8872.228,10,12,1 L,+15.806
8873.026,10,12,1 L,+15.788
8876.356,10,12,1 L,+15.760
8879.122,10,12,1 L,+15.745
8886.075,10,12,1 L,+15.524
8891.825,10,12,1 L,+15.392
8896.716,10,12,1 L,+15.278
8898.559,10,12,1 L,+15.255
8902.013,10,12,1 L,+15.207
8905.731,10,12,1 L,+14.975
8909.95,10,12,1 L,+14.813
8913.7,10,12,1 L,+14.666
8918.95,10,12,1 L,+14.442
8923.261,10,12,1 L,+14.205
8927.421,10,12,1 L,+14.019
8930.505,10,12,1 L,+13.967
8932.027,10,12,1 L,+13.902
8932.798,10,12,1 L,+13.885
8935.544,10,12,1 L,+13.896
8941.015,10,12,1 L,+13.630
8949.771,10,12,1 L,+13.367
8953.759,10,12,1 L,+13.251
8956.621,10,12,1 L,+13.177
8957.388,10,12,1 L,+13.165
8960.761,10,12,1 L,+13.170
8963.527,10,12,1 L,+13.223
8970.415,10,12,1 L,+12.921
8976.127,10,12,1 L,+12.758
8981.111,10,12,1 L,+12.643
8982.986,10,12,1 L,+12.599
8986.429,10,12,1 L,+12.551
8990.099,10,12,1 L,+12.307
8994.293,10,12,1 L,+12.078
8998.11,10,12,1 L,+11.999
9003.325,10,12,1 L,+11.619
9007.714,10,12,1 L,+11.394
9011.879,10,12,1 L,+11.207
9016.527,10,12,1 L,+11.150
9017.3,10,12,1 L,+11.126
9020.059,10,12,1 L,+11.171
9025.645,10,12,1 L,+10.924
9034.442,10,12,1 L,+10.658
9038.481,10,12,1 L,+10.632
9041.449,10,12,1 L,+10.657
9042.228,10,12,1 L,+10.655
9045.62,10,12,1 L,+10.668
9048.341,10,12,1 L,+10.722
9055.223,10,12,1 L,+10.425
9061.071,10,12,1 L,+10.307
9066.075,10,12,1 L,+10.101
9067.934,10,12,1 L,+10.051
9071.418,10,12,1 L,+9.961
9074.965,10,12,1 L,+9.645
9079.231,10,12,1 L,+9.403
9083.059,10,12,1 L,+9.316
9088.342,10,12,1 L,+8.952
9092.618,10,12,1 L,+8.691
9096.789,10,12,1 L,+8.491
9099.877,10,12,1 L,+8.477
9101.436,10,12,1 L,+8.449
9102.192,10,12,1 L,+8.440
9104.992,10,12,1 L,+8.498
9110.628,10,12,1 L,+8.290
9119.478,10,12,1 L,+8.065
9123.416,10,12,1 L,+7.920
9126.291,10,12,1 L,+7.850
9127.104,10,12,1 L,+7.839
9130.45,10,12,1 L,+7.840
9133.213,10,12,1 L,+7.873
9140.159,10,12,1 L,+7.593
9145.953,10,12,1 L,+7.411
9150.953,10,12,1 L,+7.246
9152.844,10,12,1 L,+7.203
9156.322,10,12,1 L,+7.135
9160.012,10,12,1 L,+6.829
9164.185,10,12,1 L,+6.560
9167.985,10,12,1 L,+6.410
9173.303,10,12,1 L,+6.161
9177.735,10,12,1 L,+5.957
9181.898,10,12,1 L,+5.741
9184.996,10,12,1 L,+5.709
9186.515,10,12,1 L,+5.639
9187.268,10,12,1 L,+5.607
9190.06,10,12,1 L,+5.648
9195.626,10,12,1 L,+5.293
9204.454,10,12,1 L,+5.025
9208.454,10,12,1 L,+4.866
9211.361,10,12,1 L,+4.887
9212.173,10,12,1 L,+4.885
9215.509,10,12,1 L,+4.886
9225.228,10,12,1 L,+4.585
9230.815,10,12,1 L,+4.254
9235.848,10,12,1 L,+4.155
9237.7,10,12,1 L,+4.127
9241.16,10,12,1 L,+4.082
9244.862,10,12,1 L,+3.791
9249.173,10,12,1 L,+3.547
9252.989,10,12,1 L,+3.397
9258.327,10,12,1 L,+2.857
9262.798,10,12,1 L,+2.541
9266.978,10,12,1 L,+2.264
9270.134,10,12,1 L,+2.157
9271.796,10,12,1 L,+2.174
9272.552,10,12,1 L,+2.167
9275.326,10,12,1 L,+2.195
9281.012,10,12,1 L,+1.921
9289.981,10,12,1 L,+1.561
9294.106,10,12,1 L,+1.571
9297.075,10,12,1 L,+1.433
9297.872,10,12,1 L,+1.401
9426.806,10,12,1L,+1.401
8.61,43,13,,
3256.668,43,13,+1.336,+0.086
3260.072,43,14,+1.336,+0.086
3260.203,43,13,+1.336,+0.086
3260.293,43,13,+1.487,+0.058
3267.849,43,13,+1.947,+0.039
3274.228,43,12,+1.947,+0.039
3274.315,43,12,+2.354,+0.253
3279.502,43,12,+2.478,+0.258
3282.192,43,13,+2.478,+0.258
3282.426,43,12,+2.478,+0.258
3283.02,43,12,+2.765,+0.162
3285.238,43,12,+2.842,+0.159
3289.772,43,13,+2.842,+0.159
3290.024,43,13,+3.815,+0.126
3294.589,43,14,+3.815,+0.126
3294.818,43,14,+4.336,+0.163
3299.146,43,14,+4.908,+0.322
3305.329,43,14,+5.550,+0.493
3310.108,43,14,+5.939,+0.563
3314.633,43,14,+6.301,+0.664
3318.039,43,14,+6.501,+0.787
3319.649,43,14,+6.561,+0.719
3320.446,43,14,+6.582,+0.705
3323.305,43,14,+6.620,+0.713
3329.008,43,14,+6.878,+0.676
3338.243,43,14,+7.169,+0.696
3342.274,43,14,+7.330,+0.585
3345.196,43,14,+7.421,+0.664
3345.992,43,14,+7.422,+0.671
3349.321,43,14,+7.352,+0.709
3352.133,43,14,+7.375,+0.803
3359.325,43,14,+7.477,+0.489
3365.499,43,14,+7.671,+0.448
3370.671,43,14,+7.828,+0.548
3372.629,43,14,+7.935,+0.660
3376.2,43,14,+7.924,+0.661
3380.178,43,14,+8.176,+0.625
3384.631,43,14,+8.301,+0.577
3388.616,43,14,+8.404,+0.481
3394.386,43,14,+8.701,+0.679
3399.061,43,14,+8.915,+0.660
3403.416,43,14,+9.085,+0.769
3406.743,43,14,+9.186,+0.772
3408.324,43,14,+9.242,+0.745
3409.089,43,14,+9.252,+0.730
3411.951,43,14,+9.282,+0.768
3417.667,43,14,+9.495,+0.707
3426.968,43,14,+9.821,+0.823
3430.983,43,14,+9.987,+0.674
3433.921,43,14,+10.118,+0.692
3434.702,43,14,+10.125,+0.691
3438.061,43,14,+10.044,+0.684
3440.828,43,14,+9.952,+0.698
3447.999,43,14,+10.210,+0.911
3454.129,43,14,+10.454,+0.908
3459.277,43,14,+10.677,+0.976
3461.167,43,14,+10.731,+1.034
3464.717,43,14,+10.725,+0.990
3468.728,43,14,+11.019,+0.912
3473.172,43,14,+11.233,+0.961
3477.129,43,14,+11.340,+0.866
3482.733,43,14,+11.611,+1.031
3487.383,43,14,+11.842,+1.120
3491.649,43,14,+11.944,+1.095
3495.02,43,14,+12.113,+1.219
3496.594,43,14,+12.176,+1.224
3497.368,43,14,+12.194,+1.213
3500.181,43,14,+12.230,+1.244
3505.837,43,14,+12.390,+1.126
3514.909,43,14,+12.481,+1.061
3518.995,43,14,+12.704,+1.037
3522.0,43,14,+12.905,+1.120
3522.773,43,14,+12.922,+1.126
3526.294,43,14,+12.858,+1.128
3528.981,43,14,+12.741,+1.086
3536.031,43,14,+12.885,+1.127
3542.077,43,14,+12.990,+1.059
3547.249,43,14,+13.178,+1.138
3549.186,43,14,+13.289,+1.224
3552.733,43,14,+13.294,+1.230
3556.624,43,14,+13.480,+1.166
3561.029,43,14,+13.652,+1.226
3564.942,43,14,+13.708,+1.157
3570.477,43,14,+13.998,+1.194
3575.127,43,14,+14.292,+1.274
3579.415,43,14,+14.492,+1.277
3582.768,43,14,+14.702,+1.438
3584.415,43,14,+14.805,+1.444
3585.214,43,14,+14.843,+1.447
3588.049,43,14,+14.917,+1.503
3593.653,43,14,+15.073,+1.391
3602.774,43,14,+15.327,+1.340
3606.817,43,14,+15.439,+1.280
3609.821,43,14,+15.560,+1.358
3610.602,43,14,+15.569,+1.361
3613.995,43,14,+15.528,+1.386
3616.855,43,14,+15.540,+1.411
3623.983,43,14,+15.724,+1.441
3630.061,43,14,+15.841,+1.353
3635.217,43,14,+15.978,+1.536
3637.155,43,14,+16.067,+1.562
3640.686,43,14,+16.061,+1.564
3644.655,43,14,+16.409,+1.469
3649.074,43,14,+16.587,+1.477
3652.972,43,14,+16.644,+1.409
3658.468,43,14,+16.923,+1.430
3663.092,43,14,+17.214,+1.475
3667.378,43,14,+17.380,+1.524
3670.665,43,14,+17.547,+1.644
3672.329,43,14,+17.647,+1.657
3673.086,43,14,+17.685,+1.664
3675.914,43,14,+17.789,+1.763
3681.634,43,14,+17.919,+1.760
3690.808,43,14,+18.231,+1.758
3694.917,43,14,+18.414,+1.730
3697.933,43,14,+18.622,+1.846
3698.761,43,14,+18.642,+1.854
3702.183,43,14,+18.634,+1.879
3704.876,43,15,+18.634,+1.879
3705.114,43,15,+18.754,+0.157
3712.435,43,15,+19.091,+0.299
3718.701,43,15,+19.465,+0.383
3723.834,43,15,+19.554,+0.585
3725.714,43,15,+19.613,+0.567
3729.306,43,15,+19.600,+0.536
3733.26,43,15,+19.901,+0.701
3737.728,43,15,+20.156,+0.864
3741.695,43,15,+20.222,+0.900
3747.176,43,15,+20.525,+1.168
3751.839,43,15,+20.804,+1.400
3756.086,43,15,+20.926,+1.428
3759.369,43,15,+21.088,+1.542
3760.937,43,15,+21.153,+1.577
3761.715,43,15,+21.175,+1.586
3764.513,43,15,+21.228,+1.606
3770.1,43,15,+21.349,+1.635
3779.262,43,15,+21.595,+1.596
3783.238,43,15,+21.693,+1.602
3786.244,43,15,+21.884,+1.623
3787.029,43,15,+21.902,+1.629
3790.452,43,15,+21.884,+1.662
3793.217,43,15,+21.822,+1.684
3800.394,43,15,+22.106,+1.750
3806.344,43,15,+22.203,+1.527
3811.431,43,15,+22.299,+1.500
3813.358,43,15,+22.427,+1.536
3816.98,43,15,+22.436,+1.562
3820.855,43,15,+22.685,+1.673
3825.324,43,15,+22.859,+1.806
3829.152,43,15,+22.937,+1.774
3834.636,43,15,+23.175,+1.730
3839.167,43,15,+23.397,+1.854
3843.514,43,15,+23.580,+1.863
3846.781,43,15,+23.720,+1.931
3848.372,43,15,+23.797,+1.970
3849.139,43,15,+23.828,+1.984
3851.986,43,15,+23.981,+2.078
3857.602,43,15,+24.087,+1.909
3866.746,43,15,+24.309,+1.860
3870.73,43,15,+24.363,+1.819
3873.745,43,15,+24.546,+1.947
3874.542,43,15,+24.567,+1.969
3877.98,43,15,+24.540,+2.076
3880.801,43,15,+24.488,+2.139
3888.035,43,15,+24.805,+1.991
3894.026,43,15,+24.876,+1.912
3899.167,43,15,+25.038,+1.942
3901.105,43,15,+25.130,+1.976
3904.683,43,15,+25.124,+1.968
3908.558,43,15,+25.346,+1.906
3912.933,43,15,+25.516,+1.856
3916.833,43,15,+25.550,+1.773
3922.308,43,15,+25.697,+1.758
3926.902,43,15,+25.892,+1.692
3931.198,43,15,+25.988,+1.685
3934.48,43,15,+26.118,+1.754
3936.058,43,15,+26.157,+1.733
3936.855,43,15,+26.175,+1.731
3939.698,43,15,+26.242,+1.802
3945.432,43,15,+26.381,+1.680
3954.573,43,15,+26.703,+1.684
3958.605,43,15,+26.855,+1.623
3961.605,43,15,+27.092,+1.691
3962.433,43,15,+27.116,+1.697
3965.933,43,15,+27.107,+1.707
3968.648,43,15,+27.089,+1.728
3975.779,43,15,+27.249,+1.767
3981.761,43,15,+27.272,+1.603
3986.92,43,15,+27.384,+1.580
3988.846,43,15,+27.464,+1.629
3992.416,43,15,+27.448,+1.624
3996.288,43,15,+27.663,+1.562
4000.732,43,15,+27.890,+1.600
4004.579,43,15,+27.826,+1.672
4010.128,43,15,+28.125,+1.394
4014.83,43,15,+28.404,+1.458
4019.183,43,15,+28.578,+1.443
4022.495,43,15,+28.752,+1.451
4024.12,43,15,+28.850,+1.433
4024.917,43,15,+28.889,+1.441
4027.776,43,15,+29.013,+1.536
4033.468,43,15,+29.221,+1.491
4042.582,43,15,+29.398,+1.425
4046.68,43,15,+29.566,+1.392
4049.651,43,15,+29.743,+1.518
4050.476,43,15,+29.759,+1.528
4053.906,43,15,+29.752,+1.562
4056.67,43,15,+29.701,+1.572
4064.018,43,15,+30.065,+1.791
4070.05,43,15,+30.119,+1.629
4075.323,43,15,+30.220,+1.741
4077.198,43,15,+30.307,+1.800
4080.714,43,15,+30.266,+1.773
4084.636,43,15,+30.519,+1.697
4088.999,43,15,+30.651,+1.643
4092.96,43,15,+30.731,+1.766
4098.448,43,15,+30.929,+1.676
4103.058,43,15,+31.097,+1.680
4107.339,43,15,+31.199,+1.640
4110.573,43,15,+31.260,+1.683
4112.198,43,15,+31.288,+1.687
4112.98,43,15,+31.317,+1.696
4115.818,43,15,+31.374,+1.761
4121.464,43,15,+31.497,+1.611
4130.686,43,15,+31.805,+1.634
4134.785,43,15,+31.985,+1.576
4137.79,43,15,+32.181,+1.677
4138.594,43,15,+32.200,+1.682
4142.024,43,15,+32.199,+1.703
4144.899,43,15,+32.224,+1.788
4151.986,43,15,+32.466,+1.800
4157.953,43,15,+32.433,+1.648
4163.124,43,15,+32.612,+1.634
4165.046,43,15,+32.700,+1.624
4168.624,43,15,+32.657,+1.554
4172.417,43,15,+32.786,+1.379
4176.828,43,15,+32.947,+1.364
4180.814,43,15,+33.035,+1.360
4186.264,43,15,+33.188,+1.420
4190.858,43,15,+33.370,+1.477
4195.214,43,15,+33.504,+1.478
4198.423,43,15,+33.611,+1.514
4200.08,43,15,+33.681,+1.511
4200.892,43,15,+33.705,+1.511
4203.689,43,15,+33.758,+1.559
4209.347,43,15,+33.949,+1.457
4218.595,43,15,+34.305,+1.505
4222.714,43,15,+34.487,+1.464
4225.741,43,15,+34.735,+1.630
4226.542,43,15,+34.760,+1.646
4229.999,43,15,+34.757,+1.683
4232.776,43,15,+34.717,+1.694
4240.028,43,15,+34.959,+1.778
4246.005,43,15,+34.950,+1.613
4251.174,43,15,+35.030,+1.653
4253.073,43,15,+35.097,+1.684
4256.651,43,15,+35.068,+1.692
4260.559,43,15,+35.335,+1.252
4265.045,43,15,+35.552,+1.236
4268.977,43,15,+35.572,+1.090
4274.417,43,15,+35.708,+1.000
4279.058,43,15,+35.927,+1.048
4283.417,43,15,+36.057,+1.030
4286.667,43,15,+36.168,+1.110
4288.308,43,15,+36.215,+1.129
4289.089,43,15,+36.231,+1.132
4291.917,43,15,+36.255,+1.176
4297.6,43,15,+36.410,+1.042
4306.867,43,15,+36.832,+1.120
4310.983,43,15,+37.040,+1.039
4314.014,43,15,+37.217,+1.192
4314.811,43,15,+37.232,+1.199
4318.248,43,15,+37.204,+1.206
4321.029,43,15,+37.159,+1.210
4328.248,43,15,+37.392,+1.318
4334.217,43,15,+37.388,+1.147
4339.529,43,15,+37.467,+1.249
4341.373,43,15,+37.538,+1.185
4344.956,43,15,+37.493,+1.077
4348.838,43,15,+37.694,+0.982
4353.26,43,15,+37.879,+1.007
4357.219,43,15,+37.928,+0.931
4362.69,43,15,+38.064,+0.879
4367.315,43,15,+38.224,+0.859
4371.728,43,15,+38.420,+0.979
4374.944,43,15,+38.500,+1.004
4376.614,43,15,+38.567,+1.008
4377.379,43,15,+38.598,+1.015
4380.208,43,15,+38.642,+1.067
4385.998,43,15,+38.852,+1.043
4395.233,43,15,+39.238,+1.084
4399.313,43,15,+39.424,+1.026
4402.359,43,15,+39.638,+1.162
4403.173,43,15,+39.658,+1.169
4406.595,43,15,+39.640,+1.184
4409.428,43,15,+39.600,+1.276
4416.594,43,15,+39.805,+1.417
4422.483,43,15,+39.718,+1.129
4427.858,43,15,+40.002,+1.285
4429.701,43,15,+40.105,+1.302
4433.248,43,15,+40.091,+1.283
4437.092,43,15,+40.247,+1.151
4441.873,43,15,+40.701,+1.445
4445.918,43,15,+40.852,+1.597
4451.448,43,15,+41.153,+1.484
4456.23,43,15,+41.454,+1.108
4460.573,43,15,+41.635,+1.035
4463.917,43,15,+41.815,+1.040
4465.573,43,15,+41.900,+0.984
4466.323,43,15,+41.928,+0.969
4469.151,43,15,+42.008,+1.021
4474.999,43,15,+42.269,+1.014
4484.311,43,15,+42.677,+1.081
4488.483,43,15,+42.920,+1.064
4491.514,43,15,+43.101,+1.106
4492.327,43,15,+43.116,+1.106
4495.743,43,15,+43.091,+1.094
4498.532,43,15,+43.087,+1.123
4505.893,43,15,+43.426,+1.215
4511.823,43,15,+43.404,+1.026
4517.086,43,15,+43.629,+1.119
4519.03,43,15,+43.751,+1.154
4522.576,43,15,+43.713,+1.085
4526.545,43,15,+44.012,+1.251
4530.936,43,15,+44.185,+1.196
4534.936,43,15,+44.283,+1.216
4540.42,43,15,+44.542,+1.195
4545.03,43,15,+44.701,+1.160
4549.342,43,15,+44.809,+1.162
4552.623,43,15,+44.918,+1.241
4554.301,43,15,+45.038,+1.280
4555.073,43,15,+45.079,+1.295
4557.873,43,15,+45.137,+1.350
4563.542,43,15,+45.286,+1.225
4572.8,43,15,+45.667,+1.307
4581.089,43,16,+45.667,+1.307
4587.542,43,17,+45.667,+1.307
4588.949,43,18,+45.667,+1.307
4595.074,43,19,+45.667,+1.307
4603.995,43,20,+45.667,+1.307
4604.058,43,21,+45.667,+1.307
4608.995,43,21,+67.881,+2.018
4616.574,43,21,+68.527,+2.205
4622.598,43,21,+67.669,+2.061
4627.728,43,21,+67.604,+1.732
4629.65,43,21,+67.722,+1.658
4633.199,43,21,+67.709,+1.454
4637.074,43,21,+67.913,+1.237
4641.402,43,21,+67.936,+1.046
4645.355,43,21,+68.022,+0.796
4650.774,43,21,+68.233,+0.594
4655.422,43,21,+68.350,+0.520
4659.844,43,21,+68.480,+0.394
4663.145,43,21,+68.624,+0.300
4664.775,43,21,+68.715,+0.234
4665.602,43,21,+68.744,+0.205
4668.361,43,21,+68.777,+0.099
4673.899,43,20,+68.777,+0.099
4673.973,43,20,+68.749,+2.382
4682.894,43,20,+68.681,+2.150
4686.839,43,20,+68.749,+2.107
4689.731,43,20,+68.829,+2.134
4690.521,43,20,+68.833,+2.115
4693.945,43,20,+68.816,+2.016
4696.695,43,20,+68.782,+1.954
4703.618,43,20,+68.653,+1.887
4709.542,43,20,+68.682,+1.869
4714.542,43,20,+68.594,+1.716
4716.417,43,20,+68.701,+1.703
4719.995,43,20,+60.549,+1.475
4723.667,43,20,+60.619,+1.391
4727.98,43,20,+60.635,+1.474
4731.87,43,20,+60.612,+1.421
4737.199,43,20,+60.723,+1.361
4741.714,43,20,+60.777,+1.420
4746.042,43,20,+60.860,+1.438
4749.308,43,20,+61.049,+1.503
4750.886,43,20,+61.071,+1.527
4751.668,43,20,+61.074,+1.526
4754.513,43,20,+61.133,+1.529
4760.016,43,20,+61.010,+1.391
4768.965,43,20,+61.025,+1.200
4772.85,43,20,+60.911,+1.137
4775.73,43,20,+60.902,+1.145
4776.542,43,20,+66.932,+1.127
4779.933,43,20,+60.850,+1.127
4782.617,43,19,+60.850,+1.127
4782.694,43,19,+60.841,+0.958
4789.699,43,19,+60.812,+0.993
4795.652,43,19,+60.914,+0.899
4800.714,43,19,+60.954,+0.908
4802.574,43,19,+60.983,+0.892
4806.108,43,19,+60.913,+0.638
4809.858,43,19,+61.042,+0.692
4814.249,43,19,+61.163,+0.770
4818.145,43,19,+61.188,+0.715
4823.625,43,19,+61.323,+0.691
4828.214,43,19,+61.500,+0.745
4832.482,43,19,+61.559,+0.771
4835.677,43,19,+61.641,+0.766
4837.258,43,19,+61.664,+0.809
4838.029,43,19,+61.671,+0.813
4840.845,43,19,+61.706,+0.790
4846.328,43,19,+61.661,+0.653
4855.429,43,19,+61.900,+0.713
4859.394,43,19,+61.856,+0.680
4862.328,43,19,+61.898,+0.747
4863.122,43,19,+61.901,+0.735
4866.386,43,18,+61.901,+0.735
4866.464,43,18,+61.849,+0.618
4869.246,43,18,+61.831,+0.558
4876.371,43,18,+61.962,+0.667
4882.294,43,18,+61.992,+0.600
4887.467,43,18,+62.120,+0.655
4889.358,43,18,+62.161,+0.643
4892.874,43,18,+62.095,+0.396
4896.811,43,18,+62.357,+0.539
4901.186,43,18,+62.512,+0.619
4905.202,43,18,+62.564,+0.618
4910.655,43,18,+62.837,+0.698
4915.264,43,18,+63.005,+0.815
4919.544,43,18,+63.020,+0.754
4922.729,43,18,+63.141,+0.766
4924.329,43,18,+63.148,+0.778
4925.094,43,18,+63.155,+0.778
4927.915,43,18,+63.201,+0.747
4933.508,43,18,+63.239,+0.727
4942.593,43,18,+63.465,+0.717
4946.608,43,18,+63.490,+0.758
4949.561,43,18,+63.525,+0.780
4950.342,43,18,+63.524,+0.761
4953.717,43,18,+63.473,+0.643
4956.529,43,18,+63.477,+0.625
4963.605,43,18,+63.641,+0.687
4969.754,43,18,+63.915,+0.865
4974.773,43,18,+63.960,+0.719
4976.616,43,18,+63.946,+0.659
4980.103,43,18,+63.869,+0.382
4984.077,43,18,+64.095,+0.493
4988.392,43,18,+64.293,+0.570
4992.342,43,18,+64.341,+0.537
4997.755,43,18,+64.561,+0.516
5002.401,43,18,+64.752,+0.629
5006.694,43,18,+64.748,+0.604
5009.891,43,18,+64.889,+0.625
5011.548,43,18,+64.918,+0.666
5012.313,43,18,+64.934,+0.674
5015.145,43,18,+64.978,+0.674
5020.811,43,18,+65.059,+0.694
5029.874,43,18,+65.269,+0.669
5033.916,43,18,+65.243,+0.621
5036.799,43,18,+65.260,+0.713
5037.607,43,18,+65.259,+0.706
5040.961,43,18,+65.189,+0.591
5043.673,43,18,+65.103,+0.446
5050.777,43,18,+65.143,+0.456
5056.699,43,18,+65.302,+0.369
5061.891,43,18,+65.478,+0.443
5063.851,43,18,+65.548,+0.452
5067.376,43,18,+65.533,+0.240
5071.477,43,18,+65.947,+0.536
5075.894,43,18,+66.142,+0.683
5079.844,43,18,+66.215,+0.710
5085.428,43,18,+66.480,+0.721
5090.0,43,18,+66.674,+0.865
5094.219,43,18,+66.608,+0.766
5097.399,43,18,+66.732,+0.646
5099.081,43,18,+66.774,+0.706
5099.832,43,18,+66.784,+0.720
5102.622,43,18,+66.818,+0.706
5108.274,43,18,+66.915,+0.644
5117.4,43,18,+67.080,+0.622
5121.451,43,18,+67.141,+0.722
5124.403,43,18,+67.164,+0.767
5125.237,43,18,+67.164,+0.757
5128.574,43,18,+67.100,+0.646
5131.302,43,18,+67.066,+0.581
5138.342,43,18,+67.082,+0.495
5144.361,43,18,+67.330,+0.532
5149.437,43,18,+67.191,+0.481
5151.37,43,18,+67.205,+0.481
5154.87,43,18,+67.152,+0.267
5158.886,43,18,+57.636,+0.489
5163.261,43,18,+57.831,+0.584
5167.185,43,18,+57.933,+0.566
5172.629,43,18,+58.156,+0.596
5177.201,43,18,+58.397,+0.667
5181.498,43,18,+58.559,+0.648
5184.686,43,18,+58.651,+0.574
5186.42,43,18,+58.748,+0.628
5187.155,43,18,+58.790,+0.634
5189.936,43,18,+58.898,+0.621
5195.545,43,18,+59.110,+0.609
5204.529,43,18,+59.313,+0.585
5208.617,43,18,+59.572,+0.652
5211.502,43,18,+59.656,+0.715
5212.306,43,18,+65.757,+0.710
5215.568,43,17,+65.757,+0.710
5215.659,43,17,+59.595,+0.616
5218.461,43,17,+59.627,+0.651
5225.697,43,17,+59.962,+0.791
5231.697,43,17,+60.094,+0.820
5236.947,43,17,+60.284,+0.909
5238.869,43,17,+60.392,+0.956
5242.416,43,17,+60.365,+0.786
5246.322,43,17,+60.623,+0.897
5250.672,43,17,+60.810,+0.879
5254.672,43,17,+60.962,+0.834
5260.141,43,17,+61.204,+0.716
5264.782,43,17,+61.525,+0.729
5269.079,43,17,+61.733,+0.646
5272.273,43,17,+61.860,+0.564
5274.011,43,17,+61.990,+0.610
5274.761,43,17,+62.026,+0.607
5277.589,43,17,+62.113,+0.575
5283.402,43,17,+62.472,+0.608
5292.568,43,17,+62.928,+0.615
5296.699,43,17,+63.158,+0.754
5299.648,43,17,+63.312,+0.833
5300.432,43,17,+63.322,+0.830
5303.821,43,17,+63.271,+0.789
5306.561,43,17,+63.223,+0.794
5313.64,43,17,+63.471,+0.650
5319.662,43,17,+63.603,+0.623
5324.799,43,17,+63.700,+0.602
5326.677,43,17,+63.759,+0.613
5330.273,43,17,+63.697,+0.433
5334.186,43,17,+64.126,+0.616
5338.655,43,17,+64.482,+0.736
5342.606,43,17,+64.621,+0.701
5348.122,43,17,+64.849,+0.667
5352.809,43,17,+65.146,+0.698
5357.153,43,17,+65.304,+0.610
5360.45,43,17,+65.461,+0.570
5362.091,43,17,+65.570,+0.629
5362.89,43,17,+65.605,+0.628
5365.731,43,17,+65.681,+0.605
5371.434,43,17,+65.953,+0.602
5380.701,43,17,+66.235,+0.719
5384.758,43,17,+66.409,+0.738
5387.735,43,17,+66.610,+0.840
5388.568,43,17,+66.625,+0.839
5391.916,43,17,+66.572,+0.807
5394.61,43,17,+66.450,+0.843
5401.749,43,17,+66.722,+0.621
5407.789,43,17,+66.912,+0.558
5412.94,43,17,+66.951,+0.339
5414.85,43,17,+67.024,+0.246
5418.4,43,17,+67.021,+0.205
5422.582,43,17,+67.536,+0.383
5427.075,43,17,+67.830,+0.346
5431.2,43,17,+68.044,+0.337
5436.711,43,17,+68.426,+0.392
5441.485,43,17,+68.795,+0.448
5445.9,43,17,+68.947,+0.292
5449.129,43,17,+69.104,+0.291
5450.823,43,17,+69.263,+0.319
5451.636,43,17,+69.300,+0.310
5454.48,43,17,+69.399,+0.298
5460.204,43,17,+69.710,+0.286
5469.433,43,17,+70.055,+0.293
5473.661,43,17,+70.444,+0.311
5476.702,43,17,+70.621,+0.263
5477.514,43,17,+70.631,+0.246
5480.828,43,17,+70.548,+0.128
5483.424,43,16,+70.548,+0.128
5483.495,43,16,+70.415,+2.609
5490.483,43,16,+70.512,+2.650
5496.467,43,16,+70.571,+2.593
5501.639,43,16,+70.578,+2.711
5503.529,43,16,+70.623,+2.686
5507.044,43,16,+70.564,+2.433
5510.9,43,16,+70.780,+2.599
5515.325,43,16,+70.933,+2.693
5519.26,43,16,+70.993,+2.678
5524.675,43,16,+71.190,+2.578
5529.351,43,16,+71.404,+2.738
5533.614,43,16,+71.464,+2.766
5536.84,43,16,+71.558,+2.803
5538.53,43,16,+71.639,+2.876
5539.273,43,16,+71.674,+2.897
5542.101,43,16,+71.762,+2.921
5547.695,43,16,+71.884,+2.868
5556.871,43,16,+72.137,+2.723
5560.993,43,16,+72.182,+2.809
5563.8,43,16,+72.310,+2.872
5564.608,43,16,+72.322,+2.864
5568.017,43,16,+72.315,+2.781
5570.752,43,16,+72.297,+2.735
5577.829,43,16,+72.316,+2.805
5583.656,43,16,+72.176,+2.663
5588.765,43,16,+72.167,+2.713
5590.67,43,16,+72.239,+2.768
5594.17,43,16,+72.222,+2.584
5597.952,43,16,+72.330,+2.610
5602.405,43,16,+72.516,+2.744
5606.311,43,16,+72.593,+2.730
5611.78,43,16,+72.704,+2.680
5616.342,43,16,+72.863,+2.772
5620.652,43,16,+73.004,+2.802
5623.87,43,16,+73.145,+2.846
5625.511,43,16,+73.248,+2.949
5626.339,43,16,+73.285,+2.964
5629.167,43,16,+73.397,+2.983
5634.785,43,16,+73.522,+2.950
5643.917,43,16,+73.653,+2.934
5647.992,43,16,+73.787,+3.072
5650.931,43,16,+73.976,+3.169
5651.731,43,16,+73.995,+3.165
5655.172,43,16,+74.017,+3.099
5657.914,43,16,+74.011,+3.061
5665.48,43,16,+74.578,+3.486
5671.448,43,16,+74.700,+3.473
5676.683,43,16,+74.880,+3.635
5678.652,43,16,+75.020,+3.726
5682.198,43,16,+75.034,+3.558
5686.058,43,16,+75.235,+3.660
5690.488,43,16,+75.443,+3.739
5694.446,43,16,+75.552,+3.762
5699.873,43,16,+75.666,+3.798
5704.472,43,16,+75.890,+3.922
5708.777,43,16,+76.043,+3.937
5711.995,43,16,+76.170,+3.983
5713.683,43,16,+76.248,+4.041
5714.464,43,16,+76.266,+4.046
5717.292,43,16,+76.370,+4.066
5722.991,43,16,+76.575,+4.062
5732.214,43,16,+76.859,+3.939
5736.261,43,16,+76.951,+4.034
5739.161,43,16,+77.087,+4.096
5739.972,43,16,+77.097,+4.087
5743.361,43,16,+77.100,+4.007
5746.161,43,16,+77.140,+3.940
5753.277,43,16,+77.276,+3.975
5759.12,43,16,+77.230,+3.841
5764.23,43,16,+77.304,+3.917
5766.153,43,16,+77.356,+3.900
5769.745,43,16,+77.327,+3.684
5773.402,43,16,+77.417,+3.664
5777.777,43,16,+77.376,+3.770
5781.745,43,16,+77.517,+3.766
5787.1,43,16,+77.477,+3.567
5791.706,43,16,+77.650,+3.688
5795.979,43,16,+77.734,+3.667
5799.214,43,16,+77.795,+3.653
5800.834,43,16,+77.836,+3.675
5801.613,43,16,+77.854,+3.674
5804.392,43,16,+77.912,+3.652
5810.039,43,16,+77.866,+3.638
5819.204,43,16,+78.082,+3.586
5823.274,43,16,+78.190,+3.777
5826.26,43,16,+78.350,+3.912
5827.06,43,16,+78.365,+3.913
5830.472,43,16,+78.387,+3.857
5833.272,43,16,+78.434,+3.854
5840.384,43,16,+78.489,+3.712
5846.245,43,16,+78.460,+3.617
5851.367,43,16,+78.514,+3.614
5853.228,43,16,+78.530,+3.584
5856.734,43,16,+78.477,+3.356
5860.543,43,16,+78.559,+3.402
5864.873,43,16,+78.621,+3.431
5868.833,43,16,+78.655,+3.408
5874.245,43,16,+78.771,+3.349
5878.855,43,16,+78.946,+3.468
5883.136,43,16,+79.094,+3.487
5886.37,43,16,+79.230,+3.550
5888.011,43,16,+79.278,+3.594
5888.776,43,16,+79.293,+3.603
5891.589,43,16,+79.308,+3.620
5897.245,43,16,+79.406,+3.564
5906.476,43,16,+79.609,+3.625
5910.585,43,16,+79.744,+3.820
5913.597,43,16,+79.956,+3.964
5914.405,43,16,+79.977,+3.964
5917.827,43,16,+80.008,+3.912
5920.655,43,16,+80.063,+3.914
5927.78,43,16,+80.105,+3.968
5933.639,43,16,+80.063,+3.901
5938.733,43,16,+80.096,+3.948
5940.67,43,16,+80.186,+3.971
5944.186,43,16,+80.163,+3.755
5947.983,43,16,+80.213,+3.849
5952.373,43,16,+80.310,+3.895
5956.326,43,16,+80.397,+3.873
5961.809,43,16,+80.518,+3.836
5966.355,43,16,+80.679,+3.866
5970.651,43,16,+80.765,+3.872
5973.842,43,16,+80.876,+3.892
5975.53,43,16,+80.950,+3.966
5976.358,43,16,+80.977,+3.988
5979.17,43,16,+81.093,+4.029
5984.795,43,16,+81.156,+3.923
5993.951,43,16,+81.357,+3.961
5998.03,43,16,+81.424,+4.114
6001.014,43,16,+81.530,+4.205
6001.842,43,16,+81.545,+4.200
6005.295,43,16,+81.577,+4.131
6008.03,43,16,+81.663,+4.138
6015.151,43,16,+81.746,+4.200
6021.026,43,16,+81.778,+4.180
6026.136,43,16,+81.708,+4.210
6028.073,43,16,+81.709,+4.207
6031.525,43,16,+81.672,+3.993
6035.374,43,16,+81.860,+4.159
6039.772,43,16,+81.917,+4.237
6043.701,43,16,+82.013,+4.252
6049.123,43,16,+82.125,+4.235
6053.686,43,16,+82.240,+4.298
6057.936,43,16,+82.231,+4.318
6061.104,43,16,+82.256,+4.274
6062.686,43,16,+82.212,+4.249
6063.461,43,16,+82.197,+4.243
6066.325,43,16,+82.161,+4.214
6071.972,43,16,+82.329,+4.240
6081.132,43,16,+82.522,+4.214
6085.152,43,16,+82.632,+4.364
6088.199,43,16,+82.786,+4.448
6088.904,43,16,+82.806,+4.445
6092.372,43,16,+82.122,+4.381
6095.12,43,16,+82.202,+4.388
6102.261,43,16,+82.264,+4.512
6108.128,43,16,+82.376,+4.495
6113.205,43,16,+82.279,+4.364
6115.08,43,16,+82.381,+4.358
6118.533,43,16,+82.426,+4.143
6122.314,43,16,+82.468,+4.224
6126.704,43,16,+82.445,+4.216
6130.591,43,16,+82.549,+4.225
6135.962,43,16,+82.579,+4.163
6140.542,43,16,+82.693,+4.254
6144.794,43,16,+82.723,+4.236
6148.008,43,16,+82.843,+4.235
6149.613,43,16,+82.894,+4.263
6150.394,43,16,+82.915,+4.277
6153.186,43,16,+83.028,+4.282
6158.873,43,16,+82.989,+4.273
6167.937,43,16,+83.076,+4.256
6172.086,43,16,+83.393,+4.475
6175.026,43,16,+83.541,+4.553
6175.839,43,16,+83.556,+4.549
6179.23,43,16,+83.595,+4.492
6182.016,43,16,+83.681,+4.487
6189.412,43,16,+84.017,+4.833
6196.428,43,16,1 L,+5.864
6201.506,43,16,1 L,+5.859
6203.491,43,16,1 L,+5.887
6206.975,43,16,1 L,+5.673
6210.881,43,16,1 L,+5.771
6215.397,43,16,1 L,+5.930
6219.397,43,16,1 L,+5.932
6224.799,43,16,1 L,+5.923
6229.472,43,16,1 L,+6.097
6233.832,43,16,1 L,+6.109
6236.93,43,16,1 L,+6.030
6238.593,43,16,1 L,+6.051
6239.342,43,16,1 L,+6.047
6242.139,43,16,1 L,+6.001
6247.764,43,16,1 L,+5.914
6256.858,43,16,1 L,+5.936
6261.015,43,16,1 L,+6.190
6264.86,43,16,1 L,+6.315
6268.272,43,15,1 L,+6.315
6271.056,43,15,1 L,+6.230
6278.179,43,15,1 L,+6.343
6283.914,43,15,1 L,+6.256
6289.029,43,15,1 L,+6.320
6290.934,43,15,1 L,+6.332
6294.415,43,15,1 L,+6.114
6298.26,43,15,1 L,+6.152
6302.601,43,15,1 L,+6.113
6306.514,43,15,1 L,+6.101
6311.873,43,15,1 L,+5.983
6316.326,43,15,1 L,+6.003
6320.67,43,15,1 L,+6.007
6323.873,43,15,1 L,+6.009
6325.514,43,15,1 L,+6.027
6326.264,43,15,1 L,+6.034
6329.904,43,15,1 L,+6.842
6335.764,43,15,1 L,+7.070
6344.951,43,15,1 L,+7.169
6349.092,43,15,1 L,+7.405
6352.076,43,15,1 L,+7.546
6352.92,43,15,1 L,+7.544
6356.248,43,15,1 L,+7.438
6358.951,43,15,1 L,+6.813
6366.104,43,15,1 L,+6.242
6372.023,43,15,1 L,+5.963
6377.216,43,15,1 L,+5.903
6379.045,43,15,1 L,+5.932
6382.542,43,15,1 L,+5.742
6386.432,43,15,1 L,+5.737
6390.792,43,15,1 L,+5.712
6394.714,43,15,1 L,+5.606
6400.151,43,15,1 L,+5.507
6404.748,43,15,1 L,+5.548
6409.201,43,15,1 L,+5.604
6412.414,43,15,1 L,+5.577
6413.985,43,15,1 L,+5.556
6414.772,43,15,1 L,+5.552
6417.545,43,15,1 L,+5.525
6423.202,43,15,1 L,+5.515
6432.391,43,15,1 L,+5.569
6436.526,43,15,1 L,+5.796
6439.511,43,15,1 L,+5.955
6440.323,43,15,1 L,+5.959
6443.73,43,15,1 L,+5.906
6446.464,43,15,1 L,+5.899
6453.585,43,15,1 L,+5.590
6459.476,43,15,1 L,+5.526
6464.648,43,15,1 L,+5.547
6466.516,43,15,1 L,+5.550
6470.034,43,15,1 L,+5.334
6473.828,43,15,1 L,+5.386
6478.189,43,15,1 L,+5.428
6482.101,43,15,1 L,+5.408
6487.498,43,15,1 L,+5.281
6492.042,43,15,1 L,+5.301
6496.417,43,15,1 L,+5.300
6499.558,43,15,1 L,+5.246
6501.201,43,15,1 L,+5.255
6501.963,43,15,1 L,+5.254
6504.699,43,15,1 L,+5.170
6510.284,43,15,1 L,+5.008
6519.415,43,15,1 L,+4.743
6539.814,43,16,1 L,+4.743
6545.649,43,17,1 L,+4.743
6546.028,43,18,1 L,+4.743
6554.605,43,18,1 L,+2.914
6562.161,43,18,1 L,+3.241
6568.328,43,18,1 L,+3.504
6573.385,43,17,1 L,+3.504
6573.468,43,17,1 L,+3.722
6575.43,43,17,1 L,+3.848
6579.435,43,17,1 L,+4.172
6583.64,43,17,1 L,+4.634
6588.034,43,17,1 L,+4.923
6591.928,43,17,1 L,+4.982
6597.375,43,17,1 L,+5.172
6602.001,43,17,1 L,+5.429
6606.355,43,17,1 L,+5.621
6609.547,43,17,1 L,+5.696
6611.213,43,17,1 L,+5.806
6611.994,43,17,1 L,+5.839
6614.837,43,17,1 L,+5.912
6620.389,43,17,1 L,+6.059
6629.43,43,17,1 L,+6.209
6633.399,43,17,1 L,+6.457
6636.313,43,17,1 L,+6.594
6637.094,43,17,1 L,+6.599
6640.489,43,17,1 L,+6.577
6643.261,43,17,1 L,+6.590
6650.185,43,17,1 L,+6.701
6655.975,43,17,1 L,+6.546
6660.918,43,17,1 L,+6.493
6662.718,43,17,1 L,+6.456
6666.214,43,17,1 L,+6.285
6669.845,43,17,1 L,+6.213
6674.127,43,17,1 L,+6.106
6677.96,43,17,1 L,+6.184
6683.164,43,17,1 L,+5.504
6687.628,43,17,1 L,+5.307
6691.799,43,17,1 L,+5.073
6695.028,43,17,1 L,+4.936
6696.516,43,17,1 L,+4.805
6697.278,43,17,1 L,+4.780
6700.091,43,17,1 L,+4.792
6705.563,43,17,1 L,+4.509
6714.428,43,17,1 L,+4.256
6718.376,43,17,1 L,+4.131
6721.261,43,17,1 L,+4.027
6722.043,43,17,1 L,+4.006
6725.513,43,17,1 L,+3.947
6728.161,43,17,1 L,+3.489
6735.085,43,17,1 L,+3.100
6740.714,43,17,1 L,+2.632
6745.764,43,17,1 L,+2.429
6747.541,43,17,1 L,+2.339
6751.005,43,17,1 L,+2.249
6754.606,43,17,1 L,+1.985
6758.845,43,17,1 L,+1.821
6762.603,43,17,1 L,+1.678
6767.795,43,17,1 L,+1.464
6772.285,43,17,1 L,+1.386
6776.36,43,17,1 L,+1.151
6779.514,43,17,1 L,+1.062
6781.049,43,17,1 L,+0.960
6781.814,43,17,1 L,+0.939
6784.567,43,17,1 L,+0.925
6790.104,43,17,1 L,+0.767
6798.994,43,17,1 L,+0.641
6802.982,43,17,1 L,+0.436
6805.922,43,17,1 L,+0.367
6806.721,43,17,1 L,+0.344
6809.986,43,17,1 L,+0.208
6812.674,43,17,1 L,+0.093
6819.617,43,16,1 L,+0.093
6819.694,43,16,1 L,+5.975
6825.68,43,16,1 L,+6.042
6830.728,43,16,1 L,+6.157
6832.584,43,16,1 L,+6.079
6836.042,43,16,1 L,+4.103
6839.806,43,16,1 L,+3.782
6844.114,43,16,1 L,+3.725
6847.992,43,16,1 L,+3.670
6853.315,43,16,1 L,+3.528
6857.793,43,16,1 L,+3.524
6861.982,43,16,1 L,+3.498
6865.076,43,16,1 L,+3.431
6866.639,43,16,1 L,+3.433
6867.417,43,16,1 L,+3.429
6870.199,43,16,1 L,+3.447
6875.748,43,16,1 L,+3.427
6884.699,43,16,1 L,+3.359
6888.608,43,16,1 L,+3.469
6891.562,43,16,1 L,+3.575
6895.713,43,16,1 L,+3.550
6898.502,43,16,1 L,+3.573
6905.524,43,16,1 L,+3.660
6911.341,43,16,1 L,+3.679
6916.361,43,16,1 L,+3.686
6918.251,43,16,1 L,+3.687
6921.704,43,16,1 L,+3.492
6925.423,43,16,1 L,+3.477
6929.715,43,16,1 L,+3.596
6933.515,43,16,1 L,+3.571
6938.798,43,16,1 L,+3.419
6943.31,43,16,1 L,+3.552
6947.495,43,16,1 L,+3.583
6950.671,43,16,1 L,+3.615
6952.28,43,16,1 L,+3.629
6953.03,43,16,1 L,+3.632
6955.801,43,16,1 L,+3.612
6961.29,43,16,1 L,+3.544
6970.229,43,16,1 L,+3.639
6974.299,43,16,1 L,+3.796
6977.16,43,16,1 L,+3.781
6977.962,43,16,1 L,+3.768
6981.346,43,16,1 L,+3.708
6984.151,43,16,1 L,+3.717
6991.073,43,16,1 L,+3.427
6996.979,43,16,1 L,+3.445
7002.028,43,16,1 L,+3.506
7003.901,43,16,1 L,+3.492
7007.383,43,16,1 L,+3.267
7011.328,43,16,1 L,+3.499
7015.673,43,16,1 L,+3.635
7019.496,43,16,1 L,+3.594
7024.793,43,16,1 L,+3.521
7029.307,43,16,1 L,+3.646
7033.537,43,16,1 L,+3.718
7036.704,43,16,1 L,+3.735
7041.772,43,16,1 L,+3.731
7047.299,43,16,1 L,+3.699
7056.452,43,16,1 L,+3.961
7060.476,43,16,1 L,+4.064
7063.37,43,16,1 L,+4.159
7064.16,43,16,1 L,+4.157
7067.593,43,16,1 L,+4.102
7070.299,43,16,1 L,+4.080
7077.214,43,16,1 L,+4.106
7082.999,43,16,1 L,+4.113
7088.028,43,16,1 L,+4.102
7089.874,43,16,1 L,+4.059
7093.323,43,16,1 L,+3.825
7097.089,43,16,1 L,+3.950
7101.342,43,16,1 L,+3.990
7105.294,43,16,1 L,+3.982
7110.489,43,16,1 L,+4.011
7115.033,43,16,1 L,+4.127
7119.201,43,16,1 L,+4.130
7122.339,43,16,1 L,+4.101
7123.901,43,16,1 L,+4.114
7124.682,43,16,1 L,+4.112
7127.417,43,16,1 L,+4.106
7132.972,43,16,1 L,+4.137
7141.999,43,16,1 L,+4.144
7146.069,43,16,1 L,+4.298
7148.948,43,16,1 L,+4.272
7149.776,43,16,1 L,+4.264
7153.133,43,16,1 L,+4.209
7155.894,43,16,1 L,+4.186
7162.946,43,16,1 L,+4.244
7168.799,43,16,1 L,+4.272
7173.849,43,16,1 L,+4.290
7175.722,43,16,1 L,+4.266
7179.146,43,16,1 L,+4.039
7182.992,43,16,1 L,+4.079
7187.258,43,16,1 L,+4.139
7191.12,43,16,1 L,+4.092
7196.473,43,16,1 L,+4.157
7200.924,43,16,1 L,+4.221
7205.299,43,16,1 L,+4.299
7208.328,43,16,1 L,+4.280
7209.918,43,16,1 L,+4.272
7213.481,43,16,1 L,+4.274
7219.003,43,16,1 L,+4.266
7227.967,43,16,1 L,+4.325
7231.972,43,16,1 L,+4.459
7234.907,43,16,1 L,+4.553
7235.701,43,16,1 L,+4.551
7239.038,43,16,1 L,+4.506
7241.845,43,16,1 L,+4.498
7248.894,43,16,1 L,+4.695
7254.776,43,16,1 L,+4.766
7259.799,43,16,1 L,+4.820
7261.64,43,16,1 L,+4.803
7265.13,43,16,1 L,+4.583
7268.76,43,16,1 L,+4.505
7272.991,43,16,1 L,+4.532
7276.876,43,16,1 L,+4.540
7282.202,43,16,1 L,+4.561
7286.69,43,16,1 L,+4.699
7290.929,43,16,1 L,+4.792
7294.072,43,16,1 L,+4.795
7295.628,43,16,1 L,+4.804
7296.43,43,16,1 L,+4.816
7299.199,43,16,1 L,+4.826
7304.763,43,16,1 L,+4.893
7313.741,43,16,1 L,+4.901
7317.73,43,16,1 L,+4.913
7320.653,43,16,1 L,+5.073
7321.46,43,16,1 L,+5.078
7324.849,43,16,1 L,+5.042
7327.596,43,16,1 L,+5.034
7334.567,43,16,1 L,+5.083
7340.31,43,16,1 L,+5.002
7345.389,43,16,1 L,+5.039
7347.214,43,16,1 L,+4.991
7350.664,43,16,1 L,+4.751
7354.272,43,16,1 L,+4.672
7358.574,43,16,1 L,+4.732
7362.414,43,16,1 L,+4.724
7367.664,43,16,1 L,+4.644
7372.16,43,16,1 L,+4.750
7376.413,43,16,1 L,+4.752
7379.56,43,16,1 L,+4.740
7381.15,43,16,1 L,+4.765
7381.932,43,16,1 L,+4.780
7384.699,43,16,1 L,+4.776
7390.436,43,16,1 L,+4.912
7399.609,43,16,1 L,+5.144
7403.615,43,16,1 L,+5.231
7406.631,43,16,1 L,+5.435
7407.452,43,16,1 L,+5.447
7410.893,43,16,1 L,+5.442
7413.62,43,16,1 L,+5.463
7420.573,43,16,1 L,+4.957
7426.399,43,16,1 L,+4.855
7431.465,43,16,1 L,+4.892
7433.314,43,16,1 L,+4.855
7436.792,43,16,1 L,+4.654
7440.434,43,16,1 L,+4.512
7444.76,43,16,1 L,+4.583
7448.622,43,16,1 L,+4.522
7453.993,43,16,1 L,+4.519
7458.438,43,16,1 L,+4.550
7462.698,43,16,1 L,+4.589
7465.885,43,16,1 L,+4.595
7467.432,43,16,1 L,+4.568
7468.182,43,16,1 L,+4.557
7470.963,43,16,1 L,+4.555
7476.526,43,16,1 L,+4.521
7485.635,43,16,1 L,+4.538
7489.698,43,16,1 L,+4.735
7492.713,43,16,1 L,+4.875
7493.51,43,16,1 L,+4.874
7496.901,43,16,1 L,+4.821
7499.607,43,16,1 L,+4.765
7506.699,43,16,1 L,+4.808
7512.541,43,16,1 L,+4.805
7517.619,43,16,1 L,+4.859
7519.503,43,16,1 L,+4.860
7522.973,43,16,1 L,+4.666
7526.662,43,16,1 L,+4.595
7531.098,43,16,1 L,+4.825
7535.022,43,16,1 L,+4.827
7540.314,43,16,1 L,+4.753
7544.814,43,16,1 L,+4.828
7549.044,43,16,1 L,+4.938
7552.186,43,16,1 L,+4.933
7553.761,43,16,1 L,+4.945
7554.562,43,16,1 L,+4.950
7557.331,43,16,1 L,+4.962
7571.998,43,16,1 L,+4.901
7575.995,43,16,1 L,+4.976
7578.979,43,16,1 L,+5.147
7579.792,43,16,1 L,+5.152
7583.198,43,16,1 L,+5.123
7585.948,43,16,1 L,+5.100
7592.948,43,16,1 L,+5.121
7598.729,43,16,1 L,+5.119
7603.76,43,16,1 L,+5.095
7605.598,43,16,1 L,+5.067
7608.999,43,16,1 L,+4.854
7612.627,43,16,1 L,+4.778
7616.97,43,16,1 L,+4.948
7620.879,43,16,1 L,+4.930
7626.065,43,16,1 L,+4.823
7630.517,43,16,1 L,+4.925
7634.698,43,16,1 L,+4.975
7637.844,43,16,1 L,+4.953
7639.413,43,16,1 L,+4.970
7640.161,43,16,1 L,+4.976
7642.933,43,16,1 L,+5.000
7648.58,43,16,1 L,+5.126
7657.646,43,16,1 L,+5.239
7661.69,43,16,1 L,+5.490
7664.69,43,16,1 L,+5.666
7665.527,43,16,1 L,+5.668
7668.872,43,16,1 L,+5.637
7671.631,43,16,1 L,+5.615
7678.698,43,16,1 L,+5.584
7684.435,43,16,1 L,+5.528
7689.466,43,16,1 L,+5.561
7691.294,43,16,1 L,+5.529
7694.743,43,16,1 L,+5.313
7698.429,43,16,1 L,+5.240
7702.71,43,16,1 L,+5.366
7706.585,43,16,1 L,+5.388
7711.851,43,16,1 L,+5.359
7716.366,43,16,1 L,+5.525
7720.647,43,16,1 L,+5.611
7723.741,43,16,1 L,+5.601
7725.397,43,16,1 L,+5.595
7726.081,43,16,1 L,+5.603
7728.842,43,16,1 L,+5.616
7734.461,43,16,1 L,+5.666
7743.461,43,16,1 L,+5.694
7747.501,43,16,1 L,+5.771
7750.431,43,16,1 L,+5.887
7751.217,43,16,1 L,+5.883
7754.759,43,16,1 L,+5.988
7758.45,43,16,1 L,+6.909
7765.777,43,16,1 L,+7.352
7771.862,43,16,1 L,+7.602
7777.071,43,16,1 L,+7.818
7778.998,43,16,1 L,+7.880
7782.513,43,16,1 L,+7.704
7786.31,43,16,1 L,+7.820
7790.733,43,16,1 L,+8.051
7794.623,43,16,1 L,+8.097
7800.099,43,16,1 L,+8.254
7804.632,43,16,1 L,+8.378
7808.893,43,16,1 L,+8.432
7812.004,43,16,1 L,+8.413
7813.593,43,16,1 L,+8.428
7817.106,43,16,1 L,+8.413
7822.816,43,16,1 L,+8.546
7831.893,43,16,1 L,+8.703
7835.898,43,16,1 L,+8.852
7838.904,43,16,1 L,+9.010
7839.76,43,16,1 L,+9.016
7843.057,43,16,1 L,+8.993
7845.838,43,16,1 L,+8.947
7852.901,43,16,1 L,+8.972
7858.713,43,16,1 L,+8.932
7863.791,43,16,1 L,+9.025
7865.697,43,16,1 L,+9.015
7869.135,43,16,1 L,+8.817
7872.9,43,16,1 L,+8.871
7877.261,43,16,1 L,+8.997
7881.119,43,16,1 L,+9.034
7886.338,43,16,1 L,+8.964
7890.822,43,16,1 L,+9.075
7895.06,43,16,1 L,+9.131
7898.216,43,16,1 L,+9.094
7899.763,43,16,1 L,+9.056
7900.53,43,16,1 L,+9.062
7903.31,43,16,1 L,+9.055
7908.888,43,16,1 L,+9.127
7917.966,43,16,1 L,+9.156
7922.029,43,16,1 L,+9.373
7925.044,43,16,1 L,+9.529
7925.872,43,16,1 L,+9.539
7929.216,43,16,1 L,+9.531
7931.951,43,16,1 L,+9.522
7939.013,43,16,1 L,+9.611
7944.832,43,16,1 L,+9.548
7949.868,43,16,1 L,+9.537
7951.696,43,16,1 L,+9.484
7955.165,43,16,1 L,+9.278
7958.933,43,16,1 L,+9.225
7963.219,43,16,1 L,+9.362
7967.094,43,16,1 L,+9.358
7972.363,43,16,1 L,+9.308
7976.843,43,16,1 L,+9.362
7981.091,43,16,1 L,+9.431
7984.231,43,16,1 L,+9.429
7985.825,43,16,1 L,+9.444
7986.559,43,16,1 L,+9.448
7989.341,43,16,1 L,+9.504
7994.995,43,16,1 L,+9.558
8004.038,43,16,1 L,+9.626
8008.114,43,16,1 L,+9.624
8011.072,43,16,1 L,+9.777
8011.892,43,16,1 L,+9.783
8015.248,43,16,1 L,+9.815
8018.02,43,16,1 L,+9.834
8025.028,43,16,1 L,+9.674
8033.777,43,16,1 L,+12.519
8040.727,43,16,1 L,+14.171
8044.059,43,16,1 L,+14.948
8048.76,43,16,1 L,+13.421
8053.384,43,16,1 L,+13.256
8058.353,43,16,1 L,+13.657
8062.961,43,16,1 L,+12.906
8069.449,43,16,1 L,+13.076
8074.449,43,16,1 L,+11.769
8079.743,43,16,1 L,+11.544
8084.244,43,16,1 L,+11.095
8086.098,43,16,1 L,+10.904
8090.413,43,16,1 L,+11.157
8096.793,43,16,1 L,+11.132
8108.916,43,16,1 L,+11.911
8113.525,43,16,+155.455,+11.911
8117.01,43,16,+156.216,+11.911
8117.885,43,16,1 L,+10.479
8121.304,43,15,1 L,+10.479
8121.398,43,15,+156.460,+10.479
8124.295,43,15,1 L,+2.092
8131.42,43,15,1 L,+1.890
8137.342,43,15,1 L,+1.975
8142.404,43,15,1 L,+2.191
8144.313,43,15,1 L,+2.196
8147.719,43,14,1 L,+2.196
8147.798,43,14,1 L,+2.178
8151.494,43,14,1 L,+2.128
8155.932,43,14,1 L,+2.165
8159.838,43,14,1 L,+2.345
8165.293,43,14,1 L,+2.493
8169.727,43,14,1 L,+2.611
8174.059,43,14,1 L,+2.875
8177.171,43,14,1 L,+2.948
8178.775,43,14,1 L,+2.971
8179.603,43,14,1 L,+3.043
8182.916,43,14,1 L,+3.601
8188.682,43,14,1 L,+4.038
8197.757,43,14,1 L,+4.492
8201.798,43,14,1 L,+4.694
8204.809,43,14,1 L,+4.937
8205.668,43,14,1 L,+4.964
8208.959,43,14,1 L,+4.969
8211.682,43,14,1 L,+4.944
8218.713,43,14,1 L,+5.297
8224.587,43,14,1 L,+5.500
8229.697,43,14,1 L,+5.856
8231.588,43,14,1 L,+5.966
8235.035,43,14,1 L,+6.019
8238.871,43,14,1 L,+6.267
8243.243,43,14,1 L,+6.487
8247.113,43,14,1 L,+6.662
8252.527,43,14,1 L,+6.927
8257.127,43,14,1 L,+7.181
8261.389,43,14,1 L,+7.413
8264.498,43,14,1 L,+7.453
8266.159,43,14,1 L,+7.531
8266.885,43,14,1 L,+7.533
8269.633,43,14,1 L,+7.527
8275.2,43,14,1 L,+7.790
8284.098,43,14,1 L,+8.060
8288.243,43,14,1 L,+8.276
8291.122,43,14,1 L,+8.394
8291.919,43,14,1 L,+8.409
8295.31,43,14,1 L,+8.436
8298.041,43,14,1 L,+8.443
8305.092,43,14,1 L,+8.733
8310.819,43,14,1 L,+8.847
8315.888,43,14,1 L,+9.083
8317.779,43,14,1 L,+9.142
8321.249,43,14,1 L,+9.193
8324.837,43,14,1 L,+9.202
8329.191,43,14,1 L,+9.331
8333.053,43,14,1 L,+9.486
8338.373,43,14,1 L,+9.529
8342.9,43,14,1 L,+9.708
8347.135,43,14,1 L,+9.900
8350.244,43,14,1 L,+9.959
8351.806,43,14,1 L,+10.005
8352.556,43,14,1 L,+10.022
8355.306,43,14,1 L,+10.052
8360.9,43,14,1 L,+10.222
8369.9,43,14,1 L,+10.503
8373.994,43,14,1 L,+10.714
8376.9,43,14,1 L,+10.829
8377.713,43,14,1 L,+10.846
8381.103,43,14,1 L,+10.883
8383.885,43,14,1 L,+10.941
8390.853,43,14,1 L,+11.162
8396.645,43,14,1 L,+11.315
8401.673,43,14,1 L,+11.480
8403.527,43,14,1 L,+11.544
8407.021,43,14,1 L,+11.602
8410.681,43,14,1 L,+11.686
8415.018,43,14,1 L,+11.805
8418.877,43,14,1 L,+11.898
8424.216,43,14,1 L,+11.929
8428.7,43,14,1 L,+12.115
8433.022,43,14,1 L,+12.302
8436.129,43,14,1 L,+12.311
8437.642,43,14,1 L,+12.308
8438.429,43,14,1 L,+12.327
8441.191,43,14,1 L,+12.353
8446.692,43,14,1 L,+12.454
8455.659,43,14,1 L,+12.685
8459.7,43,14,1 L,+12.794
8462.58,43,14,1 L,+12.883
8463.392,43,14,1 L,+12.896
8466.798,43,14,1 L,+12.961
8469.566,43,14,1 L,+13.008
8476.556,43,15,1 L,+13.008
8476.831,43,15,1 L,+0.183
8482.729,43,15,1 L,+0.361
8488.041,43,15,1 L,+0.679
8489.978,43,15,1 L,+0.848
8493.509,43,15,1 L,+0.753
8497.327,43,15,1 L,+1.026
8501.703,43,15,1 L,+1.296
8505.672,43,15,1 L,+1.410
8511.059,43,15,1 L,+1.520
8516.541,43,15,1 L,+1.753
8519.827,43,15,1 L,+1.911
8522.933,43,15,1 L,+1.926
8524.527,43,15,1 L,+2.013
8525.334,43,15,1 L,+2.060
8528.588,43,15,1 L,+2.609
8534.478,43,15,1 L,+3.103
8543.827,43,15,1 L,+3.556
8548.03,43,15,1 L,+3.949
8551.088,43,15,1 L,+4.141
8551.885,43,15,1 L,+4.148
8555.244,43,15,1 L,+4.087
8557.994,43,15,1 L,+4.053
8565.119,43,15,1 L,+4.248
8570.9,43,15,1 L,+4.181
8576.041,43,15,1 L,+4.390
8577.9,43,15,1 L,+4.477
8581.369,43,15,1 L,+4.332
8585.123,43,15,1 L,+4.420
8589.453,43,15,1 L,+4.632
8593.375,43,15,1 L,+4.738
8598.627,43,15,1 L,+4.758
8603.171,43,15,1 L,+4.947
8607.456,43,15,1 L,+5.115
8610.579,43,15,1 L,+5.176
8612.189,43,15,1 L,+5.280
8612.972,43,15,1 L,+5.323
8615.757,43,15,1 L,+5.373
8621.385,43,15,1 L,+5.552
8630.5,43,15,1 L,+5.811
8634.621,43,15,1 L,+6.112
8637.681,43,15,1 L,+6.270
8638.51,43,15,1 L,+6.274
8641.853,43,15,1 L,+6.221
8644.619,43,15,1 L,+6.236
8651.771,43,15,1 L,+6.484
8657.566,43,15,1 L,+6.475
8662.668,43,15,1 L,+6.638
8664.496,43,15,1 L,+6.698
8667.971,43,15,1 L,+6.536
8671.683,43,15,1 L,+6.656
8676.011,43,15,1 L,+6.907
8679.889,43,15,1 L,+6.918
8685.301,43,15,1 L,+7.004
8689.757,43,15,1 L,+7.162
8694.012,43,15,1 L,+7.267
8697.147,43,15,1 L,+7.191
8698.713,43,15,1 L,+7.234
8699.501,43,15,1 L,+7.259
8702.259,43,15,1 L,+7.276
8707.866,43,15,1 L,+7.267
8716.85,43,15,1 L,+7.219
8720.928,43,15,1 L,+7.420
8723.928,43,15,1 L,+7.481
8724.756,43,15,1 L,+7.477
8728.131,43,15,1 L,+7.348
8730.834,43,15,1 L,+6.633
8737.834,43,15,1 L,+6.551
8743.527,43,15,1 L,+6.381
8748.683,43,15,1 L,+6.054
8750.528,43,15,1 L,+6.013
8754.013,43,15,1 L,+5.918
8757.7,43,15,1 L,+5.950
8762.028,43,15,1 L,+6.029
8765.901,43,15,1 L,+6.049
8771.184,43,15,1 L,+6.019
8775.656,43,15,1 L,+6.113
8779.891,43,15,1 L,+6.254
8783.015,43,15,1 L,+6.269
8784.593,43,15,1 L,+6.326
8785.484,43,15,1 L,+6.356
8788.109,43,15,1 L,+6.466
8793.695,43,15,1 L,+6.556
8802.678,43,15,1 L,+6.753
8806.827,43,15,1 L,+7.071
8809.837,43,15,1 L,+7.207
8810.643,43,15,1 L,+7.212
8814.034,43,15,1 L,+7.180
8816.774,43,15,1 L,+7.191
8823.774,43,15,1 L,+7.310
8829.474,43,15,1 L,+7.204
8834.568,43,15,1 L,+7.405
8836.439,43,15,1 L,+7.432
8839.903,43,15,1 L,+7.269
8843.56,43,15,1 L,+7.392
8847.934,43,15,1 L,+7.709
8851.856,43,15,1 L,+7.809
8857.212,43,15,1 L,+7.931
8861.742,43,15,1 L,+8.111
8866.055,43,15,1 L,+8.301
8869.196,43,15,1 L,+8.348
8870.8,43,15,1 L,+8.444
8871.656,43,15,1 L,+8.482
8874.314,43,15,1 L,+8.543
8879.966,43,15,1 L,+8.716
8888.997,43,15,1 L,+9.020
8893.138,43,15,1 L,+9.315
8896.153,43,15,1 L,+9.483
8896.966,43,15,1 L,+9.490
8900.388,43,15,1 L,+9.460
8903.091,43,15,1 L,+9.439
8910.122,43,15,1 L,+9.530
8915.872,43,15,1 L,+9.518
8921.013,43,15,1 L,+9.541
8922.884,43,15,1 L,+9.590
8926.328,43,15,1 L,+9.452
8930.035,43,15,1 L,+9.543
8934.367,43,15,1 L,+9.733
8938.284,43,15,1 L,+9.756
8943.715,43,15,1 L,+9.878
8948.333,43,15,1 L,+10.131
8952.614,43,15,1 L,+10.301
8955.717,43,15,1 L,+10.289
8957.388,43,15,1 L,+10.387
8958.122,43,15,1 L,+10.425
8960.912,43,15,1 L,+10.479
8966.471,43,15,1 L,+10.597
8975.518,43,15,1 L,+10.818
8979.643,43,15,1 L,+11.109
8982.69,43,15,1 L,+11.344
8983.513,43,15,1 L,+11.360
8986.927,43,15,1 L,+11.340
8989.687,43,15,1 L,+11.314
8996.799,43,15,1 L,+11.561
9002.606,43,15,1 L,+11.544
9007.827,43,15,1 L,+11.845
9009.737,43,15,1 L,+11.980
9013.244,43,15,1 L,+11.884
9016.991,43,15,1 L,+12.069
9021.355,43,15,1 L,+12.258
9025.357,43,15,1 L,+12.476
9030.701,43,15,1 L,+12.643
9035.345,43,15,1 L,+12.942
9039.744,43,15,1 L,+13.203
9042.9,43,15,1 L,+13.291
9044.54,43,15,1 L,+13.404
9045.313,43,15,1 L,+13.443
9048.044,43,15,1 L,+13.493
9053.771,43,15,1 L,+13.692
9062.915,43,15,1 L,+14.055
9067.106,43,15,1 L,+14.348
9070.121,43,15,1 L,+14.489
9070.95,43,15,1 L,+14.512
9074.449,43,15,1 L,+14.589
9077.309,43,15,1 L,+14.668
9084.637,43,15,1 L,+15.084
9090.541,43,15,1 L,+15.176
9095.835,43,15,1 L,+15.424
9097.847,43,15,1 L,+15.580
9101.414,43,15,1 L,+15.526
9105.314,43,15,1 L,+15.851
9109.798,43,15,1 L,+16.214
9113.681,43,15,1 L,+16.270
9119.197,43,15,1 L,+16.452
9123.806,43,15,1 L,+16.764
9128.145,43,15,1 L,+17.013
9131.313,43,15,1 L,+17.094
9132.961,43,15,1 L,+17.239
9133.759,43,15,1 L,+17.294
9136.56,43,15,1 L,+17.400
9142.238,43,15,1 L,+17.557
9151.516,43,15,1 L,+17.919
9155.686,43,15,1 L,+18.199
9158.701,43,15,1 L,+18.378
9159.502,43,15,1 L,+18.390
9162.9,43,15,1 L,+18.370
9165.73,43,15,1 L,+18.369
9172.834,43,15,1 L,+18.634
9179.991,43,15,2 L,+19.924
9185.326,43,15,2 L,+20.264
9187.309,43,15,2 L,+20.430
9190.838,43,15,2 L,+20.338
9194.659,43,15,2 L,+20.645
9199.189,43,15,2 L,+21.005
9203.158,43,15,2 L,+21.055
9208.689,43,15,2 L,+21.292
9213.259,43,15,2 L,+21.590
9217.511,43,15,2 L,+21.719
9220.65,43,15,2 L,+21.743
9222.244,43,15,2 L,+21.839
9222.994,43,15,2 L,+21.878
9225.775,43,15,2 L,+21.887
9231.373,43,15,2 L,+22.017
9240.398,43,15,2 L,+22.144
9244.557,43,15,2 L,+22.372
9247.506,43,15,2 L,+22.527
9248.319,43,15,2 L,+22.537
9426.806,43,15,2L,+22.537
8.61,5,14,,
3249.973,5,14,,+0.904
3257.035,5,14,+1.708,+0.372
3260.072,5,15,+1.708,+0.372
3260.58,5,16,+1.708,+0.372
3260.695,5,15,+1.708,+0.372
3260.772,5,15,+1.824,+0.098
3268.177,5,15,+2.287,+0.244
3274.628,5,16,+2.287,+0.244
3275.1,5,16,+2.992,+0.244
3280.15,5,16,+3.127,+0.276
3283.069,5,16,+3.332,+0.042
3285.723,5,14,+3.332,+0.042
3285.817,5,14,+3.423,+0.360
3290.161,5,14,+3.913,+0.098
3294.589,5,13,+3.913,+0.098
3294.672,5,13,+4.173,+0.075
3298.9,5,13,+4.586,+0.222
3304.774,5,13,+5.057,+0.165
3309.561,5,13,+5.376,+0.221
3313.946,5,13,+5.637,+0.246
3317.274,5,13,+5.714,+0.203
3318.93,5,13,+5.842,+0.223
3319.727,5,13,+5.877,+0.240
3322.586,5,13,+5.907,+0.270
3328.352,5,13,+6.202,+0.234
3337.539,5,13,+6.473,+0.224
3341.696,5,13,+6.745,+0.214
3344.508,5,13,+6.757,+0.173
3345.321,5,13,+6.751,+0.166
3348.617,5,13,+6.643,+0.124
3351.336,5,13,+6.572,+0.081
3358.83,5,13,+6.988,+0.336
3365.03,5,13,+7.223,+0.415
3370.077,5,13,+7.280,+0.379
3371.936,5,13,+7.275,+0.339
3375.53,5,13,+7.263,+0.282
3379.625,5,13,+7.551,+0.328
3384.062,5,13,+7.724,+0.285
3388.161,5,13,+7.923,+0.350
3393.664,5,13,+8.022,+0.217
3398.429,5,13,+8.255,+0.253
3402.665,5,13,+8.316,+0.184
3405.961,5,13,+8.414,+0.223
3407.589,5,13,+8.497,+0.235
3408.371,5,13,+8.522,+0.251
3411.161,5,13,+8.514,+0.288
3416.949,5,13,+8.788,+0.276
3426.124,5,13,+8.998,+0.239
3430.311,5,13,+9.313,+0.224
3433.249,5,13,+9.426,+0.216
3433.999,5,13,+9.434,+0.213
3437.405,5,13,+9.360,+0.184
3440.161,5,13,+9.254,+0.185
3447.089,5,13,+9.299,+0.201
3453.223,5,13,+9.546,+0.294
3458.277,5,13,+9.701,+0.263
3460.136,5,13,+9.697,+0.202
3463.733,5,13,+9.735,+0.198
3467.834,5,13,+10.107,+0.378
3472.293,5,13,+10.272,+0.315
3476.231,5,13,+10.474,+0.418
3481.671,5,13,+10.580,+0.306
3486.274,5,13,+10.722,+0.287
3490.557,5,13,+10.849,+0.347
3493.778,5,13,+10.894,+0.360
3495.373,5,13,+10.952,+0.324
3496.174,5,13,+10.981,+0.325
3498.915,5,13,+10.986,+0.341
3504.712,5,13,+11.264,+0.397
3513.831,5,13,+11.420,+0.404
3517.965,5,13,+11.667,+0.356
3520.849,5,13,+11.785,+0.362
3521.659,5,13,+11.796,+0.358
3525.049,5,13,+11.730,+0.351
3527.873,5,13,+11.655,+0.420
3534.907,5,13,+11.758,+0.433
3541.046,5,13,+11.931,+0.413
3546.108,5,13,+12.040,+0.354
3547.952,5,13,+12.065,+0.325
3551.499,5,13,+12.064,+0.284
3555.483,5,13,+12.314,+0.444
3559.811,5,13,+12.426,+0.413
3563.792,5,13,+12.551,+0.456
3569.261,5,13,+12.804,+0.378
3573.861,5,13,+13.018,+0.375
3578.155,5,13,+13.215,+0.428
3581.342,5,13,+13.264,+0.380
3582.973,5,13,+13.361,+0.351
3583.746,5,13,+13.396,+0.358
3586.567,5,13,+13.414,+0.365
3592.267,5,13,+13.682,+0.380
3601.431,5,13,+13.987,+0.448
3605.544,5,13,+14.159,+0.366
3608.429,5,13,+14.202,+0.283
3609.228,5,13,+14.208,+0.275
3612.62,5,13,+14.142,+0.235
3615.433,5,13,+14.129,+0.305
3622.53,5,13,+14.283,+0.396
3628.72,5,13,+14.488,+0.461
3633.702,5,13,+14.442,+0.285
3635.577,5,13,+14.505,+0.285
3639.124,5,13,+14.497,+0.228
3643.233,5,13,+14.940,+0.427
3647.593,5,13,+15.110,+0.409
3651.588,5,13,+15.235,+0.491
3657.016,5,13,+15.493,+0.401
3661.608,5,13,+15.739,+0.404
3665.887,5,13,+15.856,+0.444
3669.033,5,13,+15.903,+0.420
3670.647,5,13,+15.990,+0.430
3671.401,5,13,+16.021,+0.444
3674.159,5,13,+16.026,+0.438
3679.887,5,13,+16.159,+0.396
3689.073,5,13,+16.473,+0.453
3693.183,5,13,+16.684,+0.454
3696.105,5,13,+16.776,+0.455
3696.902,5,13,+16.788,+0.457
3700.292,5,13,+16.755,+0.424
3703.089,5,13,+16.720,+0.392
3710.128,5,13,+16.841,+0.378
3716.272,5,13,+17.012,+0.330
3721.328,5,13,+17.060,+0.322
3723.285,5,13,+17.068,+0.287
3726.768,5,13,+17.045,+0.223
3730.772,5,13,+17.416,+0.421
3735.202,5,13,+17.639,+0.443
3739.161,5,13,+17.703,+0.464
3744.629,5,13,+17.967,+0.381
3749.199,5,13,+18.175,+0.357
3753.48,5,13,+18.350,+0.402
3756.702,5,13,+18.419,+0.402
3758.281,5,13,+18.481,+0.395
3759.058,5,13,+18.497,+0.404
3761.799,5,13,+18.505,+0.412
3767.557,5,13,+18.773,+0.398
3776.733,5,13,+19.078,+0.452
3780.915,5,13,+19.365,+0.477
3783.784,5,13,+19.417,+0.447
3784.542,5,13,+19.426,+0.445
3787.945,5,13,+19.380,+0.396
3790.686,5,13,+19.309,+0.338
3797.765,5,13,+19.512,+0.365
3803.894,5,13,+19.748,+0.370
3809.044,5,13,+19.907,+0.375
3810.972,5,13,+20.015,+0.376
3814.585,5,13,+20.045,+0.312
3818.511,5,13,+20.334,+0.449
3822.855,5,13,+20.458,+0.375
3826.823,5,13,+20.605,+0.417
3832.339,5,13,+20.894,+0.369
3836.917,5,13,+21.126,+0.403
3841.23,5,13,+21.307,+0.428
3844.419,5,13,+21.367,+0.468
3846.082,5,13,+21.452,+0.455
3846.794,5,13,+21.481,+0.454
3849.58,5,13,+21.556,+0.468
3855.295,5,13,+21.787,+0.460
3864.476,5,13,+22.050,+0.523
3868.511,5,13,+22.144,+0.424
3871.573,5,13,+22.338,+0.528
3872.339,5,13,+22.363,+0.538
3875.777,5,13,+22.337,+0.516
3878.472,5,14,+22.337,+0.516
3878.638,5,14,+22.349,+0.100
3886.028,5,14,+22.814,+0.476
3892.105,5,14,+22.964,+0.540
3897.23,5,14,+23.096,+0.509
3899.151,5,14,+23.154,+0.478
3902.683,5,14,+23.156,+0.514
3906.636,5,14,+23.440,+0.384
3911.073,5,14,+23.660,+0.462
3915.073,5,14,+23.777,+0.484
3920.527,5,14,+23.939,+0.297
3925.245,5,14,+24.200,+0.406
3929.527,5,14,+24.303,+0.402
3932.73,5,14,+24.364,+0.424
3934.339,5,14,+24.424,+0.458
3935.089,5,14,+24.444,+0.471
3937.87,5,14,+24.440,+0.447
3943.674,5,14,+24.701,+0.537
3952.861,5,14,+25.019,+0.645
3956.948,5,14,+25.232,+0.685
3959.948,5,14,+25.401,+0.793
3960.73,5,14,+25.419,+0.812
3964.151,5,14,+25.400,+0.892
3966.946,5,14,+25.361,+0.770
3974.029,5,14,+25.482,+0.534
3980.181,5,14,+25.669,+0.461
3985.394,5,14,+25.804,+0.405
3987.372,5,14,+25.835,+0.346
3990.793,5,14,+25.824,+0.298
3994.714,5,14,+26.101,+0.305
3999.151,5,14,+26.290,+0.325
4002.908,5,14,+26.154,+0.139
4008.741,5,14,+26.731,+0.380
4013.385,5,14,+26.946,+0.370
4017.754,5,14,+27.135,+0.430
4021.042,5,14,+27.301,+0.517
4022.683,5,14,+27.417,+0.556
4023.464,5,14,+27.448,+0.561
4026.23,5,14,+27.477,+0.572
4031.995,5,14,+27.730,+0.581
4041.144,5,14,+27.973,+0.630
4045.299,5,14,+28.174,+0.606
4048.12,5,14,+28.225,+0.507
4048.964,5,14,+28.231,+0.491
4052.328,5,14,+28.190,+0.419
4055.095,5,14,+28.129,+0.368
4062.215,5,14,+28.274,+0.328
4068.419,5,14,+28.490,+0.412
4073.494,5,14,+28.479,+0.322
4075.417,5,14,+28.507,+0.271
4078.964,5,14,+28.493,+0.195
4082.948,5,14,+28.822,+0.355
4087.355,5,14,+29.008,+0.358
4091.18,5,14,+28.965,+0.230
4096.761,5,14,+29.253,+0.313
4101.386,5,14,+29.417,+0.367
4105.714,5,14,+29.559,+0.459
4108.933,5,14,+29.577,+0.495
4110.495,5,14,+29.601,+0.467
4111.308,5,14,+29.621,+0.461
4114.058,5,14,+29.613,+0.448
4119.855,5,14,+29.886,+0.545
4129.064,5,14,+30.171,+0.650
4133.203,5,14,+30.409,+0.654
4136.109,5,14,+30.504,+0.640
4136.886,5,14,+30.518,+0.638
4140.313,5,14,+30.496,+0.594
4143.048,5,14,+30.436,+0.527
4150.172,5,14,+30.666,+0.534
4156.291,5,14,+30.785,+0.519
4161.484,5,14,+30.978,+0.576
4163.437,5,14,+31.076,+0.577
4167.031,5,14,+31.103,+0.561
4171.077,5,14,+31.407,+0.731
4175.492,5,14,+31.583,+0.688
4179.45,5,14,+31.675,+0.714
4184.827,5,14,+31.768,+0.621
4189.389,5,14,+31.893,+0.517
4193.701,5,14,+32.026,+0.566
4196.958,5,14,+32.097,+0.611
4198.564,5,14,+32.170,+0.586
4199.361,5,14,+32.194,+0.571
4202.142,5,14,+32.199,+0.542
4207.891,5,14,+32.492,+0.529
4217.085,5,14,+32.800,+0.559
4221.229,5,14,+33.023,+0.542
4224.139,5,14,+33.105,+0.469
4224.914,5,14,+33.114,+0.458
4228.301,5,14,+33.074,+0.389
4231.089,5,14,+33.023,+0.333
4238.25,5,14,+33.181,+0.364
4244.361,5,14,+33.337,+0.309
4249.499,5,14,+33.377,+0.232
4251.385,5,14,+33.413,+0.169
4254.964,5,14,+33.376,+0.068
4259.301,5,14,+34.083,+0.390
4263.799,5,14,+34.316,+0.394
4267.916,5,14,+34.482,+0.499
4273.417,5,14,+34.708,+0.471
4278.058,5,14,+34.879,+0.450
4282.401,5,14,+35.027,+0.512
4285.636,5,14,+35.058,+0.522
4287.183,5,14,+35.086,+0.503
4287.964,5,14,+35.099,+0.511
4290.761,5,14,+35.079,+0.521
4296.56,5,14,+35.368,+0.545
4305.758,5,14,+35.712,+0.546
4309.998,5,14,+36.001,+0.579
4312.826,5,14,+36.025,+0.498
4313.608,5,14,+36.033,+0.490
4317.029,5,14,+35.998,+0.430
4319.811,5,14,+35.949,+0.383
4326.92,5,14,+36.074,+0.373
4333.045,5,14,+36.241,+0.359
4338.186,5,14,+36.218,+0.243
4340.217,5,14,+36.353,+0.330
4343.862,5,14,+36.416,+0.364
4347.834,5,14,+36.712,+0.504
4352.264,5,14,+36.872,+0.512
4356.303,5,14,+36.997,+0.584
4361.772,5,14,+37.185,+0.534
4366.492,5,14,+37.365,+0.575
4370.773,5,14,+37.441,+0.578
4373.996,5,14,+37.496,+0.587
4375.582,5,14,+37.559,+0.568
4376.364,5,14,+37.583,+0.572
4379.129,5,14,+37.575,+0.591
4384.926,5,14,+37.809,+0.656
4394.233,5,14,+38.154,+0.674
4398.299,5,14,+38.398,+0.598
4401.21,5,14,+38.476,+0.561
4402.015,5,14,+38.489,+0.560
4405.428,5,14,+38.456,+0.513
4408.128,5,14,+38.324,+0.359
4415.199,5,14,+38.388,+0.294
4421.342,5,14,+38.589,+0.310
4426.514,5,14,+38.717,+0.294
4428.42,5,14,+38.803,+0.245
4431.983,5,14,+38.808,+0.180
4435.967,5,14,+39.096,+0.334
4440.405,5,14,+39.256,+0.304
4444.299,5,14,+39.255,+0.155
4450.012,5,14,+39.669,+0.062
4454.636,5,13,+39.669,+0.062
4454.714,5,13,+39.964,+4.933
4459.089,5,13,+40.143,+5.001
4462.323,5,13,+40.210,+4.976
4463.933,5,13,+40.294,+4.987
4464.745,5,13,+40.349,+5.014
4467.542,5,13,+40.395,+4.996
4473.241,5,13,+40.507,+4.946
4482.368,5,13,+40.709,+4.927
4486.451,5,13,+40.882,+4.853
4489.311,5,13,+40.916,+4.745
4490.123,5,13,+40.927,+4.739
4493.639,5,13,+40.951,+4.762
4496.418,5,13,+40.955,+4.827
4503.526,5,13,+41.086,+4.790
4509.561,5,13,+41.156,+4.832
4514.588,5,13,+41.124,+4.734
4516.501,5,13,+41.192,+4.709
4520.076,5,13,+41.217,+4.760
4523.889,5,13,+41.356,+4.695
4528.217,5,13,+41.484,+4.631
4532.186,5,13,+41.555,+4.565
4537.53,5,13,+41.651,+4.407
4542.046,5,13,+41.725,+4.351
4546.373,5,13,+41.834,+4.330
4549.608,5,13,+41.884,+4.267
4551.201,5,13,+41.969,+4.263
4551.983,5,13,+41.998,+4.255
4554.799,5,13,+42.049,+4.199
4560.489,5,13,+42.229,+4.132
4569.56,5,13,+42.414,+4.018
4573.635,5,13,+42.549,+3.990
4576.561,5,13,+42.473,+3.851
4577.333,5,13,+42.468,+3.840
4580.777,5,13,+42.461,+3.846
4583.589,5,13,+42.477,+3.871
4590.699,5,13,+42.642,+3.753
4596.786,5,13,+42.766,+3.718
4601.714,5,13,+42.634,+3.584
4603.652,5,13,+42.748,+3.621
4607.308,5,13,+42.805,+3.699
4611.042,5,13,+42.868,+3.619
4615.37,5,13,+42.925,+3.513
4619.245,5,13,+42.912,+3.425
4624.702,5,13,+42.156,+3.432
4629.249,5,13,+42.164,+3.388
4633.567,5,13,+42.206,+3.326
4636.792,5,13,+42.268,+3.220
4638.386,5,13,+42.329,+3.176
4639.168,5,13,+42.349,+3.170
4641.98,5,13,+42.390,+3.158
4647.636,5,13,+42.389,+3.038
4656.665,5,13,+42.435,+2.852
4660.76,5,13,+42.685,+2.852
4663.628,5,13,+42.737,+2.852
4664.451,5,12,+42.737,+2.852
4664.451,5,12,+42.751,+10.644
4667.894,5,12,+42.789,+10.811
4670.701,5,12,+42.797,+10.821
4678.149,5,12,+43.168,+10.834
4684.201,5,12,+43.346,+10.721
4689.189,5,12,+43.237,+10.411
4691.073,5,12,+43.325,+10.324
4694.664,5,12,+43.391,+10.341
4698.461,5,12,+43.611,+10.382
4702.83,5,12,+43.722,+10.239
4706.721,5,12,+43.829,+10.119
4712.174,5,12,+43.992,+10.018
4716.683,5,12,+44.169,+9.947
4720.98,5,12,+35.819,+9.976
4724.199,5,12,+35.921,+9.988
4725.808,5,12,+35.943,+9.958
4726.542,5,12,+35.945,+9.950
4729.339,5,12,+35.951,+9.950
4734.949,5,12,+35.941,+9.899
4743.964,5,12,+36.042,+9.699
4748.042,5,12,+36.077,+9.602
4750.964,5,12,+36.119,+9.638
4751.777,5,12,+42.169,+9.646
4755.261,5,12,+36.171,+9.685
4758.073,5,12,+36.211,+9.747
4765.089,5,12,+36.191,+9.660
4771.131,5,12,+36.400,+9.527
4776.115,5,12,+36.365,+9.388
4778.03,5,12,+36.414,+9.341
4781.637,5,12,+36.445,+9.353
4785.4,5,12,+36.503,+9.433
4789.683,5,12,+36.611,+9.361
4793.636,5,12,+36.650,+9.338
4798.98,5,12,+36.714,+9.281
4803.48,5,12,+36.795,+9.185
4807.764,5,12,+36.846,+9.132
4810.983,5,12,+36.947,+9.166
4812.561,5,12,+36.977,+9.137
4813.327,5,12,+36.977,+9.114
4816.124,5,12,+36.995,+9.103
4821.75,5,12,+37.096,+9.011
4830.793,5,12,+37.243,+8.907
4834.947,5,12,+37.387,+8.819
4837.761,5,12,+37.372,+8.776
4838.56,5,12,+37.376,+8.770
4842.015,5,12,+37.395,+8.784
4844.861,5,12,+37.429,+8.844
4851.918,5,12,+37.492,+8.812
4857.994,5,12,+37.653,+8.803
4862.932,5,12,+37.596,+8.574
4864.888,5,12,+37.680,+8.604
4868.496,5,12,+37.720,+8.641
4872.23,5,12,+37.786,+8.622
4876.558,5,12,+37.869,+8.439
4880.46,5,12,+37.881,+8.366
4885.922,5,12,+38.060,+8.285
4890.389,5,12,+38.112,+8.209
4894.671,5,12,+38.174,+8.188
4897.858,5,12,+38.248,+8.195
4899.468,5,12,+38.276,+8.136
4900.249,5,12,+38.296,+8.136
4903.014,5,12,+38.327,+8.127
4908.624,5,12,+38.356,+8.009
4917.671,5,12,+38.546,+7.815
4921.8,5,12,+38.683,+7.815
4924.699,5,12,+38.664,+7.815
4925.531,5,12,+38.671,+5.321
4928.861,5,11,+38.671,+5.321
4928.957,5,11,+38.695,+5.321
4931.781,5,11,+38.737,+1.223
4938.858,5,11,+38.898,+0.777
4945.014,5,11,+39.177,+0.536
4950.155,5,11,+39.311,+0.679
4952.046,5,11,+39.386,+0.734
4955.673,5,11,+39.415,+0.767
4959.503,5,11,+39.579,+0.830
4963.875,5,11,+39.797,+1.023
4967.828,5,11,+39.830,+1.177
4973.272,5,11,+40.050,+1.231
4977.78,5,11,+40.134,+1.366
4982.204,5,11,+40.245,+1.484
4985.56,5,11,+40.352,+1.546
4987.0,5,11,+40.401,+1.632
4987.822,5,11,+40.414,+1.667
4990.552,5,11,+40.425,+1.766
4996.194,5,11,+40.467,+1.923
5005.364,5,11,+40.616,+2.165
5009.333,5,11,+40.737,+2.354
5012.235,5,11,+40.705,+2.410
5013.032,5,11,+40.709,+2.424
5016.401,5,10,+40.709,+2.424
5016.491,5,10,+40.721,+2.452
5019.325,5,10,+40.701,+2.476
5026.311,5,10,+40.707,+2.703
5032.264,5,10,+40.858,+2.772
5037.291,5,10,+40.865,+2.927
5039.173,5,10,+40.903,+2.973
5042.761,5,10,+40.926,+3.022
5046.53,5,10,+41.022,+3.103
5050.824,5,10,+41.052,+3.261
5054.7,5,10,+41.096,+3.333
5060.128,5,10,+41.322,+3.405
5064.667,5,10,+41.359,+3.564
5069.029,5,10,+41.367,+3.726
5072.2,5,10,+41.453,+3.863
5073.775,5,10,+41.502,+3.962
5074.568,5,10,+41.513,+3.989
5077.361,5,10,+41.547,+4.071
5083.0,5,10,+41.633,+4.246
5092.059,5,10,+41.737,+4.435
5096.117,5,10,+41.823,+4.532
5099.081,5,10,+41.821,+4.532
5099.877,5,10,+41.830,+4.604
5103.243,5,9,+41.830,+4.604
5103.328,5,9,+41.860,+4.633
5106.114,5,9,+41.894,+4.609
5113.201,5,9,+41.948,+4.862
5119.274,5,9,+42.222,+4.991
5124.274,5,9,+42.021,+5.061
5126.194,5,9,+42.038,+5.127
5129.8,5,9,+42.043,+5.165
5133.533,5,9,+42.087,+5.202
5137.865,5,9,+42.140,+5.348
5141.76,5,9,+42.156,+5.431
5147.115,5,9,+42.201,+5.527
5151.542,5,9,+42.138,+5.561
5155.87,5,9,+42.131,+5.745
5159.058,5,9,+33.001,+5.862
5160.668,5,9,+33.071,+5.938
5161.433,5,9,+33.112,+5.976
5164.2,5,9,+33.174,+6.075
5169.9,5,9,+33.313,+6.217
5178.779,5,9,+33.543,+6.346
5182.998,5,9,+33.968,+6.646
5185.873,5,9,+34.005,+6.612
5186.951,5,9,+40.110,+6.611
5190.076,5,9,+34.034,+6.614
5192.889,5,9,+34.070,+6.612
5200.014,5,9,+34.277,+6.825
5206.086,5,9,+34.440,+6.964
5211.1,5,9,+34.446,+7.147
5213.001,5,9,+34.509,+7.211
5216.584,5,9,+34.539,+7.294
5220.369,5,9,+34.681,+7.358
5224.699,5,9,+34.828,+7.510
5228.635,5,9,+34.936,+7.565
5234.087,5,9,+35.162,+7.682
5238.587,5,9,+35.315,+7.784
5242.9,5,9,+35.551,+7.971
5246.134,5,9,+35.656,+8.135
5247.744,5,9,+35.754,+8.225
5248.5,5,9,+35.789,+8.253
5251.313,5,9,+35.842,+8.352
5256.985,5,9,+36.063,+8.592
5266.032,5,9,+36.350,+8.748
5270.11,5,9,+36.587,+8.879
5272.996,5,9,+36.666,+8.846
5273.808,5,9,+36.681,+8.848
5277.245,5,9,+36.714,+8.858
5280.074,5,9,+36.748,+8.848
5287.15,5,9,+36.981,+9.057
5293.161,5,9,+37.097,+9.163
5298.161,5,9,+37.073,+9.210
5300.1,5,9,+37.145,+9.272
5303.687,5,9,+37.189,+9.350
5307.606,5,9,+37.474,+9.554
5311.924,5,9,+37.744,+9.743
5315.782,5,9,+37.806,+9.807
5321.239,5,9,+37.959,+9.968
5325.756,5,9,+38.064,+10.124
5330.229,5,9,+38.253,+10.332
5333.336,5,9,+38.349,+10.501
5334.961,5,9,+38.428,+10.599
5335.715,5,9,+38.454,+10.628
5338.515,5,9,+38.501,+10.729
5344.215,5,9,+38.724,+10.936
5353.247,5,9,+38.791,+11.020
5357.372,5,9,+39.035,+11.179
5360.262,5,9,+39.139,+11.169
5361.09,5,9,+39.159,+11.176
5364.544,5,9,+39.197,+11.189
5367.34,5,9,+39.175,+11.153
5374.342,5,9,+39.312,+11.288
5380.328,5,9,+39.445,+11.361
5385.36,5,9,+39.352,+11.407
5387.269,5,9,+39.438,+11.472
5390.86,5,9,+39.489,+11.544
5394.593,5,9,+39.545,+11.594
5398.865,5,9,+39.614,+11.656
5402.796,5,9,+39.696,+11.703
5408.211,5,9,+39.898,+11.818
5412.758,5,9,+40.049,+12.025
5417.062,5,9,+40.150,+12.158
5420.26,5,9,+40.209,+12.261
5421.86,5,9,+40.285,+12.383
5422.628,5,9,+40.307,+12.421
5425.462,5,9,+40.339,+12.539
5431.109,5,9,+40.555,+12.709
5440.1,5,9,+40.748,+12.758
5444.22,5,9,+41.000,+12.931
5447.16,5,9,+41.080,+12.928
5447.961,5,9,+41.095,+12.936
5451.417,5,9,+41.129,+12.962
5454.214,5,9,+41.156,+12.954
5461.314,5,9,+41.351,+13.054
5467.361,5,9,+41.465,+13.118
5472.391,5,9,+41.293,+13.155
5474.233,5,9,+41.323,+13.204
5477.795,5,9,+41.327,+13.269
5481.574,5,9,+41.391,+13.289
5485.902,5,9,+41.462,+13.352
5489.764,5,9,+41.489,+13.395
5495.17,5,9,+41.676,+13.476
5499.748,5,9,+41.814,+13.658
5504.061,5,9,+41.890,+13.796
5507.272,5,9,+41.933,+13.935
5508.873,5,9,+42.018,+14.028
5509.631,5,9,+42.049,+14.056
5512.46,5,9,+42.101,+14.149
5518.243,5,9,+42.409,+14.362
5527.373,5,9,+42.664,+14.496
5531.463,5,9,+42.819,+14.710
5534.399,5,9,+42.916,+14.636
5535.194,5,9,+42.933,+14.633
5538.673,5,9,+42.975,+14.649
5541.477,5,9,+43.000,+14.666
5548.593,5,9,+43.074,+14.808
5554.623,5,9,+43.165,+14.949
5559.691,5,9,+43.093,+14.996
5561.609,5,9,+43.169,+15.021
5565.314,5,9,+43.234,+15.079
5568.986,5,9,+43.353,+15.118
5573.315,5,9,+43.433,+15.180
5577.177,5,9,+43.445,+15.188
5582.66,5,9,+43.584,+15.211
5587.128,5,9,+43.663,+15.251
5591.436,5,9,+43.823,+15.428
5594.655,5,9,+43.911,+15.578
5596.248,5,9,+43.974,+15.658
5597.03,5,9,+44.008,+15.692
5599.811,5,9,+44.061,+15.803
5605.483,5,9,+44.217,+15.880
5614.523,5,9,+44.278,+19.024
5618.636,5,9,+44.475,+19.024
5621.542,5,9,+44.582,+19.024
5622.339,5,9,+44.604,+16.021
5625.73,5,8,+44.604,+16.021
5625.823,5,8,+44.652,+16.043
5628.574,5,8,+44.676,+16.021
5635.686,5,8,+44.804,+16.110
5641.665,5,8,+44.891,+16.142
5646.672,5,8,+44.877,+16.237
5648.602,5,8,+44.955,+16.288
5652.199,5,8,+44.997,+16.362
5655.986,5,8,+45.154,+16.478
5660.448,5,8,+45.402,+16.658
5664.386,5,8,+45.476,+16.698
5669.886,5,8,+45.673,+16.879
5674.433,5,8,+45.833,+17.036
5678.823,5,8,+46.079,+17.316
5682.027,5,8,+46.136,+17.432
5683.653,5,8,+46.232,+17.583
5684.449,5,8,+46.264,+17.634
5687.245,5,8,+46.313,+17.760
5693.073,5,8,+46.611,+17.945
5702.135,5,8,+46.804,+18.046
5706.308,5,8,+47.024,+18.101
5709.214,5,8,+47.143,+18.121
5710.073,5,8,+47.162,+18.132
5713.48,5,8,+47.213,+18.169
5716.277,5,8,+47.267,+18.184
5723.403,5,8,+47.406,+18.330
5729.49,5,8,+47.572,+18.457
5734.482,5,8,+47.520,+18.531
5736.46,5,8,+47.650,+18.644
5740.061,5,9,+47.650,+18.644
5740.143,5,9,+47.800,+0.032
5744.366,5,9,+48.385,+0.502
5748.855,5,9,+48.452,+0.758
5752.73,5,9,+48.517,+0.804
5758.37,5,9,+48.763,+1.237
5762.98,5,9,+48.938,+1.556
5767.339,5,9,+49.078,+1.772
5770.495,5,9,+49.095,+1.873
5772.12,5,9,+49.167,+1.977
5772.917,5,9,+49.195,+2.011
5775.683,5,9,+49.199,+2.033
5781.511,5,9,+49.333,+2.432
5790.728,5,9,+49.625,+2.980
5799.926,5,10,+49.625,+2.980
5806.028,5,11,+49.625,+2.980
5808.175,5,12,+49.625,+2.980
5812.9,5,13,+49.625,+2.980
5816.532,5,14,+49.625,+2.980
5825.63,5,14,+70.756,+6.167
5833.377,5,14,+71.492,+6.772
5839.428,5,14,+71.666,+6.885
5844.461,5,14,+71.576,+6.755
5846.465,5,14,+71.662,+6.799
5850.039,5,14,+71.758,+6.745
5853.828,5,14,+71.858,+6.768
5858.185,5,14,+71.906,+6.631
5862.004,5,14,+71.840,+6.486
5867.286,5,14,+71.801,+6.270
5871.698,5,14,+71.802,+6.112
5875.886,5,14,+71.853,+5.911
5879.073,5,14,+71.886,+5.851
5880.651,5,14,+71.925,+5.848
5881.417,5,14,+71.930,+5.844
5884.151,5,14,+71.860,+5.778
5889.698,5,14,+71.806,+5.576
5898.534,5,14,+71.682,+4.979
5902.516,5,14,+71.674,+4.873
5905.369,5,14,+71.640,+4.759
5906.081,5,14,+71.643,+4.742
5909.503,5,14,+71.672,+4.682
5912.328,5,14,+71.690,+4.621
5919.045,5,14,+71.391,+4.215
5924.952,5,14,+71.393,+4.037
5929.78,5,14,+71.146,+3.747
5931.655,5,14,+71.175,+3.693
5935.217,5,14,+71.199,+3.543
5938.952,5,14,+71.164,+3.460
5943.171,5,14,+71.122,+3.295
5946.967,5,14,+71.041,+3.093
5952.248,5,14,+70.976,+2.799
5956.783,5,14,+70.970,+2.642
5960.801,5,14,+70.906,+2.385
5963.948,5,14,+70.912,+2.298
5965.526,5,14,+70.909,+2.264
5966.261,5,14,+70.906,+2.253
5968.995,5,14,+70.920,+2.198
5974.514,5,14,+70.885,+1.948
5983.436,5,14,+70.832,+1.663
5987.42,5,14,+70.809,+1.552
5990.217,5,14,+70.715,+1.417
5990.998,5,14,+70.715,+1.397
5994.358,5,14,+70.737,+1.317
5997.201,5,14,+70.807,+1.324
6004.061,5,14,+70.655,+1.012
6010.041,5,14,+70.761,+0.907
6014.917,5,14,+70.481,+0.672
6016.792,5,14,+70.466,+0.607
6020.339,5,14,+70.471,+0.421
6024.105,5,14,+70.568,+0.428
6028.526,5,14,+70.683,+0.341
6032.413,5,14,+70.731,+0.261
6037.991,5,14,+71.012,+0.345
6042.514,5,14,+71.084,+0.325
6046.998,5,14,+71.296,+0.391
6050.233,5,14,+71.353,+0.371
6051.842,5,14,+71.364,+0.389
6052.608,5,14,+71.356,+0.394
6055.405,5,14,+71.304,+0.353
6061.191,5,14,+71.535,+0.346
6070.36,5,14,+71.722,+0.303
6074.423,5,14,+71.906,+0.347
6077.214,5,14,+71.904,+0.191
6077.99,5,14,+71.903,+0.157
6081.273,5,13,+71.903,+0.157
6081.366,5,13,+71.875,+8.139
6084.14,5,13,+71.868,+8.106
6091.034,5,13,+71.718,+7.955
6096.972,5,13,+71.174,+7.973
6101.861,5,13,+70.939,+7.741
6103.726,5,13,+71.032,+7.692
6107.249,5,13,+71.128,+7.725
6110.939,5,13,+71.051,+7.689
6115.126,5,13,+70.876,+7.441
6118.939,5,13,+70.908,+7.331
6124.234,5,13,+70.844,+7.234
6128.582,5,13,+70.738,+7.098
6132.701,5,13,+70.656,+6.966
6135.847,5,13,+70.680,+6.934
6137.36,5,13,+70.670,+6.879
6138.114,5,13,+70.664,+6.855
6140.872,5,13,+70.692,+6.775
6146.356,5,13,+70.482,+6.593
6155.214,5,13,+70.343,+6.382
6159.201,5,13,+70.516,+6.279
6161.998,5,13,+70.504,+6.127
6162.826,5,13,+70.510,+6.116
6166.203,5,13,+70.562,+6.125
6168.983,5,13,+70.634,+6.155
6175.839,5,13,+70.400,+5.957
6181.757,5,13,+70.536,+6.019
6186.647,5,13,+70.288,+5.814
6188.522,5,13,+70.345,+5.778
6192.069,5,13,+70.425,+5.775
6195.85,5,13,+70.514,+5.678
6200.147,5,13,+70.475,+5.557
6203.944,5,13,+70.569,+5.365
6209.303,5,13,+70.617,+5.346
6213.616,5,13,+70.687,+5.215
6217.787,5,13,+70.683,+5.084
6220.972,5,13,+70.756,+5.061
6222.514,5,13,+70.810,+5.017
6223.282,5,13,+70.834,+4.998
6226.049,5,13,+70.911,+4.931
6231.529,5,13,+70.874,+4.822
6240.389,5,13,+70.913,+4.636
6244.358,5,13,+71.036,+4.547
6247.202,5,13,+71.056,+4.414
6247.968,5,13,+71.068,+4.410
6251.436,5,13,+71.119,+4.423
6254.202,5,13,+71.189,+4.468
6261.08,5,13,+70.997,+4.293
6266.995,5,13,+71.154,+4.310
6271.904,5,13,+70.913,+4.148
6273.82,5,13,+70.983,+4.053
6277.32,5,13,+71.029,+4.054
6281.141,5,13,+71.083,+3.994
6285.377,5,13,+71.081,+3.793
6289.085,5,13,+71.094,+3.675
6294.394,5,13,+71.158,+3.660
6298.786,5,13,+71.242,+3.515
6302.999,5,13,+71.231,+3.467
6306.154,5,13,+71.276,+3.464
6307.733,5,13,+71.320,+3.398
6308.483,5,13,+71.327,+3.375
6311.201,5,13,+71.341,+3.322
6316.654,5,13,+71.269,+3.186
6325.609,5,13,+71.396,+2.950
6329.576,5,13,+71.567,+2.870
6332.42,5,13,+71.622,+2.641
6333.201,5,13,+71.638,+2.628
6336.639,5,13,+71.669,+2.626
6339.404,5,13,+71.686,+2.616
6346.249,5,13,+71.595,+2.365
6352.233,5,13,+71.775,+2.386
6357.076,5,13,+71.535,+2.119
6358.983,5,13,+71.630,+2.098
6362.542,5,13,+71.682,+2.135
6366.214,5,13,+71.717,+2.045
6370.501,5,13,+71.768,+1.830
6374.368,5,13,+71.888,+1.731
6379.641,5,13,+71.906,+1.650
6384.06,5,13,+71.968,+1.519
6388.307,5,13,+71.985,+1.403
6391.464,5,13,+72.015,+1.330
6392.948,5,13,+72.036,+1.222
6393.729,5,13,+72.058,+1.204
6396.464,5,13,+72.084,+1.118
6401.948,5,13,+71.981,+0.870
6410.951,5,13,+72.184,+0.775
6415.014,5,13,+72.337,+0.686
6417.827,5,13,+72.289,+0.494
6418.608,5,13,+72.290,+0.478
6421.952,5,13,+72.284,+0.415
6424.686,5,13,+72.248,+0.394
6431.691,5,13,+72.124,+0.370
6437.62,5,13,+72.323,+0.399
6442.667,5,13,+72.301,+0.348
6444.511,5,13,+72.394,+0.282
6448.011,5,13,+72.423,+0.264
6451.928,5,13,+72.670,+0.324
6456.344,5,13,+72.828,+0.216
6460.092,5,13,+72.775,+0.125
6465.772,5,13,+73.239,+0.128
6470.845,5,13,+74.007,+0.473
6475.22,5,13,+74.144,+0.495
6478.477,5,13,+74.331,+0.464
6480.09,5,13,+74.466,+0.425
6480.906,5,13,+74.498,+0.414
6483.643,5,13,+74.578,+0.350
6489.479,5,13,+74.904,+0.455
6498.736,5,13,+75.408,+0.429
6502.858,5,13,+75.645,+0.435
6505.773,5,13,+75.741,+0.334
6506.628,5,13,+75.757,+0.318
6509.894,5,13,+75.729,+0.253
6512.74,5,13,+75.815,+0.281
6519.885,5,13,+75.965,+0.063
6525.66,5,12,+75.965,+0.063
6525.743,5,12,+76.156,+11.532
6530.645,5,12,+75.884,+11.462
6532.509,5,12,+75.971,+11.454
6536.094,5,12,+76.027,+11.478
6539.861,5,12,+76.226,+11.523
6544.139,5,12,+76.260,+11.365
6547.985,5,12,+76.290,+11.288
6553.266,5,12,+76.319,+11.204
6557.662,5,12,+76.333,+11.085
6561.931,5,12,+76.384,+11.021
6565.099,5,12,+76.461,+11.030
6566.679,5,12,+76.534,+11.001
6567.43,5,12,+76.552,+10.991
6570.225,5,12,+76.621,+11.019
6575.836,5,12,+76.685,+11.072
6584.733,5,12,+76.843,+10.867
6588.748,5,12,+77.001,+10.787
6591.621,5,12,+77.120,+10.695
6592.433,5,12,+77.140,+10.670
6595.85,5,12,+77.180,+10.642
6598.667,5,12,+77.195,+10.691
6605.599,5,12,+77.065,+10.588
6611.494,5,12,+77.220,+10.598
6616.355,5,12,+68.503,+10.438
6618.177,5,12,+68.488,+10.365
6621.745,5,12,+68.523,+10.373
6625.48,5,12,+68.649,+10.474
6629.696,5,12,+68.613,+10.310
6633.492,5,12,+68.559,+10.238
6638.833,5,12,+68.547,+10.157
6643.2,5,12,+68.522,+9.984
6647.401,5,12,+68.336,+9.923
6650.587,5,12,+68.425,+9.915
6652.104,5,12,+68.413,+9.835
6652.856,5,12,+68.417,+9.812
6655.589,5,12,+68.469,+9.788
6661.106,5,12,+68.436,+9.709
6670.041,5,12,+68.407,+9.543
6674.029,5,12,+68.444,+9.543
6676.86,5,12,+68.360,+9.543
6677.657,5,12,+74.941,+7.093
6681.002,5,11,+74.941,+7.093
6681.093,5,11,+68.382,+11.556
6683.873,5,11,+68.372,+11.540
6690.854,5,11,+68.265,+11.403
6696.738,5,11,+68.250,+11.364
6701.694,5,11,+68.109,+11.119
6703.528,5,11,+68.126,+11.063
6707.099,5,11,+68.087,+11.086
6710.799,5,11,+68.098,+10.944
6715.03,5,11,+68.037,+10.744
6718.838,5,11,+67.971,+10.764
6724.117,5,11,+67.949,+10.656
6728.475,5,11,+67.914,+10.472
6732.686,5,11,+67.923,+10.419
6735.829,5,11,+67.969,+10.412
6737.329,5,11,+67.946,+10.336
6738.092,5,11,+67.950,+10.319
6740.824,5,11,+68.007,+10.360
6746.228,5,11,+67.855,+10.157
6755.057,5,11,+67.764,+10.063
6759.061,5,11,+67.815,+9.987
6761.873,5,11,+67.726,+9.886
6762.656,5,11,+67.726,+9.881
6766.108,5,11,+67.729,+9.891
6768.842,5,11,+67.701,+9.900
6775.785,5,11,+67.534,+9.666
6781.733,5,11,+67.514,+9.640
6786.662,5,11,+64.407,+9.447
6788.501,5,11,+64.381,+9.390
6792.015,5,11,+64.383,+9.410
6795.76,5,11,+64.434,+9.335
6800.001,5,11,+64.489,+9.157
6803.811,5,11,+64.510,+9.220
6809.116,5,11,+64.548,+9.100
6813.472,5,11,+64.464,+8.972
6817.634,5,11,+64.453,+8.909
6820.74,5,11,+64.511,+8.905
6822.272,5,11,+64.507,+8.826
6823.03,5,11,+64.500,+8.809
6825.852,5,11,+64.496,+8.823
6831.272,5,11,+64.546,+8.658
6840.161,5,11,+64.698,+8.611
6844.172,5,11,+64.774,+8.550
6847.018,5,11,+64.785,+8.512
6847.841,5,11,+64.792,+8.514
6851.198,5,11,+64.819,+8.541
6853.973,5,11,+64.833,+8.514
6860.904,5,11,+64.808,+8.264
6866.873,5,11,+65.080,+8.251
6871.76,5,11,+64.803,+7.964
6873.576,5,11,+64.789,+7.918
6877.123,5,11,+64.794,+7.952
6880.803,5,11,+64.795,+7.884
6885.013,5,11,+64.821,+7.684
6888.791,5,11,+64.766,+7.630
6894.073,5,11,+64.881,+7.544
6898.451,5,11,+64.822,+7.367
6902.639,5,11,+64.880,+7.320
6905.863,5,11,+64.986,+7.346
6907.328,5,11,+65.024,+7.282
6908.109,5,11,+65.026,+7.284
6910.851,5,11,+64.988,+7.326
6916.409,5,11,+65.039,+7.195
6925.408,5,11,+65.164,+7.086
6929.393,5,11,+65.278,+7.086
6932.205,5,11,+65.238,+7.086
6932.973,5,11,+65.242,+7.020
6936.358,5,10,+65.242,+7.020
6936.394,5,10,+65.255,+7.025
6939.191,5,10,+65.300,+6.988
6946.165,5,10,+65.331,+6.848
6952.046,5,10,+65.489,+6.828
6956.932,5,10,+65.327,+6.535
6958.745,5,10,+65.291,+6.473
6962.292,5,10,+65.270,+6.493
6966.004,5,10,+65.251,+6.385
6970.214,5,10,+65.209,+6.198
6974.041,5,10,+65.170,+6.281
6979.399,5,10,+65.264,+6.328
6983.792,5,10,+65.225,+6.239
6987.964,5,10,+65.224,+6.145
6991.12,5,10,+65.306,+6.199
6992.667,5,10,+65.359,+6.205
6993.432,5,10,+65.370,+6.212
6996.198,5,10,+65.398,+6.278
7001.738,5,10,+65.380,+6.178
7010.628,5,10,+65.589,+6.174
7014.66,5,10,+65.721,+6.152
7017.503,5,10,+65.729,+6.187
7018.293,5,10,+65.739,+6.196
7021.704,5,10,+65.758,+6.205
7024.477,5,10,+65.793,+6.133
7031.464,5,10,+65.799,+6.020
7037.372,5,10,+65.974,+5.953
7042.287,5,10,+65.855,+5.755
7044.145,5,10,+65.861,+5.715
7047.662,5,10,+65.839,+5.723
7051.347,5,10,+65.907,+5.622
7055.613,5,10,+65.958,+5.508
7059.436,5,10,+65.923,+5.536
7064.766,5,10,+66.054,+5.516
7069.213,5,10,+66.051,+5.442
7073.513,5,10,+66.214,+5.460
7076.667,5,10,+66.326,+5.514
7078.412,5,10,+66.405,+5.543
7079.044,5,10,+66.417,+5.563
7081.813,5,10,+66.436,+5.642
7087.514,5,10,+66.639,+5.800
7096.526,5,10,+66.835,+5.916
7100.541,5,10,+66.927,+5.909
7103.428,5,10,+67.005,+5.929
7104.199,5,10,+67.023,+5.937
7107.665,5,10,+67.059,+5.955
7110.411,5,10,+67.056,+5.916
7117.389,5,10,+67.103,+5.878
7123.323,5,10,+67.315,+5.927
7128.292,5,10,+67.274,+5.723
7130.104,5,10,+67.254,+5.671
7133.66,5,10,+67.244,+5.681
7137.38,5,10,+67.283,+5.699
7141.647,5,10,+67.014,+5.585
7145.444,5,10,+67.051,+5.612
7150.773,5,10,+66.923,+5.571
7155.172,5,10,+66.824,+5.459
7159.458,5,10,+66.938,+5.424
7162.595,5,10,+67.010,+5.455
7164.127,5,10,+67.070,+5.425
7164.884,5,10,+67.097,+5.431
7167.66,5,10,+67.146,+5.477
7173.108,5,10,+67.099,+5.405
7182.077,5,10,+67.327,+5.394
7186.161,5,10,+67.530,+5.394
7188.999,5,10,+67.582,+5.405
7189.801,5,10,+68.021,+5.411
7193.199,5,10,+67.694,+5.416
7195.965,5,10,+67.866,+5.348
7202.965,5,10,+67.956,+5.254
7208.843,5,10,+68.036,+5.192
7213.824,5,10,+68.024,+4.981
7215.668,5,10,+68.071,+4.924
7219.185,5,10,+68.095,+4.932
7222.901,5,10,+68.190,+4.876
7227.141,5,10,+68.292,+4.744
7230.96,5,10,+68.461,+4.819
7236.313,5,10,+68.553,+4.780
7240.76,5,10,+68.770,+4.689
7245.048,5,10,+68.896,+4.701
7248.213,5,10,+68.986,+4.755
7249.774,5,10,+69.067,+4.737
7250.488,5,10,+69.094,+4.739
7253.214,5,10,+69.151,+4.791
7258.885,5,10,+69.357,+4.788
7267.818,5,10,+69.615,+4.773
7271.928,5,10,+69.856,+4.805
7274.694,5,10,+69.876,+4.814
7275.46,5,10,+69.883,+4.819
7278.899,5,10,+69.889,+4.827
7281.665,5,10,+69.909,+4.792
7288.645,5,10,+70.102,+4.716
7294.63,5,10,+70.438,+4.764
7299.531,5,10,+70.309,+4.590
7301.417,5,10,+70.473,+4.609
7304.94,5,10,+70.536,+4.629
7308.66,5,10,+70.704,+4.622
7312.927,5,10,+70.828,+4.523
7316.741,5,10,+70.939,+4.515
7322.23,5,10,+71.099,+4.587
7326.56,5,10,+71.283,+4.580
7330.814,5,10,+71.450,+4.544
7333.96,5,10,+71.525,+4.586
7335.484,5,10,+71.609,+4.564
7336.257,5,10,+71.645,+4.571
7338.982,5,10,+71.689,+4.617
7344.529,5,10,+71.802,+4.524
7353.497,5,10,+71.952,+4.538
7357.544,5,10,+72.132,+4.575
7360.376,5,10,+72.180,+4.565
7361.145,5,10,+72.194,+4.568
7364.58,5,10,+72.216,+4.571
7367.463,5,10,+72.192,+4.508
7374.37,5,10,+72.237,+4.407
7380.306,5,10,+72.455,+4.430
7385.228,5,10,+72.284,+4.244
7387.028,5,10,+72.389,+4.238
7390.541,5,10,+72.442,+4.259
7394.314,5,10,+72.574,+4.261
7398.513,5,10,+72.653,+4.125
7402.353,5,10,+72.791,+4.190
7407.762,5,10,+72.858,+4.321
7412.151,5,10,+72.922,+4.273
7416.417,5,10,+72.914,+4.203
7419.526,5,10,+72.957,+4.238
7421.057,5,10,+72.981,+4.236
7421.838,5,10,+72.975,+4.248
7424.562,5,10,+72.941,+4.287
7430.173,5,10,+72.929,+4.233
7439.193,5,10,+73.177,+4.322
7443.3,5,10,+73.443,+4.369
7446.138,5,10,+73.533,+4.344
7446.915,5,10,+73.551,+4.345
7450.332,5,10,+73.577,+4.333
7453.096,5,10,+73.594,+4.292
7460.167,5,10,+73.687,+4.219
7466.104,5,10,+73.928,+4.298
7471.026,5,10,+73.782,+4.132
7472.838,5,10,+73.813,+4.100
7476.385,5,10,+73.834,+4.111
7480.135,5,10,+74.035,+4.216
7484.448,5,10,+74.172,+4.102
7488.26,5,10,+74.213,+4.136
7493.589,5,10,+74.255,+4.080
7498.085,5,10,+74.505,+4.077
7502.328,5,10,+74.572,+4.078
7505.571,5,10,+74.612,+4.093
7506.993,5,10,+74.686,+4.078
7507.801,5,10,+74.731,+4.097
7510.515,5,10,+74.794,+4.145
7516.085,5,10,+74.928,+4.114
7525.161,5,10,+75.145,+4.146
7529.159,5,10,+75.264,+4.138
7531.971,5,10,+75.395,+4.124
7532.784,5,10,+75.416,+4.125
7536.168,5,10,+75.467,+4.111
7538.916,5,10,+75.492,+4.015
7546.044,5,10,+75.587,+3.991
7551.875,5,10,+75.820,+3.961
7556.981,5,10,+75.797,+3.899
7558.814,5,10,+75.889,+3.833
7562.378,5,10,+75.977,+3.831
7566.124,5,10,+76.079,+3.876
7570.343,5,10,+76.089,+3.725
7574.151,5,10,+76.167,+3.752
7579.542,5,10,+76.304,+3.751
7583.917,5,10,+76.454,+3.673
7588.198,5,10,+76.612,+3.692
7591.307,5,10,+76.646,+3.712
7592.839,5,10,+76.695,+3.658
7593.59,5,10,+76.712,+3.655
7596.292,5,10,+76.731,+3.670
7601.948,5,10,+76.952,+3.620
7610.99,5,10,+77.162,+3.645
7614.993,5,10,+77.362,+3.627
7617.86,5,10,+77.463,+3.631
7618.622,5,10,+77.479,+3.634
7622.014,5,10,+77.489,+3.621
7624.733,5,10,+77.487,+3.541
7631.803,5,10,+77.606,+3.492
7637.712,5,10,+77.909,+3.564
7642.654,5,10,+77.737,+3.351
7644.493,5,10,+77.815,+3.323
7648.041,5,10,+77.865,+3.344
7651.79,5,10,+78.091,+3.399
7656.06,5,10,+78.182,+3.298
7659.903,5,10,+78.286,+3.361
7665.385,5,10,+78.448,+3.492
7669.741,5,10,+78.549,+3.408
7673.998,5,10,+78.690,+3.387
7677.151,5,10,+78.766,+3.423
7678.698,5,10,+78.826,+3.404
7679.448,5,10,+78.844,+3.409
7682.174,5,10,+78.883,+3.469
7687.81,5,10,+79.013,+3.446
7696.772,5,10,+79.213,+3.458
7700.866,5,10,+79.475,+3.498
7703.663,5,10,+79.513,+3.474
7704.429,5,10,+79.523,+3.473
7707.819,5,10,+79.552,+3.462
7710.618,5,10,+79.631,+3.405
7717.726,5,10,+79.494,+3.370
7723.647,5,10,+79.701,+3.372
7728.577,5,10,+79.596,+3.202
7730.405,5,10,+79.696,+3.166
7733.927,5,10,+79.745,+3.170
7737.659,5,10,+79.847,+3.192
7741.96,5,10,+79.910,+3.086
7745.888,5,10,+80.041,+3.159
7751.317,5,10,+80.169,+3.195
7755.743,5,10,+80.333,+3.139
7760.038,5,10,+80.467,+3.183
7763.171,5,10,+80.520,+3.216
7764.73,5,10,+80.592,+3.201
7765.528,5,10,+80.639,+3.219
7768.216,5,10,+80.684,+3.274
7773.862,5,10,+80.913,+3.264
7782.904,5,10,+81.192,+3.300
7786.951,5,10,+81.421,+3.329
7789.794,5,10,+81.530,+3.374
7790.576,5,10,+81.549,+3.383
7793.998,5,10,+81.578,+3.390
7796.784,5,10,+81.602,+3.376
7803.814,5,10,+81.694,+3.329
7809.769,5,10,+81.988,+3.393
7814.699,5,10,+81.947,+3.196
7816.502,5,10,+81.994,+3.156
7820.127,5,10,+82.029,+3.163
7823.798,5,10,+82.198,+3.179
7828.15,5,10,+82.329,+3.060
7832.028,5,10,+82.565,+3.178
7837.472,5,10,+82.713,+3.274
7841.933,5,10,+82.879,+3.236
7846.26,5,10,+83.096,+3.305
7849.416,5,10,+83.180,+3.357
7850.979,5,10,+83.271,+3.389
7851.775,5,10,+83.303,+3.411
7854.494,5,10,+83.388,+3.503
7860.135,5,10,+83.426,+3.465
7869.213,5,10,+83.678,+3.547
7873.213,5,10,+83.774,+3.550
7876.135,5,10,+83.921,+3.565
7876.932,5,10,+83.947,+3.572
7880.338,5,10,+84.022,+3.580
7883.104,5,10,+84.067,+3.584
7890.307,5,10,+84.255,+3.650
7896.794,5,10,1 L,+4.272
7901.872,5,10,1 L,+4.176
7903.779,5,10,1 L,+4.189
7907.341,5,10,1 L,+4.217
7911.154,5,10,1 L,+4.298
7915.576,5,10,1 L,+4.285
7919.466,5,10,1 L,+4.360
7924.982,5,10,1 L,+4.488
7929.452,5,10,1 L,+4.509
7933.732,5,10,1 L,+4.535
7936.857,5,10,1 L,+4.589
7938.451,5,10,1 L,+4.567
7939.216,5,10,1 L,+4.560
7941.919,5,10,1 L,+4.589
7947.642,5,10,1 L,+4.599
7956.634,5,10,1 L,+4.634
7960.68,5,10,1 L,+4.656
7963.569,5,10,1 L,+4.652
7964.359,5,10,1 L,+4.656
7967.732,5,10,1 L,+4.662
7970.493,5,10,1 L,+4.628
7977.632,5,10,1 L,+4.530
7983.575,5,10,1 L,+4.573
7988.544,5,10,1 L,+4.272
7990.388,5,10,1 L,+4.260
7993.944,5,10,1 L,+4.283
7997.738,5,10,1 L,+4.382
8002.131,5,10,1 L,+4.273
8006.05,5,10,1 L,+4.375
8011.516,5,10,1 L,+4.401
8015.943,5,10,1 L,+4.320
8020.248,5,10,1 L,+3.826
8023.373,5,10,1 L,+3.177
8024.928,5,10,1 L,+3.059
8025.698,5,10,1 L,+3.040
8028.635,5,10,1 L,+3.280
8037.027,5,10,1 L,+4.049
8048.613,5,10,1 L,+4.212
8053.291,5,10,+95.191,+3.862
8057.447,5,10,+96.642,+4.376
8058.65,5,10,1 L,+4.450
8063.344,5,10,+98.428,+3.446
8067.313,5,10,+99.702,+3.751
8076.731,5,10,+101.946,+4.261
8084.749,5,10,+104.325,+3.972
8090.684,5,10,+105.097,+3.560
8093.729,5,10,+106.435,+2.949
8098.692,5,9,+106.435,+2.949
8098.784,5,9,+108.025,+2.648
8103.246,5,9,+108.792,+2.739
8107.963,5,9,+109.242,+2.882
8112.838,5,9,+110.298,+3.759
8118.936,5,9,+111.100,+3.620
8123.404,5,9,+111.229,+3.201
8127.638,5,9,+111.229,+3.128
8130.779,5,9,+111.247,+3.095
8132.326,5,9,+111.313,+3.046
8133.092,5,9,+111.344,+3.049
8135.81,5,9,+111.396,+3.103
8141.42,5,9,+110.440,+2.979
8150.416,5,9,+107.078,+2.998
8154.604,5,9,+107.078,+3.154
8157.416,5,9,+107.078,+3.105
8158.213,5,9,+104.286,+3.103
8161.619,5,9,+104.286,+3.105
8164.416,5,9,+85.801,+3.111
8171.492,5,9,+84.825,+3.016
8177.5,5,9,+81.311,+3.121
8182.416,5,9,+80.394,+2.957
8184.307,5,9,+78.151,+2.961
8187.853,5,9,+76.799,+2.974
8191.56,5,9,+76.680,+2.938
8195.846,5,9,+76.711,+2.754
8199.661,5,9,+76.883,+2.723
8205.074,5,9,+76.921,+2.704
8209.484,5,9,+77.088,+2.606
8213.76,5,9,+77.333,+2.593
8216.895,5,9,+77.519,+2.634
8218.476,5,9,+77.600,+2.628
8219.193,5,9,+77.637,+2.637
8221.923,5,9,+77.775,+2.684
8227.517,5,9,+78.054,+2.579
8236.45,5,9,+78.597,+2.568
8240.501,5,9,+78.914,+2.534
8243.298,5,9,+79.080,+2.509
8244.101,5,9,+79.107,+2.510
8247.489,5,9,+79.177,+2.506
8250.234,5,9,+79.250,+2.434
8257.213,5,9,+79.368,+2.296
8263.098,5,9,+79.621,+2.287
8268.04,5,9,+79.674,+2.096
8269.827,5,9,+79.772,+2.056
8273.45,5,9,+79.872,+2.082
8277.216,5,9,+80.098,+2.205
8281.653,5,9,+80.429,+2.205
8285.581,5,9,+80.643,+2.321
8291.06,5,9,+80.864,+2.425
8295.527,5,9,+81.056,+2.386
8299.771,5,9,+81.258,+2.342
8302.96,5,9,+81.400,+2.411
8304.502,5,9,+81.499,+2.399
8305.304,5,9,+81.520,+2.389
8308.001,5,9,+81.596,+2.440
8313.607,5,9,+81.841,+2.385
8322.574,5,9,+82.120,+2.454
8326.611,5,9,+82.351,+2.455
8329.5,5,9,+82.368,+2.405
8330.26,5,9,+82.382,+2.408
8333.693,5,9,+82.386,+2.412
8336.427,5,9,+82.349,+2.367
8343.417,5,10,+82.349,+2.367
8343.661,5,10,+82.638,+0.194
8349.806,5,10,+83.128,+0.438
8354.916,5,10,+83.126,+0.543
8356.806,5,10,+83.299,+0.656
8360.525,5,10,1 L,+0.903
8364.635,5,10,1 L,+1.356
8369.103,5,10,1 L,+1.566
8373.119,5,11,1 L,+1.566
8373.463,5,11,1 L,+0.264
8379.338,5,11,1 L,+0.859
8383.947,5,11,1 L,+1.037
8388.353,5,11,1 L,+1.261
8391.494,5,11,1 L,+1.329
8393.103,5,11,1 L,+1.344
8393.839,5,11,1 L,+1.355
8396.541,5,11,1 L,+1.374
8402.342,5,11,1 L,+1.685
8411.572,5,11,1 L,+1.894
8415.721,5,11,1 L,+1.930
8418.58,5,11,1 L,+1.890
8419.377,5,11,1 L,+1.887
8422.758,5,11,1 L,+1.910
8425.575,5,11,1 L,+1.997
8432.684,5,11,1 L,+2.170
8438.644,5,11,1 L,+2.376
8443.672,5,11,1 L,+2.433
8445.527,5,11,1 L,+2.475
8449.043,5,11,1 L,+2.525
8452.843,5,11,1 L,+2.668
8457.215,5,11,1 L,+2.646
8461.126,5,11,1 L,+2.762
8466.605,5,11,1 L,+2.862
8471.03,5,11,1 L,+2.822
8475.341,5,11,1 L,+2.956
8478.502,5,11,1 L,+3.039
8480.071,5,11,1 L,+3.088
8480.871,5,11,1 L,+3.127
8483.959,5,11,1 L,+3.534
8489.947,5,11,1 L,+4.030
8499.071,5,11,1 L,+4.151
8503.407,5,11,1 L,+4.410
8506.266,5,11,1 L,+4.382
8510.5,5,11,1 L,+4.394
8513.14,5,11,1 L,+4.423
8520.342,5,11,1 L,+4.548
8526.306,5,11,1 L,+4.689
8531.369,5,11,1 L,+4.749
8533.213,5,11,1 L,+4.726
8536.807,5,11,1 L,+4.702
8540.612,5,11,1 L,+4.499
8545.027,5,11,1 L,+4.311
8548.858,5,11,1 L,+4.167
8554.385,5,11,1 L,+4.307
8558.869,5,11,1 L,+4.205
8563.213,5,11,1 L,+4.117
8566.291,5,11,1 L,+4.040
8567.9,5,11,1 L,+4.011
8568.65,5,11,1 L,+4.009
8571.412,5,11,1 L,+4.005
8577.088,5,11,1 L,+4.038
8586.126,5,11,1 L,+3.404
8590.244,5,11,1 L,+3.340
8593.148,5,11,1 L,+3.329
8593.942,5,11,1 L,+3.333
8597.367,5,11,1 L,+3.383
8600.123,5,11,1 L,+3.473
8607.256,5,11,1 L,+3.614
8613.141,5,11,1 L,+3.689
8618.159,5,11,1 L,+3.697
8620.013,5,11,1 L,+3.680
8623.583,5,11,1 L,+3.694
8627.407,5,11,1 L,+3.630
8631.791,5,11,1 L,+3.556
8635.681,5,11,1 L,+3.548
8641.259,5,11,1 L,+3.419
8645.822,5,11,1 L,+3.354
8650.129,5,11,1 L,+3.371
8653.313,5,11,1 L,+3.338
8654.943,5,11,1 L,+3.328
8655.747,5,11,1 L,+3.366
8658.914,5,11,1 L,+3.768
8665.058,5,11,1 L,+4.215
8674.449,5,11,1 L,+4.440
8678.59,5,11,1 L,+4.534
8681.493,5,11,1 L,+4.525
8682.371,5,11,1 L,+4.521
8685.686,5,11,1 L,+4.553
8688.341,5,11,1 L,+4.631
8695.501,5,11,1 L,+4.209
8701.5,5,11,1 L,+4.346
8706.513,5,11,1 L,+4.157
8708.366,5,11,1 L,+3.874
8711.881,5,11,1 L,+3.618
8715.681,5,11,1 L,+3.149
8720.116,5,11,1 L,+2.868
8723.959,5,11,1 L,+2.170
8729.491,5,11,1 L,+1.722
8734.006,5,11,1 L,+1.491
8738.319,5,11,1 L,+1.353
8741.413,5,11,1 L,+1.293
8742.998,5,11,1 L,+1.273
8743.756,5,11,1 L,+1.270
8746.475,5,11,1 L,+1.318
8752.184,5,11,1 L,+1.214
8761.294,5,11,1 L,+1.122
8765.367,5,11,1 L,+1.100
8768.273,5,11,1 L,+1.088
8769.071,5,11,1 L,+1.092
8772.437,5,11,1 L,+1.100
8775.218,5,11,1 L,+1.102
8782.437,5,11,1 L,+1.034
8788.781,5,11,1 L,+1.474
8794.013,5,11,1 L,+1.437
8795.889,5,11,1 L,+1.413
8799.402,5,11,1 L,+1.416
8803.235,5,11,1 L,+1.445
8807.678,5,11,1 L,+1.459
8811.546,5,11,1 L,+0.999
8817.192,5,11,1 L,+0.811
8821.784,5,11,1 L,+0.746
8826.102,5,11,1 L,+0.773
8829.298,5,11,1 L,+0.846
8830.896,5,11,1 L,+0.877
8831.677,5,11,1 L,+0.893
8834.411,5,11,1 L,+0.979
8840.294,5,11,1 L,+1.022
8849.434,5,11,1 L,+1.121
8853.497,5,11,1 L,+1.139
8856.427,5,11,1 L,+1.146
8857.212,5,11,1 L,+1.155
8860.586,5,11,1 L,+1.176
8863.383,5,11,1 L,+1.190
8870.527,5,11,1 L,+0.992
8876.45,5,11,1 L,+1.021
8881.45,5,11,1 L,+0.837
8883.325,5,11,1 L,+0.805
8886.825,5,11,1 L,+0.809
8890.716,5,11,1 L,+0.911
8895.138,5,11,1 L,+0.868
8899.044,5,11,1 L,+0.872
8904.513,5,11,1 L,+0.851
8909.059,5,11,1 L,+0.856
8913.372,5,11,1 L,+0.857
8916.544,5,11,1 L,+0.888
8918.138,5,11,1 L,+0.883
8918.919,5,11,1 L,+0.900
8921.654,5,11,1 L,+0.968
8927.413,5,11,1 L,+0.936
8936.426,5,11,1 L,+0.863
8940.499,5,11,1 L,+0.876
8943.465,5,11,1 L,+0.861
8944.204,5,11,1 L,+0.862
8947.591,5,11,1 L,+0.838
8950.317,5,11,1 L,+0.770
8957.482,5,11,1 L,+0.684
8963.371,5,11,1 L,+0.692
8968.476,5,11,1 L,+0.515
8970.384,5,11,1 L,+0.485
8973.915,5,11,1 L,+0.474
8977.799,5,11,1 L,+0.626
8982.221,5,11,1 L,+0.552
8986.101,5,11,1 L,+0.560
8991.672,5,11,1 L,+0.692
8996.3,5,11,1 L,+0.738
9000.672,5,11,1 L,+0.697
9003.794,5,11,1 L,+0.687
9005.45,5,11,1 L,+0.690
9006.173,5,11,1 L,+0.712
9008.894,5,11,1 L,+0.774
9014.713,5,11,1 L,+0.709
9023.771,5,11,1 L,+0.744
9027.872,5,11,1 L,+0.760
9030.795,5,11,1 L,+0.726
9031.578,5,11,1 L,+0.725
9034.913,5,11,1 L,+0.692
9037.627,5,11,1 L,+0.636
9044.784,5,11,1 L,+0.489
9050.763,5,11,1 L,+0.524
9055.959,5,11,1 L,+0.390
9057.898,5,11,1 L,+0.373
9061.459,5,11,1 L,+0.414
9065.371,5,11,1 L,+0.576
9069.856,5,11,1 L,+0.528
9073.762,5,11,1 L,+0.588
9079.34,5,11,1 L,+0.695
9083.95,5,11,1 L,+0.749
9088.285,5,11,1 L,+0.754
9091.413,5,11,1 L,+0.760
9092.998,5,11,1 L,+0.750
9093.759,5,11,1 L,+0.747
9096.484,5,11,1 L,+0.786
9102.34,5,11,1 L,+0.779
9111.444,5,11,1 L,+0.752
9115.509,5,11,1 L,+0.706
9118.463,5,11,1 L,+0.694
9122.603,5,11,1 L,+0.663
9125.384,5,11,1 L,+0.662
9132.54,5,11,1 L,+0.599
9138.508,5,11,1 L,+0.645
9143.7,5,11,1 L,+0.497
9145.641,5,11,1 L,+0.473
9149.188,5,11,1 L,+0.484
9153.125,5,11,1 L,+0.621
9157.611,5,11,1 L,+0.531
9161.577,5,11,1 L,+0.592
9167.141,5,11,1 L,+0.638
9171.767,5,11,1 L,+0.637
9176.105,5,11,1 L,+0.625
9179.262,5,11,1 L,+0.656
9181.659,5,11,1 L,+0.660
9184.398,5,11,1 L,+0.693
9190.284,5,11,1 L,+0.688
9199.439,5,11,1 L,+0.655
9203.595,5,11,1 L,+0.636
9206.486,5,11,1 L,+0.625
9207.267,5,11,1 L,+0.628
9210.626,5,11,1 L,+0.599
9213.353,5,11,1 L,+0.566
9220.509,5,11,1 L,+0.380
9226.541,5,11,1 L,+0.619
9231.676,5,11,1 L,+0.313
9233.564,5,11,1 L,+0.274
9237.083,5,11,1 L,+0.269
9241.062,5,11,1 L,+0.344
9245.671,5,11,1 L,+0.277
9249.574,5,11,1 L,+0.164
9255.459,5,11,1 L,+0.248
9260.248,5,11,1 L,+0.407
9264.728,5,11,1 L,+0.437
9267.962,5,11,1 L,+0.523
9269.603,5,11,1 L,+0.553
9270.384,5,11,1 L,+0.573
9273.127,5,11,1 L,+0.629
9279.106,5,11,1 L,+0.664
9288.45,5,11,1 L,+0.840
9292.544,5,11,1 L,+0.862
9295.653,5,11,1 L,+0.953
9296.481,5,11,1 L,+0.978
9426.806,5,11,1L,+0.978
8.61,31,15,,
3250.461,31,15,,+0.436
3256.815,31,15,+1.495,+0.436
3260.072,31,12,+1.495,+0.436
3260.165,31,12,+1.429,+0.028
3267.755,31,12,+1.908,+0.082
3274.228,31,13,+1.908,+0.082
3274.398,31,13,+2.412,+0.058
3279.626,31,13,+2.612,+0.134
3282.192,31,12,+2.612,+0.134
3282.426,31,13,+2.612,+0.134
3282.801,31,13,+2.942,+0.134
3285.426,31,13,+3.063,+0.221
3289.772,31,12,+3.063,+0.221
3289.858,31,12,+3.689,+0.506
3294.581,31,12,+4.098,+0.462
3298.617,31,12,+4.364,+0.351
3304.606,31,12,+4.892,+0.460
3309.342,31,12,+5.155,+0.415
3313.727,31,12,+5.391,+0.333
3317.055,31,12,+5.511,+0.280
3318.711,31,12,+5.619,+0.292
3319.492,31,12,+5.637,+0.283
3322.305,31,12,+5.637,+0.227
3328.102,31,12,+5.968,+0.424
3337.336,31,12,+6.249,+0.456
3341.461,31,12,+6.531,+0.599
3344.321,31,12,+6.584,+0.566
3345.102,31,12,+6.585,+0.570
3348.524,31,12,+6.519,+0.611
3351.258,31,12,+6.491,+0.618
3358.502,31,12,+6.652,+0.791
3364.609,31,12,+6.808,+0.598
3369.671,31,12,+6.901,+0.542
3371.624,31,12,+6.936,+0.511
3375.262,31,12,+6.981,+0.520
3379.294,31,12,+7.223,+0.566
3383.774,31,12,+7.439,+0.581
3387.787,31,12,+7.573,+0.496
3393.452,31,12,+7.805,+0.532
3398.168,31,12,+8.002,+0.478
3402.475,31,12,+8.132,+0.508
3405.7,31,12,+8.191,+0.502
3407.361,31,12,+8.262,+0.505
3408.105,31,12,+8.271,+0.499
3410.886,31,12,+8.226,+0.439
3416.667,31,12,+8.512,+0.544
3425.921,31,12,+8.759,+0.529
3430.124,31,12,+9.089,+0.718
3433.014,31,12,+9.210,+0.683
3433.78,31,12,+9.221,+0.682
3437.217,31,12,+9.176,+0.704
3439.946,31,12,+9.069,+0.725
3446.917,31,12,+9.098,+0.713
3452.972,31,12,+9.252,+0.807
3458.027,31,12,+9.438,+0.857
3459.996,31,12,+9.495,+0.868
3463.53,31,12,+9.537,+0.945
3467.452,31,12,+9.729,+0.936
3471.965,31,12,+9.957,+0.933
3475.841,31,12,+10.056,+0.935
3481.405,31,12,+10.274,+0.924
3486.118,31,12,+10.435,+0.896
3490.18,31,12,+10.502,+0.850
3493.378,31,12,+10.534,+0.842
3495.064,31,12,+10.628,+0.838
3495.828,31,12,+10.656,+0.841
3498.587,31,12,+10.645,+0.790
3504.306,31,12,+10.867,+0.856
3513.445,31,12,+11.016,+0.971
3517.61,31,12,+11.311,+1.099
3520.502,31,12,+11.423,+1.047
3521.263,31,12,+11.438,+1.046
3524.714,31,12,+11.379,+1.070
3527.461,31,12,+11.235,+1.124
3534.453,31,12,+11.325,+1.056
3540.592,31,12,+11.518,+1.103
3545.764,31,12,+11.686,+1.211
3547.639,31,12,+11.740,+1.181
3551.217,31,12,+11.780,+1.235
3555.03,31,12,+11.870,+1.196
3559.421,31,12,+12.013,+1.149
3563.329,31,12,+12.095,+1.093
3568.88,31,12,+12.426,+1.090
3573.485,31,12,+12.643,+1.100
3577.721,31,12,+12.787,+1.038
3580.945,31,12,+12.884,+1.030
3582.604,31,12,+13.010,+1.043
3583.386,31,12,+13.038,+1.036
3586.161,31,12,+13.049,+0.983
3591.861,31,12,+13.302,+1.012
3601.009,31,12,+13.539,+0.996
3605.144,31,12,+13.793,+1.060
3608.148,31,12,+13.919,+1.106
3608.928,31,12,+13.933,+1.114
3612.373,31,12,+13.907,+1.157
3615.136,31,12,+13.824,+1.238
3622.149,31,12,+13.887,+1.235
3628.264,31,12,+14.027,+1.374
3633.405,31,12,+14.157,+1.443
3635.295,31,12,+14.220,+1.451
3638.92,31,12,+14.269,+1.544
3642.811,31,12,+14.513,+1.575
3647.178,31,12,+14.701,+1.508
3651.1,31,12,+14.744,+1.537
3656.634,31,12,+15.092,+1.553
3661.202,31,12,+15.335,+1.622
3665.476,31,12,+15.412,+1.522
3668.596,31,12,+15.483,+1.502
3670.199,31,12,+15.560,+1.475
3670.942,31,12,+15.577,+1.456
3673.714,31,12,+15.588,+1.404
3679.482,31,12,+15.763,+1.498
3688.62,31,12,+16.020,+1.585
3692.745,31,12,+16.230,+1.581
3695.636,31,12,+16.321,+1.489
3696.433,31,12,+16.331,+1.480
3699.87,31,12,+16.331,+1.492
3702.699,31,12,+16.328,+1.553
3709.741,31,12,+16.463,+1.449
3715.93,31,12,+16.682,+1.629
3720.994,31,12,+16.738,+1.648
3722.891,31,12,+16.781,+1.654
3726.551,31,12,+16.822,+1.735
3730.341,31,12,+16.995,+1.712
3734.735,31,12,+17.196,+1.744
3738.7,31,12,+17.239,+1.742
3744.261,31,12,+17.586,+1.816
3748.815,31,12,+17.818,+1.875
3753.089,31,12,+17.948,+1.849
3756.26,31,12,+18.017,+1.796
3757.874,31,12,+18.086,+1.789
3758.64,31,12,+18.093,+1.772
3761.403,31,12,+18.093,+1.707
3767.194,31,12,+18.375,+1.820
3776.265,31,12,+18.626,+1.799
3780.447,31,12,+18.888,+1.813
3783.315,31,12,+18.970,+1.746
3784.092,31,12,+18.981,+1.745
3787.562,31,12,+18.984,+1.770
3790.342,31,12,+18.971,+1.830
3797.4,31,12,+19.147,+1.847
3803.561,31,12,+19.378,+2.083
3808.658,31,12,+19.532,+2.128
3810.616,31,12,+19.639,+2.115
3814.285,31,12,+19.733,+2.134
3818.058,31,12,+19.885,+2.071
3822.464,31,12,+20.083,+2.116
3826.402,31,12,+20.188,+2.126
3831.964,31,12,+20.525,+2.195
3836.511,31,12,+20.723,+2.203
3840.792,31,12,+20.879,+2.170
3843.918,31,12,+20.899,+2.044
3845.593,31,12,+20.997,+2.059
3846.362,31,12,+21.027,+2.054
3849.108,31,12,+21.088,+1.948
3854.828,31,12,+21.327,+1.980
3863.973,31,12,+21.527,+1.903
3868.089,31,12,+21.720,+1.992
3870.995,31,12,+21.810,+1.956
3871.792,31,12,+21.825,+1.961
3875.246,31,12,+21.821,+1.991
3878.073,31,12,+21.783,+2.067
3885.114,31,12,+21.931,+2.118
3891.308,31,12,+22.117,+2.341
3896.464,31,12,+22.328,+2.447
3898.386,31,12,+22.413,+2.493
3902.026,31,12,+22.489,+2.590
3905.886,31,12,+22.682,+2.619
3910.323,31,12,+22.869,+2.644
3914.214,31,12,+22.917,+2.673
3919.777,31,12,+23.164,+2.799
3924.386,31,12,+23.361,+2.863
3928.636,31,12,+23.432,+2.821
3931.808,31,12,+23.472,+2.740
3933.448,31,12,+23.523,+2.753
3934.214,31,12,+23.540,+2.751
3936.98,31,12,+23.540,+2.684
3942.743,31,12,+23.768,+2.689
3951.864,31,12,+24.024,+2.698
3955.995,31,12,+24.285,+2.765
3958.933,31,12,+24.395,+2.679
3959.714,31,12,+24.410,+2.670
3963.167,31,12,+24.425,+2.686
3965.9,31,13,+24.425,+2.686
3966.228,31,13,+24.591,+0.210
3973.435,31,13,+24.948,+0.414
3979.714,31,13,+25.208,+0.648
3984.931,31,13,+25.399,+0.800
3986.895,31,13,+25.489,+0.789
3990.503,31,13,+25.526,+0.822
3994.42,31,13,+25.796,+0.983
3998.858,31,13,+25.965,+1.152
4002.761,31,13,+26.015,+1.191
4008.334,31,13,+26.351,+1.540
4013.002,31,13,+26.576,+1.764
4017.328,31,13,+26.705,+1.813
4020.526,31,13,+26.784,+1.893
4022.12,31,13,+26.861,+1.915
4022.901,31,13,+26.887,+1.902
4025.714,31,13,+26.905,+1.838
4031.417,31,13,+27.149,+1.987
4040.517,31,13,+27.343,+2.104
4044.662,31,13,+27.568,+2.308
4047.636,31,13,+27.718,+2.425
4048.417,31,13,+27.740,+2.447
4051.914,31,13,+27.771,+2.506
4054.728,31,13,+27.761,+2.595
4061.894,31,13,+27.946,+2.651
4067.994,31,13,+28.078,+2.549
4073.196,31,13,+28.157,+2.668
4075.12,31,13,+28.236,+2.670
4078.761,31,13,+28.298,+2.759
4082.589,31,13,+28.467,+2.803
4086.995,31,13,+28.650,+2.920
4090.948,31,13,+28.735,+2.936
4096.468,31,13,+28.940,+3.192
4101.027,31,13,+29.050,+3.271
4105.339,31,13,+29.100,+3.271
4108.48,31,13,+29.082,+3.279
4110.042,31,13,+29.134,+3.295
4110.839,31,13,+29.160,+3.304
4113.605,31,13,+29.165,+3.282
4119.308,31,13,+29.341,+3.354
4128.401,31,13,+29.521,+3.415
4132.542,31,13,+29.755,+3.571
4135.462,31,13,+29.864,+3.560
4136.256,31,13,+29.880,+3.570
4139.715,31,13,+29.902,+3.636
4142.529,31,13,+29.909,+3.722
4149.637,31,13,+30.132,+3.618
4155.831,31,13,+30.266,+3.751
4160.921,31,13,+30.402,+3.741
4162.859,31,13,+30.499,+3.766
4166.499,31,13,+30.542,+3.860
4170.312,31,13,+30.676,+3.823
4174.934,31,13,+30.895,+3.885
4178.72,31,13,+30.961,+3.908
4184.233,31,13,+31.147,+4.002
4188.858,31,13,+31.376,+4.045
4193.155,31,13,+31.460,+4.008
4196.401,31,13,+31.486,+3.998
4197.986,31,13,+31.584,+4.034
4198.798,31,13,+31.623,+4.057
4201.595,31,13,+31.657,+4.077
4207.372,31,13,+31.963,+4.200
4216.516,31,13,+32.241,+4.002
4220.693,31,13,+32.481,+4.121
4223.641,31,13,+32.636,+4.131
4224.404,31,13,+32.656,+4.142
4227.901,31,13,+32.685,+4.325
4230.758,31,13,+32.690,+4.314
4237.865,31,13,+32.817,+4.019
4244.073,31,13,+33.028,+4.008
4249.26,31,13,+33.145,+4.098
4251.286,31,13,+33.244,+4.061
4254.901,31,13,+33.308,+4.139
4258.928,31,13,+33.693,+4.194
4263.419,31,13,+33.922,+4.170
4267.399,31,13,+33.983,+4.152
4272.964,31,13,+34.237,+4.164
4277.542,31,13,+34.429,+4.145
4281.886,31,13,+34.515,+4.119
4285.058,31,13,+34.536,+4.030
4286.683,31,13,+34.583,+4.024
4287.464,31,13,+34.588,+4.013
4290.229,31,13,+34.558,+3.931
4296.008,31,13,+34.823,+3.965
4305.233,31,13,+35.166,+3.910
4309.389,31,13,+35.422,+3.929
4312.311,31,13,+35.527,+3.865
4313.108,31,13,+35.543,+3.867
4316.608,31,13,+35.568,+3.906
4319.42,31,13,+35.566,+3.998
4326.545,31,13,+35.701,+3.689
4332.701,31,13,+35.882,+3.789
4337.951,31,13,+35.975,+3.850
4339.92,31,13,+36.023,+3.826
4343.501,31,13,+36.052,+3.866
4347.299,31,13,+36.208,+3.852
4351.738,31,13,+36.360,+3.765
4355.715,31,13,+36.413,+3.783
4361.261,31,13,+36.651,+3.828
4365.873,31,13,+36.790,+3.802
4370.174,31,13,+36.863,+3.717
4373.351,31,13,+36.909,+3.623
4375.044,31,13,+36.991,+3.611
4375.813,31,13,+37.011,+3.602
4378.583,31,13,+36.984,+3.495
4384.27,31,13,+37.153,+3.517
4393.483,31,13,+37.480,+3.509
4397.714,31,13,+37.800,+3.597
4400.631,31,13,+37.915,+3.578
4401.42,31,13,+37.929,+3.582
4404.894,31,13,+37.943,+3.613
4407.751,31,13,+37.965,+3.723
4414.896,31,13,+38.094,+3.806
4421.045,31,13,+38.279,+4.019
4426.217,31,13,+38.423,+4.143
4428.17,31,13,+38.558,+4.184
4431.858,31,13,+38.628,+4.271
4435.639,31,13,+38.762,+4.303
4440.092,31,13,+38.952,+4.379
4444.144,31,13,+39.100,+4.451
4449.995,31,13,+39.607,+4.727
4454.636,31,14,+39.607,+4.727
4455.105,31,14,+40.346,+0.382
4459.558,31,14,+40.600,+0.457
4462.855,31,14,+40.775,+0.565
4464.573,31,14,+40.916,+0.622
4465.448,31,14,+40.959,+0.610
4468.151,31,14,+40.987,+0.592
4473.999,31,14,+41.255,+0.748
4483.26,31,14,+41.596,+0.887
4487.42,31,14,+41.856,+0.974
4490.389,31,14,+41.995,+1.079
4491.201,31,14,+42.010,+1.083
4494.623,31,14,+41.997,+1.046
4497.415,31,14,+41.964,+1.009
4504.667,31,14,+42.211,+1.125
4510.839,31,14,+42.378,+1.222
4515.971,31,14,+42.510,+1.386
4517.842,31,14,+42.597,+1.405
4521.498,31,14,+42.628,+1.411
4525.311,31,14,+42.761,+1.405
4529.733,31,14,+42.989,+1.505
4533.686,31,14,+43.067,+1.512
4539.217,31,14,+43.347,+1.696
4543.873,31,14,+43.541,+1.816
4548.201,31,14,+43.647,+1.813
4551.373,31,14,+43.677,+1.793
4553.014,31,14,+43.758,+1.789
4553.78,31,14,+43.784,+1.786
4556.542,31,14,+43.787,+1.738
4562.328,31,14,+44.061,+1.832
4571.503,31,14,+44.360,+1.946
4575.693,31,14,+44.608,+2.059
4578.607,31,14,+44.564,+2.091
4579.387,31,14,+44.560,+2.092
4582.855,31,14,+44.541,+2.080
4585.761,31,14,+44.599,+2.122
4592.964,31,14,+44.859,+2.217
4599.058,31,14,+45.106,+2.340
4604.245,31,14,+45.145,+2.511
4606.12,31,14,+45.228,+2.480
4609.745,31,14,+45.244,+2.439
4613.527,31,14,+45.367,+2.499
4617.964,31,14,+45.512,+2.587
4621.915,31,14,+44.639,+2.663
4627.488,31,14,+44.919,+2.763
4632.13,31,14,+45.063,+2.899
4636.464,31,14,+45.107,+2.901
4639.636,31,14,+45.182,+2.914
4641.308,31,14,+45.251,+2.922
4642.105,31,14,+45.264,+2.915
4644.84,31,14,+45.254,+2.864
4650.61,31,14,+45.378,+2.989
4659.844,31,14,+45.583,+3.148
4663.992,31,14,+45.878,+3.193
4666.901,31,14,+45.992,+3.193
4667.708,31,14,+46.008,+3.122
4671.065,31,13,+46.008,+3.122
4671.153,31,13,+46.041,+3.252
4674.0,31,13,+46.089,+3.292
4681.114,31,13,+46.150,+2.982
4687.228,31,13,+46.372,+3.026
4692.418,31,13,+46.443,+3.206
4694.305,31,13,+46.582,+3.257
4697.945,31,13,+46.668,+3.277
4701.72,31,13,+46.897,+3.286
4706.2,31,13,+47.094,+3.372
4710.161,31,13,+47.259,+3.430
4715.699,31,13,+47.528,+3.536
4720.292,31,13,+39.355,+3.632
4724.636,31,13,+39.479,+3.660
4727.808,31,13,+39.567,+3.646
4729.464,31,13,+39.650,+3.707
4730.261,31,13,+39.670,+3.725
4732.995,31,13,+39.637,+3.686
4738.792,31,13,+39.800,+3.859
4748.074,31,13,+40.164,+4.122
4756.612,31,14,+40.164,+4.122
4763.996,31,15,+40.164,+4.122
4765.23,31,16,+40.164,+4.122
4771.35,31,17,+40.164,+4.122
4773.006,31,18,+40.164,+4.122
4778.815,31,19,+40.164,+4.122
4782.617,31,20,+40.164,+4.122
4784.162,31,20,+62.289,+1.448
4791.73,31,20,+62.850,+2.038
4797.745,31,20,+63.043,+2.129
4802.902,31,20,+63.119,+2.165
4804.792,31,20,+63.184,+2.201
4808.405,31,20,+63.208,+2.295
4812.295,31,20,+63.407,+2.365
4816.67,31,20,+63.573,+2.410
4820.603,31,20,+63.621,+2.433
4826.128,31,20,+63.871,+2.548
4830.761,31,20,+64.068,+2.568
4835.012,31,20,+64.076,+2.517
4838.129,31,20,+64.113,+2.472
4839.738,31,20,+64.160,+2.496
4840.529,31,20,+64.163,+2.492
4843.238,31,20,+64.124,+2.418
4848.873,31,20,+64.216,+2.555
4857.901,31,20,+64.366,+2.466
4861.958,31,20,+64.422,+2.566
4864.824,31,20,+64.422,+2.524
4865.605,31,20,+64.426,+2.525
4868.949,31,19,+64.426,+2.525
4869.042,31,19,+64.427,+2.578
4871.871,31,19,+64.457,+2.626
4878.786,31,19,+64.375,+2.413
4884.773,31,19,+64.467,+2.475
4889.78,31,19,+64.440,+2.320
4891.67,31,19,+64.455,+2.294
4895.295,31,19,+64.498,+2.403
4899.077,31,19,+64.625,+2.268
4903.452,31,19,+64.778,+2.266
4907.374,31,19,+64.797,+2.233
4912.921,31,19,+65.099,+2.262
4917.514,31,19,+65.257,+2.252
4921.82,31,19,+65.301,+2.281
4925.014,31,19,+65.399,+2.258
4926.634,31,19,+65.455,+2.307
4927.394,31,19,+65.458,+2.303
4930.15,31,19,+65.435,+2.234
4935.781,31,19,+65.497,+2.258
4944.858,31,19,+65.708,+2.243
4948.905,31,19,+65.787,+2.297
4951.78,31,19,+65.757,+2.232
4952.561,31,19,+65.756,+2.232
4956.015,31,19,+65.747,+2.274
4958.802,31,19,+65.754,+2.277
4965.842,31,19,+65.845,+2.204
4971.814,31,19,+65.990,+2.075
4976.861,31,19,+66.043,+2.083
4978.746,31,19,+66.067,+2.121
4982.361,31,19,+66.116,+2.247
4986.161,31,19,+66.220,+2.125
4990.544,31,19,+66.436,+2.143
4994.477,31,19,+66.475,+2.134
4999.998,31,19,+66.758,+2.197
5004.59,31,19,+66.920,+2.168
5008.849,31,19,+66.897,+2.149
5012.001,31,19,+66.973,+2.084
5013.633,31,19,+67.007,+2.089
5014.568,31,19,+67.004,+2.070
5017.114,31,19,+66.952,+1.974
5022.733,31,19,+66.975,+1.916
5031.78,31,19,+67.153,+1.884
5035.909,31,19,+67.282,+2.039
5038.761,31,19,+67.222,+1.962
5039.542,31,19,+67.215,+1.956
5043.0,31,19,+67.197,+2.008
5045.829,31,19,+67.216,+2.113
5052.845,31,19,+67.256,+2.113
5058.918,31,19,+67.503,+2.201
5064.0,31,19,+67.583,+2.105
5066.106,31,19,+67.619,+2.071
5069.529,31,19,+67.675,+2.142
5073.333,31,19,+67.773,+1.826
5077.673,31,19,+67.949,+1.807
5081.602,31,19,+68.001,+1.786
5087.099,31,19,+68.288,+1.808
5091.749,31,19,+68.434,+1.760
5096.015,31,19,+68.421,+1.813
5099.231,31,19,+68.553,+1.821
5100.872,31,19,+68.578,+1.804
5101.602,31,19,+68.580,+1.796
5104.342,31,19,+68.540,+1.722
5110.114,31,19,+68.665,+1.750
5119.118,31,19,+68.807,+1.727
5123.214,31,19,+68.926,+1.785
5126.173,31,19,+68.916,+1.752
5126.914,31,19,+68.918,+1.754
5130.361,31,19,+68.914,+1.814
5133.174,31,19,+68.955,+1.889
5140.245,31,19,+68.990,+1.908
5146.258,31,19,+69.220,+1.890
5151.355,31,19,+69.094,+1.903
5153.245,31,19,+69.074,+1.869
5156.824,31,19,+59.187,+1.942
5160.605,31,19,+59.332,+1.696
5164.999,31,19,+59.555,+1.724
5168.914,31,19,+59.659,+1.726
5174.414,31,19,+59.937,+1.781
5178.998,31,19,+60.166,+1.769
5183.186,31,19,+60.262,+1.703
5186.483,31,19,+60.349,+1.698
5188.014,31,19,+60.437,+1.689
5188.764,31,19,+60.456,+1.666
5191.529,31,19,+60.488,+1.590
5197.186,31,19,+60.755,+1.645
5206.261,31,19,+61.028,+1.715
5210.4,31,19,+61.300,+1.728
5213.258,31,19,+61.385,+1.729
5214.01,31,19,+67.489,+1.732
5217.361,31,18,+67.489,+1.732
5217.458,31,18,+61.394,+1.799
5220.242,31,18,+61.403,+1.776
5227.291,31,18,+61.580,+1.618
5233.291,31,18,+61.681,+1.587
5238.431,31,18,+61.786,+1.502
5240.322,31,18,+61.820,+1.428
5243.884,31,18,+61.813,+1.448
5247.712,31,18,+61.993,+1.370
5252.11,31,18,+62.255,+1.445
5256.11,31,18,+62.374,+1.412
5261.579,31,18,+62.642,+1.438
5266.219,31,18,+62.950,+1.425
5270.422,31,18,+63.096,+1.363
5273.636,31,18,+63.222,+1.362
5275.277,31,18,+63.297,+1.307
5276.027,31,18,+63.307,+1.281
5278.745,31,18,+63.304,+1.191
5284.428,31,18,+63.511,+1.039
5293.592,31,18,+63.929,+1.001
5297.734,31,18,+64.225,+1.067
5300.663,31,18,+64.332,+1.020
5301.494,31,18,+64.343,+1.021
5304.869,31,18,+64.314,+1.043
5307.617,31,18,+64.262,+1.039
5314.633,31,18,+64.443,+0.972
5320.642,31,18,+64.554,+0.951
5325.74,31,18,+64.644,+0.944
5327.637,31,18,+64.711,+0.952
5331.232,31,18,+64.740,+1.043
5335.062,31,18,+64.997,+0.871
5339.473,31,18,+65.320,+0.838
5343.434,31,18,+65.462,+0.841
5348.934,31,18,+65.685,+0.836
5353.653,31,18,+65.975,+0.829
5357.919,31,18,+66.067,+0.763
5361.106,31,18,+66.149,+0.688
5362.778,31,18,+66.244,+0.674
5363.544,31,18,+66.271,+0.666
5366.278,31,18,+66.268,+0.587
5372.092,31,18,+66.611,+0.658
5381.3,31,18,+66.862,+0.627
5385.394,31,18,+67.023,+0.614
5388.394,31,18,+67.244,+0.634
5389.158,31,18,+67.264,+0.639
5392.585,31,18,+67.237,+0.665
5395.327,31,18,+67.182,+0.732
5402.468,31,18,+67.457,+0.735
5408.617,31,18,+67.716,+0.804
5413.675,31,18,+67.680,+0.729
5415.58,31,18,+67.743,+0.719
5419.146,31,18,+67.756,+0.735
5423.061,31,18,+68.030,+0.494
5427.581,31,18,+68.331,+0.501
5431.605,31,18,+68.492,+0.448
5437.249,31,18,+68.905,+0.479
5442.001,31,18,+69.311,+0.516
5446.36,31,18,+69.453,+0.506
5449.589,31,18,+69.582,+0.478
5451.261,31,18,+69.678,+0.415
5452.042,31,18,+69.702,+0.402
5454.823,31,18,+69.741,+0.342
5460.76,31,18,+70.231,+0.521
5469.986,31,18,+70.621,+0.566
5474.202,31,18,+70.964,+0.520
5477.077,31,18,+70.997,+0.376
5477.842,31,18,+70.996,+0.365
5481.207,31,18,+70.917,+0.369
5483.986,31,18,+70.903,+0.422
5491.139,31,18,+71.172,+0.211
5497.295,31,18,+71.408,+0.371
5502.468,31,18,+71.430,+0.243
5504.405,31,18,+71.516,+0.217
5508.044,31,18,+71.520,+0.209
5512.045,31,18,+71.879,+0.297
5516.699,31,18,+72.255,+0.271
5520.745,31,18,+72.482,+0.401
5526.428,31,18,+72.921,+0.425
5531.091,31,18,+73.160,+0.392
5535.46,31,18,+73.297,+0.284
5538.761,31,18,+73.444,+0.288
5540.429,31,18,+73.580,+0.301
5541.216,31,18,+73.618,+0.286
5544.015,31,18,+73.686,+0.241
5549.939,31,18,+74.094,+0.366
5559.115,31,18,+74.380,+0.189
5563.23,31,18,+74.587,+0.189
5566.158,31,18,+74.666,+0.189
5566.97,31,17,+74.666,+0.189
5566.97,31,17,+74.675,+2.353
5570.392,31,17,+74.669,+2.354
5573.145,31,17,+74.673,+2.376
5580.294,31,17,+74.765,+2.449
5586.316,31,17,+74.844,+2.668
5591.373,31,17,+74.779,+2.612
5593.233,31,17,+74.813,+2.574
5596.842,31,17,+74.868,+2.646
5600.592,31,17,+74.952,+2.622
5604.998,31,17,+75.125,+2.609
5608.936,31,17,+75.195,+2.602
5614.381,31,17,+75.313,+2.609
5618.949,31,17,+75.472,+2.609
5623.167,31,17,+75.542,+2.538
5626.339,31,17,+75.652,+2.507
5627.964,31,17,+75.713,+2.465
5628.745,31,17,+75.728,+2.443
5631.464,31,17,+75.723,+2.326
5637.185,31,17,+75.948,+2.426
5646.266,31,17,+75.992,+2.339
5650.376,31,17,+76.208,+2.421
5653.262,31,17,+76.310,+2.334
5654.034,31,17,+76.322,+2.327
5657.485,31,17,+76.341,+2.324
5660.277,31,17,+76.377,+2.366
5667.37,31,17,+76.486,+1.908
5673.37,31,17,+76.592,+1.892
5678.62,31,17,+76.788,+1.908
5680.48,31,17,+76.851,+1.831
5684.12,31,17,+76.902,+1.868
5687.839,31,17,+77.041,+1.806
5692.333,31,17,+77.286,+1.843
5696.273,31,17,+77.377,+1.825
5701.731,31,17,+77.532,+1.866
5706.339,31,17,+77.779,+1.889
5710.636,31,17,+77.863,+1.820
5713.777,31,17,+77.926,+1.756
5715.433,31,17,+78.010,+1.762
5716.214,31,17,+78.023,+1.757
5718.949,31,17,+78.025,+1.655
5724.717,31,17,+78.298,+1.723
5733.794,31,17,+78.460,+1.601
5737.919,31,17,+78.670,+1.719
5740.824,31,17,+78.748,+1.661
5741.599,31,17,+78.755,+1.658
5745.034,31,17,+78.762,+1.662
5747.844,31,17,+78.803,+1.663
5754.886,31,17,+78.884,+1.608
5760.886,31,17,+78.983,+1.753
5766.042,31,17,+79.068,+1.764
5767.886,31,17,+79.084,+1.728
5771.433,31,17,+79.096,+1.769
5775.23,31,17,+79.234,+1.817
5779.652,31,17,+79.248,+1.872
5783.58,31,17,+79.354,+1.837
5788.986,31,17,+79.385,+1.908
5793.601,31,17,+79.511,+1.861
5797.792,31,17,+79.523,+1.789
5801.001,31,17,+79.589,+1.794
5802.633,31,17,+79.650,+1.814
5803.394,31,17,+79.662,+1.808
5806.128,31,17,+79.638,+1.726
5811.761,31,17,+79.623,+1.757
5820.901,31,17,+79.758,+1.676
5824.994,31,17,+79.916,+1.726
5827.914,31,17,+79.972,+1.622
5828.631,31,17,+79.980,+1.615
5832.101,31,17,+79.997,+1.610
5834.917,31,17,+80.023,+1.589
5841.98,31,17,+80.090,+1.601
5847.977,31,17,+80.220,+1.760
5853.099,31,17,+80.246,+1.732
5855.005,31,17,+80.276,+1.746
5858.606,31,17,+80.331,+1.854
5862.328,31,17,+80.353,+1.794
5866.716,31,17,+80.468,+1.847
5870.653,31,17,+80.488,+1.833
5876.12,31,17,+80.630,+1.859
5880.714,31,17,+80.798,+1.852
5884.933,31,17,+80.895,+1.801
5888.058,31,17,+80.917,+1.687
5889.698,31,17,+80.952,+1.674
5890.464,31,17,+80.960,+1.667
5893.164,31,17,+80.880,+1.572
5898.896,31,17,+81.054,+1.648
5908.085,31,17,+81.209,+1.600
5912.243,31,17,+81.426,+1.682
5915.28,31,17,+81.588,+1.632
5916.014,31,17,+81.606,+1.629
5919.467,31,17,+81.641,+1.633
5922.295,31,17,+81.714,+1.651
5929.342,31,17,+81.717,+1.612
5935.405,31,17,+81.813,+1.750
5940.498,31,17,+81.857,+1.761
5942.389,31,17,+81.916,+1.730
5946.045,31,17,+81.966,+1.803
5949.889,31,17,+82.032,+1.819
5954.26,31,17,+82.203,+1.893
5958.204,31,17,+82.274,+1.877
5963.792,31,17,+82.525,+2.007
5968.428,31,17,+82.744,+2.065
5972.658,31,17,+82.767,+2.002
5975.889,31,17,+82.850,+1.974
5977.483,31,17,+82.908,+1.958
5978.264,31,17,+82.916,+1.939
5980.998,31,17,+82.926,+1.833
5986.686,31,17,+83.060,+1.904
5995.842,31,17,+83.223,+1.866
5999.998,31,17,+83.371,+1.947
6002.842,31,17,+83.364,+1.834
6003.639,31,17,+83.371,+1.826
6007.045,31,17,+83.401,+1.824
6009.854,31,17,+83.481,+1.818
6016.901,31,17,+83.497,+1.751
6022.948,31,17,+83.621,+1.843
6028.073,31,17,+83.612,+1.904
6029.932,31,17,+83.626,+1.917
6033.546,31,17,+83.689,+2.017
6037.269,31,17,+83.748,+1.888
6041.795,31,17,+83.943,+2.026
6045.764,31,17,+84.043,+2.030
6051.233,31,17,+84.257,+2.132
6055.858,31,17,+84.426,+2.186
6060.14,31,17,+84.422,+2.191
6063.294,31,17,+84.447,+2.191
6064.903,31,17,+84.442,+2.230
6065.716,31,17,+84.428,+2.231
6068.415,31,17,+84.331,+2.170
6074.151,31,17,+84.485,+2.156
6083.272,31,17,+84.655,+2.133
6087.303,31,17,+84.797,+2.165
6090.215,31,17,+84.864,+2.078
6090.966,31,17,+84.877,+2.071
6094.393,31,17,+84.199,+2.077
6097.185,31,17,+84.285,+2.083
6104.214,31,17,+84.234,+1.970
6110.22,31,17,+84.459,+2.083
6115.376,31,17,+84.449,+2.170
6117.283,31,17,+84.587,+2.206
6120.909,31,17,+84.716,+2.290
6124.731,31,17,+84.823,+2.355
6129.129,31,17,+84.879,+2.434
6133.772,31,17,1 L,+3.186
6139.46,31,17,1 L,+3.498
6144.109,31,17,1 L,+3.567
6148.413,31,17,1 L,+3.628
6151.542,31,17,1 L,+3.558
6153.17,31,17,1 L,+3.578
6153.938,31,17,1 L,+3.567
6156.637,31,17,1 L,+3.442
6162.358,31,17,1 L,+3.516
6171.476,31,17,1 L,+3.535
6175.605,31,17,1 L,+3.523
6178.48,31,17,1 L,+3.447
6179.261,31,17,1 L,+3.443
6182.695,31,17,1 L,+3.448
6185.524,31,17,1 L,+3.464
6192.522,31,17,1 L,+3.069
6198.553,31,17,1 L,+2.119
6203.756,31,17,1 L,+2.228
6205.678,31,17,1 L,+2.223
6209.334,31,17,1 L,+2.303
6213.084,31,17,1 L,+2.192
6217.522,31,17,1 L,+2.126
6222.299,31,17,1 L,+2.927
6228.128,31,17,1 L,+3.323
6232.864,31,17,1 L,+3.373
6237.139,31,17,1 L,+3.335
6240.311,31,17,1 L,+3.368
6241.983,31,17,1 L,+3.392
6242.748,31,17,1 L,+3.387
6245.498,31,17,1 L,+3.328
6251.233,31,17,1 L,+3.497
6260.361,31,17,1 L,+3.480
6264.56,31,17,1 L,+3.424
6267.394,31,17,1 L,+3.354
6268.161,31,17,1 L,+3.352
6271.489,31,16,1 L,+3.352
6271.712,31,16,1 L,+3.358
6274.32,31,16,1 L,+3.352
6281.385,31,16,1 L,+3.250
6287.408,31,16,1 L,+3.456
6292.585,31,16,1 L,+3.521
6294.492,31,16,1 L,+3.545
6298.099,31,16,1 L,+3.626
6301.914,31,16,1 L,+3.676
6306.326,31,16,1 L,+3.741
6310.201,31,16,1 L,+3.689
6315.701,31,16,1 L,+3.833
6320.248,31,16,1 L,+3.903
6324.545,31,16,1 L,+3.870
6327.717,31,16,1 L,+3.837
6329.326,31,16,1 L,+3.838
6330.076,31,16,1 L,+3.831
6332.764,31,16,1 L,+2.894
6338.436,31,16,1 L,+2.675
6347.529,31,16,1 L,+2.581
6366.433,31,17,1 L,+2.581
6366.87,31,18,1 L,+2.581
6366.964,31,19,1 L,+2.581
6378.194,31,20,1 L,+2.581
6383.217,31,20,1 L,+2.243
6390.729,31,20,1 L,+2.542
6396.667,31,20,1 L,+2.518
6401.682,31,20,1 L,+2.400
6403.542,31,20,1 L,+2.363
6407.217,31,20,1 L,+2.429
6411.061,31,20,1 L,+2.507
6415.42,31,20,1 L,+2.496
6420.186,31,20,1 L,+3.492
6426.217,31,20,1 L,+4.130
6431.499,31,20,1 L,+4.840
6435.808,31,20,1 L,+4.745
6438.949,31,20,1 L,+4.664
6440.542,31,20,1 L,+4.654
6441.339,31,20,1 L,+4.626
6443.995,31,20,1 L,+4.439
6449.652,31,20,1 L,+4.455
6458.631,31,20,1 L,+4.369
6462.648,31,20,1 L,+4.208
6465.533,31,20,1 L,+4.102
6466.272,31,20,1 L,+4.083
6469.658,31,20,1 L,+3.999
6472.351,31,20,1 L,+3.967
6479.384,31,20,1 L,+3.790
6485.417,31,20,1 L,+3.963
6490.558,31,20,1 L,+3.975
6492.417,31,20,1 L,+3.902
6495.913,31,20,1 L,+3.868
6499.773,31,20,1 L,+3.898
6504.26,31,20,1 L,+3.948
6508.253,31,20,1 L,+4.004
6513.839,31,20,1 L,+4.120
6518.408,31,20,1 L,+4.074
6522.62,31,20,1 L,+3.875
6525.817,31,20,1 L,+3.818
6527.387,31,20,1 L,+3.789
6528.174,31,20,1 L,+3.757
6530.872,31,20,1 L,+3.627
6536.543,31,20,1 L,+3.585
6545.514,31,20,1 L,+3.489
6549.542,31,20,1 L,+3.456
6552.394,31,20,1 L,+3.403
6553.194,31,20,1 L,+3.389
6556.591,31,20,1 L,+3.215
6559.348,31,20,1 L,+2.970
6566.372,31,20,1 L,+2.731
6572.615,31,20,1 L,+2.912
6577.745,31,20,1 L,+2.953
6579.567,31,20,1 L,+2.885
6583.151,31,20,1 L,+2.851
6586.972,31,20,1 L,+2.473
6591.276,31,20,1 L,+2.246
6595.128,31,20,1 L,+2.198
6600.557,31,20,1 L,+1.818
6605.214,31,20,1 L,+1.621
6609.475,31,20,1 L,+1.365
6612.619,31,20,1 L,+1.292
6614.219,31,20,1 L,+1.222
6615.004,31,20,1 L,+1.164
6617.713,31,20,1 L,+0.697
6623.46,31,20,1 L,+0.511
6632.664,31,20,1 L,+0.504
6636.704,31,20,1 L,+0.343
6639.693,31,20,1 L,+0.319
6640.428,31,20,1 L,+0.302
6643.792,31,20,1 L,+0.252
6646.494,31,20,1 L,+0.291
6653.662,31,20,1 L,+0.117
6659.55,31,19,1 L,+0.117
6659.619,31,19,1 L,+1.109
6664.842,31,19,1 L,+1.259
6666.854,31,19,1 L,+1.356
6670.514,31,19,1 L,+1.451
6674.342,31,19,1 L,+1.419
6678.744,31,19,1 L,+1.498
6682.699,31,19,1 L,+1.510
6688.223,31,19,1 L,+1.536
6692.811,31,19,1 L,+1.561
6696.985,31,19,1 L,+1.524
6700.173,31,19,1 L,+1.568
6701.793,31,19,1 L,+1.591
6702.53,31,19,1 L,+1.582
6705.293,31,19,1 L,+1.569
6710.872,31,19,1 L,+1.571
6719.906,31,19,1 L,+1.453
6723.893,31,19,1 L,+1.354
6726.877,31,19,1 L,+1.358
6727.66,31,19,1 L,+1.352
6731.014,31,19,1 L,+1.285
6733.749,31,19,1 L,+0.758
6740.929,31,19,1 L,+0.466
6746.993,31,19,1 L,+0.433
6752.199,31,19,1 L,+0.325
6754.099,31,19,1 L,+0.288
6757.643,31,19,1 L,+0.254
6761.685,31,19,1 L,+0.359
6766.139,31,19,1 L,+0.392
6770.061,31,19,1 L,+0.421
6775.66,31,19,1 L,+0.492
6780.36,31,19,1 L,+0.570
6784.577,31,19,1 L,+0.497
6787.753,31,19,1 L,+0.523
6789.372,31,19,1 L,+0.549
6790.158,31,19,1 L,+0.560
6792.916,31,19,1 L,+0.592
6798.568,31,19,1 L,+0.631
6807.648,31,19,1 L,+0.550
6811.641,31,19,1 L,+0.457
6814.667,31,19,1 L,+0.495
6815.394,31,19,1 L,+0.491
6818.951,31,19,1 L,+0.593
6822.328,31,19,1 L,+1.181
6829.523,31,19,1 L,+1.191
6835.589,31,18,1 L,+1.191
6835.636,31,18,1 L,+9.525
6840.728,31,18,1 L,+9.242
6842.631,31,18,1 L,+9.179
6846.16,31,18,1 L,+9.136
6850.036,31,18,1 L,+9.189
6854.477,31,18,1 L,+9.118
6858.328,31,18,1 L,+9.080
6863.717,31,18,1 L,+9.023
6868.277,31,18,1 L,+8.971
6872.422,31,18,1 L,+8.743
6875.514,31,18,1 L,+8.593
6877.139,31,18,1 L,+8.538
6877.889,31,18,1 L,+8.515
6880.574,31,18,1 L,+8.425
6886.23,31,18,1 L,+8.327
6895.233,31,18,1 L,+8.138
6899.274,31,18,1 L,+8.055
6902.114,31,18,1 L,+7.962
6902.89,31,18,1 L,+7.951
6906.299,31,18,1 L,+7.938
6909.099,31,18,1 L,+7.996
6916.114,31,18,1 L,+7.801
6922.111,31,18,1 L,+7.826
6927.204,31,18,1 L,+7.727
6929.06,31,18,1 L,+7.683
6932.63,31,18,1 L,+7.666
6936.343,31,18,1 L,+7.631
6940.76,31,18,1 L,+7.636
6944.617,31,18,1 L,+7.511
6950.062,31,18,1 L,+7.529
6954.658,31,18,1 L,+7.539
6958.792,31,18,1 L,+7.332
6961.937,31,18,1 L,+7.279
6963.602,31,18,1 L,+7.222
6964.354,31,18,1 L,+7.188
6967.072,31,18,1 L,+7.111
6972.676,31,18,1 L,+7.065
6981.601,31,18,1 L,+6.943
6985.667,31,18,1 L,+6.829
6988.479,31,18,1 L,+6.774
6989.229,31,18,1 L,+6.766
6992.62,31,18,1 L,+6.743
6995.448,31,18,1 L,+6.817
7002.414,31,18,1 L,+6.679
7008.343,31,18,1 L,+6.545
7013.428,31,18,1 L,+6.478
7015.302,31,18,1 L,+6.455
7018.881,31,18,1 L,+6.440
7022.624,31,18,1 L,+6.224
7026.995,31,18,1 L,+5.994
7030.854,31,18,1 L,+5.957
7036.333,31,18,1 L,+5.973
7040.895,31,18,1 L,+5.862
7045.078,31,18,1 L,+5.630
7048.173,31,18,1 L,+5.448
7049.769,31,18,1 L,+5.367
7050.519,31,18,1 L,+5.334
7053.27,31,18,1 L,+5.235
7058.799,31,18,1 L,+5.206
7067.717,31,18,1 L,+4.848
7075.339,31,18,1 L,+2.444
7078.689,31,17,1 L,+2.444
7078.777,31,17,1 L,+11.221
7081.574,31,17,1 L,+11.264
7088.472,31,17,1 L,+11.263
7094.323,31,17,1 L,+11.333
7099.373,31,17,1 L,+11.367
7101.254,31,17,1 L,+11.354
7104.799,31,17,1 L,+11.454
7108.481,31,17,1 L,+11.376
7112.755,31,17,1 L,+11.431
7116.628,31,17,1 L,+11.446
7122.026,31,17,1 L,+11.544
7126.604,31,17,1 L,+11.612
7130.932,31,17,1 L,+11.723
7134.099,31,17,1 L,+11.748
7135.701,31,17,1 L,+11.789
7136.472,31,17,1 L,+11.798
7139.173,31,17,1 L,+11.738
7144.685,31,17,1 L,+11.719
7153.634,31,17,1 L,+11.662
7157.702,31,17,1 L,+11.666
7160.545,31,17,1 L,+11.594
7161.317,31,17,1 L,+11.586
7164.761,31,17,1 L,+11.595
7167.581,31,17,1 L,+11.625
7174.492,31,17,1 L,+11.531
7180.414,31,17,1 L,+11.609
7185.498,31,17,1 L,+11.595
7187.272,31,17,1 L,+11.567
7190.89,31,17,1 L,+11.688
7194.628,31,17,1 L,+11.640
7198.979,31,17,1 L,+11.702
7202.777,31,17,1 L,+11.678
7208.143,31,17,1 L,+11.694
7212.684,31,17,1 L,+11.779
7216.996,31,17,1 L,+11.775
7220.147,31,17,1 L,+11.793
7221.785,31,17,1 L,+11.847
7222.53,31,17,1 L,+11.853
7225.273,31,17,1 L,+11.782
7230.894,31,17,1 L,+11.864
7239.824,31,17,1 L,+11.867
7243.888,31,17,1 L,+11.912
7246.793,31,17,1 L,+11.875
7247.541,31,17,1 L,+11.873
7250.999,31,17,1 L,+11.895
7253.776,31,17,1 L,+11.940
7260.795,31,17,1 L,+11.902
7266.799,31,17,1 L,+12.002
7271.86,31,17,1 L,+12.072
7273.71,31,17,1 L,+12.095
7277.313,31,17,1 L,+12.202
7280.955,31,17,1 L,+12.226
7285.459,31,17,1 L,+12.320
7289.195,31,17,1 L,+12.335
7294.685,31,17,1 L,+12.496
7299.228,31,17,1 L,+12.550
7303.428,31,17,1 L,+12.521
7306.533,31,17,1 L,+12.466
7308.165,31,17,1 L,+12.521
7311.624,31,17,1 L,+12.440
7317.214,31,17,1 L,+12.432
7326.139,31,17,1 L,+12.390
7330.164,31,17,1 L,+12.458
7332.999,31,17,1 L,+12.337
7333.739,31,17,1 L,+12.328
7337.173,31,17,1 L,+12.341
7340.045,31,17,1 L,+12.393
7346.967,31,17,1 L,+12.433
7352.999,31,17,1 L,+12.639
7358.028,31,17,1 L,+12.654
7359.899,31,17,1 L,+12.678
7363.487,31,17,1 L,+12.794
7367.185,31,17,1 L,+12.867
7371.541,31,17,1 L,+12.972
7375.385,31,17,1 L,+12.982
7380.822,31,17,1 L,+13.150
7385.401,31,17,1 L,+13.199
7389.574,31,17,1 L,+13.149
7392.66,31,17,1 L,+13.080
7394.305,31,17,1 L,+13.094
7395.02,31,17,1 L,+13.081
7397.697,31,17,1 L,+12.986
7403.368,31,17,1 L,+12.891
7412.354,31,17,1 L,+12.748
7416.432,31,17,1 L,+12.847
7419.37,31,17,1 L,+12.680
7420.089,31,17,1 L,+12.663
7423.523,31,17,1 L,+12.652
7426.327,31,17,1 L,+12.702
7433.379,31,17,1 L,+12.809
7439.32,31,17,1 L,+12.921
7444.46,31,17,1 L,+13.002
7446.329,31,17,1 L,+13.012
7449.96,31,17,1 L,+13.131
7453.615,31,17,1 L,+13.176
7457.96,31,17,1 L,+13.201
7461.854,31,17,1 L,+13.260
7467.276,31,17,1 L,+13.286
7471.792,31,17,1 L,+13.359
7476.042,31,17,1 L,+13.342
7479.135,31,17,1 L,+13.256
7480.745,31,17,1 L,+13.303
7481.526,31,17,1 L,+13.316
7484.213,31,17,1 L,+13.252
7489.854,31,17,1 L,+13.320
7498.899,31,17,1 L,+13.268
7503.001,31,17,1 L,+13.299
7505.927,31,17,1 L,+13.216
7506.727,31,17,1 L,+13.212
7510.147,31,17,1 L,+13.237
7512.929,31,17,1 L,+13.307
7520.002,31,17,1 L,+13.254
7525.828,31,17,1 L,+13.247
7531.081,31,17,1 L,+13.447
7532.971,31,17,1 L,+13.471
7537.501,31,17,1 L,+14.507
7541.601,31,17,1 L,+14.960
7546.064,31,17,1 L,+14.976
7550.033,31,17,1 L,+15.060
7555.558,31,17,1 L,+15.263
7560.214,31,17,1 L,+15.399
7564.585,31,17,1 L,+15.540
7567.702,31,17,1 L,+15.486
7569.296,31,17,1 L,+15.518
7570.062,31,17,1 L,+15.514
7572.73,31,17,1 L,+15.387
7578.323,31,17,1 L,+15.439
7587.307,31,17,1 L,+15.323
7591.339,31,17,1 L,+15.354
7594.245,31,17,1 L,+15.267
7595.042,31,17,1 L,+15.263
7598.464,31,17,1 L,+15.265
7601.214,31,17,1 L,+15.276
7608.199,31,17,1 L,+15.298
7614.193,31,17,1 L,+15.403
7619.247,31,17,1 L,+15.495
7621.129,31,17,1 L,+15.529
7624.643,31,17,1 L,+15.614
7628.534,31,17,1 L,+15.647
7632.617,31,17,1 L,+15.639
7636.46,31,17,1 L,+15.595
7641.884,31,17,1 L,+15.816
7646.36,31,17,1 L,+15.840
7650.588,31,17,1 L,+15.841
7653.731,31,17,1 L,+15.874
7655.328,31,17,1 L,+15.919
7656.094,31,17,1 L,+15.923
7658.798,31,17,1 L,+15.862
7673.385,31,17,1 L,+15.775
7677.432,31,17,1 L,+15.733
7680.276,31,17,1 L,+15.605
7681.089,31,17,1 L,+15.598
7684.498,31,17,1 L,+15.607
7687.263,31,17,1 L,+15.635
7694.305,31,17,1 L,+15.627
7700.21,31,17,1 L,+15.759
7705.413,31,17,1 L,+15.802
7707.116,31,17,1 L,+15.823
7710.694,31,17,1 L,+15.934
7714.351,31,17,1 L,+15.920
7718.616,31,17,1 L,+15.915
7722.476,31,17,1 L,+15.912
7727.932,31,17,1 L,+16.080
7732.467,31,17,1 L,+16.102
7739.859,31,17,1 L,+16.107
7741.481,31,17,1 L,+16.171
7742.234,31,17,1 L,+16.175
7744.931,31,17,1 L,+16.113
7750.542,31,17,1 L,+16.142
7759.535,31,17,1 L,+16.076
7763.61,31,17,1 L,+16.068
7766.449,31,17,1 L,+16.001
7767.285,31,17,1 L,+16.002
7770.639,31,17,1 L,+15.881
7773.414,31,17,1 L,+14.979
7780.341,31,17,1 L,+14.635
7786.232,31,17,1 L,+14.398
7791.326,31,17,1 L,+14.273
7793.185,31,17,1 L,+14.192
7796.784,31,17,1 L,+14.259
7800.472,31,17,1 L,+14.164
7804.884,31,17,1 L,+14.151
7808.759,31,17,1 L,+14.102
7814.19,31,17,1 L,+14.065
7822.913,31,17,1 L,+14.040
7826.113,31,17,1 L,+14.047
7827.693,31,17,1 L,+14.086
7828.493,31,17,1 L,+14.088
7831.167,31,17,1 L,+14.045
7836.791,31,17,1 L,+13.946
7845.744,31,17,1 L,+13.839
7849.744,31,17,1 L,+13.836
7852.65,31,17,1 L,+13.747
7853.432,31,17,1 L,+13.743
7856.838,31,17,1 L,+13.763
7859.666,31,17,1 L,+13.832
7866.713,31,17,1 L,+13.816
7872.635,31,17,1 L,+13.938
7877.775,31,17,1 L,+13.994
7879.682,31,17,1 L,+14.019
7883.291,31,17,1 L,+14.127
7886.932,31,17,1 L,+14.032
7891.273,31,17,1 L,+14.019
7895.185,31,17,1 L,+14.084
7900.622,31,17,1 L,+14.260
7905.154,31,17,1 L,+14.290
7909.357,31,17,1 L,+14.279
7912.482,31,17,1 L,+14.255
7914.076,31,17,1 L,+14.321
7914.872,31,17,1 L,+14.320
7917.56,31,17,1 L,+14.266
7923.185,31,17,1 L,+14.302
7932.248,31,17,1 L,+14.293
7936.435,31,17,1 L,+14.373
7939.31,31,17,1 L,+14.295
7940.075,31,17,1 L,+14.288
7943.5,31,17,1 L,+14.300
7946.301,31,17,1 L,+14.341
7953.399,31,17,1 L,+14.381
7959.368,31,17,1 L,+14.499
7964.46,31,17,1 L,+14.601
7966.315,31,17,1 L,+14.619
7969.893,31,17,1 L,+14.697
7973.594,31,17,1 L,+14.692
7977.937,31,17,1 L,+14.711
7981.809,31,17,1 L,+14.738
7987.169,31,17,1 L,+14.806
7991.713,31,17,1 L,+14.865
7995.928,31,17,1 L,+14.835
7999.101,31,17,1 L,+14.863
8000.719,31,17,1 L,+14.909
8004.184,31,17,1 L,+14.841
8009.827,31,17,1 L,+14.838
8018.858,31,17,1 L,+14.856
8022.971,31,17,1 L,+14.862
8025.828,31,17,1 L,+14.753
8026.627,31,17,1 L,+14.751
8034.133,31,17,1 L,+18.837
8039.638,31,17,1 L,+21.648
8048.604,31,17,1 L,+23.564
8056.213,31,17,1 L,+22.399
8063.272,31,17,1 L,+22.460
8067.062,31,17,1 L,+22.985
8072.507,31,17,1 L,+23.742
8076.699,31,17,1 L,+23.312
8081.271,31,17,1 L,+22.924
8085.419,31,17,1 L,+22.351
8091.143,31,17,1 L,+21.688
8095.998,31,17,1 L,+21.536
8100.496,31,17,1 L,+20.723
8104.541,31,17,1 L,+20.270
8106.369,31,17,1 L,+20.268
8107.275,31,17,1 L,+20.236
8110.635,31,17,1 L,+20.201
8116.744,31,17,1 L,+19.963
8125.842,31,17,1 L,+28.766
8129.857,31,17,+171.776,+28.766
8132.732,31,17,+171.939,+28.766
8133.529,31,17,1 L,+15.665
8136.982,31,17,+172.053,+15.665
8139.795,31,17,1 L,+7.170
8146.827,31,17,1 L,+6.764
8152.744,31,17,1 L,+6.979
8157.885,31,17,1 L,+156.267
8159.775,31,17,1 L,+153.561
8164.013,31,16,1 L,+153.561
8164.101,31,16,1 L,+7.953
8168.293,31,16,1 L,+8.480
8172.769,31,16,1 L,+8.767
8176.671,31,16,1 L,+8.872
8182.119,31,16,1 L,+9.087
8186.65,31,16,1 L,+9.285
8190.888,31,16,1 L,+9.399
8194.031,31,16,1 L,+9.253
8195.627,31,16,1 L,+9.357
8196.393,31,16,1 L,+9.369
8199.093,31,16,1 L,+9.233
8204.715,31,16,1 L,+9.540
8213.775,31,16,1 L,+9.636
8217.8,31,16,1 L,+9.869
8220.647,31,16,1 L,+9.927
8221.429,31,16,1 L,+9.928
8224.856,31,16,1 L,+9.892
8227.637,31,16,1 L,+9.939
8234.576,31,16,1 L,+10.119
8240.558,31,16,1 L,+10.249
8245.582,31,16,1 L,+10.571
8247.385,31,16,1 L,+10.622
8250.913,31,16,1 L,+10.517
8254.641,31,16,1 L,+10.714
8258.972,31,16,1 L,+10.963
8262.917,31,16,1 L,+11.095
8268.317,31,16,1 L,+11.302
8272.841,31,16,1 L,+11.483
8277.028,31,16,1 L,+11.535
8280.153,31,16,1 L,+11.477
8281.81,31,16,1 L,+11.563
8282.56,31,16,1 L,+11.576
8285.298,31,16,1 L,+11.531
8290.81,31,16,1 L,+11.626
8299.771,31,16,1 L,+11.915
8303.836,31,16,1 L,+12.217
8306.661,31,16,1 L,+12.262
8307.459,31,16,1 L,+12.261
8310.902,31,16,1 L,+12.231
8313.654,31,16,1 L,+12.246
8320.638,31,16,1 L,+12.441
8326.471,31,16,1 L,+12.503
8331.471,31,16,1 L,+12.613
8333.327,31,16,1 L,+12.671
8336.859,31,16,1 L,+12.624
8340.542,31,16,1 L,+12.789
8344.871,31,16,1 L,+13.019
8348.713,31,16,1 L,+13.101
8354.119,31,16,1 L,+13.299
8358.65,31,16,1 L,+13.519
8362.885,31,16,1 L,+13.617
8366.088,31,16,1 L,+13.681
8367.713,31,16,1 L,+13.824
8368.478,31,16,1 L,+13.867
8371.197,31,16,1 L,+13.857
8376.806,31,16,1 L,+14.016
8385.838,31,16,1 L,+14.297
8389.916,31,16,1 L,+14.536
8392.744,31,16,1 L,+14.626
8393.529,31,16,1 L,+14.632
8396.943,31,16,1 L,+14.634
8399.733,31,16,1 L,+14.672
8406.717,31,16,1 L,+14.856
8412.759,31,16,1 L,+14.980
8417.783,31,16,1 L,+15.192
8419.643,31,16,1 L,+15.241
8423.161,31,16,1 L,+15.184
8426.95,31,16,1 L,+15.319
8431.325,31,16,1 L,+15.517
8435.198,31,16,1 L,+15.456
8440.638,31,16,1 L,+15.496
8445.259,31,16,1 L,+15.580
8449.398,31,16,1 L,+15.611
8452.53,31,16,1 L,+15.509
8454.159,31,16,1 L,+15.607
8454.915,31,16,1 L,+15.637
8457.627,31,16,1 L,+15.612
8463.214,31,16,1 L,+15.749
8472.171,31,16,1 L,+15.935
8476.174,31,16,1 L,+16.068
8479.079,31,16,1 L,+16.488
8479.857,31,16,1 L,+16.212
8483.274,31,16,1 L,+16.500
8486.091,31,16,1 L,+16.521
8493.059,31,16,1 L,+16.271
8499.03,31,16,1 L,+16.249
8504.094,31,16,1 L,+16.059
8505.953,31,16,1 L,+15.971
8509.512,31,16,1 L,+15.995
8513.199,31,16,1 L,+15.821
8517.491,31,16,1 L,+15.759
8521.4,31,16,1 L,+15.696
8526.822,31,16,1 L,+15.784
8531.338,31,16,1 L,+15.787
8535.572,31,16,1 L,+15.757
8538.744,31,16,1 L,+15.811
8540.402,31,16,1 L,+15.825
8541.145,31,16,1 L,+15.806
8543.914,31,16,1 L,+15.248
8549.45,31,16,1 L,+14.941
8558.494,31,16,1 L,+14.696
8562.557,31,16,1 L,+14.552
8565.478,31,16,1 L,+14.386
8566.213,31,16,1 L,+14.377
8569.682,31,16,1 L,+14.408
8572.457,31,16,1 L,+14.459
8579.463,31,16,1 L,+14.363
8585.586,31,16,1 L,+14.471
8590.484,31,16,1 L,+14.469
8592.329,31,16,1 L,+14.443
8595.927,31,16,1 L,+14.522
8599.566,31,16,1 L,+14.477
8603.874,31,16,1 L,+14.431
8607.715,31,16,1 L,+14.369
8613.171,31,16,1 L,+14.520
8617.672,31,16,1 L,+14.500
8621.871,31,16,1 L,+14.433
8625.029,31,16,1 L,+14.423
8626.628,31,16,1 L,+14.445
8627.42,31,16,1 L,+14.441
8630.115,31,16,1 L,+14.382
8635.729,31,16,1 L,+14.374
8644.791,31,16,1 L,+14.297
8648.838,31,16,1 L,+14.208
8651.738,31,16,1 L,+14.060
8652.497,31,16,1 L,+14.049
8655.911,31,16,1 L,+14.063
8658.717,31,16,1 L,+14.095
8665.73,31,16,1 L,+13.935
8671.668,31,16,1 L,+14.045
8676.605,31,16,1 L,+13.953
8678.418,31,16,1 L,+13.909
8682.0,31,16,1 L,+14.002
8685.712,31,16,1 L,+14.022
8690.046,31,16,1 L,+14.044
8693.874,31,16,1 L,+14.017
8699.298,31,16,1 L,+14.053
8703.843,31,16,1 L,+14.094
8708.006,31,16,1 L,+14.004
8711.116,31,16,1 L,+13.977
8712.756,31,16,1 L,+14.030
8716.209,31,16,1 L,+13.970
8721.866,31,16,1 L,+13.991
8730.725,31,16,1 L,+13.881
8734.725,31,16,1 L,+13.800
8737.6,31,16,1 L,+13.694
8738.444,31,16,1 L,+13.688
8741.834,31,16,1 L,+13.706
8744.627,31,16,1 L,+13.765
8751.622,31,16,1 L,+13.759
8757.419,31,16,1 L,+13.924
8762.716,31,16,1 L,+14.023
8764.58,31,16,1 L,+14.026
8768.148,31,16,1 L,+14.123
8771.846,31,16,1 L,+14.142
8776.125,31,16,1 L,+14.088
8779.984,31,16,1 L,+14.093
8785.499,31,16,1 L,+14.249
8789.927,31,16,1 L,+14.287
8794.093,31,16,1 L,+14.198
8797.23,31,16,1 L,+14.211
8798.799,31,16,1 L,+14.227
8799.574,31,16,1 L,+14.213
8802.271,31,16,1 L,+14.146
8807.847,31,16,1 L,+14.161
8816.76,31,16,1 L,+14.070
8820.827,31,16,1 L,+13.994
8823.734,31,16,1 L,+13.898
8824.523,31,16,1 L,+13.893
8827.944,31,16,1 L,+13.911
8830.739,31,16,1 L,+13.969
8837.653,31,16,1 L,+13.932
8843.638,31,16,1 L,+14.136
8848.747,31,16,1 L,+14.137
8850.575,31,16,1 L,+14.117
8854.139,31,16,1 L,+14.214
8857.898,31,16,1 L,+14.333
8862.243,31,16,1 L,+14.317
8866.102,31,16,1 L,+14.256
8871.631,31,16,1 L,+14.270
8875.997,31,16,1 L,+14.263
8880.169,31,16,1 L,+14.114
8883.247,31,16,1 L,+14.067
8884.856,31,16,1 L,+14.066
8885.638,31,16,1 L,+14.059
8888.294,31,16,1 L,+13.984
8893.919,31,16,1 L,+13.964
8902.888,31,16,1 L,+13.888
8906.903,31,16,1 L,+13.762
8909.825,31,16,1 L,+13.656
8910.559,31,16,1 L,+13.647
8914.2,31,16,1 L,+13.841
8918.028,31,16,2 L,+14.911
8925.314,31,16,2 L,+15.180
8931.404,31,16,2 L,+15.497
8936.541,31,16,2 L,+15.538
8938.451,31,16,2 L,+15.563
8941.959,31,16,2 L,+15.600
8945.707,31,16,2 L,+15.664
8950.039,31,16,2 L,+15.696
8953.904,31,16,2 L,+15.645
8959.347,31,16,2 L,+15.640
8963.884,31,16,2 L,+15.576
8968.085,31,16,2 L,+15.468
8971.171,31,16,2 L,+15.415
8972.764,31,16,2 L,+15.403
8973.541,31,16,2 L,+15.398
8976.174,31,16,2 L,+15.295
8981.768,31,16,2 L,+15.301
8990.771,31,16,2 L,+15.253
8994.835,31,16,2 L,+15.180
8997.728,31,16,2 L,+15.023
8998.515,31,16,2 L,+15.011
9001.921,31,16,2 L,+15.006
9004.731,31,16,2 L,+15.039
9011.727,31,16,2 L,+14.947
9017.718,31,16,2 L,+15.082
9022.832,31,16,2 L,+15.009
9024.674,31,16,2 L,+14.936
9028.24,31,16,2 L,+14.963
9031.945,31,16,2 L,+14.934
9036.271,31,16,2 L,+14.926
9040.134,31,16,2 L,+14.838
9045.541,31,16,2 L,+14.828
9050.075,31,16,2 L,+14.755
9054.298,31,16,2 L,+14.581
9057.415,31,16,2 L,+14.500
9058.999,31,16,2 L,+14.495
9059.8,31,16,2 L,+14.489
9062.459,31,16,2 L,+14.420
9068.059,31,16,2 L,+14.289
9076.981,31,16,2 L,+14.060
9081.043,31,16,2 L,+13.934
9083.918,31,16,2 L,+13.767
9084.668,31,16,2 L,+13.740
9088.108,31,16,2 L,+13.633
9090.89,31,16,2 L,+13.555
9097.871,31,16,2 L,+13.209
9103.765,31,16,2 L,+13.194
9108.872,31,16,2 L,+13.055
9110.771,31,16,2 L,+12.949
9114.353,31,16,2 L,+12.947
9118.025,31,16,2 L,+12.746
9122.369,31,16,2 L,+12.591
9126.228,31,16,2 L,+12.560
9131.65,31,16,2 L,+12.438
9136.136,31,16,2 L,+12.321
9140.312,31,16,2 L,+12.154
9143.429,31,16,2 L,+12.095
9145.055,31,16,2 L,+12.090
9145.844,31,16,2 L,+12.074
9148.516,31,16,2 L,+11.980
9154.172,31,16,2 L,+11.904
9163.145,31,16,2 L,+11.614
9167.188,31,16,2 L,+11.500
9170.089,31,16,2 L,+11.380
9170.922,31,16,2 L,+11.372
9174.316,31,16,2 L,+11.380
9177.065,31,16,2 L,+11.393
9184.076,31,16,2 L,+11.192
9190.06,31,16,2 L,+10.019
9195.126,31,16,2 L,+9.845
9196.986,31,16,2 L,+9.692
9200.517,31,16,2 L,+9.690
9204.267,31,16,2 L,+9.547
9208.595,31,16,2 L,+9.402
9212.439,31,16,2 L,+9.279
9217.806,31,16,2 L,+9.154
9222.339,31,16,2 L,+9.042
9226.478,31,16,2 L,+8.982
9229.638,31,16,2 L,+9.021
9231.228,31,16,2 L,+9.013
9232.001,31,16,2 L,+9.002
9234.69,31,16,2 L,+8.967
9240.277,31,16,2 L,+8.897
9249.243,31,16,2 L,+8.857
9253.393,31,16,2 L,+8.862
9256.487,31,16,2 L,+8.969
9257.278,31,16,2 L,+8.983
9426.806,31,16,2L,+8.983
8.61,14,16,,
3250.928,14,16,,+0.489
3257.121,14,16,+1.786,+0.291
3260.58,14,17,+1.786,+0.291
3260.723,14,16,+1.786,+0.291
3260.818,14,16,+1.871,+0.047
3268.317,14,16,+2.441,+0.154
3274.628,14,14,+2.441,+0.154
3274.715,14,14,+2.668,+0.256
3279.787,14,15,+2.668,+0.256
3279.901,14,15,+2.851,+0.001
3283.069,14,14,+2.851,+0.001
3283.069,14,14,+3.244,+0.302
3285.723,14,15,+3.244,+0.302
3286.035,14,15,+3.622,+0.199
3290.376,14,15,+4.144,+0.231
3295.029,14,15,+4.567,+0.231
3299.315,14,15,+5.034,+0.126
3305.482,14,15,+5.733,+0.183
3310.484,14,15,+6.275,+0.336
3314.852,14,15,+6.537,+0.236
3318.305,14,15,+6.738,+0.237
3319.914,14,15,+6.809,+0.248
3320.681,14,15,+6.825,+0.243
3323.571,14,15,+6.906,+0.286
3329.414,14,15,+7.260,+0.382
3338.711,14,15,+7.637,+0.468
3342.852,14,15,+7.910,+0.580
3345.664,14,15,+7.893,+0.472
3346.43,14,15,+7.901,+0.479
3349.852,14,15,+7.879,+0.527
3352.617,14,15,+7.848,+0.473
3359.816,14,15,+7.988,+0.511
3365.936,14,15,+8.116,+0.445
3370.921,14,15,+8.118,+0.290
3372.794,14,15,+8.108,+0.173
3376.482,14,15,+8.205,+0.281
3380.452,14,15,+8.390,+0.214
3384.914,14,15,+8.553,+0.252
3388.89,14,15,+8.670,+0.266
3394.637,14,15,+8.964,+0.263
3399.347,14,15,+9.189,+0.274
3403.774,14,15,+9.445,+0.360
3407.259,14,15,+9.726,+0.540
3408.839,14,15,+9.760,+0.518
3409.636,14,15,+9.776,+0.524
3412.495,14,15,+9.847,+0.565
3418.183,14,15,+10.019,+0.524
3427.483,14,15,+10.369,+0.548
3431.64,14,15,+10.655,+0.668
3434.514,14,15,+10.723,+0.605
3435.358,14,15,+10.742,+0.617
3438.763,14,15,+10.751,+0.707
3441.542,14,15,+10.681,+0.729
3448.502,14,15,+10.678,+0.468
3454.607,14,15,+10.951,+0.497
3459.683,14,15,+11.077,+0.400
3461.527,14,15,+11.101,+0.370
3465.327,14,15,+11.238,+0.513
3469.077,14,15,+11.373,+0.354
3473.739,14,15,+11.602,+0.369
3477.546,14,15,+11.772,+0.432
3483.124,14,15,+12.015,+0.404
3487.821,14,15,+12.256,+0.414
3492.045,14,15,+12.361,+0.417
3495.373,14,15,+12.495,+0.382
3496.986,14,15,+12.578,+0.402
3497.759,14,15,+12.604,+0.410
3500.634,14,15,+12.673,+0.443
3506.306,14,15,+12.869,+0.479
3515.463,14,15,+13.035,+0.554
3519.502,14,15,+13.220,+0.516
3522.419,14,15,+13.333,+0.428
3523.194,14,15,+13.353,+0.431
3526.66,14,15,+13.317,+0.459
3529.4,14,15,+13.139,+0.398
3536.633,14,15,+13.482,+0.597
3542.764,14,15,+13.676,+0.686
3547.796,14,15,+13.741,+0.563
3549.717,14,15,+13.823,+0.534
3553.436,14,15,+13.976,+0.682
3557.202,14,15,+14.042,+0.562
3561.61,14,15,+14.197,+0.545
3565.632,14,15,+14.349,+0.641
3571.019,14,15,+14.568,+0.570
3575.58,14,15,+14.738,+0.446
3579.985,14,15,+15.021,+0.529
3583.272,14,15,+15.184,+0.482
3584.844,14,15,+15.251,+0.446
3585.646,14,15,+15.271,+0.428
3588.455,14,15,+15.332,+0.415
3594.134,14,15,+15.566,+0.493
3603.399,14,15,+15.946,+0.619
3607.561,14,15,+16.160,+0.721
3610.414,14,15,+16.201,+0.641
3611.24,14,15,+16.220,+0.651
3614.714,14,15,+16.241,+0.713
3617.499,14,16,+16.241,+0.713
3617.62,14,16,+16.299,+0.028
3624.92,14,16,+16.656,+0.153
3631.217,14,16,+17.011,+0.275
3636.436,14,16,+17.206,+0.326
3638.436,14,16,+17.351,+0.371
3642.17,14,16,+17.537,+0.562
3646.155,14,16,+17.859,+0.689
3650.624,14,16,+18.132,+0.806
3654.614,14,16,+18.287,+0.884
3660.124,14,16,+18.574,+1.026
3664.67,14,16,+18.811,+1.078
3669.014,14,16,+18.993,+1.072
3672.363,14,16,+19.220,+1.225
3673.915,14,16,+19.285,+1.215
3674.698,14,16,+19.322,+1.220
3677.588,14,16,+19.449,+1.290
3683.315,14,16,+19.590,+1.331
3692.652,14,16,+20.068,+1.535
3696.792,14,16,+20.309,+1.694
3699.714,14,16,+20.391,+1.647
3700.527,14,16,+20.415,+1.668
3704.027,14,16,+20.482,+1.803
3706.894,14,16,+20.529,+1.775
3713.995,14,16,+20.719,+1.628
3720.088,14,16,+20.846,+1.381
3725.114,14,16,+20.849,+1.295
3726.994,14,16,+20.862,+1.249
3730.694,14,16,+20.997,+1.397
3734.503,14,16,+21.102,+1.201
3738.861,14,16,+21.286,+1.130
3742.761,14,16,+21.298,+1.076
3748.114,14,16,+21.444,+0.919
3752.652,14,16,+21.637,+0.833
3756.899,14,16,+21.754,+0.828
3760.16,14,16,+21.883,+0.795
3761.725,14,16,+21.921,+0.768
3762.485,14,16,+21.931,+0.756
3765.386,14,16,+21.988,+0.760
3770.973,14,16,+22.200,+0.851
3780.038,14,16,+22.376,+0.781
3784.073,14,16,+22.509,+0.816
3786.974,14,16,+22.624,+0.740
3787.799,14,16,+22.647,+0.745
3791.248,14,16,+22.677,+0.793
3794.045,14,16,+22.648,+0.826
3801.101,14,16,+22.844,+0.738
3807.185,14,16,+23.029,+0.826
3812.15,14,16,+23.006,+0.707
3814.06,14,16,+23.063,+0.636
3817.745,14,16,+23.202,+0.766
3821.495,14,16,+23.322,+0.637
3825.87,14,16,+23.482,+0.623
3829.808,14,16,+23.587,+0.650
3835.245,14,16,+23.821,+0.646
3839.855,14,16,+24.042,+0.645
3844.145,14,16,+24.186,+0.606
3847.342,14,16,+24.308,+0.588
3848.928,14,16,+24.369,+0.572
3849.717,14,16,+24.392,+0.564
3852.541,14,16,+24.535,+0.554
3858.294,14,16,+24.795,+0.708
3867.464,14,16,+25.032,+0.723
3871.573,14,16,+25.160,+0.797
3874.48,14,16,+25.276,+0.730
3875.261,14,16,+25.302,+0.735
3878.723,14,16,+25.316,+0.776
3881.532,14,16,+25.237,+0.749
3888.589,14,16,+25.391,+0.586
3894.573,14,16,+25.440,+0.564
3899.683,14,16,+25.560,+0.522
3901.589,14,16,+25.616,+0.486
3905.324,14,16,+25.753,+0.629
3909.105,14,16,+25.920,+0.574
3913.526,14,16,+26.123,+0.607
3917.461,14,16,+26.172,+0.622
3922.902,14,16,+26.300,+0.603
3927.527,14,16,+26.509,+0.617
3931.823,14,16,+26.601,+0.613
3935.058,14,16,+26.692,+0.574
3936.636,14,16,+26.735,+0.578
3937.433,14,16,+26.751,+0.576
3940.261,14,16,+26.799,+0.557
3945.999,14,16,+26.981,+0.600
3955.12,14,16,+27.289,+0.586
3959.167,14,16,+27.468,+0.613
3962.152,14,16,+27.618,+0.526
3962.964,14,16,+27.641,+0.525
3966.428,14,16,+27.650,+0.543
3969.172,14,16,+27.581,+0.492
3976.31,14,16,+27.777,+0.528
3982.328,14,16,+27.833,+0.561
3987.608,14,16,+28.059,+0.675
3989.515,14,16,+28.125,+0.661
3993.239,14,16,+28.274,+0.826
3997.078,14,16,+28.474,+0.811
4001.515,14,16,+28.664,+0.774
4005.514,14,16,+28.747,+0.921
4010.985,14,16,+28.945,+0.820
4015.576,14,16,+29.136,+0.732
4019.87,14,16,+29.282,+0.704
4023.151,14,16,+29.398,+0.646
4024.776,14,16,+29.486,+0.636
4025.558,14,16,+29.513,+0.624
4028.386,14,16,+29.595,+0.582
4034.072,14,16,+29.809,+0.588
4043.238,14,16,+30.070,+0.672
4047.417,14,16,+30.326,+0.760
4050.301,14,16,+30.383,+0.640
4051.103,14,16,+30.401,+0.642
4054.562,14,16,+30.418,+0.666
4057.341,14,16,+30.366,+0.665
4064.56,14,16,+30.603,+0.538
4070.675,14,16,+30.714,+0.595
4075.714,14,16,+30.707,+0.487
4077.636,14,16,+30.763,+0.456
4081.355,14,16,+30.889,+0.623
4085.323,14,16,+31.104,+0.585
4089.589,14,16,+31.240,+0.589
4093.537,14,16,+31.315,+0.584
4098.995,14,16,+31.476,+0.547
4103.667,14,16,+31.684,+0.587
4107.933,14,16,+31.794,+0.595
4111.198,14,16,+31.842,+0.582
4112.792,14,16,+31.880,+0.592
4113.558,14,16,+31.897,+0.580
4116.374,14,16,+31.933,+0.559
4122.058,14,16,+32.104,+0.607
4131.217,14,16,+32.334,+0.529
4135.314,14,16,+32.520,+0.535
4138.207,14,16,+32.605,+0.424
4138.985,14,16,+32.622,+0.422
4142.428,14,16,+32.627,+0.428
4145.199,14,16,+32.575,+0.351
4152.458,14,16,+32.934,+0.468
4158.468,14,16,+32.941,+0.508
4163.562,14,16,+33.057,+0.445
4165.515,14,16,+33.127,+0.427
4169.234,14,16,+33.280,+0.623
4173.12,14,16,+33.470,+0.684
4177.534,14,16,+33.645,+0.698
4181.562,14,16,+33.785,+0.750
4186.998,14,16,+33.914,+0.726
4191.576,14,16,+34.073,+0.703
4195.947,14,16,+34.247,+0.743
4199.22,14,16,+34.343,+0.732
4200.767,14,16,+34.372,+0.691
4201.548,14,16,+34.380,+0.675
4204.345,14,16,+34.412,+0.654
4210.061,14,16,+34.647,+0.698
4219.302,14,16,+35.027,+0.722
4223.477,14,16,+35.230,+0.743
4226.407,14,16,+35.386,+0.651
4227.199,14,16,+35.412,+0.652
4230.696,14,16,+35.460,+0.703
4233.476,14,16,+35.418,+0.701
4240.761,14,16,+35.718,+0.759
4246.814,14,16,+35.767,+0.817
4252.028,14,16,+35.886,+0.856
4253.933,14,16,+35.941,+0.844
4257.651,14,16,+36.069,+1.001
4261.514,14,16,+36.270,+0.935
4265.999,14,16,+36.467,+0.915
4269.972,14,16,+36.549,+0.977
4275.386,14,16,+36.683,+0.975
4280.011,14,16,+36.880,+0.953
4284.308,14,16,+36.957,+0.900
4287.542,14,16,+37.009,+0.841
4289.167,14,16,+37.052,+0.837
4289.933,14,16,+37.055,+0.824
4292.745,14,16,+37.070,+0.815
4298.414,14,16,+37.235,+0.825
4307.573,14,16,+37.544,+0.712
4311.686,14,16,+37.752,+0.712
4314.623,14,16,+37.815,+0.598
4315.42,14,16,+37.830,+0.598
4318.873,14,16,+37.836,+0.632
4321.644,14,16,+37.766,+0.607
4328.78,14,16,+37.924,+0.532
4334.795,14,16,+37.969,+0.581
4340.217,14,16,+38.247,+0.780
4342.139,14,16,+38.296,+0.758
4345.886,14,16,+38.415,+0.922
4349.772,14,16,+38.656,+0.962
4354.194,14,16,+38.821,+0.942
4358.214,14,16,+38.911,+0.983
4363.7,14,16,+39.066,+1.002
4368.314,14,16,+39.242,+1.018
4372.705,14,16,+39.379,+0.959
4375.932,14,16,+39.444,+0.944
4377.505,14,16,+39.480,+0.913
4378.286,14,16,+39.490,+0.892
4381.067,14,16,+39.510,+0.868
4386.851,14,16,+39.728,+0.876
4395.92,14,16,+39.944,+0.706
4400.028,14,16,+40.126,+0.702
4402.937,14,16,+40.216,+0.578
4403.75,14,16,+40.232,+0.574
4407.172,14,16,+40.224,+0.584
4409.994,14,16,+40.184,+0.584
4417.143,14,16,+40.328,+0.523
4423.248,14,16,+40.492,+0.774
4428.545,14,16,+40.731,+0.729
4430.42,14,16,+40.793,+0.688
4434.076,14,16,+40.904,+0.813
4437.904,14,16,+41.036,+0.789
4442.373,14,16,+41.231,+0.530
4446.439,14,16,+41.390,+0.538
4451.98,14,16,+41.656,+0.503
4456.683,14,16,+41.943,+0.489
4461.073,14,16,+42.114,+0.479
4464.355,14,16,+42.234,+0.419
4465.98,14,16,+42.346,+0.446
4466.761,14,16,+42.381,+0.453
4469.607,14,16,+42.439,+0.431
4475.413,14,16,+42.675,+0.406
4484.655,14,16,+43.011,+0.334
4488.795,14,16,+43.228,+0.308
4491.717,14,16,+43.317,+0.216
4492.514,14,16,+43.328,+0.212
4495.928,14,16,+43.288,+0.197
4498.581,14,16,+43.118,+0.031
4506.046,14,16,+43.594,+0.168
4512.089,14,16,+43.690,+0.286
4517.301,14,16,+43.871,+0.242
4519.248,14,16,+43.960,+0.209
4522.92,14,16,+44.050,+0.337
4526.951,14,16,+44.415,+0.403
4531.451,14,16,+44.725,+0.540
4535.451,14,16,+44.831,+0.548
4540.983,14,16,+45.136,+0.594
4545.717,14,16,+45.363,+0.662
4549.998,14,16,+45.477,+0.668
4553.28,14,16,+45.559,+0.641
4554.873,14,16,+45.624,+0.586
4555.658,14,16,+45.651,+0.572
4558.429,14,16,+45.704,+0.567
4564.231,14,16,+45.963,+0.677
4573.362,14,16,+46.216,+0.549
4577.384,14,16,+46.294,+0.549
4580.261,14,16,+46.220,+0.549
4581.089,14,15,+46.220,+0.549
4581.089,14,15,+46.219,+1.659
4584.511,14,15,+46.215,+1.674
4587.277,14,15,+46.144,+1.545
4594.308,14,15,+46.267,+1.408
4600.37,14,15,+46.372,+1.266
4605.652,14,15,+46.545,+1.400
4607.48,14,15,+46.568,+1.340
4611.168,14,15,+46.671,+1.427
4614.933,14,15,+46.779,+1.412
4619.292,14,15,+46.874,+1.362
4623.26,14,15,+45.982,+1.343
4628.791,14,15,+46.204,+1.285
4633.431,14,15,+46.341,+1.278
4637.761,14,15,+46.408,+1.301
4640.98,14,15,+46.480,+1.298
4642.574,14,15,+46.511,+1.260
4643.37,14,15,+46.520,+1.256
4646.183,14,15,+46.566,+1.312
4651.828,14,15,+46.602,+1.224
4660.929,14,15,+46.693,+1.110
4665.031,14,15,+46.948,+1.070
4667.945,14,15,+47.038,+1.046
4668.742,14,15,+47.057,+1.049
4672.121,14,14,+47.057,+1.049
4672.213,14,14,+47.112,+1.071
4675.061,14,14,+47.151,+1.062
4682.116,14,14,+47.144,+0.994
4688.163,14,14,+47.304,+0.932
4693.336,14,14,+47.383,+0.940
4695.195,14,14,+47.450,+0.868
4698.883,14,14,+47.600,+0.932
4702.7,14,14,+47.823,+0.926
4707.014,14,14,+47.931,+0.837
4711.072,14,14,+48.194,+0.935
4716.62,14,14,+48.433,+0.905
4721.23,14,14,+40.296,+0.941
4725.62,14,14,+40.414,+0.935
4728.839,14,14,+40.553,+0.986
4730.417,14,14,+40.577,+0.927
4731.167,14,14,+40.578,+0.908
4733.98,14,14,+40.606,+0.969
4739.683,14,14,+40.696,+0.896
4748.855,14,14,+40.945,+0.781
4752.888,14,14,+40.949,+0.781
4755.785,14,14,+40.951,+0.781
4756.612,14,13,+40.951,+0.781
4756.614,14,13,+47.001,+4.832
4760.088,14,13,+41.021,+4.850
4762.902,14,13,+41.033,+4.822
4769.944,14,13,+41.040,+4.849
4775.999,14,13,+41.289,+4.889
4781.066,14,13,+41.306,+4.941
4782.892,14,13,+41.285,+4.871
4786.621,14,13,+41.417,+4.972
4790.433,14,13,+41.490,+4.987
4794.714,14,13,+41.622,+5.011
4798.668,14,13,+41.669,+5.019
4804.172,14,13,+41.904,+5.190
4808.764,14,13,+42.038,+5.243
4813.061,14,13,+42.145,+5.299
4816.28,14,13,+42.248,+5.301
4817.827,14,13,+42.241,+5.264
4818.614,14,13,+42.242,+5.265
4821.458,14,13,+42.277,+5.282
4827.029,14,13,+42.369,+5.273
4836.061,14,13,+42.537,+5.294
4840.128,14,13,+42.605,+5.218
4842.973,14,13,+42.584,+5.212
4843.76,14,13,+42.597,+5.221
4847.302,14,13,+42.663,+5.268
4850.149,14,13,+42.737,+5.308
4857.261,14,13,+42.855,+5.363
4863.349,14,13,+43.047,+5.394
4868.417,14,13,+43.081,+5.485
4870.277,14,13,+43.077,+5.397
4873.98,14,13,+43.212,+5.492
4877.761,14,13,+43.313,+5.527
4882.1,14,13,+43.415,+5.546
4886.115,14,13,+43.512,+5.631
4891.561,14,13,+43.734,+5.674
4896.014,14,13,+43.758,+5.646
4900.452,14,13,+43.910,+5.736
4903.671,14,13,+44.042,+5.794
4905.28,14,13,+44.052,+5.776
4906.03,14,13,+44.054,+5.758
4908.795,14,13,+44.110,+5.783
4914.436,14,13,+44.178,+5.822
4923.489,14,13,+44.352,+5.806
4927.542,14,13,+44.430,+5.747
4930.503,14,13,+44.480,+5.747
4931.329,14,13,+44.500,+5.829
4934.728,14,12,+44.500,+5.829
4934.839,14,12,+44.580,+5.885
4937.686,14,12,+44.643,+5.906
4944.78,14,12,+44.780,+5.882
4950.733,14,12,+44.964,+5.787
4955.941,14,12,+45.028,+5.717
4957.7,14,12,+45.027,+5.641
4961.402,14,12,+45.171,+5.756
4965.273,14,12,+45.328,+5.749
4969.561,14,12,+45.452,+5.655
4973.542,14,12,+45.542,+5.712
4979.034,14,12,+45.813,+5.763
4983.586,14,12,+45.899,+5.765
4987.931,14,12,+45.980,+5.735
4991.172,14,12,+46.108,+5.756
4992.715,14,12,+46.123,+5.722
4993.494,14,12,+46.125,+5.711
4996.309,14,12,+46.165,+5.740
5001.973,14,12,+46.251,+5.784
5011.064,14,12,+46.453,+5.837
5015.101,14,12,+46.514,+5.777
5018.031,14,12,+46.494,+5.777
5018.915,14,12,+46.505,+5.796
5022.249,14,11,+46.505,+5.796
5022.42,14,11,+46.575,+5.854
5025.28,14,11,+46.661,+5.960
5032.405,14,11,+46.710,+6.003
5038.314,14,11,+46.908,+6.050
5043.392,14,11,+46.928,+6.063
5045.228,14,11,+46.941,+6.038
5048.917,14,11,+47.084,+6.158
5052.773,14,11,+47.248,+6.226
5057.053,14,11,+47.314,+6.262
5061.068,14,11,+47.412,+6.316
5066.512,14,11,+47.662,+6.340
5071.065,14,11,+47.747,+6.388
5075.453,14,11,+47.831,+6.464
5078.672,14,11,+47.952,+6.499
5080.217,14,11,+47.954,+6.452
5080.997,14,11,+47.954,+6.441
5083.802,14,11,+48.002,+6.455
5089.462,14,11,+48.107,+6.474
5098.822,14,11,+48.326,+6.589
5102.707,14,11,+48.395,+6.572
5105.628,14,11,+48.352,+6.572
5106.4,14,11,+48.362,+6.532
5109.921,14,11,+48.429,+6.532
5110.301,14,10,+48.429,+6.532
5112.735,14,10,+48.507,+6.613
5119.794,14,10,+48.522,+6.574
5125.799,14,10,+48.737,+6.515
5130.9,14,10,+48.623,+6.602
5132.774,14,10,+48.618,+6.580
5136.485,14,10,+48.747,+6.704
5140.23,14,10,+48.782,+6.695
5144.593,14,10,+48.868,+6.728
5148.514,14,10,+48.910,+6.754
5154.058,14,10,+49.117,+6.916
5158.605,14,10,+39.742,+7.005
5162.9,14,10,+39.959,+7.041
5166.142,14,10,+40.096,+7.095
5167.733,14,10,+40.163,+7.092
5168.515,14,10,+40.186,+7.074
5171.315,14,10,+40.278,+7.104
5176.951,14,10,+40.527,+7.214
5186.045,14,10,+40.769,+7.226
5190.061,14,10,+41.018,+7.050
5192.936,14,10,+41.098,+7.093
5193.764,14,10,+47.215,+7.105
5197.249,14,10,+41.195,+7.161
5200.061,14,10,+41.247,+7.177
5207.1,14,10,+41.382,+7.105
5213.1,14,10,+41.492,+7.052
5218.194,14,10,+41.535,+7.089
5220.086,14,10,+41.584,+7.075
5223.785,14,10,+41.723,+7.184
5227.541,14,10,+41.840,+7.159
5231.884,14,10,+42.016,+7.188
5235.916,14,10,+42.223,+7.287
5241.494,14,10,+42.539,+7.377
5246.072,14,10,+42.755,+7.440
5250.344,14,10,+43.002,+7.451
5253.563,14,10,+43.111,+7.455
5255.172,14,10,+43.193,+7.439
5255.969,14,10,+43.220,+7.431
5258.782,14,10,+43.313,+7.471
5264.454,14,10,+43.530,+7.467
5273.511,14,10,+43.866,+7.516
5277.589,14,10,+44.059,+7.472
5280.495,14,10,+44.164,+7.498
5281.308,14,10,+44.188,+7.507
5284.837,14,10,+44.269,+7.555
5287.694,14,10,+44.352,+7.604
5294.651,14,11,+44.352,+7.604
5294.973,14,11,+44.801,+0.268
5301.261,14,11,+45.188,+0.532
5306.374,14,11,+45.293,+0.646
5308.3,14,11,+45.380,+0.676
5312.049,14,11,+45.522,+0.839
5315.938,14,11,+45.890,+0.979
5320.4,14,11,+46.225,+1.011
5324.4,14,11,+46.417,+1.178
5330.073,14,11,+46.701,+1.461
5334.561,14,11,+46.860,+1.580
5338.94,14,11,+47.072,+1.780
5342.137,14,11,+47.170,+1.850
5343.732,14,11,+47.206,+1.848
5344.497,14,11,+47.219,+1.857
5347.294,14,11,+47.287,+1.913
5352.981,14,11,+47.518,+2.052
5362.106,14,11,+47.602,+2.258
5366.169,14,11,+47.801,+2.251
5369.075,14,11,+47.955,+2.365
5369.934,14,11,+47.983,+2.388
5373.452,14,11,+48.108,+2.513
5376.285,14,12,+48.108,+2.513
5376.476,14,12,+48.318,+0.104
5383.846,14,12,+48.809,+0.279
5390.091,14,12,+49.197,+0.565
5395.233,14,12,+49.252,+0.558
5397.158,14,12,+49.330,+0.535
5400.914,14,12,+49.475,+0.663
5404.687,14,12,+49.688,+0.663
5409.18,14,12,+49.925,+0.651
5413.299,14,12,+50.200,+0.948
5418.906,14,12,+50.570,+1.171
5423.494,14,12,+50.798,+1.236
5427.902,14,12,+50.987,+1.393
5431.163,14,12,+51.094,+1.482
5432.714,14,12,+51.132,+1.467
5433.485,14,12,+51.147,+1.474
5436.274,14,12,+51.194,+1.534
5442.054,14,12,+51.536,+1.743
5451.198,14,12,+51.841,+1.951
5455.247,14,12,+52.014,+1.932
5458.198,14,12,+52.116,+2.026
5459.011,14,12,+52.147,+2.056
5462.517,14,12,+52.227,+2.141
5465.415,14,12,+52.275,+2.109
5472.299,14,13,+52.275,+2.109
5472.795,14,13,+52.788,+0.395
5478.889,14,13,+52.998,+0.399
5483.993,14,13,+52.919,+0.541
5485.917,14,13,+52.963,+0.558
5489.53,14,13,+53.063,+0.659
5493.373,14,13,+53.212,+0.743
5497.795,14,13,+53.416,+0.724
5501.905,14,13,+53.642,+0.966
5507.493,14,13,+53.977,+1.184
5512.045,14,13,+54.125,+1.278
5516.544,14,13,+54.316,+1.472
5519.728,14,13,+54.413,+1.541
5521.335,14,13,+54.485,+1.544
5522.13,14,13,+54.511,+1.546
5524.916,14,13,+54.590,+1.573
5530.629,14,13,+54.811,+1.756
5540.377,14,14,+54.811,+1.756
5540.815,14,14,+56.105,+0.367
5545.058,14,14,+56.399,+0.525
5547.999,14,14,+56.501,+0.525
5548.799,14,14,+56.518,+0.528
5552.199,14,14,+56.525,+0.537
5554.919,14,14,+56.455,+0.471
5562.202,14,14,+56.685,+0.633
5568.236,14,14,+56.788,+0.683
5573.361,14,14,+56.780,+0.640
5575.316,14,14,+56.896,+0.677
5579.039,14,14,+57.067,+0.865
5582.861,14,14,+57.227,+0.931
5587.268,14,14,+57.374,+0.969
5591.295,14,14,+57.558,+1.114
5596.858,14,14,+57.797,+1.328
5601.42,14,14,+57.953,+1.418
5605.827,14,14,+58.176,+1.532
5609.014,14,14,+58.269,+1.541
5610.592,14,14,+58.314,+1.548
5611.358,14,14,+58.335,+1.554
5614.174,14,14,+58.402,+1.553
5619.902,14,14,+58.672,+1.716
5629.027,14,14,+58.750,+1.797
5633.089,14,14,+58.922,+1.773
5635.967,14,14,+58.998,+1.750
5636.764,14,14,+59.016,+1.755
5640.211,14,14,+59.074,+1.810
5642.997,14,14,+59.103,+1.850
5650.199,14,14,+59.316,+1.910
5656.222,14,14,+59.439,+2.014
5661.323,14,14,+59.502,+1.978
5663.261,14,14,+59.602,+1.951
5666.995,14,14,+59.774,+2.116
5670.714,14,14,+59.902,+2.027
5675.152,14,14,+60.113,+2.035
5679.105,14,14,+60.205,+2.026
5684.636,14,14,+60.431,+2.135
5689.23,14,14,+60.656,+2.201
5693.623,14,14,+60.856,+2.343
5696.814,14,14,+60.954,+2.390
5698.414,14,14,+61.007,+2.406
5699.218,14,14,+61.017,+2.405
5702.028,14,14,+61.084,+2.413
5707.808,14,14,+61.384,+2.512
5717.058,14,14,+61.700,+2.521
5721.146,14,14,+61.886,+2.543
5724.085,14,14,+61.998,+2.474
5724.873,14,14,+62.019,+2.473
5728.362,14,14,+62.093,+2.524
5731.186,14,14,+62.165,+2.600
5738.277,14,14,+62.284,+2.676
5744.315,14,14,+62.420,+2.810
5749.433,14,14,+62.473,+2.818
5751.37,14,14,+62.585,+2.871
5755.105,14,14,+62.761,+3.081
5758.917,14,14,+62.907,+3.081
5763.323,14,14,+62.911,+3.063
5767.386,14,14,+63.163,+3.131
5773.011,14,14,+63.401,+3.350
5777.62,14,14,+63.550,+3.403
5781.98,14,14,+63.728,+3.492
5785.23,14,14,+63.788,+3.519
5786.791,14,14,+63.823,+3.519
5787.549,14,14,+63.834,+3.507
5790.36,14,14,+63.886,+3.484
5796.128,14,14,+63.969,+3.571
5805.343,14,14,+64.205,+3.682
5809.373,14,14,+64.294,+3.598
5812.342,14,14,+64.429,+3.594
5813.161,14,14,+64.454,+3.602
5816.532,14,13,+64.454,+3.602
5816.627,14,13,+64.540,+3.668
5819.433,14,13,+64.589,+3.710
5826.637,14,13,+64.720,+3.824
5832.541,14,13,+64.781,+3.879
5837.697,14,13,+64.821,+3.983
5839.576,14,13,+64.863,+3.943
5843.273,14,13,+65.013,+4.044
5847.061,14,13,+65.090,+3.992
5851.508,14,13,+65.275,+4.029
5855.502,14,13,+65.354,+4.113
5861.03,14,13,+65.531,+4.285
5865.609,14,13,+65.690,+4.394
5869.999,14,13,+65.942,+4.528
5873.23,14,13,+66.035,+4.577
5874.823,14,13,+66.077,+4.591
5875.573,14,13,+66.086,+4.589
5878.37,14,13,+66.082,+4.604
5884.073,14,13,+66.230,+4.732
5893.587,14,13,+66.703,+5.106
5897.628,14,13,+66.801,+5.087
5900.541,14,13,+66.881,+5.014
5901.356,14,13,+66.901,+5.016
5904.817,14,13,+66.990,+5.082
5907.649,14,13,+67.069,+5.163
5914.842,14,13,+67.176,+5.314
5920.92,14,13,+67.356,+5.518
5926.061,14,13,+67.399,+5.606
5927.967,14,13,+67.482,+5.656
5931.67,14,13,+67.656,+5.872
5935.483,14,13,+67.704,+5.932
5939.905,14,13,+67.827,+5.961
5943.889,14,13,+67.948,+6.015
5949.452,14,13,+68.177,+6.258
5954.0,14,13,+68.328,+6.314
5958.434,14,13,+68.521,+6.475
5961.647,14,13,+68.614,+6.548
5963.23,14,13,+68.645,+6.565
5964.011,14,13,+68.653,+6.575
5966.823,14,13,+68.722,+6.594
5972.572,14,13,+68.937,+6.747
5981.795,14,13,+69.169,+6.782
5985.889,14,13,+69.257,+6.764
5988.78,14,13,+69.298,+6.700
5989.609,14,13,+69.318,+6.706
5993.061,14,13,+69.420,+6.772
5995.842,14,13,+69.483,+6.797
6003.045,14,13,+69.643,+6.937
6009.116,14,13,+69.854,+7.121
6014.245,14,13,+69.809,+7.179
6016.167,14,13,+69.859,+7.224
6019.901,14,13,+70.050,+7.445
6023.667,14,13,+70.140,+7.420
6028.167,14,13,+70.342,+7.445
6032.128,14,13,+70.470,+7.496
6037.658,14,13,+70.667,+7.693
6042.186,14,13,+70.759,+7.749
6046.623,14,13,+70.905,+7.907
6049.858,14,13,+70.982,+7.968
6051.452,14,13,+70.975,+7.974
6052.217,14,13,+70.962,+7.963
6055.03,14,13,+70.951,+7.964
6060.84,14,13,+71.189,+8.080
6070.014,14,13,+71.419,+8.114
6074.072,14,13,+71.559,+8.063
6077.06,14,13,+71.713,+8.048
6077.902,14,13,+71.746,+8.058
6081.273,14,14,+71.746,+8.058
6081.366,14,14,+71.881,+0.006
6084.372,14,14,+72.137,+0.269
6091.799,14,14,+72.509,+0.791
6097.878,14,14,+72.107,+0.933
6102.996,14,14,+72.071,+1.132
6104.931,14,14,+72.250,+1.218
6108.633,14,14,+72.511,+1.383
6112.455,14,14,+72.567,+1.516
6116.923,14,14,+72.657,+1.781
6120.986,14,14,+72.972,+2.064
6126.584,14,14,+73.200,+2.356
6131.16,14,14,+73.329,+2.591
6135.588,14,14,+73.536,+2.880
6138.833,14,14,+73.683,+3.003
6140.445,14,14,+73.733,+3.063
6141.23,14,14,+73.754,+3.090
6144.014,14,14,+73.848,+3.156
6149.821,14,14,+73.932,+3.450
6159.014,14,14,+74.139,+3.796
6163.073,14,14,+74.382,+3.866
6166.072,14,14,+74.522,+4.018
6166.829,14,14,+74.554,+4.044
6170.314,14,14,+74.675,+4.113
6173.114,14,14,+74.782,+4.148
6180.341,14,14,+74.872,+4.472
6186.366,14,14,+75.147,+4.611
6191.553,14,14,+75.179,+4.891
6193.491,14,14,+75.307,+4.962
6197.194,14,14,+75.553,+5.128
6201.006,14,14,+75.715,+5.201
6205.506,14,14,+75.873,+5.398
6209.6,14,14,+76.210,+5.641
6215.162,14,14,+76.532,+5.915
6219.756,14,14,+76.820,+6.133
6224.23,14,14,+77.123,+6.440
6227.514,14,14,+77.284,+6.528
6229.099,14,14,+77.416,+6.606
6229.899,14,14,+77.461,+6.627
6232.759,14,14,+77.623,+6.712
6238.514,14,14,+77.865,+6.991
6247.811,14,14,+78.334,+7.421
6261.841,14,15,+78.334,+7.421
6268.272,14,16,+78.334,+7.421
6271.489,14,17,+78.334,+7.421
6278.179,14,18,+78.334,+7.421
6278.617,14,19,+78.334,+7.421
6283.347,14,19,1 L,+1.916
6290.64,14,19,1 L,+1.940
6296.728,14,19,1 L,+1.928
6301.598,14,19,1 L,+1.565
6303.478,14,19,1 L,+1.510
6307.436,14,19,1 L,+1.590
6311.061,14,19,1 L,+1.584
6315.326,14,19,1 L,+1.353
6319.248,14,19,1 L,+1.296
6324.654,14,19,1 L,+1.164
6329.155,14,19,1 L,+1.098
6333.326,14,19,1 L,+0.971
6336.483,14,19,1 L,+0.933
6337.998,14,19,1 L,+0.869
6338.764,14,19,1 L,+0.851
6341.498,14,19,1 L,+0.898
6347.029,14,19,1 L,+0.646
6355.998,14,19,1 L,+0.363
6360.045,14,19,1 L,+0.245
6362.933,14,19,1 L,+0.126
6363.745,14,19,1 L,+0.113
6366.964,14,18,1 L,+0.113
6367.026,14,18,1 L,+0.060
6369.667,14,18,1 L,+0.017
6376.785,14,17,1 L,+0.017
6376.86,14,17,1 L,+0.404
6382.919,14,18,1 L,+0.404
6387.964,14,17,1 L,+0.404
6388.042,14,17,1 L,+0.202
6389.995,14,17,1 L,+0.284
6393.729,14,17,1 L,+0.386
6397.573,14,17,1 L,+0.403
6401.839,14,17,1 L,+0.253
6405.686,14,17,1 L,+0.211
6411.231,14,17,1 L,+0.468
6415.874,14,17,1 L,+0.493
6420.139,14,17,1 L,+0.371
6423.358,14,17,1 L,+0.357
6424.92,14,17,1 L,+0.279
6425.702,14,17,1 L,+0.257
6428.467,14,17,1 L,+0.285
6434.187,14,17,1 L,+0.334
6443.136,14,17,1 L,+0.363
6447.089,14,17,1 L,+0.208
6450.136,14,17,1 L,+0.337
6450.964,14,17,1 L,+0.344
6454.342,14,17,1 L,+0.320
6457.017,14,17,1 L,+0.170
6464.101,14,16,1 L,+0.170
6464.181,14,16,1 L,+10.554
6470.014,14,16,1 L,+10.487
6474.937,14,16,1 L,+10.302
6476.798,14,16,1 L,+10.281
6480.514,14,16,1 L,+10.486
6484.185,14,16,1 L,+10.344
6488.273,14,16,1 L,+10.103
6492.198,14,16,1 L,+10.094
6497.603,14,16,1 L,+10.130
6502.013,14,16,1 L,+9.953
6506.333,14,16,1 L,+9.886
6509.675,14,16,1 L,+10.080
6511.159,14,16,1 L,+9.994
6511.909,14,16,1 L,+9.959
6514.672,14,16,1 L,+9.979
6520.23,14,16,1 L,+9.962
6528.999,14,16,1 L,+9.580
6536.472,14,16,1 L,+6.747
6539.814,14,14,1 L,+6.747
6539.915,14,14,1 L,+30.270
6542.765,14,14,1 L,+30.299
6549.641,14,14,1 L,+29.840
6555.634,14,14,1 L,+29.649
6560.574,14,14,1 L,+29.273
6562.393,14,14,1 L,+29.120
6566.072,14,14,1 L,+29.239
6569.799,14,14,1 L,+29.004
6573.903,14,14,1 L,+28.578
6577.8,14,14,1 L,+28.509
6583.202,14,14,1 L,+28.292
6587.69,14,14,1 L,+28.107
6592.045,14,14,1 L,+28.101
6595.285,14,14,1 L,+28.057
6596.894,14,14,1 L,+28.010
6597.682,14,14,1 L,+28.011
6601.057,14,14,1 L,+28.566
6606.893,14,14,1 L,+28.676
6615.916,14,14,1 L,+28.440
6619.85,14,14,1 L,+28.217
6622.705,14,14,1 L,+28.054
6623.53,14,14,1 L,+28.047
6626.959,14,14,1 L,+28.070
6629.805,14,14,1 L,+28.160
6636.907,14,14,1 L,+28.110
6643.361,14,14,1 L,+28.648
6648.585,14,14,1 L,+28.823
6650.432,14,14,1 L,+28.765
6654.099,14,14,1 L,+28.824
6657.949,14,14,1 L,+28.819
6662.215,14,14,1 L,+28.559
6666.167,14,14,1 L,+28.431
6671.542,14,14,1 L,+28.315
6676.06,14,14,1 L,+28.212
6680.302,14,14,1 L,+28.142
6683.455,14,14,1 L,+28.052
6684.975,14,14,1 L,+27.923
6685.747,14,14,1 L,+27.884
6688.42,14,14,1 L,+27.717
6694.03,14,14,1 L,+27.586
6702.999,14,14,1 L,+27.206
6710.587,14,14,1 L,+24.315
6716.76,14,14,1 L,+6.174
6723.76,14,14,1 L,+5.150
6729.67,14,14,1 L,+4.786
6734.673,14,14,1 L,+4.662
6736.543,14,14,1 L,+4.558
6740.172,14,14,1 L,+4.594
6743.87,14,14,1 L,+4.414
6748.021,14,14,1 L,+4.124
6751.914,14,14,1 L,+3.104
6757.259,14,14,1 L,+2.918
6761.757,14,14,1 L,+2.802
6766.014,14,14,1 L,+2.819
6769.186,14,14,1 L,+2.818
6770.717,14,14,1 L,+2.654
6771.467,14,14,1 L,+2.545
6774.261,14,14,1 L,+2.014
6779.76,14,14,1 L,+1.739
6788.641,14,14,1 L,+1.566
6792.521,14,14,1 L,+1.373
6795.349,14,14,1 L,+1.344
6796.13,14,14,1 L,+1.353
6799.583,14,14,1 L,+1.448
6802.342,14,14,1 L,+1.510
6809.309,14,14,1 L,+1.543
6815.238,14,14,1 L,+1.610
6820.205,14,14,1 L,+1.649
6822.063,14,14,1 L,+1.631
6825.82,14,14,1 L,+1.785
6829.305,14,14,1 L,+1.616
6833.58,14,14,1 L,+1.459
6837.417,14,14,1 L,+1.435
6842.762,14,14,1 L,+1.459
6847.163,14,14,1 L,+1.327
6851.341,14,14,1 L,+1.388
6854.529,14,14,1 L,+1.454
6856.06,14,14,1 L,+1.426
6856.824,14,14,1 L,+1.412
6859.609,14,14,1 L,+1.432
6865.264,14,14,1 L,+1.535
6874.139,14,14,1 L,+1.634
6878.076,14,14,1 L,+1.602
6881.003,14,14,1 L,+1.644
6881.79,14,14,1 L,+1.662
6885.237,14,14,1 L,+1.739
6887.989,14,14,1 L,+1.714
6894.899,14,14,1 L,+1.733
6900.795,14,14,1 L,+1.818
6905.877,14,14,1 L,+1.945
6907.66,14,14,1 L,+1.948
6911.33,14,14,1 L,+2.146
6914.927,14,14,1 L,+2.057
6919.142,14,14,1 L,+2.013
6923.064,14,14,1 L,+2.088
6928.456,14,14,1 L,+2.266
6932.901,14,14,1 L,+2.251
6937.161,14,14,1 L,+2.348
6940.372,14,14,1 L,+2.385
6941.916,14,14,1 L,+2.390
6942.673,14,14,1 L,+2.388
6945.476,14,14,1 L,+2.403
6951.046,14,14,1 L,+2.597
6960.001,14,14,1 L,+2.637
6963.914,14,14,1 L,+2.576
6966.763,14,14,1 L,+2.555
6967.562,14,14,1 L,+2.565
6971.031,14,14,1 L,+2.646
6973.839,14,14,1 L,+2.728
6981.058,14,14,1 L,+2.979
6987.042,14,14,1 L,+3.146
6992.057,14,14,1 L,+3.171
6993.932,14,14,1 L,+3.170
6997.621,14,14,1 L,+3.370
7001.341,14,14,1 L,+3.365
7005.609,14,14,1 L,+3.327
7009.528,14,14,1 L,+3.463
7015.003,14,14,1 L,+3.634
7019.417,14,14,1 L,+3.607
7023.677,14,14,1 L,+3.707
7026.87,14,14,1 L,+3.711
7028.432,14,14,1 L,+3.715
7029.182,14,14,1 L,+3.711
7031.964,14,14,1 L,+3.718
7037.498,14,14,1 L,+3.777
7046.518,14,14,1 L,+3.820
7050.457,14,14,1 L,+3.809
7053.316,14,14,1 L,+3.748
7054.113,14,14,1 L,+3.758
7057.602,14,14,1 L,+3.858
7060.552,14,14,1 L,+4.050
7067.647,14,14,1 L,+4.286
7074.26,14,14,1 L,+5.143
7079.641,14,14,1 L,+5.601
7081.628,14,14,1 L,+5.734
7085.567,14,14,1 L,+6.160
7089.567,14,14,1 L,+6.449
7093.854,14,14,1 L,+6.520
7097.76,14,14,1 L,+6.580
7103.176,14,14,1 L,+6.680
7107.705,14,14,1 L,+6.780
7111.989,14,14,1 L,+6.904
7115.146,14,14,1 L,+6.932
7116.675,14,14,1 L,+6.923
7117.43,14,14,1 L,+6.908
7120.128,14,14,1 L,+6.840
7125.73,14,14,1 L,+6.902
7134.699,14,14,1 L,+6.981
7138.685,14,14,1 L,+6.955
7141.531,14,14,1 L,+6.930
7142.331,14,14,1 L,+6.941
7145.772,14,14,1 L,+7.002
7148.501,14,14,1 L,+6.986
7155.488,14,14,1 L,+7.032
7161.317,14,14,1 L,+7.066
7166.361,14,14,1 L,+7.175
7168.199,14,14,1 L,+7.169
7171.86,14,14,1 L,+7.356
7175.46,14,14,1 L,+7.281
7179.65,14,14,1 L,+7.200
7183.562,14,14,1 L,+7.284
7188.97,14,14,1 L,+7.425
7193.433,14,14,1 L,+7.400
7197.745,14,14,1 L,+7.527
7200.943,14,14,1 L,+7.591
7202.504,14,14,1 L,+7.586
7203.254,14,14,1 L,+7.585
7206.033,14,14,1 L,+7.563
7211.545,14,14,1 L,+7.597
7220.501,14,14,1 L,+7.574
7224.457,14,14,1 L,+7.473
7227.314,14,14,1 L,+7.410
7228.116,14,14,1 L,+7.413
7231.574,14,14,1 L,+7.466
7234.343,14,14,1 L,+7.490
7241.325,14,14,1 L,+7.553
7247.194,14,14,1 L,+7.660
7252.2,14,14,1 L,+7.667
7254.057,14,14,1 L,+7.666
7257.74,14,14,1 L,+7.870
7261.349,14,14,1 L,+7.777
7265.655,14,14,1 L,+7.733
7269.388,14,14,1 L,+7.777
7274.756,14,14,1 L,+7.805
7279.201,14,14,1 L,+7.754
7283.502,14,14,1 L,+7.848
7286.677,14,14,1 L,+7.921
7288.245,14,14,1 L,+7.924
7288.975,14,14,1 L,+7.923
7291.746,14,14,1 L,+7.928
7297.237,14,14,1 L,+7.989
7306.245,14,14,1 L,+7.974
7310.172,14,14,1 L,+7.952
7313.04,14,14,1 L,+7.899
7313.858,14,14,1 L,+7.905
7317.317,14,14,1 L,+7.972
7320.099,14,14,1 L,+7.967
7327.033,14,14,1 L,+7.918
7333.014,14,14,1 L,+8.005
7337.935,14,14,1 L,+7.644
7339.795,14,14,1 L,+7.353
7343.451,14,14,1 L,+6.695
7347.105,14,14,1 L,+6.214
7351.314,14,14,1 L,+5.997
7355.161,14,14,1 L,+5.987
7360.583,14,14,1 L,+6.070
7364.993,14,14,1 L,+5.949
7369.342,14,14,1 L,+6.073
7372.534,14,14,1 L,+6.115
7374.073,14,14,1 L,+6.007
7374.838,14,14,1 L,+5.895
7377.667,14,14,1 L,+5.195
7383.293,14,14,1 L,+5.030
7392.343,14,14,1 L,+4.973
7396.289,14,14,1 L,+4.862
7399.17,14,14,1 L,+4.777
7399.951,14,14,1 L,+4.783
7403.399,14,14,1 L,+4.897
7406.204,14,14,1 L,+4.951
7413.385,14,14,1 L,+5.119
7419.354,14,14,1 L,+5.153
7424.26,14,14,1 L,+5.078
7426.129,14,14,1 L,+5.024
7429.79,14,14,1 L,+5.172
7433.35,14,14,1 L,+4.967
7437.533,14,14,1 L,+4.805
7441.465,14,14,1 L,+4.873
7446.834,14,14,1 L,+4.893
7451.26,14,14,1 L,+4.838
7455.493,14,14,1 L,+4.841
7458.667,14,14,1 L,+4.839
7460.182,14,14,1 L,+4.782
7460.932,14,14,1 L,+4.770
7463.682,14,14,1 L,+4.758
7469.26,14,14,1 L,+4.790
7478.26,14,14,1 L,+4.863
7482.245,14,14,1 L,+4.807
7485.073,14,14,1 L,+4.669
7485.917,14,14,1 L,+4.668
7489.338,14,14,1 L,+4.735
7492.057,14,14,1 L,+4.698
7499.26,14,14,1 L,+4.894
7505.413,14,14,1 L,+5.035
7510.184,14,14,1 L,+5.032
7512.045,14,14,1 L,+5.035
7515.745,14,14,1 L,+5.241
7519.371,14,14,1 L,+5.159
7523.593,14,14,1 L,+5.056
7527.487,14,14,1 L,+5.141
7532.909,14,14,1 L,+5.246
7537.329,14,14,1 L,+5.224
7541.541,14,14,1 L,+5.233
7544.751,14,14,1 L,+5.245
7546.293,14,14,1 L,+5.225
7547.049,14,14,1 L,+5.215
7549.827,14,14,1 L,+5.176
7555.413,14,14,1 L,+5.075
7564.417,14,14,1 L,+5.140
7568.358,14,14,1 L,+5.048
7571.26,14,14,1 L,+5.001
7572.06,14,14,1 L,+5.007
7575.51,14,14,1 L,+5.081
7578.339,14,14,1 L,+5.127
7585.292,14,14,1 L,+5.139
7591.214,14,14,1 L,+5.245
7596.214,14,14,1 L,+5.255
7598.042,14,14,1 L,+5.244
7601.698,14,14,1 L,+5.432
7605.341,14,14,1 L,+5.293
7609.61,14,14,1 L,+5.185
7613.406,14,14,1 L,+5.201
7618.7,14,14,1 L,+5.146
7623.118,14,14,1 L,+5.111
7627.313,14,14,1 L,+5.105
7630.501,14,14,1 L,+5.119
7632.015,14,14,1 L,+5.088
7632.763,14,14,1 L,+5.068
7635.527,14,14,1 L,+5.042
7641.048,14,14,1 L,+5.044
7650.0,14,14,1 L,+5.050
7653.922,14,14,1 L,+4.941
7656.772,14,14,1 L,+4.870
7657.574,14,14,1 L,+4.875
7661.014,14,14,1 L,+4.942
7663.799,14,14,1 L,+5.003
7670.859,14,14,1 L,+5.117
7676.76,14,14,1 L,+5.182
7681.713,14,14,1 L,+5.070
7683.592,14,14,1 L,+5.044
7687.216,14,14,1 L,+5.207
7690.81,14,14,1 L,+5.100
7694.98,14,14,1 L,+4.919
7698.866,14,14,1 L,+4.912
7704.21,14,14,1 L,+5.007
7708.616,14,14,1 L,+4.908
7712.851,14,14,1 L,+4.977
7716.022,14,14,1 L,+5.026
7717.569,14,14,1 L,+5.005
7718.319,14,14,1 L,+4.990
7721.085,14,14,1 L,+4.974
7726.699,14,14,1 L,+5.131
7735.714,14,14,1 L,+5.158
7739.624,14,14,1 L,+5.047
7742.466,14,14,1 L,+4.984
7743.259,14,14,1 L,+4.990
7746.693,14,14,1 L,+5.056
7749.477,14,14,1 L,+5.063
7756.446,14,14,1 L,+5.111
7762.309,14,14,1 L,+5.207
7767.342,14,14,1 L,+5.166
7769.148,14,14,1 L,+5.132
7772.8,14,14,1 L,+5.304
7776.386,14,14,1 L,+5.209
7780.669,14,14,1 L,+5.088
7784.576,14,14,1 L,+5.205
7789.919,14,14,1 L,+5.281
7794.31,14,14,1 L,+5.276
7798.535,14,14,1 L,+5.246
7801.72,14,14,1 L,+5.284
7803.233,14,14,1 L,+5.276
7804.044,14,14,1 L,+5.262
7806.773,14,14,1 L,+5.252
7812.379,14,14,1 L,+5.239
7821.374,14,14,1 L,+5.357
7825.371,14,14,1 L,+5.228
7828.26,14,14,1 L,+5.274
7829.298,14,14,1 L,+5.290
7832.595,14,14,1 L,+5.363
7835.3,14,14,1 L,+5.366
7842.444,14,14,1 L,+5.387
7848.385,14,14,1 L,+5.425
7853.385,14,14,1 L,+5.418
7855.244,14,14,1 L,+5.364
7858.916,14,14,1 L,+5.536
7862.526,14,14,1 L,+5.478
7866.791,14,14,1 L,+5.387
7870.682,14,14,1 L,+5.435
7876.01,14,14,1 L,+5.480
7880.432,14,14,1 L,+5.438
7884.666,14,14,1 L,+5.413
7887.838,14,14,1 L,+5.428
7889.385,14,14,1 L,+5.386
7890.15,14,14,1 L,+5.371
7892.898,14,14,1 L,+5.307
7898.497,14,14,1 L,+5.244
7907.591,14,14,1 L,+5.375
7911.529,14,14,1 L,+5.275
7914.419,14,14,1 L,+5.225
7915.232,14,14,1 L,+5.234
7918.67,14,14,1 L,+5.307
7921.435,14,14,1 L,+5.368
7928.466,14,14,1 L,+5.396
7934.31,14,14,1 L,+5.438
7939.31,14,14,1 L,+5.418
7941.216,14,14,1 L,+5.407
7944.927,14,14,1 L,+5.623
7948.603,14,14,1 L,+5.620
7952.805,14,14,1 L,+5.514
7956.774,14,14,1 L,+5.660
7962.118,14,14,1 L,+5.662
7966.501,14,14,1 L,+5.628
7970.817,14,14,1 L,+5.681
7974.071,14,14,1 L,+5.809
7975.612,14,14,1 L,+5.779
7976.371,14,14,1 L,+5.785
7979.185,14,14,1 L,+5.838
7984.809,14,14,1 L,+5.852
7994.027,14,14,1 L,+6.111
7997.999,14,14,1 L,+6.122
8000.827,14,14,1 L,+6.033
8001.698,14,14,1 L,+6.042
8005.062,14,14,1 L,+6.109
8007.859,14,14,1 L,+6.169
8014.913,14,14,1 L,+6.230
8020.827,14,14,1 L,+6.243
8026.152,14,14,1 L,+6.358
8028.567,14,14,1 L,+6.712
8034.346,14,14,1 L,+8.871
8038.927,14,14,1 L,+8.821
8043.575,14,14,1 L,+7.248
8049.309,14,14,1 L,+8.317
8055.599,14,14,1 L,+8.453
8061.949,14,14,1 L,+9.654
8067.563,14,14,1 L,+9.232
8072.367,14,14,1 L,+9.816
8074.314,14,14,1 L,+9.855
8075.193,14,14,1 L,+9.827
8078.36,14,14,1 L,+9.803
8084.599,14,14,1 L,+9.247
8096.998,14,14,1 L,+10.066
8106.041,14,15,1 L,+10.066
8121.304,14,16,1 L,+10.066
8132.623,14,16,1 L,+8.339
8140.076,14,16,1 L,+8.661
8145.789,14,16,1 L,+8.414
8150.635,14,16,1 L,+149.030
8152.478,14,16,1 L,+146.267
8156.057,14,15,1 L,+146.267
8156.15,14,15,1 L,+8.319
8159.822,14,15,1 L,+8.275
8163.999,14,15,1 L,+8.044
8167.798,14,15,1 L,+7.951
8173.059,14,15,1 L,+7.804
8177.392,14,15,1 L,+7.637
8181.494,14,15,1 L,+7.445
8184.791,14,15,1 L,+7.563
8186.26,14,15,1 L,+7.501
8187.025,14,15,1 L,+7.422
8189.849,14,15,1 L,+6.925
8195.173,14,15,1 L,+6.479
8204.121,14,15,1 L,+6.367
8207.937,14,15,1 L,+6.133
8210.728,14,15,1 L,+5.919
8211.541,14,15,1 L,+5.911
8215.025,14,15,1 L,+5.992
8217.693,14,15,1 L,+6.033
8224.493,14,15,1 L,+5.762
8230.228,14,15,1 L,+5.639
8234.984,14,15,1 L,+5.302
8236.763,14,15,1 L,+5.185
8240.433,14,15,1 L,+5.357
8243.939,14,15,1 L,+5.051
8248.012,14,15,1 L,+4.777
8251.814,14,15,1 L,+4.704
8257.027,14,15,1 L,+4.497
8261.359,14,15,1 L,+4.242
8265.513,14,15,1 L,+4.099
8268.717,14,15,1 L,+4.189
8270.246,14,15,1 L,+4.121
8270.998,14,15,1 L,+4.108
8273.732,14,15,1 L,+4.092
8279.185,14,15,1 L,+3.969
8287.842,14,15,1 L,+3.740
8291.606,14,15,1 L,+3.435
8294.403,14,15,1 L,+3.278
8295.185,14,15,1 L,+3.274
8298.617,14,15,1 L,+3.318
8301.416,14,15,1 L,+3.359
8308.153,14,15,1 L,+3.076
8313.935,14,15,1 L,+3.103
8318.857,14,15,1 L,+2.954
8320.638,14,15,1 L,+2.876
8324.244,14,15,1 L,+3.004
8327.764,14,15,1 L,+2.868
8331.861,14,15,1 L,+2.685
8335.63,14,15,1 L,+2.560
8340.813,14,15,1 L,+2.449
8345.2,14,15,1 L,+2.263
8349.275,14,15,1 L,+2.152
8352.416,14,15,1 L,+2.159
8353.885,14,15,1 L,+2.092
8354.619,14,15,1 L,+2.062
8357.338,14,15,1 L,+2.026
8362.744,14,15,1 L,+1.843
8371.51,14,15,1 L,+1.612
8375.353,14,15,1 L,+1.364
8378.119,14,15,1 L,+1.211
8378.901,14,15,1 L,+1.201
8382.322,14,15,1 L,+1.212
8385.073,14,15,1 L,+1.197
8391.869,14,15,1 L,+1.007
8397.708,14,15,1 L,+1.072
8402.577,14,15,1 L,+0.904
8404.398,14,15,1 L,+0.846
8408.03,14,15,1 L,+0.962
8411.603,14,15,1 L,+0.869
8415.815,14,15,1 L,+0.802
8419.757,14,15,1 L,+0.859
8425.185,14,15,1 L,+0.925
8429.606,14,15,1 L,+0.907
8433.926,14,15,1 L,+0.750
8437.059,14,15,1 L,+0.910
8438.584,14,15,1 L,+0.889
8439.284,14,15,1 L,+0.862
8442.004,14,15,1 L,+0.826
8447.457,14,15,1 L,+0.761
8456.227,14,15,1 L,+0.590
8460.127,14,15,1 L,+0.434
8462.89,14,15,1 L,+0.290
8463.651,14,15,1 L,+0.277
8466.996,14,15,1 L,+0.211
8469.632,14,15,1 L,+0.072
8476.556,14,14,1 L,+0.072
8476.619,14,14,1 L,+13.197
8482.367,14,14,1 L,+13.212
8487.369,14,14,1 L,+13.264
8489.135,14,14,1 L,+13.197
8492.743,14,14,1 L,+13.344
8496.341,14,14,1 L,+13.102
8500.427,14,14,1 L,+12.911
8504.25,14,14,1 L,+12.963
8509.513,14,14,1 L,+12.851
8513.804,14,14,1 L,+12.708
8517.944,14,14,1 L,+12.700
8521.051,14,14,1 L,+12.707
8522.613,14,14,1 L,+12.632
8523.262,14,14,1 L,+12.618
8525.978,14,14,1 L,+12.632
8531.385,14,14,1 L,+12.487
8540.271,14,14,1 L,+12.457
8544.09,14,14,1 L,+12.440
8546.952,14,14,1 L,+12.402
8547.749,14,14,1 L,+12.417
8551.182,14,14,1 L,+12.560
8553.947,14,14,1 L,+12.859
8560.869,14,14,1 L,+12.811
8566.713,14,14,1 L,+12.716
8571.643,14,14,1 L,+12.364
8573.431,14,14,1 L,+12.316
8577.072,14,14,1 L,+12.342
8580.681,14,14,1 L,+12.194
8584.822,14,14,1 L,+12.025
8588.62,14,14,1 L,+11.921
8593.898,14,14,1 L,+11.815
8598.257,14,14,1 L,+11.726
8602.344,14,14,1 L,+11.598
8605.493,14,14,1 L,+11.512
8606.914,14,14,1 L,+11.427
8607.673,14,14,1 L,+11.388
8610.328,14,14,1 L,+11.313
8615.8,14,14,1 L,+11.188
8624.693,14,14,1 L,+11.007
8628.527,14,14,1 L,+10.961
8631.391,14,14,1 L,+10.959
8632.181,14,14,1 L,+10.960
8635.634,14,14,1 L,+10.978
8638.4,14,14,1 L,+10.969
8645.353,14,14,1 L,+10.860
8651.085,14,14,1 L,+10.841
8656.013,14,14,1 L,+10.810
8657.813,14,14,1 L,+10.755
8661.476,14,14,1 L,+10.732
8665.011,14,14,1 L,+10.574
8669.098,14,14,1 L,+10.428
8672.965,14,14,1 L,+10.462
8678.23,14,14,1 L,+10.383
8682.592,14,14,1 L,+10.424
8686.722,14,14,1 L,+10.388
8689.998,14,14,1 L,+10.482
8691.491,14,14,1 L,+10.452
8692.245,14,14,1 L,+10.432
8694.972,14,14,1 L,+10.424
8700.584,14,14,1 L,+10.498
8709.631,14,14,1 L,+10.505
8713.522,14,14,1 L,+10.495
8716.444,14,14,1 L,+10.513
8717.241,14,14,1 L,+10.514
8720.756,14,14,1 L,+10.601
8724.209,14,14,1 L,+11.283
8731.288,14,14,1 L,+11.470
8737.163,14,14,1 L,+11.589
8742.641,14,14,1 L,+11.956
8744.527,14,14,1 L,+12.005
8748.112,14,14,1 L,+11.903
8751.763,14,14,1 L,+11.853
8755.997,14,14,1 L,+11.846
8759.841,14,14,1 L,+11.870
8765.248,14,14,1 L,+11.868
8769.529,14,14,1 L,+11.842
8773.64,14,14,1 L,+11.782
8776.765,14,14,1 L,+11.731
8778.25,14,14,1 L,+11.677
8778.999,14,14,1 L,+11.652
8781.64,14,14,1 L,+11.576
8787.124,14,14,1 L,+11.509
8795.931,14,14,1 L,+11.379
8799.827,14,14,1 L,+11.290
8802.646,14,14,1 L,+11.313
8803.427,14,14,1 L,+11.310
8806.857,14,14,1 L,+11.295
8809.6,14,14,1 L,+11.257
8816.475,14,14,1 L,+11.305
8822.277,14,14,1 L,+11.298
8827.171,14,14,1 L,+11.214
8829.013,14,14,1 L,+11.211
8832.646,14,14,1 L,+11.188
8836.16,14,14,1 L,+11.001
8840.216,14,14,1 L,+10.838
8844.044,14,14,1 L,+10.847
8849.309,14,14,1 L,+10.794
8853.622,14,14,1 L,+10.799
8857.792,14,14,1 L,+10.742
8860.883,14,14,1 L,+10.620
8862.336,14,14,1 L,+10.549
8863.086,14,14,1 L,+10.524
8865.821,14,14,1 L,+10.444
8871.341,14,14,1 L,+10.372
8879.982,14,14,1 L,+10.179
8883.857,14,14,1 L,+10.232
8886.684,14,14,1 L,+10.213
8887.513,14,14,1 L,+10.211
8890.903,14,14,1 L,+10.203
8893.684,14,14,1 L,+10.215
8900.591,14,14,1 L,+10.166
8906.341,14,14,1 L,+8.609
8911.45,14,14,1 L,+8.269
8913.278,14,14,1 L,+8.221
8916.934,14,14,1 L,+8.249
8920.483,14,14,1 L,+8.059
8924.626,14,14,1 L,+7.876
8928.5,14,14,1 L,+7.857
8933.829,14,14,1 L,+7.740
8938.192,14,14,1 L,+7.702
8942.307,14,14,1 L,+7.663
8945.514,14,14,1 L,+7.621
8946.978,14,14,1 L,+7.564
8947.711,14,14,1 L,+7.538
8950.413,14,14,1 L,+7.533
8955.867,14,14,1 L,+7.462
8964.701,14,14,1 L,+7.406
8971.372,14,14,1 L,+7.396
8975.581,14,14,1 L,+7.413
8978.361,14,14,1 L,+7.461
8985.244,14,14,1 L,+7.391
8991.073,14,14,1 L,+7.381
8995.984,14,14,1 L,+7.323
8997.759,14,14,1 L,+7.248
9001.371,14,14,1 L,+7.212
9004.981,14,14,1 L,+6.954
9009.102,14,14,1 L,+6.909
9012.822,14,14,1 L,+6.779
9018.071,14,14,1 L,+6.653
9022.398,14,14,1 L,+6.654
9026.533,14,14,1 L,+6.600
9029.644,14,14,1 L,+6.536
9031.128,14,14,1 L,+6.480
9031.865,14,14,1 L,+6.456
9034.566,14,14,1 L,+6.405
9040.094,14,14,1 L,+6.400
9048.872,14,14,1 L,+6.213
9052.763,14,14,1 L,+6.243
9055.651,14,14,1 L,+6.316
9056.448,14,14,1 L,+6.324
9059.871,14,14,1 L,+6.346
9062.661,14,14,1 L,+6.373
9069.58,14,14,1 L,+6.015
9075.387,14,14,1 L,+5.356
9080.465,14,14,1 L,+5.120
9082.246,14,14,1 L,+5.044
9085.912,14,14,1 L,+5.013
9089.428,14,14,1 L,+4.809
9093.586,14,14,1 L,+4.665
9097.437,14,14,1 L,+4.631
9102.759,14,14,1 L,+4.546
9107.062,14,14,1 L,+4.425
9111.139,14,14,1 L,+4.307
9114.259,14,14,1 L,+4.257
9115.728,14,14,1 L,+4.169
9116.447,14,14,1 L,+4.132
9119.15,14,14,1 L,+4.110
9124.713,14,14,1 L,+4.075
9133.601,14,14,1 L,+3.972
9137.492,14,14,1 L,+4.016
9140.34,14,14,1 L,+4.018
9141.127,14,14,1 L,+4.019
9144.54,14,14,1 L,+4.026
9147.328,14,14,1 L,+4.034
9154.219,14,14,1 L,+3.995
9160.073,14,14,1 L,+4.049
9165.048,14,14,1 L,+4.014
9166.86,14,14,1 L,+3.993
9170.5,14,14,1 L,+3.983
9174.06,14,14,1 L,+3.866
9178.173,14,14,1 L,+3.732
9182.114,14,14,1 L,+3.797
9187.371,14,14,1 L,+3.747
9191.698,14,14,1 L,+3.714
9195.783,14,14,1 L,+3.666
9198.876,14,14,1 L,+3.577
9200.392,14,14,1 L,+3.507
9201.126,14,14,1 L,+3.471
9203.814,14,14,1 L,+3.431
9209.361,14,14,1 L,+3.373
9218.244,14,14,1 L,+3.280
9222.166,14,14,1 L,+3.241
9224.978,14,14,1 L,+3.260
9225.822,14,14,1 L,+3.261
9229.172,14,14,1 L,+3.262
9231.913,14,14,1 L,+3.211
9238.912,14,14,1 L,+3.195
9244.671,14,14,1 L,+3.180
9249.592,14,14,1 L,+3.173
9251.469,14,14,1 L,+3.123
9255.06,14,14,1 L,+3.114
9258.636,14,14,1 L,+2.965
9262.772,14,14,1 L,+2.849
9266.65,14,14,1 L,+2.824
9271.843,14,14,1 L,+2.666
9276.149,14,14,1 L,+2.608
9280.309,14,14,1 L,+2.590
9283.45,14,14,1 L,+2.511
9284.95,14,14,1 L,+2.482
9285.7,14,14,1 L,+2.463
9288.419,14,14,1 L,+2.423
9293.966,14,14,1 L,+2.396
9302.841,14,14,1 L,+2.283
9306.731,14,14,1 L,+2.212
9309.684,14,14,1 L,+2.233
9310.497,14,14,1 L,+2.224
9426.806,14,14,1L,+2.224
8.61,87,17,,
3251.129,87,17,,+0.272
3257.058,87,17,+1.719,+0.272
3260.58,87,14,+1.719,+0.272
3260.661,87,14,+1.726,+0.239
3268.005,87,14,+2.043,+0.096
3274.628,87,15,+2.043,+0.096
3274.786,87,15,+2.748,+0.080
3279.787,87,14,+2.748,+0.080
3279.873,87,14,+2.850,+0.238
3283.051,87,14,+3.290,+0.348
3283.069,87,15,+3.290,+0.348
3285.723,87,16,+3.290,+0.348
3286.317,87,16,+3.952,+0.330
3290.729,87,16,+4.549,+0.405
3295.6,87,16,+5.160,+0.593
3299.679,87,16,+5.419,+0.385
3305.918,87,16,+6.149,+0.416
3310.86,87,16,+6.664,+0.389
3315.196,87,16,+6.884,+0.347
3318.618,87,16,+7.115,+0.377
3320.336,87,16,+7.232,+0.423
3321.102,87,16,+7.253,+0.428
3323.93,87,16,+7.270,+0.364
3329.774,87,16,+7.638,+0.378
3339.133,87,16,+8.109,+0.472
3343.227,87,16,+8.296,+0.386
3346.211,87,16,+8.474,+0.581
3346.992,87,16,+8.491,+0.590
3350.43,87,16,+8.451,+0.572
3353.229,87,16,+8.466,+0.618
3360.318,87,16,+8.508,+0.520
3366.53,87,16,+8.713,+0.597
3371.608,87,16,+8.796,+0.678
3373.482,87,16,+8.823,+0.715
3377.085,87,16,+8.815,+0.610
3381.202,87,16,+9.165,+0.775
3385.729,87,16,+9.337,+0.784
3389.605,87,16,+9.392,+0.722
3395.228,87,16,+9.563,+0.599
3399.994,87,16,+9.783,+0.594
3404.199,87,16,+9.881,+0.436
3407.621,87,16,+10.138,+0.412
3409.293,87,16,+10.212,+0.452
3410.058,87,16,+10.216,+0.440
3412.792,87,16,+10.161,+0.314
3418.667,87,16,+10.499,+0.480
3428.108,87,16,+11.019,+0.650
3432.171,87,16,+11.164,+0.509
3435.155,87,16,+11.329,+0.606
3435.905,87,16,+11.350,+0.608
3439.343,87,16,+11.319,+0.568
3442.163,87,16,+11.286,+0.605
3449.24,87,16,+11.424,+0.746
3455.4,87,16,+11.732,+0.781
3460.433,87,16,+11.869,+0.792
3462.351,87,16,+11.912,+0.811
3465.936,87,16,+11.924,+0.686
3469.929,87,16,+12.207,+0.834
3474.373,87,16,+12.427,+0.825
3478.264,87,16,+12.466,+0.694
3483.815,87,16,+12.693,+0.678
3488.399,87,16,+12.857,+0.601
3492.676,87,16,+12.966,+0.605
3495.928,87,16,+13.090,+0.595
3497.665,87,16,+13.209,+0.631
3498.384,87,16,+13.231,+0.627
3501.165,87,16,+13.216,+0.543
3506.962,87,16,+13.503,+0.634
3516.163,87,16,+13.740,+0.705
3520.233,87,16,+13.952,+0.732
3523.177,87,16,+14.074,+0.741
3523.944,87,16,+14.086,+0.733
3527.334,87,16,+14.006,+0.689
3530.153,87,16,+13.899,+0.760
3537.302,87,17,+13.899,+0.760
3537.602,87,17,+14.511,+0.275
3544.092,87,17,+14.978,+0.412
3549.17,87,17,+15.129,+0.489
3551.061,87,17,+15.187,+0.458
3554.67,87,17,+15.221,+0.468
3558.687,87,17,+15.559,+0.709
3563.187,87,17,+15.779,+0.848
3567.072,87,17,+15.855,+0.770
3572.599,87,17,+16.163,+0.887
3577.221,87,17,+16.373,+0.913
3581.494,87,17,+16.556,+0.859
3584.7,87,17,+16.677,+0.861
3586.391,87,17,+16.786,+0.905
3587.161,87,17,+16.809,+0.907
3589.908,87,17,+16.787,+0.849
3595.604,87,17,+17.035,+0.940
3604.774,87,17,+17.333,+0.977
3608.874,87,17,+17.502,+1.027
3611.862,87,17,+17.638,+1.130
3612.652,87,17,+17.655,+1.152
3616.089,87,17,+17.624,+1.243
3618.828,87,17,+17.525,+1.226
3625.999,87,17,+17.741,+1.085
3632.202,87,17,+17.950,+0.939
3637.233,87,17,+18.047,+0.841
3639.202,87,17,+18.123,+0.772
3642.795,87,17,+18.160,+0.623
3646.814,87,17,+18.502,+0.643
3651.3,87,17,+18.812,+0.680
3655.194,87,17,+18.869,+0.582
3660.889,87,17,+19.341,+0.767
3665.493,87,17,+19.621,+0.810
3669.728,87,17,+19.742,+0.749
3672.925,87,17,+19.826,+0.606
3674.542,87,17,+19.923,+0.638
3675.369,87,17,+19.945,+0.623
3678.041,87,17,+19.908,+0.459
3683.846,87,17,+20.115,+0.525
3693.073,87,17,+20.493,+0.425
3697.308,87,17,+20.800,+0.491
3700.323,87,17,+21.000,+0.609
3701.119,87,17,+21.022,+0.607
3704.542,87,17,+21.000,+0.518
3707.258,87,17,+20.901,+0.372
3714.672,87,17,+21.415,+0.696
3720.885,87,17,+21.592,+0.746
3725.986,87,17,+21.716,+0.867
3727.872,87,17,+21.762,+0.900
3731.506,87,17,+21.807,+0.810
3735.458,87,17,+22.129,+1.027
3739.899,87,17,+22.346,+1.060
3743.815,87,17,+22.354,+1.056
3749.358,87,17,+22.675,+1.231
3753.961,87,17,+22.927,+1.290
3758.202,87,17,+23.046,+1.292
3761.386,87,17,+23.140,+1.257
3763.0,87,17,+23.213,+1.292
3763.762,87,17,+23.227,+1.296
3766.494,87,17,+23.201,+1.213
3772.155,87,17,+23.371,+1.171
3781.306,87,17,+23.673,+1.297
3785.482,87,17,+23.893,+1.384
3788.429,87,17,+24.086,+1.462
3789.228,87,17,+24.104,+1.457
3792.67,87,17,+24.106,+1.429
3795.514,87,17,+24.111,+1.463
3802.67,87,17,+24.469,+1.625
3808.875,87,17,+24.722,+1.693
3814.054,87,17,+24.934,+1.928
3815.999,87,17,+25.036,+1.973
3819.698,87,17,+25.141,+1.939
3823.511,87,17,+25.370,+2.048
3827.917,87,17,+25.541,+2.059
3831.839,87,17,+25.612,+2.025
3837.386,87,17,+25.934,+2.113
3841.87,87,17,+26.097,+2.055
3846.174,87,17,+26.276,+2.090
3849.361,87,17,+26.350,+2.042
3850.999,87,17,+26.421,+2.052
3851.761,87,17,+26.445,+2.053
3854.488,87,17,+26.473,+1.938
3860.151,87,17,+26.647,+1.852
3869.48,87,17,+27.045,+2.013
3873.62,87,17,+27.245,+2.085
3876.62,87,17,+27.424,+2.148
3877.386,87,17,+27.446,+2.144
3880.885,87,17,+27.447,+2.131
3883.704,87,17,+27.405,+2.168
3890.823,87,17,+27.672,+2.281
3897.089,87,17,+27.922,+2.482
3902.12,87,17,+28.008,+2.448
3904.011,87,17,+28.075,+2.459
3907.667,87,17,+28.135,+2.382
3911.542,87,17,+28.344,+2.424
3915.949,87,17,+28.541,+2.418
3919.839,87,17,+28.560,+2.388
3925.37,87,17,+28.770,+2.470
3929.964,87,17,+28.958,+2.449
3934.214,87,17,+28.994,+2.393
3937.417,87,17,+29.076,+2.384
3939.058,87,17,+29.131,+2.396
3939.839,87,17,+29.145,+2.394
3942.587,87,17,+29.141,+2.342
3948.276,87,17,+29.307,+2.326
3957.448,87,17,+29.622,+2.333
3961.605,87,17,+29.880,+2.412
3964.66,87,17,+30.118,+2.500
3965.433,87,17,+30.140,+2.499
3968.916,87,17,+30.154,+2.504
3971.728,87,17,+30.152,+2.571
3978.912,87,17,+30.401,+2.624
3985.066,87,17,+30.538,+2.705
3990.103,87,17,+30.568,+2.509
3991.999,87,17,+30.633,+2.508
3995.66,87,17,+30.699,+2.425
3999.538,87,17,+30.956,+2.482
4003.962,87,17,+31.103,+2.439
4007.83,87,17,+31.082,+2.335
4013.369,87,17,+31.362,+2.417
4017.998,87,17,+31.557,+2.421
4022.292,87,17,+31.698,+2.416
4025.495,87,17,+31.778,+2.380
4027.105,87,17,+31.843,+2.357
4027.886,87,17,+31.865,+2.352
4030.636,87,17,+31.863,+2.268
4036.314,87,17,+32.062,+2.253
4045.632,87,17,+32.455,+2.385
4049.73,87,17,+32.658,+2.332
4052.751,87,17,+32.816,+2.433
4053.542,87,17,+32.836,+2.435
4057.014,87,17,+32.857,+2.439
4059.801,87,17,+32.826,+2.460
4066.945,87,17,+33.020,+2.417
4073.208,87,17,+33.225,+2.511
4078.261,87,17,+33.263,+2.556
4080.198,87,17,+33.337,+2.574
4083.839,87,17,+33.375,+2.486
4087.62,87,17,+33.536,+2.432
4092.115,87,17,+33.755,+2.515
4096.032,87,17,+33.823,+2.508
4101.651,87,17,+34.145,+2.669
4106.276,87,17,+34.268,+2.584
4110.527,87,17,+34.365,+2.571
4113.698,87,17,+34.387,+2.545
4115.323,87,17,+34.425,+2.545
4116.115,87,17,+34.452,+2.555
4118.886,87,17,+34.428,+2.495
4124.589,87,17,+34.617,+2.513
4133.801,87,17,+34.919,+2.585
4137.954,87,17,+35.160,+2.640
4140.972,87,17,+35.379,+2.774
4141.762,87,17,+35.402,+2.780
4145.261,87,17,+35.433,+2.806
4148.064,87,17,+35.427,+2.852
4155.276,87,17,+35.773,+2.839
4161.406,87,17,+35.852,+2.911
4166.468,87,17,+35.933,+2.876
4168.343,87,17,+36.005,+2.878
4171.973,87,17,+36.027,+2.747
4175.815,87,17,+36.199,+2.729
4180.247,87,17,+36.370,+2.725
4184.186,87,17,+36.422,+2.637
4189.733,87,17,+36.692,+2.778
4194.3,87,17,+36.811,+2.738
4198.642,87,17,+36.957,+2.710
4201.845,87,17,+37.042,+2.699
4203.533,87,17,+37.104,+2.732
4204.267,87,17,+37.117,+2.737
4207.014,87,17,+37.072,+2.660
4212.697,87,17,+37.285,+2.638
4221.96,87,17,+37.660,+2.633
4226.128,87,17,+37.831,+2.601
4229.094,87,17,+38.080,+2.694
4229.869,87,17,+38.113,+2.701
4233.409,87,17,+38.150,+2.690
4236.201,87,17,+38.147,+2.729
4243.401,87,17,+38.379,+2.661
4249.572,87,17,+38.501,+2.734
4254.636,87,17,+38.533,+2.647
4256.604,87,17,+38.597,+2.656
4260.204,87,17,+38.615,+2.546
4264.072,87,17,+38.853,+2.583
4268.542,87,17,+39.052,+2.585
4272.511,87,17,+39.096,+2.547
4278.089,87,17,+39.378,+2.695
4282.62,87,17,+39.495,+2.615
4286.979,87,17,+39.587,+2.630
4290.12,87,17,+39.610,+2.601
4291.776,87,17,+39.654,+2.602
4292.526,87,17,+39.660,+2.605
4295.261,87,17,+39.601,+2.531
4301.002,87,17,+39.819,+2.584
4310.295,87,17,+40.271,+2.727
4314.42,87,17,+40.483,+2.731
4317.451,87,17,+40.654,+2.839
4318.248,87,17,+40.674,+2.844
4321.724,87,17,+40.692,+2.856
4324.545,87,17,+40.676,+2.910
4331.67,87,17,+40.856,+2.932
4337.92,87,17,+41.063,+3.094
4342.933,87,17,+41.020,+2.773
4344.864,87,17,+41.065,+2.769
4348.499,87,17,+41.073,+2.658
4352.39,87,17,+41.288,+2.632
4356.828,87,17,+41.449,+2.628
4360.761,87,17,+41.465,+2.554
4366.458,87,17,+41.756,+2.690
4371.029,87,17,+41.922,+2.680
4375.404,87,17,+42.067,+2.688
4378.567,87,17,+42.115,+2.671
4380.192,87,17,+42.160,+2.680
4380.973,87,17,+42.180,+2.690
4383.723,87,17,+42.148,+2.638
4389.576,87,17,+42.429,+2.701
4398.922,87,17,+42.935,+2.991
4403.028,87,17,+43.145,+3.019
4406.12,87,17,+43.338,+3.122
4406.856,87,17,+43.361,+3.129
4410.316,87,17,+43.378,+3.154
4413.158,87,17,+43.355,+3.171
4420.311,87,17,+43.523,+3.195
4426.42,87,17,+43.623,+3.131
4431.483,87,17,+43.703,+2.972
4433.389,87,17,+43.809,+3.016
4437.029,87,17,+43.859,+2.955
4440.889,87,17,+44.012,+2.976
4445.514,87,17,+44.200,+2.969
4449.48,87,17,+44.317,+2.927
4454.886,87,17,+44.604,+2.948
4459.527,87,17,+44.779,+2.836
4463.887,87,17,+44.934,+2.820
4467.058,87,17,+44.982,+2.748
4468.683,87,17,+45.043,+2.697
4469.506,87,17,+45.076,+2.695
4472.216,87,17,+45.064,+2.625
4478.034,87,17,+45.267,+2.592
4487.327,87,17,+45.702,+2.691
4491.53,87,17,+45.954,+2.726
4494.576,87,17,+46.170,+2.853
4495.369,87,17,+46.192,+2.864
4498.845,87,17,+46.212,+2.924
4501.676,87,17,+46.221,+3.103
4508.994,87,17,+46.559,+2.965
4515.162,87,17,+46.746,+3.056
4520.233,87,17,+46.794,+2.923
4522.155,87,17,+46.905,+2.945
4525.811,87,17,+46.924,+2.874
4529.639,87,17,+47.117,+2.702
4534.045,87,17,+47.300,+2.575
4537.92,87,17,+47.287,+2.456
4543.451,87,17,+47.617,+2.481
4548.061,87,17,+47.750,+2.387
4552.483,87,17,+47.940,+2.463
4555.699,87,17,+48.026,+2.467
4557.36,87,17,+48.121,+2.497
4558.174,87,17,+48.153,+2.502
4560.9,87,17,+48.133,+2.429
4566.646,87,17,+48.392,+2.429
4575.961,87,17,+48.817,+2.601
4580.074,87,17,+48.975,+2.681
4583.074,87,17,+49.029,+2.681
4583.855,87,17,+49.038,+0.572
4587.355,87,17,+49.037,+0.572
4587.542,87,16,+49.037,+0.572
4590.136,87,16,+49.020,+2.876
4597.273,87,16,+49.267,+3.000
4603.574,87,16,+49.464,+3.092
4608.542,87,16,+49.471,+2.926
4610.449,87,16,+49.555,+2.987
4614.074,87,16,+49.574,+2.903
4617.949,87,16,+49.797,+3.018
4622.369,87,16,+48.922,+3.058
4626.361,87,16,+49.037,+3.055
4631.866,87,16,+49.303,+3.099
4636.511,87,16,+49.434,+3.093
4640.839,87,16,+49.498,+3.090
4644.058,87,16,+49.558,+3.078
4645.698,87,16,+49.592,+3.081
4646.433,87,16,+49.609,+3.089
4649.202,87,16,+49.605,+3.039
4654.9,87,16,+49.670,+3.068
4664.191,87,16,+49.957,+3.264
4668.406,87,16,+50.326,+3.378
4671.447,87,16,+50.546,+3.508
4672.252,87,16,+50.576,+3.519
4675.646,87,15,+50.576,+3.519
4675.748,87,15,+50.624,+3.512
4678.557,87,15,+50.645,+3.494
4685.739,87,15,+50.799,+3.655
4691.893,87,15,+51.027,+3.723
4696.945,87,15,+51.044,+3.661
4698.898,87,15,+51.168,+3.718
4702.529,87,15,+51.236,+3.636
4706.365,87,15,+51.533,+3.710
4710.815,87,15,+51.725,+3.794
4714.824,87,15,+51.918,+3.724
4720.386,87,15,+43.946,+3.834
4725.074,87,15,+44.093,+3.797
4729.339,87,15,+44.184,+3.770
4732.511,87,15,+44.286,+3.733
4734.136,87,15,+44.325,+3.748
4734.933,87,15,+44.343,+3.765
4737.699,87,15,+44.322,+3.716
4743.386,87,15,+44.400,+3.704
4752.636,87,15,+44.757,+3.812
4756.801,87,15,+44.857,+3.812
4759.823,87,15,+44.974,+3.812
4760.606,87,15,+51.027,+1.973
4763.996,87,14,+51.027,+1.973
4764.089,87,14,+45.020,+3.999
4766.917,87,14,+45.024,+3.991
4773.917,87,14,+45.038,+3.998
4780.044,87,14,+45.286,+3.997
4785.053,87,14,+45.299,+3.993
4786.928,87,14,+45.338,+4.053
4790.589,87,14,+45.380,+3.963
4794.417,87,14,+45.590,+4.100
4798.902,87,14,+45.810,+4.188
4802.839,87,14,+45.848,+4.179
4808.358,87,14,+46.106,+4.202
4812.983,87,14,+46.277,+4.239
4817.311,87,14,+46.395,+4.250
4820.514,87,14,+46.454,+4.206
4822.073,87,14,+46.472,+4.231
4822.861,87,14,+46.483,+4.241
4825.621,87,14,+46.458,+4.181
4831.292,87,14,+46.629,+4.260
4840.529,87,14,+46.986,+4.449
4844.715,87,14,+47.174,+4.569
4847.736,87,14,+47.319,+4.735
4848.544,87,14,+47.335,+4.738
4851.999,87,14,+47.363,+4.700
4854.802,87,14,+47.391,+4.654
4862.063,87,14,+47.694,+4.839
4868.199,87,14,+47.867,+4.820
4873.214,87,14,+47.883,+4.802
4875.152,87,14,+47.927,+4.850
4878.737,87,14,+47.955,+4.743
4882.58,87,14,+48.115,+4.802
4886.961,87,14,+48.272,+4.857
4890.874,87,14,+48.297,+4.785
4896.436,87,14,+48.645,+4.911
4901.061,87,14,+48.782,+5.024
4905.436,87,14,+48.911,+5.001
4908.609,87,14,+49.001,+4.959
4910.217,87,14,+49.052,+5.000
4911.014,87,14,+49.071,+5.017
4913.749,87,14,+49.069,+4.959
4919.493,87,14,+49.216,+5.038
4928.701,87,14,+49.587,+5.235
4932.795,87,14,+49.666,+5.236
4935.802,87,14,+49.769,+5.236
4936.578,87,14,+49.786,+5.286
4940.061,87,14,+49.818,+5.286
4942.827,87,13,+49.818,+5.286
4942.905,87,13,+49.851,+5.208
4950.045,87,13,+50.077,+5.297
4956.116,87,13,+50.298,+5.334
4961.092,87,13,+50.304,+5.276
4962.994,87,13,+50.340,+5.313
4966.649,87,13,+50.386,+5.215
4970.496,87,13,+50.586,+5.258
4974.932,87,13,+50.832,+5.380
4978.863,87,13,+50.860,+5.318
4984.438,87,13,+51.249,+5.436
4989.061,87,13,+51.398,+5.499
4993.515,87,13,+51.526,+5.546
4996.661,87,13,+51.635,+5.527
4998.272,87,13,+51.679,+5.556
4999.045,87,13,+51.693,+5.568
5001.815,87,13,+51.673,+5.508
5007.56,87,13,+51.815,+5.564
5016.882,87,13,+52.262,+5.809
5020.999,87,13,+52.407,+5.893
5024.155,87,13,+52.601,+5.893
5024.639,87,14,+52.601,+5.893
5024.983,87,14,+52.632,+0.300
5028.405,87,14,+52.644,+0.306
5031.233,87,14,+52.680,+0.434
5038.561,87,14,+53.002,+1.037
5044.626,87,14,+53.198,+1.046
5049.667,87,14,+53.266,+1.165
5051.621,87,14,+53.407,+1.299
5055.3,87,14,+53.462,+1.339
5059.305,87,14,+53.827,+1.593
5063.833,87,14,+54.045,+1.673
5067.832,87,14,+54.177,+1.784
5073.414,87,14,+54.594,+2.146
5078.128,87,14,+54.815,+2.337
5082.532,87,14,+54.931,+2.483
5085.728,87,14,+55.028,+2.508
5087.373,87,14,+55.091,+2.565
5088.131,87,14,+55.096,+2.579
5090.848,87,14,+55.045,+2.534
5096.773,87,14,+55.400,+2.900
5106.13,87,14,+55.797,+3.285
5110.301,87,14,+56.006,+3.456
5113.341,87,14,+56.112,+3.662
5114.146,87,14,+56.125,+3.681
5117.618,87,14,+56.147,+3.733
5120.442,87,14,+56.220,+3.796
5127.489,87,15,+56.220,+3.796
5127.874,87,15,+56.651,+0.337
5134.148,87,15,+57.103,+0.543
5139.402,87,15,+57.147,+0.741
5141.315,87,15,+57.200,+0.780
5144.973,87,15,+57.243,+0.857
5148.928,87,15,+57.517,+0.987
5153.433,87,15,+57.718,+1.053
5157.386,87,15,+48.133,+1.140
5162.94,87,15,+48.492,+1.366
5167.572,87,15,+48.728,+1.504
5171.915,87,15,+48.981,+1.689
5175.129,87,15,+49.108,+1.788
5176.795,87,15,+49.219,+1.855
5177.545,87,15,+49.238,+1.859
5180.279,87,15,+49.238,+1.797
5186.045,87,15,+49.590,+1.934
5195.311,87,15,+50.069,+2.219
5214.115,87,16,+50.069,+2.219
5214.944,87,17,+50.069,+2.219
5215.568,87,18,+50.069,+2.219
5217.361,87,19,+50.069,+2.219
5221.258,87,20,+50.069,+2.219
5230.447,87,20,+71.620,+6.361
5237.9,87,20,+72.219,+6.784
5243.962,87,20,+72.346,+6.719
5248.985,87,20,+72.378,+6.667
5250.938,87,20,+72.471,+6.659
5254.532,87,20,+72.490,+6.647
5258.344,87,20,+72.692,+6.639
5262.704,87,20,+72.831,+6.567
5266.532,87,20,+72.818,+6.460
5271.963,87,20,+73.050,+6.546
5276.527,87,20,+73.221,+6.473
5280.667,87,20,+73.324,+6.364
5283.777,87,20,+73.349,+6.172
5285.568,87,20,+73.401,+6.067
5286.147,87,20,+73.415,+6.032
5288.846,87,20,+73.379,+5.935
5294.433,87,20,+73.506,+5.854
5303.432,87,20,+73.756,+5.778
5307.342,87,20,+73.799,+5.614
5310.201,87,20,+73.874,+5.532
5310.994,87,20,+73.885,+5.525
5314.433,87,20,+73.900,+5.520
5317.246,87,20,+73.917,+5.564
5324.129,87,20,+73.948,+5.429
5330.229,87,20,+74.029,+5.350
5335.003,87,20,+73.914,+5.185
5336.859,87,20,+73.956,+5.134
5340.475,87,20,+73.978,+5.129
5344.231,87,20,+74.200,+5.007
5348.559,87,20,+74.401,+4.974
5352.356,87,20,+74.392,+4.832
5357.809,87,20,+74.551,+4.974
5362.356,87,20,+74.666,+5.017
5366.481,87,20,+74.627,+4.788
5369.637,87,20,+74.688,+4.675
5371.215,87,20,+74.711,+4.598
5371.972,87,20,+74.709,+4.560
5374.675,87,20,+74.666,+4.474
5380.145,87,20,+74.672,+4.386
5389.18,87,20,+74.726,+4.437
5393.161,87,20,+74.817,+4.353
5396.077,87,20,+74.960,+4.364
5396.858,87,20,+74.977,+4.367
5400.341,87,20,+74.996,+4.372
5403.093,87,20,+74.962,+4.377
5410.117,87,20,+75.119,+4.337
5416.145,87,20,+75.240,+4.316
5421.102,87,20,+75.122,+4.193
5422.986,87,20,+75.181,+4.181
5426.603,87,20,+75.222,+4.185
5430.42,87,20,+75.402,+4.182
5434.749,87,20,+75.500,+4.116
5438.561,87,20,+75.455,+4.005
5443.995,87,20,+75.694,+4.122
5448.57,87,20,+75.852,+4.059
5452.809,87,20,+75.881,+3.958
5455.98,87,20,+75.948,+3.841
5457.558,87,20,+75.989,+3.760
5458.323,87,20,+75.991,+3.720
5461.05,87,20,+75.949,+3.578
5466.67,87,20,+76.155,+3.566
5475.733,87,20,+76.391,+3.578
5479.686,87,20,+76.449,+3.421
5482.702,87,20,+76.619,+3.493
5483.575,87,20,+76.647,+3.510
5486.98,87,20,+76.686,+3.549
5489.78,87,20,+76.721,+3.595
5496.858,87,20,+76.903,+3.539
5502.889,87,20,+76.967,+3.505
5507.894,87,20,+76.874,+3.416
5509.836,87,20,+76.937,+3.383
5513.492,87,20,+77.001,+3.426
5517.304,87,20,+77.156,+3.378
5521.699,87,20,+77.305,+3.324
5525.581,87,20,+77.290,+3.296
5531.03,87,20,+77.547,+3.361
5535.653,87,20,+77.684,+3.277
5539.814,87,20,+77.649,+3.129
5542.96,87,20,+77.671,+2.982
5544.542,87,20,+77.689,+2.871
5545.312,87,20,+77.698,+2.841
5548.001,87,20,+77.658,+2.775
5553.546,87,20,+77.735,+2.690
5562.673,87,20,+77.975,+2.609
5566.72,87,20,+78.084,+2.603
5569.705,87,20,+78.206,+2.603
5570.439,87,20,+78.220,+1.243
5573.828,87,19,+78.220,+1.243
5573.921,87,19,+78.230,+2.490
5576.699,87,19,+78.236,+2.566
5583.735,87,19,+78.223,+2.425
5589.782,87,19,+78.305,+2.367
5594.811,87,19,+78.225,+2.269
5596.717,87,19,+78.299,+2.260
5600.327,87,19,+78.353,+2.283
5604.108,87,19,+78.525,+2.228
5608.545,87,19,+78.651,+2.141
5612.425,87,19,+78.686,+2.167
5617.87,87,19,+78.810,+2.169
5622.37,87,19,+78.914,+2.057
5626.606,87,19,+78.985,+1.988
5629.73,87,19,+79.027,+1.856
5631.339,87,19,+79.073,+1.787
5632.12,87,19,+79.092,+1.770
5634.845,87,19,+79.082,+1.715
5640.47,87,19,+79.221,+1.653
5649.641,87,19,+79.353,+1.722
5653.717,87,19,+79.538,+1.708
5656.666,87,19,+79.707,+1.763
5657.458,87,19,+79.727,+1.769
5660.886,87,19,+79.749,+1.770
5663.62,87,19,+79.742,+1.803
5670.698,87,19,+79.826,+1.681
5676.745,87,19,+79.944,+1.603
5681.761,87,19,+79.966,+1.519
5683.636,87,19,+80.023,+1.492
5687.245,87,19,+80.065,+1.429
5691.061,87,19,+80.274,+1.368
5695.473,87,19,+80.445,+1.294
5699.358,87,19,+80.473,+1.287
5704.823,87,19,+80.646,+1.425
5709.433,87,19,+80.857,+1.377
5713.636,87,19,+80.895,+1.237
5716.808,87,19,+80.968,+1.154
5718.402,87,19,+80.995,+1.071
5719.198,87,19,+81.009,+1.056
5721.915,87,19,+80.982,+0.986
5727.639,87,19,+81.230,+1.041
5736.846,87,19,+81.488,+1.087
5740.901,87,19,+81.636,+1.017
5743.786,87,19,+81.715,+1.014
5744.56,87,19,+81.720,+1.010
5747.972,87,19,+81.705,+0.986
5750.745,87,19,+81.722,+1.025
5757.839,87,19,+81.891,+1.068
5763.917,87,19,+82.005,+0.994
5768.902,87,19,+82.004,+0.914
5770.824,87,19,+82.065,+0.899
5774.417,87,19,+82.080,+0.874
5778.308,87,19,+82.328,+0.920
5782.698,87,19,+82.301,+0.933
5786.608,87,19,+82.385,+0.909
5791.985,87,19,+82.383,+0.982
5796.543,87,19,+82.483,+0.979
5800.732,87,19,+82.490,+0.914
5803.872,87,19,+82.495,+0.784
5805.529,87,19,+82.524,+0.725
5806.248,87,19,+82.532,+0.703
5808.945,87,19,+82.477,+0.626
5814.673,87,19,+82.507,+0.732
5823.814,87,19,+82.712,+0.797
5827.931,87,19,+82.855,+0.756
5830.962,87,19,+82.992,+0.848
5831.685,87,19,+83.010,+0.861
5835.094,87,19,+83.001,+0.840
5837.801,87,19,+82.929,+0.772
5844.992,87,19,+83.147,+0.832
5851.086,87,19,+83.307,+0.888
5856.146,87,19,+83.303,+0.849
5858.061,87,19,+83.364,+0.843
5861.675,87,19,+83.381,+0.812
5865.514,87,19,+83.536,+0.792
5869.899,87,19,+83.642,+0.777
5873.761,87,19,+83.604,+0.778
5879.23,87,19,+83.734,+0.873
5883.745,87,19,+83.840,+0.758
5887.98,87,19,+83.940,+0.667
5891.105,87,19,+83.968,+0.523
5892.732,87,19,+84.010,+0.462
5893.515,87,19,+84.032,+0.457
5896.244,87,19,+83.962,+0.421
5901.994,87,19,+84.149,+0.482
5911.16,87,19,+84.334,+0.542
5915.327,87,19,+84.516,+0.517
5918.28,87,19,+84.641,+0.610
5919.092,87,19,+84.657,+0.620
5922.452,87,19,+84.639,+0.582
5925.108,87,19,+84.553,+0.515
5932.28,87,19,+84.670,+0.526
5938.399,87,19,+84.836,+0.585
5943.514,87,19,+84.894,+0.597
5945.498,87,19,+84.967,+0.592
5950.077,87,19,1 L,+1.688
5954.972,87,19,1 L,+2.692
5959.542,87,19,1 L,+2.825
5963.386,87,19,1 L,+2.800
5968.917,87,19,1 L,+2.884
5973.498,87,19,1 L,+2.871
5977.764,87,19,1 L,+2.802
5980.92,87,19,1 L,+2.686
5982.514,87,19,1 L,+2.549
5983.264,87,19,1 L,+2.402
5985.967,87,19,1 L,+1.220
5991.686,87,19,1 L,+0.772
6000.998,87,19,1 L,+0.705
6005.17,87,19,1 L,+0.559
6008.092,87,19,1 L,+0.673
6008.905,87,19,1 L,+0.684
6012.295,87,19,1 L,+0.685
6015.449,87,19,1 L,+1.128
6022.964,87,19,1 L,+1.422
6029.355,87,19,1 L,+1.767
6034.465,87,19,1 L,+1.739
6036.392,87,19,1 L,+1.713
6039.96,87,19,1 L,+1.669
6043.811,87,19,1 L,+1.665
6048.201,87,19,1 L,+1.577
6052.045,87,19,1 L,+0.701
6057.561,87,19,1 L,+0.537
6062.215,87,19,1 L,+0.461
6066.591,87,19,1 L,+0.470
6069.772,87,19,1 L,+0.418
6071.46,87,19,1 L,+0.394
6072.228,87,19,1 L,+0.387
6074.899,87,19,1 L,+0.322
6080.804,87,19,1 L,+0.466
6090.173,87,19,1 L,+0.691
6094.258,87,19,1 L,+0.719
6097.236,87,19,1 L,+0.829
6098.017,87,19,1 L,+0.842
6101.452,87,19,1 L,+0.826
6104.183,87,19,1 L,+0.823
6111.455,87,19,1 L,+1.011
6117.611,87,19,1 L,+0.965
6122.751,87,19,1 L,+0.940
6124.674,87,19,1 L,+0.913
6128.317,87,19,1 L,+0.891
6136.518,87,19,1 L,+0.882
6140.399,87,19,1 L,+0.905
6145.917,87,19,1 L,+1.113
6150.429,87,19,1 L,+1.012
6154.702,87,19,1 L,+1.005
6157.862,87,19,1 L,+0.893
6159.467,87,19,1 L,+0.807
6160.217,87,19,1 L,+0.773
6163.745,87,19,1 L,+1.509
6170.473,87,19,1 L,+2.627
6179.776,87,19,1 L,+2.877
6183.982,87,19,1 L,+2.886
6186.866,87,19,1 L,+2.942
6187.662,87,19,1 L,+2.944
6191.037,87,19,1 L,+2.892
6193.725,87,19,1 L,+2.852
6200.991,87,19,1 L,+2.971
6207.022,87,19,1 L,+3.038
6212.131,87,19,1 L,+3.020
6214.053,87,19,1 L,+3.008
6217.631,87,19,1 L,+2.955
6221.46,87,19,1 L,+2.963
6225.863,87,19,1 L,+2.906
6229.815,87,19,1 L,+2.945
6235.373,87,19,1 L,+3.048
6239.873,87,19,1 L,+3.023
6244.139,87,19,1 L,+2.886
6247.233,87,19,1 L,+2.710
6248.827,87,19,1 L,+2.622
6249.623,87,19,1 L,+2.528
6252.327,87,19,1 L,+1.428
6258.061,87,19,1 L,+0.976
6267.416,87,19,1 L,+0.887
6271.577,87,19,1 L,+0.823
6274.554,87,19,1 L,+0.845
6275.367,87,19,1 L,+0.789
6278.617,87,18,1 L,+0.789
6278.742,87,18,1 L,+0.492
6281.428,87,18,1 L,+0.337
6288.699,87,18,1 L,+0.443
6294.85,87,18,1 L,+0.345
6300.045,87,18,1 L,+0.438
6301.937,87,18,1 L,+0.405
6305.609,87,18,1 L,+0.378
6309.455,87,18,1 L,+0.369
6313.983,87,18,1 L,+0.456
6317.92,87,18,1 L,+0.435
6323.483,87,18,1 L,+0.648
6328.061,87,18,1 L,+0.670
6332.342,87,18,1 L,+0.600
6335.514,87,18,1 L,+0.511
6337.154,87,18,1 L,+0.459
6337.92,87,18,1 L,+0.439
6340.623,87,18,1 L,+0.361
6346.389,87,18,1 L,+0.513
6355.608,87,18,1 L,+0.579
6359.795,87,18,1 L,+0.619
6362.761,87,18,1 L,+0.683
6363.589,87,18,1 L,+0.646
6366.87,87,17,1 L,+0.646
6366.964,87,17,1 L,+0.413
6369.636,87,17,1 L,+0.286
6376.785,87,18,1 L,+0.286
6376.909,87,18,1 L,+0.027
6382.919,87,17,1 L,+0.027
6382.93,87,17,1 L,+0.365
6387.964,87,18,1 L,+0.365
6388.214,87,18,1 L,+0.210
6390.261,87,18,1 L,+0.246
6393.886,87,18,1 L,+0.184
6397.948,87,18,1 L,+0.406
6402.464,87,18,1 L,+0.638
6406.342,87,18,1 L,+0.700
6411.93,87,18,1 L,+0.686
6416.577,87,18,1 L,+0.704
6420.967,87,18,1 L,+0.859
6424.108,87,18,1 L,+0.798
6425.78,87,18,1 L,+0.833
6426.514,87,18,1 L,+0.849
6429.611,87,18,1 L,+1.146
6435.62,87,18,1 L,+1.541
6444.933,87,18,1 L,+1.787
6449.089,87,18,1 L,+1.985
6452.006,87,18,1 L,+1.878
6452.794,87,18,1 L,+1.865
6456.177,87,18,1 L,+1.820
6458.878,87,18,1 L,+1.880
6466.094,87,18,1 L,+1.867
6471.996,87,18,1 L,+1.906
6477.064,87,18,1 L,+1.226
6479.013,87,18,1 L,+0.887
6482.628,87,18,1 L,+0.660
6486.763,87,18,1 L,+0.841
6491.276,87,18,1 L,+0.941
6495.399,87,18,1 L,+1.125
6501.414,87,18,1 L,+1.204
6506.136,87,18,1 L,+0.930
6510.503,87,18,1 L,+0.414
6513.78,87,18,1 L,+0.278
6515.485,87,18,1 L,+0.237
6516.286,87,18,1 L,+0.224
6518.989,87,18,1 L,+0.116
6525.261,87,18,1 L,+0.129
6534.656,87,18,1 L,+0.247
6538.874,87,18,1 L,+0.272
6541.901,87,18,1 L,+0.412
6542.682,87,18,1 L,+0.423
6546.028,87,16,1 L,+0.423
6546.115,87,16,1 L,+0.374
6548.802,87,16,1 L,+0.326
6556.032,87,16,1 L,+0.488
6562.19,87,16,1 L,+0.512
6569.661,87,17,1 L,+0.512
6573.385,87,18,1 L,+0.512
6574.113,87,18,1 L,+0.687
6576.258,87,18,1 L,+0.852
6580.099,87,18,1 L,+0.643
6584.226,87,18,1 L,+0.633
6588.829,87,18,1 L,+0.788
6592.731,87,18,1 L,+0.821
6598.307,87,18,1 L,+0.978
6603.1,87,18,1 L,+1.095
6607.501,87,18,1 L,+1.158
6610.729,87,18,1 L,+1.178
6612.353,87,18,1 L,+1.148
6613.119,87,18,1 L,+1.124
6615.845,87,18,1 L,+1.024
6621.486,87,18,1 L,+1.128
6630.896,87,18,1 L,+1.458
6634.99,87,18,1 L,+1.534
6638.172,87,18,1 L,+1.861
6638.999,87,18,1 L,+1.906
6642.494,87,18,1 L,+1.989
6645.299,87,18,1 L,+2.028
6652.424,87,18,1 L,+2.291
6658.501,87,18,1 L,+2.514
6663.599,87,18,1 L,+2.688
6665.481,87,18,1 L,+2.749
6669.045,87,18,1 L,+2.859
6672.901,87,18,1 L,+3.022
6677.273,87,18,1 L,+3.151
6681.201,87,18,1 L,+3.235
6686.728,87,18,1 L,+3.549
6691.26,87,18,1 L,+3.630
6695.46,87,18,1 L,+3.658
6698.597,87,18,1 L,+3.649
6700.183,87,18,1 L,+3.679
6700.954,87,18,1 L,+3.678
6703.66,87,18,1 L,+3.592
6709.316,87,18,1 L,+3.789
6718.419,87,18,1 L,+4.045
6722.568,87,18,1 L,+4.169
6725.567,87,18,1 L,+4.249
6726.305,87,18,1 L,+4.266
6729.733,87,18,1 L,+4.317
6732.983,87,18,1 L,+4.832
6740.476,87,18,1 L,+5.369
6746.575,87,18,1 L,+5.801
6751.894,87,18,1 L,+6.176
6753.812,87,18,1 L,+6.279
6757.372,87,18,1 L,+6.383
6761.325,87,18,1 L,+6.724
6765.764,87,18,1 L,+6.893
6769.623,87,18,1 L,+7.026
6775.16,87,18,1 L,+7.405
6779.828,87,18,1 L,+7.540
6784.059,87,18,1 L,+7.690
6787.199,87,18,1 L,+7.705
6788.839,87,18,1 L,+7.768
6789.594,87,18,1 L,+7.782
6792.302,87,18,1 L,+7.751
6797.939,87,18,1 L,+7.841
6807.099,87,18,1 L,+8.098
6811.199,87,18,1 L,+8.201
6814.151,87,18,1 L,+8.257
6814.95,87,18,1 L,+8.276
6818.341,87,18,1 L,+8.387
6821.146,87,18,1 L,+8.606
6828.352,87,18,1 L,+8.434
6835.589,87,19,1 L,+8.434
6835.807,87,19,1 L,+0.129
6841.093,87,19,1 L,+0.376
6843.06,87,19,1 L,+0.459
6846.623,87,19,1 L,+0.468
6850.634,87,19,1 L,+0.610
6855.177,87,19,1 L,+0.724
6859.073,87,19,1 L,+0.744
6864.67,87,19,1 L,+0.959
6869.293,87,19,1 L,+1.008
6873.592,87,19,1 L,+1.153
6876.686,87,19,1 L,+1.193
6878.31,87,19,1 L,+1.174
6879.046,87,19,1 L,+1.171
6881.714,87,19,1 L,+1.144
6887.518,87,19,1 L,+1.291
6896.728,87,19,1 L,+1.503
6900.894,87,19,1 L,+1.581
6903.824,87,19,1 L,+1.721
6904.593,87,19,1 L,+1.741
6908.061,87,19,1 L,+1.759
6910.83,87,19,1 L,+1.712
6917.908,87,19,1 L,+1.813
6923.986,87,19,1 L,+1.809
6929.028,87,19,1 L,+1.831
6930.91,87,19,1 L,+1.867
6934.514,87,19,1 L,+1.885
6938.344,87,19,1 L,+1.999
6942.76,87,19,1 L,+1.986
6946.675,87,19,1 L,+2.040
6952.14,87,19,1 L,+2.088
6956.729,87,19,1 L,+2.083
6961.003,87,19,1 L,+2.198
6964.136,87,19,1 L,+2.145
6965.763,87,19,1 L,+2.120
6966.501,87,19,1 L,+2.139
6969.216,87,19,1 L,+2.165
6974.916,87,19,1 L,+2.237
6984.057,87,19,1 L,+2.453
6993.557,87,20,1 L,+2.453
7019.115,87,20,1 L,+19.296
7026.792,87,20,1 L,+19.722
7032.805,87,20,1 L,+19.788
7037.899,87,20,1 L,+19.715
7039.835,87,20,1 L,+19.735
7043.389,87,20,1 L,+19.716
7047.232,87,20,1 L,+19.717
7051.597,87,20,1 L,+19.631
7055.457,87,20,1 L,+19.585
7060.865,87,20,1 L,+19.565
7065.476,87,20,1 L,+19.506
7069.608,87,20,1 L,+19.343
7072.68,87,20,1 L,+19.212
7074.284,87,20,1 L,+19.130
7075.042,87,20,1 L,+19.094
7077.699,87,20,1 L,+18.912
7083.254,87,20,1 L,+18.815
7092.276,87,20,1 L,+29.424
7099.928,87,20,1 L,+18.648
7106.099,87,20,1 L,+1.796
7112.958,87,20,1 L,+0.984
7118.96,87,20,1 L,+0.703
7124.01,87,20,1 L,+0.638
7125.885,87,20,1 L,+0.548
7129.448,87,20,1 L,+0.489
7133.228,87,20,1 L,+0.403
7137.628,87,20,1 L,+0.381
7141.49,87,20,1 L,+0.463
7146.885,87,20,1 L,+0.605
7151.446,87,20,1 L,+0.621
7155.663,87,20,1 L,+0.613
7158.772,87,20,1 L,+0.542
7160.379,87,20,1 L,+0.455
7161.093,87,20,1 L,+0.422
7163.773,87,20,1 L,+0.349
7169.34,87,20,1 L,+0.469
7178.372,87,20,1 L,+0.697
7182.42,87,20,1 L,+0.793
7185.328,87,20,1 L,+0.789
7186.078,87,20,1 L,+0.795
7189.476,87,20,1 L,+0.784
7192.133,87,20,1 L,+0.730
7199.151,87,20,1 L,+0.714
7205.293,87,20,1 L,+0.697
7210.215,87,20,1 L,+0.702
7212.093,87,20,1 L,+0.694
7215.653,87,20,1 L,+0.670
7219.53,87,20,1 L,+0.656
7223.927,87,20,1 L,+0.660
7227.727,87,20,1 L,+0.707
7233.076,87,20,1 L,+0.727
7237.653,87,20,1 L,+0.695
7241.861,87,20,1 L,+0.610
7244.929,87,20,1 L,+0.501
7246.529,87,20,1 L,+0.439
7247.285,87,20,1 L,+0.423
7249.94,87,20,1 L,+0.373
7255.528,87,20,1 L,+0.489
7264.613,87,20,1 L,+0.675
7268.66,87,20,1 L,+0.767
7271.543,87,20,1 L,+0.654
7272.319,87,20,1 L,+0.645
7275.668,87,20,1 L,+0.609
7278.342,87,20,1 L,+0.571
7285.49,87,20,1 L,+0.622
7291.499,87,20,1 L,+0.628
7296.518,87,20,1 L,+0.688
7298.387,87,20,1 L,+0.681
7301.929,87,20,1 L,+0.657
7305.783,87,20,1 L,+0.707
7310.147,87,20,1 L,+0.718
7313.972,87,20,1 L,+0.740
7319.357,87,20,1 L,+0.891
7323.93,87,20,1 L,+0.868
7328.13,87,20,1 L,+0.837
7331.261,87,20,1 L,+0.795
7332.852,87,20,1 L,+0.737
7333.58,87,20,1 L,+0.725
7336.274,87,20,1 L,+0.705
7341.857,87,20,1 L,+0.828
7350.941,87,20,1 L,+1.033
7355.027,87,20,1 L,+1.008
7357.873,87,20,1 L,+1.027
7362.027,87,20,1 L,+1.034
7364.804,87,20,1 L,+1.106
7371.811,87,20,1 L,+1.060
7377.872,87,20,1 L,+1.046
7382.881,87,20,1 L,+1.020
7384.805,87,20,1 L,+1.014
7388.372,87,20,1 L,+1.026
7392.172,87,20,1 L,+1.070
7396.619,87,20,1 L,+1.102
7400.45,87,20,1 L,+1.159
7405.928,87,20,1 L,+1.431
7410.429,87,20,1 L,+1.392
7414.621,87,20,1 L,+1.342
7417.698,87,20,1 L,+1.217
7419.338,87,20,1 L,+1.122
7419.995,87,20,1 L,+1.090
7422.651,87,20,1 L,+1.019
7428.233,87,20,1 L,+1.084
7437.344,87,20,1 L,+1.250
7441.401,87,20,1 L,+1.299
7444.316,87,20,1 L,+1.216
7445.072,87,20,1 L,+1.209
7448.541,87,20,1 L,+1.194
7451.315,87,20,1 L,+1.222
7458.421,87,20,1 L,+1.228
7464.417,87,20,1 L,+1.196
7469.37,87,20,1 L,+1.166
7471.213,87,20,1 L,+1.139
7474.785,87,20,1 L,+1.119
7478.542,87,20,1 L,+1.140
7482.901,87,20,1 L,+1.207
7486.729,87,20,1 L,+1.156
7492.151,87,20,1 L,+1.356
7496.649,87,20,1 L,+1.363
7500.8,87,20,1 L,+1.250
7503.904,87,20,1 L,+1.159
7505.579,87,20,1 L,+1.116
7506.241,87,20,1 L,+1.097
7508.885,87,20,1 L,+1.026
7514.481,87,20,1 L,+1.016
7523.501,87,20,1 L,+1.040
7527.549,87,20,1 L,+0.988
7530.487,87,20,1 L,+1.056
7531.253,87,20,1 L,+1.061
7534.651,87,20,1 L,+1.047
7537.421,87,20,1 L,+1.042
7544.427,87,20,1 L,+1.057
7550.401,87,20,1 L,+1.015
7555.404,87,20,1 L,+1.024
7557.206,87,20,1 L,+0.974
7560.759,87,20,1 L,+0.945
7564.478,87,20,1 L,+0.897
7568.827,87,20,1 L,+0.906
7572.685,87,20,1 L,+0.958
7578.073,87,20,1 L,+1.123
7582.573,87,20,1 L,+1.087
7586.776,87,20,1 L,+1.029
7589.854,87,20,1 L,+0.915
7591.432,87,20,1 L,+0.867
7592.167,87,20,1 L,+0.848
7594.839,87,20,1 L,+0.791
7600.526,87,20,1 L,+0.856
7609.621,87,20,1 L,+0.930
7613.771,87,20,1 L,+0.958
7616.672,87,20,1 L,+0.962
7617.437,87,20,1 L,+0.960
7620.828,87,20,1 L,+0.921
7623.517,87,20,1 L,+0.877
7630.633,87,20,1 L,+0.994
7636.604,87,20,1 L,+1.003
7641.899,87,20,1 L,+1.248
7643.792,87,20,1 L,+1.253
7648.135,87,20,1 L,+2.053
7652.583,87,20,1 L,+2.721
7657.161,87,20,1 L,+2.963
7661.06,87,20,1 L,+3.039
7666.502,87,20,1 L,+3.305
7671.031,87,20,1 L,+3.300
7675.244,87,20,1 L,+3.261
7678.338,87,20,1 L,+3.127
7679.916,87,20,1 L,+3.054
7680.651,87,20,1 L,+3.028
7683.31,87,20,1 L,+2.941
7688.904,87,20,1 L,+2.949
7697.954,87,20,1 L,+3.000
7702.038,87,20,1 L,+3.019
7705.007,87,20,1 L,+3.052
7705.804,87,20,1 L,+3.055
7709.147,87,20,1 L,+3.042
7711.897,87,20,1 L,+3.064
7718.944,87,20,1 L,+3.067
7724.991,87,20,1 L,+3.071
7729.983,87,20,1 L,+3.100
7731.811,87,20,1 L,+3.095
7735.427,87,20,1 L,+3.137
7739.175,87,20,1 L,+3.171
7743.56,87,20,1 L,+3.154
7747.356,87,20,1 L,+3.156
7752.821,87,20,1 L,+3.361
7757.337,87,20,1 L,+3.349
7761.579,87,20,1 L,+3.345
7764.738,87,20,1 L,+3.256
7766.293,87,20,1 L,+3.211
7767.028,87,20,1 L,+3.189
7769.679,87,20,1 L,+3.115
7775.273,87,20,1 L,+3.132
7784.466,87,20,1 L,+3.217
7788.404,87,20,1 L,+3.120
7791.357,87,20,1 L,+3.217
7792.138,87,20,1 L,+3.226
7795.559,87,20,1 L,+3.222
7798.316,87,20,1 L,+3.257
7805.372,87,20,1 L,+3.234
7812.176,87,20,2 L,+4.096
7817.314,87,20,2 L,+4.210
7819.185,87,20,2 L,+4.216
7822.742,87,20,2 L,+4.182
7826.625,87,20,2 L,+4.306
7831.034,87,20,2 L,+4.304
7834.892,87,20,2 L,+4.377
7840.2,87,20,2 L,+4.487
7844.729,87,20,2 L,+4.476
7848.963,87,20,2 L,+4.469
7852.041,87,20,2 L,+4.331
7853.588,87,20,2 L,+4.271
7854.354,87,20,2 L,+4.264
7856.994,87,20,2 L,+4.199
7862.557,87,20,2 L,+4.137
7871.619,87,20,2 L,+4.242
7875.65,87,20,2 L,+4.188
7878.682,87,20,2 L,+4.249
7879.416,87,20,2 L,+4.253
7882.854,87,20,2 L,+4.251
7885.619,87,20,2 L,+4.283
7892.667,87,20,2 L,+4.305
7898.622,87,20,2 L,+4.330
7903.607,87,20,2 L,+4.311
7905.529,87,20,2 L,+4.328
7909.169,87,20,2 L,+4.406
7912.951,87,20,2 L,+4.497
7917.31,87,20,2 L,+4.455
7921.169,87,20,2 L,+4.545
7926.607,87,20,2 L,+4.719
7931.122,87,20,2 L,+4.667
7935.404,87,20,2 L,+4.648
7938.451,87,20,2 L,+4.523
7940.029,87,20,2 L,+4.452
7940.763,87,20,2 L,+4.439
7943.437,87,20,2 L,+4.391
7949.071,87,20,2 L,+4.449
7958.165,87,20,2 L,+3.357
7962.259,87,20,2 L,+3.442
7965.271,87,20,2 L,+3.446
7965.998,87,20,2 L,+3.456
7969.384,87,20,2 L,+3.494
7972.124,87,20,2 L,+3.552
7979.204,87,20,2 L,+3.488
7985.231,87,20,2 L,+3.545
7990.2,87,20,2 L,+3.472
7992.114,87,20,2 L,+3.450
7995.673,87,20,2 L,+3.462
7999.462,87,20,2 L,+3.479
8003.859,87,20,2 L,+3.452
8007.685,87,20,2 L,+3.473
8013.198,87,20,2 L,+3.645
8017.713,87,20,2 L,+3.689
8021.959,87,20,2 L,+3.623
8025.117,87,20,2 L,+3.501
8026.638,87,20,2 L,+3.442
8027.548,87,20,2 L,+3.624
8033.63,87,20,2 L,+6.913
8040.06,87,20,2 L,+4.907
8052.157,87,20,2 L,+5.776
8056.36,87,20,1 L,+5.776
8060.603,87,20,2 L,+3.963
8065.565,87,18,2 L,+3.963
8065.639,87,18,1 L,+31.547
8069.716,87,18,1 L,+30.051
8078.613,87,18,1 L,+30.029
8086.551,87,18,1 L,+30.356
8092.517,87,18,1 L,+29.254
8095.841,87,18,1 L,+28.772
8100.728,87,18,1 L,+28.248
8105.26,87,18,1 L,+28.595
8110.322,87,18,1 L,+29.025
8115.197,87,18,1 L,+29.819
8120.714,87,18,1 L,+29.578
8125.31,87,18,1 L,+29.203
8129.42,87,18,1 L,+28.918
8132.513,87,18,1 L,+28.041
8134.123,87,18,1 L,+27.731
8134.873,87,18,1 L,+27.622
8137.529,87,18,1 L,+26.916
8143.092,87,18,1 L,+26.336
8152.729,87,18,1 L,+26.971
8156.963,87,18,+198.899,+27.123
8159.963,87,18,+199.154,+27.215
8160.775,87,18,1 L,+27.220
8164.137,87,18,+199.212,+186.361
8167.165,87,18,1 L,+186.656
8174.464,87,18,1 L,+186.465
8180.635,87,18,1 L,+186.393
8185.791,87,18,1 L,+184.143
8187.606,87,18,1 L,+181.436
8191.06,87,17,1 L,+181.436
8191.154,87,17,1 L,+27.045
8194.982,87,17,1 L,+26.705
8199.389,87,17,1 L,+26.623
8203.184,87,17,1 L,+26.510
8208.58,87,17,1 L,+26.462
8213.166,87,17,1 L,+26.503
8217.437,87,17,1 L,+26.514
8220.493,87,17,1 L,+26.463
8222.027,87,17,1 L,+26.385
8222.777,87,17,1 L,+26.383
8225.442,87,17,1 L,+26.346
8230.916,87,17,1 L,+26.197
8240.011,87,17,1 L,+26.223
8244.016,87,17,1 L,+26.214
8247.0,87,17,1 L,+26.344
8247.857,87,17,1 L,+26.356
8251.213,87,17,1 L,+26.349
8254.028,87,17,1 L,+26.374
8261.236,87,17,2 L,+26.663
8267.303,87,17,2 L,+26.796
8272.372,87,17,2 L,+26.835
8274.216,87,17,2 L,+26.860
8277.747,87,17,2 L,+26.824
8281.513,87,17,2 L,+26.886
8285.859,87,17,2 L,+26.854
8289.685,87,17,2 L,+26.760
8295.075,87,17,2 L,+26.768
8299.64,87,17,2 L,+26.780
8303.855,87,17,2 L,+26.802
8306.884,87,17,2 L,+26.698
8308.459,87,17,2 L,+26.663
8309.199,87,17,2 L,+26.651
8311.892,87,17,2 L,+26.605
8317.45,87,17,2 L,+26.646
8326.378,87,17,2 L,+26.630
8330.471,87,17,2 L,+26.610
8333.428,87,17,2 L,+26.750
8334.198,87,17,2 L,+26.760
8337.634,87,17,2 L,+26.756
8340.374,87,17,2 L,+26.737
8347.463,87,17,2 L,+26.885
8353.338,87,17,2 L,+26.868
8358.494,87,17,2 L,+26.999
8360.322,87,17,2 L,+27.030
8363.9,87,17,2 L,+27.038
8367.635,87,17,2 L,+27.117
8371.963,87,17,2 L,+27.089
8375.822,87,17,2 L,+27.096
8381.244,87,17,2 L,+27.140
8385.822,87,17,2 L,+27.127
8390.088,87,17,2 L,+27.176
8393.182,87,17,2 L,+27.109
8394.735,87,17,2 L,+27.025
8395.48,87,17,2 L,+27.001
8398.113,87,17,2 L,+26.935
8403.71,87,17,2 L,+26.954
8412.772,87,17,2 L,+27.001
8416.909,87,17,2 L,+27.013
8419.814,87,17,2 L,+27.040
8420.626,87,17,2 L,+27.041
8423.959,87,17,2 L,+27.005
8426.7,87,17,2 L,+26.954
8433.744,87,17,2 L,+27.059
8439.76,87,17,2 L,+27.043
8444.784,87,17,2 L,+27.027
8446.627,87,17,2 L,+27.015
8450.729,87,17,2 L,+27.565
8454.908,87,17,2 L,+28.013
8459.39,87,17,2 L,+28.034
8463.227,87,17,2 L,+28.002
8468.607,87,17,2 L,+28.003
8473.113,87,17,2 L,+27.926
8477.336,87,17,2 L,+27.963
8480.413,87,17,2 L,+27.885
8482.018,87,17,2 L,+27.852
8482.747,87,17,2 L,+27.844
8485.421,87,17,2 L,+27.782
8490.947,87,17,2 L,+27.746
8499.959,87,17,2 L,+27.825
8504.032,87,17,2 L,+27.851
8506.913,87,17,2 L,+27.860
8507.839,87,17,2 L,+27.858
8511.071,87,17,2 L,+27.776
8513.701,87,17,2 L,+27.611
8520.79,87,17,2 L,+27.743
8526.822,87,17,2 L,+27.776
8531.963,87,17,2 L,+27.856
8533.822,87,17,2 L,+27.884
8537.358,87,17,2 L,+27.850
8541.214,87,17,2 L,+28.010
8545.627,87,17,2 L,+28.117
8549.427,87,17,2 L,+28.074
8554.916,87,17,2 L,+28.159
8559.525,87,17,2 L,+28.190
8563.76,87,17,2 L,+28.192
8566.885,87,17,2 L,+28.130
8568.478,87,17,2 L,+28.108
8569.229,87,17,2 L,+28.097
8571.859,87,17,2 L,+28.031
8577.634,87,17,2 L,+28.188
8586.785,87,17,2 L,+28.328
8590.971,87,17,2 L,+28.388
8593.857,87,17,2 L,+28.384
8594.599,87,17,2 L,+28.377
8597.937,87,17,2 L,+28.293
8600.626,87,17,2 L,+28.155
8607.736,87,17,2 L,+28.293
8613.659,87,17,2 L,+28.260
8620.001,87,17,2 L,+29.540
8622.176,87,17,2 L,+29.828
8625.846,87,17,2 L,+29.900
8629.733,87,17,2 L,+30.180
8634.166,87,17,2 L,+30.311
8638.056,87,17,2 L,+30.358
8643.556,87,17,2 L,+30.384
8648.103,87,17,2 L,+30.428
8652.347,87,17,2 L,+30.465
8655.45,87,17,2 L,+30.435
8657.026,87,17,2 L,+30.398
8657.8,87,17,2 L,+30.389
8660.463,87,17,2 L,+30.362
8666.276,87,17,2 L,+30.507
8675.48,87,17,2 L,+30.724
8679.688,87,17,2 L,+30.803
8682.547,87,17,2 L,+30.815
8683.282,87,17,2 L,+30.808
8686.677,87,17,2 L,+30.751
8689.399,87,17,2 L,+30.678
8696.573,87,17,2 L,+30.864
8702.487,87,17,2 L,+30.873
8707.699,87,17,2 L,+31.087
8709.538,87,17,2 L,+31.125
8713.084,87,17,2 L,+31.074
8716.881,87,17,2 L,+31.216
8721.303,87,17,2 L,+31.241
8725.131,87,17,2 L,+31.215
8730.506,87,17,2 L,+31.248
8735.053,87,17,2 L,+31.201
8739.256,87,17,2 L,+31.254
8742.34,87,17,2 L,+31.225
8743.944,87,17,2 L,+31.175
8744.684,87,17,2 L,+31.160
8747.327,87,17,2 L,+31.097
8752.934,87,17,2 L,+31.093
8762.403,87,17,2 L,+31.714
8766.608,87,17,2 L,+31.879
8769.636,87,17,2 L,+32.011
8770.39,87,17,2 L,+32.022
8773.765,87,17,2 L,+31.954
8776.437,87,17,2 L,+31.825
8783.593,87,17,2 L,+32.025
8789.633,87,17,2 L,+32.165
8794.747,87,17,2 L,+32.039
8796.58,87,17,2 L,+32.066
8800.114,87,17,2 L,+31.979
8803.975,87,17,2 L,+32.173
8808.384,87,17,2 L,+32.272
8812.24,87,17,2 L,+32.238
8817.729,87,17,2 L,+32.310
8822.307,87,17,2 L,+32.383
8826.63,87,17,2 L,+32.545
8829.739,87,17,2 L,+32.534
8831.349,87,17,2 L,+32.547
8832.114,87,17,2 L,+32.573
8834.864,87,17,2 L,+32.598
8840.763,87,17,2 L,+32.903
8849.95,87,17,2 L,+33.221
8854.153,87,17,2 L,+33.309
8857.016,87,17,2 L,+33.277
8857.792,87,17,2 L,+33.266
8861.117,87,17,2 L,+33.163
8863.758,87,17,2 L,+33.007
8870.832,87,17,2 L,+33.166
8876.841,87,17,2 L,+33.212
8881.919,87,17,2 L,+33.233
8883.794,87,17,2 L,+33.246
8887.325,87,17,2 L,+33.179
8891.138,87,17,2 L,+33.247
8895.638,87,17,2 L,+33.369
8899.513,87,17,2 L,+33.407
8905.059,87,17,2 L,+33.611
8909.7,87,17,2 L,+33.697
8913.95,87,17,2 L,+33.776
8917.059,87,17,2 L,+33.794
8918.638,87,17,2 L,+33.784
8919.388,87,17,2 L,+33.791
8922.059,87,17,2 L,+33.770
8927.814,87,17,2 L,+33.906
8937.009,87,17,2 L,+34.145
8941.193,87,17,2 L,+34.274
8944.073,87,17,2 L,+34.242
8944.813,87,17,2 L,+34.236
8948.25,87,17,2 L,+33.962
8950.818,87,17,2 L,+32.778
8957.904,87,17,2 L,+32.626
8963.898,87,17,2 L,+32.489
8968.984,87,17,2 L,+32.481
8970.916,87,17,2 L,+32.464
8974.393,87,17,2 L,+32.432
8978.252,87,17,2 L,+32.604
8982.721,87,17,2 L,+32.699
8986.661,87,17,2 L,+32.725
8992.24,87,17,2 L,+32.885
8996.832,87,17,2 L,+32.940
9001.119,87,17,2 L,+33.055
9004.247,87,17,2 L,+33.113
9005.888,87,17,2 L,+33.103
9006.626,87,17,2 L,+33.088
9009.263,87,17,2 L,+33.070
9015.044,87,17,2 L,+33.267
9024.3,87,17,2 L,+33.562
9028.5,87,17,2 L,+33.651
9031.327,87,17,2 L,+33.623
9032.114,87,17,2 L,+33.608
9035.427,87,17,2 L,+33.514
9038.098,87,17,2 L,+33.365
9045.292,87,17,2 L,+33.518
9051.247,87,17,2 L,+33.529
9056.359,87,17,2 L,+33.534
9058.202,87,17,2 L,+33.560
9061.776,87,17,2 L,+33.551
9065.684,87,17,2 L,+33.772
9070.184,87,17,2 L,+33.905
9074.059,87,17,2 L,+33.932
9079.668,87,17,2 L,+34.144
9084.403,87,17,2 L,+34.310
9088.697,87,17,2 L,+34.395
9091.853,87,17,2 L,+34.451
9093.481,87,17,2 L,+34.440
9096.9,87,17,2 L,+34.438
9102.791,87,17,2 L,+34.726
9111.959,87,17,2 L,+34.959
9116.088,87,17,2 L,+35.045
9118.978,87,17,2 L,+35.086
9119.744,87,17,2 L,+35.080
9123.072,87,17,2 L,+34.989
9125.775,87,17,2 L,+34.868
9132.886,87,17,2 L,+35.064
9138.942,87,17,2 L,+35.202
9144.156,87,17,2 L,+35.299
9146.063,87,17,2 L,+35.310
9149.625,87,17,2 L,+35.268
9153.531,87,17,2 L,+35.512
9158.091,87,17,2 L,+35.710
9161.946,87,17,2 L,+35.692
9167.594,87,17,2 L,+35.961
9172.238,87,17,2 L,+36.095
9176.54,87,17,2 L,+36.235
9179.684,87,17,2 L,+36.248
9181.313,87,17,2 L,+36.257
9182.098,87,17,2 L,+36.271
9184.783,87,17,2 L,+36.260
9190.54,87,17,2 L,+36.394
9199.829,87,17,2 L,+36.688
9204.033,87,17,2 L,+36.825
9207.126,87,17,2 L,+36.797
9207.658,87,17,2 L,+36.786
9210.97,87,17,2 L,+36.680
9213.65,87,17,2 L,+36.596
9220.9,87,17,2 L,+36.869
9227.056,87,17,2 L,+37.037
9232.205,87,17,2 L,+37.077
9234.098,87,17,2 L,+37.099
9237.685,87,17,2 L,+37.152
9241.595,87,17,2 L,+37.335
9246.053,87,17,2 L,+37.462
9249.949,87,17,2 L,+37.521
9255.859,87,17,2 L,+38.033
9260.604,87,17,2 L,+38.268
9264.994,87,17,2 L,+38.496
9268.259,87,17,2 L,+38.617
9269.916,87,17,2 L,+38.678
9270.697,87,17,2 L,+38.687
9273.392,87,17,2 L,+38.703
9279.263,87,17,2 L,+39.000
9288.606,87,17,2 L,+39.429
9292.887,87,17,2 L,+39.512
9295.841,87,17,2 L,+39.357
9296.794,87,17,2 L,+44.339
9297.122,87,17,2 L,+39.339
9310.481,87,19,2 L,+4.225
9426.806,87,19,2L,+4.225
8.61,55,18,,
3251.474,55,18,,+0.283
3257.136,55,18,+1.810,+0.091
3260.761,55,19,+1.810,+0.091
3260.93,55,18,+1.810,+0.091
3261.014,55,18,+2.051,+0.155
3268.395,55,17,+2.051,+0.155
3268.474,55,17,+2.665,+0.224
3275.455,55,17,+3.324,+0.332
3280.886,55,17,+3.663,+0.536
3283.098,55,17,+4.020,+0.688
3286.582,55,17,+4.191,+0.239
3291.073,55,17,+4.909,+0.360
3295.845,55,17,+5.390,+0.230
3300.094,55,17,+5.860,+0.441
3306.324,55,17,+6.574,+0.425
3311.202,55,17,+7.022,+0.358
3315.711,55,17,+7.406,+0.522
3319.133,55,17,+7.659,+0.544
3320.93,55,17,+7.816,+0.584
3321.696,55,17,+7.856,+0.603
3324.555,55,17,+7.896,+0.626
3330.352,55,17,+8.213,+0.575
3339.68,55,17,+8.582,+0.473
3343.711,55,17,+8.776,+0.480
3346.696,55,17,+8.967,+0.493
3347.508,55,17,+8.985,+0.494
3351.008,55,17,+9.031,+0.580
3353.864,55,17,+9.115,+0.649
3360.994,55,17,+9.138,+0.630
3367.077,55,17,+9.309,+0.596
3372.273,55,17,+9.475,+0.679
3374.243,55,17,+9.562,+0.739
3377.849,55,17,+9.589,+0.774
3381.899,55,17,+9.855,+0.690
3386.414,55,17,+10.065,+0.728
3390.309,55,17,+10.093,+0.701
3395.809,55,17,+10.137,+0.574
3400.517,55,17,+10.345,+0.562
3404.82,55,17,+10.484,+0.603
3408.183,55,17,+10.682,+0.544
3409.886,55,17,+10.807,+0.595
3410.668,55,17,+10.824,+0.608
3413.449,55,17,+10.792,+0.631
3419.136,55,17,+10.989,+0.490
3428.53,55,17,+11.416,+0.397
3432.78,55,17,+11.777,+0.613
3435.717,55,17,+11.924,+0.595
3436.514,55,17,+11.942,+0.592
3439.999,55,17,+11.917,+0.598
3442.685,55,17,+11.811,+0.525
3449.86,55,17,+12.077,+0.653
3455.996,55,18,+12.077,+0.653
3456.261,55,18,+12.595,+0.187
3461.48,55,18,+12.895,+0.371
3463.546,55,18,+13.098,+0.486
3467.171,55,18,+13.196,+0.540
3471.239,55,18,+13.507,+0.669
3475.774,55,18,+13.829,+0.880
3479.702,55,18,+13.932,+0.823
3485.336,55,18,+14.104,+0.937
3489.93,55,18,+14.370,+1.084
3494.228,55,18,+14.526,+1.167
3497.556,55,18,+14.705,+1.283
3499.228,55,18,+14.815,+1.336
3500.025,55,18,+14.852,+1.356
3502.821,55,18,+14.882,+1.378
3508.572,55,18,+15.124,+1.363
3517.794,55,18,+15.353,+1.302
3521.973,55,18,+15.695,+1.412
3524.886,55,18,+15.796,+1.405
3525.692,55,18,+15.808,+1.415
3529.097,55,18,+15.755,+1.498
3531.843,55,18,+15.627,+1.614
3538.987,55,18,+15.848,+1.337
3545.264,55,18,+16.121,+1.143
3550.389,55,18,+16.348,+1.219
3552.374,55,18,+16.493,+1.306
3556.03,55,18,+16.598,+1.377
3559.905,55,18,+16.769,+1.210
3564.372,55,18,+16.969,+1.190
3568.23,55,18,+16.992,+1.137
3573.629,55,18,+17.159,+0.996
3578.317,55,18,+17.469,+1.096
3582.622,55,18,+17.691,+1.135
3585.963,55,18,+17.886,+1.209
3587.637,55,18,+18.017,+1.231
3588.424,55,18,+18.053,+1.244
3591.205,55,18,+18.090,+1.303
3596.899,55,18,+18.331,+1.296
3606.115,55,18,+18.631,+1.298
3610.261,55,18,+18.880,+1.378
3613.214,55,18,+18.983,+1.345
3613.995,55,18,+18.997,+1.342
3617.428,55,18,+18.976,+1.352
3620.243,55,18,+18.896,+1.371
3627.327,55,18,+19.087,+1.346
3633.514,55,18,+19.322,+1.372
3638.733,55,18,+19.480,+1.433
3640.639,55,18,+19.578,+1.455
3644.248,55,18,+19.646,+1.486
3648.131,55,18,+19.849,+1.347
3652.615,55,18,+20.128,+1.316
3656.485,55,18,+20.148,+1.279
3661.905,55,18,+20.390,+1.049
3666.602,55,18,+20.733,+1.112
3670.924,55,18,+20.916,+1.174
3674.173,55,18,+21.079,+1.253
3675.893,55,18,+21.250,+1.327
3676.701,55,18,+21.316,+1.371
3679.562,55,18,+21.440,+1.532
3685.435,55,18,+21.714,+1.599
3694.589,55,18,+21.991,+1.498
3698.792,55,18,+22.277,+1.477
3701.698,55,18,+22.377,+1.377
3702.495,55,18,+22.390,+1.368
3705.985,55,18,+22.379,+1.379
3708.7,55,18,+22.326,+1.425
3715.92,55,18,+22.635,+1.220
3722.16,55,18,+22.920,+1.328
3727.314,55,18,+23.051,+1.335
3729.306,55,18,+23.156,+1.394
3732.897,55,18,+23.234,+1.427
3736.829,55,18,+23.470,+1.341
3741.373,55,18,+23.804,+1.458
3745.408,55,18,+23.783,+1.429
3750.683,55,18,+24.029,+1.354
3755.336,55,18,+24.342,+1.415
3759.7,55,18,+24.531,+1.485
3763.0,55,18,+24.765,+1.625
3764.694,55,18,+24.905,+1.692
3765.517,55,18,+24.938,+1.711
3768.364,55,18,+24.996,+1.795
3774.03,55,18,+25.255,+1.884
3783.101,55,18,+25.440,+1.767
3787.316,55,18,+25.762,+1.869
3790.201,55,18,+25.824,+1.738
3790.967,55,18,+25.832,+1.728
3794.389,55,18,+25.822,+1.716
3797.199,55,18,+25.798,+1.687
3804.394,55,18,+26.164,+1.695
3810.651,55,18,+26.492,+1.770
3815.818,55,18,+26.656,+1.722
3817.792,55,18,+26.826,+1.790
3821.48,55,18,+26.946,+1.805
3825.433,55,18,+27.226,+1.856
3829.886,55,18,+27.497,+1.956
3833.777,55,18,+27.519,+1.907
3839.089,55,18,+27.681,+1.747
3843.747,55,18,+27.948,+1.851
3848.072,55,18,+28.171,+1.895
3851.446,55,18,+28.390,+2.040
3853.105,55,18,+28.522,+2.101
3853.886,55,18,+28.568,+2.123
3856.699,55,18,+28.687,+2.214
3862.342,55,18,+28.860,+2.213
3871.464,55,18,+29.032,+1.987
3875.605,55,18,+29.265,+2.020
3878.519,55,18,+29.312,+1.888
3879.308,55,18,+29.320,+1.874
3882.731,55,18,+29.290,+1.843
3885.542,55,18,+29.206,+1.801
3892.667,55,18,+29.469,+1.797
3898.855,55,18,+29.712,+1.790
3903.98,55,18,+29.885,+1.877
3905.995,55,18,+29.997,+1.922
3909.636,55,18,+30.094,+1.959
3913.573,55,18,+30.372,+2.028
3918.04,55,18,+30.620,+2.079
3921.948,55,18,+30.665,+2.105
3927.355,55,18,+30.766,+1.996
3932.011,55,18,+30.963,+2.005
3936.308,55,18,+31.095,+2.101
3939.62,55,18,+31.283,+2.207
3941.308,55,18,+31.393,+2.262
3942.105,55,18,+31.428,+2.283
3944.919,55,18,+31.474,+2.333
3950.649,55,18,+31.694,+2.387
3959.808,55,18,+31.934,+2.312
3963.901,55,18,+32.168,+2.288
3966.863,55,18,+32.318,+2.200
3967.658,55,18,+32.335,+2.195
3971.085,55,18,+32.340,+2.186
3973.873,55,18,+32.303,+2.151
3981.048,55,18,+32.507,+2.106
3987.361,55,18,+32.666,+2.128
3992.319,55,18,+32.808,+2.240
3994.273,55,18,+32.898,+2.265
3997.925,55,18,+32.965,+2.266
4001.901,55,18,+33.282,+2.326
4006.3,55,18,+33.449,+2.346
4010.239,55,18,+33.479,+2.397
4015.597,55,18,+33.592,+2.230
4020.276,55,18,+33.809,+2.252
4024.589,55,18,+33.989,+2.291
4027.917,55,18,+34.207,+2.429
4029.605,55,18,+34.335,+2.492
4030.386,55,18,+34.380,+2.515
4033.216,55,18,+34.449,+2.586
4038.916,55,18,+34.651,+2.589
4048.042,55,18,+34.831,+2.376
4052.165,55,18,+35.069,+2.411
4055.065,55,18,+35.132,+2.316
4055.86,55,18,+35.139,+2.303
4059.294,55,18,+35.136,+2.279
4062.086,55,18,+35.092,+2.266
4069.244,55,18,+35.300,+2.280
4075.433,55,18,+35.462,+2.237
4080.605,55,18,+35.537,+2.274
4082.511,55,18,+35.631,+2.294
4086.214,55,18,+35.689,+2.314
4090.06,55,18,+35.959,+2.423
4094.479,55,18,+36.133,+2.378
4098.448,55,18,+36.210,+2.387
4103.761,55,18,+36.255,+2.110
4108.464,55,18,+36.426,+2.158
4112.732,55,18,+36.588,+2.223
4116.089,55,18,+36.745,+2.358
4117.761,55,18,+36.868,+2.443
4118.558,55,18,+36.904,+2.452
4121.401,55,18,+36.949,+2.521
4127.058,55,18,+37.073,+2.456
4136.094,55,18,+37.204,+2.285
4140.248,55,18,+37.457,+2.297
4143.173,55,18,+37.576,+2.197
4143.96,55,18,+37.593,+2.191
4147.409,55,18,+37.609,+2.176
4150.199,55,18,+37.578,+2.151
4157.359,55,18,+37.858,+2.085
4163.468,55,18,+37.957,+2.105
4168.531,55,18,+38.069,+2.136
4170.515,55,18,+38.158,+2.153
4174.128,55,18,+38.192,+2.165
4178.038,55,18,+38.388,+2.189
4182.451,55,18,+38.571,+2.201
4186.405,55,18,+38.660,+2.238
4191.764,55,18,+38.692,+2.000
4196.427,55,18,+38.885,+2.074
4200.72,55,18,+39.028,+2.071
4204.064,55,18,+39.213,+2.171
4205.753,55,18,+39.323,+2.219
4206.517,55,18,+39.353,+2.236
4209.326,55,18,+39.384,+2.312
4214.908,55,18,+39.503,+2.218
4224.058,55,18,+39.757,+2.097
4228.174,55,18,+39.961,+2.130
4231.128,55,18,+40.102,+2.022
4231.915,55,18,+40.121,+2.008
4235.374,55,18,+40.133,+1.983
4238.146,55,18,+40.087,+1.940
4245.301,55,18,+40.221,+1.842
4251.451,55,18,+40.380,+1.879
4256.589,55,18,+40.460,+1.927
4258.515,55,18,+40.528,+1.931
4262.099,55,18,+40.556,+1.941
4266.072,55,18,+40.819,+1.966
4270.461,55,18,+40.997,+1.945
4274.417,55,18,+41.004,+1.908
4279.745,55,18,+41.083,+1.705
4284.433,55,18,+41.314,+1.819
4288.776,55,18,+41.412,+1.825
4292.151,55,18,+41.567,+1.957
4293.745,55,18,+41.653,+1.999
4294.558,55,18,+41.674,+2.014
4297.36,55,18,+41.695,+2.094
4302.999,55,18,+41.820,+2.001
4312.123,55,18,+42.094,+1.823
4316.295,55,18,+42.365,+1.882
4319.233,55,18,+42.435,+1.781
4320.076,55,18,+42.444,+1.770
4323.494,55,18,+42.441,+1.749
4326.295,55,18,+42.385,+1.709
4333.404,55,18,+42.540,+1.684
4339.701,55,18,+42.686,+1.623
4344.672,55,18,+42.726,+1.706
4346.649,55,18,+42.798,+1.733
4350.215,55,18,+42.821,+1.748
4354.135,55,18,+43.057,+1.769
4358.616,55,18,+43.235,+1.786
4362.595,55,18,+43.284,+1.819
4368.0,55,18,+43.349,+1.593
4372.614,55,18,+43.503,+1.581
4376.989,55,18,+43.682,+1.615
4380.317,55,18,+43.854,+1.739
4381.99,55,18,+43.970,+1.810
4382.786,55,18,+44.008,+1.828
4385.645,55,18,+44.032,+1.884
4391.327,55,18,+44.212,+1.783
4400.473,55,18,+44.487,+1.552
4404.629,55,18,+44.748,+1.603
4407.605,55,18,+44.877,+1.539
4408.399,55,18,+44.893,+1.532
4411.847,55,18,+44.887,+1.509
4414.618,55,18,+44.815,+1.460
4421.764,55,18,+44.967,+1.444
4427.92,55,18,+45.120,+1.497
4432.998,55,18,+45.205,+1.502
4434.936,55,18,+45.313,+1.504
4438.514,55,18,+45.358,+1.499
4442.53,55,18,+45.649,+1.637
4447.014,55,18,+45.877,+1.677
4451.026,55,18,+45.976,+1.659
4456.401,55,18,+46.115,+1.511
4461.12,55,18,+46.381,+1.602
4465.558,55,18,+46.559,+1.625
4468.808,55,18,+46.738,+1.756
4470.531,55,18,+46.878,+1.835
4471.342,55,18,+46.932,+1.856
4474.154,55,18,+46.984,+1.920
4479.829,55,18,+47.102,+1.835
4488.998,55,18,+47.361,+1.659
4493.17,55,18,+47.599,+1.645
4496.161,55,18,+47.744,+1.574
4496.96,55,18,+47.763,+1.571
4500.399,55,18,+47.770,+1.558
4503.198,55,18,+47.749,+1.528
4510.501,55,18,+48.065,+1.506
4516.625,55,18,+48.222,+1.476
4521.936,55,18,+48.507,+1.713
4523.873,55,18,+48.604,+1.699
4527.483,55,18,+48.620,+1.696
4531.483,55,18,+48.923,+1.806
4535.905,55,18,+49.144,+1.844
4539.858,55,18,+49.224,+1.937
4545.295,55,18,+49.318,+1.701
4549.889,55,18,+49.564,+1.814
4554.282,55,18,+49.727,+1.787
4557.572,55,18,+49.888,+1.862
4559.314,55,18,+50.034,+1.913
4560.093,55,18,+50.079,+1.926
4562.873,55,18,+50.127,+1.994
4568.639,55,18,+50.368,+1.976
4577.773,55,18,+50.622,+1.805
4581.886,55,18,+50.802,+1.827
4584.823,55,18,+50.779,+1.750
4585.636,55,18,+50.778,+1.740
4588.949,55,17,+50.778,+1.740
4589.042,55,17,+50.754,+1.717
4591.824,55,17,+50.704,+1.684
4598.949,55,17,+50.924,+1.657
4605.168,55,17,+51.149,+1.685
4610.261,55,17,+51.175,+1.704
4612.199,55,17,+51.278,+1.723
4615.761,55,17,+51.302,+1.728
4619.699,55,17,+51.550,+1.753
4624.128,55,17,+50.678,+1.756
4628.118,55,17,+50.842,+1.805
4633.46,55,17,+50.919,+1.616
4638.168,55,17,+51.100,+1.666
4642.511,55,17,+51.165,+1.667
4645.808,55,17,+51.339,+1.781
4647.527,55,17,+51.422,+1.830
4648.245,55,17,+51.436,+1.827
4651.039,55,17,+51.457,+1.852
4656.685,55,17,+51.461,+1.791
4665.828,55,17,+51.568,+1.611
4670.003,55,17,+51.935,+1.609
4672.964,55,17,+52.068,+1.522
4673.831,55,17,+52.087,+1.511
4677.116,55,16,+52.087,+1.511
4677.202,55,16,+52.104,+1.480
4679.994,55,16,+52.054,+1.409
4687.129,55,16,+52.153,+1.354
4693.336,55,16,+52.425,+1.398
4698.383,55,16,+52.438,+1.394
4700.289,55,16,+52.547,+1.379
4703.873,55,16,+52.619,+1.383
4707.816,55,16,+52.993,+1.460
4712.294,55,16,+53.193,+1.468
4716.214,55,16,+53.323,+1.405
4721.528,55,16,+45.082,+1.136
4726.261,55,16,+45.313,+1.220
4730.62,55,16,+45.453,+1.269
4733.917,55,16,+45.668,+1.382
4735.574,55,16,+45.765,+1.440
4736.37,55,16,+45.787,+1.444
4739.167,55,16,+45.806,+1.484
4744.855,55,16,+45.873,+1.473
4753.98,55,16,+46.084,+1.327
4758.125,55,16,+46.175,+1.318
4761.074,55,16,+46.213,+1.239
4761.871,55,16,+52.257,+1.230
4765.23,55,15,+52.257,+1.230
4765.292,55,15,+46.217,+1.197
4768.042,55,15,+46.183,+1.159
4775.189,55,15,+46.278,+1.240
4781.285,55,15,+46.556,+1.270
4786.395,55,15,+46.636,+1.337
4788.292,55,15,+46.683,+1.345
4791.902,55,15,+46.731,+1.351
4795.886,55,15,+47.022,+1.432
4800.386,55,15,+47.278,+1.468
4804.329,55,15,+47.366,+1.518
4809.655,55,15,+47.397,+1.291
4814.406,55,15,+47.650,+1.373
4818.717,55,15,+47.810,+1.415
4822.03,55,15,+48.032,+1.578
4823.701,55,15,+48.114,+1.642
4824.493,55,15,+48.133,+1.650
4827.3,55,15,+48.175,+1.717
4832.932,55,15,+48.262,+1.633
4842.074,55,15,+48.558,+1.572
4859.561,55,16,+48.558,+1.572
4859.721,55,17,+48.558,+1.572
4865.793,55,18,+48.558,+1.572
4866.386,55,19,+48.558,+1.572
4868.949,55,20,+48.558,+1.572
4876.371,55,20,+68.935,+4.478
4883.8,55,20,+69.453,+5.078
4889.983,55,20,+69.692,+5.225
4895.092,55,20,+69.795,+5.355
4897.03,55,20,+69.841,+5.386
4900.592,55,20,+69.851,+5.353
4904.467,55,20,+70.033,+5.408
4908.811,55,20,+70.130,+5.352
4912.624,55,20,+70.040,+5.243
4917.795,55,20,+69.993,+4.894
4922.303,55,20,+69.986,+4.729
4926.529,55,20,+70.020,+4.719
4929.717,55,20,+70.128,+4.729
4931.369,55,20,+70.191,+4.736
4932.128,55,20,+70.203,+4.745
4934.943,55,20,+70.236,+4.801
4940.405,55,20,+70.128,+4.631
4949.202,55,20,+70.075,+4.367
4953.17,55,20,+70.051,+4.264
4956.033,55,20,+69.972,+4.215
4956.802,55,20,+69.967,+4.211
4960.215,55,20,+69.961,+4.214
4963.001,55,20,+69.959,+4.205
4970.006,55,20,+70.004,+4.159
4976.029,55,20,+70.239,+4.249
4981.077,55,20,+70.259,+4.216
4982.968,55,20,+70.307,+4.240
4986.572,55,20,+70.359,+4.243
4990.485,55,20,+70.557,+4.337
4994.752,55,20,+70.657,+4.221
4998.618,55,20,+70.624,+4.149
5003.918,55,20,+70.742,+3.984
5008.489,55,20,+70.826,+3.906
5012.844,55,20,+70.885,+3.988
5016.11,55,20,+71.103,+4.130
5017.792,55,20,+71.193,+4.186
5018.606,55,20,+71.219,+4.215
5021.405,55,20,+71.263,+4.311
5026.999,55,20,+71.261,+4.286
5036.031,55,20,+71.397,+4.244
5040.073,55,20,+71.482,+4.200
5042.961,55,20,+71.395,+4.173
5043.774,55,20,+71.387,+4.172
5047.185,55,20,+71.381,+4.184
5049.917,55,20,+71.360,+4.144
5056.932,55,20,+71.336,+4.080
5062.985,55,20,+71.589,+4.086
5068.001,55,20,+71.601,+4.018
5069.925,55,20,+71.654,+4.035
5073.501,55,20,+71.683,+4.008
5077.393,55,20,+71.881,+4.108
5081.714,55,20,+71.956,+4.007
5085.622,55,20,+71.979,+3.978
5090.923,55,20,+72.077,+3.789
5095.478,55,20,+72.191,+3.757
5099.799,55,20,+72.199,+3.778
5103.089,55,20,+72.411,+3.858
5104.772,55,20,+72.487,+3.909
5105.583,55,20,+72.506,+3.926
5108.343,55,20,+72.525,+3.985
5113.924,55,20,+72.574,+3.909
5122.883,55,20,+72.573,+3.766
5126.972,55,20,+72.662,+3.736
5129.864,55,20,+72.631,+3.715
5130.721,55,20,+72.633,+3.715
5134.091,55,20,+72.639,+3.725
5136.873,55,20,+72.658,+3.703
5144.015,55,20,+72.749,+3.759
5150.06,55,20,+73.033,+3.813
5155.152,55,20,+72.903,+3.809
5157.105,55,20,+63.025,+3.867
5160.699,55,20,+63.078,+3.891
5164.53,55,20,+63.292,+3.960
5168.86,55,20,+63.442,+3.887
5172.728,55,20,+63.479,+3.820
5177.967,55,20,+63.504,+3.567
5182.561,55,20,+63.721,+3.555
5187.045,55,20,+63.878,+3.616
5190.092,55,20,+64.080,+3.731
5191.779,55,20,+64.224,+3.787
5192.592,55,20,+64.274,+3.818
5195.436,55,20,+64.389,+3.901
5201.108,55,20,+64.655,+3.900
5210.086,55,20,+64.850,+3.822
5214.206,55,20,+65.170,+3.870
5217.128,55,20,+65.264,+3.879
5217.902,55,20,+71.371,+3.882
5221.258,55,19,+71.371,+3.882
5221.352,55,19,+65.288,+3.894
5224.1,55,19,+65.259,+3.856
5231.134,55,19,+65.435,+3.855
5237.244,55,19,+65.627,+3.946
5242.338,55,19,+65.711,+3.925
5244.322,55,19,+65.812,+3.992
5247.875,55,19,+65.843,+4.030
5251.735,55,19,+66.053,+4.060
5256.141,55,19,+66.264,+4.009
5260.079,55,19,+66.358,+3.984
5265.438,55,19,+66.504,+3.862
5270.063,55,19,+66.748,+3.798
5274.308,55,19,+66.960,+3.864
5277.605,55,19,+67.177,+3.955
5279.308,55,19,+67.334,+4.037
5280.136,55,19,+67.383,+4.076
5282.917,55,19,+67.444,+4.140
5288.58,55,19,+67.652,+4.141
5297.628,55,19,+67.978,+4.049
5301.719,55,19,+68.185,+3.960
5304.687,55,19,+68.342,+4.010
5305.531,55,19,+68.360,+4.017
5308.914,55,19,+68.380,+4.066
5311.679,55,19,+68.353,+4.091
5318.729,55,19,+68.519,+4.076
5324.731,55,19,+68.679,+4.125
5329.89,55,19,+68.729,+4.085
5331.73,55,19,+68.822,+4.111
5335.342,55,19,+68.849,+4.109
5339.244,55,19,+69.193,+4.196
5343.591,55,19,+69.427,+4.107
5347.544,55,19,+69.560,+4.098
5352.856,55,19,+69.577,+3.892
5357.309,55,19,+69.649,+3.674
5361.7,55,19,+69.839,+3.772
5364.981,55,19,+70.013,+3.864
5366.606,55,19,+70.113,+3.869
5367.387,55,19,+70.149,+3.878
5370.215,55,19,+70.192,+3.924
5375.772,55,19,+70.286,+3.675
5384.762,55,19,+70.289,+3.427
5388.822,55,19,+70.464,+3.441
5391.728,55,19,+70.596,+3.352
5392.532,55,19,+70.610,+3.346
5395.952,55,19,+70.624,+3.387
5398.728,55,19,+70.585,+3.403
5405.812,55,19,+70.782,+3.325
5411.799,55,19,+70.924,+3.208
5416.921,55,19,+70.929,+3.249
5418.815,55,19,+71.000,+3.257
5422.395,55,19,+71.037,+3.281
5426.263,55,19,+71.220,+3.190
5430.628,55,19,+71.384,+3.053
5434.529,55,19,+71.450,+2.958
5439.873,55,19,+71.572,+2.667
5444.5,55,19,+71.793,+2.482
5448.837,55,19,+71.923,+2.470
5452.105,55,19,+72.107,+2.525
5453.808,55,19,+72.229,+2.551
5454.589,55,19,+72.271,+2.569
5457.464,55,19,+72.371,+2.630
5463.089,55,19,+72.589,+2.358
5472.2,55,19,+72.813,+2.192
5476.28,55,19,+73.028,+2.064
5479.202,55,19,+73.126,+2.129
5479.998,55,19,+73.137,+2.141
5483.451,55,19,+73.137,+2.220
5486.167,55,19,+73.126,+2.223
5493.311,55,19,+73.364,+2.192
5499.358,55,19,+73.462,+2.054
5504.514,55,19,+73.458,+2.028
5506.458,55,19,+73.554,+2.038
5510.056,55,19,+73.575,+2.055
5513.928,55,19,+73.778,+1.899
5518.372,55,19,+73.981,+1.726
5522.261,55,19,+73.994,+1.512
5527.665,55,19,+74.186,+1.265
5532.342,55,19,+74.407,+1.247
5536.672,55,19,+74.520,+1.223
5540.014,55,19,+74.689,+1.245
5541.673,55,19,+74.818,+1.238
5542.451,55,19,+74.857,+1.239
5545.26,55,19,+74.883,+1.197
5550.892,55,19,+75.045,+0.951
5560.076,55,19,+75.366,+0.986
5564.131,55,19,+75.481,+0.894
5567.22,55,19,+75.716,+0.894
5568.017,55,18,+75.716,+0.894
5568.049,55,18,+75.739,+1.064
5571.442,55,18,+75.740,+1.071
5574.114,55,18,+75.670,+0.997
5581.301,55,18,+75.798,+1.033
5587.399,55,18,+75.938,+1.094
5592.545,55,18,+75.956,+1.177
5594.483,55,18,+76.039,+1.226
5598.014,55,18,+76.070,+1.202
5601.92,55,18,+76.297,+1.345
5606.389,55,18,+76.510,+1.385
5610.249,55,18,+76.519,+1.324
5615.673,55,18,+76.641,+1.328
5620.323,55,18,+76.857,+1.385
5624.605,55,18,+76.997,+1.455
5627.902,55,18,+77.171,+1.519
5629.589,55,18,+77.286,+1.573
5630.339,55,18,+77.322,+1.594
5633.12,55,18,+77.367,+1.644
5638.815,55,18,+77.568,+1.620
5647.902,55,18,+77.631,+1.639
5652.003,55,18,+77.830,+1.622
5654.917,55,18,+77.944,+1.634
5655.691,55,18,+77.958,+1.636
5659.14,55,18,+77.979,+1.638
5661.839,55,18,+77.939,+1.562
5669.027,55,18,+78.145,+1.659
5675.12,55,18,+78.341,+1.749
5680.245,55,18,+78.447,+1.659
5682.167,55,18,+78.531,+1.680
5685.839,55,18,+78.636,+1.734
5689.698,55,18,+78.906,+1.865
5694.174,55,18,+79.151,+1.865
5698.101,55,18,+79.186,+1.809
5703.419,55,18,+79.221,+1.689
5708.042,55,18,+79.480,+1.701
5712.402,55,18,+79.658,+1.795
5715.683,55,18,+79.814,+1.888
5717.339,55,18,+79.924,+1.914
5718.105,55,18,+79.953,+1.930
5720.948,55,18,+79.996,+1.971
5726.611,55,18,+80.189,+1.891
5735.76,55,18,+80.401,+1.941
5739.899,55,18,+80.619,+1.949
5742.774,55,18,+80.701,+1.953
5743.574,55,18,+80.710,+1.955
5746.972,55,18,+80.719,+1.957
5749.714,55,18,+80.697,+1.894
5756.823,55,18,+80.823,+1.939
5762.902,55,18,+81.011,+2.028
5768.042,55,18,+81.090,+2.022
5769.964,55,18,+81.166,+2.082
5773.527,55,18,+81.206,+2.110
5777.402,55,18,+81.408,+2.174
5781.761,55,18,+81.368,+2.120
5785.731,55,18,+81.476,+2.122
5790.999,55,18,+81.401,+2.016
5795.575,55,18,+81.504,+1.993
5799.841,55,18,+81.576,+2.053
5803.1,55,18,+81.711,+2.122
5804.791,55,18,+81.799,+2.149
5805.592,55,18,+81.829,+2.167
5808.346,55,18,+81.851,+2.213
5813.93,55,18,+81.775,+2.152
5823.028,55,18,+81.915,+2.157
5827.191,55,18,+82.099,+2.183
5830.061,55,18,+82.144,+2.172
5830.868,55,18,+82.149,+2.169
5834.256,55,18,+82.161,+2.164
5837.015,55,18,+82.157,+2.134
5844.172,55,18,+82.315,+2.225
5850.18,55,18,+82.419,+2.199
5855.314,55,18,+82.454,+2.208
5857.245,55,18,+82.521,+2.245
5860.802,55,18,+82.569,+2.238
5864.732,55,18,+82.744,+2.391
5869.161,55,18,+82.865,+2.397
5873.042,55,18,+82.826,+2.338
5878.386,55,18,+82.861,+2.231
5882.995,55,18,+83.082,+2.284
5887.355,55,18,+83.273,+2.378
5890.637,55,18,+83.445,+2.528
5892.288,55,18,+83.548,+2.596
5893.06,55,18,+83.575,+2.615
5895.828,55,18,+83.541,+2.661
5901.519,55,18,+83.667,+2.613
5910.674,55,18,+83.792,+2.583
5914.842,55,18,+83.999,+2.573
5917.686,55,18,+84.031,+2.443
5918.452,55,18,+84.037,+2.431
5921.873,55,18,+84.057,+2.416
5924.608,55,18,+84.038,+2.324
5931.827,55,18,+84.144,+2.427
5937.811,55,18,+84.251,+2.438
5942.936,55,18,+84.297,+2.440
5944.889,55,18,+84.375,+2.459
5948.405,55,18,+84.416,+2.450
5952.264,55,18,+84.527,+2.495
5956.792,55,18,+84.644,+2.441
5960.614,55,18,+84.676,+2.402
5966.058,55,18,+84.762,+2.237
5970.589,55,18,+84.940,+2.196
5974.998,55,18,+85.062,+2.295
5978.233,55,18,+85.228,+2.378
5979.983,55,18,+85.375,+2.467
5980.889,55,18,+85.512,+2.596
5984.717,55,18,1 L,+3.709
5990.905,55,18,1 L,+4.225
6000.295,55,18,1 L,+4.468
6004.576,55,18,1 L,+4.570
6007.436,55,18,1 L,+4.588
6008.248,55,18,1 L,+4.589
6011.619,55,18,1 L,+4.561
6014.339,55,18,1 L,+4.493
6021.542,55,18,1 L,+4.646
6027.542,55,18,1 L,+4.679
6032.748,55,18,1 L,+4.701
6034.691,55,18,1 L,+4.757
6038.26,55,18,1 L,+4.747
6042.155,55,18,1 L,+4.890
6046.623,55,18,1 L,+4.836
6051.358,55,18,1 L,+5.626
6057.014,55,18,1 L,+5.772
6061.741,55,18,1 L,+5.887
6066.169,55,18,1 L,+5.952
6069.372,55,18,1 L,+6.067
6071.034,55,18,1 L,+6.121
6071.812,55,18,1 L,+6.135
6074.579,55,18,1 L,+6.162
6080.382,55,18,1 L,+6.223
6089.419,55,18,1 L,+6.156
6093.542,55,18,1 L,+6.223
6096.424,55,18,1 L,+6.231
6097.217,55,18,1 L,+6.232
6100.645,55,18,1 L,+6.227
6103.362,55,18,1 L,+6.148
6110.501,55,18,1 L,+6.231
6116.626,55,18,1 L,+6.388
6121.783,55,18,1 L,+6.446
6123.768,55,18,1 L,+6.491
6127.328,55,18,1 L,+6.513
6131.228,55,18,1 L,+6.522
6135.656,55,18,1 L,+6.495
6139.479,55,18,1 L,+5.701
6144.794,55,18,1 L,+5.332
6149.431,55,18,1 L,+5.299
6153.702,55,18,1 L,+5.300
6156.977,55,18,1 L,+5.446
6158.686,55,18,1 L,+5.486
6159.451,55,18,1 L,+5.505
6162.233,55,18,1 L,+5.593
6167.86,55,18,1 L,+5.464
6176.917,55,18,1 L,+5.437
6181.085,55,18,1 L,+5.470
6183.979,55,18,1 L,+5.464
6184.829,55,18,1 L,+5.463
6188.147,55,18,1 L,+5.471
6190.897,55,18,1 L,+5.400
6198.006,55,18,1 L,+5.482
6203.991,55,18,1 L,+5.423
6209.194,55,18,1 L,+5.396
6211.053,55,18,1 L,+5.388
6214.616,55,18,1 L,+5.395
6218.537,55,18,1 L,+5.452
6222.958,55,18,1 L,+5.448
6226.872,55,18,1 L,+4.551
6232.24,55,18,1 L,+4.152
6236.828,55,18,1 L,+4.008
6241.233,55,18,1 L,+4.090
6244.53,55,18,1 L,+4.212
6246.217,55,18,1 L,+4.252
6247.108,55,18,1 L,+4.341
6250.92,55,18,1 L,+5.448
6257.094,55,18,1 L,+5.865
6266.725,55,18,1 L,+6.117
6270.714,55,18,1 L,+6.260
6274.539,55,18,1 L,+6.381
6278.179,55,17,1 L,+6.381
6278.258,55,17,1 L,+6.648
6281.16,55,17,1 L,+6.748
6288.199,55,17,1 L,+6.919
6294.445,55,17,1 L,+7.061
6299.625,55,17,1 L,+7.083
6301.607,55,17,1 L,+7.099
6305.245,55,17,1 L,+7.101
6309.108,55,17,1 L,+7.167
6313.529,55,17,1 L,+7.195
6317.451,55,17,1 L,+7.258
6322.826,55,17,1 L,+7.127
6327.389,55,17,1 L,+7.157
6331.733,55,17,1 L,+7.212
6335.045,55,17,1 L,+7.304
6336.701,55,17,1 L,+7.365
6337.467,55,17,1 L,+7.380
6340.233,55,17,1 L,+7.454
6345.904,55,17,1 L,+7.436
6355.045,55,17,1 L,+7.501
6362.917,55,17,1 L,+5.005
6366.433,55,16,1 L,+5.005
6366.526,55,16,1 L,+10.270
6369.354,55,16,1 L,+10.400
6376.437,55,16,1 L,+10.356
6382.601,55,16,1 L,+10.536
6387.745,55,16,1 L,+10.636
6389.729,55,16,1 L,+10.673
6393.276,55,16,1 L,+10.770
6397.182,55,16,1 L,+10.780
6401.589,55,16,1 L,+10.783
6405.483,55,16,1 L,+10.729
6410.748,55,16,1 L,+10.610
6415.375,55,16,1 L,+10.614
6419.717,55,16,1 L,+10.534
6422.967,55,16,1 L,+10.583
6424.639,55,16,1 L,+10.644
6425.358,55,16,1 L,+10.646
6428.17,55,16,1 L,+10.611
6433.758,55,16,1 L,+10.542
6442.776,55,16,1 L,+10.379
6446.901,55,16,1 L,+10.363
6449.776,55,16,1 L,+10.290
6450.604,55,16,1 L,+10.289
6454.028,55,16,1 L,+10.326
6456.828,55,16,1 L,+10.349
6464.101,55,17,1 L,+10.349
6464.233,55,17,1 L,+0.081
6470.052,55,17,1 L,+0.068
6475.861,55,17,1 L,+0.908
6478.158,55,17,1 L,+1.333
6481.935,55,17,1 L,+1.449
6485.93,55,17,1 L,+1.745
6490.339,55,17,1 L,+2.064
6494.275,55,17,1 L,+2.077
6500.231,55,17,1 L,+2.597
6505.216,55,17,1 L,+3.193
6510.081,55,17,1 L,+3.772
6513.542,55,17,1 L,+3.862
6515.28,55,17,1 L,+4.063
6516.074,55,17,1 L,+4.130
6518.871,55,17,1 L,+4.172
6525.099,55,17,1 L,+4.867
6534.393,55,17,1 L,+5.388
6538.606,55,17,1 L,+5.737
6542.307,55,17,1 L,+5.854
6545.649,55,15,1 L,+5.854
6545.729,55,15,1 L,+5.802
6548.461,55,15,1 L,+5.684
6555.567,55,15,1 L,+5.911
6561.644,55,15,1 L,+5.994
6566.779,55,15,1 L,+6.206
6568.672,55,15,1 L,+6.287
6572.256,55,15,1 L,+6.210
6576.078,55,15,1 L,+6.345
6580.501,55,15,1 L,+6.587
6584.389,55,15,1 L,+6.572
6589.651,55,15,1 L,+6.479
6594.216,55,15,1 L,+6.540
6598.609,55,15,1 L,+6.583
6601.899,55,15,1 L,+6.638
6603.56,55,15,1 L,+6.667
6607.13,55,15,1 L,+6.059
6612.759,55,15,1 L,+5.856
6621.767,55,15,1 L,+5.830
6625.844,55,15,1 L,+6.019
6628.764,55,15,1 L,+6.059
6629.561,55,15,1 L,+6.057
6632.993,55,15,1 L,+6.039
6635.729,55,15,1 L,+5.924
6642.933,55,15,1 L,+6.019
6648.924,55,15,1 L,+5.586
6654.128,55,15,1 L,+5.525
6655.999,55,15,1 L,+5.550
6659.575,55,15,1 L,+5.487
6663.399,55,15,1 L,+5.450
6667.729,55,15,1 L,+5.525
6671.77,55,15,1 L,+5.635
6677.26,55,16,1 L,+5.635
6677.642,55,16,1 L,+0.329
6682.302,55,16,1 L,+0.649
6686.735,55,16,1 L,+0.975
6690.014,55,16,1 L,+1.114
6691.699,55,16,1 L,+1.251
6692.501,55,16,1 L,+1.284
6695.26,55,16,1 L,+1.266
6701.035,55,16,1 L,+1.542
6710.158,55,16,1 L,+1.813
6714.259,55,16,1 L,+2.141
6717.224,55,16,1 L,+2.361
6718.036,55,16,1 L,+2.378
6721.481,55,16,1 L,+2.372
6724.661,55,16,1 L,+2.818
6732.03,55,16,1 L,+3.264
6738.1,55,16,1 L,+3.535
6743.26,55,16,1 L,+3.789
6745.246,55,16,1 L,+3.840
6748.835,55,16,1 L,+3.705
6752.619,55,16,1 L,+3.868
6757.02,55,16,1 L,+4.155
6760.931,55,16,1 L,+4.229
6766.326,55,16,1 L,+4.295
6770.873,55,16,1 L,+4.446
6775.25,55,16,1 L,+4.672
6778.476,55,16,1 L,+4.734
6780.094,55,16,1 L,+4.797
6780.913,55,16,1 L,+4.804
6783.637,55,16,1 L,+4.752
6789.342,55,16,1 L,+4.943
6798.353,55,16,1 L,+5.118
6802.545,55,16,1 L,+5.454
6805.579,55,16,1 L,+5.659
6806.318,55,16,1 L,+5.675
6809.775,55,16,1 L,+5.676
6812.547,55,16,1 L,+5.678
6819.617,55,17,1 L,+5.678
6819.86,55,17,1 L,+0.236
6826.18,55,17,1 L,+0.519
6831.491,55,17,1 L,+0.772
6833.45,55,17,1 L,+0.870
6836.995,55,17,1 L,+0.949
6840.899,55,17,1 L,+1.027
6845.341,55,17,1 L,+1.205
6849.26,55,17,1 L,+1.277
6854.704,55,17,1 L,+1.410
6859.316,55,17,1 L,+1.506
6863.685,55,17,1 L,+1.701
6866.935,55,17,1 L,+1.842
6868.599,55,17,1 L,+1.930
6869.386,55,17,1 L,+1.946
6872.134,55,17,1 L,+1.933
6877.904,55,17,1 L,+2.145
6887.123,55,17,1 L,+2.427
6891.225,55,17,1 L,+2.593
6894.128,55,17,1 L,+2.606
6894.947,55,17,1 L,+2.614
6898.363,55,17,1 L,+2.642
6901.099,55,17,1 L,+2.617
6908.328,55,17,1 L,+2.833
6914.299,55,17,1 L,+2.991
6919.423,55,17,1 L,+3.118
6921.361,55,17,1 L,+3.142
6924.923,55,17,1 L,+3.237
6928.699,55,17,1 L,+3.333
6933.113,55,17,1 L,+3.436
6937.114,55,17,1 L,+3.590
6942.528,55,17,1 L,+3.767
6947.148,55,17,1 L,+3.802
6951.452,55,17,1 L,+3.972
6954.699,55,17,1 L,+4.010
6956.378,55,17,1 L,+4.102
6957.198,55,17,1 L,+4.129
6959.942,55,17,1 L,+4.139
6965.66,55,17,1 L,+4.318
6974.672,55,17,1 L,+4.423
6978.815,55,17,1 L,+4.530
6981.699,55,17,1 L,+4.508
6982.49,55,17,1 L,+4.513
6985.901,55,17,1 L,+4.549
6988.62,55,17,1 L,+4.520
6995.682,55,17,1 L,+4.657
7001.814,55,17,1 L,+4.814
7006.914,55,17,1 L,+4.924
7008.828,55,17,1 L,+4.944
7012.465,55,17,1 L,+5.058
7016.43,55,17,1 L,+5.067
7021.013,55,17,1 L,+5.332
7024.901,55,17,1 L,+5.407
7030.339,55,17,1 L,+5.556
7035.039,55,17,1 L,+5.741
7039.46,55,17,1 L,+5.923
7042.701,55,17,1 L,+6.034
7044.389,55,17,1 L,+6.150
7045.241,55,17,1 L,+6.184
7047.987,55,17,1 L,+6.201
7053.597,55,17,1 L,+6.323
7062.854,55,17,1 L,+6.421
7078.689,55,18,1 L,+6.421
7084.608,55,19,1 L,+6.421
7104.301,55,19,1 L,+16.848
7111.973,55,19,1 L,+17.427
7118.245,55,19,1 L,+17.819
7123.385,55,19,1 L,+17.820
7125.354,55,19,1 L,+17.904
7128.948,55,19,1 L,+17.958
7132.885,55,19,1 L,+18.069
7137.257,55,19,1 L,+18.060
7141.001,55,19,1 L,+18.023
7146.304,55,19,1 L,+17.855
7150.845,55,19,1 L,+17.762
7155.061,55,19,1 L,+17.630
7158.26,55,19,1 L,+17.644
7159.904,55,19,1 L,+17.652
7160.677,55,19,1 L,+17.637
7163.403,55,19,1 L,+17.538
7168.886,55,19,1 L,+17.346
7177.657,55,19,1 L,+17.060
7181.629,55,19,1 L,+16.902
7184.503,55,19,1 L,+16.881
7185.341,55,19,1 L,+16.871
7188.685,55,19,1 L,+16.824
7191.415,55,19,1 L,+16.798
7198.417,55,19,1 L,+16.675
7204.475,55,19,1 L,+16.826
7209.527,55,19,1 L,+16.731
7211.449,55,19,1 L,+16.754
7214.996,55,19,1 L,+16.770
7218.83,55,19,1 L,+16.835
7223.24,55,19,1 L,+16.804
7227.03,55,19,1 L,+16.767
7232.368,55,19,1 L,+16.731
7236.938,55,19,1 L,+16.742
7241.215,55,19,1 L,+16.589
7244.45,55,19,1 L,+16.613
7246.092,55,19,1 L,+16.597
7246.879,55,19,1 L,+16.569
7249.568,55,19,1 L,+16.437
7255.028,55,19,1 L,+16.247
7263.981,55,19,1 L,+16.183
7267.917,55,19,1 L,+16.080
7270.885,55,19,1 L,+16.141
7271.694,55,19,1 L,+16.138
7275.085,55,19,1 L,+15.978
7277.775,55,19,1 L,+15.565
7284.813,55,19,1 L,+15.236
7290.885,55,19,1 L,+15.338
7295.828,55,19,1 L,+15.179
7297.713,55,19,1 L,+15.164
7301.224,55,19,1 L,+15.169
7305.039,55,19,1 L,+15.080
7309.415,55,19,1 L,+14.919
7313.216,55,19,1 L,+14.857
7318.513,55,19,1 L,+14.664
7323.065,55,19,1 L,+14.584
7327.286,55,19,1 L,+14.417
7330.476,55,19,1 L,+14.478
7332.06,55,19,1 L,+14.460
7332.861,55,19,1 L,+14.428
7335.572,55,19,1 L,+14.301
7341.014,55,19,1 L,+14.112
7349.914,55,19,1 L,+14.011
7353.965,55,19,1 L,+13.941
7356.813,55,19,1 L,+13.860
7357.624,55,19,1 L,+13.846
7360.993,55,19,1 L,+13.800
7363.671,55,19,1 L,+13.732
7370.798,55,19,1 L,+13.583
7376.815,55,19,1 L,+13.646
7381.9,55,19,1 L,+13.569
7383.798,55,19,1 L,+13.571
7387.339,55,19,1 L,+13.552
7391.119,55,19,1 L,+13.497
7395.502,55,19,1 L,+13.394
7399.279,55,19,1 L,+13.322
7404.46,55,19,1 L,+13.096
7409.028,55,19,1 L,+13.053
7413.26,55,19,1 L,+12.956
7416.463,55,19,1 L,+12.981
7418.12,55,19,1 L,+12.982
7418.901,55,19,1 L,+12.967
7421.62,55,19,1 L,+12.862
7427.153,55,19,1 L,+12.756
7436.085,55,19,1 L,+12.652
7440.072,55,19,1 L,+12.551
7443.099,55,19,1 L,+12.572
7447.342,55,19,1 L,+12.562
7450.104,55,19,1 L,+12.575
7457.229,55,19,1 L,+12.482
7463.182,55,19,1 L,+12.571
7468.182,55,19,1 L,+12.549
7470.135,55,19,1 L,+12.529
7473.653,55,19,1 L,+12.522
7477.401,55,19,1 L,+12.444
7481.698,55,19,1 L,+12.256
7485.621,55,19,1 L,+12.281
7490.776,55,19,1 L,+12.016
7495.301,55,19,1 L,+11.903
7499.576,55,19,1 L,+11.829
7502.79,55,19,1 L,+11.834
7504.368,55,19,1 L,+11.808
7505.19,55,19,1 L,+11.788
7507.86,55,19,1 L,+11.696
7513.458,55,19,1 L,+11.634
7522.501,55,19,1 L,+11.542
7526.557,55,19,1 L,+11.584
7529.487,55,19,1 L,+11.444
7530.221,55,19,1 L,+11.425
7533.613,55,19,1 L,+11.387
7536.393,55,19,1 L,+11.403
7543.414,55,19,1 L,+11.289
7549.354,55,19,1 L,+11.385
7554.375,55,19,1 L,+11.339
7556.26,55,19,1 L,+11.354
7559.849,55,19,1 L,+11.371
7563.513,55,19,1 L,+11.344
7567.937,55,19,1 L,+11.247
7571.741,55,19,1 L,+11.172
7576.948,55,19,1 L,+11.012
7581.495,55,19,1 L,+10.955
7585.76,55,19,1 L,+10.832
7588.932,55,19,1 L,+10.844
7590.542,55,19,1 L,+10.807
7591.323,55,19,1 L,+10.782
7594.057,55,19,1 L,+10.662
7599.667,55,19,1 L,+10.526
7608.727,55,19,1 L,+10.541
7612.799,55,19,1 L,+10.562
7615.701,55,19,1 L,+10.460
7616.501,55,19,1 L,+10.445
7619.903,55,19,1 L,+10.412
7622.623,55,19,1 L,+10.373
7629.671,55,19,1 L,+10.242
7635.558,55,19,1 L,+10.252
7640.69,55,19,1 L,+10.232
7642.579,55,19,1 L,+10.235
7646.071,55,19,1 L,+10.249
7649.832,55,19,1 L,+10.189
7654.199,55,19,1 L,+10.035
7658.016,55,19,1 L,+10.031
7663.213,55,19,1 L,+9.880
7667.76,55,19,1 L,+9.828
7671.984,55,19,1 L,+9.744
7675.213,55,19,1 L,+9.769
7676.854,55,19,1 L,+9.797
7677.635,55,19,1 L,+9.791
7680.385,55,19,1 L,+9.702
7685.998,55,19,1 L,+9.616
7694.984,55,19,1 L,+9.492
7699.007,55,19,1 L,+9.466
7701.897,55,19,1 L,+9.444
7702.741,55,19,1 L,+9.434
7706.085,55,19,1 L,+9.411
7708.835,55,19,1 L,+9.398
7715.913,55,19,1 L,+9.246
7721.882,55,19,1 L,+9.336
7726.873,55,19,1 L,+9.259
7728.748,55,19,1 L,+9.237
7732.248,55,19,1 L,+9.212
7736.039,55,19,1 L,+9.231
7740.419,55,19,1 L,+9.158
7744.227,55,19,1 L,+9.134
7749.492,55,19,1 L,+9.064
7754.009,55,19,1 L,+9.006
7758.227,55,19,1 L,+8.943
7761.46,55,19,1 L,+9.041
7763.079,55,19,1 L,+9.050
7763.86,55,19,1 L,+9.033
7766.567,55,19,1 L,+8.920
7772.135,55,19,1 L,+8.749
7781.169,55,19,1 L,+8.582
7785.326,55,19,1 L,+8.603
7788.154,55,19,1 L,+8.497
7788.982,55,19,1 L,+8.486
7792.341,55,19,1 L,+8.454
7795.071,55,19,1 L,+8.463
7802.113,55,19,1 L,+8.177
7808.072,55,19,1 L,+8.271
7813.082,55,19,1 L,+8.236
7814.998,55,19,1 L,+8.272
7818.567,55,19,1 L,+8.302
7822.285,55,19,1 L,+8.315
7826.693,55,19,1 L,+8.247
7830.814,55,19,1 L,+8.156
7835.792,55,19,1 L,+8.022
7840.239,55,19,1 L,+7.910
7844.494,55,19,1 L,+7.801
7847.776,55,19,1 L,+7.819
7849.307,55,19,1 L,+7.802
7850.088,55,19,1 L,+7.783
7852.807,55,19,1 L,+7.683
7858.416,55,19,1 L,+7.620
7867.416,55,19,1 L,+7.448
7871.494,55,19,1 L,+7.455
7874.4,55,19,1 L,+7.377
7875.244,55,19,1 L,+7.366
7878.604,55,19,1 L,+7.342
7881.307,55,19,1 L,+7.337
7888.338,55,19,1 L,+7.285
7894.279,55,19,1 L,+7.331
7899.326,55,19,1 L,+7.266
7901.216,55,19,1 L,+7.252
7904.763,55,19,1 L,+7.261
7908.466,55,19,1 L,+7.193
7912.873,55,19,1 L,+7.148
7916.622,55,19,1 L,+7.072
7921.872,55,19,1 L,+6.976
7926.451,55,19,1 L,+6.972
7930.732,55,19,1 L,+6.868
7933.966,55,19,1 L,+6.895
7936.326,55,19,1 L,+6.884
7939.06,55,19,1 L,+6.783
7944.623,55,19,1 L,+6.656
7954.821,55,19,2 L,+7.731
7958.805,55,19,2 L,+7.706
7961.743,55,19,2 L,+7.664
7962.524,55,19,2 L,+7.651
7965.898,55,19,2 L,+7.585
7968.581,55,19,2 L,+7.521
7975.758,55,19,2 L,+7.411
7981.623,55,19,2 L,+7.423
7986.778,55,19,2 L,+7.449
7988.653,55,19,2 L,+7.451
7992.159,55,19,2 L,+7.471
7995.962,55,19,2 L,+7.472
8000.401,55,19,2 L,+7.451
8004.213,55,19,2 L,+7.407
8009.528,55,19,2 L,+7.356
8014.059,55,19,2 L,+7.281
8018.345,55,19,2 L,+7.195
8021.596,55,19,2 L,+7.220
8023.186,55,19,2 L,+7.242
8023.973,55,19,2 L,+7.240
8026.714,55,19,2 L,+7.196
8035.26,55,19,2 L,+9.961
8046.413,55,19,2 L,+8.914
8065.565,55,20,2 L,+8.914
8081.606,55,20,2 L,+8.018
8090.16,55,20,2 L,+7.243
8098.643,55,20,2 L,+6.161
8104.51,55,20,2 L,+5.977
8107.744,55,20,2 L,+5.707
8112.307,55,20,2 L,+4.950
8116.369,55,20,2 L,+4.875
8124.638,55,20,2 L,+4.833
8130.029,55,20,2 L,+4.876
8134.513,55,20,2 L,+4.822
8138.701,55,20,2 L,+4.895
8141.857,55,20,2 L,+5.087
8143.451,55,20,2 L,+5.120
8144.217,55,20,2 L,+5.123
8146.89,55,20,2 L,+5.152
8152.244,55,20,2 L,+5.145
8160.979,55,20,2 L,+5.186
8164.892,55,20,2 L,+5.158
8167.629,55,20,2 L,+5.090
8168.413,55,20,2 L,+5.077
8171.801,55,20,2 L,+5.063
8174.517,55,20,2 L,+5.099
8181.447,55,20,2 L,+5.031
8187.291,55,20,2 L,+5.097
8192.216,55,20,2 L,+5.114
8194.06,55,20,2 L,+187.860
8197.47,55,19,2 L,+187.860
8197.557,55,19,2 L,+5.168
8201.261,55,19,2 L,+5.091
8205.574,55,19,2 L,+4.990
8209.263,55,19,2 L,+4.058
8214.463,55,19,2 L,+3.672
8218.913,55,19,2 L,+3.549
8223.072,55,19,2 L,+3.544
8226.271,55,19,2 L,+3.660
8227.837,55,19,2 L,+3.665
8228.609,55,19,2 L,+3.651
8231.291,55,19,2 L,+3.595
8236.732,55,19,2 L,+3.525
8245.518,55,19,2 L,+3.689
8249.616,55,19,2 L,+3.784
8252.493,55,19,2 L,+3.821
8253.315,55,19,2 L,+3.832
8256.673,55,19,2 L,+3.877
8259.463,55,19,2 L,+3.910
8266.427,55,19,2 L,+3.986
8273.403,55,19,2 L,+5.148
8278.45,55,19,2 L,+5.115
8280.325,55,19,2 L,+5.147
8283.833,55,19,2 L,+5.159
8287.636,55,19,2 L,+5.078
8291.919,55,19,2 L,+5.063
8295.639,55,19,2 L,+4.970
8300.862,55,19,2 L,+4.893
8305.429,55,19,2 L,+4.879
8309.566,55,19,2 L,+4.909
8312.716,55,19,2 L,+4.910
8314.31,55,19,2 L,+4.927
8315.06,55,19,2 L,+4.915
8317.732,55,19,2 L,+4.808
8323.152,55,19,2 L,+4.766
8331.962,55,19,2 L,+4.738
8335.971,55,19,2 L,+4.861
8338.8,55,19,2 L,+4.746
8339.584,55,19,2 L,+4.740
8342.985,55,19,2 L,+4.783
8345.707,55,19,2 L,+4.862
8352.603,55,19,2 L,+4.809
8358.494,55,19,2 L,+4.784
8363.463,55,19,2 L,+4.661
8365.322,55,19,2 L,+4.680
8368.822,55,19,2 L,+4.722
8372.51,55,19,2 L,+4.486
8376.728,55,19,2 L,+4.254
8380.494,55,19,2 L,+4.268
8385.76,55,19,2 L,+4.029
8390.15,55,19,2 L,+3.821
8394.391,55,19,2 L,+3.802
8397.587,55,19,2 L,+3.846
8399.161,55,19,2 L,+3.864
8399.913,55,19,2 L,+3.850
8402.615,55,19,2 L,+3.752
8408.059,55,19,2 L,+3.682
8416.877,55,19,2 L,+3.581
8420.927,55,19,2 L,+3.628
8423.731,55,19,2 L,+3.467
8424.502,55,19,2 L,+3.456
8427.887,55,19,2 L,+3.507
8430.622,55,19,2 L,+3.602
8437.619,55,19,2 L,+2.902
8443.459,55,19,2 L,+2.468
8448.442,55,19,2 L,+2.341
8450.3,55,19,2 L,+2.297
8453.761,55,19,2 L,+2.298
8457.5,55,19,2 L,+2.099
8461.771,55,19,2 L,+2.072
8465.583,55,19,2 L,+2.034
8470.747,55,19,2 L,+1.763
8475.274,55,19,2 L,+1.576
8479.371,55,19,2 L,+1.583
8482.528,55,19,2 L,+1.644
8484.06,55,19,2 L,+1.598
8484.835,55,19,2 L,+1.571
8487.541,55,19,2 L,+1.498
8493.113,55,19,2 L,+1.488
8502.016,55,19,2 L,+1.483
8506.094,55,19,2 L,+1.521
8508.912,55,19,2 L,+1.362
8509.745,55,19,2 L,+1.348
8513.092,55,19,2 L,+1.374
8516.581,55,19,2 L,+1.446
8523.001,55,19,2 L,+1.624
8529.744,55,19,2 L,+2.574
8535.056,55,19,2 L,+2.711
8536.984,55,19,2 L,+2.776
8540.554,55,19,2 L,+2.857
8544.413,55,19,2 L,+2.823
8548.702,55,19,2 L,+2.791
8553.057,55,19,2 L,+3.265
8558.697,55,19,2 L,+3.397
8563.307,55,19,2 L,+3.305
8567.494,55,19,2 L,+3.303
8570.619,55,19,2 L,+3.348
8572.273,55,19,2 L,+3.367
8573.056,55,19,2 L,+3.354
8575.744,55,19,2 L,+3.296
8581.306,55,19,2 L,+3.277
8590.26,55,19,2 L,+3.015
8594.359,55,19,2 L,+2.905
8597.29,55,19,2 L,+2.848
8598.093,55,19,2 L,+2.858
8601.527,55,19,2 L,+2.788
8604.271,55,19,2 L,+2.517
8611.327,55,19,2 L,+1.727
8617.214,55,19,2 L,+1.678
8622.343,55,19,2 L,+1.631
8624.227,55,19,2 L,+1.570
8627.698,55,19,2 L,+1.525
8631.471,55,19,2 L,+1.305
8635.838,55,19,2 L,+1.299
8639.588,55,19,2 L,+1.146
8644.931,55,19,2 L,+0.937
8649.501,55,19,2 L,+0.811
8653.698,55,19,2 L,+0.830
8656.898,55,19,2 L,+0.902
8658.487,55,19,2 L,+0.911
8659.261,55,19,2 L,+0.904
8661.972,55,19,2 L,+0.834
8667.698,55,19,2 L,+0.892
8677.761,55,19,2 L,+1.860
8681.836,55,19,2 L,+1.726
8684.871,55,19,2 L,+1.775
8685.686,55,19,2 L,+1.776
8688.946,55,19,2 L,+1.784
8691.698,55,19,2 L,+1.830
8698.813,55,19,2 L,+1.765
8704.727,55,19,2 L,+1.835
8709.881,55,19,2 L,+1.771
8711.756,55,19,2 L,+1.736
8715.225,55,19,2 L,+1.752
8719.084,55,19,2 L,+1.622
8723.506,55,19,2 L,+1.621
8727.256,55,19,2 L,+0.984
8732.601,55,19,2 L,+0.700
8737.256,55,19,2 L,+0.689
8741.459,55,19,2 L,+0.704
8744.632,55,19,2 L,+0.774
8746.272,55,19,2 L,+0.813
8747.013,55,19,2 L,+0.814
8749.689,55,19,2 L,+0.770
8755.231,55,19,2 L,+0.710
8764.294,55,19,2 L,+0.796
8768.227,55,19,2 L,+0.799
8771.276,55,19,2 L,+1.009
8772.096,55,19,2 L,+1.032
8775.453,55,19,2 L,+1.066
8778.124,55,19,2 L,+1.011
8785.453,55,19,2 L,+1.004
8791.21,55,19,2 L,+1.148
8796.3,55,19,2 L,+1.069
8798.127,55,19,2 L,+1.048
8801.613,55,19,2 L,+1.069
8805.371,55,19,2 L,+0.957
8809.582,55,19,2 L,+0.698
8813.449,55,19,2 L,+0.847
8818.764,55,19,2 L,+0.668
8823.4,55,19,2 L,+0.669
8827.639,55,19,2 L,+0.648
8830.852,55,19,2 L,+0.688
8832.489,55,19,2 L,+0.718
8833.271,55,19,2 L,+0.714
8835.992,55,19,2 L,+0.647
8841.731,55,19,2 L,+0.640
8850.794,55,19,2 L,+0.565
8854.934,55,19,2 L,+0.318
8857.826,55,19,2 L,+0.275
8858.584,55,19,2 L,+0.266
8861.852,55,19,2 L,+0.225
8864.508,55,19,2 L,+0.219
8871.827,55,19,2 L,+0.363
8877.856,55,19,2 L,+0.447
8883.044,55,19,2 L,+0.440
8885.028,55,19,2 L,+0.469
8888.466,55,19,2 L,+0.477
8892.403,55,19,2 L,+0.579
8896.888,55,19,2 L,+0.647
8900.638,55,19,2 L,+0.548
8906.059,55,19,2 L,+0.515
8910.731,55,19,2 L,+0.524
8915.013,55,19,2 L,+0.493
8918.169,55,19,2 L,+0.526
8919.841,55,19,2 L,+0.556
8920.591,55,19,2 L,+0.543
8923.32,55,19,2 L,+0.448
8929.034,55,19,2 L,+0.593
8938.027,55,19,2 L,+0.551
8942.06,55,19,2 L,+0.385
8945.156,55,19,2 L,+0.528
8945.977,55,19,2 L,+0.533
8949.292,55,19,2 L,+0.535
8951.971,55,19,2 L,+0.563
8959.141,55,19,2 L,+0.613
8965.171,55,19,2 L,+0.760
8970.371,55,19,2 L,+0.749
8972.245,55,19,2 L,+0.736
8975.674,55,19,2 L,+0.742
8979.502,55,19,2 L,+0.619
8983.936,55,19,2 L,+0.700
8987.746,55,19,2 L,+0.600
8993.171,55,19,2 L,+0.546
8997.892,55,19,2 L,+0.544
9002.202,55,19,2 L,+0.545
9005.434,55,19,2 L,+0.627
9007.098,55,19,2 L,+0.646
9007.841,55,19,2 L,+0.628
9010.554,55,19,2 L,+0.531
9016.315,55,19,2 L,+0.622
9025.371,55,19,2 L,+0.623
9029.508,55,19,2 L,+0.718
9032.371,55,19,2 L,+0.570
9033.149,55,19,2 L,+0.559
9036.426,55,19,2 L,+0.548
9039.074,55,19,2 L,+0.554
9046.202,55,19,2 L,+0.506
9052.185,55,19,2 L,+0.528
9057.445,55,19,2 L,+0.574
9059.361,55,19,2 L,+0.628
9062.859,55,19,2 L,+0.669
9066.778,55,19,2 L,+0.658
9071.232,55,19,2 L,+0.653
9075.059,55,19,2 L,+0.555
9080.574,55,19,2 L,+0.450
9085.298,55,19,2 L,+0.466
9089.607,55,19,2 L,+0.503
9092.827,55,19,2 L,+0.562
9094.491,55,19,2 L,+0.573
9095.227,55,19,2 L,+0.556
9097.947,55,19,2 L,+0.449
9103.684,55,19,2 L,+0.466
9112.784,55,19,2 L,+0.487
9116.965,55,19,2 L,+0.491
9119.76,55,19,2 L,+0.275
9120.556,55,19,2 L,+0.253
9123.806,55,19,2 L,+0.191
9126.4,55,19,2 L,+0.158
9133.898,55,19,2 L,+0.543
9140.081,55,19,2 L,+0.761
9145.469,55,19,2 L,+0.811
9147.391,55,19,2 L,+0.860
9150.953,55,19,2 L,+0.915
9154.915,55,19,2 L,+0.922
9159.341,55,19,2 L,+0.786
9163.246,55,19,2 L,+0.803
9168.672,55,19,2 L,+0.614
9173.293,55,19,2 L,+0.501
9177.633,55,19,2 L,+0.535
9180.871,55,19,2 L,+0.650
9182.516,55,19,2 L,+0.673
9183.3,55,19,2 L,+0.661
9186.026,55,19,2 L,+0.597
9191.713,55,19,2 L,+0.568
9200.814,55,19,2 L,+0.526
9204.954,55,19,2 L,+0.495
9207.923,55,19,2 L,+0.550
9208.816,55,19,2 L,+0.557
9212.033,55,19,2 L,+0.576
9214.728,55,19,2 L,+0.579
9221.978,55,19,2 L,+0.575
9228.014,55,19,2 L,+0.648
9233.191,55,19,2 L,+0.488
9235.092,55,19,2 L,+0.519
9238.613,55,19,2 L,+0.549
9242.475,55,19,2 L,+0.526
9246.928,55,19,2 L,+0.388
9250.83,55,19,2 L,+0.474
9256.428,55,19,2 L,+0.238
9261.227,55,19,2 L,+0.317
9265.728,55,19,2 L,+0.479
9268.962,55,19,2 L,+0.429
9270.634,55,19,2 L,+0.422
9271.433,55,19,2 L,+0.415
9274.19,55,19,2 L,+0.371
9279.997,55,19,2 L,+0.341
9289.278,55,19,2 L,+0.243
9293.762,55,19,2 L,+0.461
9296.622,55,19,2 L,+0.275
9297.434,55,19,2 L,+0.244
9310.481,55,18,2 L,+0.244
9426.806,55,18,2L,+0.244
8.61,23,19,,
3251.617,23,19,,+0.190
3257.136,23,19,+1.807,+0.190
3260.761,23,17,+1.807,+0.190
3260.845,23,17,+1.896,+0.025
3268.395,23,18,+1.896,+0.025
3268.567,23,18,+2.746,+0.081
3275.574,23,18,+3.499,+0.175
3280.923,23,18,+3.797,+0.134
3283.129,23,18,+4.157,+0.137
3286.757,23,18,+4.388,+0.197
3291.273,23,18,+5.091,+0.182
3296.217,23,18,+5.729,+0.339
3300.294,23,18,+6.052,+0.192
3306.636,23,18,+6.933,+0.359
3311.672,23,18,+7.492,+0.470
3316.133,23,18,+7.789,+0.383
3319.461,23,18,+7.960,+0.301
3321.258,23,18,+8.145,+0.329
3322.071,23,18,+8.204,+0.348
3324.946,23,18,+8.274,+0.378
3330.774,23,18,+8.618,+0.405
3340.18,23,18,+9.114,+0.532
3344.399,23,18,+9.470,+0.694
3347.383,23,18,+9.644,+0.677
3348.18,23,18,+9.662,+0.677
3351.586,23,18,+9.628,+0.597
3354.3,23,18,+9.568,+0.453
3361.578,23,19,+9.568,+0.453
3361.7,23,19,+9.846,+0.016
3367.905,23,19,+10.148,+0.064
3373.074,23,19,+10.328,+0.262
3375.229,23,19,+10.533,+0.328
3378.903,23,19,+10.624,+0.395
3382.894,23,19,+10.860,+0.421
3387.545,23,19,+11.204,+0.611
3391.491,23,19,+11.274,+0.531
3397.344,23,19,+11.654,+0.793
3402.062,23,19,+11.907,+0.985
3406.42,23,19,+12.079,+1.047
3409.73,23,19,+12.181,+1.118
3411.343,23,19,+12.269,+1.106
3412.093,23,19,+12.298,+1.112
3415.011,23,19,+12.370,+1.168
3420.792,23,19,+12.621,+1.236
3430.03,23,19,+12.948,+1.291
3434.202,23,19,+13.211,+1.152
3437.249,23,19,+13.426,+1.176
3438.041,23,19,+13.453,+1.195
3441.494,23,19,+13.458,+1.289
3444.277,23,19,+13.410,+1.313
3451.401,23,19,+13.615,+1.372
3457.527,23,19,+13.825,+1.230
3462.542,23,19,+13.986,+1.091
3464.53,23,19,+14.121,+1.023
3468.216,23,19,+14.213,+1.017
3472.286,23,19,+14.436,+0.929
3476.632,23,19,+14.698,+0.869
3480.608,23,19,+14.822,+0.890
3486.149,23,19,+14.952,+0.848
3490.749,23,19,+15.209,+0.839
3495.091,23,19,+15.380,+0.854
3498.353,23,19,+15.527,+0.822
3500.071,23,19,+15.658,+0.843
3500.853,23,19,+15.717,+0.865
3503.743,23,19,+15.812,+0.930
3509.447,23,19,+16.009,+0.885
3518.715,23,19,+16.293,+0.940
3522.831,23,19,+16.555,+0.860
3525.893,23,19,+16.787,+0.991
3526.66,23,19,+16.811,+1.003
3530.086,23,19,+16.763,+1.008
3532.802,23,19,+16.563,+0.936
3539.905,23,19,+16.781,+0.933
3546.092,23,19,+16.958,+0.837
3551.28,23,19,+17.237,+0.889
3553.264,23,19,+17.391,+0.898
3556.889,23,19,+17.462,+0.864
3560.762,23,19,+17.634,+0.865
3565.244,23,19,+17.807,+0.838
3569.144,23,19,+17.899,+0.907
3574.614,23,19,+18.143,+0.984
3579.216,23,19,+18.378,+0.909
3583.613,23,19,+18.652,+0.961
3586.961,23,19,+18.830,+0.944
3588.564,23,19,+18.965,+0.948
3589.345,23,19,+19.017,+0.964
3592.236,23,19,+19.118,+1.028
3597.931,23,19,+19.369,+1.038
3607.128,23,19,+19.668,+1.037
3611.328,23,19,+19.944,+1.064
3614.339,23,19,+20.114,+1.131
3615.121,23,19,+20.136,+1.139
3618.599,23,19,+20.128,+1.152
3621.345,23,19,+20.018,+1.122
3628.436,23,20,+20.018,+1.122
3628.624,23,20,+20.328,+0.090
3634.889,23,20,+20.617,+0.333
3639.998,23,20,+20.810,+0.456
3641.936,23,20,+20.916,+0.479
3645.639,23,20,+20.965,+0.329
3649.661,23,20,+21.384,+0.399
3654.186,23,20,+21.718,+0.590
3658.199,23,20,+21.854,+0.634
3663.717,23,20,+22.219,+0.670
3668.4,23,20,+22.517,+0.762
3672.761,23,20,+22.759,+0.853
3676.028,23,20,+22.928,+0.872
3677.714,23,20,+23.067,+0.969
3678.476,23,20,+23.135,+0.998
3681.4,23,20,+23.260,+1.010
3687.173,23,20,+23.459,+1.097
3696.448,23,20,+23.853,+1.065
3700.667,23,20,+24.149,+1.286
3703.62,23,20,+24.294,+1.344
3704.417,23,20,+24.310,+1.343
3707.856,23,20,+24.307,+1.334
3710.658,23,20,+24.302,+1.382
3717.877,23,20,+24.593,+1.316
3723.914,23,20,+24.600,+1.250
3728.946,23,20,+24.706,+1.369
3730.991,23,20,+24.856,+1.413
3734.628,23,20,+24.930,+1.319
3738.502,23,20,+25.171,+1.329
3743.016,23,20,+25.451,+1.438
3746.941,23,20,+25.494,+1.354
3752.433,23,20,+25.759,+1.265
3757.094,23,20,+26.068,+1.305
3761.497,23,20,+26.343,+1.347
3764.814,23,20,+26.538,+1.335
3766.476,23,20,+26.669,+1.391
3767.276,23,20,+26.728,+1.414
3770.167,23,20,+26.868,+1.437
3775.936,23,20,+27.156,+1.420
3785.095,23,20,+27.449,+1.277
3789.385,23,20,+27.813,+1.626
3792.28,23,20,+27.926,+1.642
3793.047,23,20,+27.945,+1.643
3796.53,23,20,+27.951,+1.648
3799.293,23,20,+27.907,+1.674
3806.514,23,20,+28.263,+1.753
3812.62,23,20,+28.429,+1.638
3817.667,23,20,+28.596,+1.753
3819.761,23,20,+28.783,+1.710
3823.37,23,20,+28.844,+1.526
3827.292,23,20,+29.132,+1.486
3831.761,23,20,+29.383,+1.530
3835.667,23,20,+29.456,+1.415
3841.167,23,20,+29.747,+1.376
3845.799,23,20,+29.999,+1.490
3850.194,23,20,+30.279,+1.549
3853.448,23,20,+30.460,+1.552
3855.204,23,20,+30.617,+1.625
3855.991,23,20,+30.686,+1.657
3858.886,23,20,+30.877,+1.691
3864.562,23,20,+31.048,+1.585
3873.761,23,20,+31.327,+1.637
3877.917,23,20,+31.545,+1.761
3880.899,23,20,+31.702,+1.888
3881.672,23,20,+31.721,+1.897
3885.16,23,20,+31.711,+1.917
3887.915,23,20,+31.616,+1.894
3895.042,23,20,+31.846,+1.920
3901.042,23,20,+31.853,+1.751
3906.12,23,20,+32.003,+1.678
3908.027,23,20,+32.073,+1.657
3911.651,23,20,+32.096,+1.507
3915.495,23,20,+32.334,+1.509
3919.98,23,20,+32.555,+1.511
3923.886,23,20,+32.601,+1.464
3929.355,23,20,+32.755,+1.342
3934.027,23,20,+33.005,+1.472
3938.417,23,20,+33.206,+1.607
3941.808,23,20,+33.405,+1.669
3943.451,23,20,+33.532,+1.777
3944.199,23,20,+33.580,+1.811
3947.14,23,20,+33.684,+1.848
3952.873,23,20,+33.910,+1.756
3962.12,23,20,+34.298,+1.507
3966.404,23,20,+34.612,+1.507
3969.368,23,20,+34.817,+1.507
3970.132,23,19,+34.817,+1.507
3970.156,23,19,+34.842,+2.507
3973.607,23,19,+34.863,+2.523
3976.373,23,19,+34.784,+2.481
3983.399,23,19,+34.874,+2.367
3989.414,23,19,+34.891,+2.225
3994.451,23,19,+34.971,+2.163
3996.46,23,19,+35.038,+2.140
4000.02,23,19,+35.057,+2.092
4003.831,23,19,+35.259,+1.977
4008.314,23,19,+35.453,+2.004
4012.247,23,19,+35.491,+2.012
4017.628,23,19,+35.618,+2.026
4022.261,23,19,+35.845,+2.036
4026.651,23,19,+36.046,+2.057
4029.855,23,19,+36.182,+1.975
4031.558,23,19,+36.293,+1.958
4032.339,23,19,+36.351,+1.971
4035.253,23,19,+36.498,+2.049
4040.941,23,19,+36.696,+2.045
4050.115,23,19,+36.943,+2.112
4054.26,23,19,+37.181,+2.112
4057.199,23,19,+37.273,+2.141
4057.983,23,19,+37.284,+2.145
4061.428,23,19,+37.288,+2.152
4064.21,23,19,+37.213,+2.121
4071.342,23,19,+37.452,+2.152
4077.651,23,19,+37.698,+2.236
4082.73,23,19,+37.771,+2.234
4084.745,23,19,+37.875,+2.244
4088.37,23,19,+37.904,+2.215
4092.225,23,19,+38.134,+2.175
4096.714,23,19,+38.357,+2.224
4100.745,23,19,+38.515,+2.305
4106.23,23,19,+38.631,+2.376
4110.714,23,19,+38.764,+2.338
4115.089,23,19,+38.964,+2.376
4118.401,23,19,+39.029,+2.284
4120.011,23,19,+39.116,+2.248
4120.839,23,19,+39.165,+2.261
4123.73,23,19,+39.268,+2.319
4129.452,23,19,+39.473,+2.400
4138.543,23,19,+39.709,+2.505
4142.739,23,19,+39.962,+2.505
4145.714,23,19,+40.094,+2.518
4146.477,23,19,+40.115,+2.522
4149.966,23,19,+40.142,+2.533
4152.729,23,19,+40.115,+2.537
4159.89,23,19,+40.448,+2.590
4166.218,23,19,+40.649,+2.692
4171.228,23,19,+40.767,+2.698
4173.228,23,19,+40.897,+2.739
4176.886,23,19,+40.920,+2.728
4180.662,23,19,+41.044,+2.656
4185.108,23,19,+41.226,+2.655
4189.123,23,19,+41.356,+2.696
4194.594,23,19,+41.512,+2.820
4199.189,23,19,+41.691,+2.806
4203.58,23,19,+41.879,+2.851
4206.773,23,19,+41.965,+2.752
4208.435,23,19,+42.051,+2.728
4209.244,23,19,+42.087,+2.734
4212.13,23,19,+42.175,+2.791
4217.828,23,19,+42.427,+2.924
4227.02,23,19,+42.766,+3.009
4231.148,23,19,+42.934,+2.973
4234.1,23,19,+43.084,+2.982
4234.873,23,19,+43.108,+2.987
4238.361,23,19,+43.134,+3.001
4241.14,23,19,+43.083,+2.996
4248.329,23,19,+43.281,+3.060
4254.292,23,19,+43.215,+2.835
4259.635,23,19,+43.565,+3.105
4261.676,23,19,+43.699,+3.171
4265.365,23,19,+43.732,+3.176
4272.87,23,20,+43.732,+3.176
4275.448,23,19,+43.732,+3.176
4275.527,23,19,+46.043,+5.046
4279.714,23,19,+46.303,+5.299
4285.292,23,19,+46.594,+5.511
4290.104,23,19,+46.952,+5.638
4294.511,23,19,+47.153,+5.741
4297.89,23,19,+47.317,+5.750
4299.53,23,19,+47.427,+5.774
4300.315,23,19,+47.469,+5.795
4303.217,23,19,+47.562,+5.867
4308.983,23,19,+47.811,+5.991
4318.123,23,19,+48.106,+6.012
4322.299,23,19,+48.359,+5.994
4325.279,23,19,+48.487,+6.052
4326.186,23,19,+48.507,+6.063
4329.561,23,19,+48.538,+6.097
4332.358,23,19,+48.491,+6.106
4339.764,23,19,+48.711,+6.171
4345.728,23,19,+48.856,+6.170
4350.842,23,19,+48.893,+6.167
4352.814,23,19,+48.974,+6.176
4356.429,23,19,+48.992,+6.171
4360.413,23,19,+49.308,+6.251
4364.843,23,19,+49.456,+6.221
4368.829,23,19,+49.512,+6.228
4374.264,23,19,+49.652,+6.303
4378.911,23,19,+49.811,+6.308
4383.348,23,19,+50.045,+6.363
4386.601,23,19,+50.177,+6.323
4388.331,23,19,+50.298,+6.328
4389.14,23,19,+50.357,+6.349
4392.029,23,19,+50.459,+6.427
4397.788,23,19,+50.657,+6.445
4406.99,23,19,+50.989,+6.502
4411.122,23,19,+51.208,+6.460
4414.128,23,19,+51.391,+6.514
4414.929,23,19,+51.419,+6.526
4418.42,23,19,+51.459,+6.572
4421.201,23,19,+51.402,+6.587
4428.326,23,19,+51.515,+6.548
4434.373,23,19,+51.577,+6.457
4439.42,23,19,+51.662,+6.457
4441.389,23,19,+51.782,+6.469
4445.016,23,19,+51.820,+6.462
4448.917,23,19,+52.056,+6.407
4453.339,23,19,+52.182,+6.305
4457.245,23,19,+52.193,+6.217
4462.636,23,19,+52.336,+6.221
4467.308,23,19,+52.550,+6.169
4471.736,23,19,+52.787,+6.228
4474.994,23,19,+52.920,+6.182
4476.694,23,19,+53.036,+6.158
4477.477,23,19,+53.097,+6.165
4480.372,23,19,+53.210,+6.226
4486.108,23,19,+53.374,+6.272
4495.294,23,19,+53.678,+6.317
4499.403,23,19,+53.841,+6.242
4502.385,23,19,+53.966,+6.222
4503.152,23,19,+53.986,+6.223
4506.672,23,19,+54.013,+6.243
4509.44,23,19,+53.971,+6.222
4516.622,23,19,+54.196,+6.131
4522.701,23,19,+54.250,+6.028
4527.764,23,19,+54.354,+5.847
4529.701,23,19,+54.442,+5.838
4533.295,23,19,+54.428,+5.808
4537.139,23,19,+54.651,+5.728
4541.608,23,19,+54.843,+5.699
4545.514,23,19,+54.855,+5.631
4550.936,23,19,+55.090,+5.772
4555.627,23,19,+55.308,+5.744
4560.117,23,19,+55.556,+5.829
4563.36,23,19,+55.686,+5.798
4565.061,23,19,+55.826,+5.792
4565.906,23,19,+55.891,+5.812
4568.772,23,19,+56.037,+5.910
4574.529,23,19,+56.276,+5.908
4583.792,23,19,+56.659,+6.037
4587.949,23,19,+56.852,+6.050
4590.886,23,19,+56.841,+6.050
4591.652,23,19,+56.843,+6.065
4595.074,23,18,+56.843,+6.065
4595.167,23,18,+56.842,+6.088
4597.914,23,18,+56.800,+6.096
4605.152,23,18,+57.090,+6.166
4611.105,23,18,+57.161,+6.012
4616.292,23,18,+57.251,+6.076
4618.277,23,18,+57.374,+6.096
4621.899,23,18,+56.412,+6.102
4625.891,23,18,+56.662,+6.111
4630.233,23,18,+56.789,+6.111
4634.165,23,18,+56.886,+6.044
4639.573,23,18,+56.986,+6.067
4644.23,23,18,+57.152,+6.052
4648.652,23,18,+57.296,+6.131
4651.872,23,18,+57.419,+6.080
4653.542,23,18,+57.496,+6.074
4654.362,23,18,+57.532,+6.096
4657.23,23,18,+57.655,+6.198
4663.015,23,18,+57.758,+6.297
4672.061,23,18,+57.863,+6.295
4676.245,23,18,+58.174,+6.239
4679.174,23,18,+58.288,+6.239
4679.999,23,18,+58.307,+6.220
4683.361,23,17,+58.307,+6.220
4683.458,23,17,+58.341,+6.237
4686.235,23,17,+58.339,+6.285
4693.445,23,17,+58.467,+6.314
4699.414,23,17,+58.551,+6.126
4704.528,23,17,+58.605,+6.167
4706.467,23,17,+58.736,+6.189
4710.052,23,17,+58.786,+6.167
4713.928,23,17,+59.089,+6.096
4718.355,23,17,+59.267,+6.074
4722.277,23,17,+51.026,+6.071
4727.699,23,17,+51.230,+6.148
4732.324,23,17,+51.368,+6.055
4736.714,23,17,+51.562,+6.109
4739.933,23,17,+51.711,+6.043
4741.668,23,17,+51.782,+6.017
4742.402,23,17,+51.824,+6.037
4745.324,23,17,+51.923,+6.117
4750.98,23,17,+51.971,+6.098
4760.11,23,17,+52.209,+6.125
4764.246,23,17,+52.307,+6.132
4767.168,23,17,+52.327,+6.132
4767.964,23,17,+58.371,+6.114
4771.35,23,16,+58.371,+6.114
4771.475,23,16,+52.353,+6.136
4774.176,23,16,+52.322,+6.139
4781.361,23,16,+52.464,+6.186
4787.369,23,16,+52.623,+6.067
4792.433,23,16,+52.735,+6.099
4794.387,23,16,+52.769,+6.086
4797.964,23,16,+52.756,+6.025
4801.824,23,16,+52.947,+5.925
4806.28,23,16,+53.176,+5.898
4810.186,23,16,+53.224,+5.858
4815.686,23,16,+53.418,+6.021
4820.514,23,16,+53.679,+6.029
4824.799,23,16,+53.873,+6.063
4828.03,23,16,+54.014,+5.982
4829.686,23,16,+54.102,+5.988
4830.461,23,16,+54.143,+6.010
4833.373,23,16,+54.262,+6.087
4839.161,23,16,+54.497,+6.235
4848.293,23,16,+54.752,+6.194
4852.433,23,16,+54.900,+6.194
4855.395,23,16,+54.979,+6.194
4856.174,23,16,+54.995,+4.114
4859.561,23,15,+54.995,+4.114
4859.642,23,15,+55.025,+7.662
4862.452,23,15,+55.015,+7.624
4869.386,23,16,+55.015,+7.624
4869.777,23,16,+55.373,+0.321
4875.917,23,16,+55.629,+0.580
4881.098,23,16,+55.801,+0.860
4883.078,23,16,+55.896,+0.915
4886.7,23,16,+55.917,+0.963
4890.53,23,16,+56.116,+1.086
4895.139,23,16,+56.404,+1.291
4899.092,23,16,+56.509,+1.449
4904.561,23,16,+56.765,+1.610
4909.249,23,16,+56.969,+1.816
4913.702,23,16,+57.205,+2.053
4916.952,23,16,+57.377,+2.152
4918.639,23,16,+57.487,+2.273
4919.458,23,16,+57.530,+2.311
4922.357,23,16,+57.659,+2.378
4928.101,23,16,+57.821,+2.554
4937.202,23,16,+58.110,+2.775
4941.405,23,16,+58.295,+2.954
4944.483,23,16,+58.455,+3.155
4945.311,23,16,+58.477,+3.183
4948.78,23,16,+58.513,+3.240
4951.545,23,16,+58.492,+3.250
4958.793,23,16,+58.812,+3.572
4964.872,23,16,+59.052,+3.777
4969.995,23,16,+59.158,+3.960
4971.958,23,16,+59.252,+4.032
4975.519,23,16,+59.292,+4.114
4979.428,23,16,+59.554,+4.275
4983.947,23,16,+59.811,+4.427
4987.887,23,16,+59.868,+4.493
4993.338,23,16,+60.119,+4.603
4997.985,23,16,+60.316,+4.794
5002.428,23,16,+60.499,+5.030
5005.714,23,16,+60.662,+5.110
5007.364,23,16,+60.767,+5.217
5008.137,23,16,+60.819,+5.264
5011.079,23,16,+60.944,+5.343
5016.861,23,16,+61.115,+5.509
5025.983,23,16,+61.359,+5.653
5030.202,23,16,+61.595,+5.811
5033.139,23,16,+61.584,+5.802
5033.916,23,16,+61.588,+5.812
5037.378,23,16,+61.602,+5.852
5040.161,23,16,+61.574,+5.868
5047.342,23,16,+61.754,+6.154
5053.346,23,16,+61.902,+6.268
5058.417,23,16,+62.047,+6.408
5060.386,23,16,+62.104,+6.420
5063.962,23,16,+62.112,+6.477
5067.814,23,16,+62.312,+6.485
5072.273,23,16,+62.513,+6.617
5076.273,23,16,+62.654,+6.682
5081.745,23,16,+62.920,+6.758
5086.414,23,16,+63.121,+6.887
5090.923,23,16,+63.294,+7.096
5094.114,23,16,+63.464,+7.199
5095.815,23,16,+63.544,+7.247
5096.58,23,16,+63.581,+7.282
5099.502,23,16,+63.688,+7.362
5105.304,23,16,+63.839,+7.436
5114.361,23,16,+64.073,+7.574
5118.574,23,16,+64.261,+7.830
5121.503,23,16,+64.258,+7.793
5122.285,23,16,+64.266,+7.803
5125.799,23,16,+64.288,+7.908
5128.517,23,16,+64.293,+8.073
5135.728,23,16,+64.488,+7.837
5141.701,23,16,+64.632,+7.529
5146.818,23,16,+64.605,+7.458
5148.799,23,16,+64.652,+7.452
5152.417,23,16,+64.664,+7.421
5156.245,23,16,+55.029,+7.308
5160.745,23,16,+55.345,+7.339
5164.758,23,16,+55.524,+7.391
5170.237,23,16,+55.787,+7.295
5174.901,23,16,+56.064,+7.336
5179.326,23,16,+56.398,+7.417
5182.545,23,16,+56.524,+7.416
5184.217,23,16,+56.642,+7.423
5184.998,23,16,+56.704,+7.466
5187.89,23,16,+56.848,+7.610
5193.608,23,16,+57.179,+7.589
5202.701,23,16,+57.519,+7.450
5206.96,23,16,+57.897,+7.450
5209.828,23,16,+57.986,+7.450
5210.623,23,16,+64.097,+5.478
5214.115,23,16,+58.028,+5.478
5214.115,23,15,+58.028,+5.478
5216.873,23,15,+58.045,+9.893
5224.186,23,15,+58.453,+10.193
5230.197,23,15,+58.552,+10.294
5235.259,23,15,+58.676,+10.411
5237.306,23,15,+58.786,+10.451
5240.853,23,15,+58.805,+10.523
5244.728,23,15,+59.066,+10.628
5249.266,23,15,+59.392,+10.822
5253.235,23,15,+59.552,+10.875
5258.75,23,15,+59.858,+10.937
5263.438,23,15,+60.174,+11.065
5267.875,23,15,+60.534,+11.249
5271.119,23,15,+60.696,+11.306
5272.761,23,15,+60.804,+11.336
5273.558,23,15,+60.857,+11.361
5276.464,23,15,+60.987,+11.403
5282.152,23,15,+61.239,+11.472
5291.262,23,15,+61.623,+11.601
5295.416,23,15,+61.890,+11.712
5298.361,23,15,+62.023,+11.677
5299.166,23,15,+62.045,+11.686
5302.62,23,15,+62.082,+11.737
5305.428,23,15,+62.062,+11.739
5312.573,23,15,+62.391,+11.916
5318.561,23,15,+62.453,+11.993
5323.59,23,15,+62.524,+12.025
5325.529,23,15,+62.613,+12.054
5329.128,23,15,+62.628,+12.123
5333.002,23,15,+62.978,+12.242
5337.478,23,15,+63.319,+12.390
5341.419,23,15,+63.434,+12.366
5346.95,23,15,+63.676,+12.460
5351.637,23,15,+63.962,+12.576
5356.075,23,15,+64.221,+12.771
5359.294,23,15,+64.344,+12.855
5360.95,23,15,+64.436,+12.916
5361.747,23,15,+64.488,+12.943
5364.622,23,15,+64.616,+13.013
5370.34,23,15,+64.850,+13.114
5379.473,23,15,+65.008,+13.179
5383.628,23,15,+65.260,+13.244
5386.586,23,15,+65.455,+13.266
5387.361,23,15,+65.480,+13.277
5390.86,23,15,+65.521,+13.339
5393.63,23,15,+65.491,+13.374
5400.874,23,16,+65.491,+13.374
5401.099,23,16,+66.101,+0.270
5407.258,23,16,+66.354,+0.334
5412.557,23,16,+66.612,+0.535
5414.596,23,16,+66.778,+0.663
5418.206,23,16,+66.816,+0.513
5422.161,23,16,+67.153,+0.759
5426.73,23,16,+67.484,+1.019
5430.83,23,16,+67.707,+1.176
5436.336,23,16,+68.034,+1.349
5441.052,23,16,+68.347,+1.601
5445.569,23,16,+68.655,+1.806
5448.819,23,16,+68.813,+1.829
5450.511,23,16,+68.944,+1.948
5451.323,23,16,+68.990,+1.978
5454.183,23,16,+69.101,+1.977
5459.932,23,16,+69.424,+2.096
5469.114,23,16,+69.762,+2.142
5473.376,23,16,+70.133,+2.502
5476.452,23,16,+70.358,+2.684
5477.233,23,16,+70.385,+2.694
5480.745,23,16,+70.420,+2.662
5483.424,23,17,+70.420,+2.662
5483.567,23,17,+70.481,+0.066
5490.936,23,17,+70.961,+0.449
5496.936,23,17,+71.037,+0.466
5502.186,23,17,+71.187,+0.609
5504.217,23,17,+71.299,+0.676
5507.829,23,17,+71.311,+0.747
5511.7,23,17,+71.582,+0.802
5516.414,23,17,+71.984,+1.051
5520.342,23,17,+72.081,+1.088
5525.973,23,17,+72.496,+1.306
5530.717,23,17,+72.768,+1.364
5535.174,23,17,+73.013,+1.549
5538.451,23,17,+73.156,+1.598
5540.124,23,17,+73.279,+1.640
5540.923,23,17,+73.332,+1.658
5543.774,23,17,+73.445,+1.683
5549.531,23,17,+73.728,+1.844
5558.915,23,17,+74.191,+2.054
5566.97,23,18,+74.191,+2.054
5568.017,23,19,+74.191,+2.054
5573.828,23,20,+74.191,+2.054
5594.389,23,20,1 L,+17.684
5601.983,23,20,1 L,+18.246
5608.889,23,20,1 L,+19.056
5614.002,23,20,1 L,+19.230
5616.045,23,20,1 L,+19.347
5619.839,23,20,1 L,+19.486
5623.855,23,20,1 L,+19.710
5628.386,23,20,1 L,+19.872
5632.323,23,20,1 L,+19.908
5637.786,23,20,1 L,+19.919
5642.451,23,20,1 L,+20.066
5646.786,23,20,1 L,+20.176
5649.928,23,20,1 L,+20.186
5651.594,23,20,1 L,+20.243
5652.395,23,20,1 L,+20.284
5655.224,23,20,1 L,+20.392
5660.87,23,20,1 L,+20.404
5669.792,23,20,1 L,+20.204
5673.87,23,20,1 L,+20.171
5676.761,23,20,1 L,+20.093
5677.511,23,20,1 L,+20.088
5680.98,23,20,1 L,+20.091
5683.73,23,20,1 L,+20.089
5690.699,23,20,1 L,+20.000
5696.601,23,20,1 L,+19.836
5701.488,23,20,1 L,+19.748
5703.435,23,20,1 L,+19.743
5706.98,23,20,1 L,+19.721
5710.808,23,20,1 L,+19.754
5715.23,23,20,1 L,+19.765
5719.136,23,20,1 L,+19.746
5724.436,23,20,1 L,+19.615
5729.004,23,20,1 L,+19.593
5733.301,23,20,1 L,+19.665
5736.491,23,20,1 L,+19.698
5738.16,23,20,1 L,+19.736
5738.914,23,20,1 L,+19.748
5741.791,23,20,1 L,+19.868
5747.317,23,20,1 L,+19.655
5756.214,23,20,1 L,+19.403
5760.323,23,20,1 L,+19.429
5763.198,23,20,1 L,+19.407
5763.964,23,20,1 L,+19.413
5767.417,23,20,1 L,+19.443
5770.152,23,20,1 L,+19.430
5777.167,23,20,1 L,+19.274
5783.085,23,20,1 L,+19.168
5788.049,23,20,1 L,+19.118
5790.019,23,20,1 L,+19.121
5793.542,23,20,1 L,+19.119
5797.329,23,20,1 L,+19.051
5801.76,23,20,1 L,+19.065
5805.646,23,20,1 L,+19.001
5810.904,23,20,1 L,+18.915
5815.461,23,20,1 L,+18.927
5819.74,23,20,1 L,+19.005
5823.031,23,20,1 L,+19.169
5824.71,23,20,1 L,+19.213
5825.485,23,20,1 L,+19.239
5828.314,23,20,1 L,+19.369
5833.852,23,20,1 L,+19.191
5842.772,23,20,1 L,+18.989
5846.906,23,20,1 L,+18.935
5849.742,23,20,1 L,+18.840
5850.492,23,20,1 L,+18.831
5853.96,23,20,1 L,+18.865
5856.734,23,20,1 L,+18.947
5863.846,23,20,1 L,+18.831
5869.862,23,20,1 L,+18.757
5874.855,23,20,1 L,+18.716
5876.808,23,20,1 L,+18.728
5880.386,23,20,1 L,+18.735
5884.183,23,20,1 L,+18.700
5888.605,23,20,1 L,+18.692
5892.428,23,20,1 L,+18.668
5897.714,23,20,1 L,+18.509
5902.3,23,20,1 L,+18.550
5906.601,23,20,1 L,+18.625
5909.885,23,20,1 L,+18.756
5911.502,23,20,1 L,+18.784
5912.328,23,20,1 L,+18.804
5915.233,23,20,1 L,+18.950
5920.827,23,20,1 L,+18.830
5929.733,23,20,1 L,+18.553
5933.811,23,20,1 L,+18.462
5936.78,23,20,1 L,+18.502
5937.561,23,20,1 L,+18.516
5941.045,23,20,1 L,+18.598
5943.78,23,20,1 L,+18.670
5950.92,23,20,1 L,+18.565
5956.885,23,20,1 L,+18.426
5961.828,23,20,1 L,+18.324
5963.776,23,20,1 L,+18.329
5967.323,23,20,1 L,+17.208
5971.12,23,20,1 L,+16.192
5975.592,23,20,1 L,+16.048
5979.42,23,20,1 L,+16.027
5984.764,23,20,1 L,+15.851
5989.326,23,20,1 L,+15.847
5993.576,23,20,1 L,+15.826
5996.826,23,20,1 L,+15.931
5998.498,23,20,1 L,+16.003
5999.28,23,20,1 L,+16.049
6002.186,23,20,1 L,+16.240
6007.78,23,20,1 L,+16.081
6016.792,23,20,1 L,+15.790
6020.886,23,20,1 L,+15.776
6023.839,23,20,1 L,+15.724
6024.62,23,20,1 L,+15.726
6028.105,23,20,1 L,+15.789
6030.886,23,20,1 L,+15.381
6037.902,23,20,1 L,+14.946
6043.858,23,20,1 L,+14.512
6048.842,23,20,1 L,+14.390
6050.78,23,20,1 L,+14.381
6054.358,23,20,1 L,+14.392
6058.155,23,20,1 L,+14.340
6062.594,23,20,1 L,+14.393
6066.575,23,20,1 L,+14.425
6071.833,23,20,1 L,+14.273
6076.44,23,20,1 L,+14.213
6080.71,23,20,1 L,+14.153
6083.937,23,20,1 L,+14.144
6085.61,23,20,1 L,+14.132
6086.319,23,20,1 L,+14.148
6089.207,23,20,1 L,+14.292
6094.839,23,20,1 L,+14.012
6103.846,23,20,1 L,+13.736
6107.874,23,20,1 L,+13.637
6110.798,23,20,1 L,+13.544
6111.564,23,20,1 L,+13.537
6115.033,23,20,1 L,+13.575
6117.783,23,20,1 L,+13.616
6124.917,23,20,1 L,+13.420
6130.785,23,20,1 L,+13.183
6135.814,23,20,1 L,+13.087
6137.731,23,20,1 L,+13.081
6141.343,23,20,1 L,+13.084
6145.228,23,20,1 L,+13.064
6149.621,23,20,1 L,+13.068
6153.436,23,20,1 L,+13.059
6158.748,23,20,1 L,+12.841
6163.251,23,20,1 L,+12.840
6167.563,23,20,1 L,+12.866
6170.731,23,20,1 L,+12.895
6172.416,23,20,1 L,+12.958
6173.234,23,20,1 L,+13.018
6176.823,23,20,1 L,+13.060
6182.764,23,20,1 L,+12.296
6191.944,23,20,1 L,+12.143
6196.037,23,20,1 L,+12.088
6198.975,23,20,1 L,+12.093
6199.772,23,20,1 L,+12.099
6203.225,23,20,1 L,+12.150
6205.944,23,20,1 L,+12.202
6212.978,23,20,1 L,+11.998
6218.834,23,20,1 L,+11.827
6223.933,23,20,1 L,+11.766
6225.844,23,20,1 L,+11.757
6229.387,23,20,1 L,+11.772
6233.215,23,20,1 L,+11.734
6237.577,23,20,1 L,+11.718
6242.03,23,20,1 L,+12.229
6247.764,23,20,1 L,+12.416
6252.42,23,20,1 L,+12.559
6256.827,23,20,1 L,+12.686
6259.999,23,20,1 L,+12.735
6261.637,23,20,1 L,+12.790
6262.36,23,20,1 L,+12.814
6265.332,23,20,1 L,+12.921
6271.038,23,20,1 L,+12.884
6280.014,23,20,1 L,+32.198
6287.822,23,20,1 L,+12.510
6293.979,23,20,1 L,+10.664
6301.062,23,20,1 L,+10.446
6306.951,23,20,1 L,+10.247
6312.029,23,20,1 L,+10.441
6313.951,23,20,1 L,+10.490
6317.514,23,20,1 L,+10.377
6321.342,23,20,1 L,+10.302
6325.811,23,20,1 L,+10.468
6329.686,23,20,1 L,+10.486
6335.045,23,20,1 L,+10.375
6339.576,23,20,1 L,+10.399
6343.92,23,20,1 L,+10.601
6347.154,23,20,1 L,+10.675
6348.748,23,20,1 L,+10.745
6349.498,23,20,1 L,+10.786
6352.389,23,20,1 L,+10.873
6358.014,23,20,1 L,+10.978
6366.995,23,20,1 L,+19.449
6374.85,23,20,1 L,+11.135
6378.194,23,19,1 L,+11.135
6378.299,23,19,1 L,+11.297
6380.973,23,19,1 L,+11.334
6388.198,23,19,1 L,+11.311
6394.198,23,19,1 L,+11.225
6399.261,23,19,1 L,+11.053
6401.136,23,19,1 L,+10.920
6404.717,23,19,1 L,+10.852
6408.514,23,19,1 L,+10.571
6412.928,23,19,1 L,+10.438
6416.717,23,19,1 L,+10.372
6422.092,23,19,1 L,+10.178
6426.639,23,19,1 L,+10.089
6431.06,23,19,1 L,+10.102
6434.288,23,19,1 L,+10.158
6435.901,23,19,1 L,+10.161
6436.652,23,19,1 L,+10.186
6439.558,23,19,1 L,+9.950
6445.276,23,19,1 L,+9.561
6454.228,23,19,1 L,+9.295
6458.446,23,19,1 L,+9.364
6461.399,23,19,1 L,+9.401
6462.214,23,19,1 L,+9.413
6465.699,23,19,1 L,+9.481
6468.394,23,19,1 L,+9.525
6475.579,23,19,1 L,+9.506
6481.502,23,19,1 L,+9.517
6486.542,23,19,1 L,+9.502
6488.499,23,19,1 L,+9.473
6492.073,23,19,1 L,+9.442
6495.86,23,19,1 L,+9.133
6500.328,23,19,1 L,+9.029
6504.246,23,19,1 L,+8.838
6509.691,23,19,1 L,+8.294
6514.336,23,19,1 L,+8.197
6518.772,23,19,1 L,+8.256
6521.949,23,19,1 L,+8.171
6523.62,23,19,1 L,+8.131
6524.369,23,19,1 L,+8.137
6527.258,23,19,1 L,+8.280
6532.933,23,19,1 L,+7.703
6541.994,23,19,1 L,+7.352
6549.79,23,19,1 L,+7.074
6556.399,23,19,1 L,+1.793
6563.687,23,19,1 L,+1.508
6569.602,23,19,1 L,+1.315
6574.785,23,19,1 L,+0.638
6576.7,23,19,1 L,+0.433
6580.313,23,19,1 L,+0.226
6584.477,23,19,1 L,+0.241
6589.028,23,19,1 L,+0.218
6592.946,23,19,1 L,+0.202
6598.714,23,19,1 L,+0.400
6603.605,23,19,1 L,+0.493
6608.087,23,19,1 L,+0.591
6611.29,23,19,1 L,+0.565
6612.997,23,19,1 L,+0.634
6613.785,23,19,1 L,+0.696
6617.013,23,19,1 L,+1.174
6622.979,23,19,1 L,+1.472
6632.16,23,19,1 L,+1.285
6636.36,23,19,1 L,+1.401
6639.369,23,19,1 L,+1.177
6640.129,23,19,1 L,+1.152
6643.557,23,19,1 L,+1.058
6646.239,23,19,1 L,+0.929
6653.603,23,19,1 L,+1.090
6659.55,23,20,1 L,+1.090
6659.699,23,20,1 L,+0.098
6665.076,23,20,1 L,+0.224
6667.089,23,20,1 L,+0.269
6670.699,23,20,1 L,+0.210
6674.728,23,20,1 L,+0.437
6679.294,23,20,1 L,+0.551
6683.341,23,20,1 L,+0.654
6688.965,23,20,1 L,+0.697
6693.631,23,20,1 L,+0.810
6698.014,23,20,1 L,+1.040
6701.203,23,20,1 L,+1.060
6702.889,23,20,1 L,+1.108
6703.65,23,20,1 L,+1.163
6707.144,23,20,1 L,+1.931
6713.114,23,20,1 L,+2.233
6722.345,23,20,1 L,+2.431
6726.477,23,20,1 L,+2.554
6729.436,23,20,1 L,+2.581
6730.248,23,20,1 L,+2.592
6733.639,23,20,1 L,+2.627
6736.314,23,20,1 L,+2.574
6743.557,23,20,1 L,+2.636
6749.545,23,20,1 L,+2.526
6754.595,23,20,1 L,+2.414
6756.59,23,20,1 L,+2.480
6760.16,23,20,1 L,+2.519
6764.123,23,20,1 L,+2.461
6768.576,23,20,1 L,+2.442
6772.418,23,20,1 L,+2.385
6777.872,23,20,1 L,+2.171
6782.505,23,20,1 L,+2.131
6786.858,23,20,1 L,+2.311
6790.104,23,20,1 L,+2.372
6791.791,23,20,1 L,+2.392
6792.531,23,20,1 L,+2.410
6795.399,23,20,1 L,+2.503
6801.13,23,20,1 L,+2.438
6810.03,23,20,1 L,+2.373
6814.167,23,20,1 L,+2.518
6817.104,23,20,1 L,+2.478
6817.913,23,20,1 L,+2.518
6821.53,23,20,1 L,+2.588
6824.352,23,20,1 L,+2.036
6831.542,23,20,1 L,+1.966
6837.401,23,20,1 L,+1.580
6842.514,23,20,1 L,+1.426
6844.465,23,20,1 L,+1.371
6848.004,23,20,1 L,+1.391
6851.928,23,20,1 L,+1.284
6856.417,23,20,1 L,+1.246
6860.389,23,20,1 L,+1.317
6865.873,23,20,1 L,+1.184
6870.517,23,20,1 L,+1.241
6874.889,23,20,1 L,+1.304
6878.076,23,20,1 L,+1.378
6879.718,23,20,1 L,+1.426
6880.499,23,20,1 L,+1.462
6883.342,23,20,1 L,+1.635
6889.046,23,20,1 L,+1.537
6898.013,23,20,1 L,+1.281
6902.128,23,20,1 L,+1.258
6905.031,23,20,1 L,+1.187
6905.858,23,20,1 L,+1.178
6909.23,23,20,1 L,+1.152
6911.96,23,20,1 L,+1.138
6919.189,23,20,1 L,+1.251
6925.095,23,20,1 L,+1.141
6930.223,23,20,1 L,+1.221
6932.152,23,20,1 L,+1.227
6935.66,23,20,1 L,+1.158
6939.488,23,20,1 L,+1.167
6943.999,23,20,1 L,+1.253
6947.847,23,20,1 L,+1.185
6953.311,23,20,1 L,+1.130
6957.917,23,20,1 L,+1.213
6962.302,23,20,1 L,+1.289
6965.514,23,20,1 L,+1.369
6967.164,23,20,1 L,+1.436
6967.929,23,20,1 L,+1.452
6970.77,23,20,1 L,+1.544
6976.414,23,20,1 L,+1.488
6985.464,23,20,1 L,+1.383
6993.557,23,19,1 L,+1.383
6993.593,23,19,1 L,+4.370
6997.042,23,19,1 L,+4.424
6999.827,23,19,1 L,+4.392
7007.061,23,19,1 L,+4.653
7012.972,23,19,1 L,+4.675
7018.15,23,19,1 L,+4.749
7020.073,23,19,1 L,+4.787
7023.672,23,19,1 L,+4.775
7027.495,23,19,1 L,+4.921
7031.964,23,19,1 L,+4.980
7035.863,23,19,1 L,+5.007
7041.301,23,19,1 L,+5.006
7045.961,23,19,1 L,+5.030
7050.254,23,19,1 L,+5.193
7053.472,23,19,1 L,+5.311
7055.16,23,19,1 L,+5.389
7055.91,23,19,1 L,+5.426
7058.786,23,19,1 L,+5.567
7064.452,23,19,1 L,+5.632
7073.502,23,19,1 L,+5.811
7077.579,23,19,1 L,+5.821
7081.231,23,19,1 L,+5.917
7084.608,23,18,1 L,+5.917
7084.699,23,18,1 L,+5.932
7087.462,23,18,1 L,+5.896
7094.577,23,18,1 L,+6.121
7100.499,23,18,1 L,+6.092
7105.597,23,18,1 L,+6.174
7107.431,23,18,1 L,+6.215
7111.005,23,18,1 L,+6.183
7114.752,23,18,1 L,+6.280
7119.193,23,18,1 L,+6.435
7122.995,23,18,1 L,+6.365
7128.417,23,18,1 L,+6.392
7133.06,23,18,1 L,+6.461
7137.43,23,18,1 L,+6.497
7140.599,23,18,1 L,+6.515
7142.248,23,18,1 L,+6.548
7142.999,23,18,1 L,+6.579
7145.899,23,18,1 L,+6.701
7151.528,23,18,1 L,+6.836
7160.589,23,18,1 L,+6.967
7164.74,23,18,1 L,+7.023
7167.647,23,18,1 L,+7.096
7168.443,23,18,1 L,+7.107
7171.867,23,18,1 L,+7.119
7174.604,23,18,1 L,+7.080
7181.758,23,18,1 L,+7.278
7187.693,23,18,1 L,+7.238
7192.728,23,18,1 L,+7.342
7194.685,23,18,1 L,+7.397
7198.229,23,18,1 L,+7.337
7202.002,23,18,1 L,+7.417
7206.462,23,18,1 L,+7.480
7210.246,23,18,1 L,+7.470
7215.653,23,18,1 L,+7.505
7220.228,23,18,1 L,+7.510
7224.637,23,18,1 L,+7.664
7227.827,23,18,1 L,+7.702
7229.515,23,18,1 L,+7.725
7230.233,23,18,1 L,+7.745
7233.117,23,18,1 L,+7.868
7238.793,23,18,1 L,+7.939
7247.813,23,18,1 L,+7.976
7251.836,23,18,1 L,+7.935
7254.76,23,18,1 L,+7.969
7255.55,23,18,1 L,+7.977
7259.113,23,18,1 L,+8.109
7262.2,23,18,1 L,+8.421
7269.59,23,18,1 L,+8.807
7275.56,23,18,1 L,+8.767
7280.627,23,18,1 L,+8.800
7282.56,23,18,1 L,+8.815
7286.093,23,18,1 L,+8.769
7289.973,23,18,1 L,+9.005
7294.499,23,18,1 L,+9.178
7298.368,23,18,1 L,+9.173
7303.828,23,18,1 L,+9.169
7308.484,23,18,1 L,+9.241
7312.885,23,18,1 L,+9.416
7315.98,23,18,1 L,+9.428
7317.611,23,18,1 L,+9.450
7318.372,23,18,1 L,+9.485
7321.245,23,18,1 L,+9.619
7326.928,23,18,1 L,+9.716
7335.899,23,18,1 L,+9.766
7340.045,23,18,1 L,+9.864
7342.951,23,18,1 L,+9.985
7343.748,23,18,1 L,+10.001
7347.195,23,18,1 L,+10.016
7349.999,23,18,1 L,+9.964
7357.173,23,18,1 L,+10.199
7363.187,23,18,1 L,+10.225
7368.314,23,18,1 L,+10.301
7370.234,23,18,1 L,+10.339
7373.792,23,18,1 L,+10.336
7377.68,23,18,1 L,+10.443
7382.123,23,18,1 L,+10.567
7386.001,23,18,1 L,+10.563
7391.36,23,18,1 L,+10.570
7395.96,23,18,1 L,+10.615
7400.331,23,18,1 L,+10.763
7403.502,23,18,1 L,+10.849
7405.229,23,18,1 L,+10.896
7405.928,23,18,1 L,+10.926
7408.771,23,18,1 L,+11.065
7414.385,23,18,1 L,+11.064
7423.399,23,18,1 L,+11.066
7427.541,23,18,1 L,+11.071
7430.531,23,18,1 L,+11.213
7431.317,23,18,1 L,+11.229
7434.773,23,18,1 L,+11.249
7437.514,23,18,1 L,+11.198
7444.748,23,18,1 L,+11.356
7450.641,23,18,1 L,+11.287
7455.637,23,18,1 L,+11.208
7457.585,23,18,1 L,+11.239
7461.135,23,18,1 L,+11.194
7464.932,23,18,1 L,+11.359
7469.448,23,18,1 L,+11.476
7473.276,23,18,1 L,+11.409
7478.776,23,18,1 L,+11.523
7483.385,23,18,1 L,+11.587
7487.73,23,18,1 L,+11.693
7490.901,23,18,1 L,+11.781
7492.557,23,18,1 L,+11.815
7493.292,23,18,1 L,+11.835
7496.172,23,18,1 L,+11.953
7501.839,23,18,1 L,+11.978
7510.927,23,18,1 L,+12.076
7514.999,23,18,1 L,+11.974
7517.993,23,18,1 L,+12.076
7518.815,23,18,1 L,+12.087
7522.224,23,18,1 L,+12.101
7524.984,23,18,1 L,+12.035
7532.112,23,18,1 L,+12.159
7537.995,23,18,1 L,+12.166
7543.003,23,18,1 L,+11.965
7544.913,23,18,1 L,+11.938
7548.443,23,18,1 L,+10.949
7552.198,23,18,1 L,+10.616
7556.699,23,18,1 L,+10.629
7560.534,23,18,1 L,+10.529
7565.983,23,18,1 L,+10.371
7570.53,23,18,1 L,+10.327
7574.901,23,18,1 L,+10.332
7578.104,23,18,1 L,+10.424
7579.745,23,18,1 L,+10.456
7580.51,23,18,1 L,+10.488
7583.37,23,18,1 L,+10.656
7589.12,23,18,1 L,+10.806
7598.167,23,18,1 L,+10.860
7602.245,23,18,1 L,+10.894
7605.281,23,18,1 L,+11.003
7606.03,23,18,1 L,+11.018
7609.504,23,18,1 L,+11.045
7612.502,23,18,1 L,+11.025
7619.434,23,18,1 L,+11.183
7625.354,23,18,1 L,+11.170
7630.417,23,18,1 L,+11.181
7632.314,23,18,1 L,+11.210
7635.85,23,18,1 L,+11.209
7639.66,23,18,1 L,+11.368
7644.171,23,18,1 L,+11.530
7647.994,23,18,1 L,+11.529
7653.313,23,18,1 L,+11.465
7657.923,23,18,1 L,+11.535
7662.26,23,18,1 L,+11.691
7665.514,23,18,1 L,+11.711
7667.061,23,18,1 L,+11.727
7667.793,23,18,1 L,+11.749
7670.64,23,18,1 L,+11.849
7676.338,23,18,1 L,+11.913
7685.56,23,18,1 L,+12.103
7689.56,23,18,1 L,+12.120
7692.477,23,18,1 L,+12.170
7693.243,23,18,1 L,+12.181
7696.701,23,18,1 L,+12.196
7699.429,23,18,1 L,+12.165
7706.679,23,18,1 L,+12.380
7712.554,23,18,1 L,+12.370
7717.616,23,18,1 L,+12.367
7719.507,23,18,1 L,+12.408
7723.101,23,18,1 L,+12.382
7726.771,23,18,1 L,+12.451
7731.25,23,18,1 L,+12.597
7735.093,23,18,1 L,+12.591
7740.425,23,18,1 L,+12.466
7745.027,23,18,1 L,+12.517
7749.356,23,18,1 L,+12.586
7752.399,23,18,1 L,+12.547
7754.009,23,18,1 L,+12.546
7754.759,23,18,1 L,+12.571
7757.634,23,18,1 L,+12.696
7763.397,23,18,1 L,+12.833
7772.59,23,18,1 L,+13.057
7776.696,23,18,1 L,+13.102
7779.654,23,18,1 L,+13.213
7780.451,23,18,1 L,+13.224
7783.873,23,18,1 L,+13.243
7786.623,23,18,1 L,+13.184
7793.951,23,18,1 L,+13.586
7799.745,23,18,1 L,+13.572
7804.834,23,18,1 L,+13.537
7806.716,23,18,1 L,+13.544
7810.269,23,18,1 L,+13.498
7813.974,23,18,1 L,+13.527
7818.431,23,18,1 L,+13.556
7822.298,23,18,1 L,+13.551
7827.693,23,18,1 L,+13.546
7832.327,23,18,1 L,+13.631
7836.693,23,18,1 L,+13.767
7839.884,23,18,1 L,+13.823
7841.52,23,18,1 L,+13.835
7842.286,23,18,1 L,+13.855
7845.166,23,18,1 L,+13.957
7850.791,23,18,1 L,+14.041
7859.963,23,18,1 L,+14.245
7864.025,23,18,1 L,+14.281
7867.041,23,18,1 L,+14.375
7867.822,23,18,1 L,+14.386
7871.26,23,18,1 L,+14.399
7873.979,23,18,1 L,+14.334
7881.072,23,18,1 L,+14.351
7886.963,23,18,1 L,+14.290
7892.027,23,18,1 L,+14.273
7893.951,23,18,1 L,+14.280
7897.513,23,18,1 L,+14.221
7901.279,23,18,1 L,+14.366
7905.763,23,18,1 L,+14.442
7909.544,23,18,1 L,+14.357
7914.904,23,18,1 L,+14.341
7919.482,23,18,1 L,+14.370
7923.888,23,18,1 L,+14.533
7927.06,23,18,1 L,+14.587
7928.669,23,18,1 L,+14.591
7929.435,23,18,1 L,+14.604
7932.279,23,18,1 L,+14.705
7937.966,23,18,1 L,+14.762
7947.03,23,18,1 L,+14.841
7951.102,23,18,1 L,+14.700
7954.071,23,18,1 L,+14.767
7954.852,23,18,1 L,+14.776
7958.305,23,18,1 L,+14.787
7961.04,23,18,1 L,+14.734
7968.327,23,18,1 L,+14.914
7974.246,23,18,1 L,+14.871
7979.317,23,18,1 L,+14.869
7981.2,23,18,1 L,+14.881
7984.716,23,18,1 L,+14.831
7988.497,23,18,1 L,+14.924
7992.959,23,18,1 L,+15.019
7996.843,23,18,1 L,+14.982
8002.172,23,18,1 L,+15.008
8006.792,23,18,1 L,+15.059
8011.144,23,18,1 L,+15.236
8014.329,23,18,1 L,+15.243
8015.957,23,18,1 L,+15.233
8016.7,23,18,1 L,+15.247
8019.513,23,18,1 L,+15.347
8025.298,23,18,1 L,+15.361
8037.487,23,18,1 L,+18.620
8065.565,23,19,1 L,+18.620
8073.593,23,19,1 L,+3.866
8082.863,23,19,1 L,+4.259
8092.427,23,19,1 L,+5.871
8098.593,23,19,1 L,+6.075
8102.025,23,19,1 L,+6.213
8107.353,23,19,1 L,+6.608
8111.525,23,19,1 L,+6.265
8116.025,23,19,1 L,+5.710
8119.828,23,19,1 L,+4.670
8125.295,23,19,1 L,+4.459
8129.685,23,19,1 L,+4.505
8133.826,23,19,1 L,+4.410
8136.81,23,19,1 L,+4.251
8138.342,23,19,1 L,+4.215
8139.092,23,19,1 L,+4.211
8141.732,23,19,1 L,+4.208
8147.1,23,19,1 L,+4.030
8155.791,23,19,1 L,+3.046
8159.728,23,19,+201.651,+2.752
8162.541,23,19,+201.733,+2.579
8163.314,23,19,1 L,+2.565
8166.714,23,19,+201.793,+2.581
8169.421,23,19,1 L,+2.254
8176.427,23,19,1 L,+1.922
8182.228,23,19,1 L,+1.559
8187.057,23,19,1 L,+1.344
8188.965,23,19,1 L,+1.311
8192.341,23,18,1 L,+1.311
8192.419,23,18,1 L,+1.280
8196.171,23,18,1 L,+1.178
8200.567,23,18,1 L,+1.176
8205.324,23,18,2 L,+2.032
8210.822,23,18,2 L,+2.213
8215.369,23,18,2 L,+2.193
8219.54,23,18,2 L,+2.108
8222.593,23,18,2 L,+2.140
8224.191,23,18,2 L,+2.150
8224.927,23,18,2 L,+2.151
8227.7,23,18,2 L,+2.282
8233.182,23,18,2 L,+2.259
8241.837,23,18,2 L,+1.864
8245.871,23,18,2 L,+1.795
8248.659,23,18,2 L,+1.662
8249.441,23,18,2 L,+1.645
8252.813,23,18,2 L,+1.611
8255.541,23,18,2 L,+1.522
8262.488,23,18,2 L,+1.217
8268.284,23,18,2 L,+0.980
8273.294,23,18,2 L,+0.956
8275.169,23,18,2 L,+0.949
8278.669,23,18,2 L,+0.918
8282.513,23,18,2 L,+1.011
8286.871,23,18,2 L,+1.015
8290.67,23,18,2 L,+0.995
8295.984,23,18,2 L,+0.921
8300.512,23,18,2 L,+0.893
8304.662,23,18,2 L,+0.839
8307.801,23,18,2 L,+0.931
8309.371,23,18,2 L,+0.918
8310.117,23,18,2 L,+0.927
8312.904,23,18,2 L,+1.034
8318.388,23,18,2 L,+0.938
8327.217,23,18,2 L,+0.840
8331.114,23,18,2 L,+0.658
8334.059,23,18,2 L,+0.637
8334.832,23,18,2 L,+0.632
8338.198,23,18,2 L,+0.578
8340.832,23,18,2 L,+0.437
8347.806,23,18,2 L,+0.316
8353.76,23,18,2 L,+0.406
8358.744,23,18,2 L,+0.339
8360.619,23,18,2 L,+0.303
8364.119,23,18,2 L,+0.215
8367.994,23,18,2 L,+0.359
8372.478,23,18,2 L,+0.522
8376.244,23,18,2 L,+0.426
8381.713,23,18,2 L,+0.470
8386.322,23,18,2 L,+0.537
8390.572,23,18,2 L,+0.517
8393.7,23,18,2 L,+0.526
8395.292,23,18,2 L,+0.551
8396.033,23,18,2 L,+0.583
8398.844,23,18,2 L,+0.722
8404.371,23,18,2 L,+0.656
8413.299,23,18,2 L,+0.488
8417.299,23,18,2 L,+0.380
8420.343,23,18,2 L,+0.474
8421.029,23,18,2 L,+0.479
8424.393,23,18,2 L,+0.440
8427.012,23,18,2 L,+0.332
8434.772,23,18,2 L,+0.940
8441.044,23,18,2 L,+1.263
8446.113,23,18,2 L,+1.304
8447.985,23,18,2 L,+1.339
8451.492,23,18,2 L,+0.752
8455.398,23,18,2 L,+0.458
8459.715,23,18,2 L,+0.319
8463.531,23,18,2 L,+0.303
8468.999,23,18,2 L,+0.373
8473.641,23,18,2 L,+0.520
8477.76,23,18,2 L,+0.428
8480.843,23,18,2 L,+0.434
8482.471,23,18,2 L,+0.480
8483.248,23,18,2 L,+0.510
8486.045,23,18,2 L,+0.644
8491.609,23,18,2 L,+0.672
8500.516,23,18,2 L,+0.517
8504.516,23,18,2 L,+0.471
8507.584,23,18,2 L,+0.624
8508.393,23,18,2 L,+0.636
8511.698,23,18,2 L,+0.653
8514.341,23,18,2 L,+0.659
8521.4,23,18,2 L,+0.530
8527.197,23,18,2 L,+0.421
8532.306,23,18,2 L,+0.389
8534.228,23,18,2 L,+0.368
8537.659,23,18,2 L,+0.325
8541.541,23,18,2 L,+0.389
8545.936,23,18,2 L,+0.331
8549.869,23,18,2 L,+0.374
8555.275,23,18,2 L,+0.357
8559.994,23,18,2 L,+0.478
8564.197,23,18,2 L,+0.425
8567.26,23,18,2 L,+0.383
8568.9,23,18,2 L,+0.435
8569.635,23,18,2 L,+0.468
8572.436,23,18,2 L,+0.574
8578.041,23,18,2 L,+0.403
8587.212,23,18,2 L,+0.404
8591.481,23,18,2 L,+0.497
8594.449,23,18,2 L,+0.594
8595.233,23,18,2 L,+0.605
8598.757,23,18,2 L,+0.792
8601.744,23,18,2 L,+1.132
8609.54,23,18,2 L,+1.828
8615.58,23,18,2 L,+1.889
8620.671,23,18,2 L,+0.681
8622.647,23,18,2 L,+0.472
8626.236,23,18,2 L,+0.400
8630.161,23,18,2 L,+0.418
8634.525,23,18,2 L,+0.336
8638.463,23,18,2 L,+0.375
8643.994,23,18,2 L,+0.442
8648.681,23,18,2 L,+0.580
8652.904,23,18,2 L,+0.535
8656.0,23,18,2 L,+0.524
8657.6,23,18,2 L,+0.548
8658.342,23,18,2 L,+0.561
8661.116,23,18,2 L,+0.654
8666.789,23,18,2 L,+0.551
8675.886,23,18,2 L,+0.374
8680.098,23,18,2 L,+0.449
8683.059,23,18,2 L,+0.533
8683.86,23,18,2 L,+0.541
8687.171,23,18,2 L,+0.511
8689.861,23,18,2 L,+0.464
8697.028,23,18,2 L,+0.475
8702.887,23,18,2 L,+0.425
8708.116,23,18,2 L,+0.423
8710.006,23,18,2 L,+0.466
8713.522,23,18,2 L,+0.450
8717.491,23,18,2 L,+0.556
8721.881,23,18,2 L,+0.590
8726.256,23,18,2 L,+1.167
8731.928,23,18,2 L,+1.403
8736.553,23,18,2 L,+1.513
8740.756,23,18,2 L,+1.508
8743.86,23,18,2 L,+1.511
8745.46,23,18,2 L,+1.508
8746.15,23,18,2 L,+1.520
8748.928,23,18,2 L,+1.597
8754.513,23,18,2 L,+1.578
8763.481,23,18,2 L,+1.034
8767.427,23,18,2 L,+0.820
8770.265,23,18,2 L,+0.655
8771.033,23,18,2 L,+0.633
8774.406,23,18,2 L,+0.618
8777.109,23,18,2 L,+0.667
8784.234,23,18,2 L,+0.626
8790.071,23,18,2 L,+0.437
8795.205,23,18,2 L,+0.483
8797.074,23,18,2 L,+0.467
8800.56,23,18,2 L,+0.448
8804.359,23,18,2 L,+0.377
8808.869,23,18,2 L,+0.504
8812.615,23,18,2 L,+0.380
8818.128,23,18,2 L,+0.381
8822.748,23,18,2 L,+0.435
8827.0,23,18,2 L,+0.362
8830.161,23,18,2 L,+0.393
8831.755,23,18,2 L,+0.407
8832.505,23,18,2 L,+0.413
8835.349,23,18,2 L,+0.482
8841.091,23,18,2 L,+0.344
8850.216,23,18,2 L,+0.240
8854.638,23,18,2 L,+0.499
8857.54,23,18,2 L,+0.516
8858.312,23,18,2 L,+0.519
8861.633,23,18,2 L,+0.523
8864.274,23,18,2 L,+0.520
8871.603,23,18,2 L,+0.602
8877.434,23,18,2 L,+0.572
8882.606,23,18,2 L,+0.656
8884.481,23,18,2 L,+0.686
8888.013,23,18,2 L,+0.679
8891.81,23,18,2 L,+0.676
8896.247,23,18,2 L,+0.632
8900.106,23,18,2 L,+0.593
8905.575,23,18,2 L,+0.473
8910.2,23,18,2 L,+0.508
8914.513,23,18,2 L,+0.552
8917.638,23,18,2 L,+0.591
8919.263,23,18,2 L,+0.628
8920.013,23,18,2 L,+0.655
8922.871,23,18,2 L,+0.792
8928.449,23,18,2 L,+0.614
8937.497,23,18,2 L,+0.447
8941.667,23,18,2 L,+0.470
8944.627,23,18,2 L,+0.566
8945.434,23,18,2 L,+0.578
8948.759,23,18,2 L,+0.604
8951.406,23,18,2 L,+0.593
8958.529,23,18,2 L,+0.576
8964.443,23,18,2 L,+0.544
8969.541,23,18,2 L,+0.554
8971.466,23,18,2 L,+0.574
8975.002,23,18,2 L,+0.579
8978.877,23,18,2 L,+0.602
8983.221,23,18,2 L,+0.482
8987.159,23,18,2 L,+0.513
8992.651,23,18,2 L,+0.446
8997.319,23,18,2 L,+0.516
9001.655,23,18,2 L,+0.512
9004.778,23,18,2 L,+0.515
9006.434,23,18,2 L,+0.563
9007.198,23,18,2 L,+0.604
9010.031,23,18,2 L,+0.764
9015.695,23,18,2 L,+0.652
9024.735,23,18,2 L,+0.399
9028.813,23,18,2 L,+0.307
9031.798,23,18,2 L,+0.434
9032.54,23,18,2 L,+0.449
9035.901,23,18,2 L,+0.462
9038.601,23,18,2 L,+0.454
9045.726,23,18,2 L,+0.451
9051.653,23,18,2 L,+0.443
9056.853,23,18,2 L,+0.506
9058.74,23,18,2 L,+0.490
9062.227,23,18,2 L,+0.434
9066.137,23,18,2 L,+0.404
9070.574,23,18,2 L,+0.403
9074.528,23,18,2 L,+0.452
9080.09,23,18,2 L,+0.393
9084.809,23,18,2 L,+0.378
9089.117,23,18,2 L,+0.399
9092.271,23,18,2 L,+0.390
9093.9,23,18,2 L,+0.432
9094.671,23,18,2 L,+0.464
9097.498,23,18,2 L,+0.589
9103.198,23,18,2 L,+0.438
9112.324,23,18,2 L,+0.347
9116.463,23,18,2 L,+0.373
9119.494,23,18,2 L,+0.495
9120.244,23,18,2 L,+0.507
9123.588,23,18,2 L,+0.528
9126.213,23,18,2 L,+0.483
9133.361,23,18,2 L,+0.443
9139.341,23,18,2 L,+0.365
9144.616,23,18,2 L,+0.448
9146.531,23,18,2 L,+0.463
9150.11,23,18,2 L,+0.443
9153.965,23,18,2 L,+0.438
9158.56,23,18,2 L,+0.473
9162.452,23,18,2 L,+0.497
9168.063,23,18,2 L,+0.452
9172.792,23,18,2 L,+0.555
9177.094,23,18,2 L,+0.549
9180.201,23,18,2 L,+0.517
9181.827,23,18,2 L,+0.527
9182.58,23,18,2 L,+0.540
9185.453,23,18,2 L,+0.639
9191.159,23,18,2 L,+0.589
9200.267,23,18,2 L,+0.451
9204.486,23,18,2 L,+0.459
9207.361,23,18,2 L,+0.485
9208.158,23,18,2 L,+0.488
9211.47,23,18,2 L,+0.500
9214.119,23,18,2 L,+0.469
9221.384,23,18,2 L,+0.464
9227.417,23,18,2 L,+0.333
9232.656,23,18,2 L,+0.481
9234.596,23,18,2 L,+0.480
9238.071,23,18,2 L,+0.386
9241.928,23,18,2 L,+0.368
9246.538,23,18,2 L,+0.470
9250.371,23,18,2 L,+0.387
9256.186,23,18,2 L,+0.320
9260.908,23,18,2 L,+0.339
9265.259,23,18,2 L,+0.239
9268.525,23,18,2 L,+0.261
9270.212,23,18,2 L,+0.296
9270.978,23,18,2 L,+0.321
9273.805,23,18,2 L,+0.424
9279.606,23,18,2 L,+0.340
9288.997,23,18,2 L,+0.346
9293.294,23,18,2 L,+0.416
9296.341,23,18,2 L,+0.517
9297.141,23,18,2 L,+39.870
9297.403,23,18,2 L,+0.531
9310.481,23,17,2 L,+39.870
9426.806,23,17,2L,+39.870
8.61,18,20,,
3252.2,18,20,,+0.536
3257.644,18,20,+2.325,+0.518
3261.039,18,21,+2.325,+0.518
3261.232,18,21,+2.482,+0.235
3268.817,18,20,+2.482,+0.235
3268.895,18,20,+3.116,+0.124
3275.761,18,19,+3.116,+0.124
3275.848,18,19,+3.766,+0.267
3281.073,18,20,+3.766,+0.267
3281.192,18,20,+3.990,+0.035
3283.27,18,19,+3.990,+0.035
3283.363,18,19,+4.361,+0.204
3287.051,18,19,+4.659,+0.271
3291.548,18,19,+5.371,+0.280
3296.342,18,19,+5.883,+0.154
3300.602,18,19,+6.359,+0.307
3306.981,18,19,+7.257,+0.324
3312.002,18,19,+7.830,+0.338
3316.508,18,19,+8.154,+0.365
3319.852,18,19,+8.322,+0.362
3321.477,18,19,+8.383,+0.238
3322.243,18,19,+8.399,+0.195
3325.133,18,19,+8.467,+0.193
3330.946,18,19,+8.813,+0.195
3340.43,18,19,+9.328,+0.214
3344.508,18,19,+9.568,+0.098
3347.649,18,19,+9.902,+0.258
3348.446,18,20,+9.902,+0.258
3348.555,18,20,+10.007,+0.075
3352.087,18,20,+10.130,+0.257
3354.956,18,20,+10.181,+0.337
3362.161,18,20,+10.320,+0.474
3368.264,18,20,+10.488,+0.340
3373.31,18,20,+10.521,+0.193
3375.4,18,20,+10.692,+0.159
3379.2,18,20,+10.919,+0.295
3383.292,18,20,+11.253,+0.393
3387.861,18,20,+11.507,+0.303
3391.858,18,20,+11.624,+0.350
3397.637,18,20,+11.939,+0.285
3402.429,18,20,+12.256,+0.349
3406.958,18,20,+12.619,+0.540
3410.574,18,20,+13.054,+0.873
3412.128,18,20,+13.061,+0.792
3412.964,18,20,+13.130,+0.832
3416.089,18,20,+13.448,+1.078
3421.9,18,21,+13.448,+1.078
3422.078,18,21,+13.904,+0.084
3431.655,18,21,+14.539,+0.568
3435.608,18,21,+14.613,+0.325
3438.505,18,21,+14.685,+0.247
3439.275,18,21,+14.698,+0.242
3442.685,18,21,+14.657,+0.201
3445.402,18,21,+14.500,+0.071
3452.261,18,20,+14.500,+0.071
3452.33,18,20,+14.536,+0.921
3458.386,18,20,+14.736,+0.911
3463.405,18,20,+14.824,+0.838
3465.342,18,20,+14.876,+0.755
3469.034,18,20,+15.047,+0.834
3473.023,18,20,+15.291,+0.855
3477.342,18,20,+15.389,+0.691
3481.374,18,20,+15.581,+0.759
3486.914,18,20,+15.816,+0.864
3491.542,18,20,+16.011,+0.802
3495.845,18,20,+16.137,+0.757
3499.181,18,20,+16.286,+0.759
3500.759,18,20,+16.341,+0.683
3501.54,18,20,+16.371,+0.654
3504.4,18,20,+16.465,+0.653
3510.173,18,20,+16.727,+0.718
3519.342,18,20,+16.924,+0.631
3523.342,18,20,+17.068,+0.513
3526.328,18,20,+17.149,+0.362
3527.061,18,20,+17.165,+0.354
3530.43,18,20,+17.107,+0.344
3533.172,18,20,+16.954,+0.391
3540.233,18,20,+17.097,+0.316
3546.406,18,20,+17.307,+0.349
3551.514,18,20,+17.449,+0.212
3553.53,18,20,+17.634,+0.243
3557.311,18,20,+17.863,+0.401
3561.246,18,20,+18.088,+0.454
3565.598,18,20,+18.172,+0.365
3569.476,18,20,+18.251,+0.352
3575.174,18,20,+18.707,+0.564
3579.686,18,20,+18.858,+0.480
3584.014,18,20,+19.099,+0.447
3587.369,18,20,+19.278,+0.448
3588.955,18,20,+19.334,+0.369
3589.752,18,20,+19.361,+0.344
3592.58,18,20,+19.458,+0.340
3598.352,18,20,+19.784,+0.415
3607.728,18,20,+20.262,+0.594
3611.685,18,20,+20.302,+0.358
3614.589,18,20,+20.362,+0.248
3615.402,18,20,+20.377,+0.241
3618.788,18,20,+20.331,+0.203
3621.426,18,20,+20.111,+0.093
3628.436,18,19,+20.111,+0.093
3628.514,18,19,+20.238,+1.151
3634.483,18,19,+20.284,+0.962
3639.562,18,19,+20.354,+0.874
3641.498,18,19,+20.437,+0.859
3645.389,18,19,+20.636,+0.990
3649.285,18,19,+20.985,+1.136
3653.617,18,19,+21.128,+1.000
3657.56,18,19,+21.220,+1.072
3663.077,18,19,+21.549,+1.159
3667.635,18,19,+21.755,+1.022
3671.905,18,19,+21.906,+0.990
3675.198,18,19,+22.056,+0.977
3676.763,18,19,+22.098,+0.848
3677.503,18,19,+22.137,+0.821
3680.372,18,19,+22.250,+0.810
3686.085,18,19,+22.362,+0.648
3695.37,18,19,+22.788,+0.797
3699.355,18,19,+22.863,+0.586
3702.277,18,19,+22.950,+0.573
3703.089,18,19,+22.967,+0.577
3706.513,18,19,+22.973,+0.594
3709.261,18,19,+22.920,+0.594
3716.564,18,19,+23.277,+0.642
3722.597,18,19,+23.350,+0.430
3727.601,18,19,+23.337,+0.286
3729.572,18,19,+23.443,+0.287
3733.315,18,19,+23.611,+0.377
3737.191,18,19,+23.842,+0.372
3741.577,18,19,+24.013,+0.209
3745.716,18,19,+24.140,+0.357
3751.167,18,19,+24.494,+0.465
3755.774,18,19,+24.763,+0.421
3760.147,18,19,+24.996,+0.465
3763.502,18,19,+25.203,+0.438
3765.066,18,19,+25.278,+0.373
3765.914,18,19,+25.314,+0.376
3768.72,18,19,+25.431,+0.435
3774.515,18,19,+25.736,+0.481
3783.858,18,19,+26.172,+0.732
3787.748,18,19,+26.187,+0.425
3790.639,18,19,+26.284,+0.460
3791.421,18,19,+26.302,+0.470
3794.873,18,19,+26.303,+0.481
3797.628,18,19,+26.233,+0.435
3804.768,18,19,+26.510,+0.346
3810.945,18,19,+26.791,+0.299
3815.992,18,19,+26.843,+0.187
3818.027,18,19,+27.073,+0.247
3821.855,18,19,+27.318,+0.372
3825.855,18,19,+27.646,+0.420
3830.245,18,19,+27.853,+0.356
3834.261,18,19,+28.041,+0.522
3839.777,18,19,+28.371,+0.690
3844.385,18,19,+28.509,+0.561
3848.643,18,19,+28.730,+0.559
3851.963,18,19,+28.908,+0.518
3853.573,18,19,+28.992,+0.470
3854.358,18,19,+29.029,+0.461
3857.221,18,19,+29.186,+0.499
3862.972,18,19,+29.463,+0.603
3872.12,18,19,+29.690,+0.658
3876.136,18,19,+29.784,+0.519
3879.001,18,19,+29.814,+0.502
3879.828,18,19,+29.824,+0.504
3883.239,18,19,+29.794,+0.504
3886.039,18,19,+29.722,+0.516
3893.12,18,19,+29.926,+0.457
3899.245,18,19,+30.102,+0.390
3904.464,18,19,+30.325,+0.440
3906.401,18,19,+30.416,+0.419
3910.151,18,19,+30.589,+0.495
3914.042,18,19,+30.825,+0.453
3918.445,18,19,+31.044,+0.424
3922.417,18,19,+31.137,+0.472
3928.011,18,19,+31.413,+0.647
3932.542,18,19,+31.533,+0.570
3936.792,18,19,+31.599,+0.504
3940.105,18,19,+31.736,+0.453
3941.667,18,19,+31.755,+0.362
3942.448,18,19,+31.769,+0.341
3945.401,18,19,+31.836,+0.362
3951.115,18,19,+32.154,+0.460
3960.621,18,19,+32.791,+0.857
3970.132,18,20,+32.791,+0.857
3975.31,18,21,+32.791,+0.857
3977.365,18,22,+32.791,+0.857
3995.361,18,22,+53.783,+15.080
4002.596,18,22,+54.070,+15.147
4008.58,18,22,+54.090,+14.947
4013.472,18,22,+53.949,+14.586
4015.394,18,22,+54.017,+14.491
4019.183,18,22,+54.217,+14.570
4023.026,18,22,+54.403,+14.451
4027.214,18,22,+54.357,+14.226
4031.027,18,22,+54.295,+14.001
4036.372,18,22,+54.360,+13.616
4040.717,18,22,+54.291,+13.336
4044.873,18,22,+54.268,+13.059
4048.12,18,22,+54.342,+13.040
4049.589,18,22,+54.317,+12.870
4050.342,18,22,+54.325,+12.840
4053.147,18,22,+54.378,+12.863
4058.674,18,22,+54.423,+12.631
4067.472,18,22,+54.307,+12.187
4071.26,18,22,+54.184,+11.833
4074.12,18,22,+54.202,+11.664
4074.964,18,22,+54.218,+11.657
4078.433,18,22,+54.286,+11.682
4081.276,18,22,+54.297,+11.713
4088.214,18,22,+54.264,+11.476
4094.128,18,22,+54.188,+11.163
4099.058,18,22,+54.046,+10.807
4101.027,18,22,+54.148,+10.735
4104.823,18,22,+54.357,+10.816
4108.589,18,22,+54.482,+10.696
4112.823,18,22,+54.467,+10.473
4116.731,18,22,+54.508,+10.336
4122.12,18,22,+54.604,+9.975
4126.495,18,22,+54.528,+9.706
4130.724,18,22,+54.568,+9.501
4133.941,18,22,+54.581,+9.406
4135.491,18,22,+54.589,+9.312
4136.275,18,22,+54.611,+9.303
4139.129,18,22,+54.676,+9.324
4144.693,18,22,+54.722,+9.063
4153.628,18,22,+54.762,+8.819
4157.562,18,22,+54.766,+8.541
4160.499,18,22,+54.919,+8.430
4161.374,18,22,+54.949,+8.427
4164.843,18,22,+55.046,+8.460
4167.703,18,22,+55.063,+8.444
4174.934,18,22,+55.289,+8.305
4180.742,18,22,+55.242,+8.096
4185.811,18,22,+55.301,+7.797
4187.8,18,22,+55.439,+7.751
4191.623,18,22,+55.666,+7.845
4195.429,18,22,+55.797,+7.731
4199.689,18,22,+55.788,+7.513
4203.611,18,22,+55.850,+7.350
4209.116,18,22,+56.033,+7.230
4213.544,18,22,+56.067,+7.061
4217.795,18,22,+56.111,+6.886
4221.05,18,22,+56.199,+6.872
4222.658,18,22,+56.248,+6.785
4223.436,18,22,+56.277,+6.768
4226.372,18,22,+56.377,+6.805
4231.931,18,22,+56.536,+6.617
4241.001,18,22,+56.694,+6.399
4244.848,18,22,+56.641,+6.321
4247.748,18,22,+56.741,+6.126
4248.542,18,22,+56.766,+6.113
4252.074,18,22,+56.844,+6.124
4254.901,18,22,+56.850,+6.088
4261.914,18,22,+56.871,+5.926
4267.912,18,22,+56.832,+5.725
4272.979,18,22,+56.872,+5.533
4274.979,18,22,+57.000,+5.479
4278.854,18,22,+57.220,+5.562
4282.683,18,22,+57.438,+5.465
4287.026,18,22,+57.542,+5.342
4290.98,18,22,+57.581,+5.273
4296.542,18,22,+57.820,+5.140
4301.028,18,22,+57.890,+5.027
4305.399,18,22,+57.932,+4.838
4308.561,18,22,+58.019,+4.804
4310.17,18,22,+58.059,+4.719
4310.951,18,22,+58.082,+4.705
4313.811,18,22,+58.166,+4.762
4319.576,18,22,+58.387,+4.652
4328.639,18,22,+58.598,+4.455
4332.623,18,22,+58.687,+4.375
4335.545,18,22,+58.751,+4.228
4336.373,18,22,+58.771,+4.222
4339.92,18,22,+58.836,+4.239
4342.733,18,22,+58.855,+4.284
4349.762,18,22,+58.900,+4.158
4355.703,18,22,+58.878,+3.947
4360.87,18,22,+58.874,+3.812
4362.785,18,22,+58.935,+3.766
4366.547,18,22,+59.110,+3.849
4370.386,18,22,+59.239,+3.743
4374.635,18,22,+59.266,+3.637
4378.629,18,22,+59.334,+3.585
4384.145,18,22,+59.532,+3.507
4388.651,18,22,+59.539,+3.406
4392.967,18,22,+59.641,+3.192
4396.186,18,22,+59.705,+3.081
4397.842,18,22,+59.763,+3.021
4398.603,18,22,+59.803,+3.029
4401.49,18,22,+59.897,+3.082
4407.185,18,22,+60.049,+2.927
4416.25,18,22,+60.248,+2.724
4420.154,18,22,+60.258,+2.574
4423.076,18,22,+60.350,+2.388
4423.889,18,22,+60.374,+2.379
4427.42,18,22,+60.436,+2.386
4430.233,18,22,+60.415,+2.375
4437.248,18,22,+60.445,+2.210
4443.114,18,22,+60.365,+1.976
4448.482,18,22,+60.669,+2.079
4450.448,18,22,+60.841,+2.097
4454.245,18,22,+61.062,+2.191
4458.105,18,22,+61.215,+2.082
4462.48,18,22,+61.323,+1.947
4466.433,18,22,+61.392,+1.385
4472.028,18,21,+61.392,+1.385
4472.063,18,21,+61.720,+1.914
4476.593,18,21,+61.827,+1.904
4480.899,18,21,+61.943,+1.738
4484.123,18,21,+62.020,+1.639
4485.764,18,21,+62.077,+1.547
4486.545,18,21,+62.117,+1.531
4489.358,18,21,+62.210,+1.555
4495.03,18,21,+62.298,+1.482
4504.261,18,21,+62.626,+1.458
4508.2,18,21,+62.662,+1.271
4511.245,18,21,+62.834,+1.211
4512.073,18,21,+62.867,+1.211
4515.589,18,21,+62.936,+1.212
4518.373,18,21,+62.930,+1.182
4525.545,18,21,+63.086,+1.122
4531.545,18,21,+63.143,+1.015
4536.795,18,21,+63.343,+0.940
4538.748,18,21,+63.477,+0.921
4542.514,18,21,+63.651,+0.971
4546.342,18,21,+63.834,+0.868
4550.748,18,21,+64.008,+0.824
4554.794,18,21,+64.160,+0.758
4560.388,18,21,+64.512,+0.710
4565.0,18,21,+64.641,+0.692
4569.299,18,21,+64.753,+0.447
4572.653,18,21,+64.917,+0.399
4574.273,18,21,+65.020,+0.333
4575.051,18,21,+65.060,+0.311
4577.9,18,21,+65.161,+0.339
4583.699,18,21,+65.450,+0.367
4592.933,18,21,+65.735,+0.283
4596.995,18,21,+65.909,+0.366
4599.87,18,21,+65.847,+0.137
4600.683,18,21,+65.843,+0.111
4604.058,18,20,+65.843,+0.111
4604.152,18,20,+65.845,+0.068
4606.98,18,20,+65.863,+0.041
4614.167,18,19,+65.863,+0.041
4614.247,18,19,+66.158,+9.068
4620.37,18,19,+66.386,+9.225
4625.579,18,19,+65.427,+9.202
4627.477,18,19,+65.524,+9.176
4631.263,18,19,+65.739,+9.327
4635.105,18,19,+65.939,+9.277
4639.417,18,19,+65.960,+9.171
4643.386,18,19,+66.111,+9.225
4648.833,18,19,+66.258,+9.272
4653.318,18,19,+66.256,+9.104
4657.542,18,19,+66.200,+8.904
4660.791,18,19,+66.294,+8.875
4662.343,18,19,+66.298,+8.802
4663.128,18,19,+66.307,+8.775
4666.0,18,19,+66.394,+8.739
4671.593,18,19,+66.367,+8.609
4680.762,18,19,+66.531,+8.668
4684.728,18,19,+66.642,+8.668
4687.601,18,19,+66.695,+8.668
4688.418,18,19,+66.718,+8.411
4691.914,18,19,+66.800,+8.411
4694.727,18,19,+66.828,+5.987
4701.739,18,19,+66.766,+5.236
4707.672,18,19,+66.813,+5.212
4712.816,18,19,+66.878,+5.333
4714.73,18,19,+66.998,+5.325
4718.495,18,19,+67.216,+5.500
4722.297,18,19,+59.228,+5.520
4726.511,18,19,+59.161,+5.276
4730.48,18,19,+59.191,+5.348
4735.839,18,19,+59.362,+5.412
4740.308,18,19,+59.357,+5.405
4744.574,18,19,+59.422,+5.449
4747.808,18,19,+59.546,+5.467
4749.37,18,19,+59.544,+5.435
4750.12,18,19,+59.548,+5.436
4752.98,18,19,+59.604,+5.459
4758.614,18,19,+59.619,+5.535
4767.73,18,19,+59.825,+5.704
4771.725,18,19,+59.774,+5.656
4774.608,18,19,+59.757,+5.656
4775.394,18,19,+65.805,+5.683
4778.815,18,18,+65.805,+5.683
4778.902,18,18,+59.830,+5.786
4781.744,18,18,+59.883,+5.879
4788.73,18,18,+59.819,+6.009
4794.745,18,18,+60.015,+6.138
4799.808,18,18,+60.046,+6.217
4801.714,18,18,+60.091,+6.233
4805.514,18,18,+60.275,+6.462
4809.217,18,18,+60.350,+6.393
4813.468,18,18,+60.393,+6.290
4817.452,18,18,+60.473,+6.413
4822.922,18,18,+60.632,+6.466
4827.451,18,18,+60.755,+6.442
4831.699,18,18,+60.788,+6.435
4834.947,18,18,+60.875,+6.348
4836.436,18,18,+60.855,+6.239
4837.214,18,18,+60.858,+6.225
4840.028,18,18,+60.916,+6.189
4845.949,18,18,+61.008,+6.129
4854.717,18,18,+61.187,+6.005
4858.704,18,18,+61.176,+5.916
4861.542,18,18,+61.151,+5.916
4862.373,18,18,+61.166,+5.878
4865.793,18,17,+61.166,+5.878
4865.886,18,17,+61.231,+6.039
4868.699,18,17,+61.273,+6.226
4875.699,18,17,+61.295,+5.922
4881.687,18,17,+61.392,+5.763
4886.825,18,17,+61.465,+5.664
4888.717,18,17,+61.518,+5.622
4892.483,18,17,+61.699,+5.782
4896.264,18,17,+61.818,+5.702
4900.592,18,17,+61.893,+5.489
4904.514,18,17,+61.946,+5.437
4909.983,18,17,+62.139,+5.374
4914.468,18,17,+62.190,+5.221
4918.764,18,17,+62.266,+5.061
4922.0,18,17,+62.375,+4.998
4923.542,18,17,+62.370,+4.883
4924.315,18,17,+62.377,+4.847
4927.144,18,17,+62.454,+4.795
4932.772,18,17,+62.512,+4.691
4941.875,18,17,+62.748,+4.638
4945.874,18,17,+62.732,+4.437
4948.764,18,17,+62.745,+4.290
4949.592,18,17,+62.763,+4.286
4953.077,18,17,+62.830,+4.317
4955.961,18,17,+62.852,+4.360
4962.942,18,17,+62.954,+4.142
4968.833,18,17,+63.050,+3.998
4974.064,18,17,+63.241,+4.083
4975.974,18,17,+63.287,+4.035
4979.716,18,17,+63.487,+4.195
4983.568,18,17,+63.602,+4.048
4987.862,18,17,+63.723,+3.912
4991.794,18,17,+63.804,+3.936
4997.261,18,17,+64.045,+3.926
5001.801,18,17,+64.123,+3.807
5006.1,18,17,+64.144,+3.645
5009.312,18,17,+64.264,+3.602
5010.876,18,17,+64.252,+3.485
5011.641,18,17,+64.260,+3.441
5014.573,18,17,+64.304,+3.360
5020.077,18,17,+64.365,+3.250
5029.217,18,17,+64.600,+3.241
5033.202,18,17,+64.622,+3.027
5036.12,18,17,+64.547,+2.963
5036.918,18,17,+64.553,+2.965
5040.386,18,17,+64.598,+2.996
5043.262,18,17,+64.657,+3.083
5050.277,18,17,+64.687,+2.933
5056.329,18,17,+64.933,+3.031
5061.458,18,17,+65.035,+2.988
5063.366,18,17,+65.096,+2.992
5067.128,18,17,+65.293,+3.181
5070.93,18,17,+65.411,+3.099
5075.201,18,17,+65.459,+2.946
5079.129,18,17,+65.505,+2.851
5084.6,18,17,+65.759,+2.839
5089.115,18,17,+65.809,+2.688
5093.434,18,17,+65.842,+2.548
5096.799,18,17,+66.086,+2.622
5098.342,18,17,+66.068,+2.524
5099.117,18,17,+66.064,+2.483
5101.914,18,17,+66.112,+2.424
5107.63,18,17,+66.271,+2.432
5116.773,18,17,+66.458,+2.385
5120.729,18,17,+66.419,+2.158
5123.636,18,17,+66.397,+2.139
5124.429,18,17,+66.407,+2.141
5127.915,18,17,+66.454,+2.166
5130.728,18,17,+66.485,+2.192
5137.85,18,17,+66.587,+2.099
5143.835,18,17,+66.798,+2.166
5148.963,18,17,+66.710,+2.105
5150.87,18,17,+66.724,+2.072
5154.62,18,17,+66.885,+2.221
5158.386,18,17,+57.147,+2.118
5162.673,18,17,+57.247,+1.902
5166.597,18,17,+57.367,+1.843
5172.028,18,17,+57.560,+1.773
5176.561,18,17,+57.730,+1.666
5180.858,18,17,+57.911,+1.513
5184.139,18,17,+58.077,+1.553
5185.701,18,17,+58.120,+1.478
5186.576,18,17,+58.156,+1.452
5189.593,18,17,+58.277,+1.429
5194.936,18,17,+58.501,+1.322
5203.967,18,17,+58.728,+1.209
5207.972,18,17,+58.920,+1.023
5210.794,18,17,+58.941,+0.955
5211.589,18,17,+65.047,+0.950
5214.944,18,16,+65.047,+0.950
5215.028,18,16,+58.979,+0.951
5217.828,18,16,+58.976,+0.931
5224.885,18,16,+59.171,+0.718
5230.9,18,16,+59.274,+0.722
5236.041,18,16,+59.375,+0.699
5237.916,18,16,+59.436,+0.650
5241.634,18,16,+59.579,+0.774
5245.431,18,16,+59.726,+0.660
5249.797,18,16,+59.931,+0.539
5253.813,18,16,+60.128,+0.576
5259.422,18,16,+60.488,+0.630
5264.063,18,16,+60.796,+0.622
5268.438,18,16,+61.087,+0.553
5271.772,18,16,+61.296,+0.600
5273.339,18,16,+61.380,+0.576
5274.167,18,16,+61.419,+0.562
5276.996,18,16,+61.538,+0.551
5282.792,18,16,+61.864,+0.625
5291.965,18,16,+62.313,+0.690
5295.93,18,16,+62.404,+0.514
5298.828,18,16,+62.479,+0.456
5299.628,18,16,+62.492,+0.447
5303.017,18,16,+62.482,+0.400
5305.802,18,16,+62.429,+0.367
5313.004,18,16,+62.821,+0.430
5319.063,18,16,+62.980,+0.527
5324.209,18,16,+63.098,+0.574
5326.074,18,16,+63.146,+0.533
5329.816,18,16,+63.264,+0.636
5333.569,18,16,+63.510,+0.532
5337.914,18,16,+63.746,+0.427
5341.887,18,16,+63.920,+0.486
5347.45,18,16,+64.182,+0.506
5352.153,18,16,+64.448,+0.486
5356.544,18,16,+64.694,+0.473
5359.872,18,16,+64.891,+0.547
5361.434,18,16,+64.941,+0.505
5362.309,18,16,+64.977,+0.489
5365.075,18,16,+65.076,+0.460
5370.825,18,16,+65.351,+0.501
5379.994,18,16,+65.516,+0.508
5384.004,18,16,+65.671,+0.411
5386.901,18,16,+65.770,+0.315
5387.706,18,16,+65.786,+0.306
5391.129,18,16,+65.765,+0.244
5393.749,18,16,+65.607,+0.116
5400.874,18,15,+65.607,+0.116
5400.914,18,15,+65.831,+13.584
5406.914,18,15,+66.020,+13.774
5412.074,18,15,+66.077,+13.847
5413.93,18,15,+66.115,+13.812
5417.699,18,15,+66.303,+14.056
5421.441,18,15,+66.394,+14.038
5425.736,18,15,+66.465,+13.990
5429.634,18,15,+66.531,+13.945
5435.037,18,15,+66.685,+13.954
5439.461,18,15,+66.746,+13.831
5443.758,18,15,+66.849,+13.846
5447.033,18,15,+66.984,+13.896
5448.588,18,15,+66.996,+13.840
5449.362,18,15,+67.012,+13.844
5452.183,18,15,+67.124,+13.905
5457.823,18,15,+67.328,+13.880
5466.972,18,15,+67.620,+13.904
5470.86,18,15,+67.631,+13.716
5473.76,18,15,+67.674,+13.627
5474.577,18,15,+67.691,+13.634
5478.045,18,15,+67.758,+13.722
5480.865,18,15,+67.806,+13.765
5487.814,18,15,+67.862,+13.599
5493.858,18,15,+67.978,+13.718
5498.92,18,15,+67.867,+13.696
5500.858,18,15,+67.937,+13.714
5504.608,18,15,+68.131,+13.971
5508.345,18,15,+68.181,+13.891
5512.651,18,15,+68.240,+13.769
5516.614,18,15,+68.315,+13.801
5522.13,18,15,+68.612,+13.869
5526.602,18,15,+68.666,+13.735
5530.861,18,15,+68.698,+13.653
5534.062,18,15,+68.755,+13.656
5535.638,18,15,+68.763,+13.570
5536.373,18,15,+68.777,+13.550
5539.183,18,15,+68.841,+13.560
5544.8,18,15,+69.016,+14.205
5554.131,18,15,+69.414,+13.309
5558.028,18,15,+69.373,+12.974
5561.019,18,15,+69.438,+12.937
5561.746,18,15,+69.458,+12.940
5565.33,18,15,+69.534,+13.009
5568.033,18,15,+69.562,+13.107
5575.017,18,15,+69.511,+12.826
5580.984,18,15,+69.513,+12.725
5586.073,18,15,+69.454,+12.674
5587.899,18,15,+69.471,+12.575
5591.623,18,15,+69.638,+12.571
5595.327,18,15,+69.720,+12.493
5599.639,18,15,+69.772,+12.398
5603.592,18,15,+69.863,+12.305
5609.092,18,15,+70.024,+12.227
5613.562,18,15,+70.091,+12.138
5617.823,18,15,+70.202,+12.026
5621.027,18,15,+70.299,+12.030
5622.574,18,15,+70.299,+11.985
5623.339,18,15,+70.321,+11.986
5626.183,18,15,+70.414,+12.012
5631.823,18,15,+70.572,+11.900
5640.985,18,15,+70.719,+11.969
5644.861,18,15,+70.715,+11.793
5647.791,18,15,+70.807,+11.809
5648.58,18,15,+70.830,+11.814
5652.043,18,15,+70.918,+11.844
5654.861,18,15,+70.950,+11.847
5661.964,18,15,+71.092,+11.776
5667.995,18,15,+71.227,+11.788
5673.058,18,15,+71.245,+11.743
5674.917,18,15,+71.294,+11.692
5678.683,18,15,+71.476,+11.702
5682.37,18,15,+71.575,+11.673
5686.745,18,15,+71.704,+11.591
5690.687,18,15,+71.790,+11.585
5696.073,18,15,+71.868,+11.437
5700.544,18,15,+71.968,+11.312
5704.855,18,15,+72.106,+11.250
5708.058,18,15,+72.187,+11.233
5709.636,18,15,+72.207,+11.200
5710.417,18,15,+72.220,+11.203
5713.23,18,15,+72.304,+11.220
5718.933,18,15,+72.513,+11.129
5728.26,18,15,+72.920,+11.220
5732.173,18,15,+72.917,+11.031
5735.072,18,15,+72.991,+10.993
5735.885,18,15,+73.010,+10.991
5739.342,18,15,+73.093,+11.000
5742.218,18,15,+73.200,+11.035
5749.292,18,15,+73.301,+11.017
5755.261,18,15,+73.389,+10.969
5760.355,18,15,+73.387,+10.914
5762.23,18,15,+73.456,+10.871
5765.995,18,15,+73.643,+10.882
5769.792,18,15,+73.753,+10.846
5774.011,18,15,+73.606,+10.695
5777.948,18,15,+73.751,+10.588
5783.529,18,15,+73.910,+10.509
5788.033,18,15,+73.962,+10.412
5792.328,18,15,+74.067,+10.339
5795.583,18,15,+74.142,+10.354
5797.164,18,15,+74.161,+10.338
5797.904,18,15,+74.180,+10.346
5800.724,18,15,+74.260,+10.374
5806.385,18,15,+74.228,+10.259
5815.615,18,15,+74.496,+10.291
5819.49,18,15,+74.413,+10.291
5822.341,18,15,+74.438,+10.291
5823.189,18,15,+74.452,+9.998
5826.654,18,15,+74.530,+9.998
5829.437,18,15,+74.580,+3.824
5836.646,18,15,+74.777,+3.285
5842.606,18,15,+74.843,+3.177
5847.758,18,15,+74.900,+3.324
5849.649,18,15,+74.946,+3.284
5853.402,18,15,+75.121,+3.363
5857.13,18,15,+75.157,+3.299
5861.46,18,15,+75.190,+3.284
5865.483,18,15,+75.247,+3.407
5870.917,18,15,+75.422,+3.621
5875.386,18,15,+75.478,+3.676
5879.667,18,15,+75.607,+3.754
5882.855,18,15,+75.680,+3.794
5884.417,18,15,+75.684,+3.759
5885.292,18,15,+75.690,+3.760
5887.98,18,15,+75.688,+3.828
5893.705,18,15,+75.842,+4.036
5902.836,18,15,+75.984,+4.302
5906.744,18,15,+75.924,+4.250
5909.634,18,15,+75.992,+4.352
5910.458,18,15,+76.013,+4.370
5913.905,18,15,+76.096,+4.424
5916.717,18,15,+76.149,+4.459
5923.811,18,15,+76.137,+4.746
5929.733,18,15,+76.162,+4.769
5934.811,18,15,+76.148,+5.002
5936.702,18,15,+76.215,+5.040
5940.405,18,15,+76.408,+5.209
5944.123,18,15,+76.364,+5.200
5948.514,18,15,+76.415,+5.293
5952.436,18,15,+76.524,+5.483
5957.961,18,15,+76.682,+5.706
5962.492,18,15,+76.813,+5.843
5966.792,18,15,+76.893,+5.987
5970.042,18,15,+76.984,+6.072
5971.558,18,15,+76.984,+6.075
5972.343,18,15,+76.989,+6.083
5975.17,18,15,+77.064,+6.144
5980.873,18,15,+77.233,+6.348
5989.998,18,15,+77.396,+6.564
5993.92,18,15,+77.310,+6.501
5996.795,18,15,+77.325,+6.610
5997.623,18,15,+77.345,+6.630
6001.092,18,15,+77.446,+6.709
6003.889,18,15,+77.525,+6.718
6010.946,18,15,+77.546,+6.891
6016.87,18,15,+77.598,+6.837
6021.933,18,15,+77.498,+7.017
6023.792,18,15,+77.502,+7.036
6027.526,18,15,+77.679,+7.208
6031.229,18,15,+77.701,+7.133
6035.516,18,15,+77.680,+6.997
6039.458,18,15,+77.761,+7.030
6044.889,18,15,+77.890,+6.878
6049.373,18,15,+77.942,+6.858
6053.623,18,15,+77.913,+6.617
6056.858,18,15,+77.982,+6.629
6058.42,18,15,+77.963,+6.599
6059.201,18,15,+77.954,+6.598
6062.046,18,15,+77.947,+6.643
6067.731,18,15,+78.089,+6.554
6076.918,18,15,+78.308,+6.586
6080.773,18,15,+78.268,+6.362
6083.661,18,15,+78.338,+6.625
6084.472,18,15,+78.361,+6.458
6087.944,18,15,+78.463,+6.582
6090.752,18,15,+78.494,+6.357
6097.746,18,15,+77.752,+5.948
6103.64,18,15,+77.881,+5.774
6108.829,18,15,+77.915,+5.844
6110.72,18,15,+78.023,+5.773
6114.408,18,15,+78.283,+5.772
6118.158,18,15,+78.244,+5.677
6122.517,18,15,+78.229,+5.572
6126.36,18,15,+78.324,+5.352
6131.828,18,15,+78.416,+5.216
6136.272,18,15,+78.439,+5.110
6140.53,18,15,+78.487,+4.951
6143.773,18,15,+78.608,+4.925
6145.351,18,15,+78.631,+4.898
6146.11,18,15,+78.638,+4.884
6148.925,18,15,+78.746,+4.898
6154.611,18,15,+78.716,+4.784
6163.699,18,15,+78.820,+4.681
6167.615,18,15,+78.918,+4.536
6170.502,18,15,+78.988,+4.466
6171.291,18,15,+79.007,+4.453
6174.761,18,15,+79.103,+4.428
6177.542,18,15,+79.194,+4.412
6184.64,18,15,+79.184,+4.312
6190.553,18,15,+79.348,+4.201
6195.662,18,15,+79.287,+4.108
6197.569,18,15,+79.399,+4.092
6201.272,18,15,+79.645,+4.092
6205.131,18,15,+79.809,+4.094
6209.506,18,15,+79.812,+3.939
6213.444,18,15,+80.073,+3.863
6218.866,18,15,+80.251,+3.719
6223.373,18,15,+80.443,+3.623
6227.699,18,15,+80.590,+3.467
6230.963,18,15,+80.742,+3.458
6232.529,18,15,+80.827,+3.411
6233.314,18,15,+80.877,+3.416
6236.145,18,15,+81.018,+3.395
6241.811,18,15,+81.171,+3.306
6250.905,18,15,+81.449,+3.115
6254.858,18,15,+81.488,+3.115
6257.655,18,15,+81.533,+3.115
6258.685,18,15,+81.553,+0.091
6261.841,18,14,+81.553,+0.091
6261.94,18,14,+81.655,+10.536
6264.757,18,14,+81.739,+10.550
6271.794,18,14,+81.670,+10.673
6277.726,18,14,+81.821,+10.667
6282.702,18,14,+81.720,+10.807
6284.602,18,14,+81.838,+10.855
6288.359,18,14,+82.077,+11.048
6292.115,18,14,+82.171,+11.088
6296.499,18,14,+82.275,+11.194
6300.428,18,14,+82.434,+11.340
6305.904,18,14,+82.638,+11.480
6310.326,18,14,+82.797,+11.555
6314.686,18,14,+82.890,+11.659
6317.904,18,14,+83.007,+11.731
6319.452,18,14,+83.055,+11.735
6320.217,18,14,+83.074,+11.747
6323.03,18,14,+83.161,+11.820
6328.686,18,14,+83.307,+12.038
6337.795,18,14,+83.632,+12.236
6341.779,18,14,+83.692,+12.125
6344.529,18,14,+83.749,+12.127
6345.373,18,14,+83.772,+12.134
6348.811,18,14,+83.859,+12.190
6352.201,18,14,+84.443,+12.757
6359.858,18,14,1 L,+13.610
6366.073,18,14,1 L,+13.850
6371.294,18,14,1 L,+14.174
6373.115,18,14,1 L,+14.147
6376.799,18,14,1 L,+14.266
6380.672,18,14,1 L,+14.444
6385.111,18,14,1 L,+14.598
6389.104,18,14,1 L,+14.739
6394.651,18,14,1 L,+14.992
6399.214,18,14,1 L,+15.138
6403.589,18,14,1 L,+15.290
6406.842,18,14,1 L,+15.409
6408.42,18,14,1 L,+15.480
6409.217,18,14,1 L,+15.492
6412.048,18,14,1 L,+15.580
6417.686,18,14,1 L,+15.743
6426.827,18,14,1 L,+15.854
6430.729,18,14,1 L,+15.706
6433.542,18,14,1 L,+15.733
6434.387,18,14,1 L,+15.747
6437.792,18,14,1 L,+15.850
6440.574,18,14,1 L,+15.902
6447.979,18,14,1 L,+16.316
6453.958,18,14,1 L,+16.339
6459.088,18,14,1 L,+16.415
6460.972,18,14,1 L,+16.453
6464.686,18,14,1 L,+16.661
6468.433,18,14,1 L,+16.515
6472.772,18,14,1 L,+16.419
6476.704,18,14,1 L,+16.612
6482.214,18,14,1 L,+16.456
6486.749,18,14,1 L,+15.930
6491.12,18,14,1 L,+15.926
6494.36,18,14,1 L,+15.884
6495.938,18,14,1 L,+15.839
6496.69,18,14,1 L,+15.840
6499.531,18,14,1 L,+15.896
6505.258,18,14,1 L,+15.777
6514.658,18,14,1 L,+15.937
6539.814,18,15,1 L,+15.937
6545.649,18,16,1 L,+15.937
6546.028,18,17,1 L,+15.937
6551.691,18,17,1 L,+2.912
6558.928,18,17,1 L,+2.865
6564.801,18,17,1 L,+2.681
6569.661,18,16,1 L,+2.681
6569.743,18,16,1 L,+2.962
6571.584,18,16,1 L,+2.899
6575.272,18,16,1 L,+2.979
6578.941,18,16,1 L,+2.872
6583.131,18,16,1 L,+2.617
6586.922,18,16,1 L,+2.547
6592.197,18,16,1 L,+2.528
6596.575,18,16,1 L,+2.372
6600.714,18,16,1 L,+2.107
6603.885,18,16,1 L,+1.984
6605.485,18,16,1 L,+1.844
6606.185,18,16,1 L,+1.803
6608.899,18,16,1 L,+1.773
6614.313,18,16,1 L,+1.557
6623.205,18,16,1 L,+1.444
6626.96,18,16,1 L,+1.108
6629.719,18,16,1 L,+0.961
6630.517,18,16,1 L,+0.948
6633.932,18,16,1 L,+0.939
6636.657,18,16,1 L,+0.937
6643.494,18,16,1 L,+0.552
6649.418,18,16,1 L,+0.500
6654.46,18,16,1 L,+0.296
6656.258,18,16,1 L,+0.267
6659.901,18,16,1 L,+0.320
6663.685,18,16,1 L,+0.291
6667.995,18,16,1 L,+0.268
6671.783,18,16,1 L,+0.029
6677.26,18,15,1 L,+0.029
6677.356,18,15,1 L,+5.790
6681.672,18,15,1 L,+5.608
6685.821,18,15,1 L,+5.461
6688.939,18,15,1 L,+5.495
6690.45,18,15,1 L,+5.487
6691.219,18,15,1 L,+5.492
6691.22,18,15,1 L,+5.487
6691.22,18,15,1 L,+5.492
6694.03,18,15,1 L,+5.587
6699.491,18,15,1 L,+5.464
6708.33,18,15,1 L,+5.343
6712.11,18,15,1 L,+5.217
6714.86,18,15,1 L,+5.119
6715.686,18,15,1 L,+5.108
6719.102,18,15,1 L,+5.107
6721.872,18,15,1 L,+5.082
6728.726,18,15,1 L,+4.956
6734.602,18,15,1 L,+4.908
6739.502,18,15,1 L,+4.824
6741.36,18,15,1 L,+4.821
6745.045,18,15,1 L,+4.857
6748.851,18,15,1 L,+4.920
6752.863,18,15,1 L,+4.845
6756.676,18,15,1 L,+4.790
6762.038,18,15,1 L,+4.767
6766.436,18,15,1 L,+4.692
6770.561,18,15,1 L,+4.579
6773.76,18,15,1 L,+4.576
6775.293,18,15,1 L,+4.587
6776.072,18,15,1 L,+4.604
6778.878,18,15,1 L,+4.626
6793.246,18,15,1 L,+4.606
6797.095,18,15,1 L,+4.562
6799.872,18,15,1 L,+4.507
6800.646,18,15,1 L,+4.504
6804.076,18,15,1 L,+4.518
6806.872,18,15,1 L,+4.513
6813.698,18,15,1 L,+4.418
6819.581,18,15,1 L,+4.349
6824.57,18,15,1 L,+4.361
6826.508,18,15,1 L,+4.435
6831.976,18,15,1 L,+6.249
6836.073,18,15,1 L,+6.699
6840.399,18,15,1 L,+6.821
6844.31,18,15,1 L,+6.884
6849.761,18,15,1 L,+6.994
6854.272,18,15,1 L,+7.149
6858.501,18,15,1 L,+7.138
6861.685,18,15,1 L,+7.149
6863.232,18,15,1 L,+7.160
6863.998,18,15,1 L,+7.179
6866.764,18,15,1 L,+7.166
6872.341,18,15,1 L,+7.167
6881.316,18,15,1 L,+7.186
6885.194,18,15,1 L,+7.071
6887.96,18,15,1 L,+6.971
6888.867,18,15,1 L,+6.959
6892.172,18,15,1 L,+6.927
6894.944,18,15,1 L,+6.949
6901.823,18,15,1 L,+6.923
6907.646,18,15,1 L,+6.846
6912.647,18,15,1 L,+6.855
6914.542,18,15,1 L,+6.887
6918.251,18,15,1 L,+6.916
6921.908,18,15,1 L,+6.979
6926.142,18,15,1 L,+6.923
6929.974,18,15,1 L,+6.881
6935.368,18,15,1 L,+6.899
6939.736,18,15,1 L,+6.865
6943.933,18,15,1 L,+6.761
6947.148,18,15,1 L,+6.741
6948.629,18,15,1 L,+6.727
6949.416,18,15,1 L,+6.736
6952.186,18,15,1 L,+6.754
6957.76,18,15,1 L,+6.700
6966.614,18,15,1 L,+6.603
6970.481,18,15,1 L,+6.565
6973.39,18,15,1 L,+6.623
6974.214,18,15,1 L,+6.631
6980.386,18,15,1 L,+6.538
6987.635,18,15,1 L,+6.598
6993.51,18,15,1 L,+6.472
6998.51,18,15,1 L,+6.458
7000.415,18,15,1 L,+6.471
7004.113,18,15,1 L,+6.498
7007.827,18,15,1 L,+6.502
7012.013,18,15,1 L,+6.457
7015.88,18,15,1 L,+6.367
7021.28,18,15,1 L,+6.280
7025.685,18,15,1 L,+6.242
7029.807,18,15,1 L,+6.132
7032.973,18,15,1 L,+6.120
7034.515,18,15,1 L,+6.086
7035.26,18,15,1 L,+6.083
7038.043,18,15,1 L,+6.085
7043.602,18,15,1 L,+6.088
7052.457,18,15,1 L,+5.969
7056.452,18,15,1 L,+5.937
7059.199,18,15,1 L,+5.892
7059.99,18,15,1 L,+5.885
7063.477,18,15,1 L,+5.846
7066.213,18,15,1 L,+5.680
7073.089,18,15,1 L,+5.454
7078.885,18,15,1 L,+4.639
7083.917,18,15,1 L,+4.273
7085.861,18,15,1 L,+4.187
7089.56,18,15,1 L,+3.996
7093.182,18,15,1 L,+3.641
7097.354,18,15,1 L,+3.493
7101.215,18,15,1 L,+3.429
7106.481,18,15,1 L,+3.305
7110.895,18,15,1 L,+3.170
7115.078,18,15,1 L,+3.093
7118.269,18,15,1 L,+3.134
7119.791,18,15,1 L,+3.112
7120.542,18,15,1 L,+3.114
7123.307,18,15,1 L,+3.194
7128.839,18,15,1 L,+3.134
7137.849,18,15,1 L,+3.144
7141.714,18,15,1 L,+3.035
7144.672,18,15,1 L,+3.136
7145.503,18,15,1 L,+3.146
7148.929,18,15,1 L,+3.172
7151.72,18,15,1 L,+3.217
7158.716,18,15,1 L,+3.221
7164.588,18,15,1 L,+3.210
7169.563,18,15,1 L,+3.205
7171.467,18,15,1 L,+3.253
7175.164,18,15,1 L,+3.312
7178.903,18,15,1 L,+3.441
7183.146,18,15,1 L,+3.468
7187.014,18,15,1 L,+3.435
7192.299,18,15,1 L,+3.327
7196.717,18,15,1 L,+3.297
7200.914,18,15,1 L,+3.157
7204.092,18,15,1 L,+3.158
7205.699,18,15,1 L,+3.152
7206.414,18,15,1 L,+3.159
7209.199,18,15,1 L,+3.185
7214.731,18,15,1 L,+3.183
7223.628,18,15,1 L,+3.118
7227.53,18,15,1 L,+3.065
7230.341,18,15,1 L,+3.027
7231.128,18,15,1 L,+3.026
7234.592,18,15,1 L,+3.020
7237.361,18,15,1 L,+3.009
7244.191,18,15,1 L,+2.860
7249.999,18,15,1 L,+2.784
7254.985,18,15,1 L,+2.774
7256.845,18,15,1 L,+2.792
7260.541,18,15,1 L,+2.815
7264.241,18,15,1 L,+2.919
7268.485,18,15,1 L,+2.941
7272.319,18,15,1 L,+2.931
7277.634,18,15,1 L,+2.856
7282.015,18,15,1 L,+2.802
7286.173,18,15,1 L,+2.654
7289.302,18,15,1 L,+2.630
7290.828,18,15,1 L,+2.613
7294.368,18,15,1 L,+2.628
7299.86,18,15,1 L,+2.621
7308.831,18,15,1 L,+2.612
7312.785,18,15,1 L,+2.624
7315.588,18,15,1 L,+2.527
7316.36,18,15,1 L,+2.517
7319.789,18,15,1 L,+2.489
7322.567,18,15,1 L,+2.458
7329.485,18,15,1 L,+2.443
7335.299,18,15,1 L,+2.306
7340.389,18,15,1 L,+2.400
7342.201,18,15,1 L,+2.429
7345.951,18,15,1 L,+2.458
7349.646,18,15,1 L,+2.545
7353.837,18,15,1 L,+2.526
7357.692,18,15,1 L,+2.518
7363.031,18,15,1 L,+2.445
7367.499,18,15,1 L,+2.450
7371.661,18,15,1 L,+2.336
7374.87,18,15,1 L,+2.335
7376.403,18,15,1 L,+2.317
7377.145,18,15,1 L,+2.315
7379.916,18,15,1 L,+2.316
7385.567,18,15,1 L,+2.232
7394.495,18,15,1 L,+2.132
7398.388,18,15,1 L,+2.110
7401.199,18,15,1 L,+2.040
7401.973,18,15,1 L,+2.033
7405.451,18,15,1 L,+2.003
7408.164,18,15,1 L,+1.960
7415.62,18,15,1 L,+2.242
7421.557,18,15,1 L,+2.276
7426.553,18,15,1 L,+2.308
7428.493,18,15,1 L,+2.355
7432.172,18,15,1 L,+2.382
7435.889,18,15,1 L,+2.583
7440.187,18,15,1 L,+2.644
7444.093,18,15,1 L,+2.620
7449.466,18,15,1 L,+2.612
7453.889,18,15,1 L,+2.626
7458.099,18,15,1 L,+2.619
7461.323,18,15,1 L,+2.656
7462.87,18,15,1 L,+2.682
7463.635,18,15,1 L,+2.698
7466.401,18,15,1 L,+2.723
7472.01,18,15,1 L,+2.745
7481.057,18,15,1 L,+2.793
7484.963,18,15,1 L,+2.720
7487.823,18,15,1 L,+2.730
7488.62,18,15,1 L,+2.733
7492.073,18,15,1 L,+2.732
7494.872,18,15,1 L,+2.795
7501.902,18,15,1 L,+2.625
7507.792,18,15,1 L,+2.566
7512.772,18,15,1 L,+2.570
7514.632,18,15,1 L,+2.590
7522.072,18,15,1 L,+2.696
7526.26,18,15,1 L,+2.709
7530.114,18,15,1 L,+2.641
7535.56,18,15,1 L,+2.673
7540.0,18,15,1 L,+2.656
7544.114,18,15,1 L,+2.554
7547.303,18,15,1 L,+2.550
7548.828,18,15,1 L,+2.547
7549.596,18,15,1 L,+2.555
7552.377,18,15,1 L,+2.565
7557.937,18,15,1 L,+2.535
7567.14,18,15,1 L,+2.679
7571.004,18,15,1 L,+2.659
7573.807,18,15,1 L,+2.576
7574.62,18,15,1 L,+2.569
7578.057,18,15,1 L,+2.543
7580.87,18,15,1 L,+2.518
7587.823,18,15,1 L,+2.517
7593.604,18,15,1 L,+2.408
7598.667,18,15,1 L,+2.470
7604.182,18,15,1 L,+2.466
7607.857,18,15,1 L,+2.561
7612.045,18,15,1 L,+2.456
7615.9,18,15,1 L,+2.511
7621.245,18,15,1 L,+2.526
7625.628,18,15,1 L,+2.498
7629.734,18,15,1 L,+2.420
7632.929,18,15,1 L,+2.427
7634.451,18,15,1 L,+2.416
7635.19,18,15,1 L,+2.423
7637.949,18,15,1 L,+2.418
7643.463,18,15,1 L,+2.404
7652.398,18,15,1 L,+2.383
7656.213,18,15,1 L,+2.302
7659.03,18,15,1 L,+2.263
7663.232,18,15,1 L,+2.246
7666.027,18,15,1 L,+2.227
7673.087,18,15,1 L,+2.219
7678.869,18,15,1 L,+2.105
7683.888,18,15,1 L,+2.176
7685.763,18,15,1 L,+2.194
7689.451,18,15,1 L,+2.220
7693.165,18,15,1 L,+2.370
7697.363,18,15,1 L,+2.375
7701.179,18,15,1 L,+2.336
7706.491,18,15,1 L,+2.287
7710.882,18,15,1 L,+2.245
7714.991,18,15,1 L,+2.120
7718.163,18,15,1 L,+2.136
7720.46,18,15,1 L,+2.137
7723.21,18,15,1 L,+2.141
7728.78,18,15,1 L,+2.052
7737.754,18,15,1 L,+2.090
7741.762,18,15,1 L,+2.114
7744.546,18,15,1 L,+2.094
7745.383,18,15,1 L,+2.092
7748.773,18,15,1 L,+2.071
7751.541,18,15,1 L,+2.089
7758.384,18,15,1 L,+1.940
7764.25,18,15,1 L,+1.913
7769.229,18,15,1 L,+1.943
7771.16,18,15,1 L,+1.971
7774.799,18,15,1 L,+1.996
7778.482,18,15,1 L,+2.091
7782.655,18,15,1 L,+2.010
7786.544,18,15,1 L,+1.960
7791.873,18,15,1 L,+1.952
7796.272,18,15,1 L,+1.942
7800.427,18,15,1 L,+1.924
7803.635,18,15,1 L,+1.935
7805.242,18,15,1 L,+1.933
7805.944,18,15,1 L,+1.945
7808.737,18,15,1 L,+1.943
7814.291,18,15,1 L,+1.895
7823.173,18,15,1 L,+1.803
7827.059,18,15,1 L,+1.715
7830.128,18,15,1 L,+1.623
7831.014,18,15,1 L,+1.613
7834.19,18,15,1 L,+1.576
7836.893,18,15,1 L,+1.569
7843.932,18,15,1 L,+1.494
7849.776,18,15,1 L,+1.402
7854.76,18,15,1 L,+1.389
7856.666,18,15,1 L,+1.415
7860.338,18,15,1 L,+1.418
7864.057,18,15,1 L,+1.489
7868.26,18,15,1 L,+1.454
7872.104,18,15,1 L,+1.400
7877.338,18,15,1 L,+1.344
7881.744,18,15,1 L,+1.310
7885.947,18,15,1 L,+1.269
7889.15,18,15,1 L,+1.285
7890.713,18,15,1 L,+1.311
7891.472,18,15,1 L,+1.321
7894.247,18,15,1 L,+1.339
7899.763,18,15,1 L,+1.277
7908.794,18,15,1 L,+1.205
7912.654,18,15,1 L,+1.132
7915.482,18,15,1 L,+1.067
7916.294,18,15,1 L,+1.058
7919.673,18,15,1 L,+1.019
7922.435,18,15,1 L,+0.996
7929.435,18,15,1 L,+0.952
7935.279,18,15,1 L,+0.961
7940.325,18,15,1 L,+0.977
7942.216,18,15,1 L,+1.007
7945.936,18,15,1 L,+0.986
7949.649,18,15,1 L,+1.066
7953.852,18,15,1 L,+1.034
7957.727,18,15,1 L,+0.960
7963.061,18,15,1 L,+0.941
7967.528,18,15,1 L,+0.976
7971.652,18,15,1 L,+0.847
7974.836,18,15,1 L,+0.765
7976.373,18,15,1 L,+0.763
7977.114,18,15,1 L,+0.753
7979.841,18,15,1 L,+0.653
7985.451,18,15,1 L,+0.649
7994.384,18,15,1 L,+0.361
7998.487,18,15,1 L,+0.489
8001.289,18,15,1 L,+0.468
8002.114,18,15,1 L,+0.458
8005.501,18,15,1 L,+0.378
8008.171,18,15,1 L,+0.324
8015.341,18,15,1 L,+0.426
8021.26,18,15,1 L,+0.444
8026.621,18,15,1 L,+0.448
8029.093,18,15,1 L,+0.535
8035.342,18,15,1 L,+0.997
8040.118,18,15,1 L,+1.183
8044.698,18,15,1 L,+1.118
8050.071,18,15,1 L,+0.750
8056.367,18,15,1 L,+0.777
8062.674,18,15,1 L,+0.716
8068.217,18,15,1 L,+0.642
8073.135,18,15,1 L,+0.783
8075.214,18,15,1 L,+0.902
8076.127,18,15,1 L,+0.919
8079.228,18,15,1 L,+0.905
8085.675,18,15,1 L,+1.061
8097.698,18,15,1 L,+0.687
8101.823,18,15,+143.733,+0.687
8104.869,18,15,+144.072,+0.687
8106.041,18,14,+144.072,+0.687
8106.072,18,14,1 L,+8.301
8112.135,18,13,1 L,+8.301
8112.229,18,13,+147.303,+134.452
8115.494,18,13,1 L,+134.984
8122.721,18,13,1 L,+134.670
8128.717,18,13,1 L,+134.468
8133.717,18,13,1 L,+132.089
8135.623,18,13,1 L,+129.417
8139.154,18,12,1 L,+129.417
8139.232,18,12,1 L,+35.162
8142.935,18,12,1 L,+34.694
8147.213,18,12,1 L,+34.421
8150.994,18,12,1 L,+34.308
8156.369,18,12,1 L,+34.147
8160.635,18,12,1 L,+33.995
8164.83,18,12,1 L,+34.008
8168.085,18,12,1 L,+34.094
8169.56,18,12,1 L,+34.056
8170.302,18,12,1 L,+34.063
8173.047,18,12,1 L,+34.122
8178.494,18,12,1 L,+34.145
8187.369,18,12,1 L,+33.967
8191.169,18,12,1 L,+33.682
8193.935,18,12,1 L,+33.562
8194.763,18,12,1 L,+33.565
8198.159,18,12,1 L,+33.683
8200.957,18,12,1 L,+33.746
8207.784,18,12,1 L,+33.522
8213.557,18,12,1 L,+33.528
8218.517,18,12,1 L,+33.524
8220.342,18,12,1 L,+33.480
8223.984,18,12,1 L,+33.635
8227.613,18,12,1 L,+33.596
8231.713,18,12,1 L,+33.383
8235.528,18,12,1 L,+33.360
8240.827,18,12,1 L,+33.330
8245.214,18,12,1 L,+33.250
8249.313,18,12,1 L,+33.281
8252.512,18,12,1 L,+33.391
8254.017,18,12,1 L,+33.385
8254.772,18,12,1 L,+33.392
8257.571,18,12,1 L,+33.492
8263.027,18,12,1 L,+33.644
8271.992,18,12,1 L,+33.646
8275.841,18,12,1 L,+33.433
8278.638,18,12,1 L,+33.402
8279.45,18,12,1 L,+33.407
8282.872,18,12,1 L,+33.497
8285.732,18,12,1 L,+33.621
8292.544,18,12,1 L,+33.627
8298.271,18,12,1 L,+33.591
8303.271,18,12,1 L,+33.655
8305.128,18,12,1 L,+33.656
8308.759,18,12,1 L,+33.836
8312.435,18,12,1 L,+33.865
8316.638,18,12,1 L,+33.698
8320.45,18,12,1 L,+33.685
8325.745,18,12,1 L,+33.534
8330.059,18,12,1 L,+33.380
8334.223,18,12,1 L,+33.299
8337.427,18,12,1 L,+33.380
8338.998,18,12,1 L,+33.382
8339.744,18,12,1 L,+33.394
8342.574,18,12,1 L,+33.495
8348.056,18,12,1 L,+33.441
8356.931,18,12,1 L,+33.321
8360.822,18,12,1 L,+33.105
8363.556,18,12,1 L,+32.955
8364.385,18,12,1 L,+32.950
8367.775,18,12,1 L,+32.967
8370.572,18,12,1 L,+32.738
8377.385,18,12,1 L,+33.742
8383.182,18,12,1 L,+33.382
8388.15,18,12,1 L,+33.224
8389.963,18,12,1 L,+33.141
8393.617,18,12,1 L,+33.085
8397.284,18,12,1 L,+32.646
8401.493,18,12,1 L,+32.348
8405.34,18,12,1 L,+31.828
8410.635,18,12,1 L,+31.255
8414.924,18,12,1 L,+30.982
8419.08,18,12,1 L,+30.720
8422.259,18,12,1 L,+30.761
8423.771,18,12,1 L,+30.713
8424.521,18,12,1 L,+30.705
8427.293,18,12,1 L,+30.764
8432.731,18,12,1 L,+30.378
8441.606,18,12,1 L,+30.034
8445.668,18,12,1 L,+29.922
8448.598,18,12,1 L,+30.025
8449.46,18,12,1 L,+30.044
8452.91,18,12,1 L,+30.131
8455.684,18,12,1 L,+30.153
8462.611,18,12,1 L,+29.906
8468.317,18,12,1 L,+29.688
8473.484,18,12,1 L,+29.816
8475.327,18,12,1 L,+29.789
8478.994,18,12,1 L,+29.935
8482.646,18,12,1 L,+29.805
8486.838,18,12,1 L,+29.639
8490.681,18,12,1 L,+29.550
8496.043,18,12,1 L,+29.446
8500.413,18,12,1 L,+29.389
8504.547,18,12,1 L,+29.216
8507.736,18,12,1 L,+29.239
8509.259,18,12,1 L,+29.176
8510.0,18,12,1 L,+29.143
8512.785,18,12,1 L,+28.821
8518.815,18,12,1 L,+28.387
8527.322,18,12,1 L,+28.241
8531.135,18,12,1 L,+27.733
8534.025,18,12,1 L,+27.758
8534.9,18,12,1 L,+27.769
8538.271,18,12,1 L,+27.865
8541.113,18,12,1 L,+27.960
8548.046,18,12,1 L,+27.706
8553.838,18,13,1 L,+27.706
8554.025,18,13,1 L,+0.136
8559.26,18,13,1 L,+0.317
8561.119,18,13,1 L,+0.353
8564.728,18,13,1 L,+0.486
8568.494,18,13,1 L,+0.575
8572.775,18,13,1 L,+0.680
8576.681,18,13,1 L,+0.873
8582.088,18,13,1 L,+1.035
8586.512,18,13,1 L,+1.123
8590.748,18,13,1 L,+1.245
8593.942,18,13,1 L,+1.342
8595.513,18,13,1 L,+1.377
8596.262,18,13,1 L,+1.391
8599.045,18,13,1 L,+1.436
8604.62,18,13,1 L,+1.599
8613.685,18,13,1 L,+1.842
8617.574,18,13,1 L,+1.768
8620.413,18,13,1 L,+1.670
8621.22,18,13,1 L,+1.671
8624.641,18,13,1 L,+1.702
8627.426,18,13,1 L,+1.696
8634.416,18,13,1 L,+1.773
8640.244,18,13,1 L,+1.808
8645.338,18,13,1 L,+1.776
8647.041,18,13,1 L,+1.806
8650.722,18,13,1 L,+2.008
8654.433,18,13,1 L,+2.049
8658.672,18,13,1 L,+2.068
8662.543,18,13,1 L,+2.139
8667.843,18,13,1 L,+2.277
8672.168,18,13,1 L,+2.266
8676.34,18,13,1 L,+2.338
8679.5,18,13,1 L,+2.386
8681.024,18,13,1 L,+2.404
8681.79,18,13,1 L,+2.398
8684.576,18,13,1 L,+2.387
8690.121,18,13,1 L,+2.410
8699.123,18,13,1 L,+2.599
8702.998,18,13,1 L,+2.542
8705.927,18,13,1 L,+2.565
8706.772,18,13,1 L,+2.584
8710.194,18,13,1 L,+2.658
8712.928,18,13,1 L,+2.696
8719.819,18,13,1 L,+2.658
8725.569,18,13,1 L,+2.672
8730.694,18,13,1 L,+2.863
8732.522,18,13,1 L,+2.880
8736.194,18,13,1 L,+3.101
8739.897,18,13,1 L,+3.149
8744.142,18,13,1 L,+3.134
8747.959,18,13,1 L,+3.128
8753.294,18,13,1 L,+3.197
8757.7,18,13,1 L,+3.247
8761.841,18,13,1 L,+3.286
8765.056,18,13,1 L,+3.357
8766.594,18,13,1 L,+3.356
8767.359,18,13,1 L,+3.362
8770.114,18,13,1 L,+3.291
8775.64,18,13,1 L,+3.276
8784.562,18,13,1 L,+3.282
8788.499,18,13,1 L,+3.262
8791.32,18,13,1 L,+3.231
8792.148,18,13,1 L,+3.244
8795.542,18,13,1 L,+3.310
8798.367,18,13,1 L,+3.317
8805.341,18,13,1 L,+3.282
8810.974,18,13,1 L,+3.440
8815.965,18,13,1 L,+3.489
8817.813,18,13,1 L,+3.521
8821.474,18,13,1 L,+3.719
8825.23,18,13,1 L,+3.710
8829.391,18,13,1 L,+3.678
8833.192,18,13,1 L,+3.757
8838.497,18,13,1 L,+3.792
8842.825,18,13,1 L,+3.777
8847.044,18,13,1 L,+3.897
8850.247,18,13,1 L,+4.030
8851.794,18,13,1 L,+4.054
8852.559,18,13,1 L,+4.058
8855.322,18,13,1 L,+4.095
8860.852,18,13,1 L,+4.153
8869.798,18,13,1 L,+4.371
8873.612,18,13,1 L,+4.231
8876.497,18,13,1 L,+4.241
8877.278,18,13,1 L,+4.256
8880.669,18,13,1 L,+4.325
8883.45,18,13,1 L,+4.337
8890.434,18,13,1 L,+4.391
8897.747,18,13,1 L,+5.928
8903.184,18,13,1 L,+6.476
8905.044,18,13,1 L,+6.498
8908.669,18,13,1 L,+6.635
8912.419,18,13,1 L,+6.730
8916.731,18,13,1 L,+6.784
8920.638,18,13,1 L,+6.950
8926.084,18,13,1 L,+7.126
8930.489,18,13,1 L,+7.204
8934.647,18,13,1 L,+7.243
8937.844,18,13,1 L,+7.354
8939.4,18,13,1 L,+7.373
8940.15,18,13,1 L,+7.374
8942.916,18,13,1 L,+7.341
8948.421,18,13,1 L,+7.393
8957.284,18,13,1 L,+7.503
8961.127,18,13,1 L,+7.385
8963.985,18,13,1 L,+7.358
8964.759,18,13,1 L,+7.365
8968.17,18,13,1 L,+7.405
8970.916,18,13,1 L,+7.383
8977.83,18,13,1 L,+7.417
8983.674,18,13,1 L,+7.553
8988.647,18,13,1 L,+7.531
8990.528,18,13,1 L,+7.540
8994.181,18,13,1 L,+7.725
8997.99,18,13,1 L,+7.870
9002.183,18,13,1 L,+7.880
9006.046,18,13,1 L,+7.945
9011.417,18,13,1 L,+8.115
9015.759,18,13,1 L,+8.041
9019.93,18,13,1 L,+8.062
9023.119,18,13,1 L,+8.113
9024.643,18,13,1 L,+8.108
9025.43,18,13,1 L,+8.106
9028.135,18,13,1 L,+8.083
9033.689,18,13,1 L,+8.058
9042.65,18,13,1 L,+8.218
9046.512,18,13,1 L,+8.024
9049.31,18,13,1 L,+7.894
9050.091,18,13,1 L,+7.893
9053.512,18,13,1 L,+7.931
9056.276,18,13,1 L,+7.932
9063.541,18,13,1 L,+8.334
9070.043,18,13,1 L,+8.950
9075.278,18,13,1 L,+9.219
9077.2,18,13,1 L,+9.257
9080.871,18,13,1 L,+9.446
9084.574,18,13,1 L,+9.634
9088.916,18,13,1 L,+9.669
9092.793,18,13,1 L,+9.717
9098.22,18,13,1 L,+9.895
9102.631,18,13,1 L,+10.003
9106.827,18,13,1 L,+10.054
9110.027,18,13,1 L,+10.135
9111.543,18,13,1 L,+10.131
9112.324,18,13,1 L,+10.126
9115.041,18,13,1 L,+10.047
9120.634,18,13,1 L,+10.013
9129.62,18,13,1 L,+10.146
9133.487,18,13,1 L,+10.050
9136.314,18,13,1 L,+10.009
9137.136,18,13,1 L,+10.013
9140.514,18,13,1 L,+10.062
9143.272,18,13,1 L,+10.046
9150.25,18,13,1 L,+10.079
9156.026,18,13,1 L,+10.095
9161.001,18,13,1 L,+10.070
9162.898,18,13,1 L,+10.042
9166.516,18,13,1 L,+10.195
9170.204,18,13,1 L,+10.248
9174.471,18,13,1 L,+10.298
9178.323,18,13,1 L,+10.323
9183.639,18,13,1 L,+10.322
9187.959,18,13,1 L,+10.245
9192.129,18,13,1 L,+10.272
9195.33,18,13,1 L,+10.362
9196.876,18,13,1 L,+10.373
9197.642,18,13,1 L,+10.392
9200.408,18,13,1 L,+10.372
9206.033,18,13,1 L,+10.401
9214.994,18,13,1 L,+10.500
9218.9,18,13,1 L,+10.461
9221.728,18,13,1 L,+10.352
9222.525,18,13,1 L,+10.351
9225.931,18,13,1 L,+10.410
9228.698,18,13,1 L,+10.465
9235.727,18,13,1 L,+10.604
9241.491,18,13,1 L,+10.673
9246.413,18,13,1 L,+10.592
9248.319,18,13,1 L,+10.638
9251.972,18,13,1 L,+10.792
9255.7,18,13,1 L,+10.832
9259.927,18,13,1 L,+10.759
9263.837,18,13,1 L,+10.861
9269.181,18,13,1 L,+10.865
9273.532,18,13,1 L,+10.754
9277.716,18,13,1 L,+10.763
9280.934,18,13,1 L,+10.818
9282.466,18,13,1 L,+10.697
9283.216,18,13,1 L,+10.676
9286.012,18,13,1 L,+10.667
9291.559,18,13,1 L,+10.581
9300.561,18,13,1 L,+10.607
9304.544,18,13,1 L,+10.427
9307.45,18,13,1 L,+10.386
9308.278,18,13,1 L,+10.399
9426.806,18,13,1L,+10.399
8.61,77,21,,
3252.228,77,21,,+0.061
3257.477,77,21,+2.152,+0.061
3261.039,77,19,+2.152,+0.061
3261.129,77,19,+2.168,+0.117
3268.739,77,19,+2.992,+0.246
3275.761,77,20,+2.992,+0.246
3275.78,77,20,+3.778,+0.246
3281.073,77,19,+3.778,+0.246
3281.16,77,19,+3.955,+0.158
3283.27,77,20,+3.955,+0.158
3283.551,77,20,+4.532,+0.171
3287.238,77,20,+4.874,+0.215
3291.948,77,20,+5.778,+0.407
3296.636,77,21,+5.778,+0.407
3296.759,77,21,+6.302,+0.004
3301.015,77,21,+6.768,+0.134
3307.585,77,21,+7.868,+0.451
3312.696,77,21,+8.531,+0.460
3317.211,77,21,+8.886,+0.381
3320.617,77,21,+9.087,+0.371
3322.321,77,21,+9.243,+0.397
3323.133,77,21,+9.283,+0.404
3326.008,77,21,+9.312,+0.395
3331.789,77,21,+9.653,+0.466
3341.071,77,21,+10.012,+0.402
3345.321,77,21,+10.357,+0.534
3348.258,77,21,+10.510,+0.584
3349.039,77,21,+10.526,+0.519
3352.446,77,21,+10.476,+0.346
3355.202,77,21,+10.451,+0.270
3362.372,77,21,+10.529,+0.209
3368.702,77,21,+10.864,+0.376
3373.755,77,21,+10.953,+0.432
3375.715,77,21,+11.055,+0.363
3379.474,77,21,+11.171,+0.252
3383.629,77,21,+11.598,+0.345
3388.203,77,21,+11.871,+0.364
3392.294,77,21,+12.065,+0.441
3398.044,77,21,+12.346,+0.407
3402.868,77,21,+12.674,+0.418
3407.261,77,21,+12.927,+0.308
3410.902,77,21,+13.411,+0.357
3412.589,77,21,+13.520,+0.459
3413.389,77,21,+13.542,+0.412
3416.136,77,21,+13.479,+0.031
3421.9,77,20,+13.479,+0.031
3421.994,77,20,+13.820,+1.199
3431.077,77,20,+13.971,+1.023
3435.28,77,20,+14.288,+1.077
3438.261,77,20,+14.438,+1.012
3439.054,77,20,+14.456,+1.003
3442.514,77,20,+14.456,+0.998
3445.355,77,20,+14.429,+1.019
3452.261,77,21,+14.429,+1.019
3452.517,77,21,+14.753,+0.217
3458.777,77,21,+15.089,+0.353
3463.858,77,21,+15.317,+0.493
3465.811,77,21,+15.393,+0.517
3469.523,77,21,+15.516,+0.469
3473.558,77,21,+15.860,+0.569
3478.061,77,21,+16.125,+0.736
3482.092,77,21,+16.332,+0.751
3487.758,77,21,+16.630,+0.814
3492.429,77,21,+16.855,+0.844
3496.783,77,21,+17.085,+0.948
3500.165,77,21,+17.323,+1.037
3501.931,77,21,+17.505,+1.164
3502.681,77,21,+17.547,+1.176
3505.54,77,21,+17.590,+1.125
3511.229,77,21,+17.794,+1.067
3520.305,77,21,+17.879,+0.955
3524.394,77,21,+18.116,+1.048
3527.409,77,21,+18.316,+1.167
3528.163,77,21,+18.339,+1.174
3531.633,77,21,+18.300,+1.193
3534.395,77,21,+18.158,+1.204
3541.28,77,21,+18.214,+1.117
3547.499,77,21,+18.387,+1.080
3552.499,77,21,+18.474,+1.025
3554.467,77,21,+18.584,+0.950
3558.124,77,21,+18.681,+0.818
3561.974,77,21,+18.853,+0.765
3566.424,77,21,+18.998,+0.826
3570.356,77,21,+19.141,+0.890
3575.94,77,21,+19.471,+0.764
3580.573,77,21,+19.741,+0.883
3584.893,77,21,+19.940,+0.841
3588.08,77,21,+20.024,+0.746
3589.767,77,21,+20.157,+0.823
3590.549,77,21,+20.196,+0.835
3593.315,77,21,+20.207,+0.749
3599.04,77,21,+20.465,+0.681
3608.216,77,21,+20.775,+0.513
3612.317,77,21,+20.952,+0.650
3615.339,77,21,+21.121,+0.759
3616.121,77,21,+21.144,+0.767
3619.595,77,21,+21.122,+0.791
3622.374,77,21,+21.068,+0.957
3629.389,77,21,+21.180,+0.852
3635.655,77,21,+21.436,+0.819
3640.827,77,21,+21.637,+0.827
3642.764,77,21,+21.749,+0.833
3646.467,77,21,+21.832,+0.867
3650.387,77,21,+22.113,+0.729
3654.849,77,21,+22.378,+0.660
3658.905,77,21,+22.541,+0.687
3664.53,77,21,+22.992,+0.773
3669.198,77,21,+23.332,+0.815
3673.588,77,21,+23.591,+0.832
3676.799,77,21,+23.701,+0.773
3678.49,77,21,+23.845,+0.778
3679.273,77,21,+23.885,+0.750
3682.015,77,21,+23.888,+0.628
3687.823,77,21,+24.096,+0.637
3697.136,77,21,+24.552,+0.699
3701.399,77,21,+24.880,+0.731
3704.511,77,21,+25.170,+0.876
3705.318,77,21,+25.203,+0.893
3708.773,77,21,+25.218,+0.911
3711.574,77,21,+25.208,+0.906
3718.744,77,21,+25.496,+0.903
3724.944,77,21,+25.712,+1.112
3730.161,77,21,+25.900,+1.194
3732.116,77,21,+26.020,+1.164
3735.816,77,21,+26.104,+1.174
3739.662,77,21,+26.341,+1.170
3744.162,77,21,+26.597,+1.146
3748.135,77,21,+26.673,+1.179
3753.714,77,21,+27.068,+1.309
3758.364,77,21,+27.345,+1.277
3762.777,77,21,+27.610,+1.267
3766.014,77,21,+27.733,+1.195
3767.674,77,21,+27.870,+1.201
3768.451,77,21,+27.909,+1.181
3771.214,77,21,+27.927,+1.059
3776.96,77,21,+28.134,+0.978
3786.128,77,21,+28.441,+0.992
3790.26,77,21,+28.708,+0.895
3793.342,77,21,+28.985,+1.059
3794.139,77,21,+29.020,+1.075
3797.628,77,21,+29.045,+1.094
3800.418,77,21,+29.008,+1.101
3807.532,77,21,+29.326,+1.063
3813.7,77,21,+29.551,+1.122
3818.855,77,21,+29.782,+1.186
3820.917,77,21,+29.962,+1.179
3824.621,77,21,+30.083,+1.239
3828.433,77,21,+30.296,+1.164
3832.823,77,21,+30.457,+1.074
3836.902,77,21,+30.669,+1.213
3842.473,77,21,+31.048,+1.301
3847.128,77,21,+31.327,+1.328
3851.482,77,21,+31.558,+1.279
3854.699,77,21,+31.671,+1.211
3856.342,77,21,+31.784,+1.167
3857.128,77,21,+31.813,+1.127
3859.917,77,21,+31.906,+1.029
3865.62,77,21,+32.114,+1.066
3874.886,77,21,+32.475,+1.148
3879.061,77,21,+32.670,+1.125
3882.101,77,21,+32.912,+1.210
3882.929,77,21,+32.944,+1.223
3886.428,77,21,+32.964,+1.253
3889.245,77,21,+32.959,+1.343
3896.339,77,21,+33.201,+1.355
3902.558,77,21,+33.403,+1.550
3907.73,77,21,+33.621,+1.618
3909.698,77,21,+33.741,+1.668
3913.402,77,21,+33.848,+1.752
3917.224,77,21,+34.055,+1.721
3921.698,77,21,+34.295,+1.740
3925.777,77,21,+34.433,+1.832
3931.339,77,21,+34.747,+1.992
3935.995,77,21,+34.983,+1.978
3940.417,77,21,+35.200,+1.994
3943.649,77,21,+35.322,+1.917
3945.419,77,21,+35.436,+1.904
3946.146,77,21,+35.464,+1.884
3948.9,77,21,+35.452,+1.768
3954.667,77,21,+35.641,+1.731
3963.87,77,21,+36.009,+1.711
3968.063,77,21,+36.337,+1.725
3971.128,77,21,+36.578,+1.725
3971.919,77,21,+36.608,+1.058
3975.31,77,20,+36.608,+1.058
3975.404,77,20,+36.646,+1.783
3978.272,77,20,+36.702,+1.918
3985.472,77,20,+36.936,+2.062
3991.594,77,20,+37.090,+2.199
3996.662,77,20,+37.141,+2.170
3998.627,77,20,+37.252,+2.214
4002.36,77,20,+37.387,+2.330
4006.2,77,20,+37.626,+2.367
4010.636,77,20,+37.792,+2.339
4014.701,77,20,+37.947,+2.456
4020.292,77,20,+38.263,+2.645
4024.917,77,20,+38.478,+2.633
4029.261,77,20,+38.655,+2.609
4032.495,77,20,+38.745,+2.563
4034.129,77,20,+38.866,+2.573
4034.934,77,20,+38.914,+2.563
4037.738,77,20,+38.966,+2.468
4043.41,77,20,+39.152,+2.456
4052.604,77,20,+39.420,+2.477
4056.885,77,20,+39.797,+2.616
4059.928,77,20,+39.993,+2.720
4060.728,77,20,+40.021,+2.737
4064.214,77,20,+40.072,+2.784
4067.058,77,20,+40.087,+2.874
4074.233,77,20,+40.269,+2.817
4080.386,77,20,+40.413,+2.715
4085.589,77,20,+40.539,+2.768
4087.558,77,20,+40.679,+2.804
4091.276,77,20,+40.811,+2.907
4095.099,77,20,+41.005,+2.871
4099.526,77,20,+41.183,+2.826
4103.558,77,20,+41.349,+2.834
4109.073,77,20,+41.591,+2.960
4113.745,77,20,+41.772,+3.008
4118.089,77,20,+41.942,+2.978
4121.355,77,20,+41.977,+2.948
4122.98,77,20,+42.086,+2.970
4123.761,77,20,+42.117,+2.952
4126.558,77,20,+42.117,+2.849
4132.231,77,20,+42.259,+2.786
4141.478,77,20,+42.566,+2.857
4145.783,77,20,+42.959,+2.997
4148.792,77,20,+43.197,+3.103
4149.624,77,20,+43.229,+3.114
4153.088,77,20,+43.290,+3.148
4155.914,77,20,+43.292,+3.177
4163.062,77,20,+43.535,+3.087
4169.156,77,20,+43.661,+3.012
4174.399,77,20,+43.898,+3.131
4176.414,77,20,+44.049,+3.152
4180.16,77,20,+44.191,+3.271
4184.045,77,20,+44.394,+3.350
4188.436,77,20,+44.523,+3.297
4192.545,77,20,+44.773,+3.417
4198.142,77,20,+45.042,+3.530
4202.705,77,20,+45.233,+3.542
4207.131,77,20,+45.427,+3.548
4210.329,77,20,+45.514,+3.549
4212.029,77,20,+45.622,+3.571
4212.806,77,20,+45.650,+3.563
4215.615,77,20,+45.671,+3.496
4221.324,77,20,+45.916,+3.489
4230.574,77,20,+46.277,+3.511
4234.699,77,20,+46.498,+3.564
4237.72,77,20,+46.715,+3.631
4238.542,77,20,+46.746,+3.638
4242.032,77,20,+46.801,+3.667
4244.893,77,20,+46.832,+3.749
4252.086,77,20,+47.038,+3.757
4258.324,77,20,+47.297,+4.082
4263.372,77,20,+47.271,+3.706
4265.365,77,20,+47.378,+3.679
4269.061,77,20,+47.475,+3.743
4272.87,77,19,+47.475,+3.743
4272.948,77,19,+47.727,+6.908
4275.448,77,20,+47.727,+6.908
4277.433,77,20,+47.941,+1.898
4281.479,77,20,+48.066,+1.763
4287.136,77,20,+48.436,+1.842
4291.901,77,20,+48.766,+1.814
4296.313,77,20,+48.951,+1.798
4299.574,77,20,+49.062,+1.745
4301.293,77,20,+49.186,+1.759
4302.099,77,20,+49.217,+1.748
4304.873,77,20,+49.196,+1.634
4310.592,77,20,+49.403,+1.592
4319.873,77,20,+49.820,+1.714
4323.999,77,20,+50.056,+1.697
4327.061,77,20,+50.266,+1.779
4327.858,77,20,+50.292,+1.785
4331.358,77,20,+50.328,+1.790
4334.217,77,20,+50.340,+1.849
4341.42,77,20,+50.550,+1.839
4347.66,77,20,+50.831,+1.975
4352.801,77,20,+50.839,+1.946
4354.794,77,20,+50.949,+1.975
4358.518,77,20,+51.046,+2.054
4362.394,77,20,+51.297,+1.989
4366.873,77,20,+51.506,+2.050
4370.943,77,20,+51.640,+2.128
4376.598,77,20,+51.958,+2.306
4381.254,77,20,+52.179,+2.368
4385.795,77,20,+52.445,+2.400
4389.114,77,20,+52.565,+2.388
4390.717,77,20,+52.691,+2.393
4391.529,77,20,+52.729,+2.372
4394.358,77,20,+52.749,+2.290
4400.145,77,20,+53.007,+2.350
4409.478,77,20,+53.456,+2.467
4413.615,77,20,+53.693,+2.485
4416.692,77,20,+53.955,+2.564
4417.482,77,20,+53.988,+2.569
4420.998,77,20,+54.037,+2.578
4423.904,77,20,+54.117,+2.715
4431.092,77,20,+54.321,+2.806
4437.436,77,20,+54.687,+3.110
4442.67,77,20,+54.848,+3.186
4444.762,77,20,+55.141,+3.359
4448.573,77,20,+55.394,+3.574
4452.964,77,20,+56.077,+4.021
4458.151,77,20,+57.014,+4.832
4464.433,77,21,+57.014,+4.832
4465.026,77,21,+60.007,+0.539
4472.028,77,22,+60.007,+0.539
4474.26,77,22,+63.948,+2.228
4480.936,77,22,+66.196,+4.369
4486.889,77,22,+67.953,+6.010
4491.936,77,22,+69.848,+7.828
4494.217,77,22,+70.584,+8.507
4495.529,77,22,+71.095,+8.978
4500.5,77,22,+73.361,+11.151
4507.383,77,22,+74.652,+12.354
4523.936,77,22,+82.210,+19.584
9426.806,77,22,57L,35L
8.61,11,22,,
3265.755,11,22,+7.216,+4.734
3273.286,11,22,+7.576,+4.249
3279.405,11,22,+7.578,+3.515
3284.521,11,22,+7.781,+3.366
3286.601,11,22,+7.871,+3.134
3290.277,11,22,+7.916,+3.019
3294.365,11,22,+8.160,+2.245
3298.8,11,22,+8.364,+2.062
3302.893,11,22,+8.625,+1.857
3308.542,11,22,+8.827,+0.959
3313.274,11,22,+9.082,+0.551
3317.68,11,22,+9.355,+0.469
3321.133,11,22,+9.591,+0.504
3322.852,11,22,+9.752,+0.509
3323.633,11,22,+9.777,+0.494
3326.43,11,22,+9.775,+0.463
3332.242,11,22,+10.112,+0.459
3341.571,11,22,+10.501,+0.489
3345.899,11,22,+10.884,+0.527
3348.711,11,22,+10.973,+0.463
3349.508,11,22,+10.980,+0.454
3352.883,11,22,+10.920,+0.444
3355.68,11,22,+10.924,+0.473
3363.094,11,22,+11.266,+0.737
3369.374,11,22,+11.583,+0.719
3374.517,11,22,+11.715,+0.762
3376.429,11,22,+11.742,+0.687
3380.06,11,22,+11.787,+0.616
3384.231,11,22,+12.175,+0.577
3388.801,11,22,+12.466,+0.595
3392.828,11,22,+12.635,+0.570
3398.517,11,22,+12.842,+0.496
3403.305,11,22,+13.148,+0.474
3407.668,11,22,+13.354,+0.427
3411.204,11,22,+13.676,+0.265
3412.98,11,22,+13.893,+0.373
3413.761,11,22,+13.935,+0.393
3416.607,11,22,+13.978,+0.499
3422.473,11,22,+14.299,+0.395
3431.999,11,22,+14.867,+0.328
3436.264,11,22,+15.266,+0.653
3439.2,11,22,+15.400,+0.715
3439.999,11,22,+15.416,+0.718
3443.416,11,22,+15.386,+0.729
3446.199,11,22,+15.337,+0.837
3453.342,11,22,+15.558,+0.805
3459.636,11,22,+15.942,+0.853
3464.749,11,22,+16.176,+0.859
3466.702,11,22,+16.262,+0.869
3470.359,11,22,+16.341,+0.825
3474.373,11,22,+16.634,+0.774
3478.842,11,22,+16.896,+0.771
3482.905,11,22,+17.127,+0.795
3488.524,11,22,+17.390,+0.760
3493.143,11,22,+17.610,+0.755
3497.525,11,22,+17.810,+0.725
3500.806,11,22,+17.919,+0.596
3502.509,11,22,+18.096,+0.591
3503.337,11,22,+18.145,+0.598
3506.118,11,22,+18.183,+0.593
3511.933,11,22,+18.496,+0.702
3521.103,11,22,+18.679,+0.800
3525.128,11,22,+18.854,+0.738
3528.214,11,22,+19.140,+0.824
3529.033,11,22,+19.169,+0.830
3532.474,11,22,+19.132,+0.832
3535.215,11,22,+18.987,+0.829
3542.358,11,22,+19.222,+1.008
3548.483,11,22,+19.429,+1.042
3553.686,11,22,+19.629,+1.155
3555.624,11,22,+19.710,+1.126
3559.217,11,22,+19.782,+1.101
3563.201,11,22,+20.043,+1.190
3567.568,11,22,+20.186,+1.188
3571.614,11,22,+20.382,+1.241
3577.207,11,22,+20.747,+1.276
3581.849,11,22,+21.018,+1.277
3586.244,11,22,+21.295,+1.355
3589.486,11,22,+21.403,+1.379
3591.158,11,22,+21.535,+1.378
3591.908,11,22,+21.561,+1.365
3594.724,11,22,+21.591,+1.384
3600.509,11,22,+21.932,+1.467
3609.728,11,22,+22.278,+1.503
3613.73,11,22,+22.363,+1.411
3616.839,11,22,+22.609,+1.488
3617.657,11,22,+22.638,+1.494
3621.114,11,22,+22.658,+1.536
3623.999,11,22,+22.685,+1.617
3631.139,11,22,+22.891,+1.711
3637.342,11,22,+23.127,+1.691
3642.483,11,22,+23.260,+1.623
3644.42,11,22,+23.364,+1.615
3648.074,11,22,+23.441,+1.609
3651.9,11,22,+23.647,+1.534
3656.379,11,22,+23.895,+1.517
3660.389,11,22,+24.042,+1.501
3665.934,11,22,+24.401,+1.409
3670.631,11,22,+24.719,+1.387
3674.96,11,22,+24.967,+1.376
3678.194,11,22,+25.062,+1.361
3679.861,11,22,+25.212,+1.367
3680.629,11,22,+25.259,+1.374
3683.429,11,22,+25.308,+1.420
3689.261,11,22,+25.554,+1.458
3698.48,11,22,+25.909,+1.357
3702.527,11,22,+26.053,+1.173
3705.63,11,22,+26.302,+1.132
3706.432,11,22,+26.328,+1.125
3709.899,11,22,+26.349,+1.131
3712.715,11,22,+26.342,+1.134
3719.838,11,22,+26.563,+1.067
3726.001,11,22,+26.772,+1.060
3731.194,11,22,+26.932,+1.032
3733.118,11,22,+26.979,+0.959
3736.74,11,22,+27.027,+0.923
3740.686,11,22,+27.338,+0.997
3745.248,11,22,+27.627,+1.030
3749.228,11,22,+27.766,+1.093
3754.816,11,22,+28.163,+1.095
3759.463,11,22,+28.422,+1.077
3763.858,11,22,+28.716,+1.106
3767.215,11,22,+28.935,+1.202
3768.915,11,22,+29.090,+1.220
3769.672,11,22,+29.121,+1.212
3772.468,11,22,+29.169,+1.242
3778.26,11,22,+29.492,+1.358
3787.502,11,22,+29.842,+1.401
3791.639,11,22,+30.086,+1.378
3794.702,11,22,+30.347,+1.362
3795.514,11,22,+30.381,+1.361
3798.992,11,22,+30.422,+1.377
3801.815,11,22,+30.430,+1.422
3809.178,11,22,+30.933,+1.607
3815.328,11,22,+31.174,+1.623
3820.511,11,22,+31.391,+1.609
3822.495,11,22,+31.520,+1.558
3826.152,11,22,+31.583,+1.500
3830.105,11,22,+31.919,+1.623
3834.636,11,22,+32.179,+1.722
3838.573,11,22,+32.361,+1.692
3844.158,11,22,+32.707,+1.659
3848.787,11,22,+32.994,+1.667
3853.167,11,22,+33.262,+1.704
3856.507,11,22,+33.441,+1.770
3858.141,11,22,+33.586,+1.802
3858.972,11,22,+33.628,+1.815
3861.73,11,22,+33.744,+1.838
3867.558,11,22,+34.028,+1.914
3876.839,11,22,+34.394,+1.919
3880.894,11,22,+34.523,+1.853
3883.971,11,22,+34.755,+1.843
3884.793,11,22,+34.786,+1.842
3888.244,11,22,+34.808,+1.844
3891.073,11,22,+34.788,+1.829
3898.214,11,22,+35.032,+1.831
3904.308,11,22,+35.151,+1.748
3909.527,11,22,+35.405,+1.784
3911.48,11,22,+35.514,+1.773
3915.198,11,22,+35.650,+1.802
3919.198,11,22,+35.996,+1.941
3923.652,11,22,+36.238,+1.943
3927.652,11,22,+36.377,+1.944
3933.246,11,22,+36.652,+1.905
3937.917,11,22,+36.904,+1.921
3942.339,11,22,+37.125,+1.925
3945.73,11,22,+37.312,+1.990
3947.342,11,22,+37.440,+2.004
3948.141,11,22,+37.472,+2.008
3950.994,11,22,+37.548,+2.096
3956.792,11,22,+37.830,+2.189
3966.148,11,22,+38.214,+2.205
3970.074,11,22,+38.339,+2.002
3973.16,11,22,+38.622,+2.044
3973.967,11,22,+38.655,+2.047
3977.365,11,21,+38.655,+2.047
3977.451,11,21,+38.698,+2.052
3980.286,11,21,+38.703,+2.001
3987.472,11,21,+38.923,+1.987
3993.64,11,21,+39.143,+2.053
3998.893,11,21,+39.363,+2.222
4000.927,11,21,+39.526,+2.274
4004.629,11,21,+39.647,+2.260
4008.56,11,21,+39.952,+2.326
4012.985,11,21,+40.131,+2.339
4017.033,11,21,+40.294,+2.347
4022.761,11,21,+40.744,+2.481
4027.386,11,21,+40.955,+2.477
4031.808,11,21,+41.209,+2.554
4035.06,11,21,+41.302,+2.557
4036.745,11,21,+41.447,+2.581
4037.513,11,21,+41.485,+2.571
4040.294,11,21,+41.515,+2.549
4046.091,11,21,+41.792,+2.640
4055.301,11,21,+42.120,+2.700
4059.437,11,21,+42.351,+2.554
4062.477,11,21,+42.538,+2.545
4063.301,11,21,+42.561,+2.540
4066.772,11,21,+42.604,+2.532
4069.542,11,21,+42.584,+2.497
4076.73,11,21,+42.788,+2.519
4082.964,11,21,+43.025,+2.612
4088.261,11,21,+43.239,+2.700
4090.292,11,21,+43.413,+2.734
4094.032,11,21,+43.541,+2.730
4097.855,11,21,+43.786,+2.781
4102.339,11,21,+43.994,+2.811
4106.401,11,21,+44.172,+2.823
4112.136,11,21,+44.629,+3.038
4116.791,11,21,+44.822,+3.050
4121.261,11,21,+45.067,+3.125
4124.527,11,21,+45.175,+3.198
4126.183,11,21,+45.277,+3.191
4126.964,11,21,+45.308,+3.191
4129.8,11,21,+45.352,+3.235
4135.628,11,21,+45.659,+3.400
4144.813,11,21,+45.943,+3.377
4149.009,11,21,+46.225,+3.266
4152.073,11,21,+46.489,+3.292
4152.899,11,21,+46.522,+3.293
4156.399,11,21,+46.586,+3.296
4159.234,11,21,+46.619,+3.327
4166.499,11,21,+46.984,+3.449
4172.663,11,21,+47.146,+3.485
4178.029,11,21,+47.504,+3.606
4180.041,11,21,+47.688,+3.639
4183.764,11,21,+47.821,+3.630
4187.701,11,21,+48.066,+3.672
4192.155,11,21,+48.275,+3.752
4196.36,11,21,+48.500,+3.727
4201.876,11,21,+48.803,+3.761
4206.517,11,21,+49.006,+3.773
4210.915,11,21,+49.225,+3.798
4214.193,11,21,+49.327,+3.813
4215.873,11,21,+49.463,+3.841
4216.675,11,21,+49.509,+3.859
4219.514,11,21,+49.572,+3.901
4225.399,11,21,+49.919,+4.003
4234.585,11,21,+50.295,+4.018
4238.542,11,21,+50.320,+3.822
4241.631,11,21,+50.615,+3.900
4242.453,11,21,+50.653,+3.907
4245.999,11,21,+50.720,+3.919
4248.815,11,21,+50.762,+3.930
4255.995,11,21,+50.945,+3.907
4262.13,11,21,+51.107,+3.810
4267.46,11,21,+51.339,+4.068
4269.512,11,21,+51.521,+4.143
4273.292,11,21,+51.658,+7.926
4277.183,11,21,+51.973,+4.246
4281.698,11,21,+52.200,+4.259
4285.745,11,21,+52.308,+4.242
4291.386,11,21,+52.680,+4.244
4296.014,11,21,+52.863,+4.097
4300.46,11,21,+53.094,+4.143
4303.761,11,21,+53.215,+4.153
4305.463,11,21,+53.340,+4.154
4306.263,11,21,+53.377,+4.160
4309.061,11,21,+53.404,+4.208
4314.904,11,21,+53.735,+4.332
4324.185,11,21,+54.143,+4.323
4328.264,11,21,+54.312,+4.256
4331.326,11,21,+54.523,+4.257
4332.123,11,21,+54.549,+4.257
4335.639,11,21,+54.597,+4.269
4338.436,11,21,+54.571,+4.231
4345.628,11,21,+54.742,+4.192
4351.772,11,21,+54.931,+4.100
4357.065,11,21,+55.062,+4.223
4359.019,11,21,+55.169,+4.220
4362.721,11,21,+55.261,+4.215
4366.644,11,21,+55.496,+4.199
4370.994,11,21,+55.629,+4.123
4375.06,11,21,+55.749,+4.109
4380.614,11,21,+56.025,+4.067
4385.27,11,21,+56.133,+3.954
4389.748,11,21,+56.449,+4.004
4393.108,11,21,+56.624,+4.059
4394.764,11,21,+56.742,+4.051
4395.561,11,21,+56.774,+4.045
4398.372,11,21,+56.815,+4.066
4404.248,11,21,+57.122,+4.115
4413.533,11,21,+57.524,+4.068
4417.598,11,21,+57.684,+3.991
4420.701,11,21,+57.962,+4.007
4421.498,11,21,+57.995,+4.007
4425.014,11,21,+58.050,+4.013
4427.889,11,21,+58.040,+3.923
4435.03,11,21,+58.235,+3.914
4441.139,11,21,+58.389,+3.702
4446.4,11,21,+58.590,+3.742
4448.369,11,21,+58.744,+3.603
4452.058,11,21,+58.871,+3.477
4455.98,11,21,+59.133,+3.056
4460.511,11,21,+59.376,+2.362
4464.433,11,20,+59.376,+2.362
4464.511,11,20,+59.468,+7.275
4470.115,11,20,+59.806,+7.470
4474.661,11,20,+59.923,+7.373
4479.16,11,20,+60.205,+7.418
4482.489,11,20,+60.381,+7.461
4484.17,11,20,+60.530,+7.494
4484.967,11,20,+60.586,+7.489
4487.826,11,20,+60.655,+7.445
4493.545,11,20,+60.816,+7.442
4502.808,11,20,+61.168,+7.490
4506.928,11,20,+61.391,+7.550
4510.044,11,20,+61.623,+7.657
4510.886,11,20,+61.656,+7.670
4514.381,11,20,+61.724,+7.711
4517.194,11,20,+61.748,+7.777
4524.405,11,20,+61.964,+7.768
4530.545,11,20,+62.128,+7.878
4535.873,11,20,+62.403,+8.049
4537.826,11,20,+62.556,+8.114
4541.53,11,20,+62.680,+8.252
4545.53,11,20,+62.966,+8.315
4549.951,11,20,+63.184,+8.341
4554.045,11,20,+63.402,+8.547
4559.715,11,20,+63.802,+8.712
4564.274,11,20,+63.949,+8.641
4568.86,11,20,+64.306,+8.750
4572.228,11,20,+64.518,+8.832
4573.929,11,20,+64.687,+8.861
4574.761,11,20,+64.749,+8.858
4577.561,11,20,+64.822,+8.785
4583.37,11,20,+65.083,+8.807
4592.62,11,20,+65.452,+8.793
4596.636,11,20,+65.543,+8.793
4599.73,11,20,+65.710,+8.793
4600.574,11,20,+65.732,+8.889
4603.995,11,19,+65.732,+8.889
4604.089,11,19,+65.777,+8.935
4606.918,11,19,+65.822,+9.022
4614.167,11,20,+65.822,+9.022
4614.37,11,20,+66.322,+0.164
4620.542,11,20,+66.545,+0.159
4626.086,11,20,+65.872,+0.445
4628.03,11,20,+66.064,+0.540
4631.728,11,20,+66.255,+0.516
4635.839,11,20,+66.676,+0.737
4640.386,11,20,+66.890,+0.930
4644.527,11,20,+67.226,+1.115
4650.173,11,20,+67.639,+1.381
4654.913,11,20,+67.830,+1.574
4659.448,11,20,+68.086,+1.886
4662.843,11,20,+68.324,+2.030
4664.542,11,20,+68.481,+2.183
4665.4,11,20,+68.539,+2.232
4668.262,11,20,+68.678,+2.284
4673.899,11,21,+68.678,+2.284
4674.272,11,21,+69.048,+0.299
4683.729,11,21,+69.509,+0.828
4687.901,11,21,+69.836,+1.087
4691.046,11,21,+70.138,+1.309
4691.858,11,21,+70.174,+1.341
4695.336,11,21,+70.217,+1.401
4698.102,11,21,+70.198,+1.416
4705.55,11,21,+70.532,+1.879
4711.673,11,21,+70.836,+2.154
4716.917,11,21,+70.976,+2.382
4718.933,11,21,+71.184,+2.483
4722.589,11,21,+63.185,+2.636
4726.558,11,21,+63.500,+2.881
4731.011,11,21,+63.674,+3.039
4735.105,11,21,+63.848,+3.236
4740.824,11,21,+64.359,+3.636
4745.589,11,21,+64.596,+3.819
4750.105,11,21,+64.935,+4.075
4753.402,11,21,+65.135,+4.086
4755.13,11,21,+65.309,+4.238
4755.973,11,21,+65.370,+4.296
4758.797,11,21,+65.425,+4.292
4764.589,11,21,+65.607,+4.597
4773.901,11,21,+65.988,+4.963
4778.161,11,21,+66.210,+5.299
4781.231,11,21,+66.407,+5.505
4782.086,11,21,+72.469,+5.537
4785.59,11,21,+66.492,+5.537
4788.402,11,21,+66.536,+4.247
4795.558,11,21,+66.669,+3.819
4801.792,11,21,+66.996,+3.953
4806.983,11,21,+67.204,+4.085
4808.952,11,21,+67.330,+4.146
4812.624,11,21,+67.424,+4.216
4816.514,11,21,+67.668,+4.261
4821.194,11,21,+67.870,+4.297
4825.061,11,21,+68.083,+4.462
4830.722,11,21,+68.476,+4.605
4835.401,11,21,+68.699,+4.631
4839.9,11,21,+68.973,+4.897
4843.2,11,21,+69.143,+5.030
4844.873,11,21,+69.276,+5.116
4845.937,11,21,+69.306,+5.143
4848.461,11,21,+69.328,+5.204
4854.194,11,21,+69.534,+5.318
4863.439,11,21,+69.918,+5.552
4867.699,11,21,+70.190,+5.768
4870.808,11,21,+70.403,+5.768
4871.621,11,21,+70.435,+6.009
4875.136,11,21,+70.501,+6.009
4877.964,11,21,+70.533,+1.598
4885.277,11,21,+70.785,+1.332
4891.264,11,21,+70.962,+1.270
4896.561,11,21,+71.211,+1.416
4898.53,11,21,+71.340,+1.499
4902.249,11,21,+71.464,+1.613
4906.233,11,21,+71.790,+1.757
4910.764,11,21,+72.069,+1.939
4914.905,11,21,+72.309,+2.269
4920.515,11,21,+72.714,+2.721
4925.145,11,21,+72.855,+2.869
4929.703,11,21,+73.169,+3.149
4932.973,11,21,+73.357,+3.229
4934.704,11,21,+73.524,+3.333
4935.509,11,21,+73.571,+3.368
4938.342,11,21,+73.644,+3.408
4944.139,11,21,+73.878,+3.750
4953.436,11,21,+74.316,+4.241
4957.542,11,21,+74.432,+4.381
4960.751,11,21,+74.686,+4.714
4961.559,11,21,+74.726,+4.759
4965.072,11,21,+74.806,+4.845
4967.861,11,21,+74.812,+4.853
4975.062,11,21,+75.092,+5.088
4981.039,11,21,+75.264,+5.025
4986.322,11,21,+75.478,+5.219
4988.323,11,21,+75.585,+5.278
4991.915,11,21,+75.693,+5.334
4995.819,11,21,+75.921,+5.364
5000.385,11,21,+76.238,+5.581
5004.462,11,21,+76.458,+5.834
5010.141,11,21,+76.890,+6.148
5014.752,11,21,+77.054,+6.228
5019.325,11,21,+77.314,+6.429
5022.577,11,21,+77.517,+6.414
5024.28,11,21,+77.663,+6.470
5025.139,11,21,+77.702,+6.483
5027.92,11,21,+77.734,+6.471
5033.702,11,21,+77.878,+6.617
5042.916,11,21,+78.268,+6.871
5046.947,11,21,+78.339,+6.857
5050.058,11,21,+78.525,+7.130
5050.886,11,21,+78.551,+7.164
5054.372,11,21,+78.610,+7.229
5057.191,11,21,+78.614,+7.254
5064.342,11,21,+78.754,+7.418
5070.363,11,21,+78.965,+7.376
5075.763,11,21,+79.337,+7.736
5077.729,11,21,+79.461,+7.807
5081.417,11,21,+79.581,+7.898
5085.446,11,21,+79.810,+7.929
5089.785,11,21,+80.031,+8.075
5093.85,11,21,+80.211,+8.232
5099.543,11,21,+80.718,+8.641
5104.215,11,21,+80.912,+8.721
5108.794,11,21,+81.174,+8.975
5112.029,11,21,+81.321,+8.910
5113.74,11,21,+81.444,+8.957
5114.544,11,21,+81.482,+8.976
5117.3,11,21,+81.506,+8.981
5123.172,11,21,+81.798,+9.224
5132.563,11,21,+82.245,+9.672
5169.273,11,21,1 L,+32.403
5176.904,11,21,1 L,+32.895
5182.842,11,21,1 L,+32.775
5187.998,11,21,1 L,+32.849
5190.014,11,21,1 L,+32.895
5193.623,11,21,1 L,+32.901
5197.561,11,21,1 L,+33.030
5201.983,11,21,1 L,+33.109
5205.904,11,21,1 L,+33.139
5211.344,11,21,1 L,+33.377
5215.91,11,21,1 L,+33.351
5220.29,11,21,1 L,+33.472
5223.502,11,21,1 L,+48.343
5225.228,11,21,1 L,+48.406
5226.072,11,21,1 L,+48.486
5229.361,11,21,1 L,+49.091
5235.291,11,21,1 L,+49.272
5244.228,11,21,1 L,+48.915
5251.985,11,21,1 L,+34.057
5258.11,11,21,1 L,+27.660
5265.0,11,21,1 L,+27.060
5270.896,11,21,1 L,+26.908
5275.902,11,21,1 L,+26.878
5277.824,11,21,1 L,+26.874
5281.464,11,21,1 L,+26.906
5285.514,11,21,1 L,+26.902
5289.545,11,21,1 L,+26.848
5293.504,11,21,1 L,+26.991
5298.961,11,21,1 L,+27.002
5303.49,11,21,1 L,+26.991
5307.732,11,21,1 L,+27.066
5310.999,11,21,1 L,+27.184
5312.606,11,21,1 L,+27.235
5313.396,11,21,1 L,+27.252
5316.173,11,21,1 L,+27.309
5321.761,11,21,1 L,+27.329
5330.661,11,21,1 L,+27.243
5334.545,11,21,1 L,+27.214
5337.502,11,21,1 L,+27.299
5338.315,11,21,1 L,+27.311
5341.762,11,21,1 L,+27.339
5344.559,11,21,1 L,+27.346
5351.465,11,21,1 L,+27.341
5357.434,11,21,1 L,+27.338
5362.544,11,21,1 L,+27.499
5364.403,11,21,1 L,+27.523
5368.09,11,21,1 L,+27.604
5371.985,11,21,1 L,+27.729
5376.294,11,21,1 L,+27.737
5380.343,11,21,1 L,+27.954
5385.829,11,21,1 L,+27.973
5390.394,11,21,1 L,+28.027
5394.718,11,21,1 L,+28.243
5398.014,11,21,1 L,+28.328
5399.607,11,21,1 L,+28.383
5400.402,11,21,1 L,+28.404
5403.14,11,21,1 L,+28.473
5408.852,11,21,1 L,+28.698
5417.921,11,21,1 L,+28.722
5421.828,11,21,1 L,+28.680
5424.861,11,21,1 L,+28.772
5425.714,11,21,1 L,+28.786
5429.16,11,21,1 L,+28.825
5431.945,11,21,1 L,+28.828
5438.885,11,21,1 L,+28.731
5444.799,11,21,1 L,+28.675
5449.902,11,21,1 L,+28.787
5451.839,11,21,1 L,+28.821
5455.48,11,21,1 L,+28.878
5459.372,11,21,1 L,+28.938
5463.698,11,21,1 L,+28.940
5467.619,11,21,1 L,+29.065
5473.015,11,21,1 L,+29.019
5477.561,11,21,1 L,+29.008
5481.9,11,21,1 L,+29.116
5485.214,11,21,1 L,+29.204
5486.886,11,21,1 L,+29.304
5487.675,11,21,1 L,+29.348
5490.498,11,21,1 L,+29.439
5496.045,11,21,1 L,+29.378
5505.108,11,21,1 L,+29.369
5508.973,11,21,1 L,+29.305
5512.095,11,21,1 L,+29.392
5512.924,11,21,1 L,+29.405
5516.43,11,21,1 L,+29.446
5519.215,11,21,1 L,+29.430
5526.272,11,21,1 L,+29.391
5532.308,11,21,1 L,+29.434
5537.461,11,21,1 L,+29.530
5539.464,11,21,1 L,+29.606
5543.144,11,21,1 L,+29.669
5547.015,11,21,1 L,+29.688
5551.331,11,21,1 L,+29.639
5555.323,11,21,1 L,+29.768
5561.006,11,21,1 L,+29.788
5565.392,11,21,1 L,+29.747
5569.72,11,21,1 L,+29.900
5573.002,11,21,1 L,+30.026
5574.64,11,21,1 L,+34.530
5575.447,11,21,1 L,+34.529
5578.26,11,21,1 L,+34.455
5583.915,11,21,1 L,+34.375
5592.858,11,21,1 L,+33.923
5600.795,11,21,1 L,+30.284
5607.045,11,21,1 L,+12.666
5614.128,11,21,1 L,+12.129
5620.089,11,21,1 L,+11.284
5625.339,11,21,1 L,+11.198
5627.152,11,21,1 L,+11.100
5630.839,11,21,1 L,+11.021
5634.7,11,21,1 L,+10.850
5639.06,11,21,1 L,+10.676
5643.049,11,21,1 L,+10.716
5648.574,11,21,1 L,+10.727
5653.043,11,21,1 L,+10.562
5657.374,11,21,1 L,+10.620
5660.745,11,21,1 L,+10.802
5662.402,11,21,1 L,+10.818
5663.198,11,21,1 L,+10.802
5666.027,11,21,1 L,+10.768
5671.683,11,21,1 L,+10.794
5680.73,11,21,1 L,+10.924
5684.667,11,21,1 L,+10.808
5687.698,11,21,1 L,+10.940
5688.527,11,21,1 L,+10.957
5691.994,11,21,1 L,+11.010
5694.772,11,21,1 L,+11.044
5701.786,11,21,1 L,+11.077
5707.667,11,21,1 L,+11.143
5712.823,11,21,1 L,+11.305
5714.777,11,21,1 L,+11.364
5718.448,11,21,1 L,+11.474
5722.372,11,21,1 L,+11.548
5726.715,11,21,1 L,+11.482
5730.634,11,21,1 L,+11.518
5736.073,11,21,1 L,+11.616
5740.562,11,21,1 L,+11.541
5744.914,11,21,1 L,+11.601
5748.245,11,21,1 L,+11.682
5749.902,11,21,1 L,+11.708
5750.652,11,21,1 L,+11.703
5753.402,11,21,1 L,+11.624
5759.058,11,21,1 L,+11.750
5768.058,11,21,1 L,+11.806
5772.027,11,21,1 L,+11.699
5775.058,11,21,1 L,+11.860
5775.855,11,21,1 L,+11.875
5779.323,11,21,1 L,+11.926
5782.183,11,21,1 L,+12.023
5789.425,11,21,1 L,+12.274
5797.033,11,21,1 L,+13.974
5802.189,11,21,1 L,+14.120
5804.183,11,21,1 L,+14.172
5807.746,11,21,1 L,+14.200
5811.666,11,21,1 L,+14.297
5816.065,11,21,1 L,+14.286
5820.003,11,21,1 L,+14.404
5825.606,11,21,1 L,+14.660
5830.165,11,21,1 L,+14.700
5834.542,11,21,1 L,+14.773
5837.76,11,21,1 L,+14.668
5839.414,11,21,1 L,+14.704
5840.201,11,21,1 L,+14.712
5842.958,11,21,1 L,+14.636
5848.586,11,21,1 L,+14.729
5857.634,11,21,1 L,+14.820
5861.614,11,21,1 L,+14.768
5864.648,11,21,1 L,+14.896
5865.514,11,21,1 L,+14.915
5868.973,11,21,1 L,+14.952
5871.667,11,21,1 L,+14.938
5878.823,11,21,1 L,+14.972
5884.792,11,21,1 L,+14.979
5890.026,11,21,1 L,+15.162
5892.035,11,21,1 L,+15.231
5895.715,11,21,1 L,+15.332
5899.58,11,21,1 L,+15.357
5903.946,11,21,1 L,+15.354
5907.933,11,21,1 L,+15.504
5913.452,11,21,1 L,+15.716
5917.936,11,21,1 L,+15.658
5922.311,11,21,1 L,+15.662
5925.639,11,21,1 L,+15.673
5927.202,11,21,1 L,+15.680
5927.967,11,21,1 L,+15.659
5930.717,11,21,1 L,+15.524
5936.327,11,21,1 L,+15.501
5945.452,11,21,1 L,+15.609
5949.295,11,21,1 L,+15.490
5952.373,11,21,1 L,+15.567
5953.202,11,21,1 L,+15.569
5956.773,11,21,1 L,+15.581
5959.414,11,21,1 L,+15.628
5966.526,11,21,1 L,+15.656
5972.529,11,21,1 L,+15.704
5977.717,11,21,1 L,+15.851
5979.639,11,21,1 L,+15.859
5983.264,11,21,1 L,+15.937
5987.108,11,21,1 L,+15.952
5991.467,11,21,1 L,+15.895
5995.436,11,21,1 L,+16.012
6000.92,11,21,1 L,+16.138
6005.451,11,21,1 L,+16.080
6009.764,11,21,1 L,+16.155
6013.061,11,21,1 L,+16.153
6014.667,11,21,1 L,+16.157
6015.48,11,21,1 L,+16.146
6018.23,11,21,1 L,+16.057
6023.901,11,21,1 L,+16.123
6032.973,11,21,1 L,+16.172
6036.902,11,21,1 L,+16.001
6040.008,11,21,1 L,+16.115
6040.764,11,21,1 L,+16.128
6044.28,11,21,1 L,+16.168
6047.076,11,21,1 L,+16.211
6054.108,11,21,1 L,+16.201
6060.145,11,21,1 L,+16.290
6065.356,11,21,1 L,+16.477
6067.31,11,21,1 L,+16.495
6070.932,11,21,1 L,+16.592
6074.818,11,21,1 L,+16.647
6079.132,11,21,1 L,+16.550
6083.128,11,21,1 L,+16.657
6088.628,11,21,1 L,+16.761
6093.089,11,21,1 L,+16.637
6097.39,11,21,1 L,+16.679
6100.662,11,21,1 L,+16.701
6102.261,11,21,1 L,+16.707
6103.06,11,21,1 L,+16.696
6105.815,11,21,1 L,+16.612
6111.439,11,21,1 L,+16.603
6120.455,11,21,1 L,+16.623
6124.46,11,21,1 L,+16.536
6127.446,11,21,1 L,+16.651
6128.261,11,21,1 L,+16.671
6131.76,11,21,1 L,+16.717
6134.539,11,21,1 L,+16.757
6141.664,11,21,1 L,+16.753
6147.601,11,21,1 L,+16.856
6152.845,11,21,1 L,+16.985
6154.753,11,21,1 L,+16.995
6158.404,11,21,1 L,+17.071
6162.358,11,21,1 L,+17.177
6166.715,11,21,1 L,+17.134
6170.718,11,21,1 L,+17.263
6176.168,11,21,1 L,+17.469
6180.729,11,21,1 L,+17.448
6185.117,11,21,1 L,+17.555
6188.428,11,21,1 L,+17.627
6190.162,11,21,1 L,+17.671
6190.912,11,21,1 L,+17.668
6193.694,11,21,1 L,+16.898
6199.553,11,21,1 L,+16.798
6210.006,11,21,1 L,+17.957
6213.912,11,21,1 L,+17.870
6216.975,11,21,1 L,+17.971
6217.772,11,21,1 L,+17.979
6221.194,11,21,1 L,+17.985
6223.96,11,21,1 L,+18.027
6231.176,11,21,1 L,+18.185
6237.099,11,21,1 L,+18.263
6242.28,11,21,1 L,+18.342
6244.249,11,21,1 L,+18.410
6247.905,11,21,1 L,+18.487
6251.78,11,21,1 L,+18.554
6256.17,11,21,1 L,+18.597
6260.342,11,21,1 L,+18.235
6265.86,11,21,1 L,+18.065
6270.294,11,21,1 L,+17.867
6274.898,11,21,1 L,+17.919
6278.07,11,21,1 L,+17.995
6279.648,11,21,1 L,+18.017
6280.444,11,21,1 L,+18.013
6283.222,11,21,1 L,+17.933
6288.899,11,21,1 L,+17.936
6297.938,11,21,1 L,+17.941
6301.937,11,21,1 L,+17.853
6304.997,11,21,1 L,+17.942
6305.779,11,21,1 L,+17.953
6309.201,11,21,1 L,+17.995
6311.998,11,21,1 L,+18.017
6319.045,11,21,1 L,+17.961
6324.936,11,21,1 L,+18.003
6330.139,11,21,1 L,+18.042
6332.045,11,21,1 L,+18.055
6335.67,11,21,1 L,+18.166
6339.561,11,21,1 L,+18.190
6343.92,11,21,1 L,+18.106
6347.92,11,21,1 L,+18.228
6353.389,11,21,1 L,+18.365
6357.826,11,21,1 L,+18.259
6362.214,11,21,1 L,+18.299
6365.511,11,21,1 L,+18.336
6367.151,11,21,1 L,+18.416
6367.98,11,21,1 L,+18.430
6370.751,11,21,1 L,+18.400
6376.501,11,21,1 L,+18.470
6385.604,11,21,1 L,+38.032
6393.448,11,21,1 L,+18.649
6399.729,11,21,1 L,+16.511
6406.826,11,21,1 L,+16.070
6412.765,11,21,1 L,+16.102
6417.952,11,21,1 L,+16.282
6419.858,11,21,1 L,+16.300
6423.467,11,21,1 L,+16.293
6427.295,11,21,1 L,+16.239
6431.576,11,21,1 L,+16.170
6435.604,11,21,1 L,+15.378
6441.058,11,21,1 L,+14.846
6445.589,11,21,1 L,+14.083
6449.995,11,21,1 L,+14.203
6453.293,11,21,1 L,+14.315
6454.918,11,21,1 L,+14.372
6455.746,11,21,1 L,+14.421
6458.542,11,21,1 L,+14.555
6464.299,11,21,1 L,+14.649
6473.429,11,21,1 L,+14.767
6477.439,11,21,1 L,+14.793
6480.514,11,21,1 L,+14.983
6481.361,11,21,1 L,+15.012
6484.802,11,21,1 L,+15.128
6487.612,11,21,1 L,+15.209
6494.699,11,21,1 L,+15.295
6500.603,11,21,1 L,+15.159
6505.794,11,21,1 L,+15.215
6507.644,11,21,1 L,+15.265
6511.3,11,21,1 L,+15.368
6515.129,11,21,1 L,+15.335
6519.514,11,21,1 L,+15.231
6523.464,11,21,1 L,+15.211
6529.017,11,21,1 L,+15.177
6533.511,11,21,1 L,+15.103
6537.965,11,21,1 L,+15.337
6541.276,11,21,1 L,+15.460
6542.919,11,21,1 L,+15.525
6543.714,11,21,1 L,+15.548
6546.492,11,21,1 L,+15.592
6552.149,11,21,1 L,+15.627
6561.205,11,21,1 L,+15.729
6565.133,11,21,1 L,+15.603
6568.214,11,21,1 L,+15.841
6569.061,11,21,1 L,+15.878
6572.6,11,21,1 L,+15.971
6575.346,11,21,1 L,+15.976
6582.448,11,21,1 L,+16.029
6588.32,11,21,1 L,+15.769
6593.521,11,21,1 L,+15.772
6595.436,11,21,1 L,+15.833
6599.104,11,21,1 L,+15.936
6602.86,11,21,1 L,+15.888
6607.16,11,21,1 L,+15.879
6611.165,11,21,1 L,+16.037
6616.716,11,21,1 L,+16.124
6621.193,11,21,1 L,+15.983
6625.772,11,21,1 L,+16.265
6629.054,11,21,1 L,+16.415
6630.694,11,21,1 L,+16.476
6631.477,11,21,1 L,+16.505
6634.245,11,21,1 L,+16.531
6639.994,11,21,1 L,+16.472
6649.062,11,21,1 L,+16.392
6653.003,11,21,1 L,+16.312
6656.096,11,21,1 L,+16.399
6656.918,11,21,1 L,+16.424
6660.409,11,21,1 L,+16.818
6663.147,11,21,1 L,+16.933
6670.26,11,21,1 L,+16.715
6676.113,11,21,1 L,+16.414
6681.399,11,21,1 L,+16.328
6683.313,11,21,1 L,+16.223
6686.988,11,21,1 L,+16.270
6690.839,11,21,1 L,+16.060
6695.166,11,21,1 L,+15.842
6699.146,11,21,1 L,+15.808
6704.718,11,21,1 L,+15.768
6709.209,11,21,1 L,+15.592
6713.652,11,21,1 L,+15.617
6716.981,11,21,1 L,+15.713
6718.593,11,21,1 L,+15.704
6719.373,11,21,1 L,+15.680
6722.133,11,21,1 L,+14.985
6727.774,11,21,1 L,+14.649
6736.817,11,21,1 L,+14.478
6740.791,11,21,1 L,+14.325
6743.854,11,21,1 L,+14.392
6744.661,11,21,1 L,+14.410
6748.173,11,21,1 L,+14.498
6750.914,11,21,1 L,+14.602
6758.13,11,21,1 L,+14.579
6764.154,11,21,1 L,+14.639
6769.404,11,21,1 L,+14.760
6771.357,11,21,1 L,+14.779
6775.003,11,21,1 L,+14.844
6778.828,11,21,1 L,+14.689
6783.237,11,21,1 L,+14.673
6787.274,11,21,1 L,+14.836
6792.9,11,21,1 L,+15.008
6797.401,11,21,1 L,+14.896
6801.785,11,21,1 L,+14.918
6805.072,11,21,1 L,+14.927
6806.721,11,21,1 L,+14.934
6807.504,11,21,1 L,+14.954
6810.328,11,21,1 L,+14.929
6816.128,11,21,1 L,+15.110
6825.43,11,21,1 L,+15.226
6829.273,11,21,1 L,+15.138
6832.339,11,21,1 L,+15.233
6833.161,11,21,1 L,+15.208
6836.636,11,21,1 L,+15.085
6839.485,11,21,1 L,+15.117
6846.972,11,21,1 L,+15.424
6853.273,11,21,1 L,+15.901
6858.561,11,21,1 L,+16.005
6860.623,11,21,1 L,+16.159
6865.326,11,21,1 L,+17.273
6869.878,11,21,1 L,+17.931
6874.451,11,21,1 L,+18.013
6878.513,11,21,1 L,+18.119
6884.12,11,21,1 L,+18.267
6888.772,11,21,1 L,+18.238
6893.314,11,21,1 L,+18.438
6896.593,11,21,1 L,+18.459
6898.247,11,21,1 L,+18.523
6899.052,11,21,1 L,+18.533
6901.872,11,21,1 L,+18.530
6907.951,11,21,1 L,+18.890
6918.626,11,21,1 L,+20.590
6922.814,11,21,1 L,+20.710
6925.923,11,21,1 L,+20.867
6926.704,11,21,1 L,+20.879
6930.128,11,21,1 L,+20.905
6932.864,11,21,1 L,+20.916
6940.06,11,21,1 L,+20.884
6946.146,11,21,1 L,+21.015
6951.311,11,21,1 L,+21.068
6953.296,11,21,1 L,+21.134
6956.901,11,21,1 L,+21.226
6960.762,11,21,1 L,+21.236
6965.272,11,21,1 L,+21.255
6969.232,11,21,1 L,+21.374
6974.812,11,21,1 L,+21.507
6979.416,11,21,1 L,+21.472
6983.792,11,21,1 L,+21.517
6987.026,11,21,1 L,+21.514
6988.729,11,21,1 L,+21.584
6989.573,11,21,1 L,+21.614
6992.354,11,21,1 L,+21.590
6998.073,11,21,1 L,+23.156
7007.173,11,21,1 L,+23.108
7015.2,11,21,1 L,+21.201
7021.457,11,21,1 L,+2.343
7028.76,11,21,1 L,+1.965
7034.831,11,21,1 L,+2.035
7040.099,11,21,1 L,+2.205
7042.092,11,21,1 L,+2.267
7045.831,11,21,1 L,+2.357
7049.535,11,21,1 L,+2.332
7054.019,11,21,1 L,+2.408
7057.957,11,21,1 L,+2.492
7063.541,11,21,1 L,+2.644
7068.086,11,21,1 L,+2.659
7072.541,11,21,1 L,+2.942
7075.839,11,21,1 L,+3.131
7077.541,11,21,1 L,+3.242
7078.414,11,21,1 L,+3.303
7081.614,11,21,1 L,+3.904
7087.73,11,21,1 L,+4.476
7097.245,11,21,1 L,+4.970
7101.317,11,21,1 L,+5.068
7104.477,11,21,1 L,+5.355
7105.343,11,21,1 L,+5.381
7108.723,11,21,1 L,+5.402
7111.473,11,21,1 L,+5.377
7118.718,11,21,1 L,+5.715
7124.682,11,21,1 L,+5.727
7129.917,11,21,1 L,+5.879
7131.828,11,21,1 L,+5.959
7135.476,11,21,1 L,+6.022
7139.341,11,21,1 L,+6.095
7143.695,11,21,1 L,+6.066
7147.748,11,21,1 L,+6.277
7153.302,11,21,1 L,+6.409
7157.86,11,21,1 L,+6.415
7162.372,11,21,1 L,+6.709
7165.69,11,21,1 L,+6.838
7167.328,11,21,1 L,+6.991
7168.172,11,21,1 L,+7.048
7170.9,11,21,1 L,+7.151
7176.714,11,21,1 L,+7.355
7185.953,11,21,1 L,+7.529
7189.914,11,21,1 L,+7.530
7193.104,11,21,1 L,+7.802
7193.972,11,21,1 L,+7.837
7197.414,11,21,1 L,+7.950
7200.214,11,21,1 L,+8.079
7207.414,11,21,1 L,+8.262
7213.278,11,21,1 L,+8.097
7218.531,11,21,1 L,+8.311
7220.476,11,21,1 L,+8.349
7224.1,11,21,1 L,+8.436
7227.89,11,21,1 L,+8.376
7232.245,11,21,1 L,+8.333
7236.285,11,21,1 L,+8.571
7241.885,11,21,1 L,+8.782
7246.449,11,21,1 L,+8.779
7250.946,11,21,1 L,+9.107
7254.26,11,21,1 L,+9.261
7255.943,11,21,1 L,+9.394
7256.728,11,21,1 L,+9.452
7259.547,11,21,1 L,+9.566
7265.301,11,21,1 L,+9.725
7275.272,11,21,1 L,+10.584
7279.665,11,21,1 L,+10.976
7282.86,11,21,1 L,+11.293
7283.669,11,21,1 L,+11.332
7287.092,11,21,1 L,+11.418
7290.595,11,21,1 L,+12.269
7298.325,11,21,1 L,+12.826
7304.26,11,21,1 L,+12.783
7309.57,11,21,1 L,+13.004
7311.557,11,21,1 L,+13.162
7315.172,11,21,1 L,+13.251
7319.075,11,21,1 L,+13.301
7323.541,11,21,1 L,+13.422
7327.614,11,21,1 L,+13.643
7333.25,11,21,1 L,+13.846
7337.857,11,21,1 L,+13.921
7342.482,11,21,1 L,+14.359
7345.889,11,21,1 L,+14.594
7347.594,11,21,1 L,+14.790
7348.488,11,21,1 L,+14.924
7351.829,11,21,2 L,+15.570
7357.885,11,21,2 L,+16.026
7367.272,11,21,2 L,+16.321
7404.844,11,21,2 L,+40.053
7413.057,11,21,2 L,+41.212
7419.901,11,21,2 L,+42.014
7425.023,11,21,2 L,+42.096
7426.994,11,21,2 L,+42.176
7430.567,11,21,2 L,+42.180
7434.372,11,21,2 L,+42.200
7438.73,11,21,2 L,+42.131
7442.541,11,21,2 L,+42.108
7448.021,11,21,2 L,+42.113
7452.575,11,21,2 L,+42.107
7456.801,11,21,2 L,+42.171
7459.932,11,21,2 L,+42.191
7461.495,11,21,2 L,+42.265
7462.276,11,21,2 L,+42.282
7465.042,11,21,2 L,+42.410
7470.885,11,21,2 L,+42.624
7481.385,11,21,2 L,+44.059
7485.495,11,21,2 L,+44.051
7488.401,11,21,2 L,+44.085
7489.213,11,21,2 L,+44.082
7492.542,11,21,2 L,+44.033
7495.29,11,21,2 L,+43.966
7502.304,11,21,2 L,+43.854
7508.193,11,21,2 L,+43.800
7513.319,11,21,2 L,+43.917
7515.196,11,21,2 L,+43.951
7518.775,11,21,2 L,+43.974
7522.672,11,21,2 L,+44.126
7538.36,11,21,2 L,+51.671
7547.391,11,21,2 L,+55.166
7556.093,11,21,2 L,+59.348
7565.296,11,21,2 L,+64.496
7572.352,11,21,2 L,+68.422
7575.62,11,21,2 L,+70.155
7577.339,11,21,2 L,+71.127
7584.354,11,21,2 L,+75.424
7594.792,11,21,2 L,+80.317
7612.214,11,21,2 L,1 L
9426.806,11,21,22L,7L
