Time,Driver,Position,GapToLeader,IntervalToPositionAhead
9.614,44,1,LAP 1,LAP 1
67.237,44,1,LAP 0,LAP 0
68.44,44,1,LAP 1,LAP 1
2949.002,44,1,LAP 2,LAP 2
3040.905,44,1,LAP 3,LAP 3
3133.411,44,1,LAP 4,LAP 4
3225.62,44,1,LAP 5,LAP 5
3317.667,44,1,LAP 6,LAP 6
3409.816,44,1,LAP 7,LAP 7
3483.757,44,2,LAP 7,LAP 7
3483.804,44,1,LAP 7,LAP 7
3502.657,44,1,LAP 8,LAP 8
3574.682,44,2,LAP 8,LAP 8
3574.854,44,2,+0.077,+0.077
3576.979,44,2,+0.310,+0.310
3580.104,44,2,+0.504,+0.504
3585.12,44,2,+0.612,+0.612
3586.385,44,2,+0.569,+0.569
3592.104,44,2,+0.756,+0.756
3593.479,44,2,+0.791,+0.791
3595.495,44,2,+0.858,+0.858
3596.323,44,2,+0.872,+0.872
3601.151,44,2,+0.825,+0.825
3604.502,44,2,+0.787,+0.787
3607.851,44,2,+0.836,+0.836
3611.804,44,2,+0.876,+0.876
3617.792,44,2,+0.958,+0.958
3621.607,44,2,+0.988,+0.988
3625.935,44,2,+1.002,+1.002
3627.232,44,2,+1.010,+1.010
3632.076,44,2,+1.129,+1.129
3637.327,44,2,+1.089,+1.089
3642.651,44,2,+1.095,+1.095
3646.41,44,2,+0.920,+0.920
3650.238,44,2,+0.979,+0.979
3652.707,44,2,+0.981,+0.981
3655.176,44,2,+0.963,+0.963
3658.676,44,2,+0.928,+0.928
3663.019,44,2,+0.965,+0.965
3665.394,44,2,+0.913,+0.913
3667.644,44,2,+0.785,+0.785
3669.847,44,2,+0.645,+0.645
3672.456,44,2,+0.428,+0.428
3677.488,44,2,+0.590,+0.590
3678.784,44,2,+0.488,+0.488
3684.472,44,2,+0.681,+0.681
3685.831,44,2,+0.695,+0.695
3687.863,44,2,+0.776,+0.776
3688.722,44,2,+0.796,+0.796
3693.472,44,2,+0.795,+0.795
3696.802,44,2,+0.783,+0.783
3700.171,44,2,+0.877,+0.877
3704.114,44,2,+0.886,+0.886
3710.202,44,2,+0.891,+0.891
3714.029,44,2,+0.985,+0.985
3718.391,44,2,+1.153,+1.153
3719.674,44,2,+1.193,+1.193
3724.493,44,2,+1.382,+1.382
3729.702,44,2,+1.318,+1.318
3735.035,44,2,+1.303,+1.303
3738.766,44,2,+1.113,+1.113
3742.579,44,2,+1.097,+1.097
3744.969,44,2,+1.056,+1.056
3747.423,44,2,+0.992,+0.992
3750.954,44,2,+0.895,+0.895
3755.423,44,2,+1.012,+1.012
3757.829,44,2,+1.010,+1.010
3760.173,44,2,+0.955,+0.955
3762.157,44,2,+0.885,+0.885
3765.157,44,2,+0.712,+0.712
3770.016,44,2,+0.720,+0.720
3771.282,44,2,+0.601,+0.601
3776.974,44,2,+0.762,+0.762
3778.326,44,2,+0.766,+0.766
3780.326,44,2,+0.822,+0.822
3781.201,44,2,+0.837,+0.837
3789.326,44,2,+0.828,+0.828
3792.654,44,2,+0.852,+0.852
3796.654,44,2,+0.840,+0.840
3802.697,44,2,+0.915,+0.915
3806.526,44,2,+1.006,+1.006
3810.893,44,2,+1.161,+1.161
3812.135,44,2,+1.188,+1.188
3816.972,44,2,+1.325,+1.325
3822.316,44,2,+1.394,+1.394
3827.629,44,2,+1.412,+1.412
3831.394,44,2,+1.253,+1.253
3835.113,44,2,+1.240,+1.240
3837.59,44,2,+1.220,+1.220
3840.066,44,2,+1.186,+1.186
3843.558,44,2,+1.193,+1.193
3848.079,44,2,+1.307,+1.307
3850.454,44,2,+1.300,+1.300
3852.797,44,2,+1.255,+1.255
3854.829,44,2,+1.197,+1.197
3857.844,44,2,+1.032,+1.032
3862.579,44,2,+1.083,+1.083
3863.86,44,2,+1.009,+1.009
3869.401,44,2,+1.131,+1.131
3870.891,44,2,+1.149,+1.149
3872.782,44,2,+1.192,+1.192
3873.704,44,2,+1.204,+1.204
3878.501,44,2,+1.240,+1.240
3881.813,44,2,+1.252,+1.252
3885.079,44,2,+1.188,+1.188
3889.418,44,2,+1.252,+1.252
3895.279,44,2,+1.255,+1.255
3899.138,44,2,+1.366,+1.366
3903.516,44,2,+1.563,+1.563
3904.813,44,2,+1.579,+1.579
3909.579,44,2,+1.726,+1.726
3914.813,44,2,+1.700,+1.700
3920.188,44,2,+1.749,+1.749
3923.922,44,2,+1.615,+1.615
3927.751,44,2,+1.668,+1.668
3930.298,44,2,+1.699,+1.699
3932.813,44,2,+1.719,+1.719
3936.344,44,2,+1.703,+1.703
3940.801,44,2,+1.748,+1.748
3943.176,44,2,+1.735,+1.735
3945.516,44,2,+1.687,+1.687
3947.494,44,2,+1.628,+1.628
3950.461,44,2,+1.500,+1.500
3955.385,44,2,+1.535,+1.535
3956.635,44,2,+1.514,+1.514
3962.198,44,2,+1.617,+1.617
3965.525,44,2,+1.649,+1.649
3966.682,44,2,+1.662,+1.662
3971.244,44,2,+1.745,+1.745
3974.603,44,2,+1.786,+1.786
3977.932,44,2,+1.762,+1.762
3981.853,44,2,+1.745,+1.745
3987.902,44,2,+1.541,+1.541
3991.744,44,2,+1.596,+1.596
3996.057,44,2,+1.679,+1.679
3997.322,44,2,+1.685,+1.685
4002.072,44,2,+1.736,+1.736
4007.322,44,2,+1.749,+1.749
4012.635,44,2,+1.754,+1.754
4016.338,44,2,+1.608,+1.608
4020.103,44,2,+1.549,+1.549
4022.588,44,2,+1.544,+1.544
4025.104,44,2,+1.545,+1.545
4028.603,44,2,+1.460,+1.460
4033.031,44,2,+1.446,+1.446
4035.469,44,2,+1.463,+1.463
4037.828,44,2,+1.462,+1.462
4039.844,44,2,+1.452,+1.452
4042.813,44,2,+1.341,+1.341
4047.757,44,2,+1.372,+1.372
4049.047,44,2,+1.369,+1.369
4054.564,44,2,+1.401,+1.401
4057.861,44,2,+1.408,+1.408
4058.734,44,2,+1.413,+1.413
4063.515,44,2,+1.434,+1.434
4066.875,44,2,+1.441,+1.441
4070.125,44,2,+1.368,+1.368
4074.25,44,2,+1.500,+1.500
4080.344,44,2,+1.435,+1.435
4084.156,44,2,+1.508,+1.508
4088.437,44,2,+1.636,+1.636
4089.734,44,2,+1.662,+1.662
4094.406,44,2,+1.749,+1.749
4099.735,44,2,+1.769,+1.769
4105.071,44,2,+1.737,+1.737
4108.79,44,2,+1.579,+1.579
4112.54,44,2,+1.532,+1.532
4114.993,44,2,+1.496,+1.496
4117.478,44,2,+1.459,+1.459
4120.993,44,2,+1.402,+1.402
4125.381,44,2,+1.358,+1.358
4127.791,44,2,+1.365,+1.365
4130.156,44,2,+1.342,+1.342
4132.172,44,2,+1.304,+1.304
4135.125,44,2,+1.214,+1.214
4140.063,44,2,+1.322,+1.322
4141.359,44,2,+1.326,+1.326
4146.906,44,2,+1.450,+1.450
4148.279,44,2,+1.446,+1.446
4150.267,44,2,+1.474,+1.474
4151.173,44,2,+1.485,+1.485
4155.969,44,2,+1.533,+1.533
4159.329,44,2,+1.546,+1.546
4162.701,44,2,+1.607,+1.607
4166.634,44,2,+1.542,+1.542
4172.666,44,2,+1.519,+1.519
4176.491,44,2,+1.596,+1.596
4180.809,44,2,+1.746,+1.746
4182.091,44,2,+1.796,+1.796
4186.809,44,2,+1.957,+1.957
4192.075,44,2,+1.949,+1.949
4197.701,44,2,+1.931,+1.931
4201.153,44,2,+1.768,+1.768
4204.956,44,2,+1.800,+1.800
4207.478,44,2,+1.827,+1.827
4210.025,44,2,+1.840,+1.840
4213.556,44,2,+1.821,+1.821
4218.025,44,2,+1.893,+1.893
4220.431,44,2,+1.874,+1.874
4222.775,44,2,+1.817,+1.817
4224.742,44,2,+1.747,+1.747
4227.637,44,2,+1.618,+1.618
4232.684,44,2,+1.775,+1.775
4233.966,44,2,+1.797,+1.797
4239.481,44,2,+1.904,+1.904
4240.825,44,2,+1.898,+1.898
4242.809,44,2,+1.943,+1.943
4243.684,44,2,+1.961,+1.961
4248.51,44,2,+2.026,+2.026
4251.892,44,2,+2.048,+2.048
4255.228,44,2,+2.087,+2.087
4259.103,44,2,+2.022,+2.022
4265.212,44,2,+2.044,+2.044
4268.994,44,2,+2.081,+2.081
4273.331,44,2,+2.185,+2.185
4279.352,44,2,+2.348,+2.348
4284.675,44,2,+2.356,+2.356
4289.987,44,2,+2.383,+2.383
4293.722,44,2,+2.252,+2.252
4297.519,44,2,+2.235,+2.235
4300.003,44,2,+2.233,+2.233
4302.534,44,2,+2.228,+2.228
4306.05,44,2,+2.204,+2.204
4310.417,44,2,+2.216,+2.216
4312.85,44,2,+2.205,+2.205
4315.178,44,2,+2.157,+2.157
4317.444,44,2,+2.099,+2.099
4320.115,44,2,+1.970,+1.970
4325.069,44,2,+2.134,+2.134
4326.368,44,2,+2.152,+2.152
4331.828,44,2,+2.256,+2.256
4333.203,44,2,+2.263,+2.263
4335.219,44,2,+2.295,+2.295
4336.094,44,2,+2.306,+2.306
4340.89,44,2,+2.360,+2.360
4344.266,44,2,+2.380,+2.380
4347.625,44,2,+2.395,+2.395
4351.5,44,2,+2.350,+2.350
4361.234,44,2,+2.379,+2.379
4365.518,44,2,+2.452,+2.452
4366.815,44,2,+2.429,+2.429
4371.515,44,2,+2.583,+2.583
4376.812,44,2,+2.517,+2.517
4382.406,44,2,+2.584,+2.584
4385.875,44,2,+2.478,+2.478
4389.614,44,2,+2.438,+2.438
4392.084,44,2,+2.407,+2.407
4394.584,44,2,+2.369,+2.369
4398.078,44,2,+2.294,+2.294
4402.531,44,2,+2.360,+2.360
4404.89,44,2,+2.406,+2.406
4407.218,44,2,+2.460,+2.460
4409.25,44,2,+2.518,+2.518
4412.217,44,2,+2.516,+2.516
4417.031,44,2,+2.459,+2.459
4418.218,44,2,+2.385,+2.385
4423.843,44,2,+2.570,+2.570
4425.187,44,2,+2.608,+2.608
4427.281,44,2,+2.714,+2.714
4428.093,44,2,+2.745,+2.745
9.614,12,2,,
2860.346,12,2,+0.029,+0.029
2864.283,12,2,+0.204,+0.204
2867.705,12,2,+0.357,+0.357
2871.736,12,2,+0.482,+0.482
2877.736,12,2,+0.579,+0.579
2881.549,12,2,+0.501,+0.501
2885.596,12,2,+0.214,+0.214
2886.939,12,2,+0.201,+0.201
2892.054,12,2,+0.428,+0.428
2897.355,12,2,+0.582,+0.582
2902.746,12,2,+0.687,+0.687
2906.489,12,3,+0.687,+0.687
2906.786,12,3,+0.921,+0.223
2910.989,12,3,+1.241,+0.335
2913.505,12,3,+1.270,+0.314
2916.1,12,3,+1.261,+0.270
2919.867,12,3,+1.483,+0.238
2924.336,12,3,+1.673,+0.293
2926.727,12,3,+1.588,+0.190
2928.992,12,3,+1.419,+0.042
2930.852,12,2,+1.419,+0.042
2930.946,12,2,+1.263,+1.263
2933.867,12,2,+1.216,+1.216
2938.836,12,2,+1.018,+1.018
2940.102,12,2,+0.937,+0.937
2945.721,12,2,+1.114,+1.114
2947.017,12,2,+1.103,+1.103
2948.939,12,2,+1.083,+1.083
2949.763,12,2,+1.071,+1.071
2954.589,12,2,+0.972,+0.972
2957.949,12,2,+0.910,+0.910
2961.277,12,2,+0.959,+0.959
2965.339,12,2,+1.073,+1.073
2971.12,12,2,+1.045,+1.045
2974.919,12,2,+0.992,+0.992
2979.17,12,2,+0.818,+0.818
2985.289,12,2,+0.878,+0.878
2990.43,12,2,+0.933,+0.933
2995.785,12,2,+0.935,+0.935
2999.629,12,2,+0.983,+0.983
3003.47,12,2,+1.057,+1.057
3005.924,12,2,+1.119,+1.119
3009.033,12,2,+1.193,+1.193
3011.97,12,2,+1.217,+1.217
3016.283,12,2,+1.237,+1.237
3018.705,12,2,+1.216,+1.216
3021.111,12,2,+1.192,+1.192
3023.158,12,2,+1.167,+1.167
3026.219,12,2,+1.188,+1.188
3031.161,12,2,+1.157,+1.157
3032.43,12,2,+1.161,+1.161
3038.008,12,2,+1.339,+1.339
3039.378,12,2,+1.370,+1.370
3041.351,12,2,+1.353,+1.353
3042.243,12,2,+1.337,+1.337
3046.88,12,2,+1.165,+1.165
3050.177,12,2,+1.069,+1.069
3053.489,12,2,+1.102,+1.102
3057.521,12,2,+0.993,+0.993
3063.411,12,2,+0.988,+0.988
3067.239,12,2,+0.946,+0.946
3071.553,12,2,+0.839,+0.839
3072.795,12,2,+0.842,+0.842
3077.637,12,2,+0.982,+0.982
3082.877,12,2,+1.044,+1.044
3088.252,12,2,+1.043,+1.043
3092.114,12,2,+1.125,+1.125
3095.848,12,2,+1.056,+1.056
3098.302,12,2,+1.030,+1.030
3100.832,12,2,+1.003,+1.003
3104.342,12,2,+0.948,+0.948
3108.67,12,2,+0.923,+0.923
3111.132,12,2,+0.916,+0.916
3113.493,12,2,+0.915,+0.915
3115.542,12,2,+0.902,+0.902
3118.48,12,2,+0.900,+0.900
3123.402,12,2,+0.859,+0.859
3124.752,12,2,+0.869,+0.869
3130.301,12,2,+1.047,+1.047
3131.692,12,2,+1.123,+1.123
3133.645,12,2,+1.135,+1.135
3134.52,12,2,+1.123,+1.123
3139.233,12,2,+0.946,+0.946
3142.514,12,2,+0.843,+0.843
3145.795,12,2,+0.795,+0.795
3149.842,12,2,+0.924,+0.924
3155.717,12,2,+0.974,+0.974
3159.514,12,2,+0.938,+0.938
3163.686,12,2,+0.736,+0.736
3164.873,12,2,+0.684,+0.684
3169.67,12,2,+0.750,+0.750
3175.514,12,2,+0.821,+0.821
3180.405,12,2,+0.899,+0.899
3184.248,12,2,+0.999,+0.999
3188.045,12,2,+1.001,+1.001
3190.671,12,2,+1.040,+1.040
3193.186,12,2,+1.092,+1.092
3196.53,12,2,+1.115,+1.115
3200.889,12,2,+1.082,+1.082
3203.292,12,2,+1.057,+1.057
3205.667,12,2,+1.034,+1.034
3207.698,12,2,+1.010,+1.010
3210.667,12,2,+0.972,+0.972
3215.558,12,2,+0.922,+0.922
3216.839,12,2,+0.883,+0.883
3222.323,12,2,+0.888,+0.888
3223.683,12,2,+0.925,+0.925
3225.636,12,2,+0.893,+0.893
3226.574,12,2,+0.874,+0.874
3231.18,12,2,+0.680,+0.680
3234.445,12,2,+0.570,+0.570
3237.748,12,2,+0.583,+0.583
3241.795,12,2,+0.693,+0.693
3247.689,12,2,+0.735,+0.735
3251.487,12,2,+0.668,+0.668
3255.573,12,2,+0.516,+0.516
3256.792,12,2,+0.474,+0.474
3261.673,12,2,+0.759,+0.759
3266.962,12,2,+0.786,+0.786
3272.286,12,2,+0.784,+0.784
3276.098,12,2,+0.799,+0.799
3279.817,12,2,+0.755,+0.755
3282.27,12,2,+0.738,+0.738
3284.799,12,2,+0.721,+0.721
3288.367,12,2,+0.791,+0.791
3292.711,12,2,+0.811,+0.811
3295.073,12,2,+0.761,+0.761
3297.427,12,2,+0.689,+0.689
3299.411,12,2,+0.623,+0.623
3302.411,12,2,+0.596,+0.596
3307.301,12,2,+0.688,+0.688
3308.583,12,2,+0.782,+0.782
3314.161,12,2,+0.836,+0.836
3315.619,12,2,+0.914,+0.914
3317.667,12,2,+0.940,+0.940
3318.433,12,2,+0.941,+0.941
3323.217,12,2,+0.860,+0.860
3326.516,12,2,+0.800,+0.800
3329.811,12,2,+0.802,+0.802
3333.779,12,2,+0.864,+0.864
3339.717,12,2,+0.927,+0.927
3343.514,12,2,+0.821,+0.821
3347.661,12,2,+0.472,+0.472
3348.853,12,2,+0.395,+0.395
3353.876,12,2,+0.623,+0.623
3359.157,12,2,+0.752,+0.752
3364.501,12,2,+0.713,+0.713
3368.329,12,2,+0.736,+0.736
3372.095,12,2,+0.739,+0.739
3374.539,12,2,+0.726,+0.726
3377.054,12,2,+0.694,+0.694
3380.539,12,2,+0.702,+0.702
3384.852,12,2,+0.642,+0.642
3387.297,12,2,+0.594,+0.594
3389.672,12,2,+0.543,+0.543
3391.672,12,2,+0.474,+0.474
3394.67,12,2,+0.452,+0.452
3399.576,12,2,+0.604,+0.604
3400.873,12,2,+0.703,+0.703
3406.373,12,2,+0.775,+0.775
3407.779,12,2,+0.795,+0.795
3409.687,12,2,+0.753,+0.753
3410.582,12,2,+0.736,+0.736
3415.223,12,2,+0.555,+0.555
3418.489,12,2,+0.444,+0.444
3421.894,12,2,+0.428,+0.428
3425.814,12,2,+0.465,+0.465
3431.893,12,2,+0.664,+0.664
3435.636,12,2,+0.559,+0.559
3439.695,12,2,+0.302,+0.302
3440.893,12,2,+0.266,+0.266
3445.942,12,2,+0.533,+0.533
3451.273,12,2,+0.606,+0.606
3456.664,12,2,+0.604,+0.604
3460.507,12,2,+0.662,+0.662
3464.32,12,2,+0.672,+0.672
3466.757,12,2,+0.664,+0.664
3469.273,12,2,+0.638,+0.638
3472.773,12,2,+0.668,+0.668
3477.101,12,2,+0.640,+0.640
3479.523,12,2,+0.525,+0.525
3481.851,12,2,+0.342,+0.342
3483.757,12,1,LAP 7,LAP 7
3483.804,12,2,LAP 7,LAP 7
3486.895,12,2,+0.311,+0.311
3491.817,12,2,+0.369,+0.369
3493.082,12,2,+0.439,+0.439
3498.848,12,2,+0.592,+0.592
3500.221,12,2,+0.635,+0.635
3502.157,12,2,+0.617,+0.617
3503.001,12,2,+0.596,+0.596
3507.689,12,2,+0.331,+0.331
3510.969,12,2,+0.189,+0.189
3514.392,12,2,+0.201,+0.201
3518.392,12,2,+0.247,+0.247
3524.47,12,2,+0.209,+0.209
3528.204,12,2,+0.113,+0.113
3532.335,12,2,+0.062,+0.062
3533.651,12,2,+0.109,+0.109
3538.67,12,2,+0.304,+0.304
3544.073,12,2,+0.370,+0.370
3549.401,12,2,+0.332,+0.332
3553.229,12,2,+0.347,+0.347
3557.057,12,2,+0.382,+0.382
3559.526,12,2,+0.359,+0.359
3562.042,12,2,+0.315,+0.315
3565.588,12,2,+0.312,+0.312
3570.073,12,2,+0.436,+0.436
3572.495,12,2,+0.237,+0.237
3574.682,12,1,LAP 8,LAP 8
3595.51,12,1,LAP 9,LAP 9
3687.91,12,1,LAP 10,LAP 10
3780.357,12,1,LAP 11,LAP 11
3872.594,12,1,LAP 12,LAP 12
3964.728,12,1,LAP 13,LAP 13
4057.281,12,1,LAP 14,LAP 14
4149.674,12,1,LAP 15,LAP 15
4241.7,12,1,LAP 16,LAP 16
4333.782,12,1,LAP 17,LAP 17
9.614,3,3,,
2860.971,3,3,+0.663,+0.634
2864.471,3,4,+0.663,+0.634
2864.58,3,5,+0.663,+0.634
2864.596,3,6,+0.663,+0.634
2864.939,3,6,+0.853,+0.333
2868.596,3,6,+1.242,+0.415
2872.736,3,6,+1.482,+0.456
2878.955,3,6,+1.739,+0.421
2882.721,3,6,+1.665,+0.442
2886.861,3,6,+1.413,+0.538
2888.158,3,6,+1.380,+0.489
2893.308,3,6,+1.709,+0.294
2898.683,3,6,+1.924,+0.152
2904.018,3,6,+1.959,+0.108
2907.786,3,6,+1.903,+0.119
2911.974,3,6,+2.242,+0.272
2914.489,3,6,+2.228,+0.248
2917.036,3,6,+2.211,+0.254
2921.008,3,6,+2.622,+0.348
2925.68,3,6,+2.923,+0.510
2928.04,3,6,+2.912,+0.587
2930.352,3,6,+2.851,+0.706
2932.399,3,6,+2.768,+0.848
2935.461,3,6,+2.799,+1.018
2940.383,3,6,+2.571,+0.808
2941.649,3,6,+2.465,+0.699
2947.642,3,6,+3.019,+0.304
2949.033,3,6,+3.093,+0.301
2951.045,3,6,+3.155,+0.272
2951.887,3,6,+3.150,+0.242
2956.402,3,5,+3.150,+0.242
2956.496,3,5,+2.865,+0.670
2959.964,3,5,+2.953,+0.671
2963.404,3,5,+3.049,+0.673
2967.497,3,5,+3.279,+0.634
2973.588,3,5,+3.461,+0.645
2977.332,3,5,+3.408,+0.684
2981.517,3,5,+3.172,+0.829
2982.809,3,5,+3.142,+0.847
2987.774,3,5,+3.347,+0.750
2992.992,3,5,+3.491,+0.675
2998.317,3,5,+3.477,+0.728
3002.097,3,5,+3.430,+0.468
3006.096,3,5,+3.704,+0.406
3009.033,3,5,+3.771,+0.382
3011.158,3,5,+3.843,+0.344
3014.845,3,5,+4.072,+0.303
3019.345,3,5,+4.284,+0.433
3021.752,3,5,+4.274,+0.504
3024.148,3,5,+4.227,+0.624
3026.174,3,5,+4.164,+0.763
3029.158,3,5,+4.125,+0.783
3033.971,3,5,+3.993,+0.425
3035.216,3,5,+3.972,+0.361
3041.275,3,5,+4.600,+0.324
3042.669,3,5,+4.667,+0.298
3044.705,3,5,+4.715,+0.252
3045.583,3,5,+4.714,+0.221
3050.067,3,4,+4.714,+0.221
3050.145,3,4,+4.413,+0.274
3053.489,3,4,+4.374,+0.230
3056.755,3,4,+4.302,+0.039
3061.272,3,4,+4.582,+0.244
3067.317,3,4,+4.874,+0.335
3071.087,3,4,+4.799,+0.303
3075.264,3,4,+4.565,+0.108
3076.536,3,4,+4.504,+0.043
3081.581,3,4,+4.939,+0.171
3086.986,3,4,+5.133,+0.290
3092.255,3,4,+5.081,+0.290
3096.114,3,4,+5.100,+0.235
3100.067,3,4,+5.255,+0.399
3102.53,3,4,+5.241,+0.397
3105.061,3,4,+5.215,+0.385
3108.67,3,4,+5.263,+0.404
3113.274,3,4,+5.501,+0.590
3115.698,3,4,+5.525,+0.589
3118.089,3,4,+5.540,+0.543
3120.121,3,4,+5.518,+0.479
3123.167,3,4,+5.580,+0.486
3128.07,3,4,+5.516,+0.409
3129.332,3,4,+5.481,+0.361
3135.052,3,4,+5.803,+0.475
3136.458,3,4,+5.877,+0.557
3138.467,3,4,+5.923,+0.627
3139.704,3,4,+5.910,+0.632
3143.967,3,4,+5.694,+0.556
3147.202,3,4,+5.563,+0.513
3150.577,3,4,+5.519,+0.479
3154.592,3,4,+5.740,+0.588
3160.623,3,4,+5.832,+0.604
3164.358,3,4,+5.788,+0.566
3168.561,3,4,+5.629,+0.461
3169.873,3,4,+5.629,+0.470
3175.295,3,4,+5.914,+0.747
3180.061,3,4,+5.911,+0.605
3185.373,3,4,+5.907,+0.674
3189.186,3,4,+5.883,+0.565
3193.186,3,4,+5.988,+0.594
3195.592,3,4,+6.041,+0.570
3198.108,3,4,+6.104,+0.554
3201.701,3,4,+6.250,+0.597
3206.151,3,4,+6.336,+0.634
3208.558,3,4,+6.325,+0.605
3210.964,3,4,+6.303,+0.548
3212.948,3,4,+6.259,+0.478
3215.995,3,4,+6.290,+0.501
3220.964,3,4,+6.294,+0.430
3222.23,3,4,+6.225,+0.385
3228.011,3,4,+6.588,+0.606
3229.398,3,4,+6.624,+0.655
3231.414,3,4,+6.674,+0.738
3232.289,3,4,+6.664,+0.747
3236.854,3,4,+6.347,+0.585
3239.936,3,4,+6.093,+0.427
3243.314,3,4,+6.117,+0.461
3247.345,3,4,+6.263,+0.537
3253.383,3,4,+6.393,+0.565
3257.151,3,4,+6.339,+0.561
3261.329,3,4,+6.308,+0.505
3262.642,3,4,+6.305,+0.505
3267.536,3,4,+6.596,+0.716
3272.864,3,4,+6.697,+0.740
3278.239,3,4,+6.727,+0.803
3282.02,3,4,+6.735,+0.742
3285.851,3,4,+6.796,+0.792
3288.351,3,4,+6.804,+0.793
3290.914,3,4,+6.812,+0.802
3294.493,3,4,+6.931,+0.829
3298.989,3,4,+7.093,+0.948
3301.411,3,4,+7.108,+0.938
3303.848,3,4,+7.127,+0.899
3305.864,3,4,+7.112,+0.846
3308.911,3,4,+7.129,+0.897
3313.832,3,4,+7.204,+0.866
3315.098,3,4,+7.245,+0.814
3320.701,3,4,+7.350,+0.871
3322.061,3,4,+7.389,+0.938
3324.076,3,4,+7.450,+1.031
3324.967,3,4,+7.444,+1.029
3329.545,3,4,+7.184,+0.787
3332.717,3,4,+7.010,+0.616
3336.045,3,4,+6.994,+0.634
3340.092,3,4,+7.148,+0.731
3346.076,3,4,+7.260,+0.672
3349.852,3,4,+7.170,+0.650
3354.095,3,4,+6.951,+0.577
3355.376,3,4,+6.910,+0.579
3360.236,3,4,+6.996,+0.691
3365.517,3,4,+7.117,+0.739
3370.861,3,4,+7.018,+0.699
3374.586,3,4,+6.993,+0.637
3378.445,3,4,+7.069,+0.766
3380.976,3,4,+7.102,+0.817
3383.492,3,4,+7.131,+0.866
3387.126,3,4,+7.282,+0.948
3391.579,3,4,+7.286,+0.976
3393.936,3,4,+7.263,+0.970
3396.373,3,4,+7.265,+0.949
3398.42,3,4,+7.244,+0.912
3401.498,3,4,+7.249,+0.950
3406.357,3,4,+7.387,+0.940
3407.654,3,4,+7.424,+0.855
3413.207,3,4,+7.608,+0.904
3414.614,3,4,+7.648,+0.971
3416.614,3,4,+7.642,+1.022
3417.551,3,4,+7.624,+1.019
3422.059,3,4,+7.380,+0.846
3425.267,3,4,+7.228,+0.747
3428.611,3,4,+7.184,+0.732
3432.67,3,4,+7.309,+0.784
3438.636,3,4,+7.410,+0.824
3442.372,3,4,+7.312,+0.825
3446.598,3,4,+7.219,+0.794
3447.864,3,4,+7.200,+0.800
3452.727,3,4,+7.308,+0.852
3458.054,3,4,+7.381,+0.795
3463.367,3,4,+7.298,+0.770
3467.132,3,4,+7.281,+0.730
3471.007,3,4,+7.357,+0.896
3473.476,3,4,+7.368,+0.946
3475.976,3,4,+7.369,+0.987
3479.585,3,4,+7.457,+1.018
3483.96,3,4,+7.467,+1.038
3486.379,3,4,+7.393,+1.032
3488.801,3,4,+7.285,+1.011
3490.864,3,4,+7.250,+0.976
3493.848,3,4,+7.275,+1.042
3498.754,3,4,+7.304,+1.048
3500.011,3,4,+7.348,+1.012
3505.548,3,4,+7.341,+1.089
3506.985,3,4,+7.418,+1.126
3508.985,3,4,+7.448,+1.180
3509.845,3,4,+7.427,+1.179
3514.423,3,4,+7.076,+1.002
3517.673,3,4,+6.862,+0.872
3520.907,3,4,+6.704,+0.797
3525.079,3,4,+6.836,+0.920
3531.095,3,4,+6.792,+0.956
3534.836,3,4,+6.764,+0.969
3539.17,3,4,+6.896,+1.000
3540.451,3,4,+6.938,+1.003
3545.37,3,4,+7.021,+1.153
3550.667,3,4,+6.970,+1.110
3555.979,3,4,+6.913,+1.156
3559.823,3,4,+6.954,+1.191
3563.651,3,4,+6.984,+1.305
3566.167,3,4,+6.996,+1.372
3568.713,3,4,+7.006,+1.439
3572.276,3,4,+7.002,+1.439
3576.698,3,4,+6.587,+1.456
3579.104,3,4,+6.637,+1.451
3581.542,3,4,+6.767,+1.440
3583.573,3,4,+6.883,+1.411
3586.448,3,5,+6.883,+1.411
3586.698,3,5,+7.127,+0.200
3591.667,3,5,+7.173,+0.193
3592.932,3,5,+7.117,+0.098
3599.135,3,5,+7.725,+0.098
3600.604,3,5,+7.921,+0.098
3602.654,3,5,+8.022,+0.098
3602.654,3,4,+8.022,+0.098
3602.667,3,5,+8.022,+0.098
3602.67,3,4,+8.022,+0.098
3603.492,3,4,+8.026,+2.261
3608.179,3,4,+7.813,+2.187
3611.429,3,4,+7.693,+2.159
3614.726,3,4,+7.680,+2.136
3618.817,3,4,+7.806,+2.138
3624.841,3,4,+8.014,+2.220
3628.67,3,4,+8.004,+2.220
3632.92,3,4,+8.045,+2.286
3634.248,3,4,+8.046,+2.306
3639.073,3,4,+8.124,+2.329
3644.406,3,4,+8.174,+2.270
3649.723,3,4,+8.150,+2.321
3653.613,3,4,+8.117,+2.377
3657.473,3,4,+8.164,+2.424
3659.941,3,4,+8.222,+2.475
3662.504,3,4,+8.287,+2.531
3666.066,3,4,+8.369,+2.545
3670.503,3,4,+8.484,+2.506
3672.956,3,4,+8.511,+2.509
3675.363,3,4,+8.526,+2.521
3677.472,3,4,+8.521,+2.515
3680.253,3,5,+8.521,+2.515
3680.675,3,5,+8.651,+0.364
3685.581,3,5,+8.681,+0.317
3686.863,3,5,+8.564,+0.270
3692.675,3,5,+8.926,+0.593
3694.144,3,5,+8.994,+0.619
3696.15,3,5,+9.065,+0.613
3697.001,3,5,+9.067,+0.578
3701.641,3,5,+8.953,+0.173
3705.048,3,5,+9.028,+0.115
3708.382,3,5,+9.097,+0.027
3712.73,3,5,+9.493,+0.374
3718.963,3,5,+9.621,+0.262
3722.695,3,5,+9.643,+0.256
3726.79,3,5,+9.568,+0.286
3728.051,3,5,+9.581,+0.296
3733.076,3,5,+9.960,+0.583
3738.535,3,5,+10.161,+0.757
3743.829,3,5,+10.117,+0.620
3747.626,3,5,+9.990,+0.421
3751.516,3,5,+10.085,+0.522
3754.001,3,5,+10.097,+0.539
3756.516,3,5,+10.118,+0.565
3760.094,3,5,+10.118,+0.592
3764.688,3,5,+10.278,+0.798
3767.063,3,5,+10.272,+0.801
3769.423,3,5,+10.227,+0.774
3771.36,3,6,+10.227,+0.774
3771.501,3,6,+10.171,+0.022
3774.679,3,6,+10.256,+0.334
3779.591,3,6,+10.297,+0.198
3780.919,3,6,+10.241,+0.209
3786.763,3,6,+10.554,+0.431
3788.169,3,6,+10.597,+0.427
3790.201,3,6,+10.674,+0.425
3791.06,3,6,+10.674,+0.415
3795.56,3,6,+10.406,+0.282
3798.794,3,6,+10.313,+0.299
3802.182,3,6,+10.372,+0.319
3806.447,3,6,+10.579,+0.556
3812.57,3,6,+10.735,+0.489
3816.238,3,6,+10.725,+0.373
3820.363,3,6,+10.661,+0.164
3821.613,3,6,+10.661,+0.147
3826.707,3,6,+11.105,+0.318
3832.051,3,6,+11.135,+0.281
3837.307,3,6,+11.060,+0.188
3840.988,3,6,+10.885,+0.180
3844.985,3,6,+11.120,+0.443
3847.532,3,6,+11.184,+0.551
3850.094,3,6,+11.226,+0.677
3853.797,3,6,+11.407,+0.904
3858.391,3,6,+11.600,+0.980
3860.782,3,6,+11.618,+0.991
3863.141,3,6,+11.603,+1.010
3865.157,3,6,+11.553,+1.020
3868.235,3,6,+11.520,+1.130
3873.125,3,6,+11.618,+1.002
3874.375,3,6,+11.563,+0.958
3880.0,3,6,+11.765,+1.044
3881.5,3,6,+11.817,+1.051
3883.485,3,6,+11.869,+1.034
3884.344,3,6,+11.883,+1.037
3888.908,3,6,+11.679,+0.938
3892.091,3,6,+11.566,+0.905
3895.497,3,6,+11.537,+0.894
3899.575,3,6,+11.674,+1.034
3905.579,3,6,+11.540,+0.971
3909.344,3,6,+11.567,+0.914
3913.625,3,6,+11.658,+0.877
3914.891,3,6,+11.661,+0.869
3919.704,3,6,+11.849,+0.870
3925.094,3,6,+11.968,+0.918
3930.36,3,6,+11.914,+0.833
3934.126,3,6,+11.811,+0.870
3937.974,3,6,+11.884,+0.898
3940.536,3,6,+11.921,+0.950
3943.067,3,6,+11.955,+1.044
3946.682,3,6,+12.043,+1.162
3951.256,3,6,+12.176,+1.182
3953.651,3,6,+12.203,+1.192
3956.026,3,6,+12.213,+1.211
3958.073,3,6,+12.196,+1.226
3961.073,3,6,+12.113,+1.314
3965.978,3,6,+12.139,+1.168
3967.244,3,6,+12.104,+1.121
3972.901,3,6,+12.324,+1.252
3974.26,3,6,+12.332,+1.256
3976.26,3,6,+12.364,+1.268
3977.103,3,6,+12.362,+1.261
3981.728,3,6,+12.270,+1.237
3984.978,3,6,+12.201,+1.243
3988.385,3,6,+12.185,+1.215
3992.447,3,6,+12.370,+1.377
3998.51,3,6,+12.104,+1.361
4002.291,3,6,+12.157,+1.335
4006.606,3,6,+12.225,+1.283
4007.869,3,6,+12.218,+1.283
4012.791,3,6,+12.449,+1.466
4018.119,3,6,+12.543,+1.469
4023.432,3,6,+12.552,+1.463
4027.261,3,6,+12.514,+1.570
4031.101,3,6,+12.520,+1.621
4033.625,3,6,+12.552,+1.713
4036.172,3,6,+12.603,+1.839
4039.75,3,6,+12.611,+1.953
4044.266,3,6,+12.678,+2.023
4046.688,3,6,+12.716,+2.049
4049.094,3,6,+12.764,+2.093
4051.172,3,6,+12.788,+2.129
4054.187,3,6,+12.737,+2.222
4059.094,3,6,+12.718,+1.985
4060.36,3,6,+12.687,+1.905
4066.0,3,6,+12.841,+2.027
4067.359,3,6,+12.865,+2.036
4069.359,3,6,+12.919,+2.063
4070.203,3,6,+12.911,+2.051
4074.828,3,6,+12.742,+1.984
4078.047,3,6,+12.638,+1.953
4081.39,3,6,+12.628,+1.943
4085.562,3,6,+12.802,+2.128
4091.609,3,6,+12.731,+2.041
4095.359,3,6,+12.759,+1.979
4099.715,3,6,+12.907,+1.910
4101.028,3,6,+12.960,+1.924
4105.853,3,6,+13.215,+2.046
4111.274,3,6,+13.269,+2.055
4116.54,3,6,+13.223,+1.955
4120.4,3,6,+13.169,+2.059
4124.202,3,6,+13.200,+2.101
4126.705,3,6,+13.222,+2.116
4129.282,3,6,+13.258,+2.143
4132.891,3,6,+13.295,+2.256
4137.422,3,6,+13.406,+2.378
4139.862,3,6,+13.435,+2.425
4142.234,3,6,+13.457,+2.487
4144.328,3,6,+13.450,+2.522
4147.344,3,6,+13.423,+2.577
4152.221,3,6,+13.475,+2.467
4153.501,3,6,+13.448,+2.431
4159.079,3,6,+13.598,+2.525
4160.55,3,6,+13.599,+2.530
4162.435,3,6,+13.600,+2.505
4163.231,3,6,+13.588,+2.485
4167.884,3,6,+13.461,+2.328
4171.15,3,6,+13.383,+2.245
4174.47,3,6,+13.385,+2.228
4178.625,3,6,+13.521,+2.439
4184.669,3,6,+13.519,+2.324
4188.45,3,6,+13.544,+2.273
4192.763,3,6,+13.704,+2.273
4194.044,3,6,+13.756,+2.286
4198.856,3,6,+13.999,+2.415
4204.191,3,6,+14.067,+2.405
4209.556,3,6,+14.044,+2.439
4213.353,3,6,+13.971,+2.531
4217.181,3,6,+14.001,+2.580
4219.712,3,6,+14.051,+2.659
4222.291,3,6,+14.104,+2.758
4225.907,3,6,+14.181,+2.889
4230.434,3,6,+14.284,+2.956
4232.841,3,6,+14.305,+2.968
4235.262,3,6,+14.320,+2.986
4237.278,3,6,+14.313,+2.996
4240.372,3,6,+14.331,+3.070
4245.335,3,6,+14.434,+3.045
4246.592,3,6,+14.413,+3.012
4252.291,3,6,+14.699,+3.159
4253.717,3,6,+14.752,+3.197
4255.681,3,6,+14.808,+3.200
4256.541,3,6,+14.809,+3.182
4261.15,3,6,+14.662,+2.986
4264.369,3,6,+14.570,+2.882
4267.712,3,6,+14.579,+2.914
4271.829,3,6,+14.721,+3.139
4277.808,3,6,+14.621,+2.966
4281.55,3,6,+14.628,+2.944
4285.815,3,6,+14.686,+2.910
4287.097,3,6,+14.683,+2.906
4291.972,3,6,+14.974,+3.118
4297.456,3,6,+15.135,+3.180
4302.753,3,6,+15.159,+3.212
4306.612,3,6,+15.130,+3.324
4310.449,3,6,+15.161,+3.427
4312.944,3,6,+15.195,+3.516
4315.537,3,6,+15.230,+3.624
4319.1,3,6,+15.273,+3.714
4323.631,3,6,+15.416,+3.787
4326.075,3,6,+15.449,+3.793
4328.469,3,6,+15.473,+3.812
4330.547,3,6,+15.471,+3.828
4333.562,3,6,+15.435,+3.923
4338.406,3,6,+15.461,+3.660
4339.656,3,6,+15.446,+3.614
4345.25,3,6,+15.683,+3.693
4346.672,3,6,+15.719,+3.699
4348.687,3,6,+15.751,+3.695
4349.515,3,6,+15.743,+3.674
4354.125,3,6,+15.569,+3.453
4357.297,3,6,+15.470,+3.326
4360.625,3,6,+15.464,+3.334
4364.737,3,6,+15.563,+3.492
4370.75,3,6,+15.604,+3.399
4374.453,3,6,+15.599,+3.371
4378.765,3,6,+15.696,+3.397
4380.063,3,6,+15.688,+3.414
4384.812,3,6,+15.931,+3.578
4390.1,3,6,+15.806,+3.464
4395.428,3,6,+15.873,+3.475
4399.25,3,6,+15.848,+3.544
4403.015,3,6,+15.852,+3.586
4405.593,3,6,+15.901,+3.687
4408.172,3,6,+15.959,+3.812
4411.758,3,6,+15.987,+3.934
4416.187,3,6,+16.078,+3.960
4418.625,3,6,+16.153,+4.027
4421.0,3,6,+16.272,+4.141
4423.109,3,6,+16.381,+4.262
4426.14,3,6,+16.453,+4.411
4431.047,3,6,+16.396,+4.190
4432.203,3,6,+16.315,+4.050
4437.712,3,6,+16.454,+4.026
4439.108,3,6,+16.514,+4.009
4441.09,3,6,+16.550,+3.949
4441.937,3,6,+16.550,+3.930
9.614,16,4,,
2861.142,16,4,+0.833,+0.170
2864.471,16,5,+0.833,+0.170
2864.58,16,6,+0.833,+0.170
2864.596,16,7,+0.833,+0.170
2865.096,16,7,+1.002,+0.149
2868.861,16,7,+1.484,+0.242
2872.908,16,7,+1.666,+0.184
2879.049,16,7,+1.858,+0.119
2883.08,16,7,+2.029,+0.364
2887.142,16,8,+2.029,+0.364
2887.314,16,8,+1.858,+0.044
2888.549,16,8,+1.799,+0.083
2893.731,16,7,+1.799,+0.083
2893.816,16,7,+2.207,+0.498
2899.277,16,8,+2.207,+0.498
2899.558,16,8,+2.798,+0.165
2904.974,16,8,+2.921,+0.031
2908.63,16,7,+2.921,+0.031
2908.724,16,7,+2.862,+0.959
2912.833,16,7,+3.070,+0.828
2915.286,16,7,+3.042,+0.814
2917.789,16,7,+2.942,+0.731
2921.508,16,7,+3.115,+0.493
2926.102,16,7,+3.435,+0.512
2928.555,16,7,+3.414,+0.502
2930.977,16,7,+3.322,+0.471
2932.821,16,7,+3.206,+0.438
2935.883,16,7,+3.230,+0.431
2940.992,16,7,+3.198,+0.627
2942.321,16,7,+3.135,+0.670
2948.064,16,7,+3.465,+0.446
2949.417,16,7,+3.478,+0.385
2951.399,16,7,+3.495,+0.340
2952.297,16,7,+3.487,+0.337
2956.855,16,7,+3.229,+0.236
2960.324,16,7,+3.305,+0.128
2963.777,16,7,+3.469,+0.156
2967.699,16,6,+3.469,+0.156
2967.777,16,6,+3.519,+0.240
2973.852,16,6,+3.792,+0.331
2977.727,16,6,+3.787,+0.379
2981.937,16,6,+3.609,+0.437
2983.102,16,7,+3.609,+0.437
2983.252,16,7,+3.560,+0.014
2988.242,16,7,+3.807,+0.076
2993.68,16,7,+4.146,+0.105
2998.957,16,7,+4.115,+0.100
3002.719,16,7,+4.055,+0.101
3006.955,16,7,+4.558,+0.191
3009.439,16,7,+4.631,+0.157
3011.97,16,7,+4.680,+0.126
3015.908,16,7,+5.160,+0.307
3020.424,16,7,+5.379,+0.353
3022.814,16,7,+5.315,+0.337
3025.096,16,7,+5.172,+0.314
3027.002,16,7,+5.007,+0.277
3030.002,16,7,+5.003,+0.304
3035.072,16,7,+5.086,+0.246
3036.374,16,7,+5.108,+0.253
3042.274,16,7,+5.598,+0.331
3043.673,16,7,+5.671,+0.314
3045.708,16,7,+5.743,+0.328
3046.583,16,7,+5.748,+0.336
3051.302,16,7,+5.529,+0.364
3054.505,16,7,+5.425,+0.295
3057.958,16,7,+5.572,+0.251
3062.132,16,7,+5.611,+0.205
3068.567,16,7,+6.084,+0.363
3072.337,16,7,+6.049,+0.416
3076.331,16,7,+5.687,+0.360
3077.552,16,7,+5.625,+0.318
3082.752,16,7,+6.100,+0.511
3088.002,16,7,+6.159,+0.274
3093.411,16,7,+6.212,+0.444
3097.145,16,7,+6.154,+0.272
3101.217,16,7,+6.417,+0.186
3103.686,16,7,+6.409,+0.144
3106.248,16,7,+6.425,+0.146
3110.186,16,7,+6.785,+0.258
3114.808,16,7,+7.101,+0.499
3117.292,16,7,+7.097,+0.573
3119.652,16,7,+7.063,+0.727
3121.62,16,7,+7.009,+0.898
3124.653,16,7,+7.075,+0.827
3129.817,16,7,+7.244,+0.886
3131.129,16,7,+7.262,+0.910
3136.808,16,7,+7.549,+0.476
3138.233,16,7,+7.666,+0.501
3140.248,16,7,+7.742,+0.486
3141.092,16,7,+7.739,+0.474
3145.748,16,7,+7.477,+0.283
3149.186,16,7,+7.505,+0.140
3152.623,16,7,+7.563,+0.085
3156.717,16,7,+7.830,+0.032
3162.921,16,7,+8.156,+0.089
3166.686,16,7,+8.135,+0.111
3170.842,16,7,+7.767,+0.011
3171.842,16,6,+7.767,+0.011
3171.936,16,6,+7.714,+0.349
3171.936,16,7,+7.714,+0.349
3176.905,16,6,+7.714,+0.349
3176.998,16,6,+8.071,+0.641
3182.28,16,6,+8.160,+0.634
3187.686,16,6,+8.210,+0.641
3191.483,16,6,+8.177,+0.478
3195.389,16,6,+8.311,+0.564
3197.905,16,6,+8.381,+0.571
3200.389,16,6,+8.453,+0.574
3203.96,16,6,+8.554,+0.619
3208.323,16,6,+8.574,+0.688
3210.933,16,6,+8.576,+0.732
3213.229,16,6,+8.583,+0.804
3215.245,16,6,+8.568,+0.855
3218.292,16,6,+8.569,+0.889
3223.292,16,6,+8.669,+0.979
3224.604,16,6,+8.641,+0.898
3230.18,16,6,+8.753,+0.840
3231.57,16,6,+8.772,+0.856
3233.523,16,6,+8.776,+0.881
3234.383,16,6,+8.764,+0.881
3239.03,16,6,+8.552,+0.783
3242.282,16,6,+8.420,+0.711
3245.564,16,6,+8.428,+0.615
3249.63,16,6,+8.546,+0.677
3255.651,16,6,+8.711,+0.772
3259.454,16,6,+8.654,+0.781
3263.548,16,6,+8.482,+0.693
3264.73,16,6,+8.413,+0.642
3269.614,16,6,+8.651,+0.735
3275.02,16,6,+8.849,+0.818
3280.379,16,6,+8.885,+0.745
3284.171,16,6,+8.840,+0.536
3287.929,16,6,+8.838,+0.561
3290.351,16,6,+8.833,+0.562
3292.914,16,6,+8.823,+0.560
3296.431,16,6,+8.881,+0.571
3300.864,16,6,+9.002,+0.700
3303.348,16,6,+9.050,+0.792
3305.833,16,6,+9.112,+0.930
3307.895,16,6,+9.129,+1.027
3310.942,16,6,+9.131,+1.088
3315.85,16,6,+9.240,+1.054
3317.183,16,6,+9.315,+0.974
3322.764,16,6,+9.411,+1.006
3324.123,16,6,+9.440,+1.006
3326.092,16,6,+9.465,+0.990
3326.958,16,6,+9.454,+0.972
3331.623,16,6,+9.180,+0.719
3334.686,16,6,+8.971,+0.538
3337.889,16,6,+8.879,+0.390
3342.154,16,6,+9.188,+0.586
3348.21,16,6,+9.422,+0.685
3352.032,16,6,+9.344,+0.687
3356.095,16,6,+8.981,+0.641
3357.314,16,6,+8.877,+0.614
3362.267,16,6,+8.970,+0.760
3367.564,16,6,+9.180,+0.861
3372.977,16,6,+9.165,+0.847
3376.773,16,6,+9.123,+0.677
3380.554,16,6,+9.182,+0.759
3383.036,16,6,+9.209,+0.785
3385.563,16,6,+9.216,+0.784
3389.079,16,6,+9.235,+0.768
3393.473,16,6,+9.233,+0.869
3395.936,16,6,+9.249,+0.963
3398.42,16,6,+9.297,+1.115
3400.498,16,6,+9.303,+1.230
3403.498,16,6,+9.319,+1.276
3408.519,16,6,+9.531,+1.222
3409.786,16,6,+9.622,+1.181
3415.38,16,6,+9.790,+1.228
3416.786,16,6,+9.799,+1.205
3418.739,16,6,+9.795,+1.186
3419.629,16,6,+9.787,+1.181
3424.267,16,6,+9.596,+1.114
3427.517,16,6,+9.479,+1.077
3430.957,16,6,+9.449,+1.008
3434.793,16,6,+9.425,+0.909
3440.775,16,6,+9.602,+0.990
3444.661,16,6,+9.591,+1.080
3449.023,16,6,+9.650,+1.361
3450.242,16,6,+9.631,+1.382
3455.086,16,6,+9.673,+1.451
3460.492,16,6,+9.804,+1.473
3465.773,16,6,+9.739,+1.447
3469.523,16,6,+9.690,+1.326
3473.32,16,6,+9.697,+1.354
3475.789,16,6,+9.706,+1.379
3478.304,16,6,+9.707,+1.395
3481.789,16,6,+9.686,+1.346
3486.176,16,6,+9.746,+1.450
3488.66,16,6,+9.680,+1.515
3491.129,16,6,+9.577,+1.632
3493.145,16,6,+9.547,+1.737
3496.067,16,6,+9.487,+1.721
3501.036,16,6,+9.594,+1.677
3502.329,16,6,+9.665,+1.672
3507.923,16,6,+9.669,+1.613
3509.282,16,6,+9.713,+1.563
3511.277,16,6,+9.727,+1.552
3512.169,16,6,+9.717,+1.552
3516.798,16,6,+9.458,+1.519
3520.064,16,6,+9.313,+1.494
3523.47,16,6,+9.209,+1.422
3527.376,16,6,+9.179,+1.385
3533.552,16,6,+9.204,+1.405
3537.327,16,6,+9.234,+1.496
3541.686,16,6,+9.428,+1.756
3542.936,16,6,+9.456,+1.788
3547.729,16,6,+9.379,+1.738
3553.198,16,6,+9.450,+1.858
3558.542,16,6,+9.430,+1.887
3562.292,16,6,+9.371,+1.783
3565.98,16,6,+9.300,+1.728
3568.418,16,6,+9.265,+1.733
3570.963,16,6,+9.224,+1.737
3574.385,16,6,+9.110,+1.600
3578.792,16,6,+8.680,+1.663
3581.229,16,6,+8.741,+1.766
3583.651,16,6,+8.890,+1.946
3585.713,16,6,+9.022,+2.110
3588.667,16,6,+9.081,+1.954
3593.635,16,6,+9.127,+1.954
3594.932,16,6,+9.116,+1.999
3600.526,16,6,+9.169,+1.444
3601.901,16,6,+9.227,+1.306
3603.852,16,6,+9.276,+0.865
3604.736,16,6,+9.276,+0.812
3609.366,16,6,+9.044,+0.581
3612.648,16,6,+8.900,+0.476
3616.054,16,6,+8.962,+0.482
3620.076,16,6,+9.114,+0.562
3626.154,16,6,+9.337,+0.544
3630.013,16,6,+9.402,+0.614
3634.373,16,6,+9.447,+0.891
3635.591,16,6,+9.420,+0.851
3640.432,16,6,+9.486,+0.732
3645.77,16,6,+9.552,+0.746
3651.146,16,6,+9.541,+0.703
3654.801,16,6,+9.319,+0.499
3658.598,16,6,+9.342,+0.532
3661.035,16,6,+9.360,+0.546
3663.582,16,6,+9.363,+0.540
3667.129,16,6,+9.420,+0.522
3671.55,16,6,+9.540,+0.590
3673.972,16,6,+9.525,+0.635
3676.316,16,6,+9.453,+0.733
3678.284,16,6,+9.370,+0.842
3681.269,16,6,+9.215,+0.564
3686.284,16,6,+9.397,+0.716
3687.628,16,6,+9.293,+0.729
3693.285,16,6,+9.468,+0.542
3694.659,16,6,+9.516,+0.522
3696.651,16,6,+9.599,+0.534
3697.536,16,6,+9.613,+0.546
3702.157,16,6,+9.484,+0.531
3705.376,16,6,+9.387,+0.359
3708.851,16,6,+9.533,+0.436
3712.969,16,6,+9.768,+0.275
3719.177,16,6,+9.895,+0.274
3723.015,16,6,+9.951,+0.308
3727.192,16,6,+10.012,+0.444
3728.442,16,6,+10.017,+0.436
3733.442,16,6,+10.355,+0.395
3738.876,16,6,+10.508,+0.347
3744.235,16,6,+10.519,+0.402
3747.923,16,6,+10.292,+0.302
3751.86,16,6,+10.419,+0.334
3754.266,16,6,+10.397,+0.300
3756.735,16,6,+10.340,+0.222
3760.36,16,6,+10.410,+0.292
3764.907,16,6,+10.563,+0.285
3767.298,16,6,+10.490,+0.218
3769.563,16,6,+10.317,+0.090
3771.36,16,5,+10.317,+0.090
3771.454,16,5,+10.149,+0.719
3774.319,16,5,+9.922,+0.596
3779.42,16,5,+10.099,+0.756
3780.716,16,5,+10.032,+0.669
3786.341,16,5,+10.123,+0.706
3787.748,16,5,+10.170,+0.749
3789.747,16,5,+10.249,+0.807
3790.716,16,5,+10.259,+0.812
3795.294,16,5,+10.124,+0.630
3798.482,16,5,+10.014,+0.491
3801.921,16,5,+10.053,+0.471
3805.838,16,5,+10.023,+0.431
3811.996,16,5,+10.246,+0.523
3815.879,16,5,+10.352,+0.596
3820.16,16,5,+10.497,+0.768
3821.426,16,5,+10.514,+0.780
3826.379,16,5,+10.787,+1.068
3831.769,16,5,+10.854,+1.153
3837.092,16,5,+10.872,+1.093
3840.832,16,5,+10.705,+0.860
3844.563,16,5,+10.677,+0.849
3846.938,16,5,+10.633,+0.811
3849.407,16,5,+10.549,+0.742
3852.891,16,5,+10.503,+0.680
3857.329,16,5,+10.620,+0.791
3859.782,16,5,+10.627,+0.822
3862.125,16,5,+10.593,+0.832
3864.112,16,5,+10.533,+0.823
3867.079,16,5,+10.390,+0.751
3872.125,16,5,+10.616,+0.960
3873.422,16,5,+10.605,+0.914
3878.987,16,5,+10.721,+0.948
3880.375,16,5,+10.766,+0.981
3882.422,16,5,+10.835,+1.024
3883.297,16,5,+10.846,+1.026
3887.963,16,5,+10.741,+0.855
3891.232,16,5,+10.661,+0.747
3894.591,16,5,+10.643,+0.635
3898.56,16,5,+10.640,+0.682
3904.547,16,5,+10.569,+0.646
3908.454,16,5,+10.653,+0.707
3912.75,16,5,+10.781,+0.859
3913.985,16,5,+10.792,+0.847
3918.86,16,5,+10.979,+1.032
3924.172,16,5,+11.050,+1.115
3929.516,16,5,+11.081,+1.088
3933.235,16,5,+10.941,+0.871
3937.07,16,5,+10.986,+0.938
3939.52,16,5,+10.971,+0.922
3942.005,16,5,+10.911,+0.868
3945.529,16,5,+10.881,+0.843
3949.994,16,5,+10.994,+0.995
3952.448,16,5,+11.011,+1.033
3954.838,16,5,+11.002,+1.072
3956.854,16,5,+10.970,+1.096
3959.776,16,5,+10.799,+0.999
3964.807,16,5,+10.971,+1.171
3966.104,16,5,+10.983,+1.168
3971.682,16,5,+11.072,+1.165
3973.01,16,5,+11.076,+1.149
3974.947,16,5,+11.096,+1.148
3975.822,16,5,+11.101,+1.144
3980.51,16,5,+11.033,+0.981
3983.76,16,5,+10.958,+0.868
3987.213,16,5,+10.970,+0.755
3991.119,16,5,+10.993,+0.739
3997.088,16,5,+10.743,+0.725
4000.978,16,5,+10.822,+0.800
4005.322,16,5,+10.942,+0.977
4006.557,16,5,+10.935,+0.955
4011.322,16,5,+10.983,+1.030
4016.635,16,5,+11.074,+1.084
4021.979,16,5,+11.089,+1.010
4025.697,16,5,+10.944,+0.765
4029.447,16,5,+10.899,+0.748
4031.876,16,5,+10.839,+0.700
4034.328,16,5,+10.764,+0.627
4037.797,16,5,+10.658,+0.579
4042.219,16,5,+10.655,+0.659
4044.672,16,5,+10.667,+0.690
4047.031,16,5,+10.671,+0.737
4049.047,16,5,+10.659,+0.767
4051.969,16,5,+10.515,+0.758
4057.109,16,5,+10.733,+0.978
4058.453,16,5,+10.782,+1.026
4063.984,16,5,+10.814,+1.023
4065.328,16,5,+10.829,+1.018
4067.297,16,5,+10.856,+1.034
4068.156,16,5,+10.860,+1.036
4072.89,16,5,+10.758,+0.922
4076.11,16,5,+10.685,+0.850
4079.406,16,5,+10.685,+0.749
4083.453,16,5,+10.674,+0.677
4089.531,16,5,+10.690,+0.736
4093.406,16,5,+10.780,+0.814
4097.765,16,5,+10.997,+1.055
4099.05,16,5,+11.036,+1.066
4103.806,16,5,+11.169,+1.159
4109.165,16,5,+11.214,+1.247
4114.618,16,5,+11.268,+1.309
4118.353,16,5,+11.110,+1.113
4122.107,16,5,+11.099,+1.132
4124.586,16,5,+11.106,+1.152
4127.137,16,5,+11.115,+1.170
4130.625,16,5,+11.039,+1.187
4135.001,16,5,+11.028,+1.254
4137.453,16,5,+11.010,+1.272
4139.797,16,5,+10.970,+1.302
4141.797,16,5,+10.928,+1.330
4144.782,16,5,+10.846,+1.309
4149.77,16,5,+11.008,+1.371
4151.063,16,5,+11.017,+1.352
4156.548,16,5,+11.073,+1.297
4157.938,16,5,+11.069,+1.315
4159.874,16,5,+11.095,+1.329
4160.734,16,5,+11.103,+1.330
4165.588,16,5,+11.133,+1.305
4168.884,16,5,+11.138,+1.293
4172.244,16,5,+11.157,+1.221
4176.201,16,5,+11.082,+1.249
4182.278,16,5,+11.195,+1.206
4186.17,16,5,+11.271,+1.247
4190.513,16,5,+11.431,+1.428
4191.731,16,5,+11.470,+1.448
4196.434,16,5,+11.584,+1.472
4201.796,16,5,+11.662,+1.524
4207.096,16,5,+11.605,+1.458
4210.806,16,5,+11.440,+1.270
4214.619,16,5,+11.421,+1.275
4217.087,16,5,+11.392,+1.253
4219.525,16,5,+11.346,+1.219
4223.025,16,5,+11.292,+1.192
4227.466,16,5,+11.328,+1.257
4229.887,16,5,+11.337,+1.300
4232.262,16,5,+11.334,+1.368
4234.294,16,5,+11.317,+1.435
4237.294,16,5,+11.261,+1.482
4242.262,16,5,+11.389,+1.556
4243.575,16,5,+11.401,+1.553
4249.122,16,5,+11.540,+1.563
4250.497,16,5,+11.555,+1.532
4252.502,16,5,+11.608,+1.530
4253.55,16,5,+11.627,+1.529
4258.166,16,5,+11.676,+1.519
4261.509,16,5,+11.688,+1.521
4264.744,16,5,+11.665,+1.380
4268.666,16,5,+11.582,+1.237
4274.784,16,5,+11.655,+1.319
4278.63,16,5,+11.684,+1.350
4282.894,16,5,+11.776,+1.517
4284.144,16,5,+11.777,+1.532
4288.862,16,5,+11.856,+1.488
4294.269,16,5,+11.955,+1.561
4299.55,16,5,+11.947,+1.465
4303.301,16,5,+11.806,+1.289
4307.003,16,5,+11.734,+1.254
4309.417,16,5,+11.679,+1.218
4311.917,16,5,+11.606,+1.175
4315.412,16,5,+11.559,+1.155
4319.819,16,5,+11.629,+1.246
4322.303,16,5,+11.656,+1.318
4324.691,16,5,+11.661,+1.416
4326.717,16,5,+11.643,+1.501
4329.656,16,5,+11.512,+1.495
4334.719,16,5,+11.801,+1.739
4336.047,16,5,+11.832,+1.759
4341.625,16,5,+11.990,+1.785
4342.984,16,5,+12.020,+1.784
4344.969,16,5,+12.056,+1.800
4345.828,16,5,+12.069,+1.800
4350.641,16,5,+12.116,+1.827
4354.0,16,5,+12.144,+1.866
4357.234,16,5,+12.130,+1.698
4361.229,16,5,+12.071,+1.555
4367.206,16,5,+12.205,+1.604
4371.078,16,5,+12.228,+1.641
4375.359,16,5,+12.299,+1.840
4376.625,16,5,+12.274,+1.835
4381.265,16,5,+12.353,+1.830
4386.656,16,5,+12.342,+1.948
4391.99,16,5,+12.398,+1.892
4395.693,16,5,+12.304,+1.781
4399.437,16,5,+12.266,+1.866
4401.875,16,5,+12.214,+1.922
4404.39,16,5,+12.147,+1.983
4407.828,16,5,+12.053,+1.969
4412.239,16,5,+12.118,+1.999
4414.599,16,5,+12.126,+1.961
4416.875,16,5,+12.131,+1.907
4418.828,16,5,+12.119,+1.854
4421.765,16,5,+12.042,+1.798
4426.765,16,5,+12.206,+1.931
4428.109,16,5,+12.265,+2.012
4433.656,16,5,+12.428,+1.972
4435.093,16,5,+12.505,+1.973
4437.125,16,5,+12.601,+1.993
4437.986,16,5,+12.620,+1.981
9.614,63,5,,
2860.846,63,5,+0.536,
2864.471,63,6,+0.536,
2864.58,63,7,+0.536,
2864.596,63,5,+0.536,
2864.674,63,5,+0.520,+0.016
2868.221,63,5,+0.827,+0.005
2872.33,63,5,+1.026,+0.017
2878.236,63,4,+1.026,+0.017
2878.33,63,4,+1.081,+0.197
2882.142,63,4,+1.054,+0.323
2886.127,63,5,+1.054,+0.323
2886.314,63,5,+0.875,+0.050
2887.689,63,5,+0.891,+0.137
2893.027,63,5,+1.415,+0.365
2898.543,63,5,+1.772,+0.423
2903.931,63,5,+1.851,+0.474
2907.677,63,5,+1.784,+0.446
2911.692,63,5,+1.970,+0.467
2914.224,63,5,+1.980,+0.518
2916.794,63,5,+1.957,+0.456
2920.664,63,5,+2.274,+0.347
2925.102,63,5,+2.413,+0.313
2927.492,63,5,+2.325,+0.239
2929.711,63,5,+2.145,+0.167
2931.602,63,5,+1.920,+0.107
2934.461,63,5,+1.781,+0.107
2939.446,63,4,+1.781,+0.107
2939.524,63,4,+1.644,+0.119
2940.774,63,4,+1.551,+0.060
2946.392,63,3,+1.551,+0.060
2946.471,63,3,+1.896,+0.782
2947.892,63,3,+1.960,+0.857
2949.852,63,3,+1.984,+0.901
2950.74,63,3,+1.990,+0.919
2955.574,63,3,+1.950,+0.978
2958.949,63,3,+1.912,+1.002
2962.292,63,3,+1.991,+1.032
2966.542,63,3,+2.327,+1.254
2972.605,63,3,+2.484,+1.439
2976.428,63,3,+2.489,+1.497
2980.63,63,3,+2.266,+1.448
2981.914,63,3,+2.235,+1.417
2986.852,63,3,+2.440,+1.562
2992.149,63,3,+2.614,+1.681
2997.567,63,3,+2.728,+1.793
3001.408,63,4,+2.728,+1.793
3001.61,63,4,+2.962,+0.148
3005.705,63,4,+3.298,+0.263
3008.892,63,4,+3.389,+0.251
3010.814,63,4,+3.499,+0.245
3014.533,63,4,+3.769,+0.366
3018.908,63,4,+3.851,+0.329
3021.283,63,4,+3.770,+0.244
3023.533,63,4,+3.603,+0.129
3025.393,63,4,+3.401,+0.043
3028.363,63,4,+3.342,+0.135
3033.581,63,4,+3.568,+0.078
3034.872,63,4,+3.611,+0.086
3040.922,63,4,+4.276,+0.273
3042.375,63,4,+4.369,+0.304
3044.436,63,4,+4.463,+0.358
3045.317,63,4,+4.493,+0.375
3050.067,63,5,+4.493,+0.375
3050.302,63,5,+4.579,+0.166
3053.833,63,5,+4.702,+0.328
3057.349,63,5,+4.909,+0.607
3061.386,63,5,+4.889,+0.307
3067.536,63,5,+5.086,+0.212
3071.337,63,5,+4.988,+0.189
3075.28,63,5,+4.609,+0.044
3076.677,63,5,+4.665,+0.161
3082.017,63,5,+5.361,+0.422
3087.455,63,5,+5.619,+0.486
3092.896,63,5,+5.689,+0.608
3096.645,63,6,+5.689,+0.608
3096.88,63,6,+5.882,+0.139
3101.053,63,6,+6.231,+0.200
3103.577,63,6,+6.265,+0.200
3106.123,63,6,+6.279,+0.216
3109.937,63,6,+6.527,+0.361
3114.355,63,6,+6.602,+0.325
3116.714,63,6,+6.524,+0.263
3118.917,63,6,+6.336,+0.155
3120.714,63,6,+6.111,+0.015
3123.605,63,5,+6.111,+0.015
3123.698,63,5,+6.088,+0.508
3128.817,63,5,+6.246,+0.730
3130.098,63,5,+6.265,+0.784
3135.911,63,5,+6.648,+0.845
3137.28,63,5,+6.725,+0.848
3139.327,63,5,+6.820,+0.897
3140.233,63,5,+6.855,+0.945
3145.295,63,5,+7.009,+1.315
3148.701,63,5,+7.044,+1.481
3152.327,63,5,+7.267,+1.748
3156.264,63,5,+7.413,+1.673
3162.295,63,5,+7.508,+1.676
3166.092,63,5,+7.511,+1.723
3170.327,63,5,+7.385,+1.756
3171.67,63,5,+7.365,+1.736
3176.342,63,5,+7.430,+1.516
3181.701,63,5,+7.526,+1.615
3187.03,63,5,+7.569,+1.662
3191.342,63,5,+7.699,+1.816
3194.764,63,5,+7.747,+1.759
3197.264,63,5,+7.810,+1.769
3199.905,63,5,+7.879,+1.775
3203.402,63,5,+7.935,+1.685
3207.667,63,5,+7.886,+1.550
3210.073,63,5,+7.844,+1.519
3212.448,63,5,+7.779,+1.476
3214.407,63,5,+7.713,+1.454
3217.433,63,5,+7.680,+1.390
3222.308,63,5,+7.690,+1.396
3223.698,63,5,+7.743,+1.518
3229.383,63,5,+7.913,+1.325
3230.836,63,5,+7.916,+1.292
3232.633,63,5,+7.895,+1.221
3233.523,63,5,+7.883,+1.219
3238.248,63,5,+7.769,+1.422
3241.561,63,5,+7.709,+1.616
3245.048,63,5,+7.813,+1.696
3248.936,63,5,+7.869,+1.606
3254.917,63,5,+7.939,+1.546
3258.683,63,5,+7.873,+1.534
3262.845,63,5,+7.789,+1.481
3264.111,63,5,+7.771,+1.466
3268.848,63,5,+7.916,+1.320
3274.192,63,5,+8.031,+1.334
3279.661,63,5,+8.140,+1.413
3283.608,63,5,+8.304,+1.569
3287.336,63,5,+8.277,+1.481
3289.804,63,5,+8.271,+1.467
3292.336,63,5,+8.263,+1.451
3295.859,63,5,+8.310,+1.379
3300.192,63,5,+8.302,+1.209
3302.614,63,5,+8.258,+1.150
3304.911,63,5,+8.182,+1.055
3306.879,63,5,+8.102,+0.990
3309.833,63,5,+8.043,+0.914
3314.786,63,5,+8.186,+0.982
3316.161,63,5,+8.341,+1.096
3321.748,63,5,+8.405,+1.055
3323.123,63,5,+8.434,+1.045
3325.139,63,5,+8.475,+1.025
3325.99,63,5,+8.482,+1.038
3330.873,63,5,+8.461,+1.277
3334.139,63,5,+8.433,+1.423
3337.576,63,5,+8.489,+1.495
3341.514,63,5,+8.602,+1.454
3347.567,63,5,+8.737,+1.477
3351.376,63,5,+8.657,+1.487
3355.501,63,5,+8.340,+1.389
3356.751,63,5,+8.263,+1.353
3361.486,63,5,+8.210,+1.214
3366.72,63,5,+8.319,+1.202
3372.126,63,5,+8.318,+1.300
3376.054,63,5,+8.446,+1.453
3379.804,63,5,+8.423,+1.354
3382.297,63,5,+8.424,+1.322
3384.808,63,5,+8.432,+1.301
3388.297,63,5,+8.467,+1.185
3392.61,63,5,+8.364,+1.078
3394.97,63,5,+8.286,+1.023
3397.311,63,5,+8.182,+0.917
3399.264,63,5,+8.073,+0.829
3402.232,63,5,+8.043,+0.794
3407.264,63,5,+8.309,+0.922
3408.608,63,5,+8.441,+1.017
3414.254,63,5,+8.562,+0.954
3415.536,63,5,+8.594,+0.946
3417.629,63,5,+8.609,+0.967
3418.426,63,5,+8.606,+0.982
3423.173,63,5,+8.482,+1.102
3426.47,63,5,+8.402,+1.174
3429.861,63,5,+8.441,+1.257
3433.837,63,5,+8.516,+1.207
3439.83,63,5,+8.612,+1.202
3443.569,63,5,+8.511,+1.199
3447.661,63,5,+8.289,+1.070
3448.914,63,5,+8.249,+1.049
3453.664,63,5,+8.222,+0.914
3458.992,63,5,+8.331,+0.950
3464.398,63,5,+8.292,+0.994
3468.242,63,5,+8.364,+1.083
3471.976,63,5,+8.343,+0.986
3474.429,63,5,+8.327,+0.959
3476.929,63,5,+8.312,+0.943
3480.445,63,5,+8.340,+0.883
3484.77,63,5,+8.296,+0.829
3487.192,63,5,+8.165,+0.772
3489.473,63,5,+7.945,+0.660
3491.426,63,5,+7.810,+0.560
3494.348,63,5,+7.766,+0.491
3499.364,63,5,+7.917,+0.613
3500.668,63,5,+7.993,+0.645
3506.314,63,5,+8.056,+0.715
3507.72,63,5,+8.150,+0.732
3509.704,63,5,+8.175,+0.727
3510.56,63,5,+8.165,+0.738
3515.314,63,5,+7.939,+0.863
3518.579,63,5,+7.819,+0.957
3521.97,63,5,+7.787,+1.083
3525.97,63,5,+7.794,+0.958
3532.097,63,5,+7.799,+1.007
3535.838,63,5,+7.738,+0.974
3539.905,63,5,+7.672,+0.776
3541.186,63,5,+7.668,+0.730
3545.995,63,5,+7.641,+0.620
3551.338,63,5,+7.592,+0.622
3556.62,63,5,+7.543,+0.630
3560.682,63,5,+7.588,+0.634
3564.245,63,5,+7.572,+0.588
3566.698,63,5,+7.532,+0.536
3569.182,63,5,+7.487,+0.481
3572.776,63,5,+7.510,+0.508
3577.12,63,5,+7.017,+0.430
3579.463,63,5,+6.975,+0.338
3581.698,63,5,+6.944,+0.177
3583.62,63,5,+6.912,+0.029
3586.448,63,4,+6.912,+0.029
3586.526,63,4,+6.927,+1.395
3591.529,63,4,+6.980,+1.384
3592.854,63,4,+7.019,+1.443
3599.338,63,4,+7.970,+2.264
3600.87,63,4,+8.205,+2.459
3602.654,63,5,+8.205,+2.459
3603.027,63,5,+8.411,+0.389
3603.928,63,5,+8.464,+0.438
3608.788,63,5,+8.463,+0.650
3612.132,63,5,+8.424,+0.731
3615.554,63,5,+8.480,+0.800
3619.482,63,5,+8.552,+0.746
3625.654,63,5,+8.793,+0.779
3629.404,63,5,+8.788,+0.784
3633.482,63,5,+8.556,+0.511
3634.81,63,5,+8.569,+0.523
3639.682,63,5,+8.754,+0.630
3645.151,63,5,+8.806,+0.632
3650.41,63,5,+8.838,+0.688
3654.379,63,5,+8.820,+0.703
3658.066,63,5,+8.810,+0.646
3660.551,63,5,+8.814,+0.592
3663.051,63,5,+8.823,+0.536
3666.629,63,5,+8.898,+0.529
3671.019,63,5,+8.950,+0.466
3673.331,63,5,+8.890,+0.379
3675.582,63,5,+8.720,+0.194
3677.488,63,5,+8.528,+0.007
3680.253,63,4,+8.528,+0.007
3680.347,63,4,+8.287,+2.417
3685.253,63,4,+8.364,+2.374
3686.581,63,4,+8.294,+2.412
3692.113,63,4,+8.333,+2.443
3693.503,63,4,+8.375,+2.445
3695.534,63,4,+8.452,+2.490
3696.435,63,4,+8.489,+2.524
3701.438,63,4,+8.780,+2.834
3704.907,63,4,+8.913,+2.988
3708.351,63,4,+9.070,+3.093
3712.377,63,4,+9.119,+3.016
3718.67,63,4,+9.359,+3.278
3722.484,63,4,+9.387,+3.253
3726.504,63,4,+9.282,+3.035
3727.77,63,4,+9.285,+3.007
3732.513,63,4,+9.377,+2.935
3737.778,63,4,+9.404,+2.887
3743.204,63,4,+9.497,+2.988
3747.188,63,4,+9.569,+3.128
3750.985,63,4,+9.563,+3.168
3753.438,63,4,+9.558,+3.173
3755.969,63,4,+9.553,+3.181
3759.501,63,4,+9.526,+3.156
3763.876,63,4,+9.480,+2.976
3766.266,63,4,+9.471,+2.932
3768.673,63,4,+9.453,+2.897
3770.766,63,4,+9.430,+2.866
3773.757,63,4,+9.326,+2.930
3778.716,63,4,+9.343,+2.881
3780.029,63,4,+9.363,+2.959
3785.576,63,4,+9.417,+2.975
3787.013,63,4,+9.421,+2.963
3788.998,63,4,+9.442,+2.976
3789.794,63,4,+9.447,+2.980
3794.638,63,4,+9.494,+3.062
3797.997,63,4,+9.523,+3.127
3801.404,63,4,+9.582,+3.192
3805.416,63,4,+9.592,+3.186
3811.529,63,4,+9.723,+3.230
3815.279,63,4,+9.756,+3.231
3819.426,63,4,+9.729,+3.096
3820.691,63,4,+9.734,+3.091
3825.332,63,4,+9.719,+3.004
3830.613,63,4,+9.701,+2.913
3835.988,63,4,+9.779,+3.020
3839.957,63,4,+9.845,+3.161
3843.693,63,4,+9.828,+3.209
3846.157,63,4,+9.822,+3.224
3848.672,63,4,+9.807,+3.235
3852.204,63,4,+9.823,+3.213
3856.61,63,4,+9.829,+3.054
3858.954,63,4,+9.805,+2.992
3861.313,63,4,+9.761,+2.924
3863.313,63,4,+9.710,+2.863
3866.329,63,4,+9.639,+2.908
3871.188,63,4,+9.656,+2.801
3872.61,63,4,+9.691,+2.802
3878.016,63,4,+9.773,+2.783
3879.422,63,4,+9.785,+2.825
3881.422,63,4,+9.811,+2.861
3882.266,63,4,+9.820,+2.873
3887.097,63,4,+9.886,+2.934
3890.482,63,4,+9.914,+2.971
3893.904,63,4,+10.008,+3.054
3897.825,63,4,+9.958,+2.961
3903.954,63,4,+9.923,+3.117
3907.735,63,4,+9.946,+3.112
3911.891,63,4,+9.922,+3.000
3913.172,63,4,+9.945,+3.010
3917.813,63,4,+9.947,+2.981
3923.079,63,4,+9.935,+2.922
3928.422,63,4,+9.993,+3.014
3932.376,63,4,+10.070,+3.129
3936.126,63,4,+10.048,+3.116
3938.629,63,4,+10.049,+3.119
3941.176,63,4,+10.043,+3.146
3944.662,63,4,+10.038,+3.108
3949.041,63,4,+9.999,+2.986
3951.574,63,4,+9.978,+2.936
3953.76,63,4,+9.930,+2.852
3955.76,63,4,+9.874,+2.771
3958.776,63,4,+9.800,+2.783
3963.619,63,4,+9.800,+2.687
3964.932,63,4,+9.815,+2.663
3970.478,63,4,+9.907,+2.746
3971.869,63,4,+9.927,+2.782
3973.822,63,4,+9.948,+2.807
3974.666,63,4,+9.957,+2.821
3979.525,63,4,+10.052,+2.928
3982.9,63,4,+10.090,+2.984
3986.385,63,4,+10.215,+3.121
3990.353,63,4,+10.254,+3.114
3996.416,63,4,+10.018,+3.099
4000.182,63,4,+10.022,+3.078
4004.353,63,4,+9.965,+2.960
4005.635,63,4,+9.980,+2.948
4010.291,63,4,+9.953,+2.921
4015.557,63,4,+9.990,+2.849
4020.947,63,4,+10.079,+2.953
4024.9,63,4,+10.179,+3.078
4028.697,63,4,+10.151,+3.094
4031.191,63,4,+10.139,+3.090
4033.703,63,4,+10.137,+3.087
4037.219,63,4,+10.079,+3.044
4041.563,63,4,+9.996,+2.954
4043.985,63,4,+9.977,+2.900
4046.297,63,4,+9.934,+2.803
4048.285,63,4,+9.892,+2.712
4051.25,63,4,+9.757,+2.549
4056.141,63,4,+9.755,+2.511
4057.547,63,4,+9.756,+2.414
4062.922,63,4,+9.791,+2.335
4064.312,63,4,+9.811,+2.367
4066.281,63,4,+9.822,+2.378
4067.156,63,4,+9.824,+2.385
4071.922,63,4,+9.836,+2.411
4075.265,63,4,+9.835,+2.417
4078.703,63,4,+9.936,+2.491
4082.75,63,4,+9.997,+2.478
4088.812,63,4,+9.954,+2.513
4092.625,63,4,+9.966,+2.492
4096.719,63,4,+9.942,+2.363
4098.032,63,4,+9.970,+2.292
4102.634,63,4,+10.010,+2.220
4107.915,63,4,+9.967,+2.180
4113.29,63,4,+9.959,+2.236
4117.196,63,4,+9.997,+2.352
4120.978,63,4,+9.967,+2.370
4123.435,63,4,+9.954,+2.378
4125.993,63,4,+9.945,+2.383
4129.484,63,4,+9.852,+2.299
4133.766,63,4,+9.774,+2.176
4136.141,63,4,+9.738,+2.115
4138.484,63,4,+9.668,+2.018
4140.453,63,4,+9.598,+1.940
4143.501,63,4,+9.537,+1.847
4148.39,63,4,+9.637,+1.842
4149.735,63,4,+9.665,+1.781
4155.204,63,4,+9.776,+1.692
4156.626,63,4,+9.754,+1.719
4158.563,63,4,+9.766,+1.770
4159.407,63,4,+9.773,+1.786
4164.259,63,4,+9.828,+1.907
4167.603,63,4,+9.845,+1.977
4171.041,63,4,+9.936,+2.006
4174.915,63,4,+9.833,+1.885
4181.138,63,4,+9.989,+2.000
4184.919,63,4,+10.024,+2.022
4189.06,63,4,+10.003,+1.883
4190.325,63,4,+10.022,+1.800
4194.966,63,4,+10.112,+1.686
4200.247,63,4,+10.138,+1.675
4205.628,63,4,+10.147,+1.692
4209.556,63,4,+10.170,+1.786
4213.306,63,4,+10.146,+1.604
4215.791,63,4,+10.139,+1.526
4218.322,63,4,+10.127,+1.462
4221.853,63,4,+10.100,+1.359
4226.215,63,4,+10.071,+1.304
4228.606,63,4,+10.037,+1.259
4230.919,63,4,+9.966,+1.167
4232.856,63,4,+9.882,+1.072
4235.825,63,4,+9.779,+1.050
4240.731,63,4,+9.833,+0.942
4241.997,63,4,+9.848,+0.939
4247.528,63,4,+9.977,+1.051
4248.95,63,4,+10.023,+1.100
4250.966,63,4,+10.078,+1.138
4251.803,63,4,+10.098,+1.154
4256.65,63,4,+10.157,+1.233
4259.978,63,4,+10.167,+1.263
4263.4,63,4,+10.285,+1.321
4267.431,63,4,+10.345,+1.320
4273.487,63,4,+10.336,+1.412
4277.237,63,4,+10.334,+1.415
4281.409,63,4,+10.259,+1.272
4282.69,63,4,+10.245,+1.240
4287.378,63,4,+10.368,+1.248
4292.69,63,4,+10.394,+1.270
4298.065,63,4,+10.482,+1.330
4301.972,63,4,+10.517,+1.403
4305.784,63,4,+10.480,+1.443
4308.199,63,4,+10.461,+1.459
4310.839,63,4,+10.431,+1.465
4314.24,63,4,+10.404,+1.422
4318.584,63,4,+10.383,+1.317
4320.975,63,4,+10.338,+1.237
4323.287,63,4,+10.245,+1.104
4325.225,63,4,+10.142,+0.979
4328.172,63,4,+10.017,+0.954
4332.984,63,4,+10.062,+0.908
4334.297,63,4,+10.073,+0.894
4339.765,63,4,+10.205,+0.976
4341.172,63,4,+10.236,+1.011
4343.172,63,4,+10.256,+1.050
4344.031,63,4,+10.269,+1.069
4348.828,63,4,+10.289,+1.096
4352.143,63,4,+10.278,+1.082
4355.593,63,4,+10.432,+1.171
4359.625,63,4,+10.516,+1.195
4365.659,63,4,+10.601,+1.196
4369.456,63,4,+10.587,+1.204
4373.515,63,4,+10.459,+1.085
4374.812,63,4,+10.439,+1.093
4379.422,63,4,+10.523,+1.070
4384.703,63,4,+10.394,+1.080
4390.084,63,4,+10.506,+1.116
4393.912,63,4,+10.523,+1.165
4397.593,63,4,+10.400,+1.104
4399.953,63,4,+10.292,+1.022
4402.531,63,4,+10.164,+0.916
4405.875,63,4,+10.084,+0.840
4410.228,63,4,+10.119,+0.788
4412.634,63,4,+10.165,+0.772
4414.984,63,4,+10.224,+0.772
4416.984,63,4,+10.265,+0.772
4419.953,63,4,+10.244,+0.770
4424.844,63,4,+10.275,+0.715
4426.093,63,4,+10.253,+0.635
4431.656,63,4,+10.456,+0.702
4433.109,63,4,+10.532,+0.760
4435.14,63,4,+10.608,+0.831
4436.0,63,4,+10.639,+0.856
9.614,1,6,,
2860.767,1,6,+0.430,
2864.471,1,3,+0.430,
2864.549,1,3,+0.382,+0.178
2868.002,1,3,+0.629,+0.272
2872.033,1,3,+0.775,+0.293
2878.049,1,3,+0.884,+0.305
2881.799,1,3,+0.731,+0.230
2885.752,1,3,+0.290,+0.076
2887.064,1,3,+0.303,+0.102
2892.292,1,3,+0.672,+0.244
2897.511,1,3,+0.766,+0.184
2902.824,1,3,+0.769,+0.082
2906.489,1,2,+0.769,+0.082
2906.583,1,2,+0.698,+0.698
2910.692,1,2,+0.906,+0.906
2913.224,1,2,+0.956,+0.956
2915.817,1,2,+0.991,+0.991
2919.742,1,2,+1.245,+1.245
2924.071,1,2,+1.380,+1.380
2926.54,1,2,+1.398,+1.398
2928.946,1,2,+1.377,+1.377
2930.852,1,3,+1.377,+1.377
2931.024,1,3,+1.354,+0.091
2934.164,1,3,+1.524,+0.308
2939.446,1,3,+1.525,+0.507
2940.649,1,3,+1.491,+0.554
2946.392,1,4,+1.491,+0.554
2946.721,1,4,+2.116,+0.220
2948.08,1,4,+2.139,+0.179
2950.111,1,4,+2.254,+0.270
2951.073,1,4,+2.284,+0.294
2955.84,1,4,+2.195,+0.245
2959.261,1,4,+2.282,+0.370
2962.636,1,4,+2.376,+0.385
2966.902,1,4,+2.645,+0.318
2972.902,1,4,+2.816,+0.332
2976.655,1,4,+2.724,+0.235
2980.709,1,4,+2.343,+0.077
2982.003,1,4,+2.295,+0.060
2987.024,1,4,+2.597,+0.157
2992.336,1,4,+2.816,+0.202
2997.645,1,4,+2.749,+0.021
3001.408,1,3,+2.749,+0.021
3001.493,1,3,+2.814,+1.831
3005.439,1,3,+3.035,+1.978
3008.861,1,3,+3.138,+2.019
3010.564,1,3,+3.254,+2.061
3014.158,1,3,+3.403,+2.186
3018.549,1,3,+3.522,+2.285
3021.017,1,3,+3.526,+2.310
3023.392,1,3,+3.474,+2.282
3025.336,1,3,+3.358,+2.191
3028.236,1,3,+3.207,+2.019
3033.469,1,3,+3.490,+2.333
3034.793,1,3,+3.525,+2.364
3040.672,1,3,+4.003,+2.664
3042.072,1,3,+4.065,+2.695
3044.077,1,3,+4.105,+2.752
3044.966,1,3,+4.118,+2.781
3049.88,1,3,+4.139,+2.974
3053.27,1,3,+4.144,+3.075
3056.708,1,3,+4.263,+3.161
3060.802,1,3,+4.338,+3.345
3066.942,1,3,+4.539,+3.551
3070.93,1,3,+4.496,+3.550
3075.123,1,3,+4.457,+3.618
3076.409,1,3,+4.461,+3.619
3081.423,1,3,+4.768,+3.786
3086.673,1,3,+4.843,+3.799
3091.973,1,3,+4.791,+3.748
3095.864,1,3,+4.865,+3.740
3099.645,1,3,+4.856,+3.800
3102.17,1,3,+4.844,+3.814
3104.655,1,3,+4.830,+3.827
3108.248,1,3,+4.859,+3.911
3112.626,1,3,+4.911,+3.988
3115.12,1,3,+4.936,+4.020
3117.573,1,3,+4.997,+4.082
3119.652,1,3,+5.039,+4.137
3122.683,1,3,+5.094,+4.194
3127.659,1,3,+5.107,+4.248
3128.957,1,3,+5.120,+4.251
3134.598,1,3,+5.328,+4.281
3135.88,1,3,+5.320,+4.197
3137.795,1,3,+5.296,+4.161
3138.655,1,3,+5.278,+4.155
3143.42,1,3,+5.138,+4.192
3146.701,1,3,+5.050,+4.207
3150.03,1,3,+5.040,+4.245
3154.03,1,3,+5.152,+4.228
3159.967,1,3,+5.228,+4.254
3163.78,1,3,+5.222,+4.284
3168.108,1,3,+5.168,+4.432
3169.342,1,3,+5.159,+4.475
3174.076,1,3,+5.167,+4.417
3179.467,1,3,+5.306,+4.485
3184.701,1,3,+5.233,+4.334
3188.592,1,3,+5.318,+4.319
3192.436,1,3,+5.394,+4.393
3194.92,1,3,+5.471,+4.431
3197.483,1,3,+5.550,+4.458
3201.108,1,3,+5.653,+4.538
3205.48,1,3,+5.702,+4.620
3207.948,1,3,+5.720,+4.663
3210.401,1,3,+5.755,+4.721
3212.526,1,3,+5.781,+4.771
3215.495,1,3,+5.789,+4.817
3220.483,1,3,+5.864,+4.942
3221.808,1,3,+5.840,+4.957
3227.417,1,3,+5.982,+5.094
3228.758,1,3,+5.969,+5.044
3230.695,1,3,+5.936,+5.043
3231.508,1,3,+5.917,+5.043
3236.241,1,3,+5.762,+5.082
3239.498,1,3,+5.666,+5.096
3242.869,1,3,+5.656,+5.073
3246.798,1,3,+5.726,+5.033
3252.771,1,3,+5.828,+5.093
3256.636,1,3,+5.778,+5.110
3260.861,1,3,+5.803,+5.287
3262.095,1,3,+5.800,+5.326
3266.857,1,3,+5.880,+5.121
3272.129,1,3,+5.957,+5.171
3277.473,1,3,+5.924,+5.140
3281.301,1,3,+5.993,+5.194
3285.071,1,3,+6.004,+5.249
3287.554,1,3,+6.011,+5.273
3290.086,1,3,+6.010,+5.289
3293.711,1,3,+6.102,+5.311
3298.004,1,3,+6.145,+5.334
3300.473,1,3,+6.170,+5.409
3302.958,1,3,+6.228,+5.539
3305.036,1,3,+6.266,+5.643
3308.02,1,3,+6.232,+5.636
3312.926,1,3,+6.338,+5.650
3314.286,1,3,+6.431,+5.649
3319.896,1,3,+6.479,+5.643
3321.154,1,3,+6.451,+5.537
3323.061,1,3,+6.419,+5.479
3323.967,1,3,+6.415,+5.474
3328.764,1,3,+6.397,+5.537
3332.123,1,3,+6.394,+5.594
3335.436,1,3,+6.360,+5.558
3339.389,1,3,+6.417,+5.553
3345.373,1,3,+6.588,+5.661
3349.208,1,3,+6.520,+5.699
3353.517,1,3,+6.374,+5.902
3354.767,1,3,+6.331,+5.936
3359.564,1,3,+6.305,+5.682
3364.767,1,3,+6.378,+5.626
3370.126,1,3,+6.319,+5.606
3373.945,1,3,+6.356,+5.620
3377.679,1,3,+6.303,+5.564
3380.117,1,3,+6.285,+5.559
3382.616,1,3,+6.265,+5.571
3386.172,1,3,+6.334,+5.632
3390.563,1,3,+6.310,+5.668
3392.993,1,3,+6.293,+5.699
3395.643,1,3,+6.316,+5.773
3397.545,1,3,+6.332,+5.858
3400.514,1,3,+6.299,+5.847
3405.42,1,3,+6.447,+5.843
3406.717,1,3,+6.569,+5.866
3412.301,1,3,+6.704,+5.929
3413.645,1,3,+6.677,+5.882
3415.551,1,3,+6.620,+5.867
3416.426,1,3,+6.605,+5.869
3421.21,1,3,+6.534,+5.979
3424.501,1,3,+6.481,+6.037
3427.845,1,3,+6.452,+6.024
3431.893,1,3,+6.525,+6.060
3437.774,1,3,+6.586,+5.922
3441.552,1,3,+6.487,+5.928
3445.817,1,3,+6.425,+6.123
3447.02,1,3,+6.400,+6.134
3451.898,1,3,+6.456,+5.923
3457.242,1,3,+6.586,+5.980
3462.57,1,3,+6.528,+5.924
3466.382,1,3,+6.551,+5.889
3470.085,1,3,+6.461,+5.789
3472.507,1,3,+6.422,+5.758
3474.992,1,3,+6.382,+5.744
3478.555,1,3,+6.439,+5.771
3482.898,1,3,+6.429,+5.789
3485.352,1,3,+6.361,+5.836
3487.785,1,3,+6.274,+5.932
3489.848,1,3,+6.274,+6.032
3492.801,1,3,+6.233,+5.922
3497.707,1,3,+6.256,+5.887
3498.989,1,3,+6.336,+5.897
3504.501,1,3,+6.252,+5.660
3505.861,1,3,+6.292,+5.657
3507.829,1,3,+6.268,+5.651
3508.642,1,3,+6.248,+5.652
3513.442,1,3,+6.074,+5.743
3516.735,1,3,+5.990,+5.801
3520.079,1,3,+5.907,+5.706
3524.11,1,3,+5.916,+5.669
3530.079,1,3,+5.836,+5.627
3533.915,1,3,+5.795,+5.682
3538.155,1,3,+5.896,+5.834
3539.405,1,3,+5.935,+5.826
3544.245,1,3,+5.868,+5.564
3549.557,1,3,+5.860,+5.490
3554.823,1,3,+5.757,+5.425
3558.635,1,3,+5.763,+5.416
3562.354,1,3,+5.679,+5.297
3564.776,1,3,+5.624,+5.265
3567.292,1,3,+5.567,+5.252
3570.87,1,3,+5.563,+5.251
3575.213,1,3,+5.131,+5.567
3577.667,1,3,+5.186,+5.423
3580.088,1,3,+5.327,+5.250
3582.151,1,3,+5.472,+5.162
3585.104,1,3,+5.532,+5.028
3590.073,1,3,+5.596,+4.984
3591.432,1,3,+5.576,+5.007
3597.088,1,3,+5.706,+4.950
3598.401,1,3,+5.746,+4.955
3600.37,1,3,+5.768,+4.910
3601.213,1,3,+5.765,+4.893
3605.961,1,3,+5.626,+4.801
3609.226,1,3,+5.534,+4.747
3612.648,1,3,+5.544,+4.708
3616.663,1,3,+5.668,+4.792
3622.654,1,3,+5.794,+4.836
3626.42,1,3,+5.784,+4.796
3630.67,1,3,+5.759,+4.757
3631.904,1,3,+5.740,+4.730
3636.727,1,3,+5.795,+4.666
3642.135,1,3,+5.904,+4.815
3647.442,1,3,+5.829,+4.734
3651.238,1,3,+5.740,+4.820
3655.004,1,3,+5.740,+4.761
3657.473,1,3,+5.747,+4.766
3659.957,1,3,+5.756,+4.793
3663.535,1,3,+5.824,+4.896
3668.02,1,3,+5.978,+5.013
3670.456,1,3,+6.002,+5.089
3672.863,1,3,+6.005,+5.220
3674.925,1,3,+6.006,+5.361
3677.925,1,3,+5.870,+5.442
3682.894,1,3,+5.990,+5.400
3684.191,1,3,+5.882,+5.394
3689.691,1,3,+5.890,+5.209
3691.066,1,3,+5.930,+5.235
3693.034,1,3,+5.962,+5.186
3693.909,1,3,+5.965,+5.169
3698.635,1,3,+5.946,+5.151
3701.891,1,3,+5.925,+5.142
3705.298,1,3,+5.977,+5.100
3709.436,1,3,+6.103,+5.217
3715.311,1,3,+6.081,+5.190
3719.177,1,3,+6.134,+5.149
3723.466,1,3,+6.247,+5.094
3724.73,1,3,+6.278,+5.085
3729.554,1,3,+6.442,+5.060
3734.891,1,3,+6.517,+5.199
3740.235,1,3,+6.509,+5.206
3744.094,1,3,+6.441,+5.328
3747.813,1,3,+6.395,+5.298
3750.266,1,3,+6.385,+5.329
3752.782,1,3,+6.372,+5.380
3756.329,1,3,+6.370,+5.475
3760.86,1,3,+6.504,+5.492
3763.36,1,3,+6.539,+5.529
3765.782,1,3,+6.556,+5.601
3767.86,1,3,+6.564,+5.679
3770.829,1,3,+6.396,+5.684
3775.788,1,3,+6.462,+5.742
3777.072,1,3,+6.404,+5.803
3782.654,1,3,+6.442,+5.680
3783.997,1,3,+6.458,+5.692
3785.982,1,3,+6.466,+5.644
3786.841,1,3,+6.467,+5.630
3791.654,1,3,+6.432,+5.595
3794.872,1,3,+6.396,+5.568
3798.247,1,3,+6.390,+5.538
3802.261,1,3,+6.406,+5.566
3808.244,1,3,+6.493,+5.578
3812.035,1,3,+6.525,+5.519
3816.301,1,3,+6.633,+5.472
3817.551,1,3,+6.643,+5.455
3822.316,1,3,+6.715,+5.390
3827.691,1,3,+6.788,+5.394
3832.972,1,3,+6.759,+5.347
3836.802,1,3,+6.684,+5.431
3840.488,1,3,+6.619,+5.379
3842.935,1,3,+6.598,+5.378
3845.438,1,3,+6.572,+5.386
3849.0,1,3,+6.610,+5.417
3853.502,1,3,+6.775,+5.468
3855.985,1,3,+6.813,+5.513
3858.407,1,3,+6.837,+5.582
3860.422,1,3,+6.847,+5.650
3863.469,1,3,+6.731,+5.699
3868.361,1,3,+6.855,+5.772
3869.71,1,3,+6.889,+5.880
3875.266,1,3,+6.990,+5.859
3876.61,1,3,+6.960,+5.811
3878.516,1,3,+6.950,+5.758
3879.375,1,3,+6.947,+5.743
3884.172,1,3,+6.952,+5.712
3887.472,1,3,+6.943,+5.691
3890.966,1,3,+6.954,+5.766
3894.904,1,3,+6.997,+5.745
3900.81,1,3,+6.806,+5.551
3904.641,1,3,+6.834,+5.468
3908.86,1,3,+6.922,+5.359
3910.141,1,3,+6.935,+5.356
3914.829,1,3,+6.966,+5.240
3920.125,1,3,+7.013,+5.313
3925.407,1,3,+6.979,+5.230
3929.266,1,3,+6.941,+5.326
3933.032,1,3,+6.932,+5.264
3935.485,1,3,+6.930,+5.231
3938.007,1,3,+6.897,+5.178
3941.567,1,3,+6.930,+5.227
3946.052,1,3,+7.013,+5.265
3948.478,1,3,+7.042,+5.307
3950.951,1,3,+7.078,+5.391
3952.979,1,3,+7.103,+5.475
3955.963,1,3,+7.017,+5.517
3960.948,1,3,+7.113,+5.578
3962.276,1,3,+7.152,+5.638
3967.744,1,3,+7.161,+5.544
3969.057,1,3,+7.145,+5.528
3971.057,1,3,+7.141,+5.492
3971.853,1,3,+7.136,+5.474
3976.619,1,3,+7.124,+5.379
3979.885,1,3,+7.106,+5.320
3983.307,1,3,+7.094,+5.332
3987.291,1,3,+7.140,+5.395
3993.275,1,3,+6.919,+5.378
3997.103,1,3,+6.944,+5.348
4001.401,1,3,+7.005,+5.326
4002.65,1,3,+7.032,+5.347
4007.369,1,3,+7.032,+5.296
4012.713,1,3,+7.141,+5.392
4018.025,1,3,+7.126,+5.372
4021.853,1,3,+7.101,+5.493
4025.62,1,3,+7.057,+5.508
4028.088,1,3,+7.049,+5.505
4030.622,1,3,+7.050,+5.505
4034.156,1,3,+7.035,+5.575
4038.625,1,3,+7.042,+5.596
4041.063,1,3,+7.077,+5.614
4043.469,1,3,+7.131,+5.669
4045.563,1,3,+7.180,+5.728
4048.703,1,3,+7.208,+5.867
4053.609,1,3,+7.244,+5.872
4055.0,1,3,+7.342,+5.973
4060.641,1,3,+7.456,+6.055
4061.937,1,3,+7.444,+6.043
4063.906,1,3,+7.444,+6.036
4064.781,1,3,+7.439,+6.026
4069.5,1,3,+7.425,+5.991
4072.89,1,3,+7.418,+5.977
4076.25,1,3,+7.445,+6.077
4080.328,1,3,+7.519,+6.019
4086.265,1,3,+7.441,+6.006
4090.109,1,3,+7.474,+5.966
4094.39,1,3,+7.579,+5.943
4095.687,1,3,+7.678,+6.016
4100.428,1,3,+7.790,+6.041
4105.759,1,3,+7.787,+6.018
4111.118,1,3,+7.723,+5.986
4114.884,1,3,+7.645,+6.066
4118.603,1,3,+7.597,+6.065
4121.058,1,3,+7.576,+6.080
4123.591,1,3,+7.562,+6.103
4127.137,1,3,+7.553,+6.151
4131.609,1,3,+7.598,+6.240
4134.047,1,3,+7.623,+6.258
4136.469,1,3,+7.650,+6.308
4138.531,1,3,+7.658,+6.354
4141.609,1,3,+7.690,+6.476
4146.547,1,3,+7.795,+6.473
4147.938,1,3,+7.884,+6.558
4153.563,1,3,+8.084,+6.634
4154.862,1,3,+8.035,+6.589
4156.766,1,3,+7.996,+6.522
4157.626,1,3,+7.987,+6.502
4162.36,1,3,+7.921,+6.388
4165.619,1,3,+7.868,+6.322
4169.041,1,3,+7.930,+6.323
4173.036,1,3,+7.948,+6.406
4179.078,1,3,+7.989,+6.470
4182.903,1,3,+8.002,+6.406
4187.184,1,3,+8.120,+6.374
4188.513,1,3,+8.222,+6.426
4193.294,1,3,+8.426,+6.469
4198.606,1,3,+8.463,+6.514
4203.925,1,3,+8.455,+6.524
4207.759,1,3,+8.384,+6.616
4211.712,1,3,+8.542,+6.742
4214.275,1,3,+8.613,+6.786
4216.853,1,3,+8.665,+6.825
4220.478,1,3,+8.741,+6.920
4224.886,1,3,+8.767,+6.874
4227.325,1,3,+8.778,+6.904
4229.747,1,3,+8.799,+6.982
4231.809,1,3,+8.810,+7.063
4234.762,1,3,+8.729,+7.111
4239.762,1,3,+8.891,+7.116
4241.075,1,3,+8.909,+7.112
4246.529,1,3,+8.926,+7.022
4247.891,1,3,+8.923,+7.025
4249.809,1,3,+8.940,+6.997
4250.716,1,3,+8.944,+6.983
4255.4,1,3,+8.924,+6.898
4258.697,1,3,+8.904,+6.856
4262.15,1,3,+8.964,+6.877
4266.087,1,3,+9.025,+7.003
4272.035,1,3,+8.924,+6.880
4275.831,1,3,+8.919,+6.838
4280.144,1,3,+8.987,+6.802
4281.409,1,3,+9.005,+6.820
4286.128,1,3,+9.120,+6.772
4291.456,1,3,+9.124,+6.768
4296.753,1,3,+9.152,+6.769
4300.597,1,3,+9.114,+6.862
4304.301,1,3,+9.037,+6.802
4306.737,1,3,+9.002,+6.769
4309.261,1,3,+8.966,+6.738
4312.834,1,3,+8.982,+6.778
4317.272,1,3,+9.066,+6.850
4319.756,1,3,+9.101,+6.896
4322.209,1,3,+9.141,+6.984
4324.24,1,3,+9.163,+7.064
4327.312,1,3,+9.063,+7.093
4332.094,1,3,+9.154,+7.020
4333.422,1,3,+9.179,+7.027
4338.812,1,3,+9.229,+6.973
4340.187,1,3,+9.225,+6.962
4342.109,1,3,+9.206,+6.911
4342.953,1,3,+9.200,+6.894
4347.765,1,3,+9.193,+6.833
4351.078,1,3,+9.196,+6.816
4354.453,1,3,+9.261,+6.866
4358.469,1,3,+9.321,+6.971
4364.441,1,3,+9.405,+7.055
4368.206,1,3,+9.383,+7.004
4372.453,1,3,+9.374,+6.922
4373.672,1,3,+9.346,+6.917
4378.359,1,3,+9.453,+6.870
4383.609,1,3,+9.314,+6.797
4388.957,1,3,+9.390,+6.806
4392.741,1,3,+9.358,+6.880
4396.501,1,3,+9.296,+6.858
4398.922,1,3,+9.270,+6.863
4401.485,1,3,+9.248,+6.879
4405.031,1,3,+9.244,+6.950
4409.406,1,3,+9.331,+6.971
4411.873,1,3,+9.393,+6.987
4414.237,1,3,+9.452,+6.992
4416.203,1,3,+9.493,+6.975
4419.172,1,3,+9.474,+6.958
4424.125,1,3,+9.560,+7.101
4425.61,1,3,+9.618,+7.233
4431.078,1,3,+9.754,+7.184
4432.359,1,3,+9.772,+7.164
4434.281,1,3,+9.777,+7.063
4435.156,1,3,+9.783,+7.038
9.614,81,7,,
2860.814,81,7,+0.518,+0.088
2864.58,81,4,+0.518,+0.088
2864.674,81,4,+0.504,+0.122
2868.189,81,4,+0.822,+0.193
2872.314,81,4,+1.009,+0.234
2878.236,81,5,+1.009,+0.234
2878.564,81,5,+1.318,+0.237
2882.283,81,5,+1.223,+0.169
2886.127,81,4,+1.223,+0.169
2886.236,81,4,+0.825,+0.535
2887.486,81,4,+0.754,+0.451
2892.683,81,4,+1.050,+0.378
2898.105,81,4,+1.349,+0.583
2903.433,81,4,+1.377,+0.608
2907.224,81,4,+1.338,+0.417
2911.239,81,4,+1.503,+0.262
2913.692,81,4,+1.462,+0.192
2916.343,81,4,+1.501,+0.240
2920.305,81,4,+1.927,+0.444
2924.758,81,4,+2.100,+0.427
2927.242,81,4,+2.086,+0.498
2929.633,81,4,+1.978,+0.559
2931.462,81,4,+1.813,+0.459
2934.446,81,4,+1.781,+0.257
2939.446,81,5,+1.781,+0.257
2939.586,81,5,+1.763,+0.119
2940.945,81,5,+1.766,+0.215
2947.33,81,5,+2.715,+0.599
2948.705,81,5,+2.792,+0.653
2950.77,81,5,+2.883,+0.629
2951.626,81,5,+2.908,+0.624
2956.402,81,6,+2.908,+0.624
2956.621,81,6,+2.993,+0.128
2960.152,81,6,+3.177,+0.224
2963.667,81,6,+3.313,+0.264
2967.699,81,7,+3.313,+0.264
2967.996,81,7,+3.736,+0.217
2974.26,81,7,+4.192,+0.400
2978.037,81,7,+4.097,+0.310
2982.003,81,7,+3.654,+0.045
2983.102,81,6,+3.654,+0.045
2983.173,81,6,+3.546,+0.404
2988.149,81,6,+3.731,+0.384
2993.508,81,6,+4.041,+0.550
2998.848,81,6,+4.015,+0.538
3002.643,81,6,+3.954,+0.524
3006.783,81,6,+4.367,+0.663
3009.283,81,6,+4.474,+0.703
3011.83,81,6,+4.554,+0.711
3015.611,81,6,+4.853,+0.781
3020.08,81,6,+5.026,+0.742
3022.502,81,6,+4.978,+0.704
3024.802,81,6,+4.858,+0.631
3026.72,81,6,+4.730,+0.566
3029.705,81,6,+4.699,+0.574
3034.83,81,6,+4.840,+0.847
3036.08,81,6,+4.855,+0.883
3041.919,81,6,+5.267,+0.667
3043.337,81,6,+5.357,+0.690
3045.399,81,6,+5.415,+0.700
3046.24,81,6,+5.412,+0.698
3050.911,81,6,+5.165,+0.586
3054.255,81,6,+5.130,+0.428
3057.802,81,6,+5.321,+0.412
3061.93,81,6,+5.406,+0.517
3068.098,81,6,+5.721,+0.635
3071.961,81,6,+5.633,+0.645
3076.003,81,6,+5.327,+0.718
3077.26,81,6,+5.307,+0.642
3082.236,81,6,+5.589,+0.228
3087.736,81,6,+5.885,+0.266
3092.973,81,6,+5.768,+0.079
3096.645,81,5,+5.768,+0.079
3096.723,81,5,+5.743,+0.643
3100.837,81,5,+6.031,+0.776
3103.327,81,5,+6.065,+0.824
3105.921,81,5,+6.063,+0.848
3109.577,81,5,+6.166,+0.903
3114.011,81,5,+6.277,+0.776
3116.448,81,5,+6.261,+0.736
3118.761,81,5,+6.181,+0.641
3120.698,81,5,+6.096,+0.578
3123.605,81,6,+6.096,+0.578
3123.823,81,6,+6.248,+0.160
3128.926,81,6,+6.358,+0.112
3130.192,81,6,+6.352,+0.087
3136.333,81,6,+7.073,+0.425
3137.748,81,6,+7.165,+0.440
3139.764,81,6,+7.256,+0.436
3140.686,81,6,+7.265,+0.410
3145.467,81,6,+7.194,+0.185
3149.03,81,6,+7.365,+0.321
3152.545,81,6,+7.478,+0.211
3156.655,81,6,+7.798,+0.385
3162.811,81,6,+8.067,+0.559
3166.608,81,6,+8.024,+0.513
3170.842,81,6,+7.756,+0.371
3171.842,81,7,+7.756,+0.371
3171.936,81,6,+7.756,+0.371
3171.952,81,6,+7.713,+0.348
3176.905,81,7,+7.713,+0.348
3177.186,81,7,+8.263,+0.192
3182.67,81,7,+8.543,+0.383
3187.998,81,7,+8.520,+0.310
3191.795,81,7,+8.503,+0.326
3195.889,81,7,+8.868,+0.557
3198.498,81,7,+8.974,+0.593
3201.03,81,7,+9.062,+0.609
3204.698,81,7,+9.257,+0.703
3209.136,81,7,+9.365,+0.791
3211.604,81,7,+9.383,+0.807
3214.058,81,7,+9.400,+0.817
3216.089,81,7,+9.381,+0.813
3219.105,81,7,+9.389,+0.820
3224.167,81,7,+9.546,+0.877
3225.558,81,7,+9.516,+0.875
3231.148,81,7,+9.702,+0.949
3232.587,81,7,+9.733,+0.961
3234.508,81,7,+9.742,+0.966
3235.351,81,7,+9.726,+0.962
3239.983,81,7,+9.481,+0.929
3243.144,81,7,+9.320,+0.900
3246.533,81,7,+9.327,+0.899
3250.56,81,7,+9.451,+0.905
3256.652,81,7,+9.680,+0.969
3260.454,81,7,+9.649,+0.995
3264.73,81,7,+9.668,+1.186
3265.938,81,7,+9.659,+1.246
3270.879,81,7,+9.788,+1.137
3276.161,81,7,+10.000,+1.151
3281.458,81,7,+9.953,+1.068
3285.219,81,7,+9.937,+1.097
3289.133,81,7,+10.060,+1.222
3291.618,81,7,+10.075,+1.242
3294.133,81,7,+10.063,+1.240
3297.739,81,7,+10.190,+1.309
3302.114,81,7,+10.267,+1.265
3304.551,81,7,+10.250,+1.200
3306.926,81,7,+10.211,+1.099
3308.926,81,7,+10.163,+1.034
3311.926,81,7,+10.139,+1.008
3316.948,81,7,+10.323,+1.083
3318.23,81,7,+10.419,+1.104
3323.873,81,7,+10.556,+1.145
3325.311,81,7,+10.614,+1.174
3327.286,81,7,+10.645,+1.180
3328.114,81,7,+10.630,+1.176
3332.779,81,7,+10.396,+1.216
3335.983,81,7,+10.239,+1.268
3339.295,81,7,+10.233,+1.354
3343.342,81,7,+10.394,+1.206
3349.336,81,7,+10.572,+1.150
3353.251,81,7,+10.547,+1.203
3357.548,81,7,+10.406,+1.425
3358.782,81,7,+10.359,+1.482
3363.658,81,7,+10.367,+1.397
3369.017,81,7,+10.617,+1.437
3374.398,81,7,+10.588,+1.423
3378.226,81,7,+10.634,+1.511
3382.172,81,7,+10.786,+1.604
3384.662,81,7,+10.815,+1.606
3387.172,81,7,+10.815,+1.599
3390.938,81,7,+10.904,+1.669
3395.076,81,7,+10.878,+1.645
3397.561,81,7,+10.852,+1.603
3399.951,81,7,+10.829,+1.532
3401.967,81,7,+10.796,+1.493
3404.998,81,7,+10.801,+1.482
3409.97,81,7,+11.020,+1.489
3411.286,81,7,+11.090,+1.468
3416.864,81,7,+11.285,+1.495
3418.27,81,7,+11.318,+1.519
3420.223,81,7,+11.295,+1.500
3421.098,81,7,+11.275,+1.488
3425.751,81,7,+11.066,+1.470
3428.954,81,7,+10.923,+1.444
3432.426,81,7,+10.960,+1.511
3436.414,81,7,+11.068,+1.643
3442.435,81,7,+11.205,+1.603
3446.207,81,7,+11.134,+1.543
3450.476,81,7,+11.080,+1.430
3451.679,81,7,+11.074,+1.443
3456.57,81,7,+11.080,+1.407
3461.914,81,7,+11.262,+1.458
3467.273,81,7,+11.228,+1.489
3471.117,81,7,+11.261,+1.571
3474.929,81,7,+11.313,+1.616
3477.367,81,7,+11.299,+1.593
3479.851,81,7,+11.251,+1.544
3483.398,81,7,+11.304,+1.618
3487.739,81,7,+11.292,+1.546
3490.192,81,7,+11.212,+1.532
3492.629,81,7,+11.091,+1.514
3494.614,81,7,+11.052,+1.505
3497.598,81,7,+11.017,+1.530
3502.735,81,7,+11.087,+1.493
3503.798,81,7,+11.150,+1.485
3509.439,81,7,+11.206,+1.537
3510.902,81,7,+11.253,+1.540
3512.812,81,7,+11.273,+1.546
3513.654,81,7,+11.257,+1.540
3518.345,81,7,+10.998,+1.540
3521.61,81,7,+10.840,+1.527
3525.001,81,7,+10.773,+1.564
3529.001,81,7,+10.789,+1.610
3535.035,81,7,+10.806,+1.602
3538.873,81,7,+10.779,+1.545
3543.135,81,7,+10.866,+1.438
3544.385,81,7,+10.897,+1.441
3549.182,81,7,+10.824,+1.445
3554.621,81,7,+10.896,+1.446
3559.901,81,7,+10.828,+1.398
3563.682,81,7,+10.814,+1.443
3567.479,81,7,+10.791,+1.491
3569.917,81,7,+10.759,+1.494
3572.354,81,7,+10.643,+1.419
3575.854,81,7,+10.275,+1.477
3580.229,81,7,+10.137,+1.457
3582.698,81,7,+10.206,+1.465
3585.151,81,7,+10.354,+1.464
3587.167,81,7,+10.480,+1.458
3590.135,81,7,+10.539,+1.458
3595.026,81,7,+10.518,+1.391
3596.292,81,7,+10.480,+1.364
3601.854,81,7,+10.517,+1.348
3603.255,81,7,+10.600,+1.373
3605.252,81,7,+10.649,+1.373
3606.103,81,7,+10.646,+1.370
3610.991,81,7,+10.474,+1.430
3614.101,81,7,+10.379,+1.479
3617.379,81,7,+10.402,+1.440
3621.513,81,7,+10.534,+1.420
3627.56,81,7,+10.748,+1.411
3631.435,81,7,+10.768,+1.366
3635.638,81,7,+10.730,+1.283
3636.917,81,7,+10.712,+1.292
3641.729,81,7,+10.797,+1.311
3647.176,81,7,+10.935,+1.383
3652.566,81,7,+10.976,+1.435
3656.348,81,7,+10.868,+1.549
3660.176,81,7,+10.911,+1.569
3662.598,81,7,+10.913,+1.553
3665.113,81,7,+10.897,+1.534
3668.644,81,7,+10.948,+1.528
3673.113,81,7,+11.121,+1.581
3675.582,81,7,+11.123,+1.598
3677.941,81,7,+11.062,+1.609
3679.925,81,7,+10.995,+1.625
3682.863,81,7,+10.831,+1.616
3687.878,81,7,+10.971,+1.574
3689.159,81,7,+10.851,+1.558
3694.8,81,7,+11.013,+1.545
3696.253,81,7,+11.061,+1.545
3698.176,81,7,+11.104,+1.505
3699.015,81,7,+11.102,+1.489
3703.626,81,7,+10.957,+1.473
3706.802,81,7,+10.833,+1.446
3710.192,81,7,+10.872,+1.339
3714.201,81,7,+10.957,+1.189
3720.463,81,7,+11.128,+1.233
3724.238,81,7,+11.181,+1.230
3728.499,81,7,+11.278,+1.266
3729.753,81,7,+11.308,+1.291
3734.653,81,7,+11.550,+1.195
3740.143,81,7,+11.765,+1.257
3745.485,81,7,+11.768,+1.249
3749.266,81,7,+11.643,+1.351
3753.111,81,7,+11.705,+1.286
3755.563,81,7,+11.699,+1.302
3758.079,81,7,+11.675,+1.335
3761.641,81,7,+11.648,+1.238
3766.142,81,7,+11.776,+1.213
3768.579,81,7,+11.775,+1.285
3770.954,81,7,+11.729,+1.412
3772.935,81,7,+11.668,+1.497
3775.976,81,7,+11.507,+1.251
3780.935,81,7,+11.656,+1.359
3782.248,81,7,+11.581,+1.340
3787.857,81,7,+11.693,+1.139
3789.263,81,7,+11.733,+1.136
3791.341,81,7,+11.770,+1.096
3792.201,81,7,+11.765,+1.091
3796.747,81,7,+11.603,+1.197
3799.982,81,7,+11.497,+1.184
3803.338,81,7,+11.504,+1.132
3807.494,81,7,+11.642,+1.063
3813.574,81,7,+11.863,+1.128
3817.441,81,7,+11.926,+1.201
3821.707,81,7,+12.028,+1.367
3822.972,81,7,+12.042,+1.381
3827.816,81,7,+12.223,+1.118
3833.316,81,7,+12.415,+1.280
3838.674,81,7,+12.416,+1.356
3842.394,81,7,+12.299,+1.414
3846.391,81,7,+12.497,+1.377
3848.907,81,7,+12.551,+1.367
3851.407,81,7,+12.512,+1.286
3854.938,81,7,+12.576,+1.169
3859.5,81,7,+12.769,+1.169
3861.954,81,7,+12.791,+1.173
3864.329,81,7,+12.770,+1.167
3866.313,81,7,+12.726,+1.173
3869.309,81,7,+12.619,+1.099
3874.423,81,7,+12.908,+1.290
3875.688,81,7,+12.892,+1.329
3881.422,81,7,+13.194,+1.429
3882.861,81,7,+13.259,+1.442
3884.907,81,7,+13.318,+1.449
3885.77,81,7,+13.323,+1.440
3890.392,81,7,+13.180,+1.501
3893.638,81,7,+13.077,+1.511
3897.061,81,7,+13.150,+1.613
3901.154,81,7,+13.219,+1.545
3907.188,81,7,+13.197,+1.657
3911.064,81,7,+13.288,+1.721
3915.438,81,7,+13.466,+1.808
3916.704,81,7,+13.502,+1.841
3921.485,81,7,+13.620,+1.771
3926.954,81,7,+13.827,+1.859
3932.313,81,7,+13.861,+1.947
3936.126,81,7,+13.823,+2.012
3940.051,81,7,+13.935,+2.051
3942.52,81,7,+13.946,+2.025
3945.027,81,7,+13.913,+1.958
3948.557,81,7,+13.926,+1.883
3953.088,81,7,+14.097,+1.921
3955.573,81,7,+14.137,+1.934
3957.979,81,7,+14.163,+1.950
3960.041,81,7,+14.164,+1.968
3963.074,81,7,+14.100,+1.987
3968.072,81,7,+14.235,+2.096
3969.322,81,7,+14.240,+2.136
3975.01,81,7,+14.428,+2.104
3976.385,81,7,+14.468,+2.136
3978.369,81,7,+14.506,+2.142
3979.213,81,7,+14.504,+2.142
3983.9,81,7,+14.432,+2.162
3987.119,81,7,+14.348,+2.147
3990.525,81,7,+14.331,+2.146
3994.51,81,7,+14.400,+2.030
4000.557,81,7,+14.209,+2.105
4004.4,81,7,+14.251,+2.094
4008.666,81,7,+14.296,+2.071
4009.916,81,7,+14.308,+2.090
4014.65,81,7,+14.318,+1.869
4020.01,81,7,+14.480,+1.937
4025.431,81,7,+14.548,+1.996
4029.26,81,7,+14.511,+1.997
4033.078,81,7,+14.516,+1.996
4035.531,81,7,+14.503,+1.951
4038.078,81,7,+14.485,+1.882
4041.578,81,7,+14.453,+1.842
4046.016,81,7,+14.456,+1.778
4048.484,81,7,+14.483,+1.767
4050.984,81,7,+14.510,+1.746
4052.906,81,7,+14.527,+1.739
4055.922,81,7,+14.443,+1.706
4060.906,81,7,+14.517,+1.799
4062.172,81,7,+14.516,+1.829
4067.734,81,7,+14.579,+1.738
4069.125,81,7,+14.621,+1.756
4071.109,81,7,+14.644,+1.725
4071.969,81,7,+14.637,+1.726
4076.64,81,7,+14.558,+1.816
4079.937,81,7,+14.502,+1.864
4083.281,81,7,+14.473,+1.845
4087.36,81,7,+14.594,+1.792
4093.39,81,7,+14.570,+1.839
4097.203,81,7,+14.576,+1.817
4101.399,81,7,+14.595,+1.688
4102.634,81,7,+14.602,+1.642
4107.509,81,7,+14.868,+1.653
4113.009,81,7,+15.025,+1.756
4118.384,81,7,+15.030,+1.807
4122.171,81,7,+14.954,+1.785
4125.993,81,7,+14.923,+1.723
4128.291,81,7,+14.822,+1.600
4130.797,81,7,+14.670,+1.412
4134.219,81,7,+14.616,+1.321
4138.737,81,7,+14.737,+1.331
4141.234,81,7,+14.791,+1.356
4143.688,81,7,+14.857,+1.400
4145.734,81,7,+14.870,+1.420
4148.773,81,7,+14.805,+1.382
4153.688,81,7,+14.932,+1.457
4154.938,81,7,+14.931,+1.483
4160.613,81,7,+15.132,+1.534
4161.994,81,7,+15.157,+1.558
4163.95,81,7,+15.168,+1.568
4164.806,81,7,+15.168,+1.580
4169.572,81,7,+15.131,+1.670
4172.861,81,7,+15.089,+1.706
4176.23,81,7,+15.111,+1.726
4180.285,81,7,+15.164,+1.643
4186.309,81,7,+15.217,+1.698
4190.138,81,7,+15.233,+1.689
4194.372,81,7,+15.292,+1.588
4195.606,81,7,+15.334,+1.578
4200.356,81,7,+15.507,+1.508
4205.862,81,7,+15.731,+1.664
4211.275,81,7,+15.759,+1.715
4215.072,81,7,+15.698,+1.727
4218.901,81,7,+15.722,+1.721
4221.353,81,7,+15.718,+1.667
4223.916,81,7,+15.701,+1.597
4227.482,81,7,+15.745,+1.564
4231.887,81,7,+15.795,+1.511
4234.356,81,7,+15.805,+1.500
4236.731,81,7,+15.815,+1.495
4238.794,81,7,+15.807,+1.494
4241.809,81,7,+15.763,+1.432
4246.754,81,7,+15.863,+1.429
4248.053,81,7,+15.869,+1.456
4253.651,81,7,+16.095,+1.396
4255.056,81,7,+16.138,+1.386
4257.087,81,7,+16.229,+1.421
4257.962,81,7,+16.242,+1.433
4262.603,81,7,+16.124,+1.462
4265.853,81,7,+16.018,+1.448
4269.182,81,7,+15.996,+1.417
4273.128,81,7,+16.055,+1.334
4279.202,81,7,+16.082,+1.461
4283.05,81,7,+16.079,+1.451
4287.269,81,7,+16.099,+1.413
4288.472,81,7,+16.097,+1.414
4293.269,81,7,+16.267,+1.293
4298.753,81,7,+16.437,+1.302
4304.097,81,7,+16.512,+1.353
4307.933,81,7,+16.449,+1.319
4311.761,81,7,+16.500,+1.339
4314.24,81,7,+16.481,+1.286
4316.725,81,7,+16.416,+1.186
4320.287,81,7,+16.452,+1.179
4324.739,81,7,+16.547,+1.131
4327.169,81,7,+16.551,+1.102
4329.547,81,7,+16.528,+1.055
4331.562,81,7,+16.487,+1.016
4334.547,81,7,+16.404,+0.969
4339.469,81,7,+16.541,+1.080
4340.781,81,7,+16.540,+1.094
4346.344,81,7,+16.744,+1.061
4347.782,81,7,+16.804,+1.085
4349.828,81,7,+16.912,+1.161
4350.703,81,7,+16.935,+1.192
4355.359,81,7,+16.811,+1.242
4358.531,81,7,+16.687,+1.217
4361.893,81,7,+16.691,+1.227
4365.893,81,7,+16.742,+1.179
4371.89,81,7,+16.901,+1.297
4375.719,81,7,+16.875,+1.276
4379.922,81,7,+16.847,+1.151
4381.156,81,7,+16.820,+1.132
4385.86,81,7,+16.968,+1.037
4391.303,81,7,+16.980,+1.174
4396.636,81,7,+17.074,+1.201
4400.297,81,7,+16.935,+1.087
4404.203,81,7,+16.995,+1.143
4406.64,81,7,+16.996,+1.095
4409.187,81,7,+16.971,+1.012
4412.802,81,7,+17.009,+1.022
4417.218,81,7,+17.135,+1.057
4419.641,81,7,+17.164,+1.011
4421.937,81,7,+17.162,+0.890
4423.812,81,7,+17.110,+0.729
4426.703,81,7,+16.997,+0.544
4431.718,81,7,+17.139,+0.743
4432.984,81,7,+17.139,+0.824
4438.588,81,7,+17.363,+0.909
4440.014,81,7,+17.436,+0.922
4442.047,81,7,+17.520,+0.970
4442.906,81,7,+17.551,+1.001
9.614,6,8,,
2861.892,6,8,+1.564,+1.046
2865.377,6,9,+1.564,+1.046
2865.486,6,10,+1.564,+1.046
2865.596,6,11,+1.564,+1.046
2865.736,6,12,+1.564,+1.046
2866.017,6,12,+1.891,+0.240
2869.674,6,12,+2.251,+0.249
2873.908,6,12,+2.628,+0.124
2880.236,6,12,+3.027,+0.231
2884.049,6,12,+3.006,+0.187
2888.096,6,12,+2.633,+0.117
2889.408,6,12,+2.622,+0.081
2895.063,6,12,+3.443,+0.280
2900.714,6,12,+3.933,+0.440
2906.099,6,12,+4.039,+0.532
2909.88,6,12,+3.992,+0.471
2914.317,6,12,+4.579,+0.262
2916.874,6,12,+4.614,+0.253
2919.571,6,12,+4.636,+0.189
2923.681,6,12,+5.306,+0.300
2928.492,6,12,+5.743,+0.393
2930.93,6,12,+5.721,+0.452
2933.18,6,12,+5.642,+0.532
2935.133,6,12,+5.521,+0.567
2938.195,6,12,+5.537,+0.480
2943.698,6,12,+5.855,+0.697
2944.971,6,13,+5.855,+0.697
2945.111,6,13,+5.922,+0.037
2951.616,6,13,+6.959,+0.240
2952.975,6,13,+7.056,+0.174
2955.116,6,13,+7.251,+0.204
2956.042,6,13,+7.308,+0.224
2960.87,6,13,+7.258,+0.142
2964.699,6,13,+7.679,+0.174
2968.167,6,13,+7.859,+0.090
2972.37,6,13,+8.082,+0.135
2978.467,6,13,+8.358,+0.140
2982.386,6,13,+8.471,+0.283
2986.742,6,13,+8.365,+0.349
2988.07,6,13,+8.400,+0.363
2993.133,6,13,+8.739,+0.330
2998.661,6,13,+9.115,+0.449
3004.111,6,13,+9.269,+0.541
3008.861,6,13,+9.254,+0.551
3012.08,6,13,+9.651,+0.626
3014.58,6,13,+9.752,+0.621
3017.142,6,13,+9.858,+0.601
3020.892,6,13,+10.132,+0.629
3025.393,6,13,+10.325,+0.540
3027.752,6,13,+10.292,+0.555
3030.127,6,13,+10.213,+0.596
3032.093,6,13,+10.109,+0.639
3035.149,6,13,+10.130,+0.569
3040.114,6,13,+10.136,+0.350
3041.392,6,13,+10.135,+0.288
3047.474,6,13,+10.807,+0.338
3048.895,6,13,+10.883,+0.392
3050.911,6,13,+10.927,+0.372
3051.802,6,13,+10.935,+0.359
3056.395,6,13,+10.661,+0.217
3059.781,6,13,+10.653,+0.124
3063.083,6,13,+10.647,+0.038
3067.255,6,12,+10.647,+0.038
3067.333,6,12,+10.782,+0.631
3073.483,6,12,+11.028,+0.713
3077.29,6,12,+10.970,+0.691
3081.452,6,12,+10.791,+0.700
3082.767,6,12,+10.777,+0.673
3087.923,6,12,+11.264,+0.794
3093.348,6,12,+11.512,+0.647
3098.677,6,12,+11.500,+0.616
3102.514,6,12,+11.484,+0.561
3106.498,6,12,+11.704,+0.518
3109.014,6,12,+11.736,+0.523
3111.62,6,12,+11.761,+0.572
3115.277,6,12,+11.888,+0.653
3119.823,6,12,+12.069,+0.598
3122.261,6,12,+12.071,+0.562
3124.617,6,12,+12.056,+0.531
3126.611,6,12,+12.010,+0.490
3129.692,6,12,+12.091,+0.516
3134.645,6,12,+12.094,+0.431
3135.896,6,12,+12.064,+0.376
3141.78,6,12,+12.525,+0.415
3143.233,6,12,+12.650,+0.454
3145.248,6,12,+12.726,+0.424
3146.123,6,12,+12.718,+0.397
3150.701,6,12,+12.412,+0.227
3154.061,6,12,+12.383,+0.235
3157.436,6,12,+12.410,+0.209
3161.733,6,12,+12.835,+0.328
3167.826,6,12,+13.044,+0.334
3171.655,6,12,+13.015,+0.341
3175.686,6,12,+12.790,+0.288
3177.014,6,12,+12.781,+0.310
3182.108,6,12,+13.187,+0.459
3187.517,6,12,+13.386,+0.412
3193.17,6,12,+13.409,+0.432
3196.686,6,12,+13.399,+0.398
3200.67,6,12,+13.640,+0.387
3203.202,6,12,+13.733,+0.399
3205.761,6,12,+13.834,+0.469
3209.48,6,12,+14.078,+0.580
3213.981,6,12,+14.172,+0.548
3216.401,6,12,+14.159,+0.516
3218.729,6,12,+14.083,+0.431
3220.714,6,12,+13.924,+0.288
3223.573,6,12,+13.873,+0.304
3228.82,6,12,+14.178,+0.320
3230.086,6,12,+14.135,+0.313
3236.07,6,12,+14.644,+0.466
3237.608,6,12,+14.717,+0.464
3239.53,6,12,+14.786,+0.460
3240.389,6,12,+14.786,+0.455
3245.064,6,12,+14.534,+0.361
3248.317,6,12,+14.473,+0.389
3251.836,6,12,+14.602,+0.438
3255.823,6,12,+14.731,+0.407
3262.001,6,12,+15.022,+0.443
3265.803,6,12,+14.986,+0.396
3269.942,6,12,+14.931,+0.380
3271.333,6,12,+14.941,+0.394
3276.301,6,12,+15.356,+0.503
3281.786,6,12,+15.636,+0.476
3287.195,6,12,+15.684,+0.442
3290.992,6,12,+15.708,+0.426
3294.948,6,12,+15.895,+0.342
3297.453,6,12,+15.945,+0.341
3300.036,6,12,+15.978,+0.386
3303.739,6,12,+16.200,+0.422
3308.27,6,12,+16.377,+0.394
3310.614,6,12,+16.313,+0.316
3312.864,6,12,+16.148,+0.220
3314.692,6,12,+15.954,+0.178
3317.698,6,12,+15.893,+0.229
3322.842,6,12,+16.210,+0.121
3324.076,6,12,+16.244,+0.105
3330.186,6,12,+16.844,+0.302
3331.657,6,12,+16.900,+0.177
3333.748,6,12,+17.110,+0.200
3334.67,6,12,+17.159,+0.189
3339.264,6,11,+17.159,+0.189
3339.358,6,11,+16.983,+1.158
3342.764,6,11,+17.053,+1.210
3346.217,6,11,+17.175,+1.243
3350.236,6,11,+17.322,+1.162
3356.236,6,11,+17.403,+1.180
3360.017,6,11,+17.321,+1.139
3364.251,6,11,+17.126,+1.141
3365.579,6,11,+17.102,+1.147
3370.47,6,11,+17.241,+1.039
3375.883,6,11,+17.505,+0.991
3381.226,6,11,+17.433,+0.940
3385.047,6,11,+17.445,+0.949
3389.047,6,11,+17.635,+0.800
3391.61,6,11,+17.683,+0.788
3394.061,6,11,+17.706,+0.805
3397.779,6,11,+17.918,+0.822
3402.279,6,11,+18.024,+0.791
3404.639,6,11,+17.949,+0.730
3406.92,6,11,+17.809,+0.628
3408.826,6,11,+17.651,+0.535
3411.801,6,11,+17.627,+0.520
3416.754,6,11,+17.793,+0.380
3418.02,6,11,+17.836,+0.352
3423.892,6,11,+18.244,+0.504
3425.251,6,11,+18.284,+0.476
3427.282,6,11,+18.322,+0.444
3428.173,6,11,+18.316,+0.437
3432.762,6,11,+18.084,+0.399
3436.101,6,11,+18.050,+0.376
3439.516,6,11,+18.083,+0.408
3443.692,6,11,+18.308,+0.459
3449.742,6,11,+18.524,+0.490
3453.523,6,11,+18.449,+0.464
3457.648,6,11,+18.302,+0.376
3458.945,6,11,+18.285,+0.342
3464.054,6,11,+18.594,+0.411
3469.382,6,11,+18.747,+0.401
3474.804,6,11,+18.747,+0.419
3478.57,6,11,+18.729,+0.381
3482.585,6,11,+18.956,+0.312
3485.1,6,11,+18.991,+0.291
3487.614,6,11,+18.991,+0.299
3491.317,6,11,+19.192,+0.365
3495.832,6,11,+19.349,+0.357
3498.192,6,11,+19.224,+0.293
3500.492,6,11,+18.971,+0.187
3502.36,6,11,+18.788,+0.082
3505.235,6,10,+18.788,+0.082
3505.329,6,10,+18.725,+0.759
3510.499,6,10,+19.037,+0.986
3511.736,6,10,+19.079,+1.002
3517.548,6,10,+19.225,+1.005
3518.861,6,10,+19.269,+1.007
3520.845,6,10,+19.285,+0.994
3521.782,6,10,+19.265,+0.994
3526.345,6,10,+18.980,+1.050
3529.72,6,10,+18.911,+1.056
3533.13,6,10,+18.924,+1.114
3537.155,6,10,+18.955,+1.037
3543.135,6,10,+18.861,+1.029
3546.885,6,10,+18.818,+1.026
3551.229,6,10,+18.930,+0.969
3552.495,6,10,+18.972,+0.968
3557.432,6,10,+19.046,+0.995
3562.776,6,10,+19.083,+0.928
3568.12,6,10,+19.057,+0.903
3571.917,6,10,+19.061,+0.799
3575.854,6,10,+18.795,+0.767
3578.37,6,10,+18.830,+0.783
3580.885,6,10,+18.860,+0.794
3584.542,6,10,+18.963,+0.847
3589.026,6,10,+18.939,+0.830
3591.542,6,10,+19.002,+0.831
3593.901,6,10,+19.133,+0.818
3595.932,6,10,+19.244,+0.799
3598.948,6,10,+19.372,+0.803
3603.908,6,10,+19.419,+0.828
3605.136,6,10,+19.345,+0.819
3611.054,6,10,+19.567,+0.892
3612.32,6,10,+19.620,+0.880
3614.335,6,10,+19.689,+0.882
3615.179,6,10,+19.683,+0.885
3619.701,6,10,+19.359,+0.797
3622.935,6,10,+19.243,+0.796
3626.326,6,10,+19.273,+0.814
3630.341,6,10,+19.396,+0.722
3636.369,6,10,+19.537,+0.727
3640.104,6,10,+19.522,+0.693
3644.323,6,10,+19.408,+0.569
3645.629,6,10,+19.389,+0.552
3650.488,6,10,+19.545,+0.606
3655.926,6,10,+19.711,+0.629
3661.269,6,10,+19.699,+0.562
3665.082,6,10,+19.598,+0.449
3669.019,6,10,+19.767,+0.462
3671.566,6,10,+19.817,+0.476
3674.066,6,10,+19.861,+0.487
3677.769,6,10,+20.077,+0.570
3682.379,6,10,+20.326,+0.530
3684.738,6,10,+20.287,+0.463
3687.034,6,10,+20.155,+0.321
3688.925,6,10,+19.999,+0.176
3691.848,6,9,+19.999,+0.176
3691.925,6,9,+19.885,+1.793
3697.092,6,9,+20.172,+2.019
3698.351,6,9,+20.036,+2.038
3703.985,6,9,+20.191,+2.005
3705.344,6,9,+20.198,+1.990
3707.304,6,9,+20.217,+1.946
3708.164,6,9,+20.220,+1.941
3712.826,6,9,+20.151,+1.950
3716.113,6,9,+20.142,+2.016
3719.515,6,9,+20.223,+1.994
3723.56,6,9,+20.372,+1.960
3729.637,6,9,+20.345,+1.999
3733.435,6,9,+20.393,+2.013
3737.756,6,9,+20.573,+2.001
3739.157,6,9,+20.623,+1.986
3743.985,6,9,+20.883,+2.002
3749.313,6,9,+20.945,+1.962
3754.673,6,9,+20.957,+1.938
3758.548,6,9,+20.923,+1.881
3762.485,6,9,+21.051,+1.883
3765.016,6,9,+21.112,+1.919
3767.579,6,9,+21.171,+1.967
3771.173,6,9,+21.187,+1.949
3775.71,6,9,+21.328,+1.928
3778.154,6,9,+21.367,+1.954
3780.607,6,9,+21.404,+1.983
3782.669,6,9,+21.408,+1.989
3785.685,6,9,+21.277,+1.915
3790.56,6,9,+21.256,+1.879
3791.826,6,9,+21.146,+1.889
3797.529,6,9,+21.338,+2.005
3798.919,6,9,+21.329,+1.996
3800.826,6,9,+21.328,+1.959
3801.707,6,9,+21.323,+1.957
3806.369,6,9,+21.214,+1.990
3809.682,6,9,+21.188,+2.063
3813.026,6,9,+21.212,+2.065
3817.082,6,9,+21.259,+1.965
3823.176,6,9,+21.367,+2.015
3826.926,6,9,+21.419,+2.001
3831.269,6,9,+21.579,+1.964
3832.566,6,9,+21.607,+1.939
3837.392,6,9,+21.784,+1.902
3842.77,6,9,+21.883,+1.916
3848.172,6,9,+21.952,+1.927
3852.032,6,9,+21.936,+1.866
3855.891,6,9,+22.030,+1.798
3858.407,6,9,+22.059,+1.786
3860.954,6,9,+22.087,+1.794
3864.61,6,9,+22.237,+1.816
3869.151,6,9,+22.395,+1.753
3871.61,6,9,+22.429,+1.754
3873.954,6,9,+22.453,+1.737
3876.016,6,9,+22.447,+1.709
3879.047,6,9,+22.368,+1.658
3884.0,6,9,+22.481,+1.681
3885.22,6,9,+22.420,+1.685
3891.013,6,9,+22.677,+1.737
3892.294,6,9,+22.662,+1.741
3894.247,6,9,+22.659,+1.715
3895.107,6,9,+22.655,+1.717
3899.825,6,9,+22.599,+1.751
3903.188,6,9,+22.597,+1.809
3906.547,6,9,+22.655,+1.802
3910.563,6,9,+22.722,+1.750
3916.672,6,9,+22.623,+1.749
3920.422,6,9,+22.666,+1.732
3924.735,6,9,+22.787,+1.678
3926.047,6,9,+22.811,+1.650
3930.938,6,9,+23.029,+1.638
3936.235,6,9,+23.127,+1.677
3941.583,6,9,+23.149,+1.651
3945.425,6,9,+23.103,+1.549
3949.307,6,9,+23.196,+1.509
3951.869,6,9,+23.228,+1.506
3954.354,6,9,+23.260,+1.515
3958.073,6,9,+23.426,+1.542
3962.635,6,9,+23.590,+1.445
3965.057,6,9,+23.612,+1.417
3967.447,6,9,+23.628,+1.416
3969.478,6,9,+23.624,+1.408
3972.525,6,9,+23.569,+1.372
3977.494,6,9,+23.652,+1.417
3978.713,6,9,+23.622,+1.426
3984.4,6,9,+23.834,+1.439
3985.775,6,9,+23.849,+1.463
3987.728,6,9,+23.851,+1.439
3988.619,6,9,+23.842,+1.433
3993.228,6,9,+23.726,+1.386
3993.228,6,9,+23.842,+1.433
3993.228,6,9,+23.726,+1.386
3996.478,6,9,+23.663,+1.396
3999.885,6,9,+23.706,+1.410
4003.994,6,9,+23.910,+1.406
4010.041,6,9,+23.634,+1.429
4013.775,6,9,+23.666,+1.416
4018.119,6,9,+23.725,+1.317
4019.4,6,9,+23.756,+1.294
4024.322,6,9,+24.003,+1.398
4029.681,6,9,+24.109,+1.376
4035.063,6,9,+24.178,+1.373
4038.906,6,9,+24.158,+1.274
4042.75,6,9,+24.198,+1.154
4045.25,6,9,+24.230,+1.140
4047.835,6,9,+24.274,+1.159
4051.516,6,9,+24.359,+1.149
4056.063,6,9,+24.485,+1.102
4058.515,6,9,+24.519,+1.093
4060.891,6,9,+24.567,+1.072
4063.0,6,9,+24.592,+1.046
4066.015,6,9,+24.544,+0.997
4071.0,6,9,+24.564,+1.019
4072.203,6,9,+24.527,+1.032
4077.875,6,9,+24.695,+1.119
4079.219,6,9,+24.715,+1.138
4081.187,6,9,+24.738,+1.121
4082.047,6,9,+24.732,+1.122
4086.703,6,9,+24.621,+1.131
4089.984,6,9,+24.560,+1.154
4093.344,6,9,+24.586,+1.131
4097.641,6,9,+24.825,+1.176
4103.618,6,9,+24.753,+1.209
4107.368,6,9,+24.781,+1.190
4111.728,6,9,+24.922,+1.155
4113.04,6,9,+24.990,+1.157
4117.884,6,9,+25.265,+1.166
4123.268,6,9,+25.301,+1.141
4128.914,6,9,+25.291,+1.134
4132.438,6,9,+25.214,+1.020
4136.313,6,9,+25.309,+0.885
4138.828,6,9,+25.327,+0.858
4141.375,6,9,+25.348,+0.857
4145.047,6,9,+25.462,+0.816
4149.654,6,9,+25.592,+0.785
4152.016,6,9,+25.599,+0.769
4154.407,6,9,+25.600,+0.736
4156.454,6,9,+25.574,+0.695
4159.484,6,9,+25.555,+0.632
4164.494,6,9,+25.751,+0.741
4165.744,6,9,+25.717,+0.744
4171.509,6,9,+25.997,+0.776
4172.834,6,9,+25.980,+0.781
4174.829,6,9,+25.992,+0.771
4175.636,6,9,+25.990,+0.774
4180.302,6,9,+25.866,+0.773
4183.575,6,9,+25.813,+0.821
4187.028,6,9,+25.955,+0.950
4191.169,6,9,+26.008,+0.878
4197.278,6,9,+26.117,+0.912
4201.06,6,9,+26.163,+0.900
4205.331,6,9,+26.251,+0.782
4206.628,6,9,+26.330,+0.782
4211.525,6,9,+26.640,+0.793
4216.9,6,9,+26.769,+0.831
4222.275,6,9,+26.787,+0.799
4226.095,6,9,+26.707,+0.668
4230.012,6,9,+26.842,+0.624
4232.575,6,9,+26.909,+0.650
4235.153,6,9,+26.956,+0.683
4238.825,6,9,+27.095,+0.690
4243.419,6,9,+27.271,+0.703
4245.774,6,9,+27.220,+0.643
4247.991,6,9,+27.049,+0.458
4249.794,6,9,+26.817,+0.220
4252.719,6,9,+26.681,+0.033
4258.134,6,9,+27.240,+0.225
4259.4,6,9,+27.249,+0.253
4265.306,6,9,+27.729,+0.467
4266.681,6,9,+27.758,+0.451
4268.697,6,9,+27.829,+0.449
4269.587,6,9,+27.852,+0.469
4274.316,6,9,+27.835,+0.548
4277.658,6,9,+27.823,+0.604
4281.112,6,9,+27.970,+0.661
4285.175,6,9,+28.098,+0.597
4291.331,6,9,+28.127,+0.721
4295.05,6,9,+28.129,+0.709
4299.3,6,9,+28.165,+0.629
4300.612,6,9,+28.201,+0.626
4305.534,6,9,+28.516,+0.698
4310.902,6,9,+28.571,+0.686
4316.272,6,9,+28.665,+0.665
4320.069,6,9,+28.588,+0.527
4324.006,6,9,+28.733,+0.534
4326.535,6,9,+28.790,+0.575
4329.14,6,9,+28.827,+0.616
4332.828,6,9,+28.995,+0.639
4337.375,6,9,+29.159,+0.652
4339.703,6,9,+29.099,+0.620
4341.969,6,9,+28.944,+0.575
4343.812,6,9,+28.767,+0.541
4346.765,6,9,+28.620,+0.472
4351.781,6,9,+28.855,+0.691
4353.062,6,9,+28.851,+0.736
4358.797,6,9,+29.188,+0.819
4360.156,6,9,+29.207,+0.861
4362.159,6,9,+29.244,+0.859
4363.034,6,9,+29.250,+0.863
4367.737,6,9,+29.214,+0.864
4371.064,6,9,+29.192,+0.874
4374.515,6,9,+29.344,+0.914
4378.625,6,9,+29.490,+0.895
4384.625,6,9,+29.560,+0.934
4388.391,6,9,+29.551,+0.922
4392.662,6,9,+29.579,+0.814
4393.99,6,9,+29.612,+0.822
4398.843,6,9,+29.920,+0.866
4404.281,6,9,+29.967,+1.016
4409.893,6,9,+30.055,+0.980
4413.454,6,9,+30.026,+0.874
4417.312,6,9,+30.121,+0.803
4419.843,6,9,+30.174,+0.831
4422.422,6,9,+30.209,+0.868
4426.031,6,9,+30.255,+0.734
4430.547,6,9,+30.460,+0.735
4432.922,6,9,+30.455,+0.696
4435.187,6,9,+30.417,+0.614
4437.078,6,9,+30.360,+0.496
4440.034,6,9,+30.325,+0.382
4444.984,6,9,+30.433,+0.459
4446.27,6,9,+30.403,+0.459
4452.14,6,9,+30.870,+0.658
4453.515,6,9,+30.911,+0.695
4455.468,6,9,+30.938,+0.706
4456.375,6,9,+30.953,+0.720
9.614,30,9,,
2861.846,30,9,+1.544,
2865.377,30,10,+1.544,
2865.486,30,11,+1.544,
2865.596,30,12,+1.544,
2865.736,30,11,+1.544,
2865.814,30,11,+1.651,+0.106
2869.361,30,11,+2.002,+0.065
2873.892,30,11,+2.504,+0.255
2880.049,30,11,+2.796,+0.142
2883.892,30,11,+2.819,+0.211
2887.971,30,11,+2.516,+0.108
2889.314,30,11,+2.541,+0.160
2894.781,30,11,+3.163,+0.051
2900.152,30,10,+3.163,+0.051
2900.246,30,10,+3.473,+0.356
2905.505,30,10,+3.457,+0.229
2909.099,30,9,+3.457,+0.229
2909.177,30,9,+3.295,+0.168
2913.63,30,9,+3.846,+0.239
2916.116,30,9,+3.850,+0.186
2918.727,30,9,+3.912,+0.248
2922.867,30,9,+4.483,+0.521
2927.742,30,9,+4.777,+0.510
2929.883,30,9,+4.739,+0.438
2932.164,30,9,+4.649,+0.345
2934.133,30,9,+4.528,+0.269
2937.446,30,9,+4.745,+0.398
2942.352,30,9,+4.558,+0.255
2943.709,30,9,+4.530,+0.298
2949.736,30,9,+5.141,+0.573
2951.216,30,9,+5.176,+0.545
2953.115,30,9,+5.232,+0.571
2953.994,30,9,+5.255,+0.599
2958.964,30,9,+5.323,+0.807
2962.417,30,9,+5.414,+0.932
2965.902,30,9,+5.589,+1.046
2970.183,30,9,+5.954,+0.943
2976.139,30,9,+6.032,+0.849
2979.905,30,9,+5.979,+0.833
2984.177,30,9,+5.834,+0.976
2985.524,30,9,+5.852,+0.997
2990.649,30,9,+6.222,+1.020
2995.989,30,9,+6.492,+0.959
3001.393,30,9,+6.522,+0.885
3005.267,30,9,+6.616,+0.956
3009.314,30,9,+6.925,+0.892
3011.814,30,9,+7.005,+0.838
3014.361,30,9,+7.082,+0.827
3018.095,30,9,+7.350,+0.841
3022.658,30,9,+7.582,+0.698
3025.076,30,9,+7.573,+0.655
3027.439,30,9,+7.552,+0.620
3029.47,30,9,+7.502,+0.586
3032.716,30,9,+7.689,+0.675
3037.692,30,9,+7.713,+0.525
3038.976,30,9,+7.708,+0.486
3044.884,30,9,+8.233,+0.567
3046.255,30,9,+8.268,+0.519
3048.333,30,9,+8.346,+0.541
3049.192,30,9,+8.348,+0.538
3053.817,30,9,+8.084,+0.440
3057.13,30,9,+8.021,+0.348
3060.73,30,9,+8.263,+0.434
3064.848,30,9,+8.341,+0.404
3070.923,30,9,+8.355,+0.338
3074.608,30,9,+8.293,+0.335
3078.77,30,9,+8.088,+0.327
3080.102,30,9,+8.128,+0.358
3085.283,30,9,+8.637,+0.542
3090.909,30,9,+8.984,+0.577
3096.239,30,9,+9.036,+0.590
3100.114,30,9,+9.112,+0.623
3104.186,30,9,+9.370,+0.709
3106.686,30,9,+9.399,+0.711
3109.233,30,9,+9.395,+0.719
3112.934,30,9,+9.540,+0.703
3117.527,30,9,+9.750,+0.620
3119.933,30,9,+9.746,+0.552
3122.292,30,9,+9.722,+0.470
3124.279,30,9,+9.667,+0.390
3127.537,30,9,+9.901,+0.531
3132.458,30,9,+9.858,+0.392
3133.677,30,9,+9.842,+0.373
3139.733,30,9,+10.337,+0.581
3140.983,30,9,+10.416,+0.559
3143.03,30,9,+10.503,+0.588
3143.905,30,9,+10.497,+0.582
3148.545,30,9,+10.258,+0.462
3151.858,30,9,+10.200,+0.420
3155.405,30,9,+10.359,+0.504
3159.498,30,9,+10.635,+0.478
3165.452,30,9,+10.678,+0.437
3169.202,30,9,+10.631,+0.406
3173.389,30,9,+10.456,+0.337
3174.701,30,9,+10.469,+0.352
3179.858,30,9,+10.943,+0.516
3185.311,30,9,+11.191,+0.466
3190.811,30,9,+11.244,+0.440
3194.592,30,9,+11.330,+0.462
3198.639,30,9,+11.606,+0.436
3201.201,30,9,+11.659,+0.367
3203.63,30,9,+11.701,+0.312
3207.417,30,9,+11.989,+0.443
3211.933,30,9,+12.115,+0.441
3214.308,30,9,+12.049,+0.346
3216.526,30,9,+11.869,+0.132
3218.261,30,8,+11.869,+0.132
3218.355,30,8,+11.650,+2.269
3221.292,30,8,+11.566,+2.177
3226.183,30,8,+11.567,+2.021
3227.479,30,8,+11.508,+1.992
3233.273,30,8,+11.834,+2.132
3234.648,30,8,+11.870,+2.137
3236.616,30,8,+11.872,+2.130
3237.608,30,8,+11.858,+2.132
3242.252,30,8,+11.718,+2.237
3245.564,30,8,+11.664,+2.344
3248.989,30,8,+11.806,+2.479
3253.157,30,8,+12.036,+2.585
3259.126,30,8,+12.142,+2.462
3262.923,30,8,+12.132,+2.483
3267.319,30,8,+12.242,+2.574
3268.661,30,8,+12.296,+2.637
3273.521,30,8,+12.591,+2.803
3278.926,30,8,+12.775,+2.775
3284.33,30,8,+12.825,+2.872
3288.289,30,8,+12.974,+3.037
3292.273,30,8,+13.190,+3.130
3294.808,30,8,+13.250,+3.175
3297.365,30,8,+13.283,+3.220
3301.02,30,8,+13.450,+3.260
3305.458,30,8,+13.585,+3.318
3307.911,30,8,+13.603,+3.353
3310.348,30,8,+13.635,+3.424
3312.426,30,8,+13.648,+3.485
3315.513,30,8,+13.731,+3.592
3320.42,30,8,+13.815,+3.492
3321.654,30,8,+13.846,+3.427
3327.38,30,8,+14.048,+3.492
3328.736,30,8,+14.057,+3.443
3330.779,30,8,+14.096,+3.451
3331.686,30,8,+14.084,+3.454
3336.279,30,8,+13.897,+3.501
3339.483,30,8,+13.776,+3.537
3342.873,30,8,+13.827,+3.594
3346.951,30,8,+14.038,+3.644
3352.876,30,8,+14.054,+3.482
3356.704,30,8,+14.019,+3.472
3361.126,30,8,+13.960,+3.554
3362.47,30,8,+13.970,+3.611
3367.345,30,8,+14.060,+3.693
3372.636,30,8,+14.204,+3.587
3378.027,30,8,+14.194,+3.606
3381.93,30,8,+14.338,+3.704
3385.907,30,8,+14.553,+3.767
3388.469,30,8,+14.610,+3.795
3391.001,30,8,+14.641,+3.826
3394.639,30,8,+14.758,+3.854
3399.201,30,8,+14.947,+4.069
3401.639,30,8,+14.943,+4.091
3404.029,30,8,+14.977,+4.148
3406.217,30,8,+14.994,+4.198
3409.271,30,8,+15.080,+4.279
3414.254,30,8,+15.262,+4.242
3415.489,30,8,+15.311,+4.221
3421.176,30,8,+15.572,+4.287
3422.592,30,8,+15.602,+4.284
3424.579,30,8,+15.618,+4.323
3425.486,30,8,+15.603,+4.328
3430.111,30,8,+15.433,+4.367
3433.362,30,8,+15.324,+4.401
3436.789,30,8,+15.361,+4.401
3440.835,30,8,+15.509,+4.441
3446.786,30,8,+15.570,+4.365
3450.539,30,8,+15.503,+4.369
3454.929,30,8,+15.547,+4.467
3456.242,30,8,+15.576,+4.502
3461.101,30,8,+15.674,+4.594
3466.414,30,8,+15.763,+4.501
3471.82,30,8,+15.764,+4.536
3475.773,30,8,+15.920,+4.659
3479.773,30,8,+16.149,+4.836
3482.258,30,8,+16.188,+4.889
3484.86,30,8,+16.201,+4.950
3488.457,30,8,+16.349,+5.045
3492.989,30,8,+16.498,+5.206
3495.426,30,8,+16.442,+5.230
3497.895,30,8,+16.365,+5.274
3499.937,30,8,+16.377,+5.325
3503.032,30,8,+16.459,+5.442
3507.907,30,8,+16.480,+5.393
3509.157,30,8,+16.506,+5.356
3514.845,30,8,+16.598,+5.392
3516.267,30,8,+16.668,+5.415
3518.282,30,8,+16.702,+5.429
3519.095,30,8,+16.681,+5.424
3523.751,30,8,+16.410,+5.412
3527.048,30,8,+16.269,+5.429
3530.423,30,8,+16.236,+5.463
3534.53,30,8,+16.355,+5.566
3540.514,30,8,+16.232,+5.426
3544.338,30,8,+16.193,+5.414
3548.604,30,8,+16.352,+5.486
3549.917,30,8,+16.415,+5.518
3554.807,30,8,+16.453,+5.629
3560.151,30,8,+16.460,+5.564
3565.526,30,8,+16.458,+5.630
3569.463,30,8,+16.593,+5.779
3573.401,30,8,+16.725,+5.934
3575.901,30,8,+16.358,+5.958
3578.401,30,8,+16.372,+6.044
3582.01,30,8,+16.434,+6.159
3586.51,30,8,+16.390,+6.253
3588.917,30,8,+16.450,+6.244
3591.432,30,8,+16.597,+6.243
3593.432,30,8,+16.741,+6.261
3596.479,30,8,+16.888,+6.349
3601.339,30,8,+16.836,+6.318
3602.654,30,8,+16.768,+6.288
3608.241,30,8,+16.890,+6.373
3609.616,30,8,+16.946,+6.346
3611.632,30,8,+17.012,+6.363
3612.632,30,8,+17.005,+6.359
3617.132,30,8,+16.804,+6.330
3620.388,30,8,+16.673,+6.294
3623.779,30,8,+16.706,+6.304
3627.826,30,8,+16.873,+6.339
3633.81,30,8,+16.979,+6.231
3637.62,30,8,+16.982,+6.214
3641.979,30,8,+17.038,+6.308
3643.26,30,8,+17.052,+6.340
3648.113,30,8,+17.202,+6.405
3653.504,30,8,+17.286,+6.351
3658.895,30,8,+17.320,+6.344
3662.832,30,8,+17.348,+6.480
3666.802,30,8,+17.538,+6.627
3669.284,30,8,+17.589,+6.676
3671.831,30,8,+17.623,+6.726
3675.425,30,8,+17.720,+6.772
3680.034,30,8,+18.000,+6.879
3682.519,30,8,+18.037,+6.914
3684.878,30,8,+18.066,+7.004
3686.988,30,8,+18.078,+7.083
3690.128,30,8,+18.092,+7.261
3695.066,30,8,+18.153,+7.182
3696.316,30,8,+17.998,+7.147
3701.985,30,8,+18.186,+7.173
3703.344,30,8,+18.208,+7.147
3705.36,30,8,+18.271,+7.167
3706.188,30,8,+18.279,+7.177
3710.935,30,8,+18.201,+7.244
3714.123,30,8,+18.126,+7.293
3717.53,30,8,+18.229,+7.357
3721.65,30,8,+18.412,+7.455
3727.661,30,8,+18.346,+7.218
3731.415,30,8,+18.380,+7.199
3735.779,30,8,+18.572,+7.294
3737.111,30,8,+18.637,+7.329
3741.985,30,8,+18.881,+7.331
3747.344,30,8,+18.983,+7.218
3752.719,30,8,+19.019,+7.251
3756.673,30,8,+19.042,+7.399
3760.579,30,8,+19.168,+7.463
3763.094,30,8,+19.193,+7.494
3765.594,30,8,+19.204,+7.529
3769.204,30,8,+19.238,+7.590
3773.788,30,8,+19.400,+7.624
3776.21,30,8,+19.413,+7.638
3778.624,30,8,+19.421,+7.692
3780.701,30,8,+19.419,+7.751
3783.779,30,8,+19.362,+7.855
3788.669,30,8,+19.377,+7.721
3789.919,30,8,+19.257,+7.676
3795.529,30,8,+19.333,+7.640
3796.888,30,8,+19.333,+7.600
3798.872,30,8,+19.369,+7.599
3799.732,30,8,+19.366,+7.601
3804.385,30,8,+19.224,+7.621
3807.619,30,8,+19.125,+7.628
3811.035,30,8,+19.147,+7.643
3815.1,30,8,+19.294,+7.652
3821.144,30,8,+19.352,+7.489
3824.926,30,8,+19.418,+7.492
3829.301,30,8,+19.615,+7.587
3830.629,30,8,+19.668,+7.626
3835.472,30,8,+19.882,+7.659
3840.847,30,8,+19.967,+7.552
3846.235,30,8,+20.025,+7.609
3850.157,30,8,+20.070,+7.771
3854.094,30,8,+20.232,+7.735
3856.625,30,8,+20.273,+7.722
3859.157,30,8,+20.293,+7.781
3862.783,30,8,+20.421,+7.845
3867.422,30,8,+20.642,+7.873
3869.844,30,8,+20.675,+7.884
3872.204,30,8,+20.716,+7.946
3874.329,30,8,+20.738,+8.012
3877.407,30,8,+20.710,+8.091
3882.297,30,8,+20.800,+7.892
3883.563,30,8,+20.735,+7.843
3889.193,30,8,+20.940,+7.746
3890.544,30,8,+20.921,+7.662
3892.544,30,8,+20.944,+7.626
3893.404,30,8,+20.938,+7.615
3898.079,30,8,+20.848,+7.668
3901.325,30,8,+20.788,+7.711
3904.75,30,8,+20.853,+7.703
3908.86,30,8,+20.972,+7.753
3914.907,30,8,+20.874,+7.677
3918.719,30,8,+20.934,+7.646
3923.063,30,8,+21.109,+7.643
3924.375,30,8,+21.161,+7.659
3929.251,30,8,+21.391,+7.771
3934.579,30,8,+21.450,+7.623
3939.926,30,8,+21.498,+7.637
3943.864,30,8,+21.554,+7.731
3947.775,30,8,+21.687,+7.752
3950.326,30,8,+21.722,+7.776
3952.854,30,8,+21.745,+7.832
3956.526,30,8,+21.884,+7.958
3961.182,30,8,+22.145,+8.048
3963.635,30,8,+22.195,+8.058
3966.01,30,8,+22.212,+8.049
3968.072,30,8,+22.216,+8.052
3971.197,30,8,+22.197,+8.097
3976.072,30,8,+22.235,+8.000
3977.307,30,8,+22.196,+7.956
3983.01,30,8,+22.395,+7.967
3984.322,30,8,+22.386,+7.918
3986.291,30,8,+22.412,+7.906
3987.213,30,8,+22.409,+7.905
3991.807,30,8,+22.340,+7.908
3995.104,30,8,+22.267,+7.919
3998.447,30,8,+22.296,+7.965
4002.62,30,8,+22.504,+8.104
4008.603,30,8,+22.205,+7.996
4012.416,30,8,+22.250,+7.999
4016.775,30,8,+22.408,+8.112
4018.119,30,8,+22.462,+8.154
4022.916,30,8,+22.605,+8.287
4028.306,30,8,+22.733,+8.253
4033.703,30,8,+22.805,+8.257
4037.625,30,8,+22.884,+8.373
4041.594,30,8,+23.044,+8.528
4044.125,30,8,+23.090,+8.587
4046.672,30,8,+23.115,+8.630
4050.344,30,8,+23.210,+8.757
4054.969,30,8,+23.383,+8.927
4057.5,30,8,+23.426,+8.943
4059.828,30,8,+23.495,+8.985
4061.922,30,8,+23.546,+9.019
4065.0,30,8,+23.547,+9.104
4069.937,30,8,+23.545,+9.028
4071.187,30,8,+23.495,+8.979
4076.734,30,8,+23.576,+8.997
4078.078,30,8,+23.577,+8.956
4080.062,30,8,+23.617,+8.973
4080.922,30,8,+23.610,+8.973
4085.578,30,8,+23.490,+8.932
4088.812,30,8,+23.406,+8.904
4092.234,30,8,+23.455,+8.982
4096.39,30,8,+23.649,+9.055
4102.431,30,8,+23.544,+8.974
4106.228,30,8,+23.591,+9.015
4110.587,30,8,+23.767,+9.172
4111.884,30,8,+23.833,+9.231
4116.728,30,8,+24.099,+9.231
4122.135,30,8,+24.160,+9.135
4127.534,30,8,+24.157,+9.127
4131.438,30,8,+24.194,+9.240
4135.422,30,8,+24.424,+9.501
4137.953,30,8,+24.469,+9.647
4140.516,30,8,+24.491,+9.821
4144.219,30,8,+24.646,+10.030
4148.829,30,8,+24.807,+10.070
4151.282,30,8,+24.830,+10.039
4153.673,30,8,+24.864,+10.007
4155.735,30,8,+24.879,+10.009
4158.862,30,8,+24.923,+10.118
4163.778,30,8,+25.010,+10.078
4165.009,30,8,+24.973,+10.042
4170.697,30,8,+25.221,+10.089
4172.134,30,8,+25.199,+10.042
4174.037,30,8,+25.221,+10.053
4174.908,30,8,+25.216,+10.048
4179.531,30,8,+25.093,+9.962
4182.763,30,8,+24.992,+9.903
4186.091,30,8,+25.005,+9.894
4190.216,30,8,+25.130,+9.966
4196.356,30,8,+25.205,+9.988
4200.153,30,8,+25.263,+10.030
4204.55,30,8,+25.469,+10.177
4205.847,30,8,+25.548,+10.214
4210.759,30,8,+25.847,+10.340
4216.056,30,8,+25.938,+10.207
4221.478,30,8,+25.988,+10.229
4225.435,30,8,+26.039,+10.341
4229.387,30,8,+26.218,+10.496
4231.887,30,8,+26.259,+10.541
4234.466,30,8,+26.273,+10.572
4238.185,30,8,+26.405,+10.660
4242.716,30,8,+26.568,+10.773
4245.124,30,8,+26.577,+10.772
4247.552,30,8,+26.591,+10.776
4249.575,30,8,+26.597,+10.790
4252.669,30,8,+26.648,+10.885
4257.931,30,8,+27.015,+11.152
4259.166,30,8,+26.996,+11.127
4264.806,30,8,+27.262,+11.167
4266.244,30,8,+27.307,+11.169
4268.244,30,8,+27.380,+11.151
4269.103,30,8,+27.383,+11.141
4273.753,30,8,+27.287,+11.163
4277.034,30,8,+27.219,+11.201
4280.456,30,8,+27.309,+11.313
4284.597,30,8,+27.501,+11.446
4290.565,30,8,+27.406,+11.324
4294.362,30,8,+27.420,+11.341
4298.675,30,8,+27.536,+11.437
4299.987,30,8,+27.575,+11.478
4304.815,30,8,+27.818,+11.551
4310.199,30,8,+27.885,+11.448
4315.6,30,8,+28.000,+11.488
4319.553,30,8,+28.061,+11.612
4323.459,30,8,+28.199,+11.699
4325.973,30,8,+28.215,+11.734
4328.515,30,8,+28.211,+11.795
4332.187,30,8,+28.356,+11.904
4336.75,30,8,+28.507,+11.960
4339.125,30,8,+28.479,+11.928
4341.39,30,8,+28.369,+11.841
4343.312,30,8,+28.226,+11.739
4346.281,30,8,+28.148,+11.744
4351.156,30,8,+28.164,+11.623
4352.328,30,8,+28.115,+11.575
4357.953,30,8,+28.369,+11.625
4359.297,30,8,+28.346,+11.542
4361.293,30,8,+28.385,+11.473
4362.206,30,8,+28.387,+11.452
4366.893,30,8,+28.350,+11.539
4370.156,30,8,+28.318,+11.631
4373.594,30,8,+28.430,+11.739
4377.734,30,8,+28.595,+11.853
4383.703,30,8,+28.626,+11.725
4387.451,30,8,+28.629,+11.754
4391.85,30,8,+28.765,+11.918
4393.162,30,8,+28.790,+11.970
4397.953,30,8,+29.054,+12.086
4403.25,30,8,+28.951,+11.971
4408.672,30,8,+29.075,+12.001
4412.55,30,8,+29.152,+12.217
4416.515,30,8,+29.318,+12.323
4419.015,30,8,+29.343,+12.347
4421.547,30,8,+29.341,+12.370
4425.297,30,8,+29.521,+12.512
4429.828,30,8,+29.725,+12.590
4432.218,30,8,+29.759,+12.595
4434.578,30,8,+29.803,+12.641
4436.578,30,8,+29.864,+12.754
4439.65,30,8,+29.943,+12.946
4444.531,30,8,+29.974,+12.835
4445.797,30,8,+29.944,+12.805
4451.484,30,8,+30.212,+12.849
4452.796,30,8,+30.216,+12.780
4454.75,30,8,+30.232,+12.712
4455.625,30,8,+30.233,+12.682
9.614,41,10,,
2861.486,41,10,+1.174,
2865.377,41,11,+1.174,
2865.486,41,9,+1.174,
2865.564,41,9,+1.418,+0.063
2869.221,41,9,+1.844,+0.194
2873.517,41,9,+2.219,+0.271
2879.767,41,9,+2.516,+0.163
2883.596,41,9,+2.507,+0.254
2887.689,41,10,+2.507,+0.254
2887.861,41,10,+2.408,+0.071
2889.127,41,10,+2.381,+0.080
2894.737,41,10,+3.112,+0.303
2900.152,41,11,+3.112,+0.303
2900.261,41,11,+3.493,+0.020
2905.833,41,11,+3.507,+0.050
2909.396,41,11,+3.521,+0.143
2914.052,41,11,+4.317,+0.265
2916.693,41,11,+4.361,+0.239
2919.274,41,11,+4.447,+0.273
2923.383,41,11,+5.006,+0.280
2928.04,41,11,+5.350,+0.206
2930.399,41,11,+5.269,+0.115
2932.727,41,11,+5.110,+0.072
2934.57,41,11,+4.954,+0.116
2937.711,41,11,+5.057,+0.131
2942.961,41,11,+5.158,+0.133
2944.252,41,11,+5.062,+0.131
2950.511,41,11,+5.866,+0.042
2951.994,41,11,+6.035,+0.059
2953.878,41,10,+6.035,+0.059
2953.993,41,10,+6.096,+0.864
2954.853,41,10,+6.104,+0.849
2959.48,41,10,+5.867,+0.544
2962.902,41,10,+5.889,+0.475
2966.308,41,10,+6.000,+0.411
2970.699,41,10,+6.489,+0.535
2976.73,41,10,+6.617,+0.585
2980.483,41,10,+6.562,+0.583
2984.649,41,10,+6.304,+0.470
2985.961,41,10,+6.302,+0.450
2991.102,41,10,+6.649,+0.427
2996.551,41,10,+7.043,+0.551
3001.974,41,10,+7.123,+0.601
3005.814,41,10,+7.162,+0.546
3009.877,41,10,+7.481,+0.556
3012.377,41,10,+7.558,+0.553
3014.924,41,10,+7.666,+0.584
3018.752,41,10,+7.993,+0.643
3023.314,41,10,+8.249,+0.667
3025.737,41,10,+8.225,+0.652
3028.064,41,10,+8.180,+0.628
3030.08,41,10,+8.106,+0.604
3033.233,41,10,+8.215,+0.526
3038.304,41,10,+8.300,+0.587
3039.539,41,10,+8.291,+0.583
3045.427,41,10,+8.759,+0.526
3046.833,41,10,+8.813,+0.545
3048.864,41,10,+8.870,+0.524
3049.724,41,10,+8.867,+0.519
3054.286,41,10,+8.551,+0.467
3057.614,41,10,+8.514,+0.493
3061.147,41,10,+8.679,+0.416
3065.348,41,10,+8.840,+0.499
3071.416,41,10,+8.919,+0.564
3075.155,41,10,+8.853,+0.560
3079.33,41,10,+8.645,+0.557
3080.664,41,10,+8.685,+0.557
3085.83,41,10,+9.162,+0.525
3091.364,41,10,+9.474,+0.490
3096.708,41,10,+9.509,+0.473
3100.555,41,10,+9.556,+0.444
3104.717,41,10,+9.919,+0.549
3107.248,41,10,+9.958,+0.559
3109.811,41,10,+9.981,+0.586
3113.579,41,10,+10.174,+0.634
3118.167,41,10,+10.406,+0.656
3120.573,41,10,+10.389,+0.643
3122.902,41,10,+10.349,+0.627
3124.93,41,10,+10.290,+0.623
3128.004,41,10,+10.392,+0.491
3133.098,41,10,+10.510,+0.652
3134.348,41,10,+10.492,+0.650
3140.123,41,10,+10.863,+0.526
3141.53,41,10,+10.938,+0.522
3143.546,41,10,+11.025,+0.522
3144.42,41,10,+11.031,+0.534
3148.951,41,10,+10.682,+0.424
3152.295,41,10,+10.595,+0.395
3155.78,41,10,+10.737,+0.378
3160.092,41,10,+11.143,+0.508
3165.92,41,10,+11.144,+0.466
3169.686,41,10,+11.086,+0.455
3173.811,41,10,+10.868,+0.412
3175.561,41,10,+10.871,+0.402
3180.326,41,10,+11.294,+0.351
3185.764,41,10,+11.651,+0.460
3191.358,41,10,+11.681,+0.437
3194.998,41,10,+11.709,+0.379
3199.03,41,10,+12.002,+0.396
3201.592,41,10,+12.083,+0.424
3204.138,41,10,+12.183,+0.482
3207.87,41,10,+12.453,+0.464
3212.433,41,10,+12.631,+0.516
3214.839,41,10,+12.595,+0.546
3217.167,41,10,+12.537,+0.668
3219.198,41,10,+12.469,+0.716
3222.245,41,10,+12.531,+0.556
3227.276,41,10,+12.638,+0.349
3228.555,41,10,+12.609,+0.335
3234.461,41,10,+12.999,+0.465
3235.805,41,10,+13.038,+0.445
3237.826,41,10,+13.095,+0.460
3238.701,41,10,+13.094,+0.460
3243.298,41,10,+12.802,+0.331
3246.658,41,10,+12.803,+0.288
3250.192,41,10,+12.991,+0.323
3254.437,41,10,+13.343,+0.393
3260.454,41,10,+13.455,+0.357
3264.189,41,10,+13.374,+0.272
3268.036,41,9,+13.374,+0.272
3268.129,41,9,+13.067,+0.825
3269.395,41,9,+13.049,+0.753
3274.504,41,9,+13.549,+0.958
3280.004,41,9,+13.827,+1.052
3285.372,41,9,+13.871,+1.046
3289.242,41,9,+13.967,+0.993
3293.289,41,9,+14.231,+1.041
3295.776,41,9,+14.250,+1.000
3298.333,41,9,+14.262,+0.979
3302.161,41,9,+14.611,+1.161
3306.692,41,9,+14.791,+1.206
3309.083,41,9,+14.769,+1.166
3311.442,41,9,+14.721,+1.086
3313.567,41,9,+14.669,+1.021
3316.536,41,9,+14.746,+1.015
3321.498,41,9,+14.896,+1.081
3322.764,41,9,+14.934,+1.088
3328.475,41,9,+15.142,+1.094
3329.858,41,9,+15.182,+1.125
3331.92,41,9,+15.258,+1.162
3332.858,41,9,+15.261,+1.177
3337.514,41,9,+15.153,+1.256
3340.795,41,9,+15.095,+1.319
3344.217,41,9,+15.185,+1.358
3348.28,41,9,+15.391,+1.353
3354.267,41,9,+15.439,+1.385
3358.095,41,9,+15.406,+1.387
3362.486,41,9,+15.324,+1.364
3363.784,41,9,+15.308,+1.338
3368.704,41,9,+15.445,+1.385
3374.164,41,9,+15.752,+1.548
3379.523,41,9,+15.708,+1.514
3383.409,41,9,+15.819,+1.481
3387.422,41,9,+16.062,+1.509
3389.969,41,9,+16.122,+1.512
3392.532,41,9,+16.169,+1.528
3396.248,41,9,+16.398,+1.640
3400.717,41,9,+16.461,+1.514
3403.17,41,9,+16.432,+1.489
3405.514,41,9,+16.425,+1.448
3407.639,41,9,+16.402,+1.408
3410.676,41,9,+16.452,+1.372
3415.614,41,9,+16.663,+1.401
3416.926,41,9,+16.710,+1.399
3422.655,41,9,+17.037,+1.465
3424.017,41,9,+17.043,+1.441
3426.017,41,9,+17.065,+1.447
3426.876,41,9,+17.054,+1.451
3431.536,41,9,+16.818,+1.385
3434.815,41,9,+16.750,+1.426
3438.231,41,9,+16.814,+1.453
3442.252,41,9,+16.981,+1.472
3448.337,41,9,+17.113,+1.543
3452.132,41,9,+17.064,+1.561
3456.429,41,9,+17.084,+1.537
3457.773,41,9,+17.101,+1.525
3462.664,41,9,+17.232,+1.558
3468.085,41,9,+17.416,+1.653
3473.445,41,9,+17.414,+1.650
3477.414,41,9,+17.557,+1.637
3481.367,41,9,+17.760,+1.611
3483.898,41,9,+17.787,+1.599
3486.426,41,9,+17.792,+1.591
3490.035,41,9,+17.936,+1.587
3494.582,41,9,+18.096,+1.598
3497.02,41,9,+18.040,+1.598
3499.426,41,9,+17.953,+1.588
3501.555,41,9,+17.936,+1.559
3504.564,41,9,+17.966,+1.507
3509.517,41,9,+18.051,+1.571
3510.784,41,9,+18.077,+1.571
3516.454,41,9,+18.220,+1.622
3517.845,41,9,+18.262,+1.594
3519.814,41,9,+18.291,+1.589
3520.704,41,9,+18.271,+1.590
3525.298,41,9,+17.930,+1.520
3528.642,41,9,+17.855,+1.586
3532.036,41,9,+17.810,+1.574
3536.074,41,9,+17.918,+1.563
3542.123,41,9,+17.832,+1.600
3545.885,41,9,+17.792,+1.599
3550.198,41,9,+17.961,+1.609
3551.573,41,9,+18.004,+1.589
3556.401,41,9,+18.051,+1.598
3561.87,41,9,+18.155,+1.695
3567.229,41,9,+18.154,+1.696
3571.167,41,9,+18.262,+1.669
3575.37,41,9,+18.028,+1.685
3577.62,41,9,+18.047,+1.689
3580.104,41,9,+18.066,+1.694
3583.698,41,9,+18.116,+1.682
3588.213,41,9,+18.109,+1.719
3590.667,41,9,+18.171,+1.721
3593.058,41,9,+18.315,+1.718
3595.12,41,9,+18.445,+1.704
3598.151,41,9,+18.569,+1.681
3603.103,41,9,+18.591,+1.755
3604.345,41,9,+18.526,+1.758
3610.023,41,9,+18.675,+1.785
3611.445,41,9,+18.740,+1.794
3613.413,41,9,+18.807,+1.795
3614.32,41,9,+18.798,+1.793
3618.903,41,9,+18.562,+1.758
3622.373,41,9,+18.447,+1.774
3625.513,41,9,+18.459,+1.753
3629.576,41,9,+18.674,+1.801
3635.623,41,9,+18.810,+1.831
3639.448,41,9,+18.829,+1.847
3643.729,41,9,+18.839,+1.801
3645.182,41,9,+18.837,+1.785
3649.895,41,9,+18.939,+1.737
3655.348,41,9,+19.082,+1.796
3660.707,41,9,+19.137,+1.817
3664.629,41,9,+19.149,+1.801
3668.566,41,9,+19.305,+1.767
3671.066,41,9,+19.341,+1.752
3673.581,41,9,+19.374,+1.751
3677.206,41,9,+19.507,+1.787
3681.816,41,9,+19.796,+1.796
3684.284,41,9,+19.824,+1.787
3686.675,41,9,+19.834,+1.768
3688.738,41,9,+19.823,+1.745
3691.848,41,10,+19.823,+1.745
3692.003,41,10,+19.973,+0.088
3697.335,41,10,+20.430,+0.258
3698.714,41,10,+20.385,+0.349
3704.673,41,10,+20.871,+0.680
3706.063,41,10,+20.917,+0.719
3708.134,41,10,+21.036,+0.819
3709.007,41,10,+21.052,+0.832
3713.592,41,10,+20.903,+0.752
3716.908,41,10,+20.914,+0.772
3720.463,41,10,+21.109,+0.886
3724.607,41,10,+21.351,+0.979
3730.674,41,10,+21.396,+1.051
3734.507,41,10,+21.443,+1.050
3738.715,41,10,+21.528,+0.955
3740.032,41,10,+21.575,+0.952
3745.016,41,10,+21.899,+1.016
3750.469,41,10,+22.092,+1.147
3755.798,41,10,+22.067,+1.110
3759.657,41,10,+22.010,+1.087
3763.594,41,10,+22.188,+1.137
3766.063,41,10,+22.190,+1.078
3768.626,41,10,+22.193,+1.022
3772.329,41,10,+22.367,+1.180
3776.929,41,10,+22.520,+1.192
3779.326,41,10,+22.504,+1.137
3781.638,41,10,+22.452,+1.048
3783.685,41,10,+22.386,+0.978
3786.747,41,10,+22.303,+1.026
3791.701,41,10,+22.397,+1.141
3792.951,41,10,+22.290,+1.144
3798.716,41,10,+22.520,+1.182
3800.061,41,10,+22.520,+1.191
3802.099,41,10,+22.583,+1.255
3802.947,41,10,+22.585,+1.262
3807.526,41,10,+22.374,+1.160
3810.902,41,10,+22.354,+1.166
3814.271,41,10,+22.441,+1.229
3818.347,41,10,+22.534,+1.275
3824.379,41,10,+22.599,+1.232
3828.191,41,10,+22.674,+1.255
3832.519,41,10,+22.830,+1.251
3833.801,41,10,+22.847,+1.240
3838.717,41,10,+23.077,+1.293
3844.129,41,10,+23.227,+1.344
3849.469,41,10,+23.257,+1.305
3853.313,41,10,+23.203,+1.267
3857.251,41,10,+23.374,+1.344
3859.75,41,10,+23.409,+1.350
3862.297,41,10,+23.433,+1.346
3866.016,41,10,+23.626,+1.389
3870.563,41,10,+23.822,+1.427
3873.0,41,10,+23.840,+1.411
3875.344,41,10,+23.841,+1.388
3877.407,41,10,+23.814,+1.367
3880.438,41,10,+23.738,+1.370
3885.415,41,10,+23.898,+1.417
3886.635,41,10,+23.838,+1.418
3892.435,41,10,+24.158,+1.481
3893.794,41,10,+24.168,+1.506
3895.81,41,10,+24.219,+1.560
3896.7,41,10,+24.223,+1.568
3901.279,41,10,+24.063,+1.464
3904.657,41,10,+24.047,+1.450
3907.954,41,10,+24.102,+1.447
3912.143,41,10,+24.274,+1.552
3918.282,41,10,+24.246,+1.623
3922.094,41,10,+24.311,+1.645
3926.407,41,10,+24.470,+1.683
3927.719,41,10,+24.506,+1.695
3932.688,41,10,+24.807,+1.778
3938.035,41,10,+24.951,+1.824
3943.411,41,10,+24.974,+1.825
3947.275,41,10,+24.970,+1.867
3951.344,41,10,+25.166,+1.970
3953.791,41,10,+25.197,+1.969
3956.341,41,10,+25.219,+1.959
3960.01,41,10,+25.360,+1.934
3964.588,41,10,+25.547,+1.957
3967.041,41,10,+25.568,+1.956
3969.385,41,10,+25.589,+1.961
3971.494,41,10,+25.592,+1.968
3974.51,41,10,+25.557,+1.988
3979.4,41,10,+25.591,+1.939
3980.666,41,10,+25.543,+1.921
3986.369,41,10,+25.806,+1.972
3987.791,41,10,+25.827,+1.978
3989.744,41,10,+25.860,+2.009
3990.588,41,10,+25.863,+2.021
3995.261,41,10,+25.793,+2.067
3998.619,41,10,+25.804,+2.141
4002.041,41,10,+25.885,+2.179
4006.15,41,10,+26.048,+2.138
4012.26,41,10,+25.860,+2.226
4016.088,41,10,+25.926,+2.260
4020.4,41,10,+26.048,+2.323
4021.744,41,10,+26.070,+2.314
4026.56,41,10,+26.236,+2.233
4031.934,41,10,+26.367,+2.258
4037.282,41,10,+26.396,+2.218
4041.156,41,10,+26.417,+2.259
4045.125,41,10,+26.553,+2.355
4047.623,41,10,+26.575,+2.345
4050.172,41,10,+26.603,+2.329
4053.89,41,10,+26.738,+2.379
4058.453,41,10,+26.856,+2.371
4060.875,41,10,+26.875,+2.356
4063.234,41,10,+26.907,+2.340
4065.328,41,10,+26.930,+2.338
4068.375,41,10,+26.917,+2.373
4073.297,41,10,+26.916,+2.352
4074.562,41,10,+26.876,+2.349
4080.265,41,10,+27.092,+2.397
4081.609,41,10,+27.097,+2.382
4083.609,41,10,+27.152,+2.414
4084.453,41,10,+27.148,+2.416
4089.047,41,10,+26.948,+2.327
4092.359,41,10,+26.902,+2.342
4095.875,41,10,+26.884,+2.298
4099.847,41,10,+27.112,+2.287
4105.915,41,10,+27.051,+2.298
4109.712,41,10,+27.102,+2.321
4114.056,41,10,+27.289,+2.367
4115.384,41,10,+27.334,+2.344
4120.384,41,10,+27.744,+2.479
4125.991,41,10,+27.881,+2.580
4131.281,41,10,+27.889,+2.598
4135.094,41,10,+27.879,+2.665
4139.063,41,10,+28.052,+2.743
4141.594,41,10,+28.094,+2.767
4144.141,41,10,+28.136,+2.788
4147.859,41,10,+28.273,+2.811
4152.454,41,10,+28.436,+2.844
4154.876,41,10,+28.452,+2.853
4157.313,41,10,+28.477,+2.877
4159.36,41,10,+28.482,+2.908
4162.451,41,10,+28.483,+2.928
4167.306,41,10,+28.565,+2.814
4168.556,41,10,+28.528,+2.811
4174.28,41,10,+28.795,+2.798
4175.607,41,10,+28.776,+2.796
4177.615,41,10,+28.815,+2.823
4178.484,41,10,+28.813,+2.823
4183.106,41,10,+28.668,+2.802
4186.419,41,10,+28.665,+2.852
4189.825,41,10,+28.749,+2.794
4193.966,41,10,+28.844,+2.836
4200.044,41,10,+28.902,+2.785
4203.862,41,10,+28.971,+2.808
4208.197,41,10,+29.168,+2.917
4209.525,41,10,+29.226,+2.896
4214.462,41,10,+29.610,+2.970
4219.853,41,10,+29.734,+2.965
4225.314,41,10,+29.807,+3.020
4229.169,41,10,+29.781,+3.074
4233.2,41,10,+30.023,+3.181
4235.747,41,10,+30.089,+3.180
4238.341,41,10,+30.138,+3.182
4242.059,41,10,+30.329,+3.234
4246.673,41,10,+30.534,+3.263
4249.122,41,10,+30.554,+3.334
4251.519,41,10,+30.577,+3.528
4253.569,41,10,+30.581,+3.764
4256.65,41,10,+30.605,+3.924
4261.525,41,10,+30.637,+3.397
4262.759,41,10,+30.595,+3.346
4268.478,41,10,+30.898,+3.169
4269.869,41,10,+30.926,+3.168
4271.886,41,10,+31.006,+3.177
4272.753,41,10,+31.013,+3.161
4277.362,41,10,+30.885,+3.050
4280.722,41,10,+30.896,+3.073
4284.128,41,10,+30.987,+3.017
4288.144,41,10,+31.052,+2.954
4294.206,41,10,+31.076,+2.949
4298.05,41,10,+31.119,+2.990
4302.362,41,10,+31.250,+3.085
4303.69,41,10,+31.264,+3.063
4308.621,41,10,+31.611,+3.095
4314.037,41,10,+31.723,+3.152
4319.397,41,10,+31.779,+3.114
4319.397,41,10,+31.723,+3.152
4319.397,41,10,+31.779,+3.114
4323.24,41,10,+31.772,+3.184
4327.312,41,10,+31.958,+3.225
4329.765,41,10,+32.003,+3.213
4332.328,41,10,+32.036,+3.209
4336.078,41,10,+32.220,+3.225
4340.64,41,10,+32.416,+3.257
4343.109,41,10,+32.437,+3.338
4345.453,41,10,+32.454,+3.510
4347.531,41,10,+32.450,+3.683
4350.547,41,10,+32.420,+3.800
4355.484,41,10,+32.545,+3.690
4356.719,41,10,+32.513,+3.662
4362.382,41,10,+32.781,+3.593
4363.722,41,10,+32.770,+3.563
4365.737,41,10,+32.812,+3.568
4366.582,41,10,+32.814,+3.564
4371.234,41,10,+32.668,+3.454
4374.531,41,10,+32.689,+3.497
4377.906,41,10,+32.760,+3.416
4382.0,41,10,+32.865,+3.375
4388.028,41,10,+32.973,+3.413
4391.865,41,10,+33.017,+3.466
4396.229,41,10,+33.175,+3.596
4397.562,41,10,+33.182,+3.570
4402.531,41,10,+33.523,+3.603
4407.812,41,10,+33.502,+3.535
4413.172,41,10,+33.622,+3.567
4417.047,41,10,+33.659,+3.633
4421.015,41,10,+33.841,+3.720
4423.547,41,10,+33.886,+3.712
4426.14,41,10,+33.915,+3.706
4429.797,41,10,+34.021,+3.766
4434.39,41,10,+34.248,+3.788
4436.797,41,10,+34.328,+3.873
4439.206,41,10,+34.465,+4.048
4441.328,41,10,+34.587,+4.227
4444.343,41,10,+34.649,+4.324
4449.312,41,10,+34.753,+4.320
4450.562,41,10,+34.736,+4.333
4456.234,41,10,+35.003,+4.133
4457.625,41,10,+35.046,+4.135
4459.578,41,10,+35.107,+4.169
4460.515,41,10,+35.110,+4.157
9.614,10,11,,
2861.408,10,11,+1.093,
2865.377,10,8,+1.093,
2865.455,10,8,+1.355,+0.353
2869.002,10,8,+1.650,+0.166
2873.205,10,8,+1.948,+0.282
2879.549,10,8,+2.353,+0.495
2883.314,10,8,+2.253,+0.224
2887.142,10,7,+2.253,+0.224
2887.236,10,7,+1.814,+0.401
2888.517,10,7,+1.716,+0.336
2893.731,10,8,+1.716,+0.336
2893.913,10,8,+2.307,+0.100
2899.277,10,7,+2.307,+0.100
2899.355,10,7,+2.633,+0.709
2904.927,10,7,+2.890,+0.931
2908.63,10,8,+2.890,+0.931
2908.989,10,8,+3.127,+0.265
2913.333,10,8,+3.607,+0.537
2915.958,10,8,+3.664,+0.622
2918.508,10,8,+3.664,+0.722
2922.336,10,8,+3.962,+0.847
2926.977,10,8,+4.267,+0.832
2929.617,10,8,+4.301,+0.887
2931.867,10,8,+4.304,+0.982
2933.867,10,8,+4.259,+1.053
2937.008,10,8,+4.347,+1.117
2942.133,10,8,+4.303,+1.105
2943.432,10,8,+4.232,+1.097
2949.171,10,8,+4.568,+1.103
2950.571,10,8,+4.631,+1.153
2952.536,10,8,+4.661,+1.166
2953.371,10,8,+4.656,+1.169
2958.124,10,8,+4.516,+1.287
2961.516,10,8,+4.482,+1.177
2964.855,10,8,+4.543,+1.074
2969.245,10,8,+5.011,+1.275
2975.293,10,8,+5.183,+0.991
2979.061,10,8,+5.146,+1.049
2983.216,10,8,+4.858,+1.249
2984.524,10,8,+4.855,+1.295
2989.617,10,8,+5.202,+1.395
2995.02,10,8,+5.533,+1.387
3000.478,10,8,+5.637,+1.522
3004.299,10,8,+5.660,+1.605
3009.017,10,8,+6.033,+1.475
3011.049,10,8,+6.167,+1.536
3013.517,10,8,+6.255,+1.575
3017.283,10,8,+6.509,+1.349
3021.939,10,8,+6.884,+1.505
3024.43,10,8,+6.918,+1.603
3026.845,10,8,+6.932,+1.760
3028.908,10,8,+6.916,+1.909
3032.034,10,8,+7.014,+2.011
3037.176,10,8,+7.188,+2.102
3038.479,10,8,+7.222,+2.114
3044.328,10,8,+7.666,+2.068
3045.755,10,8,+7.749,+2.078
3047.786,10,8,+7.805,+2.062
3048.63,10,8,+7.810,+2.062
3053.364,10,8,+7.644,+2.115
3056.802,10,8,+7.673,+2.248
3060.294,10,8,+7.829,+2.257
3064.443,10,8,+7.937,+2.326
3070.452,10,8,+8.017,+1.933
3074.233,10,8,+7.958,+1.909
3078.452,10,8,+7.761,+2.074
3079.758,10,8,+7.770,+2.145
3084.767,10,8,+8.095,+1.995
3090.205,10,8,+8.407,+2.248
3095.645,10,8,+8.446,+2.234
3099.489,10,8,+8.489,+2.335
3103.467,10,8,+8.661,+2.244
3105.998,10,8,+8.688,+2.279
3108.515,10,8,+8.676,+2.251
3112.271,10,8,+8.837,+2.052
3116.886,10,8,+9.130,+2.029
3119.37,10,8,+9.194,+2.097
3121.839,10,8,+9.252,+2.189
3123.855,10,8,+9.277,+2.268
3126.96,10,8,+9.370,+2.295
3132.035,10,8,+9.466,+2.222
3133.333,10,8,+9.469,+2.207
3138.998,10,8,+9.756,+2.207
3140.436,10,8,+9.857,+2.191
3142.436,10,8,+9.915,+2.173
3143.311,10,8,+9.915,+2.176
3148.092,10,8,+9.796,+2.319
3151.498,10,8,+9.780,+2.275
3154.873,10,8,+9.855,+2.292
3159.014,10,8,+10.157,+2.327
3164.998,10,8,+10.241,+2.085
3168.795,10,8,+10.225,+2.090
3173.061,10,8,+10.119,+2.352
3174.421,10,8,+10.117,+2.403
3179.452,10,8,+10.427,+2.164
3184.811,10,8,+10.725,+2.182
3190.28,10,8,+10.804,+2.284
3194.123,10,8,+10.868,+2.365
3198.295,10,8,+11.170,+2.302
3200.764,10,8,+11.292,+2.318
3203.393,10,8,+11.389,+2.327
3206.948,10,8,+11.546,+2.289
3211.495,10,8,+11.674,+2.309
3213.948,10,8,+11.703,+2.320
3216.401,10,8,+11.737,+2.337
3218.261,10,9,+11.737,+2.337
3218.433,10,9,+11.753,+0.103
3221.698,10,9,+11.975,+0.409
3226.901,10,9,+12.289,+0.722
3228.231,10,9,+12.274,+0.766
3233.945,10,9,+12.534,+0.700
3235.351,10,9,+12.593,+0.723
3237.358,10,9,+12.635,+0.763
3238.233,10,9,+12.634,+0.776
3242.936,10,9,+12.471,+0.753
3246.392,10,9,+12.515,+0.851
3249.859,10,9,+12.668,+0.862
3254.055,10,9,+12.950,+0.914
3260.079,10,9,+13.098,+0.956
3263.908,10,9,+13.102,+0.970
3268.036,10,10,+13.102,+0.970
3268.192,10,10,+13.126,+0.059
3269.583,10,10,+13.187,+0.138
3274.817,10,10,+13.883,+0.334
3280.364,10,10,+14.146,+0.319
3285.736,10,10,+14.230,+0.359
3289.539,10,10,+14.215,+0.248
3293.804,10,10,+14.715,+0.484
3296.349,10,10,+14.802,+0.552
3298.895,10,10,+14.829,+0.567
3302.661,10,10,+15.119,+0.508
3307.301,10,10,+15.376,+0.585
3309.676,10,10,+15.372,+0.603
3312.051,10,10,+15.305,+0.584
3313.973,10,10,+15.218,+0.549
3316.965,10,10,+15.184,+0.438
3322.123,10,10,+15.522,+0.626
3323.436,10,10,+15.611,+0.677
3329.108,10,10,+15.791,+0.649
3330.545,10,10,+15.869,+0.687
3332.654,10,10,+15.993,+0.735
3333.529,10,10,+16.015,+0.754
3338.264,10,10,+15.825,+0.672
3341.592,10,10,+15.843,+0.748
3344.967,10,10,+15.932,+0.747
3349.074,10,10,+16.160,+0.769
3355.048,10,10,+16.223,+0.784
3358.845,10,10,+16.182,+0.776
3363.173,10,10,+15.985,+0.661
3364.423,10,10,+15.955,+0.647
3369.439,10,10,+16.202,+0.757
3374.914,10,10,+16.514,+0.762
3380.304,10,10,+16.493,+0.785
3384.093,10,10,+16.496,+0.677
3388.22,10,10,+16.835,+0.773
3390.938,10,10,+16.895,+0.773
3393.251,10,10,+16.901,+0.732
3396.952,10,10,+17.096,+0.698
3401.545,10,10,+17.233,+0.772
3403.92,10,10,+17.219,+0.787
3406.295,10,10,+17.181,+0.756
3408.33,10,10,+17.116,+0.714
3411.317,10,10,+17.107,+0.655
3416.364,10,10,+17.413,+0.750
3417.645,10,10,+17.484,+0.774
3423.345,10,10,+17.740,+0.703
3424.767,10,10,+17.808,+0.765
3426.814,10,10,+17.878,+0.813
3427.704,10,10,+17.879,+0.825
3432.374,10,10,+17.685,+0.867
3435.736,10,10,+17.674,+0.924
3439.093,10,10,+17.675,+0.861
3443.174,10,10,+17.849,+0.868
3449.273,10,10,+18.034,+0.921
3453.039,10,10,+17.985,+0.921
3457.32,10,10,+17.926,+0.842
3458.601,10,10,+17.943,+0.842
3463.617,10,10,+18.183,+0.951
3469.007,10,10,+18.346,+0.930
3474.367,10,10,+18.328,+0.914
3478.179,10,10,+18.348,+0.791
3482.32,10,10,+18.644,+0.884
3484.86,10,10,+18.700,+0.913
3487.332,10,10,+18.692,+0.900
3490.957,10,10,+18.827,+0.891
3495.489,10,10,+18.992,+0.896
3497.91,10,10,+18.931,+0.891
3500.33,10,10,+18.784,+0.831
3502.251,10,10,+18.706,+0.770
3505.235,10,11,+18.706,+0.770
3505.439,10,11,+18.858,+0.133
3510.956,10,11,+19.433,+0.396
3512.236,10,11,+19.539,+0.460
3518.267,10,11,+19.958,+0.733
3519.642,10,11,+20.072,+0.803
3521.782,10,11,+20.163,+0.878
3522.564,10,11,+20.158,+0.893
3527.235,10,11,+19.865,+0.885
3530.61,10,11,+19.826,+0.915
3534.038,10,11,+19.844,+0.920
3538.123,10,11,+19.962,+1.007
3544.213,10,11,+19.893,+1.032
3547.948,10,11,+19.880,+1.062
3552.229,10,11,+19.953,+1.023
3553.526,10,11,+20.024,+1.052
3558.557,10,11,+20.217,+1.171
3564.01,10,11,+20.319,+1.236
3569.354,10,11,+20.273,+1.216
3573.135,10,11,+20.258,+1.197
3577.182,10,11,+20.122,+1.327
3579.713,10,11,+20.171,+1.341
3582.261,10,11,+20.187,+1.327
3585.838,10,11,+20.257,+1.294
3590.385,10,11,+20.271,+1.332
3592.823,10,11,+20.331,+1.329
3595.198,10,11,+20.427,+1.294
3597.198,10,11,+20.515,+1.271
3600.213,10,11,+20.598,+1.226
3605.252,10,11,+20.756,+1.337
3606.56,10,11,+20.739,+1.394
3612.148,10,11,+20.806,+1.239
3613.585,10,11,+20.921,+1.301
3615.632,10,11,+21.042,+1.353
3616.507,10,11,+21.055,+1.372
3621.154,10,11,+20.830,+1.471
3624.482,10,11,+20.778,+1.535
3627.841,10,11,+20.818,+1.545
3631.998,10,11,+21.070,+1.674
3638.051,10,11,+21.213,+1.676
3641.901,10,11,+21.273,+1.751
3646.191,10,11,+21.273,+1.865
3647.473,10,11,+21.284,+1.895
3652.332,10,11,+21.399,+1.854
3657.77,10,11,+21.535,+1.824
3663.114,10,11,+21.555,+1.856
3666.973,10,11,+21.484,+1.886
3671.019,10,11,+21.720,+1.953
3673.505,10,11,+21.788,+1.971
3676.003,10,11,+21.827,+1.966
3679.659,10,11,+21.960,+1.883
3684.409,10,11,+22.353,+2.027
3686.878,10,11,+22.422,+2.135
3689.284,10,11,+22.433,+2.278
3691.363,10,11,+22.427,+2.428
3694.503,10,11,+22.413,+2.440
3699.554,10,11,+22.677,+2.247
3700.86,10,11,+22.565,+2.180
3706.635,10,11,+22.823,+1.952
3708.117,10,11,+22.950,+2.033
3710.17,10,11,+23.092,+2.056
3711.072,10,11,+23.112,+2.060
3715.723,10,11,+23.046,+2.143
3719.049,10,11,+23.029,+2.115
3722.472,10,11,+23.124,+2.015
3726.645,10,11,+23.404,+2.053
3732.725,10,11,+23.422,+2.026
3736.528,10,11,+23.501,+2.058
3740.894,10,11,+23.655,+2.127
3742.173,10,11,+23.700,+2.125
3747.001,10,11,+23.908,+2.009
3752.469,10,11,+24.079,+1.987
3757.813,10,11,+24.093,+2.026
3761.641,10,11,+24.016,+2.006
3765.719,10,11,+24.281,+2.093
3768.219,10,11,+24.329,+2.139
3770.782,10,11,+24.342,+2.149
3774.351,10,11,+24.379,+2.012
3779.013,10,11,+24.648,+2.128
3781.513,10,11,+24.698,+2.194
3783.951,10,11,+24.707,+2.255
3785.982,10,11,+24.690,+2.304
3789.013,10,11,+24.571,+2.268
3794.091,10,11,+24.800,+2.403
3795.419,10,11,+24.735,+2.445
3801.06,10,11,+24.868,+2.348
3802.604,10,11,+24.945,+2.425
3804.557,10,11,+25.068,+2.485
3805.541,10,11,+25.111,+2.526
3810.265,10,11,+25.124,+2.750
3813.615,10,11,+25.126,+2.772
3816.972,10,11,+25.135,+2.694
3821.051,10,11,+25.255,+2.721
3827.176,10,11,+25.390,+2.791
3831.019,10,11,+25.483,+2.809
3835.301,10,11,+25.610,+2.780
3836.617,10,11,+25.649,+2.802
3841.394,10,11,+25.794,+2.717
3846.813,10,11,+25.966,+2.739
3852.25,10,11,+26.005,+2.748
3856.063,10,11,+25.958,+2.755
3860.063,10,11,+26.186,+2.812
3862.61,10,11,+26.249,+2.840
3865.157,10,11,+26.268,+2.835
3868.689,10,11,+26.313,+2.687
3873.454,10,11,+26.697,+2.875
3875.922,10,11,+26.775,+2.935
3878.36,10,11,+26.815,+2.974
3880.407,10,11,+26.828,+3.014
3883.485,10,11,+26.778,+3.040
3888.515,10,11,+27.014,+3.116
3889.813,10,11,+26.994,+3.156
3895.435,10,11,+27.210,+3.052
3896.904,10,11,+27.291,+3.123
3898.997,10,11,+27.399,+3.180
3899.95,10,11,+27.416,+3.193
3904.61,10,11,+27.354,+3.291
3907.907,10,11,+27.330,+3.283
3911.361,10,11,+27.424,+3.322
3915.485,10,11,+27.621,+3.347
3921.547,10,11,+27.503,+3.257
3925.329,10,11,+27.571,+3.260
3929.657,10,11,+27.703,+3.233
3930.985,10,11,+27.742,+3.236
3935.782,10,11,+27.899,+3.092
3941.161,10,11,+28.035,+3.084
3946.51,10,11,+28.066,+3.092
3950.418,10,11,+28.057,+3.087
3954.448,10,11,+28.362,+3.196
3957.01,10,11,+28.433,+3.236
3959.557,10,11,+28.455,+3.236
3963.197,10,11,+28.547,+3.187
3967.869,10,11,+28.829,+3.282
3970.338,10,11,+28.896,+3.328
3972.775,10,11,+28.966,+3.377
3974.885,10,11,+29.002,+3.410
3977.947,10,11,+28.975,+3.418
3983.057,10,11,+29.175,+3.584
3984.307,10,11,+29.185,+3.642
3989.9,10,11,+29.337,+3.531
3991.369,10,11,+29.395,+3.568
3993.338,10,11,+29.468,+3.608
3994.213,10,11,+29.488,+3.625
3998.978,10,11,+29.514,+3.721
4002.338,10,11,+29.509,+3.705
4005.683,10,11,+29.518,+3.633
4009.838,10,11,+29.753,+3.705
4015.9,10,11,+29.508,+3.648
4019.744,10,11,+29.602,+3.676
4024.088,10,11,+29.711,+3.663
4025.4,10,11,+29.742,+3.672
4030.166,10,11,+29.842,+3.606
4035.594,10,11,+30.053,+3.686
4040.985,10,11,+30.100,+3.704
4044.828,10,11,+30.082,+3.665
4048.797,10,11,+30.249,+3.696
4051.359,10,11,+30.300,+3.725
4053.906,10,11,+30.333,+3.730
4057.547,10,11,+30.405,+3.667
4062.156,10,11,+30.577,+3.721
4064.609,10,11,+30.633,+3.758
4067.063,10,11,+30.690,+3.783
4069.125,10,11,+30.734,+3.804
4072.203,10,11,+30.706,+3.789
4077.219,10,11,+30.846,+3.930
4078.515,10,11,+30.850,+3.974
4084.062,10,11,+30.940,+3.848
4085.547,10,11,+31.021,+3.924
4087.563,10,11,+31.112,+3.960
4088.406,10,11,+31.118,+3.970
4093.156,10,11,+31.054,+4.106
4096.437,10,11,+30.994,+4.092
4099.796,10,11,+31.026,+4.142
4104.024,10,11,+31.282,+4.170
4110.056,10,11,+31.189,+4.138
4113.853,10,11,+31.260,+4.158
4118.228,10,11,+31.403,+4.114
4119.509,10,11,+31.453,+4.119
4124.291,10,11,+31.649,+3.905
4129.75,10,11,+31.775,+3.894
4135.188,10,11,+31.855,+3.966
4139.063,10,11,+31.841,+3.962
4143.125,10,11,+32.107,+4.055
4145.688,10,11,+32.191,+4.097
4148.279,10,11,+32.263,+4.127
4151.969,10,11,+32.373,+4.100
4156.626,10,11,+32.578,+4.142
4159.063,10,11,+32.642,+4.190
4161.494,10,11,+32.685,+4.208
4163.575,10,11,+32.703,+4.221
4166.65,10,11,+32.731,+4.248
4171.806,10,11,+33.000,+4.435
4173.053,10,11,+33.015,+4.487
4178.719,10,11,+33.265,+4.470
4180.111,10,11,+33.278,+4.502
4182.153,10,11,+33.348,+4.533
4182.997,10,11,+33.359,+4.546
4187.731,10,11,+33.305,+4.637
4191.075,10,11,+33.284,+4.619
4194.45,10,11,+33.371,+4.622
4198.575,10,11,+33.504,+4.660
4204.722,10,11,+33.579,+4.677
4208.541,10,11,+33.646,+4.675
4212.869,10,11,+33.794,+4.626
4214.183,10,11,+33.860,+4.634
4218.931,10,11,+34.103,+4.493
4224.454,10,11,+34.335,+4.601
4229.887,10,11,+34.394,+4.587
4233.731,10,11,+34.355,+4.574
4237.747,10,11,+34.598,+4.575
4240.294,10,11,+34.656,+4.567
4242.841,10,11,+34.672,+4.534
4246.517,10,11,+34.749,+4.420
4251.231,10,11,+35.043,+4.509
4253.651,10,11,+35.099,+4.545
4256.072,10,11,+35.142,+4.565
4258.134,10,11,+35.161,+4.580
4261.228,10,11,+35.176,+4.571
4266.291,10,11,+35.400,+4.763
4267.603,10,11,+35.409,+4.814
4273.253,10,11,+35.654,+4.756
4274.66,10,11,+35.721,+4.795
4276.706,10,11,+35.832,+4.826
4277.568,10,11,+35.845,+4.832
4282.237,10,11,+35.755,+4.870
4285.565,10,11,+35.723,+4.827
4288.925,10,11,+35.804,+4.817
4293.114,10,11,+36.056,+5.004
4299.206,10,11,+36.042,+4.966
4303.019,10,11,+36.087,+4.968
4307.301,10,11,+36.162,+4.912
4308.605,10,11,+36.196,+4.932
4313.444,10,11,+36.453,+4.842
4318.881,10,11,+36.577,+4.854
4324.256,10,11,+36.658,+4.879
4328.172,10,11,+36.646,+4.874
4332.172,10,11,+36.909,+4.951
4334.75,10,11,+36.975,+4.972
4337.297,10,11,+36.995,+4.959
4340.984,10,11,+37.142,+4.922
4345.562,10,11,+37.358,+4.942
4348.031,10,11,+37.396,+4.959
4350.453,10,11,+37.414,+4.960
4352.531,10,11,+37.420,+4.970
4355.531,10,11,+37.395,+4.975
4360.593,10,11,+37.651,+5.106
4361.893,10,11,+37.669,+5.156
4367.487,10,11,+37.893,+5.112
4368.893,10,11,+37.933,+5.163
4370.922,10,11,+37.983,+5.171
4371.781,10,11,+38.000,+5.186
4376.469,10,11,+37.942,+5.274
4379.782,10,11,+37.904,+5.215
4383.144,10,11,+37.990,+5.230
4387.285,10,11,+38.149,+5.284
4393.303,10,11,+38.233,+5.260
4397.125,10,11,+38.290,+5.273
4401.485,10,11,+38.383,+5.208
4402.797,10,11,+38.405,+5.223
4407.531,10,11,+38.630,+5.107
4412.925,10,11,+38.661,+5.159
4418.281,10,11,+38.740,+5.118
4422.156,10,11,+38.746,+5.087
4426.187,10,11,+39.023,+5.182
4428.75,10,11,+39.078,+5.192
4431.312,10,11,+39.089,+5.174
4434.984,10,11,+39.184,+5.163
4439.534,10,11,+39.411,+5.163
4441.968,10,11,+39.499,+5.171
4444.328,10,11,+39.563,+5.098
4446.336,10,11,+39.614,+5.027
4449.375,10,11,+39.670,+5.021
4454.421,10,11,+39.843,+5.090
4455.718,10,11,+39.861,+5.125
4461.312,10,11,+40.083,+5.080
4462.734,10,11,+40.142,+5.096
4464.765,10,11,+40.242,+5.135
4465.64,10,11,+40.273,+5.163
9.614,5,12,,
2862.533,5,12,+2.221,+1.128
2865.596,5,13,+2.221,+1.128
2866.127,5,14,+2.221,+1.128
2866.252,5,15,+2.221,+1.128
2866.689,5,16,+2.221,+1.128
2866.861,5,16,+2.727,+0.089
2870.642,5,16,+3.144,+0.214
2875.08,5,16,+3.730,+0.215
2881.096,5,17,+3.730,+0.215
2881.705,5,17,+4.348,+0.084
2885.924,5,17,+4.829,+0.336
2890.017,5,17,+4.573,+0.423
2891.37,5,17,+4.588,+0.344
2896.902,5,17,+5.306,+0.264
2902.527,5,17,+5.766,+0.238
2908.036,5,17,+5.982,+0.306
2911.958,5,17,+6.085,+0.368
2916.231,5,17,+6.474,+0.264
2918.836,5,17,+6.598,+0.316
2921.524,5,17,+6.703,+0.293
2925.68,5,17,+7.311,+0.240
2930.43,5,17,+7.727,+0.243
2932.836,5,17,+7.710,+0.249
2935.149,5,17,+7.581,+0.222
2937.008,5,17,+7.404,+0.192
2940.274,5,17,+7.605,+0.222
2945.564,5,17,+7.752,+0.146
2946.939,5,17,+7.759,+0.156
2953.433,5,17,+8.798,+0.002
2954.888,5,16,+8.798,+0.002
2954.938,5,16,+8.990,+1.116
2957.058,5,16,+9.187,+1.133
2957.949,5,16,+9.232,+1.096
2962.777,5,16,+9.173,+1.090
2966.167,5,16,+9.141,+0.822
2969.605,5,16,+9.285,+0.658
2973.893,5,16,+9.649,+0.671
2980.124,5,16,+10.006,+0.656
2983.97,5,16,+10.052,+0.581
2988.104,5,16,+9.762,+0.550
2989.445,5,16,+9.776,+0.494
2994.736,5,16,+10.305,+0.470
3000.176,5,16,+10.660,+0.517
3005.642,5,16,+10.813,+0.622
3009.627,5,16,+10.973,+0.751
3013.783,5,16,+11.378,+0.524
3016.408,5,16,+11.553,+0.508
3018.986,5,16,+11.723,+0.487
3022.783,5,16,+12.040,+0.350
3027.33,5,16,+12.265,+0.237
3029.737,5,16,+12.244,+0.254
3032.103,5,16,+12.163,+0.283
3034.036,5,16,+12.049,+0.295
3037.217,5,16,+12.189,+0.303
3042.431,5,16,+12.455,+0.286
3043.809,5,16,+12.552,+0.341
3049.817,5,16,+13.151,+0.334
3051.239,5,16,+13.217,+0.337
3053.302,5,16,+13.321,+0.340
3054.177,5,16,+13.336,+0.332
3058.893,5,16,+13.152,+0.286
3062.293,5,16,+13.174,+0.149
3065.63,5,15,+13.174,+0.149
3065.708,5,15,+13.250,+0.571
3069.836,5,16,+13.250,+0.571
3069.948,5,16,+13.442,+0.089
3076.231,5,16,+13.795,+0.056
3080.211,5,16,+13.918,+0.204
3084.705,5,16,+13.807,+0.106
3085.845,5,16,+13.859,+0.087
3091.255,5,16,+14.556,+0.238
3096.677,5,16,+14.836,+0.336
3102.186,5,16,+14.945,+0.391
3106.014,5,16,+15.025,+0.489
3110.03,5,16,+15.238,+0.377
3112.619,5,16,+15.304,+0.375
3115.152,5,16,+15.328,+0.366
3118.917,5,16,+15.519,+0.309
3123.511,5,16,+15.742,+0.287
3125.91,5,16,+15.736,+0.298
3128.254,5,16,+15.674,+0.290
3130.176,5,16,+15.580,+0.257
3133.27,5,16,+15.683,+0.216
3138.623,5,16,+16.067,+0.286
3139.983,5,16,+16.133,+0.317
3145.873,5,16,+16.600,+0.321
3147.296,5,16,+16.695,+0.342
3149.342,5,16,+16.829,+0.379
3150.233,5,16,+16.852,+0.392
3154.905,5,16,+16.642,+0.332
3158.264,5,16,+16.586,+0.268
3161.764,5,16,+16.733,+0.303
3165.967,5,16,+17.112,+0.478
3172.111,5,16,+17.341,+0.642
3175.998,5,16,+17.418,+0.781
3180.342,5,16,+17.343,+0.939
3181.639,5,16,+17.389,+0.898
3186.67,5,16,+17.736,+0.754
3192.092,5,16,+17.967,+0.800
3197.561,5,16,+18.085,+0.852
3201.498,5,16,+18.199,+0.904
3205.448,5,16,+18.414,+0.682
3208.011,5,16,+18.521,+0.645
3210.558,5,16,+18.618,+0.617
3214.245,5,16,+18.817,+0.500
3218.729,5,16,+18.912,+0.396
3221.12,5,16,+18.873,+0.360
3223.433,5,16,+18.788,+0.303
3225.448,5,16,+18.679,+0.234
3228.508,5,16,+18.773,+0.261
3233.758,5,16,+19.112,+0.277
3235.086,5,16,+19.129,+0.301
3240.936,5,16,+19.527,+0.339
3242.33,5,16,+19.568,+0.363
3244.345,5,16,+19.615,+0.368
3245.22,5,16,+19.622,+0.367
3249.871,5,16,+19.389,+0.281
3253.176,5,16,+19.273,+0.222
3256.667,5,16,+19.444,+0.284
3260.829,5,16,+19.762,+0.390
3266.938,5,16,+19.934,+0.472
3270.895,5,16,+19.954,+0.540
3275.004,5,16,+19.925,+0.615
3276.301,5,16,+19.970,+0.650
3281.364,5,16,+20.432,+0.646
3286.789,5,16,+20.631,+0.696
3292.304,5,16,+20.795,+0.768
3296.238,5,16,+20.946,+0.845
3300.208,5,16,+21.122,+0.717
3302.723,5,16,+21.168,+0.685
3305.254,5,16,+21.185,+0.649
3308.895,5,16,+21.339,+0.576
3313.551,5,16,+21.485,+0.500
3315.77,5,16,+21.457,+0.467
3318.089,5,16,+21.368,+0.392
3320.045,5,16,+21.257,+0.308
3323.061,5,16,+21.265,+0.253
3328.297,5,16,+21.685,+0.254
3329.623,5,16,+21.816,+0.274
3335.514,5,16,+22.168,+0.349
3336.921,5,16,+22.234,+0.358
3339.014,5,16,+22.362,+0.390
3339.907,5,16,+22.375,+0.389
3344.514,5,16,+22.159,+0.284
3347.786,5,16,+22.048,+0.229
3351.329,5,16,+22.171,+0.290
3355.501,5,16,+22.569,+0.522
3361.501,5,16,+22.663,+0.524
3365.329,5,16,+22.640,+0.577
3369.517,5,16,+22.384,+0.609
3370.923,5,16,+22.357,+0.604
3375.883,5,16,+22.608,+0.584
3381.273,5,16,+22.872,+0.613
3386.735,5,16,+22.933,+0.639
3390.672,5,16,+23.052,+0.661
3394.561,5,16,+23.198,+0.577
3397.123,5,16,+23.267,+0.567
3399.686,5,16,+23.308,+0.563
3403.264,5,16,+23.418,+0.500
3407.717,5,16,+23.449,+0.350
3410.051,5,16,+23.367,+0.277
3412.286,5,16,+23.176,+0.088
3414.051,5,15,+23.176,+0.088
3414.145,5,15,+22.966,+1.238
3417.067,5,15,+22.896,+1.139
3422.308,5,15,+23.156,+1.154
3423.423,5,15,+23.255,+1.161
3429.111,5,15,+23.546,+1.156
3430.508,5,15,+23.553,+1.158
3432.564,5,15,+23.583,+1.165
3433.462,5,15,+23.594,+1.183
3438.172,5,15,+23.509,+1.268
3441.438,5,15,+23.391,+1.148
3444.739,5,15,+23.329,+1.040
3448.882,5,15,+23.539,+1.079
3454.882,5,15,+23.666,+1.113
3458.757,5,15,+23.704,+1.187
3463.085,5,15,+23.742,+1.233
3464.476,5,15,+23.783,+1.247
3469.382,5,15,+23.955,+1.324
3474.789,5,15,+24.117,+1.315
3480.289,5,15,+24.255,+1.384
3484.32,5,15,+24.494,+1.467
3488.239,5,15,+24.615,+1.451
3490.879,5,15,+24.738,+1.490
3493.442,5,15,+24.832,+1.526
3496.973,5,15,+24.887,+1.494
3501.475,5,15,+24.956,+1.498
3503.892,5,15,+24.907,+1.544
3506.329,5,15,+24.812,+1.610
3508.36,5,15,+24.794,+1.661
3511.436,5,15,+24.826,+1.681
3516.423,5,15,+24.996,+1.660
3517.735,5,15,+25.070,+1.639
3523.439,5,15,+25.163,+1.533
3524.798,5,15,+25.226,+1.559
3526.86,5,15,+25.301,+1.601
3527.69,5,15,+25.299,+1.612
3532.451,5,15,+25.096,+1.704
3535.758,5,15,+24.980,+1.678
3539.139,5,15,+24.949,+1.686
3543.245,5,15,+25.081,+1.696
3549.276,5,15,+24.975,+1.668
3553.135,5,15,+25.011,+1.717
3557.463,5,15,+25.205,+1.835
3558.792,5,15,+25.269,+1.836
3563.62,5,15,+25.260,+1.756
3568.963,5,15,+25.278,+1.714
3574.463,5,15,+25.394,+1.789
3578.479,5,15,+25.253,+1.969
3582.338,5,15,+25.275,+1.929
3584.932,5,15,+25.384,+2.020
3587.51,5,15,+25.492,+2.116
3591.151,5,15,+25.517,+2.111
3595.573,5,15,+25.415,+2.016
3597.979,5,15,+25.478,+2.055
3600.37,5,15,+25.607,+2.142
3602.448,5,15,+25.742,+2.249
3605.57,5,15,+25.856,+2.154
3610.461,5,15,+25.956,+2.041
3611.741,5,15,+25.932,+1.968
3617.378,5,15,+26.014,+1.639
3618.73,5,15,+26.068,+1.614
3620.732,5,15,+26.155,+1.570
3621.638,5,15,+26.158,+1.552
3626.31,5,15,+25.987,+1.524
3629.591,5,15,+25.867,+1.502
3632.966,5,15,+25.938,+1.541
3637.035,5,15,+26.122,+1.505
3643.026,5,15,+26.222,+1.341
3646.895,5,15,+26.279,+1.364
3651.254,5,15,+26.313,+1.431
3652.551,5,15,+26.334,+1.432
3657.365,5,15,+26.383,+1.361
3662.738,5,15,+26.515,+1.423
3668.253,5,15,+26.665,+1.547
3672.222,5,15,+26.740,+1.693
3676.128,5,15,+26.888,+1.656
3678.738,5,15,+27.018,+1.742
3681.347,5,15,+27.133,+1.835
3684.941,5,15,+27.220,+1.818
3689.441,5,15,+27.397,+1.720
3691.878,5,15,+27.414,+1.744
3694.269,5,15,+27.386,+1.866
3696.291,5,15,+27.356,+2.057
3699.315,5,15,+27.275,+2.100
3704.329,5,15,+27.432,+1.903
3705.641,5,15,+27.323,+1.922
3711.327,5,15,+27.530,+1.380
3712.784,5,15,+27.608,+1.348
3714.852,5,15,+27.768,+1.313
3715.707,5,15,+27.797,+1.289
3720.447,5,15,+27.720,+1.204
3723.672,5,15,+27.629,+1.141
3726.989,5,15,+27.706,+0.979
3731.158,5,15,+27.928,+1.050
3737.286,5,15,+27.984,+0.928
3741.139,5,15,+28.088,+1.026
3745.469,5,15,+28.234,+1.182
3746.766,5,15,+28.289,+1.226
3751.688,5,15,+28.562,+1.031
3757.094,5,15,+28.717,+0.866
3762.548,5,15,+28.806,+0.954
3766.438,5,15,+28.811,+1.009
3770.361,5,15,+28.942,+0.920
3772.961,5,15,+29.060,+0.979
3775.601,5,15,+29.165,+1.040
3779.154,5,15,+29.179,+0.864
3783.638,5,15,+29.245,+0.707
3786.029,5,15,+29.228,+0.665
3788.372,5,15,+29.150,+0.606
3790.326,5,15,+29.055,+0.559
3793.326,5,15,+28.922,+0.472
3798.404,5,15,+29.109,+0.324
3799.701,5,15,+29.048,+0.287
3805.635,5,15,+29.402,+0.309
3807.026,5,15,+29.471,+0.336
3809.135,5,15,+29.621,+0.370
3810.026,5,15,+29.652,+0.372
3814.641,5,15,+29.485,+0.259
3817.91,5,15,+29.433,+0.257
3821.41,5,15,+29.596,+0.350
3825.66,5,15,+29.841,+0.547
3831.738,5,15,+29.950,+0.456
3835.551,5,15,+30.036,+0.512
3839.674,5,15,+29.999,+0.499
3840.972,5,15,+30.024,+0.508
3845.985,5,15,+30.392,+0.453
3851.61,5,15,+30.677,+0.569
3856.985,5,15,+30.758,+0.636
3860.813,5,15,+30.707,+0.695
3864.719,5,15,+30.865,+0.643
3867.235,5,15,+30.913,+0.608
3869.782,5,15,+30.911,+0.553
3873.407,5,15,+31.032,+0.476
3877.938,5,15,+31.203,+0.370
3880.344,5,15,+31.183,+0.320
3882.563,5,15,+31.029,+0.180
3884.282,5,14,+31.029,+0.180
3884.376,5,14,+30.805,+0.915
3887.347,5,14,+30.635,+0.776
3892.419,5,14,+30.902,+0.830
3893.732,5,14,+30.909,+0.838
3899.435,5,14,+31.185,+0.797
3900.825,5,14,+31.194,+0.820
3902.891,5,14,+31.275,+0.842
3903.719,5,14,+31.291,+0.845
3908.454,5,14,+31.216,+0.793
3911.719,5,14,+31.145,+0.790
3915.094,5,14,+31.186,+0.811
3919.188,5,14,+31.351,+0.812
3925.297,5,14,+31.283,+0.903
3929.251,5,14,+31.432,+0.947
3933.563,5,14,+31.599,+0.887
3934.891,5,14,+31.663,+0.884
3939.817,5,14,+31.932,+0.999
3945.15,5,14,+32.038,+0.972
3950.715,5,14,+32.230,+1.030
3954.682,5,14,+32.352,+1.087
3958.573,5,14,+32.470,+1.129
3961.135,5,14,+32.555,+1.127
3963.744,5,14,+32.626,+1.126
3967.307,5,14,+32.660,+1.100
3971.916,5,14,+32.863,+1.073
3974.353,5,14,+32.914,+1.077
3976.76,5,14,+32.919,+1.086
3978.775,5,14,+32.911,+1.099
3981.823,5,14,+32.859,+1.096
3986.822,5,14,+32.998,+1.110
3988.135,5,14,+33.022,+1.111
3993.744,5,14,+33.159,+1.044
3995.119,5,14,+33.174,+1.081
3997.15,5,14,+33.268,+1.133
3998.025,5,14,+33.283,+1.132
4002.728,5,14,+33.253,+1.162
4006.01,5,14,+33.189,+1.165
4009.353,5,14,+33.179,+1.179
4013.478,5,14,+33.407,+1.221
4019.525,5,14,+33.143,+1.214
4023.4,5,14,+33.260,+1.243
4027.728,5,14,+33.374,+1.234
4029.056,5,14,+33.411,+1.227
4033.953,5,14,+33.610,+1.292
4039.328,5,14,+33.763,+1.248
4044.797,5,14,+33.912,+1.244
4048.75,5,14,+34.013,+1.313
4052.672,5,14,+34.128,+1.294
4055.312,5,14,+34.253,+1.303
4057.937,5,14,+34.368,+1.321
4061.547,5,14,+34.403,+1.328
4066.078,5,14,+34.471,+1.297
4068.5,5,14,+34.502,+1.298
4070.89,5,14,+34.526,+1.300
4072.953,5,14,+34.552,+1.306
4075.969,5,14,+34.515,+1.311
4081.047,5,14,+34.683,+1.430
4082.375,5,14,+34.708,+1.431
4087.984,5,14,+34.803,+1.285
4089.344,5,14,+34.824,+1.291
4091.39,5,14,+34.926,+1.354
4092.234,5,14,+34.935,+1.358
4096.953,5,14,+34.854,+1.420
4100.229,5,14,+34.783,+1.372
4103.571,5,14,+34.801,+1.313
4107.649,5,14,+34.950,+1.305
4113.728,5,14,+34.859,+1.312
4117.618,5,14,+35.004,+1.400
4122.007,5,14,+35.205,+1.455
4123.334,5,14,+35.287,+1.468
4128.191,5,14,+35.545,+1.504
4133.579,5,14,+35.606,+1.543
4139.0,5,14,+35.682,+1.574
4142.938,5,14,+35.711,+1.614
4146.797,5,14,+35.787,+1.504
4149.402,5,14,+35.880,+1.487
4152.001,5,14,+35.973,+1.522
4155.579,5,14,+36.002,+1.478
4160.074,5,14,+36.055,+1.420
4162.482,5,14,+36.059,+1.431
4164.869,5,14,+36.043,+1.509
4166.9,5,14,+36.021,+1.617
4169.916,5,14,+35.985,+1.485
4174.894,5,14,+36.129,+1.377
4176.171,5,14,+36.133,+1.351
4181.825,5,14,+36.349,+1.235
4183.2,5,14,+36.362,+1.232
4185.231,5,14,+36.442,+1.220
4186.106,5,14,+36.457,+1.212
4190.825,5,14,+36.362,+1.147
4194.029,5,14,+36.259,+1.096
4197.419,5,14,+36.315,+1.022
4201.537,5,14,+36.440,+1.081
4207.603,5,14,+36.483,+1.037
4211.525,5,14,+36.607,+1.097
4215.791,5,14,+36.742,+1.375
4217.119,5,14,+36.803,+1.312
4221.931,5,14,+37.079,+1.183
4227.466,5,14,+37.308,+1.055
4232.872,5,14,+37.390,+0.974
4236.762,5,14,+37.371,+0.947
4240.669,5,14,+37.495,+0.852
4243.247,5,14,+37.596,+0.811
4245.874,5,14,+37.677,+0.806
4249.481,5,14,+37.757,+0.795
4254.033,5,14,+37.891,+0.598
4256.447,5,14,+37.893,+0.627
4258.806,5,14,+37.856,+0.688
4260.775,5,14,+37.795,+0.752
4263.775,5,14,+37.740,+0.716
4268.759,5,14,+37.865,+0.615
4270.056,5,14,+37.876,+0.568
4275.769,5,14,+38.183,+0.498
4277.191,5,14,+38.234,+0.502
4279.258,5,14,+38.387,+0.511
4280.128,5,14,+38.416,+0.504
4284.769,5,14,+38.285,+0.391
4288.019,5,14,+38.194,+0.314
4291.534,5,14,+38.370,+0.295
4295.753,5,14,+38.694,+0.482
4301.878,5,14,+38.729,+0.542
4305.706,5,14,+38.789,+0.536
4309.917,5,14,+38.773,+0.345
4311.262,5,14,+38.837,+0.306
4316.256,5,14,+39.237,+0.517
4321.584,5,14,+39.288,+0.400
4327.035,5,14,+39.437,+0.380
4330.969,5,14,+39.338,+0.246
4334.812,5,14,+39.556,+0.321
4337.375,5,14,+39.616,+0.239
4339.953,5,14,+39.650,+0.248
4343.656,5,14,+39.831,+0.342
4348.234,5,14,+40.012,+0.395
4350.641,5,14,+39.998,+0.438
4352.937,5,14,+39.891,+0.496
4354.828,5,14,+39.753,+0.569
4357.797,5,14,+39.662,+0.619
4362.878,5,14,+39.931,+0.596
4364.175,5,14,+39.978,+0.583
4369.987,5,14,+40.364,+0.637
4371.406,5,14,+40.430,+0.709
4373.5,5,14,+40.574,+0.802
4374.375,5,14,+40.600,+0.810
4379.047,5,14,+40.513,+0.758
4382.282,5,14,+40.413,+0.722
4385.641,5,14,+40.483,+0.691
4389.717,5,14,+40.591,+0.673
4395.791,5,14,+40.715,+0.680
4399.656,5,14,+40.815,+0.701
4403.968,5,14,+40.888,+0.598
4405.282,5,14,+40.924,+0.539
4410.228,5,14,+41.306,+0.667
4415.641,5,14,+41.340,+0.629
4421.141,5,14,+41.567,+0.668
4425.047,5,14,+41.625,+0.624
4428.906,5,14,+41.735,+0.573
4431.468,5,14,+41.771,+0.534
4434.0,5,14,+41.782,+0.500
4437.669,5,14,+41.846,+0.536
4442.109,5,14,+42.002,+0.535
4444.484,5,14,+42.027,+0.572
4446.77,5,14,+41.989,+0.590
4448.591,5,14,+41.899,+0.585
4451.562,5,14,+41.804,+0.554
4456.593,5,14,+41.997,+0.691
4457.906,5,14,+42.024,+0.769
4463.468,5,14,+42.243,+0.736
4464.921,5,14,+42.335,+0.796
4467.0,5,14,+42.470,+0.825
4467.86,5,14,+42.499,+0.819
9.614,27,13,,
2862.471,27,13,+2.135,
2865.596,27,14,+2.135,
2866.127,27,15,+2.135,
2866.252,27,16,+2.135,
2866.689,27,15,+2.135,
2866.767,27,15,+2.638,+0.409
2870.346,27,15,+2.930,+0.328
2874.785,27,15,+3.515,+0.163
2881.096,27,16,+3.515,+0.163
2881.299,27,15,+3.515,+0.163
2881.392,27,15,+4.151,+0.109
2885.33,27,15,+4.270,+0.122
2889.33,27,14,+4.270,+0.122
2889.424,27,14,+3.990,+0.893
2890.889,27,14,+4.001,+0.855
2896.042,27,14,+4.449,+0.838
2901.621,27,14,+4.860,+0.740
2907.036,27,14,+4.970,+0.827
2910.958,27,14,+4.959,+0.764
2915.396,27,14,+5.652,+0.900
2918.071,27,14,+5.812,+1.021
2920.758,27,14,+5.916,+1.056
2924.727,27,14,+6.350,+0.785
2929.383,27,14,+6.666,+0.701
2931.774,27,14,+6.655,+0.760
2934.118,27,14,+6.568,+0.846
2936.086,27,14,+6.452,+0.895
2939.258,27,14,+6.510,+0.895
2944.517,27,14,+6.686,+0.771
2945.846,27,14,+6.675,+0.753
2952.31,27,14,+7.596,+0.637
2953.676,27,14,+7.719,+0.663
2955.746,27,14,+7.864,+0.613
2956.621,27,14,+7.893,+0.585
2961.438,27,14,+7.805,+0.547
2965.042,27,14,+8.048,+0.369
2968.605,27,14,+8.273,+0.414
2973.237,27,14,+8.972,+0.890
2979.311,27,15,+8.972,+0.890
2979.467,27,15,+9.350,+0.060
2983.393,27,15,+9.471,+0.147
2987.352,27,14,+9.471,+0.147
2987.445,27,14,+9.098,+0.733
2988.774,27,14,+9.084,+0.684
2993.899,27,14,+9.466,+0.727
2999.442,27,14,+9.927,+0.812
3004.924,27,14,+10.050,+0.781
3009.049,27,14,+10.089,+0.835
3012.986,27,14,+10.595,+0.944
3015.611,27,14,+10.764,+1.012
3018.189,27,14,+10.929,+1.071
3022.002,27,14,+11.231,+1.099
3026.502,27,14,+11.432,+1.107
3028.924,27,14,+11.446,+1.154
3031.345,27,14,+11.410,+1.197
3033.37,27,14,+11.358,+1.249
3036.531,27,14,+11.507,+1.377
3041.671,27,14,+11.700,+1.564
3043.036,27,14,+11.773,+1.638
3048.974,27,14,+12.294,+1.487
3050.333,27,14,+12.350,+1.467
3052.427,27,14,+12.420,+1.493
3053.255,27,14,+12.432,+1.497
3058.099,27,14,+12.373,+1.712
3061.558,27,14,+12.418,+1.765
3065.161,27,14,+12.679,+2.032
3069.27,27,14,+12.784,+1.856
3075.264,27,14,+12.824,+1.694
3079.143,27,14,+12.832,+1.690
3083.517,27,14,+12.839,+2.000
3084.877,27,14,+12.887,+2.106
3089.877,27,14,+13.224,+1.684
3095.413,27,14,+13.577,+1.723
3100.916,27,14,+13.716,+1.752
3104.873,27,14,+13.874,+1.907
3108.873,27,14,+14.080,+1.779
3111.503,27,14,+14.195,+1.826
3114.121,27,14,+14.272,+1.853
3117.761,27,14,+14.375,+1.620
3122.417,27,14,+14.637,+1.610
3124.875,27,14,+14.698,+1.667
3127.355,27,14,+14.771,+1.753
3129.41,27,14,+14.809,+1.820
3132.613,27,14,+14.998,+1.884
3137.733,27,14,+15.171,+1.748
3139.061,27,14,+15.227,+1.756
3144.764,27,14,+15.499,+1.610
3146.123,27,14,+15.555,+1.572
3148.155,27,14,+15.637,+1.554
3149.045,27,14,+15.657,+1.561
3153.842,27,14,+15.582,+1.623
3157.295,27,14,+15.606,+1.671
3160.717,27,14,+15.667,+1.693
3164.748,27,14,+15.903,+1.705
3170.811,27,14,+15.909,+1.532
3174.576,27,14,+15.964,+1.562
3178.967,27,14,+16.031,+1.648
3180.373,27,14,+16.084,+1.674
3185.264,27,14,+16.342,+1.617
3191.233,27,14,+16.609,+1.640
3196.248,27,14,+16.740,+1.762
3200.186,27,14,+16.895,+1.933
3204.213,27,14,+17.143,+1.931
3206.776,27,14,+17.314,+1.973
3209.403,27,14,+17.474,+2.015
3213.089,27,14,+17.650,+1.973
3217.558,27,14,+17.740,+1.989
3219.964,27,14,+17.738,+2.013
3222.37,27,14,+17.725,+2.044
3224.386,27,14,+17.711,+2.072
3227.495,27,14,+17.801,+2.127
3232.601,27,14,+17.931,+1.986
3233.898,27,14,+17.933,+1.997
3239.701,27,14,+18.273,+2.038
3241.108,27,14,+18.289,+1.998
3243.055,27,14,+18.316,+1.965
3243.892,27,14,+18.313,+1.955
3248.663,27,14,+18.177,+1.969
3251.998,27,14,+18.129,+2.009
3255.464,27,14,+18.218,+2.002
3259.579,27,14,+18.526,+2.230
3265.533,27,14,+18.557,+2.032
3269.395,27,14,+18.566,+2.028
3273.77,27,14,+18.713,+2.038
3275.13,27,14,+18.773,+2.067
3279.973,27,14,+18.999,+1.925
3285.381,27,14,+19.219,+1.906
3290.914,27,14,+19.343,+2.032
3294.854,27,14,+19.555,+2.236
3298.759,27,14,+19.689,+2.163
3301.333,27,14,+19.786,+2.195
3303.942,27,14,+19.861,+2.230
3307.536,27,14,+19.994,+2.143
3312.02,27,14,+20.109,+2.114
3314.443,27,14,+20.116,+2.139
3316.87,27,14,+20.100,+2.161
3318.855,27,14,+20.082,+2.180
3321.936,27,14,+20.143,+2.221
3326.937,27,14,+20.320,+2.040
3328.236,27,14,+20.412,+2.033
3333.842,27,14,+20.509,+1.886
3335.311,27,14,+20.560,+1.863
3337.295,27,14,+20.618,+1.828
3338.264,27,14,+20.616,+1.811
3342.811,27,14,+20.465,+1.764
3346.123,27,14,+20.404,+1.770
3349.472,27,14,+20.444,+1.659
3353.548,27,14,+20.630,+1.702
3359.532,27,14,+20.694,+1.613
3363.376,27,14,+20.678,+1.628
3367.72,27,14,+20.574,+1.629
3369.032,27,14,+20.575,+1.633
3374.008,27,14,+20.751,+1.489
3379.492,27,14,+21.083,+1.496
3384.951,27,14,+21.141,+1.639
3388.86,27,14,+21.272,+1.803
3392.797,27,14,+21.433,+1.783
3395.623,27,14,+21.540,+1.837
3397.982,27,14,+21.619,+1.890
3401.561,27,14,+21.702,+1.767
3406.045,27,14,+21.805,+1.767
3408.471,27,14,+21.785,+1.778
3410.895,27,14,+21.759,+1.784
3412.911,27,14,+21.728,+1.802
3415.957,27,14,+21.757,+1.793
3420.942,27,14,+22.002,+1.663
3422.316,27,14,+22.094,+1.635
3428.001,27,14,+22.390,+1.485
3429.361,27,14,+22.395,+1.482
3431.419,27,14,+22.418,+1.470
3432.236,27,14,+22.411,+1.454
3436.929,27,14,+22.241,+1.416
3440.329,27,14,+22.243,+1.455
3443.726,27,14,+22.289,+1.444
3447.786,27,14,+22.460,+1.499
3453.789,27,14,+22.553,+1.357
3457.617,27,14,+22.517,+1.394
3461.882,27,14,+22.509,+1.580
3463.179,27,14,+22.536,+1.624
3468.054,27,14,+22.631,+1.422
3473.461,27,14,+22.802,+1.311
3478.898,27,14,+22.871,+1.404
3482.867,27,14,+23.027,+1.527
3486.77,27,14,+23.164,+1.435
3489.348,27,14,+23.248,+1.464
3491.91,27,14,+23.306,+1.489
3495.504,27,14,+23.393,+1.404
3499.955,27,14,+23.458,+1.273
3502.376,27,14,+23.363,+1.254
3504.704,27,14,+23.202,+1.244
3506.673,27,14,+23.133,+1.246
3509.735,27,14,+23.145,+1.213
3514.767,27,14,+23.336,+1.052
3516.095,27,14,+23.431,+1.035
3521.876,27,14,+23.630,+0.954
3523.251,27,14,+23.667,+0.928
3525.282,27,14,+23.700,+0.896
3526.095,27,14,+23.687,+0.880
3530.829,27,14,+23.392,+0.808
3534.086,27,14,+23.302,+0.831
3537.468,27,14,+23.263,+0.807
3541.576,27,14,+23.385,+0.868
3547.588,27,14,+23.307,+0.796
3551.432,27,14,+23.294,+0.833
3555.651,27,14,+23.370,+0.930
3556.948,27,14,+23.433,+0.981
3561.854,27,14,+23.504,+0.835
3567.292,27,14,+23.564,+0.721
3572.667,27,14,+23.605,+0.717
3576.51,27,14,+23.284,+0.743
3580.401,27,14,+23.346,+0.691
3582.901,27,14,+23.364,+0.671
3585.417,27,14,+23.376,+0.646
3588.979,27,14,+23.406,+0.565
3593.51,27,14,+23.399,+0.487
3595.932,27,14,+23.423,+0.450
3598.229,27,14,+23.465,+0.378
3600.182,27,14,+23.493,+0.294
3603.295,27,14,+23.702,+0.366
3608.429,27,14,+23.915,+0.254
3609.757,27,14,+23.964,+0.289
3615.741,27,14,+24.375,+0.425
3617.148,27,14,+24.454,+0.426
3619.193,27,14,+24.585,+0.451
3620.06,27,14,+24.606,+0.456
3624.779,27,14,+24.463,+0.464
3628.091,27,14,+24.365,+0.464
3631.451,27,14,+24.397,+0.434
3635.56,27,14,+24.617,+0.523
3641.699,27,14,+24.881,+0.577
3645.629,27,14,+24.915,+0.641
3649.801,27,14,+24.882,+0.768
3651.146,27,14,+24.902,+0.816
3655.941,27,14,+25.022,+0.745
3661.301,27,14,+25.092,+0.701
3666.691,27,14,+25.118,+0.637
3670.519,27,14,+25.047,+0.602
3674.488,27,14,+25.232,+0.634
3676.988,27,14,+25.276,+0.634
3679.488,27,14,+25.298,+0.616
3683.159,27,14,+25.402,+0.637
3687.722,27,14,+25.677,+0.538
3690.113,27,14,+25.670,+0.495
3692.378,27,14,+25.520,+0.356
3694.206,27,14,+25.299,+0.156
3697.123,27,13,+25.299,+0.156
3697.209,27,13,+25.162,+1.088
3702.407,27,13,+25.518,+1.271
3703.657,27,13,+25.338,+1.218
3709.382,27,13,+25.582,+1.253
3710.926,27,13,+25.659,+1.239
3712.874,27,13,+25.781,+1.222
3713.771,27,13,+25.809,+1.219
3718.52,27,13,+25.825,+1.270
3721.838,27,13,+25.841,+1.334
3725.237,27,13,+25.949,+1.377
3729.333,27,13,+26.108,+1.395
3735.429,27,13,+26.082,+1.147
3739.235,27,13,+26.198,+1.184
3743.657,27,13,+26.463,+1.387
3745.001,27,13,+26.572,+1.460
3749.938,27,13,+26.848,+1.487
3755.423,27,13,+27.057,+1.404
3760.891,27,13,+27.178,+1.478
3764.876,27,13,+27.249,+1.626
3768.766,27,13,+27.350,+1.527
3771.376,27,13,+27.457,+1.598
3773.929,27,13,+27.538,+1.678
3777.591,27,13,+27.574,+1.727
3782.185,27,13,+27.805,+1.744
3784.654,27,13,+27.847,+1.757
3787.107,27,13,+27.868,+1.796
3789.154,27,13,+27.865,+1.836
3792.294,27,13,+27.838,+1.944
3797.31,27,13,+28.005,+1.983
3798.623,27,13,+27.963,+2.029
3804.322,27,13,+28.135,+2.038
3805.698,27,13,+28.136,+1.951
3807.713,27,13,+28.216,+1.889
3808.604,27,13,+28.235,+1.873
3813.354,27,13,+28.210,+1.916
3816.661,27,13,+28.163,+1.900
3820.035,27,13,+28.232,+1.882
3824.113,27,13,+28.300,+1.892
3830.113,27,13,+28.347,+1.707
3833.988,27,13,+28.478,+1.778
3838.409,27,13,+28.717,+1.993
3839.755,27,13,+28.792,+2.051
3844.594,27,13,+28.987,+2.016
3850.079,27,13,+29.181,+1.904
3855.563,27,13,+29.347,+1.982
3859.547,27,13,+29.421,+2.120
3863.469,27,13,+29.536,+2.029
3865.938,27,13,+29.609,+2.061
3868.503,27,13,+29.629,+2.099
3872.063,27,13,+29.692,+2.093
3876.625,27,13,+29.851,+1.960
3879.063,27,13,+29.897,+1.952
3881.485,27,13,+29.905,+1.938
3883.469,27,13,+29.890,+1.935
3886.555,27,13,+29.859,+2.007
3891.607,27,13,+30.072,+1.951
3892.888,27,13,+30.071,+1.977
3898.669,27,13,+30.388,+2.061
3900.044,27,13,+30.374,+1.989
3902.029,27,13,+30.433,+1.955
3902.891,27,13,+30.446,+1.958
3907.672,27,13,+30.423,+2.064
3910.922,27,13,+30.355,+2.082
3914.266,27,13,+30.375,+2.022
3918.407,27,13,+30.539,+2.043
3924.407,27,13,+30.380,+1.786
3928.235,27,13,+30.485,+1.790
3932.641,27,13,+30.712,+1.923
3934.016,27,13,+30.779,+1.944
3938.816,27,13,+30.933,+1.865
3944.192,27,13,+31.066,+1.744
3949.635,27,13,+31.200,+1.790
3953.588,27,13,+31.265,+1.876
3957.432,27,13,+31.341,+1.712
3960.01,27,13,+31.428,+1.762
3962.604,27,13,+31.500,+1.842
3966.213,27,13,+31.560,+1.801
3970.916,27,13,+31.790,+1.702
3973.275,27,13,+31.837,+1.702
3975.666,27,13,+31.833,+1.679
3977.654,27,13,+31.812,+1.664
3980.744,27,13,+31.763,+1.636
3985.713,27,13,+31.888,+1.483
3987.025,27,13,+31.911,+1.496
3992.713,27,13,+32.115,+1.381
3994.057,27,13,+32.093,+1.290
3996.01,27,13,+32.135,+1.219
3996.853,27,13,+32.151,+1.217
4001.572,27,13,+32.091,+1.222
4004.838,27,13,+32.024,+1.212
4008.166,27,13,+32.000,+1.139
4012.291,27,13,+32.186,+1.117
4018.322,27,13,+31.929,+0.967
4022.15,27,13,+32.017,+0.983
4026.51,27,13,+32.140,+1.089
4027.838,27,13,+32.184,+1.120
4032.654,27,13,+32.318,+1.106
4038.094,27,13,+32.515,+0.975
4043.547,27,13,+32.668,+1.038
4047.453,27,13,+32.700,+1.099
4051.406,27,13,+32.834,+1.083
4054.0,27,13,+32.950,+1.169
4056.625,27,13,+33.047,+1.257
4060.219,27,13,+33.075,+1.265
4064.766,27,13,+33.174,+1.123
4067.203,27,13,+33.204,+1.091
4069.594,27,13,+33.226,+1.074
4071.625,27,13,+33.246,+1.068
4074.672,27,13,+33.204,+1.113
4079.625,27,13,+33.253,+0.971
4080.937,27,13,+33.277,+0.995
4086.687,27,13,+33.518,+1.023
4088.047,27,13,+33.533,+0.965
4090.031,27,13,+33.572,+0.915
4090.906,27,13,+33.577,+0.913
4095.531,27,13,+33.434,+0.882
4098.836,27,13,+33.411,+0.945
4102.259,27,13,+33.488,+1.027
4106.399,27,13,+33.645,+0.950
4112.415,27,13,+33.547,+0.804
4116.212,27,13,+33.604,+0.813
4120.524,27,13,+33.750,+0.909
4121.861,27,13,+33.819,+0.943
4126.669,27,13,+34.041,+0.899
4132.031,27,13,+34.063,+0.715
4137.438,27,13,+34.108,+0.685
4141.313,27,13,+34.097,+0.716
4145.281,27,13,+34.283,+0.714
4147.891,27,13,+34.393,+0.799
4150.454,27,13,+34.451,+0.858
4154.094,27,13,+34.524,+0.889
4158.626,27,13,+34.635,+0.751
4161.062,27,13,+34.628,+0.697
4163.325,27,13,+34.534,+0.584
4165.275,27,13,+34.404,+0.464
4168.431,27,13,+34.500,+0.618
4173.501,27,13,+34.752,+0.534
4174.851,27,13,+34.782,+0.561
4180.575,27,13,+35.114,+0.626
4181.966,27,13,+35.130,+0.597
4184.028,27,13,+35.222,+0.556
4184.888,27,13,+35.245,+0.558
4189.638,27,13,+35.215,+0.581
4192.95,27,13,+35.163,+0.605
4196.372,27,13,+35.293,+0.662
4200.466,27,13,+35.359,+0.563
4206.566,27,13,+35.446,+0.432
4210.416,27,13,+35.510,+0.433
4214.431,27,13,+35.367,+0.247
4215.791,27,13,+35.491,+0.337
4220.791,27,13,+35.896,+0.383
4226.374,27,13,+36.253,+0.429
4231.903,27,13,+36.416,+0.537
4235.809,27,13,+36.424,+0.596
4239.809,27,13,+36.643,+0.638
4242.45,27,13,+36.785,+0.749
4245.064,27,13,+36.871,+0.832
4248.707,27,13,+36.962,+0.831
4253.442,27,13,+37.293,+0.888
4255.806,27,13,+37.266,+0.848
4258.103,27,13,+37.168,+0.808
4260.025,27,13,+37.043,+0.765
4263.056,27,13,+37.024,+0.716
4268.181,27,13,+37.250,+0.632
4269.478,27,13,+37.308,+0.681
4275.269,27,13,+37.685,+0.703
4276.661,27,13,+37.732,+0.667
4278.751,27,13,+37.876,+0.694
4279.626,27,13,+37.912,+0.707
4284.378,27,13,+37.894,+0.727
4287.722,27,13,+37.880,+0.749
4291.253,27,13,+38.075,+0.826
4295.269,27,13,+38.212,+0.827
4301.347,27,13,+38.187,+0.711
4305.175,27,13,+38.253,+0.750
4309.574,27,13,+38.428,+0.864
4310.981,27,13,+38.531,+0.951
4315.725,27,13,+38.720,+0.986
4321.178,27,13,+38.888,+0.893
4326.671,27,13,+39.057,+0.968
4330.562,27,13,+39.092,+1.069
4334.502,27,13,+39.235,+1.032
4337.156,27,13,+39.377,+1.139
4339.719,27,13,+39.402,+1.152
4343.344,27,13,+39.489,+1.194
4347.844,27,13,+39.617,+1.063
4350.187,27,13,+39.560,+0.988
4352.437,27,13,+39.395,+0.843
4354.234,27,13,+39.184,+0.658
4357.172,27,13,+39.043,+0.586
4362.284,27,13,+39.335,+0.651
4363.597,27,13,+39.395,+0.714
4369.362,27,13,+39.727,+0.709
4370.781,27,13,+39.721,+0.683
4372.687,27,13,+39.772,+0.673
4373.547,27,13,+39.790,+0.677
4378.282,27,13,+39.755,+0.737
4381.562,27,13,+39.691,+0.722
4384.953,27,13,+39.792,+0.731
4389.034,27,13,+39.918,+0.733
4395.084,27,13,+40.035,+0.701
4398.953,27,13,+40.114,+0.776
4403.359,27,13,+40.290,+0.971
4404.765,27,13,+40.385,+1.073
4409.562,27,13,+40.639,+1.006
4415.015,27,13,+40.711,+0.953
4420.453,27,13,+40.899,+1.025
4424.406,27,13,+41.001,+1.154
4428.343,27,13,+41.162,+1.141
4430.984,27,13,+41.237,+1.198
4433.484,27,13,+41.282,+1.270
4437.093,27,13,+41.310,+1.220
4441.593,27,13,+41.467,+1.069
4443.906,27,13,+41.455,+0.990
4446.168,27,13,+41.399,+0.934
4448.045,27,13,+41.314,+0.916
4450.984,27,13,+41.250,+0.915
4455.875,27,13,+41.306,+0.796
4457.078,27,13,+41.255,+0.800
4462.75,27,13,+41.507,+0.755
4464.125,27,13,+41.539,+0.707
4466.18,27,13,+41.645,+0.679
4467.071,27,13,+41.680,+0.654
9.614,43,14,,
2861.689,43,14,+1.337,
2865.596,43,10,+1.337,
2865.674,43,10,+1.545,+0.127
2869.299,43,10,+1.937,+0.093
2873.533,43,10,+2.249,+0.030
2879.877,43,10,+2.654,+0.138
2883.689,43,10,+2.608,+0.101
2887.689,43,9,+2.608,+0.101
2887.783,43,9,+2.337,+0.479
2889.064,43,9,+2.301,+0.502
2894.416,43,9,+2.809,+0.502
2899.871,43,9,+3.117,+0.319
2905.271,43,9,+3.228,+0.307
2909.099,43,10,+3.228,+0.307
2909.286,43,10,+3.378,+0.083
2913.802,43,10,+4.052,+0.206
2916.371,43,10,+4.122,+0.272
2919.024,43,10,+4.174,+0.262
2923.117,43,10,+4.726,+0.243
2927.852,43,10,+5.144,+0.367
2930.274,43,10,+5.154,+0.415
2932.649,43,10,+5.038,+0.389
2934.446,43,10,+4.838,+0.310
2937.618,43,10,+4.926,+0.181
2942.836,43,10,+5.025,+0.467
2944.126,43,10,+4.931,+0.401
2950.499,43,10,+5.824,+0.683
2951.937,43,10,+5.976,+0.800
2953.878,43,11,+5.976,+0.800
2954.235,43,11,+6.346,+0.250
2955.214,43,11,+6.518,+0.414
2960.511,43,11,+6.891,+1.024
2963.995,43,11,+6.982,+1.093
2967.449,43,11,+7.124,+1.124
2971.73,43,11,+7.484,+0.995
2977.753,43,11,+7.709,+1.092
2981.62,43,11,+7.685,+1.123
2985.867,43,11,+7.508,+1.204
2987.227,43,11,+7.563,+1.261
2992.258,43,11,+7.821,+1.172
2997.676,43,11,+8.157,+1.114
3003.019,43,11,+8.174,+1.051
3006.877,43,11,+8.244,+1.082
3011.033,43,11,+8.590,+1.109
3013.517,43,11,+8.691,+1.133
3016.064,43,11,+8.776,+1.110
3019.674,43,11,+8.908,+0.915
3024.259,43,11,+9.186,+0.937
3026.72,43,11,+9.217,+0.992
3029.143,43,11,+9.231,+1.051
3031.22,43,11,+9.205,+1.099
3034.277,43,11,+9.251,+1.036
3039.352,43,11,+9.371,+1.071
3040.655,43,11,+9.392,+1.101
3046.677,43,11,+10.000,+1.241
3048.067,43,11,+10.059,+1.246
3050.067,43,11,+10.103,+1.233
3050.989,43,11,+10.112,+1.245
3055.645,43,11,+9.914,+1.363
3058.96,43,11,+9.852,+1.338
3062.468,43,11,+10.006,+1.327
3066.661,43,11,+10.151,+1.311
3072.748,43,11,+10.315,+1.396
3076.628,43,11,+10.279,+1.426
3080.758,43,11,+10.091,+1.446
3082.08,43,11,+10.104,+1.419
3087.111,43,11,+10.470,+1.308
3092.708,43,11,+10.865,+1.391
3098.098,43,11,+10.884,+1.375
3101.936,43,11,+10.923,+1.367
3105.983,43,11,+11.186,+1.267
3108.483,43,11,+11.213,+1.255
3111.036,43,11,+11.189,+1.208
3114.667,43,11,+11.235,+1.061
3119.23,43,11,+11.471,+1.065
3121.698,43,11,+11.509,+1.120
3124.12,43,11,+11.525,+1.176
3126.142,43,11,+11.520,+1.230
3129.176,43,11,+11.575,+1.183
3134.223,43,11,+11.663,+1.153
3135.536,43,11,+11.688,+1.196
3141.358,43,11,+12.110,+1.247
3142.78,43,11,+12.196,+1.258
3144.827,43,11,+12.302,+1.277
3145.686,43,11,+12.321,+1.290
3150.452,43,11,+12.185,+1.503
3153.842,43,11,+12.148,+1.553
3157.248,43,11,+12.201,+1.464
3161.326,43,11,+12.507,+1.364
3167.483,43,11,+12.710,+1.566
3171.342,43,11,+12.674,+1.588
3175.577,43,11,+12.502,+1.634
3175.592,43,11,+12.674,+1.588
3175.592,43,11,+12.502,+1.634
3176.748,43,11,+12.471,+1.600
3181.686,43,11,+12.728,+1.434
3187.076,43,11,+12.974,+1.323
3192.545,43,11,+12.977,+1.296
3196.326,43,11,+13.001,+1.292
3200.389,43,11,+13.253,+1.251
3202.79,43,11,+13.334,+1.251
3205.308,43,11,+13.365,+1.182
3208.901,43,11,+13.498,+1.045
3213.479,43,11,+13.624,+0.993
3215.886,43,11,+13.643,+1.048
3218.292,43,11,+13.652,+1.115
3220.339,43,11,+13.636,+1.167
3223.276,43,11,+13.569,+1.038
3228.492,43,11,+13.858,+1.220
3229.773,43,11,+13.822,+1.213
3235.601,43,11,+14.178,+1.179
3237.014,43,11,+14.253,+1.215
3239.109,43,11,+14.326,+1.231
3239.936,43,11,+14.331,+1.237
3244.642,43,11,+14.173,+1.371
3247.986,43,11,+14.084,+1.281
3251.37,43,11,+14.164,+1.173
3255.448,43,11,+14.324,+0.981
3261.581,43,11,+14.579,+1.124
3265.398,43,11,+14.590,+1.216
3269.598,43,11,+14.551,+1.425
3270.911,43,11,+14.547,+1.360
3275.786,43,11,+14.853,+0.970
3281.317,43,11,+15.160,+1.014
3286.773,43,11,+15.242,+1.012
3290.586,43,11,+15.282,+1.067
3294.616,43,11,+15.553,+0.838
3297.127,43,11,+15.604,+0.802
3299.645,43,11,+15.592,+0.763
3303.332,43,11,+15.778,+0.659
3307.879,43,11,+15.983,+0.607
3310.348,43,11,+15.997,+0.625
3312.661,43,11,+15.928,+0.623
3314.551,43,11,+15.776,+0.558
3317.464,43,11,+15.664,+0.480
3322.701,43,11,+16.089,+0.567
3323.982,43,11,+16.139,+0.528
3329.904,43,11,+16.542,+0.751
3331.451,43,11,+16.723,+0.854
3333.561,43,11,+16.910,+0.917
3334.451,43,11,+16.970,+0.955
3339.264,43,12,+16.970,+0.955
3339.467,43,12,+17.084,+0.101
3343.029,43,12,+17.312,+0.259
3346.67,43,12,+17.624,+0.449
3351.017,43,12,+17.941,+0.619
3357.048,43,12,+18.205,+0.802
3360.892,43,12,+18.210,+0.889
3365.173,43,12,+18.057,+0.931
3366.532,43,12,+18.061,+0.959
3371.532,43,12,+18.257,+1.016
3377.008,43,12,+18.652,+1.147
3382.462,43,12,+18.645,+1.212
3386.313,43,12,+18.711,+1.266
3390.376,43,12,+18.980,+1.345
3392.891,43,12,+19.021,+1.338
3395.623,43,12,+19.011,+1.305
3398.982,43,12,+19.154,+1.236
3403.561,43,12,+19.275,+1.251
3405.982,43,12,+19.272,+1.323
3408.402,43,12,+19.269,+1.460
3410.411,43,12,+19.241,+1.590
3413.426,43,12,+19.245,+1.618
3418.536,43,12,+19.589,+1.796
3419.817,43,12,+19.669,+1.833
3425.657,43,12,+20.056,+1.812
3427.064,43,12,+20.107,+1.823
3429.111,43,12,+20.157,+1.835
3429.97,43,12,+20.165,+1.849
3434.768,43,12,+20.022,+1.938
3438.026,43,12,+19.962,+1.912
3441.475,43,12,+20.008,+1.925
3445.645,43,12,+20.249,+1.941
3451.726,43,12,+20.518,+1.994
3455.57,43,12,+20.501,+2.052
3459.851,43,12,+20.478,+2.176
3461.148,43,12,+20.485,+2.200
3466.039,43,12,+20.615,+2.021
3471.492,43,12,+20.845,+2.098
3476.929,43,12,+20.860,+2.113
3480.789,43,12,+20.945,+2.216
3484.812,43,12,+21.164,+2.208
3487.317,43,12,+21.190,+2.199
3489.785,43,12,+21.182,+2.191
3493.364,43,12,+21.269,+2.077
3497.942,43,12,+21.441,+2.092
3500.427,43,12,+21.389,+2.165
3502.798,43,12,+21.284,+2.313
3504.814,43,12,+21.258,+2.470
3507.876,43,12,+21.301,+2.443
3512.992,43,12,+21.554,+2.121
3514.282,43,12,+21.623,+2.084
3520.126,43,12,+21.868,+1.910
3521.548,43,12,+21.972,+1.900
3523.579,43,12,+22.057,+1.894
3524.47,43,12,+22.060,+1.902
3529.204,43,12,+21.848,+1.983
3532.554,43,12,+21.757,+1.931
3535.914,43,12,+21.712,+1.868
3540.03,43,12,+21.829,+1.867
3546.151,43,12,+21.859,+1.966
3549.963,43,12,+21.852,+1.972
3554.182,43,12,+21.923,+1.970
3555.51,43,12,+21.964,+1.940
3560.419,43,12,+22.071,+1.854
3565.87,43,12,+22.177,+1.858
3571.292,43,12,+22.179,+1.906
3575.151,43,12,+21.898,+1.987
3579.12,43,12,+22.066,+1.944
3581.651,43,12,+22.113,+1.942
3584.167,43,12,+22.141,+1.954
3587.745,43,12,+22.165,+1.908
3592.339,43,12,+22.214,+1.943
3594.776,43,12,+22.292,+1.961
3597.167,43,12,+22.429,+2.002
3599.229,43,12,+22.559,+2.044
3602.245,43,12,+22.658,+2.060
3607.32,43,12,+22.824,+2.068
3608.601,43,12,+22.792,+2.053
3614.351,43,12,+22.981,+2.175
3615.757,43,12,+23.069,+2.148
3617.752,43,12,+23.154,+2.112
3618.636,43,12,+23.155,+2.100
3623.295,43,12,+22.955,+2.125
3626.56,43,12,+22.862,+2.084
3629.951,43,12,+22.899,+2.081
3634.076,43,12,+23.112,+2.042
3640.166,43,12,+23.331,+2.118
3643.979,43,12,+23.338,+2.065
3648.16,43,12,+23.250,+1.977
3649.441,43,12,+23.241,+1.957
3654.301,43,12,+23.323,+1.924
3659.754,43,12,+23.528,+1.993
3665.176,43,12,+23.594,+2.039
3669.034,43,12,+23.537,+2.053
3672.942,43,12,+23.682,+1.962
3675.456,43,12,+23.711,+1.923
3677.925,43,12,+23.709,+1.882
3681.503,43,12,+23.782,+1.822
3686.175,43,12,+24.107,+1.754
3688.582,43,12,+24.157,+1.735
3691.05,43,12,+24.177,+1.744
3693.097,43,12,+24.175,+1.748
3696.117,43,12,+24.074,+1.661
3701.141,43,12,+24.247,+1.570
3702.454,43,12,+24.120,+1.555
3708.148,43,12,+24.329,+1.506
3709.586,43,12,+24.420,+1.470
3711.643,43,12,+24.559,+1.467
3712.556,43,12,+24.590,+1.478
3717.246,43,12,+24.555,+1.509
3720.525,43,12,+24.507,+1.478
3723.835,43,12,+24.572,+1.448
3727.958,43,12,+24.713,+1.309
3734.235,43,12,+24.935,+1.513
3738.051,43,12,+25.014,+1.513
3742.282,43,12,+25.076,+1.421
3743.563,43,12,+25.112,+1.412
3748.454,43,12,+25.361,+1.453
3753.985,43,12,+25.653,+1.574
3759.438,43,12,+25.700,+1.607
3763.266,43,12,+25.623,+1.607
3767.235,43,12,+25.823,+1.542
3769.735,43,12,+25.859,+1.530
3772.282,43,12,+25.860,+1.518
3775.804,43,12,+25.847,+1.468
3780.466,43,12,+26.061,+1.413
3782.888,43,12,+26.090,+1.392
3785.279,43,12,+26.072,+1.365
3787.294,43,12,+26.029,+1.339
3790.326,43,12,+25.894,+1.323
3795.326,43,12,+26.022,+1.222
3796.638,43,12,+25.934,+1.199
3802.276,43,12,+26.097,+1.229
3803.744,43,12,+26.185,+1.240
3805.823,43,12,+26.327,+1.259
3806.776,43,12,+26.362,+1.251
3811.473,43,12,+26.294,+1.170
3814.736,43,12,+26.263,+1.137
3818.176,43,12,+26.350,+1.215
3822.238,43,12,+26.408,+1.153
3828.426,43,12,+26.640,+1.250
3832.191,43,12,+26.700,+1.217
3836.41,43,12,+26.724,+1.114
3837.67,43,12,+26.741,+1.092
3842.571,43,12,+26.971,+1.177
3848.219,43,12,+27.277,+1.311
3853.641,43,12,+27.365,+1.360
3857.407,43,12,+27.301,+1.343
3861.391,43,12,+27.507,+1.321
3863.907,43,12,+27.548,+1.299
3866.391,43,12,+27.530,+1.262
3869.969,43,12,+27.599,+1.286
3874.688,43,12,+27.891,+1.194
3877.094,43,12,+27.945,+1.170
3879.516,43,12,+27.967,+1.152
3881.5,43,12,+27.955,+1.127
3884.532,43,12,+27.852,+1.074
3889.636,43,12,+28.121,+1.107
3890.982,43,12,+28.094,+1.100
3896.622,43,12,+28.327,+1.117
3898.016,43,12,+28.385,+1.094
3900.06,43,12,+28.478,+1.079
3900.95,43,12,+28.488,+1.072
3905.594,43,12,+28.359,+1.005
3908.844,43,12,+28.273,+0.943
3912.266,43,12,+28.353,+0.929
3916.391,43,12,+28.496,+0.875
3922.61,43,12,+28.594,+1.091
3926.469,43,12,+28.695,+1.124
3930.891,43,12,+28.789,+1.086
3932.079,43,12,+28.835,+1.093
3936.922,43,12,+29.068,+1.169
3942.426,43,12,+29.322,+1.287
3947.853,43,12,+29.410,+1.344
3951.776,43,12,+29.389,+1.332
3955.76,43,12,+29.629,+1.267
3958.229,43,12,+29.666,+1.233
3960.76,43,12,+29.658,+1.203
3964.388,43,12,+29.759,+1.212
3969.135,43,12,+30.088,+1.259
3971.619,43,12,+30.135,+1.239
3974.01,43,12,+30.154,+1.188
3976.014,43,12,+30.148,+1.146
3979.072,43,12,+30.127,+1.152
3984.244,43,12,+30.405,+1.230
3985.525,43,12,+30.415,+1.230
3991.353,43,12,+30.734,+1.397
3992.76,43,12,+30.803,+1.408
3994.838,43,12,+30.916,+1.448
3995.713,43,12,+30.934,+1.446
4000.338,43,12,+30.869,+1.355
4003.635,43,12,+30.812,+1.303
4007.025,43,12,+30.861,+1.343
4011.182,43,12,+31.069,+1.316
4017.416,43,12,+30.962,+1.454
4021.166,43,12,+31.034,+1.432
4025.385,43,12,+31.051,+1.340
4026.666,43,12,+31.064,+1.322
4031.574,43,12,+31.212,+1.370
4037.063,43,12,+31.540,+1.487
4042.516,43,12,+31.630,+1.530
4046.344,43,12,+31.601,+1.519
4050.297,43,12,+31.751,+1.502
4052.828,43,12,+31.781,+1.481
4055.344,43,12,+31.790,+1.457
4058.953,43,12,+31.810,+1.405
4063.672,43,12,+32.051,+1.474
4066.109,43,12,+32.113,+1.480
4068.515,43,12,+32.152,+1.462
4070.563,43,12,+32.178,+1.444
4073.562,43,12,+32.091,+1.385
4078.672,43,12,+32.282,+1.436
4079.969,43,12,+32.282,+1.432
4085.656,43,12,+32.495,+1.555
4087.062,43,12,+32.568,+1.547
4089.11,43,12,+32.657,+1.545
4089.984,43,12,+32.664,+1.546
4094.656,43,12,+32.552,+1.498
4097.922,43,12,+32.466,+1.472
4101.225,43,12,+32.461,+1.435
4105.446,43,12,+32.695,+1.413
4111.618,43,12,+32.743,+1.554
4115.415,43,12,+32.791,+1.531
4119.618,43,12,+32.841,+1.438
4120.946,43,12,+32.876,+1.423
4125.828,43,12,+33.142,+1.493
4131.313,43,12,+33.348,+1.573
4136.75,43,12,+33.423,+1.568
4140.578,43,12,+33.381,+1.540
4144.578,43,12,+33.569,+1.462
4147.063,43,12,+33.594,+1.403
4149.694,43,12,+33.593,+1.330
4153.219,43,12,+33.635,+1.262
4157.924,43,12,+33.884,+1.306
4160.491,43,12,+33.931,+1.289
4162.75,43,12,+33.950,+1.265
4164.806,43,12,+33.940,+1.237
4167.822,43,12,+33.882,+1.151
4172.974,43,12,+34.218,+1.218
4174.268,43,12,+34.221,+1.206
4179.953,43,12,+34.488,+1.223
4181.372,43,12,+34.533,+1.255
4183.466,43,12,+34.666,+1.318
4184.356,43,12,+34.687,+1.328
4189.075,43,12,+34.634,+1.329
4192.325,43,12,+34.558,+1.274
4195.7,43,12,+34.631,+1.260
4199.888,43,12,+34.796,+1.292
4206.159,43,12,+35.014,+1.435
4209.978,43,12,+35.077,+1.431
4214.197,43,12,+35.120,+1.326
4215.462,43,12,+35.154,+1.294
4220.369,43,12,+35.513,+1.410
4225.961,43,12,+35.824,+1.489
4231.387,43,12,+35.879,+1.485
4235.2,43,12,+35.828,+1.473
4239.17,43,12,+36.005,+1.407
4241.7,43,12,+36.036,+1.380
4244.247,43,12,+36.039,+1.367
4247.885,43,12,+36.131,+1.382
4252.554,43,12,+36.405,+1.362
4254.978,43,12,+36.418,+1.319
4257.306,43,12,+36.360,+1.218
4259.275,43,12,+36.278,+1.117
4262.322,43,12,+36.308,+1.132
4267.556,43,12,+36.618,+1.218
4268.791,43,12,+36.627,+1.218
4274.566,43,12,+36.982,+1.328
4276.003,43,12,+37.065,+1.344
4278.045,43,12,+37.182,+1.350
4278.934,43,12,+37.205,+1.360
4283.675,43,12,+37.167,+1.412
4286.956,43,12,+37.131,+1.408
4290.378,43,12,+37.249,+1.445
4294.472,43,12,+37.385,+1.329
4300.628,43,12,+37.476,+1.434
4304.425,43,12,+37.503,+1.416
4308.667,43,12,+37.564,+1.402
4309.964,43,12,+37.580,+1.384
4314.756,43,12,+37.734,+1.281
4320.287,43,12,+37.995,+1.418
4325.691,43,12,+38.089,+1.431
4329.515,43,12,+38.023,+1.377
4333.484,43,12,+38.203,+1.294
4336.015,43,12,+38.238,+1.263
4338.547,43,12,+38.250,+1.255
4342.125,43,12,+38.295,+1.153
4346.781,43,12,+38.554,+1.196
4349.187,43,12,+38.572,+1.176
4351.625,43,12,+38.552,+1.138
4353.594,43,12,+38.526,+1.106
4356.609,43,12,+38.457,+1.062
4361.628,43,12,+38.684,+1.033
4362.909,43,12,+38.681,+1.012
4368.612,43,12,+39.018,+1.125
4369.987,43,12,+39.038,+1.105
4372.015,43,12,+39.099,+1.116
4372.875,43,12,+39.113,+1.113
4377.547,43,12,+39.018,+1.076
4380.859,43,12,+38.969,+1.065
4384.203,43,12,+39.061,+1.071
4388.336,43,12,+39.185,+1.036
4394.381,43,12,+39.334,+1.101
4398.172,43,12,+39.338,+1.048
4402.531,43,12,+39.319,+0.936
4403.687,43,12,+39.312,+0.907
4408.547,43,12,+39.633,+1.003
4414.024,43,12,+39.758,+1.097
4419.437,43,12,+39.874,+1.134
4423.25,43,12,+39.847,+1.101
4427.203,43,12,+40.021,+0.998
4429.687,43,12,+40.039,+0.961
4432.281,43,12,+40.012,+0.923
4435.859,43,12,+40.090,+0.906
4440.517,43,12,+40.398,+0.987
4442.937,43,12,+40.465,+0.966
4445.218,43,12,+40.465,+0.902
4447.128,43,12,+40.398,+0.784
4450.046,43,12,+40.335,+0.665
4455.062,43,12,+40.510,+0.667
4456.296,43,12,+40.455,+0.594
4462.0,43,12,+40.752,+0.669
4463.421,43,12,+40.832,+0.690
4465.484,43,12,+40.966,+0.724
4466.406,43,12,+41.026,+0.753
9.614,55,15,,
2861.94,55,15,+1.631,+0.294
2866.127,55,13,+1.631,+0.294
2866.221,55,13,+2.122,+0.231
2870.002,55,13,+2.583,+0.332
2874.221,55,14,+2.583,+0.332
2874.642,55,14,+3.352,+0.328
2881.096,55,15,+3.352,+0.328
2881.299,55,16,+3.352,+0.328
2881.486,55,16,+4.264,+0.113
2885.564,55,16,+4.493,+0.223
2889.58,55,16,+4.150,+0.035
2891.102,55,16,+4.244,+0.079
2896.683,55,16,+5.042,+0.180
2902.292,55,16,+5.528,+0.433
2907.74,55,16,+5.676,+0.554
2911.63,55,16,+5.717,+0.701
2915.942,55,16,+6.210,+0.444
2918.524,55,16,+6.282,+0.393
2921.227,55,16,+6.410,+0.309
2925.461,55,16,+7.071,+0.396
2930.211,55,16,+7.484,+0.456
2932.633,55,16,+7.461,+0.501
2934.914,55,16,+7.359,+0.562
2936.867,55,16,+7.212,+0.612
2940.039,55,16,+7.383,+0.664
2945.408,55,16,+7.606,+0.752
2946.783,55,16,+7.603,+0.806
2953.416,55,16,+8.796,+1.065
2954.888,55,17,+8.796,+1.065
2955.036,55,17,+9.081,+0.091
2957.402,55,17,+9.524,+0.337
2958.325,55,17,+9.628,+0.396
2963.277,55,17,+9.642,+0.469
2966.777,55,17,+9.790,+0.649
2970.386,55,17,+10.066,+0.781
2974.518,55,17,+10.283,+0.634
2980.793,55,17,+10.688,+0.682
2984.555,55,17,+10.644,+0.592
2988.649,55,17,+10.319,+0.557
2989.961,55,17,+10.300,+0.524
2995.223,55,17,+10.803,+0.498
3000.755,55,17,+11.248,+0.588
3006.252,55,17,+11.413,+0.600
3010.174,55,17,+11.485,+0.512
3014.439,55,17,+12.045,+0.667
3016.986,55,17,+12.188,+0.635
3019.595,55,17,+12.330,+0.607
3023.564,55,17,+12.823,+0.783
3028.189,55,17,+13.154,+0.889
3030.658,55,17,+13.164,+0.920
3033.092,55,17,+13.140,+0.977
3035.06,55,17,+13.082,+1.033
3038.307,55,17,+13.280,+1.091
3043.492,55,17,+13.506,+1.051
3044.809,55,17,+13.544,+0.992
3050.817,55,17,+14.064,+0.913
3052.145,55,17,+14.152,+0.935
3054.224,55,17,+14.261,+0.940
3055.13,55,17,+14.289,+0.953
3059.937,55,17,+14.213,+1.061
3063.364,55,17,+14.251,+1.077
3066.865,55,17,+14.405,+1.108
3071.036,55,17,+14.526,+1.084
3077.078,55,17,+14.638,+0.843
3080.82,55,17,+14.545,+0.627
3084.908,55,17,+14.226,+0.419
3086.22,55,17,+14.254,+0.395
3091.645,55,17,+14.994,+0.438
3097.286,55,17,+15.460,+0.624
3102.702,55,17,+15.501,+0.556
3106.514,55,17,+15.533,+0.508
3110.708,55,17,+15.894,+0.656
3113.225,55,17,+15.947,+0.643
3115.808,55,17,+15.967,+0.639
3119.652,55,17,+16.244,+0.725
3124.236,55,17,+16.516,+0.774
3126.689,55,17,+16.513,+0.777
3129.035,55,17,+16.471,+0.797
3131.067,55,17,+16.403,+0.823
3134.177,55,17,+16.582,+0.899
3139.733,55,17,+16.790,+0.723
3140.655,55,17,+16.828,+0.695
3146.608,55,17,+17.349,+0.749
3147.998,55,17,+17.446,+0.751
3150.109,55,17,+17.581,+0.752
3151.03,55,17,+17.606,+0.754
3155.701,55,17,+17.432,+0.790
3159.092,55,17,+17.441,+0.855
3162.561,55,17,+17.523,+0.790
3166.701,55,17,+17.842,+0.730
3172.764,55,17,+17.994,+0.653
3176.514,55,17,+17.944,+0.526
3180.717,55,17,+17.689,+0.346
3181.998,55,17,+17.749,+0.360
3187.233,55,17,+18.305,+0.569
3193.123,55,17,+18.652,+0.685
3198.217,55,17,+18.637,+0.552
3201.926,55,17,+18.668,+0.469
3206.089,55,17,+19.066,+0.652
3208.667,55,17,+19.181,+0.660
3211.198,55,17,+19.268,+0.650
3214.995,55,17,+19.588,+0.771
3219.526,55,17,+19.777,+0.865
3221.995,55,17,+19.761,+0.888
3224.354,55,17,+19.721,+0.933
3226.339,55,17,+19.660,+0.981
3229.539,55,17,+19.848,+1.075
3234.726,55,17,+20.112,+1.000
3236.051,55,17,+20.089,+0.960
3241.919,55,17,+20.494,+0.967
3243.345,55,17,+20.590,+1.022
3245.439,55,17,+20.700,+1.085
3246.298,55,17,+20.725,+1.103
3251.097,55,17,+20.548,+1.159
3254.336,55,17,+20.478,+1.205
3257.745,55,17,+20.563,+1.119
3261.845,55,17,+20.778,+1.016
3267.836,55,17,+20.850,+0.916
3271.645,55,17,+20.807,+0.853
3275.833,55,17,+20.773,+0.848
3277.145,55,17,+20.804,+0.834
3282.255,55,17,+21.320,+0.888
3287.773,55,17,+21.616,+0.985
3293.164,55,17,+21.654,+0.859
3296.945,55,17,+21.672,+0.726
3301.098,55,17,+22.028,+0.906
3303.692,55,17,+22.101,+0.933
3306.176,55,17,+22.118,+0.933
3309.911,55,17,+22.349,+1.010
3314.426,55,17,+22.557,+1.072
3316.87,55,17,+22.539,+1.082
3319.208,55,17,+22.476,+1.108
3321.154,55,17,+22.398,+1.141
3324.248,55,17,+22.463,+1.198
3329.373,55,17,+22.761,+1.076
3330.67,55,17,+22.852,+1.036
3336.483,55,17,+23.176,+1.008
3337.936,55,17,+23.247,+1.013
3340.045,55,17,+23.370,+1.008
3340.858,55,17,+23.388,+1.013
3345.529,55,17,+23.167,+1.008
3348.83,55,17,+23.108,+1.060
3352.22,55,17,+23.161,+0.990
3356.329,55,17,+23.413,+0.844
3362.392,55,17,+23.576,+0.913
3366.189,55,17,+23.501,+0.861
3370.361,55,17,+23.226,+0.842
3371.657,55,17,+23.193,+0.836
3376.742,55,17,+23.474,+0.866
3382.308,55,17,+23.902,+1.030
3387.735,55,17,+23.919,+0.986
3391.626,55,17,+23.966,+0.914
3395.643,55,17,+24.249,+1.051
3398.17,55,17,+24.317,+1.050
3400.732,55,17,+24.349,+1.041
3404.404,55,17,+24.570,+1.152
3408.943,55,17,+24.728,+1.279
3411.395,55,17,+24.684,+1.317
3413.739,55,17,+24.624,+1.448
3415.739,55,17,+24.552,+1.473
3418.801,55,17,+24.620,+1.319
3423.923,55,17,+24.931,+1.157
3425.189,55,17,+25.025,+1.143
3431.071,55,17,+25.467,+1.170
3432.48,55,17,+25.531,+1.226
3434.552,55,17,+25.589,+1.231
3435.409,55,17,+25.600,+1.231
3440.075,55,17,+25.387,+1.153
3443.369,55,17,+25.333,+1.104
3446.801,55,17,+25.371,+1.016
3450.867,55,17,+25.479,+1.014
3456.851,55,17,+25.606,+0.987
3460.617,55,17,+25.546,+0.957
3464.804,55,17,+25.468,+0.890
3466.132,55,17,+25.465,+0.854
3471.226,55,17,+25.794,+0.866
3476.648,55,17,+26.002,+0.891
3482.118,55,17,+26.083,+0.994
3485.989,55,17,+26.163,+1.071
3490.035,55,17,+26.418,+1.018
3492.551,55,17,+26.462,+0.990
3495.082,55,17,+26.463,+0.951
3498.77,55,17,+26.675,+0.918
3503.298,55,17,+26.836,+0.913
3505.735,55,17,+26.744,+0.886
3508.095,55,17,+26.584,+0.857
3510.059,55,17,+26.500,+0.825
3513.176,55,17,+26.603,+0.854
3518.329,55,17,+26.884,+0.933
3519.626,55,17,+26.967,+0.983
3525.485,55,17,+27.271,+1.116
3526.907,55,17,+27.342,+1.147
3528.939,55,17,+27.417,+1.193
3529.813,55,17,+27.416,+1.195
3534.47,55,17,+27.115,+1.125
3537.748,55,17,+27.004,+1.089
3541.202,55,17,+27.014,+1.070
3545.323,55,17,+27.126,+1.093
3551.417,55,17,+27.075,+1.047
3555.151,55,17,+27.052,+1.010
3559.354,55,17,+27.087,+0.849
3560.635,55,17,+27.131,+0.796
3565.698,55,17,+27.367,+0.803
3571.276,55,17,+27.556,+1.030
3576.682,55,17,+27.276,+1.036
3580.526,55,17,+27.317,+1.055
3584.573,55,17,+27.505,+1.087
3587.073,55,17,+27.556,+1.061
3589.62,55,17,+27.590,+1.033
3593.323,55,17,+27.742,+1.124
3597.948,55,17,+27.880,+1.181
3600.463,55,17,+27.957,+1.221
3602.868,55,17,+28.105,+1.288
3604.932,55,17,+28.244,+1.337
3608.054,55,17,+28.471,+1.384
3613.18,55,17,+28.670,+1.334
3614.461,55,17,+28.661,+1.320
3620.357,55,17,+28.972,+1.387
3621.732,55,17,+29.058,+1.407
3623.748,55,17,+29.153,+1.389
3624.607,55,17,+29.160,+1.382
3629.295,55,17,+28.979,+1.340
3632.607,55,17,+28.914,+1.323
3636.013,55,17,+28.977,+1.317
3640.088,55,17,+29.159,+1.384
3646.161,55,17,+29.343,+1.330
3649.941,55,17,+29.313,+1.217
3654.113,55,17,+29.211,+0.946
3655.41,55,17,+29.208,+0.889
3660.41,55,17,+29.479,+0.984
3665.926,55,17,+29.710,+1.117
3671.363,55,17,+29.761,+1.146
3675.222,55,17,+29.713,+1.208
3679.175,55,17,+29.916,+1.187
3681.644,55,17,+29.952,+1.131
3684.159,55,17,+29.958,+1.071
3687.801,55,17,+30.111,+1.142
3692.409,55,17,+30.430,+1.103
3694.894,55,17,+30.452,+1.100
3697.275,55,17,+30.415,+1.080
3699.292,55,17,+30.363,+1.046
3702.345,55,17,+30.321,+1.000
3707.429,55,17,+30.516,+1.011
3708.664,55,17,+30.356,+1.010
3714.498,55,17,+30.713,+1.216
3715.957,55,17,+30.811,+1.250
3717.997,55,17,+30.923,+1.244
3718.871,55,17,+30.949,+1.235
3723.638,55,17,+30.935,+1.212
3726.911,55,17,+30.922,+1.177
3730.338,55,17,+31.057,+1.150
3734.525,55,17,+31.292,+1.297
3740.708,55,17,+31.415,+1.314
3744.485,55,17,+31.450,+1.228
3748.766,55,17,+31.543,+1.034
3750.063,55,17,+31.591,+0.988
3755.063,55,17,+31.963,+1.038
3760.579,55,17,+32.222,+1.132
3765.923,55,17,+32.217,+1.023
3769.829,55,17,+32.164,+0.961
3773.726,55,17,+32.328,+0.916
3776.21,55,17,+32.355,+0.869
3778.763,55,17,+32.356,+0.819
3782.435,55,17,+32.472,+0.863
3787.044,55,17,+32.666,+0.787
3789.482,55,17,+32.664,+0.759
3791.857,55,17,+32.609,+0.722
3793.794,55,17,+32.527,+0.661
3796.904,55,17,+32.497,+0.692
3802.12,55,17,+32.811,+0.685
3803.432,55,17,+32.764,+0.680
3809.244,55,17,+33.076,+0.784
3810.735,55,17,+33.131,+0.801
3812.751,55,17,+33.232,+0.806
3813.608,55,17,+33.261,+0.813
3818.316,55,17,+33.174,+0.768
3821.613,55,17,+33.132,+0.730
3825.066,55,17,+33.259,+0.756
3829.113,55,17,+33.310,+0.766
3835.16,55,17,+33.373,+0.657
3838.915,55,17,+33.407,+0.599
3843.026,55,17,+33.341,+0.334
3844.36,55,17,+33.391,+0.325
3849.5,55,17,+33.900,+0.542
3855.125,55,17,+34.219,+0.715
3860.485,55,17,+34.264,+0.710
3864.282,55,17,+34.179,+0.681
3868.371,55,17,+34.476,+0.763
3870.907,55,17,+34.550,+0.759
3873.422,55,17,+34.566,+0.727
3877.141,55,17,+34.773,+0.873
3881.783,55,17,+35.070,+0.816
3884.25,55,17,+35.093,+0.793
3886.615,55,17,+35.074,+0.757
3888.601,55,17,+35.014,+0.698
3891.669,55,17,+34.989,+0.696
3896.966,55,17,+35.428,+0.788
3898.269,55,17,+35.440,+0.796
3904.032,55,17,+35.804,+0.868
3905.438,55,17,+35.824,+0.859
3907.516,55,17,+35.907,+0.885
3908.36,55,17,+35.930,+0.892
3913.047,55,17,+35.829,+0.815
3916.297,55,17,+35.756,+0.741
3919.75,55,17,+35.849,+0.749
3923.875,55,17,+36.005,+0.777
3930.001,55,17,+35.976,+0.756
3933.782,55,17,+36.006,+0.695
3937.992,55,17,+36.024,+0.504
3939.301,55,17,+36.075,+0.494
3944.395,55,17,+36.550,+0.654
3949.932,55,17,+36.826,+0.825
3955.385,55,17,+36.926,+0.883
3959.166,55,17,+36.859,+0.870
3963.15,55,17,+37.040,+0.862
3965.635,55,17,+37.066,+0.808
3968.182,55,17,+37.065,+0.757
3971.916,55,17,+37.294,+0.886
3976.557,55,17,+37.546,+0.831
3979.025,55,17,+37.569,+0.818
3981.353,55,17,+37.544,+0.772
3983.369,55,17,+37.483,+0.701
3986.478,55,17,+37.530,+0.737
3991.65,55,17,+37.832,+0.724
3992.978,55,17,+37.869,+0.729
3998.728,55,17,+38.154,+0.868
4000.103,55,17,+38.186,+0.890
4002.166,55,17,+38.270,+0.934
4002.994,55,17,+38.285,+0.937
4007.682,55,17,+38.215,+0.873
4010.963,55,17,+38.167,+0.827
4014.353,55,17,+38.177,+0.773
4018.431,55,17,+38.338,+0.753
4024.541,55,17,+38.144,+0.727
4028.306,55,17,+38.158,+0.645
4032.402,55,17,+38.026,+0.347
4033.672,55,17,+38.029,+0.299
4038.797,55,17,+38.459,+0.532
4044.36,55,17,+38.784,+0.662
4049.689,55,17,+38.799,+0.555
4053.469,55,17,+38.714,+0.452
4057.547,55,17,+38.935,+0.545
4060.015,55,17,+38.979,+0.536
4062.578,55,17,+38.991,+0.501
4066.328,55,17,+39.188,+0.668
4071.031,55,17,+39.392,+0.647
4073.39,55,17,+39.395,+0.603
4075.719,55,17,+39.358,+0.504
4077.672,55,17,+39.305,+0.384
4080.844,55,17,+39.375,+0.446
4085.984,55,17,+39.617,+0.454
4087.312,55,17,+39.654,+0.463
4093.172,55,17,+40.011,+0.602
4094.547,55,17,+40.048,+0.627
4096.578,55,17,+40.145,+0.676
4097.562,55,17,+40.172,+0.695
4102.071,55,17,+40.006,+0.591
4105.415,55,17,+39.964,+0.576
4108.774,55,17,+40.016,+0.543
4112.993,55,17,+40.269,+0.731
4119.181,55,17,+40.321,+0.799
4122.918,55,17,+40.309,+0.706
4127.035,55,17,+40.221,+0.398
4128.369,55,17,+40.249,+0.344
4133.516,55,17,+40.870,+0.618
4139.094,55,17,+41.130,+0.734
4144.469,55,17,+41.132,+0.677
4148.27,55,17,+41.054,+0.587
4152.235,55,17,+41.242,+0.603
4154.735,55,17,+41.266,+0.580
4157.301,55,17,+41.276,+0.552
4161.053,55,17,+41.449,+0.673
4165.572,55,17,+41.621,+0.644
4168.056,55,17,+41.630,+0.624
4170.369,55,17,+41.532,+0.501
4172.244,55,17,+41.337,+0.285
4175.314,55,17,+41.368,+0.299
4180.653,55,17,+41.906,+0.456
4181.981,55,17,+41.947,+0.464
4187.856,55,17,+42.437,+0.651
4189.309,55,17,+42.478,+0.699
4191.403,55,17,+42.596,+0.770
4192.294,55,17,+42.641,+0.794
4197.184,55,17,+42.754,+0.922
4200.528,55,17,+42.757,+0.928
4203.956,55,17,+42.877,+0.929
4208.119,55,17,+43.015,+1.037
4214.259,55,17,+43.115,+1.002
4218.056,55,17,+43.161,+0.964
4222.291,55,17,+43.230,+0.840
4223.603,55,17,+43.305,+0.839
4228.684,55,17,+43.844,+0.998
4234.294,55,17,+44.153,+1.173
4239.591,55,17,+44.116,+1.078
4243.419,55,17,+44.022,+0.988
4247.426,55,17,+44.241,+0.980
4249.934,55,17,+44.296,+0.943
4252.55,55,17,+44.297,+0.890
4256.182,55,17,+44.432,+0.922
4260.791,55,17,+44.686,+0.928
4263.244,55,17,+44.694,+0.909
4265.603,55,17,+44.650,+0.859
4267.603,55,17,+44.575,+0.789
4270.634,55,17,+44.597,+0.781
4275.753,55,17,+44.861,+0.816
4277.112,55,17,+44.948,+0.883
4282.987,55,17,+45.411,+1.021
4284.394,55,17,+45.450,+1.043
4286.425,55,17,+45.555,+1.065
4287.269,55,17,+45.573,+1.064
4291.909,55,17,+45.409,+0.918
4295.144,55,17,+45.315,+0.824
4298.519,55,17,+45.420,+0.837
4302.628,55,17,+45.556,+0.868
4308.714,55,17,+45.576,+0.850
4312.56,55,17,+45.614,+0.843
4316.756,55,17,+45.612,+0.680
4318.037,55,17,+45.623,+0.644
4323.037,55,17,+46.049,+0.771
4328.578,55,17,+46.269,+0.829
4333.984,55,17,+46.389,+0.891
4337.797,55,17,+46.317,+0.901
4341.75,55,17,+46.482,+0.876
4344.25,55,17,+46.510,+0.834
4346.813,55,17,+46.504,+0.789
4350.5,55,17,+46.675,+0.808
4355.078,55,17,+46.908,+0.816
4357.531,55,17,+46.898,+0.787
4359.859,55,17,+46.839,+0.718
4361.815,55,17,+46.750,+0.625
4364.893,55,17,+46.761,+0.635
4370.066,55,17,+47.137,+0.619
4371.39,55,17,+47.166,+0.611
4377.25,55,17,+47.649,+0.754
4378.672,55,17,+47.685,+0.793
4380.719,55,17,+47.780,+0.842
4381.531,55,17,+47.800,+0.848
4386.25,55,17,+47.717,+0.785
4389.55,55,17,+47.663,+0.724
4392.931,55,17,+47.782,+0.749
4396.922,55,17,+47.820,+0.697
4402.953,55,17,+47.911,+0.624
4406.703,55,17,+47.866,+0.537
4410.785,55,17,+47.683,+0.209
4412.074,55,17,+47.676,+0.169
4417.328,55,17,+48.430,+0.566
4422.859,55,17,+48.544,+0.657
4428.25,55,17,+48.701,+0.721
4432.031,55,17,+48.644,+0.691
4436.0,55,17,+48.821,+0.695
4438.487,55,17,+48.846,+0.670
4441.042,55,17,+48.835,+0.640
4444.765,55,17,+49.001,+0.664
4449.328,55,17,+49.240,+0.703
4451.703,55,17,+49.233,+0.612
4453.953,55,17,+49.166,+0.409
4455.781,55,17,+49.053,+0.157
4458.859,55,17,+49.155,+0.145
4463.906,55,17,+49.356,+0.131
4465.156,55,17,+49.305,+0.122
4471.252,55,17,+49.957,+0.327
4472.687,55,17,+50.094,+0.400
4474.781,55,17,+50.290,+0.520
4475.765,55,17,+50.379,+0.569
9.614,87,16,,
2862.314,87,16,+1.985,+0.354
2866.252,87,14,+1.985,+0.354
2866.33,87,14,+2.229,+0.107
2870.017,87,14,+2.602,+0.019
2874.221,87,13,+2.602,+0.019
2874.299,87,13,+3.024,+0.396
2880.58,87,13,+3.389,+0.362
2884.377,87,13,+3.307,+0.301
2888.517,87,13,+3.097,+0.464
2889.892,87,13,+3.146,+0.524
2895.237,87,13,+3.611,+0.168
2900.886,87,13,+4.120,+0.187
2906.192,87,13,+4.143,+0.104
2910.067,87,13,+4.195,+0.203
2914.489,87,13,+4.752,+0.173
2917.054,87,13,+4.791,+0.177
2919.742,87,13,+4.860,+0.224
2923.961,87,13,+5.565,+0.259
2928.711,87,13,+5.965,+0.222
2931.133,87,13,+5.895,+0.174
2933.274,87,13,+5.722,+0.080
2935.164,87,13,+5.557,+0.036
2938.305,87,13,+5.615,+0.078
2943.737,87,13,+5.915,+0.060
2944.971,87,12,+5.915,+0.060
2945.064,87,12,+5.885,+0.823
2951.419,87,12,+6.719,+0.853
2952.809,87,12,+6.882,+0.847
2954.938,87,12,+7.047,+0.701
2955.824,87,12,+7.084,+0.566
2960.746,87,12,+7.116,+0.225
2964.527,87,12,+7.505,+0.523
2968.074,87,12,+7.769,+0.645
2972.183,87,12,+7.947,+0.463
2978.292,87,12,+8.218,+0.509
2982.132,87,12,+8.188,+0.503
2986.367,87,12,+8.016,+0.508
2987.68,87,12,+8.037,+0.474
2992.852,87,12,+8.409,+0.588
2998.16,87,12,+8.666,+0.509
3003.595,87,12,+8.728,+0.554
3007.345,87,12,+8.703,+0.459
3011.439,87,12,+9.025,+0.435
3013.971,87,12,+9.131,+0.440
3016.564,87,12,+9.257,+0.481
3020.267,87,12,+9.503,+0.595
3024.832,87,12,+9.785,+0.599
3027.236,87,12,+9.737,+0.520
3029.564,87,12,+9.617,+0.386
3031.506,87,12,+9.470,+0.265
3034.576,87,12,+9.561,+0.310
3039.77,87,12,+9.786,+0.415
3041.125,87,12,+9.847,+0.455
3047.134,87,12,+10.469,+0.469
3048.505,87,12,+10.491,+0.432
3050.521,87,12,+10.555,+0.452
3051.474,87,12,+10.576,+0.464
3056.161,87,12,+10.444,+0.530
3059.636,87,12,+10.529,+0.677
3063.052,87,12,+10.609,+0.603
3067.255,87,13,+10.609,+0.603
3067.442,87,13,+10.928,+0.146
3073.561,87,13,+11.130,+0.102
3077.46,87,13,+11.142,+0.172
3081.552,87,13,+10.839,+0.048
3083.033,87,13,+10.781,+0.004
3088.173,87,13,+11.540,+0.276
3093.692,87,13,+11.854,+0.342
3099.161,87,13,+11.964,+0.464
3102.967,87,13,+11.967,+0.483
3107.092,87,13,+12.301,+0.597
3109.686,87,13,+12.369,+0.633
3112.271,87,13,+12.419,+0.658
3116.152,87,13,+12.755,+0.867
3120.777,87,13,+13.027,+0.958
3123.214,87,13,+13.031,+0.960
3125.548,87,13,+13.018,+0.962
3127.621,87,13,+12.989,+0.979
3130.738,87,13,+13.114,+1.023
3135.989,87,13,+13.423,+1.329
3137.327,87,13,+13.471,+1.407
3143.139,87,13,+13.889,+1.364
3144.545,87,13,+13.983,+1.333
3146.623,87,13,+14.083,+1.357
3147.468,87,13,+14.096,+1.378
3152.233,87,13,+13.959,+1.547
3155.592,87,13,+13.935,+1.552
3159.045,87,13,+13.974,+1.564
3163.092,87,13,+14.198,+1.363
3169.139,87,13,+14.377,+1.333
3172.967,87,13,+14.402,+1.387
3177.358,87,13,+14.383,+1.593
3178.608,87,13,+14.410,+1.629
3183.655,87,13,+14.725,+1.538
3189.186,87,13,+14.969,+1.583
3194.451,87,13,+14.978,+1.569
3198.295,87,13,+14.962,+1.563
3202.302,87,13,+15.212,+1.572
3204.808,87,13,+15.341,+1.608
3207.448,87,13,+15.459,+1.625
3211.105,87,13,+15.677,+1.599
3215.542,87,13,+15.751,+1.579
3217.948,87,13,+15.725,+1.566
3220.339,87,13,+15.681,+1.598
3222.323,87,13,+15.639,+1.715
3225.48,87,13,+15.674,+1.801
3230.57,87,13,+15.945,+1.767
3231.883,87,13,+15.936,+1.801
3237.686,87,13,+16.235,+1.591
3239.109,87,13,+16.291,+1.574
3241.139,87,13,+16.351,+1.565
3242.027,87,13,+16.358,+1.572
3246.673,87,13,+16.208,+1.674
3249.963,87,13,+16.120,+1.647
3253.422,87,13,+16.216,+1.614
3257.417,87,13,+16.296,+1.565
3263.47,87,13,+16.525,+1.503
3267.363,87,13,+16.538,+1.552
3271.708,87,13,+16.675,+1.744
3273.051,87,13,+16.706,+1.765
3278.004,87,13,+17.074,+1.718
3283.504,87,13,+17.313,+1.677
3288.804,87,13,+17.311,+1.627
3292.617,87,13,+17.319,+1.611
3296.61,87,13,+17.526,+1.631
3299.145,87,13,+17.591,+1.646
3301.708,87,13,+17.631,+1.653
3305.411,87,13,+17.851,+1.651
3309.895,87,13,+17.995,+1.618
3312.301,87,13,+17.977,+1.664
3314.629,87,13,+17.939,+1.791
3316.695,87,13,+17.902,+1.948
3319.795,87,13,+17.922,+2.029
3324.889,87,13,+18.280,+2.070
3326.184,87,13,+18.379,+2.135
3331.968,87,13,+18.623,+1.779
3333.389,87,13,+18.697,+1.797
3335.467,87,13,+18.790,+1.680
3336.295,87,13,+18.805,+1.646
3341.061,87,13,+18.701,+1.617
3344.358,87,13,+18.634,+1.322
3347.864,87,13,+18.785,+1.161
3351.907,87,13,+18.928,+0.987
3357.861,87,13,+19.081,+0.876
3361.767,87,13,+19.050,+0.840
3366.064,87,13,+18.945,+0.888
3367.423,87,13,+18.942,+0.881
3372.536,87,13,+19.262,+1.005
3378.039,87,13,+19.587,+0.935
3383.317,87,13,+19.502,+0.857
3387.063,87,13,+19.469,+0.758
3391.032,87,13,+19.650,+0.670
3393.552,87,13,+19.703,+0.682
3396.092,87,13,+19.729,+0.718
3399.779,87,13,+19.935,+0.781
3404.279,87,13,+20.038,+0.763
3406.701,87,13,+20.007,+0.735
3409.101,87,13,+19.975,+0.706
3411.114,87,13,+19.926,+0.685
3414.176,87,13,+19.964,+0.719
3419.286,87,13,+20.339,+0.750
3420.629,87,13,+20.459,+0.790
3426.501,87,13,+20.905,+0.849
3427.861,87,13,+20.913,+0.806
3429.907,87,13,+20.948,+0.791
3430.831,87,13,+20.957,+0.792
3435.527,87,13,+20.825,+0.803
3438.818,87,13,+20.788,+0.826
3442.312,87,13,+20.845,+0.837
3446.301,87,13,+20.961,+0.712
3452.367,87,13,+21.196,+0.678
3456.179,87,13,+21.123,+0.622
3460.273,87,13,+20.929,+0.451
3461.523,87,13,+20.912,+0.427
3466.632,87,13,+21.209,+0.594
3472.164,87,13,+21.491,+0.646
3477.523,87,13,+21.467,+0.607
3481.351,87,13,+21.500,+0.555
3485.352,87,13,+21.729,+0.565
3487.864,87,13,+21.784,+0.594
3490.426,87,13,+21.817,+0.635
3494.082,87,13,+21.989,+0.720
3498.676,87,13,+22.185,+0.744
3501.096,87,13,+22.109,+0.720
3503.454,87,13,+21.958,+0.674
3505.47,87,13,+21.887,+0.629
3508.501,87,13,+21.932,+0.631
3513.753,87,13,+22.284,+0.730
3515.048,87,13,+22.396,+0.773
3520.923,87,13,+22.676,+0.808
3522.329,87,13,+22.739,+0.767
3524.345,87,13,+22.804,+0.747
3525.27,87,13,+22.807,+0.747
3529.954,87,13,+22.584,+0.736
3533.253,87,13,+22.471,+0.714
3536.701,87,13,+22.456,+0.744
3540.733,87,13,+22.517,+0.688
3546.76,87,13,+22.511,+0.652
3550.557,87,13,+22.461,+0.609
3554.682,87,13,+22.440,+0.517
3555.932,87,13,+22.452,+0.488
3561.01,87,13,+22.669,+0.598
3566.542,87,13,+22.843,+0.666
3571.979,87,13,+22.888,+0.709
3575.792,87,13,+22.541,+0.643
3579.713,87,13,+22.655,+0.589
3582.276,87,13,+22.693,+0.580
3584.76,87,13,+22.730,+0.589
3588.432,87,13,+22.841,+0.676
3593.042,87,13,+22.912,+0.698
3595.495,87,13,+22.973,+0.681
3597.854,87,13,+23.087,+0.658
3599.885,87,13,+23.199,+0.640
3602.931,87,13,+23.336,+0.678
3608.195,87,13,+23.661,+0.837
3609.491,87,13,+23.675,+0.883
3615.304,87,13,+23.950,+0.969
3616.695,87,13,+24.028,+0.959
3618.757,87,13,+24.134,+0.980
3619.623,87,13,+24.150,+0.995
3624.326,87,13,+23.999,+1.044
3627.607,87,13,+23.901,+1.039
3631.107,87,13,+23.963,+1.064
3634.982,87,13,+24.094,+0.982
3641.073,87,13,+24.304,+0.973
3645.135,87,13,+24.274,+0.936
3649.004,87,13,+24.114,+0.864
3650.27,87,13,+24.086,+0.845
3655.254,87,13,+24.277,+0.954
3660.629,87,13,+24.391,+0.863
3666.051,87,13,+24.481,+0.887
3669.925,87,13,+24.445,+0.908
3673.863,87,13,+24.598,+0.916
3676.347,87,13,+24.642,+0.931
3678.894,87,13,+24.682,+0.973
3682.472,87,13,+24.765,+0.983
3687.175,87,13,+25.139,+1.032
3689.613,87,13,+25.175,+1.018
3692.066,87,13,+25.164,+0.987
3694.097,87,13,+25.143,+0.968
3697.123,87,14,+25.143,+0.968
3697.235,87,14,+25.175,+0.013
3702.454,87,14,+25.529,+0.011
3703.735,87,14,+25.401,+0.063
3709.952,87,14,+26.150,+0.568
3711.44,87,14,+26.260,+0.601
3713.536,87,14,+26.455,+0.674
3714.426,87,14,+26.508,+0.699
3719.186,87,14,+26.516,+0.691
3722.484,87,14,+26.488,+0.647
3726.004,87,14,+26.727,+0.778
3730.142,87,14,+26.878,+0.770
3736.326,87,14,+27.056,+0.974
3740.094,87,14,+27.062,+0.864
3744.267,87,14,+27.052,+0.589
3745.532,87,14,+27.063,+0.491
3750.626,87,14,+27.531,+0.683
3756.221,87,14,+27.851,+0.794
3761.594,87,14,+27.852,+0.674
3765.423,87,14,+27.802,+0.553
3769.438,87,14,+28.022,+0.672
3771.969,87,14,+28.081,+0.624
3774.507,87,14,+28.125,+0.587
3778.263,87,14,+28.315,+0.741
3782.951,87,14,+28.538,+0.733
3785.372,87,14,+28.563,+0.716
3787.78,87,14,+28.544,+0.676
3789.779,87,14,+28.496,+0.631
3792.872,87,14,+28.450,+0.612
3798.076,87,14,+28.785,+0.780
3799.419,87,14,+28.761,+0.798
3805.291,87,14,+29.093,+0.958
3806.697,87,14,+29.135,+0.999
3808.776,87,14,+29.251,+1.035
3809.651,87,14,+29.280,+1.045
3814.391,87,14,+29.226,+1.016
3817.661,87,14,+29.176,+1.013
3821.004,87,14,+29.246,+1.014
3825.16,87,14,+29.294,+0.994
3831.269,87,14,+29.494,+1.147
3835.051,87,14,+29.524,+1.046
3839.171,87,14,+29.500,+0.783
3840.457,87,14,+29.516,+0.724
3845.547,87,14,+29.939,+0.952
3851.032,87,14,+30.108,+0.927
3856.329,87,14,+30.122,+0.775
3860.157,87,14,+30.012,+0.591
3864.112,87,14,+30.222,+0.686
3866.641,87,14,+30.305,+0.696
3869.235,87,14,+30.358,+0.729
3872.922,87,14,+30.556,+0.864
3877.61,87,14,+30.833,+0.982
3880.016,87,14,+30.863,+0.966
3882.407,87,14,+30.849,+0.944
3884.282,87,15,+30.849,+0.944
3884.391,87,15,+30.809,+0.004
3887.644,87,15,+30.964,+0.329
3892.982,87,15,+31.477,+0.575
3894.325,87,15,+31.512,+0.603
3900.263,87,15,+32.010,+0.825
3901.654,87,15,+32.043,+0.849
3903.75,87,15,+32.138,+0.863
3904.657,87,15,+32.166,+0.875
3909.329,87,15,+32.111,+0.895
3912.594,87,15,+32.052,+0.907
3916.047,87,15,+32.108,+0.922
3920.11,87,15,+32.209,+0.858
3926.204,87,15,+32.199,+0.916
3930.016,87,15,+32.240,+0.808
3934.157,87,15,+32.211,+0.612
3935.438,87,15,+32.249,+0.586
3940.551,87,15,+32.682,+0.750
3946.035,87,15,+32.920,+0.882
3951.476,87,15,+32.909,+0.679
3955.088,87,15,+32.766,+0.414
3959.182,87,15,+33.073,+0.603
3961.729,87,15,+33.163,+0.608
3964.322,87,15,+33.200,+0.574
3968.01,87,15,+33.382,+0.722
3972.713,87,15,+33.657,+0.794
3975.103,87,15,+33.670,+0.756
3977.478,87,15,+33.629,+0.710
3979.432,87,15,+33.563,+0.652
3982.525,87,15,+33.554,+0.695
3987.682,87,15,+33.854,+0.856
3988.994,87,15,+33.890,+0.868
3994.76,87,15,+34.172,+1.013
3996.119,87,15,+34.201,+1.027
3998.197,87,15,+34.310,+1.042
3999.057,87,15,+34.334,+1.051
4003.791,87,15,+34.308,+1.055
4007.057,87,15,+34.258,+1.069
4010.416,87,15,+34.274,+1.095
4014.541,87,15,+34.405,+0.998
4020.666,87,15,+34.291,+1.148
4024.463,87,15,+34.311,+1.051
4028.572,87,15,+34.228,+0.854
4029.838,87,15,+34.236,+0.825
4034.985,87,15,+34.661,+1.051
4040.485,87,15,+34.917,+1.154
4045.906,87,15,+35.015,+1.103
4049.781,87,15,+35.033,+1.020
4053.797,87,15,+35.228,+1.100
4056.312,87,15,+35.280,+1.027
4058.875,87,15,+35.320,+0.952
4062.531,87,15,+35.382,+0.979
4067.219,87,15,+35.623,+1.152
4069.64,87,15,+35.669,+1.167
4072.094,87,15,+35.711,+1.185
4074.141,87,15,+35.755,+1.203
4077.265,87,15,+35.788,+1.273
4082.359,87,15,+36.002,+1.319
4083.703,87,15,+36.029,+1.321
4089.469,87,15,+36.290,+1.487
4090.828,87,15,+36.333,+1.509
4092.859,87,15,+36.429,+1.503
4093.734,87,15,+36.445,+1.510
4098.479,87,15,+36.384,+1.530
4101.759,87,15,+36.340,+1.557
4105.04,87,15,+36.312,+1.511
4109.149,87,15,+36.368,+1.418
4115.259,87,15,+36.427,+1.568
4119.134,87,15,+36.518,+1.514
4123.507,87,15,+36.727,+1.522
4124.838,87,15,+36.809,+1.522
4129.875,87,15,+37.240,+1.695
4135.391,87,15,+37.420,+1.814
4140.766,87,15,+37.444,+1.762
4144.625,87,15,+37.419,+1.708
4148.581,87,15,+37.562,+1.775
4151.141,87,15,+37.619,+1.739
4153.704,87,15,+37.667,+1.694
4157.391,87,15,+37.793,+1.791
4161.994,87,15,+37.982,+1.927
4164.416,87,15,+38.000,+1.941
4166.791,87,15,+38.001,+1.958
4168.853,87,15,+37.997,+1.976
4171.931,87,15,+37.965,+1.980
4177.106,87,15,+38.362,+2.233
4178.453,87,15,+38.406,+2.273
4184.231,87,15,+38.755,+2.406
4185.575,87,15,+38.752,+2.390
4187.638,87,15,+38.832,+2.390
4188.497,87,15,+38.856,+2.399
4193.263,87,15,+38.838,+2.476
4196.559,87,15,+38.798,+2.539
4199.951,87,15,+38.863,+2.548
4204.05,87,15,+38.919,+2.479
4210.228,87,15,+39.113,+2.630
4214.105,87,15,+39.210,+2.603
4218.494,87,15,+39.439,+2.697
4219.806,87,15,+39.508,+2.705
4224.71,87,15,+39.848,+2.769
4230.247,87,15,+40.128,+2.820
4235.653,87,15,+40.144,+2.754
4239.45,87,15,+40.068,+2.697
4243.387,87,15,+40.219,+2.724
4245.952,87,15,+40.282,+2.686
4248.529,87,15,+40.323,+2.646
4252.204,87,15,+40.442,+2.685
4256.775,87,15,+40.636,+2.745
4259.212,87,15,+40.664,+2.771
4261.619,87,15,+40.669,+2.813
4263.681,87,15,+40.664,+2.869
4266.697,87,15,+40.658,+2.918
4271.867,87,15,+40.934,+3.069
4273.128,87,15,+40.969,+3.093
4278.915,87,15,+41.328,+3.145
4280.3,87,15,+41.370,+3.136
4282.378,87,15,+41.504,+3.117
4283.222,87,15,+41.534,+3.118
4288.034,87,15,+41.538,+3.253
4291.409,87,15,+41.523,+3.329
4294.706,87,15,+41.628,+3.258
4298.847,87,15,+41.758,+3.064
4305.003,87,15,+41.870,+3.141
4308.855,87,15,+41.936,+3.147
4313.209,87,15,+42.100,+3.327
4314.537,87,15,+42.138,+3.301
4319.475,87,15,+42.476,+3.239
4325.023,87,15,+42.713,+3.425
4330.391,87,15,+42.789,+3.352
4334.203,87,15,+42.726,+3.388
4338.078,87,15,+42.810,+3.254
4340.64,87,15,+42.855,+3.239
4343.203,87,15,+42.889,+3.239
4346.797,87,15,+42.974,+3.143
4351.469,87,15,+43.214,+3.202
4353.828,87,15,+43.211,+3.213
4356.203,87,15,+43.173,+3.282
4358.187,87,15,+43.130,+3.377
4361.219,87,15,+43.048,+3.386
4366.268,87,15,+43.337,+3.406
4367.583,87,15,+43.375,+3.397
4373.297,87,15,+43.699,+3.335
4374.687,87,15,+43.732,+3.302
4376.703,87,15,+43.799,+3.225
4377.625,87,15,+43.817,+3.217
4382.344,87,15,+43.802,+3.289
4385.625,87,15,+43.776,+3.363
4389.034,87,15,+43.873,+3.390
4393.084,87,15,+43.954,+3.363
4399.156,87,15,+44.108,+3.393
4403.0,87,15,+44.160,+3.345
4407.328,87,15,+44.285,+3.397
4408.672,87,15,+44.293,+3.369
4413.48,87,15,+44.566,+3.260
4419.0,87,15,+44.685,+3.345
4424.359,87,15,+44.793,+3.226
4428.172,87,15,+44.775,+3.150
4432.125,87,15,+44.957,+3.222
4434.687,87,15,+45.036,+3.265
4437.297,87,15,+45.082,+3.300
4440.894,87,15,+45.117,+3.271
4445.39,87,15,+45.286,+3.284
4447.806,87,15,+45.306,+3.279
4450.062,87,15,+45.327,+3.338
4452.031,87,15,+45.329,+3.430
4455.046,87,15,+45.340,+3.536
4459.984,87,15,+45.430,+3.433
4461.203,87,15,+45.376,+3.352
4466.856,87,15,+45.600,+3.357
4468.225,87,15,+45.641,+3.306
4470.267,87,15,+45.748,+3.278
4471.202,87,15,+45.784,+3.285
9.614,31,17,,
2862.721,31,17,+2.340,+0.355
2867.017,31,17,+2.900,+0.173
2870.877,31,17,+3.310,+0.166
2875.158,31,17,+3.852,+0.122
2881.096,31,14,+3.852,+0.122
2881.189,31,14,+4.042,+0.653
2885.221,31,14,+4.148,+0.841
2889.33,31,15,+4.148,+0.841
2889.533,31,15,+4.115,+0.125
2890.953,31,15,+4.165,+0.164
2896.511,31,15,+4.862,+0.413
2901.855,31,15,+5.095,+0.235
2907.161,31,15,+5.122,+0.152
2910.974,31,15,+5.016,+0.057
2915.489,31,15,+5.766,+0.114
2918.164,31,15,+5.889,+0.077
2920.93,31,15,+6.101,+0.185
2925.102,31,15,+6.675,+0.325
2929.711,31,15,+7.028,+0.362
2932.117,31,15,+6.960,+0.305
2934.352,31,15,+6.797,+0.229
2936.227,31,15,+6.600,+0.148
2939.492,31,15,+6.719,+0.209
2944.658,31,15,+6.854,+0.168
2945.986,31,15,+6.797,+0.122
2952.37,31,15,+7.731,+0.135
2953.818,31,15,+7.874,+0.155
2955.917,31,15,+8.054,+0.190
2956.824,31,15,+8.136,+0.243
2961.699,31,15,+8.083,+0.278
2965.324,31,15,+8.319,+0.271
2968.995,31,15,+8.627,+0.354
2973.258,31,15,+8.978,+0.006
2979.311,31,14,+8.978,+0.006
2979.389,31,14,+9.290,+0.932
2983.268,31,14,+9.324,+0.853
2987.352,31,15,+9.324,+0.853
2987.555,31,15,+9.212,+0.114
2988.93,31,15,+9.282,+0.198
2994.267,31,15,+9.835,+0.369
2999.662,31,15,+10.143,+0.216
3005.033,31,15,+10.191,+0.141
3009.064,31,15,+10.222,+0.133
3013.252,31,15,+10.854,+0.259
3015.861,31,15,+11.045,+0.281
3018.486,31,15,+11.236,+0.307
3022.439,31,15,+11.690,+0.459
3027.064,31,15,+12.028,+0.596
3029.502,31,15,+11.990,+0.544
3031.838,31,15,+11.880,+0.470
3033.755,31,15,+11.754,+0.396
3036.908,31,15,+11.886,+0.379
3042.157,31,15,+12.169,+0.469
3043.466,31,15,+12.211,+0.438
3049.505,31,15,+12.817,+0.523
3050.911,31,15,+12.880,+0.530
3052.958,31,15,+12.981,+0.561
3053.864,31,15,+13.004,+0.572
3058.583,31,15,+12.866,+0.493
3062.138,31,15,+13.025,+0.607
3065.63,31,16,+13.025,+0.607
3065.74,31,16,+13.297,+0.047
3069.836,31,15,+13.297,+0.047
3069.93,31,15,+13.353,+0.569
3076.172,31,15,+13.739,+0.915
3080.008,31,15,+13.714,+0.882
3084.377,31,15,+13.701,+0.862
3085.767,31,15,+13.772,+0.885
3090.993,31,15,+14.318,+1.094
3096.348,31,15,+14.500,+0.923
3101.752,31,15,+14.554,+0.838
3105.514,31,15,+14.536,+0.662
3109.655,31,15,+14.861,+0.781
3112.236,31,15,+14.929,+0.734
3114.808,31,15,+14.962,+0.690
3118.62,31,15,+15.210,+0.835
3123.23,31,15,+15.455,+0.818
3125.611,31,15,+15.438,+0.740
3127.975,31,15,+15.384,+0.613
3129.926,31,15,+15.323,+0.514
3133.13,31,15,+15.467,+0.469
3138.342,31,15,+15.781,+0.610
3139.733,31,15,+15.816,+0.589
3145.546,31,15,+16.279,+0.780
3146.921,31,15,+16.353,+0.798
3148.967,31,15,+16.450,+0.813
3149.842,31,15,+16.460,+0.803
3154.576,31,15,+16.310,+0.728
3157.998,31,15,+16.318,+0.712
3161.421,31,15,+16.430,+0.763
3165.53,31,15,+16.634,+0.731
3171.451,31,15,+16.699,+0.790
3175.577,31,15,+16.637,+0.673
3179.42,31,15,+16.404,+0.373
3180.811,31,15,+16.491,+0.407
3185.905,31,15,+16.982,+0.640
3191.358,31,15,+17.167,+0.558
3196.733,31,15,+17.233,+0.493
3200.545,31,15,+17.295,+0.400
3204.777,31,15,+17.732,+0.589
3207.324,31,15,+17.876,+0.562
3209.933,31,15,+18.001,+0.527
3213.729,31,15,+18.317,+0.667
3218.292,31,15,+18.516,+0.776
3220.917,31,15,+18.513,+0.775
3223.136,31,15,+18.485,+0.760
3225.136,31,15,+18.445,+0.734
3228.245,31,15,+18.512,+0.711
3233.461,31,15,+18.835,+0.904
3234.789,31,15,+18.828,+0.895
3240.608,31,15,+19.188,+0.915
3242.03,31,15,+19.205,+0.916
3244.002,31,15,+19.247,+0.931
3244.83,31,15,+19.255,+0.942
3249.593,31,15,+19.108,+0.931
3252.902,31,15,+19.051,+0.922
3256.37,31,15,+19.160,+0.942
3260.488,31,15,+19.372,+0.846
3266.403,31,15,+19.462,+0.905
3270.223,31,15,+19.414,+0.848
3274.348,31,15,+19.310,+0.597
3275.676,31,15,+19.320,+0.547
3280.754,31,15,+19.786,+0.787
3286.086,31,15,+19.935,+0.716
3291.539,31,15,+20.027,+0.684
3295.386,31,15,+20.101,+0.546
3299.473,31,15,+20.405,+0.716
3302.067,31,15,+20.483,+0.697
3304.598,31,15,+20.536,+0.675
3308.332,31,15,+20.763,+0.769
3312.848,31,15,+20.985,+0.876
3315.292,31,15,+20.990,+0.874
3317.698,31,15,+20.976,+0.876
3319.718,31,15,+20.949,+0.867
3322.795,31,15,+21.012,+0.869
3328.02,31,15,+21.431,+1.111
3329.358,31,15,+21.542,+1.130
3335.17,31,15,+21.819,+1.310
3336.561,31,15,+21.876,+1.316
3338.623,31,15,+21.972,+1.354
3339.483,31,15,+21.986,+1.370
3344.248,31,15,+21.875,+1.410
3347.567,31,15,+21.819,+1.415
3351.079,31,15,+21.881,+1.437
3355.001,31,15,+22.047,+1.417
3360.923,31,15,+22.139,+1.445
3364.751,31,15,+22.063,+1.385
3368.923,31,15,+21.775,+1.201
3370.204,31,15,+21.753,+1.178
3375.273,31,15,+22.024,+1.273
3380.648,31,15,+22.259,+1.176
3386.094,31,15,+22.294,+1.153
3389.985,31,15,+22.391,+1.119
3393.998,31,15,+22.621,+1.188
3396.514,31,15,+22.700,+1.160
3399.092,31,15,+22.745,+1.126
3402.779,31,15,+22.918,+1.216
3407.311,31,15,+23.099,+1.294
3409.809,31,15,+23.090,+1.305
3412.207,31,15,+23.088,+1.329
3414.051,31,16,+23.088,+1.329
3414.301,31,16,+23.079,+0.113
3417.567,31,16,+23.301,+0.405
3422.729,31,16,+23.774,+0.618
3424.079,31,16,+23.882,+0.627
3429.893,31,16,+24.297,+0.751
3431.293,31,16,+24.305,+0.752
3433.319,31,16,+24.358,+0.775
3434.174,31,16,+24.369,+0.775
3438.902,31,16,+24.234,+0.725
3442.288,31,16,+24.229,+0.838
3445.754,31,16,+24.355,+1.026
3449.836,31,16,+24.465,+0.926
3455.804,31,16,+24.619,+0.953
3459.648,31,16,+24.589,+0.885
3463.945,31,16,+24.578,+0.836
3465.257,31,16,+24.611,+0.828
3470.351,31,16,+24.928,+0.973
3475.773,31,16,+25.111,+0.994
3481.117,31,16,+25.089,+0.834
3484.936,31,16,+25.092,+0.598
3489.004,31,16,+25.400,+0.785
3491.582,31,16,+25.472,+0.734
3494.114,31,16,+25.512,+0.680
3497.864,31,16,+25.757,+0.870
3502.376,31,16,+25.923,+0.967
3504.845,31,16,+25.858,+0.951
3507.235,31,16,+25.727,+0.915
3509.267,31,16,+25.675,+0.881
3512.336,31,16,+25.749,+0.923
3517.439,31,16,+25.951,+0.955
3518.642,31,16,+25.984,+0.914
3524.407,31,16,+26.155,+0.992
3525.798,31,16,+26.195,+0.969
3527.783,31,16,+26.224,+0.923
3528.61,31,16,+26.221,+0.922
3533.412,31,16,+25.990,+0.894
3536.67,31,16,+25.915,+0.935
3540.186,31,16,+25.944,+0.995
3544.292,31,16,+26.033,+0.952
3550.292,31,16,+26.028,+1.053
3554.12,31,16,+26.042,+1.031
3558.51,31,16,+26.238,+1.033
3559.838,31,16,+26.335,+1.066
3564.901,31,16,+26.564,+1.304
3570.213,31,16,+26.526,+1.248
3575.651,31,16,+26.240,+1.178
3579.479,31,16,+26.262,+1.009
3583.479,31,16,+26.418,+1.143
3586.026,31,16,+26.495,+1.111
3588.62,31,16,+26.557,+1.065
3592.198,31,16,+26.618,+1.101
3596.792,31,16,+26.699,+1.284
3599.245,31,16,+26.736,+1.258
3601.573,31,16,+26.817,+1.210
3603.573,31,16,+26.907,+1.165
3606.681,31,16,+27.087,+1.231
3611.82,31,16,+27.336,+1.380
3613.148,31,16,+27.341,+1.409
3618.935,31,16,+27.585,+1.571
3620.373,31,16,+27.651,+1.583
3622.482,31,16,+27.764,+1.609
3623.232,31,16,+27.778,+1.620
3627.982,31,16,+27.639,+1.652
3631.326,31,16,+27.591,+1.724
3634.654,31,16,+27.660,+1.722
3638.745,31,16,+27.775,+1.653
3644.841,31,16,+28.013,+1.791
3648.707,31,16,+28.096,+1.817
3653.145,31,16,+28.265,+1.952
3654.535,31,16,+28.319,+1.985
3659.41,31,16,+28.495,+2.112
3664.816,31,16,+28.593,+2.078
3670.191,31,16,+28.615,+1.950
3673.972,31,16,+28.505,+1.765
3677.988,31,16,+28.729,+1.841
3680.519,31,16,+28.821,+1.803
3683.097,31,16,+28.887,+1.754
3686.675,31,16,+28.969,+1.749
3691.363,31,16,+29.327,+1.930
3693.784,31,16,+29.352,+1.938
3696.291,31,16,+29.335,+1.949
3698.272,31,16,+29.317,+1.961
3701.344,31,16,+29.321,+2.046
3706.407,31,16,+29.505,+2.073
3707.663,31,16,+29.346,+2.023
3713.292,31,16,+29.497,+1.967
3714.715,31,16,+29.561,+1.953
3716.764,31,16,+29.679,+1.911
3717.635,31,16,+29.714,+1.917
3722.394,31,16,+29.723,+2.003
3725.723,31,16,+29.745,+2.116
3729.228,31,16,+29.907,+2.201
3733.241,31,16,+29.995,+2.067
3739.391,31,16,+30.101,+2.117
3743.251,31,16,+30.222,+2.134
3747.719,31,16,+30.509,+2.275
3749.048,31,16,+30.603,+2.314
3754.032,31,16,+30.925,+2.363
3759.454,31,16,+31.090,+2.373
3764.907,31,16,+31.194,+2.388
3768.829,31,16,+31.203,+2.392
3772.827,31,16,+31.412,+2.470
3775.382,31,16,+31.486,+2.426
3777.935,31,16,+31.537,+2.372
3781.576,31,16,+31.609,+2.430
3786.294,31,16,+31.879,+2.634
3788.732,31,16,+31.905,+2.677
3791.123,31,16,+31.887,+2.737
3793.138,31,16,+31.866,+2.811
3796.232,31,16,+31.805,+2.883
3801.435,31,16,+32.126,+3.017
3802.744,31,16,+32.084,+3.036
3808.494,31,16,+32.292,+2.890
3809.885,31,16,+32.330,+2.859
3811.944,31,16,+32.426,+2.805
3812.826,31,16,+32.448,+2.796
3817.566,31,16,+32.406,+2.921
3820.894,31,16,+32.402,+2.969
3824.363,31,16,+32.503,+2.907
3828.347,31,16,+32.544,+2.703
3834.472,31,16,+32.716,+2.766
3838.329,31,16,+32.808,+2.772
3842.67,31,16,+33.007,+3.008
3843.993,31,16,+33.066,+3.042
3848.985,31,16,+33.358,+2.966
3854.407,31,16,+33.504,+2.827
3859.766,31,16,+33.554,+2.796
3863.641,31,16,+33.498,+2.791
3867.594,31,16,+33.713,+2.848
3870.125,31,16,+33.791,+2.878
3872.719,31,16,+33.839,+2.928
3876.266,31,16,+33.900,+2.868
3880.985,31,16,+34.254,+3.051
3883.469,31,16,+34.300,+3.117
3885.851,31,16,+34.317,+3.468
3887.935,31,16,+34.316,+3.507
3891.013,31,16,+34.293,+3.329
3896.154,31,16,+34.640,+3.163
3897.45,31,16,+34.644,+3.132
3903.204,31,16,+34.936,+2.926
3904.625,31,16,+34.965,+2.922
3906.61,31,16,+35.022,+2.884
3907.594,31,16,+35.038,+2.872
3912.313,31,16,+35.014,+2.903
3915.547,31,16,+35.015,+2.963
3918.969,31,16,+35.100,+2.992
3923.157,31,16,+35.228,+3.019
3929.204,31,16,+35.220,+3.021
3933.079,31,16,+35.311,+3.071
3937.464,31,16,+35.520,+3.309
3938.801,31,16,+35.581,+3.332
3943.755,31,16,+35.896,+3.214
3949.119,31,16,+36.001,+3.081
3954.51,31,16,+36.043,+3.134
3958.307,31,16,+35.989,+3.223
3962.291,31,16,+36.178,+3.105
3964.838,31,16,+36.258,+3.095
3967.432,31,16,+36.308,+3.108
3971.072,31,16,+36.408,+3.026
3975.76,31,16,+36.715,+3.058
3978.197,31,16,+36.751,+3.081
3980.603,31,16,+36.772,+3.143
3982.666,31,16,+36.782,+3.219
3985.775,31,16,+36.793,+3.239
3990.947,31,16,+37.108,+3.254
3992.244,31,16,+37.140,+3.250
3997.869,31,16,+37.286,+3.114
3999.228,31,16,+37.296,+3.095
4001.228,31,16,+37.336,+3.026
4002.072,31,16,+37.348,+3.014
4006.822,31,16,+37.342,+3.034
4010.135,31,16,+37.340,+3.082
4013.541,31,16,+37.404,+3.130
4017.713,31,16,+37.585,+3.180
4023.775,31,16,+37.417,+3.126
4027.65,31,16,+37.513,+3.202
4032.029,31,16,+37.679,+3.451
4033.36,31,16,+37.730,+3.494
4038.266,31,16,+37.927,+3.266
4043.688,31,16,+38.122,+3.205
4049.141,31,16,+38.244,+3.229
4053.016,31,16,+38.262,+3.229
4056.953,31,16,+38.390,+3.162
4059.469,31,16,+38.443,+3.163
4062.047,31,16,+38.490,+3.170
4065.656,31,16,+38.520,+3.138
4070.297,31,16,+38.745,+3.122
4072.844,31,16,+38.792,+3.123
4075.219,31,16,+38.854,+3.143
4077.297,31,16,+38.921,+3.166
4080.393,31,16,+38.929,+3.141
4085.531,31,16,+39.163,+3.161
4086.875,31,16,+39.191,+3.162
4092.564,31,16,+39.409,+3.119
4093.937,31,16,+39.421,+3.088
4095.937,31,16,+39.469,+3.040
4096.781,31,16,+39.477,+3.032
4101.509,31,16,+39.415,+3.031
4104.821,31,16,+39.388,+3.048
4108.29,31,16,+39.473,+3.161
4112.29,31,16,+39.538,+3.170
4118.321,31,16,+39.522,+3.095
4122.217,31,16,+39.603,+3.085
4126.618,31,16,+39.823,+3.096
4127.935,31,16,+39.905,+3.096
4132.891,31,16,+40.252,+3.012
4138.406,31,16,+40.396,+2.976
4143.797,31,16,+40.455,+3.011
4147.688,31,16,+40.467,+3.048
4151.641,31,16,+40.639,+3.077
4154.188,31,16,+40.686,+3.067
4156.751,31,16,+40.724,+3.057
4160.485,31,16,+40.776,+2.983
4164.963,31,16,+40.977,+2.995
4167.431,31,16,+41.006,+3.006
4169.838,31,16,+41.031,+3.030
4171.994,31,16,+41.052,+3.055
4175.008,31,16,+41.069,+3.104
4180.196,31,16,+41.450,+3.088
4181.528,31,16,+41.483,+3.077
4187.263,31,16,+41.786,+3.031
4188.606,31,16,+41.779,+3.027
4190.623,31,16,+41.826,+2.994
4191.544,31,16,+41.847,+2.991
4196.294,31,16,+41.832,+2.994
4199.591,31,16,+41.829,+3.031
4203.066,31,16,+41.948,+3.085
4207.086,31,16,+41.978,+3.059
4213.212,31,16,+42.113,+3.000
4217.103,31,16,+42.197,+2.987
4221.416,31,16,+42.390,+2.951
4222.759,31,16,+42.466,+2.958
4227.7,31,16,+42.846,+2.998
4233.091,31,16,+42.980,+2.852
4238.512,31,16,+43.038,+2.894
4242.419,31,16,+43.034,+2.966
4246.45,31,16,+43.261,+3.042
4249.012,31,16,+43.353,+3.071
4251.635,31,16,+43.407,+3.084
4255.244,31,16,+43.510,+3.068
4259.869,31,16,+43.758,+3.122
4262.337,31,16,+43.785,+3.121
4264.728,31,16,+43.791,+3.122
4266.791,31,16,+43.786,+3.122
4269.837,31,16,+43.816,+3.158
4274.925,31,16,+44.045,+3.111
4276.222,31,16,+44.065,+3.096
4281.956,31,16,+44.390,+3.062
4283.362,31,16,+44.407,+3.037
4285.347,31,16,+44.490,+2.986
4286.206,31,16,+44.509,+2.975
4291.034,31,16,+44.491,+2.953
4294.3,31,16,+44.491,+2.968
4297.737,31,16,+44.583,+2.955
4301.784,31,16,+44.688,+2.930
4307.839,31,16,+44.726,+2.856
4311.699,31,16,+44.771,+2.835
4316.037,31,16,+44.932,+2.832
4317.428,31,16,+44.979,+2.841
4322.303,31,16,+45.278,+2.802
4327.734,31,16,+45.440,+2.727
4333.094,31,16,+45.498,+2.709
4336.89,31,16,+45.416,+2.690
4340.859,31,16,+45.606,+2.796
4343.422,31,16,+45.676,+2.821
4346.0,31,16,+45.715,+2.826
4349.719,31,16,+45.867,+2.893
4354.265,31,16,+46.092,+2.878
4356.734,31,16,+46.111,+2.900
4359.142,31,16,+46.121,+2.948
4361.211,31,16,+46.125,+2.995
4364.268,31,16,+46.126,+3.078
4369.503,31,16,+46.518,+3.181
4370.859,31,16,+46.555,+3.180
4376.5,31,16,+46.895,+3.196
4377.844,31,16,+46.892,+3.160
4379.844,31,16,+46.938,+3.139
4380.719,31,16,+46.952,+3.135
4385.469,31,16,+46.932,+3.130
4388.806,31,16,+46.939,+3.163
4392.115,31,16,+47.033,+3.160
4396.251,31,16,+47.123,+3.169
4402.375,31,16,+47.287,+3.179
4406.141,31,16,+47.329,+3.169
4410.492,31,16,+47.474,+3.189
4411.861,31,16,+47.507,+3.214
4416.765,31,16,+47.864,+3.298
4422.187,31,16,+47.887,+3.202
4427.531,31,16,+47.980,+3.187
4431.359,31,16,+47.953,+3.178
4435.312,31,16,+48.126,+3.169
4437.835,31,16,+48.176,+3.140
4440.428,31,16,+48.195,+3.113
4444.109,31,16,+48.337,+3.220
4448.634,31,16,+48.537,+3.251
4451.109,31,16,+48.621,+3.315
4453.531,31,16,+48.757,+3.430
4455.625,31,16,+48.896,+3.567
4458.718,31,16,+49.010,+3.670
4463.782,31,16,+49.225,+3.795
4465.015,31,16,+49.183,+3.807
4470.902,31,16,+49.630,+4.030
4472.281,31,16,+49.694,+4.053
4474.281,31,16,+49.770,+4.022
4475.172,31,16,+49.810,+4.026
9.614,11,18,,
2862.83,11,18,+2.531,+0.191
2867.158,11,19,+2.531,+0.191
2867.361,11,19,+3.259,+0.138
2871.33,11,19,+3.695,+0.153
2875.564,11,19,+4.252,+0.274
2881.814,11,19,+4.528,+0.105
2886.189,11,19,+5.108,+0.061
2890.596,11,20,+5.108,+0.061
2890.88,11,20,+5.295,+0.090
2892.215,11,20,+5.436,+0.163
2897.933,11,20,+6.323,+0.203
2903.824,11,20,+7.052,+0.394
2909.255,11,20,+7.197,+0.303
2913.146,11,20,+7.277,+0.214
2917.727,11,20,+7.962,+0.280
2920.352,11,20,+8.074,+0.244
2923.039,11,20,+8.210,+0.295
2927.227,11,20,+8.833,+0.334
2931.899,11,20,+9.252,+0.260
2934.322,11,20,+9.192,+0.183
2936.602,11,20,+9.027,+0.087
2938.367,11,19,+9.027,+0.087
2938.383,11,20,+9.027,+0.087
2938.461,11,20,+8.868,+0.087
2941.461,11,19,+8.868,+0.087
2941.555,11,19,+8.928,+0.847
2947.111,11,19,+9.301,+1.029
2948.502,11,19,+9.314,+1.014
2954.508,11,19,+9.901,+0.769
2955.933,11,19,+10.000,+0.684
2957.996,11,19,+10.121,+0.419
2958.886,11,19,+10.148,+0.302
2963.699,11,19,+10.085,+0.182
2967.433,11,19,+10.392,+0.198
2971.042,11,19,+10.644,+0.138
2975.703,11,18,+10.644,+0.138
2975.78,11,18,+11.569,+1.286
2981.903,11,18,+11.790,+1.102
2985.758,11,18,+11.827,+1.183
2990.024,11,18,+11.665,+1.346
2991.383,11,18,+11.708,+1.408
2996.739,11,18,+12.324,+1.521
3002.236,11,18,+12.721,+1.473
3007.767,11,18,+12.925,+1.512
3011.783,11,18,+13.118,+1.633
3016.158,11,18,+13.748,+1.703
3018.767,11,18,+13.962,+1.774
3021.439,11,18,+14.158,+1.828
3025.326,11,18,+14.553,+1.730
3030.064,11,18,+15.032,+1.878
3032.552,11,18,+15.064,+1.900
3034.955,11,18,+15.026,+1.886
3036.957,11,18,+14.973,+1.891
3040.252,11,18,+15.233,+1.953
3046.474,11,19,+15.233,+1.953
3046.724,11,20,+15.233,+1.953
3047.145,11,21,+15.233,+1.953
3047.286,11,21,+17.295,+0.039
3066.63,11,22,+17.295,+0.039
3108.717,11,22,+59.604,+38.423
3113.072,11,22,+60.606,+39.196
3117.433,11,22,+60.900,+39.480
3123.339,11,22,+60.950,+39.441
3127.292,11,22,+60.954,+39.407
3131.692,11,22,+61.036,+39.368
3133.13,11,22,+61.149,+39.393
3138.327,11,22,+61.658,+39.466
3143.701,11,22,+61.868,+39.401
3149.248,11,22,+62.058,+39.361
3153.296,11,22,+62.289,+39.333
3157.467,11,22,+62.672,+39.429
3160.092,11,22,+62.785,+39.400
3162.717,11,22,+62.871,+39.361
3166.483,11,22,+63.090,+39.407
3171.201,11,22,+63.423,+39.388
3173.67,11,22,+63.491,+39.417
3176.17,11,22,+63.556,+39.483
3178.233,11,22,+63.614,+39.547
3181.451,11,22,+63.822,+39.640
3186.811,11,22,+64.250,+39.849
3188.201,11,22,+64.323,+39.872
3193.951,11,22,+64.673,+39.724
3195.311,11,22,+64.742,+39.683
3197.342,11,22,+64.801,+39.613
3198.186,11,22,+64.801,+39.569
3202.902,11,22,+64.623,+39.161
3206.292,11,22,+64.618,+39.002
3209.651,11,22,+64.650,+38.923
3213.729,11,22,+64.854,+38.859
3219.683,11,22,+64.948,+38.897
3223.558,11,22,+64.981,+38.829
3228.011,11,22,+65.094,+38.791
3229.351,11,22,+65.152,+38.786
3234.383,11,22,+65.461,+38.689
3239.795,11,22,+65.648,+38.628
3245.252,11,22,+65.778,+38.504
3249.276,11,22,+65.997,+38.440
3253.323,11,22,+66.286,+38.379
3255.901,11,22,+66.430,+38.318
3258.526,11,22,+66.570,+38.252
3262.236,11,22,+66.824,+38.219
3266.914,11,22,+67.065,+38.184
3269.379,11,22,+67.109,+38.215
3271.77,11,22,+67.164,+38.304
3273.911,11,22,+67.222,+38.395
3277.02,11,22,+67.321,+38.421
3282.348,11,22,+67.730,+38.484
3283.719,11,22,+67.746,+38.483
3289.398,11,22,+67.976,+38.299
3290.804,11,22,+67.994,+38.238
3292.758,11,22,+68.025,+38.202
3293.679,11,22,+68.029,+38.178
3298.426,11,22,+67.929,+37.946
3301.895,11,22,+68.053,+37.929
3305.317,11,22,+68.188,+37.928
3309.426,11,22,+68.328,+37.884
3315.313,11,22,+68.362,+37.876
3319.234,11,22,+68.383,+37.792
3323.607,11,22,+68.591,+37.721
3324.967,11,22,+68.646,+37.707
3329.951,11,22,+68.999,+37.643
3335.451,11,22,+69.199,+37.575
3340.764,11,22,+69.250,+37.411
3344.654,11,22,+69.378,+37.265
3348.736,11,22,+69.648,+37.201
3351.329,11,22,+69.756,+37.141
3353.892,11,22,+69.823,+37.059
3357.611,11,22,+70.056,+36.993
3362.22,11,22,+70.359,+37.002
3364.722,11,22,+70.410,+37.049
3367.189,11,22,+70.466,+37.154
3369.314,11,22,+70.523,+37.262
3372.454,11,22,+70.638,+37.271
3377.695,11,22,+71.091,+37.250
3379.023,11,22,+71.212,+37.237
3384.728,11,22,+71.385,+37.078
3386.126,11,22,+71.442,+37.083
3388.172,11,22,+71.520,+37.047
3389.047,11,22,+71.532,+37.032
3393.836,11,22,+71.472,+36.904
3397.342,11,22,+71.628,+36.858
3400.795,11,22,+71.794,+36.819
3404.904,11,22,+71.965,+36.799
3410.864,11,22,+72.060,+36.830
3414.739,11,22,+72.059,+36.793
3419.207,11,22,+72.092,+36.845
3420.551,11,22,+72.105,+36.843
3425.532,11,22,+72.255,+36.664
3430.975,11,22,+72.550,+36.638
3436.382,11,22,+72.566,+36.467
3440.338,11,22,+72.709,+36.354
3444.411,11,22,+73.028,+36.276
3446.973,11,22,+73.152,+36.216
3449.585,11,22,+73.224,+36.131
3453.289,11,22,+73.433,+36.015
3458.007,11,22,+73.768,+36.046
3460.523,11,22,+73.818,+36.131
3462.961,11,22,+73.881,+36.325
3465.117,11,22,+73.938,+36.542
3468.289,11,22,+74.044,+36.443
3473.476,11,22,+74.534,+36.407
3474.835,11,22,+74.659,+36.394
3480.554,11,22,+74.961,+36.223
3481.961,11,22,+74.982,+36.211
3483.977,11,22,+75.011,+36.169
3484.86,11,22,+75.019,+36.140
3489.645,11,22,+74.948,+35.854
3493.145,11,22,+75.077,+35.828
3496.551,11,22,+75.192,+35.785
3500.688,11,22,+75.325,+35.724
3506.626,11,22,+75.443,+35.773
3510.536,11,22,+75.454,+35.760
3514.939,11,22,+75.601,+35.800
3516.329,11,22,+75.653,+35.782
3521.267,11,22,+75.836,+35.623
3526.735,11,22,+76.073,+35.536
3532.208,11,22,+76.126,+35.388
3536.115,11,22,+76.277,+35.226
3540.17,11,22,+76.526,+35.123
3542.686,11,22,+76.603,+34.963
3545.307,11,22,+76.655,+34.827
3548.917,11,22,+76.812,+34.684
3553.573,11,22,+77.079,+34.697
3556.042,11,22,+77.041,+34.753
3558.417,11,22,+76.933,+34.878
3560.495,11,22,+76.921,+35.047
3563.588,11,22,+77.006,+34.963
3568.76,11,22,+77.324,+34.744
3570.088,11,22,+77.428,+34.725
3575.792,11,22,+76.968,+34.579
3577.213,11,22,+76.984,+34.567
3579.214,11,22,+77.040,+34.532
3580.073,11,22,+77.657,+34.518
3584.838,11,22,+77.150,+34.413
3588.245,11,22,+77.296,+34.317
3591.573,11,22,+77.205,+34.131
3595.698,11,22,+77.242,+34.108
3601.604,11,22,+77.149,+34.084
3605.586,11,22,+77.311,+34.109
3610.007,11,22,+77.721,+34.275
3611.445,11,22,+77.770,+34.277
3616.366,11,22,+77.708,+34.044
3621.748,11,22,+77.685,+33.886
3627.185,11,22,+77.787,+34.261
3631.17,11,22,+77.911,+34.049
3635.091,11,22,+78.028,+33.870
3637.62,11,22,+78.087,+33.751
3640.166,11,22,+78.153,+33.621
3643.807,11,22,+78.229,+33.362
3648.488,11,22,+78.408,+33.336
3651.146,11,22,+78.497,+33.333
3653.379,11,22,+78.637,+33.368
3655.488,11,22,+78.790,+33.429
3658.582,11,22,+78.976,+33.145
3663.769,11,22,+79.273,+33.016
3665.113,11,22,+79.286,+32.962
3670.925,11,22,+79.442,+32.718
3672.206,11,22,+79.547,+32.754
3674.253,11,22,+79.646,+32.733
3675.113,11,22,+79.665,+32.714
3679.925,11,22,+79.580,+32.521
3683.238,11,22,+79.553,+32.366
3686.597,11,22,+79.601,+32.102
3690.784,11,22,+79.799,+32.100
3696.815,11,22,+79.989,+32.160
3700.704,11,22,+80.087,+32.184
3705.235,11,22,+80.323,+32.284
3706.576,11,22,+80.397,+32.235
3711.632,11,22,+80.691,+32.016
3717.027,11,22,+80.777,+31.869
3722.484,11,22,+80.874,+31.736
3726.411,11,22,+80.905,+31.618
3730.426,11,22,+81.157,+31.435
3732.97,11,22,+81.272,+31.347
3735.554,11,22,+81.355,+31.232
3739.188,11,22,+81.484,+31.002
3744.094,11,22,+82.078,+31.180
3746.657,11,22,+82.169,+31.238
3749.032,11,22,+82.183,+31.301
3751.126,11,22,+82.182,+31.373
3754.282,11,22,+82.242,+31.354
3759.564,11,22,+82.679,+31.326
3760.907,11,22,+82.598,+31.318
3766.688,11,22,+82.877,+31.238
3768.063,11,22,+82.925,+31.188
3770.094,11,22,+83.021,+31.179
3771.032,11,22,+83.046,+31.154
3775.788,11,22,+83.056,+30.898
3779.138,11,22,+83.158,+30.816
3782.623,11,22,+83.291,+30.674
3786.685,11,22,+83.414,+30.620
3792.623,11,22,+83.375,+30.580
3796.544,11,22,+83.515,+30.565
3801.06,11,22,+83.866,+30.620
3802.432,11,22,+83.966,+30.635
3807.385,11,22,+84.275,+30.438
3812.792,11,22,+84.418,+30.202
3818.238,11,22,+84.508,+30.103
3822.191,11,22,+84.548,+29.974
3826.223,11,22,+84.771,+29.752
3828.722,11,22,+84.851,+29.626
3831.347,11,22,+84.916,+29.515
3835.004,11,22,+85.043,+29.401
3839.755,11,22,+85.352,+29.289
3842.192,11,22,+85.390,+29.237
3844.594,11,22,+85.389,+29.277
3846.672,11,22,+85.388,+29.360
3849.782,11,22,+85.351,+29.367
3855.032,11,22,+85.727,+29.202
3856.344,11,22,+85.692,+29.177
3862.11,11,22,+85.912,+29.060
3863.516,11,22,+85.933,+29.003
3865.516,11,22,+86.002,+28.983
3866.391,11,22,+86.020,+28.954
3871.157,11,22,+86.003,+28.677
3874.625,11,22,+86.069,+28.551
3877.969,11,22,+86.215,+28.472
3882.25,11,22,+86.422,+28.604
3888.23,11,22,+86.483,+28.588
3892.185,11,22,+86.652,+28.584
3896.685,11,22,+87.016,+28.612
3898.029,11,22,+87.087,+28.553
3902.938,11,22,+87.321,+28.273
3908.297,11,22,+87.403,+28.092
3913.719,11,22,+87.508,+27.999
3917.657,11,22,+87.550,+27.872
3921.704,11,22,+87.818,+27.653
3924.266,11,22,+87.928,+27.553
3926.891,11,22,+88.004,+27.452
3930.516,11,22,+88.135,+27.277
3935.297,11,22,+88.536,+27.196
3937.754,11,22,+88.602,+27.195
3940.145,11,22,+88.638,+27.221
3942.239,11,22,+88.661,+27.254
3945.354,11,22,+88.666,+27.223
3950.525,11,22,+89.008,+27.101
3951.869,11,22,+89.010,+27.074
3957.542,11,22,+89.289,+26.931
3958.963,11,22,+89.316,+26.906
3960.963,11,22,+89.365,+26.887
3961.823,11,22,+89.381,+26.858
3966.588,11,22,+89.359,+26.555
3970.025,11,22,+89.468,+26.460
3973.4,11,22,+89.562,+26.344
3977.525,11,22,+89.612,+26.283
3983.603,11,22,+89.610,+26.451
3987.525,11,22,+89.731,+26.390
3991.963,11,22,+90.044,+26.348
3993.307,11,22,+90.129,+26.330
3998.353,11,22,+90.501,+26.307
4003.713,11,22,+90.603,+26.093
4009.182,11,22,+90.723,+26.033
4013.088,11,22,+90.776,+25.903
4017.104,11,22,+90.997,+25.647
4019.65,11,22,+91.081,+25.512
4022.244,11,22,+91.129,+25.367
4025.869,11,22,+91.225,+25.138
4030.815,11,22,+91.690,+25.081
4033.235,11,22,+91.795,+25.110
4035.688,11,22,+91.867,+25.158
4038.078,11,22,+92.190,+25.479
4042.578,11,22,1 L,+26.896
4048.781,11,22,1 L,+27.730
4050.203,11,22,1 L,+27.773
4056.187,11,22,1 L,+28.038
4057.578,11,22,1 L,+28.009
4059.641,11,22,1 L,+28.019
4060.484,11,22,1 L,+27.995
4065.25,11,22,1 L,+27.637
4068.656,11,22,1 L,+27.496
4072.203,11,22,1 L,+27.414
4076.265,11,22,1 L,+27.455
4082.297,11,22,1 L,+27.380
4086.156,11,22,1 L,+27.298
4090.562,11,22,1 L,+27.149
4091.89,11,22,1 L,+27.093
4096.859,11,22,1 L,+26.952
4102.353,11,22,1 L,+26.828
4107.79,11,22,1 L,+26.720
4111.696,11,22,1 L,+26.527
4115.743,11,22,1 L,+26.352
4118.353,11,22,1 L,+26.191
4120.978,11,22,1 L,+26.068
4124.707,11,22,1 L,+25.971
4129.484,11,22,1 L,+25.442
4131.891,11,22,1 L,+25.395
4134.25,11,22,1 L,+25.381
4136.328,11,22,1 L,+25.369
4139.406,11,22,1 L,+25.262
4144.594,11,22,1 L,+24.855
4145.906,11,22,1 L,+24.812
4151.626,11,22,1 L,+24.746
4153.016,11,22,1 L,+24.661
4155.016,11,22,1 L,+24.582
4155.844,11,22,1 L,+24.542
4160.627,11,22,1 L,+24.161
4164.029,11,22,1 L,+23.987
4167.478,11,22,1 L,+23.964
4171.494,11,22,1 L,+23.833
4177.516,11,22,1 L,+23.752
4181.388,11,22,1 L,+23.690
4185.809,11,22,1 L,+23.561
4187.202,11,22,1 L,+23.482
4192.184,11,22,1 L,+23.180
4197.622,11,22,1 L,+22.962
4203.081,11,22,1 L,+22.771
4208.104,11,22,1 L,+23.697
4212.666,11,22,1 L,+23.940
4216.322,11,22,1 L,+24.862
4220.416,11,22,1 L,+26.246
4224.43,11,22,1 L,+26.339
4229.247,11,22,1 L,+26.106
4231.794,11,22,1 L,+26.052
4234.247,11,22,1 L,+26.160
4236.762,11,22,1 L,+26.637
4240.825,11,22,1 L,+27.437
4246.891,11,22,1 L,+28.025
4259.103,11,22,1 L,+29.277
4267.431,11,22,1 L,+6.524
4270.963,11,22,1 L,+5.084
4274.878,11,22,1 L,+4.821
4280.956,11,22,1 L,+4.813
4284.831,11,22,1 L,+4.692
4289.206,11,22,1 L,+4.472
4290.534,11,22,1 L,+4.397
4295.534,11,22,1 L,+4.318
4301.05,11,22,1 L,+4.223
4306.472,11,22,1 L,+3.486
4310.341,11,22,1 L,+3.322
4314.334,11,22,1 L,+2.823
4316.881,11,22,1 L,+2.323
4319.506,11,22,1 L,+2.136
4323.178,11,22,1 L,+1.965
4327.937,11,22,1 L,+2.061
4330.375,11,22,1 L,+2.088
4332.75,11,22,1 L,+2.107
4334.734,11,22,1 L,+2.131
4337.781,11,22,1 L,+1.987
4342.969,11,22,1 L,+1.958
4344.328,11,22,1 L,+1.895
4350.094,11,22,1 L,+1.791
4353.515,11,22,1 L,+1.805
4354.39,11,22,1 L,+1.789
4359.11,11,22,1 L,+1.484
4362.456,11,22,1 L,+1.357
4365.909,11,22,1 L,+1.375
4369.972,11,22,1 L,+1.524
4375.859,11,22,1 L,+1.551
4379.765,11,22,1 L,+1.550
4384.094,11,22,1 L,+1.551
4385.39,11,22,1 L,+1.554
4390.35,11,22,1 L,+1.557
4395.807,11,22,1 L,+1.681
4401.187,11,22,1 L,+1.560
4404.968,11,22,1 L,+1.310
4409.015,11,22,1 L,+1.305
4411.553,11,22,1 L,+1.193
4414.103,11,22,1 L,+1.060
4417.859,11,22,1 L,+1.086
4422.515,11,22,1 L,+1.177
4424.953,11,22,1 L,+1.199
4427.328,11,22,1 L,+1.265
4429.359,11,22,1 L,+1.367
4432.437,11,22,1 L,+1.422
4437.591,11,22,1 L,+1.293
4438.89,11,22,1 L,+1.265
4444.672,11,22,1 L,+1.331
4446.015,11,22,1 L,+1.302
4448.053,11,22,1 L,+1.295
4448.952,11,22,1 L,+11.289
4449.234,11,22,1 L,+1.289
4517.218,11,22,1 L,+11.289
4729.78,11,22,1L,+11.289
9.614,77,19,,
2863.017,77,19,+2.716,+0.185
2867.158,77,20,+2.716,+0.185
2867.627,77,20,+3.504,+0.245
2871.642,77,20,+4.036,+0.341
2875.721,77,21,+4.036,+0.341
2875.846,77,21,+4.539,+0.026
2882.064,77,21,+4.853,+0.203
2886.533,77,21,+5.484,+0.311
2891.009,77,21,+5.563,+0.268
2892.449,77,21,+5.731,+0.295
2898.261,77,21,+6.650,+0.327
2903.993,77,21,+7.235,+0.183
2909.411,77,21,+7.364,+0.167
2913.427,77,21,+7.530,+0.253
2917.961,77,21,+8.220,+0.258
2920.508,77,21,+8.272,+0.198
2923.321,77,21,+8.489,+0.279
2927.664,77,21,+9.278,+0.445
2932.664,77,21,+9.928,+0.676
2935.055,77,21,+9.927,+0.735
2937.446,77,21,+9.849,+0.822
2939.492,77,21,+9.755,+0.887
2942.695,77,21,+10.038,+1.000
2948.189,77,21,+10.355,+0.746
2949.613,77,21,+10.387,+0.721
2955.667,77,21,+11.066,+0.545
2957.058,77,21,+11.126,+0.522
2959.121,77,21,+11.238,+0.522
2960.011,77,21,+11.291,+0.548
2964.824,77,21,+11.205,+0.575
2968.464,77,21,+11.469,+0.653
2972.245,77,21,+11.925,+0.629
2976.536,77,20,+11.925,+0.629
2976.616,77,20,+12.275,+0.573
2982.571,77,20,+12.510,+0.538
2986.461,77,20,+12.528,+0.517
2990.633,77,20,+12.295,+0.547
2992.039,77,20,+12.421,+0.527
2997.473,77,20,+13.056,+0.380
3003.07,77,20,+13.567,+0.353
3009.017,77,20,+13.551,+0.097
3012.095,77,19,+13.551,+0.097
3012.174,77,19,+13.543,+0.425
3016.705,77,19,+14.291,+0.543
3019.33,77,19,+14.500,+0.538
3021.939,77,19,+14.675,+0.517
3025.953,77,19,+15.195,+0.642
3030.673,77,19,+15.613,+0.581
3033.137,77,19,+15.632,+0.568
3035.536,77,19,+15.605,+0.579
3037.547,77,19,+15.552,+0.579
3040.802,77,19,+15.779,+0.546
3046.474,77,18,+15.779,+0.546
3046.567,77,18,+16.603,+3.097
3047.958,77,18,+16.684,+3.140
3053.88,77,18,+17.207,+3.143
3055.224,77,18,+17.221,+3.069
3057.27,77,18,+17.301,+3.040
3058.177,77,18,+17.337,+3.048
3063.031,77,18,+17.299,+3.086
3066.583,77,18,+17.485,+3.234
3070.053,77,18,+17.601,+3.196
3074.202,77,18,+17.692,+3.166
3080.117,77,18,+17.734,+3.096
3084.033,77,18,+17.732,+3.187
3088.408,77,18,+17.750,+3.524
3089.783,77,18,+17.822,+3.568
3094.927,77,19,+17.822,+3.568
3095.255,77,19,+18.603,+0.245
3100.774,77,19,+18.941,+0.281
3106.108,77,19,+18.917,+0.180
3109.998,77,19,+19.017,+0.196
3114.511,77,19,+19.712,+0.608
3117.152,77,19,+19.862,+0.712
3119.808,77,19,+19.962,+0.791
3123.73,77,19,+20.337,+0.873
3128.52,77,19,+20.738,+1.013
3131.004,77,19,+20.772,+1.035
3133.364,77,19,+20.786,+1.041
3135.395,77,19,+20.788,+1.046
3138.577,77,19,+20.987,+1.032
3144.155,77,19,+21.582,+1.393
3145.483,77,19,+21.645,+1.438
3151.483,77,19,+22.185,+1.668
3152.858,77,19,+22.271,+1.687
3154.889,77,19,+22.372,+1.693
3155.764,77,19,+22.409,+1.718
3160.67,77,19,+22.367,+1.851
3164.201,77,19,+22.540,+2.111
3167.717,77,19,+22.718,+2.203
3171.905,77,19,+23.009,+2.264
3177.842,77,19,+23.103,+2.238
3181.795,77,19,+23.159,+2.311
3186.123,77,19,+23.183,+2.414
3187.467,77,19,+23.257,+2.451
3192.717,77,19,+23.792,+2.662
3198.201,77,19,+23.983,+2.618
3203.57,77,19,+24.099,+2.658
3207.511,77,19,+24.234,+2.661
3211.745,77,19,+24.705,+2.959
3214.339,77,19,+24.880,+3.067
3216.948,77,19,+25.030,+3.144
3220.917,77,19,+25.334,+3.215
3225.526,77,19,+25.676,+3.403
3227.964,77,19,+25.712,+3.420
3230.383,77,19,+25.750,+3.427
3232.539,77,19,+25.788,+3.448
3235.726,77,19,+25.998,+3.503
3241.155,77,19,+26.512,+3.752
3242.507,77,19,+26.529,+3.794
3248.37,77,19,+26.973,+3.999
3249.838,77,19,+27.017,+4.024
3251.87,77,19,+27.109,+4.063
3252.728,77,19,+27.139,+4.091
3257.589,77,19,+27.100,+4.221
3261.079,77,19,+27.209,+4.377
3264.518,77,19,+27.364,+4.340
3268.614,77,19,+27.515,+4.339
3274.504,77,19,+27.550,+4.297
3278.458,77,19,+27.608,+4.378
3282.848,77,19,+27.793,+4.490
3284.171,77,19,+27.863,+4.505
3289.289,77,19,+28.354,+4.670
3294.636,77,19,+28.492,+4.612
3300.114,77,19,+28.610,+4.671
3304.051,77,19,+28.763,+4.687
3308.27,77,19,+29.182,+4.962
3310.926,77,19,+29.298,+5.063
3313.567,77,19,+29.368,+5.144
3317.136,77,19,+29.579,+5.142
3321.889,77,19,+30.003,+5.350
3324.357,77,19,+30.037,+5.373
3326.753,77,19,+30.031,+5.386
3328.803,77,19,+30.022,+5.411
3331.92,77,19,+30.133,+5.381
3337.076,77,19,+30.491,+5.369
3338.404,77,19,+30.588,+5.374
3344.217,77,19,+30.827,+5.415
3345.545,77,19,+30.857,+5.389
3347.692,77,19,+30.963,+5.409
3348.508,77,19,+31.001,+5.433
3353.361,77,19,+31.014,+5.605
3356.877,77,19,+31.158,+5.807
3360.345,77,19,+31.310,+5.819
3364.407,77,19,+31.470,+5.764
3370.282,77,19,+31.496,+5.600
3374.195,77,19,+31.529,+5.673
3378.617,77,19,+31.524,+5.811
3379.961,77,19,+31.551,+5.831
3385.219,77,19,+31.973,+6.024
3390.579,77,19,+32.178,+5.886
3396.045,77,19,+32.251,+5.911
3400.014,77,19,+32.408,+5.932
3404.123,77,19,+32.749,+6.081
3406.67,77,19,+32.837,+6.131
3409.252,77,19,+32.894,+6.183
3412.957,77,19,+33.116,+6.178
3417.629,77,19,+33.373,+6.286
3420.082,77,19,+33.375,+6.318
3422.502,77,19,+33.366,+6.346
3424.548,77,19,+33.362,+6.387
3427.72,77,19,+33.520,+6.455
3432.895,77,19,+33.929,+6.507
3434.192,77,19,+34.026,+6.517
3439.916,77,19,+34.309,+6.491
3441.317,77,19,+34.337,+6.491
3443.316,77,19,+34.359,+6.453
3444.176,77,19,+34.369,+6.454
3449.007,77,19,+34.330,+6.567
3452.461,77,19,+34.406,+6.682
3455.914,77,19,+34.481,+6.648
3459.992,77,19,+34.613,+6.685
3465.929,77,19,+34.729,+6.670
3469.804,77,19,+34.746,+6.740
3474.257,77,19,+34.879,+6.900
3475.57,77,19,+34.960,+6.943
3480.773,77,19,+35.356,+7.085
3486.176,77,19,+35.514,+7.075
3491.66,77,19,+35.582,+7.098
3495.582,77,19,+35.739,+7.111
3499.703,77,19,+36.073,+7.296
3502.251,77,19,+36.152,+7.357
3504.814,77,19,+36.206,+7.409
3508.58,77,19,+36.457,+7.377
3513.252,77,19,+36.760,+7.539
3515.689,77,19,+36.720,+7.566
3518.173,77,19,+36.622,+7.574
3520.189,77,19,+36.621,+7.598
3523.314,77,19,+36.730,+7.621
3528.532,77,19,+37.073,+7.693
3529.813,77,19,+37.167,+7.713
3535.553,77,19,+37.291,+7.718
3536.921,77,19,+37.351,+7.712
3538.905,77,19,+37.374,+7.673
3539.795,77,19,+37.372,+7.674
3544.588,77,19,+37.224,+7.763
3548.01,77,19,+37.246,+7.853
3551.526,77,19,+37.290,+7.940
3555.604,77,19,+37.354,+7.910
3561.526,77,19,+37.243,+7.803
3565.417,77,19,+37.309,+7.867
3569.885,77,19,+37.628,+8.012
3571.245,77,19,+37.753,+8.085
3576.385,77,19,+37.724,+8.231
3581.713,77,19,+37.644,+8.150
3587.198,77,19,+37.779,+8.185
3591.198,77,19,+37.929,+8.224
3595.276,77,19,+38.210,+8.422
3597.823,77,19,+38.298,+8.493
3600.385,77,19,+38.368,+8.554
3604.127,77,19,+38.553,+8.612
3608.851,77,19,+38.738,+8.749
3611.429,77,19,+38.805,+8.749
3613.695,77,19,+38.925,+8.745
3615.757,77,19,+39.056,+8.752
3618.839,77,19,+39.237,+8.730
3623.966,77,19,+39.475,+8.790
3625.295,77,19,+39.475,+8.804
3631.013,77,19,+39.648,+8.753
3632.404,77,19,+39.741,+8.782
3634.451,77,19,+39.818,+8.750
3635.295,77,19,+39.831,+8.751
3640.073,77,19,+39.722,+8.841
3643.448,77,19,+39.762,+8.963
3646.879,77,19,+39.837,+8.992
3651.146,77,19,+40.026,+8.971
3656.941,77,19,+40.164,+8.909
3660.91,77,19,+40.282,+9.012
3665.41,77,19,+40.503,+9.234
3666.723,77,19,+40.558,+9.267
3671.738,77,19,+40.805,+9.267
3677.144,77,19,+40.933,+9.296
3682.659,77,19,+41.055,+9.314
3686.613,77,19,+41.099,+9.351
3690.691,77,19,+41.421,+9.527
3693.238,77,19,+41.518,+9.599
3695.831,77,19,+41.600,+9.679
3699.527,77,19,+41.837,+9.795
3704.266,77,19,+42.249,+9.887
3706.729,77,19,+42.296,+9.895
3709.179,77,19,+42.306,+9.910
3711.304,77,19,+42.314,+9.936
3714.379,77,19,+42.325,+9.942
3719.556,77,19,+42.656,+9.996
3720.869,77,19,+42.563,+10.005
3726.598,77,19,+42.778,+10.008
3727.989,77,19,+42.855,+10.046
3730.051,77,19,+42.984,+10.090
3730.935,77,19,+43.015,+10.098
3735.754,77,19,+43.044,+10.197
3739.157,77,19,+43.151,+10.344
3742.61,77,19,+43.305,+10.328
3746.61,77,19,+43.437,+10.265
3752.673,77,19,+43.412,+10.194
3756.61,77,19,+43.558,+10.272
3761.126,77,19,+43.902,+10.500
3762.454,77,19,+44.000,+10.543
3767.485,77,19,+44.392,+10.596
3772.951,77,19,+44.570,+10.606
3778.42,77,19,+44.692,+10.645
3782.404,77,19,+44.772,+10.705
3786.513,77,19,+45.084,+10.897
3789.046,77,19,+45.170,+10.960
3791.669,77,19,+45.234,+11.014
3795.419,77,19,+45.435,+11.103
3800.185,77,19,+45.802,+11.261
3802.682,77,19,+45.845,+11.283
3805.057,77,19,+45.857,+11.304
3807.166,77,19,+45.870,+11.344
3810.298,77,19,+45.871,+11.354
3815.492,77,19,+46.184,+11.412
3816.816,77,19,+46.135,+11.421
3822.597,77,19,+46.416,+11.485
3824.035,77,19,+46.474,+11.508
3826.066,77,19,+46.574,+11.515
3826.957,77,19,+46.610,+11.533
3831.785,77,19,+46.624,+11.681
3835.269,77,19,+46.775,+11.927
3838.708,77,19,+46.882,+11.880
3842.915,77,19,+47.046,+11.944
3848.969,77,19,+47.169,+11.946
3852.844,77,19,+47.338,+12.020
3857.344,77,19,+47.694,+12.260
3858.704,77,19,+47.786,+12.327
3863.766,77,19,+48.155,+12.358
3869.196,77,19,+48.291,+12.305
3874.688,77,19,+48.440,+12.291
3878.625,77,19,+48.524,+12.330
3882.782,77,19,+48.904,+12.576
3885.36,77,19,+49.013,+12.658
3887.963,77,19,+49.079,+12.736
3891.685,77,19,+49.317,+12.806
3896.544,77,19,+49.787,+12.998
3899.013,77,19,+49.856,+13.039
3901.435,77,19,+49.904,+13.088
3903.516,77,19,+49.935,+13.150
3906.751,77,19,+50.058,+13.313
3912.125,77,19,+50.585,+13.541
3913.407,77,19,+50.602,+13.571
3919.344,77,19,+51.087,+13.817
3920.735,77,19,+51.105,+13.822
3922.782,77,19,+51.197,+13.842
3923.672,77,19,+51.230,+13.859
3928.485,77,19,+51.257,+14.003
3931.985,77,19,+51.421,+14.188
3935.422,77,19,+51.528,+14.206
3939.551,77,19,+51.641,+14.180
3945.606,77,19,+51.578,+14.131
3949.525,77,19,+51.735,+14.227
3953.994,77,19,+52.088,+14.471
3955.401,77,19,+52.190,+14.541
3960.51,77,19,+52.639,+14.699
3965.978,77,19,+52.857,+14.770
3971.478,77,19,+52.994,+14.836
3975.385,77,19,+53.071,+14.889
3979.51,77,19,+53.428,+15.063
3982.103,77,19,+53.522,+15.114
3984.682,77,19,+53.583,+15.166
3988.447,77,19,+53.804,+15.228
3993.307,77,19,+54.292,+15.442
3995.807,77,19,+54.348,+15.464
3998.213,77,19,+54.379,+15.497
4000.261,77,19,+54.397,+15.544
4003.416,77,19,+54.464,+15.661
4008.619,77,19,+54.789,+15.725
4009.947,77,19,+54.835,+15.747
4015.713,77,19,+55.136,+15.803
4017.119,77,19,+55.170,+15.797
4019.135,77,19,+55.250,+15.778
4019.994,77,19,+55.284,+15.789
4024.822,77,19,+55.344,+15.934
4028.322,77,19,+55.517,+16.153
4031.771,77,19,+55.610,+16.219
4035.938,77,19,+55.789,+16.124
4041.938,77,19,+55.579,+16.155
4045.875,77,19,+55.737,+16.256
4050.406,77,19,+56.035,+16.531
4051.734,77,19,+56.126,+16.605
4056.812,77,19,+56.491,+16.657
4062.328,77,19,+56.743,+16.664
4067.75,77,19,+56.867,+16.680
4071.687,77,19,+56.952,+16.729
4075.844,77,19,+57.297,+16.989
4078.437,77,19,+57.398,+17.086
4081.047,77,19,+57.476,+17.176
4084.859,77,19,+57.724,+17.360
4089.594,77,19,+58.004,+17.423
4092.047,77,19,+58.061,+17.434
4094.484,77,19,+58.111,+17.452
4096.547,77,19,+58.164,+17.491
4099.684,77,19,+58.202,+17.544
4104.837,77,19,+58.469,+17.643
4106.165,77,19,+58.502,+17.669
4111.931,77,19,+58.774,+17.718
4113.337,77,19,+58.835,+17.735
4115.399,77,19,+58.949,+17.743
4116.29,77,19,+58.985,+17.756
4121.087,77,19,+58.998,+17.905
4124.569,77,19,+59.144,+18.069
4128.01,77,19,+59.236,+18.102
4132.234,77,19,+59.431,+18.131
4138.234,77,19,+59.378,+18.033
4142.172,77,19,+59.549,+18.139
4146.719,77,19,+59.900,+18.394
4148.047,77,19,+60.023,+18.480
4153.048,77,19,+60.406,+18.442
4158.532,77,19,+60.558,+18.382
4164.039,77,19,+60.688,+18.401
4167.978,77,19,+60.772,+18.475
4172.197,77,19,+61.135,+18.720
4174.784,77,19,+61.222,+18.801
4177.331,77,19,+61.287,+18.870
4181.044,77,19,+61.458,+18.996
4185.872,77,19,+61.867,+19.119
4188.325,77,19,+61.914,+19.128
4190.809,77,19,+61.918,+19.127
4192.778,77,19,+61.916,+19.143
4195.888,77,19,+61.968,+19.183
4201.044,77,19,+62.308,+19.195
4202.362,77,19,+62.328,+19.207
4208.197,77,19,+62.710,+19.263
4209.587,77,19,+62.745,+19.271
4211.619,77,19,+62.832,+19.269
4212.525,77,19,+62.859,+19.267
4217.306,77,19,+62.866,+19.406
4220.837,77,19,+63.031,+19.551
4224.302,77,19,+63.232,+19.602
4228.434,77,19,+63.322,+19.552
4234.514,77,19,+63.397,+19.484
4238.45,77,19,+63.551,+19.584
4242.966,77,19,+63.903,+19.890
4244.294,77,19,+64.031,+19.974
4249.356,77,19,+64.509,+19.996
4254.884,77,19,+64.752,+19.985
4260.337,77,19,+64.844,+19.983
4264.259,77,19,+64.891,+20.059
4268.369,77,19,+65.200,+20.239
4271.009,77,19,+65.292,+20.323
4273.566,77,19,+65.357,+20.401
4277.347,77,19,+65.607,+20.483
4282.206,77,19,+66.054,+20.677
4284.706,77,19,+66.132,+20.734
4287.112,77,19,+66.181,+20.803
4289.206,77,19,+66.218,+20.902
4292.362,77,19,+66.346,+21.074
4297.55,77,19,+66.665,+21.087
4298.878,77,19,+66.694,+21.113
4304.612,77,19,+67.031,+20.998
4306.05,77,19,+67.088,+20.978
4308.089,77,19,+67.213,+20.937
4308.933,77,19,+67.244,+20.930
4313.741,77,19,+67.265,+21.086
4317.209,77,19,+67.394,+21.302
4320.647,77,19,+67.523,+21.376
4324.85,77,19,+67.745,+21.373
4331.0,77,19,+67.724,+21.311
4334.719,77,19,+67.791,+21.370
4339.094,77,19,+67.982,+21.621
4340.422,77,19,+68.054,+21.714
4345.437,77,19,+68.439,+21.763
4350.984,77,19,+68.634,+21.706
4356.375,77,19,+68.778,+21.787
4360.297,77,19,+68.819,+21.901
4364.425,77,19,+69.141,+22.047
4366.987,77,19,+69.224,+22.102
4369.597,77,19,+69.280,+22.162
4373.437,77,19,+69.564,+22.283
4378.172,77,19,+69.950,+22.347
4380.703,77,19,+69.998,+22.405
4383.047,77,19,+70.035,+22.509
4385.141,77,19,+70.072,+22.641
4388.318,77,19,+70.173,+22.819
4393.6,77,19,+70.654,+22.989
4394.912,77,19,+70.703,+23.021
4400.75,77,19,+71.138,+22.957
4402.172,77,19,+71.204,+22.985
4404.234,77,19,+71.319,+22.978
4405.125,77,19,+71.353,+22.978
4409.914,77,19,+71.371,+23.167
4413.391,77,19,+71.518,+23.372
4416.797,77,19,+71.684,+23.376
4421.015,77,19,+71.853,+23.407
4426.984,77,19,+71.952,+23.120
4430.937,77,19,+71.975,+23.132
4435.125,77,19,+72.041,+23.268
4436.422,77,19,+72.084,+23.348
4441.468,77,19,+72.542,+23.371
4446.993,77,19,+72.687,+23.372
4452.39,77,19,+72.829,+23.447
4456.187,77,19,+72.803,+23.434
4460.296,77,19,+73.124,+23.638
4462.89,77,19,+73.210,+23.714
4465.484,77,19,+73.254,+23.778
4469.274,77,19,+73.488,+23.916
4474.062,77,19,+73.952,+24.133
4476.468,77,19,+74.007,+24.170
4478.796,77,19,+74.047,+24.258
4480.781,77,19,+74.072,+24.386
4483.875,77,19,+74.176,+24.552
4489.015,77,19,+74.454,+24.570
4490.312,77,19,+74.476,+24.560
4496.109,77,19,+74.857,+24.405
4497.5,77,19,+74.927,+24.408
4499.578,77,19,+75.053,+24.363
4500.484,77,19,+75.117,+24.360
9.614,14,20,,
2862.736,14,20,+2.380,
2867.158,14,18,+2.380,
2867.252,14,18,+3.121,+0.221
2871.174,14,18,+3.542,+0.232
2875.361,14,18,+3.978,+0.126
2881.721,14,18,+4.423,+0.075
2886.127,14,18,+5.047,+0.218
2890.299,14,18,+4.873,+0.300
2891.687,14,18,+4.883,+0.295
2897.308,14,18,+5.708,+0.402
2902.996,14,18,+6.204,+0.438
2908.599,14,18,+6.542,+0.560
2912.615,14,18,+6.719,+0.634
2916.916,14,18,+7.134,+0.660
2919.633,14,18,+7.270,+0.672
2922.196,14,18,+7.359,+0.656
2926.102,14,18,+7.733,+0.422
2930.961,14,18,+8.198,+0.471
2933.321,14,18,+8.192,+0.482
2935.633,14,18,+8.085,+0.504
2937.57,14,18,+7.953,+0.549
2940.758,14,18,+8.081,+0.476
2946.096,14,18,+8.272,+0.520
2947.486,14,18,+8.300,+0.541
2953.737,14,18,+9.132,+0.334
2955.23,14,18,+9.316,+0.235
2957.589,14,18,+9.702,+0.178
2958.543,14,18,+9.846,+0.218
2963.52,14,18,+9.903,+0.261
2967.245,14,18,+10.194,+0.404
2970.917,14,18,+10.506,+0.440
2975.703,14,19,+10.506,+0.440
2975.883,14,20,+10.506,+0.440
2976.536,14,21,+10.506,+0.440
2977.326,14,22,+10.506,+0.440
2979.42,14,22,+14.898,+1.762
2986.711,14,22,+16.648,+3.408
2991.039,14,22,+17.074,+3.900
2995.317,14,22,+17.009,+4.204
2996.77,14,22,+17.093,+4.290
3001.937,14,22,+17.534,+4.097
3007.377,14,22,+17.859,+3.904
3012.908,14,22,+18.073,+3.937
3017.017,14,22,+18.352,+4.102
3021.174,14,22,+18.788,+3.958
3023.842,14,22,+19.004,+4.145
3026.502,14,22,+19.216,+3.854
3030.189,14,22,+19.443,+3.162
3034.916,14,22,+19.883,+3.041
3037.436,14,22,+19.904,+3.029
3039.753,14,22,+19.855,+3.045
3041.811,14,22,+19.793,+3.094
3044.956,14,22,+19.891,+3.048
3050.177,14,22,+20.169,+2.874
3051.536,14,22,+20.233,+2.874
3057.38,14,22,+20.726,+2.874
3058.755,14,22,+20.765,+2.874
3060.836,14,22,+20.846,+2.874
3061.693,14,22,+20.880,+1.424
3066.63,14,21,+20.880,+1.424
3066.708,14,21,+20.971,+2.378
3070.293,14,21,+21.181,+2.518
3073.858,14,21,+21.410,+2.460
3077.91,14,21,+21.420,+2.357
3083.939,14,21,+21.509,+2.290
3087.83,14,21,+21.547,+2.298
3092.348,14,21,+21.668,+2.370
3093.739,14,21,+21.756,+2.410
3098.833,14,21,+22.192,+2.310
3104.311,14,21,+22.467,+2.153
3109.889,14,21,+22.697,+2.201
3113.948,14,21,+22.956,+2.231
3118.042,14,21,+23.243,+2.143
3120.683,14,21,+23.385,+2.126
3123.324,14,21,+23.510,+2.105
3127.094,14,21,+23.683,+1.890
3131.77,14,21,+24.035,+1.815
3134.27,14,21,+24.074,+1.818
3136.664,14,21,+24.073,+1.845
3138.686,14,21,+24.067,+1.895
3141.78,14,21,+24.182,+1.851
3146.967,14,21,+24.401,+1.692
3148.311,14,21,+24.451,+1.689
3154.201,14,21,+24.949,+1.615
3155.623,14,21,+25.059,+1.587
3157.701,14,21,+25.188,+1.612
3158.608,14,21,+25.232,+1.619
3163.717,14,21,+25.462,+1.664
3167.296,14,21,+25.616,+1.702
3171.014,14,21,+25.727,+1.547
3174.858,14,21,+25.995,+1.527
3180.905,14,21,+26.051,+1.494
3184.733,14,21,+26.152,+1.480
3189.264,14,21,+26.303,+1.476
3190.686,14,21,+26.366,+1.488
3195.701,14,21,+26.772,+1.454
3201.201,14,21,+27.020,+1.396
3206.745,14,21,+27.274,+1.447
3210.933,14,21,+27.557,+1.469
3214.948,14,21,+27.907,+1.422
3217.589,14,21,+28.112,+1.390
3220.245,14,21,+28.318,+1.379
3223.995,14,21,+28.605,+1.304
3228.682,14,21,+28.881,+1.310
3231.164,14,21,+28.894,+1.301
3233.523,14,21,+28.860,+1.289
3235.539,14,21,+28.827,+1.272
3238.608,14,21,+28.900,+1.191
3243.876,14,21,+29.246,+1.263
3245.236,14,21,+29.263,+1.287
3251.127,14,21,+29.677,+1.347
3252.527,14,21,+29.756,+1.363
3254.554,14,21,+29.823,+1.371
3255.433,14,21,+29.851,+1.366
3260.47,14,21,+29.983,+1.305
3264.001,14,21,+30.124,+1.283
3267.451,14,21,+30.260,+1.215
3271.536,14,21,+30.444,+1.236
3277.473,14,21,+30.486,+1.150
3281.38,14,21,+30.591,+1.132
3285.929,14,21,+30.870,+1.038
3287.289,14,21,+30.939,+1.005
3292.304,14,21,+31.356,+0.956
3297.801,14,21,+31.624,+0.931
3303.332,14,21,+31.839,+0.933
3307.426,14,21,+32.113,+0.929
3311.536,14,21,+32.447,+0.874
3314.192,14,21,+32.615,+0.851
3316.87,14,21,+32.764,+0.831
3320.608,14,21,+33.063,+0.792
3325.248,14,21,+33.357,+0.759
3327.676,14,21,+33.361,+0.727
3330.029,14,21,+33.312,+0.690
3332.045,14,21,+33.261,+0.653
3335.154,14,21,+33.367,+0.686
3340.436,14,21,+33.841,+0.751
3341.811,14,21,+33.975,+0.770
3347.692,14,21,+34.307,+0.906
3349.054,14,21,+34.359,+0.931
3351.173,14,21,+34.473,+0.968
3352.002,14,21,+34.500,+0.958
3356.923,14,21,+34.568,+0.789
3360.502,14,21,+34.770,+0.815
3364.001,14,21,+34.975,+0.844
3368.095,14,21,+35.166,+0.870
3374.054,14,21,+35.230,+0.873
3377.977,14,21,+35.266,+0.825
3382.362,14,21,+35.247,+0.627
3383.729,14,21,+35.262,+0.591
3388.844,14,21,+35.591,+0.725
3394.311,14,21,+35.912,+0.677
3399.92,14,21,+36.099,+0.689
3403.939,14,21,+36.355,+0.641
3408.123,14,21,+36.752,+0.647
3410.801,14,21,+36.936,+0.618
3413.442,14,21,+37.093,+0.584
3417.301,14,21,+37.418,+0.611
3421.975,14,21,+37.722,+0.583
3424.392,14,21,+37.687,+0.528
3426.657,14,21,+37.556,+0.422
3428.564,14,21,+37.396,+0.292
3431.808,14,21,+37.601,+0.404
3437.086,14,21,+38.127,+0.534
3438.434,14,21,+38.265,+0.559
3444.348,14,21,+38.738,+0.676
3445.77,14,21,+38.771,+0.651
3447.801,14,21,+38.842,+0.702
3448.697,14,21,+38.879,+0.717
3453.776,14,21,+39.094,+0.756
3457.32,14,21,+39.249,+0.753
3460.835,14,21,+39.407,+0.769
3464.914,14,21,+39.601,+0.850
3470.929,14,21,+39.670,+0.770
3474.789,14,21,+39.694,+0.692
3479.148,14,21,+39.801,+0.610
3480.523,14,21,+39.871,+0.604
3485.629,14,21,+40.213,+0.643
3491.223,14,21,+40.537,+0.663
3496.77,14,21,+40.738,+0.668
3500.893,14,21,+41.051,+0.655
3505.017,14,21,+41.403,+0.610
3507.767,14,21,+41.640,+0.663
3510.436,14,21,+41.828,+0.676
3514.235,14,21,+42.128,+0.630
3518.861,14,21,+42.382,+0.591
3521.282,14,21,+42.288,+0.532
3523.564,14,21,+42.055,+0.411
3525.439,14,21,+41.874,+0.242
3528.626,14,21,+42.043,+0.281
3534.03,14,21,+42.580,+0.479
3535.369,14,21,+42.703,+0.497
3541.233,14,21,+42.981,+0.777
3542.623,14,21,+43.052,+0.777
3544.667,14,21,+43.125,+0.797
3545.526,14,21,+43.139,+0.791
3550.432,14,21,+43.068,+0.608
3553.932,14,21,+43.168,+0.585
3557.495,14,21,+43.275,+0.645
3561.542,14,21,+43.381,+0.745
3567.573,14,21,+43.274,+0.747
3571.432,14,21,+43.315,+0.636
3575.745,14,21,+43.446,+0.331
3577.138,14,21,+43.493,+0.282
3582.338,14,21,+43.664,+0.429
3587.917,14,21,+43.799,+0.514
3593.354,14,21,+43.942,+0.416
3597.432,14,21,+44.199,+0.337
3601.651,14,21,+44.590,+0.432
3604.369,14,21,+44.818,+0.482
3607.054,14,21,+45.018,+0.486
3611.038,14,21,+45.290,+0.423
3615.601,14,21,+45.472,+0.400
3618.008,14,21,+45.495,+0.331
3620.263,14,21,+45.474,+0.205
3622.154,14,21,+45.403,+0.042
3624.966,14,20,+45.403,+0.042
3625.045,14,20,+45.463,+6.226
3630.435,14,20,+45.912,+6.437
3631.748,14,20,+45.943,+6.468
3637.533,14,20,+46.170,+6.522
3638.916,14,20,+46.246,+6.505
3640.948,14,20,+46.352,+6.534
3641.87,14,20,+46.395,+6.564
3646.973,14,20,+46.654,+6.932
3650.535,14,20,+46.825,+7.063
3653.973,14,20,+46.942,+7.105
3658.066,14,20,+47.136,+7.110
3664.114,14,20,+47.296,+7.132
3668.066,14,20,+47.445,+7.163
3672.675,14,20,+47.751,+7.248
3674.05,14,20,+47.848,+7.290
3679.034,14,20,+48.093,+7.288
3684.55,14,20,+48.289,+7.356
3690.097,14,20,+48.515,+7.460
3694.253,14,20,+48.768,+7.669
3698.381,14,20,+49.131,+7.710
3701.001,14,20,+49.296,+7.778
3703.657,14,20,+49.458,+7.858
3707.413,14,20,+49.707,+7.870
3712.3,14,20,+50.217,+7.968
3714.771,14,20,+50.307,+8.011
3717.19,14,20,+50.316,+8.010
3719.253,14,20,+50.319,+8.005
3722.353,14,20,+50.312,+7.987
3727.567,14,20,+50.680,+8.024
3728.95,14,20,+50.601,+8.038
3734.707,14,20,+50.899,+8.121
3736.138,14,20,+50.993,+8.138
3738.175,14,20,+51.093,+8.109
3739.079,14,20,+51.138,+8.123
3744.11,14,20,+51.438,+8.394
3747.641,14,20,+51.644,+8.493
3751.157,14,20,+51.853,+8.548
3755.219,14,20,+52.011,+8.574
3761.298,14,20,+51.996,+8.584
3765.204,14,20,+52.159,+8.601
3769.782,14,20,+52.571,+8.669
3771.204,14,20,+52.706,+8.706
3776.194,14,20,+53.081,+8.689
3781.654,14,20,+53.288,+8.718
3787.232,14,20,+53.508,+8.816
3791.435,14,20,+53.786,+9.014
3795.529,14,20,+54.105,+9.021
3798.185,14,20,+54.284,+9.114
3800.857,14,20,+54.458,+9.224
3804.604,14,20,+54.644,+9.209
3809.354,14,20,+54.993,+9.191
3811.838,14,20,+55.037,+9.192
3814.251,14,20,+55.031,+9.174
3816.301,14,20,+55.025,+9.155
3819.394,14,20,+54.978,+9.107
3824.629,14,20,+55.327,+9.143
3825.941,14,20,+55.299,+9.164
3831.785,14,20,+55.593,+9.177
3833.222,14,20,+55.669,+9.195
3835.269,14,20,+55.760,+9.186
3836.144,14,20,+55.798,+9.188
3841.207,14,20,+56.068,+9.444
3844.75,14,20,+56.279,+9.504
3848.297,14,20,+56.498,+9.616
3852.422,14,20,+56.614,+9.568
3858.532,14,20,+56.729,+9.560
3862.454,14,20,+56.915,+9.577
3867.0,14,20,+57.333,+9.639
3868.408,14,20,+57.457,+9.671
3873.454,14,20,+57.846,+9.691
3878.969,14,20,+58.071,+9.780
3884.579,14,20,+58.347,+9.907
3888.746,14,20,+58.645,+10.121
3892.841,14,20,+58.971,+10.067
3895.497,14,20,+59.159,+10.146
3898.191,14,20,+59.329,+10.250
3901.935,14,20,+59.558,+10.241
3906.719,14,20,+59.966,+10.179
3909.204,14,20,+60.034,+10.178
3911.61,14,20,+60.061,+10.157
3913.657,14,20,+60.078,+10.143
3916.782,14,20,+60.087,+10.029
3922.032,14,20,+60.523,+9.938
3923.375,14,20,+60.557,+9.955
3929.188,14,20,+60.937,+9.850
3930.579,14,20,+60.970,+9.865
3932.626,14,20,+61.042,+9.845
3933.516,14,20,+61.080,+9.850
3938.516,14,20,+61.306,+10.049
3942.098,14,20,+61.542,+10.121
3945.673,14,20,+61.752,+10.224
3949.775,14,20,+61.909,+10.268
3955.869,14,20,+61.840,+10.262
3959.807,14,20,+62.035,+10.300
3964.416,14,20,+62.471,+10.383
3965.838,14,20,+62.606,+10.416
3970.916,14,20,+62.964,+10.325
3976.307,14,20,+63.197,+10.340
3981.916,14,20,+63.463,+10.469
3986.057,14,20,+63.766,+10.695
3990.166,14,20,+64.076,+10.648
3992.822,14,20,+64.244,+10.722
3995.51,14,20,+64.396,+10.813
3999.197,14,20,+64.580,+10.776
4004.15,14,20,+65.111,+10.819
4006.65,14,20,+65.195,+10.847
4009.088,14,20,+65.229,+10.850
4011.135,14,20,+65.248,+10.851
4014.182,14,20,+65.236,+10.772
4019.463,14,20,+65.626,+10.837
4020.806,14,20,+65.692,+10.857
4026.572,14,20,+65.988,+10.852
4027.994,14,20,+66.050,+10.880
4030.025,14,20,+66.125,+10.875
4030.902,14,20,+66.167,+10.883
4035.953,14,20,+66.475,+11.131
4039.531,14,20,+66.702,+11.185
4043.0,14,20,+66.838,+11.228
4047.016,14,20,+66.929,+11.140
4053.109,14,20,+66.704,+11.125
4057.0,14,20,+66.879,+11.142
4061.594,14,20,+67.221,+11.186
4063.0,14,20,+67.311,+11.185
4067.922,14,20,+67.569,+11.078
4073.469,14,20,+67.891,+11.148
4079.031,14,20,+68.160,+11.293
4083.156,14,20,+68.423,+11.471
4087.297,14,20,+68.730,+11.433
4089.937,14,20,+68.906,+11.508
4092.656,14,20,+69.076,+11.600
4096.406,14,20,+69.253,+11.529
4101.115,14,20,+69.556,+11.552
4103.603,14,20,+69.613,+11.552
4105.993,14,20,+69.636,+11.525
4108.04,14,20,+69.667,+11.503
4111.212,14,20,+69.684,+11.482
4116.446,14,20,+70.057,+11.588
4117.759,14,20,+70.114,+11.612
4123.611,14,20,+70.444,+11.670
4124.993,14,20,+70.493,+11.658
4127.023,14,20,+70.565,+11.616
4127.891,14,20,+70.592,+11.607
4132.86,14,20,+70.775,+11.777
4136.359,14,20,+70.914,+11.770
4139.828,14,20,+71.063,+11.827
4143.891,14,20,+71.157,+11.726
4149.968,14,20,+71.105,+11.727
4153.891,14,20,+71.286,+11.737
4158.454,14,20,+71.669,+11.769
4159.86,14,20,+71.798,+11.775
4164.822,14,20,+72.181,+11.775
4170.306,14,20,+72.347,+11.789
4175.929,14,20,+72.589,+11.901
4180.052,14,20,+72.830,+12.058
4184.231,14,20,+73.214,+12.079
4186.872,14,20,+73.373,+12.151
4189.544,14,20,+73.516,+12.229
4193.278,14,20,+73.683,+12.225
4198.138,14,20,+74.140,+12.273
4200.606,14,20,+74.203,+12.289
4203.034,14,20,+74.199,+12.281
4205.05,14,20,+74.187,+12.271
4208.167,14,20,+74.200,+12.232
4213.431,14,20,+74.679,+12.371
4214.759,14,20,+74.734,+12.406
4220.556,14,20,+75.078,+12.368
4221.931,14,20,+75.097,+12.352
4223.994,14,20,+75.183,+12.351
4224.87,14,20,+75.234,+12.375
4229.983,14,20,+75.560,+12.694
4233.528,14,20,+75.748,+12.717
4237.028,14,20,+75.947,+12.715
4241.137,14,20,+76.048,+12.726
4247.235,14,20,+76.113,+12.716
4251.184,14,20,+76.283,+12.732
4255.728,14,20,+76.671,+12.768
4257.134,14,20,+76.802,+12.771
4261.994,14,20,+77.163,+12.654
4267.603,14,20,+77.463,+12.711
4273.159,14,20,+77.687,+12.843
4277.3,14,20,+77.922,+13.031
4281.441,14,20,+78.254,+13.054
4284.097,14,20,+78.427,+13.135
4286.753,14,20,+78.569,+13.212
4290.519,14,20,+78.795,+13.188
4295.362,14,20,+79.240,+13.186
4297.847,14,20,+79.303,+13.171
4300.253,14,20,+79.313,+13.132
4302.3,14,20,+79.312,+13.094
4305.425,14,20,+79.397,+13.051
4310.589,14,20,+79.710,+13.045
4311.917,14,20,+79.755,+13.061
4317.787,14,20,+80.196,+13.165
4319.225,14,20,+80.290,+13.202
4321.272,14,20,+80.401,+13.188
4322.225,14,20,+80.445,+13.201
4327.297,14,20,+80.696,+13.431
4330.953,14,20,+80.936,+13.542
4334.312,14,20,+81.155,+13.632
4338.375,14,20,+81.297,+13.552
4344.437,14,20,+81.293,+13.569
4348.359,14,20,+81.430,+13.639
4352.89,14,20,+81.752,+13.770
4354.265,14,20,+81.847,+13.793
4359.25,14,20,+82.246,+13.807
4364.784,14,20,+82.490,+13.856
4370.359,14,20,+82.767,+13.989
4374.469,14,20,+82.983,+14.164
4378.609,14,20,+83.316,+14.175
4381.25,14,20,+83.474,+14.250
4383.906,14,20,+83.609,+14.329
4387.691,14,20,+83.851,+14.287
4392.444,14,20,+84.266,+14.316
4394.928,14,20,+84.316,+14.318
4397.359,14,20,+84.311,+14.276
4399.375,14,20,+84.308,+14.236
4402.531,14,20,+84.364,+14.191
4407.812,14,20,+84.862,+14.208
4409.156,14,20,+84.932,+14.229
4414.953,14,20,+85.375,+14.237
4416.343,14,20,+85.389,+14.185
4418.343,14,20,+85.430,+14.111
4419.187,14,20,+85.460,+14.107
4424.203,14,20,+85.668,+14.297
4427.672,14,20,+85.814,+14.296
4431.203,14,20,+86.019,+14.335
4435.298,14,20,+86.175,+14.322
4441.437,14,20,+86.365,+14.413
4445.359,14,20,+86.526,+14.551
4449.968,14,20,+86.877,+14.836
4451.39,14,20,+86.978,+14.894
4456.468,14,20,+87.517,+14.975
4461.89,14,20,+87.589,+14.902
4467.492,14,20,+87.936,+15.107
4471.591,14,20,+88.193,+15.390
4475.797,14,20,+88.631,+15.507
4478.484,14,20,+88.815,+15.605
4481.171,14,20,+88.956,+15.702
4484.968,14,20,+89.183,+15.695
4489.828,14,20,+89.734,+15.782
4492.314,14,20,+89.848,+15.841
4494.718,14,20,+89.950,+15.903
4496.796,14,20,+90.076,+16.004
4500.25,14,20,+90.551,+16.375
4505.562,14,20,+91.009,+16.555
4506.953,14,20,+91.120,+16.644
4512.843,14,20,+91.598,+16.741
4514.203,14,20,+91.624,+16.697
4516.296,14,20,+91.788,+16.735
4517.234,14,20,+91.872,+16.755
9.614,18,21,,
2863.267,18,21,+2.968,+0.588
2867.705,18,21,+3.594,+0.090
2871.705,18,21,+4.095,+0.059
2875.721,18,20,+4.095,+0.059
2875.814,18,20,+4.513,+0.261
2881.955,18,20,+4.650,+0.122
2886.236,18,20,+5.173,+0.065
2890.596,18,19,+5.173,+0.065
2890.689,18,19,+5.205,+0.332
2892.046,18,19,+5.273,+0.390
2897.761,18,19,+6.120,+0.412
2903.402,18,19,+6.658,+0.454
2908.958,18,19,+6.894,+0.352
2912.927,18,19,+7.063,+0.344
2917.43,18,19,+7.682,+0.548
2920.117,18,19,+7.830,+0.560
2922.742,18,19,+7.915,+0.556
2926.883,18,19,+8.499,+0.766
2931.742,18,19,+8.992,+0.794
2934.149,18,19,+9.009,+0.817
2936.492,18,19,+8.940,+0.855
2938.367,18,20,+8.940,+0.855
2938.383,18,19,+8.940,+0.855
2938.461,18,19,+8.863,+0.910
2941.461,18,20,+8.863,+0.910
2941.695,18,20,+9.038,+0.110
2947.44,18,20,+9.609,+0.308
2948.861,18,20,+9.666,+0.352
2955.136,18,20,+10.521,+0.620
2956.527,18,20,+10.604,+0.604
2958.589,18,20,+10.716,+0.595
2959.48,18,20,+10.743,+0.595
2964.245,18,20,+10.630,+0.545
2967.839,18,20,+10.816,+0.424
2971.62,18,20,+11.296,+0.652
2975.883,18,19,+11.296,+0.652
2975.954,18,19,+11.702,+0.133
2982.036,18,19,+11.972,+0.182
2985.93,18,19,+12.011,+0.184
2990.118,18,19,+11.748,+0.083
2991.57,18,19,+11.894,+0.186
2997.082,18,19,+12.676,+0.352
3002.694,18,19,+13.214,+0.493
3008.908,18,19,+13.454,+0.529
3012.095,18,20,+13.454,+0.529
3012.502,18,20,+13.823,+0.280
3017.002,18,20,+14.607,+0.316
3019.705,18,20,+14.859,+0.359
3022.222,18,21,+14.859,+0.359
3022.642,18,21,+15.362,+0.344
3027.033,18,21,+16.281,+0.720
3031.883,18,21,+16.842,+0.851
3034.399,18,21,+16.875,+0.867
3036.726,18,21,+16.810,+0.825
3038.693,18,21,+16.699,+0.791
3041.872,18,21,+16.843,+0.654
3047.145,18,20,+16.843,+0.654
3047.224,18,20,+17.256,+0.414
3048.63,18,20,+17.359,+0.479
3054.881,18,20,+18.224,+0.507
3056.317,18,20,+18.309,+0.530
3058.38,18,20,+18.422,+0.541
3059.394,18,20,+18.463,+0.550
3064.317,18,20,+18.593,+0.768
3067.786,18,20,+18.663,+0.876
3071.461,18,20,+18.950,+0.899
3075.562,18,20,+19.063,+0.941
3081.631,18,20,+19.219,+1.028
3085.533,18,20,+19.249,+1.147
3090.002,18,20,+19.298,+1.472
3091.38,18,20,+19.346,+1.506
3096.552,18,20,+19.882,+1.279
3102.186,18,20,+20.314,+1.373
3107.686,18,20,+20.496,+1.579
3111.737,18,20,+20.725,+1.708
3115.902,18,20,+21.100,+1.388
3118.573,18,20,+21.259,+1.397
3121.23,18,20,+21.405,+1.443
3125.173,18,20,+21.793,+1.456
3129.988,18,20,+22.220,+1.482
3132.442,18,20,+22.256,+1.484
3134.786,18,20,+22.228,+1.442
3136.789,18,20,+22.172,+1.384
3139.936,18,20,+22.331,+1.344
3145.28,18,20,+22.709,+1.127
3146.623,18,20,+22.762,+1.117
3152.577,18,20,+23.334,+1.149
3154.092,18,20,+23.472,+1.201
3156.079,18,20,+23.576,+1.204
3156.983,18,20,+23.613,+1.204
3162.076,18,20,+23.798,+1.431
3165.576,18,20,+23.914,+1.374
3169.233,18,20,+24.180,+1.462
3173.311,18,20,+24.468,+1.459
3179.436,18,20,+24.557,+1.454
3183.264,18,20,+24.672,+1.513
3187.764,18,20,+24.827,+1.644
3189.108,18,20,+24.878,+1.621
3194.248,18,20,+25.318,+1.526
3199.748,18,20,+25.624,+1.641
3205.292,18,20,+25.827,+1.728
3209.37,18,20,+26.088,+1.854
3213.526,18,20,+26.485,+1.780
3216.214,18,20,+26.722,+1.842
3218.839,18,20,+26.939,+1.909
3222.698,18,20,+27.301,+1.967
3227.401,18,20,+27.571,+1.895
3229.836,18,20,+27.593,+1.881
3232.226,18,20,+27.571,+1.821
3234.226,18,20,+27.555,+1.767
3237.436,18,20,+27.709,+1.711
3242.604,18,20,+27.983,+1.471
3243.941,18,20,+27.976,+1.447
3249.77,18,20,+28.330,+1.357
3251.171,18,20,+28.393,+1.376
3253.204,18,20,+28.452,+1.343
3254.113,18,20,+28.485,+1.346
3259.158,18,20,+28.678,+1.578
3262.704,18,20,+28.841,+1.632
3266.23,18,20,+29.045,+1.681
3270.27,18,20,+29.208,+1.693
3276.317,18,20,+29.336,+1.786
3280.286,18,20,+29.459,+1.851
3284.89,18,20,+29.832,+2.039
3286.273,18,20,+29.934,+2.071
3291.367,18,20,+30.400,+2.046
3296.863,18,20,+30.693,+2.201
3302.411,18,20,+30.906,+2.296
3306.473,18,20,+31.184,+2.421
3310.645,18,20,+31.573,+2.391
3313.504,18,20,+31.764,+2.466
3316.01,18,20,+31.933,+2.565
3319.827,18,20,+32.271,+2.692
3324.514,18,20,+32.598,+2.595
3326.958,18,20,+32.634,+2.597
3329.326,18,20,+32.622,+2.591
3331.404,18,20,+32.608,+2.586
3334.467,18,20,+32.681,+2.548
3339.686,18,20,+33.090,+2.599
3341.029,18,20,+33.205,+2.617
3346.748,18,20,+33.401,+2.574
3348.098,18,20,+33.428,+2.571
3350.155,18,20,+33.505,+2.542
3351.079,18,20,+33.542,+2.541
3356.142,18,20,+33.779,+2.765
3359.673,18,20,+33.955,+2.797
3363.204,18,20,+34.131,+2.821
3367.251,18,20,+34.296,+2.826
3373.192,18,20,+34.357,+2.861
3377.133,18,20,+34.441,+2.912
3381.772,18,20,+34.620,+3.096
3383.153,18,20,+34.671,+3.120
3388.126,18,20,+34.866,+2.893
3393.636,18,20,+35.235,+3.057
3399.201,18,20,+35.410,+3.159
3403.326,18,20,+35.714,+3.306
3407.467,18,20,+36.105,+3.356
3410.176,18,20,+36.318,+3.481
3412.879,18,20,+36.509,+3.615
3416.676,18,20,+36.807,+3.691
3421.386,18,20,+37.139,+3.766
3423.877,18,20,+37.159,+3.784
3426.251,18,20,+37.134,+3.768
3428.282,18,20,+37.104,+3.742
3431.417,18,20,+37.197,+3.677
3436.539,18,20,+37.593,+3.664
3437.88,18,20,+37.706,+3.680
3443.616,18,20,+38.062,+3.753
3445.082,18,20,+38.120,+3.783
3447.082,18,20,+38.140,+3.781
3447.989,18,20,+38.162,+3.793
3453.007,18,20,+38.338,+4.008
3456.585,18,20,+38.496,+4.090
3460.054,18,20,+38.638,+4.157
3464.085,18,20,+38.751,+4.138
3470.101,18,20,+38.900,+4.171
3474.07,18,20,+39.002,+4.256
3478.539,18,20,+39.191,+4.312
3479.945,18,20,+39.267,+4.307
3485.028,18,20,+39.570,+4.214
3490.535,18,20,+39.874,+4.360
3496.114,18,20,+40.070,+4.488
3500.255,18,20,+40.396,+4.657
3504.407,18,20,+40.793,+4.720
3507.079,18,20,+40.977,+4.825
3509.751,18,20,+41.152,+4.946
3513.609,18,20,+41.498,+5.041
3518.298,18,20,+41.791,+5.031
3520.735,18,20,+41.756,+5.036
3523.157,18,20,+41.644,+5.022
3525.22,18,20,+41.632,+5.011
3528.345,18,20,+41.762,+5.032
3533.582,18,20,+42.101,+5.028
3534.854,18,20,+42.206,+5.039
3540.451,18,20,+42.204,+4.913
3541.858,18,20,+42.275,+4.924
3543.854,18,20,+42.328,+4.954
3544.823,18,20,+42.348,+4.976
3549.807,18,20,+42.460,+5.236
3553.37,18,20,+42.583,+5.337
3556.823,18,20,+42.630,+5.340
3560.823,18,20,+42.636,+5.282
3566.807,18,20,+42.527,+5.284
3570.854,18,20,+42.679,+5.370
3575.448,18,20,+43.115,+5.549
3576.823,18,20,+43.211,+5.567
3581.885,18,20,+43.235,+5.511
3587.338,18,20,+43.285,+5.641
3592.948,18,20,+43.526,+5.747
3597.105,18,20,+43.862,+5.933
3601.245,18,20,+44.158,+5.948
3603.893,18,20,+44.336,+6.038
3606.57,18,20,+44.532,+6.164
3610.445,18,20,+44.867,+6.314
3615.195,18,20,+45.072,+6.334
3617.664,18,20,+45.164,+6.359
3620.029,18,20,+45.269,+6.344
3622.029,18,20,+45.361,+6.305
3624.966,18,21,+45.361,+6.305
3625.435,18,21,+45.831,+0.368
3630.92,18,21,+46.257,+0.345
3632.138,18,21,+46.324,+0.381
3638.115,18,21,+46.724,+0.554
3639.463,18,21,+46.793,+0.547
3641.51,18,21,+46.913,+0.561
3642.495,18,21,+46.951,+0.556
3647.379,18,21,+47.059,+0.405
3650.895,18,21,+47.187,+0.362
3654.551,18,21,+47.499,+0.557
3658.676,18,21,+47.699,+0.563
3664.676,18,21,+47.829,+0.533
3668.519,18,21,+47.903,+0.458
3672.956,18,21,+48.039,+0.288
3674.378,18,21,+48.162,+0.314
3679.613,18,21,+48.675,+0.582
3685.144,18,21,+48.908,+0.619
3690.706,18,21,+49.138,+0.623
3694.753,18,21,+49.287,+0.519
3698.993,18,21,+49.722,+0.591
3701.641,18,21,+49.925,+0.629
3704.344,18,21,+50.123,+0.665
3708.195,18,21,+50.482,+0.775
3712.941,18,21,+50.898,+0.681
3715.383,18,21,+50.931,+0.624
3717.759,18,21,+50.882,+0.566
3719.751,18,21,+50.809,+0.490
3722.946,18,21,+50.888,+0.576
3728.239,18,21,+51.353,+0.673
3729.594,18,21,+51.280,+0.679
3735.435,18,21,+51.639,+0.740
3736.891,18,21,+51.737,+0.744
3738.907,18,21,+51.842,+0.749
3739.813,18,21,+51.892,+0.754
3744.844,18,21,+52.158,+0.720
3748.329,18,21,+52.342,+0.698
3751.907,18,21,+52.617,+0.764
3756.001,18,21,+52.794,+0.783
3762.094,18,21,+52.795,+0.799
3765.985,18,21,+52.950,+0.791
3770.454,18,21,+53.246,+0.675
3771.813,18,21,+53.331,+0.625
3776.954,18,21,+53.837,+0.756
3782.607,18,21,+54.216,+0.928
3788.169,18,21,+54.405,+0.897
3792.216,18,21,+54.574,+0.788
3796.435,18,21,+55.019,+0.914
3799.122,18,21,+55.225,+0.941
3801.804,18,21,+55.401,+0.943
3805.635,18,21,+55.642,+0.998
3810.462,18,21,+56.063,+1.070
3812.957,18,21,+56.153,+1.116
3815.335,18,21,+56.112,+1.081
3817.301,18,21,+56.028,+1.003
3820.41,18,21,+55.984,+1.006
3825.816,18,21,+56.525,+1.198
3827.176,18,21,+56.515,+1.216
3833.035,18,21,+56.852,+1.259
3834.488,18,21,+56.930,+1.261
3836.536,18,21,+57.019,+1.259
3837.493,18,21,+57.066,+1.268
3842.471,18,21,+57.326,+1.258
3846.002,18,21,+57.518,+1.239
3849.547,18,21,+57.743,+1.245
3853.688,18,21,+57.818,+1.204
3859.688,18,21,+57.895,+1.166
3863.579,18,21,+58.068,+1.153
3868.094,18,21,+58.404,+1.071
3869.491,18,21,+58.534,+1.077
3874.688,18,21,+59.048,+1.202
3880.204,18,21,+59.311,+1.240
3885.755,18,21,+59.509,+1.162
3889.769,18,21,+59.678,+1.033
3894.029,18,21,+60.165,+1.194
3896.747,18,21,+60.375,+1.216
3899.419,18,21,+60.552,+1.223
3903.266,18,21,+60.858,+1.300
3908.094,18,21,+61.340,+1.374
3910.563,18,21,+61.407,+1.373
3912.939,18,21,+61.417,+1.356
3915.0,18,21,+61.407,+1.329
3918.125,18,21,+61.443,+1.356
3923.407,18,21,+61.907,+1.384
3924.75,18,21,+61.936,+1.379
3930.594,18,21,+62.358,+1.421
3932.032,18,21,+62.410,+1.440
3934.063,18,21,+62.478,+1.436
3934.969,18,21,+62.523,+1.443
3940.036,18,21,+62.804,+1.498
3943.598,18,21,+63.008,+1.466
3947.088,18,21,+63.218,+1.466
3951.256,18,21,+63.329,+1.420
3957.182,18,21,+63.159,+1.319
3961.088,18,21,+63.341,+1.306
3965.635,18,21,+63.696,+1.225
3967.041,18,21,+63.799,+1.193
3972.072,18,21,+64.194,+1.230
3977.619,18,21,+64.510,+1.313
3983.119,18,21,+64.690,+1.227
3987.228,18,21,+64.873,+1.107
3991.494,18,21,+65.350,+1.274
3994.197,18,21,+65.569,+1.325
3996.885,18,21,+65.762,+1.366
4000.728,18,21,+66.087,+1.507
4005.65,18,21,+66.609,+1.498
4008.135,18,21,+66.685,+1.490
4010.572,18,21,+66.709,+1.480
4012.588,18,21,+66.711,+1.463
4015.744,18,21,+66.769,+1.533
4021.072,18,21,+67.234,+1.608
4022.4,18,21,+67.303,+1.611
4028.166,18,21,+67.566,+1.578
4029.588,18,21,+67.652,+1.602
4031.617,18,21,+67.739,+1.614
4032.535,18,21,+67.789,+1.622
4037.61,18,21,+68.141,+1.666
4041.188,18,21,+68.354,+1.652
4044.688,18,21,+68.520,+1.682
4048.797,18,21,+68.692,+1.763
4054.906,18,21,+68.513,+1.809
4058.86,18,21,+68.708,+1.829
4063.453,18,21,+69.064,+1.843
4064.812,18,21,+69.169,+1.858
4069.875,18,21,+69.563,+1.994
4075.515,18,21,+69.964,+2.073
4081.047,18,21,+70.178,+2.018
4085.141,18,21,+70.391,+1.968
4089.422,18,21,+70.839,+2.109
4092.203,18,21,+71.109,+2.203
4094.875,18,21,+71.324,+2.248
4098.751,18,21,+71.597,+2.344
4103.962,18,21,+72.388,+2.832
4106.478,18,21,+72.494,+2.881
4108.899,18,21,+72.537,+2.901
4111.009,18,21,+72.578,+2.911
4114.165,18,21,+72.683,+2.999
4119.728,18,21,+73.352,+3.295
4121.103,18,21,+73.435,+3.321
4126.835,18,21,+73.711,+3.267
4128.374,18,21,+73.841,+3.348
4130.438,18,21,+73.975,+3.410
4131.359,18,21,+74.025,+3.433
4136.438,18,21,+74.361,+3.586
4140.016,18,21,+74.584,+3.670
4143.484,18,21,+74.706,+3.643
4147.656,18,21,+74.901,+3.744
4153.766,18,21,+74.916,+3.811
4157.719,18,21,+75.083,+3.797
4162.302,18,21,+75.477,+3.808
4163.702,18,21,+75.645,+3.847
4168.994,18,21,+76.366,+4.185
4174.727,18,21,+76.687,+4.340
4180.315,18,21,+76.982,+4.393
4184.45,18,21,+77.186,+4.356
4188.716,18,21,+77.710,+4.496
4191.435,18,21,+77.933,+4.560
4194.153,18,21,+78.142,+4.626
4198.091,18,21,+78.501,+4.818
4203.191,18,21,+79.175,+5.035
4205.706,18,21,+79.289,+5.086
4208.119,18,21,+79.292,+5.093
4210.119,18,21,+79.255,+5.068
4213.402,18,21,+79.473,+5.273
4218.869,18,21,+80.124,+5.445
4260.9,18,21,1 L,+27.370
4265.759,18,21,1 L,+28.744
4270.025,18,21,1 L,+28.900
4276.159,18,21,1 L,+28.908
4280.144,18,21,1 L,+28.955
4284.769,18,21,1 L,+29.028
4286.175,18,21,1 L,+29.058
4291.269,18,21,1 L,+29.207
4296.847,18,21,1 L,+29.251
4302.987,18,21,1 L,+29.820
4307.003,18,21,1 L,+29.705
4311.527,18,21,1 L,+30.074
4314.584,18,21,1 L,+30.489
4317.365,18,21,1 L,+30.594
4321.225,18,21,1 L,+30.695
4325.885,18,21,1 L,+30.486
4328.297,18,21,1 L,+30.439
4330.64,18,21,1 L,+30.384
4332.672,18,21,1 L,+30.316
4335.781,18,21,1 L,+30.346
4341.031,18,21,1 L,+30.424
4342.437,18,21,1 L,+30.508
4348.297,18,21,1 L,+30.533
4349.719,18,21,1 L,+30.490
4351.734,18,21,1 L,+30.462
4352.64,18,21,1 L,+30.458
4357.64,18,21,1 L,+30.440
4361.093,18,21,1 L,+30.334
4364.503,18,21,1 L,+30.211
4368.425,18,21,1 L,+30.042
4374.391,18,21,1 L,+29.910
4378.172,18,21,1 L,+29.849
4382.547,18,21,1 L,+29.665
4383.859,18,21,1 L,+29.611
4388.791,18,21,1 L,+29.539
4394.131,18,21,1 L,+29.337
4399.625,18,21,1 L,+29.270
4403.656,18,21,1 L,+29.202
4407.687,18,21,1 L,+29.098
4410.354,18,21,1 L,+29.106
4413.05,18,21,1 L,+29.122
4416.781,18,21,1 L,+29.071
4421.328,18,21,1 L,+28.848
4423.75,18,21,1 L,+28.803
4426.078,18,21,1 L,+28.733
4428.015,18,21,1 L,+28.615
4431.062,18,21,1 L,+28.508
4436.297,18,21,1 L,+28.497
4437.679,18,21,1 L,+28.474
4443.25,18,21,1 L,+28.312
4444.734,18,21,1 L,+28.373
4446.77,18,21,1 L,+28.411
4447.668,18,21,1 L,+28.424
4729.78,18,21,1L,+28.424
9.614,23,22,,
2873.846,23,22,+9.586,+5.992
2877.674,23,22,+10.246,+6.210
2881.736,23,22,+10.453,+5.914
2887.83,23,22,+10.616,+5.763
2891.632,23,22,+10.530,+5.046
2895.761,23,22,+10.305,+4.742
2897.074,23,22,+10.313,+4.582
2902.027,23,22,+10.412,+3.762
2907.536,23,22,+10.755,+3.520
2912.927,23,22,+10.884,+3.520
2916.854,23,22,+10.975,+3.445
2920.992,23,22,+11.252,+3.032
2923.539,23,22,+11.303,+3.031
2926.117,23,22,+11.311,+2.822
2929.946,23,22,+11.562,+2.284
2934.492,23,22,+11.794,+1.866
2936.914,23,22,+11.789,+1.862
2939.43,23,22,+11.760,+1.911
2941.305,23,22,+11.709,+1.954
2944.455,23,22,+11.819,+1.781
2949.716,23,22,+11.895,+1.540
2951.152,23,22,+11.864,+1.477
2957.105,23,22,+12.495,+1.429
2958.496,23,22,+12.557,+1.431
2960.48,23,22,+12.622,+1.384
2961.336,23,22,+12.636,+1.345
2966.121,23,22,+12.516,+1.311
2969.542,23,22,+12.547,+1.078
2973.047,23,22,+12.749,+0.824
2977.326,23,21,+12.749,+0.824
2977.408,23,21,+13.136,+0.861
2983.319,23,21,+13.240,+0.730
2987.102,23,21,+13.174,+0.646
2991.227,23,21,+12.805,+0.510
2992.461,23,21,+12.803,+0.382
2997.848,23,21,+13.437,+0.381
3003.455,23,21,+13.955,+0.388
3009.064,23,21,+14.136,+0.585
3012.892,23,21,+14.250,+0.427
3017.236,23,21,+14.830,+0.223
3019.767,23,21,+14.912,+0.053
3022.222,23,20,+14.912,+0.053
3022.299,23,20,+15.018,+0.343
3026.33,23,20,+15.561,+0.366
3031.08,23,20,+15.991,+0.378
3033.504,23,20,+16.008,+0.376
3035.909,23,20,+15.985,+0.380
3037.911,23,20,+15.908,+0.356
3041.196,23,20,+16.189,+0.410
3046.724,23,19,+16.189,+0.410
3046.802,23,19,+16.842,+0.239
3048.099,23,19,+16.880,+0.196
3054.395,23,19,+17.717,+0.510
3055.786,23,19,+17.779,+0.558
3057.849,23,19,+17.881,+0.580
3058.755,23,19,+17.913,+0.576
3063.536,23,19,+17.825,+0.526
3066.895,23,19,+17.787,+0.302
3070.474,23,19,+18.051,+0.450
3074.639,23,19,+18.122,+0.430
3080.617,23,19,+18.191,+0.457
3084.486,23,19,+18.102,+0.370
3088.502,23,19,+17.826,+0.076
3089.83,23,19,+17.840,+0.018
3094.927,23,18,+17.840,+0.018
3095.02,23,18,+18.358,+3.364
3100.489,23,18,+18.660,+3.200
3105.936,23,18,+18.737,+3.236
3109.827,23,18,+18.821,+3.288
3113.886,23,18,+19.104,+3.210
3116.433,23,18,+19.150,+3.203
3119.011,23,18,+19.171,+3.204
3122.87,23,18,+19.464,+3.220
3127.537,23,18,+19.725,+3.209
3129.91,23,18,+19.737,+3.224
3132.332,23,18,+19.745,+3.274
3134.364,23,18,+19.742,+3.339
3137.545,23,18,+19.955,+3.373
3142.748,23,18,+20.189,+3.399
3144.045,23,18,+20.207,+3.379
3149.78,23,18,+20.517,+3.168
3151.17,23,18,+20.584,+3.138
3153.186,23,18,+20.679,+3.098
3154.092,23,18,+20.691,+3.085
3158.78,23,18,+20.516,+3.084
3162.076,23,18,+20.429,+2.988
3165.545,23,18,+20.515,+2.992
3169.592,23,18,+20.745,+2.903
3175.655,23,18,+20.865,+2.871
3179.467,23,18,+20.848,+2.904
3183.795,23,18,+20.769,+3.080
3185.045,23,18,+20.806,+3.057
3190.045,23,18,+21.130,+2.825
3195.498,23,18,+21.365,+2.713
3200.998,23,18,+21.441,+2.804
3204.839,23,18,+21.573,+2.905
3208.777,23,18,+21.746,+2.680
3211.276,23,18,+21.813,+2.632
3213.823,23,18,+21.886,+2.618
3217.526,23,18,+22.119,+2.531
3222.026,23,18,+22.273,+2.496
3224.558,23,18,+22.292,+2.531
3226.964,23,18,+22.323,+2.602
3229.008,23,18,+22.340,+2.680
3232.226,23,18,+22.495,+2.647
3237.42,23,18,+22.760,+2.648
3238.701,23,18,+22.735,+2.646
3244.377,23,18,+22.974,+2.480
3245.751,23,18,+22.993,+2.403
3247.783,23,18,+23.046,+2.346
3248.636,23,18,+23.048,+2.323
3253.369,23,18,+22.879,+2.331
3256.683,23,18,+22.832,+2.354
3260.173,23,18,+23.024,+2.461
3264.236,23,18,+23.176,+2.398
3270.239,23,18,+23.253,+2.403
3274.02,23,18,+23.230,+2.423
3278.364,23,18,+23.303,+2.530
3279.692,23,18,+23.358,+2.554
3284.616,23,18,+23.684,+2.364
3290.039,23,18,+23.880,+2.264
3295.464,23,18,+23.939,+2.285
3299.364,23,18,+24.076,+2.404
3303.286,23,18,+24.220,+2.192
3305.754,23,18,+24.235,+2.134
3308.286,23,18,+24.224,+2.106
3311.973,23,18,+24.437,+2.088
3316.554,23,18,+24.653,+2.096
3318.964,23,18,+24.664,+2.125
3321.357,23,18,+24.645,+2.169
3323.389,23,18,+24.611,+2.213
3326.537,23,18,+24.752,+2.289
3331.748,23,18,+25.122,+2.361
3333.061,23,18,+25.214,+2.362
3338.748,23,18,+25.412,+2.236
3340.139,23,18,+25.468,+2.221
3342.201,23,18,+25.554,+2.184
3343.061,23,18,+25.568,+2.180
3347.77,23,18,+25.409,+2.242
3351.142,23,18,+25.351,+2.243
3354.486,23,18,+25.491,+2.330
3358.595,23,18,+25.706,+2.293
3364.704,23,18,+25.896,+2.320
3368.532,23,18,+25.856,+2.355
3372.876,23,18,+25.713,+2.487
3374.179,23,18,+25.720,+2.527
3379.211,23,18,+25.949,+2.475
3384.722,23,18,+26.292,+2.390
3390.141,23,18,+26.340,+2.421
3394.076,23,18,+26.476,+2.510
3398.045,23,18,+26.668,+2.419
3400.545,23,18,+26.706,+2.389
3403.076,23,18,+26.711,+2.362
3406.779,23,18,+26.938,+2.368
3411.364,23,18,+27.087,+2.359
3413.754,23,18,+27.057,+2.373
3416.176,23,18,+27.020,+2.396
3418.162,23,18,+26.975,+2.423
3421.254,23,18,+27.065,+2.445
3426.376,23,18,+27.422,+2.491
3427.658,23,18,+27.509,+2.484
3433.462,23,18,+27.818,+2.351
3434.827,23,18,+27.846,+2.315
3436.882,23,18,+27.906,+2.317
3437.729,23,18,+27.915,+2.315
3442.456,23,18,+27.763,+2.376
3445.786,23,18,+27.724,+2.391
3449.257,23,18,+27.833,+2.462
3453.226,23,18,+27.928,+2.449
3459.273,23,18,+28.059,+2.453
3463.055,23,18,+28.006,+2.460
3467.351,23,18,+27.979,+2.511
3468.68,23,18,+28.017,+2.552
3473.679,23,18,+28.271,+2.477
3479.085,23,18,+28.439,+2.437
3484.539,23,18,+28.484,+2.401
3488.473,23,18,+28.628,+2.465
3492.395,23,18,+28.777,+2.359
3494.895,23,18,+28.795,+2.333
3497.41,23,18,+28.797,+2.334
3501.174,23,18,+29.080,+2.405
3505.704,23,18,+29.221,+2.385
3508.126,23,18,+29.154,+2.410
3510.56,23,18,+29.048,+2.464
3512.603,23,18,+29.023,+2.523
3515.72,23,18,+29.109,+2.506
3520.814,23,18,+29.380,+2.496
3522.11,23,18,+29.454,+2.487
3527.829,23,18,+29.573,+2.302
3529.22,23,18,+29.639,+2.297
3531.267,23,18,+29.701,+2.284
3532.112,23,18,+29.698,+2.282
3536.826,23,18,+29.461,+2.346
3540.155,23,18,+29.393,+2.389
3543.51,23,18,+29.350,+2.336
3547.62,23,18,+29.444,+2.318
3553.713,23,18,+29.440,+2.365
3557.557,23,18,+29.442,+2.390
3561.885,23,18,+29.616,+2.529
3563.198,23,18,+29.668,+2.537
3568.151,23,18,+29.797,+2.430
3573.557,23,18,+29.864,+2.308
3578.995,23,18,+29.594,+2.318
3582.917,23,18,+29.705,+2.388
3586.885,23,18,+29.788,+2.283
3589.338,23,18,+29.805,+2.249
3591.838,23,18,+29.814,+2.224
3595.588,23,18,+29.941,+2.199
3600.073,23,18,+29.989,+2.109
3602.558,23,18,+30.056,+2.099
3604.956,23,18,+30.180,+2.075
3606.976,23,18,+30.304,+2.060
3610.085,23,18,+30.507,+2.036
3615.195,23,18,+30.685,+2.015
3616.491,23,18,+30.671,+2.010
3622.482,23,18,+30.895,+1.923
3623.623,23,18,+30.959,+1.901
3625.685,23,18,+31.068,+1.915
3626.513,23,18,+31.080,+1.920
3631.232,23,18,+30.881,+1.902
3634.482,23,18,+30.799,+1.885
3637.873,23,18,+30.845,+1.868
3642.041,23,18,+31.055,+1.896
3648.098,23,18,+31.255,+1.912
3651.895,23,18,+31.270,+1.957
3656.176,23,18,+31.269,+2.058
3657.52,23,18,+31.291,+2.083
3662.473,23,18,+31.538,+2.059
3667.879,23,18,+31.637,+1.927
3673.316,23,18,+31.741,+1.980
3677.238,23,18,+31.748,+2.035
3681.191,23,18,+31.894,+1.978
3683.613,23,18,+31.919,+1.967
3686.144,23,18,+31.921,+1.963
3689.753,23,18,+32.042,+1.931
3694.409,23,18,+32.362,+1.932
3696.852,23,18,+32.401,+1.949
3699.292,23,18,+32.396,+1.981
3701.298,23,18,+32.378,+2.015
3704.407,23,18,+32.383,+2.062
3709.57,23,18,+32.660,+2.144
3710.951,23,18,+32.558,+2.202
3716.558,23,18,+32.770,+2.057
3717.947,23,18,+32.809,+1.998
3719.978,23,18,+32.894,+1.971
3720.822,23,18,+32.917,+1.968
3725.52,23,18,+32.847,+1.912
3728.773,23,18,+32.807,+1.885
3732.271,23,18,+32.977,+1.920
3736.374,23,18,+33.172,+1.880
3742.563,23,18,+33.218,+1.803
3746.344,23,18,+33.286,+1.836
3750.626,23,18,+33.402,+1.859
3751.938,23,18,+33.457,+1.866
3756.876,23,18,+33.796,+1.833
3762.329,23,18,+33.964,+1.742
3767.766,23,18,+34.047,+1.830
3771.72,23,18,+34.067,+1.903
3775.632,23,18,+34.187,+1.859
3778.091,23,18,+34.210,+1.855
3780.623,23,18,+34.220,+1.864
3784.31,23,18,+34.332,+1.860
3788.966,23,18,+34.541,+1.875
3791.404,23,18,+34.562,+1.898
3793.763,23,18,+34.553,+1.944
3795.794,23,18,+34.526,+1.999
3798.935,23,18,+34.517,+2.020
3804.072,23,18,+34.772,+1.961
3805.401,23,18,+34.714,+1.950
3811.151,23,18,+34.931,+1.855
3812.592,23,18,+34.966,+1.835
3814.567,23,18,+35.059,+1.827
3815.435,23,18,+35.077,+1.816
3820.082,23,18,+34.943,+1.769
3823.316,23,18,+34.848,+1.716
3826.769,23,18,+35.002,+1.743
3830.988,23,18,+35.102,+1.792
3837.007,23,18,+35.223,+1.850
3840.832,23,18,+35.318,+1.911
3845.125,23,18,+35.434,+2.093
3846.407,23,18,+35.459,+2.068
3851.438,23,18,+35.797,+1.897
3856.875,23,18,+35.986,+1.767
3862.375,23,18,+36.149,+1.885
3866.282,23,18,+36.194,+2.015
3870.204,23,18,+36.328,+1.852
3872.688,23,18,+36.355,+1.805
3875.221,23,18,+36.343,+1.777
3878.891,23,18,+36.511,+1.738
3883.547,23,18,+36.789,+1.719
3885.995,23,18,+36.817,+1.724
3888.353,23,18,+36.816,+1.742
3890.381,23,18,+36.785,+1.771
3893.419,23,18,+36.745,+1.756
3898.544,23,18,+37.044,+1.616
3899.95,23,18,+37.031,+1.591
3905.516,23,18,+37.270,+1.466
3906.907,23,18,+37.283,+1.459
3908.938,23,18,+37.355,+1.448
3909.782,23,18,+37.371,+1.441
3914.485,23,18,+37.254,+1.425
3917.766,23,18,+37.233,+1.477
3921.219,23,18,+37.322,+1.473
3925.344,23,18,+37.461,+1.456
3931.516,23,18,+37.447,+1.471
3935.282,23,18,+37.508,+1.502
3939.598,23,18,+37.617,+1.593
3940.895,23,18,+37.649,+1.574
3945.792,23,18,+37.940,+1.390
3951.236,23,18,+38.087,+1.261
3956.604,23,18,+38.158,+1.232
3960.494,23,18,+38.182,+1.323
3964.463,23,18,+38.365,+1.325
3966.963,23,18,+38.408,+1.342
3969.51,23,18,+38.417,+1.352
3973.197,23,18,+38.576,+1.282
3977.853,23,18,+38.850,+1.304
3980.338,23,18,+38.884,+1.315
3982.697,23,18,+38.882,+1.338
3984.713,23,18,+38.853,+1.370
3987.775,23,18,+38.803,+1.273
3992.885,23,18,+39.064,+1.232
3994.213,23,18,+39.088,+1.219
3999.902,23,18,+39.333,+1.179
4001.307,23,18,+39.373,+1.187
4003.353,23,18,+39.472,+1.202
4004.213,23,18,+39.495,+1.210
4008.885,23,18,+39.410,+1.195
4012.166,23,18,+39.364,+1.197
4015.572,23,18,+39.391,+1.214
4019.791,23,18,+39.665,+1.327
4025.822,23,18,+39.424,+1.280
4029.603,23,18,+39.481,+1.323
4033.891,23,18,+39.504,+1.478
4035.172,23,18,+39.521,+1.492
4040.172,23,18,+39.834,+1.375
4045.656,23,18,+40.079,+1.295
4051.112,23,18,+40.187,+1.388
4054.969,23,18,+40.223,+1.509
4058.875,23,18,+40.308,+1.373
4061.312,23,18,+40.312,+1.333
4063.859,23,18,+40.300,+1.309
4067.531,23,18,+40.364,+1.176
4072.156,23,18,+40.581,+1.189
4074.609,23,18,+40.627,+1.232
4077.015,23,18,+40.659,+1.301
4079.062,23,18,+40.673,+1.368
4082.11,23,18,+40.658,+1.283
4087.187,23,18,+40.826,+1.209
4088.5,23,18,+40.833,+1.179
4094.219,23,18,+41.056,+1.045
4095.609,23,18,+41.100,+1.052
4097.656,23,18,+41.206,+1.061
4098.516,23,18,+41.229,+1.057
4103.181,23,18,+41.093,+1.087
4106.509,23,18,+41.075,+1.111
4109.915,23,18,+41.134,+1.118
4114.071,23,18,+41.300,+1.031
4120.181,23,18,+41.345,+1.024
4124.035,23,18,+41.410,+1.101
4128.335,23,18,+41.506,+1.285
4129.609,23,18,+41.543,+1.294
4134.594,23,18,+41.964,+1.094
4140.125,23,18,+42.176,+1.046
4145.609,23,18,+42.287,+1.155
4149.575,23,18,+42.297,+1.243
4153.407,23,18,+42.415,+1.173
4155.891,23,18,+42.421,+1.155
4158.454,23,18,+42.417,+1.141
4162.056,23,18,+42.462,+1.013
4166.744,23,18,+42.748,+1.127
4169.197,23,18,+42.786,+1.156
4171.619,23,18,+42.791,+1.259
4173.635,23,18,+42.773,+1.436
4176.714,23,18,+42.785,+1.417
4181.888,23,18,+43.113,+1.207
4183.153,23,18,+43.121,+1.174
4188.903,23,18,+43.447,+1.010
4190.294,23,18,+43.474,+0.996
4192.388,23,18,+43.563,+0.967
4193.263,23,18,+43.592,+0.951
4197.888,23,18,+43.460,+0.706
4201.231,23,18,+43.480,+0.723
4204.706,23,18,+43.630,+0.753
4208.837,23,18,+43.770,+0.755
4215.025,23,18,+43.913,+0.798
4218.853,23,18,+43.967,+0.806
4223.087,23,18,+44.013,+0.783
4224.363,23,18,+44.057,+0.752
4229.356,23,18,+44.513,+0.669
4234.887,23,18,+44.767,+0.614
4240.341,23,18,+44.861,+0.745
4244.216,23,18,+44.832,+0.810
4248.138,23,18,+44.961,+0.720
4250.606,23,18,+44.969,+0.673
4253.174,23,18,+44.956,+0.659
4256.869,23,18,+45.124,+0.692
4261.462,23,18,+45.377,+0.691
4263.962,23,18,+45.398,+0.704
4266.322,23,18,+45.378,+0.728
4268.306,23,18,+45.316,+0.741
4271.322,23,18,+45.272,+0.675
4276.487,23,18,+45.578,+0.717
4277.752,23,18,+45.581,+0.633
4283.628,23,18,+46.033,+0.622
4285.05,23,18,+46.110,+0.660
4287.159,23,18,+46.276,+0.721
4288.019,23,18,+46.314,+0.741
4292.659,23,18,+46.179,+0.770
4295.909,23,18,+46.092,+0.777
4299.269,23,18,+46.147,+0.727
4303.44,23,18,+46.372,+0.816
4309.589,23,18,+46.413,+0.837
4313.334,23,18,+46.421,+0.807
4317.525,23,18,+46.361,+0.749
4318.741,23,18,+46.340,+0.717
4323.694,23,18,+46.676,+0.627
4329.234,23,18,+46.928,+0.659
4334.656,23,18,+46.991,+0.602
4338.406,23,18,+46.918,+0.601
4342.359,23,18,+47.094,+0.612
4344.859,23,18,+47.122,+0.612
4347.437,23,18,+47.118,+0.614
4351.156,23,18,+47.281,+0.606
4355.797,23,18,+47.603,+0.695
4358.218,23,18,+47.593,+0.695
4360.547,23,18,+47.526,+0.687
4362.519,23,18,+47.431,+0.681
4365.487,23,18,+47.354,+0.593
4370.609,23,18,+47.665,+0.528
4371.922,23,18,+47.682,+0.516
4377.765,23,18,+48.181,+0.532
4379.172,23,18,+48.219,+0.534
4381.265,23,18,+48.341,+0.561
4382.109,23,18,+48.375,+0.575
4386.75,23,18,+48.204,+0.487
4390.006,23,18,+48.146,+0.483
4393.428,23,18,+48.308,+0.526
4397.578,23,18,+48.446,+0.626
4403.875,23,18,+48.832,+0.921
4407.672,23,18,+48.843,+0.977
4411.851,23,18,+48.773,+1.090
4413.106,23,18,+48.736,+1.060
4418.062,23,18,+49.171,+0.741
4423.641,23,18,+49.315,+0.771
4428.926,23,18,+49.382,+0.681
4432.781,23,18,+49.369,+0.725
4436.656,23,18,+49.486,+0.665
4439.151,23,18,+49.496,+0.650
4441.687,23,18,+49.476,+0.641
4445.343,23,18,+49.572,+0.571
4449.937,23,18,+49.819,+0.579
4452.328,23,18,+49.837,+0.604
4454.562,23,18,+49.789,+0.623
4456.406,23,18,+49.686,+0.633
4459.328,23,18,+49.624,+0.469
4464.453,23,18,+49.884,+0.528
4465.765,23,18,+49.916,+0.611
4471.716,23,18,+50.452,+0.495
4473.11,23,18,+50.519,+0.425
4475.218,23,18,+50.690,+0.400
4476.125,23,18,+50.757,+0.378
