Time,Driver,Position,GapToLeader,IntervalToPositionAhead
6.86,63,1,LAP 1,LAP 1
55.735,63,1,LAP 0,LAP 0
55.735,63,1,LAP 1,LAP 1
3305.857,63,1,LAP 2,LAP 2
3387.361,63,1,LAP 3,LAP 3
3468.731,63,1,LAP 4,LAP 4
3550.764,63,1,LAP 5,LAP 5
3633.208,63,1,LAP 6,LAP 6
3715.667,63,1,LAP 7,LAP 7
3798.409,63,1,LAP 8,LAP 8
3881.632,63,1,LAP 9,LAP 9
3964.808,63,1,LAP 10,LAP 10
4048.349,63,1,LAP 11,LAP 11
4132.031,63,1,LAP 12,LAP 12
4219.45,63,1,LAP 13,LAP 13
4224.419,63,2,LAP 13,LAP 13
4226.544,63,3,LAP 13,LAP 13
4231.81,63,4,LAP 13,LAP 13
4234.825,63,5,LAP 13,LAP 13
4244.588,63,5,+17.215,+6.813
4247.526,63,5,+17.745,+7.308
4252.769,63,5,+17.858,+7.408
4255.916,63,5,+17.792,+7.253
4259.626,63,5,+17.552,+7.012
4262.431,63,5,+17.423,+6.971
4266.322,63,5,+17.378,+6.921
4272.103,63,5,+17.184,+6.738
4277.614,63,5,+16.995,+6.454
4281.698,63,5,+16.806,+6.207
4286.567,63,5,+16.639,+6.056
4289.911,63,5,+16.627,+6.052
4293.317,63,5,+16.504,+5.940
4295.364,63,5,+16.530,+5.955
4303.382,63,5,+16.462,+5.699
4308.591,63,5,+16.225,+5.405
4311.8,63,5,+16.072,+5.340
4315.17,63,5,+16.054,+5.248
4317.427,63,5,+16.051,+5.195
4319.776,63,5,+15.974,+5.195
4320.448,63,5,+15.961,+5.116
4323.886,63,4,+15.961,+5.116
4323.964,63,4,+15.928,+5.087
4326.948,63,4,+15.915,+5.070
4329.206,63,4,+15.875,+5.029
4334.07,63,4,+15.740,+4.806
4337.293,63,4,+15.784,+4.698
4341.071,63,4,+15.585,+4.531
4343.898,63,4,+15.519,+4.496
4347.773,63,4,+15.399,+4.382
4353.564,63,4,+15.233,+4.220
4359.136,63,4,+15.098,+3.979
4363.229,63,4,+15.032,+3.761
4368.198,63,4,+14.978,+3.664
4371.573,63,4,+15.013,+3.567
4374.963,63,4,+14.889,+3.414
4377.026,63,4,+14.853,+3.403
4385.088,63,4,+14.866,+3.160
4390.307,63,4,+14.771,+2.885
4393.604,63,4,+14.732,+2.789
4396.979,63,4,+14.611,+2.574
4401.573,63,4,+6.386,+2.574
4402.245,63,3,+6.386,+2.574
4402.245,63,3,+10.717,+6.366
4405.698,63,2,+10.717,+6.366
4405.776,63,2,+6.308,+6.308
4408.62,63,2,+6.250,+6.250
4410.979,63,2,+6.167,+6.167
4415.87,63,2,+5.947,+5.947
4419.057,63,2,+5.816,+5.816
4422.807,63,2,+5.605,+5.605
4425.667,63,2,+5.495,+5.495
4429.526,63,2,+5.431,+5.431
4435.437,63,2,+5.367,+5.367
4441.156,63,2,+5.385,+5.385
4445.275,63,2,+5.327,+5.327
4450.161,63,2,+5.191,+5.191
4453.473,63,2,+5.054,+5.054
4456.871,63,2,+4.929,+4.929
4458.929,63,2,+4.925,+4.925
4467.062,63,2,+4.670,+4.670
4472.202,63,2,+4.517,+4.517
4475.557,63,2,+4.489,+4.489
4478.896,63,2,+4.447,+4.447
4481.13,63,2,+4.359,+4.359
4483.529,63,2,+4.314,+4.314
4484.219,63,2,+4.299,+4.299
4487.749,63,2,+4.250,+4.250
4490.596,63,2,+4.179,+4.179
4492.971,63,2,+4.071,+4.071
4497.877,63,2,+3.988,+3.988
4501.081,63,2,+3.833,+3.833
4504.893,63,2,+3.663,+3.663
4507.686,63,2,+3.547,+3.547
4511.572,63,2,+3.440,+3.440
4517.396,63,2,+3.367,+3.367
4523.012,63,2,+3.281,+3.281
4527.205,63,2,+3.260,+3.260
4532.158,63,2,+3.086,+3.086
4535.471,63,2,+2.994,+2.994
4538.924,63,2,+2.912,+2.912
4540.939,63,2,+2.906,+2.906
4549.109,63,2,+2.806,+2.806
4554.421,63,2,+2.658,+2.658
4557.715,63,2,+2.642,+2.642
4561.057,63,2,+2.417,+2.417
4566.38,63,1,LAP 16,LAP 16
4566.412,63,1,LAP 17,LAP 17
4648.141,63,1,LAP 18,LAP 18
4730.282,63,1,LAP 19,LAP 19
4812.699,63,1,LAP 20,LAP 20
4895.223,63,1,LAP 21,LAP 21
4977.782,63,1,LAP 22,LAP 22
5060.496,63,1,LAP 23,LAP 23
5143.745,63,1,LAP 24,LAP 24
5226.554,63,1,LAP 25,LAP 25
5309.61,63,1,LAP 26,LAP 26
5392.504,63,1,LAP 27,LAP 27
5475.638,63,1,LAP 28,LAP 28
5558.812,63,1,LAP 29,LAP 29
5642.051,63,1,LAP 30,LAP 30
5725.659,63,1,LAP 31,LAP 31
5808.972,63,1,LAP 32,LAP 32
5891.898,63,1,LAP 33,LAP 33
5975.344,63,1,LAP 34,LAP 34
6057.974,63,1,LAP 35,LAP 35
6140.913,63,1,LAP 36,LAP 36
6224.89,63,2,LAP 36,LAP 36
6233.192,63,3,LAP 36,LAP 36
6243.69,63,4,LAP 36,LAP 36
6253.211,63,4,+22.115,+6.549
6256.086,63,4,+22.680,+7.075
6261.336,63,4,+22.990,+7.326
6264.488,63,4,+22.939,+7.213
6268.166,63,4,+22.782,+6.999
6271.008,63,4,+22.793,+6.936
6274.948,63,4,+22.873,+6.857
6280.55,63,4,+22.703,+6.640
6285.945,63,4,+22.383,+6.280
6290.045,63,4,+22.355,+6.205
6294.795,63,4,+22.000,+5.945
6298.092,63,4,+21.952,+5.886
6301.389,63,4,+21.796,+5.684
6303.326,63,4,+21.685,+5.604
6311.248,63,4,+21.542,+5.307
6316.514,63,4,+17.589,+5.240
6319.748,63,4,+17.587,+5.204
6323.045,63,4,+17.609,+5.170
6325.217,63,4,+17.597,+5.074
6327.561,63,4,+17.542,+5.074
6328.217,63,4,+17.670,+4.978
6331.748,63,4,+17.486,+4.978
6334.53,63,3,+17.486,+4.978
6334.608,63,3,+17.443,+4.919
6336.937,63,3,+17.390,+4.837
6341.717,63,3,+17.353,+4.590
6344.835,63,3,+17.372,+4.387
6348.478,63,3,+17.256,+4.161
6351.311,63,3,+17.191,+4.110
6355.27,63,3,+17.432,+4.170
6360.998,63,3,+17.389,+4.105
6366.574,63,3,+17.473,+3.951
6370.746,63,3,+17.479,+3.921
6375.527,63,3,+17.428,+3.725
6378.824,63,3,+17.457,+3.650
6382.152,63,3,+17.305,+3.208
6384.121,63,3,+17.184,+3.090
6392.143,63,3,+17.157,+2.827
6397.296,63,3,+17.039,+2.676
6400.561,63,3,+17.041,+2.555
6403.78,63,3,+16.986,+2.396
6405.921,63,3,+16.946,+2.289
6408.268,63,3,+16.893,+2.193
6409.003,63,3,+16.879,+2.172
6412.44,63,3,+16.830,+2.099
6415.296,63,3,+16.799,+2.054
6417.699,63,3,+16.837,+2.056
6422.509,63,3,+16.832,+1.885
6425.63,63,3,+16.846,+1.722
6429.344,63,3,+16.743,+1.465
6432.219,63,3,+16.677,+1.416
6436.047,63,3,+16.736,+1.315
6441.781,63,3,+16.646,+1.183
6447.344,63,3,+16.716,+1.006
6451.485,63,3,+16.711,+1.011
6456.282,63,3,+16.662,+0.740
6459.625,63,3,+16.642,+0.589
6462.985,63,3,+16.536,+0.379
6464.953,63,3,+16.507,+0.327
6473.079,63,3,+16.497,+0.146
6478.237,63,2,+16.497,+0.146
6478.313,63,2,+16.349,+16.349
6481.657,63,2,+16.428,+16.428
6484.954,63,2,+16.375,+16.375
6487.127,63,2,+16.299,+16.299
6489.438,63,2,+16.215,+16.215
6490.157,63,2,+16.199,+16.199
6493.65,63,2,+16.175,+16.175
6496.545,63,2,+16.163,+16.163
6498.897,63,2,+16.124,+16.124
6503.609,63,2,+15.994,+15.994
6506.677,63,2,+15.943,+15.943
6510.322,63,2,+15.794,+15.794
6513.169,63,2,+15.787,+15.787
6516.966,63,2,+15.843,+15.843
6522.638,63,2,+15.666,+15.666
6528.453,63,2,+15.954,+15.954
6532.641,63,2,+15.972,+15.972
6537.407,63,2,+15.789,+15.789
6540.828,63,2,+15.888,+15.888
6544.263,63,2,+15.848,+15.848
6546.248,63,2,+15.810,+15.810
6554.221,63,2,+15.710,+15.710
6559.854,63,2,+16.042,+16.042
6566.103,63,2,+19.117,+19.117
6571.5,63,2,+21.177,+21.177
6574.375,63,2,+21.839,+21.839
6577.496,63,2,+22.573,+22.573
6578.35,63,2,+22.736,+22.736
6582.631,63,2,+23.303,+23.303
6586.012,63,2,+20.637,+20.637
6589.69,63,2,+20.488,+20.488
6596.025,63,2,+21.449,+21.449
6599.951,63,2,+21.826,+21.826
6604.372,63,2,+21.831,+21.831
6607.923,63,2,+21.485,+21.485
6613.431,63,2,+21.325,+21.325
6621.052,63,2,+20.402,+20.402
6628.037,63,2,+21.105,+21.105
6634.016,63,2,+20.729,+20.729
6640.348,63,2,+20.803,+20.803
6645.632,63,2,+21.410,+21.410
6651.292,63,2,+20.941,+20.941
6653.832,63,2,+20.814,+20.814
6662.707,63,2,+20.654,+20.654
6668.479,63,2,+20.496,+20.496
6672.978,63,2,+20.460,+20.460
6677.242,63,2,+20.179,+20.179
6684.43,63,2,+17.963,+17.963
6693.396,63,2,+1.510,+1.510
6696.63,63,2,+1.939,+1.939
6702.951,63,2,+2.048,+2.048
6706.708,63,2,+1.692,+1.692
6710.322,63,2,+1.333,+1.333
6713.087,63,2,+1.210,+1.210
6716.968,63,2,+1.441,+1.441
6722.624,63,2,+1.598,+1.598
6728.155,63,2,+1.967,+1.967
6732.25,63,2,+2.071,+2.071
6737.13,63,2,+2.302,+2.302
6740.439,63,2,+2.425,+2.425
6743.827,63,2,+2.450,+2.450
6745.718,63,2,+2.440,+2.440
6753.687,63,2,+2.624,+2.624
6758.874,63,2,+2.889,+2.889
6762.093,63,2,+2.987,+2.987
6765.312,63,2,+2.935,+2.935
6767.499,63,2,+2.950,+2.950
6769.812,63,2,+2.940,+2.940
6770.515,63,2,+2.939,+2.939
6773.984,63,2,+2.949,+2.949
6776.859,63,2,+2.943,+2.943
6779.218,63,2,+2.898,+2.898
6784.031,63,2,+2.927,+2.927
6787.078,63,2,+2.881,+2.881
6790.706,63,2,+2.812,+2.812
6793.58,63,2,+2.677,+2.677
6797.361,63,2,+2.737,+2.737
6803.041,63,2,+2.678,+2.678
6808.682,63,2,+2.892,+2.892
6812.775,63,2,+2.899,+2.899
6817.634,63,2,+3.016,+3.016
6820.956,63,2,+3.033,+3.033
6824.237,63,2,+3.005,+3.005
6826.191,63,2,+2.954,+2.954
6834.212,63,2,+3.187,+3.187
6839.356,63,2,+3.302,+3.302
6842.652,63,2,+3.381,+3.381
6845.85,63,2,+3.257,+3.257
6848.101,63,2,+3.269,+3.269
6850.452,63,2,+3.277,+3.277
6851.131,63,2,+3.265,+3.265
6854.609,63,2,+3.179,+3.179
6857.389,63,2,+3.093,+3.093
6859.76,63,2,+2.978,+2.978
6864.615,63,2,+3.240,+3.240
6867.818,63,2,+3.367,+3.367
6871.49,63,2,+3.372,+3.372
6874.334,63,2,+3.308,+3.308
6878.24,63,2,+3.551,+3.551
6884.037,63,2,+3.677,+3.677
6889.652,63,2,+3.900,+3.900
6893.772,63,2,+3.953,+3.953
6898.615,63,2,+4.008,+4.008
6901.881,63,2,+3.984,+3.984
6905.241,63,2,+3.942,+3.942
6907.225,63,2,+3.886,+3.886
6915.209,63,2,+4.064,+4.064
6920.372,63,2,+4.207,+4.207
6923.601,63,2,+4.231,+4.231
6926.851,63,2,+4.089,+4.089
6928.991,63,2,+4.024,+4.024
6931.273,63,2,+3.976,+3.976
6932.007,63,2,+3.964,+3.964
6935.429,63,2,+3.920,+3.920
6938.288,63,2,+3.878,+3.878
6940.648,63,2,+3.748,+3.748
6945.46,63,2,+3.848,+3.848
6948.523,63,2,+3.814,+3.814
6952.195,63,2,+3.774,+3.774
6955.07,63,2,+3.793,+3.793
6958.853,63,2,+3.900,+3.900
6964.631,63,2,+3.992,+3.992
6970.213,63,2,+4.203,+4.203
6974.373,63,2,+4.274,+4.274
6979.259,63,2,+4.403,+4.403
6982.552,63,2,+4.437,+4.437
6985.889,63,2,+4.410,+4.410
6987.845,63,2,+4.359,+4.359
6995.873,63,2,+4.515,+4.515
7001.051,63,2,+4.607,+4.607
7004.286,63,2,+4.685,+4.685
7007.551,63,2,+4.610,+4.610
7009.684,63,2,+4.578,+4.578
7012.033,63,2,+4.576,+4.576
7012.689,63,2,+4.575,+4.575
7016.208,63,2,+4.563,+4.563
7019.074,63,2,+4.542,+4.542
7021.423,63,2,+4.431,+4.431
7026.22,63,2,+4.508,+4.508
7029.345,63,2,+4.514,+4.514
7033.017,63,2,+4.499,+4.499
7035.908,63,2,+4.441,+4.441
7039.689,63,2,+4.586,+4.586
7045.424,63,2,+4.621,+4.621
7050.937,63,2,+4.738,+4.738
7055.086,63,2,+4.750,+4.750
7059.914,63,2,+4.812,+4.812
7063.195,63,2,+4.804,+4.804
7066.583,63,2,+4.785,+4.785
7068.496,63,2,+4.711,+4.711
7076.543,63,2,+4.825,+4.825
7081.78,63,2,+4.978,+4.978
7085.064,63,2,+5.037,+5.037
7088.22,63,2,+4.919,+4.919
7090.408,63,2,+4.923,+4.923
7092.751,63,2,+4.943,+4.943
7093.439,63,2,+4.945,+4.945
7096.939,63,2,+4.942,+4.942
7099.798,63,2,+4.924,+4.924
7102.189,63,2,+4.841,+4.841
7107.064,63,2,+5.086,+5.086
7110.142,63,2,+5.125,+5.125
7113.83,63,2,+5.166,+5.166
7116.689,63,2,+5.183,+5.183
7120.47,63,2,+5.303,+5.303
7126.252,63,2,+5.392,+5.392
7131.812,63,2,+5.547,+5.547
7135.937,63,2,+5.542,+5.542
7140.781,63,2,+5.609,+5.609
7144.046,63,2,+5.610,+5.610
7147.423,63,2,+5.581,+5.581
7149.333,63,2,+5.515,+5.515
7157.405,63,2,+5.647,+5.647
7162.687,63,2,+5.825,+5.825
7165.939,63,2,+5.840,+5.840
7169.174,63,2,+5.759,+5.759
7171.358,63,2,+5.734,+5.734
7173.661,63,2,+5.705,+5.705
7174.349,63,2,+5.696,+5.696
7177.88,63,2,+5.663,+5.663
7180.706,63,2,+5.632,+5.632
7183.065,63,2,+5.573,+5.573
7187.878,63,2,+5.712,+5.712
7190.924,63,2,+5.722,+5.722
7194.628,63,2,+5.786,+5.786
7197.487,63,2,+5.813,+5.813
7201.378,63,2,+5.997,+5.997
7207.253,63,2,+6.104,+6.104
7212.878,63,2,+6.337,+6.337
7217.05,63,2,+6.463,+6.463
7221.94,63,2,+6.548,+6.548
7225.237,63,2,+6.571,+6.571
7228.612,63,2,+6.532,+6.532
7230.62,63,2,+6.471,+6.471
7238.743,63,2,+6.692,+6.692
7244.009,63,2,+6.745,+6.745
7247.274,63,2,+6.821,+6.821
7250.462,63,2,+6.722,+6.722
7252.602,63,2,+6.676,+6.676
7254.946,63,2,+6.656,+6.656
7255.649,63,2,+6.650,+6.650
7259.149,63,2,+6.635,+6.635
7262.009,63,2,+6.619,+6.619
7264.337,63,2,+6.516,+6.516
7269.201,63,2,+6.654,+6.654
7272.331,63,2,+6.692,+6.692
7276.058,63,2,+6.704,+6.704
7278.884,63,2,+6.720,+6.720
7282.717,63,2,+6.843,+6.843
7288.514,63,2,+6.889,+6.889
7294.199,63,2,+7.048,+7.048
7298.371,63,2,+7.035,+7.035
7303.231,63,2,+7.017,+7.017
7306.543,63,2,+6.968,+6.968
7309.827,63,2,+6.867,+6.867
7311.923,63,2,+6.794,+6.794
7319.957,63,2,+6.957,+6.957
7325.207,63,2,+7.135,+7.135
7328.535,63,2,+7.231,+7.231
7331.738,63,2,+7.115,+7.115
7333.926,63,2,+7.096,+7.096
7336.269,63,2,+7.094,+7.094
7336.941,63,2,+7.092,+7.092
7340.504,63,2,+7.087,+7.087
7343.457,63,2,+7.081,+7.081
7345.707,63,2,+7.019,+7.019
7350.597,63,2,+7.182,+7.182
7353.66,63,2,+7.217,+7.217
7357.427,63,2,+7.252,+7.252
7360.275,63,2,+7.278,+7.278
7364.181,63,2,+7.490,+7.490
7370.025,63,2,+7.605,+7.605
7375.619,63,2,+7.778,+7.778
7379.791,63,2,+7.886,+7.886
7384.681,63,2,+7.997,+7.997
7387.978,63,2,+8.024,+8.024
7391.328,63,2,+7.983,+7.983
7393.297,63,2,+7.930,+7.930
7401.444,63,2,+8.144,+8.144
7406.84,63,2,+8.298,+8.298
7410.058,63,2,+8.372,+8.372
7413.256,63,2,+8.319,+8.319
7415.422,63,2,+8.311,+8.311
7417.797,63,2,+8.321,+8.321
7421.985,63,2,+8.323,+8.323
7424.86,63,2,+8.320,+8.320
7427.266,63,2,+8.263,+8.263
7432.096,63,2,+8.386,+8.386
7435.147,63,2,+8.359,+8.359
7438.951,63,2,+8.422,+8.422
7441.876,63,2,+8.444,+8.444
7445.763,63,2,+8.583,+8.583
7451.623,63,2,+8.658,+8.658
7457.236,63,2,+8.813,+8.813
7461.399,63,2,+8.840,+8.840
7466.3,63,2,+8.928,+8.928
7469.598,63,2,+8.960,+8.960
7473.009,63,2,+8.843,+8.843
7474.984,63,2,+8.769,+8.769
7483.13,63,2,+8.921,+8.921
7488.411,63,2,+9.035,+9.035
7491.641,63,2,+9.058,+9.058
7494.839,63,2,+8.958,+8.958
7497.041,63,2,+8.976,+8.976
7499.424,63,2,+8.964,+8.964
7500.079,63,2,+8.962,+8.962
7503.629,63,2,+8.964,+8.964
7506.561,63,2,+8.962,+8.962
7508.856,63,2,+8.885,+8.885
7513.655,63,2,+8.955,+8.955
7516.698,63,2,+8.893,+8.893
7520.429,63,2,+8.864,+8.864
7523.299,63,2,+8.903,+8.903
7527.228,63,2,+9.100,+9.100
7533.07,63,2,+9.314,+9.314
7538.773,63,2,+9.444,+9.444
7542.93,63,2,+9.539,+9.539
7547.856,63,2,+9.671,+9.671
7551.202,63,2,+9.729,+9.729
7554.584,63,2,+9.703,+9.703
7556.548,63,2,+9.655,+9.655
7564.778,63,2,+9.825,+9.825
7570.033,63,2,+9.913,+9.913
7573.33,63,2,+10.005,+10.005
7576.58,63,2,+9.924,+9.924
7578.719,63,2,+9.885,+9.885
7581.071,63,2,+9.849,+9.849
7581.755,63,2,+9.843,+9.843
7585.273,63,2,+9.838,+9.838
7588.141,63,2,+9.840,+9.840
7590.5,63,2,+9.783,+9.783
7595.422,63,2,+9.871,+9.871
7598.611,63,2,+9.934,+9.934
7602.408,63,2,+9.961,+9.961
7605.314,63,2,+9.971,+9.971
7609.16,63,2,+10.101,+10.101
7615.071,63,2,+10.239,+10.239
7620.728,63,2,+10.421,+10.421
7624.915,63,2,+10.466,+10.466
7629.821,63,2,+10.503,+10.503
7633.071,63,2,+10.463,+10.463
7636.462,63,2,+10.398,+10.398
7638.43,63,2,+10.340,+10.340
7646.555,63,2,+10.413,+10.413
7651.89,63,2,+10.508,+10.508
7655.171,63,2,+10.549,+10.549
7658.375,63,2,+10.485,+10.485
7660.718,63,2,+10.445,+10.445
7662.937,63,2,+10.438,+10.438
7663.609,63,2,+10.441,+10.441
7667.14,63,2,+10.473,+10.473
7670.015,63,2,+10.507,+10.507
7672.392,63,2,+10.472,+10.472
7677.243,63,2,+10.479,+10.479
7680.372,63,2,+10.475,+10.475
7684.185,63,2,+10.481,+10.481
7687.072,63,2,+10.482,+10.482
7690.933,63,2,+10.471,+10.471
7696.73,63,2,+10.627,+10.627
7702.322,63,2,+10.792,+10.792
7706.477,63,2,+10.887,+10.887
7711.352,63,2,+10.955,+10.955
7714.649,63,2,+10.961,+10.961
7717.993,63,2,+10.896,+10.896
7719.962,63,2,+10.827,+10.827
7728.134,63,2,+10.927,+10.927
7733.415,63,2,+11.009,+11.009
7736.681,63,2,+11.046,+11.046
7740.153,63,2,+10.992,+10.992
7742.059,63,2,+10.945,+10.945
7744.403,63,2,+10.925,+10.925
7745.059,63,2,+10.920,+10.920
7748.591,63,2,+10.910,+10.910
7751.434,63,2,+10.900,+10.900
7753.794,63,2,+10.809,+10.809
7758.637,63,2,+10.938,+10.938
7761.778,63,2,+10.992,+10.992
7765.575,63,2,+11.017,+11.017
7768.434,63,2,+11.023,+11.023
7772.247,63,2,+11.131,+11.131
7778.091,63,2,+11.200,+11.200
7783.771,63,2,+11.395,+11.395
7787.891,63,2,+11.372,+11.372
7792.786,63,2,+11.374,+11.374
7796.067,63,2,+11.343,+11.343
7799.458,63,2,+11.309,+11.309
7801.411,63,2,+11.247,+11.247
7809.567,63,2,+11.349,+11.349
7814.943,63,2,+11.435,+11.435
7818.177,63,2,+11.504,+11.504
7821.4,63,2,+11.424,+11.424
7823.551,63,2,+11.391,+11.391
7825.926,63,2,+11.386,+11.386
7826.707,63,2,+11.385,+11.385
7830.113,63,2,+11.380,+11.380
7832.972,63,2,+11.374,+11.374
7835.316,63,2,+11.283,+11.283
7840.316,63,2,+11.415,+11.415
7843.504,63,2,+11.583,+11.583
7847.3,63,2,+11.610,+11.610
7850.119,63,2,+11.605,+11.605
7853.994,63,2,+11.711,+11.711
7859.782,63,2,+11.788,+11.788
7865.468,63,2,+11.965,+11.965
7869.643,63,2,+12.025,+12.025
7874.632,63,2,+12.131,+12.131
7877.96,63,2,+12.184,+12.184
7881.351,63,2,+12.152,+12.152
7883.304,63,2,+12.101,+12.101
7891.523,63,2,+12.216,+12.216
7896.866,63,2,+12.294,+12.294
7900.235,63,2,+12.345,+12.345
7903.376,63,2,+12.310,+12.310
7905.595,63,2,+12.348,+12.348
7908.001,63,2,+12.367,+12.367
7908.657,63,2,+12.372,+12.372
7912.157,63,2,+12.383,+12.383
7915.032,63,2,+12.384,+12.384
7917.361,63,2,+12.296,+12.296
7922.301,63,2,+12.445,+12.445
7925.464,63,2,+12.508,+12.508
7929.28,63,2,+12.518,+12.518
7932.113,63,2,+12.524,+12.524
7936.082,63,2,+12.728,+12.728
7941.91,63,2,+12.782,+12.782
7947.676,63,2,+12.987,+12.987
7951.847,63,2,+13.057,+13.057
7956.847,63,2,+13.095,+13.095
7960.097,63,2,+12.991,+12.991
7963.488,63,2,+12.951,+12.951
7965.441,63,2,+12.922,+12.922
7973.691,63,2,+13.054,+13.054
7978.941,63,2,+13.018,+13.018
7982.269,63,2,+13.119,+13.119
7985.504,63,2,+13.050,+13.050
7987.709,63,2,+13.046,+13.046
7990.081,63,2,+13.033,+13.033
7990.732,63,2,+13.031,+13.031
7994.26,63,2,+13.035,+13.035
7997.104,63,2,+13.043,+13.043
7999.461,63,2,+12.951,+12.951
8004.388,63,2,+12.941,+12.941
8007.461,63,2,+12.942,+12.942
8011.258,63,2,+12.910,+12.910
8014.196,63,2,+12.954,+12.954
8018.024,63,2,+13.025,+13.025
8023.852,63,2,+13.110,+13.110
8029.559,63,2,+13.313,+13.313
8033.78,63,2,+13.408,+13.408
8038.749,63,2,+13.482,+13.482
8042.155,63,2,+13.520,+13.520
8045.452,63,2,+13.490,+13.490
8047.488,63,2,+13.466,+13.466
8055.637,63,2,+13.452,+13.452
8060.903,63,2,+13.482,+13.482
8064.231,63,2,+13.569,+13.569
8067.513,63,2,+13.505,+13.505
8069.637,63,2,+13.493,+13.493
8072.012,63,2,+13.482,+13.482
8072.684,63,2,+13.475,+13.475
8076.184,63,2,+13.444,+13.444
8079.059,63,2,+13.409,+13.409
8081.403,63,2,+13.300,+13.300
8086.325,63,2,+13.462,+13.462
8089.497,63,2,+13.541,+13.541
8093.325,63,2,+13.591,+13.591
8096.2,63,2,+13.606,+13.606
8100.247,63,2,+13.764,+13.764
8105.903,63,2,+13.834,+13.834
8111.653,63,2,+14.081,+14.081
8115.841,63,2,+14.126,+14.126
8120.919,63,2,+14.348,+14.348
8124.248,63,2,+14.376,+14.376
8127.642,63,2,+14.352,+14.352
8129.619,63,2,+14.302,+14.302
8137.822,63,2,+14.515,+14.515
8143.212,63,2,+14.658,+14.658
8146.48,63,2,+14.704,+14.704
8149.697,63,2,+14.630,+14.630
8151.916,63,2,+14.641,+14.641
8154.275,63,2,+14.639,+14.639
8154.947,63,2,+14.635,+14.635
8158.463,63,2,+14.611,+14.611
8161.306,63,2,+14.583,+14.583
8163.666,63,2,+14.510,+14.510
8168.588,63,2,+14.563,+14.563
8171.731,63,2,+14.602,+14.602
8175.558,63,2,+14.689,+14.689
8178.437,63,2,+14.735,+14.735
8182.31,63,2,+14.896,+14.896
8188.166,63,2,+15.023,+15.023
8193.869,63,2,+15.248,+15.248
8198.104,63,2,+15.336,+15.336
8203.104,63,2,+15.472,+15.472
8206.444,63,2,+15.510,+15.510
8209.815,63,2,+15.450,+15.450
8211.776,63,2,+15.374,+15.374
8220.044,63,2,+15.577,+15.577
8225.383,63,2,+15.697,+15.697
8228.683,63,2,+15.707,+15.707
8231.951,63,2,+15.672,+15.672
8234.097,63,2,+15.689,+15.689
8236.466,63,2,+15.659,+15.659
8237.19,63,2,+15.651,+15.651
8240.647,63,2,+15.619,+15.619
8243.476,63,2,+15.592,+15.592
8245.805,63,3,+15.592,+15.592
8245.934,63,3,+15.589,+0.016
8251.507,63,3,+16.321,+0.171
8254.96,63,3,+16.672,+0.132
8258.773,63,3,+16.731,+0.132
8261.617,63,3,+16.723,+0.077
8265.929,63,3,+17.296,+0.253
8271.789,63,3,+17.465,+0.359
8277.804,63,3,+17.975,+0.629
8282.125,63,3,+18.206,+0.720
8287.214,63,3,+18.346,+0.756
8290.573,63,3,+18.449,+0.815
8293.995,63,3,+18.421,+0.844
8295.979,63,3,+18.377,+0.826
8304.33,63,3,+18.625,+1.113
8309.792,63,3,+18.740,+1.321
8313.074,63,3,+18.781,+1.405
8316.355,63,3,+18.765,+1.457
8318.652,63,3,+18.810,+1.473
8321.026,63,3,+18.812,+1.478
8321.714,63,3,+18.807,+1.475
8325.23,63,3,+18.777,+1.448
8328.011,63,3,+18.746,+1.425
8330.386,63,3,+18.722,+1.411
8335.308,63,3,+18.702,+1.443
8338.542,63,3,+18.766,+1.504
8342.339,63,3,+18.791,+1.449
8345.183,63,3,+18.819,+1.423
8349.089,63,3,+18.985,+1.543
8355.042,63,3,+19.162,+1.642
8360.727,63,2,+19.162,+1.642
8360.805,63,2,+19.332,+19.332
8364.961,63,2,+19.407,+19.407
8369.98,63,2,+19.526,+19.526
8373.312,63,2,+19.581,+19.581
8376.702,63,2,+19.561,+19.561
8378.656,63,2,+19.516,+19.516
8386.921,63,2,+19.664,+19.664
8392.235,63,2,+19.897,+19.897
8395.59,63,2,+19.915,+19.915
8398.886,63,2,+19.932,+19.932
8401.137,63,2,+19.930,+19.930
8403.512,63,2,+19.918,+19.918
8404.215,63,2,+19.913,+19.913
8407.762,63,2,+19.973,+19.973
8413.074,63,2,+22.432,+22.432
8418.535,63,2,+25.454,+25.454
8423.921,63,2,+25.941,+25.941
8427.452,63,2,+26.330,+26.330
8431.733,63,2,+26.647,+26.647
8434.952,63,2,+26.674,+26.674
8440.452,63,2,+25.404,+25.404
8448.561,63,2,+25.797,+25.797
8456.374,63,2,+24.743,+24.743
8462.468,63,2,+22.801,+22.801
8467.984,63,2,+21.845,+21.845
8471.922,63,2,+21.772,+21.772
8475.859,63,2,+21.639,+21.639
8478.875,63,2,+22.246,+22.246
8489.359,63,2,+24.026,+24.026
8495.765,63,2,+24.827,+24.827
8500.547,63,2,+25.260,+25.260
8504.892,63,2,+24.709,+24.709
8507.86,63,2,+24.675,+24.675
8510.866,63,2,+24.489,+24.489
8511.811,63,2,+24.398,+24.398
8516.647,63,2,+24.676,+24.676
8520.788,63,2,+25.059,+25.059
8523.867,63,2,+24.713,+24.713
8530.465,63,2,+25.686,+25.686
8534.231,63,2,+25.125,+25.125
8539.028,63,2,+25.103,+25.103
8542.606,63,2,+24.911,+24.911
8547.684,63,2,+25.051,+25.051
8556.715,63,2,+25.966,+25.966
8564.495,63,2,+25.075,+25.075
8571.229,63,2,+24.336,+24.336
8576.808,63,2,+24.310,+24.310
8580.87,63,2,+24.670,+24.670
8584.901,63,2,+24.965,+24.965
8587.368,63,2,+25.212,+25.212
8596.864,63,2,+25.256,+25.256
8602.817,63,2,+24.736,+24.736
8608.286,63,2,+25.473,+25.473
8612.666,63,2,+25.157,+25.157
8615.16,63,2,+24.640,+24.640
8618.328,63,2,+24.623,+24.623
8619.532,63,2,+24.876,+24.876
8625.032,63,2,+25.580,+25.580
8629.063,63,2,+25.678,+25.678
8632.188,63,2,+25.665,+25.665
8637.969,63,2,+25.435,+25.435
8641.5,63,2,+24.738,+24.738
8645.329,63,2,+23.720,+23.720
8648.141,63,2,+22.890,+22.890
8652.047,63,2,+21.887,+21.887
8657.891,63,2,+19.345,+19.345
8663.507,63,2,+19.270,+19.270
8667.632,63,2,+19.233,+19.233
8672.613,63,2,+19.327,+19.327
8675.931,63,2,+19.239,+19.239
8679.394,63,2,+19.219,+19.219
8681.325,63,2,+19.176,+19.176
8689.559,63,2,+19.355,+19.355
8694.856,63,2,+19.346,+19.346
8698.06,63,2,+19.391,+19.391
8701.341,63,2,+19.370,+19.370
8703.591,63,2,+19.369,+19.369
8705.997,63,2,+19.350,+19.350
8706.734,63,2,+19.344,+19.344
8710.194,63,2,+19.337,+19.337
8713.067,63,2,+19.336,+19.336
8715.427,63,2,+19.229,+19.229
8720.333,63,2,+19.199,+19.199
8723.505,63,2,+19.194,+19.194
8727.27,63,2,+19.125,+19.125
8730.13,63,2,+19.158,+19.158
8734.064,63,2,+19.277,+19.277
8739.908,63,2,+19.345,+19.345
8745.548,63,2,+19.444,+19.444
8749.752,63,2,+19.570,+19.570
8754.798,63,2,+19.677,+19.677
8758.111,63,2,+19.644,+19.644
8761.518,63,2,+19.622,+19.622
8763.508,63,2,+19.607,+19.607
8771.62,63,2,+19.666,+19.666
8776.966,63,2,+19.789,+19.789
8780.294,63,2,+19.823,+19.823
8783.618,63,2,+19.787,+19.787
8785.899,63,2,+19.770,+19.770
8788.305,63,2,+19.688,+19.688
8789.024,63,2,+19.561,+19.561
6.86,44,2,,
3227.98,44,2,+0.189,+0.189
3231.355,44,2,+0.175,+0.175
3233.84,44,2,+0.139,+0.139
3239.158,44,2,+0.222,+0.222
3242.459,44,2,+0.150,+0.150
3246.023,44,2,+0.254,+0.254
3248.923,44,2,+0.313,+0.313
3253.035,44,2,+0.521,+0.521
3258.918,44,2,+0.741,+0.741
3264.426,44,2,+0.818,+0.818
3268.597,44,2,+0.893,+0.893
3273.491,44,2,+1.134,+1.134
3276.8,44,2,+1.135,+1.135
3280.198,44,2,+1.206,+1.206
3282.292,44,2,+1.203,+1.203
3290.198,44,2,+1.233,+1.233
3295.169,44,2,+1.256,+1.256
3298.325,44,2,+1.224,+1.224
3301.747,44,2,+1.209,+1.209
3303.857,44,2,+1.178,+1.178
3306.31,44,2,+1.214,+1.214
3307.029,44,2,+1.221,+1.221
3310.576,44,2,+1.201,+1.201
3313.357,44,2,+1.182,+1.182
3315.717,44,2,+1.164,+1.164
3320.633,44,2,+1.296,+1.296
3323.866,44,2,+1.383,+1.383
3327.726,44,2,+1.409,+1.409
3330.616,44,2,+1.489,+1.489
3334.655,44,2,+1.571,+1.571
3340.476,44,2,+1.705,+1.705
3346.038,44,2,+1.683,+1.683
3350.195,44,2,+1.701,+1.701
3355.085,44,2,+1.783,+1.783
3358.347,44,2,+1.678,+1.678
3361.807,44,2,+1.685,+1.685
3363.839,44,2,+1.708,+1.708
3371.839,44,2,+1.727,+1.727
3376.87,44,2,+1.636,+1.636
3380.12,44,2,+1.599,+1.599
3383.448,44,2,+1.455,+1.455
3385.605,44,2,+1.401,+1.401
3387.994,44,2,+1.414,+1.414
3388.683,44,2,+1.418,+1.418
3392.217,44,2,+1.415,+1.415
3395.081,44,2,+1.435,+1.435
3397.543,44,2,+1.487,+1.487
3402.386,44,2,+1.502,+1.502
3405.558,44,2,+1.554,+1.554
3409.324,44,2,+1.555,+1.555
3412.339,44,2,+1.678,+1.678
3416.386,44,2,+1.753,+1.753
3422.23,44,2,+1.827,+1.827
3427.699,44,2,+1.812,+1.812
3431.902,44,2,+1.849,+1.849
3436.824,44,2,+1.942,+1.942
3440.105,44,2,+1.893,+1.893
3443.574,44,2,+1.964,+1.964
3445.637,44,2,+2.016,+2.016
3453.715,44,2,+2.039,+2.039
3458.902,44,2,+2.015,+2.015
3462.106,44,2,+1.960,+1.960
3465.465,44,2,+1.973,+1.973
3467.668,44,2,+1.967,+1.967
3470.028,44,2,+1.999,+1.999
3470.731,44,2,+2.009,+2.009
3474.293,44,2,+2.022,+2.022
3477.168,44,2,+2.038,+2.038
3479.622,44,2,+2.095,+2.095
3484.457,44,2,+2.112,+2.112
3487.661,44,2,+2.115,+2.115
3491.415,44,2,+2.084,+2.084
3494.421,44,2,+2.204,+2.204
3498.521,44,2,+2.354,+2.354
3504.425,44,2,+2.458,+2.458
3509.994,44,2,+2.446,+2.446
3514.197,44,2,+2.465,+2.465
3519.041,44,2,+2.436,+2.436
3522.354,44,2,+2.390,+2.390
3525.869,44,2,+2.448,+2.448
3527.963,44,2,+2.539,+2.539
3536.186,44,2,+2.589,+2.589
3541.395,44,2,+2.532,+2.532
3544.649,44,2,+2.511,+2.511
3548.02,44,2,+2.512,+2.512
3550.236,44,2,+2.524,+2.524
3552.629,44,2,+2.536,+2.536
3553.348,44,2,+2.544,+2.544
3556.882,44,2,+2.552,+2.552
3559.766,44,2,+2.565,+2.565
3562.454,44,2,+2.637,+2.637
3570.249,44,2,+2.596,+2.596
3574.045,44,2,+2.566,+2.566
3577.06,44,2,+2.676,+2.676
3581.067,44,2,+2.670,+2.670
3587.008,44,2,+2.689,+2.689
3592.487,44,2,+2.562,+2.562
3596.693,44,2,+2.561,+2.561
3601.584,44,2,+2.509,+2.509
3604.884,44,2,+2.453,+2.453
3608.358,44,2,+2.513,+2.513
3610.458,44,2,+2.603,+2.603
3618.529,44,2,+2.529,+2.529
3623.795,44,2,+2.499,+2.499
3627.014,44,2,+2.414,+2.414
3630.295,44,2,+2.384,+2.384
3632.54,44,2,+2.391,+2.391
3634.91,44,2,+2.411,+2.411
3635.614,44,2,+2.419,+2.419
3639.16,44,2,+2.433,+2.433
3642.036,44,2,+2.422,+2.422
3644.489,44,2,+2.470,+2.470
3649.442,44,2,+2.438,+2.438
3652.65,44,2,+2.415,+2.415
3656.511,44,2,+2.445,+2.445
3659.488,44,2,+2.612,+2.612
3663.538,44,2,+2.586,+2.586
3669.405,44,2,+2.711,+2.711
3675.0,44,2,+2.684,+2.684
3679.221,44,2,+2.741,+2.741
3684.111,44,2,+2.798,+2.798
3687.471,44,2,+2.810,+2.810
3690.95,44,2,+2.844,+2.844
3693.042,44,2,+2.885,+2.885
3701.167,44,2,+2.920,+2.920
3706.589,44,2,+2.941,+2.941
3709.761,44,2,+2.856,+2.856
3713.167,44,2,+2.847,+2.847
3715.402,44,2,+2.817,+2.817
3717.824,44,2,+2.828,+2.828
3718.496,44,2,+2.836,+2.836
3722.058,44,2,+2.844,+2.844
3724.933,44,2,+2.852,+2.852
3727.417,44,2,+2.916,+2.916
3732.324,44,2,+2.926,+2.926
3735.49,44,2,+2.893,+2.893
3739.312,44,2,+2.835,+2.835
3742.218,44,2,+2.925,+2.925
3746.171,44,2,+2.890,+2.890
3752.062,44,2,+2.946,+2.946
3757.718,44,2,+2.991,+2.991
3761.961,44,2,+3.027,+3.027
3767.161,44,2,+3.039,+3.039
3770.147,44,2,+3.001,+3.001
3773.723,44,2,+3.027,+3.027
3775.71,44,2,+3.020,+3.020
3783.971,44,2,+3.073,+3.073
3789.362,44,2,+3.094,+3.094
3792.643,44,2,+3.056,+3.056
3796.05,44,2,+3.029,+3.029
3798.268,44,2,+2.996,+2.996
3800.737,44,2,+3.069,+3.069
3801.44,44,2,+3.086,+3.086
3805.081,44,2,+3.118,+3.118
3807.886,44,2,+3.128,+3.128
3810.302,44,2,+3.170,+3.170
3815.208,44,2,+3.089,+3.089
3818.412,44,2,+3.046,+3.046
3822.24,44,2,+3.022,+3.022
3825.125,44,2,+3.092,+3.092
3829.125,44,2,+3.008,+3.008
3835.056,44,2,+3.115,+3.115
3840.713,44,2,+3.054,+3.054
3844.963,44,2,+3.141,+3.141
3849.952,44,2,+3.164,+3.164
3853.347,44,2,+3.149,+3.149
3856.954,44,2,+3.228,+3.228
3859.0,44,2,+3.215,+3.215
3867.344,44,2,+3.282,+3.282
3872.725,44,2,+3.260,+3.260
3876.022,44,2,+3.201,+3.201
3879.413,44,2,+3.182,+3.182
3881.647,44,2,+3.185,+3.185
3884.069,44,2,+3.178,+3.178
3884.788,44,2,+3.184,+3.184
3888.382,44,2,+3.198,+3.198
3891.236,44,2,+3.208,+3.208
3893.641,44,2,+3.222,+3.222
3898.595,44,2,+3.165,+3.165
3901.829,44,2,+3.146,+3.146
3905.767,44,2,+3.143,+3.143
3908.673,44,2,+3.189,+3.189
3912.657,44,2,+3.155,+3.155
3918.579,44,2,+3.161,+3.161
3924.234,44,2,+3.123,+3.123
3928.5,44,2,+3.196,+3.196
3933.434,44,2,+3.233,+3.233
3936.767,44,2,+3.240,+3.240
3940.32,44,2,+3.285,+3.285
3942.362,44,2,+3.288,+3.288
3950.732,44,2,+3.406,+3.406
3956.139,44,2,+3.486,+3.486
3959.436,44,2,+3.446,+3.446
3962.858,44,2,+3.466,+3.466
3965.185,44,2,+3.452,+3.452
3967.57,44,2,+3.443,+3.443
3968.242,44,2,+3.448,+3.448
3971.836,44,2,+3.462,+3.462
3974.727,44,2,+3.478,+3.478
3977.149,44,2,+3.524,+3.524
3982.133,44,2,+3.521,+3.521
3985.305,44,2,+3.481,+3.481
3989.227,44,2,+3.540,+3.540
3992.149,44,2,+3.609,+3.609
3996.117,44,2,+3.571,+3.571
4002.008,44,2,+3.520,+3.520
4007.677,44,2,+3.451,+3.451
4011.864,44,2,+3.490,+3.490
4016.864,44,2,+3.469,+3.469
4020.208,44,2,+3.471,+3.471
4023.771,44,2,+3.449,+3.449
4025.802,44,2,+3.456,+3.456
4034.224,44,2,+3.555,+3.555
4039.662,44,2,+3.575,+3.575
4042.943,44,2,+3.498,+3.498
4046.443,44,2,+3.544,+3.544
4048.709,44,2,+3.511,+3.511
4051.115,44,2,+3.509,+3.509
4051.849,44,2,+3.514,+3.514
4055.412,44,2,+3.525,+3.525
4058.271,44,2,+3.538,+3.538
4060.677,44,2,+3.558,+3.558
4065.865,44,2,+3.630,+3.630
4069.105,44,2,+3.612,+3.612
4072.996,44,2,+3.628,+3.628
4075.918,44,2,+3.689,+3.689
4079.898,44,2,+3.648,+3.648
4085.844,44,2,+3.596,+3.596
4091.429,44,2,+3.476,+3.476
4095.612,44,2,+3.475,+3.475
4100.591,44,2,+3.482,+3.482
4103.948,44,2,+3.421,+3.421
4107.526,44,2,+3.439,+3.439
4109.476,44,2,+3.432,+3.432
4117.806,44,2,+3.411,+3.411
4123.203,44,2,+3.408,+3.408
4126.484,44,2,+3.372,+3.372
4130.156,44,2,+3.638,+3.638
4137.578,44,3,+3.638,+3.638
4139.437,44,4,+3.638,+3.638
4146.994,44,5,+3.638,+3.638
4147.509,44,6,+3.638,+3.638
4150.697,44,7,+3.638,+3.638
4165.009,44,7,+26.547,+11.331
4167.791,44,7,+26.957,+11.693
4173.094,44,7,+27.188,+11.933
4176.216,44,7,+27.039,+11.788
4179.95,44,7,+26.898,+11.568
4182.888,44,7,+26.988,+11.645
4186.872,44,7,+26.731,+11.455
4192.373,44,7,+26.432,+11.140
4197.747,44,7,+26.063,+10.724
4201.856,44,7,+25.976,+10.595
4206.669,44,7,+25.747,+10.375
4209.95,44,7,+25.640,+10.266
4213.435,44,7,+25.620,+10.236
4215.544,44,7,+25.654,+10.296
4223.544,44,7,+25.399,+9.977
4228.654,44,7,+19.898,+9.527
4231.857,44,7,+19.729,+12.808
4235.165,44,7,+19.686,+12.490
4237.374,44,7,+19.612,+12.490
4239.771,44,7,+19.540,+12.490
4240.469,44,7,+20.987,+8.463
4243.936,44,6,+20.987,+8.463
4244.024,44,6,+19.536,+8.463
4247.041,44,6,+19.654,+2.439
4249.499,44,6,+19.751,+2.006
4254.249,44,6,+19.407,+1.549
4257.33,44,6,+19.241,+1.449
4261.091,44,6,+19.053,+1.501
4263.981,44,6,+19.003,+1.580
4267.947,44,6,+18.921,+1.543
4273.669,44,6,+18.777,+1.593
4279.127,44,6,+18.507,+1.512
4283.301,44,6,+18.406,+1.600
4288.176,44,6,+18.236,+1.597
4291.457,44,6,+18.174,+1.547
4294.879,44,6,+18.063,+1.559
4296.911,44,6,+18.071,+1.541
4304.949,44,6,+17.990,+1.528
4310.082,44,6,+17.747,+1.522
4313.3,44,6,+17.571,+1.499
4316.656,44,6,+17.526,+1.472
4318.839,44,6,+17.489,+1.438
4321.198,44,6,+17.417,+1.443
4321.964,44,6,+17.407,+1.446
4325.364,44,5,+17.407,+1.446
4325.448,44,5,+17.380,+1.452
4328.335,44,5,+17.432,+1.517
4330.8,44,5,+17.501,+1.626
4335.637,44,5,+17.296,+1.556
4338.771,44,5,+17.277,+1.493
4342.554,44,5,+17.079,+1.494
4345.508,44,5,+17.152,+1.633
4349.506,44,5,+17.064,+1.665
4355.276,44,5,+16.972,+1.739
4360.808,44,5,+16.782,+1.684
4364.948,44,5,+16.752,+1.720
4369.869,44,5,+16.632,+1.654
4373.182,44,5,+16.644,+1.631
4376.604,44,5,+16.543,+1.654
4378.635,44,5,+16.465,+1.612
4386.776,44,5,+16.526,+1.660
4391.964,44,5,+16.399,+1.628
4395.26,44,5,+16.380,+1.648
4398.638,44,5,+16.280,+1.669
4400.87,44,5,+8.151,+1.674
4403.323,44,5,+8.105,+1.674
4403.995,44,5,+12.448,+0.095
4407.479,44,3,+12.448,+0.095
4407.542,44,3,+8.059,+1.751
4410.401,44,3,+8.068,+1.818
4412.948,44,3,+8.144,+1.977
4417.729,44,3,+7.848,+1.901
4421.307,44,3,+7.650,+1.834
4424.62,44,3,+7.420,+1.815
4427.558,44,3,+7.405,+1.910
4431.448,44,3,+7.221,+1.790
4437.256,44,3,+7.216,+1.849
4442.78,44,3,+7.018,+1.633
4447.005,44,3,+7.044,+1.717
4451.912,44,3,+6.930,+1.739
4455.192,44,3,+6.778,+1.724
4458.671,44,3,+6.699,+1.770
4460.715,44,3,+6.734,+1.809
4468.937,44,3,+6.640,+1.970
4474.108,44,3,+6.401,+1.884
4477.383,44,3,+6.312,+1.823
4480.608,44,3,+6.144,+1.697
4482.801,44,3,+6.035,+1.676
4485.195,44,3,+5.981,+1.667
4485.908,44,3,+5.969,+1.670
4489.415,44,3,+5.924,+1.674
4492.268,44,3,+5.872,+1.693
4494.674,44,3,+5.819,+1.748
4499.502,44,3,+5.653,+1.665
4502.737,44,3,+5.515,+1.682
4506.571,44,3,+5.373,+1.710
4509.528,44,3,+5.426,+1.879
4513.41,44,3,+5.273,+1.833
4519.25,44,3,+5.212,+1.845
4524.736,44,3,+4.990,+1.709
4528.908,44,3,+4.998,+1.738
4533.861,44,3,+4.787,+1.701
4537.143,44,3,+4.637,+1.643
4540.602,44,3,+4.592,+1.680
4542.629,44,3,+4.590,+1.684
4550.872,44,3,+4.558,+1.752
4556.075,44,3,+4.305,+1.647
4559.357,44,3,+4.278,+1.636
4562.701,44,3,+4.044,+1.627
4564.937,44,3,+4.044,+1.626
4567.377,44,3,+1.651,+1.626
4568.015,44,3,+1.660,+0.205
4571.468,44,2,+1.660,+0.205
4571.546,44,2,+1.617,+1.617
4574.292,44,2,+1.532,+1.532
4576.631,44,2,+1.492,+1.492
4581.551,44,2,+1.507,+1.507
4584.796,44,2,+1.566,+1.566
4588.633,44,2,+1.614,+1.614
4591.586,44,2,+1.723,+1.723
4595.501,44,2,+1.627,+1.627
4601.357,44,2,+1.716,+1.716
4606.951,44,2,+1.668,+1.668
4611.043,44,2,+1.702,+1.702
4615.941,44,2,+1.719,+1.719
4619.209,44,2,+1.713,+1.713
4622.669,44,2,+1.765,+1.765
4624.697,44,2,+1.762,+1.762
4632.91,44,2,+1.835,+1.835
4638.126,44,2,+1.823,+1.823
4641.422,44,2,+1.843,+1.843
4644.735,44,2,+1.863,+1.863
4649.344,44,2,+1.888,+1.888
4650.079,44,2,+1.895,+1.895
4653.579,44,2,+1.909,+1.909
4656.451,44,2,+1.917,+1.917
4658.887,44,2,+1.982,+1.982
4663.716,44,2,+1.878,+1.878
4666.919,44,2,+1.875,+1.875
4670.669,44,2,+1.891,+1.891
4673.544,44,2,+1.954,+1.954
4677.387,44,2,+1.806,+1.806
4683.302,44,2,+1.881,+1.881
4688.802,44,2,+1.780,+1.780
4692.983,44,2,+1.808,+1.808
4697.938,44,2,+1.779,+1.779
4701.25,44,2,+1.757,+1.757
4704.735,44,2,+1.843,+1.843
4706.766,44,2,+1.825,+1.825
4714.922,44,2,+1.872,+1.872
4720.266,44,2,+1.886,+1.886
4723.5,44,2,+1.860,+1.860
4726.907,44,2,+1.887,+1.887
4729.08,44,2,+1.910,+1.910
4731.516,44,2,+1.948,+1.948
4732.251,44,2,+1.957,+1.957
4735.735,44,2,+1.969,+1.969
4738.594,44,2,+1.977,+1.977
4741.079,44,2,+2.088,+2.088
4745.969,44,2,+2.026,+2.026
4749.094,44,2,+2.018,+2.018
4752.985,44,2,+2.005,+2.005
4755.876,44,2,+2.034,+2.034
4759.688,44,2,+1.905,+1.905
4765.595,44,2,+1.961,+1.961
4771.188,44,2,+1.905,+1.905
4775.423,44,2,+1.970,+1.970
4780.36,44,2,+1.975,+1.975
4783.657,44,2,+1.984,+1.984
4787.159,44,2,+2.017,+2.017
4789.189,44,2,+2.022,+2.022
4797.439,44,2,+2.027,+2.027
4802.754,44,2,+1.990,+1.990
4806.02,44,2,+1.954,+1.954
4809.364,44,2,+1.940,+1.940
4811.573,44,2,+1.928,+1.928
4813.98,44,2,+1.966,+1.966
4814.668,44,2,+1.975,+1.975
4818.21,44,2,+1.989,+1.989
4821.074,44,2,+1.994,+1.994
4823.498,44,2,+2.069,+2.069
4828.342,44,2,+2.021,+2.021
4831.498,44,2,+1.986,+1.986
4835.379,44,2,+1.984,+1.984
4838.252,44,2,+2.051,+2.051
4842.183,44,2,+1.955,+1.955
4848.074,44,2,+1.972,+1.972
4853.636,44,2,+1.890,+1.890
4857.84,44,2,+1.911,+1.911
4862.816,44,2,+1.938,+1.938
4866.123,44,2,+1.959,+1.959
4869.643,44,2,+2.028,+2.028
4871.674,44,2,+2.055,+2.055
4880.036,44,2,+2.095,+2.095
4885.295,44,2,+2.038,+2.038
4888.564,44,2,+2.015,+2.015
4891.948,44,2,+2.063,+2.063
4894.179,44,2,+2.045,+2.045
4896.595,44,2,+2.073,+2.073
4897.303,44,2,+2.080,+2.080
4900.841,44,2,+2.096,+2.096
4903.669,44,2,+2.109,+2.109
4906.119,44,2,+2.201,+2.201
4911.093,44,2,+2.102,+2.102
4914.202,44,2,+2.077,+2.077
4918.077,44,2,+2.068,+2.068
4920.935,44,2,+2.106,+2.106
4924.816,44,2,+1.965,+1.965
4930.659,44,2,+1.995,+1.995
4936.275,44,2,+1.973,+1.973
4940.45,44,2,+2.008,+2.008
4945.455,44,2,+2.100,+2.100
4948.798,44,2,+2.085,+2.085
4952.304,44,2,+2.160,+2.160
4954.332,44,2,+2.161,+2.161
4962.702,44,2,+2.204,+2.204
4968.05,44,2,+2.226,+2.226
4971.295,44,2,+2.179,+2.179
4974.661,44,2,+2.197,+2.197
4976.907,44,2,+2.192,+2.192
4979.313,44,2,+2.239,+2.239
4980.001,44,2,+2.252,+2.252
4983.534,44,2,+2.277,+2.277
4986.402,44,2,+2.292,+2.292
4988.833,44,2,+2.360,+2.360
4993.716,44,2,+2.319,+2.319
4996.859,44,2,+2.312,+2.312
5000.693,44,2,+2.315,+2.315
5003.537,44,2,+2.354,+2.354
5007.459,44,2,+2.176,+2.176
5013.305,44,2,+2.189,+2.189
5018.92,44,2,+2.012,+2.012
5023.155,44,2,+2.011,+2.011
5028.198,44,2,+2.050,+2.050
5031.575,44,2,+2.090,+2.090
5035.033,44,2,+2.156,+2.156
5037.036,44,2,+2.146,+2.146
5045.561,44,2,+2.352,+2.352
5050.941,44,2,+2.337,+2.337
5054.285,44,2,+2.348,+2.348
5057.562,44,2,+2.392,+2.392
5059.799,44,2,+2.376,+2.376
5062.212,44,2,+2.408,+2.408
5062.916,44,2,+2.418,+2.418
5066.433,44,2,+2.442,+2.442
5069.289,44,2,+2.459,+2.459
5071.7,44,2,+2.511,+2.511
5076.597,44,2,+2.390,+2.390
5079.733,44,2,+2.328,+2.328
5083.598,44,2,+2.360,+2.360
5086.476,44,2,+2.417,+2.417
5090.343,44,2,+2.252,+2.252
5096.24,44,2,+2.212,+2.212
5101.855,44,2,+2.072,+2.072
5106.058,44,2,+2.069,+2.069
5111.042,44,2,+2.071,+2.071
5114.361,44,2,+1.974,+1.974
5117.897,44,2,+2.004,+2.004
5119.896,44,2,+1.980,+1.980
5128.274,44,2,+2.019,+2.019
5133.757,44,2,+2.033,+2.033
5137.013,44,2,+1.972,+1.972
5140.376,44,2,+1.994,+1.994
5142.653,44,2,+2.000,+2.000
5145.12,44,2,+2.078,+2.078
5145.823,44,2,+2.090,+2.090
5149.334,44,2,+2.084,+2.084
5152.142,44,2,+2.069,+2.069
5154.562,44,2,+2.070,+2.070
5159.662,44,2,+2.243,+2.243
5162.878,44,2,+2.332,+2.332
5166.814,44,2,+2.399,+2.399
5169.636,44,2,+2.444,+2.444
5173.534,44,2,+2.277,+2.277
5179.474,44,2,+2.343,+2.343
5185.017,44,2,+2.238,+2.238
5189.168,44,2,+2.164,+2.164
5194.198,44,2,+2.193,+2.193
5197.536,44,2,+2.201,+2.201
5201.052,44,2,+2.306,+2.306
5203.063,44,2,+2.308,+2.308
5211.419,44,2,+2.214,+2.214
5216.737,44,2,+2.226,+2.226
5220.001,44,2,+2.167,+2.167
5223.382,44,2,+2.203,+2.203
5225.584,44,2,+2.178,+2.178
5228.021,44,2,+2.170,+2.170
5228.709,44,2,+2.176,+2.176
5232.264,44,2,+2.206,+2.206
5235.107,44,2,+2.239,+2.239
5237.524,44,2,+2.265,+2.265
5242.455,44,2,+2.259,+2.259
5245.636,44,2,+2.266,+2.266
5249.527,44,2,+2.264,+2.264
5252.417,44,2,+2.318,+2.318
5256.309,44,2,+2.095,+2.095
5262.279,44,2,+2.154,+2.154
5267.893,44,2,+2.058,+2.058
5272.112,44,2,+2.104,+2.104
5277.254,44,2,+2.115,+2.115
5280.661,44,2,+2.207,+2.207
5284.194,44,2,+2.257,+2.257
5286.22,44,2,+2.309,+2.309
5294.602,44,2,+2.370,+2.370
5299.977,44,2,+2.340,+2.340
5303.239,44,2,+2.287,+2.287
5306.625,44,2,+2.371,+2.371
5308.892,44,2,+2.376,+2.376
5311.298,44,2,+2.404,+2.404
5311.985,44,2,+2.415,+2.415
5315.54,44,2,+2.445,+2.445
5318.372,44,2,+2.470,+2.470
5320.843,44,2,+2.574,+2.574
5325.808,44,2,+2.600,+2.600
5328.964,44,2,+2.576,+2.576
5332.846,44,2,+2.627,+2.627
5335.73,44,2,+2.679,+2.679
5339.617,44,2,+2.501,+2.501
5345.567,44,2,+2.597,+2.597
5351.239,44,2,+2.476,+2.476
5355.457,44,2,+2.502,+2.502
5360.489,44,2,+2.544,+2.544
5363.817,44,2,+2.551,+2.551
5367.447,44,2,+2.653,+2.653
5369.483,44,2,+2.666,+2.666
5377.853,44,2,+2.700,+2.700
5383.214,44,2,+2.720,+2.720
5386.509,44,2,+2.691,+2.691
5389.938,44,2,+2.774,+2.774
5392.201,44,2,+2.777,+2.777
5394.627,44,2,+2.828,+2.828
5395.362,44,2,+2.838,+2.838
5398.845,44,2,+2.854,+2.854
5404.07,44,2,+2.850,+2.850
5409.054,44,2,+2.805,+2.805
5412.332,44,2,+2.874,+2.874
5416.239,44,2,+2.963,+2.963
5419.11,44,2,+2.992,+2.992
5423.002,44,2,+2.836,+2.836
5428.877,44,2,+2.850,+2.850
5434.53,44,2,+2.781,+2.781
5438.696,44,2,+2.747,+2.747
5443.815,44,2,+2.808,+2.808
5447.237,44,2,+2.855,+2.855
5450.78,44,2,+2.917,+2.917
5452.766,44,2,+2.872,+2.872
5461.088,44,2,+2.813,+2.813
5466.459,44,2,+2.811,+2.811
5469.69,44,2,+2.712,+2.712
5473.106,44,2,+2.788,+2.788
5479.643,44,3,+2.788,+2.788
5481.571,44,4,+2.788,+2.788
5493.826,44,5,+2.788,+2.788
5495.667,44,6,+2.788,+2.788
5504.896,44,7,+2.788,+2.788
5507.568,44,7,+25.585,+2.525
5510.267,44,7,+25.957,+2.908
5515.39,44,7,+26.093,+3.069
5518.454,44,7,+25.912,+2.832
5522.125,44,7,+25.776,+2.521
5525.032,44,7,+25.868,+2.575
5528.852,44,7,+25.580,+2.370
5534.524,44,7,+25.276,+2.167
5539.867,44,7,+24.824,+1.772
5543.903,44,7,+24.678,+1.652
5548.688,44,7,+24.510,+1.439
5551.941,44,7,+24.378,+1.307
5555.341,44,7,+24.327,+1.190
5557.378,44,7,+24.326,+1.171
5565.251,44,7,+23.849,+0.859
5570.268,44,7,+23.478,+0.556
5573.484,44,7,+23.387,+0.528
5576.862,44,7,+23.431,+0.431
5579.13,44,7,+23.452,+0.386
5581.512,44,7,+23.412,+0.297
5582.277,44,7,+23.399,+0.282
5585.608,44,7,+23.292,+0.274
5588.414,44,7,+23.252,+0.382
5590.846,44,7,+23.270,+0.468
5595.727,44,7,+23.221,+0.320
5598.819,44,7,+23.135,+0.111
5602.46,44,6,+23.135,+0.111
5602.554,44,6,+23.083,+6.458
5605.423,44,6,+23.138,+6.431
5609.406,44,6,+23.063,+6.411
5615.092,44,6,+22.831,+6.285
5620.452,44,6,+22.582,+5.926
5624.561,44,6,+22.490,+5.793
5629.407,44,6,+22.303,+5.568
5632.645,44,6,+22.190,+5.421
5636.027,44,6,+22.094,+5.223
5638.067,44,6,+22.087,+5.215
5646.026,44,6,+21.623,+4.995
5651.123,44,6,+21.226,+4.742
5654.342,44,6,+21.036,+4.597
5657.615,44,6,+20.956,+4.552
5659.803,44,6,+20.884,+4.552
5662.145,44,6,+20.826,+4.552
5662.866,44,6,+20.824,+1.893
5666.27,44,5,+20.824,+1.893
5666.34,44,5,+20.833,+4.410
5669.262,44,5,+20.916,+4.447
5671.799,44,5,+21.075,+4.598
5676.533,44,5,+20.824,+4.449
5679.643,44,5,+20.731,+4.293
5683.44,44,5,+20.614,+4.215
5686.315,44,5,+20.681,+4.219
5690.1,44,5,+20.405,+4.060
5695.883,44,5,+20.198,+4.017
5701.315,44,5,+19.853,+3.817
5705.424,44,5,+19.742,+3.757
5710.268,44,5,+19.530,+3.572
5713.534,44,5,+19.439,+3.489
5716.893,44,5,+19.348,+3.375
5718.936,44,5,+19.367,+3.387
5727.034,44,5,+18.940,+3.246
5732.002,44,5,+18.478,+2.994
5735.205,44,5,+18.322,+2.845
5738.542,44,5,+18.245,+2.811
5740.687,44,5,+18.156,+2.695
5743.056,44,5,+18.088,+2.651
5743.79,44,5,+18.087,+2.642
5747.29,44,5,+18.120,+2.618
5750.103,44,5,+18.175,+2.605
5752.509,44,5,+18.197,+2.621
5757.214,44,5,+17.906,+2.400
5760.331,44,5,+17.773,+2.223
5764.026,44,5,+17.663,+2.057
5766.97,44,5,+17.734,+2.043
5770.731,44,5,+17.363,+1.840
5776.508,44,5,+17.228,+1.840
5781.962,44,5,+16.928,+1.647
5786.12,44,5,+16.845,+1.629
5791.001,44,5,+16.676,+1.518
5794.225,44,5,+16.491,+1.389
5797.635,44,5,+16.425,+1.288
5799.623,44,5,+16.424,+1.288
5807.597,44,5,+15.941,+1.071
5812.675,44,5,+15.601,+0.789
5815.869,44,5,+15.471,+0.688
5819.164,44,5,+15.468,+0.644
5821.366,44,5,+15.468,+0.567
5823.784,44,5,+15.485,+0.525
5824.48,44,5,+15.487,+0.514
5827.885,44,5,+15.451,+0.388
5830.609,44,5,+15.432,+0.179
5832.929,44,4,+15.432,+0.179
5832.976,44,4,+15.428,+10.680
5837.773,44,4,+15.247,+10.559
5840.897,44,4,+15.188,+10.396
5844.616,44,4,+15.078,+10.217
5847.569,44,4,+15.088,+10.325
5851.257,44,4,+14.787,+10.023
5857.116,44,4,+14.706,+9.839
5862.507,44,4,+14.409,+9.473
5866.601,44,4,+14.221,+9.352
5871.523,44,4,+14.179,+9.127
5874.867,44,4,+14.168,+9.047
5878.257,44,4,+14.124,+8.895
5880.242,44,4,+14.105,+8.827
5888.304,44,4,+13.797,+8.627
5893.476,44,4,+13.546,+8.420
5896.773,44,4,+13.482,+8.404
5900.086,44,4,+13.437,+8.385
5902.242,44,4,+13.431,+8.269
5904.633,44,4,+13.451,+8.202
5905.368,44,4,+13.458,+8.199
5908.838,44,4,+13.474,+8.265
5911.711,44,4,+13.486,+8.387
5914.106,44,4,+13.542,+8.415
5918.829,44,4,+12.918,+8.134
5921.938,44,4,+12.650,+8.002
5925.685,44,4,+12.590,+7.823
5928.554,44,4,+12.568,+7.855
5932.429,44,4,+12.357,+7.748
5938.241,44,4,+12.247,+7.635
5943.648,44,4,+11.994,+7.445
5947.82,44,4,+11.927,+7.387
5952.773,44,4,+11.858,+7.258
5956.07,44,4,+11.801,+7.206
5959.492,44,4,+11.760,+7.112
5961.476,44,4,+11.759,+7.032
5969.507,44,4,+11.490,+6.870
5974.643,44,4,+11.195,+6.646
5977.846,44,4,+11.080,+6.635
5981.148,44,4,+11.117,+6.592
5983.351,44,4,+11.101,+6.546
5985.727,44,4,+11.096,+6.443
5986.383,44,4,+11.098,+6.427
5989.916,44,4,+11.087,+6.375
5992.749,44,4,+11.064,+6.334
5995.077,44,4,+11.049,+6.326
5999.875,44,4,+10.789,+6.166
6002.972,44,4,+10.707,+6.058
6006.752,44,4,+10.672,+5.926
6009.643,44,4,+10.694,+5.998
6013.44,44,4,+10.517,+5.824
6019.204,44,4,+10.469,+5.682
6024.662,44,4,+10.179,+5.409
6028.808,44,4,+10.098,+5.368
6033.668,44,4,+10.013,+5.193
6036.918,44,4,+9.896,+5.069
6040.308,44,4,+9.865,+4.942
6042.308,44,4,+9.879,+4.888
6050.402,44,4,+9.669,+4.727
6055.662,44,4,+9.456,+4.497
6058.787,44,4,+9.353,+4.430
6062.043,44,4,+9.388,+4.379
6064.386,44,4,+9.386,+4.314
6066.667,44,4,+9.400,+4.270
6067.385,44,4,+9.403,+4.266
6070.886,44,4,+9.391,+4.240
6073.682,44,4,+9.374,+4.221
6076.01,44,4,+9.339,+4.230
6080.807,44,4,+9.116,+3.965
6083.87,44,4,+9.001,+3.801
6087.745,44,4,+8.976,+3.559
6090.698,44,4,+9.038,+3.619
6094.507,44,4,+8.854,+3.431
6100.302,44,4,+8.749,+3.336
6105.701,44,4,+8.480,+3.142
6109.858,44,4,+8.402,+3.097
6114.773,44,4,+8.305,+3.022
6118.029,44,4,+8.151,+2.933
6121.432,44,4,+8.123,+2.807
6123.432,44,4,+8.133,+2.748
6131.51,44,4,+7.872,+2.625
6136.784,44,4,+7.659,+2.425
6139.936,44,4,+7.568,+2.373
6143.225,44,4,+7.630,+2.204
6145.436,44,4,+7.614,+2.204
6147.809,44,4,+7.625,+2.204
6148.536,44,3,+7.625,+2.204
6148.546,44,3,+7.633,+7.051
6152.054,44,3,+7.662,+7.190
6154.916,44,3,+7.693,+7.381
6157.288,44,3,+7.735,+7.384
6162.053,44,3,+7.403,+7.011
6165.158,44,3,+7.229,+6.820
6168.954,44,3,+7.161,+6.657
6171.86,44,3,+7.134,+6.620
6175.559,44,3,+6.842,+6.339
6181.325,44,3,+6.672,+6.139
6186.919,44,3,+6.433,+5.857
6191.075,44,3,+6.344,+5.791
6195.997,44,3,+6.232,+5.581
6199.247,44,3,+6.162,+5.447
6202.688,44,3,+6.136,+5.388
6204.729,44,3,+6.187,+5.451
6212.774,44,3,+5.813,+5.229
6217.942,44,3,+5.492,+5.123
6221.183,44,3,+5.407,+5.056
6224.467,44,3,+5.259,+4.989
6226.674,44,3,+4.885,+4.989
6229.039,44,3,+4.853,+4.989
6229.748,44,3,+4.854,+1.123
6233.192,44,2,+4.854,+1.123
6233.27,44,2,+4.932,+4.932
6236.145,44,2,+5.067,+5.067
6238.567,44,2,+5.152,+5.152
6243.265,44,2,+4.941,+4.941
6246.346,44,2,+4.822,+4.822
6250.109,44,2,+4.725,+4.725
6252.93,44,2,+4.731,+4.731
6256.68,44,2,+4.601,+4.601
6262.461,44,2,+4.573,+4.573
6267.945,44,2,+4.380,+4.380
6272.07,44,2,+4.382,+4.382
6277.045,44,2,+4.216,+4.216
6280.249,44,2,+4.129,+4.129
6283.677,44,2,+4.096,+4.096
6285.711,44,2,+4.084,+4.084
6293.732,44,2,+4.003,+4.003
6298.935,44,2,+3.927,+3.927
6302.17,44,2,+3.915,+3.915
6305.436,44,2,+3.752,+3.752
6310.748,44,2,+0.140,+0.140
6314.201,44,1,LAP 38,LAP 38
6392.127,44,1,LAP 39,LAP 39
6473.938,44,1,LAP 40,LAP 40
6555.634,44,1,LAP 41,LAP 41
6666.47,44,1,LAP 42,LAP 42
6767.577,44,1,LAP 43,LAP 43
6847.93,44,1,LAP 44,LAP 44
6928.038,44,1,LAP 45,LAP 45
7008.129,44,1,LAP 46,LAP 46
7088.486,44,1,LAP 47,LAP 47
7168.658,44,1,LAP 48,LAP 48
7248.977,44,1,LAP 49,LAP 49
7329.879,44,1,LAP 50,LAP 50
7410.178,44,1,LAP 51,LAP 51
7491.149,44,1,LAP 52,LAP 52
7571.939,44,1,LAP 53,LAP 53
7653.218,44,1,LAP 54,LAP 54
7734.165,44,1,LAP 55,LAP 55
7815.364,44,1,LAP 56,LAP 56
7896.327,44,1,LAP 57,LAP 57
7977.723,44,1,LAP 58,LAP 58
8059.216,44,1,LAP 59,LAP 59
8140.384,44,1,LAP 60,LAP 60
8221.551,44,1,LAP 61,LAP 61
8302.909,44,1,LAP 62,LAP 62
8384.312,44,1,LAP 63,LAP 63
8487.406,44,1,LAP 64,LAP 64
8594.661,44,1,LAP 65,LAP 65
8687.388,44,1,LAP 66,LAP 66
6.86,12,3,,
3228.027,12,3,+0.268,+0.079
3231.433,12,3,+0.264,+0.089
3234.183,12,3,+0.402,+0.263
3239.621,12,3,+0.632,+0.410
3242.754,12,3,+0.633,+0.483
3246.528,12,3,+0.752,+0.498
3249.444,12,3,+0.723,+0.410
3253.689,12,3,+1.061,+0.540
3259.324,12,3,+1.168,+0.427
3264.969,12,3,+1.356,+0.538
3269.207,12,3,+1.460,+0.567
3274.131,12,3,+1.771,+0.637
3277.459,12,3,+1.791,+0.656
3280.886,12,3,+1.828,+0.622
3282.794,12,3,+1.806,+0.603
3290.901,12,3,+2.019,+0.786
3296.044,12,3,+2.171,+0.915
3299.325,12,3,+2.161,+0.937
3302.591,12,3,+2.104,+0.895
3304.779,12,3,+2.108,+0.930
3307.185,12,3,+2.091,+0.877
3307.825,12,3,+2.079,+0.858
3311.263,12,3,+1.926,+0.725
3313.951,12,3,+1.766,+0.584
3316.366,12,3,+1.799,+0.635
3321.413,12,3,+2.059,+0.763
3324.554,12,3,+2.044,+0.661
3328.351,12,3,+2.097,+0.688
3331.284,12,3,+2.101,+0.612
3335.408,12,3,+2.364,+0.793
3341.242,12,3,+2.465,+0.760
3346.929,12,3,+2.627,+0.944
3351.148,12,3,+2.652,+0.951
3356.085,12,3,+2.765,+0.982
3359.447,12,3,+2.763,+1.085
3362.839,12,3,+2.717,+1.032
3364.807,12,3,+2.693,+0.985
3372.933,12,3,+2.782,+1.055
3378.058,12,3,+2.818,+1.182
3381.292,12,3,+2.780,+1.181
3384.589,12,3,+2.628,+1.173
3386.891,12,3,+2.603,+1.202
3389.198,12,3,+2.613,+1.199
3389.861,12,3,+2.608,+1.190
3393.351,12,3,+2.565,+1.150
3396.161,12,3,+2.514,+1.079
3398.618,12,3,+2.548,+1.061
3403.683,12,3,+2.778,+1.276
3406.886,12,3,+2.794,+1.240
3410.652,12,3,+2.890,+1.335
3413.621,12,3,+2.912,+1.234
3417.589,12,3,+3.015,+1.262
3423.371,12,3,+2.980,+1.153
3428.933,12,3,+3.055,+1.243
3433.137,12,3,+3.065,+1.216
3438.09,12,3,+3.197,+1.255
3441.402,12,3,+3.191,+1.298
3444.84,12,3,+3.230,+1.266
3446.793,12,3,+3.205,+1.189
3454.809,12,3,+3.121,+1.082
3460.027,12,3,+3.162,+1.147
3463.231,12,3,+3.103,+1.143
3466.684,12,3,+3.148,+1.175
3468.887,12,3,+3.212,+1.245
3471.293,12,3,+3.246,+1.247
3471.996,12,3,+3.249,+1.240
3475.496,12,3,+3.220,+1.198
3478.278,12,3,+3.169,+1.131
3480.684,12,3,+3.166,+1.071
3485.709,12,3,+3.338,+1.226
3488.852,12,3,+3.304,+1.189
3492.634,12,3,+3.288,+1.204
3495.545,12,3,+3.298,+1.094
3499.59,12,3,+3.499,+1.145
3505.409,12,3,+3.442,+0.984
3510.979,12,3,+3.433,+0.987
3515.197,12,3,+3.451,+0.986
3520.182,12,3,+3.573,+1.137
3523.526,12,3,+3.540,+1.150
3526.979,12,3,+3.548,+1.100
3528.969,12,3,+3.528,+0.989
3537.006,12,3,+3.430,+0.841
3542.299,12,3,+3.443,+0.911
3545.542,12,3,+3.395,+0.884
3548.949,12,3,+3.385,+0.873
3551.163,12,3,+3.439,+0.915
3553.565,12,3,+3.477,+0.941
3554.242,12,3,+3.476,+0.932
3557.712,12,3,+3.363,+0.811
3560.423,12,3,+3.200,+0.635
3562.807,12,3,+3.209,+0.572
3567.826,12,3,+3.377,+0.740
3570.987,12,3,+3.296,+0.700
3574.858,12,3,+3.347,+0.781
3577.863,12,3,+3.411,+0.735
3581.863,12,3,+3.530,+0.860
3587.83,12,3,+3.540,+0.851
3593.422,12,3,+3.492,+0.930
3597.696,12,3,+3.540,+0.979
3602.637,12,3,+3.570,+1.061
3605.955,12,3,+3.541,+1.088
3609.437,12,3,+3.545,+1.032
3611.379,12,3,+3.529,+0.926
3619.42,12,3,+3.409,+0.880
3624.764,12,3,+3.527,+1.028
3628.076,12,3,+3.519,+1.105
3631.364,12,3,+3.448,+1.064
3633.618,12,3,+3.474,+1.083
3636.004,12,3,+3.498,+1.087
3636.739,12,3,+3.497,+1.078
3640.207,12,3,+3.463,+1.030
3643.301,12,3,+3.379,+0.957
3645.442,12,3,+3.371,+0.901
3650.541,12,3,+3.503,+1.065
3653.722,12,3,+3.425,+1.010
3657.514,12,3,+3.446,+1.001
3660.45,12,3,+3.516,+0.904
3664.466,12,3,+3.643,+1.057
3670.394,12,3,+3.693,+0.982
3676.029,12,3,+3.709,+1.025
3680.228,12,3,+3.770,+1.029
3685.242,12,3,+3.910,+1.112
3688.589,12,3,+3.937,+1.127
3692.066,12,3,+3.967,+1.123
3694.054,12,3,+3.915,+1.030
3702.167,12,3,+3.914,+0.994
3707.605,12,3,+4.016,+1.075
3710.902,12,3,+3.988,+1.132
3714.277,12,3,+3.963,+1.116
3716.605,12,3,+3.997,+1.180
3719.027,12,3,+4.018,+1.190
3719.683,12,3,+4.016,+1.180
3723.23,12,3,+3.979,+1.135
3725.996,12,3,+3.930,+1.078
3728.417,12,3,+3.961,+1.045
3733.59,12,3,+4.188,+1.262
3736.765,12,3,+4.180,+1.287
3740.64,12,3,+4.191,+1.356
3743.624,12,3,+4.284,+1.359
3747.687,12,3,+4.459,+1.569
3753.577,12,3,+4.471,+1.525
3759.265,12,3,+4.542,+1.551
3763.504,12,3,+4.563,+1.536
3768.476,12,3,+4.673,+1.634
3771.822,12,3,+4.670,+1.669
3775.308,12,3,+4.661,+1.634
3777.284,12,3,+4.582,+1.562
3785.409,12,3,+4.481,+1.408
3790.784,12,3,+4.512,+1.418
3794.069,12,3,+4.498,+1.442
3797.409,12,3,+4.418,+1.389
3799.675,12,3,+4.401,+1.405
3802.096,12,3,+4.418,+1.349
3802.815,12,3,+4.417,+1.331
3806.269,12,3,+4.381,+1.263
3809.115,12,3,+4.330,+1.202
3811.521,12,3,+4.375,+1.205
3816.646,12,3,+4.498,+1.409
3819.884,12,3,+4.513,+1.467
3823.81,12,3,+4.595,+1.573
3826.859,12,3,+4.699,+1.607
3830.805,12,3,+4.799,+1.791
3836.76,12,3,+4.802,+1.687
3842.463,12,3,+4.794,+1.740
3846.761,12,3,+4.911,+1.770
3851.825,12,3,+4.974,+1.810
3855.188,12,3,+4.998,+1.849
3858.735,12,3,+5.004,+1.776
3860.75,12,3,+4.943,+1.728
3868.907,12,3,+4.870,+1.588
3874.382,12,3,+4.941,+1.681
3877.757,12,3,+4.934,+1.733
3881.1,12,3,+4.893,+1.711
3883.397,12,3,+4.919,+1.734
3885.851,12,3,+4.921,+1.743
3886.522,12,3,+4.921,+1.737
3890.07,12,3,+4.901,+1.703
3892.876,12,3,+4.863,+1.655
3895.266,12,3,+4.868,+1.646
3900.407,12,3,+4.940,+1.775
3903.563,12,3,+4.880,+1.734
3907.517,12,3,+4.895,+1.752
3910.485,12,3,+4.980,+1.791
3914.485,12,3,+5.068,+1.913
3920.439,12,3,+5.018,+1.857
3926.153,12,3,+5.034,+1.911
3930.434,12,3,+5.135,+1.939
3935.467,12,3,+5.273,+2.040
3938.867,12,3,+5.329,+2.089
3942.394,12,3,+5.355,+2.070
3944.379,12,3,+5.312,+2.024
3952.527,12,3,+5.217,+1.811
3957.936,12,3,+5.301,+1.815
3961.295,12,3,+5.291,+1.845
3964.623,12,3,+5.225,+1.759
3966.977,12,3,+5.249,+1.797
3969.398,12,3,+5.279,+1.836
3970.086,12,3,+5.283,+1.835
3973.633,12,3,+5.270,+1.808
3976.492,12,3,+5.239,+1.761
3978.914,12,3,+5.285,+1.761
3984.024,12,3,+5.436,+1.915
3987.414,12,3,+5.408,+1.927
3991.196,12,3,+5.468,+1.928
3994.117,12,3,+5.566,+1.957
3998.149,12,3,+5.659,+2.088
4004.119,12,3,+5.592,+2.072
4009.802,12,3,+5.590,+2.139
4014.068,12,3,+5.687,+2.197
4019.115,12,3,+5.709,+2.240
4022.489,12,3,+5.737,+2.266
4026.021,12,3,+5.696,+2.247
4028.021,12,3,+5.662,+2.206
4036.365,12,3,+5.690,+2.135
4041.912,12,3,+5.759,+2.184
4045.224,12,3,+5.741,+2.243
4048.583,12,3,+5.645,+2.101
4050.834,12,3,+5.643,+2.132
4053.287,12,3,+5.654,+2.145
4053.974,12,3,+5.655,+2.141
4057.49,12,3,+5.636,+2.111
4060.349,12,3,+5.604,+2.066
4062.724,12,3,+5.609,+2.051
4067.87,12,3,+5.639,+2.009
4071.09,12,3,+5.608,+1.996
4074.981,12,3,+5.617,+1.989
4077.962,12,3,+5.717,+2.028
4081.992,12,3,+5.799,+2.151
4087.982,12,3,+5.763,+2.167
4093.668,12,3,+5.748,+2.272
4097.936,12,3,+5.788,+2.313
4102.943,12,3,+5.819,+2.337
4106.285,12,3,+5.765,+2.344
4109.756,12,3,+5.733,+2.294
4111.772,12,3,+5.696,+2.264
4119.955,12,3,+5.561,+2.150
4125.39,12,3,+5.608,+2.200
4128.812,12,3,+5.689,+2.317
4132.219,12,3,+5.648,+2.010
4134.453,12,3,+5.584,+2.010
4136.906,12,3,+5.546,+2.010
4137.578,12,2,+5.546,+2.010
4137.594,12,2,+5.540,+5.540
4141.109,12,2,+5.527,+5.527
4143.955,12,2,+5.518,+5.518
4146.337,12,2,+5.488,+5.488
4151.338,12,2,+5.440,+5.440
4154.541,12,2,+5.353,+5.353
4158.384,12,2,+5.334,+5.334
4161.353,12,2,+5.417,+5.417
4165.354,12,2,+5.409,+5.409
4171.288,12,2,+5.330,+5.330
4176.966,12,2,+5.284,+5.284
4181.263,12,2,+5.362,+5.362
4186.309,12,2,+5.394,+5.394
4189.653,12,2,+5.355,+5.355
4193.169,12,2,+5.357,+5.357
4195.169,12,2,+5.313,+5.313
4203.325,12,2,+5.169,+5.169
4208.716,12,2,+5.164,+5.164
4212.091,12,2,+5.225,+5.225
4215.482,12,2,+5.090,+5.090
4220.919,12,2,+1.453,+1.453
4224.419,12,1,LAP 13,LAP 13
4304.517,12,1,LAP 14,LAP 14
4391.495,12,1,LAP 15,LAP 15
4399.401,12,2,LAP 15,LAP 15
4405.698,12,3,LAP 15,LAP 15
4407.479,12,4,LAP 15,LAP 15
4416.557,12,4,+14.170,+6.102
4419.323,12,4,+14.508,+6.364
4424.667,12,4,+14.753,+6.905
4427.87,12,4,+14.618,+6.968
4431.667,12,4,+14.402,+6.982
4434.473,12,4,+14.302,+6.897
4438.287,12,4,+14.152,+6.931
4444.07,12,4,+14.011,+6.795
4449.583,12,4,+13.817,+6.799
4453.694,12,4,+13.752,+6.708
4458.575,12,4,+13.588,+6.658
4461.846,12,4,+13.446,+6.668
4465.308,12,4,+13.368,+6.669
4467.39,12,4,+13.406,+6.672
4475.356,12,4,+13.032,+6.392
4480.518,12,4,+12.803,+6.402
4483.792,12,4,+12.732,+6.420
4487.101,12,4,+12.615,+6.471
4489.301,12,4,+12.528,+6.493
4491.705,12,4,+12.492,+6.511
4492.393,12,4,+12.480,+6.511
4495.94,12,4,+12.447,+6.523
4498.784,12,4,+12.387,+6.515
4501.174,12,4,+12.301,+6.482
4506.071,12,4,+12.166,+6.513
4509.176,12,4,+11.931,+6.416
4512.995,12,4,+11.796,+6.423
4515.934,12,4,+11.794,+6.368
4519.872,12,4,+11.754,+6.481
4525.627,12,4,+11.621,+6.409
4531.252,12,4,+11.498,+6.508
4535.486,12,4,+11.541,+6.543
4540.452,12,4,+11.352,+6.565
4543.776,12,4,+11.278,+6.641
4547.213,12,4,+11.195,+6.603
4549.195,12,4,+11.157,+6.567
4557.202,12,4,+10.882,+6.324
4562.457,12,4,+10.682,+6.377
4565.734,12,4,+10.644,+6.366
4569.031,12,4,+7.963,+6.336
4571.265,12,4,+7.979,+6.353
4573.718,12,4,+8.017,+6.353
4574.405,12,4,+8.023,+6.363
4577.866,12,3,+8.023,+6.363
4577.95,12,3,+8.033,+6.416
4580.793,12,3,+8.035,+6.503
4583.168,12,3,+7.996,+6.504
4588.07,12,3,+7.995,+6.488
4591.195,12,3,+7.947,+6.381
4595.049,12,3,+8.020,+6.406
4598.008,12,3,+8.138,+6.415
4601.881,12,3,+8.071,+6.444
4607.675,12,3,+8.038,+6.322
4613.322,12,3,+8.108,+6.440
4617.531,12,3,+8.165,+6.463
4622.456,12,3,+8.212,+6.493
4625.741,12,3,+8.252,+6.539
4629.22,12,3,+8.314,+6.549
4631.199,12,3,+8.289,+6.527
4639.168,12,3,+8.087,+6.252
4644.375,12,3,+8.071,+6.248
4647.719,12,3,+8.102,+6.259
4650.969,12,3,+8.072,+6.209
4653.204,12,3,+8.106,+6.243
4655.609,12,3,+8.155,+6.267
4656.34,12,3,+8.162,+6.267
4659.84,12,3,+8.176,+6.267
4662.688,12,3,+8.176,+6.259
4665.012,12,3,+8.127,+6.145
4669.919,12,3,+8.055,+6.177
4673.044,12,3,+8.021,+6.146
4676.817,12,3,+8.060,+6.169
4679.773,12,3,+8.177,+6.223
4683.629,12,3,+8.091,+6.285
4689.41,12,3,+7.997,+6.116
4695.016,12,3,+7.986,+6.206
4699.219,12,3,+8.055,+6.247
4704.157,12,3,+8.017,+6.238
4707.518,12,3,+8.021,+6.264
4710.922,12,3,+8.039,+6.196
4712.938,12,3,+7.992,+6.167
4720.875,12,3,+7.812,+5.940
4726.079,12,3,+7.757,+5.871
4729.391,12,3,+7.739,+5.879
4732.657,12,3,+7.700,+5.813
4734.876,12,3,+7.688,+5.778
4737.251,12,3,+7.691,+5.743
4737.969,12,3,+7.691,+5.734
4741.485,12,3,+7.686,+5.717
4744.298,12,3,+7.673,+5.696
4746.673,12,3,+7.661,+5.573
4751.594,12,3,+7.662,+5.636
4754.719,12,3,+7.640,+5.622
4758.563,12,3,+7.635,+5.630
4761.595,12,3,+7.731,+5.697
4765.407,12,3,+7.655,+5.750
4771.204,12,3,+7.554,+5.593
4776.813,12,3,+7.520,+5.615
4781.032,12,3,+7.548,+5.578
4785.907,12,3,+7.546,+5.571
4789.24,12,3,+7.545,+5.561
4792.686,12,3,+7.539,+5.522
4794.655,12,3,+7.500,+5.478
4802.66,12,3,+7.255,+5.228
4807.898,12,3,+7.130,+5.140
4811.194,12,3,+7.111,+5.157
4814.532,12,3,+7.098,+5.158
4816.774,12,3,+7.126,+5.198
4819.162,12,3,+7.162,+5.196
4819.853,12,3,+7.166,+5.191
4823.389,12,3,+7.169,+5.180
4826.217,12,3,+7.159,+5.165
4828.608,12,3,+7.130,+5.061
4833.475,12,3,+7.108,+5.087
4836.575,12,3,+7.036,+5.050
4840.449,12,3,+7.065,+5.081
4843.293,12,3,+7.108,+5.057
4847.215,12,3,+7.027,+5.072
4852.965,12,3,+6.896,+4.924
4858.636,12,3,+6.889,+4.999
4862.773,12,3,+6.856,+4.945
4867.987,12,3,+6.894,+4.956
4871.064,12,3,+6.896,+4.937
4874.546,12,3,+6.930,+4.902
4876.596,12,3,+6.947,+4.892
4884.732,12,3,+6.802,+4.707
4889.901,12,3,+6.673,+4.635
4893.168,12,3,+6.640,+4.625
4896.522,12,3,+6.645,+4.582
4898.78,12,3,+6.657,+4.612
4901.21,12,3,+6.697,+4.624
4901.907,12,3,+6.702,+4.622
4905.438,12,3,+6.711,+4.615
4908.279,12,3,+6.710,+4.601
4910.624,12,3,+6.695,+4.494
4915.608,12,3,+6.647,+4.545
4918.753,12,3,+6.605,+4.528
4922.593,12,3,+6.588,+4.520
4925.438,12,3,+6.601,+4.495
4929.236,12,3,+6.481,+4.516
4935.153,12,3,+6.472,+4.477
4940.811,12,3,+6.481,+4.508
4944.919,12,3,+6.460,+4.452
4949.915,12,3,+6.568,+4.468
4953.243,12,3,+6.546,+4.461
4956.747,12,3,+6.595,+4.435
4958.779,12,3,+6.627,+4.466
4966.972,12,3,+6.403,+4.199
4972.105,12,3,+6.287,+4.061
4975.377,12,3,+6.256,+4.077
4978.72,12,3,+6.271,+4.074
4981.001,12,3,+6.298,+4.106
4983.435,12,3,+6.337,+4.098
4984.109,12,3,+6.342,+4.090
4987.633,12,3,+6.356,+4.079
4990.469,12,3,+6.362,+4.070
4992.837,12,3,+6.334,+3.974
4997.749,12,3,+6.338,+4.019
5000.897,12,3,+6.315,+4.003
5004.709,12,3,+6.349,+4.034
5007.584,12,3,+6.373,+4.019
5011.356,12,3,+6.194,+4.018
5017.216,12,3,+6.111,+3.922
5022.955,12,3,+6.052,+4.040
5027.182,12,3,+5.982,+3.971
5032.114,12,3,+5.955,+3.905
5035.432,12,3,+5.957,+3.867
5038.876,12,3,+6.001,+3.845
5040.931,12,3,+6.021,+3.875
5049.05,12,3,+5.831,+3.479
5054.316,12,3,+5.724,+3.387
5057.538,12,3,+5.692,+3.344
5060.907,12,3,+5.729,+3.337
5063.154,12,3,+5.740,+3.364
5065.56,12,3,+5.774,+3.366
5066.271,12,3,+5.778,+3.360
5069.79,12,3,+5.787,+3.345
5072.613,12,3,+5.788,+3.329
5075.008,12,3,+5.811,+3.300
5079.996,12,3,+5.768,+3.378
5083.129,12,3,+5.679,+3.351
5087.049,12,3,+5.748,+3.388
5089.875,12,3,+5.784,+3.367
5093.728,12,3,+5.725,+3.473
5099.654,12,3,+5.616,+3.404
5105.355,12,3,+5.611,+3.539
5109.5,12,3,+5.520,+3.451
5114.566,12,3,+5.534,+3.463
5117.876,12,3,+5.465,+3.491
5121.355,12,3,+5.494,+3.490
5123.406,12,3,+5.493,+3.513
5131.491,12,3,+5.207,+3.188
5136.676,12,3,+4.987,+2.954
5139.963,12,3,+4.917,+2.945
5143.314,12,3,+4.913,+2.919
5145.589,12,3,+4.939,+2.939
5148.026,12,3,+4.969,+2.891
5148.707,12,3,+4.974,+2.884
5152.224,12,3,+4.973,+2.889
5155.039,12,3,+4.959,+2.890
5157.423,12,3,+4.951,+2.881
5162.394,12,3,+4.928,+2.685
5165.518,12,3,+4.937,+2.605
5169.397,12,3,+5.020,+2.621
5172.247,12,3,+5.043,+2.599
5176.125,12,3,+4.959,+2.682
5182.007,12,3,+4.890,+2.547
5187.823,12,3,+5.025,+2.787
5191.992,12,3,+4.969,+2.805
5197.093,12,3,+5.089,+2.896
5200.474,12,3,+5.133,+2.932
5203.979,12,3,+5.236,+2.930
5206.054,12,3,+5.276,+2.968
5214.253,12,3,+5.118,+2.904
5219.503,12,3,+4.977,+2.751
5222.785,12,3,+4.946,+2.779
5226.131,12,3,+4.964,+2.761
5228.443,12,3,+5.005,+2.827
5230.863,12,3,+5.012,+2.842
5231.539,12,3,+5.014,+2.838
5235.069,12,3,+5.031,+2.825
5237.914,12,3,+5.043,+2.804
5240.266,12,3,+5.015,+2.750
5245.218,12,3,+4.983,+2.724
5248.34,12,3,+4.943,+2.677
5252.264,12,3,+4.956,+2.692
5255.121,12,3,+4.978,+2.660
5258.923,12,3,+4.782,+2.687
5264.902,12,3,+4.779,+2.625
5270.628,12,3,+4.817,+2.759
5274.825,12,3,+4.828,+2.724
5279.874,12,3,+4.746,+2.631
5283.178,12,3,+4.726,+2.519
5286.658,12,3,+4.739,+2.482
5288.673,12,3,+4.783,+2.474
5296.973,12,3,+4.705,+2.335
5302.236,12,3,+4.623,+2.283
5305.495,12,3,+4.558,+2.271
5308.861,12,3,+4.593,+2.222
5311.126,12,3,+4.626,+2.250
5313.564,12,3,+4.662,+2.258
5314.244,12,3,+4.665,+2.250
5317.766,12,3,+4.645,+2.200
5320.515,12,3,+4.607,+2.137
5322.89,12,3,+4.631,+2.057
5327.873,12,3,+4.639,+2.039
5331.019,12,3,+4.600,+2.024
5334.897,12,3,+4.661,+2.034
5337.759,12,3,+4.677,+1.998
5341.64,12,3,+4.586,+2.085
5347.625,12,3,+4.653,+2.056
5353.367,12,3,+4.625,+2.149
5357.535,12,3,+4.593,+2.091
5362.6,12,3,+4.631,+2.087
5365.911,12,3,+4.623,+2.072
5369.399,12,3,+4.619,+1.966
5371.38,12,3,+4.609,+1.943
5379.579,12,3,+4.445,+1.745
5384.86,12,3,+4.374,+1.654
5388.147,12,3,+4.329,+1.638
5391.476,12,3,+4.307,+1.533
5393.779,12,3,+4.340,+1.563
5396.179,12,3,+4.370,+1.542
5396.877,12,3,+4.371,+1.533
5400.358,12,3,+4.352,+1.498
5403.158,12,3,+4.318,+1.464
5405.517,12,3,+4.303,+1.453
5410.516,12,3,+4.235,+1.430
5413.696,12,3,+4.233,+1.359
5417.61,12,3,+4.303,+1.340
5420.417,12,3,+4.299,+1.307
5424.298,12,3,+4.182,+1.346
5430.241,12,3,+4.175,+1.325
5435.983,12,3,+4.249,+1.468
5440.166,12,3,+4.221,+1.474
5445.205,12,3,+4.210,+1.402
5448.549,12,3,+4.209,+1.354
5452.066,12,3,+4.209,+1.292
5454.079,12,3,+4.186,+1.314
5462.376,12,3,+4.111,+1.298
5467.69,12,3,+4.053,+1.242
5470.956,12,3,+3.966,+1.254
5474.261,12,3,+3.957,+1.169
5476.518,12,3,+3.967,+1.169
5478.928,12,3,+3.984,+1.169
5479.643,12,2,+3.984,+1.169
5479.643,12,2,+3.987,+3.987
5483.075,12,2,+3.937,+3.937
5485.829,12,2,+3.887,+3.887
5488.224,12,2,+3.902,+3.902
5493.111,12,2,+3.779,+3.779
5496.249,12,2,+3.687,+3.687
5500.062,12,2,+3.707,+3.707
5502.898,12,2,+3.715,+3.715
5506.771,12,2,+3.502,+3.502
5512.66,12,2,+3.405,+3.405
5518.375,12,2,+3.366,+3.366
5522.532,12,2,+3.322,+3.322
5527.571,12,2,+3.343,+3.343
5530.852,12,2,+3.292,+3.292
5534.336,12,2,+3.315,+3.315
5536.377,12,2,+3.321,+3.321
5544.524,12,2,+3.121,+3.121
5549.735,12,2,+2.950,+2.950
5552.976,12,2,+2.874,+2.874
5556.26,12,2,+2.844,+2.844
5558.556,12,2,+2.867,+2.867
5560.965,12,2,+2.870,+2.870
5561.668,12,2,+2.866,+2.866
5565.173,12,2,+2.836,+2.836
5567.985,12,2,+2.797,+2.797
5570.32,12,2,+2.749,+2.749
5575.326,12,2,+2.790,+2.790
5578.488,12,2,+2.813,+2.813
5582.429,12,2,+2.869,+2.869
5585.182,12,2,+2.875,+2.875
5589.038,12,2,+2.752,+2.752
5595.028,12,2,+2.773,+2.773
5600.756,12,2,+2.896,+2.896
5604.942,12,2,+2.897,+2.897
5609.993,12,2,+2.918,+2.918
5613.306,12,2,+2.856,+2.856
5616.803,12,2,+2.876,+2.876
5618.841,12,2,+2.893,+2.893
5627.088,12,2,+2.632,+2.632
5632.301,12,2,+2.409,+2.409
5635.62,12,2,+2.317,+2.317
5638.942,12,2,+2.269,+2.269
5641.207,12,2,+2.277,+2.277
5643.613,12,2,+2.280,+2.280
5644.336,12,2,+2.281,+2.281
5650.623,12,2,+2.274,+2.274
5652.998,12,2,+2.259,+2.259
5657.911,12,2,+2.199,+2.199
5661.059,12,2,+2.140,+2.140
5664.882,12,2,+2.109,+2.109
5667.741,12,2,+2.117,+2.117
5671.621,12,2,+1.938,+1.938
5677.533,12,2,+1.854,+1.854
5683.33,12,2,+1.815,+1.815
5687.487,12,2,+1.804,+1.804
5692.555,12,2,+1.810,+1.810
5695.867,12,2,+1.775,+1.775
5699.34,12,2,+1.777,+1.777
5701.346,12,2,+1.783,+1.783
5709.565,12,2,+1.498,+1.498
5714.815,12,2,+1.284,+1.284
5718.078,12,2,+1.164,+1.164
5721.421,12,2,+1.135,+1.135
5723.705,12,2,+1.157,+1.157
5726.112,12,2,+1.137,+1.137
5726.799,12,2,+1.136,+1.136
5730.205,12,2,+1.064,+1.064
5732.924,12,2,+0.973,+0.973
5735.252,12,2,+0.914,+0.914
5740.265,12,2,+0.932,+0.932
5743.431,12,2,+0.882,+0.882
5747.368,12,2,+0.941,+0.941
5750.165,12,2,+0.939,+0.939
5754.04,12,2,+0.741,+0.741
5759.962,12,2,+0.686,+0.686
5765.782,12,2,+0.755,+0.755
5769.981,12,2,+0.738,+0.738
5775.123,12,2,+0.811,+0.811
5778.508,12,2,+0.780,+0.780
5781.978,12,2,+0.781,+0.781
5783.978,12,2,+0.795,+0.795
5792.337,12,2,+0.712,+0.712
5797.625,12,2,+0.580,+0.580
5800.87,12,2,+0.469,+0.469
5804.19,12,2,+0.501,+0.501
5806.503,12,2,+0.583,+0.583
5808.956,12,2,+0.647,+0.647
5809.629,12,2,+0.650,+0.650
5813.068,12,2,+0.613,+0.613
5815.748,12,2,+0.563,+0.563
5823.147,12,2,+0.583,+0.583
5826.341,12,2,+0.618,+0.618
5830.227,12,2,+0.691,+0.691
5833.054,12,2,+0.594,+0.594
5837.038,12,2,+0.537,+0.537
5842.976,12,2,+0.572,+0.572
5848.679,12,2,+0.561,+0.561
5852.882,12,2,+0.505,+0.505
5857.945,12,2,+0.598,+0.598
5861.351,12,2,+0.656,+0.656
5864.835,12,2,+0.679,+0.679
5866.82,12,2,+0.696,+0.696
5875.101,12,2,+0.583,+0.583
5880.414,12,2,+0.449,+0.449
5883.648,12,2,+0.398,+0.398
5886.945,12,2,+0.292,+0.292
5889.211,12,2,+0.399,+0.399
5891.632,12,2,+0.456,+0.456
5892.382,12,2,+0.454,+0.454
5895.711,12,2,+0.333,+0.333
5898.382,12,2,+0.157,+0.157
5900.742,12,2,+0.166,+0.166
5906.086,12,2,+0.151,+0.151
5909.539,12,2,+0.232,+0.232
5913.485,12,2,+0.395,+0.395
5916.423,12,2,+0.429,+0.429
5920.438,12,2,+0.427,+0.427
5926.502,12,2,+0.491,+0.491
5932.32,12,2,+0.646,+0.646
5936.601,12,2,+0.679,+0.679
5941.71,12,2,+0.796,+0.796
5945.117,12,2,+0.855,+0.855
5948.585,12,2,+0.859,+0.859
5950.554,12,2,+0.841,+0.841
5958.804,12,2,+0.809,+0.809
5964.117,12,2,+0.666,+0.666
5967.445,12,2,+0.624,+0.624
5970.679,12,2,+0.655,+0.655
5972.945,12,2,+0.707,+0.707
5975.443,12,2,+0.770,+0.770
5976.089,12,2,+0.774,+0.774
5979.487,12,2,+0.677,+0.677
5982.195,12,2,+0.518,+0.518
5984.57,12,2,+0.522,+0.522
5989.704,12,2,+0.608,+0.608
5992.921,12,2,+0.652,+0.652
5996.812,12,2,+0.726,+0.726
5999.718,12,2,+0.739,+0.739
6003.614,12,2,+0.748,+0.748
6009.518,12,2,+0.797,+0.797
6015.299,12,2,+0.820,+0.820
6019.582,12,2,+0.838,+0.838
6024.631,12,2,+0.941,+0.941
6027.986,12,2,+0.959,+0.959
6031.417,12,2,+0.977,+0.977
6033.371,12,2,+0.966,+0.966
6041.621,12,2,+0.878,+0.878
6046.886,12,2,+0.732,+0.732
6050.121,12,2,+0.692,+0.692
6053.408,12,2,+0.732,+0.732
6055.711,12,2,+0.807,+0.807
6058.168,12,2,+0.842,+0.842
6062.215,12,2,+0.745,+0.745
6064.906,12,2,+0.594,+0.594
6067.293,12,2,+0.549,+0.549
6072.324,12,2,+0.636,+0.636
6079.432,12,2,+0.667,+0.667
6082.354,12,2,+0.687,+0.687
6086.245,12,2,+0.655,+0.655
6092.188,12,2,+0.653,+0.653
6097.928,12,2,+0.677,+0.677
6102.138,12,2,+0.705,+0.705
6107.273,12,2,+0.770,+0.770
6110.673,12,2,+0.773,+0.773
6114.067,12,2,+0.765,+0.765
6116.033,12,2,+0.753,+0.753
6124.307,12,2,+0.690,+0.690
6129.525,12,2,+0.477,+0.477
6132.822,12,2,+0.442,+0.442
6136.088,12,2,+0.489,+0.489
6138.355,12,2,+0.542,+0.542
6140.772,12,2,+0.583,+0.583
6141.46,12,2,+0.582,+0.582
6144.845,12,2,+0.472,+0.472
6147.584,12,2,+0.312,+0.312
6149.928,12,2,+0.351,+0.351
6155.069,12,2,+0.392,+0.392
6158.35,12,2,+0.409,+0.409
6162.288,12,2,+0.504,+0.504
6165.219,12,2,+0.514,+0.514
6169.157,12,2,+0.503,+0.503
6175.184,12,2,+0.533,+0.533
6181.028,12,2,+0.576,+0.576
6185.278,12,2,+0.553,+0.553
6190.419,12,2,+0.651,+0.651
6193.81,12,2,+0.715,+0.715
6197.278,12,2,+0.748,+0.748
6199.263,12,2,+0.736,+0.736
6207.548,12,2,+0.584,+0.584
6212.826,12,2,+0.369,+0.369
6216.12,12,2,+0.351,+0.351
6219.493,12,2,+0.270,+0.270
6224.89,12,1,LAP 36,LAP 36
6224.906,12,1,LAP 37,LAP 37
6310.529,12,1,LAP 38,LAP 38
6314.201,12,2,LAP 38,LAP 38
6326.78,12,3,LAP 38,LAP 38
6334.53,12,4,LAP 38,LAP 38
6335.686,12,4,+18.526,+1.083
6338.576,12,4,+19.034,+1.644
6343.89,12,4,+19.546,+2.193
6347.128,12,4,+19.642,+2.270
6350.811,12,4,+19.597,+2.341
6353.608,12,4,+19.468,+2.277
6357.284,12,4,+19.502,+2.070
6362.952,12,4,+19.339,+1.950
6368.496,12,4,+19.364,+1.891
6372.559,12,4,+19.303,+1.824
6377.434,12,4,+19.333,+1.905
6380.731,12,4,+19.350,+1.893
6384.121,12,4,+19.261,+1.956
6386.101,12,4,+19.193,+2.009
6394.008,12,4,+19.028,+1.871
6398.983,12,4,+18.715,+1.676
6402.141,12,4,+18.619,+1.578
6405.405,12,4,+18.601,+1.615
6407.629,12,4,+18.618,+1.672
6409.987,12,4,+18.605,+1.712
6410.675,12,4,+18.595,+1.716
6414.156,12,4,+18.553,+1.723
6416.986,12,4,+18.507,+1.708
6419.342,12,4,+18.500,+1.663
6424.222,12,4,+18.529,+1.697
6427.392,12,4,+18.580,+1.734
6431.109,12,4,+18.511,+1.768
6434.016,12,4,+18.477,+1.800
6437.75,12,4,+18.454,+1.718
6443.469,12,4,+18.342,+1.696
6449.11,12,4,+18.505,+1.789
6453.235,12,4,+18.480,+1.769
6458.203,12,4,+18.526,+1.864
6461.532,12,4,+18.531,+1.889
6464.969,12,4,+18.504,+1.968
6466.938,12,4,+18.473,+1.966
6474.797,12,4,+18.214,+1.717
6479.813,12,4,+17.836,+1.402
6482.969,12,4,+17.754,+0.866
6486.251,12,4,+17.669,+0.448
6488.501,12,4,+17.681,+0.448
6490.891,12,4,+17.650,+0.448
6491.547,12,3,+17.650,+0.448
6491.579,12,3,+17.635,+1.436
6494.99,12,3,+17.504,+1.329
6497.691,12,3,+17.337,+1.174
6500.031,12,3,+17.281,+1.157
6504.839,12,3,+17.241,+1.247
6507.935,12,3,+17.209,+1.266
6511.666,12,3,+17.160,+1.366
6514.622,12,3,+17.237,+1.450
6518.372,12,3,+17.244,+1.401
6524.094,12,3,+17.105,+1.439
6529.735,12,3,+17.230,+1.276
6533.906,12,3,+17.276,+1.304
6538.894,12,3,+17.252,+1.463
6542.349,12,3,+17.373,+1.485
6545.716,12,3,+17.317,+1.469
6547.732,12,3,+17.273,+1.463
6555.654,12,3,+17.131,+1.421
6561.345,12,3,+17.524,+1.482
6567.521,12,3,+20.518,+1.401
6572.797,12,3,+22.491,+1.314
6575.597,12,3,+23.058,+1.219
6578.78,12,3,+23.851,+1.278
6579.704,12,3,+24.104,+1.368
6584.003,12,3,+24.700,+1.397
6587.33,12,3,+21.978,+1.341
6590.783,12,3,+21.513,+1.025
6596.898,12,3,+22.341,+0.892
6600.779,12,3,+22.679,+0.853
6605.472,12,3,+22.927,+1.096
6609.241,12,3,+22.807,+1.322
6614.404,12,3,+22.363,+1.038
6622.065,12,3,+21.407,+1.005
6629.106,12,3,+22.190,+1.085
6635.222,12,3,+21.948,+1.219
6641.754,12,3,+22.207,+1.404
6646.899,12,3,+22.583,+1.173
6651.922,12,3,+21.573,+0.632
6654.426,12,3,+21.427,+0.613
6663.364,12,3,+21.302,+0.648
6669.948,12,3,+21.986,+1.490
6674.164,12,3,+21.652,+1.192
6678.774,12,3,+21.660,+1.481
6681.633,12,3,+21.660,+1.496
6684.915,12,3,+21.660,+1.493
6685.93,12,3,+19.455,+1.492
6690.798,12,3,+19.455,+1.575
6694.755,12,3,+2.879,+1.369
6698.146,12,3,+3.433,+1.494
6704.516,12,3,+3.604,+1.556
6707.916,12,3,+2.942,+1.250
6711.572,12,3,+2.590,+1.257
6714.362,12,3,+2.481,+1.271
6718.094,12,3,+2.582,+1.141
6723.78,12,3,+2.748,+1.150
6729.422,12,3,+3.220,+1.253
6733.48,12,3,+3.317,+1.246
6738.413,12,3,+3.599,+1.297
6741.718,12,3,+3.715,+1.290
6745.093,12,3,+3.781,+1.331
6747.077,12,3,+3.786,+1.346
6755.015,12,3,+3.932,+1.308
6760.031,12,3,+4.049,+1.160
6763.187,12,3,+4.076,+1.089
6766.437,12,3,+4.058,+1.123
6768.671,12,3,+4.133,+1.183
6771.046,12,3,+4.182,+1.242
6771.734,12,3,+4.186,+1.247
6775.218,12,3,+4.184,+1.235
6778.031,12,3,+4.144,+1.201
6780.437,12,3,+4.125,+1.227
6785.39,12,3,+4.299,+1.372
6788.522,12,3,+4.330,+1.449
6792.216,12,3,+4.320,+1.508
6795.031,12,3,+4.192,+1.515
6798.823,12,3,+4.219,+1.482
6804.557,12,3,+4.191,+1.513
6810.197,12,3,+4.474,+1.582
6814.416,12,3,+4.546,+1.647
6819.315,12,3,+4.702,+1.686
6822.644,12,3,+4.733,+1.700
6826.003,12,3,+4.768,+1.763
6827.957,12,3,+4.752,+1.798
6835.958,12,3,+4.889,+1.702
6840.946,12,3,+4.887,+1.585
6844.102,12,3,+4.881,+1.500
6847.351,12,3,+4.738,+1.481
6849.588,12,3,+4.764,+1.495
6851.957,12,3,+4.776,+1.499
6852.633,12,3,+4.770,+1.505
6856.115,12,3,+4.713,+1.534
6858.924,12,3,+4.643,+1.550
6861.315,12,3,+4.540,+1.562
6866.178,12,3,+4.781,+1.541
6869.287,12,3,+4.848,+1.481
6873.006,12,3,+4.875,+1.503
6875.897,12,3,+4.847,+1.539
6879.818,12,3,+5.152,+1.601
6885.6,12,3,+5.244,+1.567
6891.254,12,3,+5.512,+1.612
6895.428,12,3,+5.625,+1.672
6900.366,12,3,+5.753,+1.745
6903.662,12,3,+5.753,+1.769
6907.084,12,3,+5.735,+1.793
6908.975,12,3,+5.686,+1.800
6916.851,12,3,+5.709,+1.645
6921.929,12,3,+5.756,+1.549
6925.038,12,3,+5.671,+1.440
6928.304,12,3,+5.557,+1.468
6930.491,12,3,+5.562,+1.538
6932.882,12,3,+5.570,+1.594
6933.554,12,3,+5.565,+1.601
6937.085,12,3,+5.520,+1.600
6939.851,12,3,+5.460,+1.582
6942.21,12,3,+5.330,+1.582
6947.07,12,3,+5.463,+1.615
6950.21,12,3,+5.512,+1.698
6953.882,12,3,+5.487,+1.713
6956.794,12,3,+5.509,+1.716
6960.499,12,3,+5.572,+1.672
6966.243,12,3,+5.624,+1.632
6971.915,12,3,+5.920,+1.717
6976.07,12,3,+5.959,+1.685
6980.953,12,3,+6.110,+1.707
6984.243,12,3,+6.144,+1.707
6987.655,12,3,+6.186,+1.776
6989.611,12,3,+6.150,+1.791
6997.548,12,3,+6.182,+1.667
7002.629,12,3,+6.164,+1.557
7005.754,12,3,+6.134,+1.449
7008.973,12,3,+6.081,+1.471
7011.189,12,3,+6.109,+1.531
7013.59,12,3,+6.153,+1.577
7014.332,12,3,+6.153,+1.578
7017.752,12,3,+6.115,+1.552
7020.564,12,3,+6.049,+1.507
7022.892,12,3,+5.933,+1.502
7027.751,12,3,+6.034,+1.526
7030.845,12,3,+6.055,+1.541
7034.58,12,3,+6.061,+1.562
7037.455,12,3,+6.017,+1.576
7041.142,12,3,+6.051,+1.465
7046.943,12,3,+6.105,+1.484
7052.581,12,3,+6.381,+1.643
7056.727,12,3,+6.403,+1.653
7061.649,12,3,+6.528,+1.716
7064.945,12,3,+6.549,+1.745
7068.361,12,3,+6.593,+1.808
7070.295,12,3,+6.528,+1.817
7078.254,12,3,+6.549,+1.724
7083.248,12,3,+6.507,+1.529
7086.47,12,3,+6.467,+1.430
7089.658,12,3,+6.361,+1.442
7091.892,12,3,+6.422,+1.499
7094.283,12,3,+6.485,+1.542
7094.97,12,3,+6.488,+1.543
7098.47,12,3,+6.455,+1.513
7101.267,12,3,+6.394,+1.470
7103.658,12,3,+6.313,+1.472
7108.502,12,3,+6.532,+1.446
7111.595,12,3,+6.552,+1.427
7115.299,12,3,+6.621,+1.455
7118.174,12,3,+6.646,+1.463
7121.877,12,3,+6.689,+1.386
7127.689,12,3,+6.830,+1.438
7133.328,12,3,+7.089,+1.542
7137.499,12,3,+7.104,+1.562
7142.484,12,3,+7.321,+1.712
7145.781,12,3,+7.361,+1.751
7149.157,12,3,+7.374,+1.793
7151.161,12,3,+7.322,+1.807
7159.09,12,3,+7.348,+1.701
7164.236,12,3,+7.379,+1.554
7167.423,12,3,+7.299,+1.459
7170.605,12,3,+7.201,+1.442
7172.794,12,3,+7.191,+1.457
7175.161,12,3,+7.182,+1.477
7175.817,12,3,+7.173,+1.477
7179.331,12,3,+7.124,+1.461
7182.128,12,3,+7.068,+1.436
7184.503,12,3,+7.010,+1.437
7189.362,12,3,+7.210,+1.498
7192.487,12,3,+7.292,+1.570
7196.253,12,3,+7.401,+1.615
7199.112,12,3,+7.448,+1.635
7202.846,12,3,+7.497,+1.500
7208.721,12,3,+7.603,+1.499
7214.425,12,3,+7.894,+1.557
7218.909,12,3,+8.011,+1.548
7223.659,12,3,+8.229,+1.681
7226.971,12,3,+8.286,+1.715
7230.418,12,3,+8.286,+1.754
7232.391,12,3,+8.235,+1.764
7240.368,12,3,+8.303,+1.611
7245.493,12,3,+8.222,+1.477
7248.696,12,3,+8.236,+1.415
7251.93,12,3,+8.173,+1.451
7254.134,12,3,+8.183,+1.507
7256.493,12,3,+8.193,+1.537
7257.181,12,3,+8.188,+1.538
7260.649,12,3,+8.141,+1.506
7263.446,12,3,+8.082,+1.463
7265.852,12,3,+7.982,+1.466
7270.676,12,3,+8.125,+1.471
7273.829,12,3,+8.182,+1.490
7277.609,12,3,+8.287,+1.583
7280.499,12,3,+8.309,+1.589
7284.212,12,3,+8.368,+1.525
7290.091,12,3,+8.444,+1.555
7295.793,12,3,+8.631,+1.583
7299.918,12,3,+8.616,+1.581
7304.903,12,3,+8.681,+1.664
7308.231,12,3,+8.694,+1.726
7311.627,12,3,+8.661,+1.794
7313.629,12,3,+8.601,+1.807
7321.597,12,3,+8.632,+1.675
7326.722,12,3,+8.610,+1.475
7329.894,12,3,+8.580,+1.349
7333.113,12,3,+8.472,+1.357
7335.316,12,3,+8.496,+1.400
7337.707,12,3,+8.538,+1.444
7338.394,12,3,+8.537,+1.445
7341.894,12,3,+8.502,+1.415
7344.707,12,3,+8.453,+1.372
7347.097,12,3,+8.388,+1.369
7351.972,12,3,+8.572,+1.390
7355.107,12,3,+8.649,+1.432
7358.9,12,3,+8.717,+1.465
7361.775,12,3,+8.745,+1.467
7365.509,12,3,+8.821,+1.331
7371.353,12,3,+8.935,+1.330
7377.072,12,3,+9.208,+1.430
7381.213,12,3,+9.294,+1.408
7386.197,12,3,+9.491,+1.494
7389.497,12,3,+9.546,+1.522
7392.934,12,3,+9.572,+1.589
7394.898,12,3,+9.533,+1.603
7402.85,12,3,+9.548,+1.404
7407.979,12,3,+9.511,+1.213
7411.189,12,3,+9.526,+1.154
7414.455,12,3,+9.493,+1.174
7416.683,12,3,+9.563,+1.252
7419.089,12,3,+9.607,+1.286
7419.743,12,3,+9.605,+1.284
7423.22,12,3,+9.565,+1.242
7426.048,12,3,+9.505,+1.185
7428.423,12,3,+9.456,+1.193
7433.344,12,3,+9.636,+1.250
7436.444,12,3,+9.655,+1.296
7440.281,12,3,+9.734,+1.312
7443.123,12,3,+9.746,+1.302
7446.873,12,3,+9.723,+1.140
7452.701,12,3,+9.757,+1.099
7458.336,12,3,+9.935,+1.122
7462.475,12,3,+9.925,+1.085
7467.478,12,3,+10.066,+1.138
7470.784,12,3,+10.150,+1.190
7474.255,12,3,+10.080,+1.237
7476.197,12,3,+10.014,+1.245
7484.255,12,3,+10.031,+1.110
7489.411,12,3,+9.975,+0.940
7492.536,12,3,+9.961,+0.903
7495.784,12,3,+9.907,+0.949
7498.033,12,3,+9.972,+0.996
7500.439,12,3,+9.982,+1.018
7501.158,12,3,+9.976,+1.014
7504.528,12,3,+9.855,+0.891
7507.255,12,3,+9.684,+0.722
7509.566,12,3,+9.562,+0.677
7514.498,12,3,+9.787,+0.832
7517.641,12,3,+9.826,+0.933
7521.419,12,3,+9.842,+0.978
7524.377,12,3,+9.900,+0.997
7528.085,12,3,+10.024,+0.924
7533.991,12,3,+10.212,+0.898
7539.729,12,3,+10.394,+0.950
7543.898,12,3,+10.510,+0.971
7548.895,12,3,+10.683,+1.012
7552.249,12,3,+10.769,+1.040
7555.613,12,3,+10.752,+1.049
7557.598,12,3,+10.712,+1.057
7565.722,12,3,+10.775,+0.950
7570.799,12,3,+10.667,+0.754
7574.002,12,3,+10.660,+0.655
7577.236,12,3,+10.604,+0.680
7579.5,12,3,+10.664,+0.779
7581.907,12,3,+10.665,+0.816
7582.566,12,3,+10.655,+0.812
7585.956,12,3,+10.519,+0.681
7588.639,12,3,+10.349,+0.509
7590.999,12,3,+10.289,+0.506
7596.04,12,3,+10.497,+0.626
7599.269,12,3,+10.597,+0.663
7603.189,12,3,+10.580,+0.619
7605.923,12,3,+10.602,+0.631
7609.801,12,3,+10.744,+0.643
7615.68,12,3,+10.853,+0.614
7621.493,12,3,+11.176,+0.755
7625.665,12,3,+11.213,+0.747
7630.696,12,3,+11.356,+0.853
7634.055,12,3,+11.409,+0.946
7637.462,12,3,+11.392,+0.994
7639.415,12,3,+11.341,+1.001
7647.478,12,3,+11.286,+0.873
7652.655,12,3,+11.291,+0.783
7655.859,12,3,+11.250,+0.701
7659.124,12,3,+11.207,+0.722
7661.39,12,3,+11.275,+0.830
7663.796,12,3,+11.300,+0.862
7664.468,12,3,+11.298,+0.857
7667.874,12,3,+11.202,+0.729
7670.562,12,3,+11.068,+0.561
7672.899,12,3,+10.993,+0.521
7678.023,12,3,+11.224,+0.745
7681.236,12,3,+11.306,+0.831
7685.013,12,3,+11.321,+0.840
7687.94,12,3,+11.370,+0.888
7691.785,12,3,+11.380,+0.909
7697.636,12,3,+11.561,+0.934
7703.438,12,3,+11.889,+1.097
7707.618,12,3,+12.003,+1.116
7712.634,12,3,+12.222,+1.267
7716.024,12,3,+12.281,+1.320
7719.368,12,3,+12.233,+1.337
7721.321,12,3,+12.186,+1.359
7729.43,12,3,+12.225,+1.298
7734.555,12,3,+12.128,+1.119
7737.68,12,3,+12.060,+1.014
7740.903,12,3,+12.004,+1.012
7743.153,12,3,+12.046,+1.101
7745.528,12,3,+12.060,+1.135
7746.2,12,3,+12.054,+1.134
7749.7,12,3,+12.012,+1.102
7752.497,12,3,+11.956,+1.056
7754.856,12,3,+11.871,+1.062
7759.825,12,3,+12.105,+1.167
7762.95,12,3,+12.170,+1.178
7766.825,12,3,+12.253,+1.236
7769.669,12,3,+12.278,+1.255
7773.481,12,3,+12.389,+1.258
7779.419,12,3,+12.526,+1.326
7785.238,12,3,+12.847,+1.452
7789.396,12,3,+12.862,+1.490
7794.427,12,3,+12.988,+1.614
7797.739,12,3,+13.031,+1.688
7801.208,12,3,+13.047,+1.738
7803.146,12,3,+13.010,+1.763
7811.317,12,3,+13.089,+1.740
7816.458,12,3,+12.979,+1.544
7819.646,12,3,+12.960,+1.456
7822.832,12,3,+12.866,+1.442
7825.019,12,3,+12.852,+1.461
7827.441,12,3,+12.848,+1.462
7828.082,12,3,+12.843,+1.458
7831.519,12,3,+12.801,+1.421
7834.426,12,3,+12.751,+1.377
7836.738,12,3,+12.658,+1.375
7841.629,12,3,+12.802,+1.387
7844.819,12,3,+12.899,+1.316
7848.632,12,3,+12.928,+1.318
7851.431,12,3,+12.956,+1.351
7855.244,12,3,+13.039,+1.328
7861.11,12,3,+13.128,+1.340
7866.886,12,3,+13.354,+1.389
7870.986,12,3,+13.364,+1.339
7876.023,12,3,+13.532,+1.401
7879.382,12,3,+13.585,+1.401
7882.804,12,3,+13.599,+1.447
7884.742,12,3,+13.562,+1.461
7892.94,12,3,+13.623,+1.407
7898.102,12,3,+13.522,+1.228
7901.298,12,3,+13.508,+1.163
7904.517,12,3,+13.450,+1.140
7906.782,12,3,+13.503,+1.155
7909.157,12,3,+13.528,+1.161
7909.829,12,3,+13.528,+1.156
7913.314,12,3,+13.514,+1.131
7916.099,12,3,+13.484,+1.100
7918.462,12,3,+13.399,+1.103
7923.401,12,3,+13.544,+1.099
7926.589,12,3,+13.627,+1.119
7930.358,12,3,+13.628,+1.110
7933.253,12,3,+13.661,+1.137
7937.097,12,3,+13.763,+1.035
7942.941,12,3,+13.792,+1.010
7948.722,12,3,+14.066,+1.079
7952.925,12,3,+14.135,+1.078
7957.957,12,3,+14.219,+1.124
7961.316,12,3,+14.203,+1.212
7964.754,12,3,+14.225,+1.274
7966.769,12,3,+14.221,+1.299
7974.863,12,3,+14.239,+1.185
7980.019,12,3,+14.087,+1.069
7983.223,12,3,+14.063,+0.944
7986.426,12,3,+13.977,+0.927
7988.681,12,3,+14.022,+0.976
7991.083,12,3,+14.043,+1.010
7991.75,12,3,+14.042,+1.011
7995.167,12,3,+13.944,+0.909
7997.851,12,3,+13.803,+0.760
8000.191,12,3,+13.689,+0.738
8005.201,12,3,+13.805,+0.864
8008.43,12,3,+13.887,+0.945
8012.29,12,3,+13.945,+1.035
8015.196,12,3,+14.020,+1.066
8019.071,12,3,+14.098,+1.073
8025.009,12,3,+14.267,+1.157
8030.733,12,3,+14.500,+1.187
8034.874,12,3,+14.515,+1.107
8039.952,12,3,+14.685,+1.203
8043.28,12,3,+14.716,+1.196
8046.718,12,3,+14.711,+1.221
8048.659,12,3,+14.699,+1.233
8056.778,12,3,+14.604,+1.152
8061.919,12,3,+14.479,+0.997
8065.107,12,3,+14.459,+0.890
8068.341,12,3,+14.409,+0.904
8070.575,12,3,+14.428,+0.935
8072.95,12,3,+14.420,+0.938
8073.638,12,3,+14.410,+0.935
8077.013,12,3,+14.261,+0.817
8079.684,12,3,+14.075,+0.666
8081.981,12,3,+13.907,+0.607
8087.075,12,3,+14.237,+0.775
8090.388,12,3,+14.409,+0.868
8094.169,12,3,+14.440,+0.849
8097.091,12,3,+14.481,+0.875
8100.903,12,3,+14.635,+0.871
8106.825,12,3,+14.765,+0.931
8112.622,12,3,+15.049,+0.968
8116.747,12,3,+15.050,+0.924
8121.872,12,3,+15.293,+0.945
8125.251,12,3,+15.359,+0.983
8128.619,12,3,+15.334,+0.982
8130.587,12,3,+15.297,+0.995
8138.697,12,3,+15.394,+0.879
8143.931,12,3,+15.373,+0.715
8147.15,12,3,+15.342,+0.638
8150.353,12,3,+15.272,+0.642
8152.634,12,3,+15.356,+0.715
8155.041,12,3,+15.393,+0.754
8155.713,12,3,+15.390,+0.755
8159.103,12,3,+15.261,+0.650
8161.822,12,3,+15.081,+0.498
8164.119,12,3,+14.995,+0.485
8169.166,12,3,+15.158,+0.595
8172.371,12,3,+15.231,+0.629
8176.105,12,3,+15.246,+0.557
8178.999,12,3,+15.280,+0.545
8182.807,12,3,+15.464,+0.568
8188.744,12,3,+15.590,+0.567
8194.557,12,3,+15.894,+0.646
8198.697,12,3,+15.943,+0.607
8203.76,12,3,+16.136,+0.664
8207.128,12,3,+16.175,+0.665
8210.519,12,3,+16.150,+0.700
8212.463,12,3,+16.072,+0.698
8220.59,12,3,+16.143,+0.566
8225.744,12,3,+16.066,+0.369
8228.969,12,3,+16.018,+0.311
8232.203,12,3,+15.953,+0.281
8234.49,12,3,+16.049,+0.360
8236.846,12,3,+16.035,+0.376
8237.534,12,3,+16.023,+0.372
8240.913,12,3,+15.857,+0.238
8243.554,12,3,+15.673,+0.081
8245.805,12,2,+15.673,+0.081
8245.892,12,2,+15.573,+15.573
8251.335,12,2,+16.150,+16.150
8254.851,12,2,+16.540,+16.540
8258.632,12,2,+16.599,+16.599
8261.507,12,2,+16.646,+16.646
8265.601,12,2,+17.043,+17.043
8271.429,12,2,+17.106,+17.106
8277.161,12,2,+17.346,+17.346
8281.393,12,2,+17.486,+17.486
8286.432,12,2,+17.590,+17.590
8289.761,12,2,+17.634,+17.634
8293.167,12,2,+17.577,+17.577
8295.136,12,2,+17.551,+17.551
8303.234,12,2,+17.512,+17.512
8308.433,12,2,+17.419,+17.419
8311.667,12,2,+17.376,+17.376
8314.901,12,2,+17.308,+17.308
8317.167,12,2,+17.337,+17.337
8319.558,12,2,+17.334,+17.334
8320.245,12,2,+17.332,+17.332
8323.745,12,2,+17.329,+17.329
8326.62,12,2,+17.321,+17.321
8328.98,12,2,+17.311,+17.311
8333.855,12,2,+17.259,+17.259
8337.011,12,2,+17.262,+17.262
8340.886,12,2,+17.342,+17.342
8343.761,12,2,+17.396,+17.396
8347.542,12,2,+17.442,+17.442
8353.402,12,2,+17.520,+17.520
8360.727,12,3,+17.520,+17.520
8361.915,12,3,+20.472,+1.140
8367.505,12,4,+20.472,+1.140
8382.718,12,5,+20.472,+1.140
8401.23,12,6,+20.472,+1.140
8411.715,12,7,+20.472,+1.140
8475.411,12,8,+20.472,+1.140
8508.954,12,9,+20.472,+1.140
8522.945,12,10,+20.472,+1.140
8527.481,12,11,+20.472,+1.140
8534.45,12,12,+20.472,+1.140
8578.692,12,13,+20.472,+1.140
8580.943,12,14,+20.472,+1.140
8621.313,12,15,+20.472,+1.140
8651.672,12,16,+20.472,+1.140
9036.717,12,16,5L,1L
6.86,1,4,,
3228.183,1,4,+0.366,+0.098
3231.481,1,4,+0.290,+0.026
3234.34,1,4,+0.465,+0.063
3239.804,1,4,+0.808,+0.176
3243.081,1,4,+0.899,+0.266
3246.853,1,4,+1.088,+0.336
3249.683,1,4,+1.038,+0.315
3253.765,1,4,+1.293,+0.232
3259.621,1,4,+1.324,+0.156
3265.097,1,4,+1.518,+0.162
3269.42,1,4,+1.716,+0.256
3274.49,1,4,+2.136,+0.365
3277.98,1,4,+2.269,+0.478
3281.323,1,4,+2.316,+0.488
3283.401,1,4,+2.344,+0.538
3291.416,1,4,+2.539,+0.520
3296.591,1,4,+2.709,+0.538
3299.7,1,4,+2.651,+0.490
3303.2,1,4,+2.732,+0.628
3305.466,1,4,+2.778,+0.670
3307.81,1,4,+2.785,+0.694
3308.497,1,4,+2.780,+0.701
3311.966,1,4,+2.653,+0.727
3314.723,1,4,+2.544,+0.778
3317.147,1,4,+2.604,+0.805
3322.101,1,4,+2.767,+0.708
3325.241,1,4,+2.777,+0.733
3329.069,1,4,+2.808,+0.711
3331.89,1,4,+2.713,+0.612
3336.081,1,4,+3.005,+0.641
3341.788,1,4,+3.006,+0.541
3347.507,1,4,+3.157,+0.530
3351.695,1,4,+3.187,+0.535
3356.585,1,4,+3.294,+0.529
3359.975,1,4,+3.267,+0.504
3363.464,1,4,+3.338,+0.621
3365.479,1,4,+3.361,+0.668
3373.589,1,4,+3.458,+0.676
3378.776,1,4,+3.560,+0.742
3382.026,1,4,+3.524,+0.744
3385.433,1,4,+3.450,+0.822
3387.702,1,4,+3.479,+0.876
3390.064,1,4,+3.517,+0.904
3390.76,1,4,+3.518,+0.910
3394.228,1,4,+3.430,+0.865
3396.948,1,4,+3.311,+0.797
3399.386,1,4,+3.339,+0.791
3404.386,1,4,+3.485,+0.707
3407.636,1,4,+3.623,+0.829
3411.48,1,4,+3.712,+0.822
3414.402,1,4,+3.674,+0.762
3418.511,1,4,+3.891,+0.876
3424.293,1,4,+3.922,+0.942
3429.949,1,4,+4.044,+0.989
3434.105,1,4,+4.046,+0.981
3438.965,1,4,+4.101,+0.904
3442.324,1,4,+4.116,+0.925
3445.84,1,4,+4.243,+1.013
3447.871,1,4,+4.288,+1.083
3455.918,1,4,+4.234,+1.113
3461.184,1,4,+4.313,+1.151
3464.418,1,4,+4.258,+1.155
3467.824,1,4,+4.314,+1.166
3470.106,1,4,+4.388,+1.176
3472.465,1,4,+4.451,+1.205
3473.199,1,4,+4.461,+1.212
3476.715,1,4,+4.459,+1.239
3479.543,1,4,+4.437,+1.268
3482.028,1,4,+4.538,+1.372
3486.948,1,4,+4.595,+1.257
3490.071,1,4,+4.576,+1.272
3493.925,1,4,+4.610,+1.322
3496.809,1,4,+4.557,+1.259
3500.965,1,4,+4.828,+1.329
3506.9,1,4,+4.810,+1.368
3512.416,1,4,+4.873,+1.440
3516.604,1,4,+4.857,+1.406
3521.463,1,4,+4.840,+1.267
3524.807,1,4,+4.827,+1.287
3528.322,1,4,+4.877,+1.329
3530.357,1,4,+4.934,+1.406
3538.5,1,4,+4.915,+1.485
3543.869,1,4,+4.987,+1.544
3547.235,1,4,+4.987,+1.592
3550.607,1,4,+5.063,+1.678
3552.86,1,4,+5.146,+1.707
3555.257,1,4,+5.183,+1.706
3555.962,1,4,+5.190,+1.714
3559.511,1,4,+5.184,+1.821
3562.357,1,4,+5.166,+1.966
3564.837,1,4,+5.288,+2.079
3569.779,1,4,+5.351,+1.974
3572.968,1,4,+5.314,+2.018
3576.857,1,4,+5.370,+2.023
3579.764,1,4,+5.341,+1.930
3583.925,1,4,+5.515,+1.985
3589.914,1,4,+5.662,+2.122
3595.516,1,4,+5.590,+2.098
3599.75,1,4,+5.595,+2.055
3604.649,1,4,+5.593,+2.023
3607.978,1,4,+5.576,+2.035
3611.521,1,4,+5.661,+2.116
3613.564,1,4,+5.747,+2.218
3621.81,1,4,+5.807,+2.398
3627.17,1,4,+5.878,+2.351
3630.404,1,4,+5.867,+2.348
3633.864,1,4,+5.953,+2.505
3636.129,1,4,+6.003,+2.529
3638.535,1,4,+6.043,+2.545
3639.239,1,4,+6.050,+2.553
3642.848,1,4,+6.057,+2.594
3645.676,1,4,+6.023,+2.644
3648.082,1,4,+6.054,+2.683
3653.047,1,4,+6.057,+2.554
3656.32,1,4,+6.074,+2.649
3660.211,1,4,+6.146,+2.700
3663.073,1,4,+6.181,+2.665
3667.186,1,4,+6.276,+2.633
3673.128,1,4,+6.419,+2.726
3678.814,1,4,+6.508,+2.799
3683.049,1,4,+6.559,+2.789
3687.929,1,4,+6.610,+2.700
3691.258,1,4,+6.619,+2.682
3694.759,1,4,+6.660,+2.693
3696.805,1,4,+6.669,+2.754
3704.917,1,4,+6.674,+2.760
3710.292,1,4,+6.721,+2.705
3713.558,1,4,+6.658,+2.670
3717.011,1,4,+6.713,+2.750
3719.324,1,4,+6.757,+2.760
3721.746,1,4,+6.795,+2.777
3722.496,1,4,+6.803,+2.787
3726.042,1,4,+6.809,+2.830
3728.886,1,4,+6.806,+2.876
3731.308,1,4,+6.841,+2.880
3736.294,1,4,+6.900,+2.712
3739.499,1,4,+6.920,+2.740
3743.437,1,4,+6.956,+2.765
3746.316,1,4,+6.957,+2.673
3750.28,1,4,+7.014,+2.555
3756.202,1,4,+7.086,+2.615
3761.869,1,4,+7.145,+2.603
3766.144,1,4,+7.206,+2.643
3771.108,1,4,+7.306,+2.633
3774.551,1,4,+7.342,+2.672
3778.065,1,4,+7.440,+2.779
3780.159,1,4,+7.468,+2.886
3788.331,1,4,+7.430,+2.949
3793.69,1,4,+7.440,+2.928
3797.003,1,4,+7.425,+2.927
3800.44,1,4,+7.413,+2.995
3802.737,1,4,+7.423,+3.022
3805.175,1,4,+7.465,+3.047
3805.831,1,4,+7.473,+3.056
3809.412,1,4,+7.487,+3.106
3812.271,1,4,+7.489,+3.159
3814.662,1,4,+7.513,+3.138
3819.643,1,4,+7.522,+3.024
3822.913,1,4,+7.560,+3.047
3826.877,1,4,+7.595,+3.000
3829.723,1,4,+7.624,+2.925
3833.744,1,4,+7.682,+2.883
3839.666,1,4,+7.709,+2.907
3845.322,1,4,+7.653,+2.859
3849.568,1,4,+7.746,+2.835
3854.514,1,4,+7.717,+2.743
3857.891,1,4,+7.685,+2.687
3861.391,1,4,+7.665,+2.661
3863.469,1,4,+7.659,+2.716
3871.688,1,4,+7.662,+2.792
3877.116,1,4,+7.665,+2.724
3880.382,1,4,+7.592,+2.658
3883.851,1,4,+7.611,+2.718
3886.132,1,4,+7.632,+2.713
3888.538,1,4,+7.611,+2.690
3889.21,1,4,+7.612,+2.691
3892.782,1,4,+7.612,+2.711
3895.626,1,4,+7.613,+2.750
3898.033,1,4,+7.646,+2.778
3903.048,1,4,+7.641,+2.701
3906.313,1,4,+7.639,+2.759
3910.251,1,4,+7.628,+2.733
3913.063,1,4,+7.616,+2.636
3917.142,1,4,+7.652,+2.584
3923.091,1,4,+7.659,+2.641
3928.737,1,4,+7.637,+2.603
3932.913,1,4,+7.628,+2.493
3937.908,1,4,+7.717,+2.444
3941.287,1,4,+7.751,+2.422
3944.816,1,4,+7.779,+2.424
3947.019,1,4,+7.811,+2.499
3955.108,1,4,+7.791,+2.574
3960.561,1,4,+7.861,+2.560
3963.842,1,4,+7.844,+2.553
3967.305,1,4,+7.878,+2.653
3969.57,1,4,+7.905,+2.656
3972.023,1,4,+7.910,+2.631
3972.742,1,4,+7.915,+2.632
3976.336,1,4,+7.923,+2.653
3979.134,1,4,+7.928,+2.689
3981.555,1,4,+7.974,+2.689
3986.555,1,4,+7.967,+2.531
3989.758,1,4,+7.953,+2.545
3993.758,1,4,+8.061,+2.593
3996.649,1,4,+8.089,+2.523
4000.68,1,4,+8.134,+2.475
4006.599,1,4,+8.074,+2.482
4012.192,1,4,+7.981,+2.391
4016.364,1,4,+8.001,+2.314
4021.364,1,4,+7.956,+2.247
4024.708,1,4,+7.968,+2.231
4028.271,1,4,+7.955,+2.259
4030.349,1,4,+7.994,+2.332
4038.537,1,4,+7.851,+2.161
4043.927,1,4,+7.879,+2.120
4047.302,1,4,+7.781,+2.040
4050.646,1,4,+7.744,+2.099
4052.912,1,4,+7.713,+2.070
4055.334,1,4,+7.723,+2.069
4056.084,1,4,+7.724,+2.069
4059.599,1,4,+7.718,+2.082
4062.459,1,4,+7.707,+2.103
4064.824,1,4,+7.696,+2.087
4069.926,1,4,+7.732,+2.093
4073.199,1,4,+7.718,+2.110
4077.105,1,4,+7.729,+2.112
4079.975,1,4,+7.726,+2.009
4083.971,1,4,+7.727,+1.928
4089.949,1,4,+7.721,+1.958
4095.596,1,4,+7.674,+1.926
4099.798,1,4,+7.652,+1.864
4104.836,1,4,+7.704,+1.885
4108.162,1,4,+7.631,+1.866
4111.663,1,4,+7.642,+1.909
4113.725,1,4,+7.667,+1.971
4121.889,1,4,+7.486,+1.925
4127.297,1,4,+7.470,+1.862
4130.594,1,4,+7.465,+1.776
4134.0,1,4,+7.467,+1.819
4136.297,1,4,+7.424,+1.840
4138.734,1,4,+7.423,+1.840
4139.437,1,3,+7.423,+1.840
4139.469,1,3,+7.424,+1.884
4143.008,1,3,+7.423,+1.896
4145.853,1,3,+7.424,+1.906
4148.228,1,3,+7.423,+1.935
4153.228,1,3,+7.324,+1.884
4156.431,1,3,+7.276,+1.923
4160.463,1,3,+7.359,+2.025
4163.322,1,3,+7.376,+1.959
4167.384,1,3,+7.372,+1.963
4173.26,1,3,+7.323,+1.993
4179.044,1,3,+7.358,+2.074
4183.184,1,3,+7.331,+1.969
4188.294,1,3,+7.371,+1.977
4191.669,1,3,+7.352,+1.997
4195.2,1,3,+7.382,+2.025
4197.278,1,3,+7.387,+2.074
4205.513,1,3,+7.361,+2.192
4210.903,1,3,+7.364,+2.200
4214.232,1,3,+7.351,+2.126
4217.622,1,3,+7.234,+2.144
4219.904,1,3,+7.234,+2.134
4222.341,1,3,+7.234,+2.135
4223.06,1,3,+3.588,+2.135
4226.544,1,2,+3.588,+2.135
4226.622,1,2,+2.129,+2.129
4229.466,1,2,+2.130,+2.130
4231.904,1,2,+2.154,+2.154
4236.916,1,2,+2.085,+2.085
4240.174,1,2,+2.088,+2.088
4244.126,1,2,+2.104,+2.104
4247.051,1,2,+2.017,+2.017
4251.077,1,2,+2.070,+2.070
4256.993,1,2,+2.052,+2.052
4262.677,1,2,+2.057,+2.057
4266.9,1,2,+2.004,+2.004
4271.994,1,2,+2.049,+2.049
4275.35,1,2,+2.059,+2.059
4278.897,1,2,+2.084,+2.084
4280.97,1,2,+2.139,+2.139
4289.223,1,2,+2.275,+2.275
4294.614,1,2,+2.281,+2.281
4297.942,1,2,+2.217,+2.217
4301.448,1,2,+2.372,+2.372
4315.417,1,3,+2.372,+2.372
4318.792,1,4,+2.372,+2.372
4323.886,1,5,+2.372,+2.372
4325.364,1,6,+2.372,+2.372
4335.41,1,6,+24.492,+7.060
4338.239,1,6,+24.928,+7.427
4343.758,1,6,+25.445,+8.149
4347.039,1,6,+25.549,+8.272
4350.894,1,6,+25.407,+8.328
4353.772,1,6,+25.372,+8.220
4357.698,1,6,+25.253,+8.189
4363.292,1,6,+24.964,+7.992
4368.76,1,6,+24.718,+7.936
4372.854,1,6,+24.654,+7.902
4377.791,1,6,+24.549,+7.917
4381.075,1,6,+24.543,+7.899
4384.556,1,6,+24.473,+7.930
4386.635,1,6,+24.487,+8.022
4394.62,1,6,+24.415,+7.889
4399.807,1,6,+16.296,+7.835
4403.01,1,6,+16.120,+7.754
4406.354,1,6,+15.968,+7.692
4408.511,1,6,+15.792,+7.692
4410.854,1,6,+15.705,+7.692
4411.573,1,6,+20.038,+7.590
4415.089,1,5,+20.038,+7.590
4415.167,1,5,+15.648,+7.590
4417.968,1,5,+15.613,+1.443
4420.401,1,5,+15.595,+1.087
4425.292,1,5,+15.384,+0.631
4428.479,1,5,+15.223,+0.605
4432.339,1,5,+15.116,+0.714
4435.232,1,5,+15.054,+0.752
4439.291,1,5,+15.104,+0.952
4445.028,1,5,+14.971,+0.960
4450.661,1,5,+14.907,+1.090
4454.833,1,5,+14.879,+1.127
4459.673,1,5,+14.718,+1.130
4463.002,1,5,+14.588,+1.142
4466.421,1,5,+14.473,+1.105
4468.483,1,5,+14.484,+1.078
4476.509,1,5,+14.202,+1.170
4481.707,1,5,+13.989,+1.186
4484.971,1,5,+13.905,+1.173
4488.295,1,5,+13.847,+1.232
4490.534,1,5,+13.760,+1.232
4492.94,1,5,+13.730,+1.238
4493.643,1,5,+13.718,+1.238
4497.159,1,5,+13.673,+1.226
4500.002,1,5,+13.605,+1.218
4502.393,1,5,+13.556,+1.255
4507.33,1,5,+13.424,+1.258
4510.501,1,5,+13.266,+1.335
4514.335,1,5,+13.150,+1.354
4517.253,1,5,+13.074,+1.280
4521.208,1,5,+13.047,+1.293
4527.033,1,5,+12.962,+1.341
4532.627,1,5,+12.889,+1.391
4536.768,1,5,+12.824,+1.283
4541.69,1,5,+12.613,+1.261
4545.008,1,5,+12.514,+1.236
4548.457,1,5,+12.455,+1.260
4550.509,1,5,+12.461,+1.304
4558.571,1,5,+12.223,+1.341
4563.866,1,5,+12.019,+1.337
4567.051,1,5,+9.305,+1.303
4570.437,1,5,+9.375,+1.412
4572.765,1,5,+9.427,+1.448
4575.123,1,5,+9.449,+1.432
4575.834,1,5,+9.451,+1.428
4579.293,1,4,+9.451,+1.428
4579.372,1,4,+9.445,+1.412
4582.19,1,4,+9.439,+1.404
4584.575,1,4,+9.426,+1.430
4589.477,1,4,+9.440,+1.445
4592.696,1,4,+9.481,+1.534
4596.522,1,4,+9.482,+1.462
4599.351,1,4,+9.480,+1.342
4603.373,1,4,+9.490,+1.419
4609.184,1,4,+9.521,+1.483
4614.839,1,4,+9.603,+1.495
4618.958,1,4,+9.608,+1.443
4623.92,1,4,+9.693,+1.481
4627.21,1,4,+9.690,+1.438
4630.596,1,4,+9.695,+1.381
4632.571,1,4,+9.679,+1.390
4640.622,1,4,+9.537,+1.450
4645.813,1,4,+9.518,+1.447
4649.063,1,4,+9.483,+1.381
4652.438,1,4,+9.528,+1.456
4654.659,1,4,+9.565,+1.459
4657.044,1,4,+9.621,+1.466
4657.825,1,4,+9.629,+1.467
4661.309,1,4,+9.641,+1.465
4664.137,1,4,+9.642,+1.466
4666.591,1,4,+9.663,+1.536
4671.387,1,4,+9.576,+1.521
4674.582,1,4,+9.590,+1.569
4678.372,1,4,+9.600,+1.540
4681.21,1,4,+9.594,+1.417
4685.11,1,4,+9.521,+1.430
4690.968,1,4,+9.532,+1.535
4696.594,1,4,+9.558,+1.572
4700.735,1,4,+9.579,+1.524
4705.703,1,4,+9.560,+1.543
4709.016,1,4,+9.539,+1.518
4712.454,1,4,+9.577,+1.538
4714.485,1,4,+9.579,+1.587
4722.547,1,4,+9.491,+1.679
4727.829,1,4,+9.502,+1.745
4731.079,1,4,+9.427,+1.688
4734.391,1,4,+9.449,+1.749
4736.626,1,4,+9.465,+1.777
4739.032,1,4,+9.500,+1.809
4739.751,1,4,+9.507,+1.816
4743.313,1,4,+9.520,+1.834
4746.188,1,4,+9.521,+1.848
4748.516,1,4,+9.513,+1.852
4753.454,1,4,+9.534,+1.872
4756.641,1,4,+9.587,+1.947
4760.485,1,4,+9.560,+1.925
4763.376,1,4,+9.559,+1.828
4767.345,1,4,+9.506,+1.851
4773.142,1,4,+9.504,+1.950
4778.798,1,4,+9.507,+1.987
4782.97,1,4,+9.510,+1.962
4787.954,1,4,+9.575,+2.029
4791.268,1,4,+9.558,+2.013
4794.688,1,4,+9.556,+2.017
4796.717,1,4,+9.563,+2.063
4804.863,1,4,+9.457,+2.202
4810.18,1,4,+9.398,+2.268
4813.434,1,4,+9.363,+2.252
4816.774,1,4,+9.355,+2.257
4819.014,1,4,+9.363,+2.237
4821.398,1,4,+9.407,+2.245
4822.094,1,4,+9.415,+2.249
4825.654,1,4,+9.430,+2.261
4828.483,1,4,+9.438,+2.279
4830.858,1,4,+9.428,+2.298
4835.677,1,4,+9.372,+2.264
4838.904,1,4,+9.393,+2.357
4842.73,1,4,+9.360,+2.295
4845.59,1,4,+9.368,+2.260
4849.527,1,4,+9.322,+2.295
4855.308,1,4,+9.230,+2.334
4861.021,1,4,+9.257,+2.368
4865.176,1,4,+9.203,+2.347
4870.127,1,4,+9.257,+2.363
4873.476,1,4,+9.272,+2.376
4876.936,1,4,+9.327,+2.397
4878.953,1,4,+9.338,+2.391
4887.116,1,4,+9.181,+2.379
4892.434,1,4,+9.172,+2.499
4895.677,1,4,+9.137,+2.497
4898.974,1,4,+9.106,+2.461
4901.219,1,4,+9.094,+2.437
4903.654,1,4,+9.137,+2.440
4904.354,1,4,+9.145,+2.443
4907.912,1,4,+9.170,+2.459
4910.749,1,4,+9.193,+2.483
4913.171,1,4,+9.222,+2.527
4918.069,1,4,+9.118,+2.471
4921.253,1,4,+9.129,+2.524
4925.112,1,4,+9.131,+2.543
4927.908,1,4,+9.113,+2.512
4931.908,1,4,+9.056,+2.575
4937.679,1,4,+8.980,+2.508
4943.309,1,4,+9.014,+2.533
4947.522,1,4,+9.038,+2.578
4952.474,1,4,+9.113,+2.545
4955.761,1,4,+9.068,+2.522
4959.234,1,4,+9.097,+2.502
4961.279,1,4,+9.117,+2.490
4969.466,1,4,+8.977,+2.574
4974.89,1,4,+9.008,+2.721
4978.079,1,4,+8.957,+2.701
4981.407,1,4,+8.937,+2.666
4983.617,1,4,+8.912,+2.614
4986.021,1,4,+8.955,+2.618
4986.799,1,4,+8.964,+2.622
4990.282,1,4,+8.992,+2.636
4993.099,1,4,+9.016,+2.654
4995.505,1,4,+9.013,+2.679
5000.378,1,4,+9.001,+2.663
5003.584,1,4,+9.025,+2.710
5007.381,1,4,+9.010,+2.661
5010.216,1,4,+8.986,+2.613
5014.122,1,4,+8.887,+2.693
5019.904,1,4,+8.795,+2.684
5025.516,1,4,+8.622,+2.570
5029.667,1,4,+8.506,+2.524
5034.583,1,4,+8.440,+2.485
5037.905,1,4,+8.438,+2.481
5041.361,1,4,+8.479,+2.478
5043.382,1,4,+8.487,+2.466
5051.504,1,4,+8.309,+2.478
5056.89,1,4,+8.295,+2.571
5060.078,1,4,+8.238,+2.546
5063.424,1,4,+8.250,+2.521
5065.638,1,4,+8.223,+2.483
5068.04,1,4,+8.253,+2.479
5068.736,1,4,+8.261,+2.483
5072.285,1,4,+8.292,+2.505
5075.155,1,4,+8.324,+2.536
5077.503,1,4,+8.324,+2.513
5082.457,1,4,+8.225,+2.457
5085.636,1,4,+8.212,+2.533
5089.496,1,4,+8.246,+2.498
5092.333,1,4,+8.247,+2.463
5096.223,1,4,+8.154,+2.429
5102.124,1,4,+8.112,+2.496
5107.775,1,4,+8.022,+2.411
5111.886,1,4,+7.914,+2.394
5116.924,1,4,+7.918,+2.384
5120.233,1,4,+7.818,+2.353
5123.676,1,4,+7.802,+2.308
5125.665,1,4,+7.783,+2.290
5133.835,1,4,+7.556,+2.349
5139.098,1,4,+7.416,+2.429
5142.361,1,4,+7.288,+2.371
5145.667,1,4,+7.281,+2.368
5147.901,1,4,+7.252,+2.313
5150.314,1,4,+7.279,+2.310
5151.017,1,4,+7.286,+2.312
5154.576,1,4,+7.308,+2.335
5157.423,1,4,+7.324,+2.365
5159.822,1,4,+7.350,+2.399
5164.721,1,4,+7.279,+2.351
5167.863,1,4,+7.307,+2.370
5171.755,1,4,+7.391,+2.371
5174.625,1,4,+7.417,+2.374
5178.63,1,4,+7.395,+2.436
5184.424,1,4,+7.317,+2.427
5190.074,1,4,+7.261,+2.236
5194.177,1,4,+7.133,+2.164
5199.193,1,4,+7.179,+2.090
5202.496,1,4,+7.152,+2.019
5205.944,1,4,+7.197,+1.961
5207.963,1,4,+7.215,+1.939
5216.175,1,4,+7.038,+1.920
5221.498,1,4,+6.972,+1.995
5224.716,1,4,+6.888,+1.942
5228.037,1,4,+6.880,+1.916
5230.357,1,4,+6.913,+1.908
5232.739,1,4,+6.927,+1.915
5233.501,1,4,+6.927,+1.913
5236.877,1,4,+6.846,+1.815
5239.864,1,4,+6.715,+1.672
5241.955,1,4,+6.652,+1.637
5246.902,1,4,+6.632,+1.649
5250.098,1,4,+6.711,+1.768
5253.998,1,4,+6.679,+1.723
5256.778,1,4,+6.674,+1.696
5260.8,1,4,+6.574,+1.792
5266.672,1,4,+6.560,+1.781
5272.3,1,4,+6.488,+1.671
5276.535,1,4,+6.496,+1.668
5281.594,1,4,+6.436,+1.690
5284.908,1,4,+6.463,+1.737
5288.423,1,4,+6.516,+1.777
5290.458,1,4,+6.571,+1.788
5298.683,1,4,+6.463,+1.758
5304.051,1,4,+6.442,+1.819
5307.36,1,4,+6.313,+1.755
5310.58,1,4,+6.314,+1.721
5312.814,1,4,+6.310,+1.684
5315.202,1,4,+6.355,+1.693
5315.925,1,4,+6.364,+1.699
5319.453,1,4,+6.381,+1.736
5322.281,1,4,+6.388,+1.781
5324.683,1,4,+6.410,+1.779
5329.551,1,4,+6.350,+1.711
5332.726,1,4,+6.330,+1.730
5336.678,1,4,+6.438,+1.777
5339.536,1,4,+6.464,+1.787
5343.58,1,4,+6.485,+1.899
5349.498,1,4,+6.516,+1.863
5355.144,1,4,+6.422,+1.797
5359.321,1,4,+6.371,+1.778
5364.366,1,4,+6.420,+1.789
5367.698,1,4,+6.419,+1.796
5371.157,1,4,+6.409,+1.790
5373.184,1,4,+6.406,+1.797
5381.336,1,4,+6.197,+1.752
5386.679,1,4,+6.184,+1.810
5389.941,1,4,+6.117,+1.788
5393.238,1,4,+6.085,+1.778
5395.491,1,4,+6.088,+1.748
5397.892,1,4,+6.115,+1.745
5398.596,1,4,+6.120,+1.749
5402.137,1,4,+6.133,+1.781
5404.955,1,4,+6.143,+1.825
5407.378,1,4,+6.129,+1.826
5412.298,1,4,+6.048,+1.813
5415.489,1,4,+6.061,+1.828
5419.34,1,4,+6.079,+1.776
5422.236,1,4,+6.080,+1.781
5426.142,1,4,+5.993,+1.811
5432.057,1,4,+5.995,+1.820
5437.655,1,4,+5.930,+1.681
5441.829,1,4,+5.882,+1.661
5447.018,1,4,+5.960,+1.750
5450.331,1,4,+5.970,+1.761
5453.922,1,4,+6.073,+1.864
5455.975,1,4,+6.092,+1.906
5464.18,1,4,+5.925,+1.814
5469.55,1,4,+5.910,+1.857
5472.805,1,4,+5.805,+1.839
5476.084,1,4,+5.776,+1.819
5478.38,1,4,+5.808,+1.841
5480.796,1,4,+5.874,+1.841
5481.571,1,3,+5.874,+1.841
5481.571,1,3,+5.885,+1.898
5485.046,1,3,+5.903,+1.966
5487.845,1,3,+5.907,+2.020
5490.221,1,3,+5.928,+2.026
5495.118,1,3,+5.809,+2.030
5498.344,1,3,+5.792,+2.105
5502.297,1,3,+5.925,+2.218
5505.115,1,3,+5.944,+2.229
5509.044,1,3,+5.777,+2.275
5515.012,1,3,+5.744,+2.339
5520.688,1,3,+5.695,+2.329
5524.907,1,3,+5.684,+2.362
5529.899,1,3,+5.732,+2.389
5533.258,1,3,+5.703,+2.411
5536.761,1,3,+5.754,+2.439
5538.802,1,3,+5.778,+2.457
5546.941,1,3,+5.516,+2.395
5552.262,1,3,+5.477,+2.527
5555.503,1,3,+5.393,+2.519
5558.832,1,3,+5.367,+2.523
5561.058,1,3,+5.358,+2.491
5563.449,1,3,+5.367,+2.497
5564.168,1,3,+5.369,+2.503
5567.751,1,3,+5.384,+2.548
5570.543,1,3,+5.399,+2.602
5572.928,1,3,+5.377,+2.628
5577.833,1,3,+5.349,+2.559
5581.044,1,3,+5.394,+2.581
5584.924,1,3,+5.433,+2.564
5587.757,1,3,+5.429,+2.554
5591.644,1,3,+5.325,+2.573
5597.54,1,3,+5.290,+2.517
5603.21,1,3,+5.328,+2.432
5607.363,1,3,+5.279,+2.382
5612.429,1,3,+5.330,+2.412
5615.719,1,3,+5.260,+2.404
5619.263,1,3,+5.317,+2.441
5621.279,1,3,+5.337,+2.444
5629.56,1,3,+5.139,+2.507
5634.933,1,3,+5.016,+2.607
5638.218,1,3,+4.933,+2.616
5641.768,1,3,+5.098,+2.829
5644.189,1,3,+5.278,+3.001
5646.813,1,3,+5.396,+3.116
5647.545,1,3,+5.415,+3.134
5650.936,1,3,+5.424,+3.143
5653.686,1,3,+5.343,+3.069
5655.998,1,3,+5.268,+3.009
5660.924,1,3,+5.242,+3.043
5664.197,1,3,+5.308,+3.168
5668.204,1,3,+5.418,+3.309
5671.104,1,3,+5.470,+3.353
5675.08,1,3,+5.417,+3.479
5681.037,1,3,+5.354,+3.500
5686.752,1,3,+5.209,+3.394
5690.852,1,3,+5.186,+3.382
5695.961,1,3,+5.210,+3.400
5699.326,1,3,+5.242,+3.467
5702.893,1,3,+5.321,+3.544
5704.971,1,3,+5.392,+3.609
5713.159,1,3,+5.105,+3.607
5718.485,1,3,+4.990,+3.706
5721.811,1,3,+4.912,+3.748
5725.143,1,3,+4.860,+3.725
5727.487,1,3,+4.892,+3.735
5729.862,1,3,+4.913,+3.776
5730.567,1,3,+4.924,+3.788
5734.127,1,3,+4.988,+3.924
5736.995,1,3,+5.051,+4.078
5739.359,1,3,+5.061,+4.147
5744.322,1,3,+5.010,+4.078
5747.603,1,3,+5.029,+4.147
5751.447,1,3,+5.057,+4.116
5754.275,1,3,+5.048,+4.109
5758.222,1,3,+4.872,+4.131
5764.154,1,3,+4.831,+4.145
5769.699,1,3,+4.685,+3.930
5773.856,1,3,+4.590,+3.852
5778.918,1,3,+4.606,+3.795
5782.29,1,3,+4.552,+3.772
5785.774,1,3,+4.592,+3.811
5787.775,1,3,+4.621,+3.826
5796.037,1,3,+4.407,+3.695
5801.479,1,3,+4.437,+3.857
5804.722,1,3,+4.341,+3.872
5808.084,1,3,+4.398,+3.897
5810.375,1,3,+4.462,+3.879
5812.785,1,3,+4.534,+3.887
5813.534,1,3,+4.546,+3.896
5817.049,1,3,+4.628,+4.015
5819.882,1,3,+4.728,+4.165
5822.257,1,3,+4.748,+4.185
5827.252,1,3,+4.688,+4.105
5830.484,1,3,+4.792,+4.174
5834.382,1,3,+4.861,+4.170
5837.226,1,3,+4.763,+4.169
5841.288,1,3,+4.764,+4.227
5847.319,1,3,+4.867,+4.295
5853.038,1,3,+4.936,+4.375
5857.241,1,3,+4.869,+4.364
5862.413,1,3,+5.052,+4.454
5865.804,1,3,+5.121,+4.465
5869.367,1,3,+5.229,+4.550
5871.382,1,3,+5.278,+4.582
5879.664,1,3,+5.170,+4.587
5885.07,1,3,+5.126,+4.677
5888.351,1,3,+5.078,+4.680
5891.679,1,3,+5.052,+4.760
5894.007,1,3,+5.162,+4.763
5896.382,1,3,+5.249,+4.793
5897.101,1,3,+5.259,+4.805
5900.601,1,3,+5.209,+4.876
5903.601,1,3,+5.099,+4.942
5905.648,1,3,+5.127,+4.961
5910.664,1,3,+4.784,+4.633
5913.92,1,3,+4.648,+4.416
5917.876,1,3,+4.767,+4.372
5920.735,1,3,+4.713,+4.284
5924.685,1,3,+4.609,+4.182
5930.61,1,3,+4.612,+4.121
5936.21,1,3,+4.549,+3.903
5940.46,1,3,+4.540,+3.861
5945.507,1,3,+4.600,+3.804
5948.851,1,3,+4.595,+3.740
5952.367,1,3,+4.648,+3.789
5954.429,1,3,+4.727,+3.886
5962.648,1,3,+4.620,+3.811
5967.976,1,3,+4.549,+3.883
5971.211,1,3,+4.445,+3.821
5974.545,1,3,+4.525,+3.870
5976.81,1,3,+4.555,+3.848
5979.252,1,3,+4.653,+3.883
5979.969,1,3,+4.671,+3.897
5983.523,1,3,+4.712,+4.035
5986.383,1,3,+4.730,+4.212
5988.772,1,3,+4.723,+4.201
5993.671,1,3,+4.623,+4.015
5996.89,1,3,+4.649,+3.997
6000.843,1,3,+4.746,+4.020
6003.687,1,3,+4.696,+3.957
6007.627,1,3,+4.693,+3.945
6013.503,1,3,+4.787,+3.990
6019.234,1,3,+4.770,+3.950
6023.427,1,3,+4.730,+3.892
6028.483,1,3,+4.820,+3.879
6031.865,1,3,+4.827,+3.868
6035.371,1,3,+4.923,+3.946
6037.433,1,3,+4.991,+4.025
6045.684,1,3,+4.942,+4.064
6051.074,1,3,+4.959,+4.227
6054.365,1,3,+4.923,+4.231
6057.67,1,3,+5.009,+4.277
6059.987,1,3,+5.072,+4.265
6062.371,1,3,+5.130,+4.288
6063.09,1,3,+5.137,+4.295
6066.62,1,3,+5.151,+4.406
6069.448,1,3,+5.153,+4.559
6071.792,1,3,+5.109,+4.560
6076.792,1,3,+5.151,+4.515
6080.073,1,3,+5.200,+4.564
6084.182,1,3,+5.417,+4.750
6087.089,1,3,+5.419,+4.732
6091.073,1,3,+5.423,+4.768
6096.977,1,3,+5.413,+4.760
6102.575,1,3,+5.338,+4.661
6106.767,1,3,+5.305,+4.600
6111.748,1,3,+5.283,+4.513
6115.093,1,3,+5.218,+4.445
6118.608,1,3,+5.316,+4.551
6120.667,1,3,+5.385,+4.632
6128.869,1,3,+5.247,+4.557
6134.291,1,3,+5.234,+4.757
6137.567,1,3,+5.195,+4.753
6141.007,1,3,+5.426,+4.937
6148.536,1,4,+5.426,+4.937
6160.819,1,5,+5.426,+4.937
6169.329,1,6,+5.426,+4.937
6175.169,1,6,+27.919,+2.899
6177.841,1,6,+28.292,+3.260
6183.216,1,6,+28.574,+3.615
6186.45,1,6,+28.535,+3.566
6190.247,1,6,+28.463,+3.400
6193.075,1,6,+28.405,+3.385
6196.935,1,6,+28.199,+3.193
6202.546,1,6,+27.874,+2.955
6208.03,1,6,+27.577,+2.645
6212.145,1,6,+27.418,+2.589
6217.026,1,6,+27.267,+2.434
6220.247,1,6,+27.158,+2.286
6223.644,1,6,+27.092,+2.188
6225.65,1,6,+26.415,+2.194
6233.583,1,6,+26.057,+1.911
6238.676,1,6,+25.859,+1.647
6241.877,1,6,+25.733,+1.582
6245.188,1,6,+25.678,+1.460
6247.359,1,6,+25.563,+1.460
6249.671,1,6,+25.483,+1.460
6250.359,1,5,+25.483,+1.460
6250.359,1,5,+25.471,+10.110
6253.867,1,5,+25.511,+10.110
6256.696,1,5,+25.627,+3.512
6259.039,1,5,+25.640,+2.960
6263.926,1,5,+25.604,+2.614
6267.085,1,5,+25.525,+2.586
6270.711,1,5,+25.346,+2.564
6273.513,1,5,+25.312,+2.519
6277.326,1,5,+25.247,+2.374
6282.968,1,5,+25.114,+2.411
6288.42,1,5,+24.872,+2.489
6292.545,1,5,+24.847,+2.492
6297.373,1,5,+24.590,+2.590
6300.592,1,5,+24.469,+2.517
6303.982,1,5,+24.397,+2.601
6305.998,1,5,+24.388,+2.703
6313.92,1,5,+24.196,+2.654
6318.983,1,5,+20.043,+2.454
6322.17,1,5,+19.973,+2.386
6325.373,1,5,+19.961,+2.352
6327.608,1,5,+19.939,+2.342
6329.904,1,5,+19.888,+2.346
6330.623,1,5,+20.010,+2.340
6334.046,1,5,+19.788,+2.302
6336.842,1,5,+19.709,+1.183
6339.123,1,5,+19.605,+0.571
6344.148,1,5,+19.834,+0.288
6347.447,1,5,+19.994,+0.352
6351.233,1,5,+19.999,+0.402
6354.014,1,5,+19.933,+0.465
6357.949,1,5,+20.103,+0.601
6363.717,1,5,+20.100,+0.761
6369.262,1,5,+20.152,+0.788
6373.434,1,5,+20.163,+0.860
6378.309,1,5,+20.200,+0.867
6381.574,1,5,+20.213,+0.863
6384.996,1,5,+20.134,+0.873
6387.001,1,5,+20.074,+0.881
6394.937,1,5,+19.962,+0.934
6400.077,1,5,+19.807,+1.092
6403.186,1,5,+19.674,+1.055
6406.468,1,5,+19.659,+1.058
6408.659,1,5,+19.656,+1.038
6410.987,1,5,+19.636,+1.031
6411.69,1,5,+19.622,+1.027
6415.171,1,5,+19.555,+1.002
6417.931,1,5,+19.491,+0.984
6420.31,1,5,+19.456,+0.956
6425.09,1,5,+19.432,+0.903
6428.238,1,5,+19.486,+0.906
6431.984,1,5,+19.393,+0.882
6434.813,1,5,+19.279,+0.802
6438.703,1,5,+19.362,+0.908
6444.485,1,5,+19.344,+1.002
6449.985,1,5,+19.367,+0.862
6454.094,1,5,+19.331,+0.851
6459.11,1,5,+19.450,+0.924
6462.61,1,5,+19.566,+1.035
6466.016,1,5,+19.564,+1.060
6468.047,1,5,+19.595,+1.122
6476.11,1,5,+19.529,+1.315
6481.25,1,5,+19.261,+1.425
6484.407,1,5,+19.151,+1.397
6487.641,1,5,+19.060,+1.391
6489.844,1,5,+19.016,+1.335
6492.204,1,5,+18.950,+1.335
6492.852,1,4,+18.950,+1.335
6492.874,1,4,+18.928,+1.293
6496.343,1,4,+18.851,+1.347
6499.125,1,4,+18.783,+1.446
6501.467,1,4,+18.731,+1.450
6506.228,1,4,+18.645,+1.404
6509.354,1,4,+18.645,+1.436
6513.06,1,4,+18.527,+1.367
6515.857,1,4,+18.458,+1.221
6519.701,1,4,+18.551,+1.307
6525.452,1,4,+18.467,+1.362
6531.156,1,4,+18.615,+1.385
6535.25,1,4,+18.580,+1.304
6540.188,1,4,+18.559,+1.307
6543.685,1,4,+18.715,+1.342
6547.076,1,4,+18.664,+1.347
6549.076,1,4,+18.672,+1.399
6557.112,1,4,+18.593,+1.462
6562.898,1,4,+19.092,+1.568
6569.691,1,4,+22.687,+2.169
6574.238,1,4,+23.915,+1.424
6577.011,1,4,+24.497,+1.439
6580.229,1,4,+25.306,+1.455
6581.238,1,4,+25.638,+1.534
6585.974,1,4,+26.651,+1.951
6589.378,1,4,+24.031,+2.053
6592.767,1,4,+23.578,+2.065
6598.717,1,4,+24.110,+1.769
6602.839,1,4,+24.761,+2.082
6607.834,1,4,+25.269,+2.342
6611.117,1,4,+24.679,+1.872
6616.316,1,4,+24.239,+1.876
6624.233,1,4,+23.573,+2.166
6631.016,1,4,+24.117,+1.927
6637.189,1,4,+23.897,+1.949
6643.656,1,4,+24.099,+1.892
6649.351,1,4,+25.170,+2.587
6654.817,1,4,+24.487,+2.914
6657.317,1,4,+24.335,+2.908
6665.816,1,4,+23.747,+2.445
6671.697,1,4,+23.696,+1.710
6677.071,1,4,+24.559,+2.907
6681.508,1,4,+24.427,+2.767
6684.071,1,4,+24.427,+2.439
6687.149,1,4,+24.427,+2.209
6688.18,1,4,+21.691,+2.236
6693.614,1,4,+21.691,+2.814
6697.38,1,4,+5.513,+2.634
6700.583,1,4,+5.913,+2.480
6706.323,1,4,+5.439,+1.835
6709.492,1,4,+4.535,+1.593
6713.249,1,4,+4.265,+1.675
6715.999,1,4,+4.169,+1.688
6719.84,1,4,+4.300,+1.718
6725.515,1,4,+4.476,+1.728
6731.016,1,4,+4.829,+1.609
6735.049,1,4,+4.872,+1.555
6739.931,1,4,+5.119,+1.520
6743.187,1,4,+5.182,+1.467
6746.562,1,4,+5.229,+1.448
6748.468,1,4,+5.227,+1.441
6756.405,1,4,+5.346,+1.414
6761.624,1,4,+5.635,+1.586
6764.781,1,4,+5.673,+1.597
6768.031,1,4,+5.632,+1.574
6770.218,1,4,+5.676,+1.543
6772.562,1,4,+5.709,+1.527
6773.249,1,4,+5.710,+1.524
6776.734,1,4,+5.703,+1.519
6779.546,1,4,+5.669,+1.525
6781.906,1,4,+5.611,+1.486
6786.828,1,4,+5.703,+1.404
6789.945,1,4,+5.778,+1.448
6793.757,1,4,+5.868,+1.548
6796.593,1,4,+5.726,+1.534
6800.452,1,4,+5.782,+1.563
6806.166,1,4,+5.794,+1.603
6811.682,1,4,+5.942,+1.468
6815.817,1,4,+5.901,+1.355
6820.675,1,4,+6.042,+1.340
6823.925,1,4,+6.014,+1.281
6827.316,1,4,+6.043,+1.275
6829.292,1,4,+6.062,+1.310
6837.293,1,4,+6.264,+1.375
6842.44,1,4,+6.378,+1.491
6845.599,1,4,+6.374,+1.493
6848.901,1,4,+6.298,+1.560
6851.131,1,4,+6.322,+1.558
6853.479,1,4,+6.335,+1.559
6854.193,1,4,+6.327,+1.557
6857.678,1,4,+6.270,+1.557
6860.498,1,4,+6.208,+1.565
6862.818,1,4,+6.094,+1.554
6867.709,1,4,+6.371,+1.590
6870.865,1,4,+6.456,+1.608
6874.678,1,4,+6.546,+1.671
6877.475,1,4,+6.476,+1.629
6881.381,1,4,+6.646,+1.494
6887.084,1,4,+6.731,+1.487
6892.647,1,4,+6.917,+1.405
6896.725,1,4,+6.918,+1.293
6901.648,1,4,+7.039,+1.286
6904.912,1,4,+7.006,+1.253
6908.287,1,4,+6.987,+1.252
6910.287,1,4,+6.989,+1.303
6918.27,1,4,+7.117,+1.408
6923.366,1,4,+7.227,+1.471
6926.491,1,4,+7.136,+1.465
6929.757,1,4,+7.049,+1.492
6931.976,1,4,+7.032,+1.470
6934.288,1,4,+7.020,+1.450
6934.991,1,4,+7.011,+1.446
6938.46,1,4,+6.951,+1.431
6941.257,1,4,+6.881,+1.421
6943.632,1,4,+6.751,+1.421
6948.476,1,4,+6.904,+1.441
6951.663,1,4,+6.988,+1.476
6955.46,1,4,+7.063,+1.576
6958.282,1,4,+7.041,+1.532
6962.132,1,4,+7.135,+1.563
6967.896,1,4,+7.256,+1.632
6973.424,1,4,+7.425,+1.505
6977.496,1,4,+7.413,+1.454
6982.394,1,4,+7.545,+1.435
6985.67,1,4,+7.535,+1.391
6989.064,1,4,+7.586,+1.400
6991.075,1,4,+7.590,+1.440
6999.067,1,4,+7.708,+1.526
7004.27,1,4,+7.825,+1.661
7007.442,1,4,+7.781,+1.647
7010.706,1,4,+7.772,+1.691
7012.875,1,4,+7.786,+1.677
7015.252,1,4,+7.812,+1.659
7015.903,1,4,+7.810,+1.657
7019.415,1,4,+7.767,+1.652
7022.205,1,4,+7.708,+1.659
7024.533,1,4,+7.546,+1.613
7029.345,1,4,+7.628,+1.594
7032.47,1,4,+7.695,+1.640
7036.22,1,4,+7.737,+1.676
7039.08,1,4,+7.640,+1.623
7042.908,1,4,+7.757,+1.706
7048.674,1,4,+7.846,+1.741
7054.196,1,4,+7.975,+1.594
7058.258,1,4,+7.946,+1.543
7063.18,1,4,+8.057,+1.529
7066.435,1,4,+8.027,+1.478
7069.819,1,4,+8.070,+1.477
7071.825,1,4,+8.055,+1.527
7079.819,1,4,+8.122,+1.573
7085.048,1,4,+8.260,+1.753
7088.205,1,4,+8.217,+1.750
7091.501,1,4,+8.195,+1.834
7093.72,1,4,+8.249,+1.827
7096.08,1,4,+8.274,+1.789
7096.751,1,4,+8.271,+1.783
7100.22,1,4,+8.232,+1.777
7103.048,1,4,+8.178,+1.784
7105.377,1,4,+8.061,+1.748
7110.173,1,4,+8.271,+1.739
7113.377,1,4,+8.359,+1.807
7117.158,1,4,+8.482,+1.861
7119.986,1,4,+8.466,+1.820
7123.814,1,4,+8.605,+1.916
7129.515,1,4,+8.665,+1.835
7135.046,1,4,+8.783,+1.694
7139.124,1,4,+8.742,+1.638
7144.077,1,4,+8.909,+1.588
7147.339,1,4,+8.916,+1.555
7150.769,1,4,+8.975,+1.601
7152.782,1,4,+8.984,+1.662
7160.794,1,4,+9.037,+1.689
7166.017,1,4,+9.131,+1.752
7169.143,1,4,+9.049,+1.750
7172.419,1,4,+9.018,+1.817
7174.63,1,4,+9.046,+1.855
7176.989,1,4,+9.045,+1.863
7177.692,1,4,+9.037,+1.864
7181.174,1,4,+8.990,+1.866
7184.003,1,4,+8.944,+1.876
7186.331,1,4,+8.861,+1.851
7191.175,1,4,+9.045,+1.835
7194.315,1,4,+9.156,+1.864
7198.128,1,4,+9.277,+1.876
7200.987,1,4,+9.266,+1.818
7204.862,1,4,+9.456,+1.959
7210.659,1,4,+9.533,+1.930
7216.237,1,4,+9.688,+1.794
7220.315,1,4,+9.726,+1.715
7225.284,1,4,+9.857,+1.628
7228.534,1,4,+9.857,+1.571
7231.982,1,4,+9.869,+1.583
7233.96,1,4,+9.857,+1.622
7242.055,1,4,+9.992,+1.689
7247.259,1,4,+9.962,+1.740
7250.415,1,4,+9.951,+1.715
7253.649,1,4,+9.924,+1.751
7255.868,1,4,+9.922,+1.739
7258.181,1,4,+9.929,+1.736
7258.915,1,4,+9.924,+1.736
7262.384,1,4,+9.893,+1.752
7265.227,1,4,+9.858,+1.776
7267.587,1,4,+9.745,+1.763
7272.472,1,4,+9.944,+1.819
7275.63,1,4,+10.014,+1.832
7279.427,1,4,+10.089,+1.802
7282.257,1,4,+10.064,+1.755
7286.101,1,4,+10.197,+1.829
7291.903,1,4,+10.262,+1.818
7297.465,1,4,+10.322,+1.691
7301.528,1,4,+10.224,+1.608
7306.512,1,4,+10.232,+1.551
7309.719,1,4,+10.184,+1.490
7313.144,1,4,+10.170,+1.509
7315.113,1,4,+10.158,+1.557
7323.207,1,4,+10.267,+1.635
7328.488,1,4,+10.373,+1.763
7331.629,1,4,+10.308,+1.728
7334.894,1,4,+10.264,+1.792
7337.097,1,4,+10.285,+1.789
7339.472,1,4,+10.310,+1.772
7340.16,1,4,+10.306,+1.769
7343.644,1,4,+10.262,+1.760
7346.457,1,4,+10.213,+1.760
7348.769,1,4,+10.117,+1.729
7353.644,1,4,+10.264,+1.692
7356.802,1,4,+10.380,+1.731
7360.588,1,4,+10.420,+1.703
7363.431,1,4,+10.391,+1.646
7367.259,1,4,+10.512,+1.691
7373.056,1,4,+10.630,+1.695
7378.556,1,4,+10.724,+1.516
7382.666,1,4,+10.709,+1.415
7387.583,1,4,+10.855,+1.364
7390.856,1,4,+10.885,+1.339
7394.262,1,4,+10.919,+1.347
7396.283,1,4,+10.913,+1.380
7404.278,1,4,+10.983,+1.435
7409.454,1,4,+10.994,+1.483
7412.623,1,4,+10.949,+1.423
7415.856,1,4,+10.922,+1.429
7418.118,1,4,+10.971,+1.408
7420.483,1,4,+10.983,+1.376
7421.126,1,4,+10.975,+1.370
7424.579,1,4,+10.920,+1.355
7427.423,1,4,+10.857,+1.352
7429.727,1,4,+10.768,+1.312
7434.599,1,4,+10.905,+1.269
7437.71,1,4,+10.943,+1.288
7441.602,1,4,+11.055,+1.321
7444.435,1,4,+11.027,+1.281
7448.279,1,4,+11.075,+1.352
7454.06,1,4,+11.119,+1.362
7459.639,1,4,+11.232,+1.297
7463.745,1,4,+11.168,+1.243
7468.733,1,4,+11.331,+1.265
7471.983,1,4,+11.352,+1.202
7475.499,1,4,+11.345,+1.265
7477.497,1,4,+11.313,+1.299
7485.536,1,4,+11.328,+1.297
7490.735,1,4,+11.378,+1.403
7493.9,1,4,+11.293,+1.332
7497.135,1,4,+11.243,+1.336
7499.345,1,4,+11.272,+1.300
7501.704,1,4,+11.253,+1.271
7502.392,1,4,+11.241,+1.265
7505.857,1,4,+11.182,+1.327
7508.664,1,4,+11.124,+1.440
7510.984,1,4,+11.035,+1.473
7515.856,1,4,+11.170,+1.383
7519.022,1,4,+11.246,+1.420
7522.803,1,4,+11.260,+1.418
7525.655,1,4,+11.244,+1.344
7529.554,1,4,+11.433,+1.409
7535.366,1,4,+11.594,+1.382
7540.961,1,4,+11.637,+1.243
7545.038,1,4,+11.651,+1.141
7550.06,1,4,+11.829,+1.146
7553.327,1,4,+11.857,+1.088
7556.767,1,4,+11.886,+1.134
7558.746,1,4,+11.874,+1.162
7566.986,1,4,+12.036,+1.261
7572.236,1,4,+12.104,+1.437
7575.471,1,4,+12.109,+1.449
7578.698,1,4,+12.070,+1.466
7580.922,1,4,+12.084,+1.420
7583.322,1,4,+12.084,+1.419
7583.979,1,4,+12.076,+1.421
7587.466,1,4,+12.029,+1.510
7590.295,1,4,+11.981,+1.632
7592.57,1,4,+11.881,+1.592
7597.564,1,4,+12.033,+1.536
7600.767,1,4,+12.129,+1.532
7604.642,1,4,+12.198,+1.618
7607.47,1,4,+12.149,+1.547
7611.301,1,4,+12.206,+1.462
7617.165,1,4,+12.341,+1.488
7622.743,1,4,+12.412,+1.236
7626.837,1,4,+12.384,+1.171
7631.805,1,4,+12.486,+1.130
7635.102,1,4,+12.483,+1.074
7638.555,1,4,+12.499,+1.107
7640.54,1,4,+12.478,+1.137
7648.766,1,4,+12.616,+1.330
7654.046,1,4,+12.691,+1.400
7657.234,1,4,+12.620,+1.370
7660.484,1,4,+12.578,+1.371
7662.687,1,4,+12.579,+1.304
7665.093,1,4,+12.621,+1.321
7665.781,1,4,+12.621,+1.323
7669.265,1,4,+12.609,+1.407
7672.077,1,4,+12.593,+1.525
7674.406,1,4,+12.510,+1.517
7679.356,1,4,+12.606,+1.382
7682.576,1,4,+12.654,+1.348
7686.459,1,4,+12.714,+1.393
7689.247,1,4,+12.681,+1.311
7693.131,1,4,+12.689,+1.309
7698.902,1,4,+12.814,+1.253
7704.508,1,4,+12.968,+1.079
7708.602,1,4,+12.999,+0.996
7713.618,1,4,+13.201,+0.979
7716.899,1,4,+13.207,+0.926
7720.415,1,4,+13.264,+1.031
7722.368,1,4,+13.240,+1.054
7730.571,1,4,+13.363,+1.138
7735.962,1,4,+13.550,+1.422
7739.137,1,4,+13.494,+1.434
7742.34,1,4,+13.445,+1.441
7744.528,1,4,+13.437,+1.391
7746.965,1,4,+13.457,+1.397
7747.622,1,4,+13.450,+1.396
7751.075,1,4,+13.405,+1.393
7753.887,1,4,+13.351,+1.395
7756.216,1,4,+13.249,+1.378
7761.184,1,4,+13.493,+1.388
7764.387,1,4,+13.639,+1.469
7768.309,1,4,+13.755,+1.502
7771.091,1,4,+13.730,+1.452
7774.966,1,4,+13.822,+1.433
7780.856,1,4,+13.948,+1.422
7786.485,1,4,+14.117,+1.270
7790.583,1,4,+14.046,+1.184
7795.63,1,4,+14.192,+1.204
7798.911,1,4,+14.210,+1.179
7802.38,1,4,+14.243,+1.196
7804.395,1,4,+14.229,+1.219
7812.489,1,4,+14.266,+1.177
7817.817,1,4,+14.333,+1.354
7820.959,1,4,+14.292,+1.332
7824.269,1,4,+14.269,+1.403
7826.457,1,4,+14.288,+1.436
7828.847,1,4,+14.346,+1.498
7829.629,1,4,+14.350,+1.507
7833.035,1,4,+14.321,+1.520
7835.879,1,4,+14.279,+1.528
7838.223,1,4,+14.203,+1.545
7843.16,1,4,+14.357,+1.555
7846.425,1,4,+14.557,+1.658
7850.431,1,4,+14.723,+1.795
7853.338,1,4,+14.720,+1.764
7857.14,1,4,+14.881,+1.842
7863.016,1,4,+14.991,+1.863
7868.664,1,4,+15.148,+1.794
7872.741,1,4,+15.121,+1.757
7877.773,1,4,+15.266,+1.734
7881.07,1,4,+15.284,+1.699
7884.523,1,4,+15.332,+1.733
7886.507,1,4,+15.331,+1.769
7894.718,1,4,+15.425,+1.802
7900.032,1,4,+15.438,+1.916
7903.189,1,4,+15.379,+1.871
7906.407,1,4,+15.321,+1.871
7908.626,1,4,+15.363,+1.860
7910.986,1,4,+15.392,+1.864
7911.689,1,4,+15.394,+1.866
7915.187,1,4,+15.392,+1.878
7918.032,1,4,+15.384,+1.900
7920.344,1,4,+15.279,+1.880
7925.26,1,4,+15.444,+1.900
7928.501,1,4,+15.559,+1.932
7932.363,1,4,+15.626,+1.998
7935.191,1,4,+15.616,+1.955
7939.082,1,4,+15.716,+1.953
7944.972,1,4,+15.802,+2.010
7950.566,1,4,+15.908,+1.842
7954.707,1,4,+15.919,+1.784
7959.676,1,4,+15.946,+1.727
7963.004,1,4,+15.907,+1.704
7966.504,1,4,+15.980,+1.755
7968.504,1,4,+16.021,+1.800
7976.769,1,4,+16.130,+1.891
7982.082,1,4,+16.158,+2.071
7985.379,1,4,+16.165,+2.102
7988.589,1,4,+16.140,+2.163
7990.818,1,4,+16.155,+2.133
7993.215,1,4,+16.200,+2.157
7993.916,1,4,+16.204,+2.162
7997.417,1,4,+16.201,+2.257
8000.232,1,4,+16.190,+2.387
8002.58,1,4,+16.092,+2.403
8007.54,1,4,+16.154,+2.349
8010.711,1,4,+16.219,+2.332
8014.586,1,4,+16.223,+2.278
8017.415,1,4,+16.172,+2.152
8021.274,1,4,+16.231,+2.133
8027.134,1,4,+16.370,+2.103
8032.937,1,4,+16.691,+2.191
8037.094,1,4,+16.730,+2.215
8042.171,1,4,+16.890,+2.205
8045.468,1,4,+16.904,+2.188
8048.902,1,4,+16.935,+2.224
8050.922,1,4,+16.972,+2.273
8059.044,1,4,+16.879,+2.275
8064.356,1,4,+16.925,+2.446
8067.591,1,4,+16.886,+2.427
8070.841,1,4,+16.891,+2.482
8073.059,1,4,+16.922,+2.494
8075.45,1,4,+16.955,+2.535
8076.169,1,4,+16.954,+2.544
8079.684,1,4,+16.924,+2.663
8082.544,1,4,+16.879,+2.804
8084.841,1,4,+16.760,+2.853
8089.81,1,4,+16.986,+2.749
8093.106,1,4,+17.168,+2.759
8096.997,1,4,+17.244,+2.804
8099.825,1,4,+17.199,+2.718
8103.716,1,4,+17.403,+2.768
8109.638,1,4,+17.564,+2.799
8115.294,1,4,+17.724,+2.675
8119.435,1,4,+17.715,+2.665
8124.473,1,4,+17.890,+2.597
8127.762,1,4,+17.876,+2.517
8131.228,1,4,+17.925,+2.591
8133.212,1,4,+17.938,+2.641
8141.4,1,4,+18.072,+2.678
8146.791,1,4,+18.241,+2.868
8150.041,1,4,+18.250,+2.908
8153.291,1,4,+18.218,+2.946
8155.525,1,4,+18.266,+2.910
8157.931,1,4,+18.328,+2.935
8158.666,1,4,+18.332,+2.942
8162.181,1,4,+18.317,+3.056
8164.996,1,4,+18.288,+3.207
8167.4,1,4,+18.216,+3.221
8172.34,1,4,+18.373,+3.215
8175.621,1,4,+18.494,+3.263
8179.524,1,4,+18.636,+3.390
8182.361,1,4,+18.630,+3.350
8186.291,1,4,+18.868,+3.404
8192.166,1,4,+19.009,+3.419
8197.775,1,4,+19.148,+3.254
8201.869,1,4,+19.123,+3.180
8206.925,1,4,+19.266,+3.130
8210.159,1,4,+19.218,+3.043
8213.641,1,4,+19.280,+3.130
8215.651,1,4,+19.253,+3.181
8223.899,1,4,+19.452,+3.309
8229.234,1,4,+19.562,+3.496
8232.489,1,4,+19.516,+3.498
8235.722,1,4,+19.500,+3.547
8237.963,1,4,+19.545,+3.496
8240.351,1,4,+19.564,+3.529
8241.069,1,4,+19.562,+3.539
8244.562,1,4,+19.542,+3.685
8247.413,1,4,+19.518,+3.926
8249.757,1,4,+19.449,+3.860
8254.851,1,4,+19.694,+3.373
8258.085,1,4,+19.855,+3.183
8262.085,1,4,+20.052,+3.321
8264.929,1,4,+20.041,+3.318
8268.851,1,4,+20.233,+2.937
8274.804,1,4,+20.454,+2.989
8280.461,1,4,+20.632,+2.657
8284.636,1,4,+20.698,+2.492
8289.714,1,4,+20.875,+2.529
8293.058,1,4,+20.921,+2.472
8296.574,1,4,+20.954,+2.533
8298.526,1,4,+20.974,+2.597
8306.934,1,4,+21.173,+2.548
8312.261,1,4,+21.244,+2.504
8315.511,1,4,+21.219,+2.438
8318.839,1,4,+21.243,+2.478
8321.106,1,4,+21.266,+2.456
8323.495,1,4,+21.297,+2.485
8324.198,1,4,+21.298,+2.491
8327.698,1,4,+21.286,+2.509
8330.511,1,4,+21.273,+2.527
8332.855,1,4,+21.233,+2.511
8337.917,1,4,+21.302,+2.600
8341.152,1,4,+21.437,+2.671
8345.058,1,4,+21.534,+2.743
8347.902,1,4,+21.540,+2.721
8351.808,1,4,+21.670,+2.685
8357.723,1,4,+21.825,+2.663
8363.367,1,4,+21.918,+1.446
8367.505,1,3,+21.918,+1.446
8367.583,1,3,+22.001,+2.594
8372.609,1,3,+22.156,+2.630
8375.952,1,3,+22.237,+2.656
8379.452,1,3,+22.301,+2.740
8381.437,1,3,+22.316,+2.800
8389.577,1,3,+22.406,+2.742
8394.953,1,3,+22.600,+2.703
8398.215,1,3,+22.537,+2.622
8401.512,1,3,+22.551,+2.619
8403.793,1,3,+22.595,+2.665
8406.215,1,3,+22.646,+2.728
8406.933,1,3,+22.648,+2.735
8411.199,1,3,+23.375,+3.402
8418.507,1,3,+27.884,+5.452
8421.983,1,3,+28.917,+3.463
8427.327,1,3,+29.345,+3.404
8430.749,1,3,+29.659,+3.329
8435.109,1,3,+30.013,+3.366
8438.405,1,3,+30.172,+3.498
8443.733,1,3,+28.701,+3.297
8451.499,1,3,+28.768,+2.971
8460.093,1,3,+28.470,+3.727
8465.724,1,3,+26.065,+3.264
8471.312,1,3,+25.165,+3.320
8474.937,1,3,+24.765,+2.993
8479.5,1,3,+25.281,+3.642
8482.859,1,3,+26.287,+4.041
8492.578,1,3,+27.238,+3.212
8499.935,1,3,+29.024,+4.197
8504.085,1,3,+28.800,+3.540
8508.768,1,3,+28.598,+3.889
8511.811,1,3,+28.597,+3.922
8515.256,1,3,+28.845,+4.356
8516.381,1,3,+29.057,+4.659
8522.397,1,3,+30.408,+5.732
8526.168,1,3,+30.441,+5.382
8529.043,1,3,+29.884,+5.171
8534.294,1,3,+29.542,+3.856
8538.512,1,3,+29.340,+4.215
8543.2,1,3,+29.258,+4.155
8546.481,1,3,+28.768,+3.857
8551.856,1,3,+29.223,+4.172
8560.074,1,3,+29.312,+3.346
8568.104,1,3,+28.704,+3.629
8575.469,1,3,+28.584,+4.248
8581.097,1,3,+28.585,+4.275
8584.649,1,3,+28.453,+3.783
8588.437,1,3,+28.530,+3.565
8590.708,1,3,+28.625,+3.413
8600.395,1,3,+28.818,+3.562
8607.958,1,3,+29.878,+5.142
8612.81,1,3,+30.011,+4.538
8617.235,1,3,+29.736,+4.579
8620.25,1,3,+29.736,+5.096
8623.657,1,3,+29.972,+5.349
8624.719,1,3,+30.072,+5.196
8629.828,1,3,+30.380,+4.800
8633.844,1,3,+30.485,+4.807
8636.594,1,3,+30.088,+4.423
8641.625,1,3,+29.118,+3.683
8644.875,1,3,+28.112,+3.374
8648.969,1,3,+27.368,+3.648
8651.844,1,3,+26.593,+3.703
8655.797,1,3,+25.582,+3.695
8661.651,1,3,+23.087,+3.742
8667.288,1,3,+23.027,+3.757
8671.287,1,3,+22.904,+3.671
8676.264,1,3,+22.970,+3.643
8679.596,1,3,+22.892,+3.653
8683.216,1,3,+23.090,+3.871
8685.216,1,3,+23.099,+3.923
8693.403,1,3,+23.198,+3.843
8698.7,1,3,+23.219,+3.873
8701.919,1,3,+23.242,+3.851
8705.31,1,3,+23.312,+3.942
8707.568,1,3,+23.348,+3.979
8710.044,1,3,+23.417,+4.067
8710.756,1,3,+23.423,+4.079
8714.334,1,3,+23.435,+4.098
8717.13,1,3,+23.433,+4.097
8719.474,1,3,+23.315,+4.086
8724.395,1,3,+23.310,+4.111
8727.614,1,3,+23.357,+4.163
8731.588,1,3,+23.403,+4.278
8734.392,1,3,+23.377,+4.219
8738.251,1,3,+23.436,+4.159
8744.064,1,3,+23.499,+4.154
8749.595,1,3,+23.512,+4.068
8753.658,1,3,+23.449,+3.879
8758.746,1,3,+23.609,+3.932
8762.049,1,3,+23.586,+3.942
8765.694,1,3,+23.773,+4.151
8767.709,1,3,+23.842,+4.235
8775.888,1,3,+23.924,+4.258
8781.167,1,3,+24.013,+4.224
8784.446,1,3,+23.946,+4.123
8787.774,1,3,+23.933,+4.146
8790.04,1,3,+23.911,+4.141
8792.43,1,3,+23.841,+4.153
8793.165,1,3,+23.719,+4.158
6.86,3,5,,
3228.574,3,5,+0.688,+0.322
3231.621,3,6,+0.688,+0.322
3231.808,3,6,+0.581,+0.060
3234.715,3,6,+0.728,+0.025
3239.915,3,5,+0.728,+0.025
3239.999,3,5,+0.984,+0.176
3243.434,3,5,+1.091,+0.192
3247.183,3,5,+1.403,+0.315
3250.106,3,5,+1.344,+0.306
3254.054,3,5,+1.506,+0.213
3259.683,3,5,+1.552,+0.228
3265.359,3,5,+1.788,+0.270
3269.8,3,5,+2.033,+0.317
3274.756,3,5,+2.437,+0.301
3278.354,3,5,+2.710,+0.441
3281.823,3,5,+2.850,+0.534
3284.214,3,5,+2.902,+0.558
3292.154,3,5,+3.273,+0.734
3297.325,3,5,+3.446,+0.737
3300.592,3,5,+3.481,+0.830
3304.013,3,5,+3.530,+0.798
3306.185,3,5,+3.522,+0.744
3308.575,3,5,+3.513,+0.728
3309.232,3,5,+3.502,+0.722
3312.638,3,5,+3.336,+0.683
3315.416,3,5,+3.175,+0.631
3317.804,3,5,+3.203,+0.599
3322.788,3,5,+3.433,+0.666
3326.007,3,5,+3.438,+0.661
3329.71,3,5,+3.479,+0.671
3332.558,3,5,+3.380,+0.667
3336.616,3,5,+3.610,+0.605
3342.538,3,5,+3.770,+0.764
3348.132,3,5,+3.869,+0.712
3352.382,3,5,+3.879,+0.692
3357.39,3,5,+4.123,+0.829
3360.846,3,5,+4.169,+0.902
3364.354,3,5,+4.230,+0.892
3366.386,3,5,+4.258,+0.897
3374.62,3,5,+4.496,+1.038
3379.87,3,5,+4.620,+1.060
3383.136,3,5,+4.623,+1.099
3386.535,3,5,+4.543,+1.093
3388.799,3,5,+4.571,+1.092
3391.223,3,5,+4.617,+1.100
3391.873,3,5,+4.617,+1.099
3395.362,3,5,+4.578,+1.148
3398.182,3,5,+4.529,+1.218
3400.589,3,5,+4.506,+1.167
3405.527,3,5,+4.582,+1.097
3408.667,3,5,+4.639,+1.016
3412.511,3,5,+4.735,+1.023
3415.339,3,5,+4.653,+0.979
3419.371,3,5,+4.770,+0.879
3425.23,3,5,+4.835,+0.913
3430.84,3,5,+4.961,+0.917
3435.043,3,5,+4.979,+0.933
3439.98,3,5,+5.114,+1.013
3443.371,3,5,+5.183,+1.067
3446.98,3,5,+5.328,+1.085
3448.996,3,5,+5.380,+1.092
3457.215,3,5,+5.548,+1.314
3462.606,3,5,+5.676,+1.363
3465.809,3,5,+5.678,+1.420
3469.199,3,5,+5.720,+1.406
3471.513,3,5,+5.818,+1.430
3473.918,3,5,+5.866,+1.415
3474.606,3,5,+5.872,+1.411
3478.154,3,5,+5.847,+1.388
3480.95,3,5,+5.803,+1.366
3483.293,3,5,+5.769,+1.231
3488.321,3,5,+5.946,+1.351
3491.493,3,5,+5.972,+1.396
3495.356,3,5,+6.037,+1.427
3498.267,3,5,+5.974,+1.417
3502.184,3,5,+6.076,+1.248
3508.072,3,5,+6.106,+1.296
3513.714,3,5,+6.189,+1.316
3517.9,3,5,+6.165,+1.308
3522.822,3,5,+6.222,+1.382
3526.213,3,5,+6.254,+1.427
3529.841,3,5,+6.405,+1.528
3531.921,3,5,+6.475,+1.541
3540.109,3,5,+6.528,+1.613
3545.562,3,5,+6.683,+1.696
3548.85,3,5,+6.680,+1.693
3552.204,3,5,+6.694,+1.631
3554.503,3,5,+6.788,+1.642
3556.921,3,5,+6.822,+1.639
3557.606,3,5,+6.826,+1.636
3561.132,3,5,+6.794,+1.610
3563.948,3,5,+6.747,+1.581
3566.364,3,5,+6.779,+1.491
3571.363,3,5,+6.880,+1.529
3574.53,3,5,+6.836,+1.522
3578.4,3,5,+6.905,+1.535
3581.251,3,5,+6.821,+1.480
3585.234,3,5,+6.868,+1.353
3591.2,3,5,+6.917,+1.255
3596.806,3,5,+6.869,+1.279
3600.949,3,5,+6.818,+1.223
3605.92,3,5,+6.890,+1.297
3609.342,3,5,+6.927,+1.351
3612.864,3,5,+7.025,+1.364
3614.945,3,5,+7.082,+1.335
3623.185,3,5,+7.183,+1.376
3628.639,3,5,+7.347,+1.469
3631.851,3,5,+7.281,+1.414
3635.223,3,5,+7.314,+1.361
3637.52,3,5,+7.391,+1.388
3639.942,3,5,+7.425,+1.382
3640.645,3,5,+7.428,+1.378
3644.145,3,5,+7.399,+1.342
3647.02,3,5,+7.324,+1.301
3649.382,3,5,+7.304,+1.250
3654.337,3,5,+7.315,+1.258
3657.521,3,5,+7.286,+1.212
3661.494,3,5,+7.392,+1.246
3664.311,3,5,+7.393,+1.212
3668.306,3,5,+7.417,+1.141
3674.25,3,5,+7.566,+1.147
3679.938,3,5,+7.664,+1.156
3684.15,3,5,+7.696,+1.137
3689.15,3,5,+7.857,+1.247
3692.567,3,5,+7.932,+1.313
3696.114,3,5,+8.033,+1.373
3698.25,3,5,+8.044,+1.375
3706.386,3,5,+8.148,+1.474
3711.855,3,5,+8.271,+1.550
3715.152,3,5,+8.249,+1.591
3718.621,3,5,+8.303,+1.590
3720.917,3,5,+8.341,+1.584
3723.339,3,5,+8.366,+1.571
3724.042,3,5,+8.368,+1.565
3727.621,3,5,+8.332,+1.523
3730.386,3,5,+8.286,+1.480
3732.715,3,5,+8.263,+1.422
3737.718,3,5,+8.317,+1.417
3740.89,3,5,+8.313,+1.393
3744.89,3,5,+8.398,+1.442
3747.733,3,5,+8.378,+1.421
3751.671,3,5,+8.435,+1.421
3757.577,3,5,+8.470,+1.384
3763.237,3,5,+8.557,+1.412
3767.495,3,5,+8.548,+1.342
3772.507,3,5,+8.694,+1.388
3775.923,3,5,+8.776,+1.434
3779.502,3,5,+8.884,+1.444
3781.596,3,5,+8.863,+1.395
3789.799,3,5,+8.905,+1.475
3795.362,3,5,+9.030,+1.590
3798.596,3,5,+9.010,+1.585
3801.956,3,5,+8.957,+1.544
3804.284,3,5,+9.005,+1.582
3806.695,3,5,+9.024,+1.559
3807.48,3,5,+9.024,+1.551
3810.912,3,5,+9.000,+1.513
3813.724,3,5,+8.963,+1.474
3816.146,3,5,+9.001,+1.488
3821.195,3,5,+9.013,+1.491
3824.365,3,5,+9.000,+1.440
3828.297,3,5,+9.076,+1.481
3831.182,3,5,+9.103,+1.479
3835.213,3,5,+9.157,+1.475
3841.119,3,5,+9.164,+1.455
3846.906,3,5,+9.127,+1.474
3850.977,3,5,+9.158,+1.412
3856.047,3,5,+9.279,+1.562
3859.516,3,5,+9.340,+1.655
3863.141,3,5,+9.404,+1.739
3865.219,3,5,+9.377,+1.718
3873.444,3,5,+9.417,+1.755
3878.96,3,5,+9.485,+1.820
3882.194,3,5,+9.389,+1.797
3885.585,3,5,+9.355,+1.744
3887.897,3,5,+9.419,+1.787
3890.366,3,5,+9.432,+1.821
3891.048,3,5,+9.434,+1.822
3894.595,3,5,+9.414,+1.802
3897.438,3,5,+9.379,+1.766
3899.86,3,5,+9.391,+1.745
3904.829,3,5,+9.395,+1.754
3908.065,3,5,+9.361,+1.722
3912.079,3,5,+9.449,+1.821
3914.938,3,5,+9.429,+1.813
3918.954,3,5,+9.499,+1.847
3924.885,3,5,+9.472,+1.813
3930.64,3,5,+9.513,+1.876
3934.805,3,5,+9.496,+1.868
3939.87,3,5,+9.689,+1.972
3943.352,3,5,+9.816,+2.065
3947.036,3,5,+9.919,+2.140
3949.029,3,5,+9.942,+2.131
3957.248,3,5,+9.942,+2.151
3962.795,3,5,+10.106,+2.245
3966.115,3,5,+10.110,+2.266
3969.523,3,5,+10.120,+2.242
3971.867,3,5,+10.197,+2.292
3974.32,3,5,+10.205,+2.295
3974.992,3,5,+10.205,+2.290
3978.555,3,5,+10.182,+2.259
3981.383,3,5,+10.158,+2.230
3983.742,3,5,+10.137,+2.163
3988.789,3,5,+10.165,+2.198
3992.039,3,5,+10.193,+2.240
3996.055,3,5,+10.327,+2.266
3999.039,3,5,+10.328,+2.239
4002.868,3,5,+10.336,+2.202
4008.802,3,5,+10.305,+2.231
4014.536,3,5,+10.312,+2.331
4018.755,3,5,+10.352,+2.351
4023.786,3,5,+10.403,+2.447
4027.255,3,5,+10.481,+2.513
4030.896,3,5,+10.576,+2.621
4033.006,3,5,+10.614,+2.620
4041.537,3,5,+10.859,+3.008
4047.115,3,5,+11.013,+3.134
4050.412,3,5,+10.949,+3.168
4053.849,3,5,+10.953,+3.209
4056.193,3,5,+10.991,+3.278
4058.63,3,5,+11.007,+3.284
4059.349,3,5,+11.008,+3.284
4062.865,3,5,+10.988,+3.270
4065.729,3,5,+10.964,+3.257
4068.135,3,5,+10.979,+3.283
4073.199,3,5,+10.962,+3.230
4076.392,3,5,+10.906,+3.188
4080.389,3,5,+10.994,+3.265
4083.225,3,5,+10.991,+3.265
4087.264,3,5,+11.016,+3.289
4093.222,3,5,+11.014,+3.293
4098.97,3,5,+11.048,+3.374
4103.173,3,5,+11.046,+3.394
4108.35,3,5,+11.155,+3.451
4111.694,3,5,+11.187,+3.556
4115.256,3,5,+11.239,+3.597
4117.357,3,5,+11.283,+3.616
4125.625,3,5,+11.233,+3.747
4131.234,3,5,+11.403,+3.933
4134.531,3,5,+11.393,+3.928
4138.016,3,5,+11.469,+4.002
4140.359,3,5,+11.484,+4.002
4142.809,3,5,+11.486,+4.002
4143.511,3,5,+11.484,+3.843
4146.994,3,4,+11.484,+3.843
4147.072,3,4,+11.470,+4.047
4149.9,3,4,+11.459,+4.035
4152.322,3,4,+11.452,+4.029
4157.322,3,4,+11.390,+4.066
4160.557,3,4,+11.365,+4.089
4164.541,3,4,+11.502,+4.143
4167.478,3,4,+11.498,+4.122
4171.442,3,4,+11.485,+4.113
4177.466,3,4,+11.517,+4.194
4183.295,3,4,+11.596,+4.238
4187.513,3,4,+11.618,+4.287
4192.544,3,4,+11.661,+4.290
4196.044,3,4,+11.724,+4.372
4199.638,3,4,+11.830,+4.448
4201.685,3,4,+11.805,+4.418
4209.997,3,4,+11.870,+4.509
4215.638,3,4,+12.089,+4.725
4219.028,3,4,+12.146,+4.795
4222.654,3,4,+12.286,+5.052
4228.373,3,5,+12.286,+5.052
4231.325,3,6,+12.286,+5.052
4243.936,3,7,+12.286,+5.052
4248.728,3,8,+12.286,+5.052
4249.807,3,9,+12.286,+5.052
4256.413,3,10,+12.286,+5.052
4257.015,3,10,+29.649,+0.526
4259.857,3,10,+30.074,+0.906
4265.103,3,10,+30.253,+0.973
4268.275,3,10,+30.178,+0.706
4271.994,3,10,+29.977,+0.375
4274.842,3,10,+29.827,+0.294
4278.834,3,10,+29.878,+0.091
4284.348,3,9,+29.878,+0.091
4284.442,3,9,+29.512,+3.777
4289.957,3,9,+29.335,+3.403
4294.098,3,9,+29.207,+3.308
4298.989,3,9,+29.063,+2.977
4302.369,3,9,+29.061,+2.873
4305.835,3,9,+29.022,+2.768
4308.195,3,9,+29.074,+2.784
4315.95,3,9,+29.015,+2.321
4321.183,3,9,+28.838,+2.043
4324.386,3,9,+28.670,+1.831
4327.878,3,9,+28.707,+1.820
4330.07,3,9,+28.718,+1.787
4332.429,3,9,+28.626,+1.787
4333.112,3,8,+28.626,+1.787
4333.112,3,8,+28.608,+1.649
4336.633,3,8,+28.560,+1.642
4339.464,3,8,+28.532,+1.656
4341.82,3,8,+28.507,+1.592
4346.742,3,8,+28.350,+1.357
4349.81,3,8,+28.298,+1.168
4353.539,3,8,+28.050,+0.979
4356.354,3,8,+27.949,+0.943
4360.261,3,8,+27.877,+0.694
4365.997,3,8,+27.667,+0.414
4371.51,3,8,+27.494,+0.125
4375.526,3,7,+27.494,+0.125
4375.62,3,7,+27.415,+2.761
4380.62,3,7,+27.377,+2.828
4384.061,3,7,+27.517,+2.974
4387.588,3,7,+27.487,+3.014
4389.667,3,7,+27.479,+2.992
4397.76,3,7,+27.548,+3.133
4402.995,3,7,+19.502,+3.206
4406.245,3,7,+19.368,+3.248
4409.636,3,7,+19.264,+3.296
4411.932,3,7,+19.203,+3.411
4414.323,3,7,+19.144,+3.439
4415.011,3,7,+23.478,+3.440
4418.448,3,6,+23.478,+3.440
4418.542,3,6,+19.078,+3.430
4421.495,3,6,+19.030,+3.417
4423.808,3,6,+18.984,+3.389
4428.683,3,6,+18.709,+3.325
4431.761,3,6,+18.512,+3.289
4435.565,3,6,+18.339,+3.223
4438.4,3,6,+18.230,+3.176
4442.35,3,6,+18.177,+3.073
4448.099,3,6,+18.051,+3.080
4453.666,3,6,+17.890,+2.983
4457.777,3,6,+17.816,+2.937
4462.643,3,6,+17.651,+2.933
4465.999,3,6,+17.579,+2.991
4469.483,3,6,+17.516,+3.043
4471.53,3,6,+17.540,+3.056
4479.629,3,6,+17.315,+3.113
4484.971,3,6,+17.209,+3.220
4488.172,3,6,+17.122,+3.217
4491.549,3,6,+17.086,+3.239
4493.831,3,6,+17.066,+3.306
4496.237,3,6,+17.019,+3.289
4496.94,3,6,+17.005,+3.287
4500.471,3,6,+16.958,+3.285
4503.3,3,6,+16.887,+3.282
4505.674,3,6,+16.798,+3.242
4510.537,3,6,+16.639,+3.215
4513.718,3,6,+16.457,+3.191
4517.501,3,6,+16.302,+3.152
4520.358,3,6,+16.196,+3.122
4524.236,3,6,+16.126,+3.079
4530.033,3,6,+15.991,+3.029
4535.643,3,6,+15.875,+2.986
4539.795,3,6,+15.870,+3.046
4544.751,3,6,+15.698,+3.085
4548.167,3,6,+15.669,+3.155
4551.671,3,6,+15.656,+3.201
4553.729,3,6,+15.675,+3.214
4561.813,3,6,+15.512,+3.289
4567.101,3,6,+12.710,+3.349
4570.39,3,6,+12.669,+3.364
4573.734,3,6,+12.659,+3.284
4576.033,3,6,+12.727,+3.300
4578.428,3,6,+12.741,+3.292
4579.095,3,6,+12.743,+3.292
4582.568,3,5,+12.743,+3.292
4582.657,3,5,+12.730,+3.285
4585.508,3,5,+12.724,+3.285
4587.945,3,5,+12.745,+3.319
4592.802,3,5,+12.700,+3.260
4595.951,3,5,+12.717,+3.236
4599.812,3,5,+12.769,+3.287
4602.638,3,5,+12.759,+3.279
4606.511,3,5,+12.683,+3.193
4612.309,3,5,+12.675,+3.154
4617.93,3,5,+12.740,+3.137
4622.102,3,5,+12.746,+3.138
4627.053,3,5,+12.823,+3.130
4630.454,3,5,+12.943,+3.253
4633.911,3,5,+13.016,+3.321
4636.272,3,5,+13.055,+3.376
4644.047,3,5,+12.964,+3.427
4649.36,3,5,+13.063,+3.545
4652.675,3,5,+13.100,+3.617
4656.029,3,5,+13.136,+3.608
4658.325,3,5,+13.237,+3.672
4660.747,3,5,+13.290,+3.669
4661.465,3,5,+13.297,+3.668
4664.966,3,5,+13.300,+3.659
4667.809,3,5,+13.293,+3.651
4670.153,3,5,+13.282,+3.619
4675.049,3,5,+13.195,+3.619
4678.221,3,5,+13.215,+3.625
4682.05,3,5,+13.278,+3.678
4684.916,3,5,+13.288,+3.694
4688.809,3,5,+13.251,+3.730
4694.729,3,5,+13.306,+3.774
4700.407,3,5,+13.370,+3.812
4704.594,3,5,+13.401,+3.822
4709.5,3,5,+13.348,+3.788
4712.891,3,5,+13.412,+3.873
4716.375,3,5,+13.500,+3.923
4718.438,3,5,+13.514,+3.935
4726.579,3,5,+13.513,+4.022
4731.938,3,5,+13.557,+4.055
4735.204,3,5,+13.551,+4.124
4738.547,3,5,+13.588,+4.139
4740.813,3,5,+13.630,+4.165
4743.251,3,5,+13.674,+4.174
4743.923,3,5,+13.681,+4.174
4747.485,3,5,+13.682,+4.162
4750.313,3,5,+13.674,+4.153
4752.657,3,5,+13.673,+4.160
4757.548,3,5,+13.619,+4.085
4760.845,3,5,+13.675,+4.088
4764.626,3,5,+13.675,+4.115
4767.501,3,5,+13.658,+4.099
4771.36,3,5,+13.612,+4.106
4777.235,3,5,+13.580,+4.076
4782.813,3,5,+13.550,+4.043
4787.017,3,5,+13.539,+4.029
4791.916,3,5,+13.564,+3.989
4795.374,3,5,+13.628,+4.070
4798.811,3,5,+13.673,+4.117
4800.88,3,5,+13.697,+4.134
4809.057,3,5,+13.655,+4.198
4814.46,3,5,+13.672,+4.274
4817.659,3,5,+13.591,+4.228
4821.015,3,5,+13.596,+4.241
4823.342,3,5,+13.662,+4.299
4825.748,3,5,+13.744,+4.337
4826.436,3,5,+13.758,+4.343
4829.967,3,5,+13.773,+4.343
4832.873,3,5,+13.779,+4.341
4835.256,3,5,+13.791,+4.363
4840.137,3,5,+13.781,+4.409
4843.339,3,5,+13.810,+4.417
4847.293,3,5,+13.867,+4.507
4850.105,3,5,+13.883,+4.515
4854.09,3,5,+13.930,+4.608
4859.941,3,5,+13.872,+4.642
4865.623,3,5,+13.872,+4.615
4869.736,3,5,+13.803,+4.600
4874.686,3,5,+13.840,+4.583
4878.1,3,5,+13.933,+4.661
4881.627,3,5,+14.006,+4.679
4883.696,3,5,+14.023,+4.685
4891.833,3,5,+13.896,+4.715
4897.276,3,5,+13.972,+4.800
4900.519,3,5,+13.975,+4.838
4903.891,3,5,+14.004,+4.898
4906.174,3,5,+14.061,+4.967
4908.64,3,5,+14.106,+4.969
4909.358,3,5,+14.115,+4.970
4912.858,3,5,+14.128,+4.958
4915.702,3,5,+14.132,+4.939
4918.115,3,5,+14.149,+4.927
4923.14,3,5,+14.148,+5.030
4926.33,3,5,+14.184,+5.055
4930.205,3,5,+14.215,+5.084
4933.033,3,5,+14.185,+5.072
4936.935,3,5,+14.120,+5.064
4942.684,3,5,+14.007,+5.027
4948.354,3,5,+14.059,+5.045
4952.535,3,5,+14.067,+5.029
4957.533,3,5,+14.175,+5.062
4960.961,3,5,+14.252,+5.184
4964.523,3,5,+14.368,+5.271
4966.612,3,5,+14.416,+5.299
4974.781,3,5,+14.291,+5.314
4980.188,3,5,+14.368,+5.360
4983.474,3,5,+14.343,+5.386
4986.876,3,5,+14.337,+5.400
4989.07,3,5,+14.386,+5.474
4991.513,3,5,+14.428,+5.473
4992.193,3,5,+14.436,+5.472
4995.776,3,5,+14.455,+5.463
4998.581,3,5,+14.468,+5.452
5000.975,3,5,+14.465,+5.452
5005.912,3,5,+14.500,+5.499
5009.115,3,5,+14.557,+5.532
5012.97,3,5,+14.610,+5.600
5015.835,3,5,+14.611,+5.625
5019.763,3,5,+14.566,+5.679
5025.735,3,5,+14.641,+5.846
5031.477,3,5,+14.578,+5.956
5035.619,3,5,+14.461,+5.955
5040.555,3,5,+14.401,+5.961
5043.936,3,5,+14.469,+6.031
5047.441,3,5,+14.535,+6.056
5049.472,3,5,+14.569,+6.082
5057.557,3,5,+14.350,+6.041
5063.012,3,5,+14.410,+6.115
5066.276,3,5,+14.431,+6.193
5069.624,3,5,+14.457,+6.207
5071.881,3,5,+14.477,+6.254
5074.332,3,5,+14.523,+6.270
5075.008,3,5,+14.532,+6.271
5078.555,3,5,+14.553,+6.261
5081.41,3,5,+14.571,+6.247
5083.801,3,5,+14.584,+6.260
5088.723,3,5,+14.488,+6.263
5091.934,3,5,+14.503,+6.291
5095.824,3,5,+14.594,+6.348
5098.696,3,5,+14.610,+6.363
5102.626,3,5,+14.585,+6.431
5108.533,3,5,+14.515,+6.403
5114.206,3,5,+14.452,+6.430
5118.337,3,5,+14.342,+6.428
5123.275,3,5,+14.318,+6.400
5126.649,3,5,+14.280,+6.462
5130.173,3,5,+14.314,+6.512
5132.241,3,5,+14.317,+6.534
5140.381,3,5,+14.111,+6.555
5145.87,3,5,+14.134,+6.718
5149.091,3,5,+14.045,+6.757
5152.435,3,5,+14.038,+6.757
5154.724,3,5,+14.056,+6.804
5157.158,3,5,+14.078,+6.799
5157.824,3,5,+14.085,+6.799
5161.358,3,5,+14.098,+6.790
5164.243,3,5,+14.109,+6.785
5166.606,3,5,+14.106,+6.756
5171.477,3,5,+14.086,+6.807
5174.747,3,5,+14.158,+6.851
5178.63,3,5,+14.272,+6.881
5181.505,3,5,+14.282,+6.865
5185.435,3,5,+14.237,+6.842
5191.355,3,5,+14.256,+6.939
5197.064,3,5,+14.278,+7.017
5201.224,3,5,+14.196,+7.063
5206.138,3,5,+14.141,+6.962
5209.502,3,5,+14.165,+7.013
5213.065,3,5,+14.303,+7.106
5215.112,3,5,+14.349,+7.134
5223.239,3,5,+14.100,+7.062
5228.709,3,5,+14.160,+7.188
5231.918,3,5,+14.093,+7.205
5235.264,3,5,+14.099,+7.219
5237.546,3,5,+14.111,+7.198
5239.96,3,5,+14.093,+7.166
5244.168,3,5,+14.114,+7.268
5247.044,3,5,+14.144,+7.429
5249.371,3,5,+14.116,+7.464
5254.272,3,5,+14.069,+7.437
5257.535,3,5,+14.128,+7.417
5261.435,3,5,+14.155,+7.476
5264.3,3,5,+14.160,+7.486
5268.268,3,5,+14.087,+7.513
5274.144,3,5,+14.021,+7.461
5279.754,3,5,+13.933,+7.445
5283.884,3,5,+13.875,+7.379
5288.955,3,5,+13.835,+7.399
5292.321,3,5,+13.891,+7.428
5295.928,3,5,+14.010,+7.494
5297.999,3,5,+14.089,+7.518
5306.141,3,5,+13.930,+7.467
5311.704,3,5,+14.029,+7.587
5314.925,3,5,+13.978,+7.665
5318.297,3,5,+13.999,+7.685
5320.532,3,5,+14.018,+7.708
5322.984,3,5,+14.105,+7.750
5323.679,3,5,+14.121,+7.757
5327.246,3,5,+14.151,+7.770
5330.065,3,5,+14.163,+7.775
5332.372,3,5,+14.138,+7.728
5337.379,3,5,+14.137,+7.787
5340.564,3,5,+14.151,+7.821
5344.492,3,5,+14.251,+7.813
5347.341,3,5,+14.266,+7.802
5351.275,3,5,+14.204,+7.719
5357.222,3,5,+14.230,+7.714
5362.88,3,5,+14.147,+7.725
5367.036,3,5,+14.059,+7.688
5372.058,3,5,+14.117,+7.697
5375.446,3,5,+14.171,+7.752
5378.938,3,5,+14.201,+7.792
5380.995,3,5,+14.203,+7.797
5389.28,3,5,+14.166,+7.969
5394.84,3,5,+14.317,+8.133
5398.083,3,5,+14.295,+8.178
5401.48,3,5,+14.333,+8.248
5403.793,3,5,+14.380,+8.292
5406.224,3,5,+14.423,+8.308
5406.94,3,5,+14.425,+8.305
5410.399,3,5,+14.396,+8.263
5413.207,3,5,+14.365,+8.222
5415.536,3,5,+14.318,+8.189
5420.563,3,5,+14.284,+8.236
5423.83,3,5,+14.342,+8.281
5427.642,3,5,+14.376,+8.297
5430.479,3,5,+14.362,+8.282
5434.421,3,5,+14.283,+8.290
5440.381,3,5,+14.341,+8.346
5446.174,3,5,+14.442,+8.512
5450.362,3,5,+14.410,+8.528
5455.463,3,5,+14.441,+8.481
5458.839,3,5,+14.530,+8.560
5462.478,3,5,+14.631,+8.558
5464.571,3,5,+14.673,+8.581
5472.881,3,5,+14.614,+8.689
5478.428,3,5,+14.728,+8.818
5481.626,3,5,+14.646,+11.934
5484.987,3,5,+14.657,+11.869
5487.282,3,5,+14.698,+11.869
5489.711,3,5,+14.754,+11.869
5490.38,3,5,+14.764,+8.046
5493.826,3,4,+14.764,+8.046
5493.911,3,4,+14.790,+8.887
5496.766,3,4,+14.808,+8.901
5499.109,3,4,+14.798,+8.870
5504.13,3,4,+14.778,+8.969
5507.365,3,4,+14.789,+8.997
5511.267,3,4,+14.920,+8.995
5514.139,3,4,+14.931,+8.987
5518.11,3,4,+14.871,+9.094
5524.034,3,4,+14.785,+9.041
5529.711,3,4,+14.691,+8.996
5533.852,3,4,+14.643,+8.959
5538.912,3,4,+14.745,+9.013
5542.381,3,4,+14.822,+9.119
5545.902,3,4,+14.895,+9.141
5547.969,3,4,+14.917,+9.139
5556.168,3,4,+14.777,+9.261
5561.715,3,4,+14.888,+9.411
5564.907,3,4,+14.811,+9.418
5568.269,3,4,+14.838,+9.471
5570.561,3,4,+14.871,+9.513
5573.006,3,4,+14.896,+9.529
5573.712,3,4,+14.897,+9.528
5577.226,3,4,+14.886,+9.502
5580.044,3,4,+14.868,+9.469
5582.444,3,4,+14.822,+9.445
5587.397,3,4,+14.871,+9.522
5590.636,3,4,+14.941,+9.547
5594.603,3,4,+15.116,+9.683
5597.446,3,4,+15.143,+9.714
5601.46,3,4,+15.176,+9.851
5607.43,3,4,+15.110,+9.820
5613.02,3,4,+15.142,+9.814
5617.183,3,4,+15.132,+9.853
5622.22,3,4,+15.171,+9.841
5625.672,3,4,+15.199,+9.939
5629.221,3,4,+15.290,+9.973
5631.301,3,4,+15.336,+9.999
5639.489,3,4,+15.081,+9.942
5644.994,3,4,+15.074,+10.058
5648.324,3,4,+15.022,+10.089
5651.764,3,4,+15.108,+10.010
5658.365,3,5,+15.108,+10.010
5666.27,3,6,+15.108,+10.010
5669.059,3,7,+15.108,+10.010
5688.017,3,7,+39.652,+16.007
5690.758,3,7,+40.022,+16.410
5695.977,3,7,+40.255,+16.522
5699.063,3,7,+40.172,+16.360
5702.799,3,7,+40.006,+16.147
5705.596,3,7,+39.971,+16.108
5709.456,3,7,+39.801,+15.992
5715.112,3,7,+39.437,+15.689
5720.577,3,7,+39.142,+15.381
5724.705,3,7,+39.048,+15.297
5729.565,3,7,+38.865,+15.109
5732.971,3,7,+38.890,+15.105
5736.393,3,7,+38.850,+15.001
5738.484,3,7,+38.895,+15.025
5746.51,3,7,+38.465,+14.791
5751.806,3,7,+38.195,+14.596
5754.884,3,7,+38.005,+14.481
5758.235,3,7,+37.931,+14.432
5760.426,3,7,+37.876,+14.347
5762.779,3,7,+37.799,+14.262
5763.457,3,7,+37.798,+14.254
5766.998,3,7,+37.831,+14.244
5769.824,3,7,+37.882,+14.248
5772.231,3,7,+37.909,+14.307
5777.079,3,7,+37.739,+14.096
5780.203,3,7,+37.638,+13.900
5783.884,3,7,+37.532,+13.675
5786.712,3,7,+37.490,+13.583
5790.526,3,7,+37.202,+13.435
5796.27,3,7,+36.993,+13.241
5801.752,3,7,+36.745,+12.910
5805.847,3,7,+36.615,+12.776
5810.779,3,7,+36.462,+12.686
5814.171,3,7,+36.427,+12.711
5817.621,3,7,+36.438,+12.616
5819.663,3,7,+36.461,+12.591
5827.709,3,7,+36.086,+12.481
5832.976,3,7,+35.859,+12.345
5836.101,3,7,+35.708,+12.297
5839.382,3,7,+35.706,+12.249
5841.632,3,7,+35.716,+12.212
5843.991,3,7,+35.699,+12.143
5844.679,3,7,+35.695,+12.131
5848.179,3,7,+35.755,+12.109
5851.023,3,7,+35.850,+12.094
5853.429,3,7,+35.881,+12.093
5858.273,3,7,+35.726,+11.722
5861.413,3,7,+35.695,+11.541
5865.195,3,7,+35.657,+11.344
5867.992,3,7,+35.522,+11.251
5871.82,3,7,+35.337,+11.059
5877.585,3,7,+35.179,+10.910
5883.166,3,7,+35.046,+10.660
5887.32,3,7,+34.906,+10.581
5892.273,3,7,+34.924,+10.505
5895.679,3,7,+34.980,+10.516
5899.148,3,7,+34.977,+10.441
5901.179,3,7,+35.034,+10.439
5909.242,3,7,+34.750,+10.234
5914.501,3,7,+34.543,+10.099
5917.72,3,7,+34.442,+10.057
5921.048,3,7,+34.424,+10.029
5923.376,3,7,+34.507,+10.065
5925.716,3,7,+34.529,+10.028
5926.388,3,7,+34.531,+10.018
5929.907,3,7,+34.535,+9.981
5932.757,3,7,+34.540,+9.957
5935.148,3,7,+34.572,+9.967
5939.991,3,7,+34.074,+9.833
5943.148,3,7,+33.856,+9.719
5946.913,3,7,+33.789,+9.513
5949.71,3,7,+33.698,+9.483
5953.585,3,7,+33.529,+9.434
5959.351,3,7,+33.324,+9.278
5964.945,3,7,+33.261,+9.167
5969.07,3,7,+33.144,+9.131
5973.966,3,7,+33.058,+9.028
5977.374,3,7,+33.096,+9.027
5980.836,3,7,+33.115,+8.987
5982.883,3,7,+33.164,+8.974
5990.905,3,7,+32.894,+8.745
5996.108,3,7,+32.679,+8.665
5999.312,3,7,+32.540,+8.634
6002.624,3,7,+32.592,+8.621
6004.846,3,7,+32.611,+8.640
6007.33,3,7,+32.633,+8.571
6007.924,3,7,+32.639,+8.563
6011.44,3,7,+32.643,+8.551
6014.299,3,7,+32.638,+8.553
6016.69,3,7,+32.630,+8.572
6021.677,3,7,+32.566,+8.530
6024.818,3,7,+32.548,+8.432
6028.644,3,7,+32.568,+8.325
6031.473,3,7,+32.504,+8.300
6035.355,3,7,+32.477,+8.286
6041.105,3,7,+32.377,+8.184
6046.855,3,7,+32.258,+8.049
6050.824,3,7,+32.133,+7.963
6055.761,3,7,+32.095,+7.884
6059.084,3,7,+32.052,+7.822
6062.527,3,7,+32.073,+7.706
6064.554,3,7,+32.129,+7.685
6072.729,3,7,+31.907,+7.510
6077.964,3,7,+31.831,+7.502
6081.198,3,7,+31.764,+7.501
6084.464,3,7,+31.807,+7.443
6086.667,3,7,+31.797,+7.404
6089.089,3,7,+31.817,+7.359
6089.761,3,7,+31.819,+7.355
6093.273,3,7,+31.813,+7.357
6096.131,3,7,+31.804,+7.365
6098.446,3,7,+31.743,+7.363
6103.287,3,7,+31.596,+7.132
6106.482,3,7,+31.579,+7.004
6110.308,3,7,+31.532,+6.817
6113.143,3,7,+31.451,+6.788
6116.974,3,7,+31.328,+6.714
6122.76,3,7,+31.226,+6.689
6128.338,3,7,+31.126,+6.569
6132.447,3,7,+31.027,+6.488
6137.449,3,7,+30.998,+6.380
6140.838,3,7,+30.955,+6.253
6144.307,3,7,+30.999,+6.065
6146.345,3,7,+31.051,+6.050
6154.429,3,7,+30.789,+5.901
6159.757,3,7,+30.655,+5.857
6162.934,3,7,+30.571,+5.804
6166.226,3,7,+30.631,+5.740
6168.436,3,7,+30.631,+5.715
6170.844,3,7,+30.666,+5.715
6171.548,3,7,+30.672,+5.685
6175.059,3,7,+30.668,+5.685
6177.872,3,7,+30.650,+2.731
6180.231,3,7,+30.641,+2.349
6185.138,3,7,+30.460,+1.886
6188.294,3,7,+30.351,+1.816
6192.153,3,7,+30.364,+1.901
6195.263,3,7,+30.268,+1.863
6198.903,3,7,+30.209,+2.010
6204.729,3,7,+30.044,+2.170
6210.436,3,7,+30.017,+2.440
6214.544,3,7,+29.812,+2.394
6219.518,3,7,+29.761,+2.494
6222.889,3,7,+29.793,+2.635
6226.345,3,7,+29.042,+2.698
6228.37,3,7,+29.098,+2.683
6236.489,3,7,+28.947,+2.890
6241.865,3,7,+29.001,+3.142
6245.056,3,7,+28.918,+3.185
6248.343,3,7,+28.867,+3.189
6250.624,3,7,+28.811,+3.189
6252.976,3,7,+28.789,+3.189
6253.68,3,7,+28.787,+0.889
6257.086,3,6,+28.787,+0.889
6257.164,3,6,+28.831,+3.320
6260.023,3,6,+28.925,+3.298
6262.336,3,6,+28.940,+3.300
6267.238,3,6,+28.857,+3.253
6270.336,3,6,+28.811,+3.286
6274.148,3,6,+28.796,+3.450
6276.975,3,6,+28.746,+3.434
6280.819,3,6,+28.781,+3.534
6286.699,3,6,+28.815,+3.701
6292.295,3,6,+28.746,+3.874
6296.451,3,6,+28.742,+3.895
6301.467,3,6,+28.662,+4.072
6304.764,3,6,+28.649,+4.180
6308.248,3,6,+28.655,+4.258
6310.264,3,6,+28.633,+4.245
6318.389,3,6,+24.660,+4.467
6323.795,3,6,+24.831,+4.788
6326.953,3,6,+24.768,+4.795
6330.264,3,6,+24.834,+4.873
6332.467,3,6,+24.860,+4.921
6334.873,3,6,+24.844,+4.956
6335.561,3,6,+24.978,+4.968
6339.061,3,6,+24.796,+5.008
6341.905,3,6,+24.752,+5.043
6344.227,3,6,+24.699,+5.094
6349.096,3,6,+24.766,+4.932
6352.327,3,6,+24.832,+4.838
6356.114,3,6,+24.889,+4.890
6358.905,3,6,+24.792,+4.859
6362.733,3,6,+24.913,+4.810
6368.543,3,6,+24.908,+4.808
6374.199,3,6,+25.087,+4.935
6378.325,3,6,+25.070,+4.907
6383.324,3,6,+25.225,+5.025
6386.748,3,6,+25.332,+5.119
6390.191,3,6,+25.340,+5.206
6392.22,3,6,+25.291,+5.217
6400.39,3,6,+25.425,+5.463
6405.78,3,6,+25.486,+5.679
6408.94,3,6,+25.421,+5.747
6412.206,3,6,+25.403,+5.744
6414.407,3,6,+25.406,+5.750
6416.796,3,6,+25.405,+5.769
6417.464,3,6,+25.398,+5.776
6420.949,3,6,+25.350,+5.795
6423.79,3,6,+25.302,+5.811
6426.152,3,6,+25.278,+5.822
6431.094,3,6,+25.402,+5.970
6434.235,3,6,+25.450,+5.964
6438.156,3,6,+25.562,+6.169
6440.969,3,6,+25.449,+6.170
6444.891,3,6,+25.585,+6.223
6450.641,3,6,+25.534,+6.190
6456.344,3,6,+25.754,+6.387
6460.469,3,6,+25.708,+6.377
6465.453,3,6,+25.818,+6.368
6468.829,3,6,+25.851,+6.285
6472.329,3,6,+25.887,+6.323
6474.391,3,6,+25.933,+6.338
6482.516,3,6,+25.943,+6.414
6487.876,3,6,+25.833,+6.572
6491.001,3,6,+25.777,+6.626
6494.292,3,6,+25.730,+8.509
6496.521,3,6,+25.700,+8.509
6498.897,3,6,+25.652,+8.509
6499.569,3,6,+25.637,+4.475
6502.987,3,5,+25.637,+4.475
6503.059,3,5,+25.580,+6.729
6505.912,3,5,+25.527,+6.744
6508.241,3,5,+25.481,+6.750
6513.107,3,5,+25.517,+6.872
6516.279,3,5,+25.555,+6.910
6520.138,3,5,+25.614,+7.087
6522.935,3,5,+25.547,+7.089
6526.859,3,5,+25.669,+7.118
6532.672,3,5,+25.667,+7.200
6538.359,3,5,+25.863,+7.248
6542.516,3,5,+25.851,+7.271
6547.513,3,5,+25.835,+7.276
6550.95,3,5,+26.019,+7.304
6554.418,3,5,+26.012,+7.348
6556.45,3,5,+26.009,+7.337
6568.493,3,5,+30.001,+11.408
6574.891,3,5,+31.107,+12.015
6578.731,3,5,+31.739,+9.052
6583.029,3,5,+32.705,+8.790
6617.691,3,6,+32.705,+8.790
6617.86,3,6,+52.492,+0.040
6620.452,3,5,+52.492,+0.040
6620.539,3,5,+51.332,+27.754
6627.118,3,5,+52.570,+28.460
6631.742,3,5,+53.651,+28.890
6636.629,3,5,+54.093,+28.824
6639.793,3,5,+53.379,+28.700
6644.678,3,5,+52.582,+28.343
6651.739,3,5,+51.092,+27.519
6658.801,3,5,+51.862,+27.745
6665.692,3,5,+52.395,+28.498
6671.839,3,5,+52.277,+28.178
6677.555,3,5,+53.338,+28.168
6681.899,3,5,+51.536,+27.049
6684.164,3,5,+51.141,+26.806
6693.552,3,5,+51.496,+27.749
6699.568,3,5,+51.580,+27.884
6704.327,3,5,+51.802,+27.243
6707.876,3,5,+50.785,+26.358
6710.054,3,5,+50.785,+25.979
6712.358,3,5,+50.785,+25.182
6713.016,3,5,+46.524,+24.833
6716.483,3,5,+46.524,+22.870
6719.325,3,5,+27.389,+21.876
6721.671,3,5,+26.961,+21.048
6726.421,3,5,+25.539,+20.100
6729.55,3,5,+24.569,+20.034
6733.233,3,5,+24.255,+19.990
6736.035,3,5,+24.174,+20.005
6739.788,3,5,+24.264,+19.964
6745.421,3,5,+24.363,+19.887
6750.859,3,5,+24.676,+19.847
6754.937,3,5,+24.779,+19.907
6759.767,3,5,+24.959,+19.840
6763.124,3,5,+25.138,+19.956
6766.577,3,5,+25.258,+20.029
6768.593,3,5,+25.321,+20.094
6776.562,3,5,+25.497,+20.151
6781.718,3,5,+25.713,+20.078
6784.796,3,5,+25.685,+20.012
6788.073,3,5,+25.675,+20.043
6790.25,3,5,+25.708,+20.032
6792.558,3,5,+25.702,+19.993
6793.305,3,5,+25.699,+19.989
6796.717,3,5,+25.683,+19.980
6799.551,3,5,+25.641,+19.972
6801.822,3,5,+25.555,+19.944
6806.635,3,5,+25.563,+19.860
6809.76,3,5,+25.582,+19.804
6813.525,3,5,+25.614,+19.746
6816.373,3,5,+25.474,+19.748
6820.144,3,5,+25.520,+19.738
6825.769,3,5,+25.411,+19.617
6831.288,3,5,+25.553,+19.611
6835.374,3,5,+25.506,+19.605
6840.15,3,5,+25.557,+19.515
6843.537,3,5,+25.630,+19.616
6846.994,3,5,+25.743,+19.700
6849.024,3,5,+25.787,+19.725
6857.189,3,5,+25.949,+19.685
6862.146,3,5,+26.057,+19.679
6865.318,3,5,+26.071,+19.697
6868.553,3,5,+25.958,+19.660
6870.74,3,5,+25.948,+19.626
6873.1,3,5,+25.926,+19.591
6873.787,3,5,+25.919,+19.592
6877.272,3,5,+25.878,+19.608
6880.162,3,5,+25.837,+19.629
6882.537,3,5,+25.784,+19.690
6887.35,3,5,+25.936,+19.565
6890.38,3,5,+25.924,+19.468
6894.084,3,5,+25.965,+19.419
6896.897,3,5,+25.871,+19.395
6900.709,3,5,+26.032,+19.386
6906.428,3,5,+26.060,+19.329
6911.952,3,5,+26.229,+19.312
6916.009,3,5,+26.218,+19.300
6920.833,3,5,+26.251,+19.212
6924.163,3,5,+26.265,+19.259
6927.601,3,5,+26.277,+19.290
6929.616,3,5,+26.304,+19.315
6937.616,3,5,+26.463,+19.346
6942.835,3,5,+26.637,+19.410
6945.945,3,5,+26.586,+19.450
6949.21,3,5,+26.494,+19.445
6951.429,3,5,+26.492,+19.460
6953.82,3,5,+26.490,+19.470
6954.476,3,5,+26.488,+19.477
6957.995,3,5,+26.467,+19.516
6960.842,3,5,+26.437,+19.556
6963.195,3,5,+26.298,+19.547
6967.934,3,5,+26.318,+19.414
6970.995,3,5,+26.302,+19.314
6974.716,3,5,+26.308,+19.245
6977.524,3,5,+26.235,+19.194
6981.319,3,5,+26.355,+19.220
6987.09,3,5,+26.431,+19.175
6992.581,3,5,+26.593,+19.168
6996.657,3,5,+26.567,+19.154
7001.551,3,5,+26.719,+19.174
7004.848,3,5,+26.760,+19.225
7008.286,3,5,+26.799,+19.213
7010.319,3,5,+26.819,+19.229
7018.318,3,5,+26.959,+19.251
7023.626,3,5,+27.141,+19.316
7026.768,3,5,+27.147,+19.366
7030.017,3,5,+27.114,+19.342
7032.22,3,5,+27.117,+19.331
7034.564,3,5,+27.139,+19.327
7035.252,3,5,+27.140,+19.330
7038.736,3,5,+27.117,+19.350
7041.611,3,5,+27.074,+19.366
7043.908,3,5,+26.920,+19.374
7048.703,3,5,+26.982,+19.354
7051.833,3,5,+27.033,+19.338
7055.555,3,5,+27.054,+19.317
7058.367,3,5,+26.931,+19.291
7062.149,3,5,+27.044,+19.287
7067.834,3,5,+27.025,+19.179
7073.354,3,5,+27.170,+19.195
7077.42,3,5,+27.101,+19.155
7082.217,3,5,+27.127,+19.070
7085.517,3,5,+27.124,+19.097
7088.939,3,5,+27.175,+19.105
7090.955,3,5,+27.166,+19.111
7098.923,3,5,+27.243,+19.121
7104.189,3,5,+27.363,+19.103
7107.298,3,5,+27.278,+19.061
7110.564,3,5,+27.251,+19.056
7112.736,3,5,+27.263,+19.014
7115.049,3,5,+27.245,+18.971
7115.705,3,5,+27.238,+18.967
7119.189,3,5,+27.193,+18.961
7122.017,3,5,+27.142,+18.964
7124.377,3,5,+27.036,+18.975
7129.107,3,5,+27.195,+18.924
7132.265,3,5,+27.213,+18.854
7135.952,3,5,+27.281,+18.799
7138.718,3,5,+27.212,+18.746
7142.531,3,5,+27.372,+18.767
7148.276,3,5,+27.400,+18.735
7153.8,3,5,+27.543,+18.760
7157.882,3,5,+27.486,+18.744
7162.781,3,5,+27.609,+18.700
7166.064,3,5,+27.646,+18.730
7169.478,3,5,+27.678,+18.703
7171.496,3,5,+27.660,+18.676
7179.534,3,5,+27.784,+18.747
7184.893,3,5,+28.025,+18.894
7188.035,3,5,+27.939,+18.890
7191.299,3,5,+27.900,+18.882
7193.518,3,5,+27.915,+18.869
7195.893,3,5,+27.912,+18.867
7196.581,3,5,+27.906,+18.869
7200.05,3,5,+27.855,+18.865
7202.862,3,5,+27.792,+18.848
7205.143,3,5,+27.676,+18.815
7209.987,3,5,+27.867,+18.822
7213.128,3,5,+27.919,+18.763
7216.909,3,5,+28.063,+18.786
7219.706,3,5,+28.019,+18.753
7223.596,3,5,+28.197,+18.741
7229.393,3,5,+28.271,+18.738
7235.029,3,5,+28.514,+18.826
7239.149,3,5,+28.549,+18.823
7244.134,3,5,+28.725,+18.868
7247.43,3,5,+28.746,+18.889
7250.806,3,5,+28.731,+18.862
7252.852,3,5,+28.695,+18.838
7260.821,3,5,+28.764,+18.772
7266.121,3,5,+28.810,+18.848
7269.233,3,5,+28.782,+18.831
7272.441,3,5,+28.704,+18.780
7274.582,3,5,+28.639,+18.717
7276.857,3,5,+28.584,+18.655
7277.578,3,5,+28.571,+18.647
7281.021,3,5,+28.510,+18.617
7283.843,3,5,+28.452,+18.594
7286.101,3,5,+28.300,+18.555
7291.012,3,5,+28.472,+18.528
7294.168,3,5,+28.526,+18.512
7297.856,3,5,+28.530,+18.441
7300.637,3,5,+28.456,+18.392
7304.434,3,5,+28.585,+18.388
7310.275,3,5,+28.627,+18.365
7315.816,3,5,+28.668,+18.346
7319.957,3,5,+28.613,+18.389
7324.847,3,5,+28.621,+18.389
7328.129,3,5,+28.593,+18.409
7331.566,3,5,+28.602,+18.432
7333.597,3,5,+28.592,+18.434
7341.597,3,5,+28.660,+18.393
7347.004,3,5,+28.863,+18.490
7350.113,3,5,+28.814,+18.506
7353.41,3,5,+28.771,+18.507
7355.595,3,5,+28.791,+18.506
7357.959,3,5,+28.800,+18.490
7358.697,3,5,+28.795,+18.489
7362.135,3,5,+28.739,+18.477
7364.963,3,5,+28.702,+18.489
7367.306,3,5,+28.615,+18.498
7372.135,3,5,+28.741,+18.477
7375.26,3,5,+28.797,+18.417
7379.025,3,5,+28.873,+18.453
7381.869,3,5,+28.823,+18.432
7385.728,3,5,+28.990,+18.478
7391.512,3,5,+29.096,+18.466
7397.119,3,5,+29.299,+18.575
7401.218,3,5,+29.293,+18.584
7406.397,3,5,+29.679,+18.824
7409.776,3,5,+29.783,+18.898
7413.199,3,5,+29.853,+18.934
7415.221,3,5,+29.869,+18.956
7423.454,3,5,+30.163,+19.180
7428.766,3,5,+30.283,+19.289
7431.918,3,5,+30.267,+19.318
7435.163,3,5,+30.214,+19.292
7437.366,3,5,+30.261,+19.290
7439.755,3,5,+30.292,+19.309
7440.445,3,5,+30.295,+19.320
7443.951,3,5,+30.282,+19.362
7446.826,3,5,+30.254,+19.397
7449.123,3,5,+30.145,+19.377
7453.938,3,5,+30.235,+19.330
7457.04,3,5,+30.238,+19.295
7460.829,3,5,+30.272,+19.217
7463.641,3,5,+30.207,+19.180
7467.44,3,5,+30.228,+19.153
7473.241,3,5,+30.267,+19.148
7478.798,3,5,+30.386,+19.154
7482.88,3,5,+30.299,+19.131
7487.864,3,5,+30.457,+19.126
7491.198,3,5,+30.537,+19.185
7494.693,3,5,+30.520,+19.175
7496.698,3,5,+30.499,+19.186
7504.757,3,5,+30.530,+19.202
7510.097,3,5,+30.698,+19.320
7513.257,3,5,+30.665,+19.372
7516.497,3,5,+30.608,+19.365
7518.681,3,5,+30.612,+19.340
7521.038,3,5,+30.596,+19.343
7521.733,3,5,+30.592,+19.351
7525.236,3,5,+30.562,+19.380
7528.085,3,5,+30.527,+19.403
7530.366,3,5,+30.413,+19.378
7535.21,3,5,+30.512,+19.342
7538.356,3,5,+30.549,+19.303
7542.164,3,5,+30.609,+19.349
7544.984,3,5,+30.564,+19.320
7548.783,3,5,+30.690,+19.257
7554.602,3,5,+30.837,+19.243
7560.263,3,5,+30.929,+19.292
7564.321,3,5,+30.927,+19.276
7569.314,3,5,+31.093,+19.264
7572.596,3,5,+31.134,+19.277
7576.111,3,5,+31.231,+19.345
7578.124,3,5,+31.235,+19.361
7586.137,3,5,+31.199,+19.163
7591.546,3,5,+31.349,+19.245
7594.661,3,5,+31.320,+19.211
7597.954,3,5,+31.288,+19.218
7600.126,3,5,+31.287,+19.203
7602.501,3,5,+31.298,+19.214
7603.361,3,5,+31.295,+19.219
7606.767,3,5,+31.256,+19.227
7609.529,3,5,+31.214,+19.233
7611.833,3,5,+31.132,+19.251
7616.727,3,5,+31.198,+19.165
7619.852,3,5,+31.187,+19.058
7623.665,3,5,+31.229,+19.031
7626.477,3,5,+31.156,+19.007
7630.305,3,5,+31.229,+19.023
7636.149,3,5,+31.337,+18.996
7641.79,3,5,+31.473,+19.061
7645.852,3,5,+31.392,+19.008
7650.796,3,5,+31.486,+19.000
7654.097,3,5,+31.474,+18.991
7657.546,3,5,+31.478,+18.979
7659.562,3,5,+31.471,+18.993
7667.593,3,5,+31.383,+18.767
7672.895,3,5,+31.480,+18.789
7676.03,3,5,+31.388,+18.768
7679.267,3,5,+31.360,+18.782
7681.42,3,5,+31.300,+18.721
7683.779,3,5,+31.283,+18.662
7684.451,3,5,+31.281,+18.660
7687.955,3,5,+31.288,+18.679
7690.829,3,5,+31.311,+18.718
7693.122,3,5,+31.236,+18.726
7697.996,3,5,+31.220,+18.614
7701.137,3,5,+31.211,+18.557
7704.93,3,5,+31.212,+18.498
7707.727,3,5,+31.147,+18.466
7711.524,3,5,+31.120,+18.431
7717.337,3,5,+31.242,+18.428
7723.009,3,5,+31.464,+18.496
7727.134,3,5,+31.489,+18.490
7732.134,3,5,+31.720,+18.519
7735.446,3,5,+31.746,+18.539
7738.887,3,5,+31.778,+18.514
7740.934,3,5,+31.775,+18.535
7748.919,3,5,+31.701,+18.338
7754.262,3,5,+31.820,+18.270
7757.419,3,5,+31.783,+18.289
7760.7,3,5,+31.794,+18.349
7762.888,3,5,+31.784,+18.347
7765.262,3,5,+31.809,+18.352
7765.981,3,5,+31.810,+18.360
7769.466,3,5,+31.803,+18.398
7772.341,3,5,+31.792,+18.441
7774.638,3,5,+31.676,+18.427
7779.497,3,5,+31.782,+18.289
7782.608,3,5,+31.805,+18.166
7786.449,3,5,+31.911,+18.156
7789.279,3,5,+31.864,+18.134
7793.099,3,5,+31.957,+18.135
7798.989,3,5,+32.073,+18.125
7804.505,3,5,+32.154,+18.037
7808.599,3,5,+32.060,+18.014
7813.599,3,5,+32.149,+17.957
7816.88,3,5,+32.168,+17.958
7820.364,3,5,+32.223,+17.980
7822.395,3,5,+32.234,+18.005
7830.472,3,5,+32.189,+17.923
7835.816,3,5,+32.311,+17.978
7838.973,3,5,+32.311,+18.019
7842.238,3,5,+32.294,+18.025
7844.486,3,5,+32.299,+18.011
7846.859,3,5,+32.297,+17.951
7847.543,3,5,+32.297,+17.947
7851.025,3,5,+32.286,+17.965
7853.963,3,5,+32.283,+18.004
7856.166,3,5,+32.162,+17.959
7861.047,3,5,+32.205,+17.848
7864.141,3,5,+32.222,+17.665
7867.96,3,5,+32.293,+17.570
7870.786,3,5,+32.241,+17.521
7874.585,3,5,+32.345,+17.464
7880.367,3,5,+32.359,+17.368
7885.96,3,5,+32.466,+17.318
7890.039,3,5,+32.415,+17.294
7895.116,3,5,+32.637,+17.371
7898.501,3,5,+32.724,+17.440
7901.985,3,5,+32.777,+17.445
7904.282,3,5,+32.797,+17.466
7912.001,3,5,+32.723,+17.298
7917.425,3,5,+32.814,+17.376
7920.602,3,5,+32.801,+17.422
7923.859,3,5,+32.799,+17.478
7926.073,3,5,+32.823,+17.460
7928.464,3,5,+32.823,+17.431
7929.14,3,5,+32.826,+17.432
7932.628,3,5,+32.845,+17.453
7935.503,3,5,+32.864,+17.480
7937.832,3,5,+32.792,+17.513
7942.8,3,5,+32.939,+17.495
7945.894,3,5,+32.953,+17.394
7949.707,3,5,+32.960,+17.334
7952.519,3,5,+32.934,+17.318
7956.3,3,5,+32.958,+17.242
7962.129,3,5,+32.974,+17.172
7967.756,3,5,+33.100,+17.192
7971.817,3,5,+33.053,+17.134
7976.723,3,5,+33.011,+17.065
7980.113,3,5,+32.983,+17.076
7983.582,3,5,+33.075,+17.095
7985.613,3,5,+33.118,+17.097
7993.632,3,5,+33.004,+16.874
7998.932,3,5,+32.975,+16.817
8002.101,3,5,+32.931,+16.766
8005.414,3,5,+32.915,+16.775
8007.586,3,5,+32.936,+16.781
8009.946,3,5,+32.920,+16.720
8010.633,3,5,+32.918,+16.714
8014.165,3,5,+32.917,+16.716
8016.993,3,5,+32.922,+16.732
8019.336,3,5,+32.840,+16.748
8024.212,3,5,+32.792,+16.638
8027.321,3,5,+32.752,+16.533
8031.124,3,5,+32.782,+16.559
8033.952,3,5,+32.741,+16.569
8037.827,3,5,+32.799,+16.568
8043.624,3,5,+32.881,+16.511
8049.332,3,5,+33.094,+16.403
8053.481,3,5,+33.097,+16.367
8058.419,3,5,+33.150,+16.260
8061.762,3,5,+33.195,+16.291
8065.262,3,5,+33.284,+16.349
8067.309,3,5,+33.328,+16.356
8075.356,3,5,+33.177,+16.298
8080.747,3,5,+33.286,+16.361
8083.966,3,5,+33.314,+16.428
8087.278,3,5,+33.328,+16.437
8089.481,3,5,+33.342,+16.420
8091.856,3,5,+33.317,+16.362
8092.544,3,5,+33.311,+16.357
8096.028,3,5,+33.275,+16.351
8098.872,3,5,+33.238,+16.359
8101.2,3,5,+33.138,+16.378
8106.2,3,5,+33.363,+16.377
8109.372,3,5,+33.402,+16.234
8113.232,3,5,+33.471,+16.227
8116.014,3,5,+33.401,+16.202
8119.825,3,5,+33.559,+16.156
8125.651,3,5,+33.568,+16.004
8131.275,3,5,+33.744,+16.020
8135.447,3,5,+33.712,+15.997
8140.416,3,5,+33.836,+15.946
8143.728,3,5,+33.851,+15.975
8147.212,3,5,+33.917,+15.992
8149.244,3,5,+33.919,+15.981
8157.338,3,5,+33.999,+15.927
8162.744,3,5,+34.177,+15.936
8165.963,3,5,+34.208,+15.958
8169.322,3,5,+34.238,+16.020
8171.561,3,5,+34.274,+16.008
8173.902,3,5,+34.272,+15.944
8174.605,3,5,+34.269,+15.937
8178.098,3,5,+34.246,+15.929
8180.946,3,5,+34.218,+15.930
8183.275,3,5,+34.169,+15.953
8188.244,3,5,+34.216,+15.843
8191.369,3,5,+34.241,+15.747
8195.244,3,5,+34.390,+15.754
8198.088,3,5,+34.370,+15.740
8201.994,3,5,+34.606,+15.738
8207.894,3,5,+34.720,+15.711
8213.555,3,5,+34.948,+15.800
8217.699,3,5,+34.932,+15.809
8222.712,3,5,+35.099,+15.833
8226.045,3,5,+35.101,+15.883
8229.528,3,5,+35.163,+15.883
8231.562,3,5,+35.140,+15.887
8239.772,3,5,+35.332,+15.880
8245.289,3,5,+35.569,+16.007
8248.554,3,5,+35.560,+16.044
8251.804,3,5,+35.577,+16.077
8254.039,3,5,+35.626,+16.081
8256.429,3,5,+35.622,+16.058
8257.134,3,5,+35.620,+16.058
8260.617,3,5,+35.602,+16.060
8263.476,3,5,+35.581,+16.063
8265.851,3,5,+35.525,+16.076
8270.851,3,5,+35.665,+15.971
8273.992,3,5,+35.721,+15.866
8277.884,3,5,+35.861,+15.809
8280.971,3,5,+35.811,+15.770
8284.62,3,5,+36.004,+15.771
8290.464,3,5,+36.134,+15.680
8296.12,3,5,+36.318,+15.686
8300.234,3,5,+36.332,+15.634
8305.205,3,5,+36.346,+15.471
8308.495,3,5,+36.382,+15.461
8311.995,3,5,+36.419,+15.465
8314.042,3,5,+36.431,+15.457
8322.183,3,5,+36.492,+15.319
8327.714,3,5,+36.646,+15.402
8330.933,3,5,+36.636,+15.417
8334.23,3,5,+36.652,+15.409
8336.511,3,5,+36.700,+15.434
8338.933,3,5,+36.722,+15.425
8339.652,3,5,+36.725,+15.427
8343.152,3,5,+36.725,+15.439
8346.011,3,5,+36.721,+15.448
8348.339,3,5,+36.686,+15.453
8353.308,3,5,+36.694,+15.392
8356.552,3,5,+36.742,+15.305
8360.383,3,5,+36.819,+15.285
8363.18,3,5,+36.812,+15.272
8367.142,3,5,+36.995,+15.325
8372.968,3,5,+37.086,+19.566
8378.609,3,5,+37.158,+16.686
8382.718,3,4,+37.158,+16.686
8382.814,3,4,+37.253,+15.252
8387.874,3,4,+37.445,+15.289
8391.405,3,4,+37.698,+15.461
8394.967,3,4,+37.825,+15.524
8397.027,3,4,+37.870,+15.554
8405.262,3,4,+38.091,+15.685
8412.183,3,4,+39.808,+17.208
8417.684,3,4,+42.002,+19.465
8421.765,3,4,+42.792,+20.241
8424.28,3,4,+43.061,+20.466
8426.921,3,4,+43.306,+20.660
8427.749,3,4,+43.458,+20.810
8433.265,3,4,+45.468,+22.093
8437.63,3,4,+46.955,+19.071
8441.046,3,4,+48.007,+19.090
8446.749,3,4,+48.742,+19.397
8450.108,3,4,+49.023,+19.364
8455.765,3,4,+50.694,+20.681
8460.139,3,4,+51.864,+21.692
8464.575,3,4,+49.550,+20.849
8471.703,3,4,+48.975,+20.207
8480.125,3,4,+48.507,+20.037
8486.594,3,4,+46.934,+20.869
8492.218,3,4,+46.054,+20.889
8495.953,3,4,+45.827,+21.062
8499.992,3,4,+45.773,+20.492
8502.905,3,4,+46.336,+20.049
8513.653,3,4,+48.312,+21.074
8519.975,3,4,+49.031,+20.007
8524.286,3,4,+48.962,+20.162
8529.887,3,4,+49.712,+21.114
8533.262,3,4,+50.088,+21.491
8536.418,3,4,+50.052,+21.207
8537.418,3,4,+49.976,+20.919
8541.622,3,4,+49.642,+19.234
8545.247,3,4,+49.444,+19.003
8548.481,3,4,+49.363,+19.479
8554.465,3,4,+49.711,+20.169
8558.63,3,4,+49.526,+20.186
8563.572,3,4,+49.644,+20.386
8567.291,3,4,+49.569,+20.801
8572.037,3,4,+49.404,+20.181
8580.487,3,4,+49.739,+20.427
8588.567,3,4,+49.109,+20.405
8595.551,3,4,+48.670,+20.086
8600.786,3,4,+48.257,+19.672
8604.77,3,4,+48.601,+20.148
8608.942,3,4,+49.025,+20.495
8611.649,3,4,+49.560,+20.935
8621.766,3,4,+50.198,+21.380
8628.141,3,4,+50.102,+20.224
8632.625,3,4,+49.810,+19.799
8637.11,3,4,+49.604,+19.868
8639.735,3,4,+49.218,+19.482
8642.235,3,4,+48.506,+18.534
8642.954,3,4,+48.263,+18.191
8646.469,3,4,+47.013,+16.633
8649.391,3,4,+45.953,+15.468
8651.844,3,4,+45.276,+15.188
8656.876,3,4,+44.330,+15.212
8660.075,3,4,+43.321,+15.209
8664.038,3,4,+42.453,+15.085
8666.929,3,4,+41.667,+15.074
8670.866,3,4,+40.695,+15.113
8676.826,3,4,+38.263,+15.176
8682.497,3,4,+38.307,+15.280
8686.653,3,4,+38.266,+15.362
8691.622,3,4,+38.336,+15.366
8695.075,3,4,+38.388,+15.496
8698.669,3,4,+38.519,+15.429
8700.669,3,4,+38.537,+15.438
8708.917,3,4,+38.708,+15.510
8714.411,3,4,+38.905,+15.686
8717.63,3,4,+38.937,+15.695
8721.02,3,4,+39.036,+15.724
8723.364,3,4,+39.079,+15.731
8725.708,3,4,+39.081,+15.664
8726.411,3,4,+39.078,+15.655
8729.911,3,4,+39.070,+15.635
8732.809,3,4,+39.063,+15.630
8735.116,3,4,+38.937,+15.622
8740.111,3,4,+38.983,+15.673
8743.33,3,4,+39.064,+15.707
8747.267,3,4,+39.102,+15.699
8750.064,3,4,+39.064,+15.687
8754.048,3,4,+39.261,+15.825
8759.966,3,4,+39.387,+15.888
8765.802,3,4,+39.716,+16.204
8769.945,3,4,+39.758,+16.309
8775.008,3,4,+39.910,+16.301
8778.424,3,4,+39.951,+16.365
8781.927,3,4,+40.020,+16.247
8783.962,3,4,+40.061,+16.219
8792.165,3,4,+40.218,+16.294
8797.743,3,4,+40.529,+16.516
8801.056,3,4,+40.575,+16.629
8804.54,3,4,+40.676,+16.743
8806.868,3,4,+40.704,+16.793
8809.243,3,4,+40.622,+16.781
8809.946,3,4,+40.497,+16.778
6.86,6,6,,
3229.543,6,6,+1.208,+0.520
3231.621,6,7,+1.208,+0.520
3231.793,6,8,+1.208,+0.520
3231.933,6,9,+1.208,+0.520
3232.262,6,10,+1.208,+0.520
3232.277,6,11,+1.208,+0.520
3232.293,6,12,+1.208,+0.520
3232.355,6,14,+1.208,+0.520
3232.558,6,15,+1.208,+0.520
3232.621,6,16,+1.208,+0.520
3232.715,6,14,+1.208,+0.520
3232.808,6,14,+1.277,+0.053
3235.699,6,12,+1.277,+0.053
3235.777,6,12,+1.725,+0.378
3236.121,6,13,+1.725,+0.378
3236.152,6,14,+1.725,+0.378
3241.617,6,14,+2.532,+0.179
3245.04,6,14,+2.889,+0.266
3249.207,6,14,+3.429,+0.343
3252.076,6,14,+3.439,+0.240
3257.137,6,15,+3.439,+0.240
3257.355,6,15,+4.194,+0.143
3262.589,6,14,+4.194,+0.143
3262.673,6,14,+4.430,+0.170
3268.565,6,15,+4.430,+0.170
3268.816,6,15,+5.222,+0.169
3273.303,6,15,+5.544,+0.123
3278.698,6,15,+6.334,+0.111
3282.589,6,15,+6.920,+0.214
3286.229,6,15,+7.224,+0.175
3288.292,6,15,+7.253,+0.196
3296.763,6,15,+7.879,+0.197
3302.2,6,15,+8.208,+0.057
3305.388,6,14,+8.208,+0.057
3305.466,6,14,+8.389,+0.657
3308.904,6,14,+8.465,+0.633
3311.263,6,14,+8.581,+0.574
3313.638,6,14,+8.604,+0.536
3314.354,6,14,+8.597,+0.531
3317.772,6,14,+8.466,+0.558
3320.585,6,14,+8.388,+0.695
3323.054,6,14,+8.481,+0.671
3328.241,6,14,+8.891,+0.588
3331.417,6,14,+8.928,+0.390
3335.387,6,14,+9.125,+0.426
3338.226,6,14,+9.058,+0.398
3342.554,6,14,+9.501,+0.406
3348.523,6,14,+9.733,+0.396
3354.32,6,14,+10.015,+0.372
3358.646,6,14,+10.161,+0.378
3363.729,6,14,+10.470,+0.401
3367.261,6,14,+10.556,+0.332
3370.776,6,14,+10.649,+0.299
3372.776,6,14,+10.639,+0.244
3381.276,6,14,+11.141,+0.420
3386.769,6,14,+11.429,+0.360
3390.082,6,14,+11.539,+0.397
3393.448,6,14,+11.478,+0.401
3395.795,6,14,+11.561,+0.342
3398.205,6,14,+11.622,+0.293
3398.861,6,14,+11.620,+0.281
3402.245,6,14,+11.458,+0.210
3405.167,6,14,+11.239,+0.158
3407.23,6,14,+11.133,+0.168
3412.605,6,14,+11.674,+0.191
3415.871,6,14,+11.838,+0.006
3419.496,6,13,+11.838,+0.006
3419.574,6,13,+11.805,+1.117
3422.433,6,13,+11.735,+1.094
3426.621,6,13,+12.007,+1.086
3432.621,6,13,+12.201,+1.034
3438.387,6,13,+12.491,+1.013
3442.668,6,13,+12.605,+0.980
3447.777,6,13,+12.895,+0.967
3451.199,6,13,+12.963,+0.897
3454.652,6,13,+13.056,+0.803
3456.762,6,13,+13.115,+0.810
3465.199,6,13,+13.549,+0.884
3470.699,6,13,+13.792,+0.927
3473.949,6,13,+13.810,+0.784
3477.309,6,13,+13.815,+0.787
3479.637,6,13,+13.929,+0.790
3482.043,6,13,+13.978,+0.775
3482.715,6,13,+13.984,+0.773
3486.162,6,13,+13.891,+0.791
3488.93,6,13,+13.784,+0.865
3491.368,6,13,+13.861,+0.863
3496.495,6,13,+14.106,+0.830
3499.637,6,13,+14.134,+0.760
3503.499,6,13,+14.173,+0.612
3506.354,6,13,+14.088,+0.545
3510.588,6,13,+14.467,+0.574
3516.573,6,13,+14.631,+0.489
3522.338,6,13,+14.810,+0.461
3526.588,6,13,+14.811,+0.388
3531.705,6,13,+15.086,+0.491
3535.195,6,13,+15.209,+0.509
3538.799,6,13,+15.347,+0.510
3540.825,6,13,+15.395,+0.505
3549.441,6,13,+15.851,+0.745
3554.987,6,13,+16.069,+0.779
3558.287,6,13,+16.106,+0.765
3561.663,6,13,+16.128,+0.744
3563.994,6,13,+16.259,+0.716
3566.441,6,13,+16.341,+0.663
3567.163,6,13,+16.347,+0.653
3570.548,6,13,+16.234,+0.624
3573.234,6,13,+16.053,+0.628
3575.67,6,13,+16.114,+0.599
3580.858,6,13,+16.383,+0.627
3584.104,6,13,+16.425,+0.608
3587.975,6,13,+16.476,+0.396
3590.863,6,13,+16.405,+0.334
3595.236,6,13,+16.862,+0.472
3601.224,6,13,+16.977,+0.395
3607.163,6,13,+17.181,+0.442
3611.405,6,13,+17.276,+0.431
3616.623,6,13,+17.560,+0.482
3620.107,6,13,+17.694,+0.455
3623.639,6,13,+17.790,+0.360
3625.654,6,13,+17.819,+0.316
3634.223,6,13,+18.212,+0.412
3639.707,6,13,+18.422,+0.421
3643.317,6,13,+18.460,+0.395
3646.411,6,13,+18.493,+0.368
3648.77,6,13,+18.632,+0.372
3651.231,6,13,+18.714,+0.361
3651.923,6,13,+18.718,+0.354
3655.35,6,13,+18.592,+0.307
3658.006,6,13,+18.367,+0.284
3660.401,6,13,+18.361,+0.299
3665.585,6,13,+18.582,+0.278
3668.831,6,13,+18.582,+0.137
3672.567,6,12,+18.582,+0.137
3672.663,6,12,+18.569,+0.611
3675.605,6,13,+18.569,+0.611
3675.675,6,12,+18.569,+0.611
3675.758,6,12,+18.539,+0.529
3679.694,6,12,+18.847,+0.540
3685.821,6,12,+19.154,+0.537
3691.689,6,12,+19.373,+0.580
3695.944,6,12,+19.472,+0.531
3701.167,6,12,+19.842,+0.708
3704.62,6,12,+19.989,+0.683
3708.167,6,12,+20.097,+0.684
3710.245,6,12,+20.083,+0.672
3718.73,6,12,+20.487,+0.922
3724.293,6,12,+20.680,+0.854
3727.636,6,12,+20.692,+0.795
3730.964,6,12,+20.649,+0.770
3733.308,6,12,+20.707,+0.776
3735.732,6,12,+20.743,+0.774
3736.437,6,12,+20.744,+0.774
3739.905,6,12,+20.632,+0.762
3742.671,6,12,+20.461,+0.766
3744.952,6,12,+20.484,+0.659
3750.093,6,12,+20.710,+0.568
3753.468,6,12,+20.869,+0.505
3757.265,6,12,+20.804,+0.252
3760.093,6,12,+20.752,+0.148
3764.365,6,12,+21.118,+0.098
3770.187,6,11,+21.118,+0.098
3770.265,6,11,+21.142,+0.659
3776.044,6,11,+21.337,+0.692
3780.284,6,11,+21.360,+0.682
3785.503,6,11,+21.708,+0.803
3788.971,6,11,+21.819,+0.722
3792.549,6,11,+21.907,+0.667
3794.628,6,11,+21.900,+0.656
3803.175,6,11,+22.261,+0.759
3808.693,6,11,+22.382,+0.650
3812.052,6,11,+22.467,+0.635
3815.458,6,11,+22.460,+0.577
3817.834,6,11,+22.554,+0.541
3820.312,6,11,+22.629,+0.565
3821.005,6,11,+22.634,+0.564
3824.451,6,11,+22.532,+0.477
3827.125,6,11,+22.375,+0.349
3829.66,6,11,+22.488,+0.413
3834.931,6,11,+22.788,+0.535
3838.197,6,11,+22.850,+0.402
3842.166,6,11,+22.966,+0.397
3845.056,6,11,+22.977,+0.404
3849.426,6,11,+23.382,+0.586
3855.532,6,11,+23.561,+0.560
3861.314,6,11,+23.650,+0.584
3865.579,6,11,+23.759,+0.612
3870.829,6,11,+24.031,+0.742
3874.35,6,11,+24.147,+0.665
3877.897,6,11,+24.153,+0.579
3879.944,6,11,+24.121,+0.558
3888.476,6,11,+24.438,+0.612
3894.001,6,11,+24.523,+0.501
3897.376,6,11,+24.556,+0.444
3900.766,6,11,+24.549,+0.412
3903.126,6,11,+24.660,+0.389
3905.642,6,11,+24.720,+0.437
3906.345,6,11,+24.723,+0.438
3909.798,6,11,+24.620,+0.353
3912.485,6,11,+24.447,+0.213
3914.767,6,11,+24.341,+0.022
3920.642,6,11,+25.208,+0.560
3924.204,6,11,+25.508,+0.680
3928.207,6,11,+25.576,+0.624
3931.085,6,11,+25.569,+0.621
3935.354,6,11,+25.871,+0.705
3941.391,6,11,+25.962,+0.632
3947.297,6,11,+26.166,+0.719
3951.525,6,11,+26.218,+0.699
3956.733,6,11,+26.541,+0.835
3960.233,6,11,+26.704,+0.738
3963.811,6,11,+26.791,+0.661
3965.894,6,11,+26.795,+0.631
3974.367,6,11,+27.047,+0.672
3979.883,6,11,+27.207,+0.582
3983.32,6,11,+27.310,+0.616
3986.774,6,11,+27.322,+0.580
3989.086,6,11,+27.408,+0.554
3991.586,6,11,+27.439,+0.562
3992.242,6,11,+27.439,+0.559
3995.711,6,11,+27.338,+0.467
3998.414,6,11,+27.176,+0.325
4000.805,6,11,+27.184,+0.299
4006.114,6,11,+27.508,+0.408
4009.458,6,11,+27.597,+0.350
4013.286,6,11,+27.588,+0.160
4016.083,6,11,+27.528,+0.080
4020.239,6,10,+27.528,+0.080
4020.333,6,10,+27.797,+3.249
4026.365,6,10,+27.849,+3.248
4032.205,6,10,+27.963,+3.241
4036.443,6,10,+28.046,+3.167
4041.505,6,10,+28.107,+3.024
4044.958,6,10,+28.171,+2.901
4048.568,6,10,+28.207,+2.890
4050.615,6,10,+28.236,+2.887
4058.99,6,10,+28.298,+2.888
4064.459,6,10,+28.378,+2.814
4067.888,6,10,+28.420,+2.798
4071.272,6,10,+28.382,+2.687
4073.606,6,10,+28.406,+2.654
4076.059,6,10,+28.434,+2.657
4076.778,6,10,+28.438,+2.657
4080.322,6,10,+28.425,+2.653
4083.163,6,10,+28.400,+2.642
4085.554,6,10,+28.408,+2.586
4090.674,6,10,+28.498,+2.607
4093.992,6,10,+28.481,+2.486
4097.858,6,10,+28.478,+2.384
4100.722,6,10,+28.467,+2.318
4104.884,6,10,+28.683,+2.397
4110.913,6,10,+28.709,+2.351
4116.698,6,10,+28.775,+2.315
4120.899,6,10,+28.753,+2.215
4126.062,6,10,+28.949,+2.222
4129.484,6,10,+28.960,+2.084
4133.078,6,10,+29.053,+2.011
4135.156,6,10,+29.073,+1.988
4143.529,6,10,+29.108,+1.869
4148.994,6,10,+29.189,+1.845
4152.384,6,10,+29.265,+1.846
4155.806,6,10,+29.267,+1.796
4158.134,6,10,+29.260,+1.784
4160.588,6,10,+29.267,+1.784
4161.291,6,9,+29.267,+1.784
4161.322,6,9,+29.268,+1.801
4164.838,6,9,+29.251,+1.769
4167.681,6,9,+29.228,+1.699
4170.068,6,9,+29.263,+1.570
4175.278,6,9,+29.363,+1.582
4178.591,6,9,+29.385,+1.548
4182.497,6,9,+29.443,+1.490
4185.372,6,9,+29.437,+1.436
4189.575,6,9,+29.611,+1.570
4195.606,6,9,+29.658,+1.509
4201.325,6,9,+29.700,+1.473
4205.638,6,9,+29.756,+1.478
4210.794,6,9,+29.878,+1.314
4214.278,6,9,+29.964,+1.191
4217.903,6,9,+30.085,+1.190
4219.982,6,9,+30.089,+1.164
4228.497,6,9,+25.168,+1.267
4234.091,6,9,+25.330,+1.241
4237.49,6,9,+25.374,+1.253
4240.873,6,9,+25.402,+1.172
4243.248,6,9,+25.472,+1.177
4245.693,6,9,+25.456,+1.153
4246.394,6,9,+26.901,+1.143
4249.807,6,8,+26.901,+1.143
4249.885,6,8,+25.395,+1.090
4252.764,6,8,+25.339,+1.030
4255.144,6,8,+25.371,+0.973
4260.341,6,8,+25.480,+1.086
4263.722,6,8,+25.498,+1.061
4267.509,6,8,+25.465,+0.868
4270.369,6,8,+25.374,+0.740
4274.63,6,8,+25.698,+0.881
4280.648,6,8,+25.735,+0.751
4286.551,6,8,+25.932,+0.818
4290.77,6,8,+25.899,+0.765
4296.004,6,8,+26.086,+0.802
4299.479,6,8,+26.188,+0.718
4303.128,6,8,+26.254,+0.710
4305.133,6,8,+26.290,+0.748
4313.628,6,8,+26.694,+0.813
4319.136,6,8,+26.795,+0.759
4322.558,6,8,+26.839,+0.785
4326.006,6,8,+26.887,+0.429
4328.322,6,8,+26.931,+0.429
4330.757,6,8,+26.954,+0.429
4331.427,6,7,+26.954,+0.429
4331.455,6,7,+26.959,+9.552
4334.967,6,7,+26.918,+9.552
4337.794,6,7,+26.876,+2.384
4340.237,6,7,+26.915,+1.987
4345.336,6,7,+26.993,+1.548
4348.648,6,7,+27.130,+1.581
4352.606,6,7,+27.071,+1.664
4355.417,6,7,+27.006,+1.634
4359.542,6,7,+27.183,+1.930
4365.558,6,7,+27.253,+2.289
4371.416,6,7,+27.369,+2.651
4375.526,6,8,+27.369,+2.651
4375.807,6,8,+27.606,+0.191
4381.026,6,8,+27.782,+0.405
4384.569,6,8,+28.015,+0.498
4388.245,6,8,+28.152,+0.665
4390.292,6,8,+28.129,+0.650
4398.807,6,8,+28.585,+1.037
4404.385,6,8,+20.874,+1.372
4407.854,6,8,+20.957,+1.589
4411.261,6,8,+20.888,+1.624
4413.604,6,8,+20.862,+1.659
4416.042,6,8,+20.874,+1.730
4416.729,6,8,+25.219,+1.741
4420.198,6,7,+25.219,+1.741
4420.278,6,7,+20.821,+1.743
4423.401,6,7,+20.748,+1.718
4425.448,6,7,+20.670,+1.686
4430.683,6,7,+20.761,+2.052
4433.933,6,7,+20.681,+2.169
4438.12,6,7,+20.638,+2.299
4440.708,6,7,+20.555,+2.325
4444.819,6,7,+20.673,+2.496
4450.849,6,7,+20.815,+2.764
4456.599,6,7,+20.878,+2.988
4460.818,6,7,+20.856,+3.040
4465.874,6,7,+20.913,+3.262
4469.28,6,7,+20.877,+3.298
4472.89,6,7,+20.933,+3.417
4474.977,6,7,+20.966,+3.426
4483.297,6,7,+20.973,+3.658
4488.812,6,7,+21.071,+3.862
4492.221,6,7,+21.164,+4.042
4495.737,6,7,+21.299,+4.213
4510.113,6,8,+21.299,+4.213
4512.108,6,9,+21.299,+4.213
4521.09,6,10,+21.299,+4.213
4528.768,6,11,+21.299,+4.213
4530.033,6,11,+43.604,+1.188
4532.752,6,11,+43.930,+1.573
4538.268,6,11,+44.370,+1.884
4541.453,6,11,+44.201,+1.674
4545.155,6,11,+43.969,+1.407
4547.957,6,11,+43.825,+1.353
4551.986,6,11,+43.862,+1.305
4557.736,6,11,+43.736,+1.113
4563.302,6,11,+43.557,+0.968
4567.466,6,11,+40.256,+0.932
4572.374,6,11,+40.225,+0.852
4575.766,6,11,+40.271,+0.744
4579.259,6,11,+40.339,+0.684
4581.293,6,11,+40.355,+0.652
4589.461,6,11,+40.358,+0.568
4594.748,6,11,+40.360,+0.355
4598.109,6,11,+40.386,+0.387
4601.476,6,11,+40.414,+0.234
4603.912,6,11,+40.609,+0.245
4606.366,6,11,+40.683,+0.265
4607.098,6,11,+40.686,+0.260
4610.481,6,11,+40.572,+0.142
4613.215,6,11,+40.427,+0.005
4615.497,6,10,+40.427,+0.005
4615.574,6,10,+40.376,+2.559
4620.629,6,10,+40.530,+2.421
4623.791,6,10,+40.521,+2.213
4627.538,6,10,+40.516,+1.910
4630.351,6,10,+40.483,+1.765
4634.429,6,10,+40.573,+1.670
4640.209,6,10,+40.551,+1.314
4645.875,6,10,+40.665,+1.142
4650.095,6,10,+40.682,+0.967
4655.009,6,10,+40.820,+0.848
4658.403,6,10,+40.908,+0.707
4661.958,6,10,+41.059,+0.582
4663.997,6,10,+41.065,+0.574
4672.247,6,10,+41.177,+0.336
4677.713,6,10,+41.375,+0.171
4680.939,6,9,+41.375,+0.171
4681.009,6,9,+41.429,+10.224
4684.533,6,9,+41.647,+10.265
4686.885,6,9,+41.684,+10.066
4689.172,6,9,+41.701,+9.964
4689.859,6,9,+41.706,+9.950
4693.454,6,9,+41.718,+9.928
4696.282,6,9,+41.727,+9.926
4698.594,6,9,+41.723,+9.863
4703.485,6,9,+41.634,+9.563
4706.594,6,9,+41.549,+9.222
4710.297,6,9,+41.516,+8.881
4713.141,6,9,+41.501,+8.822
4717.063,6,9,+41.514,+8.616
4722.813,6,9,+41.407,+8.290
4728.454,6,9,+41.420,+8.095
4732.611,6,9,+41.445,+8.072
4737.532,6,9,+41.381,+7.930
4740.829,6,9,+41.362,+7.655
4744.376,6,9,+41.450,+7.547
4746.407,6,9,+41.459,+7.521
4754.594,6,9,+41.485,+7.253
4759.751,6,9,+41.381,+6.840
4763.016,6,9,+41.365,+6.681
4766.376,6,9,+41.412,+6.578
4768.595,6,9,+41.420,+6.390
4770.985,6,9,+41.434,+6.287
4771.735,6,9,+41.438,+6.273
4775.22,6,9,+41.445,+6.248
4778.079,6,9,+41.446,+6.240
4780.407,6,9,+41.422,+6.178
4785.282,6,9,+41.356,+5.755
4788.454,6,9,+41.353,+5.515
4792.17,6,9,+41.237,+5.190
4795.327,6,9,+41.199,+5.127
4799.03,6,9,+41.278,+5.022
4804.863,6,9,+41.215,+4.733
4810.476,6,9,+41.180,+4.497
4814.616,6,9,+41.166,+4.417
4819.636,6,9,+41.239,+4.285
4822.952,6,9,+41.258,+4.068
4826.436,6,9,+41.293,+3.928
4828.483,6,9,+41.318,+3.925
4836.674,6,9,+41.264,+3.637
4842.058,6,9,+41.249,+3.349
4845.277,6,9,+41.227,+3.163
4848.59,6,9,+41.184,+2.994
4850.808,6,9,+41.175,+2.792
4853.199,6,9,+41.208,+2.696
4853.902,6,9,+41.215,+2.683
4857.434,6,9,+41.219,+2.645
4860.305,6,9,+41.218,+2.624
4862.936,6,9,+41.206,+2.531
4867.852,6,9,+41.208,+2.262
4870.752,6,9,+41.195,+2.023
4874.53,6,9,+41.153,+1.733
4877.374,6,9,+41.153,+1.674
4881.415,6,9,+41.253,+1.568
4887.269,6,9,+41.173,+1.332
4892.975,6,9,+41.202,+1.214
4897.13,6,9,+41.216,+1.172
4902.16,6,9,+41.281,+1.070
4905.561,6,9,+41.406,+0.894
4909.14,6,9,+41.520,+0.781
4911.218,6,9,+41.534,+0.766
4919.534,6,9,+41.603,+0.592
4925.06,6,9,+41.792,+0.452
4928.315,6,9,+41.779,+0.225
4931.846,6,9,+41.979,+0.220
4934.315,6,9,+42.193,+0.205
4936.8,6,9,+42.278,+0.162
4937.516,6,9,+42.280,+0.145
4941.185,6,9,+42.183,+0.001
4943.622,6,8,+42.183,+0.001
4943.7,6,8,+42.123,+18.903
4946.075,6,8,+42.135,+18.903
4951.115,6,8,+42.132,+18.962
4954.293,6,8,+42.131,+18.889
4958.094,6,8,+42.098,+18.812
4960.937,6,8,+42.086,+18.791
4965.062,6,8,+42.265,+19.118
4970.904,6,8,+42.245,+19.111
4976.657,6,8,+42.349,+19.105
4980.829,6,8,+42.376,+19.109
4985.833,6,8,+42.469,+19.081
4989.234,6,8,+42.519,+19.137
4992.761,6,8,+42.613,+19.164
4994.824,6,8,+42.640,+19.179
5003.068,6,8,+42.591,+19.253
5008.444,6,8,+42.604,+19.185
5011.719,6,8,+42.594,+19.184
5015.07,6,8,+42.609,+19.170
5017.31,6,8,+42.622,+19.186
5019.732,6,8,+42.637,+19.174
5020.42,6,8,+42.644,+19.176
5023.958,6,8,+42.675,+19.193
5026.932,6,8,+42.711,+19.218
5029.26,6,8,+42.740,+19.274
5034.132,6,8,+42.720,+19.235
5037.305,6,8,+42.730,+19.133
5041.045,6,8,+42.689,+19.042
5043.902,6,8,+42.683,+19.006
5047.91,6,8,+42.702,+19.112
5053.707,6,8,+42.586,+19.034
5059.375,6,8,+42.474,+18.993
5063.535,6,8,+42.376,+18.929
5068.57,6,8,+42.404,+18.938
5071.923,6,8,+42.460,+18.962
5075.478,6,8,+42.601,+19.051
5077.55,6,8,+42.632,+19.061
5085.744,6,8,+42.537,+19.077
5091.139,6,8,+42.578,+19.104
5094.496,6,8,+42.643,+19.149
5097.824,6,8,+42.668,+19.105
5100.075,6,8,+42.655,+19.064
5102.506,6,8,+42.689,+19.022
5103.188,6,8,+42.697,+19.017
5106.75,6,8,+42.735,+19.017
5109.605,6,8,+42.765,+19.026
5111.933,6,8,+42.746,+19.010
5116.956,6,8,+42.732,+19.082
5120.14,6,8,+42.702,+19.038
5123.976,6,8,+42.714,+19.018
5126.852,6,8,+42.715,+18.989
5130.851,6,8,+42.800,+19.149
5136.733,6,8,+42.703,+19.216
5142.437,6,8,+42.644,+19.171
5146.573,6,8,+42.553,+19.109
5151.577,6,8,+42.604,+19.101
5154.948,6,8,+42.541,+19.084
5158.498,6,8,+42.583,+19.148
5160.524,6,8,+42.593,+19.154
5168.659,6,8,+42.380,+19.109
5174.1,6,8,+42.360,+19.105
5177.412,6,8,+42.369,+19.161
5180.756,6,8,+42.375,+19.113
5183.023,6,8,+42.368,+19.117
5185.456,6,8,+42.387,+19.077
5186.163,6,8,+42.394,+19.070
5189.683,6,8,+42.425,+19.060
5192.551,6,8,+42.448,+19.055
5194.937,6,8,+42.452,+19.080
5199.927,6,8,+42.441,+19.101
5203.077,6,8,+42.502,+19.082
5206.959,6,8,+42.550,+19.042
5209.756,6,8,+42.543,+19.013
5213.784,6,8,+42.600,+19.185
5219.628,6,8,+42.499,+19.158
5225.271,6,8,+42.485,+19.084
5229.418,6,8,+42.397,+19.004
5234.363,6,8,+42.360,+18.991
5237.751,6,8,+42.395,+19.016
5241.268,6,8,+42.530,+19.088
5243.346,6,8,+42.589,+19.106
5251.618,6,8,+42.466,+19.137
5257.012,6,8,+42.463,+19.099
5260.378,6,8,+42.539,+19.136
5263.751,6,8,+42.585,+19.142
5265.988,6,8,+42.581,+19.139
5268.428,6,8,+42.579,+19.155
5269.112,6,8,+42.585,+19.157
5272.659,6,8,+42.627,+19.146
5275.537,6,8,+42.672,+19.130
5277.877,6,8,+42.640,+19.122
5282.878,6,8,+42.655,+19.114
5286.064,6,8,+42.655,+19.041
5289.915,6,8,+42.628,+18.931
5292.761,6,8,+42.608,+18.882
5296.802,6,8,+42.630,+19.009
5302.679,6,8,+42.556,+19.018
5308.423,6,8,+42.567,+19.027
5312.61,6,8,+42.562,+19.005
5317.574,6,8,+42.450,+19.010
5320.968,6,8,+42.508,+19.054
5324.564,6,8,+42.628,+19.146
5326.621,6,8,+42.705,+19.177
5334.858,6,8,+42.615,+19.251
5340.326,6,8,+42.668,+19.292
5343.711,6,8,+42.721,+19.387
5347.043,6,8,+42.753,+19.361
5349.275,6,8,+42.777,+19.379
5351.712,6,8,+42.821,+19.389
5352.409,6,8,+42.831,+19.391
5355.941,6,8,+42.869,+19.400
5358.809,6,8,+42.901,+19.406
5361.179,6,8,+42.894,+19.395
5366.145,6,8,+42.889,+19.444
5369.351,6,8,+42.882,+19.389
5373.063,6,8,+42.844,+19.305
5375.9,6,8,+42.824,+19.211
5379.917,6,8,+42.854,+19.327
5385.785,6,8,+42.818,+19.363
5391.46,6,8,+42.709,+19.359
5395.61,6,8,+42.673,+19.360
5400.698,6,8,+42.739,+19.431
5404.084,6,8,+42.795,+19.473
5407.624,6,8,+42.883,+19.502
5409.704,6,8,+42.911,+19.503
5418.014,6,8,+42.874,+19.613
5423.517,6,8,+42.983,+19.710
5426.892,6,8,+43.075,+19.821
5430.266,6,8,+43.112,+19.810
5432.538,6,8,+43.133,+19.848
5434.968,6,8,+43.174,+19.877
5435.655,6,8,+43.182,+19.879
5439.187,6,8,+43.201,+19.869
5442.059,6,8,+43.216,+19.851
5444.424,6,8,+43.179,+19.834
5449.424,6,8,+43.163,+19.904
5452.625,6,8,+43.176,+19.813
5456.43,6,8,+43.143,+19.726
5459.259,6,8,+43.122,+19.669
5463.243,6,8,+43.121,+19.765
5469.128,6,8,+43.071,+19.769
5474.881,6,8,+43.143,+19.858
5479.111,6,8,+43.158,+19.928
5484.197,6,8,+43.185,+20.028
5487.628,6,8,+43.238,+20.044
5491.138,6,8,+43.283,+20.117
5493.216,6,8,+43.294,+20.124
5501.406,6,8,+43.152,+20.061
5506.943,6,8,+43.253,+40.442
5510.241,6,8,+43.246,+40.534
5513.581,6,8,+43.242,+40.454
5515.822,6,8,+43.262,+40.454
5518.25,6,8,+43.311,+40.454
5518.938,6,8,+43.320,+20.310
5522.469,6,8,+43.349,+20.310
5525.344,6,8,+43.369,+17.784
5527.743,6,8,+43.403,+17.446
5532.711,6,8,+43.380,+17.287
5535.93,6,8,+43.372,+17.460
5539.774,6,8,+43.411,+17.635
5542.682,6,8,+43.406,+17.538
5546.65,6,8,+43.421,+17.841
5552.612,6,8,+43.344,+18.068
5558.403,6,8,+43.366,+18.542
5562.559,6,8,+43.338,+18.660
5567.641,6,8,+43.453,+18.943
5571.05,6,8,+43.503,+19.125
5574.603,6,8,+43.586,+19.259
5576.646,6,8,+43.608,+19.282
5585.003,6,8,+43.604,+19.755
5590.478,6,8,+43.652,+20.174
5593.887,6,8,+43.767,+20.380
5597.283,6,8,+43.817,+20.386
5599.53,6,8,+43.850,+20.398
5601.944,6,8,+43.848,+20.436
5602.647,6,8,+43.847,+20.448
5606.145,6,8,+43.834,+20.816
5609.023,6,8,+43.818,+20.948
5611.378,6,8,+43.812,+21.010
5616.398,6,8,+43.859,+20.958
5619.608,6,8,+43.933,+20.909
5623.456,6,8,+43.976,+20.731
5626.313,6,8,+43.952,+20.633
5630.348,6,8,+44.052,+20.598
5636.245,6,8,+44.022,+20.617
5642.069,6,8,+44.188,+20.561
5646.321,6,8,+44.248,+20.626
5651.326,6,8,+44.288,+20.609
5654.748,6,8,+44.311,+20.617
5658.411,6,8,+44.461,+20.698
5660.507,6,8,+44.525,+20.762
5668.777,6,8,+44.361,+20.753
5674.283,6,8,+44.314,+29.240
5677.627,6,8,+44.334,+29.312
5680.971,6,8,+44.309,+29.201
5683.299,6,8,+44.336,+29.201
5685.721,6,8,+44.386,+29.201
5686.393,6,8,+44.397,+20.814
5689.942,6,8,+44.441,+20.814
5692.82,6,8,+44.477,+4.825
5695.211,6,8,+44.473,+4.451
5700.262,6,8,+44.539,+4.284
5703.487,6,8,+44.589,+4.417
5707.44,6,8,+44.642,+4.636
5710.268,6,8,+44.646,+4.675
5714.331,6,8,+44.680,+4.879
5720.264,6,8,+44.624,+5.187
5726.096,6,8,+44.629,+5.487
5730.33,6,8,+44.641,+5.593
5735.393,6,8,+44.666,+5.801
5738.812,6,8,+44.744,+5.854
5742.432,6,8,+44.874,+6.024
5744.478,6,8,+44.908,+6.013
5752.822,6,8,+44.775,+6.310
5758.441,6,8,+44.856,+6.661
5761.783,6,8,+44.873,+6.868
5765.184,6,8,+44.865,+6.934
5767.48,6,8,+44.898,+7.022
5769.903,6,8,+44.917,+7.118
5770.559,6,8,+44.928,+7.130
5774.152,6,8,+44.984,+7.153
5776.983,6,8,+45.036,+7.154
5779.364,6,8,+45.031,+7.122
5784.571,6,8,+45.242,+7.503
5787.884,6,8,+45.345,+7.707
5791.816,6,8,+45.437,+7.905
5794.651,6,8,+45.430,+7.940
5798.904,6,8,+45.564,+8.362
5804.894,6,8,+45.603,+8.610
5810.646,6,8,+45.615,+8.870
5814.843,6,8,+45.604,+8.989
5819.897,6,8,+45.587,+9.125
5823.341,6,8,+45.621,+9.194
5827.026,6,8,+45.815,+9.377
5829.123,6,8,+45.887,+9.426
5837.429,6,8,+45.810,+9.724
5842.944,6,8,+45.860,+10.001
5846.335,6,8,+45.934,+10.226
5849.726,6,8,+46.022,+10.316
5851.991,6,8,+46.078,+10.362
5854.445,6,8,+46.157,+10.458
5855.132,6,8,+46.171,+10.476
5858.71,6,8,+46.270,+10.515
5861.555,6,8,+46.382,+10.532
5863.914,6,8,+46.421,+10.540
5869.023,6,8,+46.459,+10.733
5872.242,6,8,+46.533,+10.838
5876.21,6,8,+46.680,+11.023
5879.07,6,8,+46.590,+11.068
5883.148,6,8,+46.651,+11.314
5889.054,6,8,+46.636,+11.457
5894.789,6,8,+46.664,+11.618
5898.961,6,8,+46.598,+11.692
5904.117,6,8,+46.764,+11.840
5907.633,6,8,+46.878,+11.898
5911.117,6,8,+46.981,+12.004
5913.185,6,8,+47.037,+12.003
5921.485,6,8,+46.986,+12.236
5927.098,6,8,+47.095,+12.552
5930.481,6,8,+47.175,+12.733
5933.96,6,8,+47.330,+12.906
5968.117,6,8,+69.903,+35.363
5970.851,6,8,+70.269,+35.697
5976.126,6,8,+70.189,+36.115
5979.291,6,8,+70.002,+36.146
5982.977,6,8,+69.889,+36.100
5985.789,6,8,+69.779,+36.081
5989.787,6,8,+69.728,+36.199
5995.515,6,8,+69.519,+36.195
6001.109,6,8,+69.417,+36.156
6005.205,6,8,+69.290,+36.146
6010.096,6,8,+69.188,+36.130
6013.409,6,8,+69.148,+36.052
6016.862,6,8,+69.132,+36.017
6018.887,6,8,+69.160,+35.996
6027.145,6,8,+68.900,+36.006
6032.136,6,8,+68.662,+35.983
6035.324,6,8,+68.553,+36.013
6038.605,6,8,+68.576,+35.984
6040.808,6,8,+68.570,+35.959
6043.199,6,8,+68.574,+35.941
6043.886,6,8,+68.577,+35.938
6047.402,6,8,+68.576,+35.933
6050.246,6,8,+68.571,+35.933
6052.603,6,8,+68.539,+35.909
6057.435,6,8,+68.358,+35.792
6060.573,6,8,+68.292,+35.744
6064.386,6,8,+68.201,+35.633
6067.135,6,8,+68.112,+35.608
6070.932,6,8,+68.038,+35.561
6076.573,6,8,+67.822,+35.445
6082.12,6,8,+67.638,+35.380
6086.229,6,8,+67.547,+35.414
6091.198,6,8,+67.520,+35.425
6094.446,6,8,+67.417,+35.365
6097.882,6,8,+67.418,+35.345
6099.871,6,8,+67.447,+35.318
6107.974,6,8,+67.215,+35.308
6113.265,6,8,+67.079,+35.248
6116.483,6,8,+67.046,+35.282
6119.766,6,8,+67.100,+35.293
6121.963,6,8,+67.070,+35.273
6124.338,6,8,+67.069,+35.252
6125.01,6,8,+67.068,+35.249
6128.51,6,8,+67.055,+35.242
6131.353,6,8,+67.041,+35.237
6133.713,6,8,+66.982,+35.239
6138.533,6,8,+66.852,+35.256
6141.741,6,8,+66.845,+35.266
6145.451,6,8,+66.677,+35.145
6148.229,6,8,+66.572,+35.121
6152.132,6,8,+66.503,+35.175
6157.866,6,8,+66.315,+35.089
6163.549,6,8,+66.322,+35.196
6167.726,6,8,+66.286,+35.259
6172.751,6,8,+66.282,+35.284
6176.106,6,8,+66.233,+35.278
6179.528,6,8,+66.257,+35.258
6181.606,6,8,+66.311,+35.260
6189.825,6,8,+66.204,+35.415
6195.138,6,8,+66.038,+35.383
6198.388,6,8,+66.029,+35.458
6201.707,6,8,+66.110,+35.479
6203.912,6,8,+66.114,+35.483
6206.329,6,8,+66.137,+35.471
6207.029,6,8,+66.143,+35.471
6210.55,6,8,+66.159,+35.491
6213.392,6,8,+66.164,+35.514
6215.767,6,8,+66.190,+35.549
6220.718,6,8,+66.033,+35.573
6223.946,6,8,+65.984,+35.633
6227.625,6,8,+65.305,+35.445
6230.412,6,8,+65.185,+35.431
6234.286,6,8,+65.100,+35.394
6240.072,6,8,+64.881,+35.370
6245.719,6,8,+64.699,+35.258
6249.89,6,8,+64.608,+35.349
6254.851,6,8,+64.445,+35.335
6258.18,6,8,+64.369,+40.212
6261.617,6,8,+64.334,+40.178
6263.926,6,8,+64.380,+40.159
6271.961,6,8,+64.407,+40.261
6277.279,6,8,+64.414,+40.202
6280.536,6,8,+64.420,+40.269
6283.908,6,8,+64.433,+40.215
6286.18,6,8,+64.406,+40.215
6288.56,6,8,+64.371,+40.215
6289.217,6,8,+64.366,+35.579
6292.764,6,8,+64.423,+35.579
6295.639,6,8,+64.541,+17.199
6298.029,6,8,+64.602,+16.800
6302.982,6,8,+64.617,+16.271
6306.123,6,8,+64.604,+16.147
6309.779,6,8,+64.421,+15.913
6312.607,6,8,+64.369,+15.832
6316.67,6,8,+60.002,+15.965
6322.42,6,8,+59.987,+15.949
6328.092,6,8,+60.161,+15.976
6332.295,6,8,+60.209,+16.001
6337.264,6,8,+60.252,+16.016
6340.545,6,8,+60.297,+15.988
6344.035,6,8,+60.346,+16.042
6346.075,6,8,+60.346,+16.020
6354.17,6,8,+60.440,+16.011
6359.452,6,8,+60.491,+16.107
6362.733,6,8,+60.564,+16.217
6366.093,6,8,+60.650,+16.215
6368.309,6,8,+60.690,+16.224
6370.684,6,8,+60.678,+16.239
6371.371,6,8,+60.812,+16.240
6374.918,6,8,+60.643,+16.236
6377.762,6,8,+60.613,+16.227
6380.121,6,8,+60.623,+16.232
6385.074,6,8,+60.710,+16.280
6388.266,6,8,+60.806,+16.283
6392.214,6,8,+60.707,+16.156
6394.72,6,8,+60.588,+16.090
6398.671,6,8,+60.847,+16.182
6404.468,6,8,+60.855,+16.361
6410.05,6,8,+60.950,+16.234
6414.249,6,8,+60.981,+16.249
6419.216,6,8,+61.107,+16.285
6422.528,6,8,+61.152,+16.340
6425.985,6,8,+61.132,+16.394
6428.046,6,8,+61.101,+16.407
6436.25,6,8,+61.284,+16.560
6441.547,6,8,+61.243,+16.694
6444.844,6,8,+61.321,+16.871
6448.219,6,8,+61.374,+16.935
6450.422,6,8,+61.407,+16.892
6452.797,6,8,+61.414,+16.338
6453.469,6,8,+61.411,+16.226
6457.0,6,8,+61.395,+16.018
6459.875,6,8,+61.383,+15.982
6462.25,6,8,+61.372,+15.952
6467.126,6,8,+61.443,+15.852
6470.266,6,8,+61.492,+15.768
6474.047,6,8,+61.447,+15.678
6476.813,6,8,+61.334,+15.615
6480.782,6,8,+61.460,+15.613
6486.579,6,8,+61.478,+15.687
6492.172,6,8,+61.578,+15.658
6496.311,6,8,+61.552,+15.673
6501.299,6,8,+61.652,+15.724
6504.629,6,8,+61.619,+15.772
6508.128,6,8,+61.623,+15.808
6510.104,6,8,+61.660,+15.799
6518.263,6,8,+61.690,+15.926
6523.638,6,8,+61.609,+16.032
6526.906,6,8,+61.657,+16.142
6530.25,6,8,+61.656,+16.193
6532.5,6,8,+61.670,+16.223
6534.859,6,8,+61.621,+16.210
6535.531,6,8,+61.608,+16.209
6539.063,6,8,+61.570,+16.207
6542.172,6,8,+61.534,+16.207
6544.232,6,8,+61.517,+16.245
6549.248,6,8,+61.661,+16.420
6552.426,6,8,+61.684,+16.354
6556.136,6,8,+61.620,+16.271
6559.443,6,8,+62.043,+16.720
6565.386,6,8,+64.269,+18.890
6573.532,6,8,+66.576,+21.329
6580.457,6,8,+67.958,+22.496
6586.661,6,8,+70.026,+21.046
6592.861,6,8,+71.248,+21.472
6598.311,6,8,+73.354,+22.011
6603.291,6,8,+74.886,+22.292
6605.858,6,8,+75.423,+22.238
6615.34,6,8,+76.832,+22.237
6621.718,6,8,+77.950,+22.187
6626.153,6,8,+79.166,+22.023
6630.993,6,8,+80.663,+22.074
6634.229,6,8,+81.669,+22.398
6637.538,6,8,+82.669,+22.624
6638.593,6,8,+82.985,+22.618
6643.643,6,8,+84.316,+22.312
6647.623,6,8,+82.219,+22.060
6650.822,6,8,+81.618,+22.328
6656.848,6,8,+82.303,+21.816
6661.16,6,8,+83.057,+22.153
6666.192,6,8,+83.648,+22.601
6669.964,6,8,+83.528,+22.789
6674.571,6,8,+82.497,+22.603
6681.555,6,8,+80.909,+21.193
6688.258,6,8,+81.311,+21.399
6694.068,6,8,+80.794,+20.556
6700.286,6,8,+80.752,+20.112
6704.792,6,8,+80.570,+19.288
6708.272,6,8,+77.915,+17.757
6710.245,6,8,+77.195,+17.370
6718.454,6,8,+76.383,+16.953
6723.843,6,8,+75.881,+16.763
6727.077,6,8,+74.549,+16.754
6730.379,6,8,+73.313,+16.739
6732.634,6,8,+73.313,+16.736
6735.017,6,8,+73.313,+16.764
6735.714,6,8,+69.217,+16.773
6739.231,6,8,+69.217,+16.789
6742.109,6,8,+50.184,+16.796
6744.484,6,8,+49.769,+16.792
6749.405,6,8,+48.498,+16.882
6752.593,6,8,+47.622,+16.897
6756.39,6,8,+47.396,+16.894
6759.234,6,8,+47.334,+16.873
6763.187,6,8,+47.672,+17.098
6769.046,6,8,+47.960,+17.239
6774.718,6,8,+48.527,+17.258
6778.859,6,8,+48.684,+17.298
6783.89,6,8,+49.072,+17.455
6787.288,6,8,+49.235,+17.528
6790.731,6,8,+49.417,+17.640
6792.79,6,8,+49.503,+17.651
6800.951,6,8,+49.882,+17.730
6806.291,6,8,+50.293,+17.877
6809.619,6,8,+50.463,+17.986
6812.947,6,8,+50.551,+18.112
6815.217,6,8,+50.679,+18.216
6817.612,6,8,+50.737,+18.259
6818.309,6,8,+50.747,+18.272
6821.816,6,8,+50.775,+18.321
6824.659,6,8,+50.776,+18.369
6827.066,6,8,+50.719,+18.379
6831.973,6,8,+50.896,+18.433
6835.217,6,8,+51.021,+18.436
6838.959,6,8,+51.090,+18.394
6841.794,6,8,+50.915,+18.363
6845.751,6,8,+51.107,+18.501
6851.468,6,8,+51.094,+18.550
6857.086,6,8,+51.341,+18.559
6861.189,6,8,+51.325,+18.572
6866.146,6,8,+51.535,+18.668
6869.459,6,8,+51.562,+18.730
6872.943,6,8,+51.696,+18.827
6874.975,6,8,+51.740,+18.824
6883.116,6,8,+52.086,+18.900
6888.475,6,8,+52.408,+19.079
6891.761,6,8,+52.537,+19.211
6895.115,6,8,+52.518,+19.335
6897.397,6,8,+52.577,+19.418
6899.787,6,8,+52.614,+19.470
6900.475,6,8,+52.615,+19.480
6903.991,6,8,+52.588,+19.518
6906.866,6,8,+52.547,+19.551
6909.194,6,8,+52.444,+19.564
6914.118,6,8,+52.748,+19.650
6917.289,6,8,+52.857,+19.651
6921.087,6,8,+52.953,+19.653
6923.913,6,8,+52.852,+19.632
6927.835,6,8,+53.159,+19.822
6933.663,6,8,+53.312,+19.854
6939.366,6,8,+53.663,+19.920
6943.491,6,8,+53.685,+19.906
6948.445,6,8,+53.848,+19.824
6951.788,6,8,+53.890,+19.889
6955.21,6,8,+53.916,+19.906
6957.225,6,8,+53.915,+19.889
6965.337,6,8,+54.197,+19.964
6970.812,6,8,+54.609,+20.210
6974.086,6,8,+54.720,+20.379
6977.439,6,8,+54.728,+20.515
6979.694,6,8,+54.759,+20.568
6982.118,6,8,+54.806,+20.586
6982.78,6,8,+54.809,+20.593
6986.315,6,8,+54.788,+20.629
6989.189,6,8,+54.747,+20.667
6991.515,6,8,+54.631,+20.695
6996.47,6,8,+54.859,+20.797
6999.582,6,8,+54.927,+20.809
7003.332,6,8,+54.917,+20.671
7006.129,6,8,+54.860,+20.645
7010.174,6,8,+55.209,+20.907
7016.009,6,8,+55.366,+20.936
7021.595,6,8,+55.616,+20.980
7025.767,6,8,+55.683,+21.029
7030.767,6,8,+55.929,+21.157
7034.111,6,8,+56.019,+21.254
7037.595,6,8,+56.112,+21.324
7039.611,6,8,+56.118,+21.308
7047.776,6,8,+56.407,+21.496
7053.112,6,8,+56.658,+21.649
7056.492,6,8,+56.861,+21.824
7059.82,6,8,+56.912,+21.941
7062.055,6,8,+56.962,+21.997
7064.43,6,8,+56.992,+21.971
7065.117,6,8,+56.992,+21.966
7068.617,6,8,+56.963,+21.947
7071.443,6,8,+56.913,+21.929
7073.754,6,8,+56.772,+21.928
7078.721,6,8,+57.000,+22.047
7081.905,6,8,+57.118,+22.061
7085.642,6,8,+57.137,+22.066
7088.423,6,8,+56.994,+22.038
7092.33,6,8,+57.224,+22.212
7098.189,6,8,+57.375,+22.367
7103.845,6,8,+57.689,+22.554
7108.064,6,8,+57.712,+22.609
7113.002,6,8,+57.901,+22.694
7116.345,6,8,+57.947,+22.706
7119.799,6,8,+58.051,+22.727
7121.815,6,8,+58.036,+22.689
7130.03,6,8,+58.326,+22.824
7135.421,6,8,+58.671,+23.077
7138.827,6,8,+58.863,+23.341
7142.202,6,8,+58.893,+23.454
7144.452,6,8,+58.992,+23.519
7146.854,6,8,+59.049,+23.555
7147.544,6,8,+59.049,+23.557
7151.007,6,8,+59.015,+23.543
7153.853,6,8,+58.961,+23.521
7156.197,6,8,+58.867,+23.530
7161.153,6,8,+59.181,+23.644
7164.314,6,8,+59.259,+23.605
7168.032,6,8,+59.368,+23.626
7170.855,6,8,+59.309,+23.580
7174.817,6,8,+59.649,+23.819
7180.706,6,8,+59.840,+23.986
7186.362,6,8,+60.142,+24.098
7190.518,6,8,+60.119,+24.116
7195.503,6,8,+60.333,+24.179
7198.878,6,8,+60.446,+24.237
7202.378,6,8,+60.594,+24.324
7204.409,6,8,+60.578,+24.281
7212.596,6,8,+60.804,+24.360
7218.018,6,8,+61.137,+24.638
7221.346,6,8,+61.240,+24.864
7224.69,6,8,+61.281,+24.964
7226.971,6,8,+61.352,+25.053
7229.393,6,8,+61.407,+25.100
7230.081,6,8,+61.411,+25.107
7233.582,6,8,+61.397,+25.114
7236.446,6,8,+61.366,+25.113
7238.759,6,8,+61.303,+25.127
7243.665,6,8,+61.532,+25.132
7246.884,6,8,+61.656,+25.174
7250.634,6,8,+61.787,+25.175
7253.446,6,8,+61.728,+25.138
7257.321,6,8,+61.944,+25.258
7263.071,6,8,+61.969,+25.250
7268.743,6,8,+62.189,+25.258
7272.845,6,8,+62.240,+25.266
7277.828,6,8,+62.412,+25.386
7281.149,6,8,+62.436,+25.369
7284.582,6,8,+62.495,+25.403
7286.606,6,8,+62.476,+25.369
7294.746,6,8,+62.660,+25.451
7300.09,6,8,+62.794,+25.560
7303.371,6,8,+62.926,+25.675
7306.824,6,8,+62.976,+25.764
7308.981,6,8,+63.043,+25.799
7311.391,6,8,+63.097,+25.809
7312.077,6,8,+63.100,+25.810
7315.613,6,8,+63.085,+25.814
7318.504,6,8,+63.047,+25.810
7320.769,6,8,+62.943,+25.821
7325.722,6,8,+63.186,+25.919
7328.91,6,8,+63.274,+25.903
7332.676,6,8,+63.371,+25.969
7335.488,6,8,+63.320,+25.955
7339.488,6,8,+63.620,+26.185
7345.332,6,8,+63.686,+26.214
7351.004,6,8,+63.848,+26.311
7355.121,6,8,+63.812,+26.290
7360.15,6,8,+63.918,+26.467
7363.509,6,8,+63.946,+26.522
7366.978,6,8,+63.984,+26.577
7368.947,6,8,+63.963,+26.538
7377.15,6,8,+64.145,+26.589
7382.556,6,8,+64.437,+26.798
7385.892,6,8,+64.561,+26.972
7389.193,6,8,+64.571,+27.061
7391.477,6,8,+64.665,+27.113
7393.878,6,8,+64.696,+27.134
7394.557,6,8,+64.697,+27.140
7398.039,6,8,+64.666,+27.139
7400.899,6,8,+64.633,+27.133
7403.225,6,8,+64.542,+27.158
7408.197,6,8,+64.796,+27.196
7411.398,6,8,+64.936,+27.161
7415.198,6,8,+65.028,+27.204
7418.012,6,8,+64.972,+27.184
7421.844,6,8,+65.165,+27.300
7427.657,6,8,+65.246,+27.350
7433.321,6,8,+65.479,+27.377
7437.428,6,8,+65.518,+27.422
7442.522,6,8,+65.762,+26.602
7445.826,6,8,+65.861,+26.468
7449.373,6,8,+66.016,+26.505
7451.388,6,8,+66.031,+26.464
7459.615,6,8,+66.287,+26.332
7465.029,6,8,+66.506,+26.449
7468.258,6,8,+66.591,+26.518
7471.578,6,8,+66.606,+26.546
7473.793,6,8,+66.696,+26.597
7476.246,6,8,+66.754,+26.637
7476.898,6,8,+66.758,+26.645
7480.687,6,8,+66.735,+26.651
7483.239,6,8,+66.689,+26.636
7485.567,6,8,+66.594,+26.617
7490.559,6,8,+66.880,+26.722
7493.784,6,8,+66.993,+26.737
7497.579,6,8,+67.062,+26.703
7500.408,6,8,+66.993,+26.681
7504.355,6,8,+67.177,+26.797
7510.177,6,8,+67.223,+26.821
7515.845,6,8,+67.436,+26.868
7519.922,6,8,+67.350,+26.842
7524.993,6,8,+67.570,+26.920
7528.32,6,8,+67.681,+26.930
7531.788,6,8,+67.623,+26.915
7533.804,6,8,+67.584,+26.877
7542.008,6,8,+67.803,+26.898
7547.574,6,8,+68.166,+27.131
7550.889,6,8,+68.272,+27.238
7554.213,6,8,+68.317,+27.325
7556.47,6,8,+68.405,+27.360
7558.879,6,8,+68.426,+27.388
7559.548,6,8,+68.423,+27.393
7563.057,6,8,+68.386,+27.402
7565.893,6,8,+68.337,+27.401
7568.236,6,8,+68.259,+27.391
7573.236,6,8,+68.531,+27.502
7576.408,6,8,+68.617,+27.441
7580.258,6,8,+68.712,+27.471
7583.076,6,8,+68.667,+27.437
7587.063,6,8,+68.982,+27.492
7593.008,6,8,+69.238,+27.553
7598.798,6,8,+69.486,+27.597
7603.001,6,8,+69.609,+27.567
7608.017,6,8,+69.794,+27.607
7611.38,6,8,+69.910,+27.662
7614.852,6,8,+69.973,+27.715
7616.868,6,8,+69.956,+27.701
7625.118,6,8,+70.186,+27.720
7630.634,6,8,+70.447,+27.847
7633.962,6,8,+70.612,+28.024
7637.259,6,8,+70.616,+28.075
7639.524,6,8,+70.693,+28.096
7641.962,6,8,+70.720,+28.094
7642.602,6,8,+70.716,+28.091
7646.118,6,8,+70.670,+28.065
7648.917,6,8,+70.620,+28.040
7651.28,6,8,+70.560,+28.028
7656.312,6,8,+70.776,+28.125
7659.577,6,8,+70.915,+28.171
7663.562,6,8,+70.855,+28.035
7666.062,6,8,+70.765,+27.989
7670.124,6,8,+71.061,+28.232
7676.009,6,8,+71.176,+28.230
7681.685,6,8,+71.369,+28.243
7685.849,6,8,+71.393,+28.263
7690.933,6,8,+71.534,+28.278
7694.199,6,8,+71.577,+28.311
7697.683,6,8,+71.629,+28.337
7699.699,6,8,+71.614,+28.314
7707.946,6,8,+71.778,+28.369
7713.462,6,8,+72.049,+28.559
7716.774,6,8,+72.163,+28.722
7720.133,6,8,+72.215,+28.862
7722.399,6,8,+72.238,+28.886
7724.743,6,8,+72.267,+28.868
7725.43,6,8,+72.269,+28.868
7728.93,6,8,+72.267,+28.874
7731.759,6,8,+72.264,+28.880
7734.118,6,8,+72.214,+28.900
7739.09,6,8,+72.305,+28.912
7742.34,6,8,+72.406,+28.902
7746.09,6,8,+72.390,+28.808
7748.872,6,8,+72.297,+28.768
7752.778,6,8,+72.371,+28.842
7758.747,6,8,+72.648,+28.837
7764.482,6,8,+72.963,+28.805
7768.653,6,8,+73.067,+28.802
7773.716,6,8,+73.288,+28.755
7777.091,6,8,+73.397,+28.772
7780.575,6,8,+73.454,+28.833
7782.55,6,8,+73.426,+28.786
7790.802,6,8,+73.598,+28.873
7796.364,6,8,+73.928,+29.166
7799.677,6,8,+74.050,+29.321
7803.052,6,8,+74.136,+29.452
7805.302,6,8,+74.185,+29.504
7807.739,6,8,+74.255,+29.543
7808.396,6,8,+74.261,+29.548
7811.927,6,8,+74.252,+29.549
7814.786,6,8,+74.221,+29.532
7817.177,6,8,+74.139,+29.595
7822.139,6,8,+74.410,+29.602
7825.332,6,8,+74.542,+29.569
7829.176,6,8,+74.594,+29.511
7831.91,6,8,+74.528,+29.462
7835.847,6,8,+74.728,+29.558
7841.77,6,8,+74.852,+29.595
7847.543,6,8,+75.124,+29.699
7851.619,6,8,+75.098,+29.695
7856.728,6,8,+75.285,+29.592
7860.11,6,8,+75.388,+29.539
7863.579,6,8,+75.440,+29.557
7865.608,6,8,+75.419,+29.509
7873.851,6,8,+75.611,+29.581
7879.382,6,8,+75.868,+29.820
7882.71,6,8,+76.037,+29.984
7886.038,6,8,+76.091,+30.077
7888.304,6,8,+76.152,+30.136
7890.726,6,8,+76.197,+30.177
7891.414,6,8,+76.199,+30.181
7894.911,6,8,+76.171,+30.166
7897.733,6,8,+76.134,+30.136
7900.048,6,8,+76.014,+30.086
7905.142,6,8,+76.297,+30.197
7908.454,6,8,+76.536,+30.315
7912.376,6,8,+76.703,+30.363
7915.181,6,8,+76.643,+30.330
7919.165,6,8,+76.928,+30.557
7925.151,6,8,+77.146,+30.678
7930.948,6,8,+77.445,+30.812
7935.175,6,8,+77.561,+30.911
7940.285,6,8,+77.802,+31.060
7943.769,6,8,+77.966,+31.158
7947.269,6,8,+78.074,+31.232
7949.254,6,8,+78.048,+31.176
7957.582,6,8,+78.305,+31.304
7963.16,6,8,+78.562,+31.546
7966.644,6,8,+78.840,+31.849
7970.051,6,8,+78.995,+32.039
7972.347,6,8,+79.104,+32.088
7974.816,6,8,+79.172,+32.106
7975.457,6,8,+79.178,+32.104
7978.957,6,8,+79.183,+32.081
7981.801,6,8,+79.173,+32.055
7984.285,6,8,+79.226,+32.192
7989.602,6,8,+79.752,+32.457
7992.849,6,8,+79.888,+32.451
7996.682,6,8,+79.952,+32.432
7999.526,6,8,+79.935,+32.408
8003.749,6,8,+80.215,+32.631
8009.493,6,8,+80.310,+32.714
8015.149,6,8,+80.519,+32.748
8019.368,6,8,+80.600,+32.800
8024.415,6,8,+80.700,+32.878
8027.805,6,8,+80.716,+32.946
8031.312,6,8,+80.801,+32.997
8033.499,6,8,+80.990,+33.144
8042.546,6,8,1 L,+33.981
8048.078,6,8,1 L,+34.297
8051.499,6,8,1 L,+34.547
8054.95,6,8,1 L,+34.710
8057.231,6,8,1 L,+34.805
8059.653,6,8,1 L,+34.820
8060.341,6,8,1 L,+34.817
8063.778,6,8,1 L,+34.727
8066.544,6,8,1 L,+34.642
8068.981,6,8,1 L,+34.717
8074.091,6,8,1 L,+34.860
8077.466,6,8,1 L,+35.010
8081.388,6,8,1 L,+34.944
8084.107,6,8,1 L,+34.891
8088.153,6,8,1 L,+35.067
8094.091,6,8,1 L,+35.127
8099.903,6,8,1 L,+35.180
8104.028,6,8,1 L,+35.127
8109.138,6,8,1 L,+35.178
8112.544,6,8,1 L,+35.160
8116.075,6,8,1 L,+35.220
8118.06,6,8,1 L,+35.185
8126.452,6,8,1 L,+35.422
8132.103,6,8,1 L,+35.697
8135.54,6,8,1 L,+35.948
8139.072,6,8,1 L,+36.171
8172.824,6,8,1 L,+58.189
8175.496,6,8,1 L,+58.511
8181.059,6,8,1 L,+58.996
8184.244,6,8,1 L,+58.952
8187.978,6,8,1 L,+58.742
8190.744,6,8,1 L,+58.686
8194.619,6,8,1 L,+58.733
8200.322,6,8,1 L,+58.417
8205.807,6,8,1 L,+58.160
8209.909,6,8,1 L,+58.086
8214.799,6,8,1 L,+57.893
8218.038,6,8,1 L,+57.736
8221.404,6,8,1 L,+57.598
8223.363,6,8,1 L,+57.524
8231.598,6,8,1 L,+57.528
8236.804,6,8,1 L,+57.317
8239.991,6,8,1 L,+57.282
8243.272,6,8,1 L,+57.136
8245.452,6,8,1 L,+57.077
8247.788,6,8,1 L,+56.985
8248.523,6,8,1 L,+56.973
8251.945,6,8,1 L,+56.944
8254.835,6,8,1 L,+56.926
8257.101,6,8,1 L,+56.849
8261.929,6,8,1 L,+56.671
8265.104,6,8,1 L,+56.457
8268.632,6,8,1 L,+56.147
8271.414,6,8,1 L,+56.067
8275.148,6,8,1 L,+55.958
8280.763,6,8,1 L,+55.640
8286.245,6,8,1 L,+55.458
8290.307,6,8,1 L,+55.436
8295.12,6,8,1 L,+55.211
8298.323,6,8,1 L,+55.086
8301.659,6,8,1 L,+54.917
8303.908,6,8,1 L,+54.866
8311.761,6,8,1 L,+54.816
8316.964,6,8,1 L,+54.770
8320.12,6,8,1 L,+54.704
8323.402,6,8,1 L,+54.685
8325.605,6,8,1 L,+54.654
8327.964,6,8,1 L,+54.592
8328.62,6,8,1 L,+54.577
8332.073,6,8,1 L,+54.507
8334.855,6,8,1 L,+54.443
8337.183,6,8,1 L,+54.398
8342.245,6,8,1 L,+54.431
8345.339,6,8,1 L,+54.246
8349.042,6,8,1 L,+54.054
8351.792,6,8,1 L,+53.998
8355.662,6,8,1 L,+54.063
8361.446,6,8,1 L,+53.978
8367.004,6,8,1 L,+53.798
8371.124,6,8,1 L,+53.801
8376.124,6,8,1 L,+53.777
8379.702,6,8,1 L,+53.747
8382.827,6,8,1 L,+62.608
8385.093,6,8,1 L,+62.619
8393.078,6,8,1 L,+62.691
8398.34,6,8,1 L,+62.669
8401.59,6,8,1 L,+62.651
8404.918,6,8,1 L,+62.590
8407.293,6,8,1 L,+62.624
8411.59,6,8,1 L,+64.545
8413.262,6,8,1 L,+56.557
8420.937,6,8,1 L,+97.189
8426.546,6,8,1 L,+99.971
8430.671,6,8,1 L,+101.723
8436.593,6,8,1 L,+102.723
8440.686,6,8,1 L,+103.632
8445.514,6,8,1 L,+104.638
8449.139,6,8,1 L,+105.367
8453.686,6,8,1 L,+106.128
8460.577,6,8,1 L,+107.169
8469.328,6,8,1 L,+107.387
8475.411,6,7,1 L,+107.387
8475.491,6,7,1 L,+63.682
8481.047,6,7,1 L,+62.697
8484.625,6,7,1 L,+61.334
8488.25,6,7,1 L,+59.445
8490.336,6,7,1 L,+57.818
8499.447,6,7,1 L,+56.950
8505.552,6,7,1 L,+57.004
8509.801,6,7,1 L,+56.638
8514.47,6,7,1 L,+54.557
8521.616,6,7,1 L,+48.575
8526.793,6,6,1 L,+48.575
8526.871,6,6,1 L,+69.494
8531.262,6,6,1 L,+70.224
8534.996,6,6,1 L,+70.893
8540.809,6,6,1 L,+70.319
8544.918,6,6,1 L,+70.236
8549.59,6,6,1 L,+70.118
8553.122,6,6,1 L,+69.994
8557.59,6,6,1 L,+69.346
8564.775,6,6,1 L,+68.380
8573.632,6,6,1 L,+69.057
8580.1,6,6,1 L,+69.038
8585.937,6,6,1 L,+69.111
8589.582,6,6,1 L,+68.831
8593.52,6,6,1 L,+68.617
8595.692,6,6,1 L,+68.323
8605.942,6,6,1 L,+68.352
8612.893,6,6,1 L,+68.929
8617.453,6,6,1 L,+69.036
8621.719,6,6,1 L,+68.392
8624.797,6,6,1 L,+68.481
8628.36,6,6,1 L,+68.615
8629.438,6,6,1 L,+68.590
8634.078,6,6,1 L,+67.946
8637.422,6,6,1 L,+67.237
8640.094,6,6,1 L,+67.152
8645.094,6,6,1 L,+66.573
8648.25,6,6,1 L,+66.169
8652.016,6,6,1 L,+65.093
8654.86,6,6,1 L,+63.204
8658.829,6,6,1 L,+62.517
8664.538,6,6,1 L,+60.630
8670.165,6,6,1 L,+56.950
8674.228,6,6,1 L,+54.946
8679.09,6,6,1 L,+54.021
8682.403,6,6,1 L,+53.640
8685.794,6,6,1 L,+53.398
8687.809,6,6,1 L,+53.292
8695.95,6,6,1 L,+51.871
8701.169,6,6,1 L,+51.747
8704.388,6,6,1 L,+51.774
8707.684,6,6,1 L,+51.608
8709.908,6,6,1 L,+51.494
8712.28,6,6,1 L,+51.370
8712.989,6,6,1 L,+51.350
8716.427,6,6,1 L,+51.292
8719.302,6,6,1 L,+51.250
8721.614,6,6,1 L,+51.175
8726.505,6,6,1 L,+50.980
8729.615,6,6,1 L,+50.863
8733.251,6,6,1 L,+50.478
8735.994,6,6,1 L,+50.381
8739.892,6,6,1 L,+50.378
8745.689,6,6,1 L,+50.134
8751.252,6,6,1 L,+49.992
8755.345,6,6,1 L,+49.872
8760.219,6,6,1 L,+49.727
8763.456,6,6,1 L,+49.630
8766.868,6,6,1 L,+49.465
8768.849,6,6,1 L,+49.437
8776.899,6,6,1 L,+49.315
8782.208,6,6,1 L,+49.327
8785.446,6,6,1 L,+49.368
8788.759,6,6,1 L,+49.340
8790.993,6,6,1 L,+49.244
8793.384,6,6,1 L,+49.148
8794.055,6,6,1 L,+49.132
9036.717,6,6,1L,+49.132
6.86,81,7,,
3228.558,81,7,+0.662,
3231.621,81,5,+0.662,
3231.715,81,5,+0.521,+0.231
3234.699,81,5,+0.703,+0.238
3239.915,81,6,+0.703,+0.238
3240.175,81,6,+1.103,+0.119
3243.445,81,6,+1.247,+0.156
3247.2,81,6,+1.420,+0.017
3250.117,81,6,+1.396,+0.052
3254.245,81,6,+1.716,+0.210
3260.168,81,6,+1.974,+0.422
3265.845,81,6,+2.263,+0.475
3270.089,81,6,+2.381,+0.348
3275.162,81,6,+2.807,+0.370
3278.792,81,6,+3.077,+0.367
3282.292,81,6,+3.226,+0.376
3284.307,81,6,+3.269,+0.367
3292.52,81,6,+3.625,+0.352
3297.888,81,6,+3.911,+0.465
3301.185,81,6,+3.953,+0.472
3304.497,81,6,+4.051,+0.521
3307.029,81,6,+4.159,+0.637
3309.185,81,6,+4.160,+0.647
3309.904,81,6,+4.152,+0.650
3313.31,81,6,+4.010,+0.674
3316.039,81,6,+3.868,+0.693
3318.397,81,6,+3.825,+0.622
3323.444,81,6,+4.111,+0.678
3326.773,81,6,+4.258,+0.820
3330.601,81,6,+4.352,+0.873
3333.46,81,6,+4.287,+0.907
3337.476,81,6,+4.367,+0.757
3343.257,81,6,+4.473,+0.703
3348.929,81,6,+4.634,+0.765
3353.101,81,6,+4.606,+0.727
3358.09,81,6,+4.798,+0.675
3361.589,81,6,+4.909,+0.740
3365.074,81,6,+4.953,+0.723
3367.12,81,6,+4.977,+0.719
3375.292,81,6,+5.170,+0.674
3380.573,81,6,+5.335,+0.715
3383.855,81,6,+5.327,+0.704
3387.237,81,6,+5.240,+0.697
3389.461,81,6,+5.255,+0.684
3391.89,81,6,+5.312,+0.695
3395.993,81,6,+5.195,+0.617
3398.685,81,6,+5.034,+0.505
3401.12,81,6,+5.060,+0.554
3406.167,81,6,+5.253,+0.671
3409.417,81,6,+5.403,+0.764
3413.246,81,6,+5.487,+0.752
3416.155,81,6,+5.418,+0.765
3420.121,81,6,+5.489,+0.719
3425.949,81,6,+5.551,+0.716
3431.605,81,6,+5.740,+0.779
3435.824,81,6,+5.740,+0.761
3440.73,81,6,+5.882,+0.768
3444.199,81,6,+5.976,+0.793
3447.699,81,6,+6.080,+0.752
3449.699,81,6,+6.119,+0.739
3457.871,81,6,+6.208,+0.660
3463.402,81,6,+6.365,+0.689
3466.621,81,6,+6.428,+0.750
3470.09,81,6,+6.566,+0.846
3472.371,81,6,+6.692,+0.874
3474.793,81,6,+6.762,+0.896
3475.559,81,6,+6.773,+0.901
3478.981,81,6,+6.712,+0.865
3481.7,81,6,+6.576,+0.773
3484.059,81,6,+6.564,+0.795
3489.055,81,6,+6.715,+0.769
3492.353,81,6,+6.814,+0.842
3496.242,81,6,+6.867,+0.830
3499.071,81,6,+6.807,+0.833
3503.121,81,6,+6.944,+0.868
3508.916,81,6,+6.973,+0.867
3514.572,81,6,+7.056,+0.867
3518.775,81,6,+7.033,+0.868
3523.776,81,6,+7.145,+0.923
3527.229,81,6,+7.220,+0.966
3530.695,81,6,+7.274,+0.869
3532.762,81,6,+7.328,+0.853
3540.95,81,6,+7.365,+0.837
3546.448,81,6,+7.515,+0.832
3549.7,81,6,+7.528,+0.848
3553.11,81,6,+7.598,+0.904
3555.449,81,6,+7.731,+0.943
3557.865,81,6,+7.775,+0.953
3558.567,81,6,+7.783,+0.957
3562.031,81,6,+7.713,+0.919
3564.744,81,6,+7.556,+0.809
3567.125,81,6,+7.522,+0.743
3572.155,81,6,+7.727,+0.847
3575.467,81,6,+7.792,+0.956
3579.36,81,6,+7.849,+0.944
3582.273,81,6,+7.827,+1.006
3586.349,81,6,+7.942,+1.074
3592.216,81,6,+7.955,+1.038
3597.93,81,6,+7.999,+1.130
3602.151,81,6,+8.017,+1.199
3607.148,81,6,+8.045,+1.155
3610.522,81,6,+8.121,+1.194
3614.043,81,6,+8.181,+1.156
3616.084,81,6,+8.245,+1.163
3624.248,81,6,+8.249,+1.066
3629.717,81,6,+8.403,+1.056
3632.996,81,6,+8.420,+1.139
3636.379,81,6,+8.462,+1.148
3638.692,81,6,+8.558,+1.167
3641.098,81,6,+8.595,+1.170
3641.832,81,6,+8.598,+1.170
3645.317,81,6,+8.570,+1.171
3648.098,81,6,+8.491,+1.167
3650.549,81,6,+8.519,+1.215
3655.642,81,6,+8.641,+1.326
3658.894,81,6,+8.645,+1.359
3662.737,81,6,+8.662,+1.270
3665.633,81,6,+8.698,+1.305
3669.625,81,6,+8.728,+1.311
3675.437,81,6,+8.737,+1.171
3681.122,81,6,+8.828,+1.164
3685.364,81,6,+8.882,+1.186
3690.364,81,6,+9.057,+1.200
3693.765,81,6,+9.126,+1.194
3697.265,81,6,+9.183,+1.150
3699.305,81,6,+9.172,+1.128
3707.542,81,6,+9.267,+1.119
3712.995,81,6,+9.363,+1.092
3716.293,81,6,+9.363,+1.114
3719.683,81,6,+9.345,+1.042
3721.98,81,6,+9.392,+1.051
3724.417,81,6,+9.421,+1.055
3725.105,81,6,+9.423,+1.055
3728.605,81,6,+9.384,+1.052
3731.41,81,6,+9.328,+1.042
3733.808,81,6,+9.351,+1.088
3738.89,81,6,+9.476,+1.159
3742.108,81,6,+9.520,+1.207
3745.999,81,6,+9.524,+1.126
3748.874,81,6,+9.534,+1.156
3752.89,81,6,+9.617,+1.182
3758.718,81,6,+9.610,+1.140
3764.502,81,6,+9.759,+1.202
3768.744,81,6,+9.792,+1.244
3773.765,81,6,+9.969,+1.275
3777.237,81,6,+10.084,+1.308
3780.737,81,6,+10.102,+1.218
3782.784,81,6,+10.076,+1.213
3791.003,81,6,+10.109,+1.204
3796.44,81,6,+10.180,+1.150
3799.8,81,6,+10.215,+1.205
3803.19,81,6,+10.201,+1.244
3805.534,81,6,+10.268,+1.263
3807.959,81,6,+10.300,+1.276
3808.662,81,6,+10.305,+1.281
3812.208,81,6,+10.297,+1.297
3815.037,81,6,+10.271,+1.308
3817.459,81,6,+10.252,+1.251
3822.662,81,6,+10.532,+1.519
3826.0,81,6,+10.645,+1.645
3829.808,81,7,+10.645,+1.645
3829.922,81,7,+10.715,+0.037
3832.86,81,7,+10.765,+0.108
3837.244,81,7,+11.158,+0.305
3843.275,81,7,+11.324,+0.400
3849.167,81,7,+11.515,+0.625
3853.499,81,7,+11.681,+0.714
3858.704,81,7,+11.920,+0.908
3862.25,81,7,+12.063,+1.096
3865.844,81,7,+12.111,+1.151
3867.876,81,7,+12.071,+1.138
3876.273,81,7,+12.241,+1.183
3881.929,81,7,+12.392,+1.361
3885.21,81,7,+12.394,+1.453
3888.663,81,7,+12.450,+1.518
3891.063,81,7,+12.548,+1.606
3893.47,81,7,+12.555,+1.639
3894.157,81,7,+12.559,+1.643
3897.735,81,7,+12.551,+1.650
3900.532,81,7,+12.529,+1.653
3902.954,81,7,+12.568,+1.619
3908.048,81,7,+12.639,+1.656
3911.329,81,7,+12.645,+1.602
3915.313,81,7,+12.686,+1.651
3918.204,81,7,+12.686,+1.654
3922.236,81,7,+12.748,+1.623
3928.252,81,7,+12.819,+1.814
3934.066,81,7,+12.955,+1.902
3938.327,81,7,+13.042,+1.983
3943.423,81,7,+13.233,+2.023
3947.019,81,7,+13.391,+2.128
3950.505,81,7,+13.467,+2.192
3952.547,81,7,+13.466,+2.222
3960.858,81,7,+13.546,+2.257
3966.431,81,7,+13.699,+2.413
3969.773,81,7,+13.753,+2.525
3973.164,81,7,+13.791,+2.580
3975.539,81,7,+13.861,+2.584
3977.993,81,7,+13.899,+2.621
3978.727,81,7,+13.909,+2.630
3982.289,81,7,+13.927,+2.668
3985.149,81,7,+13.929,+2.697
3987.556,81,7,+13.921,+2.586
3992.633,81,7,+14.060,+2.748
3995.977,81,7,+14.133,+2.716
3999.914,81,7,+14.210,+2.751
4002.805,81,7,+14.225,+2.743
4006.927,81,7,+14.283,+2.646
4012.739,81,7,+14.239,+2.721
4018.552,81,7,+14.341,+2.834
4022.849,81,7,+14.483,+2.931
4027.912,81,7,+14.510,+2.925
4031.38,81,7,+14.624,+3.078
4034.927,81,7,+14.605,+3.101
4036.958,81,7,+14.605,+3.119
4045.302,81,7,+14.579,+3.004
4050.771,81,7,+14.691,+3.151
4054.193,81,7,+14.708,+3.192
4057.662,81,7,+14.762,+3.246
4060.005,81,7,+14.788,+3.227
4062.412,81,7,+14.797,+3.227
4063.115,81,7,+14.800,+3.231
4066.693,81,7,+14.801,+3.333
4069.515,81,7,+14.795,+3.442
4071.902,81,7,+14.789,+3.343
4077.079,81,7,+14.841,+3.300
4080.387,81,7,+14.882,+3.202
4084.325,81,7,+14.955,+3.291
4087.264,81,7,+14.977,+3.290
4091.219,81,7,+14.940,+3.108
4097.096,81,7,+14.880,+3.137
4102.868,81,7,+14.950,+3.229
4107.189,81,7,+15.011,+3.301
4112.194,81,7,+15.067,+3.242
4115.587,81,7,+15.064,+3.193
4119.071,81,7,+15.047,+3.069
4121.092,81,7,+15.051,+3.104
4129.454,81,7,+15.062,+3.001
4134.906,81,7,+15.095,+3.098
4138.281,81,7,+15.151,+3.105
4141.754,81,7,+15.190,+3.146
4144.069,81,7,+15.197,+3.132
4146.494,81,7,+15.193,+3.143
4147.228,81,7,+15.196,+3.150
4150.697,81,6,+15.196,+3.150
4150.775,81,6,+15.207,+3.249
4153.65,81,6,+15.216,+3.319
4156.072,81,6,+15.264,+3.319
4161.166,81,6,+15.255,+3.315
4164.447,81,6,+15.251,+3.279
4168.399,81,6,+15.330,+3.249
4171.288,81,6,+15.343,+3.216
4175.263,81,6,+15.276,+3.039
4181.247,81,6,+15.292,+3.143
4187.013,81,6,+15.339,+3.216
4191.247,81,6,+15.381,+3.276
4196.31,81,6,+15.372,+3.164
4199.669,81,6,+15.374,+3.109
4203.2,81,6,+15.384,+2.983
4205.216,81,6,+15.358,+3.001
4213.576,81,6,+15.422,+2.938
4219.075,81,6,+15.535,+3.005
4222.435,81,6,+15.569,+2.949
4225.903,81,6,+10.417,+2.975
4228.185,81,6,+10.422,+2.957
4230.654,81,6,+10.408,+2.957
4231.325,81,5,+10.408,+2.957
4231.341,81,5,+11.859,+2.967
4234.825,81,4,+11.859,+2.967
4234.916,81,4,+10.401,+3.010
4237.764,81,4,+10.402,+3.015
4240.193,81,4,+10.437,+2.950
4245.301,81,4,+10.450,+3.092
4248.617,81,4,+10.539,+3.127
4252.626,81,4,+10.540,+3.149
4255.448,81,4,+10.452,+3.106
4259.448,81,4,+10.457,+3.094
4265.369,81,4,+10.446,+3.184
4271.15,81,4,+10.541,+3.334
4275.475,81,4,+10.599,+3.533
4280.51,81,4,+10.583,+3.507
4283.879,81,4,+10.575,+3.482
4287.426,81,4,+10.564,+3.473
4289.426,81,4,+10.575,+3.490
4297.692,81,4,+10.763,+3.457
4303.181,81,4,+10.820,+3.524
4306.461,81,4,+10.732,+3.524
4309.918,81,4,+10.806,+3.515
4312.211,81,4,+10.856,+3.479
4314.626,81,4,+10.846,+3.464
4315.372,81,4,+10.845,+3.456
4318.792,81,3,+10.845,+3.456
4318.886,81,3,+10.841,+3.433
4321.729,81,3,+10.845,+3.404
4324.182,81,3,+10.846,+3.359
4329.226,81,3,+10.934,+3.418
4332.588,81,3,+11.086,+3.400
4336.571,81,3,+11.054,+3.391
4339.369,81,3,+11.023,+3.320
4343.414,81,3,+11.017,+3.257
4349.336,81,3,+11.013,+3.370
4355.151,81,3,+11.119,+3.492
4359.479,81,3,+11.271,+3.631
4364.542,81,3,+11.314,+3.624
4367.994,81,3,+11.446,+3.693
4371.541,81,3,+11.475,+3.713
4373.604,81,3,+11.450,+3.727
4381.932,81,3,+11.706,+3.840
4387.557,81,3,+11.886,+3.948
4390.823,81,3,+11.943,+3.929
4394.354,81,3,+12.037,+4.033
4402.245,81,4,+12.037,+4.033
4407.479,81,5,+12.037,+4.033
4415.089,81,6,+12.037,+4.033
4418.448,81,7,+12.037,+4.033
4420.198,81,8,+12.037,+4.033
4428.558,81,9,+12.037,+4.033
4428.698,81,9,+26.309,+0.092
4431.667,81,9,+26.821,+0.620
4437.213,81,9,+27.315,+0.984
4440.571,81,9,+27.348,+0.951
4444.492,81,9,+27.280,+0.764
4447.396,81,9,+27.209,+0.747
4451.349,81,9,+27.136,+0.509
4457.235,81,9,+27.187,+0.307
4462.971,81,9,+27.203,+0.209
4466.983,81,8,+27.203,+0.209
4467.062,81,8,+27.088,+6.232
4472.125,81,8,+27.155,+6.242
4475.534,81,8,+27.104,+6.227
4479.011,81,8,+27.060,+6.127
4481.017,81,8,+27.030,+6.064
4489.145,81,8,+26.823,+5.850
4494.456,81,8,+26.752,+5.681
4497.752,81,8,+26.702,+5.538
4501.252,81,8,+26.791,+5.492
4503.502,81,8,+26.750,+5.492
4506.034,81,8,+26.712,+5.492
4506.619,81,8,+26.704,+1.795
4510.113,81,7,+26.704,+1.795
4510.193,81,7,+26.692,+9.734
4513.055,81,7,+26.661,+9.774
4515.43,81,7,+26.601,+9.803
4520.395,81,7,+26.501,+9.862
4523.658,81,7,+26.438,+9.981
4527.502,81,7,+26.313,+10.011
4530.33,81,7,+26.237,+10.041
4534.205,81,7,+26.034,+9.908
4540.032,81,7,+26.018,+10.027
4545.692,81,7,+25.966,+10.091
4549.912,81,7,+25.982,+10.112
4554.893,81,7,+25.807,+10.109
4558.255,81,7,+25.739,+10.070
4561.71,81,7,+25.673,+10.017
4563.696,81,7,+25.677,+10.002
4571.749,81,7,+22.634,+9.928
4577.091,81,7,+22.622,+9.912
4580.372,81,7,+22.631,+9.962
4583.774,81,7,+22.707,+25.124
4586.074,81,7,+22.763,+25.124
4588.461,81,7,+22.780,+25.124
4589.18,81,7,+22.785,+10.042
4592.713,81,7,+22.806,+10.042
4595.572,81,7,+22.829,+2.699
4597.988,81,7,+22.834,+2.118
4602.934,81,7,+22.845,+1.628
4606.129,81,7,+22.880,+1.563
4609.918,81,7,+22.910,+1.560
4612.793,81,7,+22.923,+1.450
4616.715,81,7,+22.831,+1.375
4622.456,81,7,+22.796,+1.365
4628.085,81,7,+22.880,+1.461
4632.255,81,7,+22.918,+1.526
4637.271,81,7,+23.025,+1.592
4640.612,81,7,+23.106,+1.609
4644.063,81,7,+23.164,+1.582
4646.063,81,7,+23.163,+1.576
4654.203,81,7,+23.118,+1.593
4659.481,81,7,+23.119,+1.679
4662.7,81,7,+23.117,+1.680
4666.044,81,7,+23.162,+1.623
4668.356,81,7,+23.238,+1.613
4670.716,81,7,+23.250,+1.596
4671.387,81,7,+23.248,+1.585
4674.913,81,7,+23.228,+1.532
4677.709,81,7,+23.207,+1.479
4680.101,81,7,+23.193,+1.408
4684.972,81,7,+23.156,+1.444
4688.246,81,7,+23.238,+1.341
4692.096,81,7,+23.311,+1.402
4694.969,81,7,+23.348,+1.331
4698.891,81,7,+23.273,+1.326
4704.657,81,7,+23.231,+1.431
4710.344,81,7,+23.320,+1.586
4714.485,81,7,+23.318,+1.586
4719.5,81,7,+23.349,+1.730
4722.922,81,7,+23.418,+1.771
4726.313,81,7,+23.444,+1.765
4728.313,81,7,+23.438,+1.782
4736.407,81,7,+23.341,+1.679
4741.704,81,7,+23.357,+1.818
4744.954,81,7,+23.309,+1.803
4748.313,81,7,+23.358,+1.733
4750.579,81,7,+23.395,+1.684
4752.985,81,7,+23.409,+1.663
4753.657,81,7,+23.414,+1.656
4757.204,81,7,+23.425,+1.633
4760.048,81,7,+23.425,+1.606
4762.423,81,7,+23.425,+1.595
4767.36,81,7,+23.432,+1.710
4770.563,81,7,+23.488,+1.606
4774.376,81,7,+23.432,+1.616
4777.235,81,7,+23.425,+1.563
4781.017,81,7,+23.303,+1.503
4786.97,81,7,+23.271,+1.605
4792.608,81,7,+23.315,+1.757
4796.78,81,7,+23.310,+1.777
4801.723,81,7,+23.357,+1.829
4805.051,81,7,+23.356,+1.804
4808.478,81,7,+23.342,+1.821
4810.476,81,7,+23.321,+1.827
4818.579,81,7,+23.179,+1.826
4823.858,81,7,+23.118,+1.877
4827.201,81,7,+23.117,+1.890
4830.561,81,7,+23.139,+1.912
4832.815,81,7,+23.174,+1.931
4835.237,81,7,+23.222,+1.938
4835.923,81,7,+23.230,+1.933
4839.474,81,7,+23.242,+1.909
4842.293,81,7,+23.241,+1.882
4844.683,81,7,+23.245,+1.851
4849.605,81,7,+23.291,+1.995
4852.933,81,7,+23.394,+1.986
4856.793,81,7,+23.416,+2.099
4859.662,81,7,+23.422,+2.056
4863.506,81,7,+23.273,+1.984
4869.268,81,7,+23.198,+2.091
4874.953,81,7,+23.203,+2.187
4879.119,81,7,+23.194,+2.234
4884.098,81,7,+23.211,+2.283
4887.46,81,7,+23.266,+2.287
4890.881,81,7,+23.276,+2.288
4892.894,81,7,+23.264,+2.304
4901.005,81,7,+23.062,+2.255
4906.221,81,7,+23.023,+2.403
4909.593,81,7,+23.051,+2.464
4913.015,81,7,+23.100,+2.520
4915.233,81,7,+23.121,+2.572
4917.654,81,7,+23.157,+2.623
4918.369,81,7,+23.166,+2.629
4921.936,81,7,+23.198,+2.638
4924.769,81,7,+23.220,+2.628
4927.19,81,7,+23.232,+2.616
4932.08,81,7,+23.170,+2.768
4935.394,81,7,+23.242,+2.760
4939.27,81,7,+23.286,+2.916
4942.098,81,7,+23.295,+2.894
4945.997,81,7,+23.147,+2.873
4951.812,81,7,+23.134,+3.022
4957.549,81,7,+23.244,+3.190
4961.715,81,7,+23.267,+3.254
4966.831,81,7,+23.388,+3.317
4970.093,81,7,+23.382,+3.324
4973.619,81,7,+23.449,+3.415
4975.618,81,7,+23.461,+3.452
4983.832,81,7,+23.338,+3.585
4989.279,81,7,+23.419,+3.724
4992.553,81,7,+23.410,+3.780
4995.9,81,7,+23.439,+3.827
4998.124,81,7,+23.436,+3.851
5000.534,81,7,+23.463,+3.896
5001.24,81,7,+23.468,+3.898
5004.74,81,7,+23.482,+3.889
5007.6,81,7,+23.493,+3.856
5009.944,81,7,+23.466,+3.798
5014.871,81,7,+23.485,+3.919
5018.138,81,7,+23.597,+3.942
5022.005,81,7,+23.647,+4.065
5024.875,81,7,+23.677,+4.033
5028.823,81,7,+23.590,+4.069
5034.662,81,7,+23.552,+4.144
5040.381,81,7,+23.481,+4.221
5044.599,81,7,+23.447,+4.244
5049.597,81,7,+23.466,+4.355
5052.959,81,7,+23.498,+4.419
5056.439,81,7,+23.550,+4.421
5058.465,81,7,+23.571,+4.440
5066.676,81,7,+23.460,+4.523
5072.119,81,7,+23.474,+4.633
5075.355,81,7,+23.494,+4.649
5078.725,81,7,+23.563,+4.687
5081.016,81,7,+23.591,+4.744
5083.457,81,7,+23.667,+4.817
5084.176,81,7,+23.680,+4.824
5087.716,81,7,+23.718,+4.827
5090.562,81,7,+23.739,+4.809
5092.914,81,7,+23.736,+4.776
5097.861,81,7,+23.650,+4.872
5101.113,81,7,+23.664,+4.879
5104.924,81,7,+23.696,+4.998
5107.818,81,7,+23.726,+4.992
5111.745,81,7,+23.651,+5.058
5117.506,81,7,+23.487,+5.071
5123.22,81,7,+23.473,+5.210
5127.462,81,7,+23.444,+5.274
5132.476,81,7,+23.503,+5.351
5135.897,81,7,+23.457,+5.419
5139.301,81,7,+23.435,+5.461
5141.339,81,7,+23.439,+5.517
5149.555,81,7,+23.271,+5.591
5154.938,81,7,+23.255,+5.763
5158.271,81,7,+23.208,+5.739
5161.639,81,7,+23.262,+5.791
5163.897,81,7,+23.251,+5.781
5166.337,81,7,+23.310,+5.849
5167.077,81,7,+23.324,+5.858
5170.642,81,7,+23.365,+5.873
5173.534,81,7,+23.393,+5.874
5175.838,81,7,+23.372,+5.862
5180.771,81,7,+23.340,+5.916
5183.998,81,7,+23.420,+5.860
5187.855,81,7,+23.508,+5.937
5190.699,81,7,+23.530,+5.890
5194.647,81,7,+23.415,+5.834
5200.458,81,7,+23.341,+5.903
5206.207,81,7,+23.401,+5.994
5210.401,81,7,+23.393,+5.999
5215.362,81,7,+23.369,+6.014
5218.722,81,7,+23.379,+6.052
5222.217,81,7,+23.442,+6.023
5224.216,81,7,+23.483,+6.057
5232.463,81,7,+23.329,+6.063
5237.959,81,7,+23.364,+6.108
5241.221,81,7,+23.403,+6.169
5244.602,81,7,+23.443,+6.254
5246.949,81,7,+23.442,+6.278
5249.261,81,7,+23.424,+6.299
5249.949,81,7,+23.428,+6.302
5253.531,81,7,+23.481,+6.319
5256.371,81,7,+23.542,+6.334
5258.764,81,7,+23.518,+6.336
5263.727,81,7,+23.541,+6.440
5267.047,81,7,+23.614,+6.442
5270.972,81,7,+23.697,+6.578
5273.847,81,7,+23.726,+6.540
5277.851,81,7,+23.621,+6.492
5283.674,81,7,+23.538,+6.544
5289.376,81,7,+23.540,+6.588
5293.599,81,7,+23.557,+6.628
5298.564,81,7,+23.440,+6.644
5301.902,81,7,+23.454,+6.667
5305.418,81,7,+23.482,+6.603
5307.454,81,7,+23.528,+6.616
5315.579,81,7,+23.364,+6.584
5321.0,81,7,+23.376,+6.672
5324.28,81,7,+23.334,+6.622
5327.637,81,7,+23.392,+6.674
5329.892,81,7,+23.398,+6.737
5332.278,81,7,+23.432,+6.742
5333.024,81,7,+23.440,+6.740
5336.552,81,7,+23.469,+6.738
5339.367,81,7,+23.495,+6.738
5341.756,81,7,+23.499,+6.736
5346.649,81,7,+23.445,+6.732
5349.9,81,7,+23.493,+6.681
5353.817,81,7,+23.539,+6.705
5356.691,81,7,+23.613,+6.713
5360.659,81,7,+23.527,+6.685
5366.417,81,7,+23.455,+6.735
5372.1,81,7,+23.350,+6.686
5376.258,81,7,+23.313,+6.674
5381.245,81,7,+23.308,+6.660
5384.609,81,7,+23.322,+6.681
5388.12,81,7,+23.381,+6.694
5390.179,81,7,+23.408,+6.743
5398.377,81,7,+23.261,+6.722
5403.788,81,7,+23.273,+6.829
5407.092,81,7,+23.254,+6.755
5410.474,81,7,+23.302,+6.794
5412.701,81,7,+23.285,+6.776
5415.099,81,7,+23.297,+6.774
5415.771,81,7,+23.303,+6.776
5419.322,81,7,+23.332,+6.798
5422.173,81,7,+23.365,+6.825
5424.564,81,7,+23.345,+6.805
5429.486,81,7,+23.259,+6.777
5432.811,81,7,+23.363,+6.757
5436.687,81,7,+23.417,+6.786
5439.601,81,7,+23.453,+6.785
5443.518,81,7,+23.356,+6.711
5449.331,81,7,+23.302,+6.786
5455.027,81,7,+23.285,+6.730
5459.181,81,7,+23.230,+6.694
5464.18,81,7,+23.157,+6.524
5467.581,81,7,+23.194,+6.517
5471.112,81,7,+23.166,+6.462
5473.066,81,7,+23.170,+6.501
5481.371,81,7,+23.091,+6.492
5486.681,81,7,+23.032,+6.478
5489.919,81,7,+22.935,+6.430
5493.239,81,7,+22.933,+6.477
5495.524,81,7,+22.949,+6.443
5497.937,81,7,+23.001,+6.443
5498.625,81,7,+23.010,+6.431
5502.187,81,7,+23.037,+6.431
5504.896,81,6,+23.037,+6.431
5504.99,81,6,+23.060,+6.418
5507.396,81,6,+23.049,+6.395
5512.313,81,6,+23.024,+6.435
5515.618,81,6,+23.080,+6.477
5519.61,81,6,+23.255,+6.590
5522.485,81,6,+23.293,+6.544
5526.485,81,6,+23.210,+6.503
5532.352,81,6,+23.109,+6.541
5538.074,81,6,+23.052,+6.476
5542.229,81,6,+23.026,+6.415
5547.286,81,6,+23.071,+6.385
5550.622,81,6,+23.071,+6.354
5554.141,81,6,+23.137,+6.402
5556.155,81,6,+23.155,+6.444
5564.381,81,6,+22.990,+6.413
5569.742,81,6,+22.922,+6.474
5572.968,81,6,+22.859,+6.397
5576.433,81,6,+23.000,+6.512
5578.755,81,6,+23.066,+6.577
5581.185,81,6,+23.115,+6.643
5581.929,81,6,+23.117,+6.646
5585.341,81,6,+23.018,+6.555
5588.022,81,6,+22.870,+6.409
5590.383,81,6,+22.802,+6.388
5595.384,81,6,+22.901,+6.454
5598.703,81,6,+23.024,+6.447
5602.46,81,7,+23.024,+6.447
5602.726,81,7,+23.245,+0.162
5605.64,81,7,+23.319,+0.181
5609.785,81,7,+23.454,+0.391
5615.678,81,7,+23.405,+0.574
5621.507,81,7,+23.627,+1.045
5625.682,81,7,+23.622,+1.132
5630.755,81,7,+23.679,+1.376
5634.141,81,7,+23.694,+1.504
5637.698,81,7,+23.763,+1.669
5639.692,81,7,+23.763,+1.676
5648.024,81,7,+23.608,+1.985
5653.42,81,7,+23.534,+2.308
5656.769,81,7,+23.468,+2.432
5660.201,81,7,+23.506,+2.550
5662.462,81,7,+23.546,+2.662
5664.881,81,7,+23.575,+2.749
5665.613,81,7,+23.583,+2.759
5669.059,81,6,+23.583,+2.759
5669.14,81,6,+23.617,+2.784
5671.979,81,6,+23.645,+2.729
5674.33,81,6,+23.612,+2.537
5679.424,81,6,+23.733,+2.909
5682.736,81,6,+23.812,+3.081
5686.627,81,6,+23.859,+3.245
5689.498,81,6,+23.863,+3.182
5693.492,81,6,+23.809,+3.404
5699.422,81,6,+23.748,+3.550
5705.221,81,6,+23.761,+3.908
5709.456,81,6,+23.751,+4.009
5714.487,81,6,+23.756,+4.226
5717.867,81,6,+23.785,+4.346
5721.405,81,6,+23.849,+4.501
5723.404,81,6,+23.870,+4.503
5731.721,81,6,+23.674,+4.734
5737.121,81,6,+23.599,+5.121
5740.452,81,6,+23.524,+5.202
5743.79,81,6,+23.499,+5.254
5746.071,81,6,+23.529,+5.373
5748.493,81,6,+23.537,+5.449
5749.196,81,6,+23.544,+5.457
5752.728,81,6,+23.587,+5.467
5755.572,81,6,+23.634,+5.459
5757.983,81,6,+23.602,+5.405
5762.941,81,6,+23.643,+5.737
5766.262,81,6,+23.738,+5.965
5770.215,81,6,+23.857,+6.194
5773.121,81,6,+23.907,+6.173
5777.142,81,6,+23.767,+6.404
5783.024,81,6,+23.752,+6.524
5788.848,81,6,+23.835,+6.907
5793.11,81,6,+23.839,+6.994
5798.092,81,6,+23.776,+7.100
5801.444,81,6,+23.716,+7.225
5805.003,81,6,+23.822,+7.397
5807.081,81,6,+23.870,+7.446
5815.26,81,6,+23.605,+7.664
5820.554,81,6,+23.514,+7.913
5823.806,81,6,+23.411,+7.940
5827.171,81,6,+23.457,+7.989
5829.433,81,6,+23.504,+8.036
5831.835,81,6,+23.556,+8.071
5832.663,81,6,+23.564,+8.077
5836.054,81,6,+23.646,+8.583
5838.929,81,6,+23.756,+8.503
5841.288,81,6,+23.788,+8.215
5846.538,81,6,+24.004,+8.310
5849.835,81,6,+24.154,+8.289
5853.851,81,6,+24.313,+8.385
5856.757,81,6,+24.271,+8.387
5860.804,81,6,+24.278,+8.411
5866.663,81,6,+24.269,+8.438
5872.492,81,6,+24.386,+8.566
5876.695,81,6,+24.325,+8.551
5881.773,81,6,+24.419,+8.514
5885.132,81,6,+24.464,+8.420
5888.679,81,6,+24.536,+8.358
5890.695,81,6,+24.595,+8.392
5899.023,81,6,+24.516,+8.429
5904.367,81,6,+24.444,+8.445
5907.664,81,6,+24.385,+8.329
5911.023,81,6,+24.395,+8.356
5913.273,81,6,+24.442,+8.279
5915.673,81,6,+24.501,+8.238
5916.407,81,6,+24.513,+8.237
5919.924,81,6,+24.554,+8.286
5922.798,81,6,+24.583,+8.347
5925.162,81,6,+24.605,+8.318
5930.19,81,6,+24.241,+8.211
5933.413,81,6,+24.137,+8.181
5937.366,81,6,+24.276,+8.217
5940.257,81,6,+24.215,+8.165
5944.179,81,6,+24.095,+8.132
5950.038,81,6,+24.046,+8.189
5955.757,81,6,+24.094,+8.204
5959.914,81,6,+24.013,+8.219
5964.929,81,6,+24.030,+8.146
5968.336,81,6,+24.069,+8.141
5971.846,81,6,+24.128,+8.090
5973.888,81,6,+24.190,+8.131
5982.165,81,6,+24.149,+8.136
5987.493,81,6,+24.014,+8.118
5990.687,81,6,+23.906,+7.966
5993.999,81,6,+23.971,+7.938
5996.218,81,6,+23.971,+7.873
5998.655,81,6,+24.062,+7.908
5999.39,81,6,+24.076,+7.909
6002.911,81,6,+24.092,+7.904
6005.737,81,6,+24.085,+7.894
6008.08,81,6,+24.058,+7.866
6013.096,81,6,+24.036,+7.900
6016.377,81,6,+24.116,+7.900
6020.31,81,6,+24.243,+7.940
6023.162,81,6,+24.204,+7.885
6027.145,81,6,+24.191,+7.812
6032.933,81,6,+24.193,+7.878
6038.668,81,6,+24.209,+7.960
6042.855,81,6,+24.170,+8.018
6047.902,81,6,+24.211,+7.982
6051.261,81,6,+24.230,+7.985
6054.817,81,6,+24.367,+8.025
6056.832,81,6,+24.444,+8.077
6065.151,81,6,+24.397,+8.107
6070.48,81,6,+24.329,+8.099
6073.698,81,6,+24.263,+7.989
6077.01,81,6,+24.364,+8.028
6079.276,81,6,+24.393,+7.966
6081.729,81,6,+24.458,+7.986
6082.417,81,6,+24.464,+7.984
6085.932,81,6,+24.456,+7.965
6088.745,81,6,+24.439,+7.944
6091.057,81,6,+24.380,+7.900
6096.106,81,6,+24.464,+7.979
6099.434,81,6,+24.575,+7.966
6103.473,81,6,+24.715,+7.990
6106.339,81,6,+24.663,+7.920
6110.29,81,6,+24.614,+7.847
6116.085,81,6,+24.537,+7.858
6121.791,81,6,+24.557,+7.874
6125.982,81,6,+24.539,+7.937
6131.088,81,6,+24.618,+8.049
6134.557,81,6,+24.702,+8.154
6138.228,81,6,+24.934,+8.291
6140.27,81,6,+25.001,+8.337
6148.536,81,6,+24.888,+8.310
6153.85,81,6,+24.798,+8.439
6157.147,81,6,+24.767,+8.397
6160.522,81,6,+24.891,+8.435
6162.745,81,6,+24.916,+8.435
6165.179,81,6,+24.977,+8.435
6165.864,81,6,+24.987,+8.388
6169.329,81,5,+24.987,+8.388
6169.407,81,5,+25.009,+8.486
6172.235,81,5,+25.020,+8.591
6174.591,81,5,+25.032,+8.572
6179.591,81,5,+24.959,+8.524
6182.872,81,5,+24.969,+8.546
6186.888,81,5,+25.063,+8.569
6189.731,81,5,+25.020,+8.519
6193.747,81,5,+25.006,+8.556
6199.56,81,5,+24.919,+8.623
6205.37,81,5,+24.932,+8.717
6209.57,81,5,+24.829,+8.742
6214.575,81,5,+24.833,+8.774
6217.968,81,5,+24.872,+8.797
6221.441,81,5,+24.904,+8.822
6223.446,81,5,+24.957,+8.869
6231.688,81,5,+24.146,+8.751
6237.036,81,5,+24.212,+8.865
6240.279,81,5,+24.151,+8.746
6243.647,81,5,+24.218,+8.864
6250.359,81,6,+24.218,+8.864
6257.086,81,7,+24.218,+8.864
6278.451,81,7,+47.342,+18.417
6281.19,81,7,+47.802,+18.862
6286.675,81,7,+48.346,+19.489
6289.967,81,7,+48.457,+19.646
6293.873,81,7,+48.508,+19.712
6296.766,81,7,+48.537,+19.791
6300.623,81,7,+48.638,+19.857
6306.467,81,7,+48.611,+19.796
6312.123,81,7,+48.565,+19.819
6316.28,81,7,+44.208,+19.848
6321.248,81,7,+44.236,+19.790
6324.608,81,7,+44.309,+19.789
6327.983,81,7,+44.304,+19.745
6330.029,81,7,+44.326,+19.777
6338.139,81,7,+44.429,+19.769
6343.289,81,7,+44.384,+19.553
6346.526,81,7,+44.347,+19.579
6349.868,81,7,+44.435,+19.601
6352.092,81,7,+44.466,+19.606
6354.427,81,7,+44.439,+19.595
6355.147,81,7,+44.572,+19.594
6358.686,81,7,+44.407,+19.611
6361.514,81,7,+44.386,+19.634
6363.889,81,7,+44.391,+19.692
6368.746,81,7,+44.430,+19.664
6371.966,81,7,+44.523,+19.691
6375.762,81,7,+44.551,+19.662
6378.637,81,7,+44.498,+19.706
6382.418,81,7,+44.665,+19.752
6388.12,81,7,+44.494,+19.586
6393.849,81,7,+44.716,+19.629
6397.983,81,7,+44.732,+19.662
6402.936,81,7,+44.822,+19.597
6406.186,81,7,+44.812,+19.480
6409.581,81,7,+44.738,+19.398
6411.597,81,7,+44.694,+19.403
6419.69,81,7,+44.724,+19.299
6424.791,81,7,+44.549,+19.063
6427.976,81,7,+44.450,+19.029
6431.25,81,7,+44.439,+19.036
6433.516,81,7,+44.515,+19.109
6436.453,81,7,+45.076,+19.671
6437.266,81,7,+45.185,+19.787
6440.985,81,7,+45.377,+20.027
6443.875,81,7,+45.401,+20.099
6446.25,81,7,+45.420,+20.142
6451.266,81,7,+45.591,+20.189
6454.485,81,7,+45.724,+20.274
6458.36,81,7,+45.769,+20.207
6461.219,81,7,+45.719,+20.270
6465.203,81,7,+45.847,+20.262
6470.907,81,7,+45.791,+20.257
6476.532,81,7,+45.920,+20.166
6480.641,81,7,+45.879,+20.171
6485.594,81,7,+45.928,+20.110
6488.844,81,7,+45.847,+19.996
6492.251,81,7,+45.815,+19.928
6494.278,81,7,+45.861,+19.928
6502.393,81,7,+45.764,+19.821
6507.587,81,7,+45.577,+29.143
6510.744,81,7,+45.515,+28.627
6514.046,81,7,+45.463,+28.242
6516.279,81,7,+45.447,+28.242
6518.622,81,7,+45.411,+28.242
6519.357,81,7,+45.399,+19.762
6522.841,81,7,+45.363,+19.762
6525.687,81,7,+45.327,+5.721
6528.0,81,7,+45.272,+5.181
6532.812,81,7,+45.241,+4.577
6536.031,81,7,+45.330,+4.525
6539.844,81,7,+45.349,+4.584
6542.719,81,7,+45.323,+4.572
6546.451,81,7,+45.379,+4.515
6552.221,81,7,+45.247,+4.571
6557.94,81,7,+45.462,+4.802
6565.598,81,7,+48.980,+8.381
6571.407,81,7,+49.776,+6.888
6576.29,81,7,+51.343,+5.813
6581.003,81,7,+52.594,+5.618
6583.554,81,7,+53.185,+5.866
6593.079,81,7,+54.595,+6.256
6599.576,81,7,+55.763,+6.829
6604.126,81,7,+57.143,+6.783
6608.91,81,7,+58.589,+6.577
6611.797,81,7,+59.271,+6.389
6614.913,81,7,+60.045,+6.553
6615.978,81,7,+60.367,+6.690
6621.349,81,7,+62.004,+7.185
6625.494,81,7,+60.159,+7.707
6628.487,81,7,+59.290,+7.594
6635.019,81,7,+60.487,+6.688
6639.016,81,7,+60.904,+6.302
6643.592,81,7,+61.047,+6.212
6647.149,81,7,+60.739,+6.492
6652.027,81,7,+59.894,+6.706
6660.364,81,7,+59.716,+7.858
6666.854,81,7,+59.912,+6.856
6673.508,81,7,+60.238,+6.720
6680.18,81,7,+60.640,+7.383
6685.477,81,7,+61.282,+6.886
6690.511,81,7,+60.158,+6.773
6692.829,81,7,+59.825,+6.611
6701.492,81,7,+59.430,+6.477
6707.13,81,7,+59.118,+6.471
6710.322,81,7,+57.795,+5.177
6713.679,81,7,+56.574,+4.905
6715.874,81,7,+56.574,+4.856
6718.254,81,7,+56.574,+4.871
6718.967,81,7,+52.444,+4.874
6722.452,81,7,+52.444,+4.970
6725.296,81,7,+33.388,+5.098
6727.671,81,7,+32.977,+5.135
6732.493,81,7,+31.616,+5.174
6735.714,81,7,+30.725,+5.096
6739.496,81,7,+30.502,+5.179
6742.374,81,7,+30.461,+5.165
6746.062,81,7,+30.574,+5.094
6751.765,81,7,+30.721,+5.068
6757.468,81,7,+31.269,+5.208
6761.546,81,7,+31.386,+5.214
6766.421,81,7,+31.617,+5.219
6769.702,81,7,+31.707,+5.153
6773.078,81,7,+31.777,+5.164
6775.109,81,7,+31.852,+5.232
6783.218,81,7,+32.152,+5.412
6788.393,81,7,+32.416,+5.536
6791.595,81,7,+32.477,+5.503
6794.823,81,7,+32.439,+5.457
6797.004,81,7,+32.463,+5.356
6799.362,81,7,+32.478,+5.340
6800.014,81,7,+32.475,+5.333
6803.494,81,7,+32.454,+5.303
6806.275,81,7,+32.407,+5.274
6808.666,81,7,+32.340,+5.270
6813.51,81,7,+32.463,+5.353
6816.751,81,7,+32.585,+5.376
6820.581,81,7,+32.696,+5.459
6823.441,81,7,+32.552,+5.438
6827.222,81,7,+32.606,+5.410
6832.923,81,7,+32.544,+5.399
6838.524,81,7,+32.782,+5.383
6842.642,81,7,+32.753,+5.350
6847.493,81,7,+32.867,+5.324
6850.724,81,7,+32.832,+5.241
6854.117,81,7,+32.869,+5.230
6856.134,81,7,+32.916,+5.284
6864.209,81,7,+33.186,+5.310
6869.381,81,7,+33.329,+5.392
6872.553,81,7,+33.326,+5.335
6875.803,81,7,+33.183,+5.305
6877.99,81,7,+33.159,+5.297
6880.334,81,7,+33.144,+5.309
6880.99,81,7,+33.135,+5.308
6884.475,81,7,+33.070,+5.284
6887.272,81,7,+32.996,+5.251
6889.634,81,7,+32.880,+5.230
6894.444,81,7,+33.098,+5.299
6897.647,81,7,+33.206,+5.303
6901.444,81,7,+33.300,+5.364
6904.256,81,7,+33.220,+5.273
6907.975,81,7,+33.337,+5.194
6913.831,81,7,+33.458,+5.287
6919.453,81,7,+33.743,+5.321
6923.569,81,7,+33.779,+5.347
6928.616,81,7,+34.024,+5.515
6931.913,81,7,+34.001,+5.547
6935.288,81,7,+34.010,+5.612
6937.32,81,7,+34.026,+5.669
6945.366,81,7,+34.233,+5.725
6950.554,81,7,+34.399,+5.836
6953.71,81,7,+34.341,+5.766
6956.953,81,7,+34.213,+5.741
6959.143,81,7,+34.191,+5.721
6961.49,81,7,+34.220,+5.771
6962.194,81,7,+34.216,+5.771
6965.677,81,7,+34.159,+5.745
6968.468,81,7,+34.080,+5.680
6970.796,81,7,+33.936,+5.635
6975.64,81,7,+34.062,+5.681
6978.8,81,7,+34.118,+5.670
6982.653,81,7,+34.246,+5.813
6985.498,81,7,+34.215,+5.712
6989.236,81,7,+34.302,+5.633
6995.073,81,7,+34.430,+5.754
7000.629,81,7,+34.636,+5.733
7004.739,81,7,+34.654,+5.690
7009.599,81,7,+34.772,+5.658
7012.889,81,7,+34.765,+5.680
7016.262,81,7,+34.788,+5.705
7018.295,81,7,+34.810,+5.758
7026.283,81,7,+34.911,+5.768
7031.47,81,7,+35.009,+5.898
7034.673,81,7,+35.037,+5.852
7037.892,81,7,+34.971,+5.812
7040.049,81,7,+34.965,+5.789
7042.423,81,7,+35.021,+5.827
7043.142,81,7,+35.026,+5.829
7046.653,81,7,+35.016,+5.835
7049.495,81,7,+34.984,+5.838
7051.825,81,7,+34.844,+5.827
7056.633,81,7,+34.953,+5.951
7059.836,81,7,+35.057,+6.010
7063.57,81,7,+35.071,+6.077
7066.395,81,7,+34.956,+5.990
7070.073,81,7,+35.012,+5.940
7075.817,81,7,+35.008,+5.939
7081.342,81,7,+35.135,+5.916
7085.423,81,7,+35.103,+5.809
7090.314,81,7,+35.207,+5.880
7093.642,81,7,+35.241,+5.966
7097.08,81,7,+35.324,+6.004
7099.095,81,7,+35.347,+6.062
7107.22,81,7,+35.502,+6.150
7112.345,81,7,+35.594,+6.244
7115.502,81,7,+35.522,+6.154
7118.736,81,7,+35.439,+6.147
7120.97,81,7,+35.473,+6.187
7123.299,81,7,+35.494,+6.206
7123.971,81,7,+35.492,+6.206
7127.502,81,7,+35.472,+6.212
7130.296,81,7,+35.440,+6.217
7132.64,81,7,+35.337,+6.202
7137.468,81,7,+35.537,+6.250
7140.671,81,7,+35.654,+6.338
7144.421,81,7,+35.742,+6.415
7147.282,81,7,+35.729,+6.413
7151.061,81,7,+35.830,+6.384
7156.733,81,7,+35.854,+6.423
7162.296,81,7,+36.044,+6.449
7166.392,81,7,+36.003,+6.440
7171.344,81,7,+36.154,+6.498
7174.646,81,7,+36.209,+6.604
7178.059,81,7,+36.270,+6.667
7180.096,81,7,+36.297,+6.750
7188.19,81,7,+36.444,+6.811
7193.346,81,7,+36.499,+6.785
7196.487,81,7,+36.376,+6.750
7199.721,81,7,+36.317,+6.773
7201.893,81,7,+36.299,+6.790
7204.268,81,7,+36.307,+6.818
7204.971,81,7,+36.304,+6.821
7208.471,81,7,+36.283,+6.838
7211.3,81,7,+36.253,+6.854
7213.628,81,7,+36.176,+6.842
7218.909,81,7,+36.400,+6.932
7221.659,81,7,+36.482,+6.918
7225.456,81,7,+36.612,+7.067
7228.3,81,7,+36.590,+7.039
7232.134,81,7,+36.686,+6.968
7237.837,81,7,+36.719,+6.958
7243.477,81,7,+36.931,+7.013
7247.587,81,7,+36.974,+6.965
7252.415,81,7,+37.026,+6.920
7255.759,81,7,+37.067,+6.992
7259.181,81,7,+37.092,+7.044
7261.196,81,7,+37.107,+7.121
7269.275,81,7,+37.209,+7.051
7274.485,81,7,+37.234,+7.010
7277.703,81,7,+37.251,+7.028
7280.965,81,7,+37.212,+7.060
7283.176,81,7,+37.244,+7.066
7285.591,81,7,+37.288,+7.100
7286.262,81,7,+37.290,+7.103
7289.762,81,7,+37.271,+7.115
7292.606,81,7,+37.237,+7.124
7294.918,81,7,+37.122,+7.085
7299.778,81,7,+37.267,+7.103
7302.996,81,7,+37.371,+7.153
7306.903,81,7,+37.402,+7.191
7309.499,81,7,+37.365,+7.136
7313.347,81,7,+37.435,+7.054
7319.097,81,7,+37.472,+7.147
7324.707,81,7,+37.537,+7.150
7328.832,81,7,+37.522,+7.178
7333.691,81,7,+37.451,+7.126
7336.941,81,7,+37.424,+7.143
7340.363,81,7,+37.407,+7.204
7342.472,81,7,+37.425,+7.291
7350.488,81,7,+37.556,+7.327
7355.727,81,7,+37.639,+7.368
7358.916,81,7,+37.589,+7.386
7362.15,81,7,+37.510,+7.371
7364.353,81,7,+37.552,+7.351
7366.806,81,7,+37.562,+7.367
7367.431,81,7,+37.557,+7.366
7370.916,81,7,+37.527,+7.372
7373.713,81,7,+37.500,+7.377
7376.041,81,7,+37.384,+7.297
7380.978,81,7,+37.600,+7.367
7384.244,81,7,+37.775,+7.417
7387.993,81,7,+37.824,+7.345
7390.827,81,7,+37.788,+7.220
7394.497,81,7,+37.865,+6.842
7400.309,81,7,+37.896,+6.698
7405.947,81,7,+38.102,+6.736
7410.021,81,7,+38.096,+6.666
7415.871,81,7,+39.160,+7.535
7419.383,81,7,+39.393,+7.686
7422.876,81,7,+39.511,+7.676
7424.891,81,7,+39.567,+7.709
7433.283,81,7,+39.955,+7.895
7438.508,81,7,+40.057,+7.952
7441.746,81,7,+40.073,+7.954
7444.998,81,7,+40.060,+7.947
7447.232,81,7,+40.099,+7.907
7449.545,81,7,+40.117,+7.847
7450.248,81,7,+40.113,+7.839
7453.755,81,7,+40.084,+7.851
7456.618,81,7,+40.053,+7.890
7458.917,81,7,+39.977,+7.842
7463.828,81,7,+40.158,+7.718
7467.039,81,7,+40.256,+7.682
7470.9,81,7,+40.359,+7.760
7473.693,81,7,+40.312,+7.702
7477.597,81,7,+40.380,+7.634
7483.334,81,7,+40.402,+7.739
7488.974,81,7,+40.568,+7.749
7493.09,81,7,+40.508,+7.772
7498.048,81,7,+40.650,+7.836
7501.376,81,7,+40.751,+7.895
7504.857,81,7,+40.708,+7.793
7506.898,81,7,+40.707,+7.841
7515.127,81,7,+40.905,+7.978
7520.398,81,7,+41.035,+8.032
7523.633,81,7,+41.034,+8.089
7526.884,81,7,+40.992,+8.131
7529.116,81,7,+41.045,+8.102
7531.523,81,7,+41.038,+8.074
7532.179,81,7,+41.030,+8.062
7535.679,81,7,+40.984,+8.020
7538.446,81,7,+40.936,+7.987
7540.82,81,7,+40.868,+7.971
7545.693,81,7,+41.029,+7.994
7548.952,81,7,+41.176,+8.057
7552.795,81,7,+41.241,+8.047
7555.595,81,7,+41.230,+7.990
7559.529,81,7,+41.490,+7.994
7565.457,81,7,+41.685,+8.104
7571.221,81,7,+41.889,+8.242
7575.408,81,7,+42.042,+8.370
7580.419,81,7,+42.187,+8.389
7583.729,81,7,+42.248,+8.366
7587.149,81,7,+42.258,+8.300
7589.123,81,7,+42.255,+8.311
7597.407,81,7,+42.466,+8.331
7602.736,81,7,+42.600,+8.398
7605.939,81,7,+42.588,+8.309
7609.185,81,7,+42.541,+8.286
7611.442,81,7,+42.597,+8.270
7613.852,81,7,+42.626,+8.278
7614.602,81,7,+42.625,+8.274
7618.024,81,7,+42.605,+8.256
7620.868,81,7,+42.580,+8.236
7623.227,81,7,+42.532,+8.218
7628.18,81,7,+42.651,+8.279
7631.399,81,7,+42.744,+8.267
7635.258,81,7,+42.820,+8.303
7638.102,81,7,+42.776,+8.251
7641.868,81,7,+42.829,+8.206
7647.78,81,7,+42.946,+8.311
7653.437,81,7,+43.126,+8.352
7657.593,81,7,+43.130,+8.386
7662.609,81,7,+43.256,+8.428
7665.906,81,7,+43.266,+8.403
7669.359,81,7,+43.292,+8.410
7671.343,81,7,+43.300,+8.453
7679.59,81,7,+43.409,+8.578
7684.847,81,7,+43.490,+8.578
7688.057,81,7,+43.441,+8.578
7691.257,81,7,+43.353,+8.510
7693.463,81,7,+43.352,+8.449
7695.886,81,7,+43.399,+8.447
7696.621,81,7,+43.401,+8.441
7700.074,81,7,+43.393,+8.414
7702.879,81,7,+43.384,+8.386
7705.196,81,7,+43.314,+8.341
7710.134,81,7,+43.393,+8.357
7713.383,81,7,+43.504,+8.373
7717.29,81,7,+43.582,+8.453
7720.102,81,7,+43.529,+8.393
7723.962,81,7,+43.529,+8.292
7729.899,81,7,+43.811,+8.574
7735.68,81,7,+44.158,+8.717
7739.856,81,7,+44.265,+8.790
7744.95,81,7,+44.533,+8.875
7748.325,81,7,+44.625,+8.853
7751.716,81,7,+44.621,+8.808
7753.747,81,7,+44.640,+8.852
7761.95,81,7,+44.725,+8.855
7767.216,81,7,+44.762,+8.842
7770.356,81,7,+44.729,+8.811
7773.591,81,7,+44.684,+8.758
7775.763,81,7,+44.681,+8.698
7778.169,81,7,+44.712,+8.723
7778.872,81,7,+44.713,+8.723
7782.381,81,7,+44.703,+8.712
7785.238,81,7,+44.689,+8.696
7787.547,81,7,+44.544,+8.616
7792.458,81,7,+44.808,+8.678
7795.755,81,7,+44.973,+8.740
7799.645,81,7,+45.083,+8.790
7802.458,81,7,+45.066,+8.747
7806.334,81,7,+45.170,+8.686
7812.161,81,7,+45.257,+8.786
7817.817,81,7,+45.425,+8.725
7822.0,81,7,+45.403,+8.735
7827.394,81,7,+45.693,+8.968
7830.566,81,7,+45.849,+9.039
7834.035,81,7,+45.883,+8.982
7836.144,81,7,+45.910,+9.015
7844.251,81,7,+46.030,+9.132
7849.521,81,7,+46.048,+9.184
7852.744,81,7,+46.053,+9.190
7855.947,81,7,+46.014,+9.164
7858.181,81,7,+46.016,+9.113
7860.563,81,7,+46.020,+9.087
7861.235,81,7,+46.018,+9.077
7864.719,81,7,+46.005,+9.050
7867.622,81,7,+45.998,+9.025
7869.943,81,7,+45.928,+9.001
7874.882,81,7,+46.100,+9.076
7878.132,81,7,+46.221,+9.020
7882.007,81,7,+46.340,+9.046
7884.835,81,7,+46.313,+8.977
7888.632,81,7,+46.371,+8.901
7894.483,81,7,+46.468,+8.991
7900.126,81,7,+46.633,+8.963
7904.267,81,7,+46.650,+9.003
7909.22,81,7,+46.742,+8.988
7912.595,81,7,+46.808,+8.928
7916.031,81,7,+46.842,+8.823
7918.036,81,7,+46.872,+8.850
7926.292,81,7,+47.001,+8.904
7931.582,81,7,+47.016,+8.772
7934.785,81,7,+46.991,+8.670
7938.019,81,7,+46.956,+8.577
7940.269,81,7,+47.016,+8.483
7942.722,81,7,+47.066,+8.457
7943.363,81,7,+47.074,+8.448
7946.925,81,7,+47.102,+8.417
7949.722,81,7,+47.118,+8.390
7952.082,81,7,+47.034,+8.346
7957.113,81,7,+47.295,+8.435
7960.394,81,7,+47.437,+8.431
7964.347,81,7,+47.520,+8.470
7967.144,81,7,+47.527,+8.432
7970.972,81,7,+47.584,+8.311
7976.738,81,7,+47.596,+8.371
7982.426,81,7,+47.771,+8.343
7986.598,81,7,+47.800,+8.350
7991.55,81,7,+47.822,+8.391
7994.861,81,7,+47.770,+8.373
7998.322,81,7,+47.804,+8.314
8000.326,81,7,+47.846,+8.343
8008.571,81,7,+47.934,+8.422
8013.774,81,7,+47.849,+8.366
8016.961,81,7,+47.792,+8.313
8020.227,81,7,+47.772,+8.285
8022.446,81,7,+47.793,+8.192
8024.852,81,7,+47.826,+8.175
8025.555,81,7,+47.830,+8.167
8029.059,81,7,+47.839,+8.135
8031.874,81,7,+47.845,+8.108
8034.249,81,7,+47.759,+8.083
8039.218,81,7,+47.853,+8.091
8042.437,81,7,+47.919,+8.024
8046.359,81,7,+48.014,+8.093
8049.22,81,7,+48.002,+8.058
8053.039,81,7,+48.077,+7.971
8058.981,81,7,+48.206,+8.135
8064.747,81,7,+48.489,+8.211
8068.903,81,7,+48.540,+8.267
8073.919,81,7,+48.677,+8.386
8077.403,81,7,+48.824,+8.461
8080.841,81,7,+48.867,+8.439
8082.841,81,7,+48.906,+8.461
8091.028,81,7,+48.851,+8.474
8096.356,81,7,+48.923,+8.616
8099.575,81,7,+48.917,+8.648
8102.903,81,7,+48.961,+8.659
8105.185,81,7,+49.027,+8.637
8107.591,81,7,+49.053,+8.632
8108.263,81,7,+49.051,+8.625
8111.763,81,7,+49.025,+8.597
8114.607,81,7,+48.987,+8.549
8116.966,81,7,+48.896,+8.527
8122.044,81,7,+49.190,+8.638
8125.329,81,7,+49.332,+8.630
8129.212,81,7,+49.483,+8.720
8132.04,81,7,+49.446,+8.653
8135.915,81,7,+49.605,+8.543
8141.9,81,7,+49.839,+8.780
8147.666,81,7,+50.098,+8.910
8151.822,81,7,+50.106,+8.986
8156.884,81,7,+50.307,+9.130
8160.306,81,7,+50.422,+9.210
8163.806,81,7,+50.513,+9.200
8165.806,81,7,+50.547,+9.242
8174.074,81,7,+50.747,+9.322
8179.44,81,7,+50.892,+9.525
8182.727,81,7,+50.938,+9.607
8186.135,81,7,+51.058,+9.725
8188.369,81,7,+51.106,+9.656
8190.807,81,7,+51.165,+9.663
8191.51,81,7,+51.168,+9.657
8195.01,81,7,+51.156,+9.630
8197.838,81,7,+51.129,+9.583
8200.197,81,7,+51.085,+9.521
8205.229,81,7,+51.247,+9.525
8208.519,81,7,+51.422,+9.548
8212.503,81,7,+51.626,+9.620
8215.342,81,7,+51.625,+9.563
8219.228,81,7,+51.802,+9.499
8225.103,81,7,+51.967,+9.539
8230.777,81,7,+52.134,+9.488
8234.859,81,7,+52.110,+9.463
8239.897,81,7,+52.259,+9.482
8243.241,81,7,+52.297,+9.460
8246.782,81,7,+52.373,+9.426
8248.742,81,7,+52.362,+9.438
8256.913,81,7,+52.471,+9.372
8262.148,81,7,+52.500,+9.402
8265.429,81,7,+52.469,+9.311
8268.757,81,7,+52.488,+9.227
8270.945,81,7,+52.533,+9.155
8273.335,81,7,+52.546,+9.138
8274.039,81,7,+52.544,+9.131
8277.561,81,7,+52.526,+9.099
8280.409,81,7,+52.504,+9.067
8282.746,81,7,+52.431,+9.027
8287.745,81,7,+52.619,+9.018
8291.073,81,7,+52.808,+9.019
8294.964,81,7,+52.928,+9.049
8297.792,81,7,+52.906,+8.998
8301.642,81,7,+53.026,+8.945
8307.464,81,7,+53.146,+8.962
8313.198,81,7,+53.370,+8.978
8317.308,81,7,+53.408,+8.962
8322.355,81,7,+53.497,+8.984
8325.652,81,7,+53.540,+8.924
8329.183,81,7,+53.603,+8.980
8331.23,81,7,+53.634,+9.031
8339.495,81,7,+53.771,+9.122
8344.792,81,7,+53.768,+9.168
8348.042,81,7,+53.740,+9.089
8351.324,81,7,+53.737,+9.004
8353.589,81,7,+53.775,+8.961
8356.042,81,7,+53.808,+8.955
8356.705,81,7,+53.809,+8.947
8360.211,81,7,+53.801,+8.909
8363.055,81,7,+53.790,+8.872
8365.391,81,7,+53.753,+8.829
8370.463,81,7,+53.852,+8.830
8373.734,81,7,+53.996,+5.457
8377.671,81,7,+54.131,+3.023
8380.421,81,6,+54.131,+3.023
8380.515,81,6,+54.148,+17.336
8384.546,81,6,+54.400,+36.958
8390.662,81,6,+54.769,+37.249
8396.715,81,6,+55.253,+34.781
8401.23,81,5,+55.253,+34.781
8401.308,81,5,+55.773,+18.520
8406.387,81,5,+55.939,+18.494
8410.918,81,5,+57.221,+19.523
8417.402,81,5,+60.263,+22.438
8420.202,81,5,+61.097,+23.227
8430.202,81,5,+63.038,+24.947
8436.452,81,5,+64.088,+24.280
8440.78,81,5,+65.098,+23.096
8445.639,81,5,+66.681,+23.889
8448.733,81,5,+67.526,+24.465
8451.891,81,5,+68.315,+25.009
8452.827,81,5,+68.547,+25.089
8457.343,81,5,+69.559,+24.091
8460.968,81,5,+70.352,+23.397
8464.106,81,5,+71.047,+23.040
8470.594,81,5,+72.568,+23.826
8474.687,81,5,+73.562,+24.539
8479.484,81,5,+74.380,+23.686
8483.109,81,5,+74.839,+22.975
8488.265,81,5,+73.210,+23.660
8496.406,81,5,+73.656,+24.681
8504.544,81,5,+72.948,+24.441
8511.096,81,5,+71.418,+24.484
8516.803,81,5,+70.666,+24.612
8520.788,81,5,+70.637,+24.810
8524.903,81,5,+70.692,+24.919
8527.34,81,5,+70.763,+24.427
8537.606,81,5,+72.264,+23.952
8543.918,81,5,+73.041,+24.010
8548.434,81,5,+73.157,+24.195
8553.325,81,5,+73.148,+23.436
8556.309,81,5,+73.140,+23.052
8559.752,81,5,+73.383,+23.331
8560.838,81,5,+73.495,+23.519
8566.119,81,5,+74.144,+24.502
8569.854,81,5,+74.127,+24.683
8572.893,81,5,+73.790,+24.427
8578.502,81,5,+73.724,+24.013
8582.052,81,5,+72.964,+23.438
8586.939,81,5,+72.997,+23.353
8591.551,81,5,+73.904,+24.335
8596.333,81,5,+73.678,+24.274
8603.911,81,5,+73.160,+23.421
8613.187,81,5,+73.775,+24.666
8619.281,81,5,+72.380,+23.710
8625.094,81,5,+72.581,+24.324
8628.766,81,5,+72.570,+23.969
8632.407,81,5,+72.486,+23.461
8634.485,81,5,+72.397,+22.837
8644.063,81,5,+72.485,+22.287
8649.391,81,5,+71.377,+21.275
8652.61,81,5,+69.771,+19.961
8656.079,81,5,+68.570,+18.966
8658.422,81,5,+67.906,+18.688
8660.869,81,5,+67.175,+18.669
8661.626,81,5,+66.927,+18.664
8665.304,81,5,+65.672,+18.659
8667.976,81,5,+64.615,+18.662
8670.407,81,5,+63.905,+18.629
8675.494,81,5,+62.974,+18.644
8678.755,81,5,+61.996,+18.675
8682.763,81,5,+61.163,+18.710
8685.606,81,5,+60.384,+18.717
8689.559,81,5,+59.360,+18.665
8695.544,81,5,+56.978,+18.715
8701.263,81,5,+57.025,+18.718
8705.435,81,5,+57.063,+18.797
8710.486,81,5,+57.187,+18.851
8713.864,81,5,+57.148,+18.760
8717.38,81,5,+57.234,+18.715
8719.364,81,5,+57.245,+18.708
8727.583,81,5,+57.372,+18.664
8732.832,81,5,+57.348,+18.443
8736.087,81,5,+57.400,+18.463
8739.423,81,5,+57.434,+18.398
8741.986,81,5,+57.522,+18.443
8744.205,81,5,+57.595,+18.514
8744.923,81,5,+57.600,+18.522
8748.439,81,5,+57.601,+18.531
8751.345,81,5,+57.595,+18.532
8753.642,81,5,+57.488,+18.551
8758.668,81,5,+57.567,+18.584
8761.955,81,5,+57.690,+18.626
8765.892,81,5,+57.751,+18.649
8768.698,81,5,+57.719,+18.655
8772.609,81,5,+57.787,+18.526
8778.49,81,5,+57.905,+18.518
8784.165,81,5,+58.084,+18.368
8788.321,81,5,+58.121,+18.363
8793.384,81,5,+58.280,+18.370
8796.79,81,5,+58.322,+18.371
8800.321,81,5,+58.414,+18.394
8802.352,81,5,+58.474,+18.413
8810.649,81,5,+58.698,+18.480
8816.024,81,5,+58.861,+18.332
8819.309,81,5,+58.830,+18.255
8822.64,81,5,+58.793,+18.117
8824.939,81,5,+58.805,+18.101
8827.415,81,5,+58.780,+18.158
8828.11,81,5,+58.661,+18.164
6.86,30,8,,
3229.105,30,8,+0.944,+0.282
3231.793,30,7,+0.944,+0.282
3231.887,30,7,+0.694,+0.113
3235.232,30,7,+0.939,+0.211
3240.524,30,8,+0.939,+0.211
3240.599,30,9,+0.939,+0.211
3240.699,30,9,+1.544,+0.020
3244.09,30,8,+1.544,+0.020
3244.116,30,8,+1.762,+0.033
3247.81,30,8,+2.061,+0.033
3250.707,30,8,+2.066,+0.023
3255.224,30,8,+2.698,+0.305
3261.189,30,8,+3.012,+0.321
3266.93,30,8,+3.319,+0.254
3271.35,30,8,+3.630,+0.394
3276.345,30,8,+3.998,+0.389
3279.964,30,8,+4.320,+0.483
3283.495,30,8,+4.430,+0.423
3285.495,30,8,+4.485,+0.459
3293.81,30,8,+4.938,+0.569
3299.232,30,8,+5.305,+0.784
3302.435,30,8,+5.365,+0.703
3305.982,30,8,+5.491,+0.724
3308.31,30,8,+5.644,+0.735
3310.716,30,8,+5.659,+0.716
3311.372,30,8,+5.653,+0.710
3314.8,30,8,+5.504,+0.684
3317.569,30,8,+5.380,+0.732
3320.07,30,8,+5.477,+0.830
3325.116,30,8,+5.754,+0.896
3328.46,30,8,+5.950,+0.823
3332.442,30,8,+6.163,+0.807
3335.276,30,8,+6.096,+0.635
3339.616,30,8,+6.546,+0.949
3345.523,30,8,+6.763,+0.949
3351.289,30,8,+6.968,+1.003
3355.523,30,8,+7.025,+1.096
3360.484,30,8,+7.202,+1.197
3363.979,30,8,+7.308,+1.238
3367.464,30,8,+7.332,+1.222
3369.511,30,8,+7.366,+1.258
3377.776,30,8,+7.630,+1.436
3383.105,30,8,+7.814,+1.555
3386.299,30,8,+7.787,+1.584
3389.761,30,8,+7.763,+1.615
3392.101,30,8,+7.882,+1.631
3394.501,30,8,+7.924,+1.616
3395.185,30,8,+7.925,+1.612
3398.698,30,8,+7.892,+1.661
3401.511,30,8,+7.846,+1.758
3403.964,30,8,+7.891,+1.830
3408.964,30,8,+8.046,+1.917
3412.308,30,8,+8.280,+1.918
3416.155,30,8,+8.355,+1.880
3418.964,30,8,+8.282,+1.755
3423.183,30,8,+8.595,+1.900
3429.153,30,8,+8.749,+1.928
3434.855,30,8,+8.964,+1.973
3439.105,30,8,+9.056,+2.083
3444.199,30,8,+9.197,+2.177
3447.59,30,8,+9.331,+2.323
3451.105,30,8,+9.469,+2.417
3453.184,30,8,+9.561,+2.510
3461.418,30,8,+9.738,+2.532
3466.887,30,8,+9.845,+2.700
3469.996,30,8,+9.857,+2.666
3473.465,30,8,+9.958,+2.665
3475.84,30,8,+10.141,+2.711
3478.231,30,8,+10.181,+2.704
3478.887,30,8,+10.186,+2.702
3482.481,30,8,+10.172,+2.781
3485.286,30,8,+10.145,+2.910
3487.712,30,8,+10.209,+2.985
3492.743,30,8,+10.360,+3.047
3496.059,30,8,+10.520,+2.960
3499.949,30,8,+10.615,+2.977
3502.793,30,8,+10.542,+2.908
3506.963,30,8,+10.823,+2.984
3512.822,30,8,+10.868,+3.080
3518.51,30,8,+10.990,+3.059
3522.822,30,8,+11.065,+3.162
3527.76,30,8,+11.130,+3.202
3531.296,30,8,+11.270,+3.315
3534.781,30,8,+11.352,+3.386
3536.905,30,8,+11.438,+3.470
3545.157,30,8,+11.566,+3.508
3550.607,30,8,+11.697,+3.672
3553.858,30,8,+11.710,+3.628
3557.315,30,8,+11.796,+3.647
3559.664,30,8,+11.965,+3.667
3562.106,30,8,+12.004,+3.654
3562.807,30,8,+12.010,+3.656
3566.364,30,8,+12.003,+3.755
3569.22,30,8,+11.978,+3.885
3571.62,30,8,+12.057,+3.981
3576.749,30,8,+12.287,+4.051
3580.163,30,8,+12.458,+3.950
3584.054,30,8,+12.553,+4.007
3587.008,30,8,+12.476,+3.959
3591.164,30,8,+12.770,+4.087
3597.216,30,8,+12.963,+4.328
3602.942,30,8,+13.014,+4.383
3607.21,30,8,+13.045,+4.427
3612.063,30,8,+13.014,+4.283
3615.517,30,8,+13.117,+4.350
3619.092,30,8,+13.245,+4.464
3621.217,30,8,+13.348,+4.574
3629.436,30,8,+13.415,+4.546
3634.91,30,8,+13.600,+4.770
3638.16,30,8,+13.603,+4.798
3641.614,30,8,+13.711,+4.909
3644.036,30,8,+13.894,+4.974
3646.52,30,8,+13.949,+4.964
3647.193,30,8,+13.957,+4.967
3650.723,30,8,+13.963,+5.073
3653.563,30,8,+13.921,+5.199
3655.987,30,8,+13.929,+5.248
3661.122,30,8,+14.102,+4.755
3664.55,30,8,+14.306,+4.650
3668.484,30,8,+14.415,+4.658
3671.364,30,8,+14.413,+4.579
3675.671,30,8,+14.794,+4.765
3681.783,30,8,+15.090,+5.097
3687.605,30,8,+15.260,+5.209
3691.912,30,8,+15.430,+5.324
3697.001,30,8,+15.664,+5.437
3700.495,30,8,+15.875,+5.616
3704.042,30,8,+15.945,+5.664
3706.12,30,8,+15.992,+5.743
3714.527,30,8,+16.271,+5.901
3720.011,30,8,+16.439,+6.090
3723.355,30,8,+16.459,+6.154
3726.886,30,8,+16.527,+6.247
3729.246,30,8,+16.658,+6.323
3731.683,30,8,+16.683,+6.332
3732.355,30,8,+16.687,+6.335
3735.912,30,8,+16.685,+6.429
3738.78,30,8,+16.679,+6.560
3741.28,30,8,+16.775,+6.624
3746.358,30,8,+16.935,+6.766
3749.687,30,8,+17.091,+6.785
3753.671,30,8,+17.197,+6.859
3756.594,30,8,+17.210,+6.808
3760.765,30,8,+17.493,+6.889
3767.068,30,8,+17.615,+7.015
3772.507,30,8,+17.764,+7.107
3776.737,30,8,+17.810,+7.203
3781.753,30,8,+17.946,+7.171
3785.237,30,8,+18.102,+7.313
3788.846,30,8,+18.188,+7.387
3790.909,30,8,+18.201,+7.473
3799.159,30,8,+18.269,+7.448
3804.721,30,8,+18.420,+7.658
3808.054,30,8,+18.463,+7.758
3811.599,30,8,+18.599,+7.917
3814.005,30,8,+18.744,+7.986
3816.443,30,8,+18.777,+8.007
3817.146,30,8,+18.783,+8.016
3820.703,30,8,+18.791,+8.147
3823.565,30,8,+18.796,+8.315
3826.062,30,8,+18.897,+8.418
3831.189,30,8,+19.034,+8.502
3834.595,30,8,+19.220,+8.575
3838.588,30,8,+19.378,+8.663
3841.478,30,8,+19.401,+8.636
3845.744,30,8,+19.706,+8.548
3851.84,30,8,+19.854,+8.530
3857.579,30,8,+19.903,+8.388
3861.875,30,8,+20.051,+8.370
3866.969,30,8,+20.181,+8.261
3870.501,30,8,+20.319,+8.256
3874.1,30,8,+20.383,+8.272
3876.225,30,8,+20.404,+8.333
3884.554,30,8,+20.518,+8.277
3890.085,30,8,+20.627,+8.235
3893.454,30,8,+20.627,+8.233
3896.907,30,8,+20.692,+8.242
3899.329,30,8,+20.834,+8.286
3901.766,30,8,+20.837,+8.282
3902.438,30,8,+20.839,+8.280
3906.017,30,8,+20.841,+8.290
3908.892,30,8,+20.837,+8.308
3911.313,30,8,+20.898,+8.330
3916.47,30,8,+20.993,+8.354
3919.782,30,8,+21.096,+8.451
3923.824,30,8,+21.185,+8.499
3926.703,30,8,+21.187,+8.501
3930.929,30,8,+21.463,+8.715
3937.028,30,8,+21.605,+8.786
3942.866,30,8,+21.750,+8.795
3947.132,30,8,+21.810,+8.768
3952.166,30,8,+21.971,+8.738
3955.701,30,8,+22.165,+8.774
3959.311,30,8,+22.278,+8.811
3961.42,30,8,+22.320,+8.854
3969.68,30,8,+22.370,+8.824
3975.242,30,8,+22.567,+8.868
3978.617,30,8,+22.627,+8.874
3982.102,30,8,+22.705,+8.914
3984.508,30,8,+22.830,+8.969
3987.149,30,8,+22.824,+8.925
3987.789,30,8,+22.826,+8.917
3991.211,30,8,+22.829,+8.902
3994.055,30,8,+22.835,+8.906
3996.555,30,8,+22.947,+9.026
4001.696,30,8,+23.080,+9.020
4005.067,30,8,+23.227,+9.094
4009.083,30,8,+23.351,+9.141
4011.927,30,8,+23.367,+9.142
4016.115,30,8,+23.579,+9.296
4022.177,30,8,+23.682,+9.443
4027.99,30,8,+23.767,+9.426
4032.269,30,8,+23.872,+9.389
4037.302,30,8,+23.883,+9.373
4040.771,30,8,+24.022,+9.398
4044.365,30,8,+24.048,+9.443
4046.458,30,8,+24.094,+9.489
4054.787,30,8,+24.102,+9.523
4060.334,30,8,+24.223,+9.532
4063.74,30,8,+24.276,+9.568
4067.324,30,8,+24.409,+9.647
4069.754,30,8,+24.548,+9.760
4072.231,30,8,+24.596,+9.799
4072.949,30,8,+24.605,+9.805
4076.509,30,8,+24.619,+9.818
4079.363,30,8,+24.622,+9.827
4081.827,30,8,+24.678,+9.889
4087.008,30,8,+24.747,+9.906
4090.427,30,8,+24.918,+10.036
4094.455,30,8,+25.089,+10.134
4097.384,30,8,+25.123,+10.146
4101.654,30,8,+25.398,+10.458
4107.768,30,8,+25.536,+10.656
4113.506,30,8,+25.585,+10.635
4117.716,30,8,+25.564,+10.553
4122.781,30,8,+25.670,+10.603
4126.297,30,8,+25.781,+10.717
4129.859,30,8,+25.827,+10.780
4131.937,30,8,+25.855,+10.804
4140.281,30,8,+25.877,+10.815
4145.712,30,8,+25.911,+10.816
4149.041,30,8,+25.911,+10.760
4152.728,30,8,+26.180,+22.542
4159.478,30,9,+26.180,+22.542
4161.291,30,10,+26.180,+22.542
4167.791,30,11,+26.180,+22.542
4169.088,30,12,+26.180,+22.542
4169.927,30,13,+26.180,+22.542
4172.368,30,14,+26.180,+22.542
4175.091,30,15,+26.180,+22.542
4176.169,30,16,+26.180,+22.542
4176.997,30,17,+26.180,+22.542
4178.809,30,18,+26.180,+22.542
4181.341,30,19,+26.180,+22.542
4190.638,30,19,+52.181,+6.324
4193.575,30,19,+52.732,+6.747
4199.075,30,19,+53.157,+6.912
4202.466,30,19,+53.268,+6.946
4206.325,30,19,+53.277,+6.665
4209.185,30,19,+53.251,+6.522
4213.419,30,19,+53.459,+6.618
4219.294,30,19,+53.349,+6.399
4224.903,30,19,+47.942,+6.084
4229.122,30,19,+47.860,+5.931
4234.029,30,19,+47.711,+5.611
4237.399,30,19,+47.711,+5.356
4240.917,30,19,+47.738,+5.101
4242.97,30,19,+47.787,+5.101
4251.2,30,19,+47.826,+4.734
4256.516,30,19,+47.753,+4.483
4259.71,30,19,+47.608,+4.194
4263.286,30,19,+47.810,+3.994
4265.728,30,19,+47.964,+3.994
4268.197,30,19,+47.947,+3.994
4268.869,30,18,+47.947,+3.994
4268.869,30,18,+49.395,+6.965
4272.369,30,17,+49.395,+6.965
4272.431,30,17,+47.929,+6.962
4275.311,30,17,+47.923,+6.991
4277.749,30,17,+47.985,+6.992
4282.801,30,17,+47.944,+6.687
4286.207,30,17,+48.093,+6.580
4290.129,30,17,+48.100,+6.330
4292.989,30,17,+47.982,+6.230
4297.192,30,17,+48.213,+6.243
4303.172,30,17,+48.233,+5.977
4308.769,30,17,+48.170,+5.692
4312.979,30,17,+48.091,+5.610
4317.981,30,17,+48.031,+5.244
4321.417,30,17,+48.120,+5.166
4324.92,30,17,+48.098,+4.997
4327.001,30,17,+48.138,+4.983
4335.29,30,17,+48.349,+4.842
4340.664,30,17,+48.273,+4.681
4343.976,30,17,+48.261,+4.667
4347.539,30,17,+48.390,+4.452
4349.856,30,17,+48.506,+4.452
4352.286,30,17,+48.472,+4.452
4352.977,30,17,+48.467,+0.677
4356.417,30,15,+48.467,+0.677
4356.511,30,15,+48.449,+0.677
4359.276,30,14,+48.449,+0.677
4359.37,30,14,+48.448,+5.939
4361.808,30,14,+48.503,+5.952
4366.9,30,14,+48.547,+5.740
4370.291,30,14,+48.780,+5.721
4374.276,30,14,+48.800,+5.556
4377.166,30,14,+48.767,+5.481
4381.354,30,14,+49.001,+5.561
4387.307,30,14,+48.960,+5.351
4392.995,30,14,+48.990,+5.234
4397.245,30,14,+49.029,+5.214
4402.339,30,14,+41.370,+4.997
4405.854,30,14,+41.560,+4.947
4409.432,30,14,+41.585,+4.803
4411.527,30,14,+41.638,+4.800
4419.901,30,14,+41.833,+4.587
4425.37,30,14,+41.850,+4.388
4428.698,30,14,+41.789,+4.277
4432.229,30,14,+41.848,+4.216
4434.67,30,14,+41.934,+4.210
4437.133,30,14,+41.955,+4.131
4437.837,30,14,+46.303,+4.120
4441.315,30,12,+46.303,+4.120
4441.416,30,12,+41.926,+4.100
4444.256,30,12,+41.868,+4.108
4446.833,30,12,+41.890,+4.133
4451.802,30,12,+41.901,+4.037
4455.208,30,12,+41.969,+4.053
4459.229,30,12,+42.013,+3.940
4462.112,30,12,+41.938,+3.876
4466.28,30,12,+42.108,+3.928
4472.249,30,12,+42.194,+3.797
4477.977,30,12,+42.205,+3.653
4482.222,30,12,+42.248,+3.648
4487.257,30,12,+42.229,+3.375
4490.705,30,12,+42.285,+3.286
4494.237,30,12,+42.289,+3.156
4496.315,30,12,+42.311,+3.209
4504.581,30,12,+42.269,+3.058
4510.059,30,12,+42.291,+2.909
4513.299,30,12,+42.239,+2.729
4516.795,30,12,+42.327,+2.633
4519.212,30,12,+42.437,+2.633
4521.696,30,12,+42.479,+2.633
4522.401,30,11,+42.479,+2.633
4522.401,30,11,+42.480,+4.842
4525.956,30,11,+42.467,+4.842
4528.768,30,10,+42.467,+4.842
4528.861,30,10,+42.416,+4.771
4531.237,30,10,+42.357,+4.697
4536.393,30,10,+42.486,+4.643
4539.769,30,10,+42.527,+4.656
4543.766,30,10,+42.562,+4.546
4546.631,30,10,+42.472,+4.401
4550.706,30,10,+42.557,+4.329
4556.638,30,10,+42.623,+4.031
4562.295,30,10,+42.589,+3.837
4566.558,30,10,+39.324,+3.730
4571.532,30,10,+39.373,+3.566
4575.022,30,10,+39.527,+3.483
4578.567,30,10,+39.655,+3.404
4580.641,30,10,+39.703,+3.426
4588.914,30,10,+39.790,+3.202
4594.44,30,10,+40.005,+3.090
4597.709,30,10,+39.999,+2.856
4601.231,30,10,+40.180,+2.863
4603.671,30,10,+40.364,+2.884
4606.129,30,10,+40.418,+2.783
4606.873,30,10,+40.426,+2.763
4610.371,30,10,+40.430,+2.702
4613.199,30,10,+40.422,+2.660
4615.497,30,11,+40.422,+2.660
4615.702,30,11,+40.521,+0.145
4621.12,30,11,+41.028,+0.498
4624.492,30,11,+41.243,+0.722
4628.409,30,11,+41.374,+0.858
4631.293,30,11,+41.370,+0.887
4635.552,30,11,+41.719,+1.146
4641.532,30,11,+41.857,+1.306
4647.422,30,11,+42.065,+1.400
4651.485,30,11,+42.163,+1.481
4656.545,30,11,+42.340,+1.520
4660.076,30,11,+42.575,+1.667
4663.637,30,11,+42.732,+1.673
4665.716,30,11,+42.780,+1.715
4674.059,30,11,+42.991,+1.814
4679.598,30,11,+43.256,+1.881
4682.929,30,11,+43.329,+1.869
4686.403,30,11,+43.514,+1.491
4688.836,30,11,+43.752,+1.394
4691.309,30,11,+43.840,+1.268
4691.997,30,11,+43.853,+1.249
4695.547,30,11,+43.854,+1.248
4698.36,30,11,+43.831,+1.340
4700.797,30,11,+43.884,+1.389
4705.907,30,11,+44.052,+1.110
4709.266,30,11,+44.246,+0.981
4713.266,30,11,+44.498,+0.854
4716.125,30,11,+44.519,+0.716
4720.438,30,11,+44.877,+0.810
4726.516,30,11,+45.048,+0.700
4732.251,30,11,+45.223,+0.565
4736.547,30,11,+45.364,+0.564
4741.61,30,11,+45.448,+0.430
4745.157,30,11,+45.678,+0.397
4748.688,30,11,+45.780,+0.216
4750.719,30,11,+45.808,+0.253
4759.189,30,11,+46.143,+0.196
4764.751,30,11,+46.365,+0.029
4768.126,30,10,+46.365,+0.029
4768.204,30,10,+46.535,+5.170
4771.766,30,10,+46.787,+5.375
4774.188,30,10,+47.001,+5.581
4776.626,30,10,+47.067,+5.633
4777.36,30,10,+47.078,+5.640
4780.876,30,10,+47.099,+5.654
4783.735,30,10,+47.102,+5.656
4786.22,30,10,+47.201,+5.779
4791.254,30,10,+47.323,+5.967
4794.592,30,10,+47.503,+6.150
4798.452,30,10,+47.510,+6.273
4801.301,30,10,+47.490,+6.291
4805.504,30,10,+47.760,+6.482
4811.468,30,10,+47.811,+6.596
4817.133,30,10,+47.853,+6.673
4821.354,30,10,+47.889,+6.723
4826.358,30,10,+47.976,+6.737
4829.842,30,10,+48.158,+6.900
4833.369,30,10,+48.216,+6.923
4835.459,30,10,+48.259,+6.941
4843.668,30,10,+48.275,+7.011
4849.136,30,10,+48.338,+7.089
4852.465,30,10,+48.402,+7.175
4855.855,30,10,+48.446,+7.262
4858.23,30,10,+48.593,+7.418
4860.655,30,10,+48.645,+7.437
4861.361,30,10,+48.657,+7.442
4864.905,30,10,+48.688,+7.469
4867.998,30,10,+48.706,+7.488
4870.221,30,10,+48.756,+7.550
4875.264,30,10,+48.907,+7.699
4878.65,30,10,+49.107,+7.912
4882.569,30,10,+49.183,+8.030
4885.414,30,10,+49.191,+8.038
4889.548,30,10,+49.374,+8.121
4895.536,30,10,+49.474,+8.301
4901.254,30,10,+49.502,+8.300
4905.474,30,10,+49.554,+8.338
4910.437,30,10,+49.549,+8.268
4913.874,30,10,+49.694,+8.288
4917.398,30,10,+49.788,+8.268
4919.498,30,10,+49.836,+8.302
4927.783,30,10,+49.857,+8.254
4933.252,30,10,+49.992,+8.200
4936.579,30,10,+50.002,+8.223
4939.974,30,10,+50.073,+8.094
4942.295,30,10,+50.176,+7.983
4944.731,30,10,+50.208,+8.092
4945.423,30,10,+50.214,+7.934
4948.977,30,10,+50.237,+8.055
4951.839,30,10,+50.259,+8.047
4954.28,30,10,+50.320,+7.660
4959.394,30,10,+50.419,+7.309
4962.771,30,10,+50.622,+7.182
4966.737,30,10,+50.719,+6.991
4969.57,30,10,+50.734,+6.957
4973.781,30,10,+50.971,+6.914
4979.735,30,10,+51.039,+6.743
4985.414,30,10,+51.084,+6.523
4989.516,30,10,+51.069,+6.410
4994.504,30,10,+51.149,+6.232
4997.953,30,10,+51.268,+6.035
5001.506,30,10,+51.357,+5.868
5003.568,30,10,+51.390,+5.892
5011.81,30,10,+51.329,+5.575
5017.279,30,10,+51.478,+5.401
5020.607,30,10,+51.481,+5.223
5024.021,30,10,+51.557,+5.135
5026.379,30,10,+51.669,+5.034
5028.807,30,10,+51.724,+4.950
5029.479,30,10,+51.735,+4.939
5033.062,30,10,+51.770,+4.923
5035.916,30,10,+51.797,+4.923
5038.335,30,10,+51.852,+4.931
5043.435,30,10,+52.024,+4.794
5046.834,30,10,+52.242,+4.717
5050.707,30,10,+52.336,+4.497
5053.566,30,10,+52.349,+4.443
5057.77,30,10,+52.560,+4.430
5063.74,30,10,+52.634,+4.261
5069.478,30,10,+52.554,+4.113
5073.649,30,10,+52.515,+4.102
5078.648,30,10,+52.507,+3.960
5082.129,30,10,+52.653,+3.754
5085.676,30,10,+52.781,+3.638
5087.754,30,10,+52.832,+3.666
5096.054,30,10,+52.841,+3.576
5101.584,30,10,+52.994,+3.409
5104.9,30,10,+53.051,+3.298
5108.363,30,10,+53.194,+2.996
5110.71,30,10,+53.296,+2.996
5113.151,30,10,+53.329,+2.996
5113.823,30,9,+53.329,+2.996
5113.823,30,9,+53.336,+10.639
5117.372,30,9,+53.370,+10.635
5120.256,30,9,+53.403,+10.638
5122.639,30,9,+53.456,+10.710
5127.79,30,9,+53.533,+10.801
5131.116,30,9,+53.644,+10.942
5135.032,30,9,+53.784,+11.070
5137.894,30,9,+53.801,+11.086
5142.176,30,9,+54.127,+11.327
5148.136,30,9,+54.127,+11.424
5153.901,30,9,+54.148,+11.504
5158.104,30,9,+54.108,+11.555
5163.151,30,9,+54.172,+11.568
5166.676,30,9,+54.230,+11.689
5170.177,30,9,+54.280,+11.697
5172.247,30,9,+54.302,+11.709
5180.583,30,9,+54.278,+11.898
5186.085,30,9,+54.357,+11.997
5189.386,30,9,+54.342,+11.973
5192.776,30,9,+54.392,+12.017
5195.134,30,9,+54.495,+12.127
5197.583,30,9,+54.522,+12.135
5198.271,30,9,+54.531,+12.137
5201.825,30,9,+54.568,+12.143
5204.702,30,9,+54.601,+12.153
5207.097,30,9,+54.619,+12.167
5212.501,30,9,+55.041,+12.600
5216.034,30,9,+55.443,+12.941
5219.97,30,9,+55.597,+13.047
5222.834,30,9,+55.617,+13.074
5227.099,30,9,+55.885,+13.285
5233.179,30,9,+56.021,+13.522
5238.898,30,9,+56.114,+13.629
5243.096,30,9,+56.092,+13.695
5248.121,30,9,+56.127,+13.767
5251.607,30,9,+56.260,+13.865
5255.153,30,9,+56.406,+13.876
5257.264,30,9,+56.480,+13.891
5265.524,30,9,+56.398,+13.932
5271.065,30,9,+56.506,+14.043
5274.435,30,9,+56.569,+14.030
5277.808,30,9,+56.644,+14.059
5280.177,30,9,+56.759,+14.178
5282.615,30,9,+56.753,+14.174
5283.288,30,9,+56.758,+14.173
5286.954,30,9,+56.810,+14.183
5289.736,30,9,+56.866,+14.194
5292.139,30,9,+56.897,+14.257
5297.26,30,9,+57.035,+14.380
5300.608,30,9,+57.199,+14.544
5304.557,30,9,+57.267,+14.639
5307.454,30,9,+57.270,+14.662
5311.642,30,9,+57.446,+14.816
5317.627,30,9,+57.498,+14.942
5323.416,30,9,+57.578,+15.011
5327.621,30,9,+57.558,+14.996
5332.609,30,9,+57.462,+15.012
5336.072,30,9,+57.621,+15.113
5339.637,30,9,+57.718,+15.090
5341.72,30,9,+57.804,+15.099
5350.001,30,9,+57.766,+15.151
5355.519,30,9,+57.853,+15.185
5358.82,30,9,+57.865,+15.144
5362.279,30,9,+58.016,+15.263
5364.659,30,9,+58.157,+15.380
5367.085,30,9,+58.214,+15.393
5367.78,30,9,+58.227,+15.396
5371.347,30,9,+58.275,+15.406
5374.237,30,9,+58.325,+15.424
5376.709,30,9,+58.438,+15.544
5381.843,30,9,+58.583,+15.694
5385.239,30,9,+58.828,+15.946
5389.175,30,9,+58.936,+16.092
5392.043,30,9,+58.956,+16.132
5396.227,30,9,+59.145,+16.291
5402.225,30,9,+59.253,+16.435
5407.925,30,9,+59.201,+16.492
5412.202,30,9,+59.202,+16.529
5417.224,30,9,+59.252,+16.513
5420.685,30,9,+59.403,+16.608
5424.236,30,9,+59.503,+16.620
5426.345,30,9,+59.567,+16.656
5434.733,30,9,+59.627,+16.753
5440.349,30,9,+59.804,+16.821
5443.721,30,9,+59.922,+16.847
5447.19,30,9,+60.041,+16.929
5449.581,30,9,+60.180,+17.047
5452.052,30,9,+60.247,+17.073
5452.724,30,9,+60.260,+17.078
5456.296,30,9,+60.297,+17.096
5459.175,30,9,+60.331,+17.115
5461.681,30,9,+60.433,+17.254
5466.922,30,9,+60.546,+17.383
5470.222,30,9,+60.780,+17.604
5474.185,30,9,+60.896,+17.753
5477.044,30,9,+60.899,+17.777
5481.228,30,9,+61.075,+17.954
5487.282,30,9,+61.200,+18.129
5493.019,30,9,+61.273,+18.130
5497.203,30,9,+61.265,+18.107
5502.266,30,9,+61.272,+18.087
5505.771,30,9,+61.429,+18.191
5509.338,30,9,+61.492,+18.209
5511.442,30,9,+61.520,+18.226
5519.719,30,9,+61.475,+18.323
5525.313,30,9,+61.600,+18.347
5528.602,30,9,+61.610,+18.364
5531.961,30,9,+61.647,+18.405
5534.321,30,9,+61.748,+18.486
5536.729,30,9,+61.790,+18.479
5537.42,30,9,+61.798,+18.478
5540.979,30,9,+61.838,+18.489
5543.862,30,9,+61.884,+18.515
5546.282,30,9,+61.952,+18.549
5551.422,30,9,+62.101,+18.721
5554.849,30,9,+62.278,+18.906
5558.796,30,9,+62.429,+19.018
5561.621,30,9,+62.448,+19.042
5565.907,30,9,+62.681,+19.260
5571.92,30,9,+62.651,+19.307
5577.712,30,9,+62.703,+19.337
5581.934,30,9,+62.701,+19.363
5586.991,30,9,+62.812,+19.359
5590.468,30,9,+62.913,+19.410
5594.024,30,9,+63.007,+19.421
5596.103,30,9,+63.064,+19.456
5604.493,30,9,+63.096,+19.492
5610.006,30,9,+63.210,+19.558
5613.403,30,9,+63.283,+19.516
5616.781,30,9,+63.365,+19.548
5619.162,30,9,+63.476,+19.626
5621.613,30,9,+63.504,+19.656
5622.359,30,9,+63.510,+19.663
5625.869,30,9,+63.541,+19.707
5628.743,30,9,+63.572,+19.754
5631.209,30,9,+63.641,+19.829
5636.308,30,9,+63.789,+19.930
5639.707,30,9,+64.024,+20.091
5643.681,30,9,+64.193,+20.217
5646.544,30,9,+64.214,+20.262
5650.795,30,9,+64.467,+20.415
5656.723,30,9,+64.465,+20.443
5662.507,30,9,+64.631,+20.443
5666.742,30,9,+64.689,+20.441
5671.777,30,9,+64.695,+20.407
5675.252,30,9,+64.784,+20.473
5678.877,30,9,+64.900,+20.439
5680.924,30,9,+64.963,+20.438
5689.262,30,9,+64.840,+20.479
5694.805,30,9,+64.928,+20.614
5698.289,30,9,+64.989,+20.655
5701.721,30,9,+65.039,+20.730
5704.065,30,9,+65.150,+20.814
5706.565,30,9,+65.192,+20.806
5707.237,30,9,+65.203,+20.806
5710.768,30,9,+65.250,+20.809
5713.643,30,9,+65.294,+20.817
5716.096,30,9,+65.341,+20.868
5721.296,30,9,+65.569,+21.030
5724.674,30,9,+65.770,+21.181
5728.627,30,9,+65.862,+21.220
5731.487,30,9,+65.877,+21.231
5735.752,30,9,+66.113,+21.433
5741.827,30,9,+66.166,+21.542
5747.681,30,9,+66.122,+21.493
5751.822,30,9,+66.072,+21.431
5756.865,30,9,+66.123,+21.457
5760.306,30,9,+66.227,+21.483
5764.011,30,9,+66.452,+21.578
5766.1,30,9,+66.522,+21.614
5774.353,30,9,+66.302,+21.527
5779.847,30,9,+66.287,+21.431
5783.212,30,9,+66.290,+21.417
5786.635,30,9,+66.362,+21.497
5789.025,30,9,+66.489,+21.591
5791.579,30,9,+66.570,+21.653
5792.243,30,9,+66.589,+21.661
5795.815,30,9,+66.668,+21.684
5798.684,30,9,+66.740,+21.704
5801.125,30,9,+66.782,+21.751
5806.362,30,9,+66.989,+21.747
5809.769,30,9,+67.216,+21.871
5813.772,30,9,+67.413,+21.976
5816.643,30,9,+67.441,+22.011
5820.835,30,9,+67.541,+21.977
5826.851,30,9,+67.544,+21.941
5832.601,30,9,+67.549,+21.934
5836.741,30,9,+67.482,+21.878
5841.835,30,9,+67.525,+21.938
5845.351,30,9,+67.626,+22.005
5848.944,30,9,+67.755,+21.940
5851.007,30,9,+67.821,+21.934
5859.366,30,9,+67.750,+21.940
5864.898,30,9,+67.832,+21.972
5868.273,30,9,+67.875,+21.941
5871.835,30,9,+68.146,+22.124
5874.226,30,9,+68.304,+22.226
5876.663,30,9,+68.358,+22.201
5877.351,30,9,+68.367,+22.196
5880.884,30,9,+68.459,+22.189
5883.773,30,9,+68.583,+22.201
5886.179,30,9,+68.630,+22.209
5891.304,30,9,+68.764,+22.305
5894.742,30,9,+69.028,+22.495
5898.836,30,9,+69.292,+22.612
5901.711,30,9,+69.231,+22.641
5905.945,30,9,+69.461,+22.810
5911.992,30,9,+69.590,+22.954
5917.766,30,9,+69.665,+23.001
5921.954,30,9,+69.599,+23.001
5927.153,30,9,+69.739,+22.975
5930.589,30,9,+69.904,+23.026
5934.148,30,9,+70.027,+23.046
5936.241,30,9,+70.098,+23.061
5944.57,30,9,+70.075,+23.089
5950.163,30,9,+70.174,+23.079
5953.492,30,9,+70.208,+23.033
5956.976,30,9,+70.333,+23.003
5959.351,30,9,+70.505,+23.003
5961.789,30,9,+70.603,+23.003
5962.46,30,9,+70.617,+19.605
5966.023,30,9,+70.656,+19.605
5968.898,30,9,+70.679,+0.776
5971.351,30,9,+70.791,+0.522
5976.729,30,9,+70.786,+0.597
5980.186,30,9,+70.901,+0.899
5984.211,30,9,+71.104,+1.215
5987.086,30,9,+71.045,+1.266
5991.343,30,9,+71.294,+1.566
5997.437,30,9,+71.440,+1.921
6003.302,30,9,+71.635,+2.218
6007.533,30,9,+71.613,+2.323
6012.502,30,9,+71.628,+2.440
6016.003,30,9,+71.752,+2.604
6019.582,30,9,+71.863,+2.731
6021.631,30,9,+71.913,+2.753
6029.977,30,9,+71.955,+3.055
6035.464,30,9,+72.034,+3.372
6038.793,30,9,+72.013,+3.460
6042.199,30,9,+72.178,+3.602
6044.59,30,9,+72.340,+3.770
6047.074,30,9,+72.435,+3.861
6047.808,30,9,+72.450,+3.873
6051.293,30,9,+72.471,+3.895
6054.135,30,9,+72.469,+3.898
6056.611,30,9,+72.533,+3.994
6061.787,30,9,+72.715,+4.357
6065.217,30,9,+72.942,+4.650
6069.245,30,9,+73.165,+4.964
6072.089,30,9,+73.127,+5.015
6076.401,30,9,+73.503,+5.465
6082.37,30,9,+73.656,+5.834
6088.229,30,9,+73.769,+6.131
6092.503,30,9,+73.800,+6.253
6097.625,30,9,+73.951,+6.431
6101.122,30,9,+74.092,+6.675
6104.685,30,9,+74.225,+6.807
6106.773,30,9,+74.320,+6.873
6115.144,30,9,+74.375,+7.160
6120.735,30,9,+74.562,+7.483
6124.088,30,9,+74.660,+7.614
6127.487,30,9,+74.813,+7.713
6129.853,30,9,+74.977,+7.907
6132.358,30,9,+75.089,+8.020
6133.041,30,9,+75.107,+8.039
6136.638,30,9,+75.144,+8.089
6139.488,30,9,+75.158,+8.117
6141.913,30,9,+75.196,+8.214
6147.126,30,9,+75.442,+8.590
6150.554,30,9,+75.664,+8.819
6154.554,30,9,+75.784,+9.107
6157.413,30,9,+75.745,+9.173
6161.767,30,9,+76.124,+9.621
6167.766,30,9,+76.224,+9.909
6173.625,30,9,+76.379,+10.057
6177.809,30,9,+76.366,+10.080
6182.966,30,9,+76.497,+10.215
6186.45,30,9,+76.583,+10.350
6190.06,30,9,+76.762,+10.505
6192.122,30,9,+76.837,+10.526
6200.466,30,9,+76.847,+10.643
6206.073,30,9,+76.967,+10.929
6209.472,30,9,+77.082,+11.053
6213.049,30,9,+77.456,+11.346
6218.956,30,10,+77.456,+11.346
6240.127,30,11,+77.456,+11.346
6247.39,30,12,+77.456,+11.346
6248.109,30,12,1 L,+0.641
6251.07,30,12,1 L,+1.213
6256.648,30,12,1 L,+1.816
6259.992,30,12,1 L,+1.831
6263.77,30,12,1 L,+1.760
6266.55,30,12,1 L,+1.722
6270.852,30,12,1 L,+1.874
6276.71,30,12,1 L,+1.938
6282.352,30,12,1 L,+1.782
6286.576,30,12,1 L,+1.722
6291.498,30,12,1 L,+1.736
6295.014,30,12,1 L,+1.756
6298.498,30,12,1 L,+1.774
6300.545,30,12,1 L,+1.779
6308.811,30,12,1 L,+1.751
6314.154,30,12,1 L,+1.717
6317.389,30,12,1 L,+1.714
6320.795,30,12,1 L,+1.744
6323.108,30,12,1 L,+1.805
6325.498,30,12,1 L,+1.802
6326.186,30,12,1 L,+1.803
6329.686,30,12,1 L,+1.816
6332.529,30,12,1 L,+1.844
6334.951,30,12,1 L,+1.756
6339.998,30,12,1 L,+1.825
6343.353,30,12,1 L,+1.808
6347.314,30,12,1 L,+1.908
6350.124,30,12,1 L,+1.887
6354.266,30,12,1 L,+1.956
6360.217,30,12,1 L,+2.057
6365.976,30,12,1 L,+1.979
6371.215,30,12,1 L,+3.037
6376.309,30,12,1 L,+3.164
6379.809,30,12,1 L,+3.178
6383.34,30,12,1 L,+3.211
6385.326,30,12,1 L,+3.163
6394.235,30,12,1 L,+3.692
6399.952,30,12,1 L,+4.012
6403.624,30,12,1 L,+4.511
6407.17,30,12,1 L,+4.644
6409.518,30,12,1 L,+4.691
6412.601,30,12,1 L,+4.676
6415.953,30,11,1 L,+4.676
6416.031,30,11,1 L,+4.587
6418.79,30,11,1 L,+4.005
6421.19,30,11,1 L,+3.329
6426.292,30,11,1 L,+3.285
6429.609,30,11,1 L,+3.413
6433.531,30,11,1 L,+3.503
6436.328,30,11,1 L,+3.474
6440.438,30,11,1 L,+3.489
6446.328,30,11,1 L,+3.495
6452.032,30,11,1 L,+3.245
6456.172,30,11,1 L,+2.580
6461.157,30,11,1 L,+2.337
6464.595,30,11,1 L,+2.340
6468.079,30,11,1 L,+2.280
6470.079,30,11,1 L,+1.995
6478.344,30,11,1 L,+1.777
6483.751,30,11,1 L,+1.833
6487.001,30,11,1 L,+1.868
6490.407,30,11,1 L,+1.948
6492.751,30,11,1 L,+1.990
6495.157,30,11,1 L,+1.986
6495.827,30,11,1 L,+1.988
6499.348,30,11,1 L,+2.088
6502.177,30,11,1 L,+2.223
6504.577,30,11,1 L,+2.191
6512.888,30,11,1 L,+2.279
6516.732,30,11,1 L,+2.322
6519.544,30,11,1 L,+2.273
6523.576,30,11,1 L,+2.193
6529.391,30,11,1 L,+2.179
6535.098,30,11,1 L,+2.159
6539.203,30,11,1 L,+2.068
6544.201,30,11,1 L,+2.159
6547.732,30,11,1 L,+2.284
6551.216,30,11,1 L,+2.285
6553.241,30,11,1 L,+2.260
6563.852,30,11,1 L,+3.622
6569.786,30,11,1 L,+2.556
6574.922,30,11,1 L,+2.466
6579.668,30,11,1 L,+2.311
6582.291,30,11,1 L,+2.160
6585.35,30,11,1 L,+2.044
6586.29,30,11,1 L,+1.993
6590.954,30,11,1 L,+2.078
6594.658,30,11,1 L,+2.165
6597.857,30,11,1 L,+1.839
6604.649,30,11,1 L,+2.972
6608.678,30,11,1 L,+2.645
6613.507,30,11,1 L,+2.898
6617.197,30,11,1 L,+2.471
6622.634,30,11,1 L,+3.134
6630.246,30,11,1 L,+2.709
6637.501,30,11,1 L,+2.992
6643.9,30,11,1 L,+3.337
6650.094,30,11,1 L,+3.300
6654.66,30,11,1 L,+2.760
6660.223,30,11,1 L,+3.594
6662.629,30,11,1 L,+3.537
6672.086,30,11,1 L,+3.989
6677.742,30,11,1 L,+3.470
6681.805,30,11,1 L,+2.485
6686.368,30,11,1 L,+2.737
6689.287,30,11,+136.749,+2.891
6692.492,30,11,+137.576,+2.975
6693.427,30,11,1 L,+2.780
6698.489,30,11,+139.176,+2.636
6702.298,30,11,1 L,+2.977
6706.179,30,11,1 L,+2.925
6711.323,30,11,1 L,+2.553
6714.693,30,11,1 L,+2.737
6718.614,30,11,1 L,+2.855
6721.452,30,11,1 L,+2.907
6725.64,30,11,1 L,+3.148
6731.43,30,11,1 L,+3.178
6737.236,30,11,1 L,+3.190
6741.343,30,11,1 L,+3.103
6746.359,30,11,1 L,+3.070
6749.718,30,11,1 L,+3.058
6753.187,30,11,1 L,+3.051
6755.171,30,11,1 L,+2.987
6763.312,30,11,1 L,+2.959
6768.688,30,11,1 L,+2.951
6771.922,30,11,1 L,+2.958
6775.234,30,11,1 L,+3.039
6777.546,30,11,1 L,+3.081
6779.937,30,11,1 L,+3.082
6780.593,30,11,1 L,+3.083
6784.093,30,11,1 L,+3.103
6786.968,30,11,1 L,+3.125
6789.323,30,11,1 L,+3.102
6794.331,30,11,1 L,+3.179
6797.631,30,11,1 L,+3.296
6801.51,30,11,1 L,+3.330
6804.369,30,11,1 L,+3.294
6808.479,30,11,1 L,+3.230
6814.26,30,11,1 L,+3.236
6819.972,30,11,1 L,+3.192
6824.159,30,11,1 L,+3.146
6829.134,30,11,1 L,+3.138
6832.604,30,11,1 L,+3.216
6836.042,30,11,1 L,+3.197
6838.118,30,11,1 L,+3.196
6846.279,30,11,1 L,+3.313
6851.599,30,11,1 L,+3.296
6854.824,30,11,1 L,+3.326
6858.156,30,11,1 L,+3.330
6860.488,30,11,1 L,+3.382
6862.881,30,11,1 L,+3.393
6863.553,30,11,1 L,+3.395
6867.084,30,11,1 L,+3.407
6869.928,30,11,1 L,+3.425
6872.35,30,11,1 L,+3.451
6877.287,30,11,1 L,+3.478
6880.6,30,11,1 L,+3.580
6884.475,30,11,1 L,+3.617
6887.318,30,11,1 L,+3.577
6891.293,30,11,1 L,+3.522
6897.162,30,11,1 L,+3.658
6902.85,30,11,1 L,+3.545
6906.991,30,11,1 L,+3.522
6911.946,30,11,1 L,+3.542
6915.363,30,11,1 L,+3.563
6918.868,30,11,1 L,+3.564
6920.894,30,11,1 L,+3.553
6928.991,30,11,1 L,+3.459
6934.32,30,11,1 L,+3.535
6937.601,30,11,1 L,+3.621
6940.976,30,11,1 L,+3.684
6943.288,30,11,1 L,+3.743
6945.695,30,11,1 L,+3.772
6946.382,30,11,1 L,+3.775
6949.898,30,11,1 L,+3.790
6952.773,30,11,1 L,+3.808
6955.163,30,11,1 L,+3.783
6960.151,30,11,1 L,+3.845
6963.492,30,11,1 L,+3.988
6967.398,30,11,1 L,+4.077
6970.174,30,11,1 L,+4.018
6974.195,30,11,1 L,+4.023
6980.093,30,11,1 L,+4.147
6985.774,30,11,1 L,+4.087
6989.861,30,11,1 L,+4.024
6994.855,30,11,1 L,+3.968
6998.254,30,11,1 L,+3.980
7001.739,30,11,1 L,+3.898
7003.801,30,11,1 L,+3.867
7011.986,30,11,1 L,+3.978
7017.336,30,11,1 L,+4.017
7020.564,30,11,1 L,+4.044
7023.861,30,11,1 L,+4.105
7026.173,30,11,1 L,+4.165
7028.595,30,11,1 L,+4.154
7029.345,30,11,1 L,+4.152
7032.798,30,11,1 L,+4.163
7035.642,30,11,1 L,+4.180
7038.064,30,11,1 L,+4.247
7043.048,30,11,1 L,+4.303
7046.374,30,11,1 L,+4.392
7050.174,30,11,1 L,+4.397
7052.982,30,11,1 L,+4.355
7056.93,30,11,1 L,+4.305
7062.836,30,11,1 L,+4.338
7068.46,30,11,1 L,+4.216
7072.612,30,11,1 L,+4.156
7077.581,30,11,1 L,+4.112
7080.92,30,11,1 L,+4.073
7084.4,30,11,1 L,+4.023
7086.455,30,11,1 L,+4.008
7094.58,30,11,1 L,+4.088
7099.939,30,11,1 L,+4.126
7103.22,30,11,1 L,+4.142
7106.533,30,11,1 L,+4.151
7108.861,30,11,1 L,+4.191
7111.283,30,11,1 L,+4.166
7111.956,30,11,1 L,+4.161
7115.47,30,11,1 L,+4.163
7118.314,30,11,1 L,+4.180
7120.705,30,11,1 L,+4.169
7125.705,30,11,1 L,+4.223
7129.033,30,11,1 L,+4.288
7132.812,30,11,1 L,+4.249
7135.609,30,11,1 L,+4.221
7139.609,30,11,1 L,+4.168
7145.468,30,11,1 L,+4.150
7151.14,30,11,1 L,+4.034
7155.256,30,11,1 L,+3.982
7160.263,30,11,1 L,+3.927
7163.682,30,11,1 L,+3.910
7167.157,30,11,1 L,+3.847
7169.255,30,11,1 L,+3.839
7177.458,30,11,1 L,+3.790
7182.784,30,11,1 L,+3.779
7186.003,30,11,1 L,+3.768
7189.315,30,11,1 L,+3.731
7191.596,30,11,1 L,+3.765
7193.987,30,11,1 L,+3.757
7194.659,30,11,1 L,+3.756
7198.19,30,11,1 L,+3.766
7201.034,30,11,1 L,+3.783
7203.425,30,11,1 L,+3.779
7208.393,30,11,1 L,+3.757
7211.659,30,11,1 L,+3.786
7215.456,30,11,1 L,+3.720
7218.565,30,11,1 L,+3.662
7222.284,30,11,1 L,+3.694
7228.19,30,11,1 L,+3.698
7233.896,30,11,1 L,+3.540
7238.04,30,11,1 L,+3.488
7243.04,30,11,1 L,+3.533
7249.993,30,11,1 L,+3.491
7252.743,30,11,1 L,+4.191
7261.571,30,11,1 L,+4.715
7267.243,30,11,1 L,+4.883
7271.206,30,11,1 L,+5.676
7274.721,30,11,1 L,+5.819
7277.034,30,11,1 L,+5.907
7279.427,30,11,1 L,+5.867
7280.09,30,11,1 L,+5.852
7283.465,30,11,1 L,+5.720
7286.182,30,11,1 L,+5.598
7288.637,30,11,1 L,+5.648
7293.715,30,11,1 L,+5.719
7297.059,30,11,1 L,+5.731
7300.918,30,11,1 L,+5.698
7303.731,30,11,1 L,+5.653
7313.707,30,11,1 L,+5.612
7319.425,30,11,1 L,+5.548
7323.488,30,11,1 L,+5.449
7328.582,30,11,1 L,+5.493
7332.051,30,11,1 L,+5.526
7335.566,30,11,1 L,+5.546
7337.597,30,11,1 L,+5.561
7345.801,30,11,1 L,+5.540
7351.207,30,11,1 L,+5.458
7354.484,30,11,1 L,+5.433
7357.837,30,11,1 L,+5.362
7360.166,30,11,1 L,+5.338
7362.603,30,11,1 L,+5.239
7363.244,30,11,1 L,+5.214
7366.822,30,11,1 L,+4.872
7369.603,30,11,1 L,+4.385
7372.009,30,11,1 L,+4.165
7377.01,30,11,1 L,+4.062
7380.353,30,11,1 L,+4.078
7384.197,30,11,1 L,+3.781
7386.983,30,11,1 L,+3.400
7391.145,30,11,1 L,+3.092
7397.021,30,11,1 L,+2.901
7402.772,30,11,1 L,+2.754
7406.902,30,11,1 L,+2.615
7412.166,30,11,1 L,+2.711
7415.598,30,11,1 L,+2.647
7419.109,30,11,1 L,+2.603
7421.141,30,11,1 L,+2.617
7429.394,30,11,1 L,+2.615
7434.747,30,11,1 L,+2.577
7437.958,30,11,1 L,+2.555
7441.297,30,11,1 L,+2.533
7443.592,30,11,1 L,+2.547
7445.998,30,11,1 L,+2.521
7446.685,30,11,1 L,+2.515
7450.201,30,11,1 L,+2.513
7453.016,30,11,1 L,+2.535
7455.397,30,11,1 L,+2.509
7460.436,30,11,1 L,+2.438
7463.757,30,11,1 L,+2.392
7467.597,30,11,1 L,+2.407
7470.428,30,11,1 L,+2.366
7474.499,30,11,1 L,+2.328
7480.477,30,11,1 L,+2.312
7486.146,30,11,1 L,+2.197
7490.254,30,11,1 L,+2.105
7495.36,30,11,1 L,+2.179
7498.829,30,11,1 L,+2.162
7502.392,30,11,1 L,+2.128
7504.402,30,11,1 L,+2.087
7512.656,30,11,1 L,+1.973
7518.147,30,11,1 L,+2.087
7521.388,30,11,1 L,+2.111
7524.705,30,11,1 L,+2.180
7527.064,30,11,1 L,+2.237
7529.46,30,11,1 L,+2.240
7530.163,30,11,1 L,+2.233
7533.601,30,11,1 L,+2.195
7536.429,30,11,1 L,+2.166
7538.822,30,11,1 L,+2.135
7543.932,30,11,1 L,+2.194
7547.324,30,11,1 L,+2.265
7551.158,30,11,1 L,+2.303
7553.957,30,11,1 L,+2.242
7558.184,30,11,1 L,+2.483
7564.236,30,11,1 L,+2.545
7569.986,30,11,1 L,+2.460
7574.142,30,11,1 L,+2.419
7579.167,30,11,1 L,+2.431
7582.581,30,11,1 L,+2.411
7586.099,30,11,1 L,+2.322
7588.123,30,11,1 L,+2.297
7596.376,30,11,1 L,+2.325
7601.986,30,11,1 L,+2.471
7606.408,30,11,1 L,+3.631
7609.895,30,11,1 L,+3.847
7612.257,30,11,1 L,+3.916
7614.696,30,11,1 L,+3.934
7615.383,30,11,1 L,+3.931
7618.79,30,11,1 L,+3.839
7621.524,30,11,1 L,+3.737
7623.993,30,11,1 L,+3.769
7629.134,30,11,1 L,+3.955
7632.54,30,11,1 L,+4.019
7636.415,30,11,1 L,+3.969
7639.243,30,11,1 L,+3.897
7643.446,30,11,1 L,+4.084
7649.323,30,11,1 L,+3.989
7655.109,30,11,1 L,+3.928
7659.249,30,11,1 L,+3.843
7664.327,30,11,1 L,+3.793
7667.781,30,11,1 L,+3.792
7671.281,30,11,1 L,+3.752
7673.305,30,11,1 L,+3.703
7681.618,30,11,1 L,+3.754
7687.086,30,11,1 L,+3.799
7690.324,30,11,1 L,+3.760
7693.649,30,11,1 L,+3.830
7695.949,30,11,1 L,+3.828
7698.355,30,11,1 L,+3.820
7699.027,30,11,1 L,+3.815
7702.556,30,11,1 L,+3.799
7705.399,30,11,1 L,+3.792
7707.79,30,11,1 L,+3.746
7712.805,30,11,1 L,+3.830
7716.258,30,11,1 L,+3.916
7720.04,30,11,1 L,+3.809
7722.852,30,11,1 L,+3.692
7727.055,30,11,1 L,+3.752
7732.915,30,11,1 L,+3.694
7738.618,30,11,1 L,+3.360
7742.762,30,11,1 L,+2.529
7747.825,30,11,1 L,+2.285
7751.278,30,11,1 L,+2.203
7754.778,30,11,1 L,+2.145
7756.825,30,11,1 L,+2.175
7765.075,30,11,1 L,+2.131
7770.481,30,11,1 L,+2.192
7773.731,30,11,1 L,+2.100
7777.091,30,11,1 L,+2.170
7779.388,30,11,1 L,+2.168
7781.796,30,11,1 L,+2.125
7782.505,30,11,1 L,+2.122
7785.997,30,11,1 L,+2.123
7788.824,30,11,1 L,+2.135
7791.177,30,11,1 L,+2.082
7796.224,30,11,1 L,+2.068
7799.52,30,11,1 L,+2.054
7803.411,30,11,1 L,+1.953
7806.192,30,11,1 L,+1.901
7810.272,30,11,1 L,+1.962
7816.224,30,11,1 L,+1.891
7822.0,30,11,1 L,+1.808
7826.285,30,11,1 L,+1.744
7831.285,30,11,1 L,+1.676
7834.754,30,11,1 L,+1.689
7838.301,30,11,1 L,+1.667
7840.394,30,11,1 L,+1.660
7848.632,30,11,1 L,+1.693
7854.072,30,11,1 L,+1.740
7857.279,30,11,1 L,+1.715
7860.579,30,11,1 L,+1.780
7862.954,30,11,1 L,+1.847
7865.444,30,11,1 L,+1.888
7866.144,30,11,1 L,+1.895
7869.659,30,11,1 L,+1.907
7872.491,30,11,1 L,+1.913
7874.851,30,11,1 L,+1.909
7880.038,30,11,1 L,+1.936
7883.445,30,11,1 L,+2.055
7887.335,30,11,1 L,+2.050
7890.148,30,11,1 L,+1.982
7894.242,30,11,1 L,+2.085
7900.251,30,11,1 L,+2.067
7905.939,30,11,1 L,+1.966
7910.111,30,11,1 L,+1.912
7915.221,30,11,1 L,+1.927
7918.659,30,11,1 L,+1.888
7922.225,30,11,1 L,+1.918
7924.245,30,11,1 L,+1.894
7932.66,30,11,1 L,+2.004
7938.175,30,11,1 L,+2.065
7941.488,30,11,1 L,+2.061
7944.816,30,11,1 L,+2.046
7947.207,30,11,1 L,+2.147
7949.691,30,11,1 L,+2.210
7950.379,30,11,1 L,+2.216
7953.894,30,11,1 L,+2.226
7956.769,30,11,1 L,+2.234
7959.191,30,11,1 L,+2.253
7964.238,30,11,1 L,+2.313
7967.597,30,11,1 L,+2.337
7971.457,30,11,1 L,+2.338
7974.301,30,11,1 L,+2.292
7978.457,30,11,1 L,+2.409
7984.394,30,11,1 L,+2.382
7990.149,30,11,1 L,+2.249
7994.347,30,11,1 L,+2.208
7999.399,30,11,1 L,+2.146
8002.839,30,11,1 L,+2.155
8006.368,30,11,1 L,+2.167
8008.399,30,11,1 L,+2.137
8016.743,30,11,1 L,+2.264
8022.196,30,11,1 L,+2.356
8025.477,30,11,1 L,+2.385
8028.796,30,11,1 L,+2.401
8031.171,30,11,1 L,+2.456
8033.577,30,11,1 L,+2.439
8034.327,30,11,1 L,+2.434
8037.812,30,11,1 L,+2.424
8043.077,30,11,1 L,+2.463
8048.144,30,11,1 L,+2.500
8051.424,30,11,1 L,+2.493
8055.278,30,11,1 L,+2.462
8058.091,30,11,1 L,+2.409
8062.169,30,11,1 L,+2.495
8068.059,30,11,1 L,+2.554
8073.747,30,11,1 L,+2.466
8077.903,30,11,1 L,+2.428
8083.028,30,11,1 L,+2.485
8086.45,30,11,1 L,+2.456
8090.028,30,11,1 L,+2.440
8092.044,30,11,1 L,+2.412
8100.294,30,11,1 L,+2.364
8105.747,30,11,1 L,+2.403
8109.075,30,11,1 L,+2.415
8112.466,30,11,1 L,+2.483
8114.794,30,11,1 L,+2.580
8117.247,30,11,1 L,+2.612
8117.95,30,11,1 L,+2.611
8121.466,30,11,1 L,+2.604
8124.324,30,11,1 L,+2.605
8126.788,30,11,1 L,+2.636
8131.775,30,11,1 L,+2.687
8135.025,30,11,1 L,+2.724
8138.9,30,11,1 L,+2.610
8141.697,30,11,1 L,+2.540
8145.759,30,11,1 L,+2.536
8151.697,30,11,1 L,+2.566
8157.463,30,11,1 L,+2.486
8161.634,30,11,1 L,+2.434
8166.634,30,11,1 L,+2.339
8170.043,30,11,1 L,+2.312
8173.543,30,11,1 L,+2.296
8175.575,30,11,1 L,+2.253
8183.869,30,11,1 L,+2.270
8189.338,30,11,1 L,+2.362
8192.682,30,11,1 L,+2.415
8196.057,30,11,1 L,+2.553
8198.4,30,11,1 L,+2.588
8200.838,30,11,1 L,+2.622
8201.51,30,11,1 L,+2.626
8205.057,30,11,1 L,+2.631
8207.925,30,11,1 L,+2.633
8210.253,30,11,1 L,+2.639
8215.389,30,11,1 L,+2.717
8218.7,30,11,1 L,+2.781
8222.598,30,11,1 L,+2.819
8225.434,30,11,1 L,+2.760
8229.488,30,11,1 L,+2.799
8235.349,30,11,1 L,+2.701
8241.069,30,11,1 L,+2.627
8245.161,30,11,1 L,+2.493
8250.195,30,11,1 L,+2.328
8253.601,30,11,1 L,+2.320
8257.163,30,11,1 L,+2.322
8259.132,30,11,1 L,+2.264
8267.445,30,11,1 L,+2.343
8272.882,30,11,1 L,+2.402
8276.211,30,11,1 L,+2.396
8279.603,30,11,1 L,+2.472
8281.962,30,11,1 L,+2.508
8284.432,30,11,1 L,+2.516
8285.042,30,11,1 L,+2.514
8288.558,30,11,1 L,+2.508
8293.792,30,11,1 L,+2.463
8298.901,30,11,1 L,+2.496
8302.256,30,11,1 L,+2.542
8306.124,30,11,1 L,+2.502
8308.933,30,11,1 L,+2.457
8312.995,30,11,1 L,+2.482
8318.87,30,11,1 L,+2.385
8324.558,30,11,1 L,+2.215
8328.715,30,11,1 L,+2.126
8333.745,30,11,1 L,+1.999
8337.261,30,11,1 L,+2.016
8340.73,30,11,1 L,+1.988
8342.715,30,11,1 L,+1.935
8350.964,30,11,1 L,+1.960
8356.442,30,11,1 L,+2.023
8359.852,30,11,1 L,+2.017
8363.196,30,11,1 L,+2.072
8365.565,30,11,1 L,+2.105
8368.0,30,11,1 L,+2.132
8372.205,30,11,1 L,+2.124
8375.03,30,11,1 L,+2.118
8377.406,30,11,1 L,+2.093
8382.484,30,11,1 L,+2.125
8385.859,30,11,1 L,+2.170
8389.827,30,11,1 L,+2.239
8392.652,30,11,1 L,+2.207
8396.761,30,11,1 L,+2.297
8402.902,30,11,1 L,+2.308
8410.277,30,11,1 L,+3.809
8417.652,30,11,1 L,+3.136
8423.187,30,11,1 L,+2.516
8427.155,30,11,1 L,+2.199
8431.515,30,11,1 L,+1.852
8435.015,30,11,1 L,+1.861
8444.78,30,11,1 L,+1.483
8450.858,30,11,1 L,+1.522
8455.718,30,11,1 L,+2.093
8461.858,30,11,1 L,+1.607
8465.413,30,11,1 L,+2.180
8468.437,30,11,1 L,+2.489
8469.25,30,11,1 L,+2.456
8473.078,30,11,1 L,+1.908
8476.968,30,11,1 L,+2.288
8480.094,30,11,1 L,+2.523
8485.812,30,11,1 L,+2.572
8489.734,30,11,1 L,+2.823
8494.578,30,11,1 L,+2.818
8497.922,30,11,1 L,+2.828
8503.63,30,11,1 L,+3.302
8512.001,30,11,1 L,+3.820
8520.194,30,11,1 L,+4.163
8527.481,30,10,1 L,+4.163
8527.559,30,10,1 L,+4.541
8533.137,30,10,1 L,+4.625
8537.121,30,10,1 L,+4.543
8540.731,30,10,1 L,+3.784
8542.918,30,10,1 L,+3.350
8552.637,30,10,1 L,+3.144
8558.33,30,10,1 L,+2.591
8563.791,30,10,1 L,+3.572
8568.463,30,10,1 L,+3.425
8571.307,30,10,1 L,+3.106
8574.708,30,10,1 L,+3.145
8575.848,30,10,1 L,+3.290
8581.145,30,9,1 L,+3.290
8581.23,30,9,1 L,+4.184
8584.564,30,9,1 L,+3.651
8587.902,30,9,1 L,+3.114
8594.145,30,9,1 L,+2.881
8597.864,30,9,1 L,+2.461
8602.786,30,9,1 L,+2.402
8606.176,30,9,1 L,+2.321
8611.393,30,9,1 L,+3.149
8619.532,30,9,1 L,+3.724
8627.782,30,9,1 L,+3.717
8633.36,30,9,1 L,+2.875
8638.36,30,9,1 L,+2.673
8641.969,30,9,1 L,+2.473
8645.454,30,9,1 L,+2.359
8647.469,30,9,1 L,+2.310
8655.704,30,9,1 L,+2.264
8661.131,30,9,1 L,+2.267
8664.335,30,9,1 L,+2.253
8667.679,30,9,1 L,+2.204
8670.014,30,9,1 L,+2.209
8672.427,30,9,1 L,+2.226
8673.124,30,9,1 L,+2.225
8676.608,30,9,1 L,+2.214
8679.446,30,9,1 L,+2.207
8681.841,30,9,1 L,+2.147
8687.013,30,9,1 L,+2.282
8690.372,30,9,1 L,+2.298
8694.309,30,9,1 L,+2.331
8697.138,30,9,1 L,+2.289
8701.278,30,9,1 L,+2.337
8707.278,30,9,1 L,+2.390
8713.052,30,9,1 L,+2.369
8717.145,30,9,1 L,+2.242
8722.177,30,9,1 L,+2.136
8725.599,30,9,1 L,+2.088
8729.208,30,9,1 L,+2.114
8731.129,30,9,1 L,+2.052
8739.33,30,9,1 L,+1.939
8744.814,30,9,1 L,+1.906
8748.095,30,9,1 L,+1.861
8751.627,30,9,1 L,+1.946
8753.877,30,9,1 L,+1.962
8756.307,30,9,1 L,+1.965
8757.014,30,9,1 L,+1.960
8760.546,30,9,1 L,+1.986
8763.424,30,9,1 L,+2.024
8765.832,30,9,1 L,+1.998
8770.967,30,9,1 L,+2.057
8774.331,30,9,1 L,+2.114
8778.324,30,9,1 L,+2.139
8781.116,30,9,1 L,+2.099
8785.29,30,9,1 L,+2.174
8791.196,30,9,1 L,+2.160
8796.977,30,9,1 L,+2.087
8801.134,30,9,1 L,+2.000
8806.243,30,9,1 L,+2.034
8809.681,30,9,1 L,+1.987
8813.259,30,9,1 L,+2.062
8815.29,30,9,1 L,+2.025
8823.656,30,9,1 L,+2.043
8829.309,30,9,1 L,+2.238
8832.712,30,9,1 L,+2.249
8836.151,30,9,1 L,+2.340
8838.547,30,9,1 L,+2.372
8840.967,30,9,1 L,+2.362
8841.647,30,9,1 L,+2.357
9036.717,30,9,1L,+2.357
6.86,27,9,,
3229.621,27,9,+1.283,+0.339
3231.933,27,10,+1.283,+0.339
3232.262,27,9,+1.283,+0.339
3232.355,27,9,+1.111,+0.248
3235.262,27,10,+1.111,+0.248
3235.34,27,10,+1.347,+0.248
3235.699,27,11,+1.347,+0.248
3240.792,27,10,+1.347,+0.248
3240.858,27,10,+1.682,+0.138
3244.254,27,10,+1.982,+0.215
3248.164,27,9,+1.982,+0.215
3248.254,27,9,+2.398,+0.337
3251.041,27,9,+2.407,+0.341
3255.453,27,10,+2.407,+0.341
3255.608,27,10,+2.974,+0.073
3261.526,27,10,+3.370,+0.334
3267.317,27,10,+3.671,+0.106
3271.803,27,10,+4.087,+0.245
3277.2,27,10,+4.812,+0.375
3280.794,27,10,+5.116,+0.327
3284.511,27,10,+5.405,+0.403
3286.495,27,10,+5.440,+0.402
3294.591,27,10,+5.709,+0.144
3300.107,27,10,+6.227,+0.334
3303.419,27,10,+6.314,+0.326
3307.013,27,10,+6.379,+0.360
3309.138,27,10,+6.461,+0.293
3311.56,27,10,+6.508,+0.317
3312.294,27,10,+6.505,+0.321
3315.657,27,10,+6.345,+0.320
3318.335,27,10,+6.146,+0.268
3320.788,27,10,+6.232,+0.304
3326.007,27,10,+6.649,+0.356
3329.273,27,10,+6.755,+0.311
3333.181,27,10,+6.939,+0.291
3336.116,27,10,+6.952,+0.383
3340.226,27,10,+7.195,+0.286
3345.945,27,9,+7.195,+0.286
3346.038,27,9,+7.245,+0.482
3351.742,27,9,+7.442,+0.474
3356.007,27,9,+7.498,+0.473
3361.102,27,9,+7.806,+0.604
3364.604,27,9,+7.937,+0.629
3368.153,27,9,+8.045,+0.713
3370.261,27,9,+8.118,+0.752
3378.355,27,9,+8.236,+0.606
3383.667,27,9,+8.387,+0.573
3386.903,27,9,+8.381,+0.594
3390.303,27,9,+8.339,+0.576
3392.599,27,9,+8.385,+0.503
3394.985,27,9,+8.438,+0.514
3395.706,27,9,+8.439,+0.514
3399.105,27,9,+8.320,+0.428
3401.808,27,9,+8.140,+0.294
3404.355,27,9,+8.197,+0.306
3409.417,27,9,+8.462,+0.416
3412.558,27,9,+8.541,+0.261
3416.339,27,9,+8.589,+0.234
3419.121,27,9,+8.455,+0.173
3423.464,27,9,+8.859,+0.264
3429.449,27,9,+9.032,+0.283
3435.293,27,9,+9.395,+0.431
3439.59,27,9,+9.541,+0.485
3444.746,27,9,+9.874,+0.677
3448.215,27,9,+9.995,+0.664
3451.746,27,9,+10.165,+0.696
3453.871,27,9,+10.250,+0.689
3462.012,27,9,+10.353,+0.615
3467.481,27,9,+10.587,+0.742
3470.762,27,9,+10.606,+0.749
3474.199,27,9,+10.705,+0.747
3476.543,27,9,+10.851,+0.710
3478.996,27,9,+10.946,+0.765
3479.746,27,9,+10.960,+0.774
3483.168,27,9,+10.901,+0.729
3485.931,27,9,+10.795,+0.650
3488.353,27,9,+10.846,+0.637
3493.353,27,9,+10.957,+0.597
3496.586,27,9,+11.042,+0.522
3500.434,27,9,+11.116,+0.501
3503.362,27,9,+11.123,+0.581
3507.447,27,9,+11.348,+0.525
3513.385,27,9,+11.418,+0.550
3519.135,27,9,+11.601,+0.611
3523.447,27,9,+11.671,+0.606
3528.549,27,9,+11.927,+0.797
3532.019,27,9,+12.048,+0.778
3535.601,27,9,+12.158,+0.806
3537.65,27,9,+12.231,+0.793
3545.931,27,9,+12.341,+0.775
3551.393,27,9,+12.493,+0.796
3554.664,27,9,+12.522,+0.812
3558.084,27,9,+12.559,+0.763
3560.433,27,9,+12.680,+0.715
3562.838,27,9,+12.718,+0.714
3563.494,27,9,+12.722,+0.712
3567.062,27,9,+12.634,+0.631
3569.681,27,9,+12.497,+0.519
3572.17,27,9,+12.606,+0.549
3577.28,27,9,+12.801,+0.514
3580.527,27,9,+12.831,+0.373
3584.363,27,9,+12.874,+0.321
3587.32,27,9,+12.870,+0.394
3591.4,27,9,+13.012,+0.242
3597.421,27,9,+13.178,+0.215
3603.276,27,9,+13.357,+0.343
3607.594,27,9,+13.447,+0.402
3612.779,27,9,+13.707,+0.693
3616.242,27,9,+13.832,+0.715
3619.81,27,9,+13.971,+0.726
3621.92,27,9,+14.048,+0.700
3630.233,27,9,+14.222,+0.807
3635.723,27,9,+14.383,+0.783
3638.973,27,9,+14.422,+0.819
3642.395,27,9,+14.470,+0.759
3644.723,27,9,+14.587,+0.693
3647.176,27,9,+14.670,+0.721
3647.895,27,9,+14.682,+0.725
3651.405,27,9,+14.623,+0.660
3654.094,27,9,+14.447,+0.526
3656.522,27,9,+14.466,+0.537
3661.571,27,9,+14.506,+0.404
3664.77,27,9,+14.516,+0.210
3668.696,27,9,+14.632,+0.217
3671.551,27,9,+14.624,+0.211
3675.865,27,9,+14.999,+0.205
3681.951,27,9,+15.265,+0.175
3687.754,27,9,+15.441,+0.181
3692.121,27,9,+15.671,+0.241
3697.482,27,9,+16.168,+0.504
3701.042,27,9,+16.393,+0.518
3704.683,27,9,+16.581,+0.636
3706.824,27,9,+16.637,+0.645
3715.261,27,9,+16.997,+0.726
3720.824,27,9,+17.205,+0.766
3724.167,27,9,+17.277,+0.818
3727.652,27,9,+17.327,+0.800
3729.996,27,9,+17.401,+0.743
3732.418,27,9,+17.440,+0.757
3733.121,27,9,+17.445,+0.758
3736.702,27,9,+17.367,+0.682
3739.343,27,9,+17.250,+0.571
3741.827,27,9,+17.337,+0.562
3746.89,27,9,+17.450,+0.515
3750.124,27,9,+17.537,+0.446
3753.999,27,9,+17.532,+0.335
3756.875,27,9,+17.526,+0.316
3760.968,27,9,+17.750,+0.257
3767.171,27,9,+17.874,+0.259
3772.864,27,9,+18.147,+0.383
3777.206,27,9,+18.255,+0.445
3782.518,27,9,+18.713,+0.767
3786.049,27,9,+18.906,+0.804
3789.721,27,9,+19.084,+0.896
3791.846,27,9,+19.129,+0.928
3800.331,27,9,+19.419,+1.150
3805.878,27,9,+19.619,+1.199
3809.255,27,9,+19.668,+1.205
3812.787,27,9,+19.780,+1.181
3815.271,27,9,+19.934,+1.190
3817.724,27,9,+20.064,+1.287
3818.427,27,9,+20.086,+1.303
3822.037,27,9,+20.114,+1.323
3824.922,27,9,+20.141,+1.345
3827.484,27,9,+20.294,+1.397
3832.551,27,9,+20.377,+1.343
3835.854,27,9,+20.509,+1.289
3839.775,27,9,+20.585,+1.207
3842.76,27,9,+20.683,+1.282
3846.965,27,9,+20.880,+1.174
3852.966,27,9,+21.006,+1.152
3858.719,27,9,+21.047,+1.144
3862.954,27,9,+21.147,+1.096
3868.251,27,9,+21.454,+1.273
3871.766,27,9,+21.579,+1.260
3875.382,27,9,+21.647,+1.264
3877.475,27,9,+21.633,+1.229
3885.741,27,9,+21.719,+1.201
3891.282,27,9,+21.839,+1.212
3894.688,27,9,+21.865,+1.238
3898.126,27,9,+21.908,+1.216
3900.47,27,9,+21.952,+1.118
3902.876,27,9,+21.939,+1.102
3903.548,27,9,+21.939,+1.100
3907.11,27,9,+21.927,+1.086
3909.954,27,9,+21.905,+1.068
3912.407,27,9,+21.992,+1.094
3917.501,27,9,+22.065,+1.072
3920.845,27,9,+22.124,+1.028
3924.766,27,9,+22.151,+0.966
3927.726,27,9,+22.229,+1.042
3931.745,27,9,+22.313,+0.850
3937.766,27,9,+22.339,+0.734
3943.618,27,9,+22.507,+0.757
3947.914,27,9,+22.634,+0.824
3953.191,27,9,+23.004,+1.033
3956.748,27,9,+23.187,+1.022
3960.326,27,9,+23.287,+1.009
3962.405,27,9,+23.308,+0.988
3970.777,27,9,+23.460,+1.090
3976.32,27,9,+23.635,+1.068
3979.664,27,9,+23.688,+1.061
3983.133,27,9,+23.738,+1.033
3985.461,27,9,+23.788,+0.958
3987.93,27,9,+23.833,+1.009
3988.649,27,9,+23.840,+1.014
3992.211,27,9,+23.842,+1.013
3995.055,27,9,+23.818,+0.983
3997.539,27,9,+23.952,+1.005
4002.727,27,9,+24.132,+1.052
4006.067,27,9,+24.225,+0.998
4010.052,27,9,+24.355,+1.004
4013.021,27,9,+24.459,+1.092
4017.052,27,9,+24.548,+0.969
4023.099,27,9,+24.601,+0.919
4028.943,27,9,+24.722,+0.955
4033.265,27,9,+24.879,+1.007
4038.474,27,9,+25.083,+1.200
4042.021,27,9,+25.270,+1.248
4045.646,27,9,+25.317,+1.269
4047.693,27,9,+25.349,+1.255
4056.099,27,9,+25.410,+1.308
4061.631,27,9,+25.564,+1.341
4065.083,27,9,+25.622,+1.346
4068.606,27,9,+25.695,+1.286
4070.962,27,9,+25.752,+1.204
4073.418,27,9,+25.777,+1.181
4074.09,27,9,+25.781,+1.176
4077.66,27,9,+25.772,+1.153
4080.509,27,9,+25.758,+1.136
4082.947,27,9,+25.822,+1.144
4088.118,27,9,+25.891,+1.144
4091.492,27,9,+25.995,+1.077
4095.471,27,9,+26.094,+1.005
4098.406,27,9,+26.149,+1.026
4102.473,27,9,+26.286,+0.888
4108.584,27,9,+26.358,+0.822
4114.397,27,9,+26.460,+0.875
4118.685,27,9,+26.538,+0.974
4123.844,27,9,+26.727,+1.057
4127.422,27,9,+26.876,+1.095
4131.062,27,9,+27.042,+1.215
4133.141,27,9,+27.085,+1.230
4141.672,27,9,+27.239,+1.362
4147.198,27,9,+27.344,+1.433
4150.556,27,9,+27.419,+1.508
4154.009,27,9,+27.471,+1.291
4156.369,27,9,+27.476,+1.291
4158.775,27,9,+27.464,+1.291
4159.478,27,8,+27.464,+1.291
4159.494,27,8,+27.467,+12.271
4163.056,27,8,+27.482,+12.271
4165.978,27,8,+27.529,+0.982
4168.511,27,8,+27.693,+0.736
4173.709,27,8,+27.781,+0.593
4177.028,27,8,+27.837,+0.798
4181.013,27,8,+27.953,+1.055
4183.934,27,8,+28.001,+1.013
4187.997,27,8,+28.041,+1.310
4194.091,27,8,+28.149,+1.717
4199.888,27,8,+28.227,+2.164
4204.153,27,8,+28.278,+2.302
4209.482,27,8,+28.564,+2.817
4213.091,27,8,+28.773,+3.133
4216.7,27,8,+28.895,+3.275
4218.794,27,8,+28.925,+3.271
4227.31,27,8,+23.901,+3.671
4232.825,27,8,+24.089,+4.191
4236.227,27,8,+24.121,+4.392
4239.717,27,8,+24.230,+4.544
4242.09,27,8,+24.295,+4.683
4244.517,27,8,+24.303,+4.683
4245.25,27,8,+25.758,+4.771
4248.728,27,7,+25.758,+4.771
4248.811,27,7,+24.305,+4.769
4251.69,27,7,+24.309,+4.655
4254.136,27,7,+24.398,+4.647
4259.249,27,7,+24.394,+4.987
4262.555,27,7,+24.437,+5.196
4266.619,27,7,+24.597,+5.544
4269.634,27,7,+24.634,+5.631
4273.758,27,7,+24.817,+5.896
4279.908,27,7,+24.984,+6.207
4285.754,27,7,+25.114,+6.607
4290.02,27,7,+25.134,+6.728
4295.223,27,7,+25.284,+7.048
4298.77,27,7,+25.470,+7.296
4302.369,27,7,+25.544,+7.481
4304.415,27,7,+25.542,+7.471
4312.808,27,7,+25.881,+7.891
4318.37,27,7,+26.036,+8.289
4321.776,27,7,+26.054,+8.483
4325.54,27,7,+26.458,+24.086
4331.427,27,8,+26.458,+24.086
4333.112,27,9,+26.458,+24.086
4340.011,27,10,+26.458,+24.086
4341.601,27,11,+26.458,+24.086
4345.023,27,12,+26.458,+24.086
4349.578,27,13,+26.458,+24.086
4350.629,27,14,+26.458,+24.086
4359.276,27,15,+26.458,+24.086
4360.714,27,15,+49.814,+1.366
4363.714,27,15,+50.395,+1.892
4369.119,27,15,+50.810,+2.263
4372.494,27,15,+50.923,+2.143
4376.323,27,15,+50.852,+2.052
4379.323,27,15,+50.929,+2.162
4383.416,27,15,+51.049,+2.048
4389.354,27,15,+51.048,+2.088
4395.01,27,15,+50.991,+2.001
4399.26,27,15,+51.051,+2.022
4404.37,27,15,+43.425,+2.055
4408.01,27,15,+43.702,+2.142
4411.651,27,15,+43.776,+2.191
4413.683,27,15,+43.831,+2.193
4422.073,27,15,+43.999,+2.166
4427.511,27,15,+44.013,+2.163
4430.839,27,15,+43.944,+2.155
4434.428,27,15,+44.038,+2.190
4436.777,27,15,+44.047,+2.113
4439.2,27,15,+44.019,+2.064
4439.889,27,15,+48.360,+2.057
4443.35,27,13,+48.360,+2.057
4443.429,27,13,+43.972,+2.046
4446.302,27,13,+43.921,+2.053
4448.802,27,13,+43.929,+2.039
4453.817,27,13,+43.919,+2.018
4457.115,27,13,+43.861,+1.892
4461.084,27,13,+43.860,+1.847
4464.027,27,13,+43.882,+1.944
4468.202,27,13,+44.064,+1.956
4474.355,27,13,+44.297,+2.103
4480.133,27,13,+44.355,+2.150
4484.428,27,13,+44.491,+2.243
4489.57,27,13,+44.598,+2.369
4493.065,27,13,+44.643,+2.358
4496.581,27,13,+44.629,+2.340
4498.674,27,13,+44.656,+2.345
4507.008,27,13,+44.650,+2.381
4512.366,27,13,+44.644,+2.353
4515.65,27,13,+44.585,+2.346
4519.088,27,13,+44.629,+2.302
4521.501,27,13,+44.728,+2.291
4523.971,27,13,+44.750,+2.291
4524.705,27,13,+44.749,+1.150
4528.143,27,12,+44.749,+1.150
4528.221,27,12,+44.735,+2.268
4531.08,27,12,+44.680,+1.076
4533.643,27,12,+44.777,+0.847
4538.83,27,12,+44.908,+0.538
4542.078,27,12,+44.844,+0.643
4546.014,27,12,+44.822,+0.853
4548.871,27,12,+44.742,+0.917
4552.857,27,12,+44.754,+0.892
4558.859,27,12,+44.823,+1.087
4564.625,27,12,+44.883,+1.326
4568.843,27,12,+41.636,+1.380
4573.874,27,12,+41.729,+1.504
4577.34,27,12,+41.861,+1.590
4580.919,27,12,+41.979,+1.640
4582.935,27,12,+42.003,+1.648
4591.258,27,12,+42.136,+1.778
4596.629,27,12,+42.268,+1.908
4599.974,27,12,+42.253,+1.867
4603.367,27,12,+42.273,+1.859
4605.637,27,12,+42.338,+1.729
4608.084,27,12,+42.404,+1.721
4608.809,27,12,+42.415,+1.729
4612.324,27,12,+42.421,+1.849
4615.167,27,12,+42.397,+1.970
4617.587,27,12,+42.423,+1.902
4622.672,27,12,+42.599,+1.571
4625.991,27,12,+42.770,+1.527
4629.896,27,12,+42.871,+1.497
4632.846,27,12,+42.943,+1.573
4636.902,27,12,+43.096,+1.377
4642.938,27,12,+43.293,+1.436
4648.719,27,12,+43.489,+1.424
4652.938,27,12,+43.600,+1.437
4658.059,27,12,+43.860,+1.520
4661.607,27,12,+44.061,+1.486
4665.075,27,12,+44.190,+1.458
4667.122,27,12,+44.219,+1.439
4675.493,27,12,+44.412,+1.421
4680.968,27,12,+44.662,+1.406
4684.31,27,12,+44.722,+1.393
4687.697,27,12,+44.823,+1.309
4690.102,27,12,+45.006,+1.254
4692.536,27,12,+45.102,+1.262
4693.238,27,12,+45.116,+1.263
4696.782,27,12,+45.126,+1.272
4699.625,27,12,+45.104,+1.273
4702.079,27,12,+45.186,+1.302
4707.204,27,12,+45.305,+1.253
4710.454,27,12,+45.435,+1.189
4714.422,27,12,+45.650,+1.152
4717.36,27,12,+45.769,+1.250
4721.469,27,12,+45.934,+1.057
4727.516,27,12,+46.079,+1.031
4733.282,27,12,+46.250,+1.027
4737.517,27,12,+46.344,+0.980
4742.735,27,12,+46.579,+1.131
4746.298,27,12,+46.806,+1.128
4749.798,27,12,+46.927,+1.147
4751.86,27,12,+46.948,+1.140
4760.376,27,12,+47.300,+1.157
4765.907,27,12,+47.565,+1.200
4769.266,27,12,+47.608,+0.867
4772.673,27,12,+47.702,+0.296
4775.017,27,12,+47.841,+0.296
4777.485,27,12,+47.886,+0.296
4778.11,27,11,+47.886,+0.296
4778.126,27,11,+47.892,+0.814
4781.61,27,11,+47.822,+0.723
4784.36,27,11,+47.709,+0.607
4786.876,27,11,+47.767,+0.566
4791.79,27,11,+47.849,+0.526
4795.03,27,11,+47.927,+0.424
4798.873,27,11,+47.934,+0.424
4801.817,27,11,+48.002,+0.512
4805.832,27,11,+48.113,+0.353
4811.915,27,11,+48.252,+0.441
4817.759,27,11,+48.465,+0.612
4821.983,27,11,+48.511,+0.622
4827.077,27,11,+48.674,+0.698
4830.514,27,11,+48.839,+0.681
4834.11,27,11,+48.955,+0.739
4836.098,27,11,+48.949,+0.690
4844.465,27,11,+49.072,+0.797
4849.949,27,11,+49.168,+0.830
4853.23,27,11,+49.172,+0.770
4856.652,27,11,+49.248,+0.802
4858.97,27,11,+49.328,+0.735
4861.393,27,11,+49.391,+0.746
4862.077,27,11,+49.400,+0.743
4865.554,27,11,+49.337,+0.649
4868.315,27,11,+49.250,+0.544
4870.861,27,11,+49.426,+0.670
4875.907,27,11,+49.500,+0.593
4879.119,27,11,+49.591,+0.484
4883.079,27,11,+49.699,+0.516
4886.095,27,11,+49.803,+0.612
4890.08,27,11,+49.958,+0.584
4896.073,27,11,+49.991,+0.517
4901.876,27,11,+50.127,+0.625
4906.141,27,11,+50.201,+0.647
4911.202,27,11,+50.319,+0.770
4914.671,27,11,+50.512,+0.818
4918.28,27,11,+50.667,+0.879
4920.376,27,11,+50.715,+0.879
4928.674,27,11,+50.743,+0.886
4934.17,27,11,+50.910,+0.918
4937.48,27,11,+50.934,+0.932
4940.898,27,11,+51.024,+0.951
4943.206,27,11,+51.091,+0.915
4945.622,27,11,+51.122,+0.914
4946.325,27,11,+51.125,+0.911
4949.798,27,11,+51.058,+0.821
4952.535,27,11,+50.948,+0.689
4954.944,27,11,+51.017,+0.697
4960.047,27,11,+51.068,+0.649
4963.318,27,11,+51.163,+0.541
4967.253,27,11,+51.220,+0.501
4970.093,27,11,+51.260,+0.526
4974.16,27,11,+51.369,+0.398
4980.204,27,11,+51.525,+0.486
4985.985,27,11,+51.680,+0.596
4990.177,27,11,+51.744,+0.675
4995.353,27,11,+51.999,+0.850
4998.867,27,11,+52.163,+0.895
5002.428,27,11,+52.287,+0.930
5004.522,27,11,+52.340,+0.950
5012.854,27,11,+52.359,+1.030
5018.263,27,11,+52.472,+0.994
5021.605,27,11,+52.468,+0.987
5025.002,27,11,+52.538,+0.981
5027.323,27,11,+52.594,+0.925
5029.713,27,11,+52.634,+0.910
5030.413,27,11,+52.640,+0.905
5033.861,27,11,+52.583,+0.813
5036.599,27,11,+52.470,+0.673
5039.006,27,11,+52.519,+0.667
5044.092,27,11,+52.691,+0.667
5047.363,27,11,+52.786,+0.544
5051.175,27,11,+52.829,+0.493
5054.175,27,11,+52.879,+0.530
5058.074,27,11,+52.897,+0.337
5064.117,27,11,+53.007,+0.373
5069.934,27,11,+53.042,+0.488
5074.176,27,11,+53.030,+0.515
5079.423,27,11,+53.272,+0.765
5082.926,27,11,+53.459,+0.806
5086.468,27,11,+53.580,+0.799
5088.558,27,11,+53.637,+0.805
5096.844,27,11,+53.643,+0.802
5102.275,27,11,+53.755,+0.761
5105.64,27,11,+53.785,+0.734
5109.007,27,11,+53.847,+0.653
5111.292,27,11,+53.874,+0.578
5113.73,27,11,+53.934,+0.605
5114.476,27,10,+53.934,+0.605
5114.481,27,10,+53.941,+0.605
5117.873,27,10,+53.878,+0.508
5120.586,27,10,+53.746,+0.343
5123.017,27,10,+53.844,+0.388
5128.227,27,10,+54.002,+0.469
5131.491,27,10,+54.042,+0.398
5135.365,27,10,+54.133,+0.349
5138.269,27,10,+54.197,+0.396
5142.477,27,10,+54.389,+0.262
5148.464,27,10,+54.441,+0.314
5154.273,27,10,+54.529,+0.381
5158.524,27,10,+54.536,+0.428
5163.695,27,10,+54.698,+0.526
5167.28,27,10,+54.815,+0.585
5170.801,27,10,+54.882,+0.602
5172.834,27,10,+54.912,+0.610
5181.161,27,10,+54.889,+0.611
5186.709,27,10,+54.971,+0.614
5189.98,27,10,+54.938,+0.596
5193.324,27,10,+54.934,+0.542
5195.633,27,10,+54.976,+0.481
5198.068,27,10,+55.018,+0.496
5198.771,27,10,+55.025,+0.494
5202.224,27,10,+54.958,+0.390
5204.921,27,10,+54.818,+0.217
5207.287,27,10,+54.767,+0.148
5212.779,27,10,+55.314,+0.273
5216.206,27,10,+55.621,+0.178
5220.29,27,10,+55.925,+0.328
5223.239,27,10,+56.018,+0.401
5227.412,27,10,+56.229,+0.344
5233.501,27,10,+56.373,+0.352
5239.385,27,10,+56.589,+0.475
5243.596,27,10,+56.580,+0.488
5248.746,27,10,+56.746,+0.619
5252.273,27,10,+56.921,+0.661
5255.887,27,10,+57.119,+0.713
5257.943,27,10,+57.198,+0.718
5266.326,27,10,+57.204,+0.806
5271.847,27,10,+57.331,+0.825
5275.178,27,10,+57.346,+0.777
5278.603,27,10,+57.406,+0.762
5280.878,27,10,+57.474,+0.715
5283.307,27,10,+57.479,+0.726
5284.022,27,10,+57.482,+0.724
5287.486,27,10,+57.442,+0.632
5290.225,27,10,+57.356,+0.490
5292.663,27,10,+57.393,+0.496
5297.821,27,10,+57.595,+0.560
5301.067,27,10,+57.645,+0.446
5304.993,27,10,+57.707,+0.440
5307.907,27,10,+57.776,+0.506
5311.985,27,10,+57.820,+0.374
5318.088,27,10,+57.936,+0.438
5323.973,27,10,+58.121,+0.543
5328.216,27,10,+58.177,+0.619
5333.385,27,10,+58.257,+0.795
5336.905,27,10,+58.449,+0.828
5340.475,27,10,+58.559,+0.841
5342.54,27,10,+58.655,+0.851
5350.949,27,10,+58.699,+0.933
5356.473,27,10,+58.810,+0.957
5359.821,27,10,+58.840,+0.975
5363.2,27,10,+58.939,+0.923
5365.503,27,10,+59.002,+0.845
5367.939,27,10,+59.054,+0.840
5368.629,27,10,+59.063,+0.836
5372.11,27,10,+59.026,+0.751
5374.852,27,10,+58.933,+0.608
5377.281,27,10,+59.018,+0.580
5382.446,27,10,+59.195,+0.612
5385.743,27,10,+59.297,+0.469
5389.64,27,10,+59.417,+0.481
5392.57,27,10,+59.503,+0.547
5396.596,27,10,+59.528,+0.383
5402.684,27,10,+59.707,+0.454
5408.496,27,10,+59.749,+0.548
5412.71,27,10,+59.763,+0.561
5417.89,27,10,+59.941,+0.689
5421.392,27,10,+60.137,+0.734
5425.017,27,10,+60.269,+0.766
5427.095,27,10,+60.313,+0.746
5435.546,27,10,+60.358,+0.731
5441.054,27,10,+60.523,+0.719
5444.424,27,10,+60.600,+0.678
5447.817,27,10,+60.665,+0.624
5450.096,27,10,+60.683,+0.503
5452.575,27,10,+60.802,+0.555
5453.317,27,10,+60.827,+0.567
5456.811,27,10,+60.808,+0.511
5459.537,27,10,+60.678,+0.347
5461.96,27,10,+60.724,+0.291
5467.268,27,10,+60.993,+0.447
5470.628,27,10,+61.186,+0.406
5474.566,27,10,+61.274,+0.378
5477.453,27,10,+61.322,+0.423
5481.594,27,10,+61.503,+0.428
5487.681,27,10,+61.650,+0.450
5493.511,27,10,+61.766,+0.493
5497.719,27,10,+61.782,+0.517
5502.868,27,10,+61.861,+0.589
5506.396,27,10,+62.045,+0.616
5510.005,27,10,+62.143,+0.651
5512.079,27,10,+62.173,+0.653
5520.485,27,10,+62.215,+0.740
5526.016,27,10,+62.296,+0.696
5529.243,27,10,+62.255,+0.645
5532.649,27,10,+62.314,+0.667
5534.93,27,10,+62.379,+0.631
5537.376,27,10,+62.448,+0.658
5538.073,27,10,+62.456,+0.658
5541.53,27,10,+62.409,+0.571
5544.246,27,10,+62.295,+0.411
5546.678,27,10,+62.387,+0.435
5551.812,27,10,+62.480,+0.379
5555.026,27,10,+62.474,+0.196
5559.106,27,10,+62.759,+0.330
5562.043,27,10,+62.867,+0.419
5566.188,27,10,+62.933,+0.252
5572.247,27,10,+62.982,+0.331
5578.162,27,10,+63.153,+0.450
5582.468,27,10,+63.249,+0.548
5587.663,27,10,+63.486,+0.674
5591.198,27,10,+63.662,+0.749
5594.808,27,10,+63.803,+0.796
5596.882,27,10,+63.867,+0.803
5605.319,27,10,+63.929,+0.833
5610.903,27,10,+64.123,+0.913
5614.339,27,10,+64.223,+0.940
5617.73,27,10,+64.299,+0.934
5620.055,27,10,+64.326,+0.850
5622.482,27,10,+64.378,+0.874
5623.185,27,10,+64.385,+0.875
5626.652,27,10,+64.333,+0.792
5629.368,27,10,+64.211,+0.639
5631.754,27,10,+64.212,+0.571
5636.855,27,10,+64.324,+0.535
5640.117,27,10,+64.434,+0.410
5644.096,27,10,+64.612,+0.419
5647.021,27,10,+64.686,+0.472
5651.014,27,10,+64.754,+0.287
5657.131,27,10,+64.878,+0.413
5663.08,27,10,+65.212,+0.581
5667.407,27,10,+65.327,+0.638
5672.541,27,10,+65.461,+0.766
5676.08,27,10,+65.594,+0.810
5679.674,27,10,+65.715,+0.815
5681.736,27,10,+65.773,+0.810
5690.107,27,10,+65.708,+0.868
5695.586,27,10,+65.704,+0.776
5699.115,27,10,+65.829,+0.840
5703.643,27,11,+65.829,+0.840
5704.424,27,11,+67.768,+0.718
5710.565,27,12,+67.768,+0.718
5727.065,27,13,+67.768,+0.718
5727.955,27,14,+67.768,+0.718
5730.846,27,15,+67.768,+0.718
5737.508,27,16,+67.768,+0.718
5738.088,27,17,+67.768,+0.718
5758.873,27,18,+67.768,+0.718
5769.715,27,19,+67.768,+0.718
5777.224,27,20,+67.768,+0.718
9036.717,27,20,37L,8L
6.86,16,10,,
3229.433,16,10,+1.120,
3231.933,16,8,+1.120,
3232.027,16,8,+0.863,+0.169
3235.34,16,8,+1.020,+0.081
3240.524,16,9,+1.020,+0.081
3240.599,16,8,+1.020,+0.081
3240.683,16,8,+1.524,+0.167
3243.859,16,7,+1.524,+0.167
3243.953,16,7,+1.729,+0.482
3247.775,16,7,+2.028,+0.608
3250.707,16,7,+2.043,+0.647
3254.937,16,7,+2.393,+0.677
3260.935,16,7,+2.691,+0.717
3266.645,16,7,+3.065,+0.802
3270.944,16,7,+3.236,+0.855
3275.99,16,7,+3.609,+0.802
3279.479,16,7,+3.837,+0.760
3283.011,16,7,+4.007,+0.781
3285.104,16,7,+4.026,+0.757
3293.247,16,7,+4.369,+0.744
3298.435,16,7,+4.521,+0.610
3301.81,16,7,+4.662,+0.709
3305.232,16,7,+4.767,+0.716
3307.622,16,7,+4.909,+0.750
3309.966,16,7,+4.943,+0.783
3310.669,16,7,+4.943,+0.791
3314.149,16,7,+4.820,+0.810
3316.819,16,7,+4.648,+0.780
3319.194,16,7,+4.647,+0.822
3324.179,16,7,+4.858,+0.747
3327.679,16,7,+5.127,+0.869
3331.597,16,7,+5.356,+1.004
3334.622,16,7,+5.461,+1.174
3338.71,16,7,+5.597,+1.230
3344.601,16,7,+5.814,+1.341
3350.273,16,7,+5.965,+1.331
3354.429,16,7,+5.929,+1.323
3359.301,16,7,+6.005,+1.207
3362.745,16,7,+6.070,+1.161
3366.229,16,7,+6.110,+1.157
3368.229,16,7,+6.108,+1.131
3376.339,16,7,+6.194,+1.024
3381.511,16,7,+6.259,+0.924
3384.714,16,7,+6.203,+0.876
3388.147,16,7,+6.148,+0.908
3390.462,16,7,+6.251,+0.996
3392.847,16,7,+6.308,+0.996
3393.639,16,7,+6.313,+1.001
3397.04,16,7,+6.231,+1.036
3399.761,16,7,+6.088,+1.054
3402.105,16,7,+6.061,+1.001
3407.074,16,7,+6.129,+0.876
3410.355,16,7,+6.362,+0.959
3414.246,16,7,+6.475,+0.988
3417.183,16,7,+6.527,+1.109
3421.339,16,7,+6.695,+1.206
3427.23,16,7,+6.821,+1.270
3432.871,16,7,+6.991,+1.251
3437.043,16,7,+6.973,+1.233
3441.887,16,7,+7.020,+1.138
3445.215,16,7,+7.008,+1.032
3448.652,16,7,+7.052,+0.972
3450.668,16,7,+7.051,+0.932
3458.887,16,7,+7.206,+0.998
3464.027,16,7,+7.145,+0.780
3467.356,16,7,+7.191,+0.763
3470.793,16,7,+7.293,+0.727
3473.121,16,7,+7.430,+0.738
3475.606,16,7,+7.477,+0.715
3476.278,16,7,+7.484,+0.711
3479.668,16,7,+7.391,+0.679
3482.372,16,7,+7.235,+0.659
3484.726,16,7,+7.224,+0.660
3489.649,16,7,+7.313,+0.598
3493.055,16,7,+7.560,+0.746
3496.961,16,7,+7.638,+0.771
3499.855,16,7,+7.634,+0.827
3504.015,16,7,+7.839,+0.895
3509.744,16,7,+7.788,+0.815
3515.494,16,7,+7.931,+0.875
3519.635,16,7,+7.903,+0.870
3524.557,16,7,+7.928,+0.783
3527.916,16,7,+7.955,+0.735
3531.392,16,7,+7.966,+0.692
3533.42,16,7,+7.968,+0.640
3541.663,16,7,+8.058,+0.693
3547.067,16,7,+8.025,+0.510
3550.248,16,7,+8.082,+0.554
3553.697,16,7,+8.149,+0.551
3556.005,16,7,+8.298,+0.567
3558.41,16,7,+8.350,+0.575
3559.129,16,7,+8.354,+0.571
3562.619,16,7,+8.248,+0.535
3565.293,16,7,+8.093,+0.537
3567.652,16,7,+8.076,+0.554
3572.686,16,7,+8.236,+0.509
3576.186,16,7,+8.508,+0.716
3580.063,16,7,+8.546,+0.697
3582.941,16,7,+8.517,+0.690
3587.162,16,7,+8.683,+0.741
3592.887,16,7,+8.635,+0.680
3598.564,16,7,+8.631,+0.632
3602.763,16,7,+8.618,+0.601
3607.782,16,7,+8.731,+0.686
3611.184,16,7,+8.767,+0.646
3614.642,16,7,+8.781,+0.600
3616.623,16,7,+8.774,+0.529
3624.858,16,7,+8.869,+0.620
3630.139,16,7,+8.830,+0.427
3633.359,16,7,+8.805,+0.385
3636.739,16,7,+8.802,+0.340
3639.082,16,7,+8.920,+0.362
3641.474,16,7,+8.985,+0.390
3642.176,16,7,+8.990,+0.392
3645.661,16,7,+8.890,+0.320
3648.364,16,7,+8.722,+0.231
3650.75,16,7,+8.681,+0.162
3656.329,16,7,+9.347,+0.706
3659.894,16,7,+9.656,+1.011
3663.812,16,7,+9.757,+1.095
3666.865,16,7,+9.834,+1.136
3670.929,16,7,+10.029,+1.301
3676.664,16,7,+9.993,+1.256
3682.364,16,7,+10.051,+1.223
3686.564,16,7,+10.106,+1.224
3691.585,16,7,+10.227,+1.170
3694.917,16,7,+10.259,+1.133
3698.381,16,7,+10.281,+1.098
3700.402,16,7,+10.249,+1.077
3708.62,16,7,+10.370,+1.103
3713.949,16,7,+10.349,+0.986
3717.23,16,7,+10.305,+0.942
3720.605,16,7,+10.280,+0.935
3722.917,16,7,+10.335,+0.943
3725.308,16,7,+10.351,+0.930
3726.042,16,7,+10.352,+0.929
3729.48,16,7,+10.256,+0.872
3732.215,16,7,+10.119,+0.791
3734.613,16,7,+10.151,+0.800
3739.546,16,7,+10.169,+0.693
3742.874,16,7,+10.306,+0.786
3746.874,16,7,+10.338,+0.814
3749.718,16,7,+10.402,+0.868
3753.874,16,7,+10.604,+0.987
3759.734,16,7,+10.600,+0.990
3765.389,16,7,+10.657,+0.898
3769.564,16,7,+10.607,+0.815
3774.568,16,7,+10.775,+0.806
3777.94,16,7,+10.789,+0.705
3781.44,16,7,+10.801,+0.699
3783.44,16,7,+10.728,+0.652
3791.737,16,7,+10.821,+0.712
3797.066,16,7,+10.762,+0.582
3800.284,16,7,+10.705,+0.490
3803.69,16,7,+10.682,+0.481
3806.034,16,7,+10.758,+0.490
3808.458,16,7,+10.770,+0.470
3809.115,16,7,+10.767,+0.462
3812.537,16,7,+10.644,+0.347
3815.271,16,7,+10.481,+0.210
3817.646,16,7,+10.479,+0.227
3822.859,16,7,+10.705,+0.173
3826.109,16,7,+10.725,+0.080
3829.808,16,6,+10.725,+0.080
3829.889,16,6,+10.678,+1.602
3832.716,16,6,+10.657,+1.554
3836.9,16,6,+10.853,+1.696
3842.885,16,6,+10.924,+1.760
3848.572,16,6,+10.890,+1.763
3852.768,16,6,+10.967,+1.809
3857.829,16,6,+11.012,+1.733
3861.172,16,6,+10.967,+1.627
3864.704,16,6,+10.960,+1.556
3866.782,16,6,+10.933,+1.556
3875.085,16,6,+11.058,+1.641
3880.491,16,6,+11.031,+1.546
3883.757,16,6,+10.941,+1.552
3887.179,16,6,+10.932,+1.577
3889.429,16,6,+10.942,+1.523
3891.832,16,6,+10.916,+1.484
3892.579,16,6,+10.916,+1.482
3896.079,16,6,+10.901,+1.487
3898.891,16,6,+10.876,+1.497
3901.36,16,6,+10.949,+1.558
3906.392,16,6,+10.983,+1.588
3909.704,16,6,+11.043,+1.682
3913.642,16,6,+11.035,+1.586
3916.517,16,6,+11.032,+1.603
3920.626,16,6,+11.125,+1.626
3926.423,16,6,+11.005,+1.533
3932.167,16,6,+11.053,+1.540
3936.353,16,6,+11.059,+1.563
3941.409,16,6,+11.210,+1.521
3944.803,16,6,+11.263,+1.447
3948.297,16,6,+11.275,+1.356
3950.326,16,6,+11.244,+1.302
3958.608,16,6,+11.289,+1.347
3963.952,16,6,+11.286,+1.180
3967.258,16,6,+11.228,+1.118
3970.617,16,6,+11.211,+1.091
3972.945,16,6,+11.277,+1.080
3975.383,16,6,+11.278,+1.073
3976.073,16,6,+11.279,+1.074
3979.633,16,6,+11.259,+1.077
3982.445,16,6,+11.232,+1.074
3984.917,16,6,+11.335,+1.198
3989.914,16,6,+11.312,+1.147
3993.227,16,6,+11.417,+1.224
3997.149,16,6,+11.459,+1.132
4000.008,16,6,+11.482,+1.154
4004.193,16,6,+11.637,+1.301
4010.021,16,6,+11.518,+1.213
4015.724,16,6,+11.507,+1.195
4019.943,16,6,+11.552,+1.200
4024.989,16,6,+11.585,+1.182
4028.302,16,6,+11.546,+1.065
4031.849,16,6,+11.504,+0.928
4033.856,16,6,+11.486,+0.872
4042.255,16,6,+11.575,+0.716
4047.662,16,6,+11.540,+0.527
4051.021,16,6,+11.516,+0.567
4054.427,16,6,+11.516,+0.563
4056.74,16,6,+11.561,+0.570
4059.209,16,6,+11.570,+0.563
4059.865,16,6,+11.569,+0.561
4063.349,16,6,+11.468,+0.480
4066.084,16,6,+11.353,+0.389
4068.554,16,6,+11.446,+0.467
4073.731,16,6,+11.541,+0.579
4077.15,16,6,+11.680,+0.774
4081.032,16,6,+11.664,+0.670
4083.893,16,6,+11.687,+0.696
4088.118,16,6,+11.832,+0.816
4093.984,16,6,+11.743,+0.729
4099.654,16,6,+11.721,+0.673
4103.854,16,6,+11.710,+0.664
4108.928,16,6,+11.825,+0.670
4112.381,16,6,+11.871,+0.684
4116.006,16,6,+11.978,+0.739
4118.006,16,6,+11.947,+0.664
4126.453,16,6,+12.061,+0.828
4131.875,16,6,+11.997,+0.594
4135.187,16,6,+12.046,+0.653
4138.578,16,6,+12.044,+0.575
4140.937,16,6,+12.065,+0.581
4143.368,16,6,+12.050,+0.564
4144.069,16,6,+12.046,+0.562
4147.509,16,5,+12.046,+0.562
4147.587,16,5,+11.958,+0.488
4150.322,16,5,+11.897,+0.438
4152.744,16,5,+11.945,+0.493
4157.838,16,5,+11.940,+0.550
4161.119,16,5,+11.972,+0.607
4165.119,16,5,+12.081,+0.579
4168.041,16,5,+12.127,+0.629
4172.241,16,5,+12.237,+0.752
4178.106,16,5,+12.149,+0.632
4183.794,16,5,+12.123,+0.527
4187.997,16,5,+12.105,+0.487
4193.138,16,5,+12.208,+0.547
4196.575,16,5,+12.265,+0.541
4200.216,16,5,+12.401,+0.571
4202.216,16,5,+12.357,+0.552
4210.622,16,5,+12.484,+0.614
4216.107,16,5,+12.530,+0.441
4219.497,16,5,+12.620,+0.474
4222.919,16,5,+12.532,+0.246
4225.232,16,5,+7.465,+0.246
4227.7,16,5,+7.440,+0.246
4228.373,16,4,+7.440,+0.246
4228.388,16,4,+8.892,+5.304
4231.81,16,3,+8.892,+5.304
4231.888,16,3,+7.391,+5.262
4234.747,16,3,+7.387,+5.257
4237.274,16,3,+7.487,+5.333
4242.2,16,3,+7.358,+5.273
4245.499,16,3,+7.412,+5.324
4249.429,16,3,+7.391,+5.287
4252.317,16,3,+7.346,+5.329
4256.352,16,3,+7.363,+5.293
4262.193,16,3,+7.262,+5.210
4267.806,16,3,+7.207,+5.150
4271.978,16,3,+7.066,+5.062
4277.007,16,3,+7.076,+5.027
4280.388,16,3,+7.093,+5.034
4283.91,16,3,+7.091,+5.007
4285.911,16,3,+7.085,+4.946
4294.254,16,3,+7.306,+5.031
4299.648,16,3,+7.296,+5.015
4302.949,16,3,+7.208,+4.991
4306.406,16,3,+7.291,+4.919
4308.738,16,3,+7.377,+4.919
4311.155,16,3,+7.382,+4.919
4311.899,16,3,+7.389,+0.968
4315.417,16,2,+7.389,+0.968
4315.512,16,2,+7.408,+7.408
4318.356,16,2,+7.441,+7.441
4320.776,16,2,+7.487,+7.487
4325.836,16,2,+7.516,+7.516
4329.158,16,2,+7.686,+7.686
4333.166,16,2,+7.663,+7.663
4336.07,16,2,+7.703,+7.703
4340.164,16,2,+7.760,+7.760
4345.961,16,2,+7.643,+7.643
4351.656,16,2,+7.627,+7.627
4355.839,16,2,+7.640,+7.640
4360.917,16,2,+7.690,+7.690
4364.292,16,2,+7.753,+7.753
4367.838,16,2,+7.762,+7.762
4369.885,16,2,+7.723,+7.723
4378.088,16,2,+7.866,+7.866
4383.526,16,2,+7.938,+7.938
4386.932,16,2,+8.014,+8.014
4390.37,16,2,+8.004,+8.004
4395.87,16,2,+4.351,+4.351
4399.401,16,1,LAP 15,LAP 15
4479.922,16,1,LAP 16,LAP 16
4566.38,16,2,LAP 16,LAP 16
4571.468,16,3,LAP 16,LAP 16
4577.866,16,4,LAP 16,LAP 16
4579.293,16,5,LAP 16,LAP 16
4582.568,16,6,LAP 16,LAP 16
4592.903,16,6,+20.130,+7.406
4595.866,16,6,+20.716,+7.971
4601.274,16,6,+21.217,+8.517
4604.52,16,6,+21.317,+8.600
4608.372,16,6,+21.350,+8.581
4611.309,16,6,+21.473,+8.714
4615.313,16,6,+21.456,+8.773
4621.074,16,6,+21.431,+8.756
4626.616,16,6,+21.419,+8.679
4630.73,16,6,+21.392,+8.646
4635.652,16,6,+21.433,+8.610
4639.003,16,6,+21.497,+8.554
4642.469,16,6,+21.582,+8.566
4644.485,16,6,+21.587,+8.532
4652.626,16,6,+21.525,+8.561
4657.825,16,6,+21.440,+8.377
4661.012,16,6,+21.437,+8.337
4664.419,16,6,+21.539,+8.403
4666.872,16,6,+21.625,+8.388
4669.137,16,6,+21.654,+8.364
4669.794,16,6,+21.663,+8.366
4673.372,16,6,+21.696,+8.396
4676.22,16,6,+21.728,+8.435
4678.679,16,6,+21.785,+8.503
4683.535,16,6,+21.712,+8.517
4686.919,16,6,+21.897,+8.682
4690.683,16,6,+21.909,+8.631
4693.621,16,6,+22.017,+8.729
4697.547,16,6,+21.947,+8.696
4703.219,16,6,+21.800,+8.494
4708.75,16,6,+21.734,+8.364
4712.907,16,6,+21.732,+8.331
4717.766,16,6,+21.619,+8.271
4721.126,16,6,+21.647,+8.235
4724.563,16,6,+21.679,+8.179
4726.6,16,6,+21.656,+8.142
4734.704,16,6,+21.662,+8.149
4739.922,16,6,+21.539,+7.982
4743.157,16,6,+21.506,+7.955
4746.579,16,6,+21.625,+8.037
4748.923,16,6,+21.711,+8.081
4751.313,16,6,+21.746,+8.072
4752.001,16,6,+21.758,+8.077
4755.563,16,6,+21.792,+8.110
4758.438,16,6,+21.819,+8.145
4760.86,16,6,+21.830,+8.157
4765.626,16,6,+21.722,+8.103
4768.938,16,6,+21.882,+8.207
4772.751,16,6,+21.816,+8.141
4775.626,16,6,+21.862,+8.204
4779.657,16,6,+21.800,+8.188
4785.298,16,6,+21.666,+8.086
4790.857,16,6,+21.558,+8.008
4794.983,16,6,+21.533,+7.994
4799.895,16,6,+21.528,+7.964
4803.238,16,6,+21.552,+7.924
4806.645,16,6,+21.521,+7.848
4808.678,16,6,+21.494,+7.797
4816.756,16,6,+21.353,+7.698
4821.998,16,6,+21.241,+7.569
4825.279,16,6,+21.227,+7.636
4828.639,16,6,+21.227,+7.631
4830.889,16,6,+21.243,+7.581
4833.278,16,6,+21.284,+7.540
4833.98,16,6,+21.297,+7.539
4837.535,16,6,+21.333,+7.560
4840.418,16,6,+21.359,+7.580
4842.824,16,6,+21.394,+7.603
4847.652,16,6,+21.296,+7.515
4850.933,16,6,+21.408,+7.598
4854.683,16,6,+21.317,+7.450
4857.558,16,6,+21.366,+7.483
4861.514,16,6,+21.289,+7.359
4867.252,16,6,+21.107,+7.235
4872.783,16,6,+21.016,+7.144
4876.905,16,6,+20.960,+7.157
4881.811,16,6,+20.928,+7.088
4885.138,16,6,+20.979,+7.046
4888.604,16,6,+20.988,+6.982
4890.615,16,6,+20.960,+6.937
4898.735,16,6,+20.807,+6.911
4903.875,16,6,+20.620,+6.648
4907.16,16,6,+20.587,+6.612
4910.468,16,6,+20.580,+6.576
4912.687,16,6,+20.549,+6.488
4915.046,16,6,+20.534,+6.428
4915.749,16,6,+20.537,+6.422
4919.294,16,6,+20.560,+6.432
4922.14,16,6,+20.592,+6.460
4924.561,16,6,+20.616,+6.467
4929.33,16,6,+20.402,+6.254
4932.611,16,6,+20.482,+6.298
4936.337,16,6,+20.370,+6.155
4939.209,16,6,+20.401,+6.216
4943.16,16,6,+20.274,+6.154
4948.782,16,6,+20.112,+6.105
4954.362,16,6,+20.054,+5.995
4958.474,16,6,+20.013,+5.946
4963.434,16,6,+20.071,+5.896
4966.847,16,6,+20.058,+5.806
4970.175,16,6,+20.034,+5.666
4972.159,16,6,+20.009,+5.593
4980.251,16,6,+19.753,+5.462
4985.535,16,6,+19.695,+5.327
4988.772,16,6,+19.630,+5.287
4992.07,16,6,+19.612,+5.275
4994.275,16,6,+19.585,+5.199
4996.656,16,6,+19.567,+5.139
4997.312,16,6,+19.570,+5.134
5000.85,16,6,+19.593,+5.138
5003.74,16,6,+19.637,+5.169
5006.162,16,6,+19.668,+5.203
5010.95,16,6,+19.566,+5.066
5014.224,16,6,+19.655,+5.098
5017.952,16,6,+19.582,+4.972
5020.827,16,6,+19.644,+5.033
5024.799,16,6,+19.521,+4.955
5030.532,16,6,+19.408,+4.767
5036.161,16,6,+19.260,+4.682
5040.366,16,6,+19.203,+4.742
5045.238,16,6,+19.111,+4.710
5048.535,16,6,+19.079,+4.610
5052.004,16,6,+19.129,+4.594
5054.129,16,6,+19.131,+4.562
5062.149,16,6,+18.937,+4.587
5067.407,16,6,+18.841,+4.431
5070.694,16,6,+18.845,+4.414
5074.049,16,6,+18.876,+4.419
5076.269,16,6,+18.847,+4.370
5078.64,16,6,+18.850,+4.327
5079.361,16,6,+18.856,+4.324
5082.895,16,6,+18.891,+4.338
5085.762,16,6,+18.930,+4.359
5088.181,16,6,+18.960,+4.376
5092.975,16,6,+18.778,+4.290
5096.206,16,6,+18.785,+4.282
5099.95,16,6,+18.698,+4.104
5102.79,16,6,+18.734,+4.124
5106.663,16,6,+18.593,+4.008
5112.448,16,6,+18.416,+3.901
5118.013,16,6,+18.263,+3.811
5122.278,16,6,+18.170,+3.828
5127.165,16,6,+18.152,+3.834
5130.429,16,6,+18.038,+3.758
5133.852,16,6,+17.974,+3.660
5135.9,16,6,+17.922,+3.605
5143.975,16,6,+17.680,+3.569
5149.176,16,6,+17.492,+3.358
5152.514,16,6,+17.469,+3.424
5155.862,16,6,+17.471,+3.433
5158.114,16,6,+17.470,+3.414
5160.515,16,6,+17.461,+3.383
5161.204,16,6,+17.466,+3.381
5164.778,16,6,+17.492,+3.394
5167.638,16,6,+17.519,+3.410
5169.975,16,6,+17.510,+3.404
5174.858,16,6,+17.424,+3.338
5178.13,16,6,+17.560,+3.402
5181.936,16,6,+17.571,+3.299
5184.836,16,6,+17.640,+3.358
5188.808,16,6,+17.581,+3.344
5194.559,16,6,+17.438,+3.182
5200.193,16,6,+17.407,+3.129
5204.414,16,6,+17.394,+3.198
5209.365,16,6,+17.355,+3.214
5212.677,16,6,+17.327,+3.162
5216.19,16,6,+17.419,+3.116
5218.19,16,6,+17.426,+3.077
5226.412,16,6,+17.266,+3.166
5231.82,16,6,+17.256,+3.096
5235.06,16,6,+17.234,+3.141
5238.342,16,6,+17.189,+3.090
5240.565,16,6,+17.164,+3.053
5242.971,16,6,+17.125,+3.032
5243.658,16,6,+17.126,+3.033
5247.23,16,6,+17.162,+3.048
5250.078,16,6,+17.208,+3.064
5252.44,16,6,+17.182,+3.066
5257.316,16,6,+17.101,+3.032
5260.542,16,6,+17.172,+3.044
5264.393,16,6,+17.119,+2.964
5267.335,16,6,+17.186,+3.026
5271.347,16,6,+17.129,+3.042
5277.117,16,6,+16.994,+2.973
5282.777,16,6,+16.952,+3.019
5286.954,16,6,+16.929,+3.054
5291.929,16,6,+16.796,+2.961
5295.243,16,6,+16.787,+2.896
5298.802,16,6,+16.879,+2.869
5300.844,16,6,+16.912,+2.823
5309.017,16,6,+16.780,+2.850
5314.347,16,6,+16.704,+2.675
5317.658,16,6,+16.712,+2.734
5320.984,16,6,+16.718,+2.719
5323.157,16,6,+16.661,+2.643
5325.573,16,6,+16.690,+2.585
5326.274,16,6,+16.700,+2.579
5329.819,16,6,+16.731,+2.580
5332.649,16,6,+16.757,+2.594
5335.028,16,6,+16.763,+2.625
5339.947,16,6,+16.713,+2.576
5343.203,16,6,+16.812,+2.661
5347.09,16,6,+16.834,+2.583
5349.935,16,6,+16.900,+2.634
5353.941,16,6,+16.842,+2.638
5359.703,16,6,+16.720,+2.490
5365.398,16,6,+16.664,+2.517
5369.595,16,6,+16.639,+2.580
5374.598,16,6,+16.648,+2.531
5377.923,16,6,+16.641,+2.470
5381.447,16,6,+16.687,+2.486
5383.464,16,6,+16.665,+2.462
5391.664,16,6,+16.539,+2.373
5396.97,16,6,+16.444,+2.127
5400.324,16,6,+16.499,+2.204
5403.658,16,6,+16.508,+2.175
5405.923,16,6,+16.509,+2.129
5408.318,16,6,+16.523,+2.100
5409.011,16,6,+16.527,+2.102
5412.555,16,6,+16.534,+2.138
5415.364,16,6,+16.540,+2.175
5417.779,16,6,+16.540,+2.222
5422.736,16,6,+16.482,+2.198
5426.034,16,6,+16.606,+2.264
5429.908,16,6,+16.631,+2.255
5432.806,16,6,+16.668,+2.306
5436.843,16,6,+16.645,+2.362
5442.549,16,6,+16.516,+2.175
5448.315,16,6,+16.555,+2.113
5452.492,16,6,+16.536,+2.126
5457.637,16,6,+16.633,+2.192
5461.029,16,6,+16.677,+2.147
5464.556,16,6,+16.704,+2.073
5466.568,16,6,+16.669,+1.996
5474.842,16,6,+16.599,+1.985
5480.226,16,6,+16.554,+1.826
5483.488,16,6,+16.505,+1.859
5486.805,16,6,+16.456,+1.799
5489.054,16,6,+16.506,+1.808
5491.511,16,6,+16.566,+1.812
5492.219,16,6,+16.579,+1.815
5495.667,16,5,+16.579,+1.815
5495.739,16,5,+16.615,+1.825
5498.594,16,5,+16.642,+1.834
5500.953,16,5,+16.654,+1.856
5505.896,16,5,+16.589,+1.811
5509.141,16,5,+16.603,+1.814
5513.032,16,5,+16.665,+1.745
5515.921,16,5,+16.749,+1.818
5519.954,16,5,+16.707,+1.836
5525.844,16,5,+16.568,+1.783
5531.586,16,5,+16.576,+1.885
5535.821,16,5,+16.611,+1.968
5540.879,16,5,+16.686,+1.941
5544.269,16,5,+16.717,+1.895
5547.756,16,5,+16.735,+1.840
5549.719,16,5,+16.711,+1.794
5557.968,16,5,+16.577,+1.800
5563.309,16,5,+16.448,+1.560
5566.595,16,5,+16.462,+1.651
5569.922,16,5,+16.488,+1.650
5572.177,16,5,+16.489,+1.618
5574.576,16,5,+16.472,+1.576
5575.298,16,5,+16.471,+1.574
5578.8,16,5,+16.463,+1.577
5581.626,16,5,+16.461,+1.593
5583.945,16,5,+16.414,+1.592
5588.929,16,5,+16.447,+1.576
5592.232,16,5,+16.577,+1.636
5596.095,16,5,+16.625,+1.509
5598.993,16,5,+16.707,+1.564
5602.994,16,5,+16.652,+1.476
5608.804,16,5,+16.546,+1.436
5614.53,16,5,+16.656,+1.514
5618.743,16,5,+16.697,+1.565
5623.807,16,5,+16.735,+1.564
5627.253,16,5,+16.769,+1.570
5630.801,16,5,+16.871,+1.581
5632.801,16,5,+16.872,+1.536
5641.04,16,5,+16.628,+1.547
5646.421,16,5,+16.484,+1.410
5649.732,16,5,+16.439,+1.417
5653.061,16,5,+16.404,+1.296
5655.311,16,5,+16.401,+1.296
5657.708,16,5,+16.382,+1.296
5658.365,16,4,+16.382,+1.296
5658.411,16,4,+16.387,+10.972
5661.924,16,4,+16.423,+10.999
5664.816,16,4,+16.469,+11.126
5667.242,16,4,+16.477,+11.209
5672.104,16,4,+16.375,+11.133
5675.361,16,4,+16.438,+11.130
5679.174,16,4,+16.399,+10.981
5682.049,16,4,+16.462,+10.992
5686.033,16,4,+16.345,+10.928
5691.883,16,4,+16.181,+10.827
5697.524,16,4,+16.036,+10.827
5701.674,16,4,+15.985,+10.799
5706.721,16,4,+15.958,+10.748
5710.034,16,4,+15.950,+10.708
5713.549,16,4,+15.973,+10.652
5715.565,16,4,+15.980,+10.588
5723.737,16,4,+15.694,+10.589
5729.065,16,4,+15.484,+10.494
5732.377,16,4,+15.477,+10.565
5735.721,16,4,+15.434,+10.574
5737.998,16,4,+15.461,+10.569
5740.437,16,4,+15.437,+10.524
5741.108,16,4,+15.445,+10.521
5744.635,16,4,+15.502,+10.514
5747.587,16,4,+15.570,+10.519
5749.884,16,4,+15.576,+10.515
5754.806,16,4,+15.506,+10.496
5758.082,16,4,+15.550,+10.521
5761.977,16,4,+15.606,+10.549
5764.885,16,4,+15.691,+10.643
5768.887,16,4,+15.523,+10.651
5774.667,16,4,+15.388,+10.557
5780.308,16,4,+15.281,+10.596
5784.493,16,4,+15.216,+10.626
5789.464,16,4,+15.158,+10.552
5792.823,16,4,+15.102,+10.550
5796.328,16,4,+15.137,+10.545
5798.316,16,4,+15.136,+10.515
5806.487,16,4,+14.870,+10.463
5811.885,16,4,+14.812,+10.375
5815.173,16,4,+14.783,+10.442
5818.554,16,4,+14.824,+10.426
5820.804,16,4,+14.901,+10.439
5823.252,16,4,+14.960,+10.426
5823.97,16,4,+14.973,+10.427
5827.485,16,4,+15.063,+10.435
5830.414,16,4,+15.253,+10.525
5832.929,16,5,+15.253,+10.525
5833.132,16,5,+15.573,+0.145
5838.195,16,5,+15.694,+0.447
5841.554,16,5,+15.865,+0.677
5845.46,16,5,+15.928,+0.850
5848.335,16,5,+15.884,+0.796
5852.398,16,5,+15.867,+1.080
5858.226,16,5,+15.831,+1.125
5863.929,16,5,+15.820,+1.411
5868.163,16,5,+15.774,+1.553
5873.273,16,5,+15.905,+1.726
5876.726,16,5,+16.044,+1.876
5880.32,16,5,+16.178,+2.054
5882.304,16,5,+16.203,+2.098
5890.586,16,5,+16.087,+2.290
5895.929,16,5,+15.999,+2.453
5899.32,16,5,+16.056,+2.574
5902.648,16,5,+16.039,+2.602
5904.992,16,5,+16.163,+2.732
5907.429,16,5,+16.263,+2.812
5908.117,16,5,+16.276,+2.818
5911.648,16,5,+16.268,+2.794
5914.454,16,5,+16.236,+2.750
5916.891,16,5,+16.287,+2.745
5921.938,16,5,+16.030,+3.112
5925.226,16,5,+15.956,+3.306
5929.146,16,5,+16.059,+3.469
5932.027,16,5,+16.050,+3.482
5936.038,16,5,+15.963,+3.606
5941.851,16,5,+15.857,+3.610
5947.601,16,5,+15.890,+3.896
5951.695,16,5,+15.794,+3.867
5956.804,16,5,+15.884,+4.026
5960.179,16,5,+15.928,+4.127
5963.757,16,5,+16.038,+4.278
5965.757,16,5,+16.059,+4.300
5974.025,16,5,+16.013,+4.523
5979.386,16,5,+15.896,+4.701
5982.711,16,5,+15.940,+4.860
5986.055,16,5,+16.033,+4.916
5988.352,16,5,+16.098,+4.997
5990.772,16,5,+16.154,+5.058
5991.452,16,5,+16.167,+5.069
5995.015,16,5,+16.188,+5.101
5997.843,16,5,+16.191,+5.127
6000.249,16,5,+16.192,+5.143
6005.19,16,5,+16.136,+5.347
6008.502,16,5,+16.216,+5.509
6012.362,16,5,+16.303,+5.631
6015.252,16,5,+16.319,+5.625
6019.384,16,5,+16.379,+5.862
6025.052,16,5,+16.315,+5.846
6030.717,16,5,+16.249,+6.070
6034.839,16,5,+16.152,+6.054
6039.902,16,5,+16.229,+6.216
6043.261,16,5,+16.245,+6.349
6046.871,16,5,+16.342,+6.477
6048.777,16,5,+16.367,+6.488
6057.043,16,5,+16.290,+6.621
6062.402,16,5,+16.230,+6.774
6065.713,16,5,+16.274,+6.921
6068.995,16,5,+16.336,+6.948
6071.307,16,5,+16.427,+7.041
6073.73,16,5,+16.472,+7.072
6074.417,16,5,+16.480,+7.077
6077.948,16,5,+16.491,+7.100
6080.807,16,5,+16.495,+7.121
6083.182,16,5,+16.480,+7.141
6088.136,16,5,+16.485,+7.369
6091.464,16,5,+16.609,+7.608
6095.487,16,5,+16.725,+7.749
6098.388,16,5,+16.743,+7.705
6102.45,16,5,+16.767,+7.913
6108.227,16,5,+16.679,+7.930
6113.924,16,5,+16.683,+8.203
6118.045,16,5,+16.602,+8.200
6123.025,16,5,+16.569,+8.264
6126.43,16,5,+16.548,+8.397
6129.947,16,5,+16.643,+8.520
6131.947,16,5,+16.664,+8.531
6140.218,16,5,+16.578,+8.706
6145.467,16,5,+16.359,+8.700
6148.736,16,5,+16.370,+11.175
6152.038,16,5,+16.456,+11.030
6154.35,16,5,+16.537,+11.030
6156.741,16,5,+16.592,+11.030
6157.46,16,5,+16.599,+7.084
6160.819,16,4,+16.599,+7.084
6160.897,16,4,+16.523,+8.861
6163.694,16,4,+16.429,+8.736
6166.056,16,4,+16.460,+8.725
6171.063,16,4,+16.435,+9.032
6174.357,16,4,+16.423,+9.194
6178.294,16,4,+16.494,+9.333
6181.169,16,4,+16.501,+9.367
6185.169,16,4,+16.450,+9.608
6190.95,16,4,+16.296,+9.624
6196.653,16,4,+16.215,+9.782
6200.825,16,4,+16.087,+9.743
6205.825,16,4,+16.059,+9.827
6209.17,16,4,+16.075,+9.913
6212.636,16,4,+16.082,+9.946
6214.622,16,4,+16.088,+9.901
6222.933,16,4,+15.979,+10.166
6228.188,16,4,+15.347,+10.224
6231.526,16,4,+15.405,+10.349
6234.817,16,4,+15.354,+15.624
6237.114,16,4,+15.347,+15.624
6239.546,16,4,+15.357,+15.624
6240.236,16,4,+15.361,+10.507
6243.69,16,3,+15.361,+10.507
6243.774,16,3,+15.434,+10.502
6246.647,16,3,+15.566,+10.499
6249.031,16,3,+15.605,+10.453
6253.976,16,3,+15.664,+10.723
6257.242,16,3,+15.726,+10.904
6261.148,16,3,+15.783,+11.058
6264.054,16,3,+15.857,+11.126
6268.102,16,3,+16.016,+11.415
6273.913,16,3,+16.063,+11.490
6279.656,16,3,+16.103,+11.723
6283.857,16,3,+16.150,+11.768
6288.857,16,3,+16.055,+11.839
6292.154,16,3,+16.066,+11.937
6295.701,16,3,+16.112,+12.016
6297.685,16,3,+16.081,+11.997
6305.951,16,3,+16.235,+12.232
6311.311,16,3,+16.276,+12.349
6314.561,16,3,+12.383,+16.298
6317.857,16,3,+12.439,+16.191
6320.154,16,3,+12.523,+16.191
6322.561,16,3,+12.549,+16.191
6323.264,16,3,+12.692,+12.552
6326.78,16,2,+12.692,+12.552
6326.858,16,2,+12.540,+12.540
6329.655,16,2,+12.524,+12.524
6332.076,16,2,+12.553,+12.553
6337.076,16,2,+12.763,+12.763
6340.405,16,2,+12.985,+12.985
6344.31,16,2,+13.095,+13.095
6347.185,16,2,+13.081,+13.081
6351.124,16,2,+13.262,+13.262
6356.89,16,2,+13.284,+13.284
6362.639,16,2,+13.522,+13.522
6366.84,16,2,+13.558,+13.558
6371.809,16,2,+13.703,+13.703
6375.184,16,2,+13.807,+13.807
6378.934,16,2,+14.097,+14.097
6381.012,16,2,+14.094,+14.094
6389.285,16,2,+14.330,+14.330
6394.665,16,2,+14.363,+14.363
6398.03,16,2,+14.486,+14.486
6401.39,16,2,+14.590,+14.590
6403.655,16,2,+14.657,+14.657
6406.046,16,2,+14.700,+14.700
6406.827,16,2,+14.707,+14.707
6410.331,16,2,+14.731,+14.731
6413.202,16,2,+14.745,+14.745
6415.609,16,2,+14.781,+14.781
6420.605,16,2,+14.947,+14.947
6423.876,16,2,+15.124,+15.124
6427.876,16,2,+15.278,+15.278
6430.766,16,2,+15.261,+15.261
6434.766,16,2,+15.421,+15.421
6440.578,16,2,+15.463,+15.463
6446.313,16,2,+15.710,+15.710
6450.453,16,2,+15.700,+15.700
6455.594,16,2,+15.922,+15.922
6459.047,16,2,+16.053,+16.053
6462.61,16,2,+16.157,+16.157
6464.641,16,2,+16.180,+16.180
6472.969,16,2,+16.351,+16.351
6478.237,16,3,+16.351,+16.351
6478.454,16,3,+16.434,+0.085
6482.11,16,3,+16.888,+0.460
6485.797,16,3,+17.221,+0.846
6491.547,16,4,+17.221,+0.846
6492.852,16,5,+17.221,+0.846
6502.987,16,6,+17.221,+0.846
6519.966,16,6,+39.606,+14.079
6522.826,16,6,+40.091,+14.610
6528.281,16,6,+40.664,+15.147
6531.516,16,6,+40.805,+15.250
6535.266,16,6,+40.765,+15.151
6538.094,16,6,+40.751,+15.204
6541.938,16,6,+40.864,+15.195
6547.67,16,6,+40.676,+15.009
6553.177,16,6,+40.660,+14.797
6557.239,16,6,+40.599,+14.748
6564.522,16,6,+42.888,+17.053
6570.468,16,6,+45.530,+19.511
6575.376,16,6,+46.976,+20.964
6577.734,16,6,+47.319,+21.310
6586.877,16,6,+48.339,+18.338
6592.72,16,6,+48.934,+17.827
6597.342,16,6,+50.360,+18.621
6602.321,16,6,+52.012,+19.307
6605.414,16,6,+52.882,+19.307
6608.416,16,6,+53.492,+19.307
6609.279,16,6,+53.677,+17.048
6614.132,16,6,+54.819,+17.048
6617.691,16,5,+54.819,+17.048
6617.777,16,5,+52.452,+28.421
6620.452,16,6,+52.452,+28.421
6620.899,16,6,+51.696,+0.364
6628.395,16,6,+53.799,+1.229
6632.675,16,6,+54.602,+0.951
6637.378,16,6,+54.835,+0.742
6640.688,16,6,+54.247,+0.868
6645.276,16,6,+53.188,+0.606
6652.494,16,6,+51.858,+0.766
6660.051,16,6,+53.056,+1.194
6666.823,16,6,+53.518,+1.123
6672.822,16,6,+53.257,+0.980
6678.617,16,6,+54.396,+1.058
6683.711,16,6,+53.385,+1.849
6686.196,16,6,+53.214,+2.073
6695.005,16,6,+52.953,+1.457
6700.599,16,6,+52.647,+1.067
6705.153,16,6,+52.618,+0.816
6708.754,16,6,+51.669,+0.884
6711.033,16,6,+51.669,+0.978
6713.396,16,6,+51.669,+1.037
6714.061,16,6,+47.570,+1.046
6717.48,16,6,+47.570,+0.996
6720.192,16,6,+28.290,+0.901
6722.515,16,6,+27.842,+0.881
6727.358,16,6,+26.442,+0.903
6730.571,16,6,+25.629,+1.060
6734.316,16,6,+25.323,+1.068
6737.152,16,6,+25.296,+1.122
6741.033,16,6,+25.480,+1.216
6746.718,16,6,+25.653,+1.290
6752.265,16,6,+26.061,+1.385
6756.343,16,6,+26.172,+1.393
6761.218,16,6,+26.398,+1.439
6764.562,16,6,+26.554,+1.416
6767.952,16,6,+26.613,+1.355
6769.89,16,6,+26.620,+1.299
6777.796,16,6,+26.740,+1.243
6782.937,16,6,+26.880,+1.167
6786.078,16,6,+26.974,+1.289
6789.393,16,6,+26.982,+1.307
6791.635,16,6,+27.107,+1.399
6793.995,16,6,+27.138,+1.436
6794.693,16,6,+27.142,+1.443
6798.193,16,6,+27.151,+1.468
6801.0,16,6,+27.133,+1.492
6803.369,16,6,+27.070,+1.515
6808.15,16,6,+27.110,+1.547
6811.369,16,6,+27.209,+1.627
6815.13,16,6,+27.237,+1.623
6817.972,16,6,+27.114,+1.640
6821.862,16,6,+27.196,+1.676
6827.55,16,6,+27.145,+1.734
6833.141,16,6,+27.399,+1.846
6837.285,16,6,+27.403,+1.897
6842.177,16,6,+27.543,+1.986
6845.481,16,6,+27.591,+1.961
6848.889,16,6,+27.639,+1.896
6850.873,16,6,+27.632,+1.845
6858.915,16,6,+27.876,+1.927
6863.975,16,6,+27.937,+1.880
6867.225,16,6,+27.991,+1.920
6870.475,16,6,+27.878,+1.920
6872.678,16,6,+27.862,+1.914
6875.022,16,6,+27.835,+1.909
6875.709,16,6,+27.827,+1.908
6879.193,16,6,+27.786,+1.908
6882.022,16,6,+27.745,+1.908
6884.428,16,6,+27.650,+1.866
6889.15,16,6,+27.799,+1.863
6892.334,16,6,+27.903,+1.979
6896.069,16,6,+27.936,+1.971
6898.959,16,6,+27.947,+2.076
6902.865,16,6,+28.143,+2.111
6908.522,16,6,+28.171,+2.111
6914.152,16,6,+28.422,+2.193
6918.239,16,6,+28.432,+2.214
6923.116,16,6,+28.509,+2.258
6926.366,16,6,+28.454,+2.189
6929.679,16,6,+28.398,+2.121
6931.663,16,6,+28.357,+2.053
6939.648,16,6,+28.508,+2.045
6944.71,16,6,+28.563,+1.926
6947.929,16,6,+28.575,+1.989
6951.21,16,6,+28.472,+1.978
6953.398,16,6,+28.470,+1.978
6955.789,16,6,+28.449,+1.959
6956.432,16,6,+28.445,+1.957
6959.941,16,6,+28.414,+1.947
6962.804,16,6,+28.400,+1.963
6965.196,16,6,+28.301,+2.003
6969.955,16,6,+28.381,+2.063
6973.125,16,6,+28.448,+2.146
6976.852,16,6,+28.433,+2.125
6979.762,16,6,+28.503,+2.268
6983.673,16,6,+28.669,+2.314
6989.314,16,6,+28.676,+2.245
6994.896,16,6,+28.903,+2.310
6999.067,16,6,+28.964,+2.397
7003.942,16,6,+29.114,+2.395
7007.207,16,6,+29.085,+2.325
7010.555,16,6,+29.083,+2.284
7012.533,16,6,+29.052,+2.233
7020.501,16,6,+29.143,+2.184
7025.58,16,6,+29.111,+1.970
7028.798,16,6,+29.185,+2.038
7032.096,16,6,+29.159,+2.045
7034.267,16,6,+29.176,+2.059
7036.643,16,6,+29.194,+2.055
7037.361,16,6,+29.197,+2.057
7040.814,16,6,+29.181,+2.064
7043.642,16,6,+29.146,+2.072
7046.014,16,6,+29.017,+2.097
7050.692,16,6,+29.002,+2.020
7053.833,16,6,+29.047,+2.014
7057.508,16,6,+28.994,+1.940
7060.367,16,6,+28.966,+2.035
7064.242,16,6,+29.072,+2.028
7069.881,16,6,+29.069,+2.044
7075.425,16,6,+29.219,+2.049
7079.625,16,6,+29.294,+2.193
7084.454,16,6,+29.327,+2.200
7087.658,16,6,+29.275,+2.151
7091.064,16,6,+29.320,+2.145
7093.064,16,6,+29.285,+2.119
7101.049,16,6,+29.352,+2.109
7106.096,16,6,+29.350,+1.987
7109.361,16,6,+29.368,+2.090
7112.611,16,6,+29.292,+2.041
7114.752,16,6,+29.286,+2.023
7117.08,16,6,+29.288,+2.043
7117.783,16,6,+29.286,+2.048
7121.267,16,6,+29.260,+2.067
7124.111,16,6,+29.223,+2.081
7126.486,16,6,+29.135,+2.099
7131.218,16,6,+29.287,+2.092
7134.328,16,6,+29.316,+2.103
7137.999,16,6,+29.327,+2.046
7140.812,16,6,+29.316,+2.104
7144.577,16,6,+29.446,+2.074
7150.282,16,6,+29.431,+2.031
7155.846,16,6,+29.595,+2.052
7159.956,16,6,+29.563,+2.077
7164.845,16,6,+29.656,+2.047
7168.032,16,6,+29.605,+1.959
7171.417,16,6,+29.603,+1.925
7173.376,16,6,+29.547,+1.887
7181.365,16,6,+29.633,+1.849
7186.596,16,6,+29.714,+1.689
7189.721,16,6,+29.626,+1.687
7192.94,16,6,+29.544,+1.644
7195.112,16,6,+29.509,+1.594
7197.471,16,6,+29.489,+1.577
7198.159,16,6,+29.483,+1.577
7201.659,16,6,+29.445,+1.590
7204.471,16,6,+29.399,+1.607
7206.862,16,6,+29.334,+1.658
7211.596,16,6,+29.468,+1.601
7214.737,16,6,+29.564,+1.645
7218.893,16,6,+29.545,+1.482
7221.237,16,6,+29.551,+1.532
7225.143,16,6,+29.718,+1.521
7230.892,16,6,+29.761,+1.490
7236.446,16,6,+29.918,+1.404
7240.618,16,6,+30.009,+1.460
7245.509,16,6,+30.106,+1.381
7248.775,16,6,+30.075,+1.329
7252.149,16,6,+30.048,+1.317
7254.118,16,6,+29.986,+1.291
7262.243,16,6,+30.158,+1.394
7267.54,16,6,+30.224,+1.414
7270.676,16,6,+30.223,+1.441
7273.897,16,6,+30.152,+1.448
7276.115,16,6,+30.178,+1.539
7278.482,16,6,+30.188,+1.604
7279.164,16,6,+30.187,+1.616
7282.67,16,6,+30.156,+1.646
7285.496,16,6,+30.113,+1.661
7287.871,16,6,+30.037,+1.737
7292.684,16,6,+30.164,+1.692
7295.84,16,6,+30.218,+1.692
7299.543,16,6,+30.211,+1.681
7302.434,16,6,+30.229,+1.773
7306.293,16,6,+30.381,+1.796
7311.976,16,6,+30.325,+1.698
7317.535,16,6,+30.387,+1.719
7321.691,16,6,+30.344,+1.731
7326.582,16,6,+30.325,+1.704
7329.8,16,6,+30.281,+1.688
7333.16,16,6,+30.203,+1.601
7335.144,16,6,+30.134,+1.542
7343.176,16,6,+30.229,+1.569
7348.395,16,6,+30.271,+1.408
7351.519,16,6,+30.203,+1.389
7354.786,16,6,+30.139,+1.368
7357.012,16,6,+30.201,+1.410
7359.384,16,6,+30.195,+1.395
7360.041,16,6,+30.191,+1.396
7363.541,16,6,+30.155,+1.416
7366.353,16,6,+30.123,+1.421
7368.759,16,6,+30.087,+1.472
7373.635,16,6,+30.233,+1.492
7376.807,16,6,+30.358,+1.561
7380.681,16,6,+30.479,+1.606
7383.619,16,6,+30.568,+1.745
7387.755,16,6,+31.023,+2.033
7393.598,16,6,+31.198,+2.102
7399.201,16,6,+31.366,+2.067
7403.35,16,6,+31.430,+2.137
7408.356,16,6,+31.625,+1.946
7411.676,16,6,+31.707,+1.924
7415.192,16,6,+31.835,+1.982
7417.213,16,6,+31.858,+1.989
7425.345,16,6,+32.060,+1.897
7430.576,16,6,+32.105,+1.822
7433.786,16,6,+32.119,+1.852
7437.055,16,6,+32.113,+1.899
7439.304,16,6,+32.192,+1.931
7441.716,16,6,+32.270,+1.978
7442.462,16,6,+32.274,+1.979
7445.904,16,6,+32.233,+1.951
7448.701,16,6,+32.163,+1.909
7451.107,16,6,+32.135,+1.990
7456.087,16,6,+32.440,+2.205
7459.369,16,6,+32.574,+2.336
7463.135,16,6,+32.599,+2.327
7465.996,16,6,+32.610,+2.403
7469.968,16,6,+32.746,+2.518
7475.611,16,6,+32.663,+2.396
7481.222,16,6,+32.819,+2.433
7485.302,16,6,+32.736,+2.437
7490.21,16,6,+32.814,+2.357
7493.497,16,6,+32.856,+2.319
7497.135,16,6,+32.915,+2.395
7499.048,16,6,+32.866,+2.367
7507.194,16,6,+32.927,+2.397
7512.356,16,6,+33.003,+2.305
7515.546,16,6,+32.945,+2.280
7518.739,16,6,+32.861,+2.253
7521.009,16,6,+32.943,+2.331
7523.417,16,6,+32.964,+2.368
7524.122,16,6,+32.968,+2.376
7527.622,16,6,+32.964,+2.402
7530.46,16,6,+32.949,+2.422
7532.882,16,6,+32.897,+2.484
7537.717,16,6,+33.035,+2.523
7540.883,16,6,+33.119,+2.570
7544.738,16,6,+33.194,+2.585
7547.621,16,6,+33.240,+2.676
7551.6,16,6,+33.496,+2.806
7557.339,16,6,+33.581,+2.744
7563.013,16,6,+33.647,+2.718
7567.08,16,6,+33.672,+2.745
7572.017,16,6,+33.798,+2.705
7575.346,16,6,+33.882,+2.748
7578.819,16,6,+33.958,+2.727
7580.857,16,6,+33.944,+2.709
7589.071,16,6,+34.135,+2.936
7594.368,16,6,+34.202,+2.853
7597.626,16,6,+34.279,+2.959
7600.907,16,6,+34.255,+2.967
7603.298,16,6,+34.327,+3.040
7605.564,16,6,+34.348,+3.050
7606.298,16,6,+34.351,+3.056
7609.801,16,6,+34.349,+3.093
7612.629,16,6,+34.344,+3.130
7615.008,16,6,+34.314,+3.182
7619.883,16,6,+34.372,+3.174
7623.102,16,6,+34.477,+3.290
7626.977,16,6,+34.517,+3.288
7629.821,16,6,+34.525,+3.369
7633.727,16,6,+34.623,+3.394
7639.462,16,6,+34.635,+3.298
7645.087,16,6,+34.774,+3.301
7649.205,16,6,+34.744,+3.352
7654.14,16,6,+34.828,+3.342
7657.484,16,6,+34.863,+3.389
7661.062,16,6,+34.882,+3.404
7662.937,16,6,+34.847,+3.376
7670.984,16,6,+34.831,+3.448
7676.359,16,6,+34.912,+3.432
7679.486,16,6,+34.863,+3.475
7682.74,16,6,+34.843,+3.483
7685.02,16,6,+34.903,+3.603
7687.423,16,6,+34.952,+3.669
7688.229,16,6,+34.960,+3.679
7691.656,16,6,+34.979,+3.691
7694.48,16,6,+34.998,+3.687
7696.855,16,6,+34.973,+3.737
7701.777,16,6,+35.036,+3.816
7705.024,16,6,+35.131,+3.920
7708.821,16,6,+35.129,+3.917
7711.712,16,6,+35.136,+3.989
7715.665,16,6,+35.237,+4.117
7721.337,16,6,+35.237,+3.995
7727.055,16,6,+35.441,+3.977
7731.071,16,6,+35.475,+3.986
7736.071,16,6,+35.658,+3.938
7739.45,16,6,+35.772,+4.026
7742.95,16,6,+35.813,+4.035
7744.903,16,6,+35.788,+4.013
7753.059,16,6,+35.870,+4.169
7758.325,16,6,+35.920,+4.100
7761.544,16,6,+35.918,+4.135
7764.81,16,6,+35.926,+4.132
7767.122,16,6,+35.983,+4.199
7769.45,16,6,+35.989,+4.180
7770.2,16,6,+35.990,+4.180
7773.669,16,6,+35.991,+4.188
7776.513,16,6,+35.993,+4.201
7778.903,16,6,+35.928,+4.252
7783.848,16,6,+36.130,+4.348
7786.999,16,6,+36.233,+4.428
7790.849,16,6,+36.293,+4.382
7793.692,16,6,+36.319,+4.455
7797.645,16,6,+36.484,+4.527
7803.38,16,6,+36.471,+4.398
7809.052,16,6,+36.700,+4.546
7813.193,16,6,+36.668,+4.608
7818.161,16,6,+36.725,+4.576
7821.549,16,6,+36.810,+4.642
7825.035,16,6,+36.901,+4.678
7827.066,16,6,+36.895,+4.661
7835.113,16,6,+36.898,+4.709
7840.379,16,6,+36.864,+4.553
7843.558,16,6,+36.863,+4.552
7846.859,16,6,+36.850,+4.556
7849.084,16,6,+36.903,+4.604
7851.525,16,6,+36.933,+4.636
7852.213,16,6,+36.941,+4.644
7855.759,16,6,+36.955,+4.669
7858.547,16,6,+36.973,+4.690
7860.969,16,6,+36.927,+4.765
7865.841,16,6,+37.024,+4.819
7869.088,16,6,+37.201,+4.979
7872.96,16,6,+37.294,+5.001
7875.882,16,6,+37.336,+5.095
7879.742,16,6,+37.470,+5.125
7885.476,16,6,+37.477,+5.118
7891.164,16,6,+37.670,+5.204
7895.254,16,6,+37.647,+5.232
7900.267,16,6,+37.754,+5.117
7903.642,16,6,+37.880,+5.156
7907.204,16,6,+38.019,+5.242
7909.204,16,6,+38.022,+5.225
7917.425,16,6,+38.097,+5.374
7922.802,16,6,+38.244,+5.430
7926.104,16,6,+38.321,+5.520
7929.449,16,6,+38.379,+5.580
7931.769,16,6,+38.533,+5.710
7934.238,16,6,+38.609,+5.786
7934.925,16,6,+38.626,+5.800
7938.457,16,6,+38.685,+5.840
7941.363,16,6,+38.728,+5.864
7943.769,16,6,+38.688,+5.896
7948.691,16,6,+38.860,+5.921
7951.957,16,6,+39.006,+6.053
7955.785,16,6,+39.050,+6.090
7958.66,16,6,+39.095,+6.161
7962.629,16,6,+39.273,+6.315
7968.347,16,6,+39.225,+6.251
7974.098,16,6,+39.428,+6.328
7978.207,16,6,+39.450,+6.397
7983.176,16,6,+39.431,+6.420
7986.504,16,6,+39.397,+6.414
7990.023,16,6,+39.490,+6.415
7991.987,16,6,+39.503,+6.385
8000.16,16,6,+39.512,+6.508
8005.493,16,6,+39.483,+6.508
8008.634,16,6,+39.479,+6.548
8011.93,16,6,+39.487,+6.572
8014.29,16,6,+39.601,+6.665
8016.68,16,6,+39.651,+6.731
8017.399,16,6,+39.663,+6.745
8020.931,16,6,+39.704,+6.787
8023.79,16,6,+39.737,+6.815
8026.149,16,6,+39.676,+6.836
8031.108,16,6,+39.762,+6.970
8034.437,16,6,+39.895,+7.143
8038.28,16,6,+39.921,+7.139
8041.14,16,6,+39.944,+7.203
8045.155,16,6,+40.106,+7.307
8050.823,16,6,+40.071,+7.190
8056.512,16,6,+40.278,+7.184
8060.637,16,6,+40.273,+7.176
8065.575,16,6,+40.291,+7.141
8068.919,16,6,+40.363,+7.168
8072.419,16,6,+40.428,+7.144
8074.388,16,6,+40.445,+7.117
8082.544,16,6,+40.377,+7.200
8087.747,16,6,+40.307,+7.021
8090.95,16,6,+40.269,+6.955
8094.247,16,6,+40.302,+6.974
8096.528,16,6,+40.390,+7.048
8098.95,16,6,+40.421,+7.104
8099.622,16,6,+40.426,+7.115
8103.185,16,6,+40.428,+7.153
8106.075,16,6,+40.438,+7.200
8108.466,16,6,+40.369,+7.231
8113.403,16,6,+40.552,+7.189
8116.638,16,6,+40.702,+7.300
8120.497,16,6,+40.763,+7.292
8123.37,16,6,+40.793,+7.392
8127.402,16,6,+41.062,+7.503
8133.134,16,6,+41.059,+7.491
8138.759,16,6,+41.188,+7.444
8142.837,16,6,+41.120,+7.408
8147.775,16,6,+41.177,+7.341
8151.087,16,6,+41.212,+7.361
8154.603,16,6,+41.313,+7.396
8156.603,16,6,+41.305,+7.386
8164.744,16,6,+41.425,+7.426
8169.95,16,6,+41.367,+7.190
8173.121,16,6,+41.331,+7.123
8176.402,16,6,+41.333,+7.095
8178.722,16,6,+41.450,+7.176
8181.16,16,6,+41.502,+7.230
8181.889,16,6,+41.511,+7.242
8185.385,16,6,+41.526,+7.280
8188.244,16,6,+41.546,+7.328
8190.697,16,6,+41.564,+7.395
8195.697,16,6,+41.722,+7.506
8198.994,16,6,+41.874,+7.633
8202.869,16,6,+42.006,+7.616
8205.729,16,6,+42.062,+7.692
8209.722,16,6,+42.303,+7.697
8215.589,16,6,+42.428,+7.708
8221.299,16,6,+42.646,+7.698
8225.403,16,6,+42.647,+7.715
8230.404,16,6,+42.777,+7.678
8233.783,16,6,+42.837,+7.736
8237.334,16,6,+42.947,+7.784
8239.319,16,6,+42.924,+7.784
8247.585,16,6,+43.099,+7.767
8252.773,16,6,+43.098,+7.529
8256.117,16,6,+43.158,+7.598
8259.476,16,6,+43.261,+7.684
8261.789,16,6,+43.378,+7.752
8264.21,16,6,+43.408,+7.786
8264.929,16,6,+43.413,+7.793
8268.46,16,6,+43.427,+7.825
8271.304,16,6,+43.437,+7.856
8273.726,16,6,+43.404,+7.879
8278.772,16,6,+43.601,+7.936
8282.041,16,6,+43.789,+8.068
8285.901,16,6,+43.879,+8.018
8288.761,16,6,+43.908,+8.097
8292.698,16,6,+44.081,+8.077
8298.495,16,6,+44.184,+8.050
8304.22,16,6,+44.392,+8.074
8308.355,16,6,+44.446,+8.114
8313.339,16,6,+44.513,+8.167
8316.745,16,6,+44.616,+8.234
8320.214,16,6,+44.623,+8.204
8322.198,16,6,+44.603,+8.172
8330.355,16,6,+44.649,+8.157
8335.667,16,6,+44.600,+7.954
8338.949,16,6,+44.651,+8.015
8342.324,16,6,+44.733,+8.081
8344.636,16,6,+44.814,+8.114
8347.12,16,6,+44.853,+8.131
8347.761,16,6,+44.862,+8.137
8351.308,16,6,+44.892,+8.167
8354.167,16,6,+44.918,+8.197
8356.606,16,6,+44.924,+8.238
8361.602,16,6,+45.022,+8.328
8368.312,16,6,+48.539,+11.797
8374.624,16,6,+51.108,+14.289
8380.421,16,7,+51.108,+14.289
8381.171,16,7,+54.774,+0.626
8387.999,16,7,+57.878,+3.478
8396.558,16,7,+60.677,+5.908
8404.34,16,7,+62.870,+42.398
8411.715,16,6,+62.870,+42.398
8411.793,16,6,+66.245,+10.472
8418.34,16,6,+67.901,+11.962
8423.28,16,6,+69.576,+12.355
8428.78,16,6,+71.655,+11.392
8432.483,16,6,+73.380,+12.283
8442.499,16,6,+75.333,+12.295
8448.577,16,6,+76.161,+12.073
8453.171,16,6,+77.493,+12.395
8459.952,16,6,+80.964,+14.283
8526.793,16,7,+80.964,+14.283
8560.355,16,8,+80.964,+14.283
8576.966,16,9,+80.964,+14.283
8581.145,16,10,+80.964,+14.283
8589.473,16,11,+80.964,+14.283
8631.782,16,12,+80.964,+14.283
8634.438,16,13,+80.964,+14.283
8667.351,16,14,+80.964,+14.283
8695.903,16,15,+80.964,+14.283
9036.717,16,15,4L,1L
6.86,41,11,,
3229.652,41,11,+1.304,+0.184
3232.277,41,10,+1.304,+0.184
3232.371,41,10,+1.113,+0.002
3235.262,41,11,+1.113,+0.002
3235.699,41,9,+1.113,+0.002
3235.777,41,9,+1.322,+0.302
3240.524,41,7,+1.322,+0.302
3240.627,41,7,+1.357,+0.254
3243.859,41,8,+1.357,+0.254
3244.09,41,9,+1.357,+0.254
3244.123,41,9,+1.767,+0.005
3248.164,41,10,+1.767,+0.005
3248.259,41,10,+2.434,+0.036
3251.115,41,10,+2.454,+0.047
3255.453,41,9,+2.454,+0.047
3255.555,41,9,+2.901,+0.203
3261.369,41,9,+3.036,+0.024
3267.307,41,9,+3.565,+0.246
3271.6,41,9,+3.842,+0.212
3276.8,41,9,+4.437,+0.439
3280.448,41,9,+4.789,+0.469
3284.011,41,9,+5.002,+0.572
3286.12,41,9,+5.038,+0.553
3294.45,41,9,+5.565,+0.627
3299.81,41,9,+5.893,+0.588
3303.092,41,9,+5.988,+0.623
3306.466,41,9,+6.019,+0.528
3308.841,41,9,+6.168,+0.524
3311.263,41,9,+6.191,+0.532
3311.935,41,9,+6.184,+0.531
3315.354,41,9,+6.025,+0.521
3318.085,41,9,+5.878,+0.498
3320.523,41,9,+5.928,+0.451
3325.648,41,9,+6.293,+0.539
3328.96,41,9,+6.444,+0.494
3332.901,41,9,+6.648,+0.485
3335.756,41,9,+6.569,+0.473
3339.96,41,9,+6.909,+0.363
3345.945,41,10,+6.909,+0.363
3346.382,41,10,+7.571,+0.326
3352.148,41,10,+7.846,+0.404
3356.367,41,10,+7.864,+0.366
3361.464,41,10,+8.184,+0.378
3365.151,41,10,+8.466,+0.529
3368.745,41,10,+8.614,+0.569
3370.808,41,10,+8.670,+0.552
3379.198,41,10,+9.079,+0.843
3384.605,41,10,+9.310,+0.923
3387.791,41,10,+9.279,+0.898
3391.198,41,10,+9.188,+0.849
3393.517,41,10,+9.256,+0.871
3395.93,41,10,+9.291,+0.853
3396.601,41,10,+9.288,+0.849
3399.949,41,10,+9.158,+0.838
3402.667,41,10,+9.000,+0.860
3405.058,41,10,+8.998,+0.801
3410.152,41,10,+9.270,+0.808
3413.464,41,10,+9.452,+0.911
3417.449,41,10,+9.652,+1.063
3420.293,41,10,+9.582,+1.127
3424.543,41,10,+9.949,+1.090
3430.527,41,10,+10.125,+1.093
3436.293,41,10,+10.344,+0.949
3440.527,41,10,+10.444,+0.903
3445.605,41,10,+10.725,+0.851
3449.215,41,10,+11.008,+1.013
3452.809,41,10,+11.213,+1.048
3454.887,41,10,+11.272,+1.022
3463.215,41,10,+11.546,+1.193
3468.699,41,10,+11.744,+1.157
3471.903,41,10,+11.768,+1.162
3475.262,41,10,+11.741,+1.036
3477.528,41,10,+11.847,+0.996
3479.918,41,10,+11.879,+0.933
3480.606,41,10,+11.880,+0.920
3484.09,41,10,+11.828,+0.927
3486.948,41,10,+11.757,+0.962
3489.336,41,10,+11.802,+0.956
3494.486,41,10,+12.103,+1.146
3497.8,41,10,+12.274,+1.232
3501.684,41,10,+12.366,+1.250
3504.534,41,10,+12.269,+1.146
3508.697,41,10,+12.566,+1.218
3514.604,41,10,+12.638,+1.220
3520.276,41,10,+12.777,+1.176
3524.557,41,10,+12.800,+1.129
3529.577,41,10,+12.950,+1.023
3533.11,41,10,+13.129,+1.081
3536.724,41,10,+13.288,+1.130
3538.799,41,10,+13.352,+1.121
3547.339,41,10,+13.710,+1.369
3552.836,41,10,+13.921,+1.428
3556.103,41,10,+13.954,+1.432
3559.479,41,10,+13.973,+1.414
3561.821,41,10,+14.110,+1.430
3564.241,41,10,+14.141,+1.423
3564.909,41,10,+14.141,+1.419
3568.421,41,10,+14.099,+1.465
3571.252,41,10,+14.039,+1.542
3573.655,41,10,+14.082,+1.476
3578.771,41,10,+14.367,+1.566
3582.195,41,10,+14.507,+1.676
3586.123,41,10,+14.633,+1.759
3588.998,41,10,+14.549,+1.679
3593.167,41,10,+14.798,+1.786
3599.2,41,10,+14.954,+1.776
3604.944,41,10,+15.007,+1.650
3609.205,41,10,+15.059,+1.612
3614.22,41,10,+15.164,+1.457
3617.733,41,10,+15.327,+1.495
3621.357,41,10,+15.497,+1.526
3623.42,41,10,+15.557,+1.509
3631.758,41,10,+15.754,+1.532
3637.254,41,10,+15.970,+1.587
3640.551,41,10,+15.997,+1.575
3643.989,41,10,+16.066,+1.596
3646.379,41,10,+16.218,+1.631
3648.801,41,10,+16.282,+1.612
3649.539,41,10,+16.290,+1.608
3653.032,41,10,+16.278,+1.655
3655.858,41,10,+16.204,+1.757
3658.202,41,10,+16.175,+1.709
3663.55,41,10,+16.549,+2.043
3667.062,41,10,+16.714,+2.198
3670.945,41,10,+16.896,+2.264
3673.818,41,10,+16.893,+2.269
3678.015,41,10,+17.126,+2.127
3684.085,41,10,+17.408,+2.143
3689.85,41,10,+17.531,+2.090
3694.121,41,10,+17.646,+1.975
3699.227,41,10,+17.918,+1.750
3702.855,41,10,+18.220,+1.827
3706.495,41,10,+18.385,+1.804
3708.558,41,10,+18.415,+1.778
3716.995,41,10,+18.749,+1.752
3722.574,41,10,+18.992,+1.787
3726.011,41,10,+19.090,+1.813
3729.449,41,10,+19.110,+1.783
3731.777,41,10,+19.192,+1.791
3734.205,41,10,+19.227,+1.787
3734.905,41,10,+19.231,+1.786
3738.437,41,10,+19.203,+1.836
3741.265,41,10,+19.158,+1.908
3743.64,41,10,+19.212,+1.875
3748.89,41,10,+19.478,+2.028
3752.296,41,10,+19.705,+2.168
3756.437,41,10,+19.954,+2.422
3759.343,41,10,+19.981,+2.455
3763.522,41,10,+20.265,+2.515
3769.612,41,10,+20.483,+2.609
3775.382,41,10,+20.645,+2.498
3779.627,41,10,+20.678,+2.423
3784.69,41,10,+20.905,+2.192
3788.253,41,10,+21.097,+2.191
3791.878,41,10,+21.240,+2.156
3793.972,41,10,+21.244,+2.115
3802.409,41,10,+21.502,+2.083
3808.037,41,10,+21.732,+2.113
3811.412,41,10,+21.832,+2.164
3814.896,41,10,+21.883,+2.103
3817.302,41,10,+22.013,+2.079
3819.756,41,10,+22.064,+2.000
3820.404,41,10,+22.070,+1.984
3823.96,41,10,+22.055,+1.941
3826.859,41,10,+22.026,+1.885
3829.244,41,10,+22.075,+1.781
3834.444,41,10,+22.253,+1.876
3837.806,41,10,+22.448,+1.939
3841.869,41,10,+22.569,+1.984
3844.65,41,10,+22.573,+1.890
3848.828,41,10,+22.796,+1.916
3854.969,41,10,+23.001,+1.995
3860.688,41,10,+23.066,+2.019
3864.969,41,10,+23.147,+2.000
3870.094,41,10,+23.289,+1.835
3873.694,41,10,+23.482,+1.903
3877.304,41,10,+23.574,+1.927
3879.413,41,10,+23.563,+1.930
3887.882,41,10,+23.826,+2.107
3893.501,41,10,+24.022,+2.183
3896.907,41,10,+24.112,+2.247
3900.391,41,10,+24.137,+2.229
3902.782,41,10,+24.271,+2.319
3905.204,41,10,+24.283,+2.344
3905.892,41,10,+24.285,+2.346
3909.438,41,10,+24.267,+2.340
3912.267,41,10,+24.234,+2.329
3914.751,41,10,+24.319,+2.327
3920.048,41,10,+24.648,+2.583
3923.529,41,10,+24.828,+2.704
3927.597,41,10,+24.952,+2.801
3930.466,41,10,+24.948,+2.719
3934.666,41,10,+25.166,+2.853
3940.79,41,10,+25.330,+2.991
3946.591,41,10,+25.447,+2.940
3950.833,41,10,+25.519,+2.885
3955.905,41,10,+25.706,+2.702
3959.53,41,10,+25.966,+2.779
3963.155,41,10,+26.130,+2.843
3965.264,41,10,+26.164,+2.856
3973.695,41,10,+26.375,+2.915
3979.305,41,10,+26.625,+2.990
3982.695,41,10,+26.694,+3.006
3986.149,41,10,+26.742,+3.004
3988.555,41,10,+26.854,+3.066
3991.008,41,10,+26.877,+3.044
3991.68,41,10,+26.880,+3.040
3995.242,41,10,+26.871,+3.029
3998.086,41,10,+26.851,+3.033
4000.493,41,10,+26.885,+2.933
4005.677,41,10,+27.100,+2.968
4009.114,41,10,+27.247,+3.022
4013.13,41,10,+27.428,+3.073
4016.021,41,10,+27.448,+2.989
4020.239,41,11,+27.448,+2.989
4020.599,41,11,+28.083,+0.286
4026.896,41,11,+28.246,+0.397
4032.705,41,11,+28.487,+0.524
4036.974,41,11,+28.598,+0.552
4042.224,41,11,+28.773,+0.666
4045.833,41,11,+29.087,+0.916
4049.49,41,11,+29.175,+0.968
4051.599,41,11,+29.200,+0.964
4060.193,41,11,+29.505,+1.207
4065.826,41,11,+29.733,+1.355
4069.309,41,11,+29.842,+1.422
4072.793,41,11,+29.896,+1.514
4075.215,41,11,+30.014,+1.608
4077.711,41,11,+30.075,+1.641
4078.398,41,11,+30.083,+1.645
4081.954,41,11,+30.063,+1.638
4084.769,41,11,+30.023,+1.623
4087.22,41,11,+30.109,+1.701
4092.498,41,11,+30.270,+1.772
4095.94,41,11,+30.435,+1.954
4100.042,41,11,+30.659,+2.181
4102.927,41,11,+30.674,+2.207
4107.138,41,11,+30.854,+2.171
4113.178,41,11,+30.963,+2.254
4119.006,41,11,+31.075,+2.300
4123.219,41,11,+31.077,+2.324
4128.297,41,11,+31.220,+2.271
4131.922,41,11,+31.392,+2.432
4135.547,41,11,+31.530,+2.477
4137.625,41,11,+31.550,+2.477
4146.134,41,11,+31.744,+2.636
4151.791,41,11,+31.969,+2.780
4155.197,41,11,+32.068,+2.803
4158.697,41,11,+32.133,+2.866
4161.103,41,11,+32.239,+2.979
4163.603,41,11,+32.264,+2.979
4164.369,41,11,+32.268,+2.296
4167.791,41,10,+32.268,+2.296
4167.839,41,10,+32.259,+3.008
4170.67,41,10,+32.240,+3.012
4173.117,41,10,+32.278,+3.015
4178.372,41,10,+32.494,+3.131
4181.872,41,10,+32.668,+3.283
4185.95,41,10,+32.890,+3.447
4188.856,41,10,+32.913,+3.476
4193.028,41,10,+33.072,+3.461
4199.122,41,10,+33.173,+3.515
4204.919,41,10,+33.235,+3.535
4209.107,41,10,+33.224,+3.468
4214.216,41,10,+33.294,+3.416
4217.763,41,10,+33.443,+3.479
4221.372,41,10,+33.569,+3.484
4223.466,41,10,+33.579,+3.490
4231.919,41,10,+28.603,+3.435
4237.613,41,10,+28.832,+3.502
4241.045,41,10,+28.926,+3.552
4244.527,41,10,+29.042,+3.640
4247.008,41,10,+29.169,+3.697
4249.412,41,10,+29.178,+3.722
4250.131,41,10,+30.629,+3.728
4253.633,41,10,+29.149,+3.728
4256.413,41,9,+29.149,+3.728
4256.494,41,9,+29.123,+3.784
4258.937,41,9,+29.168,+3.797
4264.181,41,9,+29.280,+3.800
4267.603,41,9,+29.472,+3.974
4271.619,41,9,+29.602,+4.137
4274.528,41,9,+29.533,+4.159
4278.751,41,9,+29.787,+4.089
4284.348,41,10,+29.787,+4.089
4284.942,41,10,+30.018,+0.506
4290.879,41,10,+30.256,+0.921
4295.207,41,10,+30.270,+1.063
4300.374,41,10,+30.422,+1.359
4304.006,41,10,+30.704,+1.643
4307.67,41,10,+30.824,+1.802
4309.709,41,10,+30.840,+1.766
4318.188,41,10,+31.232,+2.217
4323.761,41,10,+31.415,+2.577
4327.307,41,10,+31.545,+2.875
4330.814,41,10,+31.688,+2.981
4333.278,41,10,+31.913,+2.981
4335.8,41,10,+31.991,+2.981
4336.528,41,10,+32.000,+1.344
4340.011,41,9,+32.000,+1.344
4340.094,41,9,+32.002,+3.442
4342.992,41,9,+31.986,+3.454
4345.367,41,9,+32.032,+3.525
4350.527,41,9,+32.251,+3.901
4354.026,41,9,+32.516,+4.218
4358.089,41,9,+32.610,+4.560
4360.995,41,9,+32.579,+4.630
4365.136,41,9,+32.761,+4.884
4371.198,41,9,+32.882,+5.215
4377.026,41,9,+33.008,+5.639
4381.245,41,9,+33.023,+5.417
4386.385,41,9,+33.121,+5.339
4389.901,41,9,+33.391,+5.376
4393.542,41,9,+33.475,+5.323
4395.62,41,9,+33.450,+5.321
4404.026,41,9,+25.941,+5.222
4409.651,41,9,+26.137,+5.263
4413.104,41,9,+26.212,+5.255
4416.573,41,9,+26.198,+5.310
4418.979,41,9,+26.266,+5.404
4421.573,41,9,+26.303,+5.404
4422.198,41,9,+30.652,+5.433
4425.729,41,9,+26.273,+5.433
4428.558,41,8,+26.273,+5.433
4428.651,41,8,+26.217,+5.469
4431.042,41,8,+26.201,+5.531
4436.26,41,8,+26.331,+5.570
4439.65,41,8,+26.397,+5.716
4443.729,41,8,+26.516,+5.878
4446.63,41,8,+26.462,+5.907
4450.818,41,8,+26.627,+5.954
4456.957,41,8,+26.880,+6.065
4462.768,41,8,+26.994,+6.116
4466.983,41,9,+26.994,+6.116
4467.156,41,9,+27.154,+0.066
4472.483,41,9,+27.517,+0.362
4476.157,41,9,+27.757,+0.653
4479.89,41,9,+27.927,+0.867
4481.971,41,9,+27.934,+0.904
4490.471,41,9,+28.150,+1.327
4496.112,41,9,+28.360,+1.608
4499.549,41,9,+28.486,+1.784
4502.987,41,9,+28.529,+1.738
4505.424,41,9,+28.673,+1.923
4507.95,41,9,+28.730,+2.018
4508.636,41,9,+28.730,+2.026
4512.108,41,8,+28.730,+2.026
4512.189,41,8,+28.699,+2.007
4515.05,41,8,+28.627,+1.966
4517.494,41,8,+28.605,+2.004
4522.69,41,8,+28.791,+2.290
4526.08,41,8,+28.848,+2.410
4530.174,41,8,+28.992,+2.679
4533.066,41,8,+28.943,+2.706
4537.283,41,8,+29.108,+3.074
4543.335,41,8,+29.296,+3.278
4549.095,41,8,+29.365,+3.399
4553.309,41,8,+29.393,+3.411
4558.426,41,8,+29.336,+3.529
4562.035,41,8,+29.538,+3.799
4565.625,41,8,+29.649,+3.976
4567.708,41,8,+26.785,+4.014
4576.23,41,8,+27.116,+4.482
4581.916,41,8,+27.501,+4.879
4585.352,41,8,+27.610,+4.979
4588.789,41,8,+27.719,+5.012
4591.211,41,8,+27.903,+5.140
4593.693,41,8,+28.001,+5.221
4594.422,41,8,+28.015,+5.230
4597.95,41,8,+28.032,+5.226
4600.83,41,8,+28.035,+5.206
4603.339,41,8,+28.091,+5.257
4608.452,41,8,+28.366,+5.521
4611.84,41,8,+28.589,+5.709
4615.896,41,8,+28.862,+5.952
4618.772,41,8,+28.891,+5.968
4622.952,41,8,+29.077,+6.246
4629.034,41,8,+29.350,+6.554
4634.768,41,8,+29.579,+6.699
4639.022,41,8,+29.674,+6.756
4644.079,41,8,+29.888,+6.863
4647.657,41,8,+30.170,+7.064
4651.25,41,8,+30.371,+7.207
4653.344,41,8,+30.417,+7.254
4661.748,41,8,+30.644,+7.526
4667.372,41,8,+31.019,+7.900
4670.778,41,8,+31.205,+8.088
4674.258,41,8,+31.382,+8.220
4676.721,41,8,+31.618,+8.380
4679.196,41,8,+31.737,+8.487
4679.872,41,8,+31.756,+8.508
4683.493,41,8,+31.790,+8.562
4686.602,41,8,+31.801,+8.594
4688.773,41,8,+31.860,+8.667
4693.93,41,8,+32.071,+8.915
4697.344,41,8,+32.327,+9.089
4701.407,41,8,+32.635,+9.324
4704.313,41,8,+32.679,+9.331
4708.469,41,8,+32.898,+9.625
4714.547,41,8,+33.117,+9.886
4720.313,41,8,+33.325,+10.005
4724.536,41,8,+33.373,+10.055
4729.594,41,8,+33.451,+10.102
4733.188,41,8,+33.707,+10.289
4736.782,41,8,+33.903,+10.459
4738.846,41,8,+33.938,+10.500
4747.344,41,8,+34.232,+10.891
4752.972,41,8,+34.541,+11.184
4756.407,41,8,+34.684,+11.375
4759.813,41,8,+34.834,+11.476
4762.204,41,8,+35.030,+11.635
4764.72,41,8,+35.147,+11.738
4765.407,41,8,+35.165,+11.751
4768.954,41,8,+35.197,+11.772
4771.845,41,8,+35.206,+11.781
4774.267,41,8,+35.244,+11.819
4779.532,41,8,+35.601,+12.169
4782.939,41,8,+35.838,+12.350
4787.017,41,8,+36.047,+12.615
4789.876,41,8,+36.072,+12.647
4793.998,41,8,+36.256,+12.953
4800.111,41,8,+36.482,+13.211
4805.926,41,8,+36.683,+13.368
4810.231,41,8,+36.749,+13.439
4815.33,41,8,+36.954,+13.597
4818.894,41,8,+37.190,+13.834
4822.498,41,8,+37.365,+14.023
4824.561,41,8,+37.393,+14.072
4833.032,41,8,+37.627,+14.448
4838.654,41,8,+37.900,+14.782
4842.152,41,8,+38.064,+14.947
4845.605,41,8,+38.190,+15.051
4848.074,41,8,+38.383,+15.209
4850.527,41,8,+38.512,+15.290
4851.23,41,8,+38.532,+15.302
4854.777,41,8,+38.574,+15.332
4857.668,41,8,+38.594,+15.353
4860.125,41,8,+38.675,+15.430
4865.257,41,8,+38.946,+15.655
4868.705,41,8,+39.172,+15.778
4872.799,41,8,+39.420,+16.004
4875.733,41,8,+39.479,+16.057
4879.925,41,8,+39.685,+16.412
4885.949,41,8,+39.841,+16.643
4891.692,41,8,+39.988,+16.785
4895.974,41,8,+40.044,+16.850
4901.075,41,8,+40.211,+17.000
4904.66,41,8,+40.512,+17.246
4908.358,41,8,+40.739,+17.463
4910.405,41,8,+40.768,+17.504
4918.962,41,8,+41.011,+17.949
4924.546,41,8,+41.340,+18.317
4928.143,41,8,+41.554,+18.503
4931.658,41,8,+41.759,+18.659
4934.155,41,8,+41.988,+18.867
4936.631,41,8,+42.116,+18.959
4937.361,41,8,+42.135,+18.969
4940.904,41,8,+42.182,+18.984
4943.622,41,9,+42.182,+18.984
4943.794,41,9,+42.212,+0.089
4946.59,41,9,+42.660,+0.525
4952.113,41,9,+43.110,+0.978
4955.607,41,9,+43.440,+1.309
4959.712,41,9,+43.728,+1.630
4962.669,41,9,+43.777,+1.691
4966.956,41,9,+44.057,+1.792
4972.999,41,9,+44.296,+2.051
4978.86,41,9,+44.561,+2.212
4983.123,41,9,+44.659,+2.283
4988.274,41,9,+44.917,+2.448
4991.936,41,9,+45.233,+2.714
4995.655,41,9,+45.489,+2.876
4997.675,41,9,+45.498,+2.858
5006.24,41,9,+45.754,+3.163
5011.903,41,9,+46.077,+3.473
5015.396,41,9,+46.258,+3.664
5018.873,41,9,+46.422,+3.813
5021.347,41,9,+46.635,+4.013
5023.856,41,9,+46.774,+4.137
5024.543,41,9,+46.796,+4.152
5028.12,41,9,+46.847,+4.172
5030.975,41,9,+46.874,+4.163
5033.415,41,9,+46.921,+4.181
5038.623,41,9,+47.230,+4.510
5042.083,41,9,+47.525,+4.795
5046.209,41,9,+47.839,+5.150
5049.144,41,9,+47.906,+5.223
5053.379,41,9,+48.130,+5.428
5059.475,41,9,+48.373,+5.787
5065.341,41,9,+48.441,+5.967
5069.575,41,9,+48.413,+6.037
5074.662,41,9,+48.547,+6.143
5078.361,41,9,+48.899,+6.439
5082.035,41,9,+49.143,+6.542
5084.082,41,9,+49.166,+6.534
5092.475,41,9,+49.265,+6.728
5098.133,41,9,+49.585,+7.007
5101.61,41,9,+49.753,+7.110
5105.371,41,9,+50.198,+7.530
5113.823,41,10,+50.198,+7.530
5114.476,41,11,+50.198,+7.530
5119.11,41,12,+50.198,+7.530
5121.189,41,13,+50.198,+7.530
5130.601,41,14,+50.198,+7.530
5133.773,41,15,+50.198,+7.530
5137.176,41,16,+50.198,+7.530
5139.942,41,16,+73.102,+2.681
5143.05,41,16,+73.827,+3.448
5148.8,41,16,+74.566,+4.049
5152.276,41,16,+74.814,+4.213
5156.239,41,16,+74.988,+4.233
5159.113,41,16,+75.017,+4.221
5163.276,41,16,+75.197,+4.202
5169.151,41,16,+75.130,+4.032
5174.794,41,16,+75.037,+3.885
5178.927,41,16,+74.957,+3.823
5183.901,41,16,+74.906,+3.526
5187.455,41,16,+75.034,+3.541
5190.997,41,16,+75.117,+3.541
5193.013,41,16,+75.110,+3.525
5201.333,41,16,+75.064,+3.349
5206.807,41,16,+74.993,+3.201
5210.001,41,16,+74.950,+3.129
5213.503,41,16,+75.092,+3.164
5215.925,41,16,+75.223,+3.216
5218.331,41,16,+75.264,+3.188
5219.019,41,16,+75.272,+3.188
5222.548,41,16,+75.283,+3.284
5225.381,41,16,+75.289,+3.542
5227.74,41,16,+75.302,+3.493
5232.836,41,16,+75.383,+3.067
5236.174,41,16,+75.586,+2.990
5240.078,41,16,+75.692,+2.761
5242.896,41,16,+75.684,+2.605
5246.949,41,16,+75.679,+2.271
5252.739,41,16,+75.616,+2.091
5258.368,41,16,+75.590,+1.853
5262.601,41,16,+75.537,+1.750
5267.581,41,16,+75.574,+1.537
5271.097,41,16,+75.763,+1.557
5274.638,41,16,+75.882,+1.399
5276.675,41,16,+75.905,+1.398
5284.993,41,16,+75.832,+1.233
5290.38,41,16,+75.861,+1.121
5293.678,41,16,+75.845,+1.020
5297.035,41,16,+75.858,+0.823
5299.338,41,16,+75.943,+0.794
5301.764,41,16,+75.917,+0.712
5302.457,41,16,+75.911,+0.691
5305.935,41,16,+75.886,+0.612
5308.751,41,16,+75.860,+0.552
5311.157,41,16,+75.910,+0.619
5316.245,41,16,+76.002,+0.507
5319.531,41,16,+76.130,+0.508
5323.358,41,16,+76.072,+0.342
5326.189,41,16,+76.065,+0.240
5330.535,41,16,+76.317,+0.369
5336.454,41,16,+76.315,+0.341
5342.336,41,16,+76.502,+0.354
5346.571,41,16,+76.545,+0.353
5351.735,41,16,+76.610,+0.278
5355.378,41,16,+76.939,+0.424
5358.903,41,16,+76.980,+0.366
5360.862,41,16,+76.967,+0.319
5369.426,41,16,+77.144,+0.328
5374.958,41,16,+77.289,+0.300
5378.266,41,16,+77.320,+0.273
5381.739,41,16,+77.481,+0.230
5384.18,41,16,+77.681,+0.286
5386.648,41,16,+77.760,+0.255
5387.365,41,16,+77.760,+0.234
5390.992,41,16,+77.643,+0.058
5393.422,41,15,+77.643,+0.058
5393.517,41,15,+77.584,+3.006
5395.974,41,15,+77.677,+3.052
5401.064,41,15,+77.877,+3.085
5404.482,41,15,+78.047,+3.104
5408.379,41,15,+78.134,+3.020
5411.21,41,15,+78.137,+2.968
5415.271,41,15,+78.175,+2.865
5421.152,41,15,+78.170,+2.766
5426.767,41,15,+78.054,+2.620
5430.972,41,15,+78.038,+2.595
5435.968,41,15,+78.034,+2.389
5439.491,41,15,+78.214,+2.388
5443.049,41,15,+78.305,+2.326
5445.065,41,15,+78.315,+2.306
5453.404,41,15,+78.253,+2.250
5458.78,41,15,+78.288,+2.138
5462.077,41,15,+78.266,+2.074
5465.43,41,15,+78.294,+2.017
5467.784,41,15,+78.392,+1.986
5470.222,41,15,+78.433,+1.920
5470.956,41,15,+78.438,+1.906
5474.438,41,15,+78.436,+1.871
5477.267,41,15,+78.424,+1.865
5479.68,41,15,+78.425,+1.862
5484.746,41,15,+78.465,+1.864
5488.078,41,15,+78.623,+1.846
5491.967,41,15,+78.662,+1.768
5494.781,41,15,+78.635,+1.727
5498.859,41,15,+78.691,+1.755
5504.771,41,15,+78.709,+1.687
5510.396,41,15,+78.658,+1.497
5514.567,41,15,+78.609,+1.445
5519.532,41,15,+78.518,+1.248
5523.063,41,15,+78.730,+1.296
5526.594,41,15,+78.748,+1.209
5528.649,41,15,+78.723,+1.190
5536.929,41,15,+78.655,+1.087
5542.381,41,15,+78.697,+1.029
5545.707,41,15,+78.721,+1.056
5549.141,41,15,+78.817,+1.049
5551.512,41,15,+78.946,+1.080
5553.931,41,15,+78.997,+1.031
5554.618,41,15,+79.001,+1.019
5558.13,41,15,+78.993,+0.982
5560.949,41,15,+78.978,+0.970
5563.309,41,15,+79.011,+0.978
5568.381,41,15,+79.041,+0.944
5571.69,41,15,+79.131,+1.013
5575.512,41,15,+79.141,+0.843
5578.316,41,15,+79.118,+0.765
5582.493,41,15,+79.206,+0.848
5588.444,41,15,+79.161,+0.771
5594.119,41,15,+79.104,+0.578
5598.282,41,15,+79.058,+0.517
5603.429,41,15,+79.245,+0.371
5607.085,41,15,+79.488,+0.422
5610.561,41,15,+79.563,+0.343
5612.613,41,15,+79.536,+0.314
5621.034,41,15,+79.637,+0.294
5626.514,41,15,+79.721,+0.261
5630.069,41,15,+79.948,+0.258
5633.608,41,15,+80.171,+0.403
5635.995,41,15,+80.311,+0.437
5638.435,41,15,+80.326,+0.351
5639.099,41,15,+80.316,+0.330
5642.489,41,15,+80.165,+0.245
5645.169,41,15,+79.999,+0.236
5647.613,41,15,+79.991,+0.207
5653.014,41,15,+80.535,+0.237
5656.413,41,15,+80.722,+0.170
5660.483,41,15,+81.024,+0.124
5663.369,41,15,+81.065,+0.080
5667.786,41,15,+81.401,+0.246
5673.658,41,15,+81.409,+0.216
5679.549,41,15,+81.668,+0.204
5683.893,41,15,+81.821,+0.298
5689.116,41,15,+82.051,+0.345
5692.836,41,15,+82.383,+0.509
5696.445,41,15,+82.504,+0.497
5698.461,41,15,+82.499,+0.447
5707.002,41,15,+82.589,+0.485
5712.784,41,15,+82.831,+0.661
5717.409,41,15,1 L,+1.952
5721.655,41,15,1 L,+2.721
5724.299,41,15,1 L,+2.972
5726.83,41,15,1 L,+2.960
5727.502,41,15,1 L,+2.950
5730.846,41,14,1 L,+2.950
5730.924,41,14,1 L,+2.895
5733.627,41,14,1 L,+2.878
5736.065,41,14,1 L,+2.914
5741.28,41,14,1 L,+2.942
5744.603,41,14,1 L,+2.915
5748.462,41,14,1 L,+2.761
5751.326,41,14,1 L,+2.694
5755.493,41,14,1 L,+2.688
5761.426,41,14,1 L,+1.108
5767.2,41,14,1 L,+0.867
5771.356,41,14,1 L,+0.757
5776.431,41,14,1 L,+0.492
5780.026,41,14,1 L,+0.494
5783.571,41,14,1 L,+0.417
5785.571,41,14,1 L,+0.343
5794.042,41,14,1 L,+0.286
5799.584,41,14,1 L,+0.341
5802.925,41,14,1 L,+0.377
5806.474,41,14,1 L,+0.412
5808.862,41,14,1 L,+0.418
5811.337,41,14,1 L,+0.417
5812.025,41,13,1 L,+0.417
5812.025,41,13,1 L,+0.407
5815.443,41,13,1 L,+0.267
5818.055,41,13,1 L,+0.101
5820.382,41,13,1 L,+0.025
5825.615,41,12,1 L,+0.025
5825.684,41,12,1 L,+16.972
5829.072,41,12,1 L,+16.947
5832.991,41,12,1 L,+16.936
5835.866,41,12,1 L,+16.902
5839.929,41,12,1 L,+16.879
5845.898,41,12,1 L,+16.897
5851.585,41,12,1 L,+16.755
5855.788,41,12,1 L,+16.665
5861.07,41,12,1 L,+16.782
5864.648,41,12,1 L,+16.822
5868.226,41,12,1 L,+16.802
5870.226,41,12,1 L,+16.725
5878.507,41,12,1 L,+16.650
5883.976,41,12,1 L,+16.706
5887.414,41,12,1 L,+16.748
5890.82,41,12,1 L,+16.806
5893.195,41,12,1 L,+16.820
5895.679,41,12,1 L,+16.821
5896.367,41,12,1 L,+16.823
5900.086,41,12,1 L,+17.023
5903.258,41,12,1 L,+17.415
5905.993,41,12,1 L,+17.721
5911.32,41,12,1 L,+17.955
5914.782,41,12,1 L,+18.050
5918.814,41,12,1 L,+18.119
5921.688,41,12,1 L,+18.104
5925.846,41,12,1 L,+18.184
5931.952,41,12,1 L,+18.299
5937.773,41,12,1 L,+18.290
5941.976,41,12,1 L,+18.268
5947.148,41,12,1 L,+18.179
5950.679,41,12,1 L,+18.213
5954.242,41,12,1 L,+18.203
5956.226,41,12,1 L,+18.137
5964.523,41,12,1 L,+18.045
5970.039,41,12,1 L,+18.016
5973.386,41,12,1 L,+18.039
5976.829,41,12,1 L,+18.101
5979.213,41,12,1 L,+18.122
5981.633,41,12,1 L,+18.050
5982.351,41,12,1 L,+18.038
5985.852,41,12,1 L,+18.111
5988.783,41,12,1 L,+18.355
5991.28,41,12,1 L,+18.481
5996.374,41,12,1 L,+18.758
5999.718,41,12,1 L,+18.490
6003.717,41,12,1 L,+18.285
6006.58,41,12,1 L,+18.152
6010.659,41,12,1 L,+17.951
6016.596,41,12,1 L,+17.735
6022.381,41,12,1 L,+17.557
6026.545,41,12,1 L,+17.362
6031.581,41,12,1 L,+17.153
6035.074,41,12,1 L,+17.135
6038.621,41,12,1 L,+17.044
6040.605,41,12,1 L,+16.975
6048.824,41,12,1 L,+16.714
6054.344,41,12,1 L,+16.666
6057.687,41,12,1 L,+16.673
6061.09,41,12,1 L,+16.726
6063.435,41,12,1 L,+16.730
6065.901,41,12,1 L,+16.681
6066.588,41,12,1 L,+16.670
6070.104,41,12,1 L,+16.672
6073.057,41,12,1 L,+16.822
6076.276,41,12,1 L,+17.630
6081.651,41,12,1 L,+17.852
6085.104,41,12,1 L,+17.939
6089.261,41,12,1 L,+18.079
6092.168,41,12,1 L,+18.072
6096.317,41,12,1 L,+18.031
6102.247,41,12,1 L,+17.976
6108.05,41,12,1 L,+17.816
6112.25,41,12,1 L,+17.718
6117.287,41,12,1 L,+17.586
6120.811,41,12,1 L,+17.629
6124.353,41,12,1 L,+17.596
6126.363,41,12,1 L,+17.552
6134.65,41,12,1 L,+17.506
6140.187,41,12,1 L,+17.440
6143.569,41,12,1 L,+17.509
6146.951,41,12,1 L,+17.455
6152.413,41,12,1 L,+13.854
6155.866,41,11,1 L,+13.854
6155.944,41,11,1 L,+18.598
6158.772,41,11,1 L,+18.734
6161.225,41,11,1 L,+18.827
6166.358,41,11,1 L,+18.708
6169.673,41,11,1 L,+18.727
6173.647,41,11,1 L,+18.614
6176.513,41,11,1 L,+18.568
6180.591,41,11,1 L,+18.509
6186.578,41,11,1 L,+18.441
6192.31,41,11,1 L,+18.235
6196.466,41,11,1 L,+18.079
6201.485,41,11,1 L,+17.877
6204.974,41,11,1 L,+17.898
6208.507,41,11,1 L,+17.821
6210.535,41,11,1 L,+17.829
6218.909,41,11,1 L,+17.845
6224.438,41,11,1 L,+18.357
6227.788,41,11,1 L,+18.322
6231.191,41,11,1 L,+18.140
6236.677,41,11,1 L,+14.381
6240.127,41,10,1 L,+14.381
6240.214,41,10,1 L,+17.761
6243.065,41,10,1 L,+17.882
6245.546,41,10,1 L,+18.059
6250.624,41,10,1 L,+17.924
6253.883,41,10,1 L,+17.876
6257.789,41,10,1 L,+17.862
6260.633,41,10,1 L,+17.795
6264.685,41,10,1 L,+17.904
6270.602,41,10,1 L,+17.834
6276.347,41,10,1 L,+17.774
6280.436,41,10,1 L,+17.669
6285.414,41,10,1 L,+17.422
6288.951,41,10,1 L,+17.507
6292.482,41,10,1 L,+17.430
6294.514,41,10,1 L,+17.387
6302.857,41,10,1 L,+17.435
6308.279,41,10,1 L,+17.338
6311.639,41,10,1 L,+17.289
6315.029,41,10,1 L,+17.278
6317.373,41,10,1 L,+17.320
6319.842,41,10,1 L,+17.255
6320.529,41,10,1 L,+17.241
6324.045,41,10,1 L,+17.221
6326.953,41,10,1 L,+17.229
6329.389,41,10,1 L,+17.266
6334.42,41,10,1 L,+17.225
6337.748,41,10,1 L,+17.232
6341.67,41,10,1 L,+17.108
6344.489,41,10,1 L,+17.035
6348.5,41,10,1 L,+17.027
6354.394,41,10,1 L,+16.886
6360.123,41,10,1 L,+16.771
6364.249,41,10,1 L,+16.658
6369.246,41,10,1 L,+16.516
6372.73,41,10,1 L,+16.618
6376.246,41,10,1 L,+16.472
6378.309,41,10,1 L,+16.441
6386.59,41,10,1 L,+16.213
6391.968,41,10,1 L,+16.004
6395.296,41,10,1 L,+15.896
6398.811,41,10,1 L,+15.990
6411.378,41,11,1 L,+15.990
6415.953,41,12,1 L,+15.990
6419.228,41,13,1 L,+15.990
6427.149,41,14,1 L,+15.990
6434.531,41,14,1 L,+4.477
6437.531,41,14,1 L,+5.084
6443.125,41,14,1 L,+5.617
6446.36,41,14,1 L,+5.462
6450.125,41,14,1 L,+5.292
6452.953,41,14,1 L,+5.226
6456.938,41,14,1 L,+5.063
6462.813,41,14,1 L,+4.978
6468.36,41,14,1 L,+4.756
6472.5,41,14,1 L,+4.629
6477.391,41,14,1 L,+4.413
6480.86,41,14,1 L,+4.446
6484.344,41,14,1 L,+4.309
6486.329,41,14,1 L,+4.215
6494.521,41,14,1 L,+4.198
6499.777,41,14,1 L,+4.064
6503.034,41,14,1 L,+4.126
6506.46,41,14,1 L,+4.159
6508.791,41,14,1 L,+4.148
6511.197,41,14,1 L,+4.073
6511.869,41,14,1 L,+4.059
6515.388,41,14,1 L,+4.030
6518.247,41,14,1 L,+4.018
6520.638,41,14,1 L,+3.987
6525.547,41,14,1 L,+3.846
6528.797,41,14,1 L,+3.812
6532.656,41,14,1 L,+3.704
6535.453,41,14,1 L,+3.645
6539.469,41,14,1 L,+3.562
6545.248,41,14,1 L,+3.472
6550.828,41,14,1 L,+3.401
6554.986,41,14,1 L,+3.346
6562.01,41,14,1 L,+5.270
6567.322,41,14,1 L,+5.959
6572.078,41,14,1 L,+3.457
6574.625,41,14,1 L,+2.949
6583.891,41,14,1 L,+3.328
6589.754,41,14,1 L,+3.680
6594.673,41,14,1 L,+4.582
6599.248,41,14,1 L,+4.180
6602.099,41,14,1 L,+3.881
6605.316,41,14,1 L,+3.631
6606.322,41,14,1 L,+3.559
6611.222,41,13,1 L,+3.559
6611.291,41,13,1 L,+3.493
6615.101,41,13,1 L,+3.781
6618.794,41,13,1 L,+4.297
6624.378,41,13,1 L,+4.211
6628.935,41,13,1 L,+4.392
6633.992,41,13,1 L,+4.537
6637.618,41,13,1 L,+4.029
6642.462,41,13,1 L,+3.860
6650.106,41,13,1 L,+3.371
6656.879,41,13,1 L,+3.921
6663.051,41,13,1 L,+3.755
6668.948,41,13,1 L,+3.619
6674.586,41,13,1 L,+4.628
6679.571,41,13,1 L,+3.502
6682.087,41,13,1 L,+3.274
6691.313,41,13,1 L,+3.852
6697.255,41,13,1 L,+3.923
6702.251,41,13,1 L,+4.381
6706.351,41,13,1 L,+4.200
6708.792,41,13,+156.238,+4.006
6711.222,41,13,+156.272,+3.802
6711.888,41,13,1 L,+3.769
6715.451,41,13,+156.102,+3.694
6718.316,41,13,1 L,+3.663
6720.827,41,13,1 L,+3.788
6725.858,41,13,1 L,+3.635
6729.133,41,13,1 L,+3.576
6733.254,41,13,1 L,+3.686
6736.292,41,13,1 L,+3.837
6740.499,41,13,1 L,+3.960
6747.077,41,13,1 L,+4.714
6752.905,41,13,1 L,+4.820
6757.124,41,13,1 L,+4.848
6762.202,41,13,1 L,+4.797
6765.718,41,13,1 L,+4.841
6769.218,41,13,1 L,+4.770
6771.218,41,13,1 L,+4.697
6779.531,41,13,1 L,+4.891
6784.843,41,13,1 L,+4.865
6788.099,41,13,1 L,+4.907
6791.493,41,13,1 L,+4.942
6793.809,41,13,1 L,+4.971
6796.198,41,13,1 L,+4.886
6796.863,41,13,1 L,+4.869
6800.381,41,13,1 L,+4.807
6803.213,41,13,1 L,+4.766
6805.635,41,13,1 L,+4.842
6810.619,41,13,1 L,+4.707
6813.838,41,13,1 L,+4.542
6817.662,41,13,1 L,+4.160
6820.534,41,13,1 L,+3.975
6824.503,41,13,1 L,+3.728
6830.288,41,13,1 L,+3.535
6835.973,41,13,1 L,+3.429
6840.135,41,13,1 L,+2.520
6845.118,41,13,1 L,+2.280
6848.588,41,13,1 L,+2.181
6852.076,41,13,1 L,+2.133
6862.271,41,13,1 L,+2.210
6867.615,41,13,1 L,+2.143
6870.818,41,13,1 L,+2.085
6874.162,41,13,1 L,+2.044
6876.475,41,13,1 L,+1.988
6878.897,41,13,1 L,+1.893
6879.568,41,13,1 L,+1.876
6883.053,41,13,1 L,+1.838
6885.85,41,13,1 L,+1.821
6888.272,41,13,1 L,+1.840
6893.225,41,13,1 L,+1.678
6896.475,41,13,1 L,+1.643
6900.35,41,13,1 L,+1.546
6903.147,41,13,1 L,+1.489
6907.147,41,13,1 L,+1.453
6913.059,41,13,1 L,+1.525
6918.718,41,13,1 L,+1.483
6922.851,41,13,1 L,+1.411
6928.429,41,13,1 L,+1.939
6932.632,41,13,1 L,+2.728
6936.21,41,13,1 L,+2.685
6938.195,41,13,1 L,+2.593
6946.523,41,13,1 L,+2.786
6951.851,41,13,1 L,+2.763
6958.373,41,13,1 L,+2.674
6960.654,41,13,1 L,+2.611
6963.008,41,13,1 L,+2.537
6963.679,41,13,1 L,+2.524
6967.168,41,13,1 L,+2.472
6970.005,41,13,1 L,+2.431
6972.394,41,13,1 L,+2.474
6977.294,41,13,1 L,+2.278
6980.557,41,13,1 L,+2.152
6984.346,41,13,1 L,+1.627
6987.152,41,13,1 L,+1.374
6991.152,41,13,1 L,+1.086
6996.97,41,13,1 L,+1.027
7002.661,41,13,1 L,+0.883
7006.801,41,13,1 L,+0.782
7011.861,41,13,1 L,+0.714
7015.335,41,13,1 L,+0.731
7018.791,41,13,1 L,+0.621
7020.783,41,13,1 L,+0.547
7029.033,41,13,1 L,+0.630
7034.392,41,13,1 L,+0.589
7037.689,41,13,1 L,+0.568
7040.986,41,13,1 L,+0.537
7043.299,41,13,1 L,+0.535
7045.658,41,13,1 L,+0.485
7046.353,41,13,1 L,+0.469
7049.737,41,13,1 L,+0.314
7052.438,41,13,1 L,+0.140
7054.652,41,13,1 L,+0.027
7059.664,41,12,1 L,+0.027
7059.742,41,12,1 L,+16.764
7063.102,41,12,1 L,+16.728
7066.882,41,12,1 L,+16.674
7069.635,41,12,1 L,+16.659
7073.558,41,12,1 L,+16.612
7079.413,41,12,1 L,+16.566
7084.986,41,12,1 L,+16.539
7089.096,41,12,1 L,+16.519
7094.001,41,12,1 L,+16.430
7097.376,41,12,1 L,+16.458
7100.845,41,12,1 L,+16.445
7102.877,41,12,1 L,+16.432
7111.064,41,12,1 L,+16.468
7119.689,41,12,1 L,+16.446
7122.955,41,12,1 L,+16.407
7125.22,41,12,1 L,+16.345
7127.611,41,12,1 L,+16.315
7128.299,41,12,1 L,+16.309
7131.78,41,12,1 L,+16.295
7134.624,41,12,1 L,+16.294
7136.968,41,12,1 L,+16.315
7141.999,41,12,1 L,+16.282
7145.187,41,12,1 L,+16.157
7148.935,41,12,1 L,+16.113
7151.738,41,12,1 L,+16.101
7155.696,41,12,1 L,+16.038
7161.468,41,12,1 L,+16.015
7167.142,41,12,1 L,+15.994
7171.298,41,12,1 L,+16.017
7176.177,41,12,1 L,+15.898
7179.581,41,12,1 L,+15.897
7183.049,41,12,1 L,+15.885
7185.097,41,12,1 L,+15.878
7193.299,41,12,1 L,+15.916
7198.675,41,12,1 L,+15.878
7201.909,41,12,1 L,+15.876
7205.175,41,12,1 L,+15.888
7207.487,41,12,1 L,+15.879
7209.925,41,12,1 L,+15.899
7210.581,41,12,1 L,+15.900
7214.081,41,12,1 L,+15.903
7216.94,41,12,1 L,+15.908
7219.346,41,12,1 L,+15.916
7224.253,41,12,1 L,+15.903
7227.581,41,12,1 L,+15.895
7231.327,41,12,1 L,+15.891
7234.137,41,12,1 L,+15.893
7238.102,41,12,1 L,+15.792
7243.915,41,12,1 L,+15.731
7249.571,41,12,1 L,+15.679
7253.681,41,12,1 L,+15.643
7258.634,41,12,1 L,+15.546
7262.102,41,12,1 L,+15.585
7265.571,41,12,1 L,+15.573
7267.618,41,12,1 L,+14.871
7275.877,41,12,1 L,+14.280
7281.191,41,12,1 L,+14.041
7284.399,41,12,1 L,+13.188
7287.746,41,12,1 L,+13.032
7290.012,41,12,1 L,+12.989
7292.418,41,12,1 L,+13.004
7293.09,41,12,1 L,+13.011
7296.606,41,12,1 L,+13.137
7299.465,41,12,1 L,+13.272
7301.856,41,12,1 L,+13.219
7306.903,41,12,1 L,+13.094
7310.078,41,12,1 L,+12.993
7313.832,41,12,1 L,+12.904
7316.644,41,12,1 L,+12.895
7320.644,41,12,1 L,+12.803
7326.441,41,12,1 L,+12.731
7332.051,41,12,1 L,+12.644
7336.209,41,12,1 L,+12.683
7341.113,41,12,1 L,+12.506
7344.551,41,12,1 L,+12.494
7347.988,41,12,1 L,+12.441
7350.019,41,12,1 L,+12.448
7358.213,41,12,1 L,+12.423
7363.603,41,12,1 L,+12.444
7366.963,41,12,1 L,+12.451
7370.197,41,12,1 L,+12.390
7372.463,41,12,1 L,+12.316
7374.869,41,12,1 L,+12.290
7375.51,41,12,1 L,+12.286
7379.056,41,12,1 L,+12.295
7381.916,41,12,1 L,+12.310
7384.244,41,12,1 L,+12.305
7389.276,41,12,1 L,+12.256
7392.545,41,12,1 L,+12.184
7396.346,41,12,1 L,+12.174
7399.155,41,12,1 L,+12.168
7403.132,41,12,1 L,+12.003
7409.016,41,12,1 L,+11.993
7414.721,41,12,1 L,+11.944
7418.918,41,12,1 L,+11.999
7423.844,41,12,1 L,+11.673
7427.329,41,12,1 L,+11.699
7430.818,41,12,1 L,+11.724
7432.897,41,12,1 L,+11.754
7441.155,41,12,1 L,+11.780
7446.56,41,12,1 L,+11.828
7449.842,41,12,1 L,+11.876
7453.146,41,12,1 L,+11.864
7455.462,41,12,1 L,+11.868
7457.884,41,12,1 L,+11.860
7458.556,41,12,1 L,+11.861
7462.07,41,12,1 L,+11.883
7464.936,41,12,1 L,+11.910
7467.417,41,12,1 L,+11.954
7472.393,41,12,1 L,+12.005
7475.742,41,12,1 L,+11.977
7479.528,41,12,1 L,+11.920
7482.346,41,12,1 L,+11.909
7486.271,41,12,1 L,+11.780
7492.122,41,12,1 L,+11.737
7497.876,41,12,1 L,+11.709
7501.986,41,12,1 L,+11.724
7507.038,41,12,1 L,+11.628
7510.402,41,12,1 L,+11.583
7513.922,41,12,1 L,+11.576
7516.028,41,12,1 L,+11.610
7524.235,41,12,1 L,+11.542
7529.679,41,12,1 L,+11.534
7532.96,41,12,1 L,+11.588
7536.303,41,12,1 L,+11.577
7538.568,41,12,1 L,+11.506
7540.93,41,12,1 L,+11.473
7541.617,41,12,1 L,+11.474
7545.137,41,12,1 L,+11.513
7547.984,41,12,1 L,+11.563
7550.418,41,12,1 L,+11.575
7555.361,41,12,1 L,+11.474
7558.604,41,12,1 L,+11.343
7562.478,41,12,1 L,+11.326
7565.298,41,12,1 L,+11.343
7569.33,41,12,1 L,+11.075
7575.252,41,12,1 L,+11.001
7580.955,41,12,1 L,+10.957
7585.117,41,12,1 L,+10.977
7590.049,41,12,1 L,+10.874
7593.476,41,12,1 L,+10.891
7596.954,41,12,1 L,+10.886
7598.986,41,12,1 L,+10.893
7607.251,41,12,1 L,+10.849
7612.723,41,12,1 L,+10.755
7616.008,41,12,1 L,+9.584
7619.336,41,12,1 L,+9.406
7621.602,41,12,1 L,+9.359
7624.04,41,12,1 L,+9.351
7624.727,41,12,1 L,+9.353
7628.227,41,12,1 L,+9.447
7631.134,41,12,1 L,+9.564
7633.508,41,12,1 L,+9.506
7638.446,41,12,1 L,+9.314
7641.774,41,12,1 L,+9.217
7645.602,41,12,1 L,+9.188
7648.436,41,12,1 L,+9.197
7652.437,41,12,1 L,+8.959
7658.327,41,12,1 L,+9.012
7663.984,41,12,1 L,+8.932
7668.124,41,12,1 L,+8.901
7673.076,41,12,1 L,+8.742
7676.515,41,12,1 L,+8.729
7679.978,41,12,1 L,+8.709
7682.085,41,12,1 L,+8.728
7690.299,41,12,1 L,+8.680
7695.746,41,12,1 L,+8.694
7699.027,41,12,1 L,+8.714
7702.338,41,12,1 L,+8.690
7704.618,41,12,1 L,+8.685
7707.055,41,12,1 L,+8.657
7707.712,41,12,1 L,+8.654
7711.212,41,12,1 L,+8.656
7714.071,41,12,1 L,+8.665
7716.415,41,12,1 L,+8.677
7721.462,41,12,1 L,+8.628
7724.727,41,12,1 L,+8.592
7728.571,41,12,1 L,+8.551
7731.399,41,12,1 L,+8.531
7735.352,41,12,1 L,+8.352
7741.231,41,12,1 L,+8.328
7746.919,41,12,1 L,+8.305
7751.028,41,12,1 L,+8.285
7756.028,41,12,1 L,+8.196
7759.45,41,12,1 L,+8.166
7763.012,41,12,1 L,+8.164
7764.997,41,12,1 L,+8.176
7773.247,41,12,1 L,+8.168
7778.622,41,12,1 L,+8.104
7781.9,41,12,1 L,+8.172
7785.238,41,12,1 L,+8.152
7787.547,41,12,1 L,+8.151
7789.959,41,12,1 L,+8.150
7790.63,41,12,1 L,+8.148
7794.145,41,12,1 L,+8.156
7797.005,41,12,1 L,+8.171
7799.349,41,12,1 L,+8.181
7804.427,41,12,1 L,+8.163
7807.646,41,12,1 L,+8.124
7811.583,41,12,1 L,+8.203
7814.427,41,12,1 L,+8.228
7818.396,41,12,1 L,+8.062
7824.269,41,12,1 L,+8.020
7829.941,41,12,1 L,+7.945
7834.066,41,12,1 L,+7.894
7839.144,41,12,1 L,+7.791
7842.504,41,12,1 L,+7.744
7846.069,41,12,1 L,+7.750
7848.09,41,12,1 L,+7.742
7856.369,41,12,1 L,+7.760
7861.829,41,12,1 L,+7.781
7865.082,41,12,1 L,+7.802
7868.387,41,12,1 L,+7.798
7870.725,41,12,1 L,+7.744
7873.132,41,12,1 L,+7.690
7873.851,41,12,1 L,+7.678
7877.304,41,12,1 L,+7.659
7880.148,41,12,1 L,+7.657
7882.492,41,12,1 L,+7.671
7887.601,41,12,1 L,+7.582
7890.914,41,12,1 L,+7.450
7894.808,41,12,1 L,+7.453
7901.517,41,12,1 L,+7.345
7907.532,41,12,1 L,+7.340
7913.267,41,12,1 L,+7.321
7917.418,41,12,1 L,+7.277
7922.431,41,12,1 L,+7.186
7925.885,41,12,1 L,+7.232
7929.464,41,12,1 L,+7.228
7931.503,41,12,1 L,+7.233
7939.925,41,12,1 L,+7.259
7945.488,41,12,1 L,+7.313
7948.816,41,12,1 L,+7.321
7952.191,41,12,1 L,+7.389
7954.566,41,12,1 L,+7.385
7957.035,41,12,1 L,+7.357
7957.738,41,12,1 L,+7.349
7961.222,41,12,1 L,+7.313
7964.051,41,12,1 L,+7.287
7966.597,41,12,1 L,+7.396
7971.847,41,12,1 L,+7.602
7975.191,41,12,1 L,+7.621
7979.051,41,12,1 L,+7.587
7981.894,41,12,1 L,+7.586
7985.879,41,12,1 L,+7.397
7991.763,41,12,1 L,+7.384
7997.587,41,12,1 L,+7.373
8001.672,41,12,1 L,+7.333
8006.696,41,12,1 L,+7.309
8010.196,41,12,1 L,+7.367
8015.743,41,12,1 L,+7.345
8024.165,41,12,1 L,+7.364
8029.501,41,12,1 L,+7.325
8032.812,41,12,1 L,+7.334
8036.187,41,12,1 L,+7.386
8038.515,41,12,1 L,+7.354
8040.952,41,12,1 L,+7.313
8041.593,41,12,1 L,+7.306
8045.124,41,12,1 L,+7.304
8047.967,41,12,1 L,+7.321
8050.424,41,12,1 L,+7.338
8055.434,41,12,1 L,+7.317
8058.731,41,12,1 L,+7.305
8062.637,41,12,1 L,+7.342
8065.45,41,12,1 L,+7.356
8069.497,41,12,1 L,+7.270
8075.388,41,12,1 L,+7.313
8081.106,41,12,1 L,+7.306
8085.216,41,12,1 L,+7.335
8090.295,41,12,1 L,+7.202
8093.669,41,12,1 L,+7.200
8097.185,41,12,1 L,+7.152
8099.169,41,12,1 L,+7.138
8107.591,41,12,1 L,+7.261
8112.997,41,12,1 L,+7.275
8116.388,41,12,1 L,+7.289
8119.747,41,12,1 L,+7.318
8122.075,41,12,1 L,+7.275
8124.522,41,12,1 L,+7.257
8125.329,41,12,1 L,+7.255
8128.728,41,12,1 L,+7.259
8131.603,41,12,1 L,+7.271
8133.994,41,12,1 L,+7.261
8142.369,41,12,1 L,+7.306
8146.259,41,12,1 L,+7.350
8149.041,41,12,1 L,+7.364
8153.056,41,12,1 L,+7.292
8158.963,41,12,1 L,+7.263
8164.666,41,12,1 L,+7.219
8168.775,41,12,1 L,+7.192
8173.794,41,12,1 L,+7.157
8177.31,41,12,1 L,+7.211
8180.727,41,12,1 L,+7.183
8182.76,41,12,1 L,+7.191
8191.072,41,12,1 L,+7.190
8196.541,41,12,1 L,+7.226
8199.9,41,12,1 L,+7.210
8203.276,41,12,1 L,+7.212
8205.619,41,12,1 L,+7.230
8208.081,41,12,1 L,+7.226
8208.737,41,12,1 L,+7.224
8212.306,41,12,1 L,+7.232
8215.143,41,12,1 L,+7.243
8217.519,41,12,1 L,+7.263
8222.662,41,12,1 L,+7.298
8225.966,41,12,1 L,+7.264
8229.864,41,12,1 L,+7.276
8232.69,41,12,1 L,+7.281
8236.703,41,12,1 L,+7.195
8242.569,41,12,1 L,+7.229
8248.351,41,12,1 L,+7.267
8252.46,41,12,1 L,+7.318
8257.46,41,12,1 L,+7.281
8260.945,41,12,1 L,+7.335
8264.414,41,12,1 L,+7.277
8266.429,41,12,1 L,+7.295
8274.742,41,12,1 L,+7.301
8280.278,41,12,1 L,+7.386
8283.67,41,12,1 L,+7.439
8287.057,41,12,1 L,+7.426
8289.323,41,12,1 L,+7.378
8291.761,41,12,1 L,+7.382
8292.448,41,12,1 L,+7.384
8295.964,41,12,1 L,+7.392
8298.823,41,12,1 L,+7.401
8301.243,41,12,1 L,+7.448
8306.304,41,12,1 L,+7.394
8309.589,41,12,1 L,+7.346
8313.558,41,12,1 L,+7.418
8316.401,41,12,1 L,+7.441
8320.401,41,12,1 L,+7.384
8326.323,41,12,1 L,+7.466
8332.12,41,12,1 L,+7.568
8336.23,41,12,1 L,+7.561
8341.324,41,12,1 L,+7.578
8344.839,41,12,1 L,+7.598
8348.37,41,12,1 L,+7.645
8350.355,41,12,1 L,+7.637
8358.704,41,12,1 L,+7.750
8364.211,41,12,1 L,+7.726
8367.599,41,12,1 L,+7.719
8370.952,41,12,1 L,+7.739
8373.296,41,12,1 L,+7.718
8375.671,41,12,1 L,+7.677
8376.359,41,12,1 L,+7.672
8379.874,41,12,1 L,+7.673
8382.734,41,12,1 L,+7.691
8385.14,41,12,1 L,+7.740
8390.142,41,12,1 L,+7.694
8393.552,41,12,1 L,+7.676
8397.48,41,12,1 L,+7.651
8400.308,41,12,1 L,+7.662
8404.402,41,12,1 L,+7.572
8412.918,41,12,1 L,+10.038
8419.749,41,12,1 L,+9.464
8425.28,41,12,1 L,+7.628
8430.921,41,12,1 L,+7.752
8436.0,41,12,1 L,+8.839
8440.639,41,12,1 L,+9.102
8443.217,41,12,1 L,+8.197
8453.764,41,12,1 L,+8.976
8459.718,41,12,1 L,+8.932
8464.746,41,12,1 L,+9.010
8469.187,41,12,1 L,+7.313
8472.234,41,12,1 L,+6.813
8475.401,41,12,1 L,+6.943
8476.468,41,12,1 L,+7.245
8482.14,41,12,1 L,+9.087
8485.75,41,12,1 L,+8.775
8488.844,41,12,1 L,+8.786
8494.703,41,12,1 L,+8.948
8498.948,41,12,1 L,+9.170
8503.853,41,12,1 L,+9.265
8507.468,41,12,1 L,+9.591
8512.444,41,12,1 L,+8.791
8519.959,41,12,1 L,+7.964
8528.45,41,12,1 L,+166.506
8534.45,41,11,1 L,+166.506
8534.528,41,11,1 L,+6.959
8540.262,41,11,1 L,+7.133
8544.247,41,11,1 L,+7.143
8548.606,41,11,1 L,+7.879
8551.153,41,11,1 L,+8.282
8561.541,41,11,1 L,+8.954
8567.963,41,11,1 L,+9.653
8572.566,41,11,1 L,+8.767
8577.071,41,11,1 L,+8.601
8580.119,41,11,1 L,+8.795
8584.05,41,11,1 L,+8.225
8589.473,41,10,1 L,+8.225
8589.551,41,10,1 L,+8.316
8593.348,41,10,1 L,+8.781
8596.473,41,10,1 L,+8.569
8602.426,41,10,1 L,+8.327
8606.473,41,10,1 L,+8.658
8611.406,41,10,1 L,+8.611
8614.965,41,10,1 L,+8.802
8619.969,41,10,1 L,+8.593
8627.641,41,10,1 L,+8.116
8634.503,41,10,1 L,+6.705
8640.938,41,10,1 L,+7.573
8645.938,41,10,1 L,+7.609
8649.469,41,10,1 L,+7.524
8652.985,41,10,1 L,+7.514
8654.985,41,10,1 L,+7.545
8663.366,41,10,1 L,+7.675
8668.866,41,10,1 L,+7.742
8672.204,41,10,1 L,+7.867
8675.607,41,10,1 L,+7.925
8677.98,41,10,1 L,+7.981
8680.402,41,10,1 L,+7.976
8684.622,41,10,1 L,+7.993
8687.513,41,10,1 L,+8.013
8689.934,41,10,1 L,+8.072
8694.903,41,10,1 L,+7.946
8698.247,41,10,1 L,+7.876
8702.122,41,10,1 L,+7.815
8704.935,41,10,1 L,+7.805
8708.871,41,10,1 L,+7.640
8714.895,41,10,1 L,+7.597
8720.599,41,10,1 L,+7.583
8724.724,41,10,1 L,+7.597
8729.677,41,10,1 L,+7.533
8733.142,41,10,1 L,+7.547
8736.644,41,10,1 L,+7.486
8738.642,41,10,1 L,+7.530
8746.939,41,10,1 L,+7.609
8752.361,41,10,1 L,+7.554
8755.668,41,10,1 L,+7.560
8758.993,41,10,1 L,+7.497
8761.338,41,10,1 L,+7.457
8763.767,41,10,1 L,+7.461
8764.446,41,10,1 L,+7.462
8767.967,41,10,1 L,+7.436
8770.857,41,10,1 L,+7.404
8773.238,41,10,1 L,+7.420
8778.257,41,10,1 L,+7.311
8781.533,41,10,1 L,+7.193
8785.43,41,10,1 L,+7.138
8788.259,41,10,1 L,+7.136
8792.149,41,10,1 L,+6.936
8798.149,41,10,1 L,+6.906
8803.837,41,10,1 L,+6.895
8807.977,41,10,1 L,+6.846
8812.978,41,10,1 L,+6.732
8816.395,41,10,1 L,+6.705
8819.866,41,10,1 L,+6.595
8821.859,41,10,1 L,+6.563
8830.049,41,10,1 L,+6.390
8835.466,41,10,1 L,+6.127
8838.758,41,10,1 L,+6.049
8842.109,41,10,1 L,+5.958
8844.403,41,10,1 L,+5.865
8846.833,41,10,1 L,+5.852
8847.474,41,10,1 L,+5.850
9036.717,41,10,1L,+5.850
6.86,5,12,,
3230.012,5,12,+1.699,+0.395
3232.293,5,13,+1.699,+0.395
3232.355,5,15,+1.699,+0.395
3232.558,5,16,+1.699,+0.395
3232.621,5,17,+1.699,+0.395
3232.808,5,17,+1.544,+0.026
3236.012,5,13,+1.544,+0.026
3236.09,5,13,+2.119,+0.394
3236.121,5,14,+2.119,+0.394
3236.152,5,15,+2.119,+0.394
3236.527,5,17,+2.119,+0.394
3242.0,5,17,+3.003,+0.186
3245.599,5,17,+3.324,+0.182
3249.683,5,17,+3.901,+0.301
3252.596,5,17,+3.918,+0.245
3257.371,5,17,+4.584,+0.122
3263.168,5,17,+4.985,+0.107
3268.955,5,16,+4.985,+0.107
3269.033,5,16,+5.414,+0.192
3273.569,5,16,+5.792,+0.248
3278.917,5,16,+6.578,+0.244
3282.901,5,16,+7.153,+0.233
3286.589,5,16,+7.579,+0.355
3288.698,5,16,+7.658,+0.405
3297.028,5,17,+7.658,+0.405
3297.2,5,17,+8.269,+0.060
3302.607,5,17,+8.669,+0.060
3306.185,5,17,+9.106,+0.238
3309.841,5,17,+9.385,+0.231
3312.357,5,17,+9.666,+0.284
3314.8,5,17,+9.750,+0.278
3315.487,5,17,+9.751,+0.278
3318.932,5,17,+9.579,+0.275
3321.538,5,17,+9.326,+0.270
3323.993,5,17,+9.401,+0.435
3329.32,5,17,+9.961,+0.269
3332.694,5,17,+10.161,+0.176
3336.726,5,17,+10.491,+0.222
3339.71,5,17,+10.537,+0.196
3343.96,5,17,+10.909,+0.107
3349.945,5,17,+11.143,+0.048
3355.82,5,17,+11.517,+0.289
3360.2,5,17,+11.690,+0.323
3365.323,5,17,+12.031,+0.412
3368.823,5,17,+12.153,+0.371
3372.417,5,17,+12.286,+0.430
3374.448,5,17,+12.314,+0.497
3382.901,5,17,+12.777,+0.441
3388.265,5,17,+12.953,+0.349
3391.58,5,17,+12.992,+0.343
3395.001,5,17,+13.039,+0.340
3397.382,5,17,+13.165,+0.366
3399.902,5,17,+13.257,+0.346
3400.495,5,17,+13.260,+0.338
3403.902,5,17,+13.115,+0.299
3406.589,5,17,+12.886,+0.253
3408.949,5,17,+12.936,+0.353
3414.105,5,17,+13.198,+0.317
3417.355,5,17,+13.349,+0.241
3421.355,5,17,+13.607,+0.288
3424.34,5,17,+13.634,+0.222
3428.777,5,17,+14.175,+0.401
3434.73,5,17,+14.332,+0.288
3440.496,5,17,+14.621,+0.172
3444.98,5,17,+14.917,+0.421
3450.074,5,17,+15.199,+0.316
3453.699,5,17,+15.492,+0.412
3457.293,5,17,+15.699,+0.432
3459.371,5,17,+15.772,+0.535
3467.778,5,17,+16.102,+0.441
3473.199,5,17,+16.332,+0.399
3476.512,5,17,+16.368,+0.341
3479.996,5,17,+16.515,+0.375
3482.418,5,17,+16.684,+0.404
3484.892,5,17,+16.841,+0.468
3485.641,5,17,+16.859,+0.475
3489.024,5,17,+16.768,+0.491
3491.696,5,17,+16.572,+0.483
3494.07,5,17,+16.584,+0.498
3499.241,5,17,+16.872,+0.400
3502.514,5,17,+17.005,+0.345
3506.541,5,17,+17.209,+0.302
3509.51,5,17,+17.248,+0.304
3513.775,5,17,+17.711,+0.423
3519.854,5,17,+17.893,+0.368
3525.697,5,17,+18.162,+0.388
3529.986,5,17,+18.240,+0.377
3535.127,5,17,+18.507,+0.471
3538.662,5,17,+18.695,+0.492
3542.304,5,17,+18.866,+0.508
3544.382,5,17,+18.926,+0.597
3552.82,5,17,+19.217,+0.548
3558.339,5,17,+19.460,+0.567
3561.663,5,17,+19.493,+0.522
3565.127,5,17,+19.618,+0.544
3567.56,5,17,+19.812,+0.576
3570.031,5,17,+19.919,+0.515
3570.704,5,17,+19.928,+0.502
3574.155,5,17,+19.817,+0.451
3576.82,5,17,+19.611,+0.418
3579.243,5,17,+19.719,+0.457
3584.463,5,17,+19.993,+0.443
3587.83,5,17,+20.131,+0.404
3591.856,5,17,+20.386,+0.486
3594.808,5,17,+20.375,+0.474
3599.034,5,17,+20.683,+0.447
3605.184,5,17,+20.934,+0.442
3611.085,5,17,+21.158,+0.461
3615.363,5,17,+21.228,+0.373
3620.593,5,17,+21.535,+0.435
3624.154,5,17,+21.737,+0.503
3627.748,5,17,+21.906,+0.570
3629.842,5,17,+21.977,+0.637
3638.207,5,17,+22.205,+0.616
3643.661,5,17,+22.398,+0.615
3647.067,5,17,+22.480,+0.643
3650.567,5,17,+22.651,+0.705
3652.953,5,17,+22.823,+0.718
3655.487,5,17,+22.932,+0.730
3656.142,5,17,+22.943,+0.729
3659.605,5,17,+22.862,+0.718
3662.31,5,17,+22.664,+0.711
3664.665,5,17,+22.669,+0.747
3669.825,5,17,+22.814,+0.653
3673.251,5,17,+22.992,+0.618
3677.325,5,17,+23.278,+0.670
3680.329,5,17,+23.395,+0.691
3684.507,5,17,+23.664,+0.639
3690.644,5,17,+23.940,+0.560
3696.522,5,17,+24.201,+0.599
3700.808,5,17,+24.330,+0.555
3706.058,5,17,+24.743,+0.665
3709.589,5,17,+24.971,+0.664
3713.214,5,17,+25.135,+0.702
3715.339,5,17,+25.159,+0.761
3723.73,5,17,+25.480,+0.689
3729.246,5,17,+25.657,+0.730
3732.558,5,17,+25.643,+0.667
3736.052,5,17,+25.736,+0.661
3738.499,5,17,+25.901,+0.699
3740.999,5,17,+26.007,+0.690
3741.733,5,17,+26.018,+0.685
3745.155,5,17,+25.933,+0.667
3747.858,5,17,+25.761,+0.663
3750.202,5,17,+25.767,+0.656
3755.609,5,17,+26.195,+0.730
3758.984,5,17,+26.398,+0.701
3763.032,5,17,+26.558,+0.747
3766.021,5,17,+26.657,+0.783
3770.225,5,17,+27.012,+0.775
3776.423,5,17,+27.302,+0.741
3782.253,5,17,+27.532,+0.713
3786.581,5,17,+27.620,+0.672
3791.815,5,17,+28.010,+0.709
3795.362,5,17,+28.216,+0.719
3799.018,5,17,+28.367,+0.741
3801.096,5,17,+28.373,+0.813
3809.646,5,17,+28.743,+0.789
3815.271,5,17,+28.936,+0.750
3818.584,5,17,+28.987,+0.698
3822.162,5,17,+29.153,+0.748
3824.667,5,17,+29.379,+0.800
3827.25,5,17,+29.535,+0.810
3827.906,5,17,+29.555,+0.808
3831.415,5,17,+29.501,+0.792
3834.12,5,17,+29.347,+0.782
3836.478,5,17,+29.369,+0.796
3841.9,5,17,+29.706,+0.873
3845.275,5,17,+29.936,+0.906
3849.366,5,17,+30.167,+0.932
3852.32,5,17,+30.236,+0.897
3856.501,5,17,+30.479,+0.775
3862.735,5,17,+30.760,+0.910
3868.61,5,17,+30.943,+0.905
3872.866,5,17,+31.051,+0.758
3878.147,5,17,+31.361,+0.858
3881.757,5,17,+31.547,+0.869
3885.476,5,17,+31.694,+0.967
3887.554,5,17,+31.725,+1.056
3896.141,5,17,+32.090,+1.015
3901.673,5,17,+32.210,+0.949
3905.017,5,17,+32.200,+0.932
3908.563,5,17,+32.337,+0.959
3911.017,5,17,+32.528,+1.015
3913.548,5,17,+32.636,+1.030
3914.267,5,17,+32.649,+1.028
3917.751,5,17,+32.595,+0.971
3920.47,5,17,+32.440,+0.842
3922.866,5,17,+32.482,+0.781
3928.186,5,17,+32.719,+0.853
3931.59,5,17,+32.866,+0.867
3935.687,5,17,+33.081,+0.911
3938.668,5,17,+33.159,+0.922
3942.866,5,17,+33.419,+0.846
3948.991,5,17,+33.569,+0.841
3954.889,5,17,+33.787,+0.807
3959.139,5,17,+33.850,+0.709
3964.42,5,17,+34.237,+0.801
3968.07,5,17,+34.553,+0.892
3971.805,5,17,+34.765,+0.943
3973.883,5,17,+34.816,+1.016
3982.383,5,17,+35.085,+0.922
3988.055,5,17,+35.293,+0.922
3991.289,5,17,+35.276,+0.824
3994.914,5,17,+35.513,+0.974
3997.383,5,17,+35.694,+1.048
3999.867,5,17,+35.745,+1.017
4000.555,5,17,+35.752,+1.008
4004.045,5,17,+35.682,+0.933
4006.896,5,17,+35.529,+0.805
4009.224,5,17,+35.650,+0.817
4014.474,5,17,+35.864,+0.821
4017.818,5,17,+35.990,+0.771
4022.036,5,17,+36.288,+0.832
4024.943,5,17,+36.379,+0.799
4029.083,5,17,+36.581,+0.601
4035.24,5,17,+36.741,+0.612
4041.177,5,17,+36.966,+0.700
4045.521,5,17,+37.138,+0.720
4050.756,5,17,+37.343,+0.760
4054.427,5,17,+37.648,+0.822
4058.099,5,17,+37.762,+0.862
4060.224,5,17,+37.829,+0.941
4068.792,5,17,+38.106,+0.939
4074.371,5,17,+38.258,+0.893
4077.698,5,17,+38.236,+0.832
4081.287,5,17,+38.383,+0.882
4083.742,5,17,+38.532,+0.895
4086.291,5,17,+38.652,+0.927
4087.008,5,17,+38.668,+0.929
4090.488,5,17,+38.608,+0.873
4093.168,5,17,+38.442,+0.741
4095.58,5,17,+38.481,+0.742
4100.895,5,17,+38.669,+0.782
4104.289,5,17,+38.829,+0.734
4108.491,5,17,+39.091,+0.777
4111.428,5,17,+39.172,+0.774
4115.556,5,17,+39.337,+0.761
4121.795,5,17,+39.562,+0.769
4127.719,5,17,+39.786,+0.772
4132.031,5,17,+39.859,+0.716
4137.344,5,17,+40.227,+0.835
4140.953,5,17,+40.435,+0.864
4144.634,5,17,+40.614,+0.959
4146.759,5,17,+40.664,+1.043
4155.228,5,17,+40.825,+0.706
4160.853,5,17,+41.047,+0.770
4164.291,5,17,+41.165,+0.793
4167.9,5,17,+41.357,+0.830
4170.345,5,17,+41.474,+0.861
4172.91,5,17,+41.558,+0.877
4173.57,5,17,+41.567,+0.875
4176.997,5,16,+41.567,+0.875
4177.091,5,16,+41.500,+0.808
4179.794,5,16,+41.337,+0.669
4182.188,5,16,+41.358,+0.635
4187.497,5,16,+41.579,+0.704
4190.903,5,16,+41.710,+0.684
4195.075,5,16,+42.025,+0.756
4198.06,5,16,+42.114,+0.760
4202.169,5,16,+42.189,+0.615
4208.357,5,16,+42.401,+0.644
4214.263,5,16,+42.594,+0.631
4218.56,5,16,+42.691,+0.623
4223.888,5,16,+42.972,+0.731
4227.544,5,16,+37.849,+0.770
4231.232,5,16,+38.067,+0.856
4233.357,5,16,+38.167,+0.953
4242.006,5,16,+38.685,+0.989
4247.643,5,16,+38.917,+1.038
4251.099,5,16,+38.985,+1.015
4254.637,5,16,+39.156,+1.000
4257.12,5,16,+39.347,+1.037
4259.681,5,16,+39.443,+1.058
4260.404,5,16,+40.905,+1.060
4263.848,5,15,+40.905,+1.060
4263.926,5,15,+39.433,+1.056
4266.869,5,15,+39.379,+1.038
4269.166,5,15,+39.436,+1.014
4274.455,5,15,+39.576,+1.007
4277.869,5,15,+39.759,+1.013
4281.973,5,15,+39.934,+0.995
4284.91,5,15,+39.915,+0.966
4289.036,5,15,+40.104,+0.827
4295.254,5,15,+40.336,+0.885
4301.148,5,15,+40.530,+0.915
4305.42,5,15,+40.543,+0.867
4310.749,5,15,+40.827,+0.883
4314.369,5,15,+41.081,+0.893
4318.047,5,15,+41.225,+0.933
4320.12,5,15,+41.273,+0.992
4328.74,5,15,+41.806,+0.973
4334.431,5,15,+42.079,+1.005
4337.849,5,15,+42.133,+0.961
4341.429,5,15,+42.329,+0.995
4343.883,5,15,+42.546,+1.080
4346.476,5,15,+42.673,+1.080
4347.195,5,14,+42.673,+1.080
4347.195,5,14,+42.691,+1.106
4350.629,5,13,+42.691,+1.106
4350.707,5,13,+42.649,+1.032
4353.429,5,13,+42.509,+0.879
4355.839,5,13,+42.551,+0.897
4361.151,5,13,+42.807,+1.022
4364.558,5,13,+43.059,+1.051
4368.713,5,13,+43.244,+1.131
4371.682,5,13,+43.286,+1.154
4375.776,5,13,+43.440,+1.156
4381.916,5,13,+43.609,+1.158
4387.792,5,13,+43.756,+1.210
4392.01,5,13,+43.815,+1.180
4397.307,5,13,+44.063,+1.261
4400.901,5,13,+36.613,+1.301
4404.604,5,13,+36.782,+1.354
4406.745,5,13,+36.838,+1.419
4415.323,5,13,+37.246,+1.463
4421.479,5,13,+37.462,+1.545
4424.433,5,13,+37.512,+1.520
4428.042,5,13,+37.632,+1.604
4430.448,5,13,+37.724,+1.690
4433.011,5,13,+37.824,+1.702
4433.714,5,13,+42.183,+1.699
4437.228,5,11,+42.183,+1.699
4437.305,5,11,+37.826,+1.675
4440.149,5,11,+37.760,+1.629
4442.544,5,11,+37.757,+1.634
4447.771,5,11,+37.864,+1.694
4451.161,5,11,+37.916,+1.711
4455.27,5,11,+38.073,+1.787
4458.229,5,11,+38.062,+1.795
4462.346,5,11,+38.180,+1.800
4468.468,5,11,+38.397,+1.845
4474.311,5,11,+38.552,+1.873
4478.557,5,11,+38.600,+1.815
4483.832,5,11,+38.854,+2.015
4487.413,5,11,+38.999,+2.139
4491.08,5,11,+39.133,+2.171
4493.096,5,11,+39.102,+2.165
4501.565,5,11,+39.211,+2.058
4507.102,5,11,+39.382,+2.075
4510.577,5,11,+39.510,+2.059
4514.144,5,11,+39.694,+2.234
4522.401,5,12,+39.694,+2.234
4528.143,5,13,+39.694,+2.234
4530.127,5,14,+39.694,+2.234
4534.143,5,15,+39.694,+2.234
4539.377,5,16,+39.694,+2.234
4539.639,5,17,+39.694,+2.234
4541.512,5,18,+39.694,+2.234
4549.257,5,19,+39.694,+2.234
4549.89,5,19,+63.476,+0.514
4552.929,5,19,+64.065,+1.181
4558.408,5,19,+64.507,+1.449
4561.702,5,19,+64.414,+1.215
4565.547,5,19,+64.362,+1.049
4568.515,5,19,+60.825,+1.037
4572.656,5,19,+61.021,+1.114
4578.557,5,19,+61.167,+1.065
4584.195,5,19,+61.185,+1.017
4588.367,5,19,+61.195,+0.854
4593.513,5,19,+61.341,+0.859
4596.986,5,19,+61.489,+0.856
4600.474,5,19,+61.570,+0.785
4602.567,5,19,+61.605,+0.768
4610.762,5,19,+61.667,+0.643
4616.177,5,19,+61.790,+0.650
4619.474,5,19,+61.758,+0.567
4622.983,5,19,+61.886,+0.564
4625.241,5,19,+61.946,+0.519
4627.663,5,19,+61.965,+0.442
4628.325,5,19,+61.960,+0.419
4631.746,5,19,+61.832,+0.260
4634.466,5,19,+61.681,+0.106
4636.74,5,18,+61.681,+0.106
4636.819,5,18,+61.645,+4.289
4641.907,5,18,+61.832,+4.151
4645.125,5,18,+61.890,+4.004
4649.032,5,18,+62.007,+3.759
4651.985,5,18,+62.070,+3.695
4655.973,5,18,+62.153,+3.461
4661.912,5,18,+62.257,+3.184
4667.622,5,18,+62.366,+3.013
4671.716,5,18,+62.382,+2.780
4676.86,5,18,+62.630,+2.701
4680.373,5,18,+62.837,+2.589
4683.858,5,18,+62.967,+2.398
4685.947,5,18,+63.030,+2.384
4694.176,5,18,+63.084,+2.087
4699.532,5,18,+63.231,+1.851
4702.891,5,18,+63.254,+1.697
4706.328,5,18,+63.437,+1.633
4708.672,5,18,+63.580,+1.431
4711.094,5,18,+63.653,+1.274
4711.86,5,18,+63.664,+1.239
4715.329,5,18,+63.667,+1.131
4718.172,5,18,+63.639,+1.034
4720.547,5,18,+63.666,+0.955
4725.673,5,18,+63.816,+0.820
4728.985,5,18,+63.966,+0.804
4732.922,5,18,+64.143,+0.545
4735.813,5,18,+64.192,+0.452
4739.938,5,18,+64.385,+0.283
4746.001,5,18,+64.526,+0.146
4751.657,5,17,+64.526,+0.146
4751.751,5,17,+64.695,+4.848
4755.969,5,17,+64.749,+4.840
4761.001,5,17,+64.829,+4.832
4764.438,5,17,+64.961,+4.841
4767.97,5,17,+65.093,+4.855
4770.016,5,17,+65.096,+4.881
4778.204,5,17,+65.137,+4.723
4783.501,5,17,+65.157,+4.602
4786.97,5,17,+65.209,+4.622
4790.303,5,17,+65.333,+4.603
4792.592,5,17,+65.418,+4.533
4795.03,5,17,+65.472,+4.533
4795.748,5,17,+65.484,+4.493
4799.204,5,16,+65.484,+4.493
4799.273,5,16,+65.504,+4.488
4802.145,5,16,+65.504,+4.484
4804.551,5,16,+65.507,+4.460
4809.499,5,16,+65.561,+4.310
4812.781,5,16,+65.679,+4.303
4816.653,5,16,+65.702,+4.221
4819.536,5,16,+65.733,+4.179
4823.514,5,16,+65.783,+4.015
4829.436,5,16,+65.787,+3.989
4835.168,5,16,+65.861,+3.913
4839.263,5,16,+65.808,+3.805
4844.34,5,16,+65.970,+3.753
4847.886,5,16,+66.170,+3.816
4851.449,5,16,+66.309,+3.754
4853.543,5,16,+66.345,+3.809
4861.724,5,16,+66.329,+3.652
4867.205,5,16,+66.355,+3.681
4870.408,5,16,+66.354,+3.626
4873.827,5,16,+66.411,+3.576
4876.155,5,16,+66.510,+3.560
4878.595,5,16,+66.576,+3.540
4879.338,5,16,+66.589,+3.536
4882.833,5,16,+66.611,+3.527
4885.71,5,16,+66.621,+3.520
4888.079,5,16,+66.649,+3.510
4893.168,5,16,+66.788,+3.400
4896.474,5,16,+66.923,+3.407
4900.395,5,16,+66.983,+3.354
4903.274,5,16,+67.036,+3.309
4907.241,5,16,+67.074,+3.169
4913.171,5,16,+67.079,+3.125
4918.916,5,16,+67.153,+3.061
4923.093,5,16,+67.173,+3.055
4928.283,5,16,+67.410,+3.076
4931.83,5,16,+67.637,+3.140
4935.359,5,16,+67.753,+3.118
4937.435,5,16,+67.777,+3.168
4945.684,5,16,+67.752,+3.038
4951.087,5,16,+67.844,+3.033
4954.419,5,16,+67.894,+3.008
4957.886,5,16,+67.993,+2.915
4960.224,5,16,+68.089,+2.893
4962.669,5,16,+68.136,+2.829
4963.363,5,16,+68.144,+2.818
4966.956,5,16,+68.162,+2.787
4969.746,5,16,+68.166,+2.757
4972.143,5,16,+68.194,+2.734
4977.204,5,16,+68.226,+2.703
4980.456,5,16,+68.332,+2.729
4984.422,5,16,+68.435,+2.693
4987.333,5,16,+68.476,+2.666
4991.353,5,16,+68.532,+2.549
4997.234,5,16,+68.545,+2.492
5003.007,5,16,+68.699,+2.420
5007.178,5,16,+68.680,+2.399
5012.251,5,16,+68.885,+2.397
5015.732,5,16,+69.021,+2.394
5019.263,5,16,+69.104,+2.352
5021.32,5,16,+69.135,+2.391
5029.573,5,16,+69.081,+2.273
5034.975,5,16,+69.169,+2.201
5038.335,5,16,+69.197,+2.177
5041.735,5,16,+69.281,+2.011
5044.085,5,16,+69.371,+1.953
5046.475,5,16,+69.415,+1.900
5047.179,5,16,+69.424,+1.889
5050.722,5,16,+69.443,+1.857
5053.55,5,16,+69.453,+1.831
5055.961,5,16,+69.491,+1.830
5061.039,5,16,+69.612,+1.749
5064.341,5,16,+69.773,+1.756
5068.186,5,16,+69.826,+1.675
5071.061,5,16,+69.839,+1.615
5075.113,5,16,+69.874,+1.498
5080.976,5,16,+69.863,+1.454
5086.876,5,16,+69.876,+1.367
5090.97,5,16,+69.811,+1.287
5096.119,5,16,+69.957,+1.288
5099.606,5,16,+70.137,+1.309
5103.137,5,16,+70.259,+1.232
5105.194,5,16,+70.288,+1.276
5113.464,5,16,+70.269,+1.163
5118.875,5,16,+70.306,+1.041
5122.278,5,16,+70.329,+0.979
5125.595,5,16,+70.428,+0.875
5127.946,5,16,+70.523,+0.842
5130.413,5,16,+70.602,+0.831
5131.085,5,16,+70.613,+0.822
5134.538,5,16,+70.554,+0.822
5137.176,5,15,+70.554,+0.822
5137.263,5,15,+70.421,+0.538
5139.566,5,15,+70.379,+0.472
5144.75,5,15,+70.517,+0.523
5148.042,5,15,+70.601,+0.533
5151.989,5,15,+70.755,+0.516
5154.9,5,15,+70.796,+0.472
5159.017,5,15,+70.995,+0.503
5165.124,5,15,+71.098,+0.607
5170.913,5,15,+71.152,+0.529
5175.114,5,15,+71.134,+0.488
5180.364,5,15,+71.380,+0.544
5183.877,5,15,+71.493,+0.541
5187.493,5,15,+71.576,+0.491
5189.511,5,15,+71.585,+0.525
5197.989,5,15,+71.715,+0.504
5203.477,5,15,+71.792,+0.464
5206.893,5,15,+71.821,+0.474
5210.364,5,15,+71.928,+0.444
5212.673,5,15,+72.007,+0.434
5215.144,5,15,+72.076,+0.432
5215.831,5,15,+72.084,+0.422
5219.253,5,15,+71.999,+0.285
5221.936,5,15,+71.831,+0.084
5224.173,5,14,+71.831,+0.084
5224.256,5,14,+71.770,+3.564
5229.418,5,14,+71.959,+3.546
5232.739,5,14,+72.147,+3.439
5236.715,5,14,+72.337,+3.446
5239.614,5,14,+72.407,+3.466
5243.689,5,14,+72.502,+3.462
5249.683,5,14,+72.562,+3.424
5255.45,5,14,+72.648,+3.447
5259.615,5,14,+72.595,+3.376
5264.796,5,14,+72.814,+3.456
5268.284,5,14,+72.942,+3.435
5271.862,5,14,+73.115,+3.328
5273.972,5,14,+73.182,+3.296
5282.278,5,14,+73.127,+3.261
5287.704,5,14,+73.187,+3.233
5290.989,5,14,+73.166,+3.143
5294.421,5,14,+73.261,+3.129
5296.758,5,14,+73.341,+3.081
5299.202,5,14,+73.345,+3.020
5299.91,5,14,+73.350,+3.008
5303.448,5,14,+73.390,+2.979
5306.292,5,14,+73.417,+2.952
5308.657,5,14,+73.411,+2.905
5313.685,5,14,+73.462,+2.740
5316.902,5,14,+73.502,+2.587
5320.89,5,14,+73.614,+2.652
5323.799,5,14,+73.668,+2.681
5327.841,5,14,+73.636,+2.630
5333.75,5,14,+73.614,+2.603
5339.502,5,14,+73.673,+2.553
5343.665,5,14,+73.639,+2.450
5348.875,5,14,+73.737,+2.436
5352.379,5,14,+73.944,+2.472
5355.957,5,14,+74.050,+2.391
5358.043,5,14,+74.119,+2.353
5366.43,5,14,+74.191,+2.458
5371.879,5,14,+74.254,+2.419
5375.183,5,14,+74.234,+2.313
5378.581,5,14,+74.320,+2.256
5380.901,5,14,+74.409,+2.212
5383.4,5,14,+74.505,+2.191
5384.1,5,14,+74.523,+2.187
5387.654,5,14,+74.566,+2.165
5390.476,5,14,+74.578,+2.133
5392.898,5,14,+74.625,+2.136
5398.033,5,14,+74.792,+2.073
5401.339,5,14,+74.943,+2.019
5405.358,5,14,+75.114,+2.005
5408.259,5,14,+75.169,+1.995
5412.474,5,14,+75.310,+2.009
5418.386,5,14,+75.404,+2.020
5424.189,5,14,+75.434,+2.039
5428.392,5,14,+75.443,+1.961
5433.594,5,14,+75.645,+1.899
5437.093,5,14,+75.826,+1.887
5440.718,5,14,+75.979,+1.806
5442.784,5,14,+76.009,+1.759
5451.14,5,14,+76.003,+1.693
5456.649,5,14,+76.150,+1.725
5460.012,5,14,+76.192,+1.675
5463.43,5,14,+76.277,+1.668
5465.823,5,14,+76.406,+1.651
5468.3,5,14,+76.513,+1.625
5469.003,5,14,+76.532,+1.621
5472.543,5,14,+76.565,+1.599
5475.404,5,14,+76.559,+1.567
5477.78,5,14,+76.563,+1.569
5482.877,5,14,+76.601,+1.450
5486.219,5,14,+76.777,+1.372
5490.176,5,14,+76.894,+1.345
5493.061,5,14,+76.908,+1.317
5497.109,5,14,+76.936,+1.218
5503.089,5,14,+77.022,+1.216
5508.896,5,14,+77.161,+1.303
5513.106,5,14,+77.164,+1.222
5518.266,5,14,+77.270,+1.226
5521.782,5,14,+77.434,+1.220
5525.422,5,14,+77.539,+1.155
5527.505,5,14,+77.533,+1.098
5535.821,5,14,+77.568,+1.184
5541.33,5,14,+77.668,+1.253
5544.638,5,14,+77.665,+1.197
5548.081,5,14,+77.768,+1.210
5550.441,5,14,+77.866,+1.151
5552.916,5,14,+77.966,+1.121
5553.612,5,14,+77.982,+1.113
5557.13,5,14,+78.011,+1.067
5559.969,5,14,+78.008,+1.006
5562.324,5,14,+78.033,+0.895
5567.501,5,14,+78.097,+0.785
5570.681,5,14,+78.118,+0.675
5574.66,5,14,+78.298,+0.689
5577.569,5,14,+78.353,+0.688
5581.626,5,14,+78.358,+0.518
5587.648,5,14,+78.390,+0.499
5593.549,5,14,+78.526,+0.591
5597.782,5,14,+78.541,+0.489
5603.054,5,14,+78.874,+0.593
5606.612,5,14,+79.066,+0.584
5610.22,5,14,+79.220,+0.497
5612.243,5,14,+79.222,+0.411
5620.731,5,14,+79.343,+0.451
5626.24,5,14,+79.460,+0.473
5629.801,5,14,+79.690,+0.558
5633.212,5,14,+79.768,+0.539
5635.558,5,14,+79.874,+0.542
5638.104,5,14,+79.975,+0.570
5638.801,5,14,+79.986,+0.569
5642.245,5,14,+79.920,+0.461
5644.943,5,14,+79.763,+0.276
5647.369,5,14,+79.784,+0.218
5652.811,5,14,+80.298,+0.385
5656.224,5,14,+80.552,+0.378
5660.382,5,14,+80.900,+0.513
5663.283,5,14,+80.985,+0.527
5667.488,5,14,+81.155,+0.500
5673.44,5,14,+81.193,+0.426
5679.361,5,14,+81.464,+0.551
5683.565,5,14,+81.523,+0.530
5688.765,5,14,+81.706,+0.548
5692.32,5,14,+81.874,+0.578
5695.961,5,14,+82.007,+0.563
5698.008,5,14,+82.052,+0.531
5706.565,5,14,+82.104,+0.713
5712.049,5,14,+82.170,+0.848
5715.456,5,14,+82.156,+0.872
5718.936,5,14,+82.271,+0.908
5721.327,5,14,+82.406,+0.919
5723.83,5,14,+82.513,+0.966
5724.534,5,14,+82.531,+0.969
5727.955,5,13,+82.531,+0.969
5728.034,5,13,+82.507,+0.887
5730.752,5,13,+82.386,+0.721
5733.159,5,13,+82.418,+0.728
5738.304,5,13,+82.592,+0.736
5741.687,5,13,+82.776,+0.716
5745.712,5,13,+82.942,+0.702
5748.618,5,13,+82.989,+0.693
5752.79,5,13,+83.124,+0.702
5760.357,5,13,1 L,+2.255
5766.308,5,13,1 L,+2.460
5770.59,5,13,1 L,+2.495
5775.932,5,13,1 L,+2.646
5779.564,5,13,1 L,+2.708
5783.134,5,13,1 L,+2.710
5785.212,5,13,1 L,+2.676
5793.732,5,13,1 L,+2.990
5799.28,5,13,1 L,+3.001
5802.565,5,13,1 L,+2.993
5806.065,5,13,1 L,+2.857
5811.627,5,12,1 L,+2.857
5811.627,5,12,1 L,+16.710
5815.132,5,12,1 L,+16.730
5817.975,5,12,1 L,+16.748
5820.366,5,12,1 L,+16.679
5825.615,5,13,1 L,+16.679
5825.996,5,13,1 L,+0.242
5829.426,5,13,1 L,+0.342
5833.632,5,13,1 L,+0.631
5836.601,5,13,1 L,+0.719
5840.679,5,13,1 L,+0.756
5846.851,5,13,1 L,+0.926
5852.851,5,13,1 L,+1.237
5857.726,5,13,1 L,+1.952
5863.054,5,13,1 L,+1.969
5866.663,5,13,1 L,+2.004
5870.367,5,13,1 L,+2.130
5872.414,5,13,1 L,+2.173
5880.96,5,13,1 L,+2.441
5886.555,5,13,1 L,+2.560
5889.961,5,13,1 L,+2.550
5893.461,5,13,1 L,+2.634
5895.836,5,13,1 L,+2.639
5898.351,5,13,1 L,+2.690
5899.039,5,13,1 L,+2.699
5902.617,5,13,1 L,+2.542
5905.476,5,13,1 L,+2.182
5907.804,5,13,1 L,+1.841
5913.051,5,13,1 L,+1.724
5916.423,5,13,1 L,+1.634
5920.517,5,13,1 L,+1.707
5923.423,5,13,1 L,+1.765
5927.567,5,13,1 L,+1.730
5933.648,5,13,1 L,+1.715
5939.523,5,13,1 L,+1.755
5943.788,5,13,1 L,+1.805
5949.038,5,13,1 L,+1.929
5952.617,5,13,1 L,+1.945
5956.257,5,13,1 L,+2.030
5958.32,5,13,1 L,+2.097
5966.914,5,13,1 L,+2.328
5972.445,5,13,1 L,+2.441
5975.889,5,13,1 L,+2.494
5979.469,5,13,1 L,+2.645
5981.836,5,13,1 L,+2.669
5984.336,5,13,1 L,+2.708
5985.023,5,13,1 L,+2.718
5988.605,5,13,1 L,+2.730
5991.421,5,13,1 L,+2.619
5993.78,5,13,1 L,+2.544
5999.03,5,13,1 L,+2.653
6002.416,5,13,1 L,+2.694
6006.596,5,13,1 L,+2.888
6009.768,5,13,1 L,+3.211
6014.08,5,13,1 L,+3.466
6020.174,5,13,1 L,+3.579
6026.053,5,13,1 L,+3.692
6030.287,5,13,1 L,+3.745
6035.543,5,13,1 L,+3.975
6039.105,5,13,1 L,+4.025
6042.761,5,13,1 L,+4.154
6044.761,5,13,1 L,+4.170
6053.217,5,13,1 L,+4.374
6058.773,5,13,1 L,+4.444
6062.215,5,13,1 L,+4.488
6065.76,5,13,1 L,+4.706
6072.526,5,14,1 L,+4.706
6083.995,5,15,1 L,+4.706
6088.417,5,16,1 L,+4.706
6100.282,5,16,1 L,+8.894
6103.274,5,16,1 L,+9.504
6108.753,5,16,1 L,+9.850
6112.137,5,16,1 L,+9.857
6116.167,5,16,1 L,+9.940
6119.062,5,16,1 L,+9.984
6123.01,5,16,1 L,+9.867
6128.807,5,16,1 L,+9.701
6134.541,5,16,1 L,+9.670
6138.669,5,16,1 L,+9.599
6143.665,5,16,1 L,+9.373
6147.167,5,16,1 L,+9.318
6150.772,5,16,1 L,+9.320
6152.835,5,16,1 L,+9.332
6161.007,5,16,1 L,+9.194
6166.405,5,16,1 L,+9.204
6169.704,5,16,1 L,+11.466
6173.231,5,16,1 L,+11.282
6178.684,5,16,1 L,+7.094
6182.138,5,15,1 L,+7.094
6182.216,5,15,1 L,+9.213
6185.091,5,15,1 L,+9.216
6187.481,5,15,1 L,+9.132
6192.56,5,15,1 L,+8.848
6195.872,5,15,1 L,+8.635
6199.81,5,15,1 L,+8.553
6202.688,5,15,1 L,+8.535
6206.628,5,15,1 L,+8.338
6212.618,5,15,1 L,+7.639
6218.246,5,15,1 L,+7.428
6222.345,5,15,1 L,+7.207
6227.407,5,15,1 L,+7.005
6230.93,5,15,1 L,+6.960
6234.505,5,15,1 L,+6.880
6236.552,5,15,1 L,+6.895
6244.789,5,15,1 L,+6.827
6250.109,5,15,1 L,+6.772
6253.43,5,15,1 L,+6.729
6256.867,5,15,1 L,+6.735
6259.211,5,15,1 L,+6.696
6261.633,5,15,1 L,+6.641
6262.383,5,15,1 L,+6.635
6265.885,5,15,1 L,+6.638
6268.742,5,15,1 L,+6.662
6271.133,5,15,1 L,+6.631
6276.131,5,15,1 L,+6.496
6279.446,5,15,1 L,+6.427
6283.378,5,15,1 L,+6.511
6286.258,5,15,1 L,+6.539
6290.248,5,15,1 L,+6.449
6296.123,5,15,1 L,+6.483
6301.889,5,15,1 L,+6.512
6306.014,5,15,1 L,+6.405
6311.139,5,15,1 L,+6.389
6314.67,5,15,1 L,+6.437
6318.201,5,15,1 L,+6.404
6320.248,5,15,1 L,+6.378
6328.514,5,15,1 L,+6.402
6333.826,5,15,1 L,+6.320
6337.155,5,15,1 L,+6.393
6340.608,5,15,1 L,+6.469
6342.975,5,15,1 L,+6.498
6345.446,5,15,1 L,+6.472
6346.111,5,15,1 L,+6.470
6352.547,5,15,1 L,+6.481
6354.885,5,15,1 L,+6.472
6359.967,5,15,1 L,+6.400
6363.186,5,15,1 L,+6.274
6367.152,5,15,1 L,+6.228
6370.043,5,15,1 L,+6.241
6373.965,5,15,1 L,+6.196
6379.871,5,15,1 L,+6.194
6385.685,5,15,1 L,+6.204
6389.848,5,15,1 L,+6.146
6394.991,5,15,1 L,+6.158
6398.452,5,15,1 L,+6.168
6401.968,5,15,1 L,+6.122
6404.015,5,15,1 L,+6.100
6412.268,5,15,1 L,+6.074
6417.627,5,15,1 L,+6.188
6420.938,5,15,1 L,+6.141
6424.29,5,15,1 L,+6.131
6426.576,5,15,1 L,+6.106
6429.672,5,15,1 L,+6.040
6436.094,5,15,1 L,+1.553
6438.453,5,15,1 L,+0.970
6443.547,5,15,1 L,+0.414
6446.906,5,15,1 L,+0.504
6450.86,5,15,1 L,+0.731
6453.75,5,15,1 L,+0.798
6457.75,5,15,1 L,+0.828
6463.828,5,15,1 L,+1.025
6469.672,5,15,1 L,+1.280
6473.844,5,15,1 L,+1.341
6479.016,5,15,1 L,+1.626
6482.485,5,15,1 L,+1.631
6486.047,5,15,1 L,+1.716
6488.079,5,15,1 L,+1.751
6496.364,5,15,1 L,+1.847
6501.773,5,15,1 L,+2.009
6505.026,5,15,1 L,+1.981
6508.428,5,15,1 L,+1.967
6510.729,5,15,1 L,+1.953
6513.154,5,15,1 L,+1.970
6513.859,5,15,1 L,+1.974
6517.372,5,15,1 L,+1.971
6520.201,5,15,1 L,+1.953
6522.529,5,15,1 L,+1.926
6527.641,5,15,1 L,+2.073
6530.922,5,15,1 L,+2.139
6535.078,5,15,1 L,+2.414
6538.234,5,15,1 L,+2.785
6542.547,5,15,1 L,+3.111
6548.623,5,15,1 L,+3.377
6554.477,5,15,1 L,+3.619
6558.618,5,15,1 L,+3.653
6566.588,5,15,1 L,+4.577
6572.828,5,15,1 L,+5.560
6578.098,5,15,1 L,+6.013
6580.513,5,15,1 L,+5.846
6589.579,5,15,1 L,+5.655
6595.23,5,15,1 L,+5.487
6600.014,5,15,1 L,+5.337
6605.128,5,15,1 L,+5.892
6608.178,5,15,1 L,+6.071
6610.991,5,15,1 L,+5.680
6611.815,5,15,1 L,+5.491
6616.216,5,14,1 L,+5.491
6616.3,5,14,1 L,+4.998
6619.512,5,14,1 L,+4.378
6623.059,5,14,1 L,+4.304
6629.588,5,14,1 L,+5.186
6634.425,5,14,1 L,+5.475
6639.793,5,14,1 L,+5.791
6643.438,5,14,1 L,+5.740
6647.829,5,14,1 L,+5.444
6655.035,5,14,1 L,+4.940
6661.91,5,14,1 L,+5.020
6668.995,5,14,1 L,+5.938
6674.992,5,14,1 L,+6.036
6680.196,5,14,1 L,+5.592
6684.977,5,14,1 L,+5.429
6687.555,5,14,1 L,+5.466
6696.911,5,14,1 L,+5.581
6702.305,5,14,1 L,+5.097
6706.937,5,14,1 L,+4.688
6710.47,5,14,1 L,+4.106
6712.851,5,14,+160.296,+4.058
6715.241,5,14,+160.316,+4.044
6715.921,5,14,1 L,+4.037
6719.441,5,14,+160.101,+3.999
6722.233,5,14,1 L,+3.958
6724.593,5,14,1 L,+3.815
6729.679,5,14,1 L,+3.833
6732.947,5,14,1 L,+3.783
6736.85,5,14,1 L,+3.604
6739.717,5,14,1 L,+3.426
6743.624,5,14,1 L,+3.141
6749.437,5,14,1 L,+2.349
6755.171,5,14,1 L,+2.252
6759.265,5,14,1 L,+2.144
6764.343,5,14,1 L,+2.156
6767.796,5,14,1 L,+2.051
6771.265,5,14,1 L,+2.044
6773.281,5,14,1 L,+2.060
6781.468,5,14,1 L,+1.922
6786.843,5,14,1 L,+1.981
6790.105,5,14,1 L,+1.998
6793.559,5,14,1 L,+1.994
6795.766,5,14,1 L,+1.957
6798.164,5,14,1 L,+1.961
6798.845,5,14,1 L,+1.964
6802.369,5,14,1 L,+1.977
6805.182,5,14,1 L,+1.981
6807.557,5,14,1 L,+1.921
6812.604,5,14,1 L,+2.013
6815.973,5,14,1 L,+2.132
6820.284,5,14,1 L,+2.624
6823.597,5,14,1 L,+3.069
6827.794,5,14,1 L,+3.292
6833.772,5,14,1 L,+3.502
6839.612,5,14,1 L,+3.643
6843.782,5,14,1 L,+3.636
6848.918,5,14,1 L,+3.810
6852.389,5,14,1 L,+3.797
6855.923,5,14,1 L,+3.868
6857.954,5,14,1 L,+3.889
6866.115,5,14,1 L,+3.816
6871.443,5,14,1 L,+3.889
6874.693,5,14,1 L,+3.876
6878.068,5,14,1 L,+3.883
6880.381,5,14,1 L,+3.882
6882.787,5,14,1 L,+3.912
6883.506,5,14,1 L,+3.920
6886.99,5,14,1 L,+3.946
6889.824,5,14,1 L,+3.952
6892.131,5,14,1 L,+3.878
6897.116,5,14,1 L,+3.872
6900.319,5,14,1 L,+3.849
6904.194,5,14,1 L,+3.872
6907.084,5,14,1 L,+3.937
6910.959,5,14,1 L,+3.867
6916.84,5,14,1 L,+3.775
6922.585,5,14,1 L,+3.856
6926.741,5,14,1 L,+3.864
6931.788,5,14,1 L,+3.345
6935.226,5,14,1 L,+2.572
6938.71,5,14,1 L,+2.497
6940.741,5,14,1 L,+2.523
6948.82,5,14,1 L,+2.326
6954.148,5,14,1 L,+2.324
6957.362,5,14,1 L,+2.295
6960.716,5,14,1 L,+2.321
6962.96,5,14,1 L,+2.311
6965.351,5,14,1 L,+2.344
6966.031,5,14,1 L,+2.349
6969.554,5,14,1 L,+2.375
6972.362,5,14,1 L,+2.385
6974.711,5,14,1 L,+2.372
6979.68,5,14,1 L,+2.358
6982.856,5,14,1 L,+2.278
6986.752,5,14,1 L,+2.419
6989.642,5,14,1 L,+2.498
6993.551,5,14,1 L,+2.435
6999.52,5,14,1 L,+2.554
7005.24,5,14,1 L,+2.580
7009.376,5,14,1 L,+2.581
7014.416,5,14,1 L,+2.583
7017.873,5,14,1 L,+2.535
7021.361,5,14,1 L,+2.580
7023.408,5,14,1 L,+2.621
7031.502,5,14,1 L,+2.463
7036.814,5,14,1 L,+2.438
7040.064,5,14,1 L,+2.381
7043.439,5,14,1 L,+2.464
7045.736,5,14,1 L,+2.431
7048.171,5,14,1 L,+2.482
7048.842,5,14,1 L,+2.499
7052.352,5,14,1 L,+2.649
7055.195,5,14,1 L,+2.806
7057.524,5,14,1 L,+2.897
7062.617,5,14,1 L,+2.182
7065.838,5,14,1 L,+1.901
7069.719,5,14,1 L,+1.870
7072.611,5,14,1 L,+1.868
7076.456,5,14,1 L,+1.617
7082.467,5,14,1 L,+1.606
7088.251,5,14,1 L,+1.612
7092.423,5,14,1 L,+1.551
7097.47,5,14,1 L,+1.550
7100.939,5,14,1 L,+1.583
7104.423,5,14,1 L,+1.465
7106.486,5,14,1 L,+1.421
7114.689,5,14,1 L,+1.433
7120.08,5,14,1 L,+1.380
7123.299,5,14,1 L,+1.326
7126.72,5,14,1 L,+1.341
7128.982,5,14,1 L,+1.298
7131.39,5,14,1 L,+1.232
7132.077,5,14,1 L,+1.219
7135.577,5,14,1 L,+1.177
7138.374,5,14,1 L,+1.140
7140.702,5,14,1 L,+1.107
7145.812,5,14,1 L,+0.993
7149.068,5,14,1 L,+0.922
7152.934,5,14,1 L,+0.948
7159.796,5,14,1 L,+0.906
7165.782,5,14,1 L,+0.931
7171.517,5,14,1 L,+0.929
7175.63,5,14,1 L,+0.832
7180.706,5,14,1 L,+0.819
7184.206,5,14,1 L,+0.821
7187.753,5,14,1 L,+0.785
7189.768,5,14,1 L,+0.723
7198.096,5,14,1 L,+0.787
7203.534,5,14,1 L,+0.857
7206.878,5,14,1 L,+0.897
7210.221,5,14,1 L,+0.920
7212.55,5,14,1 L,+0.898
7215.018,5,14,1 L,+0.887
7215.69,5,14,1 L,+0.880
7219.145,5,14,1 L,+0.773
7221.815,5,14,1 L,+0.613
7224.159,5,14,1 L,+0.590
7229.362,5,14,1 L,+0.634
7232.661,5,14,1 L,+0.564
7236.602,5,14,1 L,+0.649
7239.477,5,14,1 L,+0.653
7243.462,5,14,1 L,+0.632
7249.493,5,14,1 L,+0.736
7255.227,5,14,1 L,+0.775
7259.321,5,14,1 L,+0.747
7264.446,5,14,1 L,+0.714
7267.923,5,14,1 L,+0.715
7271.472,5,14,1 L,+0.701
7273.518,5,14,1 L,+0.667
7282.117,5,14,1 L,+1.137
7287.621,5,14,1 L,+1.201
7290.871,5,14,1 L,+1.215
7294.293,5,14,1 L,+1.280
7296.699,5,14,1 L,+1.345
7299.184,5,14,1 L,+1.363
7299.887,5,14,1 L,+1.367
7303.434,5,14,1 L,+1.359
7306.246,5,14,1 L,+1.325
7308.465,5,15,1 L,+1.325
7308.606,5,15,1 L,+0.049
7314.066,5,15,1 L,+0.254
7317.582,5,15,1 L,+0.312
7321.691,5,15,1 L,+0.547
7324.582,5,15,1 L,+0.492
7328.722,5,15,1 L,+0.567
7334.863,5,15,1 L,+0.637
7340.691,5,15,1 L,+0.707
7344.848,5,15,1 L,+0.679
7349.988,5,15,1 L,+0.743
7353.504,5,15,1 L,+0.754
7359.119,5,15,1 L,+0.793
7367.65,5,15,1 L,+0.928
7373.181,5,15,1 L,+1.044
7376.525,5,15,1 L,+1.056
7379.947,5,15,1 L,+1.014
7382.275,5,15,1 L,+1.052
7384.713,5,15,1 L,+1.042
7385.418,5,15,1 L,+1.035
7388.893,5,15,1 L,+0.996
7391.699,5,15,1 L,+0.943
7394.103,5,15,1 L,+0.973
7399.239,5,15,1 L,+0.985
7402.569,5,15,1 L,+0.947
7406.618,5,15,1 L,+0.993
7409.483,5,15,1 L,+0.967
7413.554,5,15,1 L,+1.013
7419.565,5,15,1 L,+1.135
7425.376,5,15,1 L,+1.290
7429.519,5,15,1 L,+1.291
7434.722,5,15,1 L,+1.313
7438.238,5,15,1 L,+1.395
7441.956,5,15,1 L,+1.489
7443.967,5,15,1 L,+1.542
7452.451,5,15,1 L,+1.763
7457.847,5,15,1 L,+1.811
7461.137,5,15,1 L,+1.802
7464.556,5,15,1 L,+1.795
7466.922,5,15,1 L,+1.791
7469.303,5,15,1 L,+1.711
7470.0,5,15,1 L,+1.695
7473.492,5,15,1 L,+1.658
7476.342,5,15,1 L,+1.625
7478.693,5,15,1 L,+1.596
7483.864,5,15,1 L,+1.636
7487.255,5,15,1 L,+1.622
7491.229,5,15,1 L,+1.673
7494.057,5,15,1 L,+1.646
7498.001,5,15,1 L,+1.563
7503.933,5,15,1 L,+1.591
7509.747,5,15,1 L,+1.698
7513.898,5,15,1 L,+1.711
7519.014,5,15,1 L,+1.686
7522.559,5,15,1 L,+1.717
7526.136,5,15,1 L,+1.733
7528.148,5,15,1 L,+1.774
7536.455,5,15,1 L,+1.611
7541.961,5,15,1 L,+1.686
7545.347,5,15,1 L,+1.651
7548.746,5,15,1 L,+1.648
7551.063,5,15,1 L,+1.716
7553.436,5,15,1 L,+1.669
7554.206,5,15,1 L,+1.658
7557.655,5,15,1 L,+1.628
7560.493,5,15,1 L,+1.597
7562.898,5,15,1 L,+1.573
7567.986,5,15,1 L,+1.598
7571.252,5,15,1 L,+1.522
7575.205,5,15,1 L,+1.504
7578.074,5,15,1 L,+1.475
7582.04,5,15,1 L,+1.497
7588.052,5,15,1 L,+1.542
7593.804,5,15,1 L,+1.553
7597.97,5,15,1 L,+1.516
7603.267,5,15,1 L,+1.591
7606.611,5,15,1 L,+1.634
7610.176,5,15,1 L,+1.630
7612.223,5,15,1 L,+1.669
7620.493,5,15,1 L,+1.742
7625.915,5,15,1 L,+1.741
7629.243,5,15,1 L,+1.720
7632.618,5,15,1 L,+1.706
7634.946,5,15,1 L,+1.713
7637.43,5,15,1 L,+1.693
7638.134,5,15,1 L,+1.685
7641.649,5,15,1 L,+1.660
7644.462,5,15,1 L,+1.626
7646.821,5,15,1 L,+1.601
7651.921,5,15,1 L,+1.610
7655.156,5,15,1 L,+1.493
7659.187,5,15,1 L,+1.470
7662.046,5,15,1 L,+1.438
7666.031,5,15,1 L,+1.406
7672.046,5,15,1 L,+1.453
7677.834,5,15,1 L,+1.551
7681.999,5,15,1 L,+1.521
7687.157,5,15,1 L,+1.586
7690.63,5,15,1 L,+1.598
7694.224,5,15,1 L,+1.630
7696.261,5,15,1 L,+1.647
7704.634,5,15,1 L,+1.685
7710.102,5,15,1 L,+1.737
7713.446,5,15,1 L,+1.689
7716.79,5,15,1 L,+1.657
7719.102,5,15,1 L,+1.685
7721.54,5,15,1 L,+1.657
7722.212,5,15,1 L,+1.650
7725.727,5,15,1 L,+1.631
7728.54,5,15,1 L,+1.606
7730.884,5,15,1 L,+1.542
7736.04,5,15,1 L,+1.592
7739.356,5,15,1 L,+1.521
7743.481,5,15,1 L,+1.585
7746.372,5,15,1 L,+1.561
7750.356,5,15,1 L,+1.483
7756.435,5,15,1 L,+1.601
7762.278,5,15,1 L,+1.642
7766.388,5,15,1 L,+1.591
7771.591,5,15,1 L,+1.625
7775.059,5,15,1 L,+1.629
7780.653,5,15,1 L,+1.665
7788.957,5,15,1 L,+1.623
7794.552,5,15,1 L,+1.680
7797.911,5,15,1 L,+1.637
7801.411,5,15,1 L,+1.786
7825.863,5,16,1 L,+1.786
7839.535,5,16,2 L,+10.667
7842.441,5,16,2 L,+11.251
7847.776,5,16,2 L,+11.536
7850.978,5,16,2 L,+11.381
7854.822,5,16,2 L,+11.263
7857.739,5,16,2 L,+11.249
7861.672,5,16,2 L,+11.026
7867.459,5,16,2 L,+10.808
7872.992,5,16,2 L,+10.482
7877.056,5,16,2 L,+10.341
7881.898,5,16,2 L,+10.098
7885.273,5,16,2 L,+9.962
7888.742,5,16,2 L,+9.816
7890.773,5,16,2 L,+9.832
7898.653,5,16,2 L,+9.368
7903.876,5,16,2 L,+9.028
7907.142,5,16,2 L,+8.851
7910.579,5,16,2 L,+8.841
7912.892,5,16,2 L,+8.810
7915.297,5,16,2 L,+8.732
7916.002,5,16,2 L,+8.718
7919.498,5,16,2 L,+8.679
7922.376,5,16,2 L,+8.637
7924.682,5,16,2 L,+8.571
7929.658,5,16,2 L,+8.414
7932.832,5,16,2 L,+8.324
7936.597,5,16,2 L,+8.047
7939.441,5,16,2 L,+7.588
7943.269,5,16,2 L,+6.759
7948.925,5,16,2 L,+5.578
7954.488,5,16,2 L,+5.214
7958.504,5,16,2 L,+4.981
7963.457,5,16,2 L,+4.682
7966.847,5,16,2 L,+4.441
7970.301,5,16,2 L,+4.127
7972.332,5,16,2 L,+3.600
7980.363,5,16,2 L,+2.988
7985.598,5,16,2 L,+2.619
7988.797,5,16,2 L,+2.328
7992.177,5,16,2 L,+2.131
7994.381,5,16,2 L,+1.950
7996.761,5,16,2 L,+1.802
7997.502,5,16,2 L,+1.778
8000.91,5,16,2 L,+1.725
8004.012,5,16,2 L,+0.697
8005.993,5,16,2 L,+0.119
8011.29,5,15,2 L,+0.119
8011.368,5,15,2 L,+1.706
8014.633,5,15,2 L,+1.654
8018.399,5,15,2 L,+1.384
8021.258,5,15,2 L,+1.354
8025.18,5,15,2 L,+1.121
8030.968,5,15,2 L,+0.894
8036.671,5,15,2 L,+0.673
8040.858,5,15,2 L,+0.684
8045.843,5,15,2 L,+0.550
8049.296,5,15,2 L,+0.445
8052.72,5,15,2 L,+0.329
8054.684,5,15,2 L,+0.335
8063.044,5,15,2 L,+0.334
8068.434,5,15,2 L,+0.205
8071.512,5,14,2 L,+0.205
8071.606,5,14,2 L,+18.607
8074.95,5,14,2 L,+18.474
8077.153,5,14,2 L,+18.326
8079.528,5,14,2 L,+18.195
8080.216,5,14,2 L,+18.175
8083.716,5,14,2 L,+18.144
8086.591,5,14,2 L,+18.132
8088.903,5,14,2 L,+18.116
8093.81,5,14,2 L,+17.872
8096.966,5,14,2 L,+17.552
8100.653,5,14,2 L,+17.266
8103.497,5,14,2 L,+17.212
8107.388,5,14,2 L,+17.079
8113.091,5,14,2 L,+16.895
8118.716,5,14,2 L,+16.640
8122.803,5,14,2 L,+16.538
8127.798,5,14,2 L,+16.405
8131.165,5,14,2 L,+16.232
8134.556,5,14,2 L,+16.070
8136.587,5,14,2 L,+16.104
8144.681,5,14,2 L,+15.721
8149.932,5,14,2 L,+15.521
8153.087,5,14,2 L,+15.299
8156.431,5,14,2 L,+15.144
8158.697,5,14,2 L,+15.100
8161.041,5,14,2 L,+14.990
8161.822,5,14,2 L,+14.968
8165.228,5,14,2 L,+14.912
8168.056,5,14,2 L,+14.864
8170.427,5,14,2 L,+14.845
8175.433,5,14,2 L,+14.726
8178.589,5,14,2 L,+14.560
8182.477,5,14,2 L,+14.398
8185.307,5,14,2 L,+14.349
8189.15,5,14,2 L,+14.192
8195.104,5,14,2 L,+14.131
8200.76,5,14,2 L,+13.975
8204.838,5,14,2 L,+13.880
8209.878,5,14,2 L,+13.790
8213.27,5,14,2 L,+13.766
8216.724,5,14,2 L,+13.661
8218.751,5,14,2 L,+13.695
8226.889,5,14,2 L,+13.454
8232.118,5,14,2 L,+13.267
8235.328,5,14,2 L,+13.099
8238.616,5,14,2 L,+12.981
8240.882,5,14,2 L,+12.939
8243.257,5,14,2 L,+12.805
8243.929,5,14,2 L,+12.780
8247.46,5,14,2 L,+12.713
8250.273,5,14,2 L,+12.663
8252.632,5,14,2 L,+12.669
8257.648,5,14,2 L,+12.549
8260.867,5,14,2 L,+12.410
8264.742,5,14,2 L,+12.320
8267.648,5,14,2 L,+12.293
8271.46,5,14,2 L,+12.097
8277.612,5,14,2 L,+12.089
8283.087,5,14,2 L,+12.068
8287.198,5,14,2 L,+12.005
8292.198,5,14,2 L,+11.963
8295.573,5,14,2 L,+11.911
8299.074,5,14,2 L,+11.797
8301.061,5,14,2 L,+11.810
8309.198,5,14,2 L,+11.659
8314.464,5,14,2 L,+11.523
8317.714,5,14,2 L,+11.375
8321.058,5,14,2 L,+11.293
8323.355,5,14,2 L,+11.280
8325.761,5,14,2 L,+11.232
8326.511,5,14,2 L,+11.219
8329.995,5,14,2 L,+11.169
8332.808,5,14,2 L,+11.113
8335.183,5,14,2 L,+11.103
8340.214,5,14,2 L,+11.036
8343.386,5,14,2 L,+10.860
8347.292,5,14,2 L,+10.729
8350.12,5,14,2 L,+10.694
8354.042,5,14,2 L,+10.536
8359.868,5,14,2 L,+10.437
8365.565,5,14,2 L,+10.397
8369.686,5,14,2 L,+10.365
8374.687,5,14,2 L,+10.340
8378.077,5,14,2 L,+10.200
8381.546,5,14,2 L,+10.064
8383.546,5,14,2 L,+10.061
8391.712,5,14,2 L,+7.059
8397.011,5,13,2 L,+7.059
8397.121,5,13,2 L,+32.908
8400.418,5,13,2 L,+32.843
8403.762,5,13,2 L,+32.813
8406.058,5,13,2 L,+32.781
8408.543,5,13,2 L,+32.889
8409.512,5,13,2 L,+33.140
8416.402,5,13,2 L,+36.568
8423.062,5,13,2 L,+40.364
8426.827,5,13,2 L,+41.665
8432.124,5,13,2 L,+41.907
8435.843,5,13,2 L,+42.291
8440.467,5,13,2 L,+42.984
8443.608,5,13,2 L,+43.313
8447.952,5,13,2 L,+43.609
8455.03,5,13,2 L,+42.109
8463.427,5,13,2 L,+43.638
8469.406,5,13,2 L,+44.145
8475.054,5,13,2 L,+44.103
8478.843,5,13,2 L,+42.856
8483.14,5,13,2 L,+42.499
8486.047,5,13,2 L,+42.860
8496.031,5,13,2 L,+42.288
8502.206,5,13,2 L,+42.482
8507.126,5,13,2 L,+42.374
8512.136,5,13,2 L,+42.944
8518.366,5,13,2 L,+43.036
8519.507,5,13,2 L,+43.033
8525.559,5,13,2 L,+43.391
8530.512,5,13,2 L,+44.804
8534.137,5,13,2 L,+45.307
8539.794,5,13,2 L,+205.919
8543.622,5,13,2 L,+206.615
8548.465,5,13,2 L,+207.599
8551.965,5,13,2 L,+208.200
8555.997,5,13,2 L,+208.457
8562.729,5,13,2 L,+209.313
8571.244,5,13,2 L,+209.320
8578.692,5,12,2 L,+209.320
8578.768,5,12,2 L,+44.269
8584.393,5,12,2 L,+44.128
8588.047,5,12,2 L,+43.791
8591.598,5,12,2 L,+162.817
8593.723,5,12,2 L,+161.189
8603.317,5,12,2 L,+160.813
8610.637,5,12,2 L,+162.107
8615.31,5,12,2 L,+162.143
8619.703,5,12,2 L,+159.721
8627.078,5,12,2 L,+42.970
8631.782,5,11,2 L,+42.970
8631.86,5,11,2 L,+42.333
8635.391,5,11,2 L,+42.038
8638.61,5,11,2 L,+42.126
8643.782,5,11,2 L,+41.366
8647.0,5,11,2 L,+40.461
8650.954,5,11,2 L,+39.540
8653.829,5,11,2 L,+38.847
8657.813,5,11,2 L,+37.853
8664.804,5,11,2 L,+37.155
8670.593,5,11,2 L,+36.069
8674.744,5,11,2 L,+33.817
8679.748,5,11,2 L,+33.795
8683.2,5,11,2 L,+33.718
8686.747,5,11,2 L,+33.745
8696.981,5,11,2 L,+33.614
8702.31,5,11,2 L,+33.467
8705.497,5,11,2 L,+33.304
8708.857,5,11,2 L,+33.226
8711.054,5,11,2 L,+33.087
8713.458,5,11,2 L,+33.059
8714.145,5,11,2 L,+33.051
8717.614,5,11,2 L,+33.007
8720.458,5,11,2 L,+32.981
8722.88,5,11,2 L,+32.963
8727.786,5,11,2 L,+32.838
8730.907,5,11,2 L,+32.703
8734.704,5,11,2 L,+32.591
8737.611,5,11,2 L,+32.688
8741.517,5,11,2 L,+32.613
8747.361,5,11,2 L,+32.483
8753.002,5,11,2 L,+32.405
8757.032,5,11,2 L,+32.326
8762.095,5,11,2 L,+32.400
8765.514,5,11,2 L,+32.354
8768.968,5,11,2 L,+32.327
8770.938,5,11,2 L,+32.300
8779.091,5,11,2 L,+32.147
8784.305,5,11,2 L,+31.956
8787.509,5,11,2 L,+31.822
8790.805,5,11,2 L,+31.805
8793.04,5,11,2 L,+31.720
8795.43,5,11,2 L,+31.670
8796.118,5,11,2 L,+31.662
9036.717,5,11,2L,+31.662
6.86,43,13,,
3229.746,43,13,+1.380,
3232.293,43,11,+1.380,
3232.371,43,11,+1.132,+0.019
3235.262,43,9,+1.132,+0.019
3235.34,43,9,+1.340,+0.320
3235.699,43,10,+1.340,+0.320
3240.792,43,11,+1.340,+0.320
3240.979,43,11,+1.824,+0.142
3244.382,43,11,+2.197,+0.215
3248.383,43,11,+2.625,+0.191
3251.37,43,11,+2.675,+0.221
3255.794,43,11,+3.261,+0.287
3261.883,43,11,+3.710,+0.340
3267.8,43,11,+4.137,+0.466
3272.24,43,11,+4.507,+0.420
3277.546,43,11,+5.189,+0.377
3281.198,43,11,+5.474,+0.358
3284.651,43,11,+5.612,+0.207
3286.698,43,11,+5.695,+0.255
3295.216,43,11,+6.308,+0.599
3300.716,43,11,+6.843,+0.616
3304.013,43,11,+6.922,+0.608
3307.482,43,11,+6.968,+0.589
3309.716,43,11,+7.040,+0.579
3312.091,43,11,+7.041,+0.533
3312.763,43,11,+7.032,+0.527
3316.21,43,11,+6.863,+0.518
3318.932,43,11,+6.690,+0.544
3321.413,43,11,+6.827,+0.595
3326.601,43,11,+7.212,+0.563
3329.835,43,11,+7.337,+0.582
3333.68,43,11,+7.431,+0.492
3336.538,43,11,+7.358,+0.406
3340.866,43,11,+7.781,+0.586
3346.882,43,11,+8.032,+0.461
3352.679,43,11,+8.378,+0.532
3357.086,43,11,+8.568,+0.704
3362.089,43,11,+8.801,+0.617
3365.62,43,11,+8.946,+0.480
3369.12,43,11,+8.994,+0.380
3371.214,43,11,+9.053,+0.383
3379.667,43,11,+9.538,+0.459
3384.995,43,11,+9.774,+0.464
3388.308,43,11,+9.789,+0.510
3391.685,43,11,+9.706,+0.518
3393.955,43,11,+9.753,+0.497
3396.346,43,11,+9.784,+0.493
3397.04,43,11,+9.779,+0.491
3400.417,43,11,+9.629,+0.471
3403.121,43,11,+9.451,+0.451
3405.605,43,11,+9.540,+0.542
3410.793,43,11,+9.861,+0.591
3414.027,43,11,+10.009,+0.557
3417.996,43,11,+10.217,+0.565
3420.871,43,11,+10.178,+0.596
3425.152,43,11,+10.555,+0.606
3431.168,43,11,+10.776,+0.651
3436.949,43,11,+11.062,+0.718
3441.262,43,11,+11.220,+0.776
3446.277,43,11,+11.411,+0.686
3449.777,43,11,+11.576,+0.568
3453.34,43,11,+11.736,+0.523
3455.402,43,11,+11.797,+0.525
3463.856,43,11,+12.187,+0.641
3469.215,43,11,+12.356,+0.612
3472.59,43,11,+12.446,+0.678
3475.965,43,11,+12.462,+0.721
3478.293,43,11,+12.578,+0.731
3480.715,43,11,+12.652,+0.773
3481.387,43,11,+12.660,+0.780
3484.82,43,11,+12.555,+0.727
3487.577,43,11,+12.398,+0.641
3490.04,43,11,+12.525,+0.723
3495.148,43,11,+12.822,+0.719
3498.449,43,11,+12.914,+0.640
3502.434,43,11,+13.104,+0.738
3505.331,43,11,+13.079,+0.810
3509.588,43,11,+13.434,+0.868
3515.682,43,11,+13.719,+1.081
3521.416,43,11,+13.885,+1.108
3525.697,43,11,+13.954,+1.154
3530.742,43,11,+14.110,+1.160
3534.186,43,11,+14.215,+1.086
3537.71,43,11,+14.289,+1.001
3539.793,43,11,+14.346,+0.994
3548.092,43,11,+14.494,+0.784
3553.663,43,11,+14.751,+0.830
3557.003,43,11,+14.826,+0.872
3560.385,43,11,+14.827,+0.854
3562.666,43,11,+14.940,+0.830
3565.119,43,11,+15.008,+0.867
3565.787,43,11,+15.013,+0.872
3569.233,43,11,+14.906,+0.807
3571.92,43,11,+14.730,+0.691
3574.342,43,11,+14.769,+0.687
3579.6,43,11,+15.122,+0.755
3582.987,43,11,+15.310,+0.803
3587.008,43,11,+15.434,+0.801
3589.863,43,11,+15.414,+0.865
3594.163,43,11,+15.760,+0.962
3600.243,43,11,+16.002,+1.048
3606.039,43,11,+16.112,+1.105
3610.373,43,11,+16.204,+1.145
3615.42,43,11,+16.357,+1.193
3618.889,43,11,+16.483,+1.156
3622.436,43,11,+16.581,+1.084
3624.529,43,11,+16.667,+1.110
3632.956,43,11,+16.905,+1.151
3638.442,43,11,+17.180,+1.210
3641.786,43,11,+17.222,+1.225
3645.192,43,11,+17.292,+1.226
3647.551,43,11,+17.402,+1.184
3650.031,43,11,+17.484,+1.202
3650.701,43,11,+17.495,+1.205
3654.211,43,11,+17.476,+1.198
3657.036,43,11,+17.386,+1.182
3659.5,43,11,+17.463,+1.288
3664.695,43,11,+17.660,+1.111
3668.019,43,11,+17.766,+1.052
3672.005,43,11,+17.958,+1.062
3674.924,43,11,+18.010,+1.117
3679.221,43,11,+18.307,+1.181
3685.294,43,11,+18.617,+1.209
3691.096,43,11,+18.793,+1.262
3695.415,43,11,+18.941,+1.295
3700.464,43,11,+19.134,+1.216
3703.933,43,11,+19.306,+1.086
3707.511,43,11,+19.413,+1.028
3709.574,43,11,+19.411,+0.996
3717.84,43,11,+19.565,+0.816
3723.417,43,11,+19.826,+0.834
3726.871,43,11,+19.897,+0.807
3730.48,43,11,+19.879,+0.769
3732.512,43,11,+19.931,+0.739
3734.96,43,11,+19.969,+0.742
3735.904,43,11,+19.970,+0.739
3739.094,43,11,+19.870,+0.667
3741.827,43,11,+19.695,+0.537
3744.296,43,11,+19.825,+0.613
3749.546,43,11,+20.142,+0.664
3752.968,43,11,+20.364,+0.659
3757.046,43,11,+20.552,+0.598
3759.952,43,11,+20.604,+0.623
3764.321,43,11,+21.020,+0.755
3770.187,43,12,+21.020,+0.755
3770.568,43,12,+21.449,+0.307
3776.551,43,12,+21.810,+0.473
3780.972,43,12,+22.045,+0.685
3786.268,43,12,+22.477,+0.769
3789.815,43,12,+22.684,+0.865
3793.44,43,12,+22.810,+0.903
3795.503,43,12,+22.785,+0.885
3803.971,43,12,+23.069,+0.808
3809.615,43,12,+23.343,+0.961
3813.005,43,12,+23.442,+0.975
3816.49,43,12,+23.476,+1.016
3818.849,43,12,+23.588,+1.034
3821.439,43,12,+23.707,+1.078
3822.084,43,12,+23.722,+1.088
3825.562,43,12,+23.651,+1.119
3828.266,43,12,+23.491,+1.116
3830.761,43,12,+23.590,+1.102
3835.963,43,12,+23.881,+1.093
3839.385,43,12,+24.035,+1.185
3843.494,43,12,+24.293,+1.327
3846.452,43,12,+24.377,+1.400
3850.665,43,12,+24.673,+1.291
3856.907,43,12,+24.944,+1.383
3862.75,43,12,+25.063,+1.413
3867.047,43,12,+25.229,+1.470
3872.161,43,12,+25.367,+1.336
3875.725,43,12,+25.527,+1.380
3879.335,43,12,+25.593,+1.440
3881.413,43,12,+25.591,+1.470
3889.741,43,12,+25.708,+1.270
3895.298,43,12,+25.881,+1.358
3898.704,43,12,+25.880,+1.324
3902.079,43,12,+25.867,+1.318
3904.423,43,12,+25.964,+1.304
3906.97,43,12,+26.023,+1.303
3907.642,43,12,+26.030,+1.307
3911.157,43,12,+26.009,+1.389
3914.001,43,12,+25.957,+1.510
3916.485,43,12,+26.061,+1.720
3921.689,43,12,+26.247,+1.039
3925.165,43,12,+26.448,+0.940
3929.167,43,12,+26.565,+0.989
3932.114,43,12,+26.596,+1.027
3936.314,43,12,+26.858,+0.987
3942.472,43,12,+27.063,+1.101
3948.367,43,12,+27.277,+1.111
3952.735,43,12,+27.432,+1.214
3957.983,43,12,+27.787,+1.246
3961.577,43,12,+28.029,+1.325
3965.207,43,12,+28.164,+1.373
3967.258,43,12,+28.179,+1.384
3975.664,43,12,+28.349,+1.302
3981.289,43,12,+28.642,+1.435
3984.727,43,12,+28.727,+1.417
3988.164,43,12,+28.765,+1.443
3990.633,43,12,+28.930,+1.522
3993.133,43,12,+29.006,+1.567
3993.821,43,12,+29.016,+1.577
3997.352,43,12,+29.003,+1.665
4000.18,43,12,+28.957,+1.781
4002.68,43,12,+29.064,+1.880
4007.927,43,12,+29.333,+1.825
4011.349,43,12,+29.492,+1.895
4015.364,43,12,+29.671,+2.083
4018.349,43,12,+29.742,+2.214
4022.614,43,12,+30.107,+2.024
4028.818,43,12,+30.304,+2.058
4034.677,43,12,+30.465,+1.978
4038.99,43,12,+30.612,+2.014
4044.099,43,12,+30.694,+1.921
4047.662,43,12,+30.892,+1.805
4051.318,43,12,+30.984,+1.809
4053.427,43,12,+31.055,+1.855
4061.88,43,12,+31.188,+1.683
4067.516,43,12,+31.398,+1.665
4070.915,43,12,+31.460,+1.618
4074.434,43,12,+31.498,+1.602
4076.796,43,12,+31.574,+1.560
4079.243,43,12,+31.604,+1.529
4079.916,43,12,+31.608,+1.525
4083.446,43,12,+31.573,+1.510
4086.265,43,12,+31.519,+1.496
4088.784,43,12,+31.639,+1.530
4093.968,43,12,+31.750,+1.480
4097.346,43,12,+31.829,+1.394
4101.326,43,12,+31.956,+1.297
4104.248,43,12,+32.006,+1.332
4108.553,43,12,+32.288,+1.434
4114.6,43,12,+32.383,+1.420
4120.454,43,12,+32.517,+1.442
4124.703,43,12,+32.575,+1.498
4130.0,43,12,+32.863,+1.643
4133.5,43,12,+32.980,+1.588
4137.141,43,12,+33.091,+1.561
4139.203,43,12,+33.142,+1.592
4147.634,43,12,+33.231,+1.487
4153.228,43,12,+33.437,+1.468
4156.635,43,12,+33.512,+1.444
4160.072,43,12,+33.540,+1.407
4162.494,43,12,+33.616,+1.377
4164.963,43,12,+33.618,+1.354
4165.65,43,12,+33.617,+1.349
4169.088,43,11,+33.617,+1.349
4169.169,43,11,+33.583,+1.324
4171.99,43,11,+33.536,+1.296
4174.513,43,11,+33.657,+1.379
4179.684,43,11,+33.763,+1.269
4183.059,43,11,+33.869,+1.201
4187.091,43,11,+34.043,+1.153
4190.013,43,11,+34.078,+1.165
4194.216,43,11,+34.245,+1.173
4200.31,43,11,+34.369,+1.196
4206.169,43,11,+34.505,+1.270
4210.482,43,11,+34.604,+1.380
4215.716,43,11,+34.803,+1.509
4219.216,43,11,+34.917,+1.474
4222.857,43,11,+35.045,+1.476
4224.95,43,11,+29.758,+1.492
4233.294,43,11,+29.967,+1.364
4238.87,43,11,+30.155,+1.323
4242.309,43,11,+30.168,+1.242
4245.806,43,11,+30.329,+1.287
4252.354,43,12,+30.329,+1.287
4258.71,43,13,+30.329,+1.287
4261.826,43,14,+30.329,+1.287
4262.801,43,15,+30.329,+1.287
4263.848,43,16,+30.329,+1.287
4265.369,43,17,+30.329,+1.287
4272.369,43,18,+30.329,+1.287
4279.815,43,19,+30.329,+1.287
4280.689,43,19,+53.318,+0.783
4283.567,43,19,+53.822,+1.144
4289.051,43,19,+54.186,+1.328
4292.395,43,19,+54.232,+1.233
4296.161,43,19,+54.136,+0.956
4299.067,43,19,+54.059,+0.862
4303.19,43,19,+54.242,+0.701
4309.059,43,19,+54.162,+0.440
4314.718,43,19,+54.099,+0.249
4318.761,43,18,+54.099,+0.249
4318.839,43,18,+53.956,+5.865
4324.057,43,18,+54.123,+6.092
4327.549,43,18,+54.209,+6.089
4331.101,43,18,+54.285,+6.187
4333.253,43,18,+54.427,+6.289
4341.523,43,18,+54.576,+6.227
4346.929,43,18,+54.534,+6.261
4350.194,43,18,+54.431,+6.170
4353.728,43,18,+54.607,+6.217
4356.089,43,18,+54.735,+6.229
4358.495,43,18,+54.698,+6.229
4359.167,43,18,+54.692,+6.225
4362.651,43,16,+54.692,+6.225
4362.73,43,16,+54.669,+6.225
4365.573,43,16,+54.676,+4.862
4368.041,43,16,+54.737,+4.342
4373.073,43,16,+54.744,+3.934
4376.401,43,16,+54.885,+3.962
4380.166,43,16,+54.683,+3.831
4383.01,43,16,+54.632,+3.703
4387.104,43,16,+54.702,+3.653
4392.917,43,16,+54.605,+3.557
4398.667,43,16,+54.624,+3.633
4402.823,43,16,+46.995,+3.584
4407.87,43,16,+46.939,+3.514
4411.401,43,16,+47.103,+3.401
4414.979,43,16,+47.129,+3.353
4417.042,43,16,+47.174,+3.343
4425.307,43,16,+47.204,+3.205
4430.651,43,16,+47.175,+3.162
4434.011,43,16,+47.120,+3.176
4437.449,43,16,+47.086,+3.048
4439.822,43,16,+47.079,+3.032
4442.228,43,16,+47.063,+3.044
4442.949,43,16,+51.404,+3.044
4446.38,43,14,+51.404,+3.044
4446.474,43,14,+47.007,+3.035
4449.333,43,14,+46.935,+3.014
4451.74,43,14,+46.938,+3.009
4456.818,43,14,+46.886,+2.967
4460.15,43,14,+46.885,+3.024
4464.038,43,14,+46.824,+2.964
4466.937,43,14,+46.776,+2.894
4471.062,43,14,+46.816,+2.752
4476.949,43,14,+46.901,+2.604
4482.819,43,14,+47.040,+2.685
4487.101,43,14,+47.111,+2.620
4492.065,43,14,+47.086,+2.488
4495.518,43,14,+47.100,+2.457
4499.018,43,14,+47.068,+2.439
4501.096,43,14,+47.097,+2.441
4509.428,43,14,+47.074,+2.424
4514.721,43,14,+47.010,+2.366
4517.996,43,14,+46.946,+2.361
4521.351,43,14,+46.885,+2.256
4523.627,43,14,+46.853,+2.125
4526.002,43,14,+46.797,+2.047
4526.815,43,14,+46.780,+2.031
4530.127,43,13,+46.780,+2.031
4530.205,43,13,+46.712,+1.977
4533.018,43,13,+46.617,+1.937
4535.519,43,13,+46.646,+1.869
4540.638,43,13,+46.738,+1.830
4543.966,43,13,+46.724,+1.880
4547.871,43,13,+46.678,+1.856
4550.786,43,13,+46.613,+1.871
4554.919,43,13,+46.762,+2.008
4560.857,43,13,+46.856,+2.033
4566.698,43,13,+43.653,+2.051
4570.89,43,13,+43.704,+2.068
4576.078,43,13,+43.908,+2.179
4579.521,43,13,+44.024,+2.163
4583.019,43,13,+44.100,+2.121
4585.074,43,13,+44.141,+2.138
4593.333,43,13,+44.226,+2.090
4598.819,43,13,+44.421,+2.153
4602.12,43,13,+44.397,+2.144
4605.523,43,13,+44.445,+2.172
4607.871,43,13,+44.579,+2.241
4610.356,43,13,+44.645,+2.241
4611.043,43,13,+44.655,+2.240
4614.568,43,13,+44.647,+2.226
4617.44,43,13,+44.614,+2.217
4619.86,43,13,+44.692,+2.269
4624.944,43,13,+44.871,+2.272
4628.272,43,13,+45.023,+2.253
4632.111,43,13,+45.096,+2.225
4635.031,43,13,+45.143,+2.200
4639.152,43,13,+45.320,+2.224
4645.172,43,13,+45.504,+2.211
4650.969,43,13,+45.760,+2.271
4655.152,43,13,+45.822,+2.222
4660.169,43,13,+45.975,+2.115
4663.653,43,13,+46.154,+2.093
4667.216,43,13,+46.298,+2.108
4669.247,43,13,+46.336,+2.117
4677.553,43,13,+46.462,+2.050
4683.077,43,13,+46.740,+2.078
4686.43,43,13,+46.839,+2.117
4690.112,43,13,+46.938,+2.115
4692.197,43,13,+47.108,+2.102
4694.675,43,13,+47.209,+2.107
4695.422,43,13,+47.222,+2.106
4698.875,43,13,+47.222,+2.096
4701.719,43,13,+47.192,+2.088
4704.125,43,13,+47.242,+2.056
4709.235,43,13,+47.367,+2.062
4712.547,43,13,+47.528,+2.093
4716.391,43,13,+47.614,+1.964
4719.266,43,13,+47.648,+1.879
4723.439,43,13,+47.849,+1.915
4729.438,43,13,+47.993,+1.914
4735.204,43,13,+48.184,+1.934
4739.438,43,13,+48.265,+1.921
4744.454,43,13,+48.288,+1.709
4747.844,43,13,+48.389,+1.583
4751.36,43,13,+48.468,+1.541
4753.454,43,13,+48.488,+1.540
4761.766,43,13,+48.696,+1.396
4767.345,43,13,+48.922,+1.357
4770.579,43,13,+48.942,+1.334
4773.97,43,13,+49.018,+1.316
4776.313,43,13,+49.135,+1.294
4778.751,43,13,+49.180,+1.294
4779.407,43,12,+49.180,+1.294
4779.426,43,12,+49.184,+1.292
4782.939,43,12,+49.154,+1.332
4785.751,43,12,+49.103,+1.394
4788.157,43,12,+49.135,+1.368
4793.17,43,12,+49.228,+1.379
4796.405,43,12,+49.309,+1.382
4800.197,43,12,+49.250,+1.316
4803.051,43,12,+49.236,+1.234
4807.21,43,12,+49.380,+1.267
4813.094,43,12,+49.436,+1.184
4818.854,43,12,+49.559,+1.094
4823.123,43,12,+49.634,+1.123
4828.061,43,12,+49.703,+1.029
4831.498,43,12,+49.817,+0.978
4835.064,43,12,+49.897,+0.942
4837.815,43,12,+50.621,+1.672
4846.372,43,13,+50.621,+1.672
4847.09,43,13,+51.682,+0.602
4852.683,43,13,+51.917,+0.816
4856.058,43,13,+51.995,+0.858
4859.554,43,13,+52.122,+0.950
4861.923,43,13,+52.260,+0.980
4864.373,43,13,+52.350,+0.973
4865.072,43,13,+52.361,+0.969
4868.52,43,13,+52.283,+0.887
4871.236,43,13,+52.156,+0.786
4873.686,43,13,+52.229,+0.891
4878.79,43,13,+52.437,+0.976
4882.184,43,13,+52.626,+1.074
4886.105,43,13,+52.674,+1.078
4888.934,43,13,+52.704,+1.081
4893.168,43,13,+52.898,+1.203
4899.076,43,13,+52.999,+1.298
4904.936,43,13,+53.169,+1.392
4909.187,43,13,+53.268,+1.420
4914.327,43,13,+53.452,+1.368
4917.798,43,13,+53.632,+1.421
4921.379,43,13,+53.772,+1.401
4923.483,43,13,+53.827,+1.427
4931.846,43,13,+53.916,+1.547
4937.301,43,13,+54.076,+1.655
4940.679,43,13,+54.128,+1.631
4944.028,43,13,+54.137,+1.597
4946.325,43,13,+54.220,+1.603
4948.804,43,13,+54.261,+1.566
4949.455,43,13,+54.265,+1.560
4952.962,43,13,+54.249,+1.540
4955.815,43,13,+54.223,+1.532
4958.275,43,13,+54.307,+1.596
4963.335,43,13,+54.360,+1.632
4966.69,43,13,+54.539,+1.733
4970.553,43,13,+54.572,+1.655
4973.42,43,13,+54.572,+1.629
4977.579,43,13,+54.748,+1.770
4983.521,43,13,+54.843,+1.880
4989.316,43,13,+55.020,+1.957
4993.519,43,13,+55.061,+2.023
4998.613,43,13,+55.267,+2.031
5002.084,43,13,+55.373,+2.074
5005.615,43,13,+55.476,+2.067
5007.694,43,13,+55.514,+2.087
5015.937,43,13,+55.444,+2.006
5021.407,43,13,+55.588,+2.020
5024.745,43,13,+55.621,+1.910
5028.088,43,13,+55.635,+1.878
5030.448,43,13,+55.742,+1.893
5032.875,43,13,+55.798,+1.873
5033.561,43,13,+55.806,+1.868
5037.097,43,13,+55.810,+1.873
5039.919,43,13,+55.795,+1.885
5042.361,43,13,+55.861,+1.932
5047.441,43,13,+55.979,+1.908
5050.691,43,13,+56.121,+1.973
5054.519,43,13,+56.146,+1.869
5057.376,43,13,+56.150,+1.847
5061.5,43,13,+56.238,+1.910
5067.438,43,13,+56.288,+2.003
5073.234,43,13,+56.345,+2.084
5077.503,43,13,+56.321,+2.116
5082.629,43,13,+56.479,+2.100
5086.05,43,13,+56.584,+2.035
5089.676,43,13,+56.795,+2.085
5091.754,43,13,+56.854,+2.123
5100.087,43,13,+56.857,+2.051
5105.694,43,13,+57.051,+2.088
5108.982,43,13,+57.108,+2.102
5112.308,43,13,+57.141,+2.080
5114.628,43,13,+57.207,+2.076
5117.049,43,13,+57.252,+2.059
5117.743,43,13,+57.257,+2.056
5121.189,43,12,+57.257,+2.056
5121.263,43,12,+57.259,+2.063
5124.083,43,12,+57.248,+2.080
5126.446,43,12,+57.298,+2.102
5131.616,43,12,+57.374,+2.156
5134.882,43,12,+57.462,+2.230
5138.832,43,12,+57.587,+2.263
5141.752,43,12,+57.627,+2.266
5145.839,43,12,+57.811,+2.393
5151.939,43,12,+57.912,+2.457
5157.836,43,12,+58.041,+2.544
5162.007,43,12,+58.007,+2.515
5167.28,43,12,+58.213,+2.564
5170.676,43,12,+58.274,+2.590
5174.201,43,12,+58.331,+2.551
5176.244,43,12,+58.343,+2.565
5184.54,43,12,+58.242,+2.450
5190.074,43,12,+58.352,+2.519
5193.364,43,12,+58.314,+2.450
5196.707,43,12,+58.319,+2.445
5199.083,43,12,+58.419,+2.453
5201.507,43,12,+58.462,+2.428
5202.22,43,12,+58.472,+2.429
5205.733,43,12,+58.482,+2.508
5208.563,43,12,+58.472,+2.636
5211.054,43,12,+58.560,+2.754
5216.097,43,12,+58.648,+2.696
5219.394,43,12,+58.830,+2.702
5223.315,43,12,+58.954,+2.543
5226.209,43,12,+58.996,+2.516
5230.442,43,12,+59.206,+2.476
5236.463,43,12,+59.344,+2.550
5242.361,43,12,+59.579,+2.546
5246.636,43,12,+59.625,+2.509
5251.856,43,12,+59.844,+2.500
5255.376,43,12,+60.026,+2.495
5258.977,43,12,+60.207,+2.449
5261.018,43,12,+60.285,+2.465
5269.473,43,12,+60.342,+2.530
5275.078,43,12,+60.555,+2.561
5278.419,43,12,+60.579,+2.414
5281.778,43,12,+60.624,+2.408
5284.116,43,12,+60.690,+2.389
5286.579,43,12,+60.692,+2.333
5287.283,43,12,+60.696,+2.329
5290.764,43,12,+60.712,+2.398
5293.599,43,12,+60.719,+2.526
5295.956,43,12,+60.729,+2.560
5301.126,43,12,+60.881,+2.543
5304.481,43,12,+61.069,+2.628
5308.376,43,12,+61.121,+2.540
5311.282,43,12,+61.161,+2.538
5315.428,43,12,+61.252,+2.561
5321.406,43,12,+61.306,+2.608
5327.373,43,12,+61.499,+2.688
5331.575,43,12,+61.565,+2.707
5336.764,43,12,+61.637,+2.673
5340.22,43,12,+61.778,+2.670
5343.841,43,12,+61.932,+2.641
5345.998,43,12,+62.030,+2.684
5354.428,43,12,+62.191,+2.755
5359.921,43,12,+62.283,+2.813
5363.268,43,12,+62.319,+2.713
5366.645,43,12,+62.386,+2.692
5369.02,43,12,+62.506,+2.692
5371.442,43,12,+62.568,+2.636
5372.156,43,12,+62.578,+2.631
5375.674,43,12,+62.597,+2.696
5378.503,43,12,+62.598,+2.822
5380.964,43,12,+62.681,+2.928
5386.063,43,12,+62.803,+2.926
5389.436,43,12,+63.001,+3.003
5393.374,43,12,+63.149,+2.924
5396.287,43,12,+63.207,+2.928
5400.457,43,12,+63.354,+2.965
5406.465,43,12,+63.481,+3.045
5412.274,43,12,+63.503,+3.042
5416.489,43,12,+63.559,+3.001
5421.627,43,12,+63.719,+2.902
5425.158,43,12,+63.890,+2.912
5428.799,43,12,+64.055,+2.914
5430.901,43,12,+64.110,+2.954
5439.238,43,12,+64.104,+2.900
5444.83,43,12,+64.318,+3.071
5448.206,43,12,+64.389,+2.998
5451.58,43,12,+64.421,+2.970
5453.937,43,12,+64.534,+2.999
5456.421,43,12,+64.616,+2.945
5457.105,43,12,+64.631,+2.940
5460.628,43,12,+64.645,+3.011
5463.461,43,12,+64.635,+3.145
5465.867,43,12,+64.669,+3.242
5471.097,43,12,+64.738,+3.035
5474.347,43,12,+64.886,+3.037
5478.276,43,12,+64.989,+2.901
5481.156,43,12,+65.010,+2.863
5485.245,43,12,+65.115,+2.814
5491.324,43,12,+65.287,+2.805
5497.203,43,12,+65.471,+2.798
5501.469,43,12,+65.519,+2.779
5506.584,43,12,+65.596,+2.719
5510.145,43,12,+65.779,+2.726
5513.726,43,12,+65.860,+2.669
5515.811,43,12,+65.883,+2.692
5524.016,43,12,+65.774,+2.557
5529.508,43,12,+65.844,+2.517
5532.79,43,12,+65.820,+2.444
5536.118,43,12,+65.812,+2.425
5538.486,43,12,+65.890,+2.405
5540.919,43,12,+65.967,+2.321
5541.641,43,12,+65.979,+2.307
5545.142,43,12,+66.001,+2.289
5547.954,43,12,+66.005,+2.288
5550.368,43,12,+66.096,+2.333
5555.46,43,12,+66.133,+2.237
5558.812,43,12,+66.231,+2.272
5562.762,43,12,+66.407,+2.255
5565.657,43,12,+66.459,+2.255
5569.793,43,12,+66.514,+2.294
5575.781,43,12,+66.536,+2.311
5581.641,43,12,+66.615,+2.378
5585.84,43,12,+66.625,+2.337
5590.982,43,12,+66.826,+2.313
5594.512,43,12,+66.960,+2.307
5598.157,43,12,+67.127,+2.284
5600.2,43,12,+67.158,+2.279
5608.569,43,12,+67.178,+2.268
5614.051,43,12,+67.237,+2.092
5617.38,43,12,+67.275,+1.957
5620.703,43,12,+67.281,+1.859
5623.047,43,12,+67.356,+1.833
5625.499,43,12,+67.384,+1.759
5626.207,43,12,+67.385,+1.746
5629.684,43,12,+67.372,+1.727
5632.52,43,12,+67.345,+1.726
5634.948,43,12,+67.378,+1.719
5639.973,43,12,+67.453,+1.635
5643.299,43,12,+67.614,+1.686
5647.319,43,12,+67.770,+1.664
5650.107,43,12,+67.807,+1.650
5654.201,43,12,+67.870,+1.661
5660.201,43,12,+67.937,+1.696
5666.031,43,12,+68.139,+1.677
5670.178,43,12,+68.127,+1.596
5675.471,43,12,+68.334,+1.568
5678.893,43,12,+68.447,+1.604
5682.486,43,12,+68.547,+1.536
5684.518,43,12,+68.583,+1.555
5692.883,43,12,+68.470,+1.564
5698.352,43,12,+68.427,+1.453
5701.627,43,12,+68.355,+1.359
5705.083,43,12,+68.410,+0.642
5707.44,43,12,+68.506,+0.642
5709.862,43,12,+68.545,+0.642
5710.565,43,11,+68.545,+0.642
5710.565,43,11,+68.551,+1.345
5714.096,43,11,+68.551,+1.318
5716.893,43,11,+68.539,+1.301
5719.327,43,11,+68.615,+1.415
5724.424,43,11,+68.714,+1.382
5727.799,43,11,+68.892,+1.467
5731.705,43,11,+68.930,+1.372
5734.549,43,11,+68.936,+1.308
5738.718,43,11,+69.014,+1.322
5744.712,43,11,+69.017,+1.392
5750.525,43,11,+69.054,+1.431
5754.759,43,11,+69.073,+1.425
5759.921,43,11,+69.189,+1.423
5763.363,43,11,+69.280,+1.442
5766.96,43,11,+69.370,+1.342
5768.965,43,11,+69.412,+1.325
5777.363,43,11,+69.301,+1.384
5782.743,43,11,+69.202,+1.246
5786.024,43,11,+69.113,+1.149
5789.367,43,11,+69.086,+1.110
5791.715,43,11,+69.177,+1.116
5794.189,43,11,+69.229,+1.099
5794.887,43,11,+69.240,+1.094
5798.421,43,11,+69.265,+1.072
5801.229,43,11,+69.274,+1.053
5803.628,43,11,+69.341,+1.115
5808.753,43,11,+69.427,+1.025
5812.144,43,11,+69.576,+1.081
5816.063,43,11,+69.689,+0.992
5818.928,43,11,+69.716,+0.974
5823.038,43,11,+69.689,+0.981
5828.986,43,11,+69.707,+1.034
5834.882,43,11,+69.847,+1.123
5839.116,43,11,+69.863,+1.166
5844.288,43,11,+69.983,+1.182
5847.819,43,11,+70.102,+1.253
5851.429,43,11,+70.237,+1.199
5853.491,43,11,+70.305,+1.191
5861.851,43,11,+70.233,+1.248
5867.32,43,11,+70.249,+1.164
5870.663,43,11,+70.272,+1.067
5874.304,43,11,+70.335,+1.006
5876.382,43,11,+70.469,+1.008
5878.835,43,11,+70.546,+1.003
5879.539,43,11,+70.556,+1.001
5883.054,43,11,+70.613,+0.992
5885.851,43,11,+70.672,+0.976
5888.289,43,11,+70.754,+1.021
5893.382,43,11,+70.818,+1.033
5896.726,43,11,+71.011,+1.073
5900.695,43,11,+71.155,+0.984
5903.554,43,11,+71.085,+0.967
5907.633,43,11,+71.131,+0.973
5913.644,43,11,+71.238,+0.956
5919.485,43,11,+71.371,+0.976
5923.735,43,11,+71.342,+0.973
5928.935,43,11,+71.581,+1.019
5932.476,43,11,+71.782,+1.027
5936.023,43,11,+71.890,+0.962
5938.09,43,11,+71.948,+0.947
5946.492,43,11,+71.987,+1.049
5952.038,43,11,+72.056,+1.013
5955.367,43,11,+72.081,+0.939
5958.742,43,11,+72.090,+0.885
5961.054,43,11,+72.229,+0.857
5963.57,43,11,+72.394,+0.864
5964.289,43,11,+72.415,+0.867
5967.742,43,11,+72.364,+0.865
5970.429,43,11,+72.221,+0.860
5972.772,43,11,+72.225,+0.848
5977.623,43,11,+71.690,+0.459
5981.226,43,11,+71.926,+0.721
5985.445,43,11,+72.315,+0.788
5988.416,43,11,+72.385,+0.855
5992.671,43,11,+72.619,+0.922
5998.874,43,11,+72.870,+1.049
6004.815,43,11,+73.146,+1.069
6009.174,43,11,+73.257,+1.103
6014.409,43,11,+73.511,+1.163
6017.943,43,11,+73.693,+1.153
6021.552,43,11,+73.840,+1.120
6023.615,43,11,+73.892,+1.115
6032.136,43,11,+74.115,+1.289
6037.699,43,11,+74.216,+1.298
6041.011,43,11,+74.237,+1.231
6044.339,43,11,+74.325,+1.182
6046.855,43,11,+74.463,+1.175
6049.215,43,11,+74.589,+1.140
6049.887,43,11,+74.610,+1.140
6053.433,43,11,+74.616,+1.199
6056.25,43,11,+74.569,+1.303
6058.625,43,11,+74.587,+1.320
6063.808,43,11,+74.717,+1.254
6067.182,43,11,+74.876,+1.258
6071.167,43,11,+75.100,+1.211
6074.073,43,11,+75.101,+1.212
6078.229,43,11,+75.363,+1.353
6084.261,43,11,+75.539,+1.414
6090.229,43,11,+75.741,+1.479
6094.55,43,11,+75.842,+1.565
6099.699,43,11,+76.042,+1.398
6103.187,43,11,+76.152,+1.336
6106.787,43,11,+76.307,+1.259
6108.788,43,11,+76.366,+1.241
6117.166,43,11,+76.406,+1.204
6122.76,43,11,+76.587,+1.234
6126.049,43,11,+76.614,+1.127
6129.478,43,11,+76.826,+1.186
6155.866,43,12,+76.826,+1.186
6163.132,43,13,+76.826,+1.186
6163.619,43,13,1 L,+0.346
6166.589,43,13,1 L,+0.363
6172.11,43,13,1 L,+0.581
6175.435,43,13,1 L,+0.510
6179.184,43,13,1 L,+0.296
6182.028,43,13,1 L,+0.213
6186.325,43,13,1 L,+0.245
6192.247,43,13,1 L,+0.097
6197.919,43,12,1 L,+0.097
6197.982,43,12,1 L,+5.671
6202.185,43,12,1 L,+5.704
6207.083,43,12,1 L,+5.578
6210.446,43,12,1 L,+5.477
6213.888,43,12,1 L,+5.371
6215.939,43,12,1 L,+5.388
6224.087,43,12,1 L,+5.166
6229.375,43,12,1 L,+4.972
6232.55,43,12,1 L,+4.771
6235.88,43,12,1 L,+4.687
6238.145,43,12,1 L,+4.604
6241.184,43,12,1 L,+4.523
6247.39,43,11,1 L,+4.523
6247.484,43,11,1 L,+4.399
6249.812,43,11,1 L,+4.314
6254.836,43,11,1 L,+4.223
6258.196,43,11,1 L,+4.295
6262.008,43,11,1 L,+4.214
6264.842,43,11,1 L,+4.207
6268.945,43,11,1 L,+4.264
6274.762,43,11,1 L,+4.168
6280.583,43,11,1 L,+4.249
6284.82,43,11,1 L,+4.368
6293.264,43,11,1 L,+4.318
6296.748,43,11,1 L,+4.240
6298.764,43,11,1 L,+4.241
6307.061,43,11,1 L,+4.207
6312.389,43,11,1 L,+4.148
6315.655,43,11,1 L,+4.026
6319.029,43,11,1 L,+3.994
6321.326,43,11,1 L,+3.922
6323.717,43,11,1 L,+3.888
6324.404,43,11,1 L,+3.881
6327.873,43,11,1 L,+3.831
6330.686,43,11,1 L,+3.768
6333.139,43,11,1 L,+3.802
6338.17,43,11,1 L,+3.736
6341.53,43,11,1 L,+3.791
6345.384,43,11,1 L,+3.705
6348.213,43,11,1 L,+3.721
6352.358,43,11,1 L,+3.839
6358.155,43,11,1 L,+3.780
6363.952,43,11,1 L,+3.856
6368.215,43,11,1 L,+3.936
6373.152,43,11,1 L,+3.908
6376.637,43,11,1 L,+3.888
6380.09,43,11,1 L,+3.836
6382.137,43,11,1 L,+3.842
6390.538,43,11,1 L,+3.960
6395.905,43,11,1 L,+3.958
6399.14,43,11,1 L,+3.837
6402.53,43,11,1 L,+3.715
6407.94,43,11,1 L,+0.087
6411.378,43,10,1 L,+0.087
6411.456,43,10,1 L,+19.513
6414.781,43,10,1 L,+19.993
6417.876,43,10,1 L,+20.671
6423.008,43,10,1 L,+20.616
6426.205,43,10,1 L,+20.431
6430.0,43,10,1 L,+20.178
6432.875,43,10,1 L,+20.066
6436.985,43,10,1 L,+20.141
6442.828,43,10,1 L,+19.945
6448.766,43,10,1 L,+20.012
6453.625,43,10,1 L,+20.612
6458.828,43,10,1 L,+20.504
6462.282,43,10,1 L,+20.378
6465.782,43,10,1 L,+20.176
6468.079,43,10,1 L,+20.411
6476.579,43,10,1 L,+20.529
6481.891,43,10,1 L,+20.075
6485.094,43,10,1 L,+19.316
6488.469,43,10,1 L,+19.055
6490.751,43,10,1 L,+18.889
6493.169,43,10,1 L,+18.755
6493.848,43,10,1 L,+18.735
6497.26,43,10,1 L,+18.683
6499.953,43,10,1 L,+18.671
6502.339,43,10,1 L,+18.668
6507.391,43,10,1 L,+18.463
6510.604,43,10,1 L,+18.362
6514.404,43,10,1 L,+18.009
6517.294,43,10,1 L,+17.944
6521.404,43,10,1 L,+17.955
6527.235,43,10,1 L,+17.706
6532.938,43,10,1 L,+17.554
6537.127,43,10,1 L,+17.517
6542.047,43,10,1 L,+17.182
6545.435,43,10,1 L,+16.931
6548.904,43,10,1 L,+16.718
6550.978,43,10,1 L,+16.761
6560.221,43,10,1 L,+17.597
6567.237,43,10,1 L,+18.952
6572.454,43,10,1 L,+20.768
6577.375,43,10,1 L,+22.189
6580.139,43,10,1 L,+22.615
6583.316,43,10,1 L,+21.480
6584.281,43,10,1 L,+20.515
6588.889,43,10,1 L,+19.787
6592.487,43,10,1 L,+20.099
6596.029,43,10,1 L,+20.939
6601.738,43,10,1 L,+20.826
6606.092,43,10,1 L,+21.084
6610.613,43,10,1 L,+20.414
6614.74,43,10,1 L,+20.911
6619.459,43,10,1 L,+21.251
6627.55,43,10,1 L,+21.397
6634.487,43,10,1 L,+21.486
6640.586,43,10,1 L,+21.227
6646.891,43,10,1 L,+21.811
6651.912,43,10,1 L,+21.986
6656.629,43,10,1 L,+21.186
6659.035,43,10,1 L,+21.197
6668.089,43,10,1 L,+20.665
6674.274,43,10,1 L,+20.816
6679.321,43,10,1 L,+20.768
6683.664,43,10,1 L,+21.235
6686.399,43,10,+133.858,+21.235
6689.487,43,10,+134.601,+21.235
6690.65,43,10,1 L,+18.366
6695.88,43,10,+136.540,+18.366
6699.302,43,10,1 L,+0.990
6703.219,43,10,1 L,+1.989
6708.779,43,10,1 L,+1.275
6711.978,43,10,1 L,+1.160
6715.749,43,10,1 L,+1.085
6718.55,43,10,1 L,+1.035
6722.53,43,10,1 L,+1.004
6728.249,43,10,1 L,+1.022
6734.011,43,10,1 L,+1.286
6738.245,43,10,1 L,+1.492
6743.249,43,10,1 L,+1.615
6746.655,43,10,1 L,+1.704
6750.109,43,10,1 L,+1.689
6752.187,43,10,1 L,+1.700
6760.359,43,10,1 L,+1.867
6765.687,43,10,1 L,+1.990
6768.937,43,10,1 L,+1.991
6772.202,43,10,1 L,+1.903
6774.453,43,10,1 L,+1.844
6776.843,43,10,1 L,+1.817
6777.515,43,10,1 L,+1.811
6780.999,43,10,1 L,+1.794
6783.828,43,10,1 L,+1.788
6786.171,43,10,1 L,+1.800
6791.154,43,10,1 L,+1.826
6794.353,43,10,1 L,+1.898
6798.193,43,10,1 L,+1.936
6801.055,43,10,1 L,+1.976
6805.182,43,10,1 L,+2.251
6811.01,43,10,1 L,+2.354
6816.795,43,10,1 L,+2.497
6821.034,43,10,1 L,+2.589
6826.003,43,10,1 L,+2.601
6829.341,43,10,1 L,+2.630
6832.851,43,10,1 L,+2.652
6834.893,43,10,1 L,+2.659
6842.972,43,10,1 L,+2.665
6848.289,43,10,1 L,+2.718
6851.494,43,10,1 L,+2.700
6855.093,43,10,1 L,+2.798
6857.118,43,10,1 L,+2.804
6859.472,43,10,1 L,+2.762
6860.157,43,10,1 L,+2.755
6863.662,43,10,1 L,+2.744
6866.506,43,10,1 L,+2.740
6868.896,43,10,1 L,+2.704
6873.818,43,10,1 L,+2.690
6877.084,43,10,1 L,+2.754
6880.85,43,10,1 L,+2.783
6883.725,43,10,1 L,+2.800
6887.74,43,10,1 L,+2.950
6893.49,43,10,1 L,+2.889
6899.303,43,10,1 L,+3.061
6903.459,43,10,1 L,+3.088
6908.428,43,10,1 L,+3.057
6911.799,43,10,1 L,+3.110
6915.28,43,10,1 L,+3.145
6917.351,43,10,1 L,+3.167
6925.538,43,10,1 L,+3.186
6930.804,43,10,1 L,+3.233
6933.976,43,10,1 L,+3.191
6937.273,43,10,1 L,+3.261
6939.554,43,10,1 L,+3.278
6941.929,43,10,1 L,+3.247
6942.648,43,10,1 L,+3.244
6946.116,43,10,1 L,+3.250
6948.945,43,10,1 L,+3.259
6951.367,43,10,1 L,+3.294
6956.321,43,10,1 L,+3.314
6959.513,43,10,1 L,+3.375
6963.273,43,10,1 L,+3.333
6966.152,43,10,1 L,+3.380
6970.195,43,10,1 L,+3.623
6975.938,43,10,1 L,+3.583
6981.624,43,10,1 L,+3.685
6985.795,43,10,1 L,+3.742
6990.933,43,10,1 L,+3.861
6994.29,43,10,1 L,+3.874
6997.841,43,10,1 L,+3.891
6999.942,43,10,1 L,+3.935
7008.004,43,10,1 L,+3.869
7013.281,43,10,1 L,+3.858
7016.514,43,10,1 L,+3.775
7019.767,43,10,1 L,+3.786
7022.017,43,10,1 L,+3.747
7024.439,43,10,1 L,+3.739
7028.627,43,10,1 L,+3.748
7031.47,43,10,1 L,+3.765
7033.845,43,10,1 L,+3.733
7038.752,43,10,1 L,+3.693
7041.97,43,10,1 L,+3.729
7045.767,43,10,1 L,+3.687
7052.652,43,10,1 L,+3.863
7058.477,43,10,1 L,+3.951
7064.227,43,10,1 L,+4.067
7068.432,43,10,1 L,+4.147
7073.452,43,10,1 L,+4.160
7076.853,43,10,1 L,+4.227
7080.395,43,10,1 L,+4.211
7082.436,43,10,1 L,+4.242
7090.486,43,10,1 L,+4.077
7095.845,43,10,1 L,+4.036
7099.08,43,10,1 L,+3.900
7102.377,43,10,1 L,+3.774
7104.673,43,10,1 L,+3.777
7107.142,43,10,1 L,+3.737
7107.83,43,10,1 L,+3.730
7111.33,43,10,1 L,+3.705
7114.142,43,10,1 L,+3.682
7116.517,43,10,1 L,+3.697
7121.486,43,10,1 L,+3.747
7124.752,43,10,1 L,+3.769
7128.573,43,10,1 L,+3.749
7131.39,43,10,1 L,+3.743
7135.452,43,10,1 L,+3.924
7141.327,43,10,1 L,+3.957
7147.128,43,10,1 L,+4.108
7151.28,43,10,1 L,+4.128
7156.333,43,10,1 L,+4.179
7159.769,43,10,1 L,+4.242
7163.333,43,10,1 L,+4.255
7165.376,43,10,1 L,+4.271
7173.615,43,10,1 L,+4.321
7178.971,43,10,1 L,+4.346
7182.253,43,10,1 L,+4.284
7185.565,43,10,1 L,+4.320
7187.862,43,10,1 L,+4.307
7190.237,43,10,1 L,+4.285
7190.94,43,10,1 L,+4.281
7194.409,43,10,1 L,+4.257
7197.237,43,10,1 L,+4.231
7199.659,43,10,1 L,+4.237
7204.628,43,10,1 L,+4.282
7207.878,43,10,1 L,+4.295
7211.706,43,10,1 L,+4.255
7214.581,43,10,1 L,+4.243
7218.909,43,10,1 L,+4.394
7224.503,43,10,1 L,+4.335
7230.343,43,10,1 L,+4.469
7234.554,43,10,1 L,+4.483
7239.54,43,10,1 L,+4.465
7242.962,43,10,1 L,+4.500
7246.481,43,10,1 L,+4.487
7248.524,43,10,1 L,+4.478
7256.837,43,10,1 L,+4.614
7262.243,43,10,1 L,+4.619
7265.571,43,10,1 L,+4.529
7268.873,43,10,1 L,+4.558
7271.16,43,10,1 L,+4.536
7273.557,43,10,1 L,+4.493
7274.228,43,10,1 L,+4.486
7277.75,43,10,1 L,+4.464
7280.599,43,10,1 L,+4.449
7282.927,43,10,1 L,+4.444
7287.996,43,10,1 L,+4.459
7291.309,43,10,1 L,+4.588
7295.215,43,10,1 L,+4.618
7298.074,43,10,1 L,+4.595
7302.184,43,10,1 L,+4.846
7308.076,43,10,1 L,+4.892
7313.879,43,10,1 L,+4.977
7318.066,43,10,1 L,+4.972
7323.113,43,10,1 L,+5.025
7326.519,43,10,1 L,+5.146
7330.004,43,10,1 L,+5.120
7332.019,43,10,1 L,+5.101
7340.254,43,10,1 L,+5.144
7345.722,43,10,1 L,+5.206
7349.035,43,10,1 L,+5.170
7352.441,43,10,1 L,+5.299
7354.848,43,10,1 L,+5.427
7357.339,43,10,1 L,+5.485
7358.031,43,10,1 L,+5.500
7361.884,43,10,1 L,+5.812
7365.306,43,10,1 L,+6.285
7367.791,43,10,1 L,+6.534
7372.963,43,10,1 L,+6.753
7376.26,43,10,1 L,+6.867
7380.416,43,10,1 L,+7.104
7383.572,43,10,1 L,+7.416
7388.04,43,10,1 L,+7.967
7394.103,43,10,1 L,+8.143
7400.018,43,10,1 L,+8.383
7404.273,43,10,1 L,+8.432
7409.483,43,10,1 L,+8.547
7412.927,43,10,1 L,+8.670
7416.498,43,10,1 L,+8.699
7418.505,43,10,1 L,+8.646
7426.829,43,10,1 L,+8.594
7432.129,43,10,1 L,+8.634
7435.428,43,10,1 L,+8.586
7438.743,43,10,1 L,+8.624
7441.037,43,10,1 L,+8.649
7443.467,43,10,1 L,+8.641
7444.185,43,10,1 L,+8.635
7447.67,43,10,1 L,+8.599
7450.482,43,10,1 L,+8.555
7452.888,43,10,1 L,+8.572
7457.998,43,10,1 L,+8.643
7461.376,43,10,1 L,+8.753
7465.201,43,10,1 L,+8.675
7468.065,43,10,1 L,+8.626
7472.194,43,10,1 L,+8.840
7478.095,43,10,1 L,+8.872
7483.958,43,10,1 L,+9.054
7488.161,43,10,1 L,+9.139
7493.169,43,10,1 L,+9.146
7496.661,43,10,1 L,+9.307
7500.22,43,10,1 L,+9.285
7502.283,43,10,1 L,+9.293
7510.735,43,10,1 L,+9.477
7516.065,43,10,1 L,+9.467
7519.259,43,10,1 L,+9.371
7522.559,43,10,1 L,+9.322
7524.817,43,10,1 L,+9.321
7527.256,43,10,1 L,+9.267
7527.943,43,10,1 L,+9.260
7531.398,43,10,1 L,+9.240
7534.257,43,10,1 L,+9.223
7536.642,43,10,1 L,+9.250
7541.726,43,10,1 L,+9.252
7544.998,43,10,1 L,+9.321
7548.856,43,10,1 L,+9.266
7551.717,43,10,1 L,+9.257
7555.798,43,10,1 L,+9.447
7561.698,43,10,1 L,+9.448
7567.533,43,10,1 L,+9.557
7571.705,43,10,1 L,+9.563
7576.736,43,10,1 L,+9.520
7580.158,43,10,1 L,+9.577
7583.778,43,10,1 L,+9.647
7585.822,43,10,1 L,+9.652
7594.039,43,10,1 L,+9.633
7599.501,43,10,1 L,+9.683
7602.782,43,10,1 L,+9.673
7606.064,43,10,1 L,+9.634
7610.755,43,10,1 L,+9.608
7611.442,43,10,1 L,+9.603
7614.977,43,10,1 L,+9.588
7617.79,43,10,1 L,+9.570
7620.149,43,10,1 L,+9.637
7625.243,43,10,1 L,+9.662
7628.524,43,10,1 L,+9.713
7632.462,43,10,1 L,+9.719
7635.337,43,10,1 L,+9.710
7639.384,43,10,1 L,+9.724
7645.321,43,10,1 L,+9.763
7651.171,43,10,1 L,+9.591
7655.39,43,10,1 L,+9.043
7660.718,43,10,1 L,+8.941
7663.999,43,10,1 L,+8.867
7667.531,43,10,1 L,+8.844
7669.609,43,10,1 L,+8.890
7677.865,43,10,1 L,+8.942
7683.278,43,10,1 L,+8.912
7686.578,43,10,1 L,+8.942
7689.801,43,10,1 L,+8.900
7692.094,43,10,1 L,+8.889
7694.558,43,10,1 L,+8.843
7695.23,43,10,1 L,+8.839
7698.746,43,10,1 L,+8.848
7701.605,43,10,1 L,+8.863
7704.024,43,10,1 L,+8.917
7708.977,43,10,1 L,+8.832
7712.227,43,10,1 L,+8.817
7716.275,43,10,1 L,+8.873
7719.165,43,10,1 L,+8.935
7723.227,43,10,1 L,+9.101
7729.196,43,10,1 L,+9.114
7735.259,43,10,1 L,+9.394
7740.2,43,10,1 L,+10.148
7745.544,43,10,1 L,+10.231
7749.091,43,10,1 L,+10.339
7752.653,43,10,1 L,+10.089
7754.637,43,10,1 L,+9.461
7762.997,43,10,1 L,+9.229
7768.341,43,10,1 L,+9.189
7771.622,43,10,1 L,+9.160
7774.919,43,10,1 L,+9.045
7777.216,43,10,1 L,+9.014
7779.654,43,10,1 L,+8.984
7780.356,43,10,1 L,+8.982
7783.866,43,10,1 L,+9.058
7786.831,43,10,1 L,+9.173
7789.117,43,10,1 L,+9.279
7794.177,43,10,1 L,+9.237
7797.458,43,10,1 L,+9.288
7801.427,43,10,1 L,+9.228
7804.317,43,10,1 L,+9.194
7808.317,43,10,1 L,+9.265
7814.364,43,10,1 L,+9.350
7820.177,43,10,1 L,+9.465
7824.395,43,10,1 L,+9.439
7829.644,43,10,1 L,+9.544
7833.082,43,10,1 L,+9.542
7836.676,43,10,1 L,+9.524
7838.707,43,10,1 L,+9.534
7846.96,43,10,1 L,+9.564
7852.322,43,10,1 L,+9.543
7855.556,43,10,1 L,+9.516
7858.8,43,10,1 L,+9.453
7861.125,43,10,1 L,+9.459
7863.547,43,10,1 L,+9.431
7864.235,43,10,1 L,+9.426
7867.751,43,10,1 L,+9.422
7870.586,43,10,1 L,+9.424
7872.96,43,10,1 L,+9.444
7878.085,43,10,1 L,+9.463
7881.398,43,10,1 L,+9.533
7885.335,43,10,1 L,+9.486
7888.148,43,10,1 L,+9.483
7892.148,43,10,1 L,+9.542
7898.102,43,10,1 L,+9.634
7903.97,43,10,1 L,+9.738
7908.204,43,10,1 L,+9.767
7913.298,43,10,1 L,+9.727
7916.797,43,10,1 L,+9.834
7920.306,43,10,1 L,+9.799
7922.376,43,10,1 L,+9.822
7930.665,43,10,1 L,+9.896
7936.05,43,10,1 L,+9.961
7939.457,43,10,1 L,+10.010
7942.785,43,10,1 L,+10.033
7945.019,43,10,1 L,+9.992
7947.519,43,10,1 L,+9.980
7948.191,43,10,1 L,+9.982
7951.691,43,10,1 L,+9.991
7954.519,43,10,1 L,+9.999
7956.941,43,10,1 L,+10.005
7961.957,43,10,1 L,+10.012
7965.238,43,10,1 L,+10.067
7969.144,43,10,1 L,+10.124
7972.004,43,10,1 L,+10.131
7976.066,43,10,1 L,+10.259
7981.988,43,10,1 L,+10.314
7987.902,43,10,1 L,+10.508
7992.117,43,10,1 L,+10.553
7997.245,43,10,1 L,+10.609
8000.662,43,10,1 L,+10.665
8004.201,43,10,1 L,+10.685
8006.258,43,10,1 L,+10.723
8014.493,43,10,1 L,+10.763
8019.836,43,10,1 L,+10.733
8023.087,43,10,1 L,+10.698
8026.399,43,10,1 L,+10.670
8028.702,43,10,1 L,+10.653
8031.14,43,10,1 L,+10.643
8031.858,43,10,1 L,+10.641
8035.374,43,10,1 L,+10.646
8038.218,43,10,1 L,+10.650
8040.624,43,10,1 L,+10.624
8045.624,43,10,1 L,+10.644
8048.932,43,10,1 L,+10.732
8052.859,43,10,1 L,+10.718
8055.653,43,10,1 L,+10.704
8059.637,43,10,1 L,+10.772
8065.497,43,10,1 L,+10.754
8071.294,43,10,1 L,+10.901
8075.466,43,10,1 L,+10.882
8080.544,43,10,1 L,+10.917
8083.997,43,10,1 L,+11.010
8087.606,43,10,1 L,+11.042
8089.669,43,10,1 L,+11.086
8097.95,43,10,1 L,+11.219
8103.372,43,10,1 L,+11.222
8106.732,43,10,1 L,+11.221
8109.95,43,10,1 L,+11.155
8112.216,43,10,1 L,+11.131
8114.653,43,10,1 L,+11.121
8115.341,43,10,1 L,+11.124
8118.857,43,10,1 L,+11.140
8121.716,43,10,1 L,+11.147
8124.101,43,10,1 L,+11.177
8129.087,43,10,1 L,+11.148
8132.353,43,10,1 L,+11.155
8136.275,43,10,1 L,+11.223
8139.165,43,10,1 L,+11.253
8143.291,43,10,1 L,+11.456
8149.134,43,10,1 L,+11.485
8154.978,43,10,1 L,+11.635
8159.15,43,10,1 L,+11.709
8164.291,43,10,1 L,+11.712
8167.744,43,10,1 L,+11.772
8171.248,43,10,1 L,+11.738
8173.293,43,10,1 L,+11.807
8181.62,43,10,1 L,+11.853
8186.978,43,10,1 L,+11.777
8190.26,43,10,1 L,+11.727
8193.494,43,10,1 L,+11.626
8195.791,43,10,1 L,+11.612
8198.244,43,10,1 L,+11.568
8198.916,43,10,1 L,+11.562
8202.447,43,10,1 L,+11.551
8205.26,43,10,1 L,+11.553
8207.644,43,10,1 L,+11.563
8212.627,43,10,1 L,+11.504
8215.933,43,10,1 L,+11.507
8219.767,43,10,1 L,+11.450
8222.662,43,10,1 L,+11.461
8226.729,43,10,1 L,+11.654
8232.642,43,10,1 L,+11.714
8238.444,43,10,1 L,+11.830
8242.647,43,10,1 L,+11.918
8247.867,43,10,1 L,+11.988
8251.288,43,10,1 L,+12.044
8254.835,43,10,1 L,+12.054
8256.882,43,10,1 L,+12.136
8265.148,43,10,1 L,+12.137
8270.507,43,10,1 L,+12.096
8273.836,43,10,1 L,+12.062
8277.137,43,10,1 L,+12.053
8279.462,43,10,1 L,+12.077
8281.854,43,10,1 L,+12.027
8282.544,43,10,1 L,+12.019
8286.074,43,10,1 L,+12.008
8288.917,43,10,1 L,+12.009
8296.386,43,10,1 L,+12.082
8299.728,43,10,1 L,+12.144
8303.634,43,10,1 L,+12.159
8306.499,43,10,1 L,+12.139
8310.526,43,10,1 L,+12.271
8316.464,43,10,1 L,+12.348
8322.339,43,10,1 L,+12.467
8326.605,43,10,1 L,+12.513
8331.745,43,10,1 L,+12.628
8335.198,43,10,1 L,+12.690
8338.73,43,10,1 L,+12.695
8340.792,43,10,1 L,+12.767
8349.042,43,10,1 L,+12.724
8354.463,43,10,1 L,+12.745
8357.845,43,10,1 L,+12.841
8361.133,43,10,1 L,+12.782
8363.461,43,10,1 L,+12.785
8365.869,43,10,1 L,+12.739
8366.601,43,10,1 L,+12.734
8370.073,43,10,1 L,+12.725
8372.89,43,10,1 L,+12.720
8375.312,43,10,1 L,+12.727
8380.39,43,10,1 L,+12.767
8383.687,43,10,1 L,+12.777
8387.609,43,10,1 L,+12.569
8390.492,43,10,1 L,+12.546
8394.491,43,10,1 L,+12.513
8400.574,43,10,1 L,+12.674
8406.496,43,10,1 L,+12.734
8414.512,43,10,1 L,+16.451
8420.655,43,10,1 L,+17.368
8424.937,43,10,1 L,+18.155
8429.687,43,10,1 L,+16.640
8433.171,43,10,1 L,+17.539
8443.28,43,10,1 L,+18.085
8449.264,43,10,1 L,+18.011
8453.639,43,10,1 L,+16.891
8460.265,43,10,1 L,+18.953
8463.244,43,10,1 L,+19.126
8465.985,43,10,1 L,+18.795
8466.805,43,10,1 L,+18.714
8471.141,43,10,1 L,+18.646
8474.687,43,10,1 L,+18.389
8477.547,43,10,1 L,+17.191
8483.187,43,10,1 L,+16.469
8486.984,43,10,1 L,+16.034
8491.764,43,10,1 L,+15.518
8495.078,43,10,1 L,+15.223
8500.335,43,10,1 L,+15.816
8508.164,43,10,1 L,+15.824
8516.038,43,10,1 L,+154.099
8522.945,43,9,1 L,+154.099
8523.143,43,9,1 L,+13.989
8528.512,43,9,1 L,+13.725
8532.559,43,9,1 L,+13.939
8537.106,43,9,1 L,+14.290
8539.512,43,9,1 L,+14.496
8549.45,43,9,1 L,+15.708
8555.731,43,9,1 L,+16.380
8560.226,43,9,1 L,+16.264
8565.041,43,9,1 L,+105.110
8572.566,43,9,1 L,+17.022
8576.966,43,8,1 L,+17.022
8577.047,43,8,1 L,+16.612
8580.906,43,8,1 L,+16.308
8584.792,43,8,1 L,+17.146
8591.192,43,8,1 L,+17.618
8595.379,43,8,1 L,+17.019
8600.395,43,8,1 L,+16.847
8603.848,43,8,1 L,+16.939
8608.208,43,8,1 L,+17.017
8615.806,43,8,1 L,+16.220
8624.078,43,8,1 L,+15.827
8630.469,43,8,1 L,+15.180
8635.672,43,8,1 L,+14.858
8639.485,43,8,1 L,+14.956
8643.125,43,8,1 L,+14.851
8645.11,43,8,1 L,+14.792
8653.438,43,8,1 L,+12.878
8658.86,43,8,1 L,+12.770
8662.085,43,8,1 L,+12.670
8665.478,43,8,1 L,+12.632
8667.773,43,8,1 L,+12.601
8670.202,43,8,1 L,+12.573
8670.889,43,8,1 L,+12.569
8674.394,43,8,1 L,+12.552
8677.259,43,8,1 L,+12.539
8679.687,43,8,1 L,+12.553
8684.732,43,8,1 L,+12.566
8688.059,43,8,1 L,+12.677
8691.981,43,8,1 L,+12.658
8698.935,43,8,1 L,+12.824
8704.888,43,8,1 L,+12.888
8710.638,43,8,1 L,+12.990
8714.911,43,8,1 L,+13.060
8720.036,43,8,1 L,+13.166
8723.505,43,8,1 L,+13.253
8727.114,43,8,1 L,+13.192
8737.392,43,8,1 L,+13.378
8742.877,43,8,1 L,+13.541
8746.236,43,8,1 L,+13.539
8749.83,43,8,1 L,+13.489
8751.97,43,8,1 L,+13.507
8754.345,43,8,1 L,+13.444
8755.033,43,8,1 L,+13.436
8758.556,43,8,1 L,+13.418
8761.418,43,8,1 L,+13.413
8763.783,43,8,1 L,+13.465
8768.904,43,8,1 L,+13.419
8772.213,43,8,1 L,+13.449
8776.155,43,8,1 L,+13.482
8779.023,43,8,1 L,+13.478
8783.144,43,8,1 L,+13.562
8789.04,43,8,1 L,+13.630
8794.899,43,8,1 L,+13.704
8799.118,43,8,1 L,+13.766
8807.681,43,8,1 L,+13.818
8811.196,43,8,1 L,+13.768
8813.243,43,8,1 L,+13.784
8821.624,43,8,1 L,+13.902
8827.138,43,8,1 L,+14.005
8830.467,43,8,1 L,+14.066
8833.803,43,8,1 L,+14.033
8836.165,43,8,1 L,+14.099
8838.609,43,8,1 L,+14.081
8839.309,43,8,1 L,+14.078
9036.717,43,8,1L,+14.078
6.86,10,14,,
3229.793,10,14,+1.452,+0.072
3232.355,10,13,+1.452,+0.072
3232.449,10,13,+1.224,+0.002
3235.699,10,14,+1.224,+0.002
3236.012,10,15,+1.224,+0.002
3236.152,10,13,+1.224,+0.002
3236.34,10,13,+1.568,+0.011
3241.425,10,13,+2.353,+0.040
3244.658,10,12,+2.353,+0.040
3244.754,10,12,+2.574,+0.377
3248.658,10,13,+2.574,+0.377
3248.845,10,13,+3.086,+0.080
3251.918,10,13,+3.199,+0.184
3256.855,10,13,+3.839,+0.373
3262.416,10,13,+4.260,+0.431
3268.083,10,12,+4.260,+0.431
3268.172,10,12,+4.599,+0.462
3272.569,10,12,+4.831,+0.324
3278.0,10,12,+5.608,+0.419
3281.667,10,12,+6.003,+0.529
3285.229,10,12,+6.233,+0.621
3287.417,10,12,+6.308,+0.613
3295.575,10,12,+6.704,+0.396
3301.138,10,12,+7.148,+0.305
3304.591,10,12,+7.414,+0.492
3307.966,10,12,+7.512,+0.544
3310.31,10,12,+7.634,+0.594
3312.732,10,12,+7.681,+0.640
3313.419,10,12,+7.681,+0.649
3316.835,10,12,+7.540,+0.677
3319.554,10,12,+7.360,+0.670
3321.976,10,12,+7.402,+0.575
3327.21,10,12,+7.796,+0.584
3330.445,10,12,+7.927,+0.590
3334.318,10,12,+8.095,+0.664
3337.226,10,12,+8.070,+0.712
3341.382,10,12,+8.359,+0.578
3347.476,10,12,+8.613,+0.581
3353.257,10,12,+8.941,+0.563
3357.584,10,12,+9.079,+0.511
3362.729,10,12,+9.434,+0.633
3366.198,10,12,+9.532,+0.586
3369.714,10,12,+9.594,+0.600
3371.776,10,12,+9.621,+0.568
3380.151,10,12,+10.018,+0.480
3385.464,10,12,+10.179,+0.405
3388.891,10,12,+10.353,+0.564
3392.299,10,12,+10.305,+0.599
3394.591,10,12,+10.387,+0.634
3397.039,10,12,+10.468,+0.684
3397.721,10,12,+10.471,+0.692
3401.136,10,12,+10.346,+0.717
3403.871,10,12,+10.160,+0.709
3406.23,10,12,+10.148,+0.608
3411.292,10,12,+10.371,+0.510
3414.48,10,12,+10.492,+0.483
3418.449,10,12,+10.688,+0.471
3421.324,10,12,+10.641,+0.463
3425.511,10,12,+10.921,+0.366
3431.558,10,12,+11.167,+0.391
3437.418,10,12,+11.478,+0.416
3441.699,10,12,+11.625,+0.405
3446.824,10,12,+11.928,+0.517
3450.277,10,12,+12.066,+0.490
3453.855,10,12,+12.253,+0.517
3455.902,10,12,+12.305,+0.508
3464.372,10,12,+12.665,+0.478
3469.746,10,12,+12.865,+0.509
3473.371,10,12,+13.026,+0.580
3476.528,10,12,+13.028,+0.566
3478.84,10,12,+13.139,+0.561
3481.293,10,12,+13.203,+0.551
3481.934,10,12,+13.211,+0.551
3485.385,10,12,+13.100,+0.545
3488.071,10,12,+12.919,+0.521
3490.524,10,12,+12.998,+0.473
3495.627,10,12,+13.276,+0.454
3498.892,10,12,+13.374,+0.460
3502.856,10,12,+13.561,+0.457
3505.791,10,12,+13.543,+0.464
3510.01,10,12,+13.893,+0.459
3516.088,10,12,+14.142,+0.423
3521.869,10,12,+14.349,+0.464
3526.151,10,12,+14.423,+0.469
3531.205,10,12,+14.595,+0.485
3534.663,10,12,+14.700,+0.485
3538.283,10,12,+14.837,+0.548
3540.341,10,12,+14.890,+0.544
3548.7,10,12,+15.106,+0.612
3554.163,10,12,+15.290,+0.539
3557.502,10,12,+15.341,+0.515
3560.897,10,12,+15.384,+0.557
3563.26,10,12,+15.543,+0.603
3565.763,10,12,+15.678,+0.670
3566.464,10,12,+15.694,+0.681
3569.941,10,12,+15.610,+0.704
3572.608,10,12,+15.425,+0.695
3575.061,10,12,+15.515,+0.746
3580.211,10,12,+15.756,+0.634
3583.504,10,12,+15.817,+0.507
3587.563,10,12,+16.080,+0.646
3590.522,10,12,+16.071,+0.657
3594.763,10,12,+16.390,+0.630
3600.837,10,12,+16.582,+0.580
3606.663,10,12,+16.739,+0.627
3610.995,10,12,+16.845,+0.641
3616.137,10,12,+17.078,+0.721
3619.639,10,12,+17.239,+0.756
3623.279,10,12,+17.430,+0.849
3625.326,10,12,+17.503,+0.836
3633.789,10,12,+17.800,+0.895
3639.254,10,12,+18.001,+0.821
3642.614,10,12,+18.065,+0.843
3646.051,10,12,+18.125,+0.833
3648.395,10,12,+18.260,+0.858
3650.863,10,12,+18.353,+0.869
3651.565,10,12,+18.364,+0.869
3655.031,10,12,+18.285,+0.809
3657.731,10,12,+18.083,+0.697
3660.069,10,12,+18.062,+0.599
3665.325,10,12,+18.304,+0.644
3668.714,10,12,+18.445,+0.679
3672.567,10,13,+18.445,+0.679
3672.78,10,13,+18.680,+0.111
3675.605,10,12,+18.680,+0.111
3675.675,10,13,+18.680,+0.111
3675.703,10,13,+18.782,+0.111
3680.12,10,13,+19.282,+0.435
3686.271,10,13,+19.593,+0.439
3692.163,10,13,+19.863,+0.490
3696.565,10,13,+20.085,+0.613
3701.777,10,13,+20.447,+0.605
3705.292,10,13,+20.689,+0.700
3708.964,10,13,+20.877,+0.780
3711.011,10,13,+20.872,+0.789
3719.417,10,13,+21.132,+0.645
3724.933,10,13,+21.355,+0.675
3728.386,10,13,+21.476,+0.784
3731.761,10,13,+21.445,+0.796
3734.125,10,13,+21.544,+0.837
3736.718,10,13,+21.682,+0.939
3737.39,10,13,+21.699,+0.955
3740.843,10,13,+21.625,+0.993
3743.546,10,13,+21.450,+0.989
3745.905,10,13,+21.436,+0.952
3751.093,10,13,+21.685,+0.975
3754.468,10,13,+21.853,+0.984
3758.484,10,13,+22.020,+1.216
3761.422,10,13,+22.081,+1.329
3765.604,10,13,+22.348,+1.230
3771.643,10,13,+22.512,+1.063
3777.409,10,13,+22.675,+0.865
3781.768,10,13,+22.838,+0.793
3786.972,10,13,+23.173,+0.696
3790.471,10,13,+23.339,+0.655
3794.174,10,13,+23.511,+0.701
3796.237,10,13,+23.499,+0.714
3804.628,10,13,+23.714,+0.645
3810.318,10,13,+23.963,+0.620
3813.693,10,13,+24.100,+0.658
3817.13,10,13,+24.117,+0.641
3819.527,10,13,+24.262,+0.674
3822.084,10,13,+24.383,+0.676
3822.756,10,13,+24.398,+0.676
3826.219,10,13,+24.319,+0.668
3828.922,10,13,+24.148,+0.657
3831.309,10,13,+24.184,+0.594
3836.556,10,13,+24.406,+0.525
3839.838,10,13,+24.481,+0.446
3843.869,10,13,+24.656,+0.363
3846.906,10,13,+24.716,+0.339
3851.144,10,13,+25.112,+0.439
3857.36,10,13,+25.378,+0.434
3863.219,10,13,+25.556,+0.493
3867.579,10,13,+25.753,+0.524
3872.741,10,13,+25.952,+0.585
3876.288,10,13,+26.085,+0.558
3879.975,10,13,+26.235,+0.642
3882.022,10,13,+26.202,+0.611
3890.471,10,13,+26.422,+0.714
3895.876,10,13,+26.476,+0.595
3899.423,10,13,+26.615,+0.735
3902.892,10,13,+26.638,+0.771
3905.282,10,13,+26.795,+0.831
3907.79,10,13,+26.860,+0.837
3908.485,10,13,+26.865,+0.835
3911.954,10,13,+26.775,+0.766
3914.642,10,13,+26.601,+0.644
3917.017,10,13,+26.624,+0.563
3922.251,10,13,+26.809,+0.562
3925.515,10,13,+26.796,+0.348
3929.545,10,13,+26.942,+0.377
3932.497,10,13,+26.987,+0.391
3936.767,10,13,+27.313,+0.455
3942.946,10,13,+27.529,+0.466
3948.888,10,13,+27.775,+0.498
3953.224,10,13,+27.937,+0.505
3958.515,10,13,+28.304,+0.517
3962.077,10,13,+28.549,+0.520
3965.826,10,13,+28.814,+0.650
3967.883,10,13,+28.820,+0.641
3976.398,10,13,+29.077,+0.728
3982.055,10,13,+29.312,+0.670
3985.414,10,13,+29.419,+0.692
3988.867,10,13,+29.468,+0.703
3991.336,10,13,+29.668,+0.738
3993.836,10,13,+29.715,+0.709
3994.524,10,13,+29.721,+0.705
3998.024,10,13,+29.633,+0.630
4000.711,10,13,+29.458,+0.501
4003.024,10,13,+29.466,+0.402
4008.396,10,13,+29.788,+0.455
4011.708,10,13,+29.849,+0.357
4015.708,10,13,+30.015,+0.344
4018.63,10,13,+30.069,+0.327
4022.989,10,13,+30.421,+0.314
4029.146,10,13,+30.636,+0.332
4035.13,10,13,+30.930,+0.465
4039.49,10,13,+31.117,+0.505
4044.693,10,13,+31.274,+0.580
4048.271,10,13,+31.497,+0.605
4051.88,10,13,+31.538,+0.554
4053.943,10,13,+31.565,+0.510
4062.459,10,13,+31.733,+0.545
4068.009,10,13,+31.927,+0.529
4071.442,10,13,+31.976,+0.516
4074.902,10,13,+32.008,+0.510
4077.325,10,13,+32.138,+0.564
4079.89,10,13,+32.252,+0.648
4080.58,10,13,+32.266,+0.658
4084.068,10,13,+32.190,+0.617
4086.758,10,13,+32.014,+0.495
4089.126,10,13,+31.997,+0.358
4094.432,10,13,+32.213,+0.463
4097.78,10,13,+32.292,+0.463
4101.898,10,13,+32.527,+0.571
4104.854,10,13,+32.605,+0.599
4109.116,10,13,+32.872,+0.584
4115.315,10,13,+33.078,+0.695
4121.198,10,13,+33.274,+0.757
4125.516,10,13,+33.386,+0.811
4130.734,10,13,+33.623,+0.760
4134.266,10,13,+33.735,+0.755
4137.953,10,13,+33.922,+0.831
4140.0,10,13,+33.931,+0.789
4148.541,10,13,+34.101,+0.870
4153.978,10,13,+34.176,+0.739
4157.478,10,13,+34.354,+0.842
4160.963,10,13,+34.401,+0.861
4163.353,10,13,+34.494,+0.878
4165.853,10,13,+34.519,+0.901
4166.541,10,13,+34.519,+0.902
4169.927,10,12,+34.519,+0.902
4170.006,10,12,+34.423,+0.840
4172.731,10,12,+34.258,+0.722
4175.028,10,12,+34.239,+0.582
4180.419,10,12,+34.435,+0.672
4183.669,10,12,+34.480,+0.611
4187.7,10,12,+34.634,+0.591
4190.591,10,12,+34.659,+0.581
4194.935,10,12,+34.939,+0.694
4200.997,10,12,+35.048,+0.679
4207.044,10,12,+35.206,+0.701
4211.2,10,12,+35.353,+0.749
4216.435,10,12,+35.535,+0.732
4219.997,10,12,+35.689,+0.772
4223.7,10,12,+35.881,+0.836
4225.778,10,12,+30.578,+0.820
4234.185,10,12,+30.868,+0.901
4239.794,10,12,+31.073,+0.918
4243.27,10,12,+31.160,+0.992
4246.711,10,12,+31.220,+0.891
4249.121,10,12,+31.349,+0.891
4251.655,10,12,+31.413,+0.891
4252.354,10,11,+31.413,+0.891
4252.369,10,11,+32.871,+2.242
4255.844,10,11,+31.347,+2.198
4258.633,10,11,+31.198,+1.549
4260.888,10,11,+31.162,+1.088
4266.353,10,11,+31.464,+1.211
4269.728,10,11,+31.607,+1.429
4273.774,10,11,+31.744,+1.767
4276.73,10,11,+31.735,+1.908
4280.879,10,11,+31.938,+2.060
4287.02,10,11,+32.100,+2.082
4292.864,10,11,+32.256,+2.000
4297.161,10,11,+32.273,+2.003
4302.369,10,11,+32.442,+2.020
4305.856,10,11,+32.554,+1.850
4309.564,10,11,+32.746,+1.922
4311.628,10,11,+32.817,+1.977
4319.979,10,11,+33.047,+1.815
4325.57,10,11,+33.241,+1.826
4328.993,10,11,+33.271,+1.726
4332.493,10,11,+33.382,+1.694
4334.933,10,11,+33.574,+1.661
4337.448,10,11,+33.648,+1.657
4338.129,10,11,+33.656,+1.656
4341.601,10,10,+33.656,+1.656
4341.726,10,10,+33.640,+1.638
4344.523,10,10,+33.602,+1.616
4346.961,10,10,+33.636,+1.604
4352.127,10,10,+33.784,+1.533
4355.511,10,10,+33.990,+1.474
4359.542,10,10,+34.044,+1.434
4362.464,10,10,+34.058,+1.479
4366.643,10,10,+34.266,+1.505
4372.682,10,10,+34.357,+1.475
4378.557,10,10,+34.517,+1.509
4382.854,10,10,+34.634,+1.611
4388.182,10,10,+34.947,+1.826
4391.729,10,10,+35.202,+1.811
4395.432,10,10,+35.354,+1.879
4397.557,10,10,+35.361,+1.911
4405.932,10,10,+27.857,+1.916
4411.573,10,10,+28.039,+1.902
4415.042,10,10,+28.138,+1.926
4418.682,10,10,+28.320,+2.122
4435.557,10,11,+28.320,+2.122
4437.228,10,12,+28.320,+2.122
4441.315,10,13,+28.320,+2.122
4443.35,10,14,+28.320,+2.122
4446.38,10,15,+28.320,+2.122
4453.229,10,15,+50.855,+3.920
4456.067,10,15,+51.230,+4.292
4461.627,10,15,+51.712,+4.826
4464.832,10,15,+51.575,+4.690
4468.749,10,15,+51.515,+4.691
4471.624,10,15,+51.444,+4.668
4475.601,10,15,+51.477,+4.661
4481.41,10,15,+51.352,+4.451
4486.971,10,15,+51.167,+4.127
4491.08,10,15,+51.120,+4.009
4496.065,10,15,+51.095,+4.009
4499.502,10,15,+51.094,+3.994
4503.049,10,15,+51.104,+4.036
4505.127,10,15,+51.132,+4.035
4513.211,10,15,+50.888,+3.814
4518.564,10,15,+50.800,+3.790
4521.819,10,15,+50.767,+3.821
4525.221,10,15,+50.766,+3.881
4527.627,10,15,+50.778,+3.925
4530.002,10,15,+50.782,+3.985
4530.705,10,15,+50.776,+3.996
4534.143,10,14,+50.776,+3.996
4534.221,10,14,+50.736,+4.024
4537.065,10,14,+50.660,+4.043
4539.408,10,14,+50.562,+3.916
4544.371,10,14,+50.476,+3.738
4547.556,10,14,+50.275,+3.551
4551.428,10,14,+50.240,+3.562
4554.319,10,14,+50.174,+3.561
4558.332,10,14,+50.205,+3.443
4564.14,10,14,+50.130,+3.274
4569.796,10,14,+46.779,+3.126
4573.953,10,14,+46.774,+3.070
4579.012,10,14,+46.848,+2.940
4582.435,10,14,+46.934,+2.910
4585.967,10,14,+47.057,+2.957
4588.06,10,14,+47.108,+2.967
4596.271,10,14,+47.156,+2.930
4601.566,10,14,+47.162,+2.741
4604.907,10,14,+47.177,+2.780
4608.266,10,14,+47.189,+2.744
4610.59,10,14,+47.265,+2.686
4613.027,10,14,+47.329,+2.684
4613.766,10,14,+47.339,+2.684
4617.251,10,14,+47.341,+2.694
4620.112,10,14,+47.317,+2.703
4622.472,10,14,+47.307,+2.615
4627.507,10,14,+47.368,+2.497
4630.652,10,14,+47.418,+2.395
4634.51,10,14,+47.488,+2.392
4637.369,10,14,+47.515,+2.372
4641.36,10,14,+47.543,+2.223
4647.422,10,14,+47.629,+2.125
4652.954,10,14,+47.749,+1.989
4657.106,10,14,+47.783,+1.961
4662.262,10,14,+48.052,+2.077
4665.7,10,14,+48.196,+2.042
4669.278,10,14,+48.390,+2.092
4671.341,10,14,+48.438,+2.102
4679.496,10,14,+48.405,+1.943
4684.772,10,14,+48.462,+1.722
4688.14,10,14,+48.549,+1.710
4691.472,10,14,+48.600,+1.662
4693.798,10,14,+48.712,+1.604
4696.25,10,14,+48.798,+1.589
4696.953,10,14,+48.810,+1.588
4700.469,10,14,+48.804,+1.582
4703.313,10,14,+48.768,+1.576
4705.61,10,14,+48.736,+1.494
4710.625,10,14,+48.771,+1.404
4713.844,10,14,+48.833,+1.305
4717.704,10,14,+48.954,+1.340
4720.61,10,14,+48.997,+1.349
4724.61,10,14,+49.062,+1.213
4730.547,10,14,+49.103,+1.110
4736.219,10,14,+49.187,+1.003
4740.36,10,14,+49.214,+0.949
4745.532,10,14,+49.396,+1.108
4749.001,10,14,+49.534,+1.145
4752.548,10,14,+49.686,+1.218
4754.719,10,14,+49.708,+1.220
4762.891,10,14,+49.829,+1.133
4768.282,10,14,+49.938,+1.016
4771.641,10,14,+49.995,+1.053
4775.001,10,14,+50.043,+1.025
4777.313,10,14,+50.139,+1.004
4779.767,10,14,+50.211,+1.004
4780.454,10,13,+50.211,+1.004
4780.485,10,13,+50.219,+1.035
4783.954,10,13,+50.192,+1.038
4786.876,10,13,+50.135,+1.032
4789.142,10,13,+50.131,+0.996
4794.217,10,13,+50.264,+1.036
4797.42,10,13,+50.326,+1.017
4801.285,10,13,+50.331,+1.081
4804.176,10,13,+50.359,+1.123
4808.254,10,13,+50.487,+1.107
4814.181,10,13,+50.537,+1.101
4819.88,10,13,+50.585,+1.026
4824.078,10,13,+50.619,+0.985
4829.123,10,13,+50.762,+1.059
4832.58,10,13,+50.893,+1.076
4836.138,10,13,+51.003,+1.106
4838.212,10,13,+51.030,+0.409
4846.372,10,12,+51.030,+0.409
4846.468,10,12,+51.080,+2.008
4851.886,10,12,+51.101,+1.933
4855.199,10,12,+51.137,+1.965
4858.574,10,12,+51.172,+1.924
4860.953,10,12,+51.280,+1.952
4863.395,10,12,+51.377,+1.986
4864.096,10,12,+51.392,+1.992
4867.842,10,12,+51.396,+2.059
4870.455,10,12,+51.370,+2.120
4872.756,10,12,+51.338,+1.912
4877.852,10,12,+51.461,+1.961
4881.081,10,12,+51.552,+1.961
4885.006,10,12,+51.596,+1.897
4887.87,10,12,+51.623,+1.820
4891.869,10,12,+51.695,+1.737
4897.793,10,12,+51.701,+1.710
4903.561,10,12,+51.777,+1.650
4907.801,10,12,+51.848,+1.647
4912.986,10,12,+52.084,+1.765
4916.39,10,12,+52.211,+1.699
4919.984,10,12,+52.371,+1.704
4922.061,10,12,+52.400,+1.685
4930.283,10,12,+52.369,+1.626
4935.654,10,12,+52.421,+1.511
4939.051,10,12,+52.497,+1.563
4942.504,10,12,+52.540,+1.516
4944.747,10,12,+52.617,+1.526
4947.243,10,12,+52.695,+1.573
4947.895,10,12,+52.705,+1.580
4951.438,10,12,+52.709,+1.651
4954.27,10,12,+52.691,+1.743
4956.644,10,12,+52.711,+1.694
4961.698,10,12,+52.728,+1.660
4964.978,10,12,+52.806,+1.643
4968.909,10,12,+52.917,+1.697
4971.796,10,12,+52.943,+1.683
4975.761,10,12,+52.978,+1.609
4981.626,10,12,+52.963,+1.438
4987.432,10,12,+53.063,+1.383
4991.478,10,12,+53.038,+1.294
4996.578,10,12,+53.236,+1.237
5000.003,10,12,+53.299,+1.136
5003.568,10,12,+53.409,+1.122
5005.615,10,12,+53.427,+1.087
5013.939,10,12,+53.438,+1.079
5019.373,10,12,+53.568,+1.096
5022.843,10,12,+53.711,+1.243
5026.233,10,12,+53.757,+1.219
5028.543,10,12,+53.849,+1.255
5031.016,10,12,+53.925,+1.291
5031.675,10,12,+53.938,+1.298
5035.212,10,12,+53.937,+1.354
5038.015,10,12,+53.910,+1.440
5040.407,10,12,+53.929,+1.410
5045.47,10,12,+54.071,+1.380
5048.707,10,12,+54.148,+1.362
5052.644,10,12,+54.277,+1.448
5055.496,10,12,+54.303,+1.424
5059.524,10,12,+54.328,+1.431
5065.466,10,12,+54.285,+1.278
5071.163,10,12,+54.261,+1.219
5075.361,10,12,+54.205,+1.175
5080.527,10,12,+54.379,+1.107
5084.02,10,12,+54.549,+1.090
5087.656,10,12,+54.710,+1.130
5089.635,10,12,+54.731,+1.094
5098.018,10,12,+54.806,+1.163
5103.534,10,12,+54.963,+1.208
5106.862,10,12,+55.006,+1.221
5110.223,10,12,+55.061,+1.214
5112.542,10,12,+55.131,+1.257
5114.995,10,12,+55.193,+1.257
5115.677,10,12,+55.201,+1.022
5119.11,10,11,+55.201,+1.022
5119.189,10,11,+55.196,+1.318
5122.271,10,11,+55.168,+1.422
5124.406,10,11,+55.196,+1.352
5129.446,10,11,+55.218,+1.216
5132.694,10,11,+55.232,+1.190
5136.609,10,11,+55.324,+1.191
5139.426,10,11,+55.361,+1.164
5143.471,10,11,+55.418,+1.029
5149.462,10,11,+55.455,+1.014
5155.256,10,11,+55.497,+0.968
5159.473,10,11,+55.492,+0.956
5164.644,10,11,+55.649,+0.951
5168.097,10,11,+55.684,+0.869
5171.634,10,11,+55.780,+0.898
5173.698,10,11,+55.778,+0.866
5182.079,10,11,+55.792,+0.903
5187.563,10,11,+55.833,+0.862
5190.886,10,11,+55.864,+0.926
5194.257,10,11,+55.874,+0.940
5196.614,10,11,+55.966,+0.990
5199.083,10,11,+56.034,+1.016
5199.786,10,11,+56.043,+1.018
5203.221,10,11,+55.974,+1.016
5205.944,10,11,+55.836,+1.018
5208.277,10,11,+55.806,+1.039
5213.409,10,11,+55.952,+0.638
5216.706,10,11,+56.128,+0.507
5220.776,10,11,+56.411,+0.486
5223.735,10,11,+56.480,+0.462
5227.927,10,11,+56.730,+0.501
5233.901,10,11,+56.794,+0.421
5239.82,10,11,+57.033,+0.444
5244.15,10,11,+57.116,+0.536
5249.355,10,11,+57.344,+0.598
5252.879,10,11,+57.531,+0.610
5256.496,10,11,+57.758,+0.639
5258.62,10,11,+57.820,+0.622
5266.953,10,11,+57.812,+0.608
5272.519,10,11,+57.994,+0.663
5276.002,10,11,+58.165,+0.819
5279.394,10,11,+58.216,+0.810
5281.715,10,11,+58.301,+0.827
5284.209,10,11,+58.359,+0.880
5284.908,10,11,+58.367,+0.885
5288.361,10,11,+58.314,+0.872
5291.115,10,11,+58.193,+0.837
5293.421,10,11,+58.169,+0.776
5298.578,10,11,+58.338,+0.743
5301.844,10,11,+58.441,+0.796
5305.85,10,11,+58.581,+0.874
5308.751,10,11,+58.623,+0.847
5312.907,10,11,+58.691,+0.871
5318.837,10,11,+58.698,+0.762
5324.652,10,11,+58.811,+0.690
5328.881,10,11,+58.858,+0.681
5334.097,10,11,+58.964,+0.707
5337.565,10,11,+59.108,+0.659
5341.209,10,11,+59.291,+0.732
5343.26,10,11,+59.346,+0.691
5351.679,10,11,+59.436,+0.737
5357.066,10,11,+59.470,+0.660
5360.56,10,11,+59.606,+0.766
5363.941,10,11,+59.694,+0.755
5366.301,10,11,+59.814,+0.812
5368.809,10,11,+59.932,+0.878
5369.509,10,11,+59.947,+0.884
5372.965,10,11,+59.901,+0.875
5375.679,10,11,+59.776,+0.843
5378.016,10,11,+59.753,+0.735
5383.12,10,11,+59.877,+0.682
5386.486,10,11,+59.998,+0.701
5390.445,10,11,+60.225,+0.808
5393.362,10,11,+60.279,+0.776
5397.439,10,11,+60.389,+0.861
5403.404,10,11,+60.436,+0.729
5409.22,10,11,+60.461,+0.712
5413.496,10,11,+60.558,+0.795
5418.752,10,11,+60.817,+0.876
5422.236,10,11,+60.978,+0.841
5425.908,10,11,+61.141,+0.872
5427.955,10,11,+61.156,+0.843
5436.327,10,11,+61.204,+0.846
5441.741,10,11,+61.247,+0.724
5445.205,10,11,+61.391,+0.791
5448.612,10,11,+61.451,+0.786
5450.939,10,11,+61.535,+0.852
5453.477,10,11,+61.671,+0.869
5454.167,10,11,+61.691,+0.864
5457.65,10,11,+61.634,+0.826
5460.324,10,11,+61.490,+0.812
5462.665,10,11,+61.427,+0.703
5467.972,10,11,+61.703,+0.710
5471.3,10,11,+61.849,+0.663
5475.366,10,11,+62.088,+0.814
5478.305,10,11,+62.147,+0.825
5482.441,10,11,+62.301,+0.798
5488.54,10,11,+62.482,+0.832
5494.422,10,11,+62.673,+0.907
5498.672,10,11,+62.740,+0.958
5503.899,10,11,+62.877,+1.016
5507.443,10,11,+63.053,+1.008
5511.049,10,11,+63.191,+1.048
5513.104,10,11,+63.191,+1.018
5521.469,10,11,+63.217,+1.002
5527.094,10,11,+63.327,+1.031
5530.352,10,11,+63.376,+1.121
5533.696,10,11,+63.387,+1.073
5536.04,10,11,+63.485,+1.106
5538.599,10,11,+63.646,+1.198
5539.281,10,11,+63.672,+1.216
5542.828,10,11,+63.712,+1.303
5545.668,10,11,+63.717,+1.422
5548.063,10,11,+63.763,+1.376
5553.216,10,11,+63.896,+1.416
5556.539,10,11,+63.959,+1.485
5560.545,10,11,+64.152,+1.393
5563.402,10,11,+64.204,+1.337
5567.517,10,11,+64.220,+1.287
5573.484,10,11,+64.225,+1.243
5579.24,10,11,+64.237,+1.084
5583.506,10,11,+64.288,+1.039
5588.679,10,11,+64.513,+1.027
5592.209,10,11,+64.653,+0.991
5595.858,10,11,+64.843,+1.040
5597.916,10,11,+64.879,+1.012
5606.288,10,11,+64.910,+0.981
5611.939,10,11,+65.145,+1.022
5615.431,10,11,+65.318,+1.095
5618.841,10,11,+65.422,+1.123
5621.207,10,11,+65.523,+1.197
5623.727,10,11,+65.625,+1.247
5624.442,10,11,+65.639,+1.254
5627.983,10,11,+65.645,+1.312
5630.786,10,11,+65.619,+1.408
5633.221,10,11,+65.659,+1.447
5638.382,10,11,+65.818,+1.494
5641.622,10,11,+65.928,+1.494
5645.602,10,11,+66.106,+1.494
5648.477,10,11,+66.157,+1.471
5652.545,10,11,+66.209,+1.455
5658.536,10,11,+66.241,+1.363
5664.369,10,11,+66.462,+1.250
5668.584,10,11,+66.531,+1.204
5673.83,10,11,+66.766,+1.305
5677.299,10,11,+66.843,+1.249
5680.955,10,11,+67.011,+1.296
5682.986,10,11,+67.028,+1.255
5691.305,10,11,+66.906,+1.198
5696.852,10,11,+66.974,+1.270
5700.307,10,11,+66.996,+1.167
5703.643,10,10,+66.996,+1.167
5703.721,10,10,+67.050,+2.011
5706.05,10,10,+67.137,+1.987
5708.518,10,10,+67.194,+2.002
5709.221,10,10,+67.206,+2.003
5712.737,10,10,+67.233,+1.983
5715.581,10,10,+67.238,+1.944
5717.943,10,10,+67.200,+1.859
5723.045,10,10,+67.332,+1.763
5726.33,10,10,+67.425,+1.655
5730.409,10,10,+67.558,+1.696
5733.252,10,10,+67.628,+1.751
5737.346,10,10,+67.692,+1.579
5743.29,10,10,+67.625,+1.459
5749.103,10,10,+67.623,+1.501
5753.322,10,10,+67.648,+1.576
5758.492,10,10,+67.766,+1.643
5761.923,10,10,+67.838,+1.611
5765.579,10,10,+68.028,+1.576
5767.665,10,10,+68.087,+1.565
5775.943,10,10,+67.917,+1.615
5781.485,10,10,+67.956,+1.669
5784.853,10,10,+67.964,+1.674
5788.259,10,10,+67.976,+1.614
5790.602,10,10,+68.061,+1.572
5793.11,10,10,+68.130,+1.560
5793.791,10,10,+68.146,+1.557
5797.327,10,10,+68.193,+1.525
5800.179,10,10,+68.221,+1.481
5802.55,10,10,+68.226,+1.444
5807.737,10,10,+68.402,+1.413
5811.064,10,10,+68.495,+1.279
5815.074,10,10,+68.697,+1.284
5817.96,10,10,+68.742,+1.301
5822.038,10,10,+68.708,+1.167
5827.959,10,10,+68.673,+1.129
5833.726,10,10,+68.724,+1.175
5837.944,10,10,+68.697,+1.215
5843.101,10,10,+68.801,+1.276
5846.585,10,10,+68.849,+1.223
5850.241,10,10,+69.038,+1.283
5852.319,10,10,+69.114,+1.293
5860.616,10,10,+68.985,+1.235
5866.101,10,10,+69.085,+1.253
5869.601,10,10,+69.205,+1.330
5873.023,10,10,+69.329,+1.183
5875.367,10,10,+69.461,+1.157
5877.82,10,10,+69.543,+1.185
5878.539,10,10,+69.555,+1.188
5882.056,10,10,+69.621,+1.162
5884.882,10,10,+69.696,+1.113
5887.289,10,10,+69.733,+1.103
5892.336,10,10,+69.785,+1.021
5895.648,10,10,+69.938,+0.910
5899.711,10,10,+70.171,+0.879
5902.586,10,10,+70.118,+0.887
5906.648,10,10,+70.158,+0.697
5912.685,10,10,+70.282,+0.692
5918.501,10,10,+70.395,+0.730
5922.735,10,10,+70.369,+0.770
5927.935,10,10,+70.562,+0.823
5931.445,10,10,+70.755,+0.851
5935.07,10,10,+70.928,+0.901
5937.132,10,10,+71.001,+0.903
5945.476,10,10,+70.938,+0.863
5950.976,10,10,+71.043,+0.869
5954.429,10,10,+71.142,+0.934
5957.82,10,10,+71.205,+0.872
5960.195,10,10,+71.372,+0.867
5962.71,10,10,+71.530,+0.927
5963.429,10,10,+71.548,+0.931
5966.929,10,10,+71.499,+0.843
5969.586,10,10,+71.361,+0.682
5971.924,10,10,+71.377,+0.586
5977.149,10,10,+71.231,+0.445
5980.51,10,10,+71.205,+0.304
5984.633,10,10,+71.527,+0.423
5987.586,10,10,+71.530,+0.485
5991.78,10,10,+71.697,+0.403
5997.796,10,10,+71.821,+0.381
6003.743,10,10,+72.077,+0.442
6008.049,10,10,+72.154,+0.541
6013.252,10,10,+72.348,+0.720
6016.799,10,10,+72.540,+0.788
6020.444,10,10,+72.720,+0.857
6022.506,10,10,+72.777,+0.864
6030.847,10,10,+72.826,+0.871
6036.355,10,10,+72.918,+0.884
6039.777,10,10,+73.006,+0.993
6043.152,10,10,+73.143,+0.965
6045.543,10,10,+73.288,+0.948
6048.074,10,10,+73.449,+1.014
6048.793,10,10,+73.470,+1.020
6052.23,10,10,+73.417,+0.946
6054.946,10,10,+73.266,+0.797
6057.289,10,10,+73.267,+0.734
6062.543,10,10,+73.463,+0.748
6065.917,10,10,+73.618,+0.676
6069.979,10,10,+73.889,+0.724
6072.901,10,10,+73.889,+0.762
6076.87,10,10,+74.010,+0.507
6082.854,10,10,+74.125,+0.469
6088.745,10,10,+74.262,+0.493
6092.979,10,10,+74.277,+0.477
6098.317,10,10,+74.644,+0.693
6101.856,10,10,+74.816,+0.724
6105.514,10,10,+75.048,+0.823
6107.575,10,10,+75.125,+0.805
6115.951,10,10,+75.202,+0.827
6121.494,10,10,+75.353,+0.791
6124.916,10,10,+75.487,+0.827
6128.322,10,10,+75.640,+0.827
6130.666,10,10,+75.779,+0.802
6133.197,10,10,+75.918,+0.829
6133.869,10,10,+75.934,+0.827
6137.339,10,10,+75.868,+0.724
6140.071,10,10,+75.726,+0.568
6142.35,10,10,+75.691,+0.495
6147.649,10,10,+75.950,+0.508
6150.944,10,10,+76.061,+0.397
6155.054,10,10,+76.278,+0.494
6157.945,10,10,+76.272,+0.527
6162.118,10,10,+76.444,+0.320
6168.118,10,10,+76.575,+0.351
6174.087,10,10,+76.841,+0.462
6178.388,10,10,+76.953,+0.587
6183.576,10,10,+77.131,+0.634
6187.078,10,10,+77.205,+0.622
6190.685,10,10,+77.394,+0.632
6192.716,10,10,+77.445,+0.608
6201.064,10,10,+77.441,+0.594
6206.628,10,10,+77.528,+0.561
6210.057,10,10,+77.693,+0.611
6213.462,10,10,+77.870,+0.414
6215.789,10,10,+77.958,+0.414
6218.256,10,10,+78.064,+0.414
6218.956,10,9,+78.064,+0.414
6218.983,10,9,+78.081,+11.938
6222.466,10,9,+78.062,+11.903
6225.186,10,9,+77.640,+11.788
6227.521,10,9,+77.560,+11.721
6232.692,10,9,+77.619,+11.978
6236.005,10,9,+77.654,+12.079
6239.929,10,9,+77.637,+12.332
6242.827,10,9,+77.617,+12.432
6246.767,10,9,+77.560,+12.460
6252.758,10,9,+77.573,+12.692
6258.57,10,9,+77.543,+12.844
6262.773,10,9,+77.496,+12.888
6267.977,10,9,+77.591,+13.146
6271.43,10,9,+77.624,+13.255
6275.05,10,9,+77.760,+13.426
6277.092,10,9,+77.856,+13.476
6285.43,10,9,+77.880,+13.473
6290.92,10,9,+78.109,+13.695
6294.342,10,9,+78.232,+13.812
6297.732,10,9,+78.273,+13.840
6300.06,10,9,+78.293,+13.887
6302.561,10,9,+78.376,+14.005
6303.279,10,9,+78.392,+14.026
6306.857,10,9,+78.480,+14.057
6309.686,10,9,+78.592,+14.051
6312.107,10,9,+78.682,+14.080
6317.264,10,9,+73.926,+14.250
6320.529,10,9,+74.151,+14.369
6324.592,10,9,+74.470,+14.774
6327.483,10,9,+74.503,+14.865
6331.436,10,9,+74.819,+14.817
6337.483,10,9,+75.068,+15.081
6343.343,10,9,+75.408,+15.247
6347.591,10,9,+75.504,+15.295
6352.733,10,9,+75.720,+15.468
6356.131,10,9,+75.868,+15.571
6359.795,10,9,+76.114,+15.768
6361.873,10,9,+76.155,+15.809
6370.356,10,9,+76.633,+16.193
6375.918,10,9,+76.991,+16.500
6379.402,10,9,+77.228,+16.664
6382.793,10,9,+77.383,+16.733
6385.184,10,9,+77.542,+16.852
6387.689,10,9,+77.651,+16.973
6388.376,10,9,+77.804,+16.992
6391.938,10,9,+77.669,+17.026
6394.809,10,9,+77.637,+17.024
6397.171,10,9,+77.666,+17.043
6402.39,10,9,+78.047,+17.337
6405.765,10,9,+78.310,+17.504
6409.815,10,9,+78.620,+17.913
6412.814,10,9,+78.670,+18.082
6416.812,10,9,+79.002,+18.155
6422.887,10,9,+79.276,+18.421
6428.781,10,9,+79.643,+18.693
6433.0,10,9,+79.739,+18.758
6438.328,10,9,+80.215,+19.108
6441.876,10,9,+80.506,+19.354
6445.594,10,9,+80.748,+19.616
6447.688,10,9,+80.748,+19.647
6456.063,10,9,+81.072,+19.788
6461.876,10,9,+81.548,+20.305
6465.797,10,9,1 L,+20.933
6469.407,10,9,1 L,+21.233
6471.891,10,9,1 L,+21.469
6474.407,10,9,1 L,+21.612
6475.11,10,9,1 L,+21.626
6478.563,10,9,1 L,+21.558
6481.267,10,9,1 L,+21.406
6483.657,10,9,1 L,+21.445
6488.907,10,9,1 L,+21.790
6492.236,10,9,1 L,+21.979
6496.393,10,9,1 L,+22.358
6499.342,10,9,1 L,+22.473
6503.448,10,9,1 L,+22.663
6509.479,10,9,1 L,+22.902
6515.404,10,9,1 L,+23.202
6519.622,10,9,1 L,+23.305
6524.912,10,9,1 L,+23.563
6528.516,10,9,1 L,+23.897
6532.203,10,9,1 L,+24.123
6534.219,10,9,1 L,+24.108
6542.625,10,9,1 L,+24.370
6548.232,10,9,1 L,+24.614
6551.691,10,9,1 L,+24.811
6555.165,10,9,1 L,+24.934
6557.518,10,9,1 L,+25.036
6561.821,10,9,1 L,+26.985
6563.778,10,9,1 L,+28.244
6569.102,10,9,1 L,+30.040
6572.391,10,9,1 L,+30.488
6575.096,10,9,1 L,+30.847
6580.912,10,9,1 L,+31.648
6584.987,10,9,1 L,+32.595
6590.312,10,9,1 L,+34.069
6593.845,10,9,1 L,+34.391
6598.232,10,9,1 L,+32.833
6606.14,10,9,1 L,+32.595
6613.016,10,9,1 L,+32.542
6619.344,10,9,1 L,+32.683
6625.006,10,9,1 L,+32.099
6629.931,10,9,1 L,+31.635
6635.44,10,9,1 L,+32.153
6637.853,10,9,1 L,+32.014
6647.449,10,9,1 L,+32.090
6653.442,10,9,1 L,+31.722
6658.567,10,9,1 L,+32.399
6662.426,10,9,1 L,+31.438
6698.333,10,9,1 L,+50.731
6701.278,10,9,1 L,+50.427
6707.493,10,9,1 L,+50.624
6710.811,10,9,1 L,+49.634
6714.678,10,9,1 L,+48.484
6717.512,10,9,1 L,+47.549
6721.468,10,9,1 L,+46.947
6727.265,10,9,1 L,+45.654
6732.725,10,9,1 L,+44.475
6736.74,10,9,1 L,+42.667
6741.671,10,9,1 L,+41.354
6744.921,10,9,1 L,+40.177
6748.437,10,9,1 L,+40.184
6750.484,10,9,1 L,+40.243
6758.484,10,9,1 L,+40.030
6763.702,10,9,1 L,+39.899
6766.937,10,9,1 L,+39.867
6770.312,10,9,1 L,+39.911
6772.624,10,9,1 L,+39.989
6775.015,10,9,1 L,+39.993
6775.703,10,9,1 L,+39.991
6779.203,10,9,1 L,+39.966
6782.015,10,9,1 L,+39.928
6784.421,10,9,1 L,+39.941
6789.333,10,9,1 L,+39.904
6792.479,10,9,1 L,+39.870
6796.262,10,9,1 L,+39.867
6799.076,10,9,1 L,+39.882
6802.979,10,9,1 L,+39.713
6808.682,10,9,1 L,+39.670
6814.307,10,9,1 L,+39.579
6818.441,10,9,1 L,+39.575
6823.378,10,9,1 L,+39.504
6826.909,10,9,1 L,+39.486
6830.193,10,9,1 L,+39.459
6832.238,10,9,1 L,+39.462
6840.293,10,9,1 L,+39.344
6845.599,10,9,1 L,+39.276
6848.779,10,9,1 L,+39.213
6852.024,10,9,1 L,+39.080
6854.317,10,9,1 L,+39.071
6856.715,10,9,1 L,+39.110
6857.413,10,9,1 L,+39.114
6860.912,10,9,1 L,+39.107
6863.756,10,9,1 L,+39.083
6866.162,10,9,1 L,+39.156
6871.115,10,9,1 L,+39.139
6874.256,10,9,1 L,+39.068
6878.084,10,9,1 L,+39.089
6880.912,10,9,1 L,+39.118
6884.787,10,9,1 L,+39.057
6890.631,10,9,1 L,+39.146
6896.24,10,9,1 L,+39.173
6900.366,10,9,1 L,+39.163
6905.319,10,9,1 L,+39.192
6908.678,10,9,1 L,+39.221
6912.151,10,9,1 L,+39.207
6914.181,10,9,1 L,+39.213
6922.335,10,9,1 L,+39.230
6927.616,10,9,1 L,+39.093
6930.773,10,9,1 L,+39.018
6934.023,10,9,1 L,+38.906
6936.288,10,9,1 L,+38.884
6938.679,10,9,1 L,+38.890
6939.366,10,9,1 L,+38.892
6942.866,10,9,1 L,+38.878
6945.679,10,9,1 L,+38.848
6948.054,10,9,1 L,+38.879
6953.038,10,9,1 L,+38.869
6956.133,10,9,1 L,+38.837
6959.943,10,9,1 L,+38.854
6962.757,10,9,1 L,+38.879
6966.536,10,9,1 L,+38.681
6972.351,10,9,1 L,+38.674
6977.925,10,9,1 L,+38.584
6982.056,10,9,1 L,+38.573
6987.029,10,9,1 L,+38.574
6990.418,10,9,1 L,+38.621
6993.973,10,9,1 L,+38.753
6996.0,10,9,1 L,+38.777
7004.129,10,9,1 L,+38.796
7009.453,10,9,1 L,+38.658
7012.725,10,9,1 L,+38.633
7015.996,10,9,1 L,+38.527
7018.295,10,9,1 L,+38.568
7020.705,10,9,1 L,+38.586
7021.392,10,9,1 L,+38.590
7024.876,10,9,1 L,+38.580
7027.705,10,9,1 L,+38.542
7030.095,10,9,1 L,+38.566
7035.048,10,9,1 L,+38.605
7038.252,10,9,1 L,+38.632
7042.127,10,9,1 L,+38.760
7044.923,10,9,1 L,+38.796
7048.755,10,9,1 L,+38.595
7054.558,10,9,1 L,+38.546
7060.211,10,9,1 L,+38.570
7064.274,10,9,1 L,+38.502
7069.295,10,9,1 L,+38.532
7072.629,10,9,1 L,+38.503
7076.174,10,9,1 L,+38.574
7078.211,10,9,1 L,+38.584
7086.408,10,9,1 L,+38.647
7091.783,10,9,1 L,+38.669
7095.174,10,9,1 L,+38.704
7098.595,10,9,1 L,+38.789
7100.923,10,9,1 L,+38.840
7103.377,10,9,1 L,+38.949
7104.064,10,9,1 L,+38.969
7107.595,10,9,1 L,+39.011
7110.47,10,9,1 L,+39.025
7112.798,10,9,1 L,+39.064
7117.736,10,9,1 L,+39.029
7120.97,10,9,1 L,+39.058
7124.799,10,9,1 L,+39.173
7127.658,10,9,1 L,+39.225
7131.499,10,9,1 L,+39.184
7137.359,10,9,1 L,+39.172
7142.999,10,9,1 L,+39.094
7147.196,10,9,1 L,+39.117
7152.175,10,9,1 L,+39.159
7155.526,10,9,1 L,+39.186
7159.071,10,9,1 L,+39.259
7161.133,10,9,1 L,+39.282
7169.295,10,9,1 L,+39.268
7174.692,10,9,1 L,+39.197
7177.996,10,9,1 L,+39.123
7181.237,10,9,1 L,+39.048
7183.518,10,9,1 L,+39.066
7185.956,10,9,1 L,+39.095
7186.737,10,9,1 L,+39.105
7190.159,10,9,1 L,+39.141
7193.018,10,9,1 L,+39.167
7195.409,10,9,1 L,+39.197
7200.362,10,9,1 L,+39.200
7203.566,10,9,1 L,+39.273
7207.471,10,9,1 L,+39.420
7210.331,10,9,1 L,+39.500
7214.159,10,9,1 L,+39.380
7220.143,10,9,1 L,+39.450
7225.878,10,9,1 L,+39.479
7230.05,10,9,1 L,+39.547
7235.091,10,9,1 L,+39.581
7238.446,10,9,1 L,+39.577
7242.009,10,9,1 L,+39.613
7244.04,10,9,1 L,+39.657
7252.243,10,9,1 L,+39.676
7257.618,10,9,1 L,+39.643
7261.024,10,9,1 L,+39.681
7264.306,10,9,1 L,+39.630
7266.571,10,9,1 L,+39.635
7269.074,10,9,1 L,+39.669
7269.738,10,9,1 L,+39.677
7273.292,10,9,1 L,+39.697
7276.181,10,9,1 L,+39.698
7278.554,10,9,1 L,+39.743
7283.526,10,9,1 L,+39.858
7286.793,10,9,1 L,+39.870
7290.59,10,9,1 L,+39.967
7293.465,10,9,1 L,+40.051
7297.246,10,9,1 L,+39.972
7303.199,10,9,1 L,+40.111
7308.903,10,9,1 L,+40.166
7313.097,10,9,1 L,+40.229
7318.097,10,9,1 L,+40.255
7321.395,10,9,1 L,+40.259
7324.895,10,9,1 L,+40.302
7326.941,10,9,1 L,+40.315
7335.113,10,9,1 L,+40.388
7340.597,10,9,1 L,+40.462
7343.941,10,9,1 L,+40.488
7347.144,10,9,1 L,+40.427
7349.395,10,9,1 L,+40.422
7351.894,10,9,1 L,+40.455
7352.519,10,9,1 L,+40.465
7356.07,10,9,1 L,+40.485
7358.916,10,9,1 L,+40.494
7361.291,10,9,1 L,+40.521
7366.228,10,9,1 L,+40.475
7369.447,10,9,1 L,+40.487
7373.291,10,9,1 L,+40.587
7376.15,10,9,1 L,+40.655
7380.041,10,9,1 L,+40.561
7385.995,10,9,1 L,+40.637
7391.637,10,9,1 L,+40.627
7395.813,10,9,1 L,+40.708
7400.919,10,9,1 L,+40.761
7404.284,10,9,1 L,+40.809
7407.818,10,9,1 L,+40.850
7409.893,10,9,1 L,+40.906
7418.144,10,9,1 L,+41.070
7423.485,10,9,1 L,+40.966
7426.86,10,9,1 L,+40.958
7430.141,10,9,1 L,+40.919
7432.401,10,9,1 L,+40.915
7434.836,10,9,1 L,+40.969
7435.522,10,9,1 L,+40.980
7439.065,10,9,1 L,+41.013
7441.941,10,9,1 L,+41.029
7444.357,10,9,1 L,+41.095
7449.357,10,9,1 L,+41.159
7452.607,10,9,1 L,+41.216
7456.513,10,9,1 L,+41.325
7459.457,10,9,1 L,+41.430
7463.277,10,9,1 L,+41.458
7469.197,10,9,1 L,+41.553
7474.898,10,9,1 L,+41.578
7479.022,10,9,1 L,+41.585
7484.052,10,9,1 L,+41.545
7487.38,10,9,1 L,+41.538
7490.957,10,9,1 L,+41.578
7493.0,10,9,1 L,+41.603
7501.236,10,9,1 L,+41.648
7506.598,10,9,1 L,+41.585
7509.898,10,9,1 L,+41.645
7513.2,10,9,1 L,+41.652
7515.499,10,9,1 L,+41.690
7517.956,10,9,1 L,+41.730
7518.648,10,9,1 L,+41.738
7522.165,10,9,1 L,+41.770
7525.038,10,9,1 L,+41.793
7527.429,10,9,1 L,+41.871
7532.46,10,9,1 L,+41.884
7535.695,10,9,1 L,+41.889
7539.594,10,9,1 L,+41.987
7542.461,10,9,1 L,+42.051
7546.309,10,9,1 L,+41.948
7552.249,10,9,1 L,+42.084
7557.968,10,9,1 L,+42.126
7562.158,10,9,1 L,+42.238
7567.236,10,9,1 L,+42.250
7570.58,10,9,1 L,+42.274
7574.127,10,9,1 L,+42.334
7576.189,10,9,1 L,+42.383
7584.423,10,9,1 L,+42.400
7589.822,10,9,1 L,+42.249
7593.103,10,9,1 L,+42.250
7596.423,10,9,1 L,+42.232
7598.72,10,9,1 L,+42.243
7601.142,10,9,1 L,+42.270
7601.861,10,9,1 L,+42.278
7605.376,10,9,1 L,+42.311
7608.236,10,9,1 L,+42.340
7610.551,10,9,1 L,+42.344
7615.571,10,9,1 L,+42.335
7618.821,10,9,1 L,+42.400
7622.758,10,9,1 L,+42.474
7625.634,10,9,1 L,+42.554
7629.649,10,9,1 L,+42.578
7635.571,10,9,1 L,+42.551
7641.571,10,9,1 L,+42.766
7646.352,10,9,1 L,+43.362
7651.593,10,9,1 L,+43.590
7655.109,10,9,1 L,+43.742
7658.671,10,9,1 L,+43.830
7660.718,10,9,1 L,+43.850
7668.921,10,9,1 L,+43.795
7674.358,10,9,1 L,+43.742
7677.594,10,9,1 L,+43.644
7680.9,10,9,1 L,+43.650
7683.217,10,9,1 L,+43.684
7685.699,10,9,1 L,+43.749
7686.423,10,9,1 L,+43.762
7689.894,10,9,1 L,+43.794
7692.757,10,9,1 L,+43.810
7695.058,10,9,1 L,+43.820
7700.152,10,9,1 L,+43.827
7703.399,10,9,1 L,+43.825
7707.368,10,9,1 L,+44.049
7710.29,10,9,1 L,+44.149
7714.133,10,9,1 L,+43.987
7720.102,10,9,1 L,+44.096
7725.852,10,9,1 L,+44.175
7730.071,10,9,1 L,+44.232
7735.321,10,9,1 L,+44.457
7738.742,10,9,1 L,+44.538
7742.544,10,9,1 L,+44.866
7745.2,10,9,1 L,+45.476
7753.731,10,9,1 L,+45.784
7759.122,10,9,1 L,+45.700
7762.466,10,9,1 L,+45.684
7765.856,10,9,1 L,+45.735
7768.216,10,9,1 L,+45.841
7770.7,10,9,1 L,+45.930
7771.372,10,9,1 L,+45.940
7774.794,10,9,1 L,+45.873
7777.497,10,9,1 L,+45.740
7779.794,10,9,1 L,+45.717
7784.939,10,9,1 L,+45.849
7788.172,10,9,1 L,+45.858
7792.192,10,9,1 L,+46.121
7795.099,10,9,1 L,+46.227
7799.052,10,9,1 L,+46.286
7804.989,10,9,1 L,+46.245
7810.724,10,9,1 L,+46.227
7814.989,10,9,1 L,+46.309
7820.099,10,9,1 L,+46.370
7823.566,10,9,1 L,+46.447
7827.285,10,9,1 L,+46.551
7829.176,10,9,1 L,+46.582
7837.441,10,9,1 L,+46.553
7842.769,10,9,1 L,+46.395
7846.038,10,9,1 L,+46.369
7849.379,10,9,1 L,+46.326
7851.65,10,9,1 L,+46.372
7854.107,10,9,1 L,+46.390
7854.806,10,9,1 L,+46.394
7858.3,10,9,1 L,+46.392
7861.141,10,9,1 L,+46.382
7863.516,10,9,1 L,+46.402
7868.641,10,9,1 L,+46.513
7871.866,10,9,1 L,+46.545
7875.788,10,9,1 L,+46.652
7878.663,10,9,1 L,+46.729
7882.585,10,9,1 L,+46.747
7888.476,10,9,1 L,+46.701
7894.22,10,9,1 L,+46.736
7898.445,10,9,1 L,+46.802
7903.564,10,9,1 L,+46.844
7906.954,10,9,1 L,+46.839
7910.486,10,9,1 L,+46.916
7912.564,10,9,1 L,+46.946
7920.77,10,9,1 L,+46.936
7926.151,10,9,1 L,+46.782
7929.438,10,9,1 L,+46.720
7932.707,10,9,1 L,+46.680
7935.05,10,9,1 L,+46.731
7937.488,10,9,1 L,+46.759
7938.207,10,9,1 L,+46.766
7941.707,10,9,1 L,+46.792
7944.55,10,9,1 L,+46.804
7946.941,10,9,1 L,+46.872
7951.925,10,9,1 L,+46.803
7955.175,10,9,1 L,+46.714
7959.019,10,9,1 L,+46.649
7961.863,10,9,1 L,+46.711
7965.756,10,9,1 L,+46.614
7971.676,10,9,1 L,+46.529
7977.41,10,9,1 L,+46.459
7981.582,10,9,1 L,+46.397
7986.629,10,9,1 L,+46.328
7990.012,10,9,1 L,+46.268
7993.528,10,9,1 L,+46.255
7995.511,10,9,1 L,+46.295
8004.012,10,9,1 L,+46.131
8009.133,10,9,1 L,+45.947
8012.43,10,9,1 L,+45.761
8015.727,10,9,1 L,+45.662
8018.04,10,9,1 L,+45.688
8020.508,10,9,1 L,+45.718
8021.274,10,9,1 L,+45.731
8024.743,10,9,1 L,+45.759
8027.587,10,9,1 L,+45.769
8029.981,10,9,1 L,+45.690
8034.968,10,9,1 L,+45.375
8038.187,10,9,1 L,+45.345
8042.124,10,9,1 L,+45.406
8044.968,10,9,1 L,+45.451
8048.876,10,9,1 L,+45.308
8054.747,10,9,1 L,+45.282
8060.434,10,9,1 L,+45.241
8064.606,10,9,1 L,+45.205
8069.622,10,9,1 L,+45.187
8072.981,10,9,1 L,+45.182
8076.528,10,9,1 L,+45.208
8078.513,10,9,1 L,+45.045
8086.809,10,9,1 L,+44.166
8092.138,10,9,1 L,+44.042
8095.435,10,9,1 L,+43.945
8098.81,10,9,1 L,+43.859
8101.106,10,9,1 L,+43.848
8103.56,10,9,1 L,+43.849
8104.216,10,9,1 L,+43.855
8107.732,10,9,1 L,+43.944
8110.56,10,9,1 L,+44.014
8112.903,10,9,1 L,+43.950
8117.966,10,9,1 L,+43.850
8121.185,10,9,1 L,+43.723
8125.072,10,9,1 L,+43.754
8127.901,10,9,1 L,+43.791
8131.822,10,9,1 L,+43.622
8137.634,10,9,1 L,+43.562
8143.322,10,9,1 L,+43.404
8147.494,10,9,1 L,+43.410
8152.587,10,9,1 L,+43.443
8155.963,10,9,1 L,+43.414
8159.525,10,9,1 L,+43.450
8161.525,10,9,1 L,+43.449
8169.762,10,9,1 L,+43.300
8175.183,10,9,1 L,+43.104
8178.546,10,9,1 L,+43.011
8181.899,10,9,1 L,+42.812
8187.385,10,9,1 L,+39.210
8193.713,10,9,1 L,+20.895
8196.088,10,9,1 L,+20.579
8201.135,10,9,1 L,+20.085
8204.416,10,9,1 L,+20.166
8208.315,10,9,1 L,+20.358
8211.19,10,9,1 L,+20.441
8215.024,10,9,1 L,+20.407
8220.924,10,9,1 L,+20.607
8226.641,10,9,1 L,+20.783
8230.737,10,9,1 L,+20.826
8235.872,10,9,1 L,+21.082
8239.241,10,9,1 L,+21.199
8242.757,10,9,1 L,+21.354
8244.752,10,9,1 L,+21.355
8252.96,10,9,1 L,+21.375
8258.413,10,9,1 L,+21.623
8261.757,10,9,1 L,+21.761
8265.104,10,9,1 L,+21.813
8267.414,10,9,1 L,+21.916
8269.835,10,9,1 L,+22.042
8270.523,10,9,1 L,+22.063
8274.054,10,9,1 L,+22.107
8276.898,10,9,1 L,+22.120
8279.29,10,9,1 L,+22.232
8284.323,10,9,1 L,+22.387
8287.589,10,9,1 L,+22.546
8291.464,10,9,1 L,+22.831
8294.37,10,9,1 L,+22.939
8298.214,10,9,1 L,+23.087
8304.126,10,9,1 L,+23.373
8309.855,10,9,1 L,+23.636
8314.042,10,9,1 L,+23.740
8319.136,10,9,1 L,+24.028
8322.527,10,9,1 L,+24.191
8326.042,10,9,1 L,+24.378
8328.011,10,9,1 L,+24.382
8336.292,10,9,1 L,+24.551
8341.699,10,9,1 L,+24.738
8344.995,10,9,1 L,+24.873
8348.355,10,9,1 L,+24.959
8350.667,10,9,1 L,+25.061
8353.136,10,9,1 L,+25.182
8353.792,10,9,1 L,+25.205
8357.342,10,9,1 L,+25.286
8360.196,10,9,1 L,+25.343
8362.539,10,9,1 L,+25.416
8367.635,10,9,1 L,+25.385
8370.906,10,9,1 L,+25.591
8375.015,10,9,1 L,+26.007
8377.89,10,9,1 L,+26.110
8381.921,10,9,1 L,+26.282
8387.921,10,9,1 L,+26.469
8393.762,10,9,1 L,+26.775
8398.043,10,9,1 L,+26.946
8403.308,10,9,1 L,+27.190
8406.824,10,9,1 L,+27.379
8413.043,10,9,1 L,+30.231
8415.59,10,9,1 L,+30.799
8425.218,10,9,1 L,+32.152
8431.296,10,9,1 L,+32.940
8436.734,10,9,1 L,+35.159
8441.296,10,9,1 L,+36.397
8444.108,10,9,1 L,+36.854
8447.202,10,9,1 L,+35.555
8448.108,10,9,1 L,+34.809
8452.514,10,9,1 L,+31.579
8456.296,10,9,1 L,+29.733
8460.343,10,9,1 L,+29.677
8466.791,10,9,1 L,+30.174
8470.953,10,9,1 L,+30.302
8476.235,10,9,1 L,+135.364
8479.859,10,9,1 L,+136.094
8484.5,10,9,1 L,+136.968
8492.343,10,9,1 L,+138.942
8500.536,10,9,1 L,+138.596
8508.954,10,8,1 L,+138.596
8509.03,10,8,1 L,+33.552
8514.803,10,8,1 L,+33.741
8518.616,10,8,1 L,+34.000
8522.674,10,8,1 L,+34.421
8525.059,10,8,1 L,+34.719
8533.746,10,8,1 L,+91.249
8539.372,10,8,1 L,+90.813
8543.965,10,8,1 L,+90.796
8548.731,10,8,1 L,+88.799
8555.544,10,8,1 L,+33.930
8560.355,10,7,1 L,+33.930
8560.431,10,7,1 L,+33.580
8564.604,10,7,1 L,+33.362
8567.682,10,7,1 L,+32.651
8573.602,10,7,1 L,+32.715
8578.392,10,7,1 L,+33.447
8583.553,10,7,1 L,+33.957
8586.928,10,7,1 L,+33.802
8591.208,10,7,1 L,+33.642
8599.583,10,7,1 L,+34.815
8608.239,10,7,1 L,+34.631
8615.31,10,7,1 L,+35.185
8620.813,10,7,1 L,+34.885
8624.516,10,7,1 L,+34.909
8628.266,10,7,1 L,+34.721
8630.344,10,7,1 L,+34.632
8640.547,10,7,1 L,+34.596
8646.125,10,7,1 L,+33.205
8649.423,10,7,1 L,+31.939
8652.844,10,7,1 L,+31.121
8655.172,10,7,1 L,+30.367
8657.61,10,7,1 L,+29.234
8658.344,10,7,1 L,+28.887
8661.852,10,7,1 L,+27.769
8664.71,10,7,1 L,+27.564
8667.132,10,7,1 L,+27.036
8672.193,10,7,1 L,+27.075
8675.393,10,7,1 L,+27.143
8679.318,10,7,1 L,+27.287
8682.169,10,7,1 L,+27.363
8686.091,10,7,1 L,+27.267
8691.997,10,7,1 L,+27.449
8697.654,10,7,1 L,+27.503
8701.825,10,7,1 L,+27.588
8706.935,10,7,1 L,+27.753
8710.249,10,7,1 L,+27.853
8713.864,10,7,1 L,+28.033
8715.88,10,7,1 L,+28.071
8724.02,10,7,1 L,+28.068
8729.349,10,7,1 L,+28.202
8732.697,10,7,1 L,+28.331
8736.049,10,7,1 L,+28.373
8738.408,10,7,1 L,+28.488
8740.892,10,7,1 L,+28.630
8741.955,10,7,1 L,+28.654
8745.127,10,7,1 L,+28.709
8748.002,10,7,1 L,+28.730
8750.314,10,7,1 L,+28.744
8755.472,10,7,1 L,+28.970
8758.767,10,7,1 L,+29.134
8762.671,10,7,1 L,+29.424
8765.538,10,7,1 L,+29.538
8769.525,10,7,1 L,+29.607
8775.432,10,7,1 L,+29.748
8781.191,10,7,1 L,+29.950
8785.352,10,7,1 L,+30.038
8790.446,10,7,1 L,+30.239
8793.868,10,7,1 L,+30.404
8797.462,10,7,1 L,+30.597
8799.477,10,7,1 L,+30.644
8807.727,10,7,1 L,+30.833
8813.087,10,7,1 L,+30.918
8816.403,10,7,1 L,+30.962
8819.783,10,7,1 L,+31.011
8822.062,10,7,1 L,+31.057
8824.539,10,7,1 L,+31.144
8825.208,10,7,1 L,+31.162
9036.717,10,7,1L,+31.162
6.86,87,15,,
3230.105,87,15,+1.820,+0.368
3232.355,87,16,+1.820,+0.368
3232.558,87,14,+1.820,+0.368
3232.652,87,14,+1.473,+0.249
3232.715,87,15,+1.473,+0.249
3236.012,87,16,+1.473,+0.249
3236.605,87,16,+1.944,+0.077
3241.879,87,16,+2.817,+0.059
3245.154,87,15,+2.817,+0.059
3245.259,87,15,+3.062,+0.173
3249.207,87,15,+3.469,+0.040
3252.085,87,15,+3.475,+0.036
3257.137,87,14,+3.475,+0.036
3257.277,87,14,+4.051,+0.212
3262.589,87,15,+4.051,+0.212
3262.883,87,15,+4.467,+0.037
3268.565,87,14,+4.467,+0.037
3268.655,87,14,+5.053,+0.311
3273.209,87,14,+5.421,+0.272
3278.604,87,14,+6.223,+0.337
3282.401,87,14,+6.706,+0.398
3286.104,87,14,+7.049,+0.526
3288.089,87,14,+7.057,+0.438
3296.591,87,14,+7.682,+0.479
3302.091,87,14,+8.151,+0.534
3305.388,87,15,+8.151,+0.534
3305.7,87,15,+8.615,+0.226
3309.435,87,15,+8.938,+0.473
3311.81,87,15,+9.150,+0.569
3314.264,87,15,+9.243,+0.639
3314.965,87,15,+9.251,+0.654
3318.46,87,15,+9.142,+0.676
3321.195,87,15,+8.957,+0.569
3323.46,87,16,+8.957,+0.569
3323.569,87,16,+8.966,+0.011
3329.085,87,16,+9.692,+0.227
3332.5,87,16,+9.985,+0.291
3336.507,87,16,+10.269,+0.372
3339.476,87,16,+10.341,+0.366
3343.804,87,16,+10.802,+0.400
3349.882,87,16,+11.095,+0.529
3355.539,87,16,+11.228,+0.445
3359.892,87,16,+11.367,+0.502
3364.917,87,16,+11.619,+0.503
3368.464,87,16,+11.782,+0.554
3371.979,87,16,+11.856,+0.537
3373.964,87,16,+11.817,+0.493
3382.464,87,16,+12.336,+0.583
3387.899,87,16,+12.604,+0.613
3391.219,87,16,+12.649,+0.593
3394.658,87,16,+12.699,+0.586
3397.022,87,16,+12.799,+0.528
3399.495,87,16,+12.911,+0.513
3400.167,87,16,+12.922,+0.508
3403.605,87,16,+12.816,+0.479
3406.277,87,16,+12.633,+0.456
3408.652,87,16,+12.583,+0.452
3413.792,87,16,+12.881,+0.486
3417.105,87,16,+13.108,+0.508
3421.089,87,16,+13.319,+0.478
3424.105,87,16,+13.412,+0.491
3428.34,87,16,+13.774,+0.424
3434.465,87,16,+14.044,+0.529
3440.34,87,16,+14.449,+0.606
3444.559,87,16,+14.496,+0.504
3449.762,87,16,+14.883,+0.590
3453.278,87,16,+15.080,+0.573
3456.856,87,16,+15.267,+0.532
3458.824,87,16,+15.237,+0.492
3467.356,87,16,+15.661,+0.547
3472.824,87,16,+15.933,+0.569
3476.184,87,16,+16.027,+0.577
3479.637,87,16,+16.140,+0.539
3481.981,87,16,+16.280,+0.483
3484.447,87,16,+16.373,+0.471
3485.109,87,16,+16.384,+0.465
3488.571,87,16,+16.277,+0.426
3491.258,87,16,+16.089,+0.400
3493.602,87,16,+16.086,+0.365
3498.834,87,16,+16.472,+0.346
3502.152,87,16,+16.660,+0.381
3506.244,87,16,+16.907,+0.412
3509.197,87,16,+16.944,+0.408
3513.463,87,16,+17.288,+0.370
3519.479,87,16,+17.525,+0.534
3525.307,87,16,+17.774,+0.579
3529.599,87,16,+17.863,+0.612
3534.649,87,16,+18.036,+0.598
3538.182,87,16,+18.203,+0.582
3541.804,87,16,+18.358,+0.622
3543.762,87,16,+18.329,+0.577
3552.262,87,16,+18.669,+0.659
3557.796,87,16,+18.893,+0.699
3561.149,87,16,+18.971,+0.724
3564.587,87,16,+19.074,+0.692
3567.062,87,16,+19.236,+0.648
3569.52,87,16,+19.404,+0.684
3570.2,87,16,+19.426,+0.686
3573.67,87,16,+19.366,+0.678
3576.373,87,16,+19.193,+0.663
3578.788,87,16,+19.262,+0.751
3584.024,87,16,+19.550,+0.667
3587.442,87,16,+19.727,+0.743
3591.4,87,16,+19.900,+0.673
3594.316,87,16,+19.901,+0.608
3598.574,87,16,+20.236,+0.552
3604.763,87,16,+20.492,+0.690
3610.645,87,16,+20.697,+0.731
3614.987,87,16,+20.855,+0.810
3620.139,87,16,+21.100,+0.834
3623.654,87,16,+21.234,+0.823
3627.217,87,16,+21.336,+0.836
3629.17,87,16,+21.340,+0.813
3637.582,87,16,+21.589,+0.803
3643.333,87,16,+21.783,+0.826
3646.411,87,16,+21.837,+0.835
3649.866,87,16,+21.946,+0.787
3652.225,87,16,+22.105,+0.771
3654.705,87,16,+22.202,+0.754
3655.458,87,16,+22.214,+0.748
3658.888,87,16,+22.144,+0.720
3661.612,87,16,+21.953,+0.704
3663.939,87,16,+21.922,+0.713
3669.2,87,16,+22.161,+0.670
3672.646,87,16,+22.374,+0.771
3676.68,87,16,+22.608,+0.686
3679.637,87,16,+22.704,+0.635
3683.923,87,16,+23.025,+0.569
3690.088,87,16,+23.380,+0.654
3695.902,87,16,+23.602,+0.659
3700.23,87,16,+23.775,+0.707
3705.386,87,16,+24.078,+0.739
3708.933,87,16,+24.307,+0.799
3712.527,87,16,+24.433,+0.772
3714.511,87,16,+24.398,+0.743
3723.058,87,16,+24.791,+0.827
3728.527,87,16,+24.927,+0.747
3731.871,87,16,+24.976,+0.728
3735.393,87,16,+25.075,+0.726
3737.796,87,16,+25.202,+0.744
3740.312,87,16,+25.317,+0.712
3740.999,87,16,+25.333,+0.705
3744.483,87,16,+25.266,+0.619
3747.187,87,16,+25.098,+0.475
3749.562,87,16,+25.111,+0.436
3754.859,87,16,+25.465,+0.532
3758.265,87,16,+25.697,+0.592
3762.265,87,16,+25.811,+0.505
3765.201,87,16,+25.874,+0.470
3769.524,87,16,+26.237,+0.507
3775.681,87,16,+26.561,+0.580
3781.581,87,16,+26.819,+0.603
3785.893,87,16,+26.948,+0.626
3791.112,87,16,+27.301,+0.681
3794.643,87,16,+27.497,+0.737
3798.268,87,16,+27.626,+0.713
3800.253,87,16,+27.560,+0.709
3808.849,87,16,+27.954,+0.908
3814.475,87,16,+28.186,+0.933
3817.88,87,16,+28.289,+0.953
3821.451,87,16,+28.405,+0.919
3823.857,87,16,+28.579,+0.944
3826.406,87,16,+28.725,+0.952
3827.109,87,16,+28.747,+0.952
3830.623,87,16,+28.709,+0.889
3833.353,87,16,+28.565,+0.756
3835.714,87,16,+28.573,+0.763
3840.947,87,16,+28.833,+0.806
3844.369,87,16,+29.030,+0.847
3848.444,87,16,+29.235,+0.819
3851.39,87,16,+29.339,+0.819
3855.782,87,16,+29.704,+0.883
3861.797,87,16,+29.850,+0.971
3867.704,87,16,+30.038,+1.002
3872.094,87,16,+30.293,+1.120
3877.288,87,16,+30.503,+1.121
3880.85,87,16,+30.678,+1.120
3884.46,87,16,+30.727,+1.090
3886.477,87,16,+30.669,+1.108
3895.11,87,16,+31.075,+1.276
3900.704,87,16,+31.261,+1.356
3904.079,87,16,+31.268,+1.353
3907.626,87,16,+31.378,+1.343
3910.017,87,16,+31.513,+1.307
3912.517,87,16,+31.606,+1.305
3913.22,87,16,+31.621,+1.304
3916.782,87,16,+31.624,+1.290
3919.642,87,16,+31.598,+1.277
3922.095,87,16,+31.701,+1.346
3927.349,87,16,+31.866,+1.230
3930.716,87,16,+31.999,+1.208
3934.797,87,16,+32.170,+1.190
3937.762,87,16,+32.237,+1.179
3941.998,87,16,+32.573,+1.226
3948.161,87,16,+32.728,+1.266
3954.068,87,16,+32.980,+1.270
3958.436,87,16,+33.141,+1.328
3963.639,87,16,+33.436,+1.314
3967.211,87,16,+33.661,+1.314
3970.853,87,16,+33.822,+1.332
3972.883,87,16,+33.800,+1.359
3981.493,87,16,+34.163,+1.450
3987.305,87,16,+34.371,+1.464
3990.492,87,16,+34.452,+1.464
3993.946,87,16,+34.539,+1.361
3996.321,87,16,+34.646,+1.288
3998.836,87,16,+34.728,+1.286
3999.711,87,16,+34.744,+1.286
4003.102,87,16,+34.749,+1.272
4005.942,87,16,+34.724,+1.251
4008.411,87,16,+34.833,+1.259
4013.63,87,16,+35.043,+1.190
4017.068,87,16,+35.219,+1.220
4021.146,87,16,+35.456,+1.170
4024.13,87,16,+35.580,+1.167
4028.49,87,16,+35.980,+1.274
4034.646,87,16,+36.129,+1.317
4040.49,87,16,+36.266,+1.205
4044.802,87,16,+36.418,+1.236
4049.99,87,16,+36.583,+1.213
4053.584,87,16,+36.826,+1.176
4057.24,87,16,+36.900,+1.161
4059.224,87,16,+36.888,+1.163
4067.863,87,16,+37.167,+1.233
4073.481,87,16,+37.365,+1.261
4076.895,87,16,+37.404,+1.262
4080.405,87,16,+37.501,+1.190
4082.825,87,16,+37.637,+1.150
4085.354,87,16,+37.725,+1.135
4086.065,87,16,+37.739,+1.130
4089.614,87,16,+37.735,+1.103
4092.439,87,16,+37.701,+1.072
4094.862,87,16,+37.739,+1.040
4100.164,87,16,+37.887,+1.027
4103.598,87,16,+38.095,+1.141
4107.706,87,16,+38.314,+1.159
4110.631,87,16,+38.398,+1.146
4114.769,87,16,+38.576,+1.016
4121.005,87,16,+38.793,+1.194
4126.953,87,16,+39.014,+1.175
4131.281,87,16,+39.143,+1.240
4136.516,87,16,+39.392,+1.188
4140.094,87,16,+39.571,+1.198
4143.675,87,16,+39.655,+1.169
4145.712,87,16,+39.621,+1.157
4154.509,87,16,+40.119,+1.409
4160.134,87,16,+40.277,+1.380
4163.509,87,16,+40.372,+1.371
4167.103,87,16,+40.527,+1.189
4169.469,87,16,+40.613,+1.150
4172.004,87,16,+40.681,+1.144
4172.699,87,16,+40.692,+1.140
4176.169,87,15,+40.692,+1.140
4176.263,87,15,+40.692,+1.115
4179.122,87,15,+40.668,+1.089
4181.544,87,15,+40.723,+1.131
4186.888,87,15,+40.875,+1.145
4190.185,87,15,+41.026,+1.212
4194.325,87,15,+41.269,+1.205
4197.294,87,15,+41.354,+1.185
4201.591,87,15,+41.574,+1.114
4207.7,87,15,+41.757,+1.236
4213.638,87,15,+41.963,+1.223
4217.935,87,15,+42.068,+1.255
4223.169,87,15,+42.241,+1.225
4226.857,87,15,+37.079,+1.195
4230.388,87,15,+37.211,+1.185
4232.435,87,15,+37.214,+1.166
4241.022,87,15,+37.696,+1.145
4246.607,87,15,+37.879,+1.171
4250.093,87,15,+37.970,+1.144
4253.611,87,15,+38.156,+1.023
4256.079,87,15,+38.310,+0.986
4258.633,87,15,+38.385,+0.979
4259.369,87,15,+39.845,+0.974
4262.801,87,14,+39.845,+0.974
4262.885,87,14,+38.377,+0.948
4265.697,87,14,+38.341,+0.916
4268.166,87,14,+38.422,+0.956
4273.435,87,14,+38.569,+0.935
4276.869,87,14,+38.746,+0.979
4280.97,87,14,+38.939,+0.975
4283.942,87,14,+38.949,+0.978
4288.192,87,14,+39.277,+1.002
4294.348,87,14,+39.451,+1.048
4300.294,87,14,+39.615,+0.976
4304.591,87,14,+39.676,+0.957
4309.872,87,14,+39.944,+0.973
4313.479,87,14,+40.188,+0.984
4317.1,87,14,+40.292,+0.931
4319.089,87,14,+40.281,+0.888
4327.777,87,14,+40.833,+0.966
4333.444,87,14,+41.074,+0.997
4336.917,87,14,+41.172,+1.033
4340.464,87,14,+41.334,+0.730
4342.976,87,14,+41.466,+0.730
4345.383,87,14,+41.567,+0.730
4346.054,87,13,+41.567,+0.730
4346.054,87,13,+41.585,+4.574
4349.578,87,12,+41.585,+4.574
4349.664,87,12,+41.617,+4.581
4352.606,87,12,+41.630,+4.595
4354.964,87,12,+41.654,+4.624
4360.104,87,12,+41.785,+4.497
4363.495,87,12,+42.008,+4.441
4367.619,87,12,+42.113,+4.430
4370.51,87,12,+42.132,+4.446
4374.62,87,12,+42.284,+4.384
4380.76,87,12,+42.451,+4.456
4386.588,87,12,+42.546,+4.463
4390.823,87,12,+42.635,+4.457
4396.089,87,12,+42.802,+4.383
4399.604,87,12,+35.312,+4.344
4403.307,87,12,+35.428,+4.299
4405.26,87,12,+35.419,+4.259
4413.87,87,12,+35.783,+4.426
4419.432,87,12,+35.917,+4.381
4422.886,87,12,+35.992,+4.397
4426.401,87,12,+36.028,+4.238
4428.745,87,12,+36.034,+4.238
4431.294,87,12,+36.122,+4.238
4431.995,87,12,+40.484,+0.619
4435.557,87,10,+40.484,+0.619
4435.612,87,10,+36.151,+0.619
4438.494,87,10,+36.131,+9.822
4440.957,87,10,+36.123,+9.302
4446.083,87,10,+36.170,+8.855
4449.458,87,10,+36.205,+8.857
4453.5,87,10,+36.286,+9.006
4456.411,87,10,+36.267,+9.058
4460.527,87,10,+36.380,+9.244
4466.608,87,10,+36.552,+9.365
4472.452,87,10,+36.679,+9.685
4476.741,87,10,+36.785,+9.631
4481.812,87,10,+36.839,+9.322
4485.292,87,10,+36.860,+9.103
4488.929,87,10,+36.962,+9.035
4490.909,87,10,+36.937,+9.003
4499.471,87,10,+37.153,+9.003
4505.049,87,10,+37.307,+8.947
4508.516,87,10,+37.451,+8.965
4511.933,87,10,+37.460,+8.931
4514.296,87,10,+37.529,+8.931
4516.858,87,10,+37.624,+8.931
4517.608,87,10,+37.638,+8.908
4521.09,87,9,+37.638,+8.908
4521.158,87,9,+37.662,+8.963
4524.064,87,9,+37.645,+9.018
4526.518,87,9,+37.660,+9.055
4531.736,87,9,+37.843,+9.052
4535.096,87,9,+37.871,+9.023
4539.205,87,9,+38.016,+9.024
4542.202,87,9,+38.071,+9.128
4546.309,87,9,+38.228,+9.120
4552.628,87,9,+38.592,+9.296
4558.558,87,9,+38.752,+9.387
4562.772,87,9,+38.854,+9.461
4567.984,87,9,+35.807,+9.557
4571.546,87,9,+36.044,+9.500
4575.157,87,9,+36.251,+9.514
4577.229,87,9,+36.277,+9.492
4585.69,87,9,+36.588,+9.472
4591.383,87,9,+36.915,+9.414
4594.858,87,9,+37.143,+9.533
4598.371,87,9,+37.317,+9.598
4600.768,87,9,+37.480,+9.577
4603.359,87,9,+37.635,+9.634
4604.044,87,9,+37.663,+9.648
4607.655,87,9,+37.728,+9.696
4610.512,87,9,+37.762,+9.727
4612.949,87,9,+37.817,+9.726
4618.19,87,9,+38.109,+9.743
4621.519,87,9,+38.308,+9.719
4625.632,87,9,+38.606,+9.744
4628.569,87,9,+38.718,+9.827
4632.714,87,9,+38.903,+9.826
4638.896,87,9,+39.237,+9.887
4644.75,87,9,+39.523,+9.944
4649.047,87,9,+39.715,+10.041
4654.196,87,9,+39.972,+10.084
4657.704,87,9,+40.201,+10.031
4661.387,87,9,+40.477,+10.106
4663.403,87,9,+40.491,+10.074
4671.934,87,9,+40.841,+10.197
4677.567,87,9,+41.204,+10.185
4680.939,87,10,+41.204,+10.185
4681.31,87,10,+41.460,+0.031
4684.916,87,10,+42.023,+0.376
4687.458,87,10,+42.358,+0.674
4689.998,87,10,+42.572,+0.871
4690.773,87,10,+42.604,+0.898
4694.273,87,10,+42.606,+0.888
4697.032,87,10,+42.491,+0.764
4699.375,87,10,+42.495,+0.772
4704.813,87,10,+42.942,+1.308
4708.25,87,10,+43.265,+1.716
4712.422,87,10,+43.644,+2.128
4715.391,87,10,+43.803,+2.302
4719.625,87,10,+44.067,+2.553
4725.766,87,10,+44.348,+2.941
4731.672,87,10,+44.658,+3.238
4735.954,87,10,+44.800,+3.355
4741.163,87,10,+45.018,+3.637
4744.766,87,10,+45.281,+3.919
4748.438,87,10,+45.564,+4.114
4750.454,87,10,+45.555,+4.096
4758.985,87,10,+45.947,+4.462
4764.704,87,10,+46.336,+4.955
4768.126,87,11,+46.336,+4.955
4768.376,87,11,+46.741,+0.206
4772.36,87,11,+47.406,+0.619
4778.11,87,12,+47.406,+0.619
4779.407,87,13,+47.406,+0.619
4780.454,87,14,+47.406,+0.619
4792.483,87,15,+47.406,+0.619
4794.702,87,16,+47.406,+0.619
4799.204,87,17,+47.406,+0.619
4801.504,87,18,+47.406,+0.619
4801.785,87,19,+47.406,+0.619
4806.41,87,20,+47.406,+0.619
4808.01,87,20,+71.316,+1.445
4810.861,87,20,+71.879,+1.943
4816.459,87,20,+72.529,+2.330
4819.83,87,20,+72.748,+2.358
4823.733,87,20,+72.812,+2.191
4826.623,87,20,+72.832,+2.106
4830.639,87,20,+72.909,+2.047
4836.546,87,20,+72.886,+1.761
4842.183,87,20,+72.912,+1.582
4846.402,87,20,+72.940,+1.512
4851.418,87,20,+73.053,+1.352
4854.918,87,20,+73.230,+1.253
4858.386,87,20,+73.244,+1.062
4860.331,87,20,+73.186,+1.015
4868.641,87,20,+73.246,+0.692
4874.061,87,20,+73.280,+0.556
4877.379,87,20,+73.300,+0.448
4880.822,87,20,+73.414,+0.296
4883.26,87,20,+73.610,+0.225
4885.731,87,20,+73.721,+0.104
4886.477,87,20,+73.738,+0.087
4889.936,87,20,+73.706,+0.082
4892.672,87,20,+73.578,+0.096
4895.195,87,20,+73.774,+0.296
4900.76,87,20,+74.380,+0.252
4904.174,87,20,+74.645,+0.288
4907.936,87,19,+74.645,+0.288
4908.032,87,19,+74.657,+0.329
4910.905,87,19,+74.733,+0.271
4915.172,87,19,+74.957,+0.373
4921.204,87,19,+75.122,+0.271
4927.002,87,19,+75.212,+0.263
4931.377,87,19,+75.442,+0.351
4936.579,87,19,+75.655,+0.287
4940.115,87,19,+75.946,+0.308
4943.715,87,19,+76.092,+0.208
4945.684,87,19,+76.012,+0.109
4953.985,87,18,+76.012,+0.109
4954.06,87,18,+76.113,+2.909
4959.438,87,18,+76.123,+2.798
4962.721,87,18,+76.189,+2.819
4966.159,87,18,+76.292,+2.813
4968.472,87,18,+76.347,+2.788
4970.92,87,18,+76.414,+2.748
4971.674,87,18,+76.429,+2.744
4975.193,87,18,+76.465,+2.735
4978.048,87,18,+76.493,+2.742
4980.47,87,18,+76.549,+2.760
4985.451,87,18,+76.510,+2.584
4988.723,87,18,+76.574,+2.398
4992.67,87,18,+76.654,+2.283
4995.534,87,18,+76.717,+2.289
4999.581,87,18,+76.817,+2.348
5005.506,87,18,+76.817,+2.178
5011.247,87,18,+76.966,+2.093
5015.513,87,18,+77.035,+2.055
5020.607,87,18,+77.213,+1.887
5024.071,87,18,+77.366,+1.900
5027.62,87,18,+77.461,+1.829
5029.604,87,18,+77.445,+1.764
5037.917,87,18,+77.400,+1.598
5043.234,87,18,+77.448,+1.490
5046.576,87,18,+77.439,+1.484
5050.019,87,18,+77.554,+1.451
5052.347,87,18,+77.659,+1.441
5054.861,87,18,+77.788,+1.462
5055.571,87,18,+77.812,+1.466
5059.113,87,18,+77.856,+1.459
5061.961,87,18,+77.871,+1.454
5064.372,87,18,+77.882,+1.407
5069.424,87,18,+78.000,+1.245
5072.738,87,18,+78.186,+1.192
5076.644,87,18,+78.284,+1.046
5079.534,87,18,+78.338,+1.032
5083.645,87,18,+78.441,+1.031
5089.635,87,18,+78.530,+0.988
5095.439,87,18,+78.543,+0.964
5099.7,87,18,+78.536,+0.962
5104.723,87,18,+78.586,+0.853
5108.214,87,18,+78.761,+0.831
5111.729,87,18,+78.831,+0.655
5113.714,87,18,+78.823,+0.560
5122.276,87,18,+78.952,+0.622
5127.618,87,18,+79.018,+0.528
5130.96,87,18,+79.085,+0.489
5134.366,87,18,+79.205,+0.439
5136.717,87,18,+79.299,+0.473
5139.16,87,18,+79.363,+0.457
5139.834,87,18,+79.372,+0.450
5143.306,87,18,+79.299,+0.331
5145.98,87,18,+79.153,+0.162
5148.089,87,17,+79.153,+0.162
5148.183,87,17,+78.999,+5.172
5153.268,87,17,+79.047,+4.481
5156.668,87,17,+79.226,+4.412
5160.536,87,17,+79.314,+4.326
5163.5,87,17,+79.421,+4.404
5167.537,87,17,+79.506,+4.309
5173.534,87,17,+79.494,+4.364
5179.271,87,17,+79.508,+4.471
5183.476,87,17,+79.479,+4.522
5188.511,87,17,+79.550,+4.644
5191.96,87,17,+79.568,+4.534
5195.476,87,17,+79.617,+4.500
5197.521,87,17,+79.584,+4.474
5205.84,87,17,+79.578,+4.514
5211.277,87,17,+79.583,+4.590
5214.659,87,17,+79.621,+4.671
5218.097,87,17,+79.713,+4.621
5220.415,87,17,+79.758,+4.535
5222.877,87,17,+79.844,+4.580
5223.632,87,17,+79.864,+4.592
5227.193,87,17,+79.917,+4.634
5230.038,87,17,+79.954,+4.665
5232.44,87,17,+79.963,+4.661
5237.474,87,17,+80.025,+4.642
5240.785,87,17,+80.190,+4.604
5244.679,87,17,+80.315,+4.623
5247.621,87,17,+80.392,+4.708
5251.656,87,17,+80.498,+4.819
5257.72,87,17,+80.581,+4.965
5263.464,87,17,+80.665,+5.075
5267.706,87,17,+80.679,+5.142
5272.722,87,17,+80.721,+5.147
5276.202,87,17,+80.837,+5.074
5279.713,87,17,+80.960,+5.078
5281.739,87,17,+80.974,+5.069
5290.008,87,17,+80.877,+5.045
5295.451,87,17,+80.892,+5.031
5298.778,87,17,+80.947,+5.102
5302.202,87,17,+81.039,+5.181
5304.516,87,17,+81.086,+5.143
5307.032,87,17,+81.103,+5.186
5307.736,87,17,+81.113,+5.202
5311.204,87,17,+81.170,+5.284
5314.075,87,17,+81.227,+5.367
5316.515,87,17,+81.242,+5.332
5321.515,87,17,+81.286,+5.284
5324.851,87,17,+81.438,+5.308
5328.812,87,17,+81.539,+5.467
5331.731,87,17,+81.634,+5.569
5335.764,87,17,+81.639,+5.322
5341.765,87,17,+81.633,+5.318
5347.503,87,17,+81.630,+5.128
5351.661,87,17,+81.643,+5.098
5356.769,87,17,+81.633,+5.023
5360.179,87,17,+81.739,+4.800
5363.751,87,17,+81.852,+4.872
5366.348,87,17,+82.394,+5.427
5375.776,87,17,1 L,+6.395
5381.261,87,17,1 L,+6.316
5384.558,87,17,1 L,+6.296
5388.044,87,17,1 L,+6.307
5390.398,87,17,1 L,+6.221
5392.85,87,17,1 L,+6.222
5393.565,87,17,1 L,+6.234
5397.049,87,17,1 L,+6.380
5399.767,87,17,1 L,+6.239
5402.124,87,17,1 L,+5.951
5407.317,87,17,1 L,+5.689
5410.627,87,17,1 L,+5.668
5414.583,87,17,1 L,+5.471
5417.519,87,17,1 L,+5.426
5421.658,87,17,1 L,+5.261
5427.658,87,17,1 L,+5.273
5433.468,87,17,1 L,+5.212
5437.687,87,17,1 L,+5.208
5442.815,87,17,1 L,+5.142
5446.284,87,17,1 L,+5.018
5449.909,87,17,1 L,+4.983
5452.459,87,17,1 L,+5.479
5461.588,87,17,1 L,+6.111
5467.022,87,17,1 L,+5.977
5470.315,87,17,1 L,+5.982
5474.628,87,17,1 L,+6.769
5477.218,87,17,1 L,+6.902
5479.659,87,17,1 L,+6.882
5480.381,87,17,1 L,+6.874
5483.867,87,17,1 L,+6.780
5486.606,87,17,1 L,+6.628
5488.938,87,17,1 L,+6.573
5494.143,87,17,1 L,+6.547
5497.484,87,17,1 L,+6.550
5501.484,87,17,1 L,+6.559
5505.053,87,17,1 L,+7.131
5509.685,87,17,1 L,+7.664
5515.822,87,17,1 L,+7.692
5521.61,87,17,1 L,+7.633
5525.891,87,17,1 L,+7.685
5531.071,87,17,1 L,+7.687
5534.571,87,17,1 L,+7.696
5538.168,87,17,1 L,+7.417
5540.122,87,17,1 L,+6.844
5548.516,87,17,1 L,+6.512
5553.912,87,17,1 L,+6.357
5557.265,87,17,1 L,+6.292
5560.683,87,17,1 L,+6.185
5563.027,87,17,1 L,+6.059
5565.47,87,17,1 L,+6.013
5566.188,87,17,1 L,+6.007
5569.761,87,17,1 L,+6.047
5572.612,87,17,1 L,+6.167
5575.003,87,17,1 L,+6.225
5580.075,87,17,1 L,+6.100
5583.383,87,17,1 L,+6.017
5587.277,87,17,1 L,+5.876
5590.163,87,17,1 L,+5.786
5594.145,87,17,1 L,+5.503
5600.182,87,17,1 L,+4.824
5605.879,87,17,1 L,+4.511
5610.066,87,17,1 L,+4.403
5615.119,87,17,1 L,+4.212
5618.568,87,17,1 L,+4.025
5622.163,87,17,1 L,+3.963
5624.155,87,17,1 L,+3.951
5632.583,87,17,1 L,+3.831
5638.067,87,17,1 L,+3.667
5641.446,87,17,1 L,+3.601
5644.879,87,17,1 L,+3.407
5647.207,87,17,1 L,+3.298
5649.641,87,17,1 L,+3.142
5650.373,87,17,1 L,+3.025
5653.92,87,17,1 L,+2.724
5656.757,87,17,1 L,+2.726
5659.178,87,17,1 L,+2.666
5664.169,87,17,1 L,+2.422
5667.578,87,17,1 L,+2.354
5671.496,87,17,1 L,+2.206
5674.361,87,17,1 L,+2.158
5678.362,87,17,1 L,+1.843
5684.44,87,17,1 L,+1.771
5690.24,87,17,1 L,+1.644
5694.43,87,17,1 L,+1.569
5699.574,87,17,1 L,+1.491
5703.034,87,17,1 L,+1.380
5706.612,87,17,1 L,+1.247
5708.581,87,17,1 L,+1.192
5716.956,87,17,1 L,+1.107
5722.421,87,17,1 L,+0.990
5725.799,87,17,1 L,+0.944
5729.159,87,17,1 L,+0.784
5731.518,87,17,1 L,+0.728
5733.987,87,17,1 L,+0.709
5734.737,87,17,1 L,+0.699
5738.088,87,16,1 L,+0.699
5738.17,87,16,1 L,+0.586
5740.858,87,16,1 L,+0.396
5743.15,87,15,1 L,+0.396
5743.228,87,15,1 L,+7.127
5748.353,87,15,1 L,+7.096
5751.728,87,15,1 L,+7.137
5755.65,87,15,1 L,+7.173
5758.57,87,15,1 L,+7.287
5762.62,87,15,1 L,+7.175
5768.585,87,15,1 L,+7.163
5774.279,87,15,1 L,+7.095
5778.458,87,15,1 L,+7.096
5783.556,87,15,1 L,+7.129
5786.994,87,15,1 L,+6.946
5790.548,87,15,1 L,+6.971
5792.505,87,15,1 L,+6.966
5800.844,87,15,1 L,+6.825
5806.362,87,15,1 L,+6.671
5809.612,87,15,1 L,+6.667
5813.057,87,15,1 L,+9.833
5818.554,87,15,1 L,+6.187
5821.975,87,14,1 L,+6.187
5822.038,87,14,1 L,+6.656
5824.909,87,14,1 L,+6.858
5827.364,87,14,1 L,+7.000
5832.382,87,14,1 L,+6.399
5835.647,87,14,1 L,+6.259
5839.585,87,14,1 L,+5.977
5842.491,87,14,1 L,+5.957
5846.523,87,14,1 L,+5.926
5852.523,87,14,1 L,+5.712
5858.288,87,14,1 L,+5.424
5862.476,87,14,1 L,+4.742
5867.601,87,14,1 L,+4.545
5871.085,87,14,1 L,+4.416
5874.648,87,14,1 L,+4.278
5876.617,87,14,1 L,+4.237
5885.054,87,14,1 L,+4.111
5890.492,87,14,1 L,+3.907
5893.851,87,14,1 L,+3.912
5897.289,87,14,1 L,+3.827
5899.586,87,14,1 L,+3.754
5902.117,87,14,1 L,+3.790
5902.867,87,14,1 L,+3.800
5906.429,87,14,1 L,+3.829
5909.273,87,14,1 L,+3.860
5911.711,87,14,1 L,+3.864
5916.751,87,14,1 L,+3.730
5920.096,87,14,1 L,+3.680
5924.017,87,14,1 L,+3.521
5926.922,87,14,1 L,+3.501
5930.997,87,14,1 L,+3.400
5936.866,87,14,1 L,+3.216
5942.71,87,14,1 L,+3.188
5946.945,87,14,1 L,+3.158
5952.054,87,14,1 L,+3.001
5955.507,87,14,1 L,+2.873
5959.023,87,14,1 L,+2.769
5961.304,87,14,1 L,+2.975
5970.211,87,14,1 L,+3.340
5975.744,87,14,1 L,+3.270
5979.088,87,14,1 L,+3.189
5982.539,87,14,1 L,+3.091
5984.883,87,14,1 L,+3.049
5987.414,87,14,1 L,+3.065
5988.088,87,14,1 L,+3.068
5991.64,87,14,1 L,+3.062
5994.468,87,14,1 L,+3.061
5996.858,87,14,1 L,+3.053
6001.948,87,14,1 L,+2.925
6005.252,87,14,1 L,+2.865
6009.221,87,14,1 L,+2.645
6012.127,87,14,1 L,+2.384
6016.19,87,14,1 L,+2.132
6022.287,87,14,1 L,+2.069
6028.027,87,14,1 L,+1.942
6032.246,87,14,1 L,+1.970
6037.339,87,14,1 L,+1.769
6040.777,87,14,1 L,+1.679
6044.386,87,14,1 L,+1.612
6046.34,87,14,1 L,+1.608
6054.849,87,14,1 L,+1.646
6060.406,87,14,1 L,+1.545
6063.699,87,14,1 L,+1.521
6067.104,87,14,1 L,+1.279
6072.526,87,13,1 L,+1.279
6072.526,87,13,1 L,+5.952
6076.104,87,13,1 L,+5.990
6078.964,87,13,1 L,+5.904
6081.339,87,13,1 L,+5.086
6086.354,87,13,1 L,+4.704
6089.651,87,13,1 L,+4.566
6093.652,87,13,1 L,+4.393
6096.589,87,13,1 L,+4.424
6100.622,87,13,1 L,+4.349
6106.594,87,13,1 L,+4.298
6112.217,87,13,1 L,+4.190
6116.391,87,13,1 L,+4.154
6121.478,87,13,1 L,+4.198
6124.947,87,13,1 L,+4.138
6128.495,87,13,1 L,+4.156
6130.478,87,13,1 L,+4.159
6138.862,87,13,1 L,+4.199
6144.412,87,13,1 L,+4.217
6147.796,87,13,1 L,+4.250
6151.225,87,13,1 L,+4.281
6153.554,87,13,1 L,+4.265
6156.772,87,13,1 L,+4.372
6163.132,87,12,1 L,+4.372
6163.225,87,12,1 L,+4.473
6166.188,87,12,1 L,+4.989
6171.532,87,12,1 L,+5.197
6174.919,87,12,1 L,+5.233
6178.903,87,12,1 L,+5.243
6181.809,87,12,1 L,+5.314
6186.122,87,12,1 L,+5.505
6192.169,87,12,1 L,+5.592
6197.919,87,13,1 L,+5.592
6198.325,87,13,1 L,+0.345
6202.636,87,13,1 L,+0.477
6207.935,87,13,1 L,+0.876
6211.49,87,13,1 L,+1.038
6215.075,87,13,1 L,+1.202
6217.065,87,13,1 L,+1.136
6225.545,87,13,1 L,+1.447
6231.118,87,13,1 L,+1.617
6234.364,87,13,1 L,+1.820
6237.802,87,13,1 L,+1.928
6240.149,87,13,1 L,+2.003
6242.651,87,13,1 L,+2.147
6243.375,87,13,1 L,+2.175
6246.921,87,13,1 L,+2.249
6249.812,87,13,1 L,+1.668
6252.148,87,13,1 L,+1.131
6257.383,87,13,1 L,+0.731
6260.742,87,13,1 L,+0.759
6264.851,87,13,1 L,+1.076
6267.752,87,13,1 L,+1.224
6272.039,87,13,1 L,+1.236
6278.029,87,13,1 L,+1.345
6283.837,87,13,1 L,+1.491
6288.076,87,13,1 L,+1.551
6293.248,87,13,1 L,+1.726
6296.732,87,13,1 L,+1.719
6300.295,87,13,1 L,+1.816
6302.296,87,13,1 L,+1.766
6310.842,87,13,1 L,+1.984
6316.327,87,13,1 L,+2.182
6320.014,87,13,1 L,+2.643
6323.67,87,13,1 L,+2.896
6326.061,87,13,1 L,+2.938
6328.561,87,13,1 L,+3.059
6329.264,87,13,1 L,+3.077
6332.748,87,13,1 L,+3.050
6335.467,87,13,1 L,+2.946
6337.842,87,13,1 L,+2.924
6343.014,87,13,1 L,+3.015
6346.376,87,13,1 L,+3.046
6350.436,87,13,1 L,+3.150
6353.514,87,13,1 L,+3.416
6358.623,87,13,1 L,+4.387
6364.807,87,13,1 L,+4.592
6370.793,87,13,1 L,+4.861
6375.043,87,13,1 L,+3.826
6380.371,87,13,1 L,+4.048
6383.934,87,13,1 L,+4.140
6387.558,87,13,1 L,+4.233
6389.488,87,13,1 L,+4.215
6397.968,87,13,1 L,+3.761
6403.452,87,13,1 L,+3.518
6406.843,87,13,1 L,+3.176
6410.222,87,13,1 L,+3.055
6412.534,87,13,1 L,+3.022
6415.031,87,13,1 L,+3.117
6415.749,87,13,1 L,+3.138
6419.228,87,12,1 L,+3.138
6419.308,87,12,1 L,+3.273
6422.186,87,12,1 L,+3.389
6424.578,87,12,1 L,+3.410
6429.75,87,12,1 L,+3.454
6433.141,87,12,1 L,+3.536
6437.219,87,12,1 L,+3.677
6440.703,87,12,1 L,+4.336
6445.578,87,12,1 L,+5.146
6451.578,87,12,1 L,+5.270
6457.469,87,12,1 L,+5.472
6461.719,87,12,1 L,+5.537
6466.938,87,12,1 L,+5.725
6470.438,87,12,1 L,+5.847
6474.079,87,12,1 L,+6.023
6476.063,87,12,1 L,+5.997
6484.485,87,12,1 L,+6.139
6489.969,87,12,1 L,+6.221
6493.319,87,12,1 L,+6.346
6496.686,87,12,1 L,+6.263
6498.972,87,12,1 L,+6.219
6501.421,87,12,1 L,+6.281
6502.209,87,12,1 L,+6.296
6505.668,87,12,1 L,+6.333
6508.495,87,12,1 L,+6.359
6510.9,87,12,1 L,+6.394
6516.013,87,12,1 L,+6.453
6519.341,87,12,1 L,+6.473
6523.374,87,12,1 L,+6.640
6526.25,87,12,1 L,+6.741
6530.281,87,12,1 L,+6.754
6536.281,87,12,1 L,+6.904
6542.094,87,12,1 L,+6.986
6546.263,87,12,1 L,+7.056
6551.371,87,12,1 L,+7.159
6554.971,87,12,1 L,+7.227
6558.729,87,12,1 L,+7.535
6562.702,87,12,1 L,+9.508
6572.5,87,12,1 L,+8.663
6578.74,87,12,1 L,+9.017
6584.284,87,12,1 L,+9.366
6588.653,87,12,1 L,+8.968
6607.738,87,13,1 L,+8.968
6611.222,87,14,1 L,+8.968
6616.216,87,15,1 L,+8.968
6625.054,87,15,1 L,+5.541
6628.094,87,15,1 L,+5.037
6634.691,87,15,1 L,+5.103
6638.692,87,15,1 L,+4.249
6643.319,87,15,1 L,+3.522
6646.959,87,15,1 L,+3.515
6651.278,87,15,1 L,+3.479
6659.754,87,15,1 L,+4.713
6666.069,87,15,1 L,+4.176
6672.95,87,15,1 L,+3.969
6679.696,87,15,1 L,+4.716
6684.899,87,15,1 L,+4.731
6690.023,87,15,1 L,+5.037
6692.433,87,15,1 L,+4.898
6701.052,87,15,1 L,+4.151
6706.649,87,15,1 L,+4.294
6710.656,87,15,1 L,+3.720
6714.33,87,15,1 L,+3.851
6716.655,87,15,+164.129,+3.833
6719.139,87,15,+164.208,+3.892
6719.816,87,15,1 L,+3.901
6723.28,87,15,+163.949,+3.848
6725.983,87,15,1 L,+3.741
6728.33,87,15,1 L,+3.712
6733.333,87,15,1 L,+3.655
6736.673,87,15,1 L,+3.736
6740.531,87,15,1 L,+3.683
6743.421,87,15,1 L,+3.722
6747.359,87,15,1 L,+3.755
6753.218,87,15,1 L,+3.774
6758.827,87,15,1 L,+3.670
6763.015,87,15,1 L,+3.762
6768.015,87,15,1 L,+3.638
6771.375,87,15,1 L,+3.606
6774.937,87,15,1 L,+3.691
6776.906,87,15,1 L,+3.650
6785.047,87,15,1 L,+3.581
6790.351,87,15,1 L,+3.529
6793.598,87,15,1 L,+3.494
6796.993,87,15,1 L,+3.525
6799.217,87,15,1 L,+3.462
6801.588,87,15,1 L,+3.457
6802.369,87,15,1 L,+3.460
6805.838,87,15,1 L,+3.476
6808.682,87,15,1 L,+3.500
6811.057,87,15,1 L,+3.521
6815.993,87,15,1 L,+3.406
6819.222,87,15,1 L,+3.294
6823.112,87,15,1 L,+2.839
6826.003,87,15,1 L,+2.407
6829.914,87,15,1 L,+2.158
6835.723,87,15,1 L,+1.960
6841.373,87,15,1 L,+1.766
6845.55,87,15,1 L,+1.774
6850.518,87,15,1 L,+1.599
6853.918,87,15,1 L,+1.528
6857.389,87,15,1 L,+1.446
6859.353,87,15,1 L,+1.407
6867.6,87,15,1 L,+1.437
6872.834,87,15,1 L,+1.400
6876.178,87,15,1 L,+1.480
6879.553,87,15,1 L,+1.517
6881.834,87,15,1 L,+1.472
6884.256,87,15,1 L,+1.473
6884.943,87,15,1 L,+1.476
6888.459,87,15,1 L,+1.481
6891.309,87,15,1 L,+1.495
6893.662,87,15,1 L,+1.535
6898.584,87,15,1 L,+1.514
6901.866,87,15,1 L,+1.528
6905.694,87,15,1 L,+1.490
6908.522,87,15,1 L,+1.478
6912.473,87,15,1 L,+1.510
6918.294,87,15,1 L,+1.453
6923.96,87,15,1 L,+1.393
6928.179,87,15,1 L,+1.389
6933.085,87,15,1 L,+1.290
6936.46,87,15,1 L,+1.248
6939.929,87,15,1 L,+1.245
6941.898,87,15,1 L,+1.203
6950.038,87,15,1 L,+1.216
6955.445,87,15,1 L,+1.237
6958.66,87,15,1 L,+1.301
6962.038,87,15,1 L,+1.344
6964.288,87,15,1 L,+1.322
6966.776,87,15,1 L,+1.333
6967.381,87,15,1 L,+1.336
6970.896,87,15,1 L,+1.335
6973.719,87,15,1 L,+1.342
6976.062,87,15,1 L,+1.346
6981.016,87,15,1 L,+1.341
6984.294,87,15,1 L,+1.434
6988.142,87,15,1 L,+1.382
6991.006,87,15,1 L,+1.381
6994.989,87,15,1 L,+1.473
7000.942,87,15,1 L,+1.374
7006.506,87,15,1 L,+1.275
7010.654,87,15,1 L,+1.281
7015.654,87,15,1 L,+1.241
7019.074,87,15,1 L,+1.211
7022.611,87,15,1 L,+1.231
7024.58,87,15,1 L,+1.193
7032.814,87,15,1 L,+1.321
7038.189,87,15,1 L,+1.359
7041.486,87,15,1 L,+1.438
7044.814,87,15,1 L,+1.385
7047.097,87,15,1 L,+1.362
7049.519,87,15,1 L,+1.356
7050.208,87,15,1 L,+1.354
7053.732,87,15,1 L,+1.346
7056.556,87,15,1 L,+1.350
7058.899,87,15,1 L,+1.377
7063.914,87,15,1 L,+1.290
7067.153,87,15,1 L,+1.328
7071.01,87,15,1 L,+1.308
7073.882,87,15,1 L,+1.323
7077.763,87,15,1 L,+1.304
7083.655,87,15,1 L,+1.203
7089.251,87,15,1 L,+0.991
7093.423,87,15,1 L,+1.019
7098.47,87,15,1 L,+0.991
7101.955,87,15,1 L,+0.989
7105.47,87,15,1 L,+1.038
7107.439,87,15,1 L,+0.980
7115.783,87,15,1 L,+1.080
7121.127,87,15,1 L,+1.089
7124.439,87,15,1 L,+1.136
7127.752,87,15,1 L,+1.069
7129.999,87,15,1 L,+1.030
7133.109,87,15,1 L,+1.032
7136.609,87,15,1 L,+1.037
7139.421,87,15,1 L,+1.051
7141.781,87,15,1 L,+1.078
7146.796,87,15,1 L,+0.970
7150.062,87,15,1 L,+0.991
7153.915,87,15,1 L,+0.953
7156.782,87,15,1 L,+0.975
7160.833,87,15,1 L,+0.957
7166.72,87,15,1 L,+0.944
7172.403,87,15,1 L,+0.891
7176.583,87,15,1 L,+0.961
7181.628,87,15,1 L,+0.911
7185.065,87,15,1 L,+0.867
7188.628,87,15,1 L,+0.858
7190.581,87,15,1 L,+0.813
7198.862,87,15,1 L,+0.741
7204.284,87,15,1 L,+0.698
7207.581,87,15,1 L,+0.665
7210.893,87,15,1 L,+0.673
7213.19,87,15,1 L,+0.675
7215.628,87,15,1 L,+0.658
7216.362,87,15,1 L,+0.656
7219.768,87,15,1 L,+0.644
7222.456,87,15,1 L,+0.647
7224.784,87,15,1 L,+0.609
7229.909,87,15,1 L,+0.547
7233.256,87,15,1 L,+0.604
7237.118,87,15,1 L,+0.504
7239.993,87,15,1 L,+0.554
7244.102,87,15,1 L,+0.661
7250.087,87,15,1 L,+0.630
7255.899,87,15,1 L,+0.693
7260.118,87,15,1 L,+0.791
7265.212,87,15,1 L,+0.773
7268.716,87,15,1 L,+0.785
7272.269,87,15,1 L,+0.801
7274.239,87,15,1 L,+0.761
7282.633,87,15,1 L,+0.518
7288.012,87,15,1 L,+0.386
7291.262,87,15,1 L,+0.378
7294.699,87,15,1 L,+0.396
7297.059,87,15,1 L,+0.354
7299.481,87,15,1 L,+0.309
7300.168,87,15,1 L,+0.295
7303.559,87,15,1 L,+0.154
7306.278,87,15,1 L,+0.021
7308.465,87,14,1 L,+0.021
7308.543,87,14,1 L,+1.242
7313.8,87,14,1 L,+1.325
7317.238,87,14,1 L,+1.469
7321.191,87,14,1 L,+1.502
7324.082,87,14,1 L,+1.605
7328.144,87,14,1 L,+1.662
7334.222,87,14,1 L,+1.808
7339.988,87,14,1 L,+1.854
7344.144,87,14,1 L,+1.880
7349.254,87,14,1 L,+1.840
7352.754,87,14,1 L,+1.876
7356.328,87,14,1 L,+1.860
7358.291,87,14,1 L,+1.780
7366.791,87,14,1 L,+1.940
7372.088,87,14,1 L,+1.994
7375.463,87,14,1 L,+2.056
7378.931,87,14,1 L,+2.155
7381.228,87,14,1 L,+2.128
7383.697,87,14,1 L,+2.124
7387.886,87,14,1 L,+2.120
7390.754,87,14,1 L,+2.115
7393.157,87,14,1 L,+2.092
7398.238,87,14,1 L,+2.023
7401.6,87,14,1 L,+1.998
7405.618,87,14,1 L,+2.067
7408.497,87,14,1 L,+2.112
7412.522,87,14,1 L,+2.052
7418.437,87,14,1 L,+2.089
7424.063,87,14,1 L,+2.002
7428.22,87,14,1 L,+1.956
7433.398,87,14,1 L,+1.938
7436.866,87,14,1 L,+1.896
7440.445,87,14,1 L,+1.861
7442.462,87,14,1 L,+1.767
7450.685,87,14,1 L,+1.795
7456.076,87,14,1 L,+1.768
7459.351,87,14,1 L,+1.774
7462.756,87,14,1 L,+1.834
7465.1,87,14,1 L,+1.838
7467.593,87,14,1 L,+1.831
7468.297,87,14,1 L,+1.832
7471.836,87,14,1 L,+1.821
7474.705,87,14,1 L,+1.804
7477.128,87,14,1 L,+1.830
7482.243,87,14,1 L,+1.795
7485.599,87,14,1 L,+1.830
7489.521,87,14,1 L,+1.775
7492.437,87,14,1 L,+1.777
7496.428,87,14,1 L,+1.739
7502.392,87,14,1 L,+1.735
7508.049,87,14,1 L,+1.686
7512.198,87,14,1 L,+1.616
7517.337,87,14,1 L,+1.649
7520.822,87,14,1 L,+1.600
7524.401,87,14,1 L,+1.615
7526.36,87,14,1 L,+1.532
7534.851,87,14,1 L,+1.760
7540.32,87,14,1 L,+1.845
7543.659,87,14,1 L,+1.886
7547.043,87,14,1 L,+1.913
7549.322,87,14,1 L,+1.821
7551.764,87,14,1 L,+1.808
7556.033,87,14,1 L,+1.796
7558.865,87,14,1 L,+1.782
7566.379,87,14,1 L,+1.729
7569.689,87,14,1 L,+1.740
7573.674,87,14,1 L,+1.726
7576.611,87,14,1 L,+1.753
7580.536,87,14,1 L,+1.663
7586.529,87,14,1 L,+1.665
7592.273,87,14,1 L,+1.705
7596.47,87,14,1 L,+1.692
7601.517,87,14,1 L,+1.634
7604.986,87,14,1 L,+1.659
7608.564,87,14,1 L,+1.656
7610.52,87,14,1 L,+1.578
7618.774,87,14,1 L,+1.600
7624.212,87,14,1 L,+1.641
7627.54,87,14,1 L,+1.640
7630.899,87,14,1 L,+1.669
7633.227,87,14,1 L,+1.655
7635.727,87,14,1 L,+1.676
7636.43,87,14,1 L,+1.681
7639.993,87,14,1 L,+1.676
7642.821,87,14,1 L,+1.659
7645.196,87,14,1 L,+1.637
7650.312,87,14,1 L,+1.589
7653.687,87,14,1 L,+1.578
7657.718,87,14,1 L,+1.642
7660.718,87,14,1 L,+1.678
7664.624,87,14,1 L,+1.654
7670.577,87,14,1 L,+1.630
7676.326,87,14,1 L,+1.571
7680.478,87,14,1 L,+1.540
7685.523,87,14,1 L,+1.395
7689.04,87,14,1 L,+1.355
7692.599,87,14,1 L,+1.337
7694.574,87,14,1 L,+1.255
7702.958,87,14,1 L,+1.322
7708.399,87,14,1 L,+1.288
7711.743,87,14,1 L,+1.334
7715.118,87,14,1 L,+1.349
7717.462,87,14,1 L,+1.310
7719.883,87,14,1 L,+1.288
7720.571,87,14,1 L,+1.284
7724.087,87,14,1 L,+1.261
7727.024,87,14,1 L,+1.235
7729.337,87,14,1 L,+1.255
7734.43,87,14,1 L,+1.224
7737.805,87,14,1 L,+1.223
7741.887,87,14,1 L,+1.309
7744.809,87,14,1 L,+1.342
7748.872,87,14,1 L,+1.349
7754.825,87,14,1 L,+1.285
7760.653,87,14,1 L,+1.242
7764.81,87,14,1 L,+1.168
7769.934,87,14,1 L,+1.162
7773.419,87,14,1 L,+1.187
7777.028,87,14,1 L,+1.167
7778.966,87,14,1 L,+1.086
7787.375,87,14,1 L,+1.200
7792.817,87,14,1 L,+1.236
7796.239,87,14,1 L,+1.341
7799.645,87,14,1 L,+1.373
7801.911,87,14,1 L,+1.324
7804.395,87,14,1 L,+1.309
7805.083,87,14,1 L,+1.305
7808.599,87,14,1 L,+1.279
7811.458,87,14,1 L,+1.252
7813.864,87,14,1 L,+1.278
7819.021,87,14,1 L,+1.210
7822.457,87,14,1 L,+1.167
7826.41,87,14,1 L,+1.145
7829.254,87,14,1 L,+1.161
7833.363,87,14,1 L,+1.187
7839.269,87,14,1 L,+1.127
7845.08,87,14,1 L,+1.114
7849.242,87,14,1 L,+1.072
7854.369,87,14,1 L,+1.066
7857.895,87,14,1 L,+1.081
7861.485,87,14,1 L,+1.097
7863.454,87,14,1 L,+1.008
7871.804,87,14,1 L,+1.085
7877.335,87,14,1 L,+1.121
7880.679,87,14,1 L,+1.208
7884.132,87,14,1 L,+1.262
7886.46,87,14,1 L,+1.263
7888.96,87,14,1 L,+1.286
7889.648,87,14,1 L,+1.289
7893.168,87,14,1 L,+1.271
7896.032,87,14,1 L,+1.240
7898.404,87,14,1 L,+1.199
7903.501,87,14,1 L,+1.093
7906.939,87,14,1 L,+1.155
7910.892,87,14,1 L,+1.078
7913.72,87,14,1 L,+1.073
7917.882,87,14,1 L,+1.082
7923.742,87,14,1 L,+1.064
7929.487,87,14,1 L,+0.516
7933.738,87,14,1 L,+0.532
7938.863,87,14,1 L,+0.439
7942.488,87,14,1 L,+0.475
7946.036,87,14,1 L,+0.439
7948.035,87,14,1 L,+0.344
7956.504,87,14,1 L,+0.488
7961.988,87,14,1 L,+0.472
7965.332,87,14,1 L,+0.445
7968.801,87,14,1 L,+0.352
7974.394,87,13,1 L,+0.352
7974.41,87,13,1 L,+16.563
7977.816,87,13,1 L,+16.575
7980.598,87,13,1 L,+16.546
7983.754,87,13,1 L,+17.206
7990.103,87,13,1 L,+18.229
7993.52,87,13,1 L,+18.329
7997.525,87,13,1 L,+18.441
8000.422,87,13,1 L,+18.553
8004.749,87,13,1 L,+18.803
8011.071,87,13,2 L,+19.317
8016.977,87,13,2 L,+19.461
8021.243,87,13,2 L,+19.571
8026.415,87,13,2 L,+19.712
8029.989,87,13,2 L,+19.800
8033.64,87,13,2 L,+19.916
8044.14,87,13,2 L,+20.032
8049.688,87,13,2 L,+20.133
8053.002,87,13,2 L,+20.179
8056.481,87,13,2 L,+20.300
8058.841,87,13,2 L,+20.330
8061.341,87,13,2 L,+20.424
8062.012,87,13,2 L,+20.440
8065.591,87,13,2 L,+20.457
8068.434,87,13,2 L,+20.449
8070.809,87,13,2 L,+20.409
8075.934,87,13,2 L,+20.509
8079.356,87,13,2 L,+20.653
8083.372,87,13,2 L,+20.760
8086.263,87,13,2 L,+20.841
8090.278,87,13,2 L,+20.845
8096.185,87,13,2 L,+20.821
8102.075,87,13,2 L,+20.984
8106.263,87,13,2 L,+21.038
8111.403,87,13,2 L,+21.169
8114.919,87,13,2 L,+21.268
8118.529,87,13,2 L,+21.340
8120.466,87,13,2 L,+21.309
8128.931,87,13,2 L,+21.386
8134.415,87,13,2 L,+21.368
8137.79,87,13,2 L,+21.426
8141.259,87,13,2 L,+21.525
8143.603,87,13,2 L,+21.520
8146.056,87,13,2 L,+21.552
8146.759,87,13,2 L,+21.562
8150.353,87,13,2 L,+21.591
8153.212,87,13,2 L,+21.617
8155.572,87,13,2 L,+21.603
8160.666,87,13,2 L,+21.636
8164.056,87,13,2 L,+21.686
8168.072,87,13,2 L,+21.817
8170.944,87,13,2 L,+21.904
8174.996,87,13,2 L,+21.929
8180.982,87,13,2 L,+22.006
8186.807,87,13,2 L,+22.134
8190.963,87,13,2 L,+22.177
8196.072,87,13,2 L,+22.291
8199.51,87,13,2 L,+22.258
8203.057,87,13,2 L,+22.339
8205.026,87,13,2 L,+22.301
8213.403,87,13,2 L,+22.361
8218.882,87,13,2 L,+22.289
8222.216,87,13,2 L,+22.323
8225.64,87,13,2 L,+22.357
8227.934,87,13,2 L,+22.315
8230.444,87,13,2 L,+22.370
8231.143,87,13,2 L,+22.386
8234.707,87,13,2 L,+22.431
8237.608,87,13,2 L,+22.462
8240.007,87,13,2 L,+22.460
8245.102,87,13,2 L,+22.428
8248.445,87,13,2 L,+22.483
8252.429,87,13,2 L,+22.570
8255.335,87,13,2 L,+22.634
8259.351,87,13,2 L,+22.722
8265.304,87,13,2 L,+22.705
8271.007,87,13,2 L,+22.675
8275.164,87,13,2 L,+22.698
8280.205,87,13,2 L,+22.757
8283.661,87,13,2 L,+22.736
8287.292,87,13,2 L,+22.840
8289.215,87,13,2 L,+22.823
8297.542,87,13,2 L,+22.781
8303.019,87,13,2 L,+22.664
8306.352,87,13,2 L,+22.686
8309.776,87,13,2 L,+22.728
8312.074,87,13,2 L,+22.752
8314.542,87,13,2 L,+22.794
8315.308,87,13,2 L,+22.805
8318.808,87,13,2 L,+22.845
8321.683,87,13,2 L,+22.875
8324.089,87,13,2 L,+22.862
8329.167,87,13,2 L,+22.888
8332.573,87,13,2 L,+22.987
8336.542,87,13,2 L,+23.003
8339.417,87,13,2 L,+23.061
8343.433,87,13,2 L,+23.095
8349.433,87,13,2 L,+23.100
8355.163,87,13,2 L,+23.039
8359.31,87,13,2 L,+23.068
8364.368,87,13,2 L,+23.018
8367.891,87,13,2 L,+23.063
8371.483,87,13,2 L,+23.115
8373.468,87,13,2 L,+23.132
8384.64,87,13,2 L,+25.934
8397.011,87,14,2 L,+25.934
8397.168,87,14,2 L,+0.066
8402.152,87,14,2 L,+1.734
8406.168,87,15,2 L,+1.734
8406.808,87,15,2 L,+0.539
8461.124,87,16,2 L,+0.539
8498.363,87,17,2 L,+0.539
9036.717,87,17,6L,1L
6.86,55,16,,
3229.855,55,16,+1.525,
3232.355,55,12,+1.525,
3232.449,55,12,+1.222,+0.090
3235.699,55,13,+1.222,+0.090
3236.012,55,14,+1.222,+0.090
3236.121,55,12,+1.222,+0.090
3236.23,55,12,+1.557,+0.210
3241.36,55,12,+2.313,+0.489
3244.658,55,13,+2.313,+0.489
3244.784,55,13,+2.623,+0.049
3248.658,55,12,+2.623,+0.049
3248.758,55,12,+3.006,+0.381
3251.68,55,12,+3.015,+0.340
3256.043,55,12,+3.466,+0.205
3262.02,55,12,+3.829,+0.119
3268.083,55,13,+3.829,+0.119
3268.354,55,13,+4.742,+0.143
3272.881,55,13,+5.149,+0.318
3278.276,55,13,+5.886,+0.278
3281.964,55,13,+6.308,+0.305
3285.589,55,13,+6.523,+0.290
3287.698,55,13,+6.619,+0.311
3296.091,55,13,+7.203,+0.499
3301.576,55,13,+7.617,+0.469
3304.81,55,13,+7.732,+0.318
3308.279,55,13,+7.832,+0.320
3310.685,55,13,+8.007,+0.373
3313.122,55,13,+8.068,+0.387
3313.794,55,13,+8.066,+0.385
3317.226,55,13,+7.908,+0.368
3319.866,55,13,+7.693,+0.333
3322.366,55,13,+7.810,+0.408
3327.726,55,13,+8.303,+0.507
3331.033,55,13,+8.538,+0.611
3334.92,55,13,+8.699,+0.604
3337.835,55,13,+8.660,+0.590
3342.085,55,13,+9.095,+0.736
3348.132,55,13,+9.337,+0.724
3353.929,55,13,+9.643,+0.702
3358.29,55,13,+9.783,+0.704
3363.37,55,13,+10.069,+0.635
3366.901,55,13,+10.224,+0.692
3370.479,55,13,+10.350,+0.756
3372.495,55,13,+10.395,+0.774
3380.855,55,13,+10.721,+0.703
3386.334,55,13,+11.069,+0.890
3389.657,55,13,+11.142,+0.789
3393.047,55,13,+11.077,+0.772
3395.477,55,13,+11.219,+0.832
3397.893,55,13,+11.329,+0.861
3398.587,55,13,+11.339,+0.868
3402.042,55,13,+11.248,+0.902
3404.746,55,13,+11.081,+0.921
3407.058,55,13,+10.965,+0.817
3412.355,55,13,+11.483,+1.112
3415.871,55,13,+11.832,+1.340
3419.496,55,14,+11.832,+1.340
3419.839,55,14,+12.061,+0.256
3422.777,55,14,+12.056,+0.321
3427.23,55,14,+12.555,+0.548
3433.23,55,14,+12.860,+0.659
3439.121,55,14,+13.223,+0.732
3443.496,55,14,+13.433,+0.828
3448.652,55,14,+13.776,+0.881
3452.168,55,14,+13.970,+1.007
3455.777,55,14,+14.184,+1.128
3457.824,55,14,+14.263,+1.148
3466.246,55,14,+14.569,+1.020
3471.699,55,14,+14.749,+0.957
3474.981,55,14,+14.826,+1.016
3478.387,55,14,+14.895,+1.080
3480.746,55,14,+15.044,+1.115
3483.2,55,14,+15.162,+1.184
3483.918,55,14,+15.179,+1.195
3487.448,55,14,+15.170,+1.279
3490.243,55,14,+15.119,+1.335
3492.758,55,14,+15.244,+1.383
3497.912,55,14,+15.573,+1.467
3501.246,55,14,+15.734,+1.600
3505.19,55,14,+15.867,+1.694
3508.072,55,14,+15.820,+1.732
3512.197,55,14,+16.136,+1.669
3518.307,55,14,+16.335,+1.704
3524.073,55,14,+16.543,+1.733
3528.357,55,14,+16.626,+1.815
3533.458,55,14,+16.832,+1.746
3536.97,55,14,+16.948,+1.739
3540.544,55,14,+17.120,+1.773
3542.614,55,14,+17.203,+1.808
3550.921,55,14,+17.342,+1.491
3556.369,55,14,+17.480,+1.411
3559.664,55,14,+17.503,+1.397
3563.088,55,14,+17.583,+1.455
3565.441,55,14,+17.723,+1.464
3567.935,55,14,+17.842,+1.501
3568.622,55,14,+17.858,+1.511
3572.17,55,14,+17.850,+1.616
3574.983,55,14,+17.802,+1.749
3577.482,55,14,+17.880,+1.766
3582.607,55,14,+18.192,+1.809
3586.0,55,14,+18.353,+1.928
3590.013,55,14,+18.512,+2.036
3592.904,55,14,+18.477,+2.072
3597.15,55,14,+18.733,+1.871
3603.167,55,14,+18.925,+1.948
3608.949,55,14,+19.020,+1.839
3613.263,55,14,+19.132,+1.856
3618.435,55,14,+19.346,+1.786
3621.857,55,14,+19.454,+1.760
3625.482,55,14,+19.622,+1.832
3627.561,55,14,+19.716,+1.897
3635.864,55,14,+19.872,+1.660
3641.364,55,14,+20.051,+1.629
3644.614,55,14,+20.056,+1.596
3648.067,55,14,+20.147,+1.654
3650.464,55,14,+20.301,+1.669
3652.935,55,14,+20.414,+1.700
3653.687,55,14,+20.430,+1.712
3657.211,55,14,+20.438,+1.846
3659.997,55,14,+20.372,+2.005
3662.466,55,14,+20.429,+2.068
3667.663,55,14,+20.661,+2.079
3671.049,55,14,+20.815,+2.233
3675.122,55,14,+21.021,+2.341
3677.965,55,14,+21.064,+2.282
3682.226,55,14,+21.296,+2.014
3688.265,55,14,+21.591,+1.998
3694.021,55,14,+21.715,+1.852
3698.331,55,14,+21.834,+1.749
3703.448,55,14,+22.142,+1.695
3707.011,55,14,+22.350,+1.661
3710.652,55,14,+22.570,+1.693
3712.73,55,14,+22.619,+1.747
3721.043,55,14,+22.802,+1.670
3726.527,55,14,+22.903,+1.548
3729.824,55,14,+22.934,+1.458
3733.308,55,14,+22.982,+1.537
3735.686,55,14,+23.094,+1.550
3738.218,55,14,+23.217,+1.535
3738.905,55,14,+23.235,+1.536
3742.64,55,14,+23.243,+1.618
3745.296,55,14,+23.208,+1.758
3747.749,55,14,+23.293,+1.857
3752.921,55,14,+23.567,+1.882
3756.359,55,14,+23.809,+1.956
3760.405,55,14,+23.936,+1.916
3763.319,55,14,+23.968,+1.887
3767.651,55,14,+24.322,+1.974
3773.607,55,14,+24.493,+1.981
3779.393,55,14,+24.643,+1.968
3783.627,55,14,+24.691,+1.853
3788.799,55,14,+25.013,+1.840
3792.299,55,14,+25.159,+1.820
3795.971,55,14,+25.335,+1.824
3798.05,55,14,+25.352,+1.853
3806.397,55,14,+25.494,+1.780
3811.912,55,14,+25.665,+1.702
3815.349,55,14,+25.743,+1.643
3818.818,55,14,+25.803,+1.686
3821.235,55,14,+25.956,+1.694
3823.784,55,14,+26.096,+1.713
3824.513,55,14,+26.116,+1.718
3828.031,55,14,+26.129,+1.810
3830.866,55,14,+26.105,+1.957
3833.312,55,14,+26.157,+1.973
3838.494,55,14,+26.392,+1.986
3841.947,55,14,+26.603,+2.122
3845.99,55,14,+26.778,+2.122
3848.929,55,14,+26.845,+2.129
3853.247,55,14,+27.167,+2.055
3859.25,55,14,+27.278,+1.900
3865.016,55,14,+27.355,+1.799
3869.313,55,14,+27.508,+1.755
3874.522,55,14,+27.742,+1.790
3878.069,55,14,+27.893,+1.808
3881.788,55,14,+28.038,+1.803
3883.866,55,14,+28.042,+1.840
3892.298,55,14,+28.258,+1.836
3897.86,55,14,+28.355,+1.879
3901.188,55,14,+28.371,+1.756
3904.626,55,14,+28.404,+1.766
3907.048,55,14,+28.538,+1.743
3909.532,55,14,+28.609,+1.749
3910.235,55,14,+28.619,+1.754
3913.782,55,14,+28.619,+1.844
3916.595,55,14,+28.593,+1.992
3919.064,55,14,+28.676,+2.052
3924.361,55,14,+28.927,+2.118
3927.767,55,14,+29.098,+2.302
3931.924,55,14,+29.298,+2.356
3934.862,55,14,+29.337,+2.350
3939.041,55,14,+29.623,+2.310
3945.167,55,14,+29.773,+2.244
3951.008,55,14,+29.905,+2.130
3955.311,55,14,+30.003,+2.066
3960.498,55,14,+30.322,+2.018
3964.061,55,14,+30.534,+1.985
3967.773,55,14,+30.750,+1.936
3969.883,55,14,+30.809,+1.989
3978.227,55,14,+30.918,+1.841
3983.836,55,14,+31.094,+1.782
3987.336,55,14,+31.130,+1.711
3990.664,55,14,+31.259,+1.791
3993.102,55,14,+31.407,+1.739
3995.617,55,14,+31.519,+1.804
3996.336,55,14,+31.537,+1.816
3999.93,55,14,+31.551,+1.918
4002.743,55,14,+31.526,+2.068
4005.146,55,14,+31.570,+2.104
4010.474,55,14,+31.897,+2.109
4013.911,55,14,+32.084,+2.235
4018.021,55,14,+32.346,+2.331
4020.974,55,14,+32.408,+2.339
4025.271,55,14,+32.710,+2.289
4031.365,55,14,+32.862,+2.226
4037.208,55,14,+32.955,+2.025
4041.458,55,14,+33.064,+1.947
4046.677,55,14,+33.261,+1.987
4050.209,55,14,+33.445,+1.948
4053.912,55,14,+33.582,+2.044
4055.99,55,14,+33.637,+2.072
4064.443,55,14,+33.761,+2.028
4069.989,55,14,+33.829,+1.902
4073.309,55,14,+33.843,+1.867
4076.797,55,14,+33.910,+1.902
4079.254,55,14,+34.040,+1.902
4081.792,55,14,+34.151,+1.899
4082.468,55,14,+34.168,+1.902
4086.08,55,14,+34.189,+1.999
4088.906,55,14,+34.166,+2.152
4091.326,55,14,+34.212,+2.215
4096.612,55,14,+34.414,+2.201
4100.031,55,14,+34.558,+2.266
4104.109,55,14,+34.745,+2.218
4107.082,55,14,+34.802,+2.197
4111.413,55,14,+35.156,+2.284
4117.464,55,14,+35.211,+2.133
4123.265,55,14,+35.340,+2.066
4127.625,55,14,+35.480,+2.094
4132.828,55,14,+35.715,+2.092
4136.391,55,14,+35.880,+2.145
4140.094,55,14,+36.079,+2.157
4142.168,55,14,+36.143,+2.212
4150.697,55,14,+36.275,+2.174
4156.306,55,14,+36.445,+2.269
4159.744,55,14,+36.547,+2.193
4163.213,55,14,+36.646,+2.245
4165.634,55,14,+36.761,+2.267
4168.192,55,14,+36.850,+2.331
4168.875,55,14,+36.863,+2.344
4172.368,55,13,+36.863,+2.344
4172.468,55,13,+36.876,+2.453
4175.278,55,13,+36.861,+2.603
4177.716,55,13,+36.866,+2.627
4182.981,55,13,+37.087,+2.652
4186.45,55,13,+37.273,+2.793
4190.591,55,13,+37.487,+2.853
4193.481,55,13,+37.535,+2.876
4197.7,55,13,+37.728,+2.789
4203.841,55,13,+37.883,+2.835
4209.7,55,13,+38.020,+2.814
4213.997,55,13,+38.129,+2.776
4219.263,55,13,+38.361,+2.826
4222.841,55,13,+38.534,+2.845
4226.575,55,13,+33.379,+2.855
4228.654,55,13,+33.464,+2.886
4237.073,55,13,+33.747,+2.879
4242.636,55,13,+33.878,+2.805
4246.01,55,13,+33.922,+2.762
4249.526,55,13,+34.056,+2.836
4251.971,55,13,+34.210,+2.861
4254.515,55,13,+34.283,+2.861
4255.272,55,13,+35.744,+0.138
4258.71,55,12,+35.744,+0.138
4258.79,55,12,+34.285,+2.938
4261.623,55,12,+34.265,+3.067
4264.025,55,12,+34.276,+3.114
4269.353,55,12,+34.513,+3.049
4272.838,55,12,+34.728,+3.121
4276.926,55,12,+34.892,+3.148
4279.879,55,12,+34.862,+3.127
4284.067,55,12,+35.144,+3.206
4290.176,55,12,+35.279,+3.179
4296.02,55,12,+35.401,+3.145
4300.374,55,12,+35.435,+3.162
4305.57,55,12,+35.642,+3.200
4309.155,55,12,+35.876,+3.322
4312.895,55,12,+36.056,+3.310
4314.965,55,12,+36.147,+3.330
4323.292,55,12,+36.348,+3.301
4328.917,55,12,+36.505,+3.264
4332.249,55,12,+36.518,+3.247
4335.771,55,12,+36.655,+3.273
4338.239,55,12,+36.880,+3.306
4340.829,55,12,+36.993,+3.345
4341.523,55,12,+37.011,+3.355
4345.023,55,11,+37.011,+3.355
4345.086,55,11,+37.036,+3.396
4347.929,55,11,+37.035,+3.433
4350.338,55,11,+37.030,+3.394
4355.573,55,11,+37.288,+3.504
4359.042,55,11,+37.567,+3.577
4363.167,55,11,+37.683,+3.639
4366.051,55,11,+37.686,+3.628
4370.307,55,11,+37.900,+3.634
4376.338,55,11,+37.995,+3.638
4382.12,55,11,+38.083,+3.566
4386.385,55,11,+38.178,+3.544
4391.667,55,11,+38.419,+3.472
4395.276,55,11,+38.721,+3.519
4398.979,55,11,+38.891,+3.537
4401.01,55,11,+31.160,+3.522
4409.448,55,11,+31.357,+3.500
4415.104,55,11,+31.536,+3.497
4418.495,55,11,+31.595,+3.457
4422.12,55,11,+31.790,+3.470
4435.557,55,12,+31.790,+3.470
4437.228,55,13,+31.790,+3.470
4441.315,55,14,+31.790,+3.470
4443.35,55,15,+31.790,+3.470
4446.38,55,16,+31.790,+3.470
4455.036,55,17,+31.790,+3.470
4457.37,55,17,+54.992,+2.236
4460.418,55,17,+55.609,+2.765
4466.155,55,17,+56.246,+3.220
4469.562,55,17,+56.326,+3.255
4473.468,55,17,+56.254,+2.944
4476.349,55,17,+56.188,+2.820
4480.457,55,17,+56.335,+2.684
4486.436,55,17,+56.388,+2.451
4492.034,55,17,+56.269,+2.199
4496.252,55,17,+56.307,+1.996
4501.377,55,17,+56.367,+1.859
4504.815,55,17,+56.401,+1.715
4508.401,55,17,+56.453,+1.585
4510.473,55,17,+56.490,+1.555
4518.691,55,17,+56.381,+1.228
4523.986,55,17,+56.241,+0.922
4527.253,55,17,+56.179,+0.667
4530.736,55,17,+56.269,+0.603
4533.127,55,17,+56.348,+0.543
4535.58,55,17,+56.359,+0.451
4536.268,55,17,+56.352,+0.424
4539.639,55,16,+56.352,+0.424
4539.719,55,16,+56.219,+0.241
4542.471,55,16,+56.030,+0.047
4544.773,55,15,+56.030,+0.047
4544.857,55,15,+55.967,+5.405
4550.201,55,15,+56.265,+5.789
4553.608,55,15,+56.367,+6.092
4557.525,55,15,+56.340,+6.100
4560.413,55,15,+56.269,+6.095
4564.453,55,15,+56.359,+6.154
4570.484,55,15,+53.062,+6.299
4576.108,55,15,+53.096,+6.317
4580.349,55,15,+53.144,+6.370
4585.45,55,15,+53.286,+6.438
4588.898,55,15,+53.422,+6.488
4592.573,55,15,+53.619,+6.562
4594.613,55,15,+53.656,+6.548
4602.796,55,15,+53.691,+6.535
4608.151,55,15,+53.685,+6.523
4611.387,55,15,+53.689,+6.512
4614.83,55,15,+53.756,+6.567
4617.191,55,15,+53.861,+6.596
4619.691,55,15,+53.971,+6.642
4620.412,55,15,+53.990,+6.651
4623.947,55,15,+54.031,+6.690
4626.897,55,15,+54.045,+6.728
4629.232,55,15,+54.091,+6.784
4634.427,55,15,+54.322,+6.954
4637.716,55,15,+54.481,+7.063
4641.61,55,15,+54.588,+7.100
4644.485,55,15,+54.624,+7.109
4648.625,55,15,+54.770,+7.227
4654.602,55,15,+54.943,+7.314
4660.316,55,15,+55.112,+7.363
4664.575,55,15,+55.227,+7.444
4669.637,55,15,+55.418,+7.366
4673.106,55,15,+55.610,+7.414
4676.81,55,15,+55.883,+7.493
4678.83,55,15,+55.945,+7.507
4687.102,55,15,+56.011,+7.606
4692.536,55,15,+56.144,+7.682
4695.813,55,15,+56.231,+7.682
4699.25,55,15,+56.349,+7.749
4701.578,55,15,+56.492,+7.780
4704.08,55,15,+56.636,+7.838
4704.797,55,15,+56.661,+7.851
4708.375,55,15,+56.709,+7.905
4711.25,55,15,+56.726,+7.958
4713.672,55,15,+56.779,+8.043
4718.782,55,15,+56.961,+8.190
4722.173,55,15,+57.165,+8.332
4726.11,55,15,+57.342,+8.388
4729.001,55,15,+57.397,+8.400
4733.204,55,15,+57.603,+8.541
4739.11,55,15,+57.692,+8.589
4744.813,55,15,+57.784,+8.597
4748.985,55,15,+57.826,+8.612
4754.11,55,15,+57.928,+8.532
4757.548,55,15,+58.056,+8.522
4761.157,55,15,+58.276,+8.590
4763.204,55,15,+58.322,+8.614
4771.454,55,15,+58.406,+8.577
4776.751,55,15,+58.402,+8.464
4780.079,55,15,+58.431,+8.436
4783.47,55,15,+58.510,+11.104
4785.798,55,15,+58.640,+11.104
4788.298,55,15,+58.738,+11.104
4789.001,55,15,+58.756,+7.055
4792.483,55,14,+58.756,+7.055
4792.577,55,14,+58.794,+8.602
4795.452,55,14,+58.807,+8.672
4797.842,55,14,+58.815,+8.684
4802.863,55,14,+58.961,+8.697
4806.223,55,14,+59.147,+8.821
4810.147,55,14,+59.209,+8.878
4813.038,55,14,+59.232,+8.873
4817.252,55,14,+59.452,+8.965
4823.186,55,14,+59.496,+8.959
4828.858,55,14,+59.569,+8.984
4833.071,55,14,+59.610,+8.991
4838.18,55,14,+59.821,+9.059
4841.668,55,14,+59.982,+9.089
4845.371,55,14,+60.169,+9.166
4847.433,55,14,+60.236,+9.615
4855.668,55,14,+60.280,+8.598
4861.017,55,14,+60.231,+8.314
4864.333,55,14,+60.284,+8.289
4867.998,55,14,+60.327,+8.205
4870.08,55,14,+60.433,+8.173
4872.549,55,14,+60.548,+8.198
4873.283,55,14,+60.571,+8.210
4876.827,55,14,+60.618,+8.335
4879.695,55,14,+60.639,+8.483
4882.14,55,14,+60.711,+8.482
4887.35,55,14,+60.975,+8.538
4890.711,55,14,+61.168,+8.542
4894.593,55,14,+61.205,+8.531
4897.474,55,14,+61.238,+8.534
4901.538,55,14,+61.398,+8.500
4907.578,55,14,+61.477,+8.478
4913.312,55,14,+61.556,+8.387
4917.548,55,14,+61.626,+8.358
4922.655,55,14,+61.781,+8.329
4926.112,55,14,+61.962,+8.330
4929.736,55,14,+62.125,+8.353
4931.83,55,14,+62.178,+8.351
4940.061,55,14,+62.144,+8.228
4945.387,55,14,+62.163,+8.087
4948.753,55,14,+62.211,+8.083
4952.161,55,14,+62.280,+8.143
4954.514,55,14,+62.374,+8.154
4956.969,55,14,+62.453,+8.192
4957.66,55,14,+62.468,+8.203
4961.242,55,14,+62.512,+8.263
4964.11,55,14,+62.544,+8.321
4966.565,55,14,+62.585,+8.278
4971.674,55,14,+62.730,+8.370
4975.006,55,14,+62.856,+8.317
4978.954,55,14,+62.965,+8.393
4981.86,55,14,+63.000,+8.428
4986.009,55,14,+63.173,+8.425
4991.933,55,14,+63.248,+8.405
4997.687,55,14,+63.385,+8.365
5001.943,55,14,+63.493,+8.432
5007.1,55,14,+63.710,+8.443
5010.544,55,14,+63.840,+8.467
5014.205,55,14,+64.049,+8.573
5016.263,55,14,+64.126,+8.612
5024.537,55,14,+64.035,+8.591
5030.037,55,14,+64.161,+8.573
5033.351,55,14,+64.212,+8.591
5036.762,55,14,+64.310,+8.675
5039.12,55,14,+64.414,+8.672
5041.594,55,14,+64.494,+8.696
5042.261,55,14,+64.511,+8.705
5045.827,55,14,+64.557,+8.747
5048.675,55,14,+64.589,+8.794
5051.129,55,14,+64.649,+8.788
5056.277,55,14,+64.897,+8.918
5059.671,55,14,+65.108,+8.987
5063.602,55,14,+65.220,+9.074
5066.468,55,14,+65.250,+9.100
5070.561,55,14,+65.323,+9.085
5076.535,55,14,+65.401,+9.113
5082.285,55,14,+65.393,+9.048
5086.583,55,14,+65.410,+9.089
5091.649,55,14,+65.509,+9.030
5095.123,55,14,+65.660,+9.076
5098.795,55,14,+65.896,+9.101
5100.866,55,14,+65.982,+9.128
5109.271,55,14,+66.036,+9.179
5114.795,55,14,+66.123,+9.072
5118.062,55,14,+66.210,+9.102
5122.241,55,14,+66.353,+16.155
5123.913,55,14,+66.480,+16.155
5126.415,55,14,+66.610,+16.155
5127.149,55,14,+66.633,+9.376
5130.601,55,13,+66.633,+9.376
5130.679,55,13,+66.696,+9.437
5133.538,55,13,+66.728,+9.480
5135.97,55,13,+66.773,+9.475
5141.111,55,13,+66.910,+9.536
5144.481,55,13,+67.060,+9.598
5148.433,55,13,+67.193,+9.606
5151.3,55,13,+67.243,+9.616
5155.455,55,13,+67.357,+9.546
5161.381,55,13,+67.355,+9.443
5167.227,55,13,+67.405,+9.364
5171.376,55,13,+67.381,+9.374
5176.577,55,13,+67.582,+9.369
5180.068,55,13,+67.666,+9.392
5183.701,55,13,+67.836,+9.505
5185.776,55,13,+67.878,+9.535
5194.163,55,13,+67.863,+9.621
5199.568,55,13,+67.804,+9.452
5202.873,55,13,+67.826,+9.512
5206.299,55,13,+67.905,+9.586
5208.639,55,13,+67.980,+9.561
5211.137,55,13,+68.082,+9.620
5211.876,55,13,+68.102,+9.630
5215.44,55,13,+68.156,+9.674
5218.269,55,13,+68.185,+9.713
5220.684,55,13,+68.206,+9.646
5225.818,55,13,+68.413,+9.765
5229.257,55,13,+68.708,+9.878
5233.253,55,13,+68.891,+9.937
5236.157,55,13,+68.941,+9.945
5240.277,55,13,+69.040,+9.834
5246.246,55,13,+69.138,+9.794
5251.998,55,13,+69.201,+9.622
5256.231,55,13,+69.219,+9.594
5261.379,55,13,+69.358,+9.514
5264.848,55,13,+69.507,+9.481
5268.55,55,13,+69.787,+9.580
5270.628,55,13,+69.886,+9.601
5279.009,55,13,+69.866,+9.524
5284.464,55,13,+69.954,+9.399
5287.861,55,13,+70.023,+9.444
5291.284,55,13,+70.132,+9.508
5293.673,55,13,+70.260,+9.570
5296.178,55,13,+70.325,+9.633
5296.897,55,13,+70.342,+9.646
5300.478,55,13,+70.411,+9.699
5303.363,55,13,+70.465,+9.746
5305.735,55,13,+70.506,+9.777
5310.907,55,13,+70.722,+9.841
5314.336,55,13,+70.915,+9.846
5318.258,55,13,+70.962,+9.841
5321.109,55,13,+70.987,+9.826
5325.221,55,13,+71.006,+9.754
5331.138,55,13,+71.011,+9.705
5336.978,55,13,+71.120,+9.621
5341.216,55,13,+71.189,+9.624
5346.43,55,13,+71.301,+9.664
5349.942,55,13,+71.472,+9.694
5353.584,55,13,+71.659,+9.727
5355.66,55,13,+71.766,+9.736
5363.941,55,13,+71.733,+9.542
5369.526,55,13,+71.835,+9.552
5372.871,55,13,+71.921,+9.602
5376.325,55,13,+72.064,+9.678
5378.706,55,13,+72.197,+9.691
5381.214,55,13,+72.314,+9.746
5381.903,55,13,+72.336,+9.758
5385.47,55,13,+72.401,+9.804
5388.344,55,13,+72.445,+9.847
5390.757,55,13,+72.489,+9.808
5395.916,55,13,+72.719,+9.916
5399.345,55,13,+72.924,+9.923
5403.344,55,13,+73.109,+9.960
5406.246,55,13,+73.174,+9.967
5410.443,55,13,+73.301,+9.947
5416.364,55,13,+73.384,+9.903
5422.158,55,13,+73.395,+9.892
5426.424,55,13,+73.482,+9.923
5431.692,55,13,+73.746,+10.027
5435.202,55,13,+73.939,+10.049
5438.918,55,13,+74.173,+10.118
5441.021,55,13,+74.250,+10.140
5449.44,55,13,+74.310,+10.206
5454.959,55,13,+74.425,+10.107
5458.322,55,13,+74.517,+10.128
5461.766,55,13,+74.609,+10.188
5464.18,55,13,+74.755,+10.221
5466.763,55,13,+74.888,+10.272
5467.425,55,13,+74.911,+10.280
5470.987,55,13,+74.966,+10.321
5473.811,55,13,+74.992,+10.357
5476.199,55,13,+74.994,+10.325
5481.402,55,13,+75.151,+10.413
5484.861,55,13,+75.405,+10.519
5488.881,55,13,+75.549,+10.560
5491.725,55,13,+75.591,+10.581
5495.888,55,13,+75.718,+10.603
5501.844,55,13,+75.806,+10.519
5507.615,55,13,+75.858,+10.387
5511.867,55,13,+75.942,+10.423
5517.058,55,13,+76.044,+10.448
5520.563,55,13,+76.214,+10.435
5524.235,55,13,+76.384,+10.524
5526.313,55,13,+76.435,+10.552
5534.633,55,13,+76.384,+10.610
5540.094,55,13,+76.415,+10.571
5543.455,55,13,+76.468,+10.648
5546.924,55,13,+76.558,+10.746
5549.266,55,13,+76.715,+10.825
5551.801,55,13,+76.845,+10.878
5552.488,55,13,+76.869,+10.890
5556.061,55,13,+76.944,+10.943
5558.988,55,13,+77.002,+10.997
5561.418,55,13,+77.138,+11.042
5566.626,55,13,+77.312,+11.179
5569.992,55,13,+77.443,+11.212
5573.992,55,13,+77.609,+11.202
5576.849,55,13,+77.665,+11.206
5581.122,55,13,+77.840,+11.326
5587.163,55,13,+77.891,+11.355
5592.943,55,13,+77.935,+11.320
5597.283,55,13,+78.052,+11.427
5602.476,55,13,+78.281,+11.455
5606.023,55,13,+78.482,+11.522
5609.73,55,13,+78.723,+11.596
5611.827,55,13,+78.811,+11.653
5620.268,55,13,+78.892,+11.714
5625.82,55,13,+78.987,+11.750
5629.24,55,13,+79.132,+11.857
5632.661,55,13,+79.229,+11.948
5635.011,55,13,+79.332,+11.976
5637.511,55,13,+79.405,+12.021
5638.216,55,13,+79.417,+12.032
5641.783,55,13,+79.459,+12.087
5644.645,55,13,+79.487,+12.142
5647.132,55,13,+79.566,+12.188
5652.389,55,13,+79.913,+12.460
5655.858,55,13,+80.174,+12.560
5659.869,55,13,+80.387,+12.617
5662.783,55,13,+80.458,+12.651
5667.039,55,13,+80.655,+12.785
5672.986,55,13,+80.767,+12.830
5678.783,55,13,+80.913,+12.774
5683.033,55,13,+80.993,+12.866
5688.225,55,13,+81.158,+12.824
5691.742,55,13,+81.296,+12.849
5695.383,55,13,+81.444,+12.897
5697.461,55,13,+81.521,+12.938
5705.799,55,13,+81.391,+12.921
5711.206,55,13,+81.322,+15.618
5714.581,55,13,+81.284,+15.455
5718.026,55,13,+81.363,+13.595
5720.389,55,13,+81.487,+13.595
5722.879,55,13,+81.547,+13.595
5723.565,55,13,+81.562,+4.649
5727.065,55,12,+81.562,+4.649
5727.143,55,12,+81.620,+13.069
5730.002,55,12,+81.665,+13.126
5732.44,55,12,+81.690,+13.075
5737.523,55,12,+81.856,+13.142
5740.968,55,12,+82.060,+13.168
5745.009,55,12,+82.240,+13.310
5747.9,55,12,+82.296,+13.360
5752.009,55,12,+82.422,+13.408
5758.088,55,12,+82.405,+13.388
5763.839,55,12,+82.381,+13.327
5768.105,55,12,+82.424,+13.351
5773.294,55,12,+82.566,+13.377
5776.821,55,12,+82.743,+13.463
5780.489,55,12,+82.889,+13.519
5782.509,55,12,+82.970,+13.558
5790.742,55,12,+82.704,+13.403
5796.314,55,12,+82.716,+13.514
5799.563,55,12,+82.666,+13.553
5803.159,55,12,+82.915,+13.829
5811.6,55,23,+82.915,+13.829
5811.627,55,13,+82.915,+13.829
5812.025,55,14,+82.915,+13.829
5821.975,55,15,+82.915,+13.829
5824.08,55,16,+82.915,+13.829
5837.835,55,16,1 L,+10.824
5840.804,55,16,1 L,+11.448
5846.835,55,16,1 L,+12.275
5850.226,55,16,1 L,+12.358
5854.132,55,16,1 L,+12.230
5856.991,55,16,1 L,+12.172
5861.195,55,16,1 L,+12.199
5867.101,55,16,1 L,+12.016
5872.851,55,16,1 L,+11.900
5877.101,55,16,1 L,+11.928
5882.304,55,16,1 L,+11.752
5885.867,55,16,1 L,+11.788
5889.398,55,16,1 L,+11.703
5891.429,55,16,1 L,+11.360
5899.804,55,16,1 L,+10.777
5905.101,55,16,1 L,+10.490
5908.383,55,16,1 L,+10.321
5911.804,55,16,1 L,+10.147
5914.188,55,16,1 L,+10.069
5916.673,55,16,1 L,+9.998
5917.407,55,16,1 L,+9.983
5920.829,55,16,1 L,+9.879
5923.563,55,16,1 L,+9.592
5925.965,55,16,1 L,+8.918
5931.087,55,16,1 L,+8.678
5934.445,55,16,1 L,+8.643
5938.32,55,16,1 L,+8.418
5941.195,55,16,1 L,+8.364
5945.382,55,16,1 L,+8.186
5951.007,55,16,1 L,+7.769
5956.726,55,16,1 L,+7.599
5960.976,55,16,1 L,+7.592
5966.132,55,16,1 L,+7.548
5969.617,55,16,1 L,+7.472
5973.181,55,16,1 L,+7.359
5975.21,55,16,1 L,+7.385
5983.555,55,16,1 L,+7.235
5988.96,55,16,1 L,+6.883
5992.171,55,16,1 L,+6.791
5995.499,55,16,1 L,+6.576
5997.796,55,16,1 L,+6.455
6000.28,55,16,1 L,+6.394
6000.984,55,16,1 L,+6.380
6004.53,55,16,1 L,+6.341
6007.377,55,16,1 L,+6.306
6009.752,55,16,1 L,+6.322
6014.877,55,16,1 L,+6.210
6018.274,55,16,1 L,+6.252
6022.162,55,16,1 L,+6.056
6025.021,55,16,1 L,+5.980
6029.026,55,16,1 L,+5.761
6034.933,55,16,1 L,+5.635
6040.668,55,16,1 L,+5.423
6044.871,55,16,1 L,+5.386
6053.473,55,16,1 L,+5.282
6057.087,55,16,1 L,+5.236
6059.103,55,16,1 L,+5.251
6067.417,55,16,1 L,+5.097
6072.839,55,16,1 L,+4.782
6076.042,55,16,1 L,+4.708
6079.432,55,16,1 L,+4.553
6081.729,55,16,1 L,+4.452
6084.948,55,16,1 L,+4.457
6088.417,55,15,1 L,+4.457
6088.495,55,15,1 L,+4.439
6091.339,55,15,1 L,+4.409
6093.73,55,15,1 L,+4.363
6098.889,55,15,1 L,+4.270
6102.247,55,15,1 L,+4.344
6106.218,55,15,1 L,+4.129
6109.083,55,15,1 L,+4.044
6113.112,55,15,1 L,+3.967
6119.111,55,15,1 L,+3.894
6124.838,55,15,1 L,+3.699
6129.072,55,15,1 L,+3.648
6134.275,55,15,1 L,+3.635
6137.825,55,15,1 L,+3.626
6141.444,55,15,1 L,+3.388
6143.476,55,15,1 L,+3.002
6151.803,55,15,1 L,+2.612
6157.288,55,15,1 L,+2.352
6160.538,55,15,1 L,+2.294
6163.927,55,15,1 L,+1.987
6169.438,55,14,1 L,+1.987
6169.469,55,14,1 L,+12.667
6175.872,55,14,1 L,+12.279
6178.294,55,14,1 L,+11.759
6183.669,55,14,1 L,+11.592
6187.278,55,14,1 L,+11.821
6191.247,55,14,1 L,+12.052
6194.153,55,14,1 L,+12.124
6198.294,55,14,1 L,+12.250
6204.924,55,14,1 L,+12.773
6210.818,55,14,1 L,+12.494
6215.122,55,14,1 L,+12.484
6220.388,55,14,1 L,+12.455
6223.967,55,14,1 L,+12.488
6227.633,55,14,1 L,+12.538
6229.635,55,14,1 L,+12.585
6237.958,55,14,1 L,+12.426
6243.388,55,14,1 L,+12.353
6246.745,55,14,1 L,+12.332
6250.124,55,14,1 L,+12.333
6252.508,55,14,1 L,+12.370
6254.992,55,14,1 L,+12.327
6255.695,55,14,1 L,+12.321
6259.226,55,14,1 L,+12.314
6262.055,55,14,1 L,+12.310
6264.488,55,14,1 L,+12.304
6269.586,55,14,1 L,+12.243
6272.992,55,14,1 L,+12.228
6276.85,55,14,1 L,+12.006
6279.714,55,14,1 L,+11.934
6283.775,55,14,1 L,+11.775
6289.639,55,14,1 L,+11.605
6295.373,55,14,1 L,+11.526
6299.592,55,14,1 L,+11.521
6304.748,55,14,1 L,+11.506
6308.202,55,14,1 L,+11.484
6311.795,55,14,1 L,+11.490
6313.842,55,14,1 L,+11.581
6322.092,55,14,1 L,+11.304
6327.608,55,14,1 L,+11.177
6330.811,55,14,1 L,+10.756
6334.155,55,14,1 L,+10.491
6336.467,55,14,1 L,+10.429
6338.936,55,14,1 L,+10.373
6339.639,55,14,1 L,+10.368
6343.189,55,14,1 L,+10.445
6346.055,55,14,1 L,+10.581
6348.437,55,14,1 L,+10.613
6353.545,55,14,1 L,+10.554
6356.968,55,14,1 L,+10.560
6360.905,55,14,1 L,+10.487
6363.764,55,14,1 L,+10.276
6367.746,55,14,1 L,+9.127
6373.684,55,14,1 L,+8.879
6379.481,55,14,1 L,+8.665
6383.668,55,14,1 L,+8.646
6388.801,55,14,1 L,+8.447
6392.331,55,14,1 L,+8.341
6395.843,55,14,1 L,+8.303
6397.936,55,14,1 L,+8.395
6406.186,55,14,1 L,+8.212
6411.534,55,14,1 L,+8.037
6414.796,55,14,1 L,+7.970
6418.148,55,14,1 L,+7.931
6423.638,55,14,1 L,+7.890
6427.149,55,13,1 L,+7.890
6427.227,55,13,1 L,+7.879
6430.031,55,13,1 L,+7.868
6432.422,55,13,1 L,+7.816
6437.484,55,13,1 L,+7.766
6440.906,55,13,1 L,+7.751
6444.86,55,13,1 L,+7.647
6447.735,55,13,1 L,+7.055
6451.938,55,13,1 L,+6.315
6457.828,55,13,1 L,+6.235
6463.625,55,13,1 L,+6.145
6467.875,55,13,1 L,+6.140
6472.985,55,13,1 L,+6.090
6476.407,55,13,1 L,+5.970
6480.016,55,13,1 L,+5.944
6482.095,55,13,1 L,+6.042
6490.36,55,13,1 L,+5.820
6495.648,55,13,1 L,+5.736
6498.938,55,13,1 L,+5.612
6502.311,55,13,1 L,+5.629
6504.638,55,13,1 L,+5.669
6507.118,55,13,1 L,+5.689
6507.815,55,13,1 L,+5.692
6511.369,55,13,1 L,+5.705
6514.216,55,13,1 L,+5.708
6516.622,55,13,1 L,+5.722
6521.701,55,13,1 L,+5.694
6525.015,55,13,1 L,+5.644
6528.922,55,13,1 L,+5.557
6531.781,55,13,1 L,+5.509
6535.844,55,13,1 L,+5.536
6541.769,55,13,1 L,+5.488
6547.513,55,13,1 L,+5.368
6551.628,55,13,1 L,+5.366
6556.757,55,13,1 L,+5.371
6561.313,55,13,1 L,+6.365
6568.628,55,13,1 L,+9.892
6571.719,55,13,1 L,+8.984
6580.561,55,13,1 L,+8.044
6586.089,55,13,1 L,+7.306
6590.098,55,13,1 L,+5.803
6595.033,55,13,1 L,+6.419
6602.749,55,13,1 L,+4.330
6607.738,55,12,1 L,+4.330
6607.815,55,12,1 L,+16.851
6611.338,55,12,1 L,+16.692
6614.422,55,12,1 L,+16.567
6620.19,55,12,1 L,+15.490
6624.55,55,12,1 L,+15.849
6629.45,55,12,1 L,+15.957
6633.604,55,12,1 L,+16.427
6638.589,55,12,1 L,+15.924
6646.878,55,12,1 L,+16.484
6652.957,55,12,1 L,+15.480
6659.301,55,12,1 L,+15.396
6665.342,55,12,1 L,+15.237
6669.964,55,12,1 L,+15.288
6676.056,55,12,1 L,+15.825
6678.789,55,12,1 L,+16.233
6687.493,55,12,1 L,+15.384
6693.333,55,12,1 L,+15.584
6697.864,55,12,1 L,+16.047
6702.155,55,12,1 L,+15.770
6704.753,55,12,+152.232,+15.483
6707.436,55,12,+152.470,+14.894
6708.122,55,12,1 L,+14.666
6711.734,55,12,+152.408,+13.232
6714.617,55,12,1 L,+12.344
6716.999,55,12,1 L,+10.837
6722.202,55,12,1 L,+10.894
6725.562,55,12,1 L,+10.851
6729.593,55,12,1 L,+10.951
6732.473,55,12,1 L,+10.997
6736.589,55,12,1 L,+10.868
6742.531,55,12,1 L,+10.956
6748.077,55,12,1 L,+10.895
6752.28,55,12,1 L,+10.939
6757.39,55,12,1 L,+11.056
6760.89,55,12,1 L,+11.159
6764.438,55,12,1 L,+11.262
6766.499,55,12,1 L,+11.366
6774.64,55,12,1 L,+11.341
6779.937,55,12,1 L,+11.308
6783.203,55,12,1 L,+11.298
6786.515,55,12,1 L,+11.287
6788.838,55,12,1 L,+11.301
6791.367,55,12,1 L,+11.399
6792.017,55,12,1 L,+11.416
6795.574,55,12,1 L,+11.461
6798.394,55,12,1 L,+11.488
6800.785,55,12,1 L,+11.483
6805.854,55,12,1 L,+11.560
6809.291,55,12,1 L,+11.632
6813.494,55,12,1 L,+11.971
6816.493,55,12,1 L,+12.194
6820.815,55,12,1 L,+12.373
6826.894,55,12,1 L,+12.478
6832.589,55,12,1 L,+12.546
6837.62,55,12,1 L,+13.456
6842.832,55,12,1 L,+13.697
6846.417,55,12,1 L,+13.842
6849.924,55,12,1 L,+13.892
6851.893,55,12,1 L,+13.837
6860.093,55,12,1 L,+13.817
6865.443,55,12,1 L,+13.863
6868.725,55,12,1 L,+13.927
6872.115,55,12,1 L,+13.976
6874.506,55,12,1 L,+14.024
6877.006,55,12,1 L,+14.116
6877.678,55,12,1 L,+14.130
6881.209,55,12,1 L,+14.143
6884.022,55,12,1 L,+14.131
6886.428,55,12,1 L,+14.088
6891.524,55,12,1 L,+14.273
6894.834,55,12,1 L,+14.242
6898.772,55,12,1 L,+14.304
6901.631,55,12,1 L,+14.339
6905.741,55,12,1 L,+14.412
6911.553,55,12,1 L,+14.363
6917.242,55,12,1 L,+14.381
6921.444,55,12,1 L,+14.470
6926.523,55,12,1 L,+14.565
6929.913,55,12,1 L,+14.561
6933.523,55,12,1 L,+14.663
6935.585,55,12,1 L,+14.702
6943.71,55,12,1 L,+14.727
6949.038,55,12,1 L,+14.742
6952.288,55,12,1 L,+14.700
6955.679,55,12,1 L,+14.711
6958.045,55,12,1 L,+14.739
6960.488,55,12,1 L,+14.779
6961.161,55,12,1 L,+14.783
6964.694,55,12,1 L,+14.790
6967.554,55,12,1 L,+14.796
6969.895,55,12,1 L,+14.738
6975.025,55,12,1 L,+14.892
6978.442,55,12,1 L,+14.927
6982.725,55,12,1 L,+15.378
6985.774,55,12,1 L,+15.597
6990.111,55,12,1 L,+15.868
6995.942,55,12,1 L,+15.867
7001.77,55,12,1 L,+16.038
7006.02,55,12,1 L,+16.179
7011.111,55,12,1 L,+16.258
7014.58,55,12,1 L,+16.329
7018.174,55,12,1 L,+16.416
7020.205,55,12,1 L,+16.431
7028.455,55,12,1 L,+16.422
7033.861,55,12,1 L,+16.482
7037.142,55,12,1 L,+16.578
7040.439,55,12,1 L,+16.575
7042.752,55,12,1 L,+16.580
7045.189,55,12,1 L,+16.613
7045.892,55,12,1 L,+16.617
7049.412,55,12,1 L,+16.618
7052.239,55,12,1 L,+16.615
7054.634,55,12,1 L,+16.557
7059.664,55,13,1 L,+16.557
7060.477,55,13,1 L,+0.611
7063.93,55,13,1 L,+0.815
7067.834,55,13,1 L,+0.992
7070.674,55,13,1 L,+1.062
7074.94,55,13,1 L,+1.348
7080.873,55,13,1 L,+1.469
7086.611,55,13,1 L,+1.625
7090.83,55,13,1 L,+1.749
7095.97,55,13,1 L,+1.924
7099.361,55,13,1 L,+1.978
7102.955,55,13,1 L,+2.120
7105.002,55,13,1 L,+2.165
7113.252,55,13,1 L,+2.205
7118.752,55,13,1 L,+2.271
7121.986,55,13,1 L,+2.311
7125.345,55,13,1 L,+2.398
7127.674,55,13,1 L,+2.468
7130.155,55,13,1 L,+2.569
7130.874,55,13,1 L,+2.585
7134.39,55,13,1 L,+2.616
7137.218,55,13,1 L,+2.617
7139.593,55,13,1 L,+2.616
7144.781,55,13,1 L,+2.828
7148.129,55,13,1 L,+2.959
7152.017,55,13,1 L,+3.084
7154.853,55,13,1 L,+3.148
7158.955,55,13,1 L,+3.265
7164.861,55,13,1 L,+3.358
7170.575,55,13,1 L,+3.463
7174.802,55,13,1 L,+3.526
7179.893,55,13,1 L,+3.723
7183.378,55,13,1 L,+3.805
7186.971,55,13,1 L,+3.927
7189.034,55,13,1 L,+3.966
7197.315,55,13,1 L,+3.999
7202.753,55,13,1 L,+4.051
7205.956,55,13,1 L,+4.071
7209.3,55,13,1 L,+4.117
7211.643,55,13,1 L,+4.153
7214.112,55,13,1 L,+4.229
7214.815,55,13,1 L,+4.242
7218.753,55,13,1 L,+4.266
7221.19,55,13,1 L,+4.269
7223.596,55,13,1 L,+4.283
7228.737,55,13,1 L,+4.456
7232.082,55,13,1 L,+4.537
7235.977,55,13,1 L,+4.643
7238.837,55,13,1 L,+4.689
7242.899,55,13,1 L,+4.763
7248.743,55,13,1 L,+4.812
7254.415,55,13,1 L,+4.864
7258.587,55,13,1 L,+4.912
7263.728,55,13,1 L,+5.106
7267.227,55,13,1 L,+5.142
7270.769,55,13,1 L,+5.216
7272.82,55,13,1 L,+5.238
7280.955,55,13,1 L,+5.120
7286.418,55,13,1 L,+5.233
7289.668,55,13,1 L,+5.264
7293.012,55,13,1 L,+5.302
7295.356,55,13,1 L,+5.339
7297.809,55,13,1 L,+5.405
7298.496,55,13,1 L,+5.417
7302.043,55,13,1 L,+5.440
7304.871,55,13,1 L,+5.447
7307.371,55,13,1 L,+5.487
7312.519,55,13,1 L,+5.674
7315.785,55,13,1 L,+5.758
7319.644,55,13,1 L,+5.826
7322.504,55,13,1 L,+5.877
7326.582,55,13,1 L,+5.907
7332.426,55,13,1 L,+5.986
7338.144,55,13,1 L,+6.047
7342.269,55,13,1 L,+6.109
7347.457,55,13,1 L,+6.307
7350.879,55,13,1 L,+6.338
7354.477,55,13,1 L,+6.465
7356.517,55,13,1 L,+6.502
7364.775,55,13,1 L,+6.543
7370.166,55,13,1 L,+6.476
7373.4,55,13,1 L,+6.491
7376.76,55,13,1 L,+6.566
7379.088,55,13,1 L,+6.623
7381.572,55,13,1 L,+6.694
7382.275,55,13,1 L,+6.706
7385.797,55,13,1 L,+6.725
7388.621,55,13,1 L,+6.732
7391.039,55,13,1 L,+6.769
7396.192,55,13,1 L,+6.955
7399.616,55,13,1 L,+7.095
7403.554,55,13,1 L,+7.209
7406.397,55,13,1 L,+7.269
7410.576,55,13,1 L,+7.396
7416.354,55,13,1 L,+7.346
7422.079,55,13,1 L,+7.364
7426.251,55,13,1 L,+7.398
7431.437,55,13,1 L,+7.607
7434.957,55,13,1 L,+7.664
7438.597,55,13,1 L,+7.762
7440.646,55,13,1 L,+7.786
7448.888,55,13,1 L,+7.753
7454.349,55,13,1 L,+7.748
7457.583,55,13,1 L,+7.730
7460.949,55,13,1 L,+7.789
7463.257,55,13,1 L,+7.805
7465.779,55,13,1 L,+7.904
7466.472,55,13,1 L,+7.921
7470.009,55,13,1 L,+7.955
7472.871,55,13,1 L,+7.963
7475.283,55,13,1 L,+7.937
7480.422,55,13,1 L,+7.989
7483.755,55,13,1 L,+8.043
7487.739,55,13,1 L,+8.234
7490.628,55,13,1 L,+8.314
7494.709,55,13,1 L,+8.407
7500.579,55,13,1 L,+8.458
7506.356,55,13,1 L,+8.504
7510.571,55,13,1 L,+8.577
7515.698,55,13,1 L,+8.703
7519.198,55,13,1 L,+8.800
7522.772,55,13,1 L,+8.850
7524.817,55,13,1 L,+8.875
7533.101,55,13,1 L,+8.864
7538.528,55,13,1 L,+8.793
7541.758,55,13,1 L,+8.798
7545.179,55,13,1 L,+8.856
7547.481,55,13,1 L,+8.945
7550.005,55,13,1 L,+9.054
7550.657,55,13,1 L,+9.071
7554.24,55,13,1 L,+9.103
7557.099,55,13,1 L,+9.114
7559.503,55,13,1 L,+9.118
7564.631,55,13,1 L,+9.263
7567.955,55,13,1 L,+9.370
7571.971,55,13,1 L,+9.487
7574.815,55,13,1 L,+9.537
7578.952,55,13,1 L,+9.592
7584.846,55,13,1 L,+9.595
7590.557,55,13,1 L,+9.615
7594.767,55,13,1 L,+9.655
7599.876,55,13,1 L,+9.830
7603.361,55,13,1 L,+9.849
7606.939,55,13,1 L,+9.929
7608.941,55,13,1 L,+9.959
7617.18,55,13,1 L,+9.940
7622.633,55,13,1 L,+9.857
7625.915,55,13,1 L,+9.890
7629.243,55,13,1 L,+9.925
7631.602,55,13,1 L,+9.964
7634.071,55,13,1 L,+10.025
7634.758,55,13,1 L,+10.037
7638.305,55,13,1 L,+10.067
7641.149,55,13,1 L,+10.087
7643.555,55,13,1 L,+10.104
7648.747,55,13,1 L,+10.224
7652.093,55,13,1 L,+10.343
7656.077,55,13,1 L,+10.449
7658.937,55,13,1 L,+10.508
7662.968,55,13,1 L,+10.600
7668.968,55,13,1 L,+10.633
7674.723,55,13,1 L,+10.699
7678.936,55,13,1 L,+10.792
7684.161,55,13,1 L,+11.071
7687.678,55,13,1 L,+11.161
7691.285,55,13,1 L,+11.281
7693.323,55,13,1 L,+11.332
7701.621,55,13,1 L,+11.328
7707.071,55,13,1 L,+11.347
7710.383,55,13,1 L,+11.377
7713.758,55,13,1 L,+11.443
7716.243,55,13,1 L,+11.483
7718.587,55,13,1 L,+11.578
7719.337,55,13,1 L,+11.594
7722.837,55,13,1 L,+11.631
7725.696,55,13,1 L,+11.647
7728.071,55,13,1 L,+11.673
7733.18,55,13,1 L,+11.778
7736.587,55,13,1 L,+11.869
7740.59,55,13,1 L,+12.009
7743.465,55,13,1 L,+12.079
7747.59,55,13,1 L,+12.211
7753.544,55,13,1 L,+12.319
7759.387,55,13,1 L,+12.483
7763.653,55,13,1 L,+12.592
7768.763,55,13,1 L,+12.734
7772.247,55,13,1 L,+12.788
7776.122,55,13,1 L,+12.898
7777.935,55,13,1 L,+12.930
7786.132,55,13,1 L,+12.884
7791.661,55,13,1 L,+12.985
7794.911,55,13,1 L,+13.024
7798.255,55,13,1 L,+13.044
7800.599,55,13,1 L,+13.063
7803.067,55,13,1 L,+13.132
7803.77,55,13,1 L,+13.146
7807.38,55,13,1 L,+13.187
7810.192,55,13,1 L,+13.217
7812.599,55,13,1 L,+13.234
7817.755,55,13,1 L,+13.394
7821.259,55,13,1 L,+13.607
7825.222,55,13,1 L,+13.646
7828.129,55,13,1 L,+13.700
7832.207,55,13,1 L,+13.815
7838.144,55,13,1 L,+13.887
7843.943,55,13,1 L,+14.006
7848.186,55,13,1 L,+14.125
7853.369,55,13,1 L,+14.223
7856.802,55,13,1 L,+14.289
7860.407,55,13,1 L,+14.337
7862.454,55,13,1 L,+14.387
7870.731,55,13,1 L,+14.345
7876.195,55,13,1 L,+14.365
7879.476,55,13,1 L,+14.395
7882.851,55,13,1 L,+14.465
7885.21,55,13,1 L,+14.494
7887.663,55,13,1 L,+14.541
7888.367,55,13,1 L,+14.554
7891.914,55,13,1 L,+14.602
7894.759,55,13,1 L,+14.645
7897.2,55,13,1 L,+14.679
7902.392,55,13,1 L,+14.814
7905.798,55,13,1 L,+14.875
7909.798,55,13,1 L,+15.030
7912.689,55,13,1 L,+15.111
7916.82,55,13,1 L,+15.183
7922.687,55,13,1 L,+15.185
7928.964,55,13,1 L,+15.698
7933.175,55,13,1 L,+15.799
7938.441,55,13,1 L,+16.034
7942.003,55,13,1 L,+16.108
7945.597,55,13,1 L,+16.157
7947.676,55,13,1 L,+16.210
7956.019,55,13,1 L,+16.098
7961.519,55,13,1 L,+16.031
7965.019,55,13,1 L,+16.087
7968.426,55,13,1 L,+16.260
7974.394,55,14,1 L,+16.260
8001.939,55,15,1 L,+16.260
8003.033,55,15,2 L,+0.993
8005.899,55,15,2 L,+1.442
8011.29,55,16,2 L,+1.442
8011.524,55,16,2 L,+0.150
8014.852,55,16,2 L,+0.231
8018.665,55,16,2 L,+0.294
8021.477,55,16,2 L,+0.247
8025.712,55,16,2 L,+0.522
8031.405,55,16,2 L,+0.462
8037.062,55,16,2 L,+0.391
8041.218,55,16,2 L,+0.378
8046.234,55,16,2 L,+0.400
8049.707,55,16,2 L,+0.452
8053.164,55,16,2 L,+0.469
8055.2,55,16,2 L,+0.547
8063.434,55,16,2 L,+0.394
8068.841,55,16,2 L,+0.379
8072.137,55,16,2 L,+0.252
8075.716,55,16,2 L,+0.235
8078.138,55,16,2 L,+0.213
8080.544,55,16,2 L,+0.099
8081.388,55,16,2 L,+0.069
8084.622,55,16,2 L,+0.005
8087.372,55,16,2 L,+0.029
8089.622,55,15,2 L,+0.029
8089.7,55,15,2 L,+0.758
8094.997,55,15,2 L,+1.138
8098.247,55,15,2 L,+1.342
8102.044,55,15,2 L,+1.388
8104.841,55,15,2 L,+1.384
8108.763,55,15,2 L,+1.478
8114.544,55,15,2 L,+1.479
8120.232,55,15,2 L,+1.513
8124.402,55,15,2 L,+1.596
8129.447,55,15,2 L,+1.655
8132.837,55,15,2 L,+1.694
8136.306,55,15,2 L,+1.744
8138.353,55,15,2 L,+1.782
8146.509,55,15,2 L,+1.824
8151.728,55,15,2 L,+1.750
8154.869,55,15,2 L,+1.753
8158.119,55,15,2 L,+1.714
8160.4,55,15,2 L,+1.698
8162.806,55,15,2 L,+1.750
8163.509,55,15,2 L,+1.759
8166.994,55,15,2 L,+1.761
8169.803,55,15,2 L,+1.757
8172.183,55,15,2 L,+1.717
8177.09,55,15,2 L,+1.697
8180.303,55,15,2 L,+1.719
8184.041,55,15,2 L,+1.594
8186.916,55,15,2 L,+1.571
8190.791,55,15,2 L,+1.651
8196.525,55,15,2 L,+1.436
8202.213,55,15,2 L,+1.461
8206.355,55,15,2 L,+1.520
8211.519,55,15,2 L,+1.638
8214.889,55,15,2 L,+1.600
8218.366,55,15,2 L,+1.643
8220.4,55,15,2 L,+1.662
8228.524,55,15,2 L,+1.645
8233.84,55,15,2 L,+1.657
8236.947,55,15,2 L,+1.633
8240.226,55,15,2 L,+1.607
8242.476,55,15,2 L,+1.595
8244.888,55,15,2 L,+1.626
8245.542,55,15,2 L,+1.629
8249.038,55,15,2 L,+1.623
8251.867,55,15,2 L,+1.613
8254.226,55,15,2 L,+1.561
8259.195,55,15,2 L,+1.578
8262.398,55,15,2 L,+1.558
8266.226,55,15,2 L,+1.480
8269.054,55,15,2 L,+1.456
8273.086,55,15,2 L,+1.541
8278.752,55,15,2 L,+1.375
8284.432,55,15,2 L,+1.318
8288.573,55,15,2 L,+1.392
8293.589,55,15,2 L,+1.428
8296.979,55,15,2 L,+1.398
8300.468,55,15,2 L,+1.412
8302.464,55,15,2 L,+1.437
8310.636,55,15,2 L,+1.445
8315.901,55,15,2 L,+1.421
8319.12,55,15,2 L,+1.393
8322.433,55,15,2 L,+1.376
8324.683,55,15,2 L,+1.338
8327.136,55,15,2 L,+1.339
8331.308,55,15,2 L,+1.323
8334.152,55,15,2 L,+1.335
8337.089,55,15,2 L,+1.946
8342.511,55,15,2 L,+2.302
8345.808,55,15,2 L,+2.387
8349.636,55,15,2 L,+2.349
8352.449,55,15,2 L,+2.338
8356.507,55,15,2 L,+2.524
8362.446,55,15,2 L,+2.564
8368.062,55,15,2 L,+2.505
8372.205,55,15,2 L,+2.527
8377.265,55,15,2 L,+2.575
8380.64,55,15,2 L,+2.565
8386.093,55,15,2 L,+2.582
8394.254,55,15,2 L,+2.537
8399.605,55,15,2 L,+2.375
8402.746,55,15,2 L,+0.594
8406.168,55,14,2 L,+0.594
8406.246,55,14,2 L,+2.475
8408.731,55,14,2 L,+2.683
8413.183,55,14,2 L,+4.640
8415.371,55,14,2 L,+5.880
8424.327,55,14,2 L,+7.906
8429.468,55,14,2 L,+6.393
8433.249,55,14,2 L,+6.482
8439.006,55,14,2 L,+6.937
8443.03,55,14,2 L,+7.207
8447.593,55,14,2 L,+7.127
8451.249,55,14,2 L,+7.617
8455.624,55,14,2 L,+7.718
8462.468,55,14,2 L,+7.401
8471.891,55,14,2 L,+8.508
8478.812,55,14,2 L,+9.389
8484.89,55,14,2 L,+9.859
8488.687,55,14,2 L,+9.856
8492.421,55,14,2 L,+9.259
8494.656,55,14,2 L,+8.604
8502.963,55,14,2 L,+6.898
8508.306,55,14,2 L,+6.085
8511.765,55,14,2 L,+4.641
8515.756,55,14,2 L,+3.646
8518.381,55,14,2 L,+3.199
8521.475,55,14,2 L,+3.058
8522.491,55,14,2 L,+2.919
8527.637,55,14,2 L,+2.096
8532.293,55,14,2 L,+1.731
8536.512,55,14,2 L,+2.364
8542.262,55,14,2 L,+2.470
8546.356,55,14,2 L,+2.738
8551.372,55,14,2 L,+2.866
8555.044,55,14,2 L,+3.094
8559.146,55,14,2 L,+3.173
8565.697,55,14,2 L,+2.997
8574.425,55,14,2 L,+3.179
8580.943,55,13,2 L,+3.179
8581.025,55,13,2 L,+2.230
8586.592,55,13,2 L,+2.191
8590.223,55,13,2 L,+2.198
8594.161,55,13,2 L,+2.468
8596.364,55,13,2 L,+2.671
8606.473,55,13,2 L,+3.173
8613.626,55,13,2 L,+2.961
8618.391,55,13,2 L,+3.063
8623.078,55,13,2 L,+3.422
8625.703,55,13,2 L,+3.096
8629.032,55,13,2 L,+3.062
8630.016,55,13,2 L,+3.005
8634.438,55,12,2 L,+3.005
8634.485,55,12,2 L,+2.608
8637.532,55,12,2 L,+2.140
8640.657,55,12,2 L,+2.027
8645.782,55,12,2 L,+2.020
8649.141,55,12,2 L,+2.147
8653.001,55,12,2 L,+2.036
8655.797,55,12,2 L,+1.975
8659.812,55,12,2 L,+2.025
8665.757,55,12,2 L,+0.909
8671.437,55,12,2 L,+0.866
8675.588,55,12,2 L,+0.843
8680.726,55,12,2 L,+0.961
8684.122,55,12,2 L,+0.917
8687.622,55,12,2 L,+0.883
8689.559,55,12,2 L,+0.853
8697.716,55,12,2 L,+0.742
8703.013,55,12,2 L,+0.668
8706.106,55,12,2 L,+0.618
8709.403,55,12,2 L,+0.562
8711.723,55,12,2 L,+0.656
8714.161,55,12,2 L,+0.701
8714.911,55,12,2 L,+0.713
8718.271,55,12,2 L,+0.663
8720.974,55,12,2 L,+0.523
8723.364,55,12,2 L,+0.383
8728.505,55,12,2 L,+0.714
8731.808,55,12,2 L,+0.877
8735.607,55,12,2 L,+0.891
8738.423,55,12,2 L,+0.817
8742.58,55,12,2 L,+1.034
8748.377,55,12,2 L,+1.039
8754.017,55,12,2 L,+1.026
8758.238,55,12,2 L,+1.160
8763.208,55,12,2 L,+1.121
8766.608,55,12,2 L,+1.102
8770.048,55,12,2 L,+1.079
8772.064,55,12,2 L,+1.139
8780.149,55,12,2 L,+1.075
8785.383,55,12,2 L,+1.103
8788.618,55,12,2 L,+1.132
8791.899,55,12,2 L,+1.114
8794.196,55,12,2 L,+1.141
8796.618,55,12,2 L,+1.173
8797.337,55,12,2 L,+1.179
9036.717,55,12,2L,+1.179
6.86,31,17,,
3230.152,31,17,+1.925,+0.400
3232.621,31,18,+1.925,+0.400
3232.872,31,18,+1.592,+0.048
3236.777,31,18,+2.168,+0.049
3242.22,31,18,+3.287,+0.284
3245.845,31,18,+3.594,+0.270
3249.889,31,18,+4.140,+0.239
3252.899,31,18,+4.292,+0.374
3257.387,31,18,+4.905,+0.321
3263.489,31,18,+5.334,+0.349
3269.245,31,18,+5.659,+0.144
3273.506,31,17,+5.659,+0.144
3273.6,31,17,+5.814,+0.022
3279.12,31,17,+6.718,+0.140
3283.104,31,17,+7.375,+0.222
3286.948,31,17,+7.809,+0.230
3288.793,31,17,+7.824,+0.166
3297.028,31,16,+7.824,+0.166
3297.122,31,16,+8.209,+0.330
3302.576,31,16,+8.609,+0.401
3305.982,31,16,+8.868,+0.253
3309.592,31,16,+9.154,+0.216
3312.091,31,16,+9.382,+0.232
3314.53,31,16,+9.472,+0.229
3315.258,31,16,+9.473,+0.222
3318.633,31,16,+9.304,+0.162
3321.257,31,16,+9.056,+0.099
3323.46,31,15,+9.056,+0.099
3323.554,31,15,+8.955,+0.474
3328.819,31,15,+9.465,+0.574
3332.217,31,15,+9.694,+0.766
3336.148,31,15,+9.897,+0.772
3339.132,31,15,+9.975,+0.917
3343.429,31,15,+10.402,+0.901
3349.351,31,15,+10.566,+0.833
3355.117,31,15,+10.783,+0.768
3359.365,31,15,+10.865,+0.704
3364.417,31,15,+11.116,+0.646
3367.901,31,15,+11.228,+0.672
3371.433,31,15,+11.319,+0.670
3373.479,31,15,+11.324,+0.685
3381.901,31,15,+11.753,+0.612
3387.308,31,15,+11.991,+0.562
3390.583,31,15,+12.056,+0.517
3394.085,31,15,+12.113,+0.635
3396.482,31,15,+12.271,+0.710
3398.964,31,15,+12.398,+0.776
3399.667,31,15,+12.414,+0.794
3403.136,31,15,+12.337,+0.879
3405.855,31,15,+12.177,+0.938
3408.183,31,15,+12.131,+0.998
3413.308,31,15,+12.395,+0.721
3416.605,31,15,+12.600,+0.762
3420.605,31,15,+12.841,+0.780
3423.605,31,15,+12.921,+0.865
3427.949,31,15,+13.350,+0.795
3433.887,31,15,+13.515,+0.655
3439.73,31,15,+13.843,+0.620
3444.058,31,15,+13.992,+0.559
3449.168,31,15,+14.293,+0.517
3452.715,31,15,+14.507,+0.537
3456.324,31,15,+14.735,+0.551
3458.356,31,15,+14.745,+0.482
3466.903,31,15,+15.114,+0.545
3472.278,31,15,+15.364,+0.615
3475.621,31,15,+15.450,+0.624
3479.075,31,15,+15.601,+0.706
3481.496,31,15,+15.797,+0.753
3483.95,31,15,+15.902,+0.740
3484.623,31,15,+15.919,+0.740
3488.102,31,15,+15.851,+0.681
3490.805,31,15,+15.689,+0.570
3493.227,31,15,+15.721,+0.477
3498.505,31,15,+16.126,+0.553
3501.794,31,15,+16.279,+0.545
3505.807,31,15,+16.495,+0.628
3508.76,31,15,+16.536,+0.716
3513.01,31,15,+16.918,+0.782
3518.947,31,15,+16.991,+0.656
3524.729,31,15,+17.195,+0.652
3528.995,31,15,+17.251,+0.625
3534.042,31,15,+17.438,+0.606
3537.61,31,15,+17.621,+0.673
3541.162,31,15,+17.736,+0.616
3543.2,31,15,+17.752,+0.549
3551.605,31,15,+18.010,+0.668
3557.097,31,15,+18.194,+0.714
3560.433,31,15,+18.247,+0.744
3563.89,31,15,+18.382,+0.799
3566.364,31,15,+18.588,+0.865
3568.821,31,15,+18.720,+0.878
3569.541,31,15,+18.740,+0.882
3572.998,31,15,+18.688,+0.838
3575.733,31,15,+18.530,+0.728
3578.048,31,15,+18.511,+0.631
3583.341,31,15,+18.883,+0.691
3586.663,31,15,+18.984,+0.631
3590.731,31,15,+19.227,+0.715
3593.725,31,15,+19.293,+0.816
3598.039,31,15,+19.684,+0.951
3604.039,31,15,+19.802,+0.877
3609.905,31,15,+19.966,+0.946
3614.163,31,15,+20.045,+0.913
3619.326,31,15,+20.266,+0.920
3622.826,31,15,+20.411,+0.957
3626.357,31,15,+20.500,+0.878
3628.357,31,15,+20.527,+0.811
3636.801,31,15,+20.786,+0.914
3642.223,31,15,+20.957,+0.906
3645.551,31,15,+21.002,+0.946
3649.067,31,15,+21.159,+1.012
3651.501,31,15,+21.334,+1.033
3653.97,31,15,+21.448,+1.034
3654.663,31,15,+21.466,+1.036
3658.176,31,15,+21.424,+0.986
3660.9,31,15,+21.249,+0.877
3663.221,31,15,+21.209,+0.780
3668.522,31,15,+21.491,+0.830
3671.86,31,15,+21.603,+0.788
3675.985,31,15,+21.922,+0.901
3678.971,31,15,+22.069,+1.005
3683.283,31,15,+22.456,+1.160
3689.425,31,15,+22.726,+1.135
3695.25,31,15,+22.943,+1.228
3699.527,31,15,+23.068,+1.234
3704.652,31,15,+23.339,+1.197
3708.152,31,15,+23.508,+1.158
3711.761,31,15,+23.661,+1.091
3713.792,31,15,+23.655,+1.036
3722.214,31,15,+23.964,+1.162
3727.792,31,15,+24.180,+1.277
3731.152,31,15,+24.248,+1.314
3734.664,31,15,+24.349,+1.367
3737.062,31,15,+24.458,+1.364
3739.593,31,15,+24.605,+1.388
3740.296,31,15,+24.628,+1.393
3743.858,31,15,+24.647,+1.404
3746.718,31,15,+24.623,+1.415
3749.14,31,15,+24.675,+1.382
3754.327,31,15,+24.933,+1.366
3757.687,31,15,+25.105,+1.296
3761.789,31,15,+25.306,+1.370
3764.708,31,15,+25.404,+1.436
3768.964,31,15,+25.730,+1.408
3775.113,31,15,+25.981,+1.488
3780.94,31,15,+26.216,+1.573
3785.253,31,15,+26.322,+1.631
3790.456,31,15,+26.620,+1.607
3793.909,31,15,+26.760,+1.601
3797.55,31,15,+26.913,+1.578
3799.55,31,15,+26.851,+1.499
3807.967,31,15,+27.046,+1.552
3813.537,31,15,+27.253,+1.588
3816.927,31,15,+27.336,+1.593
3820.515,31,15,+27.486,+1.683
3822.924,31,15,+27.635,+1.679
3825.453,31,15,+27.773,+1.677
3826.125,31,15,+27.795,+1.679
3829.733,31,15,+27.820,+1.691
3832.57,31,15,+27.809,+1.704
3834.947,31,15,+27.810,+1.653
3840.15,31,15,+28.027,+1.635
3843.525,31,15,+28.183,+1.580
3847.624,31,15,+28.416,+1.638
3850.586,31,15,+28.520,+1.675
3854.831,31,15,+28.821,+1.654
3860.844,31,15,+28.879,+1.601
3866.688,31,15,+29.036,+1.681
3870.985,31,15,+29.173,+1.665
3876.163,31,15,+29.382,+1.640
3879.757,31,15,+29.558,+1.665
3883.382,31,15,+29.637,+1.599
3885.382,31,15,+29.561,+1.519
3893.829,31,15,+29.799,+1.541
3899.376,31,15,+29.905,+1.550
3902.735,31,15,+29.915,+1.544
3906.251,31,15,+30.035,+1.631
3908.673,31,15,+30.206,+1.668
3911.235,31,15,+30.301,+1.692
3911.923,31,15,+30.317,+1.698
3915.517,31,15,+30.334,+1.715
3918.345,31,15,+30.321,+1.728
3920.751,31,15,+30.355,+1.679
3926.066,31,15,+30.636,+1.709
3929.469,31,15,+30.791,+1.693
3933.603,31,15,+30.980,+1.682
3936.54,31,15,+31.058,+1.721
3940.784,31,15,+31.347,+1.724
3947.019,31,15,+31.462,+1.689
3952.825,31,15,+31.710,+1.805
3957.092,31,15,+31.813,+1.810
3962.311,31,15,+32.122,+1.800
3965.889,31,15,+32.347,+1.813
3969.508,31,15,+32.490,+1.740
3971.508,31,15,+32.441,+1.632
3980.024,31,15,+32.713,+1.795
3985.633,31,15,+32.907,+1.813
3988.992,31,15,+32.988,+1.858
3992.571,31,15,+33.178,+1.919
3995.039,31,15,+33.358,+1.951
3997.571,31,15,+33.442,+1.923
3998.274,31,15,+33.458,+1.921
4001.836,31,15,+33.477,+1.926
4004.693,31,15,+33.473,+1.947
4007.177,31,15,+33.574,+2.004
4012.458,31,15,+33.853,+1.956
4015.833,31,15,+33.999,+1.915
4019.958,31,15,+34.286,+1.940
4022.974,31,15,+34.413,+2.005
4027.208,31,15,+34.706,+1.996
4033.325,31,15,+34.812,+1.950
4039.271,31,15,+35.061,+2.106
4043.553,31,15,+35.182,+2.118
4048.771,31,15,+35.370,+2.109
4052.412,31,15,+35.650,+2.205
4056.099,31,15,+35.739,+2.157
4058.099,31,15,+35.725,+2.088
4066.615,31,15,+35.934,+2.173
4072.215,31,15,+36.104,+2.275
4075.606,31,15,+36.142,+2.299
4079.211,31,15,+36.311,+2.401
4081.708,31,15,+36.487,+2.447
4084.231,31,15,+36.590,+2.439
4084.917,31,15,+36.609,+2.441
4088.505,31,15,+36.632,+2.443
4091.376,31,15,+36.629,+2.463
4093.826,31,15,+36.699,+2.487
4099.088,31,15,+36.860,+2.446
4102.435,31,15,+36.954,+2.396
4106.536,31,15,+37.155,+2.410
4109.459,31,15,+37.252,+2.450
4113.741,31,15,+37.560,+2.404
4119.825,31,15,+37.599,+2.388
4125.781,31,15,+37.839,+2.499
4130.047,31,15,+37.903,+2.423
4135.297,31,15,+38.204,+2.489
4138.906,31,15,+38.373,+2.493
4142.506,31,15,+38.486,+2.407
4144.509,31,15,+38.464,+2.321
4153.119,31,15,+38.710,+2.435
4158.775,31,15,+38.897,+2.452
4162.197,31,15,+39.001,+2.454
4165.9,31,15,+39.338,+2.692
4168.347,31,15,+39.463,+2.702
4170.864,31,15,+39.537,+2.687
4171.563,31,15,+39.552,+2.689
4175.091,31,14,+39.552,+2.689
4175.169,31,14,+39.577,+2.701
4177.997,31,14,+39.579,+2.718
4180.434,31,14,+39.592,+2.726
4185.638,31,14,+39.730,+2.643
4188.981,31,14,+39.814,+2.541
4193.122,31,14,+40.064,+2.577
4196.075,31,14,+40.169,+2.634
4200.372,31,14,+40.460,+2.732
4206.466,31,14,+40.521,+2.638
4212.435,31,14,+40.740,+2.720
4216.669,31,14,+40.813,+2.684
4221.935,31,14,+41.016,+2.655
4225.575,31,14,+35.884,+2.705
4229.2,31,14,+36.026,+2.647
4231.216,31,14,+36.048,+2.584
4239.869,31,14,+36.551,+2.804
4245.486,31,14,+36.708,+2.830
4248.948,31,14,+36.826,+2.904
4252.626,31,14,+37.133,+3.077
4255.094,31,14,+37.324,+3.114
4257.627,31,14,+37.406,+3.123
4258.369,31,14,+38.871,+3.127
4261.826,31,13,+38.871,+3.127
4261.919,31,13,+37.429,+3.144
4264.806,31,13,+37.425,+3.160
4267.213,31,13,+37.466,+3.190
4272.478,31,13,+37.634,+3.121
4275.85,31,13,+37.767,+3.039
4279.993,31,13,+37.964,+3.072
4282.942,31,13,+37.971,+3.109
4287.207,31,13,+38.275,+3.131
4293.317,31,13,+38.403,+3.124
4299.255,31,13,+38.639,+3.238
4303.593,31,13,+38.719,+3.284
4308.917,31,13,+38.971,+3.329
4312.506,31,13,+39.204,+3.328
4316.188,31,13,+39.361,+3.305
4318.237,31,13,+39.393,+3.246
4326.941,31,13,+39.867,+3.519
4332.47,31,13,+40.077,+3.572
4335.864,31,13,+40.139,+3.621
4339.722,31,13,+40.604,+3.949
4346.054,31,14,+40.604,+3.949
4347.195,31,15,+40.604,+3.949
4356.417,31,16,+40.604,+3.949
4362.651,31,17,+40.604,+3.949
4364.526,31,18,+40.604,+3.949
4366.929,31,19,+40.604,+3.949
4375.651,31,19,+64.747,+5.764
4378.495,31,19,+65.198,+6.064
4383.986,31,19,+65.656,+6.298
4387.292,31,19,+65.750,+6.182
4391.151,31,19,+65.698,+5.881
4394.104,31,19,+65.739,+5.825
4398.26,31,19,+65.905,+5.624
4404.075,31,19,+58.103,+5.316
4409.729,31,19,+58.082,+5.011
4413.901,31,19,+58.063,+4.818
4418.948,31,19,+58.007,+4.521
4422.417,31,19,+58.104,+4.319
4425.948,31,19,+58.116,+4.115
4427.979,31,19,+58.119,+4.089
4436.271,31,19,+58.181,+3.784
4441.628,31,19,+58.083,+3.504
4444.891,31,19,+57.981,+3.248
4448.365,31,19,+57.993,+2.763
4450.755,31,19,+58.036,+2.763
4453.218,31,19,+58.033,+2.763
4453.895,31,18,+58.033,+2.763
4453.895,31,18,+62.381,+5.364
4457.486,31,18,+58.019,+5.364
4460.371,31,18,+57.995,+3.003
4462.756,31,18,+57.953,+2.344
4467.812,31,18,+57.917,+1.671
4471.155,31,18,+57.911,+1.585
4475.069,31,18,+57.847,+1.593
4478.007,31,18,+57.865,+1.677
4482.152,31,18,+58.005,+1.670
4488.101,31,18,+58.028,+1.640
4493.862,31,18,+58.092,+1.823
4498.081,31,18,+58.142,+1.835
4503.081,31,18,+58.113,+1.746
4506.571,31,18,+58.131,+1.730
4510.05,31,18,+58.089,+1.636
4512.077,31,18,+58.074,+1.584
4520.392,31,18,+58.051,+1.670
4525.721,31,18,+57.963,+1.722
4528.986,31,18,+57.925,+1.746
4532.486,31,18,+58.025,+1.756
4534.877,31,18,+58.106,+1.758
4537.346,31,18,+58.126,+1.767
4538.033,31,18,+58.122,+1.770
4541.512,31,17,+58.122,+1.770
4541.59,31,17,+58.089,+1.870
4544.433,31,17,+58.024,+1.994
4546.829,31,17,+57.951,+1.854
4551.947,31,17,+58.050,+1.507
4555.232,31,17,+57.998,+1.263
4559.119,31,17,+57.930,+0.974
4562.002,31,17,+57.895,+0.907
4566.187,31,17,+58.108,+0.773
4572.14,31,17,+54.772,+0.531
4577.996,31,17,+54.971,+0.504
4582.309,31,17,+55.121,+0.401
4587.492,31,17,+55.309,+0.398
4590.961,31,17,+55.481,+0.308
4594.613,31,17,+55.600,+0.180
4596.514,31,17,+55.559,+0.064
4604.959,31,16,+55.559,+0.064
4605.058,31,16,+55.902,+2.211
4610.465,31,16,+56.044,+2.359
4613.831,31,16,+56.060,+2.371
4617.209,31,16,+56.140,+2.384
4619.574,31,16,+56.268,+2.407
4622.009,31,16,+56.326,+2.355
4622.722,31,16,+56.337,+2.347
4626.273,31,16,+56.355,+2.324
4629.132,31,16,+56.365,+2.320
4631.558,31,16,+56.410,+2.319
4636.588,31,16,+56.513,+2.191
4639.874,31,16,+56.643,+2.162
4643.782,31,16,+56.748,+2.160
4646.735,31,16,+56.849,+2.225
4650.891,31,16,+57.102,+2.332
4656.852,31,16,+57.181,+2.238
4662.637,31,16,+57.423,+2.311
4666.903,31,16,+57.505,+2.278
4671.887,31,16,+57.664,+2.246
4675.368,31,16,+57.863,+2.253
4678.899,31,16,+58.006,+2.123
4680.968,31,16,+58.026,+2.081
4689.293,31,16,+58.207,+2.196
4694.652,31,16,+58.311,+2.167
4697.922,31,16,+58.332,+2.101
4701.391,31,16,+58.521,+2.172
4703.766,31,16,+58.681,+2.189
4706.219,31,16,+58.773,+2.137
4706.938,31,16,+58.790,+2.129
4710.485,31,16,+58.818,+2.109
4713.344,31,16,+58.827,+2.101
4715.735,31,16,+58.840,+2.061
4720.782,31,16,+58.939,+1.978
4724.063,31,16,+59.047,+1.882
4728.001,31,16,+59.222,+1.880
4730.922,31,16,+59.325,+1.928
4735.141,31,16,+59.585,+1.982
4741.094,31,16,+59.661,+1.969
4746.923,31,16,+59.847,+2.063
4751.094,31,16,+59.909,+2.083
4756.157,31,16,+59.997,+2.069
4759.641,31,16,+60.120,+2.064
4763.11,31,16,+60.238,+1.962
4765.11,31,16,+60.215,+1.893
4773.47,31,16,+60.414,+2.008
4778.923,31,16,+60.555,+2.153
4782.235,31,16,+60.587,+2.156
4785.673,31,16,+60.730,+2.220
4788.048,31,16,+60.885,+2.245
4790.522,31,16,+60.975,+2.237
4791.214,31,16,+60.991,+2.235
4794.702,31,15,+60.991,+2.235
4794.78,31,15,+61.016,+2.222
4797.639,31,15,+61.020,+2.213
4800.068,31,15,+61.047,+2.232
4805.176,31,15,+61.251,+2.290
4808.46,31,15,+61.376,+2.229
4812.421,31,15,+61.481,+2.272
4815.33,31,15,+61.554,+2.322
4819.492,31,15,+61.768,+2.316
4825.452,31,15,+61.798,+2.302
4831.233,31,15,+61.948,+2.379
4835.459,31,15,+62.003,+2.393
4840.589,31,15,+62.217,+2.396
4844.043,31,15,+62.354,+2.372
4847.699,31,15,+62.555,+2.386
4849.715,31,15,+62.536,+2.300
4858.074,31,15,+62.677,+2.397
4863.46,31,15,+62.674,+2.443
4866.904,31,15,+62.728,+2.444
4870.252,31,15,+62.835,+2.508
4872.627,31,15,+62.950,+2.517
4875.046,31,15,+63.036,+2.488
4875.749,31,15,+63.053,+2.482
4879.338,31,15,+63.084,+2.466
4882.179,31,15,+63.101,+2.462
4884.578,31,15,+63.139,+2.428
4889.76,31,15,+63.388,+2.413
4893.051,31,15,+63.516,+2.348
4897.008,31,15,+63.629,+2.424
4899.917,31,15,+63.727,+2.489
4904.054,31,15,+63.905,+2.507
4909.999,31,15,+63.954,+2.477
4915.843,31,15,+64.092,+2.536
4920.031,31,15,+64.118,+2.492
4925.213,31,15,+64.334,+2.553
4928.674,31,15,+64.497,+2.535
4932.237,31,15,+64.635,+2.510
4934.26,31,15,+64.609,+2.431
4942.661,31,15,+64.714,+2.570
4948.117,31,15,+64.811,+2.648
4951.412,31,15,+64.886,+2.675
4954.969,31,15,+65.078,+2.798
4957.323,31,15,+65.196,+2.822
4959.838,31,15,+65.307,+2.854
4960.532,31,15,+65.326,+2.858
4964.111,31,15,+65.375,+2.863
4966.987,31,15,+65.409,+2.865
4969.375,31,15,+65.460,+2.875
4974.474,31,15,+65.523,+2.793
4977.735,31,15,+65.603,+2.747
4981.735,31,15,+65.742,+2.777
4984.634,31,15,+65.810,+2.810
4988.737,31,15,+65.983,+2.810
4994.716,31,15,+66.053,+2.805
5000.581,31,15,+66.279,+2.894
5004.74,31,15,+66.281,+2.788
5009.834,31,15,+66.488,+2.778
5013.318,31,15,+66.627,+2.787
5016.904,31,15,+66.752,+2.703
5018.92,31,15,+66.744,+2.618
5027.338,31,15,+66.808,+2.773
5032.813,31,15,+66.968,+2.807
5036.134,31,15,+67.020,+2.808
5039.733,31,15,+67.270,+2.960
5042.115,31,15,+67.418,+3.004
5044.589,31,15,+67.515,+3.021
5045.275,31,15,+67.535,+3.024
5048.863,31,15,+67.586,+3.029
5051.738,31,15,+67.622,+3.033
5054.254,31,15,+67.661,+3.012
5059.254,31,15,+67.863,+2.966
5062.61,31,15,+68.017,+2.909
5066.535,31,15,+68.151,+2.931
5069.478,31,15,+68.224,+2.974
5073.551,31,15,+68.376,+3.053
5079.534,31,15,+68.409,+3.008
5085.441,31,15,+68.509,+3.116
5089.7,31,15,+68.524,+3.114
5094.814,31,15,+68.669,+3.160
5098.348,31,15,+68.828,+3.168
5101.935,31,15,+69.027,+3.131
5103.939,31,15,+69.012,+3.030
5112.323,31,15,+69.106,+3.070
5117.872,31,15,+69.265,+3.142
5121.233,31,15,+69.350,+3.140
5124.722,31,15,+69.553,+3.200
5127.118,31,15,+69.681,+3.201
5129.573,31,15,+69.771,+3.161
5130.257,31,15,+69.791,+3.158
5133.773,31,14,+69.791,+3.158
5133.852,31,14,+69.846,+3.150
5136.697,31,14,+69.883,+3.155
5139.098,31,14,+69.907,+3.134
5144.206,31,14,+69.994,+3.084
5147.512,31,14,+70.068,+3.008
5151.489,31,14,+70.239,+3.046
5154.376,31,14,+70.324,+3.081
5158.506,31,14,+70.492,+3.135
5164.515,31,14,+70.491,+3.136
5170.401,31,14,+70.623,+3.218
5174.646,31,14,+70.646,+3.265
5179.834,31,14,+70.836,+3.254
5183.34,31,14,+70.952,+3.286
5186.999,31,14,+71.085,+3.249
5188.964,31,14,+71.060,+3.182
5197.521,31,14,+71.211,+3.348
5203.063,31,14,+71.328,+3.524
5206.407,31,14,+71.347,+3.521
5209.892,31,14,+71.484,+3.579
5212.235,31,14,+71.573,+3.593
5214.706,31,14,+71.644,+3.562
5215.409,31,14,+71.662,+3.560
5218.972,31,14,+71.714,+3.558
5221.839,31,14,+71.747,+3.562
5224.173,31,15,+71.747,+3.562
5224.31,31,15,+71.809,+0.039
5229.746,31,15,+72.316,+0.357
5233.207,31,15,+72.596,+0.449
5237.287,31,15,+72.931,+0.594
5240.258,31,15,+73.079,+0.672
5244.573,31,15,+73.408,+0.906
5250.66,31,15,+73.525,+0.963
5256.512,31,15,+73.737,+1.089
5260.809,31,15,+73.787,+1.192
5266.048,31,15,+74.037,+1.223
5269.534,31,15,+74.206,+1.264
5273.224,31,15,+74.483,+1.368
5275.283,31,15,+74.507,+1.325
5283.737,31,15,+74.599,+1.472
5289.314,31,15,+74.740,+1.553
5292.653,31,15,+74.825,+1.659
5296.202,31,15,+75.035,+1.774
5298.578,31,15,+75.149,+1.808
5301.067,31,15,+75.205,+1.860
5301.764,31,15,+75.220,+1.870
5305.326,31,15,+75.274,+1.884
5308.235,31,15,+75.308,+1.891
5310.532,31,15,+75.291,+1.880
5315.697,31,15,+75.495,+2.033
5319.0,31,15,+75.622,+2.120
5323.0,31,15,+75.730,+2.116
5325.929,31,15,+75.825,+2.157
5330.087,31,15,+75.948,+2.312
5336.1,31,15,+75.974,+2.360
5341.986,31,15,+76.148,+2.475
5346.226,31,15,+76.192,+2.553
5351.478,31,15,+76.332,+2.595
5354.938,31,15,+76.515,+2.571
5358.539,31,15,+76.614,+2.564
5360.536,31,15,+76.648,+2.529
5369.064,31,15,+76.816,+2.625
5374.603,31,15,+76.989,+2.735
5378.003,31,15,+77.047,+2.813
5381.501,31,15,+77.251,+2.931
5383.9,31,15,+77.395,+2.986
5386.389,31,15,+77.505,+3.000
5387.156,31,15,+77.526,+3.003
5390.679,31,15,+77.585,+3.019
5393.422,31,16,+77.585,+3.019
5393.525,31,16,+77.621,+0.037
5396.14,31,16,+77.908,+0.231
5401.582,31,16,+78.343,+0.466
5404.967,31,16,+78.557,+0.510
5409.127,31,16,+78.892,+0.758
5412.104,31,16,+79.041,+0.904
5416.349,31,16,+79.312,+1.137
5422.408,31,16,+79.422,+1.252
5428.236,31,16,+79.503,+1.449
5432.481,31,16,+79.545,+1.507
5437.671,31,16,+79.723,+1.689
5441.27,31,16,+80.002,+1.788
5444.924,31,16,+80.177,+1.872
5446.955,31,16,+80.184,+1.869
5455.441,31,16,+80.317,+2.064
5461.018,31,16,+80.491,+2.203
5464.336,31,16,+80.536,+2.270
5467.862,31,16,+80.710,+2.416
5470.268,31,16,+80.858,+2.466
5472.811,31,16,+81.013,+2.580
5473.505,31,16,+81.041,+2.603
5477.088,31,16,+81.103,+2.667
5479.959,31,16,+81.132,+2.708
5482.381,31,16,+81.167,+2.742
5487.618,31,16,+81.313,+2.848
5490.949,31,16,+81.508,+2.885
5494.928,31,16,+81.654,+2.992
5497.859,31,16,+81.747,+3.112
5502.047,31,16,+81.945,+3.254
5508.1,31,16,+82.071,+3.362
5513.991,31,16,+82.252,+3.594
5518.219,31,16,+82.274,+3.665
5523.391,31,16,+82.388,+3.870
5527.063,31,16,+82.534,+3.804
5530.711,31,16,+82.879,+4.131
5533.274,31,16,1 L,+4.661
5542.012,31,16,1 L,+5.097
5547.582,31,16,1 L,+5.199
5550.961,31,16,1 L,+5.256
5554.488,31,16,1 L,+5.358
5556.974,31,16,1 L,+5.449
5559.498,31,16,1 L,+5.549
5560.184,31,16,1 L,+5.570
5563.715,31,16,1 L,+5.582
5566.44,31,16,1 L,+5.508
5568.783,31,16,1 L,+5.470
5573.982,31,16,1 L,+5.617
5577.377,31,16,1 L,+5.666
5581.385,31,16,1 L,+5.898
5584.363,31,16,1 L,+6.069
5588.602,31,16,1 L,+6.214
5595.342,31,16,1 L,+6.940
5601.366,31,16,1 L,+7.253
5605.662,31,16,1 L,+7.389
5610.916,31,16,1 L,+7.475
5614.544,31,16,1 L,+7.503
5618.227,31,16,1 L,+7.638
5620.212,31,16,1 L,+7.653
5628.752,31,16,1 L,+7.735
5634.402,31,16,1 L,+7.846
5637.883,31,16,1 L,+7.781
5641.469,31,16,1 L,+7.869
5643.898,31,16,1 L,+7.895
5646.513,31,16,1 L,+8.084
5647.361,31,16,1 L,+8.222
5651.186,31,16,1 L,+8.702
5654.045,31,16,1 L,+8.881
5656.486,31,16,1 L,+8.936
5661.769,31,16,1 L,+8.710
5665.213,31,16,1 L,+8.800
5669.283,31,16,1 L,+8.793
5672.224,31,16,1 L,+8.858
5676.674,31,16,1 L,+8.847
5682.658,31,16,1 L,+8.994
5688.613,31,16,1 L,+9.054
5692.852,31,16,1 L,+8.996
5698.086,31,16,1 L,+8.963
5701.674,31,16,1 L,+8.820
5705.362,31,16,1 L,+8.929
5707.409,31,16,1 L,+8.949
5715.831,31,16,1 L,+8.839
5721.436,31,16,1 L,+8.682
5724.799,31,16,1 L,+7.425
5728.362,31,16,1 L,+6.717
5730.768,31,16,1 L,+6.490
5734.002,31,16,1 L,+6.525
5737.508,31,15,1 L,+6.525
5737.584,31,15,1 L,+6.667
5740.515,31,15,1 L,+6.867
5743.15,31,16,1 L,+6.867
5743.446,31,16,1 L,+0.255
5748.806,31,16,1 L,+0.493
5752.212,31,16,1 L,+0.488
5756.29,31,16,1 L,+0.631
5759.184,31,16,1 L,+0.630
5763.542,31,16,1 L,+0.937
5769.574,31,16,1 L,+0.992
5775.461,31,16,1 L,+1.185
5779.684,31,16,1 L,+1.235
5784.868,31,16,1 L,+1.309
5788.384,31,16,1 L,+1.421
5791.999,31,16,1 L,+1.438
5794.022,31,16,1 L,+1.492
5802.487,31,16,1 L,+1.630
5808.034,31,16,1 L,+1.746
5811.384,31,16,1 L,+1.779
5814.97,31,16,1 L,+1.938
5817.404,31,16,1 L,+2.061
5819.882,31,16,1 L,+2.077
5820.585,31,16,1 L,+2.078
5824.08,31,15,1 L,+2.078
5824.144,31,15,1 L,+2.072
5827.022,31,15,1 L,+2.064
5829.409,31,15,1 L,+2.046
5834.538,31,15,1 L,+2.174
5837.897,31,15,1 L,+2.212
5841.913,31,15,1 L,+2.311
5844.819,31,15,1 L,+2.333
5848.991,31,15,1 L,+2.469
5855.054,31,15,1 L,+2.551
5860.945,31,15,1 L,+2.660
5865.179,31,15,1 L,+2.705
5870.523,31,15,1 L,+2.941
5874.07,31,15,1 L,+2.995
5877.71,31,15,1 L,+3.068
5880.07,31,15,1 L,+3.467
5889.007,31,15,1 L,+3.962
5894.632,31,15,1 L,+4.140
5898.054,31,15,1 L,+4.189
5901.664,31,15,1 L,+4.371
5904.117,31,15,1 L,+4.523
5906.679,31,15,1 L,+4.535
5907.445,31,15,1 L,+4.533
5910.961,31,15,1 L,+4.522
5913.971,31,15,1 L,+4.681
5917.032,31,15,1 L,+5.359
5922.438,31,15,1 L,+5.672
5925.787,31,15,1 L,+5.721
5929.916,31,15,1 L,+5.880
5932.788,31,15,1 L,+5.895
5937.195,31,15,1 L,+6.185
5943.242,31,15,1 L,+6.378
5949.148,31,15,1 L,+6.425
5953.382,31,15,1 L,+6.442
5958.57,31,15,1 L,+6.528
5962.132,31,15,1 L,+6.648
5965.82,31,15,1 L,+6.786
5967.82,31,15,1 L,+6.546
5976.326,31,15,1 L,+6.116
5982.07,31,15,1 L,+6.236
5985.352,31,15,1 L,+6.297
5988.983,31,15,1 L,+6.367
5991.358,31,15,1 L,+6.456
5993.905,31,15,1 L,+6.502
5994.608,31,15,1 L,+6.510
5998.187,31,15,1 L,+6.539
6001.015,31,15,1 L,+6.563
6003.435,31,15,1 L,+6.592
6008.674,31,15,1 L,+6.738
6012.019,31,15,1 L,+6.752
6016.096,31,15,1 L,+6.863
6019.017,31,15,1 L,+6.888
6023.365,31,15,1 L,+7.075
6029.286,31,15,1 L,+7.042
6035.277,31,15,1 L,+7.236
6039.496,31,15,1 L,+7.247
6044.636,31,15,1 L,+7.311
6048.183,31,15,1 L,+7.390
6051.84,31,15,1 L,+7.469
6053.846,31,15,1 L,+7.512
6062.34,31,15,1 L,+7.458
6067.964,31,15,1 L,+7.621
6071.339,31,15,1 L,+7.639
6074.885,31,15,1 L,+9.081
6080.511,31,15,1 L,+5.645
6083.995,31,14,1 L,+5.645
6084.073,31,14,1 L,+7.978
6086.948,31,14,1 L,+7.987
6089.357,31,14,1 L,+8.036
6094.625,31,14,1 L,+8.271
6097.917,31,14,1 L,+8.276
6102.075,31,14,1 L,+8.425
6105.014,31,14,1 L,+8.457
6109.235,31,14,1 L,+8.559
6115.205,31,14,1 L,+8.671
6121.151,31,14,1 L,+8.914
6125.411,31,14,1 L,+9.009
6130.65,31,14,1 L,+9.156
6134.182,31,14,1 L,+9.247
6138.071,31,14,1 L,+9.550
6140.46,31,14,1 L,+9.993
6149.218,31,14,1 L,+10.350
6154.897,31,14,1 L,+10.454
6158.241,31,14,1 L,+10.432
6161.937,31,14,1 L,+10.713
6169.438,31,15,1 L,+10.713
6182.138,31,16,1 L,+10.713
6200.825,31,16,1 L,+15.740
6203.606,31,16,1 L,+16.155
6209.031,31,16,1 L,+16.447
6212.188,31,16,1 L,+16.322
6216.056,31,16,1 L,+16.242
6218.983,31,16,1 L,+16.296
6223.004,31,16,1 L,+16.359
6228.748,31,16,1 L,+16.180
6234.38,31,16,1 L,+16.143
6238.575,31,16,1 L,+16.220
6243.637,31,16,1 L,+16.230
6247.14,31,16,1 L,+16.182
6250.624,31,16,1 L,+16.115
6252.601,31,16,1 L,+16.059
6260.695,31,16,1 L,+15.903
6265.933,31,16,1 L,+15.793
6269.133,31,16,1 L,+15.715
6272.649,31,16,1 L,+15.755
6274.999,31,16,1 L,+15.775
6277.467,31,16,1 L,+15.805
6278.138,31,16,1 L,+15.810
6281.694,31,16,1 L,+15.832
6284.586,31,16,1 L,+15.852
6287.026,31,16,1 L,+15.864
6291.873,31,16,1 L,+15.780
6295.123,31,16,1 L,+15.700
6298.967,31,16,1 L,+15.604
6301.857,31,16,1 L,+15.619
6305.936,31,16,1 L,+15.698
6311.717,31,16,1 L,+15.562
6317.404,31,16,1 L,+15.515
6321.561,31,16,1 L,+15.560
6326.576,31,16,1 L,+15.448
6330.014,31,16,1 L,+15.361
6333.545,31,16,1 L,+15.355
6335.592,31,16,1 L,+15.349
6343.775,31,16,1 L,+15.273
6349.068,31,16,1 L,+15.254
6352.327,31,16,1 L,+15.142
6355.738,31,16,1 L,+15.134
6358.123,31,16,1 L,+15.128
6360.561,31,16,1 L,+15.133
6361.264,31,16,1 L,+15.135
6364.82,31,16,1 L,+15.147
6367.684,31,16,1 L,+15.160
6370.09,31,16,1 L,+15.166
6375.059,31,16,1 L,+15.099
6378.293,31,16,1 L,+15.057
6382.152,31,16,1 L,+15.004
6385.074,31,16,1 L,+15.032
6389.082,31,16,1 L,+15.127
6394.914,31,16,1 L,+15.016
6400.655,31,16,1 L,+14.945
6404.749,31,16,1 L,+14.922
6409.784,31,16,1 L,+14.821
6413.218,31,16,1 L,+14.762
6416.718,31,16,1 L,+14.754
6418.733,31,16,1 L,+14.735
6427.069,31,16,1 L,+14.741
6432.297,31,16,1 L,+14.659
6435.578,31,16,1 L,+14.654
6439.016,31,16,1 L,+14.748
6441.36,31,16,1 L,+14.774
6443.797,31,16,1 L,+14.812
6444.485,31,16,1 L,+14.821
6448.063,31,16,1 L,+14.850
6450.938,31,16,1 L,+14.875
6453.36,31,16,1 L,+14.896
6458.328,31,16,1 L,+14.800
6461.594,31,16,1 L,+14.726
6465.485,31,16,1 L,+14.619
6468.391,31,16,1 L,+14.665
6472.489,31,16,1 L,+14.709
6478.344,31,16,1 L,+14.515
6484.047,31,16,1 L,+14.382
6488.219,31,16,1 L,+14.395
6493.271,31,16,1 L,+14.262
6496.697,31,16,1 L,+14.211
6500.229,31,16,1 L,+14.144
6502.239,31,16,1 L,+14.137
6510.416,31,16,1 L,+14.050
6515.733,31,16,1 L,+13.991
6519.045,31,16,1 L,+14.017
6522.466,31,16,1 L,+14.024
6524.769,31,16,1 L,+14.023
6527.219,31,16,1 L,+14.041
6527.922,31,16,1 L,+14.047
6531.437,31,16,1 L,+14.082
6534.344,31,16,1 L,+14.135
6536.703,31,16,1 L,+14.162
6541.625,31,16,1 L,+14.012
6544.857,31,16,1 L,+13.913
6548.717,31,16,1 L,+13.672
6551.628,31,16,1 L,+13.398
6555.748,31,16,1 L,+13.187
6565.291,31,16,1 L,+16.641
6571.909,31,16,1 L,+17.425
6578.38,31,16,1 L,+19.760
6584.728,31,16,1 L,+18.135
6590.104,31,16,1 L,+17.265
6595.423,31,16,1 L,+17.340
6598.076,31,16,1 L,+17.570
6607.478,31,16,1 L,+17.921
6613.439,31,16,1 L,+18.195
6617.482,31,16,1 L,+33.181
6622.113,31,16,1 L,+33.473
6629.092,31,16,1 L,+17.268
6637.834,31,16,1 L,+12.834
6641.139,31,16,1 L,+13.061
6646.959,31,16,1 L,+12.273
6650.987,31,16,1 L,+12.311
6655.848,31,16,1 L,+12.540
6659.582,31,16,1 L,+12.659
6664.616,31,16,1 L,+13.247
6671.849,31,16,1 L,+12.072
6678.461,31,16,1 L,+12.388
6684.586,31,16,1 L,+11.618
6690.916,31,16,1 L,+11.209
6696.099,31,16,1 L,+11.189
6700.255,31,16,1 L,+10.232
6702.43,31,16,1 L,+9.992
6711.291,31,16,1 L,+10.244
6716.686,31,16,1 L,+10.061
6719.952,31,16,1 L,+9.316
6723.358,31,16,1 L,+9.050
6725.687,31,16,+173.153,+9.024
6728.124,31,16,+173.206,+8.998
6728.839,31,16,1 L,+9.002
6732.388,31,16,+173.064,+9.115
6735.271,31,16,1 L,+9.285
6737.651,31,16,1 L,+9.327
6742.562,31,16,1 L,+9.251
6745.78,31,16,1 L,+9.107
6749.609,31,16,1 L,+9.074
6752.515,31,16,1 L,+9.103
6756.515,31,16,1 L,+9.158
6762.39,31,16,1 L,+9.184
6768.171,31,16,1 L,+9.347
6772.343,31,16,1 L,+9.330
6777.375,31,16,1 L,+9.406
6780.859,31,16,1 L,+9.480
6784.39,31,16,1 L,+9.435
6786.406,31,16,1 L,+9.491
6794.593,31,16,1 L,+9.549
6799.897,31,16,1 L,+9.586
6803.229,31,16,1 L,+9.629
6806.619,31,16,1 L,+9.612
6808.885,31,16,1 L,+9.678
6811.338,31,16,1 L,+9.723
6812.041,31,16,1 L,+9.733
6815.589,31,16,1 L,+9.778
6818.487,31,16,1 L,+9.814
6820.878,31,16,1 L,+9.819
6825.847,31,16,1 L,+9.850
6829.079,31,16,1 L,+9.811
6832.958,31,16,1 L,+9.841
6835.879,31,16,1 L,+9.876
6839.88,31,16,1 L,+9.975
6845.761,31,16,1 L,+10.004
6851.449,31,16,1 L,+10.078
6855.609,31,16,1 L,+10.043
6860.635,31,16,1 L,+10.104
6864.006,31,16,1 L,+10.089
6867.521,31,16,1 L,+10.147
6869.553,31,16,1 L,+10.197
6877.803,31,16,1 L,+10.240
6883.131,31,16,1 L,+10.261
6886.428,31,16,1 L,+10.235
6889.84,31,16,1 L,+10.248
6892.131,31,16,1 L,+10.273
6894.553,31,16,1 L,+10.292
6895.24,31,16,1 L,+10.298
6898.819,31,16,1 L,+10.338
6901.709,31,16,1 L,+10.387
6904.053,31,16,1 L,+10.395
6909.037,31,16,1 L,+10.410
6912.29,31,16,1 L,+10.424
6916.133,31,16,1 L,+10.454
6919.035,31,16,1 L,+10.514
6923.069,31,16,1 L,+10.596
6928.913,31,16,1 L,+10.645
6934.679,31,16,1 L,+10.716
6938.835,31,16,1 L,+10.738
6943.835,31,16,1 L,+10.764
6947.226,31,16,1 L,+10.740
6950.71,31,16,1 L,+10.759
6952.663,31,16,1 L,+10.772
6960.857,31,16,1 L,+10.806
6966.218,31,16,1 L,+10.807
6969.501,31,16,1 L,+10.837
6972.894,31,16,1 L,+10.869
6975.195,31,16,1 L,+10.903
6977.632,31,16,1 L,+10.926
6978.309,31,16,1 L,+10.934
6981.857,31,16,1 L,+10.986
6984.753,31,16,1 L,+11.041
6987.152,31,16,1 L,+11.074
6992.181,31,16,1 L,+11.146
6995.415,31,16,1 L,+11.134
6999.285,31,16,1 L,+11.148
7002.192,31,16,1 L,+11.201
7006.286,31,16,1 L,+11.286
7012.189,31,16,1 L,+11.280
7017.881,31,16,1 L,+11.362
7022.048,31,16,1 L,+11.401
7027.142,31,16,1 L,+11.495
7030.548,31,16,1 L,+11.465
7034.127,31,16,1 L,+11.529
7036.158,31,16,1 L,+11.546
7044.33,31,16,1 L,+11.514
7049.737,31,16,1 L,+11.561
7053.059,31,16,1 L,+11.552
7056.477,31,16,1 L,+11.641
7058.82,31,16,1 L,+11.725
7061.274,31,16,1 L,+11.750
7061.961,31,16,1 L,+11.758
7065.533,31,16,1 L,+11.801
7068.416,31,16,1 L,+11.846
7070.782,31,16,1 L,+11.874
7075.781,31,16,1 L,+11.860
7078.979,31,16,1 L,+11.825
7082.873,31,16,1 L,+11.847
7085.768,31,16,1 L,+11.885
7089.814,31,16,1 L,+12.031
7095.736,31,16,1 L,+12.071
7101.517,31,16,1 L,+12.283
7105.689,31,16,1 L,+12.275
7110.783,31,16,1 L,+12.331
7114.22,31,16,1 L,+12.285
7117.736,31,16,1 L,+12.263
7119.736,31,16,1 L,+12.284
7127.97,31,16,1 L,+12.209
7133.452,31,16,1 L,+12.271
7136.749,31,16,1 L,+12.311
7140.202,31,16,1 L,+12.448
7142.546,31,16,1 L,+12.503
7144.952,31,16,1 L,+12.519
7145.624,31,16,1 L,+12.526
7149.182,31,16,1 L,+12.574
7152.064,31,16,1 L,+12.631
7154.426,31,16,1 L,+12.628
7159.441,31,16,1 L,+12.655
7162.64,31,16,1 L,+12.565
7166.548,31,16,1 L,+12.637
7169.452,31,16,1 L,+12.690
7173.586,31,16,1 L,+12.834
7179.503,31,16,1 L,+12.778
7185.221,31,16,1 L,+12.816
7189.424,31,16,1 L,+12.832
7194.471,31,16,1 L,+12.847
7197.987,31,16,1 L,+12.892
7201.628,31,16,1 L,+13.008
7204.69,31,16,1 L,+13.817
7213.097,31,16,1 L,+14.249
7218.909,31,16,1 L,+14.333
7222.003,31,16,1 L,+14.460
7225.44,31,16,1 L,+14.546
7227.8,31,16,1 L,+14.593
7230.315,31,16,1 L,+14.627
7231.015,31,16,1 L,+14.635
7234.444,31,16,1 L,+14.681
7237.196,31,16,1 L,+14.709
7239.493,31,16,1 L,+14.683
7244.571,31,16,1 L,+14.637
7247.899,31,16,1 L,+14.644
7251.852,31,16,1 L,+14.731
7254.775,31,16,1 L,+14.782
7258.868,31,16,1 L,+14.772
7264.852,31,16,1 L,+14.759
7270.613,31,16,1 L,+14.731
7274.754,31,16,1 L,+14.639
7279.861,31,16,1 L,+14.626
7283.308,31,16,1 L,+14.600
7286.824,31,16,1 L,+14.553
7288.793,31,16,1 L,+14.527
7297.169,31,16,1 L,+14.563
7302.653,31,16,1 L,+14.598
7305.934,31,16,1 L,+14.665
7309.499,31,16,1 L,+15.068
7311.735,31,16,1 L,+15.032
7314.222,31,16,1 L,+15.023
7314.925,31,16,1 L,+14.727
7318.519,31,16,1 L,+15.043
7321.347,31,16,1 L,+15.084
7323.722,31,16,1 L,+15.101
7328.754,31,16,1 L,+14.690
7331.91,31,16,1 L,+14.332
7335.832,31,16,1 L,+14.131
7342.972,31,16,1 L,+14.181
7348.848,31,16,1 L,+13.980
7354.583,31,16,1 L,+13.896
7358.759,31,16,1 L,+13.894
7363.838,31,16,1 L,+13.847
7367.338,31,16,1 L,+13.802
7370.838,31,16,1 L,+13.765
7372.791,31,16,1 L,+13.714
7381.072,31,16,1 L,+13.434
7386.583,31,16,1 L,+13.412
7389.936,31,16,1 L,+13.430
7393.379,31,16,1 L,+13.439
7395.646,31,16,1 L,+13.367
7398.145,31,16,1 L,+13.405
7398.84,31,16,1 L,+13.423
7402.382,31,16,1 L,+13.489
7405.298,31,16,1 L,+13.561
7407.636,31,16,1 L,+13.514
7412.727,31,16,1 L,+13.428
7415.914,31,16,1 L,+13.346
7419.821,31,16,1 L,+13.208
7422.704,31,16,1 L,+13.221
7426.86,31,16,1 L,+13.227
7432.66,31,16,1 L,+13.101
7438.402,31,16,1 L,+13.029
7442.567,31,16,1 L,+13.041
7447.607,31,16,1 L,+12.909
7451.126,31,16,1 L,+12.879
7454.741,31,16,1 L,+12.808
7456.722,31,16,1 L,+12.768
7465.012,31,16,1 L,+12.521
7470.394,31,16,1 L,+12.556
7473.767,31,16,1 L,+12.608
7477.198,31,16,1 L,+12.637
7479.498,31,16,1 L,+12.605
7481.956,31,16,1 L,+12.644
7482.661,31,16,1 L,+12.656
7486.192,31,16,1 L,+12.703
7489.067,31,16,1 L,+12.767
7491.478,31,16,1 L,+12.755
7496.558,31,16,1 L,+12.684
7499.829,31,16,1 L,+12.601
7503.803,31,16,1 L,+12.605
7506.858,31,16,1 L,+12.671
7510.794,31,16,1 L,+12.852
7516.814,31,16,1 L,+12.890
7522.636,31,16,1 L,+12.885
7526.877,31,16,1 L,+12.926
7531.933,31,16,1 L,+12.919
7535.445,31,16,1 L,+12.909
7539.059,31,16,1 L,+12.934
7541.039,31,16,1 L,+12.902
7549.339,31,16,1 L,+12.881
7554.846,31,16,1 L,+12.841
7558.178,31,16,1 L,+12.872
7561.587,31,16,1 L,+12.891
7563.926,31,16,1 L,+12.880
7566.356,31,16,1 L,+12.929
7567.127,31,16,1 L,+12.941
7570.658,31,16,1 L,+12.998
7573.517,31,16,1 L,+13.059
7575.939,31,16,1 L,+13.080
7580.986,31,16,1 L,+13.045
7584.261,31,16,1 L,+13.026
7588.217,31,16,1 L,+13.020
7591.101,31,16,1 L,+13.069
7595.257,31,16,1 L,+13.220
7601.22,31,16,1 L,+13.181
7607.048,31,16,1 L,+13.210
7611.192,31,16,1 L,+13.230
7616.305,31,16,1 L,+13.218
7619.821,31,16,1 L,+13.210
7623.415,31,16,1 L,+13.212
7625.399,31,16,1 L,+13.177
7633.805,31,16,1 L,+13.312
7639.399,31,16,1 L,+13.437
7642.759,31,16,1 L,+13.511
7646.212,31,16,1 L,+13.583
7648.579,31,16,1 L,+13.618
7651.015,31,16,1 L,+13.600
7651.718,31,16,1 L,+13.604
7655.281,31,16,1 L,+13.649
7658.156,31,16,1 L,+13.715
7660.718,31,16,1 L,+13.761
7665.702,31,16,1 L,+13.771
7668.984,31,16,1 L,+13.811
7672.994,31,16,1 L,+13.816
7675.941,31,16,1 L,+13.872
7680.023,31,16,1 L,+13.983
7686.685,31,16,2 L,+14.581
7692.464,31,16,2 L,+14.613
7696.652,31,16,2 L,+14.653
7701.824,31,16,2 L,+14.696
7705.336,31,16,2 L,+14.703
7708.962,31,16,2 L,+14.725
7710.915,31,16,2 L,+14.690
7719.337,31,16,2 L,+14.697
7724.899,31,16,2 L,+14.771
7728.352,31,16,2 L,+14.924
7731.868,31,16,2 L,+15.089
7734.227,31,16,2 L,+15.141
7736.712,31,16,2 L,+15.206
7737.446,31,16,2 L,+15.220
7740.981,31,16,2 L,+15.270
7743.84,31,16,2 L,+15.321
7751.387,31,16,2 L,+15.371
7754.762,31,16,2 L,+15.452
7758.794,31,16,2 L,+15.301
7761.669,31,16,2 L,+15.331
7765.778,31,16,2 L,+15.437
7771.731,31,16,2 L,+15.315
7777.575,31,16,2 L,+15.286
7781.747,31,16,2 L,+15.368
7786.963,31,16,2 L,+15.358
7790.427,31,16,2 L,+15.356
7794.052,31,16,2 L,+15.404
7796.052,31,16,2 L,+15.382
7804.442,31,16,2 L,+15.466
7810.067,31,16,2 L,+15.501
7813.396,31,16,2 L,+15.503
7816.864,31,16,2 L,+15.435
7822.411,31,16,2 L,+11.842
7825.863,31,15,2 L,+11.842
7826.066,31,15,2 L,+17.321
7828.816,31,15,2 L,+17.352
7831.16,31,15,2 L,+17.286
7836.254,31,15,2 L,+17.238
7839.582,31,15,2 L,+17.167
7843.586,31,15,2 L,+17.191
7846.479,31,15,2 L,+17.209
7850.603,31,15,2 L,+17.284
7856.65,31,15,2 L,+17.385
7862.516,31,15,2 L,+17.438
7866.758,31,15,2 L,+17.446
7871.804,31,15,2 L,+17.431
7875.304,31,15,2 L,+17.423
7878.945,31,15,2 L,+17.443
7880.898,31,15,2 L,+17.456
7889.304,31,15,2 L,+17.477
7894.861,31,15,2 L,+17.554
7898.259,31,15,2 L,+17.569
7901.735,31,15,2 L,+17.622
7906.579,31,15,2 L,+17.609
7907.345,31,15,2 L,+17.610
7910.814,31,15,2 L,+17.638
7913.673,31,15,2 L,+17.675
7916.127,31,15,2 L,+17.691
7921.238,31,15,2 L,+17.714
7924.479,31,15,2 L,+17.562
7928.55,31,15,2 L,+17.658
7931.816,31,15,2 L,+18.084
7936.457,31,15,2 L,+18.625
7943.347,31,15,2 L,+19.597
7949.254,31,15,2 L,+19.804
7953.535,31,15,2 L,+19.805
7958.77,31,15,2 L,+19.886
7962.426,31,15,2 L,+19.921
7966.16,31,15,2 L,+20.118
7968.66,31,15,2 L,+20.676
7977.379,31,15,2 L,+21.353
7982.957,31,15,2 L,+21.460
7986.504,31,15,2 L,+21.573
7990.002,31,15,2 L,+21.550
7995.667,31,15,2 L,+18.226
8001.939,31,14,2 L,+18.226
8002.028,31,14,2 L,+21.432
8004.403,31,14,2 L,+20.625
8009.633,31,14,2 L,+19.571
8012.946,31,14,2 L,+19.457
8016.993,31,14,2 L,+19.493
8019.883,31,14,2 L,+19.465
8024.055,31,14,2 L,+19.376
8030.059,31,14,2 L,+18.979
8035.983,31,14,2 L,+18.996
8040.155,31,14,2 L,+18.919
8045.28,31,14,2 L,+18.879
8048.805,31,14,2 L,+18.817
8052.363,31,14,2 L,+18.717
8054.309,31,14,2 L,+18.682
8062.716,31,14,2 L,+18.567
8068.278,31,14,2 L,+18.602
8071.512,31,15,2 L,+18.602
8071.872,31,15,2 L,+0.282
8075.481,31,15,2 L,+0.526
8077.919,31,15,2 L,+0.757
8080.45,31,15,2 L,+0.919
8081.169,31,15,2 L,+0.940
8084.606,31,15,2 L,+0.905
8087.341,31,15,2 L,+0.791
8089.622,31,16,2 L,+0.791
8089.731,31,16,2 L,+0.023
8095.263,31,16,2 L,+0.330
8098.716,31,16,2 L,+0.459
8102.872,31,16,2 L,+0.834
8105.81,31,16,2 L,+0.964
8110.028,31,16,2 L,+1.260
8116.138,31,16,2 L,+1.590
8122.013,31,16,2 L,+1.797
8126.22,31,16,2 L,+1.828
8131.431,31,16,2 L,+1.980
8135.01,31,16,2 L,+2.151
8138.603,31,16,2 L,+2.288
8140.572,31,16,2 L,+2.223
8149.009,31,16,2 L,+2.523
8154.634,31,16,2 L,+2.952
8158.088,31,16,2 L,+3.257
8161.744,31,16,2 L,+3.606
8164.166,31,16,2 L,+3.790
8166.775,31,16,2 L,+3.890
8167.416,31,16,2 L,+3.907
8170.964,31,16,2 L,+3.958
8173.808,31,16,2 L,+3.994
8176.215,31,16,2 L,+4.058
8181.454,31,16,2 L,+4.362
8184.838,31,16,2 L,+4.522
8189.025,31,16,2 L,+4.985
8191.979,31,16,2 L,+5.082
8196.104,31,16,2 L,+5.306
8202.229,31,16,2 L,+5.686
8208.05,31,16,2 L,+5.828
8212.24,31,16,2 L,+5.871
8217.434,31,16,2 L,+5.939
8220.989,31,16,2 L,+6.110
8224.642,31,16,2 L,+6.266
8226.652,31,16,2 L,+6.227
8235.17,31,16,2 L,+6.629
8240.96,31,16,2 L,+7.153
8244.49,31,16,2 L,+7.558
8248.273,31,16,2 L,+8.093
8283.534,31,16,2 L,+31.625
8286.245,31,16,2 L,+32.021
8291.636,31,16,2 L,+32.425
8294.823,31,16,2 L,+32.384
8298.636,31,16,2 L,+32.386
8301.464,31,16,2 L,+32.412
8305.423,31,16,2 L,+32.434
8311.183,31,16,2 L,+32.441
8316.683,31,16,2 L,+32.291
8320.745,31,16,2 L,+32.200
8325.667,31,16,2 L,+32.054
8329.089,31,16,2 L,+32.106
8332.573,31,16,2 L,+32.107
8334.542,31,16,2 L,+32.067
8342.761,31,16,2 L,+32.140
8348.167,31,16,2 L,+32.215
8351.433,31,16,2 L,+32.325
8354.887,31,16,2 L,+32.459
8357.162,31,16,2 L,+32.449
8359.524,31,16,2 L,+32.403
8360.211,31,16,2 L,+32.401
8363.727,31,16,2 L,+32.425
8366.601,31,16,2 L,+32.448
8368.929,31,16,2 L,+31.799
8373.812,31,16,2 L,+31.295
8376.937,31,16,2 L,+31.126
8380.577,31,16,2 L,+30.965
8383.437,31,16,2 L,+30.951
8387.452,31,16,2 L,+30.923
8393.463,31,16,2 L,+31.040
8399.355,31,16,2 L,+31.273
8403.715,31,16,2 L,+31.511
8410.808,31,16,2 L,+46.425
8417.324,31,16,2 L,+49.446
8422.28,31,16,2 L,+50.802
8425.155,31,16,2 L,+51.664
8434.187,31,16,2 L,+49.532
8439.842,31,16,2 L,+42.667
8444.202,31,16,2 L,+42.050
8449.249,31,16,2 L,+42.485
8456.421,31,16,2 L,+37.669
8461.124,31,15,2 L,+37.669
8461.202,31,15,2 L,+36.864
8465.312,31,15,2 L,+35.836
8468.625,31,15,2 L,+35.355
8474.344,31,15,2 L,+35.309
8478.484,31,15,2 L,+35.464
8483.595,31,15,2 L,+36.012
8487.453,31,15,2 L,+36.153
8492.421,31,15,2 L,+36.692
8500.206,31,15,2 L,+37.767
8508.048,31,15,2 L,+36.145
8514.548,31,15,2 L,+35.724
8519.866,31,15,2 L,+34.966
8523.888,31,15,2 L,+35.200
8528.34,31,15,2 L,+35.947
8530.731,31,15,2 L,+36.113
8540.403,31,15,2 L,+37.461
8546.731,31,15,2 L,+38.415
8551.278,31,15,2 L,+39.519
8556.403,31,15,2 L,+40.641
8559.548,31,15,2 L,+41.173
8562.775,31,15,2 L,+41.293
8563.775,31,15,2 L,+41.336
8568.9,31,15,2 L,+41.268
8573.367,31,15,2 L,+41.098
8576.668,31,15,2 L,+40.187
8582.301,31,15,2 L,+248.404
8586.113,31,15,2 L,+249.139
8590.942,31,15,2 L,+250.061
8594.676,31,15,2 L,+250.923
8599.567,31,15,2 L,+251.980
8607.239,31,15,2 L,+253.800
8615.411,31,15,2 L,+253.493
8621.313,31,14,2 L,+253.493
8621.391,31,14,2 L,+40.383
8627.532,31,14,2 L,+40.946
8631.547,31,14,2 L,+41.318
8635.313,31,14,2 L,+206.521
8637.532,31,14,2 L,+205.070
8646.219,31,14,2 L,+203.720
8651.719,31,14,2 L,+203.162
8654.938,31,14,2 L,+201.768
8658.422,31,14,2 L,+198.474
8663.851,31,14,2 L,+33.786
8667.351,31,13,2 L,+33.786
8667.413,31,13,2 L,+32.857
8670.207,31,13,2 L,+32.684
8672.547,31,13,2 L,+31.897
8677.389,31,13,2 L,+31.572
8680.489,31,13,2 L,+31.357
8684.231,31,13,2 L,+31.240
8687.075,31,13,2 L,+31.297
8691.075,31,13,2 L,+31.187
8696.747,31,13,2 L,+31.044
8702.419,31,13,2 L,+30.970
8706.481,31,13,2 L,+30.893
8711.465,31,13,2 L,+30.730
8714.802,31,13,2 L,+30.654
8718.177,31,13,2 L,+30.570
8720.177,31,13,2 L,+30.601
8728.38,31,13,2 L,+30.639
8733.517,31,13,2 L,+30.496
8736.722,31,13,2 L,+30.599
8740.048,31,13,2 L,+30.659
8742.345,31,13,2 L,+30.638
8744.798,31,13,2 L,+30.628
8745.486,31,13,2 L,+30.622
8748.861,31,13,2 L,+30.606
8751.627,31,13,2 L,+30.614
8754.033,31,13,2 L,+30.785
8759.07,31,13,2 L,+30.590
8762.366,31,13,2 L,+30.551
8766.246,31,13,2 L,+30.653
8769.151,31,13,2 L,+30.720
8773.208,31,13,2 L,+30.711
8779.076,31,13,2 L,+30.666
8784.79,31,13,2 L,+30.770
8788.915,31,13,2 L,+30.716
8793.915,31,13,2 L,+30.700
8797.337,31,13,2 L,+30.718
8800.774,31,13,2 L,+30.751
8802.774,31,13,2 L,+30.705
8811.181,31,13,2 L,+31.011
8816.415,31,13,2 L,+30.993
8819.671,31,13,2 L,+31.054
8823.124,31,13,2 L,+31.204
8825.412,31,13,2 L,+31.231
8827.895,31,13,2 L,+31.279
8828.567,31,13,2 L,+31.283
9036.717,31,13,2L,+31.283
6.86,23,18,,
3230.105,23,18,+1.853,
3232.621,23,15,+1.853,
3232.715,23,16,+1.853,
3232.73,23,16,+1.518,+0.045
3236.012,23,17,+1.518,+0.045
3236.527,23,15,+1.518,+0.045
3236.605,23,15,+1.867,+0.142
3241.854,23,15,+2.758,+0.226
3245.154,23,16,+2.758,+0.226
3245.359,23,16,+3.142,+0.080
3249.444,23,16,+3.600,+0.131
3252.294,23,16,+3.673,+0.198
3257.371,23,16,+4.462,+0.268
3263.051,23,16,+4.878,+0.411
3268.955,23,17,+4.878,+0.411
3269.157,23,17,+5.515,+0.101
3273.506,23,18,+5.515,+0.101
3273.772,23,18,+6.037,+0.223
3279.276,23,18,+6.912,+0.194
3283.292,23,18,+7.539,+0.164
3286.995,23,18,+7.927,+0.118
3288.995,23,18,+8.037,+0.213
3297.607,23,18,+8.733,+0.464
3303.044,23,18,+9.157,+0.488
3306.435,23,18,+9.356,+0.250
3310.216,23,18,+9.771,+0.386
3312.685,23,18,+10.021,+0.355
3315.107,23,18,+10.088,+0.338
3315.842,23,18,+10.089,+0.338
3319.241,23,18,+9.939,+0.360
3321.96,23,18,+9.777,+0.451
3324.398,23,18,+9.835,+0.434
3329.71,23,18,+10.319,+0.358
3333.102,23,18,+10.607,+0.446
3337.038,23,18,+10.816,+0.325
3339.96,23,18,+10.787,+0.250
3344.445,23,18,+11.355,+0.446
3350.351,23,18,+11.584,+0.441
3356.21,23,18,+11.906,+0.389
3360.655,23,18,+12.131,+0.441
3365.808,23,18,+12.515,+0.484
3369.37,23,18,+12.698,+0.545
3372.964,23,18,+12.798,+0.512
3374.948,23,18,+12.853,+0.539
3383.448,23,18,+13.323,+0.546
3388.825,23,18,+13.581,+0.628
3392.164,23,18,+13.639,+0.647
3395.604,23,18,+13.637,+0.598
3397.992,23,18,+13.782,+0.617
3400.48,23,18,+13.873,+0.616
3401.12,23,18,+13.881,+0.621
3404.558,23,18,+13.777,+0.662
3407.277,23,18,+13.607,+0.721
3409.636,23,18,+13.602,+0.666
3414.839,23,18,+13.928,+0.730
3418.183,23,18,+14.190,+0.841
3422.183,23,18,+14.396,+0.789
3425.09,23,18,+14.367,+0.733
3429.449,23,18,+14.805,+0.630
3435.449,23,18,+15.050,+0.718
3441.246,23,18,+15.351,+0.730
3445.574,23,18,+15.523,+0.606
3450.746,23,18,+15.882,+0.683
3454.449,23,18,+16.193,+0.701
3458.043,23,18,+16.437,+0.738
3460.121,23,18,+16.538,+0.766
3468.699,23,18,+16.984,+0.882
3474.074,23,18,+17.162,+0.830
3477.387,23,18,+17.207,+0.839
3480.856,23,18,+17.379,+0.864
3483.262,23,18,+17.566,+0.882
3485.725,23,18,+17.705,+0.864
3486.435,23,18,+17.726,+0.867
3489.93,23,18,+17.668,+0.900
3492.634,23,18,+17.516,+0.944
3494.974,23,18,+17.493,+0.909
3500.184,23,18,+17.863,+0.991
3503.588,23,18,+18.112,+1.107
3507.65,23,18,+18.311,+1.102
3510.525,23,18,+18.278,+1.030
3514.76,23,18,+18.607,+0.896
3520.885,23,18,+18.923,+1.030
3526.682,23,18,+19.149,+0.987
3531.067,23,18,+19.330,+1.090
3536.168,23,18,+19.545,+1.038
3539.701,23,18,+19.735,+1.040
3543.363,23,18,+19.933,+1.067
3545.463,23,18,+20.041,+1.115
3553.862,23,18,+20.296,+1.079
3559.379,23,18,+20.487,+1.027
3562.697,23,18,+20.549,+1.056
3566.186,23,18,+20.675,+1.057
3568.581,23,18,+20.870,+1.058
3571.051,23,18,+20.986,+1.067
3571.774,23,18,+21.002,+1.074
3575.327,23,18,+20.989,+1.172
3578.114,23,18,+20.926,+1.315
3580.572,23,18,+21.024,+1.305
3585.754,23,18,+21.321,+1.328
3589.164,23,18,+21.525,+1.394
3593.242,23,18,+21.738,+1.352
3596.173,23,18,+21.724,+1.349
3600.41,23,18,+22.005,+1.322
3606.494,23,18,+22.265,+1.331
3612.33,23,18,+22.389,+1.231
3616.65,23,18,+22.482,+1.254
3621.717,23,18,+22.675,+1.140
3625.279,23,18,+22.867,+1.130
3628.936,23,18,+23.095,+1.189
3631.034,23,18,+23.211,+1.234
3639.535,23,18,+23.535,+1.330
3645.036,23,18,+23.751,+1.353
3648.379,23,18,+23.782,+1.302
3651.882,23,18,+23.972,+1.321
3654.288,23,18,+24.141,+1.318
3656.787,23,18,+24.264,+1.332
3657.514,23,18,+24.282,+1.339
3661.032,23,18,+24.296,+1.434
3663.85,23,18,+24.231,+1.567
3666.264,23,18,+24.259,+1.590
3671.542,23,18,+24.488,+1.674
3674.845,23,18,+24.641,+1.649
3678.983,23,18,+24.917,+1.639
3681.926,23,18,+24.996,+1.601
3686.044,23,18,+25.169,+1.505
3692.142,23,18,+25.463,+1.523
3698.001,23,18,+25.694,+1.493
3702.323,23,18,+25.849,+1.519
3707.433,23,18,+26.087,+1.344
3710.949,23,18,+26.319,+1.348
3714.636,23,18,+26.548,+1.413
3716.714,23,18,+26.623,+1.464
3725.261,23,18,+27.011,+1.531
3730.824,23,18,+27.165,+1.508
3734.094,23,18,+27.169,+1.526
3737.624,23,18,+27.296,+1.560
3739.983,23,18,+27.388,+1.487
3742.437,23,18,+27.477,+1.470
3743.155,23,18,+27.489,+1.471
3746.718,23,18,+27.480,+1.547
3749.515,23,18,+27.437,+1.676
3751.921,23,18,+27.475,+1.708
3757.218,23,18,+27.824,+1.629
3760.624,23,18,+28.052,+1.654
3764.7,23,18,+28.232,+1.674
3767.66,23,18,+28.295,+1.638
3771.889,23,18,+28.591,+1.579
3778.034,23,18,+28.928,+1.626
3783.878,23,18,+29.150,+1.618
3788.159,23,18,+29.217,+1.597
3793.315,23,18,+29.509,+1.499
3796.862,23,18,+29.710,+1.494
3800.55,23,18,+29.888,+1.521
3802.612,23,18,+29.916,+1.543
3811.115,23,18,+30.209,+1.466
3816.646,23,18,+30.340,+1.404
3819.96,23,18,+30.375,+1.388
3823.544,23,18,+30.541,+1.388
3826.0,23,18,+30.718,+1.339
3828.516,23,18,+30.882,+1.347
3829.271,23,18,+30.910,+1.355
3832.86,23,18,+30.941,+1.440
3835.666,23,18,+30.917,+1.570
3838.119,23,18,+30.994,+1.625
3843.4,23,18,+31.271,+1.565
3846.931,23,18,+31.518,+1.582
3850.961,23,18,+31.735,+1.568
3853.865,23,18,+31.792,+1.556
3858.094,23,18,+32.043,+1.564
3864.266,23,18,+32.302,+1.542
3870.094,23,18,+32.438,+1.495
3874.429,23,18,+32.621,+1.570
3879.6,23,18,+32.825,+1.464
3883.163,23,18,+32.973,+1.426
3886.882,23,18,+33.112,+1.418
3888.913,23,18,+33.110,+1.385
3897.548,23,18,+33.523,+1.433
3903.064,23,18,+33.600,+1.390
3906.438,23,18,+33.639,+1.439
3910.048,23,18,+33.832,+1.495
3912.47,23,18,+33.989,+1.461
3914.97,23,18,+34.079,+1.443
3915.72,23,18,+34.095,+1.446
3919.267,23,18,+34.108,+1.513
3922.079,23,18,+34.084,+1.644
3924.545,23,18,+34.150,+1.668
3929.772,23,18,+34.354,+1.635
3933.156,23,18,+34.496,+1.630
3937.336,23,18,+34.721,+1.640
3940.274,23,18,+34.772,+1.613
3944.453,23,18,+34.952,+1.533
3950.624,23,18,+35.183,+1.614
3956.53,23,18,+35.427,+1.640
3960.796,23,18,+35.513,+1.663
3966.166,23,18,+35.950,+1.713
3969.742,23,18,+36.220,+1.667
3973.445,23,18,+36.424,+1.659
3975.508,23,18,+36.464,+1.648
3984.164,23,18,+36.853,+1.768
3989.727,23,18,+37.005,+1.712
3993.008,23,18,+37.032,+1.756
3996.633,23,18,+37.249,+1.736
3999.102,23,18,+37.390,+1.696
4001.571,23,18,+37.470,+1.725
4002.29,23,18,+37.485,+1.733
4005.864,23,18,+37.499,+1.817
4008.692,23,18,+37.475,+1.946
4011.083,23,18,+37.505,+1.855
4016.349,23,18,+37.785,+1.921
4019.833,23,18,+37.999,+2.009
4024.021,23,18,+38.326,+2.038
4026.99,23,18,+38.407,+2.028
4031.146,23,18,+38.589,+2.008
4037.24,23,18,+38.741,+2.000
4043.146,23,18,+38.927,+1.961
4047.49,23,18,+39.088,+1.950
4052.646,23,18,+39.249,+1.906
4056.209,23,18,+39.448,+1.800
4059.912,23,18,+39.588,+1.826
4061.99,23,18,+39.645,+1.816
4070.615,23,18,+39.925,+1.819
4076.266,23,18,+40.124,+1.866
4079.654,23,18,+40.168,+1.932
4083.189,23,18,+40.289,+1.906
4085.619,23,18,+40.417,+1.885
4088.132,23,18,+40.522,+1.870
4088.868,23,18,+40.539,+1.871
4092.437,23,18,+40.545,+1.937
4095.237,23,18,+40.513,+2.071
4097.709,23,18,+40.594,+2.113
4102.943,23,18,+40.740,+2.071
4106.38,23,18,+40.918,+2.089
4110.553,23,18,+41.188,+2.097
4113.475,23,18,+41.272,+2.100
4117.769,23,18,+41.492,+2.155
4123.828,23,18,+41.632,+2.070
4129.781,23,18,+41.852,+2.066
4134.031,23,18,+41.902,+2.043
4139.266,23,18,+42.157,+1.930
4142.864,23,18,+42.344,+1.909
4146.572,23,18,+42.564,+1.950
4148.712,23,18,+42.635,+1.971
4157.244,23,18,+42.832,+2.007
4162.838,23,18,+42.948,+1.901
4166.119,23,18,+42.984,+1.819
4169.664,23,18,+43.121,+1.764
4172.11,23,18,+43.221,+1.747
4174.599,23,18,+43.300,+1.742
4175.325,23,18,+43.315,+1.748
4178.809,23,17,+43.315,+1.748
4178.903,23,17,+43.331,+1.831
4181.747,23,17,+43.317,+1.980
4184.154,23,17,+43.358,+2.000
4189.435,23,17,+43.550,+1.971
4192.95,23,17,+43.768,+2.058
4197.091,23,17,+44.033,+2.008
4200.028,23,17,+44.097,+1.983
4204.2,23,17,+44.224,+2.035
4210.31,23,17,+44.366,+1.965
4216.201,23,17,+44.542,+1.948
4220.514,23,17,+44.657,+1.966
4225.81,23,17,+39.495,+1.917
4229.357,23,17,+39.701,+1.852
4233.044,23,17,+39.865,+1.798
4235.106,23,17,+39.936,+1.769
4243.632,23,17,+40.319,+1.634
4249.257,23,17,+40.456,+1.539
4252.648,23,17,+40.528,+1.543
4256.201,23,17,+40.723,+1.567
4258.656,23,17,+40.873,+1.526
4261.169,23,17,+40.966,+1.523
4261.904,23,17,+42.430,+1.525
4265.369,23,16,+42.430,+1.525
4265.463,23,16,+40.967,+1.534
4268.259,23,16,+40.932,+1.553
4270.713,23,16,+40.993,+1.557
4276.094,23,16,+41.257,+1.681
4279.596,23,16,+41.513,+1.754
4283.785,23,16,+41.770,+1.836
4286.77,23,16,+41.752,+1.837
4290.942,23,16,+41.970,+1.866
4297.192,23,16,+42.256,+1.920
4303.144,23,16,+42.478,+1.948
4307.37,23,16,+42.481,+1.938
4312.709,23,16,+42.787,+1.960
4316.226,23,16,+42.954,+1.873
4319.917,23,16,+43.101,+1.876
4321.979,23,16,+43.155,+1.882
4330.45,23,16,+43.507,+1.701
4335.919,23,16,+43.592,+1.513
4339.342,23,16,+43.594,+1.461
4343.008,23,16,+43.938,+1.609
4356.417,23,17,+43.938,+1.609
4362.651,23,18,+43.938,+1.609
4364.526,23,19,+43.938,+1.609
4366.929,23,20,+43.938,+1.609
4379.323,23,20,+68.409,+3.662
4382.338,23,20,+69.061,+3.863
4388.057,23,20,+69.704,+4.048
4391.385,23,20,+69.898,+4.148
4395.37,23,20,+69.873,+4.175
4398.245,23,20,+69.847,+4.108
4402.37,23,20,+62.166,+4.021
4408.245,23,20,+62.275,+4.172
4413.918,23,20,+62.249,+4.167
4418.104,23,20,+62.264,+4.201
4423.214,23,20,+62.284,+4.277
4426.808,23,20,+62.471,+4.367
4430.386,23,20,+62.532,+4.416
4432.433,23,20,+62.545,+4.426
4440.594,23,20,+62.521,+4.340
4445.911,23,20,+62.443,+4.360
4449.287,23,20,+62.373,+4.392
4452.856,23,20,+62.499,+4.506
4455.255,23,20,+62.521,+4.506
4457.777,23,20,+62.577,+4.506
4458.457,23,20,+66.936,+2.850
4461.955,23,19,+66.936,+2.850
4462.033,23,19,+62.589,+4.570
4464.895,23,19,+62.547,+4.552
4467.374,23,19,+62.525,+4.572
4472.437,23,19,+62.542,+4.625
4475.845,23,19,+62.619,+4.708
4479.857,23,19,+62.643,+4.796
4482.773,23,19,+62.646,+4.781
4486.871,23,19,+62.664,+4.659
4492.784,23,19,+62.725,+4.697
4498.518,23,19,+62.750,+4.658
4502.799,23,19,+62.837,+4.695
4507.854,23,19,+62.863,+4.750
4511.357,23,19,+62.924,+4.793
4514.929,23,19,+62.970,+4.881
4516.966,23,19,+62.985,+4.911
4525.205,23,19,+62.893,+4.842
4530.565,23,19,+62.776,+4.813
4533.799,23,19,+62.745,+4.820
4537.361,23,19,+62.918,+4.893
4539.751,23,19,+62.975,+4.869
4542.215,23,19,+63.023,+4.869
4543.008,23,19,+63.028,+4.906
4546.517,23,19,+63.022,+4.906
4549.257,23,18,+63.022,+4.906
4549.328,23,18,+62.962,+4.938
4551.736,23,18,+62.884,+4.933
4556.958,23,18,+63.058,+5.008
4560.466,23,18,+63.199,+5.201
4564.484,23,18,+63.313,+5.383
4567.515,23,18,+59.788,+5.440
4571.515,23,18,+59.907,+5.239
4577.511,23,18,+60.102,+5.330
4583.196,23,18,+60.168,+5.197
4587.539,23,18,+60.341,+5.220
4592.651,23,18,+60.482,+5.173
4596.118,23,18,+60.633,+5.152
4599.696,23,18,+60.785,+5.185
4601.751,23,18,+60.837,+5.278
4610.121,23,18,+61.024,+4.997
4615.614,23,18,+61.140,+4.738
4618.91,23,18,+61.191,+4.659
4622.396,23,18,+61.322,+4.542
4624.736,23,18,+61.427,+4.342
4627.225,23,18,+61.523,+4.246
4627.913,23,18,+61.541,+4.231
4631.48,23,18,+61.572,+4.245
4634.33,23,18,+61.575,+4.330
4636.74,23,19,+61.575,+4.330
4636.858,23,19,+61.684,+0.039
4642.157,23,19,+62.139,+0.307
4645.594,23,19,+62.409,+0.519
4649.766,23,19,+62.680,+0.673
4652.61,23,19,+62.737,+0.667
4656.759,23,19,+62.916,+0.763
4662.856,23,19,+63.216,+0.959
4668.716,23,19,+63.519,+1.153
4673.044,23,19,+63.689,+1.307
4678.216,23,19,+64.004,+1.374
4681.718,23,19,+64.222,+1.385
4685.359,23,19,+64.459,+1.492
4687.437,23,19,+64.518,+1.488
4695.844,23,19,+64.768,+1.684
4701.297,23,19,+64.915,+1.684
4704.516,23,19,+64.942,+1.688
4707.969,23,19,+65.070,+1.633
4710.282,23,19,+65.184,+1.604
4712.75,23,19,+65.296,+1.643
4713.454,23,19,+65.313,+1.649
4716.969,23,19,+65.322,+1.655
4719.766,23,19,+65.296,+1.657
4722.219,23,19,+65.332,+1.666
4727.36,23,19,+65.546,+1.730
4730.751,23,19,+65.767,+1.801
4734.813,23,19,+66.026,+1.883
4737.708,23,19,+66.089,+1.897
4741.782,23,19,+66.199,+1.814
4747.829,23,19,+66.408,+1.882
4753.688,23,19,+66.677,+1.732
4757.954,23,19,+66.785,+1.539
4763.188,23,19,+67.016,+1.539
4766.595,23,19,+67.124,+1.334
4770.22,23,19,+67.336,+1.238
4772.251,23,19,+67.369,+1.228
4780.626,23,19,+67.562,+1.012
4786.11,23,19,+67.695,+0.835
4789.378,23,19,+67.727,+0.679
4792.858,23,19,+67.900,+0.605
4795.28,23,19,+68.067,+0.505
4797.717,23,19,+68.166,+0.466
4798.42,23,19,+68.179,+0.449
4801.785,23,18,+68.179,+0.449
4801.863,23,18,+68.094,+0.290
4804.582,23,18,+67.916,+0.060
4806.895,23,17,+67.916,+0.060
4806.983,23,17,+67.934,+2.427
4812.297,23,17,+68.356,+2.795
4815.715,23,17,+68.649,+2.970
4819.853,23,17,+68.863,+3.161
4822.686,23,17,+68.915,+3.182
4826.952,23,17,+69.138,+3.355
4833.018,23,17,+69.335,+3.548
4838.799,23,17,+69.513,+3.652
4843.074,23,17,+69.618,+3.810
4848.199,23,17,+69.849,+3.879
4851.699,23,17,+70.023,+3.853
4855.34,23,17,+70.192,+3.883
4857.371,23,17,+70.231,+3.886
4865.748,23,17,+70.353,+4.024
4871.189,23,17,+70.411,+4.056
4874.499,23,17,+70.446,+4.092
4877.96,23,17,+70.544,+4.133
4880.298,23,17,+70.646,+4.136
4882.736,23,17,+70.738,+4.162
4883.451,23,17,+70.755,+4.166
4887.06,23,17,+70.788,+4.177
4889.848,23,17,+70.799,+4.178
4892.26,23,17,+70.845,+4.196
4897.474,23,17,+71.140,+4.352
4900.898,23,17,+71.388,+4.465
4904.969,23,17,+71.597,+4.614
4907.9,23,17,+71.670,+4.634
4911.983,23,17,+71.798,+4.724
4918.042,23,17,+71.962,+4.883
4923.858,23,17,+72.098,+4.945
4928.143,23,17,+72.191,+5.018
4933.283,23,17,+72.414,+5.004
4936.87,23,17,+72.690,+5.053
4940.532,23,17,+72.919,+5.166
4942.622,23,17,+73.002,+5.225
4951.132,23,17,+73.204,+5.452
4956.632,23,17,+73.325,+5.481
4959.916,23,17,+73.370,+5.476
4963.374,23,17,+73.479,+5.486
4965.679,23,17,+73.559,+5.470
4968.175,23,17,+73.666,+5.530
4968.878,23,17,+73.685,+5.541
4972.474,23,17,+73.730,+5.568
4975.305,23,17,+73.751,+5.585
4977.704,23,17,+73.789,+5.595
4982.854,23,17,+73.926,+5.700
4986.279,23,17,+74.176,+5.844
4990.362,23,17,+74.371,+5.936
4993.275,23,17,+74.428,+5.952
4997.281,23,17,+74.469,+5.937
5003.318,23,17,+74.639,+6.094
5009.178,23,17,+74.873,+6.174
5013.434,23,17,+74.980,+6.300
5018.685,23,17,+75.326,+6.441
5022.161,23,17,+75.466,+6.445
5025.79,23,17,+75.632,+6.528
5027.823,23,17,+75.681,+6.546
5036.314,23,17,+75.802,+6.721
5041.788,23,17,+75.958,+6.789
5045.094,23,17,+75.955,+6.758
5048.55,23,17,+76.103,+6.822
5050.925,23,17,+76.218,+6.847
5053.363,23,17,+76.326,+6.911
5054.191,23,17,+76.346,+6.922
5057.67,23,17,+76.397,+6.954
5060.526,23,17,+76.417,+6.964
5062.962,23,17,+76.475,+6.984
5068.144,23,17,+76.755,+7.143
5071.579,23,17,+76.994,+7.221
5075.608,23,17,+77.238,+7.412
5078.535,23,17,+77.306,+7.467
5082.66,23,17,+77.410,+7.536
5088.652,23,17,+77.542,+7.679
5094.471,23,17,+77.579,+7.703
5098.723,23,17,+77.574,+7.763
5103.862,23,17,+77.733,+7.776
5107.416,23,17,+77.930,+7.793
5111.059,23,17,+78.176,+7.917
5113.136,23,17,+78.263,+7.975
5122.264,23,17,+78.330,+8.061
5127.134,23,17,+78.490,+8.184
5130.429,23,17,+78.596,+8.267
5133.913,23,17,+78.766,+8.338
5136.231,23,17,+78.826,+8.303
5138.691,23,17,+78.906,+8.303
5139.394,23,17,+78.922,+8.309
5142.973,23,17,+78.968,+8.309
5145.792,23,17,+78.991,+5.889
5148.089,23,18,+78.991,+5.889
5148.261,23,18,+79.042,+0.043
5153.751,23,18,+79.496,+0.449
5157.206,23,18,+79.764,+0.538
5161.362,23,18,+80.110,+0.796
5164.295,23,18,+80.206,+0.785
5168.506,23,18,+80.442,+0.936
5174.619,23,18,+80.577,+1.083
5180.443,23,18,+80.690,+1.182
5184.726,23,18,+80.728,+1.249
5189.918,23,18,+80.932,+1.382
5193.455,23,18,+81.026,+1.458
5197.081,23,18,+81.199,+1.582
5199.13,23,18,+81.244,+1.660
5207.572,23,18,+81.257,+1.679
5212.987,23,18,+81.306,+1.723
5216.362,23,18,+81.311,+1.690
5219.807,23,18,+81.411,+1.698
5222.134,23,18,+81.486,+1.728
5224.588,23,18,+81.561,+1.717
5225.365,23,18,+81.577,+1.713
5228.849,23,18,+81.598,+1.681
5231.677,23,18,+81.597,+1.643
5234.069,23,18,+81.595,+1.632
5239.351,23,18,+81.911,+1.886
5242.799,23,18,+82.254,+2.064
5246.965,23,18,+82.542,+2.227
5250.208,23,18,1 L,+2.603
5254.849,23,18,1 L,+3.139
5261.065,23,18,1 L,+3.378
5266.969,23,18,1 L,+3.509
5271.3,23,18,1 L,+3.602
5276.516,23,18,1 L,+3.788
5280.024,23,18,1 L,+3.851
5283.819,23,18,1 L,+4.102
5286.345,23,18,1 L,+4.611
5295.142,23,18,1 L,+5.129
5300.724,23,18,1 L,+5.229
5304.015,23,18,1 L,+5.253
5307.568,23,18,1 L,+5.352
5309.923,23,18,1 L,+5.425
5312.407,23,18,1 L,+5.481
5313.11,23,18,1 L,+5.485
5316.61,23,18,1 L,+5.400
5319.328,23,18,1 L,+5.241
5321.672,23,18,1 L,+5.191
5327.164,23,18,1 L,+5.667
5331.408,23,18,1 L,+6.609
5335.699,23,18,1 L,+6.880
5338.636,23,18,1 L,+6.876
5342.917,23,18,1 L,+7.080
5349.718,23,18,1 L,+7.973
5355.785,23,18,1 L,+8.332
5360.198,23,18,1 L,+8.516
5365.48,23,18,1 L,+8.708
5369.11,23,18,1 L,+8.924
5372.802,23,18,1 L,+9.032
5374.88,23,18,1 L,+8.613
5383.366,23,18,1 L,+7.553
5388.836,23,18,1 L,+7.549
5392.185,23,18,1 L,+7.611
5395.638,23,18,1 L,+7.600
5397.955,23,18,1 L,+7.579
5400.474,23,18,1 L,+7.594
5401.138,23,18,1 L,+7.597
5404.695,23,18,1 L,+7.657
5407.504,23,18,1 L,+7.766
5409.94,23,18,1 L,+7.792
5415.114,23,18,1 L,+7.868
5418.552,23,18,1 L,+7.933
5422.564,23,18,1 L,+7.980
5425.486,23,18,1 L,+7.955
5429.611,23,18,1 L,+7.918
5435.578,23,18,1 L,+7.903
5441.438,23,18,1 L,+7.993
5445.768,23,18,1 L,+8.033
5450.91,23,18,1 L,+8.106
5454.386,23,18,1 L,+8.092
5458.119,23,18,1 L,+8.220
5460.237,23,18,1 L,+7.825
5468.612,23,18,1 L,+7.044
5474.028,23,18,1 L,+7.064
5477.321,23,18,1 L,+6.995
5480.805,23,18,1 L,+6.177
5483.139,23,18,1 L,+5.972
5485.645,23,18,1 L,+5.975
5486.368,23,18,1 L,+5.981
5489.942,23,18,1 L,+6.071
5492.795,23,18,1 L,+6.212
5495.211,23,18,1 L,+6.235
5500.375,23,18,1 L,+6.287
5503.823,23,18,1 L,+6.329
5507.865,23,18,1 L,+6.375
5510.776,23,18,1 L,+5.760
5514.874,23,18,1 L,+5.091
5520.907,23,18,1 L,+5.122
5527.032,23,18,1 L,+5.190
5531.102,23,18,1 L,+5.196
5536.306,23,18,1 L,+5.227
5539.853,23,18,1 L,+5.235
5543.5,23,18,1 L,+5.345
5545.611,23,18,1 L,+5.504
5554.009,23,18,1 L,+5.481
5559.529,23,18,1 L,+5.558
5562.809,23,18,1 L,+5.542
5566.266,23,18,1 L,+5.594
5568.625,23,18,1 L,+5.611
5571.139,23,18,1 L,+5.637
5571.822,23,18,1 L,+5.641
5575.483,23,18,1 L,+5.666
5578.244,23,18,1 L,+5.679
5580.682,23,18,1 L,+5.687
5585.882,23,18,1 L,+5.846
5589.335,23,18,1 L,+5.991
5593.584,23,18,1 L,+6.315
5596.741,23,18,1 L,+6.572
5600.941,23,18,1 L,+6.761
5607.661,23,18,1 L,+7.493
5613.645,23,18,1 L,+7.752
5617.997,23,18,1 L,+7.930
5623.224,23,18,1 L,+8.106
5626.883,23,18,1 L,+8.257
5630.676,23,18,1 L,+8.493
5633.068,23,18,1 L,+8.928
5641.841,23,18,1 L,+9.248
5647.533,23,18,1 L,+9.396
5650.889,23,18,1 L,+9.436
5654.451,23,18,1 L,+9.560
5656.862,23,18,1 L,+9.620
5659.313,23,18,1 L,+9.673
5660.026,23,18,1 L,+9.677
5663.587,23,18,1 L,+9.670
5666.405,23,18,1 L,+9.652
5668.847,23,18,1 L,+9.720
5674.111,23,18,1 L,+9.920
5677.486,23,18,1 L,+9.951
5681.596,23,18,1 L,+10.093
5684.518,23,18,1 L,+10.117
5688.669,23,18,1 L,+10.247
5694.695,23,18,1 L,+10.274
5700.569,23,18,1 L,+10.332
5705.817,23,18,1 L,+11.391
5711.19,23,18,1 L,+11.628
5714.784,23,18,1 L,+11.744
5718.52,23,18,1 L,+11.906
5720.639,23,18,1 L,+12.062
5729.112,23,18,1 L,+12.148
5734.659,23,18,1 L,+12.179
5737.97,23,18,1 L,+12.201
5741.593,23,18,1 L,+37.180
5758.873,23,19,1 L,+37.180
5769.715,23,18,1 L,+37.180
5775.584,23,18,1 L,+13.753
5778.47,23,18,1 L,+14.136
5783.931,23,18,1 L,+14.409
5787.275,23,18,1 L,+14.370
5791.184,23,18,1 L,+14.161
5794.115,23,18,1 L,+14.102
5798.082,23,18,1 L,+13.928
5805.222,23,18,1 L,+15.086
5811.144,23,18,1 L,+15.156
5815.49,23,18,1 L,+15.262
5820.616,23,18,1 L,+15.060
5824.173,23,18,1 L,+15.028
5827.828,23,18,1 L,+14.914
5829.872,23,18,1 L,+14.910
5838.21,23,18,1 L,+14.603
5843.569,23,18,1 L,+14.277
5846.882,23,18,1 L,+14.058
5850.366,23,18,1 L,+13.972
5852.741,23,18,1 L,+13.887
5855.132,23,18,1 L,+13.824
5855.851,23,18,1 L,+13.805
5859.304,23,18,1 L,+13.659
5862.007,23,18,1 L,+13.493
5864.398,23,18,1 L,+13.358
5869.804,23,18,1 L,+13.541
5873.226,23,18,1 L,+13.559
5877.132,23,18,1 L,+13.213
5880.039,23,18,1 L,+13.132
5884.164,23,18,1 L,+13.077
5890.054,23,18,1 L,+12.319
5895.742,23,18,1 L,+11.962
5900.07,23,18,1 L,+12.025
5905.133,23,18,1 L,+11.709
5908.617,23,18,1 L,+11.566
5912.242,23,18,1 L,+11.380
5914.329,23,18,1 L,+11.430
5922.626,23,18,1 L,+11.299
5928.046,23,18,1 L,+11.036
5931.316,23,18,1 L,+10.885
5934.726,23,18,1 L,+10.546
5940.21,23,18,1 L,+6.340
5943.617,23,17,1 L,+6.340
5943.71,23,17,1 L,+22.882
5946.523,23,17,1 L,+22.962
5948.976,23,17,1 L,+23.016
5954.07,23,17,1 L,+22.981
5957.492,23,17,1 L,+23.066
5961.429,23,17,1 L,+23.109
5964.336,23,17,1 L,+23.149
5968.367,23,17,1 L,+23.010
5974.233,23,17,1 L,+23.212
5979.947,23,17,1 L,+23.204
5984.195,23,17,1 L,+23.217
5989.188,23,17,1 L,+23.060
5992.64,23,17,1 L,+23.031
5996.249,23,17,1 L,+23.092
5998.327,23,17,1 L,+23.132
6006.502,23,17,1 L,+22.959
6011.768,23,17,1 L,+22.922
6015.08,23,17,1 L,+22.928
6018.503,23,17,1 L,+23.008
6020.832,23,17,1 L,+23.030
6023.287,23,17,1 L,+23.005
6024.006,23,17,1 L,+23.008
6027.572,23,17,1 L,+23.039
6030.423,23,17,1 L,+23.084
6032.808,23,17,1 L,+23.053
6037.839,23,17,1 L,+22.967
6041.121,23,17,1 L,+22.869
6045.121,23,17,1 L,+22.970
6048.027,23,17,1 L,+23.018
6052.105,23,17,1 L,+23.012
6058.05,23,17,1 L,+23.105
6063.824,23,17,1 L,+23.152
6068.073,23,17,1 L,+23.191
6073.198,23,17,1 L,+23.204
6076.715,23,17,1 L,+23.236
6080.307,23,17,1 L,+23.225
6082.432,23,17,1 L,+23.302
6090.792,23,17,1 L,+37.580
6096.181,23,17,1 L,+37.326
6099.418,23,17,1 L,+37.249
6102.865,23,17,1 L,+37.083
6108.355,23,17,1 L,+23.418
6114.788,23,17,1 L,+14.556
6117.226,23,17,1 L,+13.998
6122.275,23,17,1 L,+13.570
6125.668,23,17,1 L,+13.581
6129.744,23,17,1 L,+13.596
6132.666,23,17,1 L,+13.593
6136.718,23,17,1 L,+13.648
6142.522,23,17,1 L,+13.714
6148.225,23,17,1 L,+13.712
6152.413,23,17,1 L,+13.756
6157.475,23,17,1 L,+13.822
6160.944,23,17,1 L,+13.813
6164.587,23,17,1 L,+13.818
6166.707,23,17,1 L,+13.885
6175.044,23,17,1 L,+14.012
6180.372,23,17,1 L,+13.910
6183.606,23,17,1 L,+25.367
6187.106,23,17,1 L,+25.194
6206.888,23,18,1 L,+25.194
6211.39,23,19,1 L,+25.194
6970.998,23,19,1 L,+25.194
6976.997,23,19,10 L,3 L
7025.798,23,19,10 L,2 L
7109.486,23,19,10 L,1 L
7192.831,23,19,10 L,+762.535
7196.424,23,19,10 L,+762.531
7198.44,23,19,10 L,+762.459
7206.534,23,19,10 L,+762.037
7211.768,23,19,10 L,+761.652
7215.018,23,19,10 L,+761.508
7218.893,23,19,10 L,+761.432
7220.753,23,19,10 L,+761.378
7223.221,23,19,10 L,+761.375
7223.971,23,19,10 L,+761.366
7227.535,23,19,10 L,+761.320
7230.371,23,19,10 L,+761.273
7232.753,23,19,10 L,+761.132
7237.743,23,19,10 L,+760.723
7241.087,23,19,10 L,+760.797
7245.01,23,19,10 L,+760.572
7247.884,23,19,10 L,+760.525
7251.93,23,19,10 L,+760.172
7257.837,23,19,10 L,+760.056
7263.462,23,19,10 L,+759.848
7267.665,23,19,10 L,+758.359
7272.653,23,19,10 L,+755.121
7276.007,23,18,10 L,+755.121
7276.071,23,18,10 L,8 L
7929.464,23,18,11 L,8 L
8535.043,23,18,11 L,7 L
8539.622,23,18,11 L,8 L
8544.465,23,18,11 L,7 L
8642.032,23,18,11 L,6 L
8645.11,23,18,11 L,7 L
8648.625,23,18,11 L,6 L
8723.724,23,18,11 L,5 L
8726.911,23,18,11 L,6 L
8730.287,23,18,11 L,5 L
8807.243,23,18,11 L,4 L
8810.431,23,18,11 L,5 L
9036.717,23,18,11L,5L
6.86,11,19,,
3230.23,11,19,+2.564,+0.711
3232.933,11,20,+2.564,+0.711
3233.433,11,20,+2.147,+0.286
3237.058,11,20,+2.442,+0.076
3242.496,11,20,+3.563,+0.128
3246.107,11,20,+3.869,+0.065
3250.117,11,19,+3.869,+0.065
3250.211,11,19,+4.446,+0.306
3253.115,11,19,+4.529,+0.237
3257.746,11,19,+5.194,+0.289
3263.896,11,19,+5.725,+0.391
3269.774,11,19,+6.153,+0.494
3274.256,11,19,+6.549,+0.512
3279.651,11,19,+7.283,+0.371
3283.589,11,19,+7.841,+0.302
3287.104,11,19,+8.076,+0.149
3289.23,11,19,+8.173,+0.136
3297.825,11,19,+8.927,+0.194
3303.294,11,19,+9.365,+0.208
3307.029,11,19,+9.744,+0.388
3310.576,11,19,+10.062,+0.291
3313.029,11,19,+10.352,+0.331
3315.546,11,19,+10.469,+0.381
3316.196,11,19,+10.477,+0.388
3319.648,11,19,+10.342,+0.403
3322.335,11,19,+10.135,+0.358
3324.819,11,19,+10.237,+0.402
3330.07,11,19,+10.711,+0.392
3333.381,11,19,+10.874,+0.267
3337.46,11,19,+11.210,+0.394
3340.46,11,19,+11.306,+0.519
3344.71,11,19,+11.702,+0.347
3350.96,11,19,+12.181,+0.597
3356.804,11,19,+12.498,+0.592
3361.19,11,19,+12.689,+0.558
3366.323,11,19,+13.003,+0.488
3369.933,11,19,+13.236,+0.538
3373.448,11,19,+13.324,+0.526
3375.464,11,19,+13.354,+0.501
3383.948,11,19,+13.818,+0.495
3389.326,11,19,+14.037,+0.456
3392.695,11,19,+14.162,+0.523
3396.161,11,19,+14.193,+0.556
3398.587,11,19,+14.355,+0.573
3401.058,11,19,+14.498,+0.625
3401.761,11,19,+14.513,+0.632
3405.246,11,19,+14.435,+0.658
3407.917,11,19,+14.270,+0.663
3410.386,11,19,+14.310,+0.708
3415.527,11,19,+14.608,+0.680
3418.793,11,19,+14.770,+0.580
3422.808,11,19,+15.052,+0.656
3425.84,11,19,+15.144,+0.777
3429.933,11,19,+15.400,+0.595
3436.199,11,19,+15.811,+0.761
3441.98,11,19,+16.094,+0.743
3446.309,11,19,+16.249,+0.726
3451.496,11,19,+16.603,+0.721
3455.027,11,19,+16.814,+0.621
3458.731,11,19,+17.097,+0.660
3460.715,11,19,+17.132,+0.594
3469.215,11,19,+17.537,+0.553
3474.684,11,19,+17.762,+0.600
3478.012,11,19,+17.870,+0.663
3481.481,11,19,+17.987,+0.608
3483.934,11,19,+18.201,+0.635
3486.406,11,19,+18.386,+0.681
3487.164,11,19,+18.412,+0.686
3490.633,11,19,+18.370,+0.702
3493.368,11,19,+18.216,+0.700
3495.763,11,19,+18.263,+0.770
3500.902,11,19,+18.534,+0.671
3504.219,11,19,+18.694,+0.582
3508.244,11,19,+18.933,+0.622
3511.182,11,19,+18.963,+0.685
3515.494,11,19,+19.357,+0.750
3521.619,11,19,+19.671,+0.748
3527.432,11,19,+19.890,+0.741
3531.741,11,19,+19.996,+0.666
3536.906,11,19,+20.267,+0.722
3540.45,11,19,+20.486,+0.751
3544.092,11,19,+20.659,+0.726
3546.162,11,19,+20.691,+0.650
3554.597,11,19,+20.992,+0.696
3560.187,11,19,+21.281,+0.794
3563.604,11,19,+21.450,+0.901
3567.142,11,19,+21.620,+0.945
3569.594,11,19,+21.848,+0.978
3572.108,11,19,+22.041,+1.055
3572.842,11,19,+22.069,+1.067
3576.373,11,19,+22.038,+1.049
3579.087,11,19,+21.887,+0.961
3581.523,11,19,+21.959,+0.935
3586.696,11,19,+22.235,+0.914
3590.042,11,19,+22.335,+0.810
3594.121,11,19,+22.615,+0.877
3597.093,11,19,+22.679,+0.955
3601.245,11,19,+22.889,+0.884
3607.449,11,19,+23.131,+0.866
3613.206,11,19,+23.278,+0.889
3617.515,11,19,+23.407,+0.925
3622.67,11,19,+23.606,+0.931
3626.186,11,19,+23.792,+0.925
3629.857,11,19,+24.015,+0.920
3631.95,11,19,+24.090,+0.879
3640.364,11,19,+24.360,+0.825
3645.911,11,19,+24.598,+0.847
3649.284,11,19,+24.726,+0.944
3652.888,11,19,+24.971,+0.999
3655.382,11,19,+25.245,+1.104
3657.921,11,19,+25.388,+1.124
3658.612,11,19,+25.410,+1.128
3662.127,11,19,+25.378,+1.082
3664.864,11,19,+25.212,+0.981
3667.309,11,19,+25.235,+0.976
3672.532,11,19,+25.497,+1.009
3675.866,11,19,+25.631,+0.990
3679.965,11,19,+25.918,+1.001
3682.936,11,19,+26.028,+1.032
3687.102,11,19,+26.245,+1.076
3693.228,11,19,+26.553,+1.090
3699.075,11,19,+26.773,+1.079
3703.433,11,19,+26.961,+1.112
3708.605,11,19,+27.292,+1.205
3712.167,11,19,+27.531,+1.212
3715.839,11,19,+27.753,+1.205
3717.902,11,19,+27.767,+1.144
3726.371,11,19,+28.116,+1.105
3731.933,11,19,+28.302,+1.137
3735.364,11,19,+28.442,+1.273
3738.952,11,19,+28.630,+1.334
3741.374,11,19,+28.785,+1.397
3743.921,11,19,+28.930,+1.453
3744.624,11,19,+28.953,+1.464
3748.218,11,19,+28.978,+1.498
3751.062,11,19,+28.960,+1.523
3753.499,11,19,+29.045,+1.570
3758.812,11,19,+29.375,+1.551
3762.125,11,19,+29.534,+1.482
3766.244,11,19,+29.721,+1.489
3769.159,11,19,+29.805,+1.510
3773.289,11,19,+30.063,+1.472
3779.377,11,19,+30.266,+1.338
3785.143,11,19,+30.414,+1.264
3789.424,11,19,+30.452,+1.235
3794.596,11,19,+30.792,+1.283
3798.159,11,19,+31.012,+1.302
3801.846,11,19,+31.195,+1.307
3803.846,11,19,+31.159,+1.243
3812.302,11,19,+31.408,+1.199
3817.865,11,19,+31.614,+1.274
3821.345,11,19,+31.760,+1.385
3824.984,11,19,+31.979,+1.438
3827.469,11,19,+32.161,+1.443
3829.997,11,19,+32.328,+1.446
3830.726,11,19,+32.356,+1.446
3834.323,11,19,+32.394,+1.453
3837.135,11,19,+32.383,+1.466
3839.697,11,19,+32.525,+1.531
3844.947,11,19,+32.802,+1.531
3848.274,11,19,+32.933,+1.415
3852.432,11,19,+33.210,+1.475
3855.391,11,19,+33.309,+1.517
3859.579,11,19,+33.554,+1.511
3865.688,11,19,+33.727,+1.425
3871.579,11,19,+33.872,+1.434
3875.897,11,19,+34.075,+1.454
3881.085,11,19,+34.295,+1.470
3884.71,11,19,+34.512,+1.539
3888.476,11,19,+34.719,+1.607
3890.496,11,19,+34.681,+1.571
3898.877,11,19,+34.838,+1.315
3904.47,11,19,+34.996,+1.396
3907.907,11,19,+35.092,+1.453
3911.47,11,19,+35.265,+1.433
3913.938,11,19,+35.450,+1.461
3916.485,11,19,+35.564,+1.485
3917.204,11,19,+35.585,+1.490
3920.798,11,19,+35.615,+1.507
3923.656,11,19,+35.612,+1.528
3926.153,11,19,+35.741,+1.591
3931.414,11,19,+35.972,+1.618
3934.752,11,19,+36.060,+1.564
3938.928,11,19,+36.315,+1.594
3941.914,11,19,+36.407,+1.635
3945.991,11,19,+36.569,+1.617
3952.243,11,19,+36.805,+1.622
3958.092,11,19,+36.982,+1.555
3962.436,11,19,+37.132,+1.619
3967.727,11,19,+37.514,+1.564
3971.358,11,19,+37.818,+1.598
3975.117,11,19,+38.096,+1.672
3977.164,11,19,+38.107,+1.643
3985.711,11,19,+38.394,+1.541
3991.289,11,19,+38.593,+1.588
3994.711,11,19,+38.723,+1.691
3998.383,11,19,+38.954,+1.705
4000.852,11,19,+39.185,+1.795
4003.368,11,19,+39.272,+1.802
4004.102,11,19,+39.289,+1.804
4007.693,11,19,+39.316,+1.817
4010.552,11,19,+39.314,+1.839
4013.036,11,19,+39.441,+1.936
4018.411,11,19,+39.799,+2.014
4021.802,11,19,+39.956,+1.957
4025.896,11,19,+40.199,+1.873
4028.88,11,19,+40.306,+1.899
4033.006,11,19,+40.519,+1.930
4039.24,11,19,+40.741,+2.000
4045.115,11,19,+40.896,+1.969
4049.427,11,19,+41.062,+1.974
4054.646,11,19,+41.238,+1.989
4058.209,11,19,+41.459,+2.011
4061.959,11,19,+41.630,+2.042
4063.99,11,19,+41.628,+1.983
4072.465,11,19,+41.790,+1.865
4078.116,11,19,+41.998,+1.874
4081.592,11,19,+42.110,+1.942
4085.148,11,19,+42.239,+1.950
4087.621,11,19,+42.365,+1.948
4090.11,11,19,+42.485,+1.963
4090.865,11,19,+42.507,+1.968
4094.432,11,19,+42.536,+1.991
4097.316,11,19,+42.535,+2.022
4099.768,11,19,+42.664,+2.070
4105.048,11,19,+42.835,+2.095
4108.444,11,19,+42.901,+1.983
4112.522,11,19,+43.151,+1.963
4115.542,11,19,+43.299,+2.027
4119.721,11,19,+43.529,+2.037
4125.969,11,19,+43.736,+2.104
4131.844,11,19,+43.884,+2.032
4136.125,11,19,+43.996,+2.094
4141.422,11,19,+44.325,+2.168
4145.025,11,19,+44.515,+2.171
4148.744,11,19,+44.721,+2.157
4150.775,11,19,+44.706,+2.071
4159.322,11,19,+44.918,+2.086
4164.947,11,19,+45.122,+2.174
4168.41,11,19,+45.262,+2.278
4172.026,11,19,+45.474,+2.353
4174.528,11,19,+45.651,+2.430
4177.106,11,19,+45.774,+2.474
4177.825,11,19,+45.796,+2.481
4181.341,11,18,+45.796,+2.481
4181.419,11,18,+45.841,+2.510
4184.309,11,18,+45.857,+2.540
4186.903,11,18,+45.985,+2.627
4192.169,11,18,+46.245,+2.695
4195.513,11,18,+46.322,+2.554
4199.669,11,18,+46.612,+2.579
4202.654,11,18,+46.729,+2.632
4206.841,11,18,+46.841,+2.617
4212.888,11,18,+46.950,+2.584
4218.81,11,18,+47.142,+2.600
4223.169,11,18,+47.291,+2.634
4228.419,11,18,+42.100,+2.605
4232.029,11,18,+42.355,+2.654
4235.807,11,18,+42.637,+2.772
4237.848,11,18,+42.686,+2.750
4246.416,11,18,+43.092,+2.773
4252.001,11,18,+43.270,+2.814
4255.526,11,18,+43.414,+2.886
4259.265,11,18,+43.816,+3.093
4268.869,11,19,+43.816,+3.093
4276.907,11,20,+43.816,+3.093
4278.526,11,21,+43.816,+3.093
4296.77,11,21,+69.393,+15.277
4299.6,11,21,+69.856,+15.499
4305.061,11,21,+70.183,+15.514
4308.365,11,21,+70.215,+15.407
4312.338,11,21,+70.300,+15.109
4315.372,11,21,+70.367,+15.079
4319.433,11,21,+70.489,+14.828
4325.37,11,21,+70.443,+14.457
4330.94,11,21,+70.326,+14.110
4335.1,11,21,+70.213,+13.842
4340.181,11,21,+70.247,+13.595
4343.601,11,21,+70.302,+13.404
4347.461,11,21,+70.633,+13.517
4349.578,11,21,+70.763,+13.606
4357.917,11,21,+71.003,+13.264
4363.261,11,21,+70.944,+12.905
4366.711,11,21,+70.969,+12.774
4370.244,11,21,+71.126,+27.188
4372.51,11,21,+71.166,+27.188
4374.916,11,21,+71.142,+27.188
4375.62,11,21,+71.146,+12.234
4379.245,11,21,+71.176,+12.234
4382.151,11,21,+71.224,+2.815
4384.597,11,21,+71.294,+2.233
4389.729,11,21,+71.397,+1.693
4393.01,11,21,+71.508,+1.610
4397.01,11,21,+71.525,+1.652
4399.964,11,21,+63.896,+1.752
4404.042,11,21,+63.923,+1.757
4409.995,11,21,+64.046,+1.771
4415.761,11,21,+64.090,+1.841
4420.026,11,21,+64.191,+1.927
4425.151,11,21,+64.208,+1.924
4428.683,11,21,+64.360,+1.889
4432.245,11,21,+64.404,+1.872
4434.338,11,21,+64.448,+1.903
4442.565,11,21,+64.484,+1.963
4447.911,11,21,+64.394,+1.951
4451.24,11,21,+64.338,+1.965
4454.802,11,21,+64.426,+1.927
4457.158,11,21,+64.421,+1.900
4459.611,11,21,+64.438,+1.861
4460.362,11,21,+68.788,+1.852
4463.827,11,20,+68.788,+1.852
4463.911,11,20,+64.420,+1.831
4466.874,11,20,+64.381,+1.834
4469.202,11,20,+64.376,+1.851
4474.27,11,20,+64.367,+1.825
4477.55,11,20,+64.295,+1.676
4481.503,11,20,+64.293,+1.650
4484.47,11,20,+64.318,+1.672
4488.45,11,20,+64.292,+1.628
4494.44,11,20,+64.398,+1.673
4500.159,11,20,+64.388,+1.638
4504.409,11,20,+64.445,+1.608
4509.477,11,20,+64.499,+1.636
4512.943,11,20,+64.532,+1.608
4516.608,11,20,+64.621,+1.651
4518.592,11,20,+64.599,+1.614
4526.924,11,20,+64.537,+1.644
4532.174,11,20,+64.474,+1.698
4535.533,11,20,+64.469,+1.724
4539.002,11,20,+64.540,+1.622
4541.372,11,20,+64.592,+1.617
4543.832,11,20,+64.617,+1.594
4544.545,11,20,+64.618,+1.590
4548.101,11,20,+64.599,+1.577
4550.936,11,20,+64.539,+1.063
4553.371,11,20,+64.525,+0.460
4558.601,11,20,+64.695,+0.188
4561.779,11,20,+64.539,+0.125
4565.812,11,20,+64.631,+0.269
4568.812,11,20,+61.143,+0.318
4573.031,11,20,+61.504,+0.483
4579.219,11,20,+61.834,+0.667
4585.057,11,20,+62.041,+0.856
4589.351,11,20,+62.171,+0.976
4594.43,11,20,+62.277,+0.936
4597.957,11,20,+62.454,+0.965
4601.619,11,20,+62.697,+1.127
4603.61,11,20,+62.690,+1.085
4612.043,11,20,+62.930,+1.263
4617.528,11,20,+63.141,+1.351
4620.927,11,20,+63.198,+1.440
4624.402,11,20,+63.322,+1.436
4626.897,11,20,+63.453,+1.507
4629.251,11,20,+63.562,+1.597
4629.932,11,20,+63.580,+1.620
4633.51,11,20,+63.596,+1.764
4636.361,11,20,+63.593,+1.912
4638.832,11,20,+63.658,+1.974
4643.969,11,20,+63.884,+1.745
4647.344,11,20,+63.999,+1.590
4651.266,11,20,+64.242,+1.562
4654.231,11,20,+64.379,+1.642
4658.357,11,20,+64.532,+1.616
4664.45,11,20,+64.784,+1.568
4670.184,11,20,+64.983,+1.464
4674.383,11,20,+65.037,+1.348
4679.557,11,20,+65.336,+1.332
4683.04,11,20,+65.533,+1.311
4686.78,11,20,+65.800,+1.341
4688.739,11,20,+65.824,+1.306
4697.047,11,20,+65.975,+1.207
4702.516,11,20,+66.223,+1.308
4705.891,11,20,+66.317,+1.375
4709.453,11,20,+66.571,+1.501
4711.829,11,20,+66.746,+1.562
4714.36,11,20,+66.906,+1.610
4715.063,11,20,+66.933,+1.620
4718.657,11,20,+66.970,+1.648
4721.469,11,20,+66.976,+1.680
4724.0,11,20,+67.051,+1.719
4729.032,11,20,+67.175,+1.629
4732.329,11,20,+67.294,+1.527
4736.297,11,20,+67.540,+1.514
4739.266,11,20,+67.657,+1.568
4743.344,11,20,+67.784,+1.585
4749.501,11,20,+68.088,+1.680
4755.282,11,20,+68.268,+1.591
4759.532,11,20,+68.359,+1.574
4764.626,11,20,+68.485,+1.469
4768.095,11,20,+68.625,+1.501
4771.782,11,20,+68.891,+1.555
4773.798,11,20,+68.892,+1.523
4782.157,11,20,+69.086,+1.524
4787.642,11,20,+69.248,+1.553
4790.992,11,20,+69.349,+1.622
4794.514,11,20,+69.552,+1.652
4796.889,11,20,+69.718,+1.651
4799.375,11,20,+69.829,+1.663
4800.088,11,20,+69.848,+1.669
4803.645,11,20,+69.872,+1.669
4806.41,11,19,+69.872,+1.669
4806.488,11,19,+69.871,+1.955
4808.949,11,19,+69.936,+1.843
4814.135,11,19,+70.199,+1.599
4817.492,11,19,+70.390,+1.444
4821.533,11,19,+70.621,+1.288
4824.529,11,19,+70.726,+1.273
4828.623,11,19,+70.862,+1.026
4834.754,11,19,+71.125,+0.921
4840.621,11,19,+71.330,+0.872
4844.871,11,19,+71.428,+0.714
4850.058,11,19,+71.701,+0.702
4853.668,11,19,+71.977,+0.660
4857.324,11,19,+72.182,+0.646
4859.333,11,19,+72.171,+0.580
4868.03,11,19,+72.554,+0.546
4873.476,11,19,+72.724,+0.473
4876.905,11,19,+72.852,+0.332
4880.548,11,19,+73.118,+0.384
4883.047,11,19,+73.385,+0.403
4885.627,11,19,+73.617,+0.466
4886.355,11,19,+73.651,+0.466
4889.859,11,19,+73.624,+0.358
4892.56,11,19,+73.482,+0.172
4894.942,11,19,+73.478,+0.047
4900.198,11,18,+73.478,+0.047
4900.274,11,18,+73.940,+2.800
4903.658,11,18,+74.100,+2.712
4907.712,11,18,+74.328,+2.731
4910.671,11,18,+74.462,+2.792
4914.765,11,18,+74.584,+2.786
4920.935,11,18,+74.851,+2.889
4926.799,11,18,+74.949,+2.851
4931.002,11,18,+75.091,+2.900
4936.235,11,18,+75.368,+2.954
4939.812,11,18,+75.638,+2.948
4943.512,11,18,+75.884,+2.965
4945.547,11,18,+75.903,+2.901
4953.985,11,19,+75.903,+2.901
4954.27,11,19,+76.321,+0.208
4959.954,11,19,+76.700,+0.577
4963.374,11,19,+76.822,+0.633
4966.987,11,19,+77.090,+0.798
4969.423,11,19,+77.303,+0.956
4971.955,11,19,+77.452,+1.038
4972.691,11,19,+77.474,+1.045
4976.183,11,19,+77.459,+0.994
4978.907,11,19,+77.345,+0.852
4981.313,11,19,+77.387,+0.838
4986.505,11,19,+77.543,+1.033
4989.855,11,19,+77.699,+1.125
4993.959,11,19,+77.958,+1.304
4996.906,11,19,+78.066,+1.349
5000.975,11,19,+78.196,+1.379
5007.115,11,19,+78.421,+1.604
5012.934,11,19,+78.641,+1.675
5017.201,11,19,+78.745,+1.710
5022.347,11,19,+78.995,+1.782
5025.914,11,19,+79.225,+1.859
5029.557,11,19,+79.419,+1.958
5031.576,11,19,+79.433,+1.988
5040.094,11,19,+79.595,+2.195
5045.614,11,19,+79.828,+2.380
5049.035,11,19,+79.923,+2.484
5052.582,11,19,+80.113,+2.559
5054.961,11,19,+80.286,+2.627
5057.479,11,19,+80.405,+2.617
5058.175,11,19,+80.429,+2.617
5061.779,11,19,+80.487,+2.631
5064.653,11,19,+80.521,+2.650
5067.099,11,19,+80.574,+2.692
5072.255,11,19,+80.846,+2.846
5075.617,11,19,+81.055,+2.869
5079.661,11,19,+81.297,+3.013
5082.629,11,19,+81.424,+3.086
5086.707,11,19,+81.465,+3.024
5092.875,11,19,+81.761,+3.231
5098.706,11,19,+81.802,+3.259
5103.037,11,19,+81.884,+3.348
5108.271,11,19,+82.119,+3.533
5111.808,11,19,+82.339,+3.578
5115.55,11,19,+82.654,+3.823
5117.86,11,19,+82.966,+4.143
5126.915,11,19,1 L,+4.722
5132.554,11,19,1 L,+4.906
5135.962,11,19,1 L,+5.022
5139.504,11,19,1 L,+5.132
5141.919,11,19,1 L,+5.208
5144.5,11,19,1 L,+5.316
5145.18,11,19,1 L,+5.335
5148.717,11,19,1 L,+5.755
5151.706,11,19,1 L,+5.882
5154.501,11,19,1 L,+6.272
5159.976,11,19,1 L,+6.222
5163.307,11,19,1 L,+6.100
5167.5,11,19,1 L,+6.115
5170.465,11,19,1 L,+6.166
5174.576,11,19,1 L,+6.112
5180.739,11,19,1 L,+6.151
5186.615,11,19,1 L,+6.180
5190.871,11,19,1 L,+6.156
5196.073,11,19,1 L,+6.161
5199.664,11,19,1 L,+6.262
5203.407,11,19,1 L,+6.338
5205.763,11,19,1 L,+6.642
5214.769,11,19,1 L,+7.233
5220.456,11,19,1 L,+7.376
5223.814,11,19,1 L,+7.449
5227.365,11,19,1 L,+7.560
5229.793,11,19,1 L,+7.659
5232.337,11,19,1 L,+7.736
5233.066,11,19,1 L,+7.749
5236.644,11,19,1 L,+7.787
5239.519,11,19,1 L,+7.828
5242.283,11,19,1 L,+8.237
5247.559,11,19,1 L,+8.224
5251.008,11,19,1 L,+8.176
5255.153,11,19,1 L,+8.236
5258.068,11,19,1 L,+7.867
5262.192,11,19,1 L,+7.383
5268.284,11,19,1 L,+7.213
5274.128,11,19,1 L,+7.156
5278.36,11,19,1 L,+7.054
5283.616,11,19,1 L,+7.088
5287.173,11,19,1 L,+7.116
5290.94,11,19,1 L,+7.121
5292.964,11,19,1 L,+6.634
5301.481,11,19,1 L,+6.353
5307.126,11,19,1 L,+6.463
5310.564,11,19,1 L,+6.551
5314.094,11,19,1 L,+6.524
5316.499,11,19,1 L,+6.567
5318.984,11,19,1 L,+6.552
5319.671,11,19,1 L,+6.557
5323.28,11,19,1 L,+6.658
5326.139,11,19,1 L,+6.820
5328.578,11,19,1 L,+6.898
5333.773,11,19,1 L,+6.616
5337.164,11,19,1 L,+5.713
5341.33,11,19,1 L,+5.644
5344.361,11,19,1 L,+5.712
5348.439,11,19,1 L,+5.532
5354.636,11,19,1 L,+4.896
5360.481,11,19,1 L,+4.679
5364.749,11,19,1 L,+4.566
5369.896,11,19,1 L,+4.410
5373.418,11,19,1 L,+4.319
5377.158,11,19,1 L,+4.361
5379.198,11,19,1 L,+4.293
5387.635,11,19,1 L,+4.320
5393.222,11,19,1 L,+4.448
5396.72,11,19,1 L,+4.553
5400.31,11,19,1 L,+4.662
5402.758,11,19,1 L,+4.762
5405.229,11,19,1 L,+4.771
5405.923,11,19,1 L,+4.777
5409.522,11,19,1 L,+4.815
5412.642,11,19,1 L,+5.047
5415.724,11,19,1 L,+5.845
5421.169,11,19,1 L,+6.006
5424.548,11,19,1 L,+5.967
5428.658,11,19,1 L,+6.091
5431.638,11,19,1 L,+6.143
5435.765,11,19,1 L,+6.238
5441.888,11,19,1 L,+6.311
5447.768,11,19,1 L,+6.305
5452.766,11,19,1 L,+7.020
5458.135,11,19,1 L,+7.225
5461.82,11,19,1 L,+7.443
5465.621,11,19,1 L,+7.498
5467.643,11,19,1 L,+7.384
5476.178,11,19,1 L,+7.577
5481.867,11,19,1 L,+7.776
5485.264,11,19,1 L,+7.946
5488.805,11,19,1 L,+7.996
5491.26,11,19,1 L,+8.112
5493.818,11,19,1 L,+8.165
5494.548,11,19,1 L,+8.172
5498.141,11,19,1 L,+8.188
5501.0,11,19,1 L,+8.200
5503.467,11,19,1 L,+8.254
5508.725,11,19,1 L,+8.310
5512.142,11,19,1 L,+8.304
5516.402,11,19,1 L,+8.531
5519.375,11,19,1 L,+8.619
5523.516,11,19,1 L,+8.697
5529.696,11,19,1 L,+8.784
5535.618,11,19,1 L,+8.810
5539.906,11,19,1 L,+8.788
5545.212,11,19,1 L,+8.903
5548.798,11,19,1 L,+9.022
5552.583,11,19,1 L,+9.086
5554.618,11,19,1 L,+8.997
5563.168,11,19,1 L,+9.161
5568.799,11,19,1 L,+9.331
5572.282,11,19,1 L,+9.478
5575.865,11,19,1 L,+9.593
5578.285,11,19,1 L,+9.654
5580.806,11,19,1 L,+9.681
5581.556,11,19,1 L,+9.689
5585.139,11,19,1 L,+9.714
5588.054,11,19,1 L,+9.765
5590.949,11,19,1 L,+10.245
5596.395,11,19,1 L,+10.460
5599.741,11,19,1 L,+10.377
5603.976,11,19,1 L,+10.344
5606.944,11,19,1 L,+10.161
5611.092,11,19,1 L,+10.166
5617.204,11,19,1 L,+9.523
5623.136,11,19,1 L,+9.490
5627.44,11,19,1 L,+9.399
5632.708,11,19,1 L,+9.492
5636.308,11,19,1 L,+9.482
5640.02,11,19,1 L,+9.356
5642.047,11,19,1 L,+8.956
5650.529,11,19,1 L,+8.689
5656.139,11,19,1 L,+8.681
5659.621,11,19,1 L,+8.754
5663.224,11,19,1 L,+8.769
5665.686,11,19,1 L,+8.856
5668.189,11,19,1 L,+8.851
5668.888,11,19,1 L,+8.855
5672.469,11,19,1 L,+8.889
5675.44,11,19,1 L,+8.932
5677.877,11,19,1 L,+8.988
5683.19,11,19,1 L,+9.042
5690.649,11,19,1 L,+9.057
5693.603,11,19,1 L,+9.096
5697.742,11,19,1 L,+9.109
5703.877,11,19,1 L,+9.196
5709.737,11,19,1 L,+9.166
5714.002,11,19,1 L,+8.176
5719.234,11,19,1 L,+8.031
5722.828,11,19,1 L,+8.042
5726.565,11,19,1 L,+8.034
5728.596,11,19,1 L,+7.942
5737.014,11,19,1 L,+7.911
5742.621,11,19,1 L,+8.016
5746.118,11,19,1 L,+8.142
5749.728,11,19,1 L,+8.108
5755.368,11,19,1 L,+4.767
5758.873,11,17,1 L,+4.767
5758.944,11,17,1 L,+21.358
5761.843,11,17,1 L,+21.354
5764.355,11,17,1 L,+20.901
5769.559,11,17,1 L,+20.728
5772.918,11,17,1 L,+20.685
5777.034,11,17,1 L,+20.756
5780.003,11,17,1 L,+20.768
5784.118,11,17,1 L,+20.543
5790.142,11,17,1 L,+20.555
5795.999,11,17,1 L,+20.538
5800.231,11,17,1 L,+20.524
5805.55,11,17,1 L,+20.690
5809.144,11,17,1 L,+20.732
5812.922,11,17,1 L,+20.934
5814.994,11,17,1 L,+20.969
5823.608,11,17,1 L,+21.125
5829.284,11,17,1 L,+33.005
5832.788,11,17,1 L,+33.222
5836.397,11,17,1 L,+33.197
5842.069,11,17,1 L,+21.470
5848.554,11,17,1 L,+10.727
5851.038,11,17,1 L,+10.219
5856.288,11,17,1 L,+9.492
5859.726,11,17,1 L,+9.448
5863.929,11,17,1 L,+9.770
5866.929,11,17,1 L,+9.892
5871.07,11,17,1 L,+9.825
5877.695,11,17,1 L,+10.620
5883.773,11,17,1 L,+10.929
5888.039,11,17,1 L,+10.935
5893.429,11,17,1 L,+11.132
5897.07,11,17,1 L,+11.212
5900.867,11,17,1 L,+11.460
5902.883,11,17,1 L,+11.437
5911.304,11,17,1 L,+11.522
5916.923,11,17,1 L,+11.833
5920.423,11,17,1 L,+12.037
5924.126,11,17,1 L,+12.365
5943.617,11,18,1 L,+12.365
5948.835,11,19,1 L,+12.365
5961.023,11,19,1 L,+9.187
5963.835,11,19,1 L,+9.520
5969.351,11,19,1 L,+9.878
5972.691,11,19,1 L,+9.964
5976.707,11,19,1 L,+9.850
5979.646,11,19,1 L,+9.866
5983.633,11,19,1 L,+9.688
5989.55,11,19,1 L,+9.597
5995.077,11,19,1 L,+9.341
5999.265,11,19,1 L,+9.122
6004.247,11,19,1 L,+9.022
6007.69,11,19,1 L,+8.899
6011.33,11,19,1 L,+8.855
6013.393,11,19,1 L,+8.780
6021.568,11,19,1 L,+8.431
6026.963,11,19,1 L,+8.253
6030.183,11,19,1 L,+8.126
6033.621,11,19,1 L,+8.059
6035.98,11,19,1 L,+7.997
6038.386,11,19,1 L,+7.936
6039.105,11,19,1 L,+7.922
6042.668,11,19,1 L,+7.890
6045.574,11,19,1 L,+7.893
6048.058,11,19,1 L,+7.851
6053.056,11,19,1 L,+7.729
6056.287,11,19,1 L,+7.683
6060.262,11,19,1 L,+7.496
6063.199,11,19,1 L,+7.480
6067.214,11,19,1 L,+7.254
6072.932,11,19,1 L,+6.971
6078.589,11,19,1 L,+6.785
6082.776,11,19,1 L,+6.608
6087.87,11,19,1 L,+6.507
6091.37,11,19,1 L,+6.420
6094.906,11,19,1 L,+6.326
6096.911,11,19,1 L,+6.246
6105.123,11,19,1 L,+6.063
6110.438,11,19,1 L,+5.847
6113.787,11,19,1 L,+5.732
6117.267,11,19,1 L,+5.737
6119.573,11,19,1 L,+5.647
6122.01,11,19,1 L,+5.590
6122.728,11,19,1 L,+5.576
6126.258,11,19,1 L,+5.534
6129.15,11,19,1 L,+5.510
6131.65,11,19,1 L,+5.477
6136.693,11,19,1 L,+5.396
6139.946,11,19,1 L,+5.345
6143.899,11,19,1 L,+5.137
6146.868,11,19,1 L,+5.132
6150.788,11,19,1 L,+4.909
6156.71,11,19,1 L,+4.714
6162.474,11,19,1 L,+4.590
6166.862,11,19,1 L,+4.466
6171.86,11,19,1 L,+4.418
6175.388,11,19,1 L,+4.374
6178.981,11,19,1 L,+4.307
6181.294,11,19,1 L,+4.530
6190.091,11,19,1 L,+4.803
6195.56,11,19,1 L,+4.724
6198.888,11,19,1 L,+4.657
6202.427,11,19,1 L,+4.700
6204.812,11,19,1 L,+4.689
6207.988,11,19,1 L,+4.649
6211.39,11,18,1 L,+4.649
6211.475,11,18,1 L,+4.518
6214.2,11,18,1 L,+4.306
6216.574,11,18,1 L,+4.212
6221.719,11,18,1 L,+4.176
6225.017,11,18,1 L,+4.108
6229.023,11,18,1 L,+4.032
6231.931,11,18,1 L,+4.014
6235.896,11,18,1 L,+3.827
6241.998,11,18,1 L,+3.863
6247.749,11,18,1 L,+3.685
6252.023,11,18,1 L,+3.555
6257.226,11,18,1 L,+3.622
6260.711,11,18,1 L,+3.512
6264.363,11,18,1 L,+3.497
6266.374,11,18,1 L,+3.412
6274.667,11,18,1 L,+3.251
6280.023,11,18,1 L,+2.516
6283.389,11,18,1 L,+2.427
6286.883,11,18,1 L,+2.285
6289.185,11,18,1 L,+2.139
6291.592,11,18,1 L,+2.029
6292.342,11,18,1 L,+2.010
6295.826,11,18,1 L,+2.011
6298.685,11,18,1 L,+2.054
6301.201,11,18,1 L,+2.104
6306.342,11,18,1 L,+2.087
6309.686,11,18,1 L,+2.063
6313.592,11,18,1 L,+1.889
6316.514,11,18,1 L,+1.852
6320.498,11,18,1 L,+1.624
6326.467,11,18,1 L,+1.532
6332.311,11,18,1 L,+1.468
6336.576,11,18,1 L,+1.284
6341.733,11,18,1 L,+1.273
6345.237,11,18,1 L,+1.242
6348.814,11,18,1 L,+1.168
6350.827,11,18,1 L,+1.096
6359.342,11,18,1 L,+1.139
6364.826,11,18,1 L,+0.995
6368.105,11,18,1 L,+0.894
6371.621,11,18,1 L,+0.886
6374.012,11,18,1 L,+0.877
6376.496,11,18,1 L,+0.843
6377.168,11,18,1 L,+0.830
6380.668,11,18,1 L,+0.720
6383.449,11,18,1 L,+0.591
6385.938,11,18,1 L,+0.601
6391.19,11,18,1 L,+0.636
6394.42,11,18,1 L,+0.473
6398.405,11,18,1 L,+0.407
6401.343,11,18,1 L,+0.362
6405.436,11,18,1 L,+0.332
6411.456,11,18,1 L,+0.271
6417.469,11,18,1 L,+0.308
6421.838,11,18,1 L,+0.346
6427.114,11,18,1 L,+0.402
6430.719,11,18,1 L,+0.441
6434.313,11,18,1 L,+0.437
6436.375,11,18,1 L,+0.404
6444.86,11,18,1 L,+0.341
6450.516,11,18,1 L,+0.299
6453.86,11,18,1 L,+0.364
6457.469,11,18,1 L,+0.452
6459.828,11,18,1 L,+0.458
6462.297,11,18,1 L,+0.417
6462.985,11,18,1 L,+0.399
6466.453,11,18,1 L,+0.247
6469.188,11,18,1 L,+0.054
6471.516,11,17,1 L,+0.054
6471.61,11,17,1 L,+18.217
6476.907,11,17,1 L,+18.536
6480.125,11,17,1 L,+18.532
6484.188,11,17,1 L,+18.697
6487.11,11,17,1 L,+18.699
6491.11,11,17,1 L,+18.617
6497.031,11,17,1 L,+18.674
6502.821,11,17,1 L,+18.764
6507.076,11,17,1 L,+18.814
6512.213,11,17,1 L,+18.937
6515.701,11,17,1 L,+19.032
6519.357,11,17,1 L,+19.179
6521.404,11,17,1 L,+19.188
6529.828,11,17,1 L,+19.405
6535.25,11,17,1 L,+19.496
6538.625,11,17,1 L,+19.574
6542.141,11,17,1 L,+19.684
6544.544,11,17,1 L,+19.763
6547.062,11,17,1 L,+19.810
6547.716,11,17,1 L,+19.818
6551.304,11,17,1 L,+19.845
6554.197,11,17,1 L,+19.861
6556.703,11,17,1 L,+19.964
6562.642,11,17,1 L,+20.985
6567.654,11,17,1 L,+22.819
6573.86,11,17,1 L,+25.168
6578.216,11,17,1 L,+26.594
6582.829,11,17,1 L,+27.129
6590.069,11,17,1 L,+24.773
6596.191,11,17,1 L,+24.285
6602.074,11,17,1 L,+23.696
6608.878,11,17,1 L,+24.146
6614.231,11,17,1 L,+24.117
6620.789,11,17,1 L,+25.351
6623.834,11,17,1 L,+25.726
6633.411,11,17,1 L,+25.939
6639.6,11,17,1 L,+26.182
6644.749,11,17,1 L,+27.300
6650.008,11,17,1 L,+27.880
6687.571,11,17,1 L,+49.658
6690.688,11,17,1 L,+49.539
6697.271,11,17,1 L,+50.333
6700.739,11,17,1 L,+49.755
6704.85,11,17,1 L,+48.997
6707.817,11,17,1 L,+48.255
6711.829,11,17,1 L,+47.248
6717.66,11,17,1 L,+45.822
6723.187,11,17,1 L,+44.713
6727.39,11,17,1 L,+42.785
6732.331,11,17,1 L,+41.422
6735.714,11,17,1 L,+39.605
6739.288,11,17,1 L,+39.026
6741.28,11,17,1 L,+38.829
6749.452,11,17,1 L,+38.146
6754.671,11,17,1 L,+37.988
6757.921,11,17,1 L,+37.966
6761.265,11,17,1 L,+37.892
6763.531,11,17,+211.010,+37.857
6765.937,11,17,+211.013,+37.807
6766.734,11,17,1 L,+37.801
6770.202,11,17,+210.862,+37.798
6773.187,11,17,1 L,+37.915
6776.249,11,17,1 L,+38.599
6781.499,11,17,2 L,+38.904
6784.624,11,17,2 L,+38.859
6788.494,11,17,2 L,+38.879
6791.393,11,17,2 L,+38.849
6795.353,11,17,2 L,+38.839
6801.159,11,17,2 L,+38.766
6806.822,11,17,2 L,+38.581
6810.916,11,17,2 L,+38.552
6815.917,11,17,2 L,+38.513
6819.347,11,17,2 L,+38.478
6822.831,11,17,2 L,+38.459
6824.894,11,17,2 L,+38.484
6833.037,11,17,2 L,+38.450
6838.262,11,17,2 L,+38.376
6841.618,11,17,2 L,+38.371
6845.06,11,17,2 L,+38.455
6847.41,11,17,2 L,+38.475
6849.819,11,17,2 L,+38.471
6850.514,11,17,2 L,+38.467
6854.063,11,17,2 L,+38.452
6857.077,11,17,2 L,+38.556
6859.98,11,17,2 L,+39.103
6865.193,11,17,2 L,+39.345
6868.537,11,17,2 L,+39.456
6872.428,11,17,2 L,+39.489
6875.615,11,17,2 L,+39.742
6880.178,11,17,2 L,+40.251
6886.178,11,17,2 L,+40.451
6892.1,11,17,2 L,+40.633
6897.147,11,17,2 L,+41.573
6902.397,11,17,2 L,+41.778
6905.897,11,17,2 L,+41.914
6909.475,11,17,2 L,+41.954
6911.475,11,17,2 L,+41.940
6919.673,11,17,2 L,+41.875
6924.913,11,17,2 L,+41.807
6928.226,11,17,2 L,+41.745
6931.507,11,17,2 L,+41.682
6936.195,11,17,2 L,+41.630
6936.882,11,17,2 L,+41.620
6940.398,11,17,2 L,+41.585
6943.273,11,17,2 L,+41.558
6945.679,11,17,2 L,+41.622
6950.648,11,17,2 L,+41.631
6953.835,11,17,2 L,+41.539
6957.742,11,17,2 L,+41.588
6960.64,11,17,2 L,+41.584
6964.57,11,17,2 L,+41.462
6970.414,11,17,2 L,+41.455
6976.036,11,17,2 L,+41.362
6980.194,11,17,2 L,+41.344
6985.169,11,17,2 L,+41.317
6988.564,11,17,2 L,+41.359
6992.173,11,17,2 L,+41.440
6994.153,11,17,2 L,+41.478
7002.411,11,17,2 L,+41.508
7007.629,11,17,2 L,+41.451
7010.923,11,17,2 L,+41.449
7014.332,11,17,2 L,+41.408
7016.595,11,17,2 L,+41.419
7019.03,11,17,2 L,+41.388
7019.71,11,17,2 L,+41.385
7023.251,11,17,2 L,+41.373
7026.126,11,17,2 L,+41.363
7028.564,11,17,2 L,+41.420
7033.58,11,17,2 L,+41.405
7036.752,11,17,2 L,+41.326
7040.642,11,17,2 L,+41.328
7043.548,11,17,2 L,+41.343
7047.542,11,17,2 L,+41.183
7053.326,11,17,2 L,+41.157
7058.945,11,17,2 L,+41.079
7063.07,11,17,2 L,+41.008
7068.077,11,17,2 L,+40.926
7071.495,11,17,2 L,+40.939
7075.078,11,17,2 L,+40.954
7077.138,11,17,2 L,+41.021
7085.392,11,17,2 L,+41.051
7090.798,11,17,2 L,+41.087
7095.611,11,17,2 L,+42.554
7099.595,11,17,2 L,+43.131
7101.939,11,17,2 L,+43.127
7104.345,11,17,2 L,+43.083
7105.048,11,17,2 L,+43.074
7108.517,11,17,2 L,+42.977
7111.236,11,17,2 L,+42.833
7113.595,11,17,2 L,+42.799
7118.705,11,17,2 L,+42.941
7122.002,11,17,2 L,+43.019
7125.877,11,17,2 L,+43.022
7128.782,11,17,2 L,+43.010
7132.78,11,17,2 L,+42.940
7138.656,11,17,2 L,+42.920
7144.421,11,17,2 L,+42.854
7148.543,11,17,2 L,+42.846
7153.697,11,17,2 L,+42.897
7157.151,11,17,2 L,+42.918
7160.755,11,17,2 L,+43.038
7162.765,11,17,2 L,+43.059
7171.065,11,17,2 L,+43.081
7176.333,11,17,2 L,+42.945
7179.659,11,17,2 L,+42.908
7183.034,11,17,2 L,+42.827
7185.362,11,17,2 L,+42.845
7187.784,11,17,2 L,+42.849
7188.503,11,17,2 L,+42.851
7192.018,11,17,2 L,+42.854
7194.909,11,17,2 L,+42.853
7197.346,11,17,2 L,+42.907
7202.425,11,17,2 L,+42.986
7205.721,11,17,2 L,+43.109
7209.643,11,17,2 L,+43.107
7212.612,11,17,2 L,+43.100
7216.581,11,17,2 L,+42.988
7222.596,11,17,2 L,+43.079
7228.3,11,17,2 L,+43.057
7232.454,11,17,2 L,+43.033
7237.509,11,17,2 L,+42.994
7240.962,11,17,2 L,+43.006
7244.571,11,17,2 L,+42.941
7246.602,11,17,2 L,+42.169
7254.743,11,17,2 L,+41.657
7260.102,11,17,2 L,+41.504
7263.431,11,17,2 L,+41.423
7266.852,11,17,2 L,+41.406
7269.177,11,17,2 L,+41.373
7271.581,11,17,2 L,+41.305
7272.285,11,17,2 L,+41.300
7275.855,11,17,2 L,+41.375
7278.693,11,17,2 L,+41.525
7281.149,11,17,2 L,+41.654
7286.231,11,17,2 L,+41.668
7289.465,11,17,2 L,+41.568
7293.34,11,17,2 L,+41.493
7296.246,11,17,2 L,+41.435
7300.184,11,17,2 L,+41.295
7306.121,11,17,2 L,+41.261
7311.961,11,17,2 L,+41.231
7316.019,11,17,2 L,+41.243
7321.191,11,17,2 L,+41.253
7324.597,11,17,2 L,+41.283
7328.16,11,17,2 L,+41.338
7330.176,11,17,2 L,+41.387
7338.347,11,17,2 L,+41.185
7343.941,11,17,2 L,+41.187
7347.16,11,17,2 L,+41.218
7350.629,11,17,2 L,+41.237
7352.972,11,17,2 L,+41.235
7355.397,11,17,2 L,+41.181
7356.073,11,17,2 L,+41.175
7359.634,11,17,2 L,+41.173
7362.509,11,17,2 L,+41.193
7365.009,11,17,2 L,+41.285
7370.103,11,17,2 L,+41.331
7373.322,11,17,2 L,+41.415
7377.306,11,17,2 L,+41.491
7380.244,11,17,2 L,+41.513
7384.291,11,17,2 L,+41.343
7390.242,11,17,2 L,+41.394
7396.016,11,17,2 L,+41.400
7400.176,11,17,2 L,+41.444
7405.456,11,17,2 L,+41.580
7408.947,11,17,2 L,+41.623
7412.727,11,17,2 L,+41.850
7415.136,11,17,2 L,+42.327
7423.891,11,17,2 L,+42.824
7429.43,11,17,2 L,+42.828
7432.758,11,17,2 L,+42.815
7436.21,11,17,2 L,+42.846
7438.581,11,17,2 L,+42.933
7441.128,11,17,2 L,+42.990
7441.816,11,17,2 L,+42.992
7445.31,11,17,2 L,+42.933
7448.17,11,17,2 L,+42.902
7451.092,11,17,2 L,+43.425
7456.492,11,17,2 L,+43.842
7459.746,11,17,2 L,+43.823
7463.936,11,17,2 L,+44.109
7466.935,11,17,2 L,+44.208
7470.984,11,17,2 L,+44.201
7477.07,11,17,2 L,+44.386
7482.864,11,17,2 L,+44.451
7487.052,11,17,2 L,+44.490
7492.297,11,17,2 L,+44.678
7495.884,11,17,2 L,+44.731
7499.751,11,17,2 L,+45.023
7502.392,11,17,2 L,+45.581
7511.056,11,17,2 L,+46.078
7516.66,11,17,2 L,+46.201
7520.028,11,17,2 L,+46.257
7523.455,11,17,2 L,+46.270
7525.893,11,17,2 L,+46.404
7528.382,11,17,2 L,+46.414
7532.538,11,17,2 L,+46.341
7535.273,11,17,2 L,+46.195
7537.737,11,17,2 L,+46.256
7542.945,11,17,2 L,+46.392
7546.246,11,17,2 L,+46.431
7550.24,11,17,2 L,+46.438
7553.17,11,17,2 L,+46.445
7557.308,11,17,2 L,+46.489
7563.993,11,17,2 L,+47.179
7570.408,11,17,2 L,+47.795
7575.721,11,17,2 L,+48.895
7581.157,11,17,2 L,+49.172
7584.7,11,17,2 L,+49.255
7588.464,11,17,2 L,+49.390
7590.455,11,17,2 L,+49.416
7599.017,11,17,2 L,+49.680
7604.642,11,17,2 L,+49.792
7608.096,11,17,2 L,+49.924
7611.551,11,17,2 L,+49.951
7613.93,11,17,2 L,+50.014
7616.446,11,17,2 L,+50.052
7617.165,11,17,2 L,+50.055
7620.68,11,17,2 L,+50.041
7623.571,11,17,2 L,+50.017
7625.993,11,17,2 L,+50.055
7631.274,11,17,2 L,+50.249
7634.587,11,17,2 L,+50.328
7638.618,11,17,2 L,+50.408
7641.509,11,17,2 L,+50.387
7645.555,11,17,2 L,+50.287
7651.593,11,17,2 L,+50.353
7657.39,11,17,2 L,+50.347
7661.562,11,17,2 L,+50.360
7666.749,11,17,2 L,+50.440
7670.218,11,17,2 L,+50.408
7673.9,11,17,2 L,+50.502
7675.899,11,17,2 L,+50.511
7684.214,11,17,2 L,+50.400
7689.718,11,17,2 L,+50.328
7693.104,11,17,2 L,+50.337
7696.496,11,17,2 L,+50.313
7701.355,11,17,2 L,+50.320
7705.602,11,17,2 L,+50.312
7708.493,11,17,2 L,+50.306
7711.008,11,17,2 L,+50.428
7716.243,11,17,2 L,+50.406
7719.337,11,17,2 L,+50.368
7723.384,11,17,2 L,+50.387
7726.305,11,17,2 L,+50.384
7730.305,11,17,2 L,+50.254
7736.29,11,17,2 L,+49.676
7742.075,11,17,2 L,+49.628
7746.325,11,17,2 L,+49.664
7751.481,11,17,2 L,+49.674
7755.012,11,17,2 L,+49.699
7758.669,11,17,2 L,+49.704
7760.7,11,17,2 L,+49.769
7768.919,11,17,2 L,+49.610
7774.341,11,17,2 L,+49.474
7777.716,11,17,2 L,+49.383
7781.231,11,17,2 L,+49.369
7783.601,11,17,2 L,+49.366
7786.057,11,17,2 L,+49.321
7786.83,11,17,2 L,+49.318
7790.321,11,17,2 L,+49.319
7793.208,11,17,2 L,+49.330
7795.645,11,17,2 L,+49.423
7800.864,11,17,2 L,+49.465
7804.161,11,17,2 L,+49.367
7808.255,11,17,2 L,+49.439
7811.114,11,17,2 L,+49.419
7815.115,11,17,2 L,+49.307
7821.102,11,17,2 L,+49.341
7826.988,11,17,2 L,+64.557
7831.051,11,17,2 L,+64.654
7836.285,11,17,2 L,+64.685
7843.457,11,17,2 L,+64.766
7845.437,11,17,2 L,+64.790
7853.729,11,17,2 L,+64.768
7859.225,11,17,2 L,+64.712
7862.61,11,17,2 L,+64.725
7866.15,11,17,2 L,+64.722
7871.695,11,17,2 L,+49.273
7878.085,11,17,2 L,+38.610
7880.57,11,17,2 L,+38.164
7885.742,11,17,2 L,+37.968
7889.023,11,17,2 L,+38.070
7893.092,11,17,2 L,+38.241
7896.002,11,17,2 L,+38.270
7899.985,11,17,2 L,+38.351
7905.954,11,17,2 L,+38.514
7911.782,11,17,2 L,+38.804
7915.925,11,17,2 L,+38.884
7921.095,11,17,2 L,+39.177
7924.604,11,17,2 L,+39.341
7928.238,11,17,2 L,+39.475
7930.26,11,17,2 L,+39.514
7938.644,11,17,2 L,+40.007
7944.175,11,17,2 L,+40.316
7947.644,11,17,2 L,+40.527
7951.144,11,17,2 L,+40.556
7953.519,11,17,2 L,+40.624
7956.05,11,17,2 L,+40.737
7956.738,11,17,2 L,+40.759
7960.316,11,17,2 L,+40.818
7963.472,11,17,2 L,+41.129
7966.597,11,17,2 L,+41.911
7972.191,11,17,2 L,+42.524
7975.551,11,17,2 L,+42.728
7979.707,11,17,2 L,+43.116
7982.676,11,17,2 L,+43.223
7986.801,11,17,2 L,+43.544
7992.802,11,17,2 L,+43.882
7998.701,11,17,2 L,+44.224
8002.989,11,17,2 L,+44.490
8008.18,11,17,2 L,+44.735
8011.743,11,17,2 L,+69.707
8015.352,11,17,2 L,+69.744
8017.383,11,17,2 L,+69.674
8025.743,11,17,2 L,+69.726
8031.202,11,17,2 L,+69.744
8034.687,11,17,2 L,+69.773
8038.265,11,17,2 L,+69.817
8043.874,11,17,2 L,+46.417
8050.26,11,17,2 L,+47.244
8052.781,11,17,2 L,+46.953
8057.95,11,17,2 L,+46.434
8061.262,11,17,2 L,+46.409
8065.341,11,17,2 L,+46.664
8068.325,11,17,2 L,+46.780
8072.294,11,17,2 L,+46.628
8078.341,11,17,2 L,+46.925
8084.231,11,17,2 L,+47.188
8088.466,11,17,2 L,+47.262
8093.638,11,17,2 L,+48.365
8097.169,11,17,2 L,+48.355
8100.825,11,17,2 L,+48.456
8102.825,11,17,2 L,+48.490
8111.107,11,17,2 L,+48.393
8116.716,11,17,2 L,+48.462
8120.216,11,17,2 L,+48.341
8123.697,11,17,2 L,+48.211
8126.076,11,17,2 L,+48.162
8128.525,11,17,2 L,+48.094
8129.212,11,17,2 L,+48.024
8132.806,11,17,2 L,+48.182
8135.712,11,17,2 L,+48.340
8138.134,11,17,2 L,+48.427
8143.353,11,17,2 L,+48.073
8146.744,11,17,2 L,+47.990
8150.759,11,17,2 L,+47.902
8153.712,11,17,2 L,+47.870
8157.744,11,17,2 L,+47.682
8163.791,11,17,2 L,+47.659
8169.609,11,17,2 L,+47.566
8173.84,11,17,2 L,+47.610
8179.001,11,17,2 L,+47.559
8182.533,11,17,2 L,+47.489
8186.166,11,17,2 L,+47.571
8188.166,11,17,2 L,+47.609
8196.604,11,17,2 L,+47.595
8202.104,11,17,2 L,+47.528
8205.635,11,17,2 L,+47.512
8209.097,11,17,2 L,+47.363
8211.487,11,17,2 L,+47.308
8214.044,11,17,2 L,+47.326
8214.776,11,17,2 L,+47.332
8218.303,11,17,2 L,+47.360
8221.191,11,17,2 L,+47.387
8223.707,11,17,2 L,+47.494
8228.945,11,17,2 L,+47.495
8232.308,11,17,2 L,+47.445
8236.409,11,17,2 L,+47.366
8239.366,11,17,2 L,+47.405
8243.46,11,17,2 L,+47.343
8249.585,11,17,2 L,+47.359
8255.445,11,17,2 L,+47.349
8259.663,11,17,2 L,+47.464
8264.914,11,17,2 L,+47.475
8268.445,11,17,2 L,+47.446
8272.101,11,17,2 L,+47.460
8274.117,11,17,2 L,+47.490
8282.483,11,17,2 L,+47.338
8288.026,11,17,2 L,+47.138
8291.574,11,17,2 L,+47.065
8295.011,11,17,2 L,+46.711
8300.67,11,17,2 L,+42.859
8307.184,11,17,2 L,+23.663
8309.714,11,17,2 L,+23.448
8314.964,11,17,2 L,+23.327
8318.308,11,17,2 L,+23.505
8322.495,11,17,2 L,+23.863
8325.448,11,17,2 L,+23.971
8329.527,11,17,2 L,+24.069
8336.199,11,17,3 L,+25.017
8342.074,11,17,3 L,+25.392
8346.355,11,17,3 L,+25.592
8351.667,11,17,3 L,+26.004
8355.263,11,17,3 L,+26.190
8358.908,11,17,3 L,+26.336
8360.946,11,17,3 L,+26.384
8369.391,11,17,3 L,+26.608
8374.89,11,17,3 L,+26.812
8378.406,11,17,3 L,+26.981
8381.968,11,17,3 L,+27.094
8384.359,11,17,3 L,+27.206
8386.921,11,17,3 L,+27.293
8387.515,11,17,3 L,+27.308
8391.078,11,17,3 L,+27.344
8393.946,11,17,3 L,+27.357
8396.48,11,17,3 L,+27.531
8401.699,11,17,3 L,+27.890
8405.09,11,17,3 L,+28.148
8409.777,11,17,3 L,+29.194
8415.184,11,17,3 L,+31.786
8421.28,11,17,3 L,+33.802
8430.421,11,17,3 L,+36.971
8438.201,11,17,3 L,+38.841
8447.327,11,17,3 L,+43.581
8454.061,11,17,3 L,+43.284
8458.936,11,17,3 L,+41.627
8463.592,11,17,3 L,+92.099
8466.006,11,17,3 L,+92.542
8474.974,11,17,3 L,+90.311
8480.578,11,17,3 L,+83.405
8484.234,11,17,3 L,+82.079
8488.187,11,17,3 L,+81.412
8494.5,11,17,3 L,+38.036
8498.363,11,16,3 L,+38.036
8498.45,11,16,3 L,+37.252
8502.115,11,16,3 L,+36.796
8505.447,11,16,3 L,+36.841
8511.27,11,16,3 L,+36.928
8515.209,11,16,3 L,+36.711
8520.178,11,16,3 L,+36.575
8523.858,11,16,3 L,+36.454
8528.418,11,16,3 L,+36.036
8536.059,11,16,3 L,+35.864
8544.45,11,16,3 L,+36.401
8553.762,11,16,3 L,+39.228
8559.501,11,16,3 L,+39.626
8563.4,11,16,3 L,+39.503
8567.322,11,16,3 L,+38.946
8569.494,11,16,3 L,+38.720
8578.172,11,16,3 L,+37.774
8584.021,11,16,3 L,+37.290
8588.601,11,16,3 L,+37.326
8594.442,11,16,3 L,+38.042
8598.239,11,16,3 L,+38.683
8601.833,11,16,3 L,+39.056
8602.786,11,16,3 L,+38.956
8606.723,11,16,3 L,+37.754
8609.631,11,16,3 L,+36.251
8612.285,11,16,3 L,+35.595
8618.219,11,16,3 L,+35.933
8622.251,11,16,3 L,+285.222
8627.422,11,16,3 L,+286.531
8631.375,11,16,3 L,+287.614
8635.735,11,16,3 L,+288.170
8641.797,11,16,3 L,+288.389
8647.532,11,16,3 L,+285.567
8651.672,11,15,3 L,+285.567
8651.735,11,15,3 L,+30.336
8656.86,11,15,3 L,+29.326
8660.345,11,15,3 L,+28.818
8664.085,11,15,3 L,+28.768
8666.085,11,15,3 L,+28.521
8674.461,11,15,3 L,+231.947
8679.941,11,15,3 L,+231.433
8683.309,11,15,3 L,+230.154
8686.841,11,15,3 L,+226.864
8692.419,11,15,3 L,+28.596
8695.903,11,14,3 L,+28.596
8695.981,11,14,3 L,+28.643
8698.872,11,14,3 L,+28.659
8701.247,11,14,3 L,+28.701
8706.45,11,14,3 L,+29.078
8709.794,11,14,3 L,+29.303
8713.786,11,14,3 L,+29.574
8716.645,11,14,3 L,+29.547
8720.677,11,14,3 L,+29.644
8726.77,11,14,3 L,+29.960
8732.494,11,14,3 L,+30.087
8736.708,11,14,3 L,+30.236
8741.986,11,14,3 L,+30.433
8745.377,11,14,3 L,+30.610
8749.064,11,14,3 L,+30.874
8751.064,11,14,3 L,+30.871
8759.294,11,14,3 L,+30.921
8764.712,11,14,3 L,+31.238
8768.148,11,14,3 L,+31.444
8771.597,11,14,3 L,+31.544
8773.987,11,14,3 L,+31.655
8776.494,11,14,3 L,+31.712
8777.209,11,14,3 L,+31.731
9036.717,11,14,3L,+31.731
6.86,77,20,,
3230.199,77,20,+2.219,
3232.933,77,19,+2.219,
3233.027,77,19,+1.861,+0.269
3237.058,77,19,+2.366,+0.198
3242.483,77,19,+3.435,+0.148
3246.027,77,19,+3.804,+0.210
3250.117,77,20,+3.804,+0.210
3250.277,77,20,+4.499,+0.053
3253.279,77,20,+4.651,+0.122
3258.043,77,20,+5.511,+0.317
3264.196,77,20,+6.043,+0.318
3270.189,77,20,+6.580,+0.427
3274.615,77,20,+6.944,+0.395
3280.042,77,20,+7.659,+0.376
3283.886,77,20,+8.146,+0.305
3287.511,77,20,+8.493,+0.417
3289.589,77,20,+8.576,+0.403
3298.497,77,20,+9.569,+0.642
3303.919,77,20,+10.010,+0.645
3307.529,77,20,+10.363,+0.619
3311.169,77,20,+10.619,+0.557
3313.576,77,20,+10.881,+0.529
3316.017,77,20,+10.980,+0.511
3316.71,77,20,+10.989,+0.512
3320.163,77,20,+10.868,+0.526
3322.866,77,20,+10.686,+0.551
3325.288,77,20,+10.729,+0.492
3330.554,77,20,+11.257,+0.546
3333.946,77,20,+11.488,+0.614
3338.054,77,20,+11.817,+0.607
3341.117,77,20,+11.933,+0.627
3345.507,77,20,+12.442,+0.740
3351.648,77,20,+12.869,+0.688
3357.557,77,20,+13.242,+0.744
3361.995,77,20,+13.482,+0.793
3367.261,77,20,+13.939,+0.936
3370.761,77,20,+14.086,+0.850
3374.355,77,20,+14.228,+0.904
3376.355,77,20,+14.250,+0.896
3384.808,77,20,+14.671,+0.853
3390.12,77,20,+14.828,+0.791
3393.418,77,20,+14.911,+0.749
3397.092,77,20,+15.107,+0.914
3399.558,77,20,+15.355,+1.000
3402.027,77,20,+15.496,+0.998
3402.761,77,20,+15.514,+1.001
3406.246,77,20,+15.458,+1.023
3408.949,77,20,+15.310,+1.040
3411.386,77,20,+15.342,+1.032
3416.543,77,20,+15.640,+1.032
3419.794,77,20,+15.805,+1.035
3423.871,77,20,+16.109,+1.057
3426.949,77,20,+16.233,+1.089
3431.199,77,20,+16.589,+1.189
3437.418,77,20,+16.949,+1.138
3443.137,77,20,+17.254,+1.160
3447.621,77,20,+17.498,+1.249
3452.777,77,20,+17.913,+1.310
3456.309,77,20,+18.108,+1.294
3459.981,77,20,+18.369,+1.272
3461.997,77,20,+18.413,+1.281
3470.465,77,20,+18.800,+1.263
3475.856,77,20,+18.954,+1.192
3479.2,77,20,+19.064,+1.194
3482.809,77,20,+19.296,+1.309
3485.3,77,20,+19.609,+1.408
3487.805,77,20,+19.753,+1.367
3488.508,77,20,+19.780,+1.368
3492.055,77,20,+19.811,+1.441
3494.917,77,20,+19.803,+1.587
3497.499,77,20,+19.992,+1.729
3502.639,77,20,+20.309,+1.775
3505.885,77,20,+20.414,+1.720
3510.01,77,20,+20.680,+1.747
3513.025,77,20,+20.781,+1.818
3517.338,77,20,+21.199,+1.842
3523.479,77,20,+21.535,+1.864
3529.362,77,20,+21.834,+1.944
3533.663,77,20,+21.921,+1.925
3538.828,77,20,+22.207,+1.940
3542.387,77,20,+22.410,+1.924
3546.024,77,20,+22.592,+1.933
3548.086,77,20,+22.662,+1.971
3556.61,77,20,+23.024,+2.032
3562.053,77,20,+23.178,+1.897
3565.472,77,20,+23.312,+1.862
3569.002,77,20,+23.488,+1.868
3571.583,77,20,+23.813,+1.965
3574.03,77,20,+23.964,+1.923
3574.748,77,20,+23.990,+1.921
3578.362,77,20,+24.021,+1.983
3581.222,77,20,+24.007,+2.120
3583.749,77,20,+24.188,+2.229
3588.893,77,20,+24.457,+2.222
3592.185,77,20,+24.536,+2.201
3596.345,77,20,+24.815,+2.200
3599.336,77,20,+24.899,+2.220
3603.638,77,20,+25.219,+2.330
3609.778,77,20,+25.526,+2.395
3615.663,77,20,+25.731,+2.453
3619.998,77,20,+25.865,+2.458
3625.217,77,20,+26.157,+2.551
3628.764,77,20,+26.348,+2.556
3632.435,77,20,+26.589,+2.574
3634.504,77,20,+26.658,+2.568
3642.989,77,20,+26.993,+2.633
3648.473,77,20,+27.174,+2.576
3651.902,77,20,+27.325,+2.599
3655.533,77,20,+27.595,+2.624
3658.05,77,20,+27.896,+2.651
3660.584,77,20,+28.074,+2.686
3661.294,77,20,+28.106,+2.696
3664.916,77,20,+28.164,+2.786
3667.722,77,20,+28.141,+2.929
3670.325,77,20,+28.273,+3.038
3675.463,77,20,+28.444,+2.947
3678.75,77,20,+28.534,+2.903
3682.968,77,20,+28.906,+2.988
3686.009,77,20,+29.053,+3.025
3690.253,77,20,+29.363,+3.118
3696.377,77,20,+29.682,+3.129
3702.214,77,20,+29.906,+3.133
3706.605,77,20,+30.078,+3.117
3711.777,77,20,+30.461,+3.169
3715.449,77,20,+30.759,+3.228
3719.058,77,20,+30.973,+3.220
3721.105,77,20,+30.984,+3.217
3729.605,77,20,+31.368,+3.252
3735.209,77,20,+31.554,+3.252
3738.577,77,20,+31.664,+3.222
3742.202,77,20,+31.883,+3.253
3744.671,77,20,+32.088,+3.303
3747.218,77,20,+32.262,+3.332
3747.968,77,20,+32.293,+3.340
3751.609,77,20,+32.349,+3.371
3754.421,77,20,+32.361,+3.401
3756.953,77,20,+32.508,+3.463
3762.206,77,20,+32.832,+3.457
3765.506,77,20,+32.941,+3.407
3769.627,77,20,+33.172,+3.451
3772.66,77,20,+33.306,+3.501
3776.862,77,20,+33.592,+3.529
3782.971,77,20,+33.837,+3.571
3788.831,77,20,+34.102,+3.688
3793.128,77,20,+34.205,+3.753
3798.362,77,20,+34.566,+3.774
3801.94,77,20,+34.798,+3.786
3805.643,77,20,+34.988,+3.793
3807.667,77,20,+34.967,+3.808
3816.162,77,20,+35.266,+3.858
3821.706,77,20,+35.431,+3.817
3825.187,77,20,+35.587,+3.827
3828.844,77,20,+35.862,+3.883
3831.374,77,20,+36.108,+3.947
3833.924,77,20,+36.259,+3.931
3834.648,77,20,+36.287,+3.931
3838.244,77,20,+36.345,+3.951
3841.103,77,20,+36.361,+3.978
3843.635,77,20,+36.518,+3.993
3848.944,77,20,+36.813,+4.011
3852.289,77,20,+36.966,+4.033
3856.501,77,20,+37.269,+4.059
3859.5,77,20,+37.427,+4.118
3863.797,77,20,+37.703,+4.149
3869.86,77,20,+37.913,+4.186
3875.757,77,20,+38.098,+4.226
3880.1,77,20,+38.293,+4.218
3885.476,77,20,+38.682,+4.387
3889.101,77,20,+38.914,+4.402
3892.814,77,20,+39.075,+4.356
3894.845,77,20,+39.045,+4.364
3903.407,77,20,+39.381,+4.543
3908.954,77,20,+39.505,+4.509
3912.454,77,20,+39.598,+4.506
3916.017,77,20,+39.817,+4.552
3918.532,77,20,+40.058,+4.608
3921.079,77,20,+40.180,+4.616
3921.876,77,20,+40.204,+4.619
3925.446,77,20,+40.260,+4.645
3928.304,77,20,+40.284,+4.672
3930.804,77,20,+40.396,+4.655
3936.068,77,20,+40.676,+4.704
3939.482,77,20,+40.828,+4.768
3943.745,77,20,+41.123,+4.808
3946.985,77,20,+41.274,+4.867
3951.104,77,20,+41.596,+5.027
3957.342,77,20,+41.918,+5.113
3963.248,77,20,+42.160,+5.178
3967.617,77,20,+42.317,+5.185
3972.914,77,20,+42.719,+5.205
3976.602,77,20,+43.063,+5.245
3980.352,77,20,+43.300,+5.204
3982.367,77,20,+43.312,+5.205
3991.071,77,20,+43.763,+5.369
3996.664,77,20,+44.011,+5.418
4000.164,77,20,+44.164,+5.441
4003.816,77,20,+44.399,+5.445
4006.271,77,20,+44.600,+5.415
4008.927,77,20,+44.725,+5.453
4009.567,77,20,+44.752,+5.463
4013.177,77,20,+44.820,+5.504
4016.036,77,20,+44.840,+5.526
4018.458,77,21,+44.840,+5.526
4018.521,77,21,+44.923,+5.526
4024.286,77,20,+44.923,+5.526
4024.364,77,20,+45.799,+6.000
4027.771,77,20,+45.959,+6.003
4032.038,77,20,+46.326,+6.127
4035.099,77,20,+46.524,+6.218
4039.427,77,20,+46.874,+6.355
4045.693,77,20,+47.180,+6.439
4051.615,77,20,+47.396,+6.500
4055.943,77,20,+47.570,+6.508
4061.224,77,20,+47.812,+6.574
4064.805,77,20,+48.040,+6.581
4068.487,77,20,+48.154,+6.524
4070.542,77,20,+48.182,+6.554
4079.105,77,20,+48.431,+6.641
4084.689,77,20,+48.576,+6.578
4088.169,77,20,+48.684,+6.574
4091.768,77,20,+48.893,+6.654
4094.248,77,20,+49.040,+6.675
4096.768,77,20,+49.182,+6.697
4097.536,77,20,+49.210,+6.703
4101.134,77,20,+49.268,+6.732
4104.019,77,20,+49.291,+6.756
4106.574,77,20,+49.471,+6.807
4111.834,77,20,+49.654,+6.819
4115.209,77,20,+49.774,+6.873
4119.428,77,20,+50.061,+6.910
4122.489,77,20,+50.212,+6.913
4126.922,77,20,+50.562,+7.033
4133.0,77,20,+50.792,+7.056
4139.031,77,20,+51.107,+7.223
4143.417,77,20,+51.281,+7.285
4148.791,77,20,+51.672,+7.347
4152.384,77,20,+51.867,+7.352
4156.103,77,20,+52.078,+7.357
4158.15,77,20,+52.124,+7.418
4166.9,77,20,+52.407,+7.489
4172.517,77,20,+52.704,+7.582
4176.028,77,20,+52.906,+7.644
4179.747,77,20,+53.214,+7.740
4182.278,77,20,+53.400,+7.740
4184.825,77,20,+53.529,+7.740
4185.591,77,20,+53.554,+7.758
4189.2,77,20,+53.619,+7.758
4192.075,77,20,+53.652,+1.471
4194.544,77,21,+53.652,+1.471
4194.591,77,21,+53.776,+1.471
4200.403,77,21,+54.509,+0.233
4203.903,77,21,+54.734,+0.203
4208.216,77,21,+55.184,+0.393
4211.31,77,21,+55.381,+0.425
4215.919,77,21,+55.955,+0.718
4222.263,77,21,+56.309,+0.952
4228.216,77,21,+51.255,+1.084
4232.685,77,21,+51.468,+1.097
4238.088,77,21,+51.771,+1.265
4241.707,77,21,+52.031,+1.268
4245.499,77,21,+52.318,+1.322
4247.6,77,21,+52.405,+1.246
4256.303,77,21,+52.967,+1.381
4261.951,77,21,+53.228,+1.406
4265.478,77,21,+53.384,+1.447
4269.15,77,21,+53.681,+1.531
4271.697,77,21,+53.918,+1.590
4274.274,77,21,+54.058,+1.652
4275.01,77,21,+55.532,+1.653
4278.526,77,20,+55.532,+1.653
4278.608,77,20,+54.113,+1.630
4281.465,77,20,+54.116,+0.798
4284.082,77,20,+54.357,+0.535
4289.489,77,20,+54.669,+0.483
4292.879,77,20,+54.808,+0.576
4297.207,77,20,+55.191,+1.055
4300.308,77,20,+55.288,+1.229
4304.727,77,20,+55.661,+1.419
4310.905,77,20,+55.986,+1.824
4316.859,77,20,+56.216,+2.117
4321.261,77,20,+56.371,+2.244
4326.594,77,20,+56.652,+2.239
4330.194,77,20,+56.898,+2.112
4333.944,77,20,+57.116,+2.149
4335.989,77,20,+57.157,+2.101
4344.679,77,20,+57.739,+2.153
4350.393,77,20,+58.039,+2.235
4353.915,77,20,+58.195,+2.270
4357.558,77,20,+58.458,+2.352
4360.104,77,20,+58.741,+2.438
4362.651,77,20,+58.887,+2.432
4363.386,77,20,+58.912,+2.426
4366.929,77,18,+58.912,+2.426
4367.01,77,18,+58.962,+2.408
4369.869,77,18,+58.983,+2.399
4372.494,77,18,+59.134,+2.423
4377.666,77,18,+59.358,+2.434
4381.075,77,18,+59.568,+2.459
4385.292,77,18,+59.817,+2.501
4388.307,77,18,+59.914,+2.523
4392.682,77,18,+60.281,+2.585
4398.745,77,18,+60.430,+2.630
4404.729,77,18,+53.071,+2.679
4409.104,77,18,+53.245,+2.587
4414.432,77,18,+53.486,+2.592
4418.089,77,18,+53.785,+2.532
4421.839,77,18,+54.001,+2.569
4423.901,77,18,+54.030,+2.504
4432.511,77,18,+54.397,+2.481
4438.105,77,18,+54.579,+2.532
4441.632,77,18,+54.733,+2.501
4445.575,77,18,+55.230,+2.846
4453.895,77,19,+55.230,+2.846
4461.955,77,20,+55.230,+2.846
4463.827,77,21,+55.230,+2.846
4482.008,77,21,+79.644,+15.263
4484.931,77,21,+80.127,+15.751
4490.44,77,21,+80.556,+16.189
4493.752,77,21,+80.523,+16.228
4497.784,77,21,+80.573,+16.280
4500.831,77,21,+80.669,+16.351
4505.018,77,21,+80.779,+16.487
4511.003,77,21,+80.962,+16.564
4516.804,77,21,+81.005,+16.617
4521.319,77,21,+81.368,+16.923
4526.471,77,21,+81.471,+16.972
4530.143,77,21,+81.721,+17.189
4534.736,77,21,+82.788,+18.167
4538.377,77,21,1 L,+19.779
4547.378,77,21,1 L,+20.493
4553.166,77,21,1 L,+20.872
4558.447,77,21,1 L,+22.911
4563.367,77,21,1 L,+24.395
9036.717,77,21,51L,14L
6.86,18,21,,
3230.574,18,21,+2.971,+0.752
3233.824,18,21,+2.639,+0.492
3237.387,18,21,+3.218,+0.776
3242.937,18,21,+4.032,+0.469
3246.617,18,21,+4.433,+0.564
3250.789,18,21,+5.005,+0.506
3253.822,18,21,+5.163,+0.512
3258.355,18,21,+5.878,+0.367
3264.716,18,21,+6.592,+0.549
3270.772,18,21,+7.156,+0.576
3275.334,18,21,+7.666,+0.722
3280.62,18,21,+8.265,+0.606
3284.464,18,21,+8.747,+0.601
3288.198,18,21,+9.157,+0.664
3290.401,18,21,+9.317,+0.741
3298.95,18,21,+10.080,+0.511
3304.607,18,21,+10.595,+0.585
3307.997,18,21,+10.929,+0.566
3311.685,18,21,+11.245,+0.626
3314.159,18,21,+11.483,+0.602
3316.694,18,21,+11.634,+0.654
3317.382,18,21,+11.659,+0.670
3320.898,18,21,+11.608,+0.740
3323.648,18,21,+11.454,+0.768
3326.179,18,21,+11.592,+0.863
3331.318,18,21,+11.955,+0.698
3334.637,18,21,+12.123,+0.635
3338.679,18,21,+12.452,+0.635
3341.71,18,21,+12.550,+0.617
3346.179,18,21,+13.134,+0.692
3352.226,18,21,+13.460,+0.591
3358.139,18,21,+13.826,+0.584
3362.667,18,21,+14.140,+0.658
3367.823,18,21,+14.537,+0.598
3371.464,18,21,+14.786,+0.700
3375.167,18,21,+15.056,+0.828
3377.292,18,21,+15.156,+0.906
3385.745,18,21,+15.595,+0.924
3391.121,18,21,+15.804,+0.976
3394.461,18,21,+15.950,+1.039
3398.04,18,21,+16.067,+0.960
3400.48,18,21,+16.245,+0.890
3402.995,18,21,+16.417,+0.921
3403.761,18,21,+16.447,+0.933
3407.324,18,21,+16.481,+1.023
3410.121,18,21,+16.461,+1.151
3412.542,18,21,+16.489,+1.147
3417.621,18,21,+16.693,+1.053
3420.886,18,21,+16.857,+1.052
3424.918,18,21,+17.135,+1.026
3427.933,18,21,+17.238,+1.005
3432.168,18,21,+17.603,+1.014
3438.293,18,21,+17.883,+0.934
3444.199,18,21,+18.182,+0.928
3448.496,18,21,+18.406,+0.908
3453.59,18,21,+18.742,+0.829
3457.262,18,21,+19.056,+0.948
3460.887,18,21,+19.307,+0.938
3463.027,18,21,+19.427,+1.014
3471.528,18,21,+19.855,+1.055
3476.903,18,21,+20.036,+1.082
3480.356,18,21,+20.191,+1.127
3483.887,18,21,+20.414,+1.118
3486.361,18,21,+20.664,+1.055
3488.899,18,21,+20.835,+1.082
3489.602,18,21,+20.872,+1.092
3493.212,18,21,+20.936,+1.125
3496.087,18,21,+20.942,+1.139
3498.563,18,21,+21.021,+1.029
3503.748,18,21,+21.377,+1.068
3507.103,18,21,+21.552,+1.138
3511.088,18,21,+21.780,+1.100
3514.088,18,21,+21.842,+1.061
3518.291,18,21,+22.188,+0.989
3524.369,18,21,+22.415,+0.880
3530.241,18,21,+22.701,+0.867
3534.663,18,21,+22.912,+0.991
3539.78,18,21,+23.158,+0.951
3543.503,18,21,+23.524,+1.114
3547.249,18,21,+23.770,+1.178
3549.341,18,21,+23.893,+1.231
3557.822,18,21,+24.222,+1.198
3563.307,18,21,+24.418,+1.240
3566.7,18,21,+24.553,+1.241
3570.283,18,21,+24.775,+1.287
3572.733,18,21,+25.030,+1.217
3575.311,18,21,+25.220,+1.256
3576.014,18,21,+25.258,+1.268
3579.649,18,21,+25.320,+1.299
3582.505,18,21,+25.309,+1.302
3584.911,18,21,+25.336,+1.148
3590.105,18,21,+25.659,+1.202
3593.536,18,21,+25.849,+1.313
3597.622,18,21,+26.123,+1.308
3600.617,18,21,+26.180,+1.281
3604.863,18,21,+26.512,+1.293
3610.95,18,21,+26.702,+1.176
3616.889,18,21,+26.971,+1.240
3621.279,18,21,+27.143,+1.278
3626.404,18,21,+27.350,+1.193
3629.998,18,21,+27.593,+1.245
3633.669,18,21,+27.818,+1.229
3635.77,18,21,+27.923,+1.265
3644.645,18,21,+28.651,+1.658
3650.187,18,21,+28.881,+1.707
3653.711,18,21,+29.081,+1.756
3657.471,18,22,+29.081,+1.756
3658.028,18,22,+30.128,+0.506
9036.717,18,22,61L,10L
6.86,14,22,,
3238.668,14,22,+7.482,+4.843
3241.483,14,22,+7.775,+4.557
3247.048,14,22,+8.127,+4.095
3250.289,14,22,+8.147,+3.714
3254.345,14,22,+8.538,+3.533
3257.371,14,22,+8.589,+3.426
3261.437,14,22,+8.836,+2.958
3267.317,14,22,+9.117,+2.525
3272.928,14,22,+9.346,+2.190
3277.378,14,22,+9.643,+1.977
3282.495,14,22,+10.058,+1.793
3286.089,14,22,+10.376,+1.629
3289.808,14,22,+10.727,+1.570
3291.997,14,22,+10.901,+1.584
3300.388,14,22,+11.463,+1.383
3305.747,14,22,+11.787,+1.192
3309.154,14,22,+12.086,+1.157
3312.81,14,22,+12.351,+1.106
3315.338,14,22,+12.633,+1.150
3317.788,14,22,+12.733,+1.099
3318.476,14,22,+12.753,+1.094
3322.101,14,22,+12.773,+1.165
3325.023,14,22,+12.827,+1.373
3327.616,14,22,+12.984,+1.392
3332.617,14,22,+13.261,+1.306
3335.902,14,22,+13.396,+1.273
3339.96,14,22,+13.723,+1.271
3343.007,14,22,+13.829,+1.279
3347.273,14,22,+14.198,+1.064
3353.226,14,22,+14.418,+0.958
3358.99,14,22,+14.666,+0.840
3363.401,14,22,+14.888,+0.748
3368.448,14,22,+15.158,+0.621
3372.073,14,22,+15.417,+0.631
3375.73,14,22,+15.610,+0.554
3377.87,14,22,+15.742,+0.586
3386.355,14,22,+16.228,+0.633
3391.746,14,22,+16.463,+0.659
3395.139,14,22,+16.613,+0.663
3398.67,14,22,+16.690,+0.623
3401.12,14,22,+16.863,+0.618
3403.558,14,22,+16.973,+0.556
3404.339,14,22,+16.991,+0.544
3407.793,14,22,+17.000,+0.519
3410.699,14,22,+17.048,+0.587
3413.246,14,22,+17.195,+0.706
3418.386,14,22,+17.480,+0.787
3421.668,14,22,+17.663,+0.806
3425.73,14,22,+17.974,+0.839
3428.886,14,22,+18.188,+0.950
3433.168,14,22,+18.570,+0.967
3439.137,14,22,+18.755,+0.872
3444.902,14,22,+19.007,+0.825
3449.246,14,22,+19.220,+0.814
3454.34,14,22,+19.475,+0.733
3457.965,14,22,+19.770,+0.714
3461.699,14,22,+20.102,+0.795
3463.918,14,22,+20.295,+0.868
3472.387,14,22,+20.728,+0.873
3477.793,14,22,+20.913,+0.877
3481.293,14,22,+21.106,+0.915
3484.792,14,22,+21.296,+0.882
3487.265,14,22,+21.552,+0.888
3489.79,14,22,+21.731,+0.896
3490.493,14,22,+21.766,+0.894
3494.05,14,22,+21.780,+0.844
3496.809,14,22,+21.677,+0.735
3499.201,14,22,+21.707,+0.686
3504.44,14,22,+22.070,+0.693
3507.822,14,22,+22.310,+0.758
3511.838,14,22,+22.516,+0.736
3514.933,14,22,+22.685,+0.843
3519.182,14,22,+23.093,+0.905
3525.244,14,22,+23.282,+0.867
3531.044,14,22,+23.512,+0.811
3535.5,14,22,+23.763,+0.851
3540.575,14,22,+23.975,+0.817
3544.212,14,22,+24.239,+0.715
3547.905,14,22,+24.472,+0.702
3550.121,14,22,+24.654,+0.761
3558.594,14,22,+25.004,+0.782
3564.051,14,22,+25.147,+0.729
3567.443,14,22,+25.274,+0.721
3570.886,14,22,+25.373,+0.598
3573.295,14,22,+25.588,+0.558
3575.874,14,22,+25.769,+0.549
3576.573,14,22,+25.801,+0.543
3580.149,14,22,+25.783,+0.463
3582.836,14,22,+25.637,+0.328
3585.293,14,22,+25.710,+0.374
3590.568,14,22,+26.097,+0.438
3594.0,14,22,+26.311,+0.462
3597.994,14,22,+26.524,+0.401
3601.162,14,22,+26.717,+0.537
3605.524,14,22,+27.162,+0.650
3611.663,14,22,+27.429,+0.727
3617.467,14,22,+27.523,+0.552
3621.842,14,22,+27.732,+0.589
3627.045,14,22,+27.929,+0.579
3630.603,14,22,+28.189,+0.596
3634.254,14,22,+28.402,+0.584
3636.457,14,22,+28.587,+0.664
3644.926,14,22,+28.940,+0.289
3650.4,14,22,+29.150,+0.269
3653.842,14,22,+29.287,+0.206
3657.471,14,21,+29.287,+0.206
3657.558,14,21,+29.622,+2.027
3660.052,14,21,+29.905,+2.009
3662.621,14,21,+30.068,+1.994
3663.364,14,21,+30.102,+1.996
3666.939,14,21,+30.140,+1.976
3669.694,14,21,+30.052,+1.911
3672.225,14,21,+30.174,+1.901
3677.358,14,21,+30.323,+1.879
3680.613,14,21,+30.358,+1.824
3684.658,14,21,+30.637,+1.731
3687.773,14,21,+30.848,+1.795
3692.02,14,21,+31.149,+1.786
3698.15,14,21,+31.471,+1.789
3703.995,14,21,+31.697,+1.791
3708.402,14,21,+31.932,+1.854
3713.527,14,21,+32.214,+1.753
3717.12,14,21,+32.489,+1.730
3720.808,14,21,+32.705,+1.732
3722.996,14,21,+32.849,+1.865
3731.455,14,21,+33.198,+1.830
3736.983,14,21,+33.388,+1.834
3740.437,14,21,+33.526,+1.862
3743.937,14,21,+33.615,+1.732
3746.358,14,21,+33.762,+1.674
3748.89,14,21,+33.882,+1.620
3749.577,14,21,+33.908,+1.615
3753.187,14,21,+33.957,+1.608
3756.062,14,21,+33.969,+1.608
3758.609,14,21,+34.131,+1.623
3763.803,14,21,+34.374,+1.542
3767.243,14,21,+34.511,+1.570
3771.206,14,21,+34.740,+1.568
3774.322,14,21,+34.966,+1.660
3778.487,14,21,+35.299,+1.707
3784.627,14,21,+35.510,+1.673
3790.409,14,21,+35.678,+1.576
3794.799,14,21,+35.855,+1.650
3799.909,14,21,+36.073,+1.507
3803.44,14,21,+36.287,+1.489
3807.113,14,21,+36.441,+1.453
3809.318,14,21,+36.564,+1.597
3817.693,14,21,+36.791,+1.525
3823.262,14,21,+36.953,+1.522
3826.672,14,21,+37.088,+1.501
3830.208,14,21,+37.184,+1.322
3832.685,14,21,+37.397,+1.289
3835.213,14,21,+37.528,+1.269
3835.916,14,21,+37.554,+1.267
3839.51,14,21,+37.605,+1.260
3842.385,14,21,+37.617,+1.256
3844.853,14,21,+37.702,+1.184
3850.07,14,21,+37.915,+1.102
3853.384,14,21,+38.028,+1.062
3857.438,14,21,+38.208,+0.939
3860.469,14,21,+38.399,+0.972
3864.735,14,21,+38.718,+1.015
3870.907,14,21,+38.944,+1.031
3876.804,14,21,+39.089,+0.991
3881.21,14,21,+39.400,+1.107
3886.304,14,21,+39.517,+0.835
3889.897,14,21,+39.709,+0.795
3893.579,14,21,+39.848,+0.773
3895.766,14,21,+39.921,+0.876
3904.298,14,21,+40.270,+0.889
3909.923,14,21,+40.396,+0.891
3913.314,14,21,+40.467,+0.869
3916.813,14,21,+40.589,+0.772
3919.282,14,21,+40.826,+0.768
3921.876,14,21,+40.924,+0.744
3922.564,14,21,+40.945,+0.741
3926.104,14,21,+40.934,+0.674
3928.867,14,21,+40.834,+0.550
3931.391,14,21,+40.980,+0.584
3936.67,14,21,+41.229,+0.553
3940.032,14,21,+41.323,+0.495
3944.114,14,21,+41.522,+0.399
3947.266,14,21,+41.722,+0.448
3951.645,14,21,+42.173,+0.577
3957.764,14,21,+42.341,+0.423
3963.733,14,21,+42.621,+0.461
3968.164,14,21,+42.916,+0.599
3973.43,14,21,+43.231,+0.512
3977.086,14,21,+43.579,+0.516
3980.867,14,21,+43.842,+0.542
3983.024,14,21,+43.931,+0.619
3991.649,14,21,+44.342,+0.579
3997.274,14,21,+44.583,+0.572
4000.743,14,21,+44.747,+0.583
4004.302,14,21,+44.905,+0.506
4006.911,14,21,+45.130,+0.530
4009.333,14,21,+45.210,+0.485
4010.021,14,21,+45.226,+0.474
4013.552,14,21,+45.190,+0.370
4016.286,14,21,+45.042,+0.202
4018.458,14,20,+45.042,+0.202
4018.552,14,20,+44.920,+5.479
4024.286,14,21,+44.920,+5.479
4024.786,14,21,+46.182,+0.383
4028.443,14,21,+46.596,+0.637
4032.668,14,21,+46.994,+0.668
4035.786,14,21,+47.218,+0.694
4040.162,14,21,+47.641,+0.767
4046.427,14,21,+47.910,+0.730
4052.287,14,21,+48.073,+0.677
4056.709,14,21,+48.373,+0.803
4061.912,14,21,+48.493,+0.681
4065.511,14,21,+48.748,+0.708
4069.254,14,21,+48.898,+0.744
4071.426,14,21,+49.036,+0.854
4080.009,14,21,+49.320,+0.889
4085.641,14,21,+49.525,+0.949
4089.095,14,21,+49.622,+0.938
4092.698,14,21,+49.793,+0.900
4095.237,14,21,+50.026,+0.986
4097.792,14,21,+50.151,+0.969
4098.5,14,21,+50.176,+0.966
4102.048,14,21,+50.172,+0.904
4104.826,14,21,+50.080,+0.789
4107.415,14,21,+50.242,+0.771
4112.631,14,21,+50.419,+0.765
4115.969,14,21,+50.478,+0.704
4120.168,14,21,+50.801,+0.740
4123.172,14,21,+50.925,+0.713
4127.562,14,21,+51.329,+0.767
4133.828,14,21,+51.600,+0.808
4139.703,14,21,+51.741,+0.634
4144.056,14,21,+51.951,+0.670
4149.322,14,21,+52.223,+0.551
4152.978,14,21,+52.469,+0.602
4156.65,14,21,+52.639,+0.561
4158.806,14,21,+52.724,+0.600
4167.478,14,21,+53.043,+0.636
4173.009,14,21,+53.195,+0.491
4176.513,14,21,+53.380,+0.474
4180.154,14,21,+53.616,+0.402
4182.716,14,21,+53.840,+0.440
4185.278,14,21,+53.936,+0.407
4185.95,14,21,+53.952,+0.398
4189.481,14,21,+53.910,+0.291
4192.2,14,21,+53.760,+0.108
4194.544,14,20,+53.760,+0.108
4194.622,14,20,+53.769,+1.037
4200.185,14,20,+54.276,+1.119
4203.716,14,20,+54.531,+1.263
4207.841,14,20,+54.791,+1.514
4210.888,14,20,+54.956,+1.705
4215.216,14,20,+55.237,+1.778
4221.294,14,20,+55.357,+2.008
4227.169,14,20,+50.171,+2.229
4231.607,14,20,+50.371,+2.511
4236.827,14,20,+50.506,+2.795
4240.455,14,20,+50.763,+3.052
4244.155,14,20,+50.996,+3.258
4246.363,14,20,+51.159,+3.372
4254.928,14,20,+51.586,+3.760
4260.576,14,20,+51.822,+4.069
4264.041,14,20,+51.937,+4.329
4267.634,14,20,+52.150,+4.340
4270.088,14,20,+52.328,+4.340
4272.634,14,20,+52.406,+4.340
4273.368,14,20,+53.879,+4.189
4276.907,14,19,+53.879,+4.189
4276.988,14,19,+52.483,+4.189
4279.815,14,18,+52.483,+4.189
4279.908,14,18,+52.535,+4.612
4282.442,14,18,+52.678,+4.693
4287.723,14,18,+52.858,+4.914
4291.114,14,18,+52.999,+4.906
4295.239,14,18,+53.180,+5.080
4298.207,14,18,+53.197,+5.215
4302.495,14,18,+53.541,+5.328
4308.617,14,18,+53.722,+5.489
4314.464,14,18,+53.850,+5.680
4318.761,14,19,+53.850,+5.680
4318.979,14,19,+54.127,+0.171
4324.354,14,19,+54.413,+0.290
4328.148,14,19,+54.786,+0.577
4331.775,14,19,+54.967,+0.682
4333.908,14,19,+55.056,+0.629
4342.523,14,19,+55.586,+1.010
4348.148,14,19,+55.804,+1.270
4351.644,14,19,+55.925,+1.494
4355.198,14,19,+56.106,+1.499
4357.683,14,19,+56.303,+1.568
4360.245,14,19,+56.455,+1.757
4360.995,14,19,+56.486,+1.794
4364.526,14,17,+56.486,+1.794
4364.604,14,17,+56.554,+1.885
4367.526,14,17,+56.584,+1.908
4370.057,14,17,+56.711,+1.974
4375.276,14,17,+56.924,+2.180
4378.604,14,17,+57.109,+2.224
4382.791,14,17,+57.316,+2.633
4385.792,14,17,+57.391,+2.759
4390.026,14,17,+57.696,+2.994
4396.135,14,17,+57.800,+3.195
4402.073,14,17,+50.392,+3.395
4406.479,14,17,+50.658,+3.663
4411.823,14,17,+50.894,+3.955
4415.526,14,17,+51.253,+4.150
4419.276,14,17,+51.432,+4.303
4421.511,14,17,+51.526,+4.352
4429.979,14,17,+51.916,+4.712
4435.549,14,17,+52.047,+4.872
4439.109,14,17,+52.232,+5.112
4442.729,14,17,+52.384,+5.298
4445.256,14,17,+52.533,+5.454
4447.802,14,17,+52.644,+5.454
4448.552,14,17,+57.017,+5.613
4452.193,14,17,+52.727,+5.613
4455.036,14,16,+52.727,+5.613
4455.13,14,16,+52.756,+1.901
4457.671,14,16,+52.844,+1.614
4462.94,14,16,+53.026,+1.314
4466.328,14,16,+53.071,+1.496
4470.53,14,16,+53.310,+1.795
4473.53,14,16,+53.368,+1.924
4477.818,14,16,+53.651,+2.174
4483.995,14,16,+53.937,+2.585
4489.834,14,16,+54.070,+2.903
4494.268,14,16,+54.311,+3.191
4499.487,14,16,+54.508,+3.413
4503.112,14,16,+54.686,+3.592
4506.895,14,16,+54.868,+3.764
4508.933,14,16,+54.935,+3.803
4517.487,14,16,+55.153,+4.265
4523.079,14,16,+55.319,+4.519
4526.58,14,16,+55.512,+4.745
4530.111,14,16,+55.666,+4.900
4532.58,14,16,+55.805,+5.027
4535.127,14,16,+55.908,+5.027
4535.846,14,16,+55.928,+5.152
4539.377,14,15,+55.928,+5.152
4539.46,14,15,+55.978,+5.242
4542.441,14,15,+55.983,+5.323
4544.773,14,16,+55.983,+5.323
4544.966,14,16,+56.097,+0.130
4550.509,14,16,+56.543,+0.278
4554.04,14,16,+56.735,+0.368
4558.155,14,16,+56.956,+0.616
4561.14,14,16,+56.988,+0.719
4565.469,14,16,+57.335,+0.976
4571.625,14,16,+54.241,+1.179
4577.514,14,16,+54.467,+1.371
4581.902,14,16,+54.720,+1.576
4587.101,14,16,+54.911,+1.625
4590.664,14,16,+55.173,+1.751
4594.335,14,16,+55.420,+1.801
4596.448,14,16,+55.495,+1.839
4604.959,14,17,+55.495,+1.839
4605.136,14,17,+56.027,+0.125
4610.777,14,17,+56.402,+0.358
4614.272,14,17,+56.532,+0.472
4617.846,14,17,+56.780,+0.640
4620.415,14,17,+57.085,+0.817
4622.972,14,17,+57.277,+0.951
4623.696,14,17,+57.310,+0.973
4627.257,14,17,+57.327,+0.972
4630.03,14,17,+57.245,+0.880
4632.532,14,17,+57.356,+0.946
4637.751,14,17,+57.681,+1.168
4641.125,14,17,+57.886,+1.243
4645.266,14,17,+58.248,+1.500
4648.266,14,17,+58.375,+1.526
4652.563,14,17,+58.692,+1.590
4658.715,14,17,+59.073,+1.892
4664.575,14,17,+59.353,+1.930
4668.934,14,17,+59.602,+2.097
4674.155,14,17,+59.929,+2.265
4677.737,14,17,+60.248,+2.385
4681.475,14,17,+60.569,+2.563
4683.589,14,17,+60.646,+2.620
4692.092,14,17,+60.997,+2.790
4697.719,14,17,+61.380,+3.069
4701.141,14,17,+61.557,+3.225
4704.672,14,17,+61.804,+3.283
4707.25,14,17,+62.149,+3.468
4709.828,14,17,+62.379,+3.606
4710.578,14,17,+62.425,+3.635
4714.204,14,17,+62.536,+3.718
4717.125,14,17,+62.605,+3.778
4719.61,14,17,+62.711,+3.871
4724.86,14,17,+62.996,+4.057
4728.188,14,17,+63.162,+4.115
4732.376,14,17,+63.598,+4.376
4735.347,14,17,+63.740,+4.415
4739.641,14,17,+64.102,+4.517
4745.766,14,17,+64.380,+4.719
4751.657,14,18,+64.380,+4.719
4751.969,14,18,+64.945,+0.250
4756.438,14,18,+65.246,+0.497
4761.626,14,18,+65.477,+0.648
4765.266,14,18,+65.790,+0.829
4768.985,14,18,+66.098,+1.005
4771.063,14,18,+66.141,+1.045
4779.657,14,18,+66.550,+1.413
4785.235,14,18,+66.860,+1.703
4788.689,14,18,+67.048,+1.839
4792.264,14,18,+67.295,+1.962
4794.733,14,18,+67.562,+2.144
4797.264,14,18,+67.700,+2.228
4797.984,14,18,+67.730,+2.246
4801.504,14,17,+67.730,+2.246
4801.582,14,17,+67.804,+2.300
4804.488,14,17,+67.856,+2.352
4806.895,14,18,+67.856,+2.352
4807.104,14,18,+68.093,+0.159
4812.53,14,18,+68.600,+0.244
4816.021,14,18,+68.946,+0.297
4820.26,14,18,+69.333,+0.470
4823.264,14,18,+69.453,+0.538
4827.608,14,18,+69.836,+0.698
4833.852,14,18,+70.204,+0.869
4839.754,14,18,+70.458,+0.945
4844.152,14,18,+70.714,+1.096
4849.371,14,18,+70.999,+1.150
4853.014,14,18,+71.317,+1.294
4856.683,14,18,+71.536,+1.344
4858.777,14,18,+71.591,+1.360
4867.511,14,18,+72.008,+1.655
4873.04,14,18,+72.251,+1.840
4876.596,14,18,+72.520,+2.074
4880.16,14,18,+72.734,+2.190
4882.632,14,18,+72.982,+2.336
4885.161,14,18,+73.151,+2.413
4885.874,14,18,+73.185,+2.430
4889.498,14,18,+73.266,+2.478
4892.395,14,18,+73.310,+2.511
4894.86,14,18,+73.431,+2.586
4900.198,14,19,+73.431,+2.586
4900.498,14,19,+74.128,+0.188
4903.904,14,19,+74.357,+0.257
4907.936,14,20,+74.357,+0.257
4908.168,14,20,+74.802,+0.145
4911.249,14,20,+75.010,+0.277
4915.749,14,20,+75.585,+0.628
4921.999,14,20,+75.902,+0.780
4927.83,14,20,+76.087,+0.875
4932.299,14,20,+76.405,+0.963
4937.615,14,20,+76.728,+1.073
4941.255,14,20,+77.091,+1.145
4944.981,14,20,+77.370,+1.278
4947.122,14,20,+77.421,+1.409
4955.66,14,20,+77.732,+1.411
4961.279,14,20,+78.013,+1.313
4964.815,14,20,+78.279,+1.457
4968.456,14,20,+78.584,+1.494
4970.967,14,20,+78.847,+1.544
4973.558,14,20,+79.030,+1.578
4974.261,14,20,+79.065,+1.591
4977.86,14,20,+79.142,+1.683
4980.751,14,20,+79.171,+1.826
4983.161,14,20,+79.231,+1.844
4988.449,14,20,+79.474,+1.931
4991.87,14,20,+79.714,+2.015
4996.406,14,20,+80.414,+2.456
4999.628,14,20,+80.779,+2.713
5003.943,14,20,+81.149,+2.953
5010.1,14,20,+81.435,+3.014
5016.07,14,20,+81.760,+3.119
5021.523,14,20,1 L,+4.319
5026.948,14,20,1 L,+4.548
5030.534,14,20,1 L,+4.598
5034.255,14,20,1 L,+4.701
5036.354,14,20,1 L,+4.749
5045.082,14,20,1 L,+4.987
5051.144,14,20,1 L,+5.498
5054.679,14,20,1 L,+5.625
5058.499,14,20,1 L,+5.975
5093.123,14,20,1 L,+28.477
5096.033,14,20,1 L,+28.936
5101.817,14,20,1 L,+29.562
5105.074,14,20,1 L,+29.463
5109.206,14,20,1 L,+29.499
5112.151,14,20,1 L,+29.507
5116.32,14,20,1 L,+29.702
5122.376,14,20,1 L,+29.516
5128.102,14,20,1 L,+29.388
5132.476,14,20,1 L,+29.450
5137.524,14,20,1 L,+29.273
5141.086,14,20,1 L,+29.279
5144.706,14,20,1 L,+29.169
5146.901,14,20,1 L,+28.945
5155.238,14,20,1 L,+28.337
5160.621,14,20,1 L,+28.127
5164.029,14,20,1 L,+28.052
5167.574,14,20,1 L,+28.060
5170.046,14,20,1 L,+28.106
5172.555,14,20,1 L,+28.075
5173.307,14,20,1 L,+28.079
5176.896,14,20,1 L,+28.188
5179.927,14,20,1 L,+28.216
5182.498,14,20,1 L,+27.995
5187.614,14,20,1 L,+27.615
5190.871,14,20,1 L,+27.530
5194.908,14,20,1 L,+27.432
5197.849,14,20,1 L,+27.398
5201.968,14,20,1 L,+27.411
5207.937,14,20,1 L,+27.197
5213.69,14,20,1 L,+27.076
5218.065,14,20,1 L,+27.202
5223.156,14,20,1 L,+27.059
5226.662,14,20,1 L,+26.958
5230.273,14,20,1 L,+26.849
5232.386,14,20,1 L,+26.560
5240.796,14,20,1 L,+26.030
5246.121,14,20,1 L,+25.758
5249.558,14,20,1 L,+25.751
5253.114,14,20,1 L,+25.735
5255.528,14,20,1 L,+25.712
5258.002,14,20,1 L,+25.644
5258.725,14,20,1 L,+25.643
5262.326,14,20,1 L,+25.684
5265.301,14,20,1 L,+25.784
5267.909,14,20,1 L,+25.590
5272.956,14,20,1 L,+25.377
5276.183,14,20,1 L,+25.175
5280.245,14,20,1 L,+25.114
5283.235,14,20,1 L,+25.150
5287.392,14,20,1 L,+25.144
5293.478,14,20,1 L,+25.175
5299.253,14,20,1 L,+25.126
5303.665,14,20,1 L,+25.266
5308.673,14,20,1 L,+25.077
5312.189,14,20,1 L,+25.053
5315.857,14,20,1 L,+24.922
5318.008,14,20,1 L,+25.003
5326.444,14,20,1 L,+24.943
5331.809,14,20,1 L,+24.736
5335.269,14,20,1 L,+24.680
5338.778,14,20,1 L,+24.702
5341.227,14,20,1 L,+24.726
5343.76,14,20,1 L,+24.760
5344.455,14,20,1 L,+24.772
5348.11,14,20,1 L,+24.827
5351.109,14,20,1 L,+24.946
5353.675,14,20,1 L,+25.085
5358.82,14,20,1 L,+25.023
5362.084,14,20,1 L,+24.929
5366.145,14,20,1 L,+24.817
5369.265,14,20,1 L,+24.919
5373.449,14,20,1 L,+25.021
5379.487,14,20,1 L,+24.863
5385.28,14,20,1 L,+24.812
5389.627,14,20,1 L,+24.884
5394.736,14,20,1 L,+24.864
5398.252,14,20,1 L,+24.834
5401.874,14,20,1 L,+24.730
5404.038,14,20,1 L,+24.823
5412.519,14,20,1 L,+24.830
5417.827,14,20,1 L,+24.615
5421.283,14,20,1 L,+24.561
5424.783,14,20,1 L,+24.480
5427.236,14,20,1 L,+24.470
5429.705,14,20,1 L,+24.481
5430.437,14,20,1 L,+24.491
5434.046,14,20,1 L,+24.534
5436.983,14,20,1 L,+24.412
5439.481,14,20,1 L,+23.724
5444.534,14,20,1 L,+23.393
5447.831,14,20,1 L,+23.275
5451.854,14,20,1 L,+23.194
5454.828,14,20,1 L,+23.200
5458.944,14,20,1 L,+23.186
5464.915,14,20,1 L,+23.038
5470.972,14,20,1 L,+23.206
5475.397,14,20,1 L,+22.651
5480.511,14,20,1 L,+22.373
5484.041,14,20,1 L,+22.217
5487.661,14,20,1 L,+22.029
5489.805,14,20,1 L,+22.129
5498.205,14,20,1 L,+22.018
5503.541,14,20,1 L,+21.744
5506.99,14,20,1 L,+21.714
5510.481,14,20,1 L,+21.685
5512.901,14,20,1 L,+21.651
5515.441,14,20,1 L,+21.576
5516.123,14,20,1 L,+21.574
5519.75,14,20,1 L,+21.606
5522.704,14,20,1 L,+21.686
5525.219,14,20,1 L,+21.753
5530.211,14,20,1 L,+21.479
5533.446,14,20,1 L,+21.308
5537.505,14,20,1 L,+21.122
5540.505,14,20,1 L,+21.099
5544.581,14,20,1 L,+21.054
5550.66,14,20,1 L,+20.938
5556.463,14,20,1 L,+20.812
5560.855,14,20,1 L,+20.972
5565.876,14,20,1 L,+20.680
5569.412,14,20,1 L,+20.570
5573.022,14,20,1 L,+20.444
5575.157,14,20,1 L,+20.517
5583.518,14,20,1 L,+20.354
5589.007,14,20,1 L,+20.098
5592.34,14,20,1 L,+20.070
5595.841,14,20,1 L,+19.981
5598.278,14,20,1 L,+19.997
5600.768,14,20,1 L,+19.956
5605.112,14,20,1 L,+19.983
5608.069,14,20,1 L,+20.019
5610.586,14,20,1 L,+19.640
5615.682,14,20,1 L,+19.293
5619.006,14,20,1 L,+19.269
5623.143,14,20,1 L,+19.236
5626.423,14,20,1 L,+19.519
5630.832,14,20,1 L,+19.766
5636.855,14,20,1 L,+19.677
5642.704,14,20,1 L,+19.570
5647.127,14,20,1 L,+19.704
5652.217,14,20,1 L,+19.515
5655.764,14,20,1 L,+19.458
5659.421,14,20,1 L,+19.383
5661.521,14,20,1 L,+19.446
5669.9,14,20,1 L,+19.363
5675.44,14,20,1 L,+19.217
5678.799,14,20,1 L,+19.146
5682.268,14,20,1 L,+19.057
5684.69,14,20,1 L,+19.028
5687.237,14,20,1 L,+19.009
5691.492,14,20,1 L,+19.012
5694.383,14,20,1 L,+19.017
5696.899,14,20,1 L,+19.020
5701.987,14,20,1 L,+18.843
5705.268,14,20,1 L,+18.724
5709.331,14,20,1 L,+18.690
5712.331,14,20,1 L,+18.728
5716.487,14,20,1 L,+18.779
5722.608,14,20,1 L,+18.710
5728.502,14,20,1 L,+18.765
5732.862,14,20,1 L,+18.891
5737.958,14,20,1 L,+18.719
5741.437,14,20,1 L,+18.643
5745.118,14,20,1 L,+18.569
5747.29,14,20,1 L,+18.656
5755.697,14,20,1 L,+18.694
5761.184,14,20,1 L,+26.574
5764.579,14,20,1 L,+26.603
5768.089,14,20,1 L,+26.466
5773.699,14,20,1 L,+18.356
5777.224,14,19,1 L,+18.356
5780.214,14,19,1 L,+4.616
5782.634,14,19,1 L,+4.132
5787.775,14,19,1 L,+3.793
5791.056,14,19,1 L,+3.770
5795.086,14,19,1 L,+3.887
5798.074,14,19,1 L,+3.975
5802.222,14,19,1 L,+4.204
5808.269,14,19,1 L,+3.046
5814.064,14,19,1 L,+2.905
5818.46,14,19,1 L,+2.967
5823.558,14,19,1 L,+2.928
5827.105,14,19,1 L,+2.938
5830.804,14,19,1 L,+2.970
5832.944,14,19,1 L,+3.038
5841.444,14,19,1 L,+3.232
5846.929,14,19,1 L,+3.415
5850.413,14,19,1 L,+3.557
5853.898,14,19,1 L,+3.538
5856.335,14,19,1 L,+3.615
5858.804,14,19,1 L,+3.659
5859.538,14,19,1 L,+3.679
5863.132,14,19,1 L,+3.826
5866.038,14,19,1 L,+3.999
5868.507,14,19,1 L,+4.101
5873.648,14,19,1 L,+3.788
5877.007,14,19,1 L,+3.722
5881.023,14,19,1 L,+3.901
5883.976,14,19,1 L,+3.938
5888.07,14,19,1 L,+3.931
5894.242,14,19,1 L,+4.202
5900.055,14,19,1 L,+4.313
5904.429,14,19,1 L,+4.360
5909.586,14,19,1 L,+4.472
5913.144,14,19,1 L,+4.512
5916.813,14,19,1 L,+4.552
5918.907,14,19,1 L,+4.577
5927.287,14,19,1 L,+4.640
5932.882,14,19,1 L,+4.841
5936.241,14,19,1 L,+4.937
5939.726,14,19,1 L,+5.008
5942.101,14,19,1 L,+5.116
5945.382,14,19,1 L,+5.124
5948.835,14,18,1 L,+5.124
5948.913,14,18,1 L,+5.202
5951.851,14,18,1 L,+5.292
5954.351,14,18,1 L,+5.339
5959.476,14,18,1 L,+5.363
5962.726,14,18,1 L,+5.206
5966.882,14,18,1 L,+5.378
5969.789,14,18,1 L,+5.436
5973.946,14,18,1 L,+5.632
5979.934,14,18,1 L,+5.698
5985.742,14,18,1 L,+5.797
5990.124,14,18,1 L,+5.937
5995.218,14,18,1 L,+6.046
5998.796,14,18,1 L,+6.134
6002.486,14,18,1 L,+6.214
6004.612,14,18,1 L,+6.260
6013.127,14,18,1 L,+6.622
6018.647,14,18,1 L,+6.868
6022.068,14,18,1 L,+6.963
6025.553,14,18,1 L,+7.061
6027.973,14,18,1 L,+7.135
6030.446,14,18,1 L,+7.161
6031.182,14,18,1 L,+7.172
6034.761,14,18,1 L,+7.213
6037.699,14,18,1 L,+7.259
6040.168,14,18,1 L,+7.369
6045.308,14,18,1 L,+7.450
6048.605,14,18,1 L,+7.474
6052.742,14,18,1 L,+7.629
6055.734,14,18,1 L,+7.691
6059.911,14,18,1 L,+7.845
6065.948,14,18,1 L,+7.912
6071.792,14,18,1 L,+7.969
6076.198,14,18,1 L,+8.094
6081.37,14,18,1 L,+8.148
6084.948,14,18,1 L,+8.241
6088.573,14,18,1 L,+8.265
6090.682,14,18,1 L,+8.249
6099.082,14,18,1 L,+8.275
6104.685,14,18,1 L,+8.499
6108.05,14,18,1 L,+8.619
6111.525,14,18,1 L,+8.666
6113.934,14,18,1 L,+8.746
6116.415,14,18,1 L,+8.731
6117.126,14,18,1 L,+8.738
6120.719,14,18,1 L,+8.777
6123.666,14,18,1 L,+8.844
6126.167,14,18,1 L,+8.921
6131.307,14,18,1 L,+8.988
6134.619,14,18,1 L,+8.890
6138.773,14,18,1 L,+9.023
6141.741,14,18,1 L,+9.069
6145.867,14,18,1 L,+9.220
6152.007,14,18,1 L,+9.468
6157.882,14,18,1 L,+9.665
6162.27,14,18,1 L,+9.844
6167.445,14,18,1 L,+9.964
6171.001,14,18,1 L,+10.056
6174.721,14,18,1 L,+10.097
6176.778,14,18,1 L,+10.061
6185.294,14,18,1 L,+10.264
6190.856,14,18,1 L,+10.517
6194.216,14,18,1 L,+10.628
6197.7,14,18,1 L,+10.572
6203.345,14,18,1 L,+7.215
6206.888,14,17,1 L,+7.215
6209.904,14,17,1 L,+9.071
6212.349,14,17,1 L,+8.762
6217.568,14,17,1 L,+8.556
6220.889,14,17,1 L,+8.697
6224.989,14,17,1 L,+8.925
6227.947,14,17,1 L,+8.932
6232.104,14,17,1 L,+9.079
6238.13,14,17,1 L,+9.388
6244.08,14,17,1 L,+9.681
6248.468,14,17,1 L,+9.893
6253.586,14,17,1 L,+9.977
6257.242,14,17,1 L,+10.096
6260.851,14,17,1 L,+10.249
6262.977,14,17,1 L,+10.364
6271.414,14,17,1 L,+10.735
6277.545,14,17,1 L,+11.607
6280.976,14,17,1 L,+11.811
6284.542,14,17,1 L,+11.925
6287.072,14,17,1 L,+12.050
6289.576,14,17,1 L,+12.129
6290.279,14,17,1 L,+12.143
6293.81,14,17,1 L,+12.114
6296.639,14,17,1 L,+12.050
6299.139,14,17,1 L,+12.118
6304.279,14,17,1 L,+12.387
6307.686,14,17,1 L,+12.499
6311.717,14,17,1 L,+12.746
6314.67,14,17,1 L,+12.792
6318.889,14,17,1 L,+12.957
6324.92,14,17,1 L,+13.241
6330.904,14,17,1 L,+13.437
6335.264,14,17,1 L,+13.680
6340.467,14,17,1 L,+13.860
6343.969,14,17,1 L,+13.962
6347.637,14,17,1 L,+14.082
6349.748,14,17,1 L,+14.126
6358.202,14,17,1 L,+14.419
6363.733,14,17,1 L,+14.683
6367.277,14,17,1 L,+14.900
6370.73,14,17,1 L,+14.975
6373.137,14,17,1 L,+15.023
6375.637,14,17,1 L,+15.081
6376.325,14,17,1 L,+15.097
6379.981,14,17,1 L,+15.139
6382.871,14,17,1 L,+15.167
6385.34,14,17,1 L,+15.240
6390.552,14,17,1 L,+15.497
6393.965,14,17,1 L,+15.659
6397.999,14,17,1 L,+15.846
6400.983,14,17,1 L,+15.890
6405.093,14,17,1 L,+15.979
6411.19,14,17,1 L,+16.281
6417.142,14,17,1 L,+16.519
6421.476,14,17,1 L,+16.732
6426.792,14,17,1 L,+16.917
6430.281,14,17,1 L,+17.078
6433.875,14,17,1 L,+17.157
6435.984,14,17,1 L,+17.235
6444.516,14,17,1 L,+17.496
6450.188,14,17,1 L,+17.797
6453.485,14,17,1 L,+17.916
6456.985,14,17,1 L,+17.950
6459.375,14,17,1 L,+18.033
6461.891,14,17,1 L,+18.089
6462.594,14,17,1 L,+18.104
6466.203,14,17,1 L,+18.147
6469.126,14,17,1 L,+18.166
6471.516,14,18,1 L,+18.166
6471.641,14,18,1 L,+0.050
6477.079,14,18,1 L,+0.178
6480.297,14,18,1 L,+0.189
6484.469,14,18,1 L,+0.264
6487.438,14,18,1 L,+0.286
6491.782,14,18,1 L,+0.654
6497.796,14,18,1 L,+0.773
6503.628,14,18,1 L,+0.816
6509.307,14,18,1 L,+2.254
6517.497,14,18,1 L,+5.295
7276.007,14,19,1 L,+5.295
9036.717,14,19,29L,18L
